,cop_per_kwh
0,184.21011
1,178.21011
2,178.21011
3,178.21011
4,178.21011
5,178.21011
6,178.21011
7,111.69911
8,178.21011
9,178.21011
10,178.21011
11,178.21011
12,178.21011
13,178.21011
14,178.21011
15,178.21011
16,178.21011
17,178.21011
18,202.21011
19,212.21011
20,184.21011
21,184.21011
22,178.21011
23,178.21011
24,149.48085
25,113.98185
26,84.48085
27,113.98185
28,113.98185
29,113.98185
30,113.98185
31,184.48085
32,184.48085
33,190.48085
34,190.48085
35,204.48085
36,204.48085
37,204.48085
38,214.48085
39,214.48085
40,204.48085
41,204.48085
42,248.48085
43,248.48085
44,248.48085
45,214.48085
46,190.48085
47,184.48085
48,198.86935
49,198.74435
50,198.86935
51,190.86935
52,190.86935
53,190.86935
54,153.86935
55,190.86935
56,198.86935
57,202.86935
58,202.86935
59,202.86935
60,202.86935
61,202.86935
62,202.86935
63,202.86935
64,202.86935
65,202.86935
66,202.86935
67,248.86935
68,202.86935
69,202.86935
70,202.86935
71,198.86935
72,242.91384
73,242.91384
74,242.91384
75,242.91384
76,242.91384
77,242.91384
78,122.91384
79,242.91384
80,242.91384
81,242.91384
82,242.91384
83,242.91384
84,242.91384
85,242.91384
86,242.91384
87,242.91384
88,242.91384
89,242.91384
90,242.91384
91,242.91384
92,242.91384
93,242.91384
94,242.91384
95,242.91384
96,189.26077
97,143.60377
98,143.60377
99,143.60377
100,143.60377
101,144.48377
102,144.48377
103,193.09977
104,251.60377
105,251.60377
106,251.60377
107,251.60377
108,251.60377
109,251.60377
110,251.60377
111,251.60377
112,251.60377
113,251.60377
114,251.60377
115,251.60377
116,251.60377
117,189.26077
118,144.48377
119,143.60377
120,187.4795
121,116.7865
122,46.7915
123,106.7865
124,106.7865
125,211.7865
126,211.7865
127,222.7865
128,252.7865
129,252.7865
130,252.7865
131,252.7865
132,252.7865
133,252.7865
134,252.7865
135,252.7865
136,252.7865
137,252.7865
138,252.7865
139,252.7865
140,252.7865
141,222.7865
142,204.7865
143,187.4795
144,203.13438
145,198.13438
146,198.13438
147,198.13438
148,198.13438
149,203.13438
150,203.13438
151,223.13438
152,247.13438
153,263.13438
154,263.13438
155,247.13438
156,247.13438
157,247.13438
158,247.13438
159,247.13438
160,247.13438
161,247.13438
162,263.13438
163,263.13438
164,247.13438
165,223.13438
166,200.65738
167,198.13438
168,204.65535
169,204.65535
170,202.65535
171,202.65535
172,204.65535
173,204.65535
174,204.65535
175,221.65535
176,222.65535
177,252.65435
178,252.65535
179,252.65535
180,257.65535
181,252.65535
182,257.65535
183,257.65535
184,257.65535
185,222.65535
186,222.65535
187,252.65435
188,222.65535
189,222.65535
190,221.65535
191,202.65535
192,188.13353
193,157.11253
194,158.35753
195,182.27453
196,182.27453
197,195.24653
198,195.24653
199,203.27453
200,203.27453
201,207.27453
202,210.27453
203,210.27453
204,210.27453
205,210.27453
206,210.27453
207,210.27453
208,207.27453
209,207.27453
210,210.27453
211,207.27453
212,207.27453
213,203.27453
214,203.27453
215,203.27453
216,212.2619
217,202.3619
218,187.2619
219,187.2619
220,181.7349
221,181.7349
222,187.2619
223,202.3619
224,212.2619
225,212.2619
226,212.2619
227,212.2619
228,212.2619
229,212.2619
230,202.3619
231,202.3619
232,202.3619
233,202.3619
234,212.2619
235,212.2619
236,212.2619
237,212.2619
238,212.2619
239,212.2619
240,202.13144
241,202.13144
242,196.03144
243,196.03144
244,196.03144
245,202.13144
246,192.03144
247,192.03144
248,202.13144
249,202.13144
250,207.03144
251,207.03144
252,207.03144
253,207.03144
254,202.13144
255,202.13144
256,202.13144
257,202.13144
258,202.13144
259,207.03144
260,202.13144
261,207.03144
262,202.13144
263,202.13144
264,197.93393
265,202.93393
266,180.09293
267,180.09293
268,188.31193
269,180.09293
270,180.09293
271,195.93393
272,197.93393
273,197.93393
274,200.23393
275,200.23393
276,200.23393
277,200.23393
278,200.23393
279,200.23393
280,200.23393
281,200.23393
282,200.23393
283,202.93393
284,200.23393
285,200.23393
286,200.23393
287,200.23393
288,178.78371
289,178.78371
290,178.78371
291,178.78371
292,178.78371
293,196.03871
294,196.03871
295,196.03871
296,198.93871
297,199.03871
298,199.03871
299,199.03871
300,199.03871
301,199.03871
302,199.03871
303,199.03871
304,199.03871
305,198.93871
306,199.03871
307,199.03871
308,199.03871
309,199.03871
310,199.03871
311,196.03871
312,177.42028
313,172.47628
314,147.25628
315,142.47628
316,142.47628
317,177.42028
318,177.42028
319,194.47628
320,197.97628
321,197.97628
322,197.97628
323,203.47628
324,203.47628
325,203.47628
326,197.97628
327,197.97628
328,197.97628
329,197.97628
330,197.97628
331,197.97628
332,197.97628
333,197.97628
334,197.97628
335,177.42028
336,143.60882
337,143.60882
338,143.60882
339,143.60882
340,143.60882
341,144.43182
342,167.60882
343,176.13782
344,176.13782
345,182.60882
346,182.60882
347,182.60882
348,182.60882
349,182.60882
350,182.60882
351,182.60882
352,182.60882
353,182.60882
354,182.60882
355,182.60882
356,182.60882
357,182.60882
358,182.60882
359,176.13782
360,172.29866
361,172.29866
362,172.29866
363,172.29866
364,172.29866
365,172.29866
366,176.29866
367,187.29866
368,187.29866
369,262.29866
370,262.29866
371,276.29866
372,262.29866
373,262.29866
374,272.29866
375,262.29866
376,262.29866
377,262.29866
378,262.29866
379,272.29866
380,262.29866
381,262.29866
382,176.79866
383,172.29866
384,172.14664
385,172.14664
386,172.14664
387,172.14664
388,172.14664
389,172.14664
390,172.14664
391,172.14664
392,182.14664
393,203.14664
394,252.14664
395,262.14664
396,262.14664
397,252.14664
398,252.14664
399,218.21364
400,203.14664
401,174.14664
402,252.14664
403,252.14664
404,252.14664
405,174.14664
406,172.14664
407,172.14664
408,172.31053
409,172.31053
410,172.31053
411,172.31053
412,167.31053
413,167.31053
414,147.09053
415,167.31053
416,172.31053
417,172.31053
418,172.31053
419,172.31053
420,180.34553
421,172.31053
422,172.31053
423,172.31053
424,172.31053
425,172.31053
426,217.31053
427,222.31053
428,222.31053
429,222.31053
430,180.34553
431,172.31053
432,162.2916
433,162.2916
434,162.2916
435,162.2916
436,162.2916
437,162.2916
438,174.3016
439,174.3016
440,174.3016
441,174.3016
442,176.3016
443,174.3016
444,176.3016
445,174.3016
446,174.3016
447,176.3016
448,174.3016
449,174.3016
450,174.3016
451,176.3016
452,176.3016
453,174.3016
454,174.3016
455,162.2916
456,162.61478
457,162.61478
458,162.61478
459,162.61478
460,162.61478
461,162.61478
462,162.61478
463,167.62478
464,172.62478
465,172.62478
466,172.62478
467,172.62478
468,172.62478
469,172.62478
470,172.62478
471,172.62478
472,172.62478
473,172.62478
474,172.62478
475,217.62478
476,172.62478
477,172.62478
478,162.62478
479,162.61478
480,174.84742
481,162.84742
482,142.84742
483,142.84742
484,142.84742
485,174.84742
486,174.84742
487,174.84742
488,174.84742
489,174.84742
490,182.84742
491,254.84742
492,182.84742
493,182.84742
494,232.84742
495,232.84742
496,182.84742
497,182.84742
498,254.84742
499,254.84742
500,182.84742
501,172.83442
502,162.84742
503,142.84742
504,163.36895
505,148.14895
506,148.14895
507,143.36895
508,148.14895
509,167.36895
510,167.36895
511,167.36895
512,169.36895
513,173.36895
514,173.36895
515,255.36895
516,173.36895
517,173.36895
518,173.36895
519,173.36895
520,169.36895
521,167.36895
522,193.76295
523,193.76295
524,169.36895
525,167.36895
526,167.36895
527,167.36895
528,148.31527
529,143.53527
530,143.53527
531,143.53527
532,143.53527
533,163.53527
534,163.53527
535,164.03527
536,164.03527
537,172.53527
538,172.53527
539,172.53527
540,172.53527
541,172.53527
542,172.53527
543,172.53527
544,172.53527
545,172.53527
546,172.53527
547,172.53527
548,172.53527
549,172.53527
550,164.03527
551,164.03527
552,153.28969
553,153.28969
554,153.28969
555,153.28969
556,153.28969
557,153.28969
558,153.28969
559,162.28869
560,162.28869
561,162.28869
562,162.28869
563,162.28869
564,162.28869
565,162.28869
566,162.28869
567,162.28869
568,153.28969
569,153.28969
570,162.28869
571,179.28969
572,162.28869
573,162.28869
574,162.28869
575,162.28869
576,148.7114
577,148.7114
578,143.6914
579,130.6864
580,130.6864
581,130.6864
582,124.7104
583,124.7104
584,124.7104
585,143.6914
586,148.7114
587,148.7114
588,148.7114
589,148.7114
590,148.7114
591,148.7114
592,148.7114
593,148.7114
594,173.7114
595,214.7114
596,179.7114
597,179.7114
598,173.7114
599,173.7114
600,124.47052
601,124.47052
602,124.47052
603,124.47052
604,124.47052
605,164.34052
606,154.47052
607,154.47052
608,192.47052
609,192.47052
610,192.47052
611,192.47052
612,164.34052
613,164.34052
614,192.47052
615,164.34052
616,164.34052
617,124.47052
618,192.47052
619,192.47052
620,164.34052
621,124.47052
622,124.47052
623,124.47052
624,150.30751
625,147.30751
626,147.30751
627,147.30751
628,147.30751
629,153.30751
630,153.30751
631,153.30751
632,173.31751
633,174.30751
634,204.30751
635,204.30751
636,174.30751
637,174.30751
638,174.30751
639,174.30751
640,174.30751
641,173.31751
642,204.30751
643,255.30751
644,204.30751
645,153.30751
646,153.30751
647,150.30751
648,153.27153
649,153.27153
650,153.27153
651,153.27153
652,153.27153
653,153.27153
654,153.27153
655,156.27153
656,174.27053
657,174.27053
658,174.27053
659,174.27053
660,174.27053
661,174.27053
662,174.27053
663,174.27053
664,174.27053
665,174.27053
666,174.27053
667,174.27053
668,174.27053
669,153.27153
670,153.27153
671,142.25153
672,142.55035
673,140.53035
674,140.53035
675,149.12435
676,142.55035
677,151.54935
678,151.54935
679,152.35035
680,152.35035
681,152.55035
682,152.65035
683,174.05035
684,152.65035
685,152.65035
686,174.05035
687,174.05035
688,152.65035
689,152.55035
690,174.05035
691,174.05035
692,152.55035
693,152.35035
694,152.35035
695,151.54935
696,157.68927
697,157.68927
698,148.58927
699,148.58927
700,152.58927
701,157.68927
702,157.68927
703,157.68927
704,192.58927
705,192.58927
706,252.58927
707,240.62927
708,192.58927
709,192.58927
710,192.58927
711,192.58927
712,192.58927
713,192.58927
714,192.58927
715,240.62927
716,252.58927
717,192.58927
718,187.58927
719,157.68927
720,152.7111
721,149.7111
722,149.7111
723,149.7111
724,149.7111
725,152.7111
726,152.7111
727,172.2111
728,172.2111
729,172.2111
730,172.2111
731,177.7111
732,177.7111
733,172.2111
734,172.2111
735,172.2111
736,172.2111
737,172.2111
738,172.2111
739,186.7111
740,177.7111
741,172.2111
742,172.2111
743,160.5561
744,166.60377
745,166.60377
746,161.80377
747,161.80377
748,161.80377
749,156.80377
750,156.80377
751,161.80377
752,166.60377
753,166.60377
754,166.60377
755,166.60377
756,166.60377
757,166.60377
758,166.60377
759,166.60377
760,166.60377
761,166.60377
762,166.60377
763,175.80377
764,175.80377
765,175.80377
766,175.80377
767,166.60377
768,120.60955
769,120.60955
770,120.60955
771,120.10455
772,120.60955
773,144.58955
774,144.58955
775,121.60955
776,171.60955
777,171.60955
778,176.60955
779,176.60955
780,171.60955
781,171.60955
782,176.60955
783,176.60955
784,171.60955
785,171.60955
786,176.60955
787,176.60955
788,176.70955
789,176.60955
790,171.60955
791,121.60955
792,140.9615
793,128.4715
794,128.4715
795,128.4715
796,128.4715
797,152.9815
798,153.9815
799,153.9815
800,162.9815
801,202.9815
802,222.9815
803,222.9815
804,222.9815
805,222.9815
806,222.9815
807,222.9815
808,222.9815
809,212.9815
810,212.9815
811,222.9815
812,212.9815
813,162.9815
814,152.9815
815,128.4715
816,158.21068
817,144.20068
818,144.20068
819,144.20068
820,144.21068
821,155.21068
822,155.21068
823,155.21068
824,158.21068
825,161.99968
826,189.21068
827,189.21068
828,189.21068
829,189.21068
830,189.21068
831,189.21068
832,189.21068
833,161.99968
834,189.21068
835,213.21068
836,204.21068
837,189.21068
838,158.21068
839,155.21068
840,152.8915
841,152.8915
842,152.8915
843,152.8915
844,152.8915
845,163.3915
846,163.3915
847,183.2915
848,183.2915
849,183.2915
850,183.2915
851,193.3915
852,193.3915
853,193.3915
854,193.3915
855,193.3915
856,183.2915
857,183.2915
858,193.3915
859,203.3915
860,193.3915
861,183.2915
862,183.2915
863,163.3915
864,151.94049
865,151.94049
866,151.94049
867,151.94049
868,151.94049
869,157.93049
870,187.93049
871,187.93049
872,187.93049
873,187.93049
874,193.93049
875,192.93049
876,187.93049
877,193.93049
878,192.93049
879,187.93049
880,187.93049
881,187.93049
882,192.93049
883,192.93049
884,192.93049
885,187.93049
886,187.93049
887,151.94049
888,174.45434
889,174.45434
890,174.45434
891,174.45434
892,174.45434
893,174.45434
894,170.85434
895,174.45434
896,174.45434
897,174.45434
898,182.85434
899,182.85434
900,182.85434
901,182.85434
902,174.45434
903,174.45434
904,174.45434
905,174.45434
906,182.85434
907,182.85434
908,182.85434
909,174.45434
910,174.45434
911,170.85434
912,162.35923
913,162.35923
914,162.35923
915,162.35923
916,162.35923
917,161.74823
918,161.74823
919,162.35923
920,162.35923
921,161.74823
922,162.35923
923,162.35923
924,162.35923
925,162.35923
926,162.35923
927,162.35923
928,162.35923
929,162.35923
930,162.35923
931,183.75923
932,183.75923
933,162.35923
934,162.35923
935,162.35923
936,129.38834
937,129.38834
938,129.38834
939,129.38834
940,129.38834
941,155.38834
942,155.38834
943,155.38834
944,155.38834
945,155.38834
946,155.38834
947,155.38834
948,155.38834
949,155.38834
950,155.38834
951,155.38834
952,155.38834
953,155.38834
954,155.38834
955,189.38834
956,155.38834
957,155.38834
958,155.38834
959,155.38834
960,142.63566
961,142.63566
962,142.63566
963,142.63566
964,141.61566
965,148.63566
966,156.63566
967,156.63566
968,156.63566
969,185.63566
970,185.63566
971,185.63566
972,156.63566
973,185.63566
974,185.63566
975,185.63566
976,185.63566
977,156.63566
978,185.63566
979,193.63566
980,185.63566
981,185.63566
982,156.63566
983,148.63566
984,142.28458
985,142.26458
986,129.28458
987,129.28458
988,142.28458
989,145.28458
990,145.28458
991,147.28458
992,194.28458
993,147.28458
994,194.28458
995,194.28458
996,194.28458
997,194.28458
998,194.28458
999,194.28458
1000,189.18458
1001,145.28458
1002,189.18458
1003,194.28458
1004,194.28458
1005,145.28458
1006,145.28458
1007,145.28458
1008,134.00722
1009,134.00722
1010,134.00722
1011,134.00722
1012,134.00722
1013,142.00722
1014,145.99722
1015,179.00722
1016,194.00722
1017,145.99722
1018,188.90722
1019,194.00722
1020,154.00722
1021,179.00722
1022,188.90722
1023,194.00722
1024,194.00722
1025,145.99722
1026,179.00722
1027,194.00722
1028,188.90722
1029,194.00722
1030,145.99722
1031,142.00722
1032,138.41681
1033,138.41681
1034,138.41681
1035,144.39681
1036,138.41681
1037,140.41681
1038,140.41681
1039,144.39681
1040,201.41681
1041,201.41681
1042,180.91681
1043,144.39681
1044,140.41681
1045,144.39681
1046,180.91681
1047,180.91681
1048,140.41681
1049,140.41681
1050,140.41681
1051,140.41681
1052,201.41681
1053,211.41681
1054,180.91681
1055,140.41681
1056,129.2767
1057,129.2767
1058,129.2767
1059,129.2767
1060,129.2767
1061,135.2767
1062,129.2767
1063,129.2767
1064,135.2767
1065,135.2767
1066,135.2767
1067,135.2767
1068,178.7767
1069,178.7767
1070,135.2767
1071,135.2767
1072,135.2767
1073,135.2767
1074,135.2767
1075,178.7767
1076,135.2767
1077,135.2767
1078,135.2767
1079,129.2767
1080,125.87171
1081,124.87071
1082,124.87071
1083,120.87171
1084,124.87071
1085,124.87071
1086,124.87071
1087,125.87171
1088,125.87171
1089,125.87171
1090,125.87171
1091,133.87171
1092,133.87171
1093,133.87171
1094,133.87171
1095,125.87171
1096,120.87171
1097,125.87171
1098,125.87171
1099,133.87171
1100,133.87171
1101,133.87171
1102,125.87171
1103,125.87171
1104,119.88478
1105,119.88378
1106,119.88378
1107,119.88378
1108,119.88378
1109,119.88478
1110,119.88478
1111,124.88478
1112,124.88478
1113,119.88478
1114,124.88478
1115,124.88478
1116,124.88478
1117,124.88478
1118,163.88478
1119,163.88478
1120,124.88478
1121,124.88478
1122,134.88478
1123,182.88478
1124,179.38478
1125,124.88478
1126,124.88478
1127,119.88478
1128,116.73135
1129,116.73135
1130,116.73135
1131,116.73135
1132,116.73135
1133,124.63135
1134,124.63135
1135,124.63135
1136,154.73135
1137,142.73135
1138,177.73135
1139,182.73135
1140,154.73135
1141,142.73135
1142,142.73135
1143,124.63135
1144,124.63135
1145,124.63135
1146,124.63135
1147,142.73135
1148,142.73135
1149,154.73135
1150,142.73135
1151,124.63135
1152,121.93755
1153,121.93755
1154,121.93755
1155,121.93755
1156,121.93755
1157,140.93755
1158,140.93755
1159,140.93755
1160,140.93755
1161,140.93755
1162,174.93755
1163,174.93755
1164,174.93755
1165,174.93755
1166,174.93755
1167,175.93755
1168,174.93755
1169,174.93755
1170,174.93755
1171,175.93755
1172,175.93755
1173,174.93755
1174,140.93755
1175,140.93755
1176,140.98099
1177,139.08099
1178,139.08099
1179,135.08099
1180,135.08099
1181,146.98099
1182,146.98099
1183,146.98099
1184,175.58099
1185,179.08099
1186,189.08099
1187,189.08099
1188,179.08099
1189,179.08099
1190,189.08099
1191,189.08099
1192,179.08099
1193,175.58099
1194,189.08099
1195,199.08099
1196,189.08099
1197,179.08099
1198,146.98099
1199,140.98099
1200,143.79597
1201,143.79597
1202,143.79597
1203,143.69597
1204,143.79597
1205,152.79497
1206,152.79497
1207,152.79497
1208,153.69597
1209,187.69597
1210,187.79597
1211,203.79597
1212,193.79597
1213,193.79597
1214,203.79597
1215,187.79597
1216,153.69597
1217,152.79497
1218,153.69597
1219,193.79597
1220,153.69597
1221,152.79497
1222,152.79497
1223,152.79497
1224,141.60993
1225,141.60993
1226,141.60993
1227,141.60993
1228,141.60993
1229,148.61093
1230,148.61093
1231,148.61093
1232,163.60993
1233,173.61093
1234,173.61093
1235,173.61093
1236,186.60993
1237,173.61093
1238,173.61093
1239,173.61093
1240,163.60993
1241,163.60993
1242,186.60993
1243,193.61093
1244,193.61093
1245,173.61093
1246,163.60993
1247,148.61093
1248,175.37399
1249,164.37499
1250,164.37499
1251,164.37499
1252,160.37499
1253,160.37499
1254,149.37499
1255,164.37499
1256,164.37499
1257,174.37499
1258,175.37399
1259,175.37399
1260,175.37399
1261,175.37399
1262,175.37399
1263,175.37399
1264,175.37399
1265,175.37399
1266,175.37399
1267,219.37499
1268,219.37499
1269,184.37499
1270,175.37399
1271,174.37499
1272,174.30898
1273,173.30998
1274,173.30998
1275,173.30998
1276,173.30998
1277,174.30898
1278,174.30898
1279,174.30898
1280,183.30998
1281,183.30998
1282,183.30998
1283,188.30998
1284,188.30998
1285,188.30998
1286,188.30998
1287,188.30998
1288,188.30998
1289,183.30998
1290,188.30998
1291,213.30998
1292,188.30998
1293,188.30998
1294,183.30998
1295,174.30898
1296,173.14157
1297,154.24157
1298,154.24157
1299,146.24057
1300,146.24057
1301,173.14157
1302,173.14157
1303,173.14157
1304,173.14157
1305,179.24057
1306,184.24157
1307,204.24157
1308,184.24157
1309,184.24157
1310,209.24157
1311,209.24157
1312,209.24157
1313,184.24157
1314,209.24157
1315,239.24157
1316,209.24157
1317,184.24157
1318,173.14157
1319,173.14157
1320,172.75564
1321,172.75564
1322,172.75564
1323,172.75564
1324,172.75564
1325,176.75664
1326,176.75664
1327,183.75564
1328,204.75664
1329,204.75664
1330,205.25664
1331,229.75664
1332,205.25664
1333,229.75664
1334,229.75664
1335,229.75664
1336,205.25664
1337,205.25664
1338,229.75664
1339,234.75664
1340,229.75664
1341,205.25664
1342,184.75564
1343,172.75564
1344,169.17798
1345,169.17798
1346,169.17798
1347,169.17798
1348,169.17798
1349,179.17698
1350,188.17698
1351,199.17798
1352,199.17798
1353,204.17898
1354,199.17798
1355,199.17798
1356,199.17798
1357,199.17798
1358,202.22298
1359,202.22298
1360,202.22298
1361,188.17698
1362,188.17698
1363,199.17798
1364,188.17698
1365,202.22298
1366,188.17698
1367,179.17698
1368,167.4727
1369,167.4727
1370,123.4737
1371,163.4737
1372,163.4737
1373,193.4737
1374,199.4727
1375,199.4727
1376,199.4727
1377,199.4727
1378,199.4727
1379,199.4727
1380,199.4727
1381,199.4727
1382,199.4727
1383,199.4727
1384,199.4727
1385,199.4727
1386,199.4727
1387,201.5187
1388,199.4727
1389,201.5187
1390,199.4727
1391,193.4737
1392,145.33789
1393,145.33789
1394,145.33789
1395,145.33789
1396,145.33789
1397,145.33789
1398,145.33789
1399,145.33789
1400,167.11789
1401,173.43789
1402,188.32789
1403,227.33789
1404,227.33789
1405,173.43789
1406,173.43789
1407,173.43789
1408,167.11789
1409,167.11789
1410,173.43789
1411,227.33789
1412,188.32789
1413,173.43789
1414,163.33789
1415,145.33789
1416,171.44709
1417,166.44709
1418,166.44709
1419,166.44709
1420,166.44709
1421,166.44709
1422,161.54709
1423,166.44709
1424,171.44709
1425,171.44709
1426,171.44709
1427,171.44709
1428,171.44709
1429,171.44709
1430,171.44709
1431,171.44709
1432,171.44709
1433,171.44709
1434,171.44709
1435,221.44709
1436,176.43709
1437,171.44709
1438,171.44709
1439,171.44709
1440,162.60237
1441,142.60237
1442,142.60237
1443,142.60237
1444,162.60237
1445,162.60237
1446,162.60237
1447,176.60237
1448,200.60237
1449,200.60237
1450,200.60237
1451,200.60237
1452,200.60237
1453,200.60237
1454,200.60237
1455,200.60237
1456,200.60237
1457,200.60237
1458,200.60237
1459,227.60237
1460,200.60237
1461,200.60237
1462,176.60237
1463,162.60237
1464,165.5897
1465,165.5897
1466,165.5897
1467,165.5897
1468,167.5897
1469,167.5897
1470,167.5897
1471,167.5897
1472,168.5897
1473,172.5897
1474,217.5897
1475,222.5897
1476,222.5897
1477,222.5897
1478,222.5897
1479,222.5897
1480,222.5897
1481,222.5897
1482,228.5897
1483,226.5897
1484,228.5897
1485,226.5897
1486,176.5897
1487,167.5897
1488,197.15096
1489,182.15096
1490,177.15096
1491,182.15096
1492,188.44396
1493,197.15096
1494,197.15096
1495,197.15096
1496,200.15096
1497,206.64696
1498,227.15096
1499,227.15096
1500,227.15096
1501,227.15096
1502,227.15096
1503,227.15096
1504,227.15096
1505,206.64696
1506,227.15096
1507,227.15096
1508,227.15096
1509,227.15096
1510,200.15096
1511,197.15096
1512,230.75394
1513,225.75394
1514,225.75394
1515,225.75394
1516,230.75394
1517,231.75394
1518,231.75394
1519,225.75394
1520,231.75394
1521,231.75394
1522,231.75394
1523,236.75394
1524,231.75394
1525,231.75394
1526,231.75394
1527,231.75394
1528,236.75394
1529,231.75394
1530,231.75394
1531,236.75394
1532,231.75394
1533,231.75394
1534,231.25394
1535,231.25394
1536,223.55795
1537,223.55795
1538,145.44795
1539,164.34095
1540,164.34095
1541,227.55795
1542,227.55795
1543,228.55795
1544,233.55795
1545,227.55795
1546,227.55795
1547,233.55795
1548,233.55795
1549,227.55795
1550,233.55795
1551,233.55795
1552,227.55795
1553,227.55795
1554,227.55795
1555,228.55795
1556,227.55795
1557,228.55795
1558,223.55795
1559,192.25395
1560,193.36969
1561,193.36969
1562,193.36969
1563,193.36969
1564,193.36969
1565,193.36969
1566,193.36969
1567,193.36969
1568,222.36969
1569,222.36969
1570,222.36969
1571,222.36969
1572,222.36969
1573,214.97669
1574,214.97669
1575,193.36969
1576,193.36969
1577,203.36969
1578,222.36969
1579,222.36969
1580,222.36969
1581,214.97669
1582,193.36969
1583,193.36969
1584,182.34851
1585,182.34851
1586,182.34851
1587,182.34851
1588,182.34851
1589,182.34851
1590,168.34851
1591,182.34851
1592,182.34851
1593,182.34851
1594,212.34851
1595,212.34851
1596,182.34851
1597,212.34851
1598,182.34851
1599,182.34851
1600,182.34851
1601,182.34851
1602,212.34851
1603,248.86151
1604,217.34851
1605,212.34851
1606,209.70651
1607,182.34851
1608,192.41744
1609,192.41744
1610,192.41744
1611,196.91744
1612,192.41744
1613,192.41744
1614,192.41744
1615,192.41744
1616,233.41744
1617,233.41744
1618,233.41744
1619,233.41744
1620,233.41744
1621,233.41744
1622,233.41744
1623,233.41744
1624,233.41744
1625,216.56444
1626,233.41744
1627,233.41744
1628,233.41744
1629,216.56444
1630,207.41744
1631,192.41744
1632,179.90812
1633,179.90812
1634,179.90812
1635,179.90812
1636,179.90812
1637,179.90812
1638,190.80812
1639,190.80812
1640,212.90812
1641,242.90812
1642,241.90812
1643,212.90812
1644,212.90812
1645,217.45612
1646,217.45612
1647,241.90812
1648,217.45612
1649,217.45612
1650,242.90812
1651,241.90812
1652,241.90812
1653,217.45612
1654,190.80812
1655,190.80812
1656,191.67984
1657,191.67984
1658,179.77984
1659,179.77984
1660,191.67984
1661,191.67984
1662,191.67984
1663,191.67984
1664,209.88684
1665,211.77984
1666,221.77984
1667,221.77984
1668,221.77984
1669,221.77984
1670,221.77984
1671,211.77984
1672,211.77984
1673,211.77984
1674,221.77984
1675,266.77984
1676,221.77984
1677,221.77984
1678,209.88684
1679,201.77984
1680,206.77117
1681,206.77117
1682,197.21617
1683,197.21617
1684,197.21617
1685,206.77117
1686,206.77117
1687,206.77117
1688,262.77117
1689,266.77117
1690,281.77117
1691,281.77117
1692,208.37117
1693,208.37117
1694,208.37117
1695,212.77117
1696,208.37117
1697,206.77117
1698,212.77117
1699,281.77117
1700,266.77117
1701,208.37117
1702,206.77117
1703,206.77117
1704,207.92853
1705,207.92853
1706,207.92853
1707,207.92853
1708,207.92853
1709,207.92853
1710,207.92853
1711,209.33853
1712,209.33853
1713,241.42853
1714,241.42853
1715,241.42853
1716,241.42853
1717,241.42853
1718,271.42853
1719,271.42853
1720,241.42853
1721,241.42853
1722,241.42853
1723,241.42853
1724,241.42853
1725,241.42853
1726,209.33853
1727,207.92853
1728,218.525
1729,211.614
1730,211.614
1731,211.614
1732,211.614
1733,211.614
1734,191.614
1735,218.525
1736,211.614
1737,212.114
1738,218.525
1739,218.525
1740,262.614
1741,218.525
1742,212.114
1743,212.114
1744,212.114
1745,231.614
1746,262.614
1747,262.614
1748,262.614
1749,262.614
1750,218.525
1751,212.114
1752,193.2684
1753,193.2684
1754,193.2684
1755,193.2684
1756,193.2684
1757,193.2684
1758,193.2684
1759,195.4384
1760,193.2684
1761,193.2684
1762,193.2684
1763,193.2684
1764,227.2784
1765,210.2684
1766,200.8774
1767,195.4384
1768,193.2684
1769,227.2784
1770,227.2784
1771,262.2684
1772,262.2684
1773,262.2684
1774,227.2784
1775,195.4384
1776,221.42853
1777,220.42853
1778,195.96553
1779,195.96553
1780,221.42853
1781,240.92853
1782,240.92853
1783,240.92853
1784,240.92853
1785,240.92853
1786,242.92853
1787,271.42853
1788,242.92853
1789,242.92853
1790,271.42853
1791,271.42853
1792,271.42853
1793,242.92853
1794,271.42853
1795,271.42853
1796,271.42853
1797,271.42853
1798,221.42853
1799,195.96553
1800,220.83018
1801,220.83018
1802,220.83018
1803,220.83018
1804,220.83018
1805,220.83018
1806,231.83018
1807,220.83018
1808,220.83018
1809,220.83018
1810,231.83018
1811,231.83018
1812,231.83018
1813,231.83018
1814,236.83018
1815,261.83018
1816,251.83018
1817,251.83018
1818,261.83018
1819,261.83018
1820,261.83018
1821,242.03018
1822,231.83018
1823,220.83018
1824,215.95922
1825,215.95922
1826,210.30122
1827,210.30122
1828,215.95922
1829,215.95922
1830,215.95922
1831,215.95922
1832,215.95922
1833,215.95922
1834,215.95922
1835,215.95922
1836,215.95922
1837,215.95922
1838,220.59922
1839,231.25922
1840,231.25922
1841,231.25922
1842,231.25922
1843,231.25922
1844,231.25922
1845,231.25922
1846,215.95922
1847,215.95922
1848,201.48501
1849,201.48501
1850,202.48501
1851,211.47501
1852,201.48501
1853,202.48501
1854,202.48501
1855,202.48501
1856,211.47501
1857,211.47501
1858,257.38501
1859,257.38501
1860,211.47501
1861,220.62501
1862,257.38501
1863,250.48501
1864,250.48501
1865,211.47501
1866,257.38501
1867,250.48501
1868,211.47501
1869,211.47501
1870,202.48501
1871,202.48501
1872,151.60672
1873,151.60672
1874,163.90372
1875,163.90372
1876,181.60672
1877,193.60672
1878,193.60672
1879,193.60672
1880,201.50672
1881,201.59672
1882,201.59672
1883,201.59672
1884,201.59672
1885,201.59672
1886,201.59672
1887,201.59672
1888,201.59672
1889,201.59672
1890,201.59672
1891,201.59672
1892,201.59672
1893,201.59672
1894,193.60672
1895,193.60672
1896,161.43623
1897,161.42623
1898,161.42623
1899,161.42623
1900,161.42623
1901,161.42623
1902,161.43623
1903,169.43623
1904,186.53623
1905,186.53623
1906,186.53623
1907,186.53623
1908,186.53623
1909,186.53623
1910,186.53623
1911,186.53623
1912,186.53623
1913,186.53623
1914,186.53623
1915,186.53623
1916,186.53623
1917,186.53623
1918,169.43623
1919,161.43623
1920,171.46131
1921,161.45131
1922,161.45131
1923,161.45131
1924,161.45131
1925,161.45131
1926,161.45131
1927,161.45131
1928,164.46131
1929,171.46131
1930,171.46131
1931,182.66131
1932,182.66131
1933,182.66131
1934,171.46131
1935,171.46131
1936,164.46131
1937,161.45131
1938,182.66131
1939,202.56131
1940,182.66131
1941,182.66131
1942,171.46131
1943,161.45131
1944,151.09126
1945,151.09126
1946,151.09126
1947,151.09126
1948,151.09126
1949,151.09126
1950,151.09126
1951,151.09126
1952,151.49126
1953,161.48126
1954,161.48126
1955,161.48126
1956,161.48126
1957,161.48126
1958,161.48126
1959,161.48126
1960,161.48126
1961,161.48126
1962,161.49126
1963,164.49126
1964,164.49126
1965,161.48126
1966,161.48126
1967,161.48126
1968,151.7275
1969,150.8935
1970,112.7275
1971,112.7275
1972,151.7275
1973,156.7275
1974,156.7275
1975,156.7275
1976,162.9275
1977,162.9275
1978,162.9275
1979,162.9275
1980,162.9275
1981,162.9275
1982,220.7275
1983,220.7275
1984,220.7275
1985,162.9275
1986,220.7275
1987,220.7275
1988,220.7275
1989,162.9275
1990,162.9275
1991,156.7275
1992,173.52061
1993,152.82061
1994,152.82061
1995,152.82061
1996,152.82061
1997,173.52061
1998,173.52061
1999,182.32061
2000,217.22061
2001,217.22061
2002,220.36461
2003,220.36461
2004,220.36461
2005,220.36461
2006,220.36461
2007,220.36461
2008,220.36461
2009,220.36461
2010,242.32061
2011,247.32061
2012,247.32061
2013,232.32061
2014,220.36461
2015,217.22061
2016,182.10975
2017,177.09475
2018,177.09475
2019,177.09475
2020,177.09475
2021,192.10975
2022,192.10975
2023,192.10975
2024,202.10975
2025,202.10975
2026,211.10975
2027,211.10975
2028,211.10975
2029,211.10975
2030,211.10975
2031,211.10975
2032,211.10975
2033,202.10975
2034,211.10975
2035,219.10975
2036,211.10975
2037,211.10975
2038,202.10975
2039,202.10975
2040,161.08697
2041,161.08697
2042,161.08697
2043,152.08697
2044,161.08697
2045,193.08697
2046,193.08697
2047,196.98697
2048,196.98697
2049,196.98697
2050,201.58697
2051,201.58697
2052,201.58697
2053,201.58697
2054,201.58697
2055,210.08697
2056,201.58697
2057,196.98697
2058,219.08697
2059,219.08697
2060,201.58697
2061,196.98697
2062,196.98697
2063,193.08697
2064,216.85765
2065,192.14265
2066,186.75765
2067,186.75765
2068,186.75765
2069,192.14265
2070,186.75765
2071,204.85765
2072,221.85765
2073,219.85765
2074,221.85765
2075,222.85765
2076,221.85765
2077,221.85765
2078,219.85765
2079,219.85765
2080,219.85765
2081,216.85765
2082,222.85765
2083,225.85765
2084,222.85765
2085,219.85765
2086,216.85765
2087,192.14265
2088,211.86298
2089,211.86298
2090,211.86298
2091,211.86298
2092,211.86298
2093,211.86298
2094,211.86298
2095,211.86298
2096,211.86298
2097,211.96298
2098,221.86298
2099,221.86298
2100,221.86298
2101,221.86298
2102,221.86298
2103,211.86298
2104,211.86298
2105,211.86298
2106,221.86298
2107,234.86298
2108,222.86298
2109,221.86298
2110,211.86298
2111,211.86298
2112,202.46015
2113,200.25815
2114,200.25815
2115,185.89115
2116,200.25815
2117,202.46015
2118,210.46015
2119,221.46015
2120,226.46015
2121,226.46015
2122,226.46015
2123,226.46015
2124,226.46015
2125,226.46015
2126,226.46015
2127,226.46015
2128,226.46015
2129,226.46015
2130,226.46015
2131,226.46015
2132,226.46015
2133,226.46015
2134,221.46015
2135,210.46015
2136,210.52853
2137,206.42853
2138,206.42853
2139,206.42853
2140,206.42853
2141,210.52853
2142,210.52853
2143,210.52853
2144,210.52853
2145,211.42853
2146,213.42853
2147,213.42853
2148,213.42853
2149,213.42853
2150,213.42853
2151,213.42853
2152,211.42853
2153,211.42853
2154,216.42853
2155,218.42853
2156,216.42853
2157,213.42853
2158,210.52853
2159,210.52853
2160,172.5554
2161,172.5554
2162,172.5554
2163,159.5554
2164,172.5554
2165,172.5554
2166,172.5554
2167,172.5554
2168,191.0724
2169,195.5554
2170,195.5554
2171,195.5554
2172,195.5554
2173,195.5554
2174,195.5554
2175,195.5554
2176,195.5554
2177,195.5554
2178,195.5554
2179,195.5554
2180,195.5554
2181,195.5554
2182,195.5554
2183,172.5554
2184,172.26314
2185,172.26314
2186,169.63514
2187,169.63514
2188,169.63514
2189,169.63514
2190,149.19914
2191,169.63514
2192,172.26314
2193,172.26314
2194,172.26314
2195,172.26314
2196,172.26314
2197,172.26314
2198,172.26314
2199,172.26314
2200,172.26314
2201,172.26314
2202,188.16314
2203,188.16314
2204,188.16314
2205,188.16314
2206,172.26314
2207,172.26314
2208,165.15095
2209,165.15095
2210,165.15095
2211,165.15095
2212,165.15095
2213,165.15095
2214,165.15095
2215,165.15095
2216,165.15095
2217,165.15095
2218,165.15095
2219,169.15095
2220,172.35095
2221,172.35095
2222,169.15095
2223,165.15095
2224,165.15095
2225,165.15095
2226,189.15095
2227,219.15095
2228,189.15095
2229,189.15095
2230,169.15095
2231,169.15095
2232,172.11512
2233,172.11512
2234,169.11512
2235,169.61512
2236,169.61512
2237,169.61512
2238,155.11512
2239,172.11512
2240,172.11512
2241,172.11512
2242,194.11512
2243,214.11912
2244,214.11912
2245,214.11912
2246,194.11512
2247,194.11512
2248,194.11512
2249,194.11512
2250,219.11512
2251,219.11512
2252,219.11512
2253,214.11912
2254,194.11512
2255,172.11512
2256,184.17583
2257,184.17583
2258,184.17583
2259,184.17583
2260,184.17583
2261,184.17583
2262,184.17583
2263,184.17583
2264,184.17583
2265,184.17583
2266,188.17583
2267,191.17583
2268,191.17583
2269,191.17583
2270,191.17583
2271,188.17583
2272,188.17583
2273,188.17583
2274,191.17583
2275,193.54283
2276,193.54283
2277,191.17583
2278,184.17583
2279,184.17583
2280,171.45383
2281,139.34383
2282,169.45383
2283,139.34383
2284,171.45383
2285,182.45383
2286,182.45383
2287,182.45383
2288,183.56483
2289,191.95383
2290,204.45383
2291,191.95383
2292,191.95383
2293,191.95383
2294,191.95383
2295,191.95383
2296,191.95383
2297,191.95383
2298,191.95383
2299,191.95383
2300,191.95383
2301,191.95383
2302,182.45383
2303,182.45383
2304,171.03455
2305,169.23455
2306,169.13455
2307,167.13455
2308,169.23455
2309,171.03455
2310,171.03455
2311,182.13455
2312,182.13455
2313,182.13455
2314,182.13455
2315,204.13455
2316,182.13455
2317,182.13455
2318,204.13455
2319,235.13455
2320,182.13455
2321,182.13455
2322,182.13455
2323,182.24555
2324,182.13455
2325,182.13455
2326,182.13455
2327,171.03455
2328,169.69638
2329,169.69638
2330,169.69638
2331,169.69638
2332,169.69638
2333,169.69638
2334,169.89638
2335,171.69638
2336,171.69638
2337,171.69638
2338,219.79638
2339,209.79638
2340,171.69638
2341,209.79638
2342,219.79638
2343,219.79638
2344,209.79638
2345,171.69638
2346,219.79638
2347,219.79638
2348,219.79638
2349,171.69638
2350,171.69638
2351,169.69638
2352,160.28016
2353,160.28016
2354,160.28016
2355,160.28016
2356,160.28016
2357,160.28016
2358,160.28016
2359,160.38016
2360,165.18016
2361,209.38016
2362,220.38016
2363,221.38016
2364,221.38016
2365,221.38016
2366,221.38016
2367,220.38016
2368,220.38016
2369,165.18016
2370,220.38016
2371,220.38016
2372,220.38016
2373,165.18016
2374,160.28016
2375,160.28016
2376,154.74522
2377,149.84522
2378,149.84522
2379,144.74522
2380,144.74522
2381,149.84522
2382,154.74522
2383,154.74522
2384,154.74522
2385,154.74522
2386,204.74522
2387,214.74522
2388,204.74522
2389,214.74522
2390,214.74522
2391,214.74522
2392,154.74522
2393,154.74522
2394,214.74522
2395,214.74522
2396,214.74522
2397,154.74522
2398,154.74522
2399,154.74522
2400,153.12525
2401,153.12525
2402,153.12525
2403,153.12525
2404,153.12525
2405,153.12525
2406,153.12525
2407,153.12525
2408,179.92525
2409,180.22525
2410,180.22525
2411,220.92525
2412,180.22525
2413,180.22525
2414,180.22525
2415,179.92525
2416,179.92525
2417,153.12525
2418,180.22525
2419,220.92525
2420,180.22525
2421,180.22525
2422,153.12525
2423,153.12525
2424,144.97388
2425,144.97388
2426,144.97388
2427,144.97388
2428,144.97388
2429,144.97388
2430,144.97388
2431,144.97388
2432,144.97388
2433,170.77388
2434,180.27388
2435,181.87388
2436,181.87388
2437,181.87388
2438,181.87388
2439,181.87388
2440,170.77388
2441,150.77388
2442,188.47388
2443,223.77388
2444,199.77388
2445,188.47388
2446,180.27388
2447,144.97388
2448,143.90738
2449,143.90738
2450,140.10138
2451,140.00738
2452,143.90738
2453,143.90738
2454,174.80738
2455,174.80738
2456,179.79738
2457,184.80738
2458,184.80738
2459,221.80738
2460,221.48438
2461,221.48438
2462,221.48438
2463,221.48438
2464,184.80738
2465,177.30738
2466,221.48438
2467,221.80738
2468,221.48438
2469,221.48438
2470,177.30738
2471,169.80738
2472,170.6114
2473,135.6114
2474,135.6114
2475,135.6114
2476,142.5914
2477,170.6114
2478,170.6114
2479,175.6114
2480,219.1164
2481,220.7114
2482,220.7114
2483,220.7114
2484,220.7114
2485,220.7114
2486,220.7114
2487,230.6114
2488,220.7114
2489,220.7114
2490,220.7114
2491,220.7114
2492,220.7114
2493,220.7114
2494,220.7114
2495,175.6114
2496,140.10406
2497,140.10406
2498,132.50406
2499,132.50406
2500,140.10406
2501,140.10406
2502,140.10406
2503,141.98406
2504,155.10406
2505,160.00406
2506,178.20406
2507,179.80406
2508,174.80406
2509,179.80406
2510,230.00406
2511,178.20406
2512,174.80406
2513,160.00406
2514,178.20406
2515,174.80406
2516,160.00406
2517,174.80406
2518,140.10406
2519,140.10406
2520,137.15433
2521,137.15433
2522,137.15433
2523,137.15433
2524,137.15433
2525,139.44833
2526,138.13433
2527,149.15433
2528,157.45433
2529,157.45433
2530,173.95433
2531,219.15433
2532,173.95433
2533,157.45433
2534,157.45433
2535,157.45433
2536,149.15433
2537,139.44833
2538,157.45433
2539,158.65433
2540,157.45433
2541,157.45433
2542,138.13433
2543,137.15433
2544,134.20127
2545,129.29127
2546,129.29127
2547,119.20127
2548,129.29127
2549,134.20127
2550,134.20127
2551,134.20127
2552,134.20127
2553,135.09127
2554,139.20227
2555,149.20127
2556,139.20227
2557,139.20227
2558,139.88227
2559,139.88227
2560,139.20227
2561,139.20227
2562,149.20127
2563,149.20127
2564,139.88227
2565,139.88227
2566,134.20127
2567,134.20127
2568,119.34428
2569,119.34428
2570,127.34428
2571,127.34428
2572,127.34428
2573,127.34428
2574,127.34428
2575,127.34428
2576,127.34428
2577,129.34428
2578,132.34428
2579,129.43428
2580,129.43428
2581,127.34428
2582,127.34428
2583,127.34428
2584,127.34428
2585,127.34428
2586,132.34428
2587,197.34428
2588,129.43428
2589,214.34428
2590,129.43428
2591,127.34428
2592,128.87518
2593,128.87518
2594,130.95518
2595,126.97518
2596,126.97518
2597,126.97518
2598,111.03018
2599,111.03018
2600,126.97518
2601,128.87518
2602,128.87518
2603,128.87518
2604,128.87518
2605,128.87518
2606,128.87518
2607,126.97518
2608,120.97518
2609,128.87518
2610,133.97518
2611,150.08918
2612,150.08918
2613,133.97518
2614,128.87518
2615,128.87518
2616,119.74683
2617,119.74683
2618,119.74683
2619,119.74683
2620,119.74683
2621,125.64683
2622,123.74683
2623,125.64683
2624,125.64683
2625,125.64683
2626,129.74683
2627,129.74683
2628,139.74683
2629,139.74683
2630,139.74683
2631,139.74683
2632,129.74683
2633,125.64683
2634,139.74683
2635,139.74683
2636,139.74683
2637,125.64683
2638,125.64683
2639,123.74683
2640,109.28063
2641,120.28063
2642,109.28063
2643,109.28063
2644,109.28063
2645,121.18063
2646,121.18063
2647,124.28063
2648,121.18063
2649,124.28063
2650,127.28063
2651,184.58063
2652,127.28063
2653,184.58063
2654,209.28063
2655,209.28063
2656,184.58063
2657,128.39463
2658,198.28063
2659,198.28063
2660,128.39463
2661,128.39463
2662,121.18063
2663,120.28063
2664,109.21268
2665,109.21268
2666,109.21268
2667,109.21268
2668,109.21268
2669,113.91268
2670,118.21368
2671,129.31368
2672,129.31368
2673,133.32768
2674,133.32768
2675,133.32768
2676,133.32768
2677,133.32768
2678,184.51368
2679,184.51368
2680,133.32768
2681,133.32768
2682,133.32768
2683,135.19368
2684,133.32768
2685,133.32768
2686,129.31368
2687,118.21368
2688,127.49782
2689,127.49782
2690,127.49782
2691,127.49782
2692,127.49782
2693,127.49782
2694,129.49782
2695,129.49782
2696,160.49782
2697,160.49782
2698,180.49782
2699,185.79782
2700,180.49782
2701,185.79782
2702,195.49782
2703,195.49782
2704,180.49782
2705,160.49782
2706,180.49782
2707,180.49782
2708,180.49782
2709,180.49782
2710,160.49782
2711,127.49782
2712,127.77822
2713,109.77822
2714,109.77822
2715,109.77822
2716,127.77822
2717,127.77822
2718,127.77822
2719,127.77822
2720,151.89222
2721,185.07822
2722,185.07822
2723,199.77822
2724,199.77822
2725,219.77822
2726,219.77822
2727,219.77822
2728,151.89222
2729,151.89222
2730,185.07822
2731,199.77822
2732,185.07822
2733,199.77822
2734,151.89222
2735,151.89222
2736,144.2103
2737,144.2103
2738,119.2103
2739,119.2103
2740,119.2103
2741,119.2103
2742,124.1103
2743,144.2103
2744,150.7303
2745,160.3103
2746,160.3103
2747,160.3103
2748,160.3103
2749,160.3103
2750,160.3103
2751,144.2103
2752,144.2103
2753,144.2103
2754,160.3103
2755,160.3103
2756,160.3103
2757,160.3103
2758,144.2103
2759,129.2103
2760,149.136
2761,144.136
2762,144.136
2763,144.136
2764,144.136
2765,144.136
2766,144.136
2767,149.136
2768,159.036
2769,159.036
2770,159.036
2771,159.036
2772,159.036
2773,159.036
2774,159.036
2775,159.036
2776,159.036
2777,159.036
2778,159.136
2779,183.136
2780,159.136
2781,159.136
2782,159.036
2783,159.036
2784,124.3873
2785,124.3873
2786,119.3873
2787,119.3873
2788,119.3873
2789,124.3873
2790,124.3873
2791,139.3873
2792,139.3873
2793,144.1873
2794,144.1873
2795,144.1873
2796,144.1873
2797,144.1873
2798,144.1873
2799,144.1873
2800,144.1873
2801,144.1873
2802,144.1873
2803,181.8873
2804,144.1873
2805,144.1873
2806,139.3873
2807,139.3873
2808,130.2846
2809,130.2846
2810,130.2846
2811,130.2846
2812,130.2846
2813,135.8846
2814,135.8846
2815,135.8846
2816,140.2846
2817,150.2846
2818,150.2846
2819,190.2846
2820,150.2846
2821,180.2846
2822,140.2846
2823,140.2846
2824,140.2846
2825,140.2846
2826,180.2846
2827,190.2846
2828,150.2846
2829,140.2846
2830,135.8846
2831,130.2846
2832,128.63155
2833,129.33155
2834,124.83155
2835,124.83155
2836,124.83155
2837,128.63155
2838,128.63155
2839,131.83155
2840,131.83155
2841,136.23155
2842,136.23155
2843,136.23155
2844,136.23155
2845,136.23155
2846,174.83155
2847,136.23155
2848,136.23155
2849,136.23155
2850,136.23155
2851,136.23155
2852,136.23155
2853,136.23155
2854,131.83155
2855,129.33155
2856,110.38544
2857,110.38544
2858,110.38544
2859,110.38544
2860,110.38544
2861,120.38544
2862,120.38544
2863,123.28544
2864,123.28544
2865,129.68544
2866,129.68544
2867,175.38544
2868,129.68544
2869,175.38544
2870,190.38544
2871,190.38544
2872,129.68544
2873,129.68544
2874,175.38544
2875,190.38544
2876,129.68544
2877,129.68544
2878,120.38544
2879,115.38544
2880,125.09502
2881,125.09502
2882,125.09502
2883,125.09502
2884,125.09502
2885,125.09502
2886,125.09502
2887,125.09502
2888,199.99502
2889,175.99502
2890,175.99502
2891,175.99502
2892,185.14302
2893,189.99502
2894,175.99502
2895,175.99502
2896,175.99502
2897,175.99502
2898,189.99502
2899,189.99502
2900,189.99502
2901,189.99502
2902,175.99502
2903,175.99502
2904,116.31599
2905,116.31599
2906,116.31599
2907,116.31599
2908,116.31599
2909,116.31599
2910,116.31599
2911,165.31599
2912,165.31599
2913,173.31599
2914,173.31599
2915,185.31599
2916,173.31599
2917,173.31599
2918,173.31599
2919,173.31599
2920,165.31599
2921,165.31599
2922,185.31599
2923,190.31599
2924,190.31599
2925,190.31599
2926,185.31599
2927,173.31599
2928,162.37642
2929,150.28842
2930,150.28842
2931,150.28842
2932,150.28842
2933,123.28842
2934,123.28842
2935,123.28842
2936,150.28842
2937,150.28842
2938,150.28842
2939,150.28842
2940,150.28842
2941,150.28842
2942,150.28842
2943,150.28842
2944,150.28842
2945,150.28842
2946,184.28842
2947,185.28842
2948,185.28842
2949,190.28842
2950,185.28842
2951,172.28842
2952,123.36433
2953,123.36433
2954,100.36433
2955,125.36433
2956,172.36433
2957,175.36433
2958,183.36433
2959,183.36433
2960,183.36433
2961,183.36433
2962,183.36433
2963,185.06433
2964,185.06433
2965,185.06433
2966,185.06433
2967,185.06433
2968,185.06433
2969,183.36433
2970,185.06433
2971,185.06433
2972,185.06433
2973,185.06433
2974,183.36433
2975,183.36433
2976,135.44166
2977,135.44166
2978,135.44166
2979,135.44166
2980,135.44166
2981,164.44166
2982,164.44166
2983,170.44166
2984,178.44166
2985,178.44166
2986,181.44166
2987,220.44166
2988,181.44166
2989,181.44166
2990,181.44166
2991,181.44166
2992,178.44166
2993,178.44166
2994,181.44166
2995,196.80966
2996,181.44166
2997,181.44166
2998,181.44166
2999,164.44166
3000,163.58944
3001,163.58944
3002,162.08944
3003,162.08944
3004,162.08944
3005,163.58944
3006,163.58944
3007,172.08944
3008,181.08944
3009,188.08944
3010,192.08944
3011,192.08944
3012,192.08944
3013,192.08944
3014,192.08944
3015,188.08944
3016,188.08944
3017,188.08944
3018,188.08944
3019,192.08944
3020,188.08944
3021,192.08944
3022,172.08944
3023,163.58944
3024,182.6772
3025,170.5772
3026,170.5772
3027,170.5772
3028,170.5772
3029,170.5772
3030,182.6772
3031,191.7912
3032,191.7912
3033,225.6772
3034,220.6772
3035,225.6772
3036,225.6772
3037,230.6772
3038,230.6772
3039,225.6772
3040,225.6772
3041,191.7912
3042,220.6772
3043,225.6772
3044,196.6772
3045,196.6772
3046,191.7912
3047,182.6772
3048,186.52618
3049,186.52618
3050,186.52618
3051,186.52618
3052,186.52618
3053,186.52618
3054,186.52618
3055,186.52618
3056,196.46818
3057,201.52618
3058,201.52618
3059,201.52618
3060,201.52618
3061,201.52618
3062,201.52618
3063,201.52618
3064,201.52618
3065,201.52618
3066,201.52618
3067,201.52618
3068,201.52618
3069,201.52618
3070,201.52618
3071,186.52618
3072,194.46697
3073,194.46697
3074,194.46697
3075,194.46697
3076,194.46697
3077,194.46697
3078,194.46697
3079,194.46697
3080,215.46697
3081,220.46697
3082,220.46697
3083,220.46697
3084,220.46697
3085,220.46697
3086,220.46697
3087,220.46697
3088,215.46697
3089,215.46697
3090,220.46697
3091,224.46697
3092,220.46697
3093,224.46697
3094,220.46697
3095,220.46697
3096,240.81109
3097,228.81109
3098,228.81109
3099,215.81109
3100,197.11309
3101,197.11309
3102,145.81109
3103,145.81109
3104,215.81109
3105,197.11309
3106,228.81109
3107,228.81109
3108,228.81109
3109,228.81109
3110,197.11309
3111,197.11309
3112,197.11309
3113,214.81109
3114,242.81109
3115,250.81109
3116,242.81109
3117,264.81109
3118,280.81109
3119,242.81109
3120,190.35516
3121,179.30416
3122,179.30416
3123,179.30416
3124,190.35516
3125,200.30316
3126,265.30416
3127,265.30416
3128,285.30416
3129,285.30416
3130,300.30416
3131,300.30416
3132,300.30416
3133,300.30416
3134,302.30416
3135,302.30416
3136,300.30416
3137,300.30416
3138,302.30416
3139,304.30416
3140,304.30416
3141,300.30416
3142,285.30416
3143,265.30416
3144,295.09773
3145,295.09773
3146,295.09773
3147,260.09773
3148,290.09773
3149,306.09773
3150,306.09773
3151,295.09773
3152,306.09773
3153,308.09773
3154,310.09773
3155,315.09773
3156,308.09773
3157,310.09773
3158,315.09773
3159,315.09773
3160,310.09773
3161,308.09773
3162,315.09773
3163,315.09773
3164,315.09773
3165,310.09773
3166,306.09773
3167,306.09773
3168,320.13052
3169,300.13052
3170,300.13052
3171,300.13052
3172,305.13052
3173,320.63052
3174,327.13052
3175,328.63052
3176,328.63052
3177,330.13052
3178,328.63052
3179,328.63052
3180,328.63052
3181,328.63052
3182,330.13052
3183,328.63052
3184,328.63052
3185,328.63052
3186,330.13052
3187,330.13052
3188,328.63052
3189,328.63052
3190,327.13052
3191,327.13052
3192,329.5766
3193,320.0766
3194,320.0766
3195,275.0766
3196,320.0766
3197,329.5766
3198,329.5766
3199,350.0766
3200,558.0766
3201,558.0766
3202,400.0766
3203,558.0766
3204,400.0766
3205,400.0766
3206,558.0766
3207,400.0766
3208,400.0766
3209,329.8266
3210,350.0766
3211,350.0766
3212,329.8266
3213,329.8266
3214,329.8266
3215,329.5766
3216,270.0766
3217,270.0766
3218,250.0766
3219,250.0766
3220,270.0766
3221,301.0766
3222,301.0766
3223,470.0766
3224,500.0766
3225,500.0766
3226,559.0766
3227,559.0766
3228,559.0766
3229,500.0766
3230,559.0766
3231,500.0766
3232,500.0766
3233,470.0766
3234,581.0766
3235,559.0766
3236,559.0766
3237,500.0766
3238,470.0766
3239,470.0766
3240,325.49457
3241,300.49457
3242,300.49457
3243,198.74857
3244,198.74857
3245,300.49457
3246,303.98957
3247,450.49457
3248,450.49457
3249,650.49457
3250,684.49457
3251,684.49457
3252,684.49457
3253,684.49457
3254,450.49457
3255,450.49457
3256,450.49457
3257,450.49457
3258,650.49457
3259,686.49457
3260,450.49457
3261,450.49457
3262,450.49457
3263,325.49457
3264,330.11269
3265,302.56669
3266,200.11269
3267,200.11269
3268,200.11269
3269,200.11269
3270,200.11269
3271,330.11269
3272,330.11269
3273,330.11269
3274,330.11269
3275,330.11269
3276,330.11269
3277,330.11269
3278,330.11269
3279,330.11269
3280,330.11269
3281,330.11269
3282,399.11269
3283,400.11269
3284,400.11269
3285,400.11269
3286,330.11269
3287,330.11269
3288,330.0766
3289,327.0766
3290,327.0766
3291,327.0766
3292,327.0766
3293,327.0766
3294,327.0766
3295,329.0766
3296,330.0766
3297,389.5766
3298,389.5766
3299,550.0766
3300,500.0766
3301,389.5766
3302,389.5766
3303,389.5766
3304,389.5766
3305,389.5766
3306,500.0766
3307,500.0766
3308,500.0766
3309,389.5766
3310,389.5766
3311,330.0766
3312,200.48474
3313,198.82574
3314,198.82574
3315,198.82574
3316,198.82574
3317,200.48474
3318,200.48474
3319,300.48474
3320,390.48474
3321,390.48474
3322,390.48474
3323,390.48474
3324,390.48474
3325,390.48474
3326,390.48474
3327,390.48474
3328,390.48474
3329,390.48474
3330,390.48474
3331,505.48474
3332,390.48474
3333,390.48474
3334,375.48474
3335,200.48474
3336,202.56727
3337,202.56727
3338,194.22627
3339,194.22627
3340,194.22627
3341,209.22627
3342,209.22627
3343,229.65227
3344,229.65227
3345,254.22627
3346,254.22627
3347,254.22627
3348,254.22627
3349,254.22627
3350,254.22627
3351,254.22627
3352,254.22627
3353,229.65227
3354,254.22627
3355,254.22627
3356,254.22627
3357,229.65227
3358,209.22627
3359,202.56727
3360,226.17095
3361,219.12795
3362,66.17095
3363,107.95395
3364,107.95395
3365,226.17095
3366,226.17095
3367,226.17095
3368,226.17095
3369,226.17095
3370,226.17095
3371,239.87095
3372,226.17095
3373,226.17095
3374,239.87095
3375,239.87095
3376,239.87095
3377,226.17095
3378,239.87095
3379,239.87095
3380,239.87095
3381,236.17095
3382,226.17095
3383,226.17095
3384,193.9691
3385,193.9691
3386,167.9191
3387,167.9191
3388,173.8541
3389,193.9691
3390,234.2691
3391,193.9691
3392,234.2691
3393,234.2691
3394,234.2691
3395,234.2691
3396,233.9691
3397,233.9691
3398,234.2691
3399,234.2691
3400,234.2691
3401,234.2691
3402,234.2691
3403,234.2691
3404,234.2691
3405,234.2691
3406,233.9691
3407,193.9691
3408,219.32909
3409,219.32909
3410,194.29709
3411,194.29709
3412,194.29709
3413,194.29709
3414,219.32909
3415,219.32909
3416,219.82909
3417,219.82909
3418,219.82909
3419,220.22909
3420,220.22909
3421,219.82909
3422,219.82909
3423,219.82909
3424,219.82909
3425,219.82909
3426,220.22909
3427,300.32909
3428,220.22909
3429,219.82909
3430,219.82909
3431,219.82909
3432,201.10121
3433,201.10121
3434,201.10121
3435,196.56921
3436,196.56921
3437,196.56921
3438,196.56921
3439,201.10121
3440,201.10121
3441,201.10121
3442,201.60121
3443,201.60121
3444,201.60121
3445,201.60121
3446,201.60121
3447,201.60121
3448,201.10121
3449,201.10121
3450,222.60121
3451,230.70121
3452,230.70121
3453,230.70121
3454,201.60121
3455,201.10121
3456,198.58103
3457,196.86703
3458,196.86703
3459,193.86703
3460,191.36703
3461,198.58103
3462,228.86703
3463,228.86703
3464,254.96703
3465,254.96703
3466,254.96703
3467,254.96703
3468,254.96703
3469,254.96703
3470,254.96703
3471,254.96703
3472,254.96703
3473,254.96703
3474,333.86703
3475,334.35703
3476,333.86703
3477,254.96703
3478,254.96703
3479,224.42203
3480,213.66166
3481,176.44366
3482,146.45666
3483,173.97666
3484,190.97666
3485,220.97666
3486,330.97666
3487,331.46666
3488,331.46666
3489,331.46666
3490,331.97666
3491,331.97666
3492,331.46666
3493,331.46666
3494,331.97666
3495,331.97666
3496,331.46666
3497,331.46666
3498,331.97666
3499,331.97666
3500,331.46666
3501,331.46666
3502,331.37666
3503,213.66166
3504,230.3125
3505,218.0245
3506,170.0005
3507,189.3125
3508,218.0245
3509,240.3125
3510,255.5125
3511,255.5125
3512,329.7125
3513,350.3125
3514,450.3125
3515,450.3125
3516,350.3125
3517,350.3125
3518,450.3125
3519,400.3125
3520,273.4665
3521,255.5125
3522,350.3125
3523,450.3125
3524,329.7125
3525,255.5125
3526,255.5125
3527,240.3125
3528,219.28291
3529,150.93691
3530,150.93691
3531,150.93691
3532,219.28291
3533,282.05091
3534,282.05091
3535,289.93691
3536,330.33691
3537,460.93691
3538,460.93691
3539,500.93691
3540,460.93691
3541,460.93691
3542,460.93691
3543,460.93691
3544,289.93691
3545,289.93691
3546,460.93691
3547,460.93691
3548,330.33691
3549,289.93691
3550,282.05091
3551,282.05091
3552,192.18832
3553,153.18832
3554,153.18832
3555,153.18832
3556,187.48432
3557,253.18832
3558,273.18832
3559,303.18832
3560,331.30232
3561,331.30232
3562,332.58832
3563,343.18832
3564,332.58832
3565,332.58832
3566,332.58832
3567,331.30232
3568,331.30232
3569,331.30232
3570,332.58832
3571,343.18832
3572,331.30232
3573,331.30232
3574,303.18832
3575,253.18832
3576,192.60975
3577,192.60975
3578,83.77675
3579,83.77675
3580,224.09575
3581,223.60975
3582,254.60975
3583,254.60975
3584,254.60975
3585,276.72375
3586,276.72375
3587,276.72375
3588,276.72375
3589,276.72375
3590,276.72375
3591,254.60975
3592,254.60975
3593,254.60975
3594,276.72375
3595,276.72375
3596,276.72375
3597,254.60975
3598,254.60975
3599,224.09575
3600,202.23631
3601,201.35031
3602,201.35031
3603,201.35031
3604,201.35031
3605,201.35031
3606,201.35031
3607,201.35031
3608,202.23631
3609,202.23631
3610,202.23631
3611,202.23631
3612,202.23631
3613,202.23631
3614,202.23631
3615,202.23631
3616,202.23631
3617,202.23631
3618,202.23631
3619,262.23631
3620,211.96331
3621,202.23631
3622,202.23631
3623,201.35031
3624,85.69114
3625,85.69114
3626,85.69114
3627,85.69114
3628,149.17114
3629,184.59114
3630,184.59114
3631,184.59114
3632,224.69114
3633,224.69114
3634,224.80514
3635,224.80514
3636,224.80514
3637,224.80514
3638,224.80514
3639,224.80514
3640,224.80514
3641,224.80514
3642,224.80514
3643,284.69114
3644,284.69114
3645,224.80514
3646,184.59114
3647,184.59114
3648,200.72002
3649,150.30002
3650,135.82002
3651,135.82002
3652,167.68202
3653,200.72002
3654,200.72002
3655,200.72002
3656,205.72002
3657,214.93402
3658,214.93402
3659,214.93402
3660,214.93402
3661,214.93402
3662,214.93402
3663,214.93402
3664,214.93402
3665,205.72002
3666,214.93402
3667,226.82002
3668,205.72002
3669,200.72002
3670,200.72002
3671,150.30002
3672,197.87446
3673,197.87446
3674,196.33746
3675,196.33746
3676,197.87446
3677,197.87446
3678,197.87446
3679,197.87446
3680,197.97446
3681,207.87446
3682,212.77446
3683,212.77446
3684,212.77446
3685,212.77446
3686,212.77446
3687,212.77446
3688,212.77446
3689,212.77446
3690,302.87446
3691,302.87446
3692,302.87446
3693,212.77446
3694,212.77446
3695,197.87446
3696,202.36946
3697,200.85946
3698,200.85946
3699,200.85946
3700,200.85946
3701,207.36946
3702,207.36946
3703,207.36946
3704,228.46946
3705,227.26946
3706,227.26946
3707,227.26946
3708,227.26946
3709,227.26946
3710,227.26946
3711,227.26946
3712,227.26946
3713,227.26946
3714,228.46946
3715,352.36946
3716,228.46946
3717,227.26946
3718,207.36946
3719,207.36946
3720,211.09421
3721,196.15721
3722,182.69421
3723,182.69421
3724,184.04121
3725,197.69421
3726,197.69421
3727,211.09421
3728,211.09421
3729,227.19421
3730,227.69421
3731,227.69421
3732,227.69421
3733,227.69421
3734,227.69421
3735,227.69421
3736,227.69421
3737,227.19421
3738,227.69421
3739,227.69421
3740,227.69421
3741,227.19421
3742,211.09421
3743,197.69421
3744,188.50218
3745,188.50218
3746,188.50218
3747,188.50218
3748,188.50218
3749,188.50218
3750,188.50218
3751,189.29618
3752,205.01218
3753,205.96218
3754,205.96218
3755,205.96218
3756,205.96218
3757,205.96218
3758,205.96218
3759,205.96218
3760,205.96218
3761,205.96218
3762,205.96218
3763,205.96218
3764,205.96218
3765,205.96218
3766,205.01218
3767,195.75918
3768,181.46629
3769,181.46629
3770,181.46629
3771,181.46629
3772,181.46629
3773,181.46629
3774,181.46629
3775,181.46629
3776,181.46629
3777,186.46629
3778,186.46629
3779,186.46629
3780,186.46629
3781,186.46629
3782,186.46629
3783,186.46629
3784,186.46629
3785,186.46629
3786,186.46629
3787,196.16629
3788,186.46629
3789,186.46629
3790,186.46629
3791,181.46629
3792,172.81845
3793,172.81845
3794,172.81845
3795,172.81845
3796,172.81845
3797,172.81845
3798,172.81845
3799,172.81845
3800,172.81845
3801,173.91845
3802,173.91845
3803,180.21845
3804,180.21845
3805,180.21845
3806,173.91845
3807,173.91845
3808,173.91845
3809,180.21845
3810,211.71845
3811,211.71845
3812,211.71845
3813,198.91845
3814,180.21845
3815,180.21845
3816,167.72966
3817,167.72966
3818,167.72966
3819,167.72966
3820,167.72966
3821,167.72966
3822,173.62966
3823,173.62966
3824,184.82966
3825,184.82966
3826,184.82966
3827,184.82966
3828,184.82966
3829,184.82966
3830,184.82966
3831,184.82966
3832,184.82966
3833,184.82966
3834,219.72966
3835,222.22966
3836,219.72966
3837,184.82966
3838,173.62966
3839,171.72966
3840,162.03385
3841,162.03385
3842,162.03385
3843,162.03385
3844,162.03385
3845,162.03385
3846,167.04385
3847,171.84385
3848,181.54385
3849,181.54385
3850,215.04385
3851,219.24385
3852,215.04385
3853,215.04385
3854,219.24385
3855,219.24385
3856,215.04385
3857,181.54385
3858,215.04385
3859,219.24385
3860,215.04385
3861,181.54385
3862,167.04385
3863,162.03385
3864,147.22524
3865,141.94524
3866,141.94524
3867,141.94524
3868,147.22524
3869,167.74524
3870,167.74524
3871,168.74524
3872,168.74524
3873,213.03024
3874,213.03024
3875,302.74524
3876,213.03024
3877,213.03024
3878,302.74524
3879,302.74524
3880,213.03024
3881,168.74524
3882,213.03024
3883,302.74524
3884,213.03024
3885,168.74524
3886,168.74524
3887,167.74524
3888,149.41596
3889,144.60596
3890,144.60596
3891,144.60596
3892,144.60596
3893,160.44996
3894,160.44996
3895,160.44996
3896,225.41596
3897,225.41596
3898,225.41596
3899,255.41596
3900,225.41596
3901,225.41596
3902,255.41596
3903,255.41596
3904,225.41596
3905,225.41596
3906,225.41596
3907,255.41596
3908,225.41596
3909,225.41596
3910,214.81896
3911,255.41596
3912,157.8759
3913,157.8759
3914,157.8759
3915,157.8759
3916,157.8759
3917,157.8759
3918,157.8759
3919,171.8719
3920,171.8719
3921,191.8719
3922,251.8719
3923,251.8719
3924,251.8719
3925,191.8719
3926,191.8719
3927,171.8719
3928,171.8719
3929,171.8719
3930,191.8719
3931,251.8719
3932,191.8719
3933,191.8719
3934,171.8719
3935,171.8719
3936,169.89912
3937,169.89912
3938,166.89512
3939,166.89512
3940,166.89512
3941,166.89512
3942,166.89512
3943,166.89512
3944,169.89912
3945,166.89512
3946,166.89512
3947,169.89912
3948,169.89912
3949,169.89912
3950,166.89512
3951,166.89512
3952,166.89512
3953,166.89512
3954,166.89512
3955,169.89912
3956,166.89512
3957,166.89512
3958,166.89512
3959,166.89512
3960,174.35682
3961,174.35682
3962,166.54582
3963,166.54582
3964,166.54582
3965,166.54582
3966,166.54582
3967,171.35682
3968,174.35682
3969,174.35682
3970,174.35682
3971,184.35682
3972,184.35682
3973,184.35682
3974,174.35682
3975,174.35682
3976,174.35682
3977,174.35682
3978,174.35682
3979,184.35682
3980,184.35682
3981,174.35682
3982,174.35682
3983,174.35682
3984,167.2253
3985,167.2253
3986,167.2253
3987,167.2253
3988,167.2253
3989,167.2253
3990,167.2253
3991,190.8143
3992,199.2253
3993,217.4523
3994,254.2253
3995,254.2253
3996,199.2253
3997,254.2253
3998,254.2253
3999,254.2253
4000,199.2253
4001,199.2253
4002,254.2253
4003,284.2253
4004,284.2253
4005,254.2253
4006,199.2253
4007,190.8143
4008,165.00746
4009,165.00746
4010,165.00746
4011,165.00746
4012,165.00746
4013,165.00746
4014,204.50746
4015,204.50746
4016,220.31446
4017,274.50746
4018,274.50746
4019,274.50746
4020,274.50746
4021,274.50746
4022,274.50746
4023,274.50746
4024,274.50746
4025,204.50746
4026,220.31446
4027,243.47246
4028,220.31446
4029,204.50746
4030,204.50746
4031,204.50746
4032,178.01258
4033,178.01258
4034,178.01258
4035,178.01258
4036,178.01258
4037,178.01258
4038,178.01258
4039,207.89858
4040,213.76258
4041,242.89858
4042,242.89858
4043,253.89858
4044,242.89858
4045,242.89858
4046,242.89858
4047,242.89858
4048,242.89858
4049,213.76258
4050,242.89858
4051,253.89858
4052,242.89858
4053,213.76258
4054,207.89858
4055,182.89858
4056,195.84839
4057,164.38739
4058,164.38739
4059,164.38739
4060,181.84839
4061,195.84839
4062,195.84839
4063,195.84839
4064,226.84839
4065,231.84839
4066,226.84839
4067,226.84839
4068,206.26939
4069,206.26939
4070,206.26939
4071,226.84839
4072,226.84839
4073,206.26939
4074,226.84839
4075,231.84839
4076,226.84839
4077,206.26939
4078,201.84839
4079,195.84839
4080,166.39213
4081,166.39213
4082,166.39213
4083,166.39213
4084,166.39213
4085,166.39213
4086,166.98213
4087,200.39213
4088,200.39213
4089,200.39213
4090,200.39213
4091,206.39213
4092,206.39213
4093,200.39213
4094,200.39213
4095,200.39213
4096,200.39213
4097,200.39213
4098,206.39213
4099,216.39213
4100,206.39213
4101,200.39213
4102,200.39213
4103,200.39213
4104,156.80677
4105,156.80677
4106,94.80677
4107,94.80677
4108,121.80677
4109,94.80677
4110,94.80677
4111,153.28677
4112,156.80677
4113,156.80677
4114,156.80677
4115,156.80677
4116,156.80677
4117,156.80677
4118,156.80677
4119,156.80677
4120,156.80677
4121,156.80677
4122,156.80677
4123,201.80677
4124,201.80677
4125,186.80677
4126,156.80677
4127,156.80677
4128,134.56292
4129,134.56292
4130,89.06292
4131,89.06292
4132,114.56292
4133,134.56292
4134,165.15292
4135,182.56292
4136,182.56292
4137,182.56292
4138,214.56292
4139,214.56292
4140,214.56292
4141,214.56292
4142,214.56292
4143,214.56292
4144,214.56292
4145,182.56292
4146,214.56292
4147,259.56292
4148,214.56292
4149,214.56292
4150,182.56292
4151,180.56292
4152,122.79264
4153,122.79264
4154,122.79264
4155,122.79264
4156,122.79264
4157,132.79264
4158,132.79264
4159,171.79264
4160,179.79264
4161,179.79264
4162,179.79264
4163,179.79264
4164,179.79264
4165,179.79264
4166,182.79264
4167,179.79264
4168,179.79264
4169,179.79264
4170,179.79264
4171,182.79264
4172,179.79264
4173,179.79264
4174,171.79264
4175,132.79264
4176,52.92817
4177,52.92817
4178,52.92817
4179,52.92817
4180,52.92817
4181,52.92817
4182,117.34017
4183,145.32017
4184,192.34017
4185,232.34017
4186,232.34017
4187,232.34017
4188,232.34017
4189,232.34017
4190,232.34017
4191,232.34017
4192,232.34017
4193,175.34017
4194,227.34017
4195,232.34017
4196,227.34017
4197,175.34017
4198,138.34017
4199,134.34017
4200,118.01097
4201,118.01097
4202,118.01097
4203,118.01097
4204,118.01097
4205,118.01097
4206,217.74497
4207,229.01097
4208,229.01097
4209,229.01097
4210,233.01097
4211,233.01097
4212,233.01097
4213,233.01097
4214,233.01097
4215,233.01097
4216,229.01097
4217,229.01097
4218,229.01097
4219,229.01097
4220,229.01097
4221,229.01097
4222,207.01097
4223,135.01097
4224,145.12075
4225,145.12075
4226,137.50075
4227,137.50075
4228,145.12075
4229,145.12075
4230,165.12075
4231,210.11975
4232,216.12075
4233,223.12075
4234,225.12075
4235,226.22075
4236,226.22075
4237,226.22075
4238,226.22075
4239,226.22075
4240,225.12075
4241,213.69875
4242,216.12075
4243,223.12075
4244,216.12075
4245,216.12075
4246,210.11975
4247,167.82975
4248,148.17916
4249,148.17916
4250,139.06916
4251,139.06916
4252,148.17916
4253,139.06916
4254,148.17916
4255,150.17916
4256,180.17916
4257,180.17916
4258,203.17916
4259,208.07916
4260,203.17916
4261,180.17916
4262,180.17916
4263,180.17916
4264,171.45916
4265,150.17916
4266,203.17916
4267,208.07916
4268,203.17916
4269,171.45916
4270,150.17916
4271,148.17916
4272,51.6495
4273,51.6495
4274,51.6495
4275,51.6495
4276,51.6495
4277,51.6495
4278,51.6495
4279,51.6495
4280,54.0615
4281,84.0615
4282,120.9615
4283,120.9615
4284,120.9615
4285,120.9615
4286,84.0615
4287,84.0615
4288,84.0615
4289,54.0615
4290,211.9615
4291,231.0615
4292,211.9615
4293,120.9615
4294,54.0615
4295,54.0615
4296,100.52858
4297,83.66458
4298,51.11658
4299,51.11658
4300,100.52858
4301,51.11658
4302,51.11658
4303,51.11658
4304,121.52858
4305,123.52858
4306,123.52858
4307,225.02858
4308,225.02858
4309,131.50858
4310,131.50858
4311,123.52858
4312,123.52858
4313,123.52858
4314,235.52858
4315,245.52758
4316,235.52858
4317,235.52858
4318,225.02858
4319,123.52858
4320,118.25565
4321,101.25565
4322,101.25565
4323,101.25565
4324,101.25565
4325,118.25565
4326,122.25565
4327,124.25565
4328,190.91465
4329,223.67765
4330,226.25565
4331,226.25565
4332,226.25565
4333,190.91465
4334,226.25565
4335,226.25565
4336,223.67765
4337,172.48465
4338,226.25565
4339,226.25565
4340,226.25565
4341,223.67765
4342,166.25565
4343,124.25565
4344,167.98013
4345,138.96013
4346,123.98013
4347,123.98013
4348,123.98013
4349,167.98013
4350,169.98013
4351,207.88013
4352,207.88013
4353,207.88013
4354,226.97913
4355,226.97913
4356,226.97913
4357,226.97913
4358,226.97913
4359,226.97913
4360,226.97913
4361,207.88013
4362,207.88013
4363,226.97913
4364,207.88013
4365,207.88013
4366,207.88013
4367,177.98013
4368,169.26529
4369,125.26529
4370,125.26529
4371,125.26529
4372,125.26529
4373,125.26529
4374,169.26529
4375,171.26529
4376,171.26529
4377,179.26529
4378,204.25529
4379,204.25529
4380,204.25529
4381,204.25529
4382,204.25529
4383,204.25529
4384,204.25529
4385,199.26529
4386,199.26529
4387,238.76529
4388,204.25529
4389,199.26529
4390,199.26529
4391,179.26529
4392,129.89328
4393,129.89328
4394,123.89328
4395,123.89328
4396,129.89328
4397,129.89328
4398,178.89328
4399,175.89328
4400,211.89328
4401,219.39328
4402,219.39328
4403,219.39328
4404,219.39328
4405,219.39328
4406,219.39328
4407,219.39328
4408,219.39328
4409,211.89328
4410,219.39328
4411,219.39328
4412,219.39328
4413,211.89328
4414,219.39328
4415,183.89328
4416,171.12314
4417,171.12314
4418,144.10314
4419,127.12314
4420,133.49314
4421,130.40414
4422,144.10314
4423,171.12314
4424,215.62314
4425,215.62314
4426,215.62314
4427,215.62314
4428,215.62314
4429,215.62314
4430,215.62314
4431,215.62314
4432,215.62314
4433,215.62314
4434,215.62314
4435,215.62314
4436,215.62314
4437,215.62314
4438,215.62314
4439,215.62314
4440,187.97548
4441,165.62048
4442,123.47548
4443,123.47548
4444,123.47548
4445,123.47548
4446,122.47548
4447,123.47548
4448,123.47548
4449,187.97548
4450,235.47548
4451,235.47548
4452,247.47548
4453,235.47548
4454,235.47548
4455,235.47548
4456,235.47548
4457,187.97548
4458,247.47548
4459,256.47548
4460,256.47548
4461,247.47548
4462,242.68848
4463,247.47548
4464,189.15216
4465,183.65216
4466,143.13216
4467,125.87416
4468,178.75616
4469,228.65216
4470,228.65216
4471,238.65216
4472,258.65216
4473,258.65216
4474,301.15216
4475,298.65216
4476,258.65216
4477,278.65216
4478,298.65216
4479,278.65216
4480,258.65216
4481,258.65216
4482,258.65216
4483,278.65216
4484,258.65216
4485,257.65216
4486,238.65216
4487,228.65216
4488,182.12841
4489,182.12841
4490,182.12841
4491,182.12841
4492,182.12841
4493,227.27941
4494,227.92841
4495,252.62841
4496,258.12841
4497,258.12841
4498,268.82841
4499,283.12841
4500,258.12841
4501,258.12841
4502,268.82841
4503,258.12841
4504,258.12841
4505,252.62841
4506,258.12841
4507,268.82841
4508,258.12841
4509,258.12841
4510,252.62841
4511,227.27941
4512,228.03637
4513,199.28437
4514,189.28437
4515,189.28437
4516,198.17237
4517,228.03637
4518,247.78437
4519,247.78437
4520,259.28437
4521,259.28437
4522,260.78437
4523,269.28437
4524,260.78437
4525,260.78437
4526,269.28437
4527,269.28437
4528,260.78437
4529,259.28437
4530,260.78437
4531,269.28437
4532,260.78437
4533,259.28437
4534,247.78437
4535,247.78437
4536,221.13143
4537,211.13143
4538,211.13143
4539,211.13143
4540,211.13143
4541,221.13143
4542,221.13143
4543,228.33143
4544,228.33143
4545,228.33143
4546,230.15943
4547,261.13143
4548,230.15943
4549,260.13143
4550,260.13143
4551,260.13143
4552,230.15943
4553,228.33143
4554,230.15943
4555,260.13143
4556,260.13143
4557,228.33143
4558,228.33143
4559,228.33143
4560,225.20936
4561,220.13936
4562,219.33336
4563,220.13936
4564,220.13936
4565,225.20936
4566,222.09636
4567,227.03936
4568,260.13936
4569,260.13936
4570,257.43936
4571,257.43936
4572,257.43936
4573,257.43936
4574,257.43936
4575,257.43936
4576,257.43936
4577,257.43936
4578,257.43936
4579,260.13936
4580,257.43936
4581,257.43936
4582,250.13936
4583,225.20936
4584,220.44885
4585,220.44885
4586,219.70085
4587,219.70085
4588,219.70085
4589,219.70085
4590,220.44885
4591,220.44885
4592,220.44885
4593,220.44885
4594,220.44885
4595,225.44885
4596,220.44885
4597,220.44885
4598,220.44885
4599,220.44885
4600,220.44885
4601,220.44885
4602,220.44885
4603,227.34885
4604,220.44885
4605,220.44885
4606,220.44885
4607,220.44885
4608,186.71153
4609,186.71153
4610,186.71153
4611,186.71153
4612,186.71153
4613,186.71153
4614,146.69153
4615,186.71153
4616,196.71153
4617,196.71153
4618,211.71153
4619,236.71153
4620,236.71153
4621,236.71153
4622,211.71153
4623,211.71153
4624,196.71153
4625,196.71153
4626,211.71153
4627,236.71153
4628,236.71153
4629,236.71153
4630,211.71153
4631,196.71153
4632,195.3891
4633,195.3891
4634,195.3891
4635,195.3891
4636,195.3891
4637,195.3891
4638,195.3891
4639,195.3891
4640,196.3891
4641,256.3891
4642,256.3891
4643,256.3891
4644,222.8861
4645,222.8861
4646,234.8881
4647,234.8881
4648,222.8861
4649,196.3891
4650,236.3891
4651,256.3891
4652,256.3891
4653,236.3891
4654,196.3891
4655,196.3891
4656,220.00915
4657,213.33815
4658,197.50915
4659,197.50915
4660,213.33815
4661,220.00915
4662,220.00915
4663,220.00915
4664,220.00915
4665,225.50915
4666,225.50915
4667,225.50915
4668,225.50915
4669,225.50915
4670,225.50915
4671,234.00815
4672,234.00815
4673,225.50915
4674,255.50915
4675,275.50915
4676,225.50915
4677,225.50915
4678,220.00915
4679,220.00915
4680,224.65385
4681,216.65385
4682,216.65385
4683,216.65385
4684,216.65385
4685,224.65385
4686,226.15385
4687,226.15385
4688,226.15385
4689,226.15385
4690,226.15385
4691,226.15385
4692,226.15385
4693,226.15385
4694,226.15385
4695,226.15385
4696,226.15385
4697,226.15385
4698,236.65385
4699,286.65385
4700,236.65385
4701,236.65385
4702,236.65385
4703,226.15385
4704,237.91168
4705,217.91168
4706,217.91168
4707,217.91168
4708,217.91168
4709,232.91168
4710,217.91168
4711,236.91168
4712,237.91168
4713,245.06768
4714,247.91168
4715,285.91168
4716,247.91168
4717,247.91168
4718,247.91168
4719,247.91168
4720,247.91168
4721,237.91168
4722,247.91168
4723,297.91168
4724,285.91168
4725,247.91168
4726,237.91168
4727,236.91168
4728,215.48797
4729,215.48797
4730,215.48797
4731,215.48797
4732,215.48797
4733,233.48797
4734,233.48797
4735,233.48797
4736,233.48797
4737,235.48797
4738,235.48797
4739,245.48797
4740,245.48797
4741,245.48797
4742,245.48797
4743,245.48797
4744,245.48797
4745,235.48797
4746,245.48797
4747,275.47797
4748,245.48797
4749,245.48797
4750,235.48797
4751,233.48797
4752,213.46444
4753,213.46444
4754,213.46444
4755,155.73144
4756,155.73144
4757,213.46444
4758,213.46444
4759,213.46444
4760,215.73144
4761,295.73144
4762,295.73144
4763,314.73144
4764,295.73144
4765,295.73144
4766,215.73144
4767,215.73144
4768,215.73144
4769,213.46444
4770,234.73144
4771,295.73144
4772,295.73144
4773,215.73144
4774,213.46444
4775,215.73144
4776,152.95312
4777,152.95312
4778,147.95312
4779,147.95312
4780,147.95312
4781,147.95312
4782,147.95312
4783,147.95312
4784,187.95312
4785,234.95312
4786,217.95312
4787,217.95312
4788,217.95312
4789,217.95312
4790,217.95312
4791,234.95312
4792,187.95312
4793,152.95312
4794,211.57712
4795,217.95312
4796,217.95312
4797,211.57712
4798,187.95312
4799,152.95312
4800,132.3916
4801,127.3916
4802,127.3916
4803,127.3916
4804,127.3916
4805,127.3916
4806,127.3916
4807,127.3916
4808,132.3916
4809,137.3916
4810,167.3916
4811,167.3916
4812,167.3916
4813,167.3916
4814,137.3916
4815,137.3916
4816,137.3916
4817,137.3916
4818,216.3916
4819,287.2916
4820,216.3916
4821,210.2516
4822,167.3916
4823,137.3916
4824,158.90258
4825,148.90258
4826,148.90258
4827,148.90258
4828,148.90258
4829,158.90258
4830,158.90258
4831,198.80258
4832,198.80258
4833,198.80258
4834,198.80258
4835,198.80258
4836,198.80258
4837,198.80258
4838,208.90258
4839,208.90258
4840,208.90258
4841,198.80258
4842,208.90258
4843,210.73858
4844,208.90258
4845,210.73858
4846,198.80258
4847,198.80258
4848,161.43517
4849,161.43517
4850,170.93517
4851,170.93517
4852,161.43517
4853,170.93517
4854,170.93517
4855,170.93517
4856,170.93517
4857,181.43517
4858,196.43517
4859,268.22417
4860,196.43517
4861,268.22417
4862,300.43517
4863,300.43517
4864,296.43517
4865,181.43517
4866,268.22417
4867,300.43517
4868,268.22417
4869,196.43517
4870,181.43517
4871,170.93517
4872,157.49115
4873,157.49115
4874,157.49115
4875,157.49115
4876,157.49115
4877,157.49115
4878,160.49115
4879,164.49115
4880,260.49115
4881,265.49115
4882,265.49115
4883,260.49115
4884,260.49115
4885,260.49115
4886,260.49115
4887,260.49115
4888,260.49115
4889,164.49115
4890,260.49115
4891,264.71015
4892,260.49115
4893,260.49115
4894,164.49115
4895,157.49115
4896,147.55161
4897,147.55161
4898,144.55161
4899,144.55161
4900,148.53161
4901,147.55161
4902,148.53161
4903,150.55161
4904,150.55161
4905,194.55161
4906,194.55161
4907,194.55161
4908,194.55161
4909,194.55161
4910,194.55161
4911,194.55161
4912,194.55161
4913,150.55161
4914,194.55161
4915,259.55161
4916,194.55161
4917,194.55161
4918,150.55161
4919,150.55161
4920,144.55386
4921,144.55386
4922,138.75386
4923,138.75386
4924,138.75386
4925,138.75386
4926,144.55386
4927,144.55386
4928,144.55386
4929,146.45386
4930,186.25386
4931,186.25386
4932,186.25386
4933,146.45386
4934,146.45386
4935,146.45386
4936,146.45386
4937,146.45386
4938,146.45386
4939,256.75386
4940,256.75386
4941,186.25386
4942,146.45386
4943,144.55386
4944,139.1624
4945,137.1624
4946,137.1624
4947,137.1624
4948,137.1624
4949,137.1624
4950,137.1624
4951,137.1624
4952,137.1624
4953,139.1624
4954,186.6624
4955,257.1624
4956,257.1624
4957,257.1624
4958,257.1624
4959,186.6624
4960,186.6624
4961,139.1624
4962,262.1624
4963,262.1624
4964,262.1624
4965,262.1624
4966,257.1624
4967,139.1624
4968,138.44181
4969,138.44181
4970,131.44181
4971,131.44181
4972,136.33181
4973,138.44181
4974,181.54181
4975,181.54181
4976,256.44181
4977,261.44181
4978,261.44181
4979,261.44181
4980,249.99281
4981,256.44181
4982,256.44181
4983,256.44181
4984,249.99281
4985,249.99281
4986,249.99281
4987,261.44181
4988,256.44181
4989,249.99281
4990,216.44181
4991,181.54181
4992,139.57051
4993,139.57051
4994,139.57051
4995,139.57051
4996,139.57051
4997,139.57051
4998,139.57051
4999,139.57051
5000,139.57051
5001,152.07051
5002,177.07051
5003,177.07051
5004,177.07051
5005,177.07051
5006,262.07051
5007,227.07051
5008,182.22051
5009,182.22051
5010,227.07051
5011,227.07051
5012,227.07051
5013,182.22051
5014,177.07051
5015,147.07051
5016,152.00484
5017,147.00484
5018,147.00484
5019,147.00484
5020,147.00484
5021,152.00484
5022,177.00484
5023,227.00484
5024,242.00484
5025,262.00484
5026,262.00484
5027,262.00484
5028,262.00484
5029,262.00484
5030,262.00484
5031,262.00484
5032,262.00484
5033,262.00484
5034,262.00484
5035,262.00484
5036,262.00484
5037,262.00484
5038,227.00484
5039,177.00484
5040,151.47774
5041,152.47774
5042,138.97774
5043,139.47774
5044,151.47774
5045,151.47774
5046,152.47774
5047,152.47774
5048,152.47774
5049,156.47774
5050,156.47774
5051,176.47774
5052,156.47774
5053,176.47774
5054,176.47774
5055,176.47774
5056,156.47774
5057,156.47774
5058,176.47774
5059,205.47774
5060,176.47774
5061,156.47774
5062,152.47774
5063,152.47774
5064,150.89354
5065,150.89354
5066,147.89354
5067,147.89354
5068,150.89354
5069,150.89354
5070,150.89354
5071,150.89354
5072,157.89354
5073,157.89354
5074,176.89354
5075,177.89354
5076,177.89354
5077,177.89354
5078,177.89354
5079,177.89354
5080,176.89354
5081,157.89354
5082,176.89354
5083,177.89354
5084,177.89354
5085,157.89354
5086,152.89354
5087,150.89354
5088,135.35196
5089,134.25196
5090,134.25196
5091,134.25196
5092,134.25196
5093,134.25196
5094,134.25196
5095,139.25196
5096,144.25196
5097,144.25196
5098,173.75196
5099,173.75196
5100,173.75196
5101,173.75196
5102,173.75196
5103,144.25196
5104,144.25196
5105,144.25196
5106,173.75196
5107,173.75196
5108,173.75196
5109,173.75196
5110,144.25196
5111,138.49996
5112,133.34481
5113,118.34481
5114,118.34481
5115,117.44481
5116,117.44481
5117,117.44481
5118,118.34481
5119,118.34481
5120,127.62581
5121,133.34481
5122,133.34481
5123,138.23481
5124,138.23481
5125,138.23481
5126,133.34481
5127,133.34481
5128,133.34481
5129,128.34481
5130,148.34481
5131,177.84481
5132,177.84481
5133,177.84481
5134,148.34481
5135,133.34481
5136,115.51383
5137,115.51383
5138,115.51383
5139,115.51383
5140,115.51383
5141,130.01383
5142,130.01383
5143,139.26183
5144,175.01383
5145,210.01383
5146,265.01383
5147,265.01383
5148,222.21383
5149,265.01383
5150,265.01383
5151,265.01383
5152,265.01383
5153,222.21383
5154,265.01383
5155,265.01383
5156,265.01383
5157,222.21383
5158,175.01383
5159,175.01383
5160,166.863
5161,155.163
5162,137.163
5163,137.163
5164,155.163
5165,166.863
5166,166.863
5167,166.863
5168,166.863
5169,209.263
5170,260.163
5171,260.163
5172,260.163
5173,260.163
5174,260.163
5175,260.163
5176,235.163
5177,209.263
5178,260.163
5179,260.163
5180,260.163
5181,235.163
5182,166.863
5183,166.863
5184,207.20871
5185,158.20871
5186,155.70871
5187,155.70871
5188,158.20871
5189,207.20871
5190,207.20871
5191,207.20871
5192,220.70871
5193,240.70871
5194,290.70871
5195,305.70871
5196,300.70871
5197,305.70871
5198,305.70871
5199,305.70871
5200,290.70871
5201,207.20871
5202,240.70871
5203,305.70871
5204,290.70871
5205,220.70871
5206,207.20871
5207,207.20871
5208,185.29679
5209,175.49679
5210,175.49679
5211,175.49679
5212,175.49679
5213,185.29679
5214,185.29679
5215,203.79679
5216,203.79679
5217,203.79679
5218,203.79679
5219,240.49679
5220,240.49679
5221,240.49679
5222,240.49679
5223,240.49679
5224,240.49679
5225,203.79679
5226,240.49679
5227,256.21679
5228,240.49679
5229,205.48679
5230,203.79679
5231,205.48679
5232,169.53915
5233,169.53915
5234,169.53915
5235,169.53915
5236,169.53915
5237,169.53915
5238,169.53915
5239,169.53915
5240,169.53915
5241,169.53915
5242,175.54915
5243,220.54915
5244,176.64715
5245,175.54915
5246,175.54915
5247,169.53915
5248,169.53915
5249,169.53915
5250,175.54915
5251,225.54915
5252,225.54915
5253,225.54915
5254,169.53915
5255,169.53915
5256,179.71226
5257,177.71226
5258,177.71226
5259,177.71226
5260,177.71226
5261,177.71226
5262,176.21226
5263,176.21226
5264,177.71226
5265,179.71226
5266,179.71226
5267,179.71226
5268,179.71226
5269,179.71226
5270,179.71226
5271,179.71226
5272,177.71226
5273,177.71226
5274,205.51226
5275,215.71226
5276,205.51226
5277,179.71226
5278,177.71226
5279,176.21226
5280,179.10319
5281,179.10319
5282,179.10319
5283,177.10319
5284,177.10319
5285,177.10319
5286,175.10319
5287,177.10319
5288,177.10319
5289,179.10319
5290,179.10319
5291,179.10319
5292,179.10319
5293,179.10319
5294,179.10319
5295,179.10319
5296,180.10319
5297,179.10319
5298,200.60319
5299,200.60319
5300,200.60319
5301,200.60319
5302,179.10319
5303,179.10319
5304,175.27002
5305,175.27002
5306,175.27002
5307,175.27002
5308,175.27002
5309,175.27002
5310,175.27002
5311,176.77002
5312,204.27002
5313,214.77002
5314,214.77002
5315,215.27002
5316,214.77002
5317,275.27002
5318,215.27002
5319,215.27002
5320,214.77002
5321,214.77002
5322,215.27002
5323,219.77002
5324,215.27002
5325,215.27002
5326,214.77002
5327,175.27002
5328,193.89174
5329,175.26174
5330,175.26174
5331,175.26174
5332,193.89174
5333,214.76174
5334,214.76174
5335,214.76174
5336,215.26174
5337,215.26174
5338,215.75174
5339,225.76174
5340,215.75174
5341,225.76174
5342,225.76174
5343,225.76174
5344,215.75174
5345,215.26174
5346,215.75174
5347,240.26174
5348,225.76174
5349,215.75174
5350,214.76174
5351,214.76174
5352,173.3491
5353,173.3491
5354,173.3491
5355,173.3491
5356,173.3491
5357,173.3491
5358,173.3491
5359,175.3491
5360,187.3491
5361,212.3391
5362,217.3491
5363,217.3491
5364,217.3491
5365,217.3491
5366,217.3491
5367,217.3491
5368,217.3491
5369,212.3391
5370,217.3491
5371,217.3491
5372,217.3491
5373,217.3491
5374,187.3491
5375,173.3491
5376,194.92463
5377,166.71863
5378,154.92463
5379,154.92463
5380,166.71863
5381,203.92463
5382,203.92463
5383,208.32463
5384,228.92463
5385,229.92463
5386,208.32463
5387,208.32463
5388,208.32463
5389,208.32463
5390,208.32463
5391,208.32463
5392,208.32463
5393,208.32463
5394,208.32463
5395,208.32463
5396,208.32463
5397,208.32463
5398,208.32463
5399,203.92463
5400,193.5001
5401,193.5001
5402,190.5001
5403,190.5001
5404,193.5001
5405,204.0001
5406,204.0001
5407,204.0001
5408,205.4901
5409,228.0001
5410,230.5001
5411,230.5001
5412,228.0001
5413,228.0001
5414,230.5001
5415,230.5001
5416,230.5001
5417,228.0001
5418,230.5001
5419,230.5001
5420,230.5001
5421,228.0001
5422,204.0001
5423,204.0001
5424,201.55044
5425,196.55044
5426,194.55044
5427,194.55044
5428,194.55044
5429,194.55044
5430,196.55044
5431,201.55044
5432,201.55044
5433,202.54044
5434,224.55044
5435,224.55044
5436,224.55044
5437,202.54044
5438,201.55044
5439,201.55044
5440,201.55044
5441,201.55044
5442,202.54044
5443,224.55044
5444,224.55044
5445,202.54044
5446,201.55044
5447,201.55044
5448,201.02499
5449,173.52499
5450,170.15099
5451,172.52499
5452,166.31899
5453,130.19199
5454,129.52499
5455,170.15099
5456,173.52499
5457,173.52499
5458,201.02499
5459,201.52499
5460,201.52499
5461,201.52499
5462,201.02499
5463,201.02499
5464,173.52499
5465,201.02499
5466,201.52499
5467,201.52499
5468,201.52499
5469,201.52499
5470,201.52499
5471,201.02499
5472,172.25894
5473,172.45894
5474,167.25894
5475,167.25894
5476,167.25894
5477,167.25894
5478,167.25894
5479,172.25894
5480,172.45894
5481,172.45894
5482,172.45894
5483,172.45894
5484,172.45894
5485,172.45894
5486,172.45894
5487,172.45894
5488,172.45894
5489,172.45894
5490,199.25894
5491,200.75894
5492,200.75894
5493,199.25894
5494,172.45894
5495,172.45894
5496,167.92033
5497,167.92033
5498,164.92033
5499,164.92033
5500,164.92033
5501,168.92033
5502,168.92033
5503,168.92033
5504,169.61433
5505,202.92033
5506,224.92033
5507,202.92033
5508,172.92033
5509,172.92033
5510,202.92033
5511,202.92033
5512,172.92033
5513,168.92033
5514,172.92033
5515,224.92033
5516,202.92033
5517,168.92033
5518,168.92033
5519,170.54633
5520,168.88887
5521,156.88887
5522,151.88887
5523,151.88887
5524,156.88887
5525,170.88887
5526,170.88887
5527,170.88887
5528,171.88887
5529,171.88887
5530,186.88887
5531,186.88887
5532,171.88887
5533,171.88887
5534,171.88887
5535,186.88887
5536,171.88887
5537,171.88887
5538,171.88887
5539,171.88887
5540,171.88887
5541,170.88887
5542,170.88887
5543,168.88887
5544,168.26142
5545,167.34042
5546,130.24142
5547,130.24142
5548,145.26142
5549,168.26142
5550,168.26142
5551,170.26142
5552,170.26142
5553,186.26142
5554,205.26142
5555,186.26142
5556,186.26142
5557,186.26142
5558,186.26142
5559,186.26142
5560,186.26142
5561,186.26142
5562,186.26142
5563,186.26142
5564,275.26142
5565,205.26142
5566,170.26142
5567,170.26142
5568,146.04291
5569,136.33191
5570,130.04291
5571,130.04291
5572,130.04291
5573,146.04291
5574,151.04291
5575,206.04291
5576,271.04291
5577,276.04291
5578,276.04291
5579,206.04291
5580,206.04291
5581,206.04291
5582,254.04291
5583,254.04291
5584,206.04291
5585,205.04291
5586,254.04291
5587,276.04291
5588,254.04291
5589,206.04291
5590,151.04291
5591,151.04291
5592,142.91898
5593,142.91898
5594,132.91798
5595,132.91798
5596,132.91798
5597,132.91798
5598,133.58598
5599,132.91798
5600,142.91898
5601,142.91898
5602,207.91898
5603,207.91898
5604,207.91898
5605,142.91898
5606,142.91898
5607,142.91898
5608,140.58098
5609,140.58098
5610,207.91898
5611,276.91898
5612,207.91898
5613,142.91898
5614,132.91798
5615,132.91798
5616,134.70314
5617,134.70314
5618,129.70314
5619,129.70314
5620,129.70314
5621,125.70314
5622,106.78114
5623,125.70314
5624,129.70314
5625,134.70314
5626,134.70314
5627,134.70314
5628,135.68314
5629,134.70314
5630,134.70314
5631,134.70314
5632,134.70314
5633,134.70314
5634,192.70314
5635,192.70314
5636,192.70314
5637,192.70314
5638,135.68314
5639,129.70314
5640,147.30111
5641,132.28111
5642,131.30111
5643,131.30111
5644,131.30111
5645,147.30111
5646,147.30111
5647,177.30111
5648,177.30111
5649,177.30111
5650,207.30111
5651,207.30111
5652,207.30111
5653,207.30111
5654,276.30111
5655,207.30111
5656,207.30111
5657,206.30111
5658,276.30111
5659,276.80111
5660,276.80111
5661,206.30111
5662,177.30111
5663,147.30111
5664,156.33793
5665,156.33793
5666,172.43793
5667,172.43793
5668,156.33793
5669,156.33793
5670,156.33793
5671,164.43793
5672,164.43793
5673,204.43793
5674,271.43793
5675,271.93793
5676,204.43793
5677,204.43793
5678,271.93793
5679,271.93793
5680,204.43793
5681,172.53893
5682,271.43793
5683,273.93793
5684,271.93793
5685,172.53893
5686,172.43793
5687,156.33793
5688,125.41637
5689,125.41637
5690,120.41637
5691,120.41637
5692,120.41637
5693,125.41637
5694,130.39637
5695,145.40637
5696,145.40637
5697,203.41637
5698,215.41637
5699,215.41637
5700,205.41637
5701,215.41637
5702,272.91637
5703,215.41637
5704,215.41637
5705,154.80237
5706,205.41637
5707,215.41637
5708,205.41637
5709,145.40637
5710,145.40637
5711,130.39637
5712,121.69482
5713,121.69482
5714,121.69482
5715,121.69482
5716,121.69482
5717,121.69482
5718,121.69482
5719,126.19482
5720,155.58082
5721,203.19482
5722,206.19482
5723,206.19482
5724,203.19482
5725,206.19482
5726,206.19482
5727,206.19482
5728,203.19482
5729,202.19482
5730,206.19482
5731,276.19482
5732,273.69482
5733,167.19482
5734,126.19482
5735,121.69482
5736,124.89823
5737,124.89823
5738,119.89823
5739,119.89823
5740,124.89823
5741,129.87823
5742,133.65423
5743,156.89823
5744,156.89823
5745,156.89823
5746,163.89823
5747,163.89823
5748,163.89823
5749,163.89823
5750,163.89823
5751,163.89823
5752,156.89823
5753,156.89823
5754,163.89823
5755,204.89823
5756,163.89823
5757,156.89823
5758,156.89823
5759,154.89823
5760,144.30366
5761,127.91166
5762,123.30366
5763,123.30366
5764,123.30366
5765,123.30366
5766,123.30366
5767,144.30366
5768,144.41766
5769,149.30366
5770,149.30366
5771,179.30366
5772,149.30366
5773,149.30366
5774,149.30366
5775,149.30366
5776,144.41766
5777,144.41766
5778,179.30366
5779,179.30366
5780,169.30366
5781,149.30366
5782,144.41766
5783,144.41766
5784,148.93543
5785,148.93543
5786,144.43543
5787,144.43543
5788,144.43543
5789,144.43543
5790,144.43543
5791,144.43543
5792,148.93543
5793,148.93543
5794,148.93543
5795,148.93543
5796,148.93543
5797,148.93543
5798,148.93543
5799,148.93543
5800,148.93543
5801,148.93543
5802,148.93543
5803,174.44943
5804,174.44943
5805,174.44943
5806,148.93543
5807,148.93543
5808,174.7774
5809,174.7774
5810,174.7774
5811,174.7774
5812,174.7774
5813,174.7774
5814,174.7774
5815,194.3224
5816,194.3224
5817,196.4364
5818,196.4364
5819,196.4364
5820,196.4364
5821,196.4364
5822,196.4364
5823,196.4364
5824,196.4364
5825,196.4364
5826,204.3224
5827,271.8224
5828,214.3224
5829,196.4364
5830,194.3224
5831,194.3124
5832,205.2181
5833,195.2321
5834,195.2321
5835,195.2321
5836,195.2321
5837,246.1181
5838,246.1181
5839,246.1181
5840,266.1181
5841,246.1181
5842,246.1181
5843,266.1181
5844,266.1181
5845,266.1181
5846,266.1181
5847,266.1181
5848,266.1181
5849,246.1181
5850,266.1181
5851,266.1181
5852,266.1181
5853,246.1181
5854,205.2181
5855,205.2181
5856,216.97465
5857,186.97465
5858,186.97465
5859,186.97465
5860,245.75465
5861,216.97465
5862,245.75465
5863,246.97465
5864,255.08865
5865,255.08865
5866,266.47465
5867,266.97465
5868,265.97465
5869,266.47465
5870,266.97465
5871,266.97465
5872,266.97465
5873,255.08865
5874,266.97465
5875,269.67465
5876,266.97465
5877,265.97465
5878,255.08865
5879,245.75465
5880,259.23344
5881,243.05344
5882,236.22344
5883,236.22344
5884,236.22344
5885,259.23344
5886,259.23344
5887,259.23344
5888,266.23344
5889,266.23344
5890,272.33344
5891,272.33344
5892,272.33344
5893,272.33344
5894,272.33344
5895,272.33344
5896,272.33344
5897,266.23344
5898,272.33344
5899,272.33344
5900,272.33344
5901,272.33344
5902,259.23344
5903,259.23344
5904,259.86702
5905,247.08402
5906,244.86702
5907,247.08402
5908,264.86702
5909,259.86702
5910,259.86702
5911,259.86702
5912,264.86702
5913,264.86702
5914,269.86702
5915,264.41702
5916,264.41702
5917,264.41702
5918,264.41702
5919,264.41702
5920,264.41702
5921,264.41702
5922,264.86702
5923,264.86702
5924,264.41702
5925,264.41702
5926,264.86702
5927,259.86702
5928,259.81752
5929,259.80252
5930,255.22752
5931,255.22752
5932,255.22752
5933,255.22752
5934,259.80252
5935,264.81252
5936,259.81752
5937,259.81752
5938,264.81252
5939,264.81252
5940,264.81252
5941,259.81752
5942,259.81752
5943,259.81752
5944,259.81752
5945,259.81752
5946,264.81252
5947,264.81252
5948,264.81252
5949,259.81752
5950,259.81752
5951,255.22752
5952,264.71252
5953,254.81252
5954,244.18652
5955,250.81252
5956,250.81252
5957,250.81252
5958,244.18652
5959,244.18652
5960,250.81252
5961,254.81252
5962,264.71252
5963,264.71252
5964,264.71252
5965,264.71252
5966,264.71252
5967,254.81252
5968,254.81252
5969,254.81252
5970,264.71252
5971,264.81252
5972,264.81252
5973,264.71252
5974,264.71252
5975,254.81252
5976,253.19451
5977,253.19451
5978,253.19451
5979,253.19451
5980,253.19451
5981,255.19451
5982,255.19451
5983,265.19451
5984,266.09451
5985,266.09451
5986,266.09451
5987,266.09451
5988,265.19451
5989,265.19451
5990,266.09451
5991,266.09451
5992,265.19451
5993,265.19451
5994,266.09451
5995,266.09451
5996,266.09451
5997,265.19451
5998,263.86351
5999,256.19451
6000,244.26487
6001,244.26487
6002,244.26487
6003,241.26487
6004,244.26487
6005,256.26487
6006,256.31487
6007,256.31487
6008,256.31487
6009,266.26487
6010,266.26487
6011,266.26487
6012,256.31487
6013,256.31487
6014,258.35887
6015,258.35887
6016,258.35887
6017,256.31487
6018,266.26487
6019,266.26487
6020,266.25487
6021,258.35887
6022,256.31487
6023,256.31487
6024,239.56199
6025,239.56199
6026,170.56199
6027,170.56199
6028,239.56199
6029,239.56199
6030,239.56199
6031,255.56199
6032,255.56199
6033,285.56199
6034,273.56199
6035,270.56199
6036,255.56199
6037,255.56199
6038,273.56199
6039,273.56199
6040,273.56199
6041,255.56199
6042,265.46199
6043,273.56199
6044,265.46199
6045,255.56199
6046,255.56199
6047,239.56199
6048,169.41409
6049,169.41409
6050,169.41409
6051,169.41409
6052,169.41409
6053,169.91409
6054,225.41409
6055,169.91409
6056,225.41409
6057,240.41409
6058,240.41409
6059,225.41409
6060,247.26909
6061,247.26909
6062,265.41409
6063,265.41409
6064,247.26909
6065,247.26909
6066,265.41409
6067,265.41409
6068,265.41409
6069,247.26909
6070,225.41409
6071,169.91409
6072,192.0205
6073,190.0205
6074,190.0205
6075,190.0205
6076,190.0205
6077,193.6885
6078,222.4035
6079,240.0205
6080,245.7945
6081,245.7945
6082,245.7945
6083,245.7945
6084,245.7945
6085,245.7945
6086,265.0205
6087,265.0205
6088,245.7945
6089,245.7945
6090,265.0205
6091,265.0205
6092,265.0205
6093,245.7945
6094,245.7945
6095,240.0205
6096,212.2288
6097,212.2288
6098,212.2288
6099,212.2288
6100,212.2288
6101,212.2288
6102,212.2288
6103,240.7638
6104,247.7638
6105,247.7638
6106,247.7638
6107,247.7638
6108,247.7638
6109,247.7638
6110,247.7638
6111,247.7638
6112,247.7638
6113,247.7638
6114,251.2638
6115,271.2638
6116,251.2638
6117,247.7638
6118,247.7638
6119,247.7638
6120,209.68871
6121,209.58871
6122,209.58871
6123,209.58871
6124,209.58871
6125,209.58871
6126,199.58871
6127,209.58871
6128,209.58871
6129,209.58871
6130,209.68871
6131,209.68871
6132,214.06871
6133,209.68871
6134,209.68871
6135,209.58871
6136,209.58871
6137,209.58871
6138,214.06871
6139,270.08871
6140,270.08871
6141,214.06871
6142,214.06871
6143,209.58871
6144,257.04427
6145,257.04427
6146,257.04427
6147,257.04427
6148,257.04427
6149,267.04427
6150,267.04427
6151,270.04427
6152,270.04427
6153,272.04427
6154,277.04427
6155,277.04427
6156,272.04427
6157,272.04427
6158,277.04427
6159,277.04427
6160,272.04427
6161,277.04427
6162,282.04427
6163,292.04427
6164,282.04427
6165,277.04427
6166,270.04427
6167,270.04427
6168,260.54277
6169,260.54277
6170,245.54277
6171,245.54277
6172,260.54277
6173,265.54277
6174,264.54277
6175,290.54277
6176,290.54277
6177,296.54277
6178,296.54277
6179,305.54277
6180,305.54277
6181,305.54277
6182,305.54277
6183,296.54277
6184,296.54277
6185,290.54277
6186,305.54277
6187,305.54277
6188,305.54277
6189,315.54277
6190,296.54277
6191,267.54277
6192,293.5858
6193,293.5858
6194,293.5858
6195,293.5858
6196,293.5858
6197,293.5858
6198,293.3248
6199,293.5858
6200,293.5858
6201,305.3248
6202,305.3248
6203,305.3248
6204,305.3248
6205,305.3248
6206,305.3248
6207,305.3248
6208,305.3248
6209,321.8248
6210,307.3248
6211,307.3248
6212,305.3248
6213,305.3248
6214,293.5858
6215,293.3248
6216,313.17518
6217,313.17518
6218,313.17518
6219,308.37518
6220,308.37518
6221,313.17518
6222,313.17518
6223,313.17518
6224,313.17518
6225,313.17518
6226,313.17518
6227,313.17518
6228,313.17518
6229,313.17518
6230,313.17518
6231,313.17518
6232,313.17518
6233,313.17518
6234,313.87518
6235,313.87518
6236,313.87518
6237,313.17518
6238,313.17518
6239,308.37518
6240,294.11491
6241,294.11491
6242,249.11491
6243,249.11491
6244,249.11491
6245,295.11491
6246,295.11491
6247,315.11491
6248,294.11491
6249,315.11491
6250,315.11491
6251,316.11491
6252,315.11491
6253,315.11491
6254,315.11491
6255,315.11491
6256,315.11491
6257,315.11491
6258,322.11491
6259,322.11491
6260,319.11491
6261,315.11491
6262,295.11491
6263,249.11491
6264,322.72062
6265,316.22062
6266,316.22062
6267,312.22062
6268,316.22062
6269,321.22062
6270,321.72062
6271,312.22062
6272,316.22062
6273,322.72062
6274,322.72062
6275,322.72062
6276,322.72062
6277,321.72062
6278,321.72062
6279,321.22062
6280,312.22062
6281,312.22062
6282,322.92062
6283,322.92062
6284,322.72062
6285,321.22062
6286,312.22062
6287,311.22062
6288,323.71252
6289,323.71252
6290,323.71252
6291,322.41252
6292,320.35252
6293,322.41252
6294,320.35252
6295,323.71252
6296,323.71252
6297,323.71252
6298,323.71252
6299,339.81252
6300,339.81252
6301,323.71252
6302,323.71252
6303,323.71252
6304,323.71252
6305,323.71252
6306,349.81252
6307,380.81252
6308,379.81252
6309,349.81252
6310,323.71252
6311,323.71252
6312,350.909
6313,350.909
6314,350.909
6315,350.909
6316,350.909
6317,350.909
6318,374.909
6319,382.909
6320,382.909
6321,384.909
6322,444.909
6323,594.909
6324,444.909
6325,594.909
6326,594.909
6327,444.909
6328,386.909
6329,382.909
6330,594.909
6331,594.909
6332,394.909
6333,382.909
6334,382.909
6335,374.909
6336,317.59507
6337,390.59507
6338,317.59507
6339,455.59507
6340,621.49507
6341,621.49507
6342,621.49507
6343,745.59507
6344,745.59507
6345,745.59507
6346,745.59507
6347,955.59507
6348,745.59507
6349,745.59507
6350,955.59507
6351,745.59507
6352,745.59507
6353,745.59507
6354,955.59507
6355,955.59507
6356,745.59507
6357,745.59507
6358,955.59507
6359,621.49507
6360,836.81252
6361,836.81252
6362,836.81252
6363,836.81252
6364,836.81252
6365,836.81252
6366,836.81252
6367,849.81252
6368,849.81252
6369,849.81252
6370,987.31252
6371,987.31252
6372,969.81252
6373,969.81252
6374,987.31252
6375,969.81252
6376,849.81252
6377,849.81252
6378,987.31252
6379,1069.81252
6380,969.81252
6381,849.81252
6382,849.81252
6383,836.81252
6384,460.53322
6385,395.89822
6386,290.89822
6387,295.89822
6388,395.89822
6389,865.89822
6390,865.89822
6391,865.89822
6392,1030.89822
6393,865.89822
6394,865.89822
6395,865.89822
6396,865.89822
6397,865.89822
6398,1030.89822
6399,1030.89822
6400,865.89822
6401,865.89822
6402,1030.89822
6403,1030.89822
6404,865.89822
6405,1045.89822
6406,865.89822
6407,865.89822
6408,844.81252
6409,844.81252
6410,844.81252
6411,844.81252
6412,844.81252
6413,844.81252
6414,844.81252
6415,894.81252
6416,944.81252
6417,1004.81252
6418,844.81252
6419,844.81252
6420,844.81252
6421,844.81252
6422,894.81252
6423,844.81252
6424,844.81252
6425,844.81252
6426,1004.81252
6427,844.81252
6428,844.81252
6429,944.81252
6430,844.81252
6431,844.81252
6432,943.92252
6433,943.81252
6434,924.81252
6435,854.81252
6436,854.81252
6437,924.81252
6438,924.81252
6439,854.81252
6440,943.92252
6441,943.92252
6442,943.92252
6443,943.92252
6444,943.92252
6445,943.92252
6446,943.92252
6447,943.81252
6448,943.81252
6449,943.92252
6450,943.92252
6451,943.92252
6452,943.92252
6453,943.92252
6454,943.92252
6455,943.92252
6456,924.81252
6457,884.81252
6458,884.81252
6459,869.81252
6460,869.81252
6461,844.81252
6462,869.81252
6463,844.81252
6464,884.81252
6465,884.81252
6466,1014.81252
6467,924.81252
6468,924.81252
6469,924.81252
6470,1014.81252
6471,884.81252
6472,884.81252
6473,884.81252
6474,1014.81252
6475,1014.81252
6476,1014.81252
6477,1014.81252
6478,924.81252
6479,869.81252
6480,890.20262
6481,845.20262
6482,795.20262
6483,795.20262
6484,890.20262
6485,890.20262
6486,890.20262
6487,890.20262
6488,985.20262
6489,1030.61262
6490,1030.61262
6491,1035.20262
6492,1035.20262
6493,1035.20262
6494,1045.20262
6495,1045.20262
6496,1030.61262
6497,1030.61262
6498,1030.61262
6499,1035.20262
6500,1030.61262
6501,1030.61262
6502,985.20262
6503,890.20262
6504,795.04297
6505,795.04297
6506,795.04297
6507,795.04297
6508,795.04297
6509,885.04297
6510,885.04297
6511,885.04297
6512,1035.04297
6513,1073.74297
6514,1495.04297
6515,1495.04297
6516,1045.04297
6517,1040.77197
6518,1045.04297
6519,1035.04297
6520,885.04297
6521,885.04297
6522,1045.04297
6523,1045.04297
6524,885.04297
6525,885.04297
6526,885.04297
6527,795.04297
6528,850.68278
6529,850.68278
6530,750.63678
6531,392.11078
6532,850.68278
6533,850.68278
6534,850.68278
6535,1030.68278
6536,1074.49078
6537,1074.49078
6538,1074.49178
6539,1195.68278
6540,1074.49078
6541,1074.49078
6542,1074.49178
6543,1074.49178
6544,1074.49078
6545,850.68278
6546,1074.49078
6547,1074.49078
6548,1065.68278
6549,1065.68278
6550,850.68278
6551,529.12978
6552,1086.36847
6553,1086.36847
6554,1069.60547
6555,1069.60547
6556,1086.36847
6557,1086.36847
6558,1086.36847
6559,1500.79847
6560,1200.79847
6561,1200.79847
6562,1200.79847
6563,1200.79847
6564,1200.79847
6565,1500.79847
6566,1500.79847
6567,1500.79847
6568,1200.79847
6569,1200.79847
6570,1200.79847
6571,1200.79847
6572,1200.79847
6573,1200.79847
6574,1500.79847
6575,1086.36847
6576,1511.48199
6577,1511.48199
6578,1511.48199
6579,1511.48199
6580,1511.48199
6581,1540.73199
6582,1540.73199
6583,1790.73199
6584,1641.73199
6585,1790.73199
6586,1790.73199
6587,1805.73199
6588,1790.73199
6589,1641.73199
6590,1790.73199
6591,1790.73199
6592,1790.73199
6593,1641.73199
6594,1641.73199
6595,1511.48199
6596,1540.73199
6597,1540.73199
6598,1511.48199
6599,1511.48199
6600,1940.51624
6601,1940.51624
6602,1820.51624
6603,1820.51624
6604,1940.51624
6605,1940.51624
6606,1940.51624
6607,1800.81624
6608,1900.51624
6609,1940.51624
6610,1940.51624
6611,1940.51624
6612,1940.51624
6613,1940.51624
6614,1900.51624
6615,1940.51624
6616,1800.81624
6617,1800.81624
6618,1800.81624
6619,1810.51624
6620,1800.81624
6621,1940.51624
6622,1940.51624
6623,1944.51624
6624,1940.83746
6625,1940.83746
6626,1940.83746
6627,1940.83746
6628,1069.64646
6629,1069.64646
6630,780.83746
6631,1890.83746
6632,1069.64646
6633,1940.83746
6634,1069.64646
6635,1069.64646
6636,1890.83746
6637,1940.83746
6638,1940.83746
6639,1940.83746
6640,1890.83746
6641,1940.83746
6642,1940.83746
6643,1940.83746
6644,1940.83746
6645,1946.43746
6646,1942.83746
6647,1940.83746
6648,1940.82055
6649,830.82055
6650,780.82055
6651,830.82055
6652,1060.81055
6653,1940.82055
6654,1940.82055
6655,1955.82055
6656,2821.52055
6657,1940.82055
6658,1942.82055
6659,1946.42055
6660,1942.82055
6661,1946.42055
6662,1946.42055
6663,1942.82055
6664,1942.82055
6665,1942.82055
6666,1955.82055
6667,1955.82055
6668,1942.82055
6669,1942.82055
6670,1955.82055
6671,1940.82055
6672,1940.70667
6673,1561.40667
6674,1561.40667
6675,1561.40667
6676,1561.40667
6677,1940.70667
6678,1940.70667
6679,1561.40667
6680,1940.70667
6681,1940.70667
6682,1940.70667
6683,1942.70667
6684,1940.70667
6685,1942.70667
6686,1942.70667
6687,1942.70667
6688,1942.70667
6689,1940.70667
6690,1942.70667
6691,1942.70667
6692,1942.70667
6693,1940.70667
6694,1942.70667
6695,1561.40667
6696,1940.51624
6697,1940.51624
6698,1621.21624
6699,1621.21624
6700,1621.21624
6701,1621.21624
6702,1621.21624
6703,1621.21624
6704,1940.51624
6705,1940.51624
6706,1940.51624
6707,1940.51624
6708,1941.51624
6709,1941.51624
6710,1942.51624
6711,1941.51624
6712,1940.51624
6713,1940.51624
6714,1941.51624
6715,1940.51624
6716,1940.51624
6717,1941.51624
6718,1940.51624
6719,1621.21624
6720,1942.77613
6721,1942.77613
6722,1942.77613
6723,1940.77613
6724,1942.77613
6725,1942.77613
6726,1942.77613
6727,1942.77613
6728,1942.77613
6729,1942.77613
6730,1942.77613
6731,1942.77613
6732,1942.77613
6733,1942.77613
6734,1942.77613
6735,1942.77613
6736,1942.77613
6737,1942.77613
6738,1942.77613
6739,1942.77613
6740,1942.77613
6741,1942.77613
6742,1942.77613
6743,1942.77613
6744,1940.51624
6745,1890.51624
6746,1940.51624
6747,1070.91624
6748,1070.91624
6749,1940.51624
6750,1890.51624
6751,1940.51624
6752,1940.51624
6753,1942.51624
6754,1948.51624
6755,1948.51624
6756,1942.51624
6757,1948.51624
6758,1948.51624
6759,1942.51624
6760,1942.51624
6761,1940.51624
6762,1948.51624
6763,1948.51624
6764,1942.51624
6765,1942.51624
6766,1940.51624
6767,1940.51624
6768,1066.54155
6769,780.54155
6770,780.54155
6771,631.00155
6772,690.54155
6773,780.54155
6774,780.54155
6775,890.54155
6776,1066.54155
6777,1067.54155
6778,1068.54155
6779,1068.54155
6780,1068.54155
6781,1068.54155
6782,1067.54155
6783,1067.54155
6784,1066.54155
6785,1066.54155
6786,1070.94155
6787,1070.94255
6788,1068.54155
6789,1067.54155
6790,1067.54155
6791,780.54155
6792,442.37073
6793,339.57273
6794,339.57273
6795,351.19773
6796,351.19773
6797,339.57273
6798,282.92873
6799,282.92873
6800,339.57273
6801,442.37073
6802,945.61873
6803,945.61873
6804,1076.01873
6805,945.61873
6806,442.37073
6807,339.57273
6808,339.57273
6809,351.19773
6810,1095.61873
6811,1095.61873
6812,1095.61873
6813,1076.01873
6814,945.61873
6815,395.61873
6816,1201.45263
6817,1091.45263
6818,941.45263
6819,691.45263
6820,691.45263
6821,691.45263
6822,691.45263
6823,844.57663
6824,1071.85263
6825,1071.85263
6826,1071.85263
6827,1071.85263
6828,1071.85263
6829,1071.85263
6830,1071.85263
6831,1071.85263
6832,1071.85263
6833,1071.85263
6834,1191.45263
6835,1201.45263
6836,1191.45263
6837,1091.45263
6838,1201.45263
6839,1091.45263
6840,990.51624
6841,990.51624
6842,990.51624
6843,990.51624
6844,990.51624
6845,1040.51624
6846,1040.51624
6847,1070.91724
6848,1070.91724
6849,1070.91724
6850,1070.91724
6851,1490.51624
6852,1070.91724
6853,1070.91724
6854,1542.51624
6855,1542.51624
6856,1070.91724
6857,1542.51624
6858,1542.51624
6859,1542.51624
6860,1490.51624
6861,1070.91724
6862,1070.91724
6863,1040.51624
6864,1070.91724
6865,1070.91724
6866,1940.51624
6867,890.51624
6868,980.51624
6869,1060.51624
6870,1060.51624
6871,1070.91724
6872,1070.91724
6873,1070.91724
6874,1070.91724
6875,1070.91724
6876,1070.91724
6877,1491.51624
6878,1491.51624
6879,1491.51624
6880,1491.51624
6881,1491.51624
6882,1491.51624
6883,1491.51624
6884,1491.51624
6885,1070.91724
6886,1070.91724
6887,1040.51624
6888,935.51624
6889,890.51624
6890,890.51624
6891,890.51624
6892,935.51624
6893,980.51624
6894,990.51624
6895,990.51624
6896,1050.63024
6897,1050.63024
6898,1050.63024
6899,1050.63024
6900,1050.63024
6901,1050.63024
6902,1050.63024
6903,1050.63024
6904,1050.63024
6905,1050.63024
6906,1070.91724
6907,1070.91724
6908,1070.91624
6909,1050.63024
6910,1050.63024
6911,990.51624
6912,935.51624
6913,925.63024
6914,925.63024
6915,925.63024
6916,925.63024
6917,935.51624
6918,935.51624
6919,980.51624
6920,1020.51624
6921,1042.86124
6922,1040.51624
6923,1040.51624
6924,1040.51624
6925,1040.51624
6926,1040.51624
6927,1040.51624
6928,1040.51624
6929,1040.51624
6930,1042.86124
6931,1042.86124
6932,1040.51624
6933,1040.51624
6934,1040.51624
6935,1020.51624
6936,890.52152
6937,890.52152
6938,740.52052
6939,614.57052
6940,740.52052
6941,740.52052
6942,740.52052
6943,890.52152
6944,890.52152
6945,890.52152
6946,1041.63452
6947,1041.63452
6948,1040.52052
6949,1040.52052
6950,890.52152
6951,890.52152
6952,890.52152
6953,890.52152
6954,1041.63452
6955,1041.63452
6956,890.52152
6957,890.52152
6958,890.52152
6959,740.52052
6960,440.57634
6961,440.57634
6962,440.57634
6963,440.57634
6964,440.57634
6965,440.57634
6966,440.57634
6967,440.57634
6968,440.57634
6969,440.57634
6970,449.18734
6971,802.68934
6972,802.68934
6973,802.68934
6974,614.31834
6975,440.57634
6976,440.57634
6977,440.57634
6978,802.68934
6979,802.68934
6980,802.68934
6981,802.68934
6982,440.57634
6983,440.57634
6984,184.21244
6985,184.21244
6986,163.43744
6987,116.47544
6988,174.02344
6989,300.75144
6990,300.75144
6991,698.45744
6992,701.26544
6993,798.45844
6994,798.45844
6995,798.45844
6996,798.45844
6997,798.45844
6998,798.45844
6999,798.45844
7000,798.45844
7001,798.45844
7002,808.83644
7003,808.83544
7004,808.83544
7005,798.45844
7006,798.45844
7007,698.45744
7008,451.08463
7009,451.08463
7010,451.08463
7011,441.08463
7012,451.08463
7013,739.18463
7014,739.18463
7015,741.08563
7016,783.08563
7017,783.08563
7018,783.08563
7019,796.19863
7020,783.08563
7021,796.19863
7022,796.19863
7023,796.19863
7024,796.19863
7025,796.19863
7026,796.19863
7027,796.19863
7028,796.19863
7029,783.08563
7030,796.19863
7031,739.18463
7032,772.71624
7033,772.71624
7034,772.71624
7035,780.63024
7036,772.71624
7037,772.71624
7038,780.63024
7039,780.63024
7040,782.51724
7041,782.51724
7042,782.51724
7043,782.51724
7044,782.51724
7045,782.51724
7046,782.51724
7047,782.51724
7048,782.51724
7049,782.51724
7050,800.89324
7051,797.51624
7052,782.51724
7053,782.51724
7054,780.63024
7055,772.71624
7056,781.51624
7057,781.51624
7058,781.51624
7059,781.51624
7060,781.51624
7061,783.51624
7062,783.51624
7063,794.51724
7064,794.51724
7065,794.51724
7066,798.51724
7067,800.89224
7068,798.51724
7069,800.89224
7070,800.89224
7071,800.89224
7072,800.89224
7073,800.89224
7074,800.89324
7075,800.89324
7076,800.89224
7077,800.89224
7078,794.51724
7079,794.51724
7080,800.89324
7081,793.51624
7082,800.89224
7083,793.51624
7084,800.89224
7085,800.89424
7086,800.89424
7087,800.89524
7088,800.89524
7089,800.89624
7090,800.89724
7091,800.89824
7092,800.89824
7093,800.89824
7094,800.89824
7095,800.89824
7096,800.89824
7097,800.89824
7098,800.89824
7099,800.89824
7100,800.89824
7101,800.89524
7102,800.89524
7103,800.89424
7104,780.51624
7105,780.51624
7106,780.51624
7107,780.51624
7108,780.51624
7109,780.51624
7110,780.51624
7111,800.89224
7112,800.89224
7113,800.89424
7114,800.89524
7115,800.89524
7116,800.89524
7117,800.89524
7118,800.89524
7119,800.89424
7120,800.89424
7121,800.89524
7122,800.89524
7123,800.89524
7124,800.89524
7125,800.89424
7126,800.89224
7127,800.89224
7128,800.89424
7129,800.89424
7130,800.89324
7131,800.89224
7132,800.89224
7133,800.89224
7134,640.51624
7135,800.89224
7136,800.89424
7137,800.89424
7138,800.89624
7139,800.89624
7140,800.89624
7141,800.89424
7142,800.89424
7143,800.89824
7144,800.89724
7145,800.89724
7146,800.89724
7147,800.89724
7148,800.89724
7149,800.89724
7150,800.89624
7151,800.89424
7152,740.52185
7153,770.52185
7154,740.52185
7155,740.52185
7156,740.52185
7157,793.52185
7158,793.52185
7159,800.89985
7160,800.90085
7161,800.90085
7162,800.90185
7163,800.90185
7164,800.90185
7165,800.90185
7166,800.90185
7167,800.90185
7168,800.90185
7169,800.90185
7170,800.90185
7171,800.90185
7172,800.90185
7173,800.90185
7174,800.90085
7175,793.52185
7176,790.51624
7177,790.51624
7178,690.51624
7179,690.51624
7180,790.51624
7181,800.89324
7182,800.89224
7183,800.89524
7184,800.89624
7185,800.89624
7186,800.89724
7187,800.89724
7188,800.89724
7189,800.89724
7190,800.89724
7191,800.89724
7192,800.89724
7193,800.89724
7194,800.89924
7195,800.89924
7196,800.89724
7197,800.89724
7198,800.89524
7199,800.89324
7200,800.88624
7201,800.88624
7202,800.88624
7203,800.88624
7204,800.88624
7205,800.89224
7206,800.89224
7207,800.89324
7208,800.89624
7209,800.89624
7210,800.90024
7211,800.90024
7212,800.90024
7213,800.90024
7214,800.90024
7215,800.90024
7216,800.90024
7217,800.90024
7218,800.90024
7219,800.90024
7220,800.90024
7221,800.89624
7222,800.89324
7223,800.89224
7224,800.89324
7225,800.89324
7226,799.51624
7227,799.51624
7228,800.89324
7229,800.89324
7230,800.89324
7231,800.89424
7232,800.89424
7233,800.89424
7234,800.89524
7235,800.89524
7236,800.89524
7237,800.89524
7238,800.89524
7239,800.89524
7240,800.89524
7241,800.89524
7242,800.89824
7243,800.89624
7244,800.89524
7245,800.89524
7246,800.89424
7247,800.89324
7248,801.45471
7249,801.45471
7250,801.45471
7251,800.07771
7252,801.45471
7253,801.45471
7254,801.45471
7255,801.45571
7256,801.45671
7257,801.45871
7258,801.45871
7259,801.45871
7260,801.45871
7261,801.45971
7262,801.45971
7263,801.45971
7264,801.45971
7265,801.45971
7266,801.46071
7267,801.46071
7268,801.45971
7269,801.46071
7270,801.45871
7271,801.45471
7272,800.89324
7273,800.51624
7274,800.51624
7275,800.51624
7276,800.89324
7277,800.89324
7278,800.51624
7279,800.89324
7280,800.89324
7281,800.89624
7282,800.89824
7283,800.89724
7284,800.89624
7285,800.89924
7286,800.89824
7287,800.89724
7288,800.89624
7289,800.89724
7290,800.89924
7291,800.89924
7292,800.89924
7293,800.89724
7294,800.89624
7295,800.89324
7296,810.72183
7297,810.72283
7298,810.71983
7299,810.71983
7300,810.71983
7301,810.71983
7302,810.71883
7303,810.71883
7304,810.71983
7305,810.71983
7306,810.72483
7307,810.72483
7308,810.72483
7309,810.72483
7310,810.72283
7311,810.71983
7312,810.72183
7313,810.72183
7314,810.72483
7315,810.72483
7316,810.72483
7317,810.72283
7318,810.72183
7319,810.71983
7320,810.0086
7321,810.0086
7322,810.0086
7323,810.0086
7324,810.0086
7325,810.0086
7326,810.0086
7327,810.0056
7328,810.0086
7329,810.0086
7330,810.0086
7331,810.0096
7332,810.0096
7333,810.0096
7334,810.0086
7335,810.0086
7336,810.0086
7337,810.0086
7338,810.0126
7339,810.0126
7340,810.0126
7341,810.0096
7342,810.0086
7343,810.0066
7344,809.63545
7345,699.63545
7346,699.63545
7347,699.63545
7348,810.01445
7349,810.01145
7350,810.01145
7351,810.01445
7352,810.01445
7353,810.01645
7354,810.01745
7355,810.01745
7356,810.01745
7357,810.01745
7358,810.01745
7359,810.01745
7360,810.01745
7361,810.01745
7362,810.01745
7363,810.01745
7364,810.01745
7365,810.01645
7366,810.01445
7367,810.01145
7368,810.0036
7369,810.0036
7370,810.0056
7371,810.0056
7372,810.0036
7373,810.0036
7374,810.0056
7375,810.0076
7376,810.0106
7377,810.0116
7378,810.0116
7379,810.0116
7380,810.0116
7381,810.0116
7382,810.0126
7383,810.0126
7384,810.0126
7385,810.0126
7386,810.0136
7387,810.0136
7388,810.0136
7389,810.0136
7390,810.0116
7391,810.0056
7392,809.6296
7393,809.6296
7394,809.6296
7395,716.7076
7396,809.6296
7397,810.0036
7398,810.0036
7399,810.0056
7400,810.0066
7401,810.0066
7402,810.0076
7403,810.0076
7404,810.0066
7405,810.0066
7406,810.0076
7407,810.0116
7408,810.0076
7409,810.0086
7410,810.0126
7411,810.0116
7412,810.0086
7413,810.0076
7414,810.0066
7415,810.0036
7416,799.92647
7417,799.92647
7418,692.19247
7419,692.19247
7420,679.92647
7421,799.92647
7422,799.92647
7423,804.92647
7424,810.30347
7425,810.30447
7426,810.30447
7427,810.30447
7428,810.30347
7429,810.30347
7430,810.30447
7431,810.30447
7432,810.30347
7433,810.30347
7434,810.30447
7435,810.30447
7436,810.30347
7437,810.30247
7438,799.92647
7439,799.92647
7440,650.00397
7441,600.00397
7442,600.00397
7443,600.00397
7444,600.00397
7445,600.00397
7446,650.00397
7447,717.08197
7448,800.00397
7449,810.00397
7450,810.00397
7451,811.30397
7452,810.00397
7453,800.00397
7454,800.00397
7455,800.00397
7456,800.00397
7457,800.00397
7458,822.81597
7459,822.81497
7460,810.00397
7461,800.00397
7462,717.08197
7463,600.00397
7464,522.37234
7465,501.20534
7466,501.20534
7467,501.20534
7468,501.20534
7469,501.20534
7470,501.20534
7471,501.20534
7472,527.89634
7473,550.20534
7474,550.20534
7475,550.20534
7476,550.20534
7477,550.20534
7478,550.20534
7479,550.20534
7480,550.20534
7481,550.20534
7482,720.20534
7483,720.20534
7484,720.20534
7485,599.20534
7486,550.20534
7487,550.20534
7488,551.73741
7489,549.73741
7490,551.73741
7491,551.73741
7492,549.73741
7493,551.73741
7494,551.73741
7495,649.73741
7496,649.73741
7497,649.73741
7498,799.73741
7499,799.73741
7500,799.73741
7501,822.54841
7502,799.73741
7503,799.73741
7504,799.73741
7505,809.73741
7506,822.54841
7507,809.73741
7508,809.73741
7509,799.73741
7510,649.73741
7511,551.73741
7512,540.01774
7513,522.85374
7514,522.18474
7515,515.06074
7516,540.01774
7517,552.01774
7518,552.01774
7519,552.01774
7520,600.01774
7521,600.01774
7522,805.01774
7523,805.01774
7524,805.01774
7525,805.01774
7526,805.01774
7527,822.83174
7528,805.01774
7529,810.01774
7530,822.83274
7531,822.83174
7532,822.82974
7533,805.01774
7534,600.01774
7535,552.01774
7536,552.2702
7537,552.2702
7538,552.2702
7539,552.2702
7540,552.2702
7541,575.2702
7542,575.2702
7543,650.2702
7544,805.2702
7545,805.2702
7546,810.2702
7547,810.2702
7548,805.2702
7549,805.2702
7550,805.2702
7551,805.2702
7552,805.2702
7553,810.2702
7554,819.2702
7555,819.2702
7556,810.2702
7557,805.2702
7558,650.2702
7559,575.2702
7560,516.25632
7561,470.25632
7562,470.25632
7563,470.25632
7564,470.25632
7565,552.25632
7566,552.25632
7567,552.25632
7568,780.25632
7569,780.25632
7570,805.25632
7571,823.06732
7572,805.25632
7573,805.25632
7574,823.06732
7575,823.06732
7576,823.06732
7577,823.06732
7578,823.06732
7579,823.06732
7580,823.06732
7581,823.06732
7582,823.06932
7583,552.25632
7584,530.1483
7585,530.1483
7586,535.1483
7587,522.9843
7588,530.1483
7589,532.1483
7590,532.1483
7591,532.1483
7592,552.1483
7593,552.1483
7594,822.9603
7595,822.9603
7596,822.9593
7597,822.9593
7598,822.9603
7599,822.9593
7600,822.9593
7601,822.9593
7602,822.9603
7603,822.9603
7604,822.9603
7605,552.1483
7606,552.1483
7607,532.1483
7608,559.72997
7609,551.72997
7610,551.72997
7611,551.72997
7612,551.72997
7613,551.72997
7614,551.72997
7615,789.72997
7616,819.72997
7617,822.54197
7618,822.54297
7619,822.54197
7620,822.54197
7621,819.72997
7622,819.72997
7623,819.72997
7624,819.72997
7625,822.54197
7626,822.54397
7627,822.54297
7628,822.54197
7629,822.54097
7630,819.72997
7631,789.72997
7632,822.4446
7633,822.4446
7634,822.4436
7635,822.4436
7636,822.4436
7637,822.4436
7638,822.4446
7639,822.4436
7640,822.4446
7641,822.4446
7642,822.4446
7643,822.4446
7644,822.4446
7645,822.4446
7646,822.4446
7647,822.4446
7648,822.4436
7649,822.4446
7650,822.4456
7651,822.4486
7652,822.4466
7653,822.4446
7654,822.4446
7655,822.4426
7656,822.88133
7657,822.88033
7658,822.88033
7659,822.88033
7660,822.88033
7661,822.88033
7662,822.88033
7663,822.88133
7664,822.88133
7665,822.88133
7666,822.88133
7667,822.88133
7668,822.88133
7669,822.88133
7670,822.88133
7671,822.88133
7672,822.88133
7673,822.88133
7674,822.88433
7675,822.88433
7676,822.88433
7677,822.88233
7678,822.88133
7679,822.88033
7680,821.6296
7681,821.6296
7682,821.6296
7683,821.6296
7684,821.6296
7685,822.4416
7686,822.4416
7687,822.4436
7688,822.4456
7689,822.4466
7690,822.4466
7691,822.4466
7692,822.4456
7693,822.4466
7694,822.4466
7695,822.4456
7696,822.4456
7697,822.4456
7698,822.4466
7699,822.4466
7700,822.4456
7701,822.4436
7702,822.4416
7703,822.4416
7704,822.4396
7705,822.4406
7706,821.6296
7707,821.6296
7708,821.6296
7709,822.4396
7710,822.4396
7711,822.4406
7712,822.4406
7713,822.4416
7714,822.4426
7715,822.4436
7716,822.4436
7717,822.4436
7718,822.4446
7719,822.4446
7720,822.4436
7721,822.4446
7722,822.4456
7723,822.4456
7724,822.4446
7725,822.4426
7726,822.4396
7727,822.4396
7728,822.4386
7729,822.4386
7730,822.4386
7731,822.4386
7732,822.4386
7733,822.4386
7734,822.4396
7735,822.4396
7736,822.4406
7737,822.4406
7738,822.4416
7739,822.4436
7740,822.4416
7741,822.4416
7742,822.4436
7743,822.4446
7744,822.4416
7745,822.4416
7746,822.4446
7747,822.4446
7748,822.4436
7749,822.4416
7750,822.4396
7751,822.4396
7752,699.6296
7753,699.6296
7754,699.6296
7755,699.6296
7756,699.6296
7757,822.4396
7758,822.4396
7759,822.4396
7760,822.4406
7761,822.4426
7762,822.4446
7763,822.4446
7764,822.4436
7765,822.4446
7766,822.4446
7767,822.4446
7768,822.4446
7769,822.4446
7770,822.4456
7771,822.4456
7772,822.4446
7773,822.4436
7774,822.4396
7775,822.4396
7776,822.4386
7777,819.6296
7778,819.6296
7779,819.6296
7780,819.6296
7781,819.6296
7782,819.6296
7783,821.6296
7784,822.1296
7785,822.4386
7786,822.4386
7787,822.4386
7788,822.4386
7789,822.4386
7790,822.4386
7791,822.1296
7792,822.1296
7793,822.1296
7794,822.4396
7795,822.4396
7796,822.4386
7797,822.1296
7798,821.6296
7799,819.6296
7800,539.98449
7801,539.98449
7802,522.82049
7803,499.98449
7804,499.98449
7805,499.98449
7806,499.98449
7807,499.98449
7808,539.98449
7809,539.98449
7810,579.98449
7811,579.98449
7812,579.98449
7813,579.98449
7814,579.98449
7815,579.98449
7816,579.98449
7817,579.98449
7818,822.79649
7819,822.79649
7820,822.79649
7821,822.79649
7822,822.79549
7823,579.98449
7824,579.64854
7825,579.64854
7826,530.02654
7827,699.64854
7828,579.64854
7829,699.64854
7830,599.64854
7831,699.64854
7832,822.45854
7833,822.45854
7834,822.45854
7835,822.45854
7836,822.45854
7837,822.45854
7838,822.45854
7839,822.45854
7840,822.45854
7841,822.45854
7842,822.45854
7843,822.45854
7844,822.45854
7845,822.45854
7846,822.45854
7847,579.64854
7848,574.63929
7849,574.63929
7850,574.63929
7851,574.63929
7852,574.63929
7853,574.63929
7854,599.64029
7855,749.64029
7856,799.64029
7857,799.64029
7858,800.14029
7859,800.14029
7860,800.14029
7861,800.14029
7862,800.14029
7863,800.14029
7864,800.14029
7865,800.14029
7866,822.45429
7867,822.45129
7868,800.14029
7869,799.64029
7870,749.64029
7871,599.64029
7872,809.93717
7873,809.93717
7874,800.43717
7875,800.43717
7876,809.93717
7877,809.93717
7878,822.74917
7879,822.74817
7880,822.74817
7881,822.74817
7882,822.74917
7883,822.75017
7884,822.74917
7885,822.74917
7886,822.75017
7887,822.75017
7888,822.75017
7889,822.75017
7890,822.75117
7891,822.75017
7892,822.75017
7893,822.74817
7894,822.74817
7895,822.73717
7896,811.5796
7897,811.5796
7898,811.5796
7899,789.6296
7900,811.5796
7901,811.5796
7902,811.5796
7903,822.4426
7904,822.4446
7905,822.4446
7906,822.4466
7907,822.4466
7908,822.4466
7909,822.4466
7910,822.4466
7911,822.4466
7912,822.4466
7913,822.4466
7914,822.4466
7915,822.4466
7916,822.4466
7917,822.4446
7918,822.4426
7919,811.5796
7920,822.4406
7921,789.6296
7922,789.6296
7923,789.6296
7924,789.6296
7925,822.4406
7926,822.4426
7927,822.4456
7928,822.4466
7929,822.4476
7930,822.4476
7931,822.4476
7932,822.4476
7933,822.4476
7934,822.4476
7935,822.4476
7936,822.4476
7937,822.4476
7938,822.4476
7939,822.4476
7940,822.4476
7941,822.4466
7942,822.4466
7943,822.4426
7944,791.5796
7945,791.5796
7946,789.6296
7947,789.6296
7948,789.6296
7949,791.5796
7950,791.5796
7951,791.5796
7952,822.4406
7953,822.4406
7954,822.4416
7955,822.4416
7956,822.4416
7957,822.4426
7958,822.4406
7959,822.4426
7960,822.4406
7961,822.4416
7962,822.4426
7963,822.4426
7964,822.4416
7965,822.4416
7966,822.4406
7967,791.5796
7968,822.4386
7969,789.6296
7970,789.6296
7971,789.6296
7972,789.6296
7973,789.6296
7974,698.6296
7975,789.6296
7976,822.4386
7977,822.4386
7978,822.4386
7979,822.4386
7980,822.4386
7981,822.4386
7982,822.4386
7983,822.4386
7984,822.4386
7985,822.4386
7986,822.4436
7987,822.4436
7988,822.4436
7989,822.4416
7990,822.4386
7991,822.4386
7992,794.6296
7993,794.6296
7994,784.6296
7995,784.6296
7996,784.6296
7997,794.6296
7998,820.6296
7999,822.3296
8000,822.3296
8001,822.4406
8002,822.4406
8003,822.4426
8004,822.4416
8005,822.4426
8006,822.4436
8007,822.4436
8008,822.4426
8009,822.4426
8010,822.4446
8011,822.4446
8012,822.4436
8013,822.4406
8014,822.3296
8015,822.3296
8016,806.24568
8017,806.24568
8018,801.24568
8019,801.24568
8020,806.24568
8021,806.24568
8022,816.23568
8023,817.24568
8024,819.05868
8025,819.05968
8026,819.05968
8027,819.05968
8028,819.05968
8029,819.05968
8030,819.06068
8031,819.06068
8032,819.05968
8033,819.05968
8034,819.06068
8035,819.06068
8036,819.05968
8037,819.05968
8038,819.05868
8039,817.24568
8040,817.24568
8041,817.24568
8042,806.24568
8043,802.19568
8044,806.24568
8045,816.24568
8046,817.24568
8047,819.05968
8048,819.06068
8049,819.06068
8050,819.06068
8051,819.06068
8052,819.06068
8053,819.06068
8054,819.06068
8055,819.06068
8056,819.06068
8057,819.06068
8058,819.06168
8059,819.06168
8060,819.06268
8061,819.06068
8062,819.05968
8063,817.24568
8064,801.24568
8065,796.24568
8066,796.24568
8067,796.24568
8068,796.24568
8069,801.24568
8070,802.24568
8071,802.24568
8072,806.24568
8073,806.24568
8074,816.24568
8075,819.05768
8076,816.24568
8077,816.24568
8078,819.05768
8079,816.24568
8080,816.24568
8081,816.24568
8082,819.05668
8083,819.05668
8084,819.05768
8085,816.24568
8086,802.24568
8087,802.24568
8088,802.49568
8089,801.24568
8090,801.24568
8091,801.24568
8092,801.24568
8093,801.24568
8094,802.49568
8095,802.49568
8096,817.24568
8097,817.24568
8098,818.24568
8099,818.24568
8100,818.24568
8101,818.24568
8102,818.24568
8103,818.24568
8104,818.24568
8105,818.24568
8106,819.05968
8107,818.24568
8108,818.24568
8109,817.24568
8110,802.49568
8111,802.49568
8112,786.35968
8113,786.35968
8114,786.35968
8115,786.35968
8116,786.35968
8117,786.35968
8118,786.35968
8119,796.24568
8120,801.24568
8121,811.44568
8122,811.44568
8123,811.44568
8124,811.44568
8125,811.44568
8126,806.24568
8127,801.24568
8128,801.24568
8129,801.24568
8130,811.44568
8131,811.44568
8132,811.44568
8133,811.44568
8134,801.24568
8135,786.35968
8136,746.29392
8137,746.29392
8138,746.29392
8139,746.29392
8140,741.29392
8141,741.29392
8142,741.29392
8143,741.29392
8144,591.29392
8145,741.29392
8146,741.29392
8147,741.29392
8148,741.29392
8149,741.29392
8150,741.29392
8151,741.29392
8152,741.29392
8153,741.29392
8154,746.29392
8155,776.29392
8156,746.29392
8157,746.29392
8158,746.29392
8159,736.29392
8160,646.37748
8161,646.37748
8162,590.53348
8163,589.05248
8164,646.37748
8165,741.37748
8166,741.37748
8167,745.37748
8168,745.37748
8169,745.49148
8170,745.49148
8171,745.49148
8172,745.49148
8173,745.49148
8174,745.49148
8175,745.49148
8176,745.49148
8177,745.37748
8178,745.49148
8179,745.49148
8180,745.37748
8181,745.37748
8182,745.37748
8183,741.37748
8184,741.56217
8185,716.56217
8186,527.42017
8187,496.56217
8188,496.56217
8189,527.42017
8190,496.56217
8191,496.56217
8192,646.56217
8193,716.56217
8194,716.56217
8195,741.56217
8196,741.56217
8197,741.56217
8198,716.56217
8199,716.56217
8200,716.56217
8201,726.56217
8202,746.56217
8203,746.56217
8204,746.56217
8205,741.56217
8206,726.56217
8207,716.56217
8208,532.27574
8209,532.27574
8210,532.27574
8211,532.27574
8212,589.04374
8213,619.38974
8214,619.38974
8215,645.77574
8216,645.77574
8217,716.27574
8218,716.27574
8219,726.27574
8220,716.27574
8221,716.27574
8222,726.27574
8223,726.27574
8224,716.27574
8225,726.27574
8226,741.27574
8227,736.27574
8228,726.27574
8229,716.27574
8230,645.77574
8231,645.77574
8232,532.58848
8233,494.58848
8234,494.58848
8235,494.58848
8236,494.58848
8237,529.29648
8238,532.58848
8239,604.48848
8240,604.48848
8241,604.48848
8242,738.58848
8243,738.58848
8244,738.58848
8245,738.58848
8246,738.58848
8247,738.58848
8248,738.58848
8249,738.58848
8250,738.58848
8251,738.58848
8252,738.58848
8253,738.58848
8254,604.48848
8255,541.69048
8256,556.38922
8257,541.64322
8258,489.77522
8259,541.64322
8260,527.24722
8261,556.38922
8262,556.38922
8263,596.38922
8264,696.38922
8265,701.38922
8266,701.38922
8267,701.38922
8268,701.38922
8269,701.38922
8270,701.38922
8271,736.38922
8272,740.38922
8273,736.38922
8274,741.38922
8275,741.38922
8276,740.38922
8277,740.38922
8278,696.38922
8279,596.38922
8280,546.37565
8281,546.37565
8282,534.37565
8283,534.37565
8284,534.37565
8285,534.37565
8286,534.37565
8287,546.37565
8288,641.37565
8289,641.37565
8290,641.37565
8291,641.37565
8292,641.37565
8293,641.37565
8294,641.37565
8295,641.37565
8296,641.37565
8297,641.37565
8298,701.37565
8299,701.37565
8300,701.37565
8301,701.37565
8302,641.37565
8303,546.37565
8304,534.52826
8305,534.52826
8306,534.52826
8307,495.83126
8308,490.52826
8309,490.52826
8310,490.52826
8311,490.52826
8312,534.52826
8313,534.52826
8314,534.52826
8315,534.52826
8316,636.52826
8317,636.52826
8318,636.52826
8319,534.52826
8320,534.52826
8321,534.52826
8322,701.52826
8323,701.52826
8324,701.52826
8325,636.52826
8326,534.52826
8327,534.52826
8328,527.38452
8329,517.38452
8330,390.88152
8331,390.88152
8332,496.68752
8333,517.38452
8334,527.38452
8335,527.38452
8336,557.38452
8337,557.38452
8338,702.38452
8339,768.38452
8340,768.38452
8341,702.38452
8342,768.38452
8343,768.38452
8344,702.38452
8345,768.38452
8346,768.38452
8347,768.38452
8348,768.38452
8349,768.38452
8350,557.38452
8351,527.38452
8352,397.42895
8353,397.42895
8354,397.42895
8355,397.42895
8356,496.73195
8357,502.42895
8358,517.42895
8359,522.42895
8360,557.42895
8361,557.42895
8362,587.42895
8363,587.42895
8364,587.42895
8365,557.42895
8366,557.42895
8367,557.42895
8368,557.42895
8369,557.42895
8370,840.22795
8371,840.22795
8372,587.42895
8373,557.42895
8374,522.42895
8375,502.42895
8376,496.35454
8377,496.35454
8378,496.35454
8379,496.35454
8380,516.35954
8381,531.74654
8382,536.35954
8383,546.35954
8384,556.35954
8385,546.35954
8386,556.35954
8387,556.35954
8388,557.50554
8389,647.65954
8390,647.65954
8391,647.65954
8392,647.65954
8393,647.65954
8394,647.65954
8395,647.65954
8396,647.65954
8397,647.65954
8398,556.35954
8399,536.35954
8400,506.33205
8401,506.33205
8402,496.32705
8403,496.32705
8404,496.32705
8405,506.33205
8406,496.32705
8407,516.33205
8408,536.33205
8409,536.33205
8410,536.33205
8411,536.33205
8412,536.33205
8413,536.33205
8414,556.33205
8415,556.33205
8416,556.33205
8417,556.33205
8418,596.33205
8419,596.33205
8420,596.33205
8421,556.33205
8422,536.33205
8423,506.33205
8424,567.40713
8425,399.24513
8426,399.24513
8427,399.24513
8428,567.40713
8429,567.40713
8430,587.40713
8431,627.40713
8432,627.40713
8433,627.40713
8434,627.40713
8435,627.40713
8436,627.40713
8437,627.40713
8438,627.40713
8439,627.40713
8440,627.40713
8441,627.40713
8442,627.40713
8443,627.40713
8444,627.40713
8445,627.40713
8446,627.40713
8447,587.40713
8448,663.02977
8449,636.33777
8450,546.33777
8451,546.33777
8452,546.33777
8453,546.33777
8454,546.33777
8455,636.33777
8456,663.02977
8457,663.02977
8458,663.02977
8459,663.02977
8460,663.02977
8461,663.02977
8462,663.02977
8463,663.02977
8464,663.02977
8465,663.02977
8466,663.02977
8467,711.33777
8468,663.02977
8469,663.02977
8470,663.02977
8471,636.33777
8472,547.33813
8473,547.33813
8474,517.33813
8475,517.33813
8476,517.33813
8477,517.33813
8478,517.33813
8479,517.33813
8480,547.33813
8481,557.33813
8482,677.33813
8483,677.33813
8484,677.33813
8485,677.33813
8486,677.33813
8487,557.33813
8488,578.29313
8489,677.33813
8490,840.13813
8491,840.13813
8492,712.33813
8493,712.33813
8494,677.33813
8495,547.33813
8496,686.93768
8497,686.93768
8498,711.24568
8499,686.93768
8500,686.93768
8501,686.93768
8502,686.93768
8503,716.24568
8504,716.24668
8505,716.24668
8506,716.24668
8507,716.24668
8508,716.24668
8509,716.24668
8510,816.24568
8511,716.24668
8512,716.24668
8513,716.24668
8514,716.24668
8515,716.24668
8516,716.24668
8517,716.24668
8518,716.24668
8519,711.24568
8520,596.24687
8521,596.14687
8522,596.14687
8523,596.14687
8524,596.14687
8525,596.14687
8526,596.14687
8527,726.24687
8528,738.64187
8529,738.64187
8530,738.64187
8531,738.64187
8532,738.64187
8533,738.64187
8534,796.24687
8535,738.64187
8536,738.64187
8537,738.64187
8538,796.24687
8539,796.24687
8540,738.64187
8541,738.64187
8542,726.24687
8543,711.24687
8544,711.52231
8545,586.52231
8546,466.52231
8547,466.52231
8548,586.52231
8549,586.52231
8550,586.52231
8551,711.52231
8552,786.52231
8553,795.52231
8554,796.42231
8555,796.42231
8556,796.42231
8557,796.42231
8558,796.42231
8559,796.42231
8560,796.42231
8561,796.42231
8562,796.42231
8563,796.42231
8564,796.42231
8565,796.42231
8566,786.52231
8567,596.52231
8568,711.24568
8569,676.24568
8570,676.24568
8571,676.24568
8572,595.24568
8573,676.24568
8574,676.24568
8575,711.24568
8576,712.24568
8577,712.24568
8578,712.24568
8579,712.24568
8580,712.24568
8581,712.24568
8582,712.24568
8583,711.24568
8584,711.24568
8585,711.24568
8586,712.24568
8587,712.24568
8588,712.24568
8589,711.24568
8590,676.24568
8591,595.24568
8592,499.03117
8593,499.03117
8594,499.03117
8595,498.94117
8596,364.08217
8597,349.27217
8598,291.10417
8599,291.10417
8600,349.27217
8601,393.86317
8602,499.03117
8603,499.03117
8604,500.03117
8605,500.03117
8606,499.03117
8607,499.03117
8608,499.03117
8609,499.03117
8610,585.03117
8611,600.03117
8612,585.03117
8613,585.03117
8614,499.03117
8615,499.03117
8616,503.45019
8617,503.45019
8618,503.45019
8619,503.45019
8620,503.45019
8621,503.45019
8622,503.45019
8623,503.45019
8624,506.45019
8625,506.45019
8626,506.45019
8627,506.45019
8628,506.45019
8629,506.45019
8630,506.45019
8631,506.45019
8632,506.45019
8633,506.45019
8634,532.83719
8635,546.45019
8636,516.45019
8637,516.45019
8638,506.45019
8639,506.45019
8640,491.43782
8641,491.43782
8642,491.43782
8643,486.43782
8644,486.43782
8645,486.43782
8646,476.43782
8647,486.43782
8648,491.43782
8649,544.43782
8650,544.43782
8651,592.43782
8652,592.43782
8653,592.43782
8654,544.43782
8655,544.43782
8656,501.43782
8657,544.43782
8658,592.43782
8659,592.43782
8660,592.43782
8661,592.43782
8662,592.43782
8663,501.43782
8664,350.16809
8665,350.16809
8666,350.16809
8667,350.16809
8668,350.16809
8669,357.51709
8670,391.14109
8671,477.51709
8672,487.51709
8673,487.51709
8674,504.51709
8675,504.51709
8676,504.51709
8677,504.51709
8678,504.51709
8679,504.51709
8680,504.51709
8681,487.51709
8682,504.51709
8683,504.51709
8684,504.51709
8685,504.51709
8686,482.51709
8687,391.14109
8688,391.15978
8689,325.45378
8690,325.45378
8691,325.45378
8692,325.45378
8693,325.45378
8694,325.45378
8695,361.16278
8696,396.21178
8697,477.11178
8698,447.11178
8699,447.11178
8700,447.11178
8701,447.11178
8702,447.11178
8703,447.11178
8704,447.11178
8705,396.21178
8706,447.11178
8707,477.11178
8708,447.11178
8709,447.11178
8710,396.21178
8711,396.21178
8712,476.72615
8713,446.72615
8714,446.72615
8715,446.72615
8716,446.72615
8717,446.72615
8718,446.72615
8719,476.72615
8720,481.72615
8721,481.72615
8722,481.72615
8723,486.72615
8724,481.72615
8725,481.72615
8726,481.72615
8727,481.72615
8728,481.72615
8729,481.72615
8730,486.72615
8731,486.72615
8732,481.72615
8733,481.72615
8734,481.72615
8735,476.22615
8736,386.62918
8737,376.62918
8738,376.62918
8739,376.62918
8740,376.62918
8741,376.62918
8742,376.62918
8743,386.62918
8744,391.62918
8745,416.62918
8746,416.62918
8747,416.62918
8748,416.62918
8749,471.62918
8750,416.62918
8751,416.62918
8752,391.62918
8753,391.62918
8754,476.62918
8755,476.62918
8756,471.62918
8757,416.62918
8758,391.62918
8759,416.62918
