,cop_per_kwh
0,186.57681
1,186.57681
2,186.57681
3,198.25581
4,186.57681
5,186.57681
6,185.57681
7,183.55681
8,185.57681
9,185.57681
10,186.57681
11,186.57681
12,187.55681
13,191.47781
14,187.55681
15,186.57681
16,186.57681
17,187.55681
18,224.57681
19,224.57681
20,224.57681
21,224.57681
22,224.57681
23,186.57681
24,145.72632
25,145.72632
26,145.72632
27,145.72632
28,145.72632
29,145.72632
30,145.72632
31,145.72632
32,145.72632
33,145.72632
34,150.65332
35,226.72632
36,226.72632
37,226.72632
38,226.72632
39,226.72632
40,188.70632
41,226.72632
42,257.72632
43,257.72632
44,257.72632
45,257.72632
46,257.72632
47,226.72632
48,97.90116
49,188.15416
50,184.15416
51,97.90116
52,184.15416
53,198.85316
54,188.15416
55,205.17416
56,205.17416
57,205.17416
58,205.17416
59,225.17416
60,225.17416
61,226.17416
62,226.17416
63,226.17416
64,226.17416
65,225.17416
66,226.17416
67,244.17416
68,226.17416
69,226.17416
70,205.17416
71,205.17416
72,98.05722
73,98.05722
74,98.05722
75,98.05722
76,107.05722
77,107.05722
78,107.05722
79,107.05722
80,115.55722
81,194.05722
82,194.05722
83,194.05722
84,194.05722
85,194.05722
86,194.05722
87,194.05722
88,194.05722
89,194.05722
90,224.05722
91,224.05722
92,194.05722
93,194.05722
94,194.05722
95,115.55722
96,114.63114
97,114.63114
98,114.63114
99,114.63114
100,114.63114
101,114.63114
102,114.63114
103,114.63114
104,186.13114
105,186.13114
106,203.12114
107,203.12114
108,203.12114
109,203.12114
110,203.12114
111,203.12114
112,203.12114
113,203.12114
114,206.13114
115,206.13114
116,206.13114
117,203.12114
118,203.12114
119,186.13114
120,181.40491
121,181.40491
122,181.40491
123,181.40491
124,181.40491
125,181.40491
126,181.40491
127,181.40491
128,184.50491
129,185.50491
130,200.50491
131,200.50491
132,200.50491
133,200.50491
134,200.50491
135,200.50491
136,200.50491
137,200.50491
138,200.50491
139,200.50491
140,200.50491
141,200.50491
142,185.50491
143,184.50491
144,183.59194
145,183.59194
146,183.59194
147,183.59194
148,183.59194
149,183.59194
150,183.59194
151,189.59194
152,189.59194
153,201.59194
154,200.59194
155,208.85194
156,208.85194
157,208.85194
158,208.85194
159,208.85194
160,208.85194
161,201.59194
162,208.85194
163,208.85194
164,208.85194
165,208.85194
166,189.59194
167,189.59194
168,202.09207
169,202.09207
170,201.09207
171,201.09207
172,201.09207
173,201.09207
174,201.09207
175,203.09207
176,203.09207
177,203.09207
178,203.09207
179,204.09207
180,204.09207
181,204.09207
182,204.09207
183,204.09207
184,204.09207
185,204.09207
186,209.35207
187,209.35207
188,209.35207
189,204.09207
190,203.09207
191,203.09207
192,200.05558
193,200.05558
194,200.05558
195,200.05558
196,200.05558
197,200.05558
198,175.05558
199,175.05558
200,200.05558
201,200.05558
202,200.05558
203,200.05558
204,200.05558
205,200.05558
206,200.05558
207,200.05558
208,200.05558
209,200.05558
210,205.05558
211,205.05558
212,205.05558
213,205.05558
214,205.05558
215,205.05558
216,203.67019
217,203.67019
218,203.67019
219,203.67019
220,203.67019
221,203.67019
222,202.14419
223,202.14419
224,200.14419
225,200.14419
226,203.67019
227,203.67019
228,203.67019
229,203.67019
230,203.67019
231,203.67019
232,203.67019
233,202.14419
234,203.67019
235,203.67019
236,203.67019
237,203.67019
238,203.67019
239,200.14419
240,213.68101
241,213.68101
242,213.68101
243,213.68101
244,213.68101
245,213.68101
246,213.68101
247,219.42101
248,253.42101
249,254.42101
250,254.42101
251,254.42101
252,254.42101
253,254.42101
254,254.42101
255,254.42101
256,254.42101
257,254.42101
258,324.42101
259,324.42101
260,254.42101
261,254.42101
262,253.42101
263,229.42101
264,229.49992
265,229.49992
266,229.49992
267,229.49992
268,229.49992
269,229.49992
270,229.49992
271,234.49992
272,234.49992
273,234.49992
274,253.49992
275,253.49992
276,253.49992
277,253.49992
278,253.49992
279,253.49992
280,253.49992
281,253.49992
282,253.49992
283,253.49992
284,253.49992
285,253.49992
286,234.49992
287,234.49992
288,233.87376
289,233.87376
290,233.87376
291,232.37376
292,233.87376
293,233.87376
294,233.87376
295,233.87376
296,242.37376
297,242.37376
298,242.37376
299,242.37376
300,242.37376
301,242.37376
302,242.37376
303,242.37376
304,242.37376
305,242.37376
306,244.37376
307,244.37376
308,242.37376
309,242.37376
310,234.27376
311,233.87376
312,243.32265
313,242.32265
314,242.32265
315,242.32265
316,242.32265
317,243.32265
318,243.32265
319,247.32265
320,249.82265
321,249.82265
322,249.82265
323,254.32265
324,249.82265
325,249.82265
326,274.32265
327,274.32265
328,254.32265
329,249.82265
330,274.32265
331,274.32265
332,274.32265
333,249.82265
334,249.82265
335,249.82265
336,249.84915
337,244.34915
338,244.34915
339,244.34915
340,244.34915
341,244.34915
342,244.34915
343,249.84915
344,249.84915
345,249.84915
346,265.34915
347,265.34915
348,265.34915
349,265.34915
350,265.34915
351,265.34915
352,265.34915
353,254.34915
354,265.34915
355,265.34915
356,265.34915
357,265.34915
358,249.84915
359,249.84915
360,241.40518
361,241.40518
362,241.40518
363,241.40518
364,241.40518
365,241.40518
366,224.40518
367,241.40518
368,241.40518
369,244.40518
370,259.90518
371,259.90518
372,259.90518
373,259.90518
374,259.90518
375,259.90518
376,259.90518
377,259.90518
378,265.40518
379,265.40518
380,265.40518
381,265.40518
382,265.40518
383,259.90518
384,239.4411
385,239.4411
386,183.2201
387,179.9211
388,211.4411
389,239.4411
390,239.4411
391,248.4411
392,248.4411
393,249.4411
394,249.4411
395,255.4411
396,264.4411
397,294.4411
398,289.4411
399,289.4411
400,294.4411
401,255.4411
402,289.4411
403,289.4411
404,294.4411
405,249.4411
406,248.4411
407,248.4411
408,244.51566
409,244.51566
410,244.51566
411,244.51566
412,244.51566
413,247.31566
414,247.31566
415,247.31566
416,253.31566
417,253.31566
418,289.31566
419,289.31566
420,289.31566
421,289.31566
422,289.31566
423,349.31566
424,289.31566
425,264.31566
426,289.31566
427,294.31566
428,289.31566
429,264.31566
430,247.31566
431,247.31566
432,254.36322
433,254.36322
434,254.36322
435,254.36322
436,254.36322
437,254.36322
438,254.36322
439,255.36322
440,255.36322
441,255.36322
442,258.36322
443,264.36322
444,264.36322
445,264.36322
446,291.36322
447,291.36322
448,258.36322
449,258.36322
450,291.36322
451,291.36322
452,291.36322
453,258.36322
454,255.36322
455,255.36322
456,254.34576
457,254.34576
458,254.34576
459,254.34576
460,254.34576
461,254.34576
462,259.34576
463,261.34576
464,279.34576
465,299.34576
466,299.34576
467,299.34576
468,314.34576
469,314.34576
470,314.34576
471,314.34576
472,314.34576
473,299.34576
474,314.34576
475,314.34576
476,314.34576
477,299.34576
478,280.34676
479,264.34576
480,290.87843
481,285.87843
482,285.87843
483,285.87843
484,285.87843
485,290.87843
486,291.87843
487,291.87843
488,300.87843
489,300.87843
490,300.87843
491,315.87843
492,315.87843
493,300.87843
494,315.87843
495,315.87843
496,305.87843
497,300.87843
498,315.87843
499,315.87843
500,315.87843
501,305.87843
502,300.87843
503,300.87843
504,301.6331
505,301.6331
506,297.6331
507,286.7331
508,286.7331
509,297.6331
510,279.7331
511,310.7331
512,310.7331
513,317.7331
514,317.7331
515,317.7331
516,317.7331
517,317.7331
518,317.7331
519,317.7331
520,310.7331
521,310.7331
522,317.7331
523,317.7331
524,317.7331
525,310.7331
526,310.7331
527,301.6331
528,305.62956
529,305.62956
530,305.62956
531,305.62956
532,305.62956
533,305.62956
534,276.72956
535,284.72956
536,305.62956
537,305.62956
538,305.62956
539,305.62956
540,315.72956
541,315.72956
542,315.72956
543,305.62956
544,305.62956
545,305.62956
546,320.72956
547,320.72956
548,320.72956
549,320.72956
550,320.72956
551,305.62956
552,307.31229
553,307.31229
554,304.80729
555,304.21229
556,307.31229
557,307.31229
558,307.31229
559,316.31229
560,316.31229
561,334.31229
562,334.31229
563,374.31229
564,354.31229
565,354.31229
566,374.31229
567,374.31229
568,374.31229
569,354.31229
570,354.31229
571,374.31229
572,374.31229
573,334.31229
574,316.31229
575,316.31229
576,364.34159
577,364.34159
578,364.34159
579,364.34159
580,364.34159
581,364.34159
582,364.34159
583,434.34159
584,484.34159
585,484.34159
586,484.34159
587,484.34159
588,484.34159
589,484.34159
590,484.34159
591,484.34159
592,484.34159
593,484.34159
594,484.34159
595,484.34159
596,484.34159
597,484.34159
598,434.34159
599,367.34159
600,374.22893
601,373.22893
602,373.22893
603,373.22893
604,373.22893
605,374.22893
606,374.22893
607,374.22893
608,384.22893
609,414.22893
610,414.22893
611,414.22893
612,414.22893
613,414.22893
614,414.22893
615,414.22893
616,414.22893
617,414.22893
618,414.22893
619,414.22893
620,414.22893
621,414.22893
622,384.22893
623,374.22893
624,384.59382
625,384.59382
626,379.59282
627,379.59282
628,379.59282
629,389.59382
630,414.59282
631,434.59382
632,434.59382
633,434.59382
634,529.59382
635,529.59382
636,529.59382
637,529.59382
638,529.59382
639,624.59382
640,529.59382
641,529.59382
642,529.59382
643,624.59382
644,529.59382
645,529.59382
646,434.59382
647,434.59382
648,404.19595
649,404.19595
650,404.19595
651,404.19595
652,404.19595
653,404.19595
654,404.19595
655,404.19595
656,514.19595
657,514.19595
658,525.19595
659,525.19595
660,525.19595
661,525.19595
662,529.19595
663,529.19595
664,529.19595
665,525.19595
666,529.19595
667,529.19595
668,525.19595
669,525.19595
670,514.19595
671,425.19595
672,434.16186
673,434.16186
674,434.16186
675,420.16186
676,434.16186
677,434.16186
678,434.16186
679,434.16186
680,479.16086
681,527.16186
682,527.16186
683,527.16186
684,527.16186
685,527.16186
686,527.16186
687,527.16186
688,527.16186
689,508.16186
690,527.16186
691,527.16186
692,527.16186
693,527.16186
694,479.16086
695,455.16186
696,455.39042
697,455.39042
698,455.39042
699,313.14242
700,313.14242
701,313.14242
702,224.39042
703,313.14242
704,455.39042
705,455.39042
706,526.38942
707,526.38942
708,526.59042
709,455.39042
710,455.39042
711,455.39042
712,455.39042
713,455.39042
714,526.59042
715,545.39042
716,539.39042
717,539.39042
718,539.39042
719,526.38942
720,454.22414
721,454.22414
722,454.22414
723,454.22414
724,454.22414
725,527.22414
726,527.22414
727,527.22414
728,537.22414
729,537.22414
730,538.22314
731,538.22314
732,538.22314
733,538.22314
734,540.22414
735,540.22414
736,538.22314
737,538.22314
738,538.22314
739,540.22414
740,540.22414
741,538.22314
742,537.22414
743,537.22314
744,526.14211
745,526.14211
746,526.14211
747,526.14211
748,526.14211
749,526.14211
750,537.14211
751,535.24211
752,545.14111
753,545.14111
754,611.14211
755,611.14211
756,611.14211
757,611.14211
758,621.14211
759,621.14211
760,621.14211
761,611.14211
762,621.14211
763,622.14211
764,621.14211
765,611.14211
766,545.14111
767,537.14211
768,611.53831
769,611.53831
770,611.53831
771,610.53831
772,611.53831
773,611.53831
774,611.53831
775,611.53831
776,639.20731
777,611.53831
778,611.53831
779,639.20731
780,639.20731
781,639.20731
782,711.53831
783,686.53831
784,681.53831
785,611.53831
786,639.20731
787,639.20731
788,639.20731
789,611.53831
790,611.53831
791,611.53831
792,638.58573
793,606.14373
794,606.14373
795,606.14373
796,606.14373
797,638.58573
798,638.58573
799,641.24373
800,641.24373
801,701.24273
802,711.44373
803,731.24373
804,731.24373
805,731.24373
806,731.24373
807,731.24373
808,731.24373
809,711.44373
810,731.24373
811,731.24373
812,731.24373
813,711.44373
814,641.24373
815,638.58573
816,621.05386
817,621.05386
818,621.05386
819,621.05386
820,621.05386
821,621.05386
822,636.05386
823,640.05386
824,640.05386
825,640.05386
826,640.05386
827,640.05386
828,640.05386
829,640.05386
830,640.05386
831,640.05386
832,640.05386
833,640.05386
834,640.05386
835,640.05386
836,640.05386
837,640.05386
838,640.05386
839,636.05386
840,638.40847
841,638.08547
842,622.08547
843,622.08547
844,622.08547
845,638.08547
846,638.08547
847,638.40847
848,639.08547
849,701.08447
850,701.08447
851,731.08547
852,731.08547
853,711.08447
854,701.08447
855,701.08447
856,701.08447
857,701.08447
858,731.08547
859,731.08547
860,711.08447
861,701.08447
862,639.08547
863,638.40847
864,638.83356
865,650.22956
866,650.22956
867,638.22956
868,638.22956
869,638.22956
870,622.22956
871,622.22956
872,638.22956
873,650.22956
874,650.22956
875,650.22956
876,650.22956
877,650.22956
878,650.22956
879,650.22956
880,638.83356
881,638.83356
882,650.22956
883,650.22956
884,650.22956
885,650.22956
886,650.22956
887,638.83356
888,411.60625
889,411.60625
890,411.60625
891,411.60625
892,411.60625
893,639.60625
894,639.60625
895,649.60625
896,656.60525
897,671.60625
898,721.60625
899,721.60625
900,721.60625
901,721.60625
902,671.60625
903,701.60525
904,671.60625
905,663.12425
906,671.60625
907,701.60525
908,671.60625
909,656.60525
910,649.60625
911,639.60625
912,312.41715
913,222.41715
914,222.41715
915,222.41715
916,222.41715
917,547.41715
918,547.41715
919,547.41715
920,632.41715
921,632.41715
922,712.41715
923,712.41715
924,702.41615
925,712.41715
926,712.41715
927,712.41715
928,712.41715
929,547.41715
930,662.41615
931,712.41715
932,712.41715
933,547.41715
934,547.41715
935,547.41715
936,436.34918
937,311.03718
938,261.76118
939,261.76118
940,436.34918
941,500.76118
942,500.76118
943,500.76118
944,500.76118
945,500.76118
946,501.76018
947,501.76018
948,501.76018
949,501.76018
950,586.76018
951,540.76118
952,540.76118
953,500.76118
954,540.76118
955,591.76018
956,540.76118
957,500.76118
958,500.76118
959,500.76118
960,351.94929
961,351.94929
962,351.94929
963,351.94929
964,351.94929
965,442.44929
966,400.44929
967,400.44929
968,442.44929
969,442.44929
970,442.44929
971,442.44929
972,442.44929
973,451.44929
974,471.44929
975,475.44929
976,471.44929
977,442.44929
978,442.44929
979,451.44929
980,442.44929
981,442.44929
982,442.44929
983,400.44929
984,321.69111
985,321.69111
986,311.49111
987,311.49111
988,321.69111
989,323.49111
990,323.49111
991,341.49111
992,390.49111
993,391.59111
994,391.59111
995,391.59111
996,391.59111
997,391.59111
998,391.59111
999,391.59111
1000,391.59111
1001,391.59111
1002,391.59111
1003,391.59111
1004,391.59111
1005,391.59111
1006,370.49111
1007,321.69111
1008,323.04583
1009,321.04583
1010,321.04583
1011,321.04583
1012,321.04583
1013,321.04583
1014,321.04583
1015,321.04583
1016,323.04583
1017,323.04583
1018,323.04583
1019,323.04583
1020,323.04583
1021,323.04583
1022,323.04583
1023,323.04583
1024,323.04583
1025,323.04583
1026,323.04583
1027,422.04583
1028,323.04583
1029,323.04583
1030,323.04583
1031,321.04583
1032,283.36952
1033,283.36952
1034,273.36952
1035,273.36952
1036,273.36952
1037,253.36952
1038,253.36952
1039,253.36952
1040,273.36952
1041,283.36952
1042,303.36752
1043,324.36952
1044,324.36952
1045,324.36952
1046,324.36952
1047,324.36952
1048,324.36952
1049,324.36952
1050,324.36952
1051,326.36952
1052,324.36952
1053,324.36952
1054,324.36952
1055,324.36952
1056,281.70428
1057,281.70428
1058,266.70428
1059,266.70428
1060,281.70428
1061,341.70428
1062,351.70428
1063,351.70428
1064,351.70428
1065,351.70428
1066,380.70428
1067,380.70428
1068,380.70428
1069,380.70428
1070,380.70428
1071,380.70428
1072,380.70428
1073,351.70428
1074,380.70428
1075,380.70428
1076,380.70428
1077,351.70428
1078,351.70428
1079,341.70428
1080,332.05175
1081,332.05175
1082,332.05175
1083,332.05175
1084,332.05175
1085,332.05175
1086,332.05175
1087,332.05175
1088,341.05175
1089,341.05175
1090,341.05175
1091,352.05175
1092,352.05175
1093,352.05175
1094,362.05175
1095,362.05175
1096,352.05175
1097,341.05175
1098,362.05175
1099,362.05175
1100,352.05175
1101,341.05175
1102,341.05175
1103,332.05175
1104,302.87339
1105,297.87539
1106,291.87539
1107,297.87539
1108,297.87539
1109,312.87539
1110,312.87539
1111,342.87539
1112,342.87539
1113,352.87539
1114,352.87539
1115,357.87539
1116,357.87539
1117,352.87539
1118,357.87539
1119,357.87539
1120,357.87539
1121,352.87539
1122,357.87539
1123,372.87539
1124,372.87539
1125,352.87539
1126,342.87539
1127,342.87539
1128,301.52414
1129,301.52414
1130,301.52314
1131,301.52214
1132,301.52414
1133,301.52414
1134,301.52414
1135,301.52414
1136,306.52414
1137,306.52414
1138,309.52414
1139,309.52414
1140,309.52414
1141,326.52414
1142,361.52414
1143,361.52414
1144,309.52414
1145,309.52414
1146,326.52414
1147,371.52414
1148,361.52414
1149,309.52414
1150,306.52414
1151,306.52414
1152,301.1255
1153,301.1255
1154,301.1255
1155,301.1255
1156,301.1255
1157,301.1255
1158,301.1255
1159,301.1255
1160,303.6255
1161,308.1255
1162,309.1255
1163,353.1255
1164,309.1255
1165,353.1255
1166,353.1255
1167,353.1255
1168,353.1255
1169,309.1255
1170,353.1255
1171,353.1255
1172,309.1255
1173,309.1255
1174,308.1255
1175,301.1255
1176,294.96406
1177,289.96406
1178,289.96406
1179,289.96406
1180,289.96406
1181,289.96406
1182,289.96406
1183,294.96406
1184,304.96406
1185,304.96406
1186,312.96406
1187,312.96406
1188,312.96406
1189,312.96406
1190,312.96406
1191,312.96406
1192,304.96406
1193,304.96406
1194,312.96406
1195,312.96406
1196,312.96406
1197,312.96406
1198,304.96406
1199,304.96406
1200,243.00748
1201,243.00748
1202,243.00748
1203,243.00748
1204,243.00748
1205,206.48448
1206,203.00748
1207,203.00748
1208,243.00748
1209,243.00748
1210,258.00748
1211,258.00748
1212,272.00748
1213,272.00748
1214,258.00748
1215,258.00748
1216,243.00748
1217,258.00748
1218,278.00748
1219,278.00748
1220,278.00748
1221,278.00748
1222,278.00748
1223,258.00748
1224,231.70984
1225,231.70984
1226,231.70984
1227,231.70984
1228,231.70984
1229,255.70984
1230,255.70984
1231,273.20984
1232,273.20984
1233,273.20984
1234,276.70984
1235,276.70984
1236,276.70984
1237,276.70984
1238,276.70984
1239,276.70984
1240,276.70984
1241,276.70984
1242,276.70984
1243,276.70984
1244,276.70984
1245,276.70984
1246,273.20984
1247,273.20984
1248,231.23869
1249,231.23869
1250,231.23869
1251,231.23869
1252,231.23869
1253,231.23869
1254,231.23869
1255,245.73869
1256,245.73869
1257,245.73869
1258,267.23869
1259,290.73869
1260,290.73869
1261,290.73869
1262,371.73869
1263,371.73869
1264,371.73869
1265,267.23869
1266,317.58769
1267,371.73869
1268,317.58769
1269,267.23869
1270,245.73869
1271,231.23869
1272,222.02811
1273,222.02811
1274,222.02811
1275,222.02811
1276,222.02811
1277,222.02811
1278,222.02811
1279,222.02811
1280,255.52811
1281,255.52811
1282,271.52811
1283,271.52811
1284,271.52811
1285,271.52811
1286,271.52811
1287,271.52811
1288,271.52811
1289,271.52811
1290,271.52811
1291,290.52811
1292,271.52811
1293,271.52811
1294,255.52811
1295,222.02811
1296,215.54718
1297,212.54818
1298,212.54818
1299,212.54818
1300,215.54718
1301,251.54818
1302,251.54818
1303,251.54818
1304,251.54818
1305,262.80518
1306,271.04818
1307,270.04818
1308,270.04818
1309,270.04818
1310,271.04818
1311,290.54818
1312,270.04818
1313,270.04818
1314,271.04818
1315,271.04818
1316,271.04818
1317,271.04818
1318,251.54818
1319,251.54818
1320,212.6143
1321,212.6143
1322,212.6143
1323,212.6143
1324,212.6143
1325,235.6143
1326,235.6143
1327,252.1143
1328,252.1143
1329,252.1143
1330,252.1143
1331,252.1143
1332,252.1143
1333,252.1143
1334,260.6143
1335,260.6143
1336,252.1143
1337,252.1143
1338,252.1143
1339,260.6143
1340,252.1143
1341,252.1143
1342,252.1143
1343,235.6143
1344,252.35764
1345,237.85764
1346,237.85764
1347,237.85764
1348,237.85764
1349,252.35764
1350,252.35764
1351,252.35764
1352,252.35764
1353,252.35764
1354,255.85764
1355,255.85764
1356,255.85764
1357,255.85764
1358,255.85764
1359,255.85764
1360,252.35764
1361,252.35764
1362,255.85764
1363,255.85764
1364,255.85764
1365,255.85764
1366,252.35764
1367,252.35764
1368,221.71822
1369,221.71822
1370,221.71822
1371,221.71822
1372,221.71822
1373,221.71822
1374,204.55422
1375,221.71822
1376,221.71822
1377,221.71822
1378,221.71822
1379,235.81822
1380,237.81822
1381,237.81822
1382,235.81822
1383,235.81822
1384,235.81822
1385,235.81822
1386,299.81822
1387,299.81822
1388,299.81822
1389,290.81822
1390,237.81822
1391,235.81822
1392,187.02835
1393,187.02835
1394,187.02835
1395,187.02835
1396,187.02835
1397,203.02835
1398,253.02835
1399,253.02835
1400,253.02835
1401,253.02835
1402,301.02835
1403,301.52835
1404,301.02835
1405,301.02835
1406,301.02835
1407,301.02835
1408,301.52835
1409,291.02835
1410,301.52835
1411,302.02835
1412,302.02835
1413,301.02835
1414,253.02835
1415,253.02835
1416,219.57946
1417,219.57946
1418,219.57946
1419,219.57946
1420,219.57946
1421,219.57946
1422,219.57946
1423,259.57946
1424,259.57946
1425,259.57946
1426,259.57946
1427,286.57946
1428,286.57946
1429,286.57946
1430,297.07946
1431,297.07946
1432,286.57946
1433,259.57946
1434,297.07946
1435,347.57946
1436,347.57946
1437,259.57946
1438,259.57946
1439,253.57946
1440,209.23882
1441,209.23882
1442,209.23882
1443,209.23882
1444,209.23882
1445,209.23882
1446,209.23882
1447,251.52382
1448,258.33882
1449,258.33882
1450,258.33882
1451,298.83882
1452,288.33882
1453,288.33882
1454,288.33882
1455,288.33882
1456,258.33882
1457,258.33882
1458,298.83882
1459,299.33882
1460,298.83882
1461,258.33882
1462,258.33882
1463,209.23882
1464,201.05335
1465,201.05335
1466,214.03335
1467,201.05335
1468,214.15335
1469,214.15335
1470,214.15335
1471,249.05335
1472,249.05335
1473,249.05335
1474,249.05335
1475,249.05335
1476,249.05335
1477,249.05335
1478,289.05335
1479,289.05335
1480,289.05335
1481,249.05335
1482,249.05335
1483,289.05335
1484,249.05335
1485,249.05335
1486,249.05335
1487,214.15335
1488,104.01207
1489,104.01207
1490,104.01207
1491,104.01207
1492,104.01207
1493,114.01207
1494,114.01207
1495,201.50307
1496,225.01207
1497,225.01207
1498,225.01207
1499,225.01207
1500,225.01207
1501,225.01207
1502,225.01207
1503,225.01207
1504,225.01207
1505,225.01207
1506,225.01207
1507,225.01207
1508,225.01207
1509,225.01207
1510,225.01207
1511,204.51207
1512,151.47236
1513,151.47236
1514,151.47236
1515,151.47236
1516,151.47236
1517,201.47236
1518,201.47236
1519,202.97236
1520,202.97236
1521,202.97236
1522,202.97236
1523,202.97236
1524,222.47236
1525,202.97236
1526,202.97236
1527,202.97236
1528,202.97236
1529,202.97236
1530,202.97236
1531,222.47236
1532,202.97236
1533,202.97236
1534,202.97236
1535,202.97236
1536,196.86217
1537,196.86217
1538,196.86217
1539,146.86217
1540,146.86217
1541,146.86217
1542,146.86217
1543,146.86217
1544,199.36217
1545,201.21217
1546,196.86217
1547,196.86217
1548,199.36217
1549,199.36217
1550,196.86217
1551,196.86217
1552,196.86217
1553,196.86217
1554,201.21217
1555,201.21217
1556,201.21217
1557,201.21217
1558,199.36217
1559,196.86217
1560,179.26372
1561,179.26372
1562,179.26372
1563,179.26372
1564,179.26372
1565,195.26372
1566,195.26372
1567,195.26372
1568,195.26372
1569,199.69372
1570,199.69372
1571,287.26372
1572,199.69372
1573,201.52172
1574,287.26372
1575,297.76372
1576,287.26372
1577,199.69372
1578,287.26372
1579,299.26372
1580,297.76372
1581,199.69372
1582,199.69372
1583,195.26372
1584,180.52644
1585,180.52644
1586,180.52644
1587,180.52644
1588,180.52644
1589,180.52644
1590,180.52644
1591,199.92644
1592,202.27644
1593,199.92644
1594,202.27644
1595,202.27644
1596,202.27644
1597,202.27644
1598,202.27644
1599,202.27644
1600,202.27644
1601,202.27644
1602,202.27644
1603,450.92644
1604,202.27644
1605,202.27644
1606,199.92644
1607,196.82644
1608,169.07374
1609,169.07374
1610,169.07374
1611,168.67374
1612,168.67374
1613,169.07374
1614,169.07374
1615,169.07374
1616,198.52374
1617,198.52374
1618,198.52374
1619,198.77374
1620,198.77374
1621,198.77374
1622,248.77374
1623,248.77374
1624,198.77374
1625,198.52374
1626,198.77374
1627,451.77374
1628,248.77374
1629,198.52374
1630,198.52374
1631,169.07374
1632,162.84878
1633,162.84878
1634,162.84878
1635,162.84878
1636,162.84878
1637,164.84978
1638,164.84978
1639,164.84978
1640,167.74978
1641,177.74978
1642,200.61978
1643,200.61978
1644,200.61978
1645,200.61978
1646,200.61978
1647,200.61978
1648,200.61978
1649,200.61978
1650,200.61978
1651,200.61978
1652,200.61978
1653,200.61978
1654,164.84978
1655,162.84878
1656,164.19691
1657,164.19691
1658,164.19691
1659,164.19691
1660,164.19691
1661,164.19691
1662,176.19691
1663,186.19691
1664,188.49691
1665,188.49691
1666,188.49691
1667,190.19691
1668,190.19691
1669,190.19691
1670,191.09691
1671,190.19691
1672,190.19691
1673,188.49691
1674,190.19691
1675,191.09691
1676,190.19691
1677,188.49691
1678,188.49691
1679,186.19691
1680,179.33432
1681,179.33432
1682,179.23432
1683,179.33432
1684,179.33432
1685,179.33432
1686,179.33432
1687,179.33432
1688,186.33432
1689,186.33432
1690,186.33432
1691,189.33432
1692,189.33432
1693,189.33432
1694,186.33432
1695,186.33432
1696,186.33432
1697,186.33432
1698,189.33432
1699,189.33432
1700,189.33432
1701,186.33432
1702,186.33432
1703,179.33432
1704,185.58284
1705,185.58284
1706,185.58284
1707,185.58284
1708,185.58284
1709,185.58284
1710,185.58284
1711,185.58284
1712,189.28284
1713,189.28284
1714,189.28284
1715,198.28284
1716,198.28284
1717,198.28284
1718,198.28284
1719,198.28284
1720,198.28284
1721,198.28284
1722,198.28284
1723,219.28284
1724,198.28284
1725,198.28284
1726,198.28284
1727,198.28284
1728,164.87257
1729,164.87257
1730,164.87257
1731,164.87257
1732,178.87257
1733,178.87257
1734,178.87257
1735,199.17257
1736,199.17257
1737,203.87257
1738,203.87257
1739,203.87257
1740,218.87257
1741,248.87257
1742,258.87257
1743,248.87257
1744,218.87257
1745,203.87257
1746,218.87257
1747,248.87257
1748,218.87257
1749,203.87257
1750,199.17257
1751,178.87257
1752,201.93247
1753,201.93247
1754,201.93247
1755,201.93247
1756,201.93247
1757,201.93247
1758,201.93247
1759,208.63247
1760,208.63247
1761,230.93247
1762,230.93247
1763,230.93247
1764,230.93247
1765,230.93247
1766,260.93247
1767,260.93247
1768,230.93247
1769,208.63247
1770,260.93247
1771,260.93247
1772,260.93247
1773,208.63247
1774,208.63247
1775,205.93247
1776,216.59327
1777,216.59327
1778,216.59327
1779,216.59327
1780,223.59327
1781,223.59327
1782,223.59327
1783,242.69327
1784,242.69327
1785,242.69327
1786,247.59327
1787,247.59327
1788,247.59327
1789,247.59327
1790,257.59327
1791,262.59327
1792,247.59327
1793,247.59327
1794,247.59327
1795,292.59327
1796,257.59327
1797,247.59327
1798,242.69327
1799,230.07327
1800,217.73539
1801,217.73539
1802,217.73539
1803,217.73539
1804,217.73539
1805,221.73439
1806,221.73439
1807,243.84939
1808,243.84939
1809,243.84939
1810,243.84939
1811,291.73539
1812,251.73539
1813,251.73539
1814,411.73539
1815,411.73539
1816,243.84939
1817,243.84939
1818,291.73539
1819,411.73539
1820,291.73539
1821,243.84939
1822,243.84939
1823,217.73539
1824,179.70576
1825,179.70576
1826,179.70576
1827,179.70576
1828,179.70576
1829,214.70576
1830,214.70576
1831,214.70576
1832,215.70576
1833,215.70576
1834,248.70576
1835,288.70576
1836,215.70576
1837,215.70576
1838,288.70576
1839,288.70576
1840,215.70576
1841,215.70576
1842,248.70576
1843,288.70576
1844,288.70576
1845,215.70576
1846,215.70576
1847,214.70576
1848,201.68486
1849,198.68586
1850,198.68586
1851,196.52986
1852,201.68486
1853,198.68586
1854,198.68586
1855,205.68586
1856,205.68586
1857,208.68586
1858,208.68586
1859,236.68386
1860,236.68386
1861,205.68586
1862,208.68586
1863,208.68586
1864,205.68586
1865,205.68586
1866,236.68386
1867,236.68386
1868,236.68386
1869,205.68586
1870,205.68586
1871,201.68486
1872,204.59749
1873,206.59749
1874,204.59749
1875,204.59749
1876,204.59749
1877,204.59749
1878,198.59749
1879,204.59749
1880,206.59749
1881,206.59749
1882,206.59749
1883,206.59749
1884,207.59749
1885,206.59749
1886,206.59749
1887,206.59749
1888,206.59749
1889,206.59749
1890,207.59749
1891,238.59749
1892,218.59649
1893,207.59749
1894,207.59749
1895,206.59749
1896,197.95513
1897,197.95513
1898,197.95513
1899,197.95513
1900,197.95513
1901,197.95513
1902,197.95513
1903,197.95513
1904,198.95513
1905,202.95513
1906,202.95513
1907,202.95513
1908,227.95413
1909,227.95413
1910,227.95413
1911,202.95513
1912,202.95513
1913,202.95513
1914,237.95513
1915,242.84913
1916,242.84913
1917,237.95513
1918,202.95513
1919,202.95513
1920,192.1924
1921,192.1924
1922,192.1924
1923,192.1924
1924,192.1924
1925,201.1914
1926,201.1914
1927,214.1924
1928,214.1924
1929,220.1924
1930,220.1924
1931,239.1924
1932,239.1924
1933,239.1924
1934,239.1924
1935,239.1924
1936,220.1924
1937,220.1924
1938,239.1924
1939,234.1724
1940,239.1924
1941,220.1924
1942,214.1924
1943,209.1924
1944,93.49038
1945,93.49038
1946,93.49038
1947,93.49038
1948,95.78838
1949,214.23638
1950,214.23638
1951,214.23638
1952,214.23638
1953,247.23638
1954,247.23638
1955,269.59538
1956,247.23638
1957,247.23638
1958,269.59538
1959,287.67538
1960,247.23638
1961,241.23638
1962,247.23638
1963,247.23638
1964,247.23638
1965,243.23638
1966,237.23638
1967,214.23638
1968,211.04217
1969,211.04217
1970,211.04217
1971,211.04217
1972,211.04217
1973,211.04217
1974,211.04217
1975,245.04217
1976,245.04217
1977,249.04217
1978,271.52217
1979,245.04217
1980,245.04217
1981,269.04217
1982,269.04217
1983,245.04217
1984,245.04217
1985,245.04217
1986,245.04217
1987,249.04217
1988,245.04217
1989,245.04217
1990,238.04217
1991,211.04217
1992,236.02058
1993,236.02058
1994,236.02058
1995,236.02058
1996,236.02058
1997,242.12058
1998,242.12058
1999,242.12058
2000,245.12058
2001,245.12058
2002,249.12058
2003,249.12058
2004,249.12058
2005,249.12058
2006,249.12058
2007,249.12058
2008,249.12058
2009,249.12058
2010,249.12058
2011,249.12058
2012,249.12058
2013,249.12058
2014,245.12058
2015,242.12058
2016,244.24516
2017,244.24516
2018,244.24516
2019,244.24516
2020,244.24516
2021,244.24516
2022,248.74516
2023,248.74516
2024,248.74516
2025,248.74516
2026,249.24416
2027,249.24416
2028,249.24416
2029,249.24416
2030,249.24416
2031,249.24416
2032,248.74516
2033,248.74516
2034,249.24416
2035,249.24416
2036,249.24416
2037,249.24416
2038,248.74516
2039,248.74516
2040,247.9934
2041,247.9934
2042,247.9934
2043,247.9934
2044,247.9934
2045,247.9934
2046,247.9934
2047,247.9934
2048,247.9934
2049,249.7434
2050,250.7434
2051,250.7434
2052,250.7434
2053,250.7434
2054,250.7434
2055,250.7434
2056,250.7434
2057,250.7434
2058,251.7434
2059,251.7434
2060,251.7434
2061,251.7434
2062,250.7434
2063,250.7434
2064,245.99349
2065,245.99349
2066,245.99349
2067,245.99349
2068,245.99349
2069,248.99249
2070,275.99349
2071,275.99349
2072,277.99349
2073,277.99349
2074,277.99349
2075,277.99349
2076,277.99349
2077,277.99349
2078,277.99349
2079,277.99349
2080,277.99349
2081,277.99349
2082,277.99349
2083,347.99349
2084,277.99349
2085,277.99349
2086,277.99349
2087,275.99349
2088,244.07094
2089,244.07094
2090,244.07094
2091,244.07094
2092,244.07194
2093,244.07194
2094,278.07094
2095,279.07194
2096,281.07194
2097,281.07194
2098,284.07194
2099,284.07194
2100,284.07194
2101,284.07194
2102,289.07194
2103,284.07194
2104,284.07194
2105,284.07194
2106,349.07194
2107,349.07194
2108,289.07194
2109,284.07194
2110,281.07194
2111,278.07094
2112,234.07789
2113,234.07789
2114,234.07789
2115,234.07789
2116,234.07789
2117,234.07789
2118,234.07789
2119,234.07789
2120,283.07789
2121,283.07789
2122,296.07789
2123,296.07789
2124,296.07789
2125,296.07789
2126,296.07789
2127,296.07789
2128,296.07789
2129,296.07789
2130,350.07789
2131,355.07789
2132,350.07789
2133,296.07789
2134,283.07789
2135,234.07789
2136,258.70875
2137,258.70875
2138,258.70875
2139,258.70875
2140,258.70875
2141,279.20975
2142,279.20975
2143,279.20975
2144,279.20975
2145,279.20975
2146,288.67675
2147,348.70975
2148,348.70975
2149,348.70975
2150,348.70975
2151,348.70975
2152,348.70975
2153,348.70975
2154,348.70975
2155,358.70975
2156,348.70975
2157,348.70975
2158,298.70975
2159,279.20975
2160,257.46403
2161,267.46303
2162,267.46303
2163,257.46403
2164,267.46303
2165,267.46303
2166,267.46303
2167,267.46303
2168,279.46403
2169,283.94403
2170,289.46403
2171,289.46403
2172,289.46403
2173,289.46403
2174,289.46403
2175,289.46403
2176,289.46403
2177,289.46403
2178,289.46403
2179,343.46403
2180,289.46403
2181,289.46403
2182,280.44403
2183,267.46303
2184,207.66413
2185,207.66413
2186,98.33113
2187,207.66413
2188,207.66413
2189,207.66413
2190,207.66413
2191,207.66413
2192,256.66413
2193,267.66413
2194,269.66413
2195,284.16413
2196,284.16413
2197,284.16413
2198,269.66413
2199,269.66413
2200,256.66413
2201,207.66413
2202,269.66413
2203,269.66413
2204,269.66413
2205,256.66413
2206,207.66413
2207,207.66413
2208,131.47999
2209,131.47999
2210,131.47999
2211,102.69299
2212,102.69299
2213,102.69299
2214,102.69299
2215,131.47999
2216,133.47999
2217,168.47999
2218,168.47999
2219,168.47999
2220,168.47999
2221,168.47999
2222,168.47999
2223,168.47999
2224,168.47999
2225,168.47999
2226,168.47999
2227,183.47999
2228,168.47999
2229,168.47999
2230,168.47999
2231,133.47999
2232,92.47902
2233,92.47902
2234,92.47902
2235,92.47902
2236,98.15002
2237,98.27902
2238,127.81202
2239,164.81202
2240,164.81202
2241,164.81202
2242,181.81202
2243,256.81202
2244,181.81202
2245,256.81202
2246,256.81202
2247,256.81202
2248,181.81202
2249,181.81202
2250,256.81202
2251,256.81202
2252,256.81202
2253,164.81202
2254,164.81202
2255,164.81202
2256,165.7398
2257,165.7398
2258,165.7398
2259,165.7398
2260,165.7398
2261,165.7398
2262,165.7398
2263,165.7398
2264,183.7398
2265,209.7398
2266,209.7398
2267,219.1398
2268,219.1398
2269,219.1398
2270,219.1398
2271,219.1398
2272,219.1398
2273,219.1398
2274,219.1398
2275,288.7398
2276,219.1398
2277,219.1398
2278,183.7398
2279,165.7398
2280,151.8663
2281,151.8663
2282,151.8663
2283,151.8663
2284,151.8663
2285,155.8663
2286,155.8663
2287,155.8663
2288,181.9063
2289,181.9063
2290,181.9063
2291,211.8663
2292,211.8663
2293,211.8663
2294,256.8663
2295,256.8663
2296,211.8663
2297,181.9063
2298,211.8663
2299,256.8663
2300,211.8663
2301,256.8663
2302,181.9063
2303,155.8663
2304,153.56668
2305,153.56668
2306,153.56668
2307,153.56668
2308,153.56668
2309,157.56668
2310,153.56668
2311,157.56668
2312,157.56668
2313,177.56668
2314,177.56668
2315,1035.13068
2316,403.56668
2317,275.92568
2318,1035.13068
2319,403.56668
2320,258.56668
2321,177.56668
2322,161.56668
2323,177.56668
2324,161.56668
2325,161.56668
2326,157.56668
2327,153.56668
2328,152.33228
2329,152.33228
2330,152.33228
2331,152.33228
2332,152.33228
2333,152.33228
2334,152.33228
2335,152.33228
2336,152.83228
2337,152.83228
2338,159.19928
2339,159.19928
2340,159.19928
2341,159.19928
2342,159.19928
2343,159.19928
2344,159.19928
2345,159.19928
2346,159.19928
2347,159.19928
2348,159.19928
2349,159.19928
2350,152.83228
2351,152.33228
2352,126.01788
2353,126.01788
2354,126.01788
2355,126.01788
2356,126.01788
2357,126.01788
2358,126.01788
2359,131.91888
2360,140.91888
2361,140.91888
2362,140.91888
2363,140.91888
2364,155.16888
2365,140.91888
2366,140.91888
2367,140.91888
2368,140.91888
2369,140.91888
2370,155.16888
2371,155.16888
2372,140.91888
2373,140.91888
2374,140.91888
2375,131.91888
2376,121.8877
2377,121.8877
2378,121.8877
2379,121.8877
2380,121.8877
2381,121.8877
2382,121.8877
2383,121.8877
2384,121.8877
2385,121.8877
2386,124.8887
2387,124.8887
2388,124.8887
2389,124.8887
2390,124.8887
2391,124.8887
2392,124.8887
2393,124.8887
2394,124.8887
2395,157.0387
2396,124.8887
2397,124.8887
2398,124.8887
2399,124.8887
2400,116.24849
2401,116.24849
2402,116.24849
2403,116.24849
2404,116.24849
2405,127.24949
2406,127.24949
2407,139.24949
2408,139.24949
2409,140.32949
2410,140.32949
2411,140.32949
2412,140.32949
2413,140.32949
2414,167.24949
2415,167.24949
2416,140.32949
2417,140.32949
2418,140.32949
2419,167.24949
2420,167.24949
2421,140.32949
2422,140.32949
2423,139.24949
2424,125.22724
2425,125.22724
2426,125.22724
2427,125.22724
2428,125.22724
2429,125.22724
2430,125.22724
2431,125.98424
2432,125.98424
2433,125.98424
2434,133.91424
2435,133.91424
2436,133.91424
2437,133.91424
2438,133.91424
2439,133.91424
2440,133.91424
2441,133.91424
2442,133.91424
2443,133.91424
2444,133.91424
2445,133.91424
2446,125.98424
2447,125.98424
2448,115.66784
2449,115.66784
2450,115.66784
2451,115.66784
2452,115.66784
2453,123.13284
2454,123.13284
2455,123.13284
2456,131.50284
2457,131.50284
2458,131.50284
2459,153.23284
2460,153.23284
2461,131.50284
2462,153.23284
2463,153.23284
2464,131.50284
2465,131.50284
2466,131.50284
2467,153.23284
2468,153.23284
2469,131.50284
2470,131.50284
2471,123.13284
2472,119.7585
2473,126.7585
2474,119.7585
2475,119.7585
2476,119.7585
2477,107.1035
2478,107.1035
2479,107.1035
2480,119.7585
2481,121.7585
2482,126.7585
2483,126.7585
2484,126.7585
2485,126.7585
2486,126.7585
2487,126.7585
2488,121.7585
2489,121.7585
2490,126.7585
2491,126.7585
2492,126.7585
2493,126.7585
2494,126.7585
2495,121.7585
2496,107.37834
2497,107.37834
2498,107.37834
2499,107.37834
2500,107.37834
2501,103.12834
2502,103.12834
2503,103.12834
2504,107.37834
2505,107.37834
2506,107.37834
2507,107.37834
2508,107.37834
2509,107.37834
2510,107.37834
2511,107.37834
2512,107.37834
2513,107.37834
2514,108.03334
2515,108.03334
2516,108.03334
2517,108.03334
2518,108.03334
2519,108.03334
2520,114.01338
2521,114.01338
2522,114.01338
2523,103.21338
2524,103.21338
2525,103.21338
2526,103.21338
2527,114.01338
2528,114.01338
2529,114.01338
2530,114.01338
2531,131.01338
2532,140.15338
2533,140.15338
2534,131.01338
2535,114.01338
2536,114.01338
2537,114.01338
2538,140.15338
2539,140.15338
2540,131.01338
2541,131.01338
2542,114.01338
2543,114.01338
2544,104.38946
2545,104.18946
2546,104.18946
2547,104.18946
2548,99.12346
2549,99.12346
2550,99.12346
2551,99.12346
2552,104.18946
2553,104.38946
2554,104.38946
2555,104.38946
2556,104.38946
2557,104.38946
2558,104.38946
2559,104.38946
2560,104.38946
2561,104.38946
2562,114.18946
2563,146.18946
2564,146.18946
2565,148.44946
2566,114.18946
2567,104.38946
2568,97.61793
2569,102.94993
2570,97.80993
2571,97.80993
2572,102.94993
2573,102.94993
2574,149.20993
2575,149.20993
2576,150.94993
2577,151.94993
2578,151.94993
2579,151.94993
2580,151.94993
2581,151.94993
2582,151.94993
2583,151.94993
2584,151.94993
2585,151.94993
2586,151.94993
2587,155.94993
2588,151.94993
2589,151.94993
2590,150.94993
2591,149.20993
2592,160.22487
2593,160.22487
2594,160.22487
2595,103.22487
2596,160.22487
2597,160.22487
2598,160.22487
2599,160.48487
2600,176.22487
2601,176.22487
2602,256.22487
2603,356.22487
2604,256.22487
2605,176.22487
2606,176.22487
2607,256.22487
2608,176.22487
2609,160.48487
2610,176.22487
2611,256.22487
2612,176.22487
2613,160.48487
2614,160.48487
2615,160.22487
2616,97.89064
2617,136.22264
2618,97.88964
2619,97.68964
2620,97.89064
2621,121.22264
2622,136.22264
2623,146.22264
2624,146.22264
2625,146.22264
2626,168.35864
2627,168.35864
2628,168.35864
2629,168.35864
2630,168.35864
2631,168.35864
2632,168.35864
2633,146.22264
2634,168.35864
2635,168.35864
2636,168.35864
2637,146.22264
2638,146.22264
2639,136.22264
2640,120.15085
2641,116.16385
2642,120.15085
2643,116.16385
2644,116.16385
2645,120.15085
2646,120.15085
2647,122.26385
2648,122.26385
2649,122.26385
2650,149.16385
2651,149.16385
2652,149.16385
2653,149.16385
2654,149.16385
2655,149.16385
2656,149.16385
2657,149.16385
2658,149.16385
2659,149.16385
2660,149.16385
2661,149.16385
2662,122.26385
2663,120.15085
2664,101.36943
2665,101.36943
2666,101.36943
2667,100.56943
2668,101.36943
2669,101.36943
2670,101.53943
2671,101.60243
2672,124.90243
2673,124.90243
2674,124.90243
2675,124.90243
2676,124.90243
2677,124.90243
2678,124.90243
2679,124.90243
2680,124.90243
2681,124.90243
2682,124.90243
2683,124.90243
2684,124.90243
2685,124.90243
2686,101.60243
2687,101.36943
2688,100.00598
2689,100.00598
2690,100.00598
2691,100.00598
2692,100.00598
2693,100.00598
2694,100.00598
2695,105.80598
2696,106.00598
2697,123.33898
2698,123.33898
2699,123.33898
2700,123.33898
2701,123.33898
2702,123.33898
2703,123.33898
2704,123.33898
2705,123.33898
2706,123.33898
2707,123.33898
2708,123.33898
2709,123.33898
2710,106.00798
2711,105.80598
2712,102.01777
2713,102.01777
2714,101.21777
2715,96.21777
2716,96.21777
2717,96.21777
2718,96.21777
2719,96.21777
2720,102.01777
2721,102.01777
2722,102.21877
2723,102.25077
2724,102.25177
2725,102.25077
2726,102.25077
2727,102.25077
2728,102.21877
2729,102.25077
2730,119.55077
2731,119.55077
2732,119.55077
2733,102.25177
2734,102.25177
2735,102.01777
2736,91.87067
2737,91.87067
2738,91.87067
2739,91.87067
2740,91.87067
2741,91.87067
2742,91.87067
2743,97.67067
2744,97.90367
2745,97.90467
2746,98.39067
2747,110.20367
2748,110.20367
2749,110.20367
2750,110.20367
2751,110.20367
2752,110.20367
2753,110.20367
2754,110.20367
2755,110.20367
2756,110.20367
2757,97.90467
2758,97.67067
2759,96.87067
2760,94.49788
2761,94.49788
2762,94.49788
2763,94.49788
2764,94.49788
2765,100.29788
2766,100.29788
2767,100.53088
2768,100.93888
2769,112.83088
2770,112.83088
2771,113.83088
2772,113.83088
2773,112.83088
2774,113.83088
2775,112.83088
2776,112.83088
2777,112.83088
2778,112.83088
2779,112.83088
2780,112.83088
2781,112.83088
2782,100.53088
2783,100.29788
2784,92.41794
2785,92.41794
2786,92.41794
2787,92.41794
2788,92.41794
2789,92.41794
2790,92.41794
2791,98.21794
2792,98.41894
2793,98.45094
2794,110.75094
2795,110.75094
2796,110.75094
2797,110.75094
2798,110.75094
2799,110.75094
2800,110.75094
2801,110.75094
2802,110.75094
2803,110.75094
2804,110.75094
2805,98.80894
2806,98.41894
2807,98.21794
2808,91.62023
2809,91.62023
2810,91.62023
2811,91.62023
2812,91.62023
2813,97.42023
2814,97.42023
2815,97.65323
2816,97.65423
2817,97.86223
2818,104.95323
2819,104.95323
2820,104.95323
2821,104.95323
2822,104.95323
2823,104.95323
2824,104.95323
2825,104.95323
2826,104.95323
2827,104.95323
2828,104.95323
2829,97.86223
2830,97.42023
2831,97.42023
2832,92.8884
2833,92.8884
2834,92.8884
2835,92.8884
2836,92.8884
2837,92.8884
2838,92.8884
2839,98.6884
2840,98.6884
2841,99.8894
2842,99.9214
2843,99.9224
2844,99.9214
2845,99.9214
2846,99.9224
2847,102.2214
2848,99.9214
2849,99.9214
2850,102.2214
2851,102.2214
2852,102.2214
2853,99.9214
2854,98.6884
2855,98.6884
2856,91.97275
2857,91.97275
2858,91.97275
2859,91.97275
2860,91.97275
2861,91.97275
2862,91.97275
2863,97.77275
2864,99.00575
2865,100.00575
2866,100.00575
2867,100.00575
2868,100.00575
2869,100.00575
2870,100.00575
2871,100.00575
2872,99.00575
2873,99.00575
2874,100.00575
2875,100.00575
2876,100.00575
2877,99.00575
2878,97.77275
2879,97.77275
2880,96.63746
2881,96.63746
2882,96.63746
2883,96.63746
2884,96.16946
2885,94.96746
2886,94.96746
2887,94.96746
2888,96.63746
2889,96.63746
2890,96.63846
2891,97.23646
2892,97.23646
2893,97.23646
2894,97.23646
2895,97.23646
2896,97.23646
2897,97.23646
2898,97.23646
2899,98.75046
2900,98.75046
2901,97.23646
2902,97.23646
2903,97.23646
2904,94.89102
2905,94.89102
2906,94.89102
2907,94.89102
2908,94.89102
2909,95.48602
2910,96.09202
2911,97.16002
2912,97.16002
2913,97.16002
2914,98.67402
2915,98.67402
2916,98.67402
2917,98.67402
2918,98.67402
2919,98.67402
2920,98.67402
2921,98.67402
2922,98.67402
2923,130.56002
2924,98.67402
2925,98.67402
2926,97.16002
2927,97.16002
2928,95.70862
2929,95.70862
2930,95.70862
2931,95.70862
2932,95.70862
2933,95.70862
2934,95.70862
2935,98.67762
2936,98.67762
2937,98.67762
2938,102.37762
2939,102.37762
2940,126.27762
2941,102.37762
2942,126.27762
2943,131.37762
2944,126.27762
2945,102.37762
2946,131.37762
2947,131.37762
2948,126.27762
2949,102.37762
2950,98.67762
2951,98.67762
2952,95.60531
2953,95.60431
2954,95.60431
2955,89.80531
2956,95.60531
2957,95.60531
2958,95.60531
2959,96.80831
2960,99.57431
2961,99.57431
2962,121.17431
2963,131.27431
2964,121.17431
2965,121.17431
2966,246.97431
2967,246.97431
2968,131.27431
2969,121.17431
2970,246.97431
2971,336.27431
2972,131.27431
2973,99.57431
2974,99.57431
2975,96.80831
2976,97.19725
2977,97.19725
2978,97.19725
2979,97.19725
2980,97.19725
2981,97.19725
2982,97.19725
2983,110.31025
2984,97.19725
2985,110.31025
2986,110.31025
2987,110.31025
2988,110.31025
2989,110.31025
2990,110.31025
2991,110.31025
2992,110.31025
2993,110.31025
2994,110.31025
2995,130.19625
2996,110.31025
2997,110.31025
2998,97.19725
2999,97.19725
3000,100.07912
3001,100.07912
3002,100.07912
3003,100.07912
3004,100.07912
3005,108.74812
3006,108.74812
3007,108.74812
3008,120.34812
3009,120.34812
3010,120.74812
3011,120.74812
3012,120.74812
3013,120.74812
3014,120.74812
3015,120.74812
3016,120.74812
3017,120.74812
3018,120.74812
3019,120.74812
3020,120.74812
3021,120.34812
3022,108.74812
3023,108.74812
3024,100.81343
3025,100.81343
3026,100.81343
3027,100.81343
3028,100.81343
3029,100.81343
3030,100.81343
3031,118.61443
3032,124.01243
3033,124.01243
3034,124.01243
3035,124.01243
3036,124.01243
3037,124.01243
3038,124.01243
3039,124.01243
3040,118.61343
3041,118.61443
3042,124.01243
3043,124.01243
3044,124.01243
3045,118.61343
3046,100.81343
3047,100.81343
3048,97.10497
3049,97.10497
3050,97.10497
3051,97.10497
3052,97.10497
3053,97.10497
3054,97.10497
3055,97.10497
3056,97.10497
3057,115.30497
3058,115.30497
3059,115.30497
3060,115.30497
3061,115.30497
3062,115.30497
3063,115.30497
3064,115.30497
3065,115.30497
3066,120.60397
3067,120.60397
3068,120.60397
3069,120.60397
3070,120.60397
3071,115.30497
3072,92.02827
3073,92.02827
3074,92.02827
3075,92.02827
3076,92.02827
3077,97.82827
3078,97.82827
3079,97.82927
3080,100.59727
3081,100.59727
3082,100.59727
3083,100.59727
3084,100.59727
3085,100.59727
3086,119.79727
3087,119.79727
3088,119.79727
3089,100.59727
3090,119.79727
3091,133.49727
3092,119.79727
3093,100.59727
3094,100.59727
3095,97.82927
3096,98.7047
3097,98.7047
3098,97.9357
3099,97.9357
3100,98.7027
3101,98.7047
3102,98.7047
3103,98.7047
3104,103.0707
3105,103.0707
3106,117.6707
3107,117.6707
3108,117.6707
3109,117.6707
3110,117.6707
3111,117.6707
3112,117.6707
3113,117.6707
3114,117.6707
3115,117.6707
3116,117.6707
3117,103.0707
3118,99.1707
3119,98.7047
3120,89.05597
3121,89.05597
3122,89.05597
3123,89.05597
3124,89.05597
3125,94.85597
3126,94.85597
3127,94.85697
3128,96.05897
3129,96.05897
3130,96.05897
3131,96.05897
3132,96.05897
3133,96.05897
3134,103.52497
3135,103.52497
3136,96.05897
3137,96.05897
3138,103.52497
3139,228.22497
3140,103.52497
3141,96.05897
3142,96.05897
3143,94.85697
3144,97.90473
3145,97.90473
3146,97.90373
3147,97.90373
3148,97.90473
3149,99.10473
3150,99.10773
3151,99.10773
3152,100.68673
3153,100.68673
3154,100.68673
3155,100.68673
3156,100.68673
3157,100.68673
3158,102.57273
3159,102.57273
3160,100.68673
3161,100.68673
3162,102.57273
3163,122.57273
3164,102.57273
3165,100.68673
3166,99.10773
3167,99.10773
3168,96.745
3169,96.745
3170,96.745
3171,96.745
3172,96.745
3173,96.745
3174,102.545
3175,102.971
3176,104.214
3177,104.214
3178,104.214
3179,104.214
3180,104.214
3181,104.214
3182,104.214
3183,104.214
3184,104.214
3185,104.214
3186,104.214
3187,104.214
3188,104.214
3189,104.214
3190,103.746
3191,102.546
3192,98.42516
3193,98.42516
3194,98.42516
3195,98.42216
3196,98.42216
3197,98.42216
3198,98.42516
3199,98.42516
3200,99.19016
3201,101.20816
3202,101.20816
3203,101.20816
3204,101.20816
3205,101.20816
3206,101.20816
3207,101.20816
3208,101.20816
3209,101.20816
3210,101.20816
3211,101.20816
3212,101.20816
3213,101.20816
3214,99.19016
3215,98.42516
3216,96.28835
3217,96.28835
3218,96.28835
3219,96.28835
3220,96.28835
3221,96.28835
3222,96.28835
3223,96.28835
3224,96.28835
3225,96.28835
3226,97.05335
3227,97.25335
3228,97.25335
3229,97.25335
3230,97.25335
3231,97.25335
3232,97.25335
3233,97.25335
3234,99.07135
3235,99.07135
3236,99.07135
3237,99.07135
3238,97.25335
3239,97.25335
3240,97.04357
3241,97.04057
3242,96.50857
3243,96.50857
3244,97.04057
3245,97.04357
3246,97.04357
3247,97.04357
3248,98.00857
3249,98.00857
3250,100.34057
3251,100.34057
3252,100.34057
3253,100.34057
3254,100.34057
3255,100.34057
3256,100.34057
3257,100.34057
3258,100.34057
3259,116.50857
3260,100.34057
3261,100.34057
3262,98.00857
3263,97.04357
3264,95.63938
3265,95.63938
3266,95.63938
3267,95.63938
3268,95.63938
3269,96.83938
3270,96.84238
3271,107.30738
3272,107.30738
3273,107.30738
3274,131.30738
3275,132.30738
3276,132.30738
3277,131.30738
3278,132.30738
3279,132.30738
3280,132.30738
3281,107.30738
3282,107.30738
3283,132.30738
3284,131.30738
3285,107.30738
3286,107.30738
3287,96.84238
3288,89.2018
3289,89.2018
3290,89.2018
3291,89.2018
3292,89.2018
3293,95.3838
3294,96.2028
3295,126.6708
3296,126.6708
3297,126.6708
3298,190.6708
3299,196.7708
3300,190.6708
3301,190.6708
3302,190.6708
3303,190.6708
3304,135.6708
3305,190.6708
3306,190.6708
3307,196.7708
3308,190.6708
3309,126.6708
3310,126.6708
3311,96.2058
3312,115.63092
3313,115.63092
3314,115.63092
3315,115.63092
3316,115.63092
3317,115.63092
3318,115.63092
3319,124.06592
3320,124.06592
3321,124.06592
3322,124.06592
3323,125.62992
3324,125.62992
3325,125.62992
3326,126.63092
3327,126.63092
3328,125.62992
3329,125.62992
3330,126.63092
3331,126.63092
3332,126.63092
3333,124.06592
3334,124.06592
3335,115.63092
3336,97.96173
3337,96.00673
3338,96.00673
3339,96.00673
3340,96.00673
3341,114.67473
3342,114.67473
3343,114.67473
3344,114.67473
3345,118.97473
3346,120.67473
3347,120.67473
3348,120.67473
3349,120.67473
3350,120.67473
3351,120.67473
3352,120.67473
3353,120.67473
3354,120.67473
3355,120.67473
3356,120.67473
3357,120.67473
3358,114.67473
3359,114.67473
3360,97.15121
3361,97.15121
3362,97.15121
3363,97.15121
3364,97.15121
3365,97.15121
3366,97.15121
3367,97.15121
3368,114.76221
3369,115.86221
3370,115.86221
3371,115.86221
3372,115.86221
3373,115.86221
3374,115.86221
3375,115.86221
3376,115.86221
3377,115.86221
3378,115.86221
3379,115.86221
3380,115.86221
3381,115.86221
3382,97.15121
3383,97.15121
3384,95.24563
3385,95.24663
3386,95.24663
3387,95.24063
3388,89.44763
3389,89.44763
3390,89.44763
3391,89.44763
3392,95.24063
3393,95.24563
3394,95.24863
3395,96.24163
3396,96.24163
3397,96.24163
3398,96.24163
3399,96.24163
3400,96.24163
3401,96.24163
3402,96.24163
3403,96.24163
3404,96.24163
3405,96.24163
3406,96.24163
3407,95.24863
3408,89.25056
3409,89.25056
3410,89.25056
3411,89.25056
3412,89.25056
3413,95.05056
3414,95.05156
3415,96.04256
3416,96.04456
3417,96.04556
3418,96.04556
3419,96.04556
3420,96.04556
3421,96.04556
3422,96.04556
3423,96.04556
3424,96.04556
3425,96.04556
3426,96.04556
3427,130.71956
3428,96.04556
3429,96.04556
3430,96.04456
3431,95.54756
3432,105.44899
3433,105.44899
3434,105.44899
3435,105.44799
3436,105.44899
3437,105.87299
3438,106.11699
3439,106.11699
3440,106.11699
3441,106.67999
3442,106.68199
3443,106.68299
3444,106.68299
3445,106.68299
3446,106.68299
3447,106.68299
3448,106.68299
3449,106.68199
3450,106.68299
3451,106.68299
3452,106.68299
3453,106.68199
3454,106.11699
3455,106.11699
3456,95.7818
3457,95.7818
3458,95.7818
3459,95.7818
3460,95.7818
3461,95.7818
3462,95.7818
3463,101.5818
3464,102.8138
3465,102.8158
3466,102.8158
3467,102.8158
3468,102.8158
3469,102.8158
3470,102.8158
3471,102.8158
3472,102.8158
3473,102.8158
3474,102.8158
3475,102.8158
3476,102.8158
3477,102.8158
3478,101.5818
3479,95.7818
3480,94.1878
3481,94.1878
3482,94.1878
3483,94.1878
3484,94.1878
3485,100.6558
3486,100.6558
3487,100.6558
3488,101.2218
3489,101.2218
3490,101.2218
3491,101.2218
3492,101.2218
3493,101.2218
3494,101.2218
3495,101.2218
3496,101.2218
3497,101.2218
3498,101.2218
3499,101.2218
3500,101.2218
3501,101.2218
3502,100.6558
3503,100.6558
3504,91.53294
3505,91.53294
3506,91.53294
3507,91.53294
3508,91.53294
3509,91.53294
3510,96.00194
3511,97.33294
3512,97.33294
3513,98.56494
3514,98.56694
3515,98.56694
3516,98.56694
3517,98.56694
3518,98.56694
3519,98.56694
3520,98.56694
3521,98.56694
3522,98.56694
3523,98.56694
3524,98.56694
3525,98.56694
3526,97.33294
3527,97.33294
3528,94.02263
3529,94.02263
3530,94.02263
3531,94.02263
3532,94.02263
3533,94.02263
3534,94.02263
3535,95.55263
3536,96.78863
3537,96.78863
3538,96.78963
3539,97.22263
3540,96.78963
3541,96.78963
3542,96.78963
3543,96.78963
3544,96.78963
3545,96.78863
3546,97.22263
3547,97.22263
3548,96.78963
3549,96.78863
3550,95.55263
3551,95.55263
3552,95.4604
3553,95.4604
3554,95.4614
3555,94.6614
3556,96.6904
3557,95.4614
3558,95.4614
3559,96.6934
3560,96.6954
3561,96.6954
3562,96.6964
3563,97.1304
3564,97.1304
3565,97.1304
3566,97.1304
3567,96.6964
3568,96.6964
3569,97.1304
3570,97.2304
3571,97.2304
3572,97.2304
3573,97.2304
3574,97.2304
3575,96.6964
3576,96.4494
3577,96.4494
3578,96.4494
3579,95.8804
3580,95.8804
3581,95.8804
3582,95.8804
3583,96.4494
3584,96.4494
3585,96.4494
3586,96.5494
3587,96.5494
3588,97.1124
3589,97.1124
3590,96.5494
3591,96.5494
3592,96.5494
3593,96.5494
3594,97.1144
3595,97.1154
3596,97.1144
3597,97.1144
3598,96.5494
3599,96.4494
3600,94.11063
3601,94.11063
3602,94.11063
3603,94.11063
3604,94.11063
3605,94.94163
3606,94.94163
3607,95.51063
3608,95.51063
3609,95.51063
3610,95.61063
3611,96.17563
3612,96.17363
3613,96.17563
3614,96.17563
3615,96.17663
3616,96.17563
3617,96.17363
3618,96.17563
3619,96.17663
3620,96.17563
3621,95.61063
3622,95.51063
3623,95.51063
3624,96.25382
3625,96.25382
3626,96.25382
3627,96.25382
3628,96.25382
3629,96.25382
3630,96.25382
3631,96.25382
3632,103.04382
3633,103.04482
3634,103.04582
3635,258.33982
3636,158.13982
3637,158.13982
3638,158.13982
3639,103.04582
3640,103.04582
3641,103.04482
3642,103.04582
3643,158.13982
3644,103.04582
3645,103.04482
3646,103.04382
3647,96.25382
3648,100.90546
3649,100.90546
3650,100.90546
3651,100.90546
3652,100.90546
3653,100.90546
3654,100.90546
3655,103.79146
3656,107.59146
3657,107.59146
3658,107.69446
3659,107.69546
3660,107.59146
3661,107.69546
3662,107.69546
3663,107.69546
3664,107.69546
3665,107.69546
3666,107.69546
3667,107.69546
3668,107.69546
3669,107.69546
3670,107.04546
3671,103.79146
3672,105.24104
3673,105.24104
3674,105.24104
3675,105.24104
3676,105.24104
3677,105.24104
3678,105.24104
3679,105.24104
3680,108.12704
3681,110.24104
3682,111.38104
3683,111.92704
3684,111.48404
3685,111.92704
3686,111.92704
3687,111.92704
3688,111.92704
3689,108.12704
3690,111.92704
3691,112.77404
3692,111.48404
3693,111.38104
3694,108.12704
3695,105.24104
3696,99.37733
3697,99.37733
3698,99.37733
3699,99.37733
3700,99.37733
3701,99.37733
3702,99.37733
3703,102.76333
3704,105.91733
3705,106.91033
3706,106.91233
3707,106.91233
3708,106.91233
3709,106.91233
3710,106.91133
3711,106.91133
3712,106.91033
3713,106.91033
3714,106.91233
3715,106.91333
3716,106.91233
3717,105.91733
3718,102.76333
3719,102.76333
3720,100.38262
3721,100.38262
3722,100.38262
3723,100.38262
3724,100.38262
3725,96.49662
3726,96.49662
3727,96.49662
3728,100.38262
3729,102.63562
3730,102.63862
3731,102.63762
3732,102.63762
3733,102.63762
3734,102.63762
3735,102.63762
3736,102.63762
3737,102.63762
3738,102.63862
3739,102.63862
3740,102.63862
3741,102.63862
3742,102.63762
3743,102.63762
3744,96.27199
3745,96.27199
3746,96.27199
3747,96.27199
3748,96.27199
3749,96.27199
3750,96.27199
3751,98.15799
3752,102.41099
3753,102.41199
3754,102.41299
3755,102.55699
3756,102.55599
3757,102.55799
3758,102.55799
3759,102.55799
3760,102.55799
3761,102.55599
3762,102.55899
3763,102.55899
3764,102.55899
3765,102.55599
3766,102.41299
3767,102.41099
3768,97.44995
3769,97.44995
3770,97.44995
3771,97.44995
3772,97.44995
3773,97.44995
3774,97.44995
3775,100.93595
3776,103.59095
3777,103.59095
3778,103.59095
3779,104.49795
3780,103.59095
3781,103.59095
3782,103.59095
3783,103.59095
3784,103.59095
3785,103.59095
3786,104.49995
3787,104.49995
3788,104.49795
3789,103.59095
3790,100.93595
3791,97.44995
3792,96.61362
3793,96.61362
3794,96.61362
3795,96.61362
3796,96.61362
3797,96.61362
3798,102.69962
3799,102.75362
3800,104.12062
3801,104.12262
3802,107.49962
3803,161.49962
3804,107.49962
3805,161.49962
3806,161.49962
3807,161.49962
3808,161.49962
3809,104.12262
3810,161.49962
3811,161.49962
3812,161.49962
3813,104.12262
3814,102.75362
3815,96.61362
3816,96.26733
3817,96.26733
3818,96.26733
3819,96.26733
3820,96.26733
3821,102.35333
3822,102.40633
3823,102.40733
3824,103.77433
3825,103.77733
3826,103.77833
3827,225.85333
3828,103.77633
3829,103.77633
3830,103.77633
3831,103.77633
3832,103.77633
3833,103.77633
3834,103.77633
3835,103.77733
3836,103.77633
3837,103.77633
3838,103.77633
3839,102.40733
3840,104.02563
3841,104.02563
3842,104.02563
3843,97.91963
3844,104.02563
3845,104.02563
3846,104.05863
3847,104.05963
3848,105.42663
3849,105.42963
3850,108.80563
3851,169.80563
3852,105.42863
3853,105.42863
3854,105.42863
3855,105.42863
3856,105.42863
3857,105.42863
3858,105.42963
3859,105.42963
3860,105.42863
3861,105.42863
3862,105.42863
3863,104.33263
3864,105.65517
3865,105.65517
3866,105.65517
3867,105.65517
3868,105.65517
3869,105.65517
3870,105.65517
3871,106.17517
3872,107.02017
3873,107.02417
3874,107.02417
3875,107.02417
3876,107.02417
3877,107.02417
3878,107.02017
3879,107.02017
3880,107.02017
3881,107.02017
3882,107.02417
3883,107.02417
3884,107.02417
3885,107.02017
3886,106.17517
3887,105.65517
3888,105.40905
3889,105.40905
3890,99.27305
3891,99.27305
3892,99.27305
3893,99.27305
3894,99.27305
3895,99.27305
3896,105.27305
3897,105.40905
3898,105.41305
3899,105.41305
3900,105.41305
3901,105.41305
3902,105.41305
3903,105.41305
3904,105.41305
3905,105.41305
3906,106.78005
3907,106.78205
3908,106.78205
3909,105.41305
3910,105.41305
3911,105.41305
3912,96.46147
3913,96.46147
3914,96.46147
3915,96.46147
3916,96.46147
3917,96.46147
3918,96.46147
3919,102.60147
3920,102.60147
3921,102.90147
3922,103.96847
3923,103.97047
3924,103.97047
3925,103.97147
3926,103.97147
3927,103.97147
3928,103.97147
3929,103.97147
3930,103.97147
3931,103.97147
3932,103.97147
3933,103.97047
3934,102.60147
3935,102.60147
3936,96.19602
3937,96.19602
3938,96.19602
3939,96.19602
3940,96.19602
3941,102.33602
3942,102.33602
3943,102.54802
3944,103.70502
3945,103.70502
3946,103.70502
3947,103.70502
3948,103.70502
3949,103.70502
3950,103.70502
3951,103.70502
3952,103.70502
3953,103.70502
3954,103.70502
3955,103.70502
3956,103.70502
3957,103.70502
3958,103.70302
3959,102.33602
3960,96.43349
3961,96.43349
3962,96.43349
3963,96.43349
3964,96.43349
3965,102.57349
3966,102.57349
3967,102.83649
3968,103.94249
3969,103.94249
3970,103.94249
3971,103.94249
3972,103.94249
3973,103.94249
3974,103.94249
3975,103.94249
3976,103.94249
3977,103.94249
3978,103.94249
3979,103.94349
3980,103.94249
3981,103.94249
3982,103.94249
3983,102.57349
3984,102.353
3985,102.353
3986,96.213
3987,96.213
3988,96.213
3989,102.353
3990,102.353
3991,102.616
3992,103.366
3993,103.366
3994,103.367
3995,103.367
3996,103.367
3997,103.367
3998,103.367
3999,103.367
4000,103.367
4001,103.367
4002,103.367
4003,103.367
4004,103.367
4005,103.367
4006,103.366
4007,102.353
4008,96.25675
4009,96.25675
4010,96.25675
4011,96.25675
4012,96.25675
4013,96.25675
4014,96.25675
4015,102.39675
4016,104.26275
4017,104.26275
4018,104.26475
4019,104.26475
4020,104.26475
4021,104.26475
4022,104.26475
4023,104.26475
4024,104.26475
4025,104.26475
4026,104.26475
4027,104.26475
4028,104.26475
4029,104.26275
4030,104.26075
4031,96.25675
4032,96.24588
4033,96.24588
4034,96.24588
4035,96.24588
4036,96.24588
4037,96.24588
4038,96.24688
4039,96.24688
4040,102.86788
4041,103.19088
4042,103.19188
4043,103.19188
4044,103.19188
4045,103.19188
4046,103.19188
4047,103.19088
4048,103.19088
4049,103.18988
4050,103.19188
4051,103.19188
4052,103.19088
4053,103.19088
4054,102.24588
4055,96.24688
4056,99.58964
4057,99.58864
4058,99.58864
4059,99.58864
4060,99.58864
4061,99.58864
4062,99.58864
4063,99.58864
4064,99.58864
4065,99.58864
4066,99.58964
4067,99.58964
4068,99.58964
4069,99.58964
4070,99.58864
4071,99.58864
4072,99.58964
4073,99.58964
4074,99.58964
4075,105.72864
4076,105.72764
4077,99.58964
4078,99.58964
4079,99.58864
4080,96.13084
4081,96.13084
4082,96.13084
4083,96.13084
4084,96.13084
4085,96.13084
4086,96.13084
4087,96.13084
4088,96.13084
4089,96.13184
4090,96.13184
4091,96.13284
4092,102.12984
4093,102.12984
4094,96.13284
4095,96.13284
4096,96.13284
4097,96.13284
4098,103.17484
4099,103.17784
4100,103.17784
4101,102.27084
4102,96.13284
4103,96.13184
4104,96.85603
4105,96.85603
4106,96.85603
4107,96.85603
4108,96.85603
4109,96.85603
4110,96.85603
4111,96.85703
4112,96.85803
4113,102.99603
4114,103.80303
4115,103.80603
4116,103.80603
4117,103.80603
4118,103.80603
4119,103.80603
4120,103.80603
4121,103.80303
4122,103.80603
4123,103.80603
4124,103.80603
4125,102.99603
4126,96.85703
4127,96.85603
4128,104.92113
4129,104.92113
4130,104.92113
4131,104.92113
4132,104.92113
4133,104.92113
4134,104.92113
4135,105.21313
4136,105.21313
4137,106.45913
4138,106.45913
4139,106.45913
4140,106.45913
4141,106.45913
4142,106.45913
4143,106.45913
4144,106.45913
4145,106.45913
4146,106.45913
4147,106.45913
4148,106.45913
4149,106.45913
4150,105.21313
4151,105.21313
4152,104.79852
4153,104.79852
4154,104.79852
4155,104.79852
4156,104.79852
4157,104.79852
4158,105.05152
4159,105.05252
4160,106.33752
4161,106.33752
4162,106.33852
4163,106.33852
4164,106.33852
4165,106.33852
4166,106.33852
4167,106.33852
4168,106.33852
4169,106.33852
4170,106.33852
4171,106.33852
4172,106.33852
4173,106.33752
4174,105.05252
4175,105.05252
4176,97.43737
4177,97.43737
4178,97.43737
4179,97.43737
4180,97.43737
4181,97.43737
4182,97.43837
4183,103.57737
4184,103.57737
4185,103.57737
4186,105.11337
4187,105.11637
4188,105.11637
4189,105.11637
4190,105.11637
4191,105.11637
4192,105.11637
4193,105.11437
4194,105.11637
4195,105.11637
4196,105.11637
4197,103.57737
4198,103.57737
4199,103.57737
4200,102.20065
4201,96.20165
4202,96.20165
4203,96.20165
4204,96.20165
4205,102.20065
4206,102.34065
4207,102.34065
4208,102.34165
4209,102.90365
4210,103.87865
4211,103.87965
4212,103.87965
4213,103.87865
4214,103.87665
4215,102.90365
4216,102.34165
4217,102.34165
4218,103.87865
4219,103.87965
4220,103.87665
4221,102.34165
4222,102.34065
4223,102.34065
4224,102.42721
4225,102.42621
4226,102.42621
4227,102.42621
4228,102.42621
4229,102.42621
4230,102.42621
4231,102.42621
4232,102.42721
4233,103.96121
4234,103.96121
4235,103.96121
4236,103.96221
4237,103.96221
4238,103.96121
4239,103.96121
4240,103.96121
4241,103.96221
4242,103.96521
4243,103.96521
4244,103.96521
4245,103.96521
4246,103.96121
4247,103.96121
4248,102.35787
4249,102.35787
4250,102.35787
4251,102.35787
4252,102.35787
4253,102.35787
4254,102.35787
4255,102.35787
4256,102.35787
4257,103.89187
4258,103.89487
4259,103.89487
4260,103.89487
4261,103.89487
4262,103.89487
4263,103.89487
4264,103.89487
4265,103.89487
4266,103.89487
4267,103.89487
4268,103.89487
4269,103.89487
4270,103.89487
4271,103.89487
4272,97.62066
4273,97.62066
4274,97.62066
4275,97.62066
4276,97.62066
4277,97.62066
4278,97.62066
4279,97.62166
4280,103.76166
4281,105.29666
4282,105.29966
4283,105.29966
4284,105.29966
4285,105.29966
4286,105.29966
4287,105.29966
4288,105.29966
4289,105.29666
4290,105.29966
4291,105.29966
4292,105.29966
4293,104.09966
4294,103.76066
4295,97.62166
4296,98.19704
4297,98.19704
4298,98.19704
4299,98.19704
4300,98.19704
4301,98.19704
4302,98.19704
4303,105.87304
4304,105.87604
4305,105.87604
4306,105.87604
4307,106.05704
4308,106.05704
4309,106.05704
4310,106.05704
4311,107.08304
4312,105.87604
4313,105.87604
4314,105.87604
4315,105.87604
4316,105.87604
4317,105.87604
4318,104.62104
4319,104.33704
4320,98.40304
4321,98.40304
4322,98.40304
4323,98.40304
4324,98.40304
4325,98.40304
4326,98.40304
4327,104.54304
4328,105.28904
4329,106.08104
4330,106.08204
4331,106.08204
4332,106.08204
4333,106.08204
4334,106.08204
4335,106.08204
4336,106.08204
4337,106.08204
4338,106.08204
4339,106.08204
4340,106.08204
4341,106.08204
4342,104.80204
4343,104.54304
4344,97.72566
4345,97.72566
4346,97.72566
4347,97.72566
4348,97.72566
4349,97.72566
4350,103.86366
4351,105.40066
4352,105.40366
4353,105.40366
4354,105.40366
4355,105.40366
4356,105.40366
4357,105.40466
4358,105.40466
4359,105.40466
4360,105.40366
4361,105.40366
4362,105.40466
4363,105.40466
4364,105.40466
4365,105.40366
4366,105.40366
4367,105.40366
4368,103.28704
4369,103.28704
4370,103.28704
4371,103.28604
4372,103.28704
4373,103.28604
4374,103.28704
4375,104.82304
4376,104.82604
4377,104.82604
4378,104.82604
4379,104.82604
4380,104.82604
4381,104.82604
4382,104.82604
4383,104.82604
4384,104.82604
4385,104.82604
4386,104.82604
4387,104.82604
4388,104.82604
4389,104.82604
4390,104.82604
4391,103.28704
4392,103.34885
4393,97.20985
4394,97.20985
4395,97.20985
4396,97.20985
4397,97.20985
4398,97.20985
4399,97.20985
4400,97.20985
4401,97.20985
4402,103.34885
4403,103.34985
4404,103.34985
4405,103.34985
4406,103.34985
4407,103.34985
4408,103.34985
4409,103.34985
4410,104.88485
4411,104.88585
4412,104.88585
4413,104.88485
4414,104.88485
4415,103.34985
4416,104.89535
4417,104.75535
4418,104.75535
4419,103.35935
4420,103.35935
4421,103.35935
4422,103.35935
4423,103.35935
4424,104.89535
4425,104.89835
4426,104.89835
4427,104.89835
4428,104.89835
4429,104.89835
4430,104.89835
4431,104.89835
4432,104.89835
4433,104.89835
4434,104.89935
4435,104.90035
4436,104.90035
4437,104.89935
4438,104.89835
4439,104.89835
4440,103.24167
4441,97.10167
4442,97.10167
4443,97.10167
4444,97.10167
4445,103.24167
4446,103.24167
4447,104.78067
4448,104.78067
4449,104.78067
4450,104.78167
4451,104.78267
4452,104.78267
4453,104.78267
4454,104.78267
4455,104.78267
4456,104.78267
4457,104.78167
4458,104.78267
4459,119.13767
4460,119.13767
4461,104.78267
4462,104.78067
4463,104.78067
4464,100.1426
4465,100.1426
4466,100.1426
4467,100.1426
4468,100.1426
4469,100.1426
4470,100.1426
4471,107.8186
4472,107.8216
4473,107.8216
4474,107.8216
4475,107.8216
4476,107.8216
4477,107.8216
4478,107.8226
4479,107.8216
4480,107.8216
4481,107.8216
4482,107.8216
4483,107.8226
4484,107.8216
4485,107.8216
4486,107.8216
4487,106.2826
4488,99.19665
4489,99.19665
4490,99.19665
4491,99.19665
4492,99.19665
4493,99.19665
4494,105.33665
4495,106.87265
4496,106.87565
4497,106.87565
4498,106.87565
4499,106.87665
4500,106.87665
4501,106.87665
4502,130.93265
4503,130.93265
4504,106.87665
4505,106.87565
4506,106.87665
4507,139.23265
4508,106.87665
4509,106.87565
4510,106.87565
4511,106.87565
4512,105.81537
4513,105.81537
4514,99.67637
4515,99.67637
4516,99.67637
4517,105.81637
4518,105.81637
4519,107.35437
4520,107.35537
4521,107.35537
4522,107.35537
4523,107.35637
4524,107.35537
4525,107.35537
4526,107.35637
4527,107.35637
4528,107.35537
4529,107.35537
4530,107.35537
4531,107.35637
4532,107.35537
4533,107.35537
4534,107.35537
4535,107.35237
4536,108.54347
4537,108.54347
4538,108.54347
4539,108.54347
4540,108.54347
4541,108.54347
4542,108.54347
4543,110.07947
4544,110.08247
4545,110.08247
4546,110.08247
4547,110.08347
4548,110.08247
4549,110.08247
4550,110.08247
4551,110.08247
4552,110.08247
4553,110.08247
4554,110.08247
4555,110.08347
4556,110.08347
4557,110.08247
4558,110.08247
4559,110.08247
4560,107.55253
4561,107.55253
4562,107.55253
4563,107.55153
4564,101.41253
4565,101.41253
4566,101.41253
4567,101.41253
4568,107.55253
4569,107.55253
4570,108.91253
4571,109.09053
4572,109.09153
4573,109.09153
4574,109.09153
4575,109.09053
4576,109.08853
4577,109.08853
4578,109.09153
4579,109.09153
4580,109.09153
4581,109.09153
4582,109.09153
4583,109.09053
4584,104.3708
4585,104.3708
4586,104.3708
4587,104.3708
4588,104.3708
4589,104.3708
4590,104.7108
4591,105.9098
4592,105.9108
4593,105.9108
4594,105.9108
4595,105.9108
4596,105.9108
4597,105.9108
4598,105.9108
4599,105.9108
4600,105.9108
4601,105.9108
4602,105.9108
4603,105.9118
4604,105.9108
4605,105.9108
4606,105.9108
4607,105.9098
4608,107.42616
4609,107.42616
4610,107.42516
4611,101.28616
4612,107.42616
4613,107.42616
4614,107.42616
4615,108.96616
4616,108.96616
4617,108.96616
4618,108.96616
4619,108.96716
4620,108.96616
4621,108.96716
4622,108.96716
4623,108.96716
4624,108.96716
4625,108.96716
4626,142.22216
4627,280.79016
4628,108.96716
4629,108.96716
4630,108.96616
4631,108.96616
4632,106.64884
4633,106.64884
4634,106.64884
4635,106.64884
4636,106.64884
4637,108.18484
4638,108.18884
4639,108.18884
4640,108.18884
4641,108.18884
4642,108.18984
4643,108.18984
4644,108.18984
4645,108.18984
4646,140.54484
4647,140.54484
4648,133.74484
4649,108.18984
4650,133.74484
4651,141.44484
4652,140.54484
4653,108.18984
4654,108.18884
4655,108.18884
4656,109.62287
4657,109.62287
4658,109.62287
4659,109.62187
4660,109.62287
4661,109.62287
4662,109.81587
4663,111.16187
4664,111.16187
4665,111.16187
4666,111.16287
4667,111.16287
4668,111.16287
4669,111.16287
4670,111.16287
4671,111.16287
4672,111.16287
4673,111.16187
4674,111.16287
4675,144.41887
4676,111.16287
4677,111.16187
4678,111.16187
4679,111.16187
4680,110.83425
4681,110.83425
4682,110.83325
4683,104.69425
4684,110.83425
4685,110.83425
4686,110.83425
4687,112.37025
4688,112.37325
4689,112.37325
4690,112.37325
4691,112.37325
4692,112.37325
4693,112.37325
4694,112.37425
4695,112.37425
4696,112.37325
4697,112.37325
4698,112.37325
4699,112.37425
4700,112.37425
4701,112.37325
4702,112.37325
4703,112.37125
4704,108.75356
4705,108.75356
4706,108.75356
4707,108.75356
4708,108.75356
4709,108.75356
4710,108.75356
4711,108.75356
4712,108.75356
4713,108.75456
4714,108.75456
4715,110.12656
4716,110.12656
4717,108.75456
4718,108.75456
4719,108.75456
4720,108.75456
4721,108.75456
4722,110.12656
4723,129.92656
4724,110.12656
4725,108.75456
4726,108.75456
4727,108.75356
4728,106.60668
4729,106.60668
4730,106.60668
4731,106.60668
4732,106.60668
4733,106.60668
4734,106.60668
4735,106.60668
4736,106.60668
4737,106.60668
4738,106.60768
4739,106.97968
4740,106.97968
4741,106.97968
4742,106.97968
4743,106.97968
4744,106.60768
4745,106.60768
4746,106.97968
4747,107.97968
4748,106.97968
4749,106.97968
4750,106.97968
4751,106.60768
4752,105.70941
4753,105.70941
4754,105.70841
4755,105.70641
4756,105.70941
4757,105.70941
4758,105.70941
4759,105.71041
4760,107.08241
4761,127.08241
4762,127.08241
4763,127.08241
4764,127.08241
4765,148.68241
4766,143.08241
4767,143.08241
4768,127.08241
4769,127.08241
4770,127.08241
4771,127.08241
4772,127.08241
4773,127.08241
4774,127.08241
4775,105.71041
4776,105.94873
4777,105.94873
4778,105.94873
4779,105.94873
4780,105.94873
4781,105.94873
4782,105.94873
4783,106.82173
4784,121.02173
4785,127.32173
4786,127.32173
4787,127.32173
4788,127.32173
4789,127.32173
4790,127.32173
4791,127.32173
4792,127.32173
4793,127.32173
4794,127.32173
4795,127.32173
4796,127.32173
4797,127.32173
4798,121.02173
4799,106.82173
4800,106.73156
4801,106.73156
4802,106.73156
4803,106.73156
4804,106.73156
4805,106.73156
4806,106.72856
4807,106.73156
4808,106.73156
4809,106.73156
4810,106.73256
4811,106.73256
4812,106.73256
4813,106.73256
4814,106.73256
4815,106.73256
4816,106.73256
4817,106.73156
4818,106.73256
4819,108.90456
4820,108.90456
4821,106.73256
4822,106.73156
4823,106.73156
4824,104.05366
4825,104.05366
4826,104.05366
4827,104.05366
4828,104.05366
4829,104.22666
4830,106.30066
4831,106.30266
4832,106.30266
4833,106.30266
4834,106.30366
4835,106.30366
4836,106.30366
4837,106.30366
4838,107.94966
4839,107.94966
4840,107.94966
4841,106.30366
4842,107.94966
4843,134.54966
4844,107.94966
4845,106.30366
4846,106.30266
4847,106.30266
4848,103.39505
4849,103.39505
4850,97.25605
4851,97.25605
4852,103.39505
4853,103.39505
4854,103.55905
4855,104.25605
4856,104.25605
4857,104.25605
4858,104.25705
4859,104.25705
4860,104.25705
4861,104.25705
4862,104.25705
4863,104.25705
4864,104.25705
4865,104.25605
4866,104.25705
4867,104.25705
4868,104.25705
4869,104.25605
4870,104.25605
4871,104.25405
4872,103.58482
4873,103.46882
4874,103.10882
4875,103.10882
4876,103.10882
4877,103.10882
4878,103.10882
4879,103.96982
4880,103.96982
4881,103.96982
4882,103.97082
4883,103.97082
4884,103.97082
4885,103.97082
4886,103.96982
4887,103.96982
4888,103.96982
4889,103.96982
4890,103.97082
4891,103.97082
4892,103.97082
4893,103.96982
4894,103.96982
4895,103.96982
4896,111.27075
4897,111.27075
4898,111.27075
4899,111.27075
4900,111.27075
4901,111.27075
4902,110.35475
4903,111.26975
4904,111.27075
4905,111.27075
4906,111.27075
4907,111.27075
4908,111.27075
4909,111.27075
4910,111.27075
4911,111.27075
4912,111.27075
4913,111.27075
4914,111.27175
4915,114.25075
4916,114.25075
4917,111.62575
4918,111.27175
4919,111.27075
4920,103.32685
4921,103.32685
4922,103.32685
4923,103.32685
4924,103.32685
4925,103.32685
4926,103.32685
4927,109.46685
4928,109.46685
4929,110.39085
4930,110.39285
4931,110.39285
4932,110.39285
4933,110.39285
4934,110.39285
4935,110.39285
4936,110.39285
4937,110.39285
4938,110.39285
4939,110.39285
4940,110.39285
4941,110.39285
4942,109.75785
4943,109.46685
4944,105.14239
4945,105.59639
4946,104.92539
4947,104.78239
4948,105.59639
4949,105.59839
4950,105.59839
4951,105.59939
4952,105.59939
4953,105.59939
4954,105.59939
4955,139.67839
4956,139.67839
4957,139.67839
4958,139.67839
4959,139.67839
4960,139.67839
4961,139.67839
4962,139.67839
4963,407.56239
4964,139.67839
4965,105.59939
4966,105.59939
4967,105.59839
4968,105.31352
4969,105.31352
4970,105.31352
4971,105.31352
4972,105.31352
4973,106.12852
4974,106.12852
4975,106.12952
4976,106.12952
4977,106.13052
4978,106.13052
4979,106.13052
4980,106.13052
4981,109.20852
4982,109.20852
4983,109.20852
4984,109.20852
4985,106.13052
4986,106.13052
4987,109.20852
4988,106.13052
4989,106.12952
4990,106.12952
4991,106.12852
4992,104.08882
4993,104.08882
4994,104.08882
4995,104.08882
4996,104.08882
4997,104.08982
4998,104.08982
4999,104.29382
5000,104.90682
5001,104.90682
5002,104.90682
5003,104.90682
5004,104.90682
5005,104.90682
5006,104.90682
5007,104.90682
5008,104.90682
5009,104.90682
5010,104.90682
5011,104.90682
5012,104.90682
5013,104.90682
5014,104.90282
5015,104.08982
5016,107.48592
5017,107.48592
5018,107.48492
5019,107.48492
5020,107.48592
5021,108.29692
5022,108.29792
5023,108.30092
5024,108.30092
5025,108.30092
5026,112.49492
5027,112.49492
5028,112.49492
5029,112.49492
5030,112.49492
5031,112.49492
5032,112.49492
5033,112.49492
5034,112.49492
5035,112.49492
5036,112.49492
5037,108.30092
5038,108.30092
5039,108.30092
5040,106.14104
5041,106.14104
5042,106.14104
5043,106.14104
5044,106.14104
5045,106.14104
5046,106.14104
5047,106.14504
5048,106.14504
5049,106.14504
5050,106.14504
5051,106.14604
5052,106.14604
5053,106.14604
5054,106.14604
5055,106.14604
5056,106.14604
5057,106.14504
5058,106.14604
5059,109.78104
5060,109.78104
5061,106.14504
5062,106.14504
5063,106.14504
5064,119.69988
5065,119.55888
5066,118.32888
5067,118.32888
5068,118.32888
5069,118.32888
5070,112.18988
5071,118.32888
5072,118.32888
5073,119.70188
5074,119.70288
5075,119.70288
5076,119.70288
5077,119.70288
5078,119.70288
5079,119.70288
5080,119.70288
5081,119.70288
5082,119.70288
5083,119.70388
5084,119.70388
5085,119.70388
5086,119.70288
5087,119.70288
5088,107.76361
5089,108.16261
5090,107.56961
5091,101.07061
5092,107.56961
5093,108.16361
5094,108.58261
5095,108.58261
5096,108.58261
5097,108.58261
5098,108.58361
5099,116.95161
5100,116.95161
5101,116.95161
5102,116.95161
5103,116.95161
5104,116.95161
5105,108.58361
5106,116.95161
5107,126.63761
5108,116.95161
5109,108.58361
5110,108.58261
5111,108.58261
5112,100.96174
5113,100.96174
5114,100.96174
5115,100.96174
5116,100.96174
5117,108.05574
5118,108.05574
5119,108.47474
5120,108.47474
5121,108.47474
5122,108.47474
5123,108.47474
5124,108.47474
5125,108.47474
5126,108.47474
5127,108.47474
5128,108.47474
5129,108.47474
5130,108.47474
5131,108.47574
5132,108.47574
5133,108.47474
5134,108.47474
5135,108.05574
5136,108.64537
5137,108.64537
5138,108.64537
5139,108.64537
5140,108.64537
5141,109.06137
5142,109.06437
5143,109.06437
5144,109.06437
5145,109.06537
5146,109.06537
5147,117.80837
5148,117.80837
5149,117.80837
5150,117.80837
5151,117.80837
5152,117.80837
5153,109.06537
5154,117.80837
5155,117.80837
5156,117.80837
5157,109.06537
5158,109.06437
5159,109.06437
5160,106.70682
5161,106.70682
5162,106.70682
5163,106.70682
5164,106.70682
5165,106.70682
5166,113.80082
5167,113.80082
5168,114.21982
5169,114.21982
5170,114.21982
5171,114.21982
5172,114.21982
5173,114.21982
5174,114.21982
5175,114.21982
5176,114.21982
5177,114.21982
5178,114.21982
5179,114.22082
5180,114.21982
5181,114.21982
5182,114.21982
5183,113.80082
5184,110.39989
5185,110.39989
5186,103.89989
5187,103.89989
5188,110.39989
5189,110.99389
5190,110.99389
5191,111.41289
5192,111.41289
5193,111.41289
5194,111.41289
5195,111.41289
5196,111.41289
5197,111.41289
5198,111.41389
5199,111.41389
5200,111.41289
5201,111.41289
5202,111.41389
5203,111.41389
5204,111.41289
5205,111.41289
5206,111.41289
5207,110.99389
5208,109.48329
5209,109.48329
5210,109.48329
5211,109.48329
5212,109.48329
5213,109.48329
5214,109.48329
5215,109.90129
5216,109.90329
5217,109.90429
5218,109.90429
5219,109.90429
5220,109.90429
5221,109.90429
5222,109.90429
5223,109.90429
5224,109.90429
5225,109.90329
5226,109.90429
5227,109.90429
5228,109.90429
5229,109.90429
5230,109.90229
5231,109.89929
5232,107.22717
5233,107.22717
5234,100.13317
5235,100.13317
5236,100.13317
5237,100.13317
5238,100.13317
5239,100.13317
5240,107.22717
5241,107.22717
5242,107.22717
5243,107.64617
5244,107.64617
5245,107.64617
5246,107.64617
5247,107.64617
5248,107.64617
5249,107.64617
5250,107.64717
5251,107.64817
5252,107.64817
5253,107.64817
5254,107.64717
5255,107.64317
5256,100.46889
5257,100.46889
5258,100.46889
5259,100.46889
5260,100.46889
5261,106.96889
5262,107.56289
5263,107.56289
5264,107.98089
5265,107.98189
5266,107.98189
5267,107.98189
5268,107.98189
5269,107.98189
5270,107.98289
5271,107.98289
5272,107.98189
5273,107.98189
5274,107.98289
5275,107.98389
5276,107.98389
5277,107.98289
5278,107.98189
5279,107.98089
5280,108.08094
5281,108.08094
5282,107.69094
5283,107.48694
5284,108.08094
5285,108.08094
5286,108.49694
5287,108.50094
5288,108.50094
5289,108.50094
5290,108.50094
5291,108.50094
5292,108.50094
5293,108.50094
5294,108.50094
5295,108.50094
5296,108.50094
5297,108.50094
5298,108.50194
5299,108.50194
5300,108.50194
5301,108.50094
5302,108.50094
5303,108.49694
5304,107.66782
5305,101.00782
5306,101.00782
5307,101.00782
5308,107.66782
5309,108.10182
5310,108.10182
5311,108.52082
5312,108.52082
5313,108.52082
5314,108.52082
5315,108.52282
5316,108.52082
5317,108.52282
5318,108.52282
5319,108.52282
5320,108.52082
5321,108.52182
5322,108.52182
5323,108.52282
5324,108.52282
5325,108.52182
5326,108.52082
5327,108.52082
5328,107.8077
5329,107.8077
5330,100.7137
5331,100.7137
5332,107.3417
5333,107.8077
5334,107.8077
5335,108.6927
5336,108.6927
5337,108.6937
5338,108.6937
5339,108.6937
5340,108.6937
5341,108.6937
5342,108.6937
5343,108.6937
5344,108.6937
5345,108.6937
5346,108.6937
5347,108.6957
5348,108.6947
5349,108.6937
5350,108.6937
5351,108.6927
5352,107.59309
5353,107.59309
5354,107.59309
5355,107.59309
5356,107.59309
5357,108.47709
5358,108.47909
5359,108.47909
5360,108.47909
5361,108.47909
5362,111.26709
5363,111.26709
5364,111.26709
5365,111.26709
5366,111.26709
5367,111.26709
5368,111.26709
5369,108.48109
5370,111.26709
5371,111.26709
5372,111.26709
5373,108.48109
5374,108.47909
5375,108.47909
5376,102.19285
5377,102.19285
5378,102.19185
5379,102.19185
5380,102.19185
5381,102.19285
5382,102.19285
5383,109.28585
5384,109.28585
5385,110.16985
5386,110.17185
5387,110.17185
5388,110.17185
5389,110.17185
5390,110.17185
5391,110.17185
5392,110.17185
5393,110.17185
5394,110.17185
5395,110.17185
5396,110.17185
5397,110.17185
5398,109.28585
5399,109.28585
5400,109.0397
5401,109.0397
5402,109.0397
5403,109.0397
5404,109.0397
5405,109.0397
5406,109.0397
5407,109.0397
5408,109.0397
5409,109.9217
5410,109.9247
5411,109.9247
5412,109.9247
5413,109.9247
5414,109.9247
5415,109.9217
5416,109.9217
5417,109.9217
5418,109.9257
5419,109.9267
5420,109.9257
5421,109.9257
5422,109.9247
5423,109.4897
5424,108.56263
5425,108.56263
5426,101.46863
5427,101.46863
5428,101.46863
5429,101.46863
5430,101.46863
5431,108.56263
5432,109.44463
5433,109.44763
5434,109.44763
5435,109.44763
5436,109.44763
5437,109.44763
5438,109.44763
5439,109.44763
5440,109.44763
5441,109.44763
5442,109.44863
5443,109.44963
5444,109.44963
5445,109.44863
5446,109.44763
5447,109.44763
5448,100.5066
5449,100.5066
5450,100.5066
5451,100.5066
5452,100.5066
5453,107.6006
5454,107.6006
5455,108.4856
5456,108.4866
5457,108.4876
5458,126.2746
5459,126.2746
5460,108.4886
5461,147.7746
5462,207.2746
5463,207.2746
5464,108.4886
5465,108.4876
5466,126.2746
5467,147.7746
5468,108.4886
5469,108.4876
5470,108.4856
5471,108.4856
5472,108.86955
5473,107.98755
5474,107.98755
5475,107.98755
5476,107.98755
5477,108.87255
5478,108.87255
5479,108.87255
5480,108.87355
5481,108.87455
5482,126.66155
5483,285.48455
5484,143.46155
5485,207.66155
5486,296.64155
5487,285.48455
5488,108.87555
5489,108.87555
5490,126.66155
5491,296.64155
5492,143.46155
5493,108.87555
5494,108.87355
5495,108.87255
5496,109.75415
5497,109.75415
5498,109.75415
5499,109.75415
5500,109.75415
5501,109.75415
5502,109.75415
5503,109.75415
5504,109.75515
5505,109.75615
5506,109.75615
5507,136.70815
5508,126.70815
5509,126.70815
5510,136.70815
5511,143.50815
5512,136.70815
5513,109.75715
5514,126.70815
5515,143.50815
5516,136.70815
5517,109.75715
5518,109.75615
5519,109.75415
5520,109.71564
5521,109.71564
5522,107.99764
5523,107.99764
5524,109.71564
5525,109.71764
5526,109.71864
5527,109.71864
5528,135.67164
5529,135.67164
5530,135.67164
5531,135.67164
5532,135.67164
5533,135.67164
5534,136.67164
5535,136.67164
5536,135.67164
5537,135.67164
5538,135.67164
5539,136.67164
5540,135.67164
5541,135.67164
5542,135.67164
5543,109.71964
5544,108.43549
5545,108.43549
5546,108.43549
5547,108.43549
5548,108.43549
5549,108.43549
5550,108.43549
5551,108.43549
5552,108.43749
5553,108.43849
5554,108.43849
5555,109.43649
5556,109.43649
5557,109.43649
5558,108.43849
5559,108.43849
5560,108.43749
5561,108.43749
5562,109.43649
5563,109.43649
5564,108.43849
5565,108.43749
5566,108.43549
5567,108.43549
5568,108.13875
5569,108.13875
5570,107.70175
5571,107.70175
5572,107.70175
5573,107.10775
5574,100.60775
5575,107.70175
5576,108.13875
5577,108.14075
5578,108.14075
5579,108.14075
5580,108.14075
5581,108.14075
5582,108.14075
5583,108.14075
5584,108.14075
5585,108.14075
5586,108.14075
5587,108.14175
5588,108.14175
5589,108.14175
5590,108.14075
5591,108.14075
5592,113.33169
5593,113.33169
5594,113.33169
5595,113.33169
5596,113.33169
5597,113.33169
5598,113.33269
5599,118.89269
5600,118.89269
5601,118.89269
5602,146.29269
5603,154.59269
5604,154.59269
5605,154.59269
5606,154.59269
5607,154.59269
5608,154.59269
5609,146.29269
5610,154.59269
5611,154.59269
5612,154.59269
5613,154.59269
5614,118.89269
5615,118.89269
5616,107.76266
5617,107.76266
5618,107.76266
5619,107.76266
5620,107.76266
5621,107.76266
5622,107.76266
5623,116.21066
5624,116.21166
5625,138.21066
5626,141.31066
5627,141.31066
5628,141.31066
5629,141.31066
5630,141.31066
5631,141.31066
5632,141.31066
5633,141.31066
5634,141.31066
5635,163.21066
5636,141.31066
5637,141.31066
5638,116.21166
5639,107.76266
5640,143.56122
5641,143.56122
5642,143.56122
5643,143.56122
5644,143.56122
5645,153.46222
5646,153.46222
5647,153.46222
5648,153.46222
5649,153.46222
5650,153.46222
5651,165.46122
5652,165.46122
5653,165.46122
5654,165.46122
5655,197.46122
5656,153.46222
5657,165.46122
5658,197.46122
5659,308.46122
5660,197.46122
5661,197.46122
5662,153.46222
5663,153.46222
5664,196.522
5665,196.522
5666,164.522
5667,196.522
5668,196.522
5669,201.522
5670,201.522
5671,204.636
5672,201.522
5673,204.636
5674,204.636
5675,204.636
5676,204.636
5677,204.636
5678,215.522
5679,210.522
5680,204.636
5681,204.636
5682,210.522
5683,215.522
5684,210.522
5685,204.636
5686,204.636
5687,201.522
5688,216.35992
5689,213.35992
5690,213.35992
5691,213.35992
5692,216.35992
5693,227.35992
5694,243.35992
5695,243.35992
5696,245.47392
5697,245.47392
5698,245.47392
5699,245.47392
5700,245.47392
5701,245.47392
5702,245.47392
5703,245.47392
5704,245.47392
5705,243.35992
5706,245.47392
5707,245.47392
5708,245.47392
5709,243.35992
5710,227.35992
5711,227.35992
5712,254.24492
5713,254.24492
5714,254.24492
5715,249.13092
5716,249.13092
5717,254.24492
5718,248.13092
5719,249.13092
5720,249.13092
5721,254.24492
5722,254.24492
5723,254.24492
5724,254.24492
5725,254.24492
5726,254.24492
5727,254.24492
5728,254.24492
5729,254.24492
5730,258.13092
5731,269.13092
5732,254.24492
5733,254.24492
5734,254.24492
5735,249.13092
5736,254.1311
5737,254.1311
5738,254.1311
5739,254.1311
5740,254.1311
5741,254.1311
5742,254.1311
5743,254.1311
5744,254.1311
5745,272.2451
5746,272.2451
5747,272.2451
5748,272.2451
5749,272.2451
5750,272.2451
5751,272.2451
5752,272.2451
5753,272.2451
5754,279.1311
5755,279.1311
5756,279.1311
5757,279.1311
5758,272.2451
5759,272.2451
5760,252.4419
5761,252.4419
5762,252.4419
5763,252.4419
5764,252.4419
5765,264.4419
5766,264.4419
5767,264.4419
5768,287.4419
5769,297.5559
5770,297.5559
5771,297.5559
5772,297.5559
5773,297.5559
5774,297.5559
5775,297.5559
5776,297.5559
5777,297.5559
5778,297.5559
5779,357.4419
5780,357.4419
5781,297.5559
5782,297.5559
5783,264.4419
5784,253.03197
5785,253.03197
5786,253.03197
5787,253.03197
5788,253.03197
5789,253.03197
5790,288.03197
5791,298.14597
5792,298.03197
5793,298.14597
5794,298.14597
5795,298.14597
5796,298.14597
5797,298.14597
5798,298.14597
5799,373.03197
5800,298.14597
5801,298.14597
5802,388.03197
5803,388.03197
5804,388.03197
5805,373.03197
5806,298.14597
5807,288.03197
5808,302.62777
5809,302.62777
5810,272.62777
5811,272.62777
5812,302.62777
5813,319.74177
5814,319.74177
5815,319.74177
5816,319.91077
5817,362.62777
5818,362.62777
5819,387.62777
5820,387.62777
5821,491.88477
5822,322.62777
5823,322.62777
5824,322.62777
5825,322.62777
5826,362.62777
5827,362.62777
5828,322.62777
5829,322.62777
5830,319.74177
5831,319.74177
5832,122.12301
5833,122.12301
5834,122.12301
5835,122.12301
5836,122.12301
5837,302.12301
5838,302.12301
5839,302.12301
5840,362.12301
5841,362.12301
5842,382.12301
5843,397.12301
5844,397.12301
5845,397.12301
5846,415.12301
5847,415.12301
5848,415.12301
5849,397.12301
5850,415.12301
5851,415.12301
5852,415.12301
5853,382.12301
5854,357.12301
5855,302.12301
5856,294.43306
5857,294.43306
5858,294.43306
5859,289.43306
5860,289.43306
5861,294.43306
5862,329.43306
5863,329.43306
5864,329.43306
5865,329.43306
5866,359.43306
5867,359.43306
5868,359.43306
5869,359.43306
5870,359.43306
5871,359.43306
5872,359.43306
5873,359.43306
5874,359.43306
5875,359.43306
5876,359.43306
5877,359.43306
5878,329.43306
5879,329.43306
5880,244.50015
5881,244.50015
5882,244.50015
5883,239.50015
5884,244.50015
5885,244.50015
5886,282.70015
5887,299.50015
5888,299.50015
5889,299.50015
5890,308.50015
5891,308.50015
5892,308.50015
5893,299.50015
5894,308.50015
5895,299.50015
5896,299.50015
5897,299.50015
5898,308.50015
5899,308.50015
5900,308.50015
5901,299.50015
5902,299.50015
5903,299.50015
5904,199.62572
5905,199.62572
5906,189.62572
5907,189.62572
5908,189.62572
5909,189.62572
5910,111.62572
5911,189.62572
5912,199.62572
5913,208.62572
5914,208.62572
5915,208.62572
5916,208.62572
5917,208.62572
5918,208.62572
5919,208.62572
5920,208.62572
5921,208.62572
5922,208.62572
5923,208.62572
5924,272.12572
5925,208.62572
5926,208.62572
5927,208.62572
5928,148.23764
5929,148.23764
5930,148.23764
5931,147.23764
5932,148.23764
5933,154.13764
5934,154.13764
5935,154.13764
5936,204.23764
5937,224.23764
5938,224.23764
5939,224.23764
5940,224.23764
5941,224.23764
5942,224.23764
5943,258.23764
5944,224.23764
5945,224.23764
5946,258.23764
5947,258.23764
5948,258.23764
5949,224.23764
5950,224.23764
5951,154.13764
5952,141.06139
5953,141.06139
5954,141.06139
5955,141.06139
5956,141.06139
5957,146.96139
5958,146.96139
5959,172.06139
5960,182.06139
5961,182.06139
5962,201.06139
5963,201.06139
5964,311.56139
5965,201.06139
5966,311.56139
5967,329.34439
5968,244.91639
5969,201.06139
5970,321.06139
5971,329.34439
5972,321.06139
5973,201.06139
5974,182.06139
5975,146.96139
5976,130.56068
5977,130.56068
5978,130.56068
5979,130.56068
5980,130.56068
5981,160.56068
5982,160.56068
5983,165.66068
5984,189.66068
5985,189.66068
5986,189.66068
5987,260.66068
5988,260.66068
5989,189.66068
5990,260.66068
5991,260.66068
5992,260.66068
5993,189.66068
5994,260.66068
5995,510.66068
5996,189.66068
5997,189.66068
5998,165.66068
5999,130.56068
6000,132.40517
6001,132.40517
6002,132.40517
6003,132.40517
6004,132.40517
6005,150.30517
6006,150.30517
6007,170.40517
6008,200.22517
6009,200.22517
6010,200.22517
6011,250.40517
6012,200.22517
6013,250.40517
6014,250.40517
6015,250.40517
6016,250.40517
6017,200.22517
6018,250.40517
6019,234.89317
6020,200.22517
6021,200.22517
6022,170.40517
6023,150.30517
6024,159.8602
6025,159.8602
6026,111.8602
6027,111.8602
6028,111.8602
6029,201.8602
6030,201.8602
6031,203.5742
6032,203.5742
6033,203.5742
6034,239.7602
6035,259.8602
6036,259.8602
6037,259.8602
6038,259.8602
6039,259.8602
6040,259.8602
6041,203.5742
6042,239.7602
6043,259.8602
6044,227.5602
6045,203.5742
6046,203.5742
6047,201.8602
6048,133.62484
6049,133.62484
6050,115.22484
6051,115.22484
6052,115.22484
6053,115.22484
6054,133.62484
6055,213.52284
6056,232.32484
6057,243.52484
6058,263.62484
6059,318.62484
6060,318.62484
6061,263.62484
6062,263.62484
6063,263.62484
6064,263.62484
6065,232.32484
6066,263.62484
6067,263.62484
6068,263.62484
6069,213.52284
6070,213.52284
6071,115.22484
6072,115.1345
6073,115.1345
6074,115.1345
6075,115.1345
6076,115.1345
6077,115.1345
6078,107.6855
6079,115.1345
6080,115.1345
6081,115.4555
6082,115.5535
6083,115.5535
6084,115.5545
6085,115.5535
6086,115.5535
6087,115.5535
6088,115.5535
6089,115.5535
6090,213.8515
6091,235.2535
6092,235.2535
6093,213.8515
6094,213.8515
6095,115.5545
6096,111.34791
6097,111.34591
6098,111.02691
6099,111.02691
6100,111.34591
6101,111.44591
6102,111.44591
6103,197.81391
6104,233.84591
6105,237.84591
6106,259.84591
6107,269.84591
6108,259.84591
6109,269.84591
6110,269.84591
6111,259.84591
6112,259.84591
6113,259.84591
6114,269.84591
6115,314.84591
6116,259.84591
6117,237.84591
6118,197.81391
6119,197.81391
6120,115.05684
6121,115.05684
6122,115.05684
6123,114.95684
6124,115.05684
6125,133.45684
6126,236.75684
6127,263.45684
6128,272.37784
6129,272.37784
6130,272.37784
6131,333.45684
6132,333.45684
6133,333.45684
6134,513.45684
6135,513.45684
6136,320.73984
6137,272.37784
6138,320.73984
6139,513.45684
6140,272.37784
6141,272.37784
6142,263.45684
6143,236.75684
6144,241.33605
6145,241.33605
6146,241.33605
6147,241.33605
6148,241.33605
6149,251.33605
6150,251.33605
6151,280.25705
6152,280.25705
6153,280.25705
6154,280.25705
6155,341.33605
6156,341.33605
6157,341.33605
6158,521.33605
6159,521.33605
6160,350.33605
6161,280.25705
6162,631.00005
6163,631.00005
6164,631.00005
6165,280.25705
6166,280.25705
6167,277.33605
6168,278.88873
6169,278.88873
6170,278.88873
6171,245.86073
6172,278.88873
6173,279.86373
6174,279.86373
6175,329.86373
6176,329.86373
6177,339.86373
6178,451.37373
6179,520.86373
6180,520.86373
6181,520.86373
6182,520.86373
6183,845.12173
6184,520.86373
6185,340.86373
6186,845.12173
6187,845.12173
6188,520.86373
6189,388.86373
6190,329.86373
6191,329.86373
6192,336.57745
6193,336.57745
6194,336.57745
6195,335.97745
6196,336.57745
6197,336.57745
6198,336.57745
6199,350.97745
6200,411.07745
6201,411.07745
6202,490.97745
6203,510.97745
6204,490.97745
6205,510.97745
6206,510.97745
6207,490.97745
6208,411.07745
6209,411.07745
6210,490.97745
6211,490.97745
6212,442.48745
6213,411.07745
6214,350.97745
6215,336.57745
6216,290.94197
6217,318.94197
6218,290.94197
6219,290.94197
6220,290.94197
6221,290.94197
6222,290.94197
6223,318.94197
6224,355.34197
6225,355.34197
6226,355.34197
6227,370.14197
6228,355.34197
6229,355.34197
6230,355.34197
6231,355.34197
6232,355.34197
6233,355.34197
6234,400.94197
6235,400.94197
6236,355.34197
6237,355.34197
6238,318.94197
6239,317.22497
6240,200.44775
6241,200.44775
6242,200.44775
6243,200.44775
6244,200.44775
6245,200.44775
6246,152.44775
6247,200.44775
6248,200.44775
6249,200.44775
6250,200.44775
6251,263.94775
6252,263.94775
6253,263.94775
6254,263.94775
6255,263.94775
6256,200.44775
6257,263.94775
6258,263.94775
6259,263.94775
6260,263.94775
6261,263.94775
6262,200.44775
6263,200.44775
6264,200.44513
6265,200.44513
6266,200.44513
6267,150.64513
6268,200.44513
6269,228.44513
6270,288.44513
6271,288.44513
6272,288.44513
6273,288.44513
6274,288.44513
6275,289.54513
6276,289.54513
6277,289.54513
6278,334.64513
6279,334.64513
6280,334.64513
6281,288.44513
6282,334.64513
6283,334.64513
6284,334.64513
6285,288.44513
6286,288.44513
6287,288.44513
6288,232.45787
6289,232.45787
6290,232.45787
6291,232.45787
6292,232.45787
6293,232.45787
6294,235.92887
6295,260.95787
6296,290.05787
6297,290.05787
6298,292.95787
6299,292.95787
6300,292.95787
6301,292.95787
6302,292.95787
6303,292.95787
6304,292.95787
6305,292.95787
6306,292.95787
6307,292.95787
6308,292.95787
6309,292.95787
6310,290.05787
6311,259.95787
6312,219.91175
6313,219.91175
6314,219.91175
6315,219.91175
6316,219.91175
6317,239.61175
6318,239.61175
6319,249.61175
6320,254.61175
6321,254.61175
6322,254.61175
6323,254.61175
6324,254.61175
6325,254.61175
6326,254.61175
6327,254.61175
6328,254.61175
6329,254.61175
6330,289.71175
6331,289.71175
6332,254.61175
6333,254.61175
6334,249.61175
6335,239.61175
6336,130.84391
6337,130.84391
6338,130.84391
6339,115.84391
6340,130.84391
6341,209.84391
6342,235.74391
6343,245.94391
6344,245.94391
6345,245.94391
6346,255.84391
6347,255.84391
6348,255.84391
6349,255.84391
6350,255.84391
6351,255.84391
6352,255.84391
6353,255.84391
6354,255.84391
6355,255.84391
6356,255.84391
6357,255.84391
6358,245.94391
6359,235.74391
6360,218.85163
6361,218.85163
6362,114.85163
6363,111.23563
6364,218.85163
6365,233.85163
6366,233.85163
6367,236.95163
6368,236.95163
6369,238.13863
6370,241.85163
6371,241.85163
6372,241.85163
6373,241.85163
6374,241.85163
6375,241.85163
6376,241.85163
6377,241.85163
6378,241.85163
6379,241.85163
6380,241.85163
6381,241.85163
6382,236.95163
6383,236.95163
6384,228.41473
6385,110.80073
6386,110.79973
6387,110.79973
6388,110.79973
6389,110.79973
6390,110.80073
6391,233.41473
6392,237.41473
6393,237.41473
6394,237.41473
6395,237.41473
6396,237.41473
6397,237.41473
6398,237.41473
6399,237.41473
6400,237.41473
6401,237.41473
6402,237.41473
6403,237.41473
6404,237.41473
6405,237.41473
6406,228.41473
6407,110.80073
6408,213.47218
6409,110.85718
6410,110.85318
6411,110.65418
6412,110.65418
6413,110.65418
6414,110.65418
6415,110.65418
6416,110.65418
6417,110.85318
6418,213.47218
6419,213.47218
6420,229.47218
6421,229.47218
6422,229.47218
6423,229.47218
6424,229.47218
6425,229.47218
6426,229.47218
6427,229.47218
6428,229.47218
6429,229.47218
6430,229.47218
6431,229.47218
6432,184.35953
6433,184.35953
6434,110.74353
6435,110.74053
6436,184.35953
6437,184.35953
6438,184.35953
6439,184.35953
6440,232.05953
6441,232.05953
6442,232.05953
6443,263.35953
6444,263.35953
6445,263.35953
6446,263.35953
6447,263.35953
6448,263.35953
6449,263.35953
6450,509.35953
6451,509.35953
6452,263.35953
6453,233.35953
6454,232.05953
6455,184.35953
6456,178.59452
6457,178.59452
6458,178.59452
6459,178.59452
6460,178.59452
6461,178.59452
6462,178.59452
6463,224.09452
6464,236.29452
6465,236.29452
6466,236.29452
6467,240.89852
6468,236.29452
6469,236.29452
6470,300.59452
6471,300.59452
6472,300.59452
6473,236.29452
6474,300.59452
6475,300.59452
6476,300.59452
6477,236.29452
6478,236.29452
6479,178.59452
6480,174.89599
6481,174.89599
6482,174.89599
6483,174.89599
6484,174.89599
6485,209.39599
6486,209.39599
6487,210.89599
6488,236.19599
6489,236.19599
6490,236.19599
6491,236.19599
6492,241.19999
6493,241.19999
6494,241.19999
6495,241.19999
6496,241.19999
6497,236.19599
6498,241.19999
6499,241.19999
6500,236.19599
6501,236.19599
6502,210.89599
6503,174.89599
6504,189.87279
6505,189.87279
6506,189.87279
6507,189.87279
6508,189.87279
6509,189.87279
6510,189.87279
6511,209.37279
6512,241.87279
6513,241.87279
6514,241.87279
6515,241.87279
6516,241.87279
6517,241.87279
6518,241.87279
6519,241.87279
6520,241.87279
6521,241.87279
6522,293.79879
6523,293.79879
6524,241.87279
6525,241.87279
6526,209.37279
6527,189.87279
6528,210.34496
6529,210.34496
6530,210.34496
6531,210.34496
6532,210.34496
6533,210.84496
6534,210.84496
6535,210.84496
6536,242.84496
6537,242.84496
6538,242.84496
6539,242.84496
6540,242.84496
6541,242.84496
6542,242.84496
6543,242.84496
6544,242.84496
6545,242.84496
6546,360.84496
6547,360.84496
6548,242.84496
6549,242.84496
6550,210.84496
6551,210.84496
6552,218.99438
6553,218.99438
6554,218.99438
6555,218.99438
6556,218.99438
6557,218.99438
6558,218.99438
6559,218.99438
6560,246.99438
6561,246.99438
6562,246.99438
6563,246.99438
6564,246.99438
6565,246.99438
6566,246.99438
6567,246.99438
6568,246.99438
6569,246.99438
6570,246.99438
6571,246.99438
6572,246.99438
6573,246.99438
6574,218.99438
6575,218.99438
6576,225.03695
6577,225.03695
6578,225.03695
6579,221.77895
6580,221.77895
6581,221.77895
6582,116.98795
6583,221.77895
6584,244.03695
6585,244.03695
6586,247.03695
6587,247.03695
6588,247.03695
6589,247.03695
6590,247.03695
6591,247.03695
6592,247.03695
6593,247.03695
6594,249.03695
6595,249.03695
6596,249.03695
6597,249.03695
6598,247.03695
6599,247.03695
6600,222.80593
6601,222.80593
6602,222.80593
6603,222.80593
6604,253.06393
6605,253.06393
6606,253.06393
6607,257.06393
6608,257.06393
6609,257.06393
6610,257.06393
6611,261.06393
6612,261.06393
6613,261.06393
6614,323.34693
6615,397.06393
6616,261.06393
6617,261.06393
6618,397.43393
6619,397.43393
6620,397.06393
6621,261.06393
6622,257.06393
6623,257.06393
6624,222.38258
6625,222.14058
6626,222.14058
6627,222.14058
6628,222.14058
6629,254.64058
6630,254.64058
6631,257.64058
6632,264.64058
6633,264.64058
6634,264.64058
6635,264.64058
6636,264.64058
6637,322.92358
6638,396.31758
6639,396.31758
6640,264.64058
6641,264.64058
6642,396.31758
6643,396.31758
6644,264.64058
6645,264.64058
6646,264.64058
6647,257.64058
6648,225.68714
6649,225.68714
6650,225.68714
6651,225.68714
6652,225.68714
6653,225.68714
6654,225.68714
6655,266.88714
6656,266.88714
6657,266.88714
6658,276.68714
6659,276.68714
6660,276.68714
6661,391.68714
6662,517.68714
6663,391.68714
6664,391.68714
6665,323.97014
6666,516.68714
6667,517.68714
6668,391.68714
6669,276.68714
6670,266.88714
6671,266.88714
6672,260.67366
6673,260.67366
6674,259.01566
6675,259.01566
6676,260.67366
6677,260.67366
6678,260.67366
6679,260.67366
6680,316.87366
6681,316.87366
6682,316.87366
6683,322.95666
6684,316.87366
6685,316.87366
6686,322.95666
6687,322.95666
6688,322.95666
6689,316.87366
6690,316.87366
6691,616.67366
6692,316.87366
6693,316.87366
6694,260.67366
6695,260.67366
6696,265.43042
6697,265.43042
6698,265.43042
6699,265.43042
6700,265.43042
6701,265.43042
6702,265.43042
6703,265.43042
6704,288.53042
6705,288.53042
6706,322.43042
6707,335.43042
6708,335.43042
6709,288.53042
6710,322.43042
6711,322.43042
6712,335.43042
6713,322.43042
6714,335.43042
6715,335.43042
6716,335.43042
6717,288.53042
6718,288.53042
6719,265.43042
6720,305.3664
6721,305.3664
6722,305.3664
6723,305.3664
6724,305.3664
6725,305.3664
6726,305.3664
6727,305.3664
6728,305.7664
6729,305.7664
6730,314.3664
6731,322.3664
6732,322.3664
6733,305.7664
6734,305.7664
6735,305.7664
6736,305.7664
6737,305.7664
6738,314.3664
6739,314.3664
6740,305.7664
6741,305.7664
6742,305.3664
6743,305.3664
6744,205.25
6745,205.25
6746,205.25
6747,117.341
6748,117.34
6749,116.787
6750,115.573
6751,213.885
6752,205.25
6753,285.25
6754,285.25
6755,320.25
6756,320.25
6757,320.25
6758,320.25
6759,285.25
6760,285.25
6761,320.25
6762,320.25
6763,320.25
6764,320.25
6765,320.25
6766,320.25
6767,285.25
6768,217.48314
6769,217.48314
6770,217.48314
6771,217.48314
6772,217.48314
6773,217.48314
6774,292.48314
6775,323.28314
6776,327.68314
6777,347.48314
6778,347.48314
6779,347.48314
6780,347.48314
6781,347.48314
6782,347.48314
6783,628.48314
6784,628.48314
6785,347.48314
6786,628.48314
6787,628.48314
6788,347.48314
6789,347.48314
6790,327.68314
6791,323.28314
6792,270.46157
6793,270.46157
6794,270.46157
6795,264.56157
6796,270.46157
6797,285.46157
6798,285.46157
6799,285.46157
6800,316.76157
6801,316.76157
6802,457.46157
6803,616.46157
6804,616.46157
6805,503.07557
6806,503.07557
6807,616.46157
6808,316.76157
6809,316.76157
6810,616.46157
6811,616.46157
6812,316.76157
6813,316.76157
6814,285.46157
6815,285.46157
6816,285.97586
6817,285.97586
6818,285.97586
6819,285.97586
6820,285.97586
6821,285.97586
6822,285.97586
6823,295.97586
6824,310.17586
6825,310.17586
6826,310.17586
6827,324.75686
6828,486.66086
6829,486.66086
6830,616.97586
6831,486.66086
6832,324.75686
6833,310.17586
6834,396.97586
6835,310.17586
6836,310.17586
6837,310.17586
6838,295.97586
6839,285.97586
6840,275.45101
6841,275.45101
6842,275.45101
6843,275.45101
6844,275.45101
6845,275.45101
6846,297.33701
6847,310.33701
6848,310.33701
6849,310.33701
6850,310.33701
6851,324.11801
6852,324.11801
6853,310.33701
6854,396.33701
6855,396.33701
6856,324.11801
6857,310.33701
6858,616.33701
6859,396.33701
6860,310.33701
6861,310.33701
6862,310.33701
6863,297.33701
6864,286.31319
6865,286.31319
6866,286.31319
6867,254.19919
6868,286.31319
6869,286.31319
6870,286.31319
6871,297.19919
6872,310.19919
6873,310.19919
6874,310.19919
6875,310.19919
6876,310.19919
6877,310.19919
6878,310.19919
6879,310.19919
6880,310.19919
6881,310.19919
6882,310.19919
6883,616.19919
6884,310.19919
6885,310.19919
6886,310.19919
6887,297.19919
6888,303.92623
6889,303.92623
6890,303.92623
6891,265.92623
6892,265.92623
6893,265.92623
6894,303.92623
6895,309.92623
6896,309.92623
6897,309.92623
6898,309.92623
6899,309.92623
6900,317.04023
6901,309.92623
6902,309.92623
6903,309.92623
6904,309.92623
6905,317.04023
6906,317.04023
6907,317.04023
6908,317.04023
6909,309.92623
6910,309.92623
6911,309.92623
6912,305.81176
6913,305.81176
6914,305.81176
6915,265.81176
6916,265.81176
6917,265.81176
6918,232.91176
6919,265.81176
6920,305.81176
6921,316.92576
6922,316.92576
6923,316.92576
6924,316.92576
6925,316.92576
6926,316.92576
6927,316.92576
6928,316.92576
6929,316.92576
6930,334.81176
6931,334.81176
6932,334.81176
6933,316.92576
6934,316.92576
6935,316.92576
6936,317.01
6937,317.01
6938,317.01
6939,317.01
6940,317.01
6941,263.896
6942,263.896
6943,317.01
6944,317.01
6945,318.896
6946,320.896
6947,322.896
6948,322.896
6949,322.896
6950,322.896
6951,322.896
6952,320.896
6953,320.896
6954,322.896
6955,322.896
6956,322.896
6957,322.896
6958,320.896
6959,318.896
6960,336.99929
6961,336.99929
6962,336.99929
6963,336.99929
6964,336.99929
6965,336.99929
6966,336.99929
6967,340.99929
6968,340.99929
6969,348.11329
6970,348.11329
6971,348.11329
6972,348.11329
6973,397.99929
6974,397.99929
6975,397.99929
6976,348.11329
6977,348.11329
6978,458.99929
6979,397.99929
6980,348.11329
6981,348.11329
6982,348.11329
6983,337.99929
6984,362.22499
6985,362.22499
6986,362.22499
6987,345.59499
6988,362.22499
6989,362.22499
6990,362.22499
6991,387.11099
6992,387.11099
6993,398.11099
6994,398.11099
6995,717.11099
6996,398.11099
6997,718.11099
6998,917.11099
6999,917.11099
7000,917.11099
7001,387.11099
7002,718.11099
7003,718.11099
7004,387.11099
7005,387.11099
7006,387.11099
7007,362.22499
7008,339.59708
7009,339.59708
7010,339.59708
7011,339.59708
7012,339.59708
7013,390.89708
7014,390.89708
7015,466.59708
7016,466.59708
7017,466.59708
7018,466.59708
7019,716.59708
7020,522.01608
7021,522.01608
7022,466.59708
7023,466.59708
7024,466.59708
7025,466.59708
7026,466.59708
7027,466.59708
7028,466.59708
7029,466.59708
7030,390.89708
7031,390.89708
7032,340.67042
7033,340.67042
7034,340.67042
7035,337.17042
7036,337.17042
7037,340.67042
7038,340.67042
7039,345.15442
7040,397.97042
7041,467.67542
7042,467.67542
7043,467.67542
7044,467.67542
7045,467.67542
7046,467.67542
7047,467.67542
7048,467.67542
7049,467.67542
7050,467.67542
7051,467.67542
7052,467.67542
7053,467.67542
7054,397.97042
7055,355.67042
7056,116.72957
7057,116.25257
7058,116.25257
7059,116.25257
7060,116.72957
7061,118.42757
7062,246.42857
7063,246.42857
7064,466.92857
7065,466.92857
7066,466.92857
7067,466.92857
7068,466.92857
7069,466.92857
7070,466.92857
7071,466.92857
7072,466.92857
7073,466.92857
7074,466.92857
7075,466.92857
7076,466.92857
7077,466.92857
7078,246.42857
7079,246.42857
7080,115.47551
7081,109.51051
7082,109.51051
7083,109.51051
7084,109.51051
7085,109.51051
7086,109.51051
7087,109.51051
7088,109.51051
7089,115.53051
7090,115.53151
7091,117.29951
7092,220.20851
7093,220.20851
7094,220.20851
7095,220.20851
7096,117.29951
7097,220.20851
7098,466.20851
7099,466.20851
7100,466.20851
7101,325.20851
7102,220.20851
7103,115.53151
7104,109.85758
7105,109.85758
7106,109.85758
7107,109.85758
7108,109.85758
7109,115.87858
7110,115.87958
7111,117.64558
7112,285.55558
7113,285.55558
7114,366.55558
7115,366.55558
7116,366.55558
7117,366.55558
7118,366.55558
7119,366.55558
7120,366.55558
7121,366.55558
7122,366.55558
7123,366.55558
7124,366.55558
7125,366.55558
7126,285.55558
7127,220.55558
7128,115.79108
7129,115.79108
7130,114.28908
7131,114.28908
7132,115.79108
7133,116.26908
7134,117.55808
7135,246.46808
7136,250.46808
7137,250.46808
7138,250.46808
7139,250.46808
7140,250.46808
7141,250.46808
7142,419.98608
7143,354.46808
7144,250.46808
7145,250.46808
7146,716.46808
7147,354.46808
7148,250.46808
7149,250.46808
7150,246.46808
7151,220.46808
7152,222.23354
7153,222.23354
7154,219.93354
7155,219.93354
7156,222.23354
7157,222.23354
7158,222.23354
7159,293.93354
7160,293.93354
7161,293.93354
7162,293.93354
7163,715.93354
7164,293.93354
7165,293.93354
7166,293.93354
7167,293.93354
7168,293.93354
7169,293.93354
7170,715.93354
7171,715.93354
7172,293.93354
7173,293.93354
7174,247.23354
7175,222.23354
7176,220.00864
7177,117.09964
7178,117.09864
7179,115.33264
7180,117.10064
7181,221.20864
7182,221.20864
7183,221.20864
7184,247.30864
7185,247.30864
7186,294.00864
7187,294.00864
7188,294.00864
7189,294.00864
7190,294.00864
7191,294.00864
7192,294.00864
7193,294.00864
7194,294.00864
7195,294.00864
7196,294.00864
7197,247.30864
7198,221.20864
7199,221.20864
7200,115.79703
7201,115.32003
7202,115.32003
7203,115.32003
7204,115.32003
7205,207.29603
7206,207.29603
7207,219.99603
7208,236.99603
7209,236.99603
7210,236.99603
7211,269.99603
7212,269.99603
7213,269.99603
7214,269.99603
7215,269.99603
7216,269.99603
7217,269.99603
7218,715.99603
7219,715.99603
7220,269.99603
7221,269.99603
7222,236.99603
7223,207.29603
7224,205.83484
7225,117.02484
7226,115.25884
7227,115.25884
7228,115.25884
7229,115.25884
7230,117.02484
7231,207.23484
7232,207.23484
7233,207.23484
7234,226.93484
7235,226.93484
7236,226.93484
7237,207.23484
7238,207.23484
7239,207.23484
7240,207.23484
7241,207.23484
7242,226.93484
7243,226.93484
7244,226.93484
7245,207.23484
7246,207.23484
7247,117.02584
7248,115.3715
7249,115.3715
7250,115.3715
7251,115.3715
7252,109.3505
7253,109.3505
7254,109.3505
7255,109.3505
7256,115.3715
7257,115.8495
7258,117.1405
7259,155.0485
7260,155.0485
7261,155.0485
7262,155.0485
7263,117.1405
7264,117.1385
7265,155.0485
7266,155.0485
7267,155.0485
7268,155.0485
7269,155.0485
7270,155.0485
7271,117.1395
7272,115.45449
7273,115.45449
7274,115.45449
7275,115.45449
7276,115.45449
7277,117.22149
7278,206.03149
7279,207.43149
7280,207.43149
7281,207.43149
7282,216.13149
7283,226.13149
7284,226.13149
7285,226.13149
7286,226.13149
7287,226.13149
7288,226.13149
7289,216.13149
7290,226.13149
7291,216.13149
7292,216.13149
7293,207.43149
7294,207.43149
7295,207.43149
7296,118.04821
7297,116.75921
7298,115.24221
7299,115.24221
7300,116.75921
7301,198.41821
7302,198.41821
7303,218.51821
7304,219.81821
7305,219.81821
7306,228.51821
7307,228.51821
7308,228.51821
7309,228.51821
7310,228.51821
7311,228.51821
7312,228.51821
7313,228.51821
7314,228.51821
7315,228.51821
7316,228.51821
7317,228.51821
7318,219.81821
7319,218.51821
7320,117.93624
7321,117.93624
7322,117.93824
7323,117.93724
7324,198.30624
7325,233.40624
7326,238.40624
7327,238.40624
7328,238.40624
7329,253.40624
7330,253.40624
7331,253.40624
7332,253.40624
7333,253.40624
7334,253.40624
7335,253.40624
7336,253.40624
7337,253.40624
7338,253.40624
7339,253.40624
7340,253.40624
7341,253.40624
7342,238.40624
7343,233.40624
7344,117.85031
7345,117.84931
7346,115.25331
7347,115.18331
7348,117.84931
7349,198.35931
7350,233.45931
7351,238.45931
7352,238.45931
7353,238.45931
7354,263.55931
7355,263.55931
7356,263.55931
7357,263.55931
7358,263.55931
7359,263.55931
7360,263.55931
7361,263.55931
7362,263.55931
7363,263.55931
7364,263.55931
7365,263.55931
7366,238.45931
7367,233.45931
7368,112.79067
7369,112.79067
7370,112.79067
7371,112.79067
7372,112.79067
7373,117.77367
7374,117.77367
7375,117.77367
7376,120.43967
7377,200.94967
7378,241.04967
7379,241.04967
7380,241.04967
7381,241.04967
7382,241.04967
7383,241.04967
7384,241.04967
7385,241.04967
7386,241.04967
7387,241.04967
7388,241.04967
7389,200.94967
7390,117.77367
7391,117.77367
7392,118.46224
7393,118.46224
7394,118.46224
7395,118.46224
7396,118.46224
7397,118.46224
7398,118.46224
7399,200.07024
7400,200.07024
7401,200.07024
7402,200.07024
7403,203.07024
7404,203.07024
7405,200.07024
7406,200.07024
7407,200.07024
7408,200.07024
7409,200.07024
7410,203.07024
7411,203.07024
7412,200.07024
7413,200.07024
7414,200.07024
7415,118.46224
7416,111.18164
7417,111.18164
7418,111.18164
7419,111.18164
7420,111.18164
7421,111.18164
7422,111.18164
7423,111.18164
7424,111.18164
7425,111.18164
7426,116.16364
7427,116.16464
7428,116.16464
7429,116.16464
7430,116.16464
7431,116.16464
7432,116.16464
7433,116.16464
7434,118.83264
7435,118.83264
7436,118.83064
7437,116.16464
7438,116.16464
7439,111.18164
7440,115.86982
7441,115.86982
7442,115.86982
7443,115.86982
7444,115.86982
7445,115.86982
7446,115.86982
7447,115.86982
7448,115.86982
7449,118.53782
7450,199.04582
7451,200.10382
7452,200.10382
7453,200.10382
7454,199.04582
7455,199.04582
7456,199.04582
7457,200.10382
7458,200.10382
7459,200.14582
7460,200.10382
7461,200.10382
7462,200.10382
7463,118.53882
7464,117.93935
7465,115.27335
7466,115.27335
7467,115.27335
7468,116.40435
7469,117.94235
7470,198.44935
7471,199.54935
7472,199.54935
7473,204.53835
7474,204.53835
7475,204.53835
7476,204.53835
7477,204.53835
7478,204.53835
7479,204.53835
7480,204.53835
7481,204.53835
7482,204.53835
7483,204.53835
7484,204.53835
7485,204.53835
7486,199.54935
7487,198.44935
7488,120.2492
7489,120.2482
7490,120.2482
7491,120.2482
7492,120.2492
7493,200.7562
7494,200.7562
7495,201.8562
7496,201.8562
7497,201.8562
7498,201.8562
7499,206.9702
7500,206.9702
7501,206.9702
7502,206.9702
7503,206.9702
7504,206.9702
7505,206.9702
7506,206.9702
7507,206.9702
7508,206.9702
7509,206.9702
7510,206.9702
7511,120.2492
7512,119.54211
7513,119.54211
7514,119.54111
7515,119.54111
7516,119.54211
7517,198.81011
7518,199.91011
7519,199.91011
7520,200.91011
7521,200.91011
7522,205.02411
7523,205.02411
7524,205.02411
7525,205.02411
7526,205.02411
7527,205.02411
7528,205.02411
7529,205.02411
7530,205.02411
7531,205.02411
7532,205.02411
7533,200.91011
7534,199.91011
7535,199.91011
7536,115.63949
7537,115.63949
7538,115.63949
7539,115.63849
7540,115.63949
7541,116.73049
7542,137.91449
7543,137.91449
7544,137.91449
7545,198.81549
7546,199.91549
7547,199.91549
7548,199.91549
7549,199.91549
7550,199.91549
7551,199.91549
7552,199.91549
7553,199.91549
7554,199.91549
7555,199.91549
7556,199.91549
7557,137.91449
7558,137.91449
7559,137.91449
7560,127.48246
7561,127.48246
7562,119.11346
7563,119.11346
7564,119.11346
7565,119.11346
7566,127.48246
7567,127.48246
7568,198.38246
7569,198.38246
7570,199.48246
7571,199.48246
7572,199.48246
7573,199.48246
7574,199.48246
7575,199.48246
7576,199.48246
7577,199.48246
7578,199.48246
7579,199.48246
7580,199.48246
7581,199.48246
7582,127.48246
7583,127.48246
7584,139.4537
7585,119.0847
7586,119.0847
7587,119.0827
7588,119.0827
7589,119.0827
7590,115.1777
7591,119.0847
7592,139.4537
7593,198.3537
7594,198.3537
7595,198.4537
7596,198.4537
7597,198.4537
7598,198.3537
7599,198.3537
7600,198.3537
7601,198.4537
7602,198.4537
7603,198.4537
7604,198.4537
7605,198.4537
7606,198.4537
7607,139.4537
7608,116.62959
7609,116.62959
7610,116.62959
7611,116.62959
7612,116.62959
7613,116.62959
7614,116.62959
7615,116.62959
7616,120.53659
7617,143.90559
7618,143.90559
7619,143.90559
7620,143.90559
7621,143.90559
7622,143.90559
7623,143.90559
7624,143.90559
7625,143.90559
7626,143.90559
7627,199.90559
7628,143.90559
7629,143.90559
7630,143.90559
7631,143.90559
7632,110.31779
7633,110.31779
7634,110.31779
7635,110.31779
7636,110.31779
7637,115.30079
7638,115.30079
7639,137.57679
7640,162.57679
7641,162.57679
7642,162.57679
7643,198.47679
7644,198.47679
7645,198.47679
7646,198.47679
7647,198.47679
7648,162.57679
7649,198.47679
7650,227.57679
7651,227.57679
7652,162.57679
7653,162.57679
7654,162.57679
7655,137.57679
7656,110.75891
7657,110.75891
7658,110.75891
7659,110.75891
7660,110.75891
7661,110.75891
7662,110.75891
7663,115.74191
7664,157.01791
7665,157.01791
7666,200.01791
7667,200.01791
7668,200.01791
7669,200.01791
7670,228.01791
7671,228.01791
7672,200.01791
7673,200.01791
7674,228.01791
7675,228.01791
7676,228.01791
7677,200.01791
7678,115.74191
7679,115.74191
7680,116.0055
7681,116.0055
7682,116.0055
7683,116.0055
7684,116.0055
7685,117.6235
7686,117.6265
7687,148.2815
7688,193.5815
7689,193.5815
7690,193.5815
7691,193.5815
7692,193.5815
7693,193.5815
7694,228.2815
7695,193.5815
7696,193.5815
7697,193.5815
7698,228.2815
7699,193.5815
7700,193.5815
7701,158.2815
7702,119.3405
7703,116.0055
7704,110.9973
7705,110.9973
7706,110.9973
7707,110.9973
7708,110.9973
7709,110.9973
7710,110.9973
7711,110.9973
7712,115.9563
7713,115.9563
7714,115.9573
7715,115.9573
7716,115.9573
7717,115.9573
7718,115.9573
7719,115.9573
7720,115.9563
7721,115.9573
7722,115.9793
7723,115.9583
7724,115.9573
7725,115.9563
7726,110.9973
7727,110.9973
7728,115.26808
7729,115.26808
7730,115.26808
7731,115.26808
7732,115.26808
7733,115.26808
7734,115.26808
7735,117.54208
7736,117.54208
7737,117.54208
7738,117.54308
7739,117.54308
7740,117.54308
7741,117.54308
7742,117.54308
7743,117.54308
7744,117.54308
7745,117.54308
7746,117.54508
7747,117.54408
7748,117.54308
7749,205.84408
7750,137.54408
7751,117.54408
7752,110.83739
7753,110.83739
7754,110.83739
7755,110.83739
7756,110.83739
7757,110.83739
7758,110.27839
7759,110.27839
7760,110.27839
7761,110.83739
7762,110.83739
7763,110.83739
7764,110.83739
7765,110.83739
7766,110.83739
7767,110.83739
7768,110.83739
7769,110.83739
7770,115.26139
7771,115.26139
7772,115.26139
7773,115.26039
7774,110.83739
7775,110.83739
7776,119.58019
7777,119.58019
7778,114.59719
7779,119.58019
7780,119.58019
7781,121.15619
7782,121.15619
7783,121.15619
7784,121.85819
7785,121.85819
7786,121.85819
7787,121.85919
7788,121.85919
7789,121.85919
7790,121.85919
7791,121.85919
7792,121.85919
7793,121.85919
7794,141.85619
7795,121.86019
7796,121.85919
7797,121.85819
7798,121.85819
7799,121.15619
7800,122.91436
7801,122.91436
7802,122.91436
7803,122.91236
7804,122.91436
7805,122.91436
7806,122.91436
7807,122.91536
7808,122.91636
7809,132.91236
7810,211.01236
7811,211.01236
7812,211.01236
7813,211.01236
7814,211.01236
7815,211.01236
7816,211.01236
7817,211.01236
7818,211.01236
7819,211.01236
7820,211.01236
7821,142.91236
7822,122.91636
7823,122.91536
7824,119.27236
7825,119.27236
7826,119.27036
7827,119.03536
7828,119.27036
7829,119.27236
7830,119.27236
7831,119.27236
7832,139.27036
7833,209.37036
7834,209.37036
7835,209.37036
7836,209.37036
7837,229.27036
7838,229.27036
7839,229.27036
7840,209.37036
7841,209.37036
7842,229.27036
7843,229.27036
7844,209.37036
7845,209.37036
7846,119.27436
7847,119.27236
7848,117.34614
7849,117.34614
7850,117.34614
7851,117.34614
7852,117.34614
7853,117.34614
7854,117.34614
7855,147.34414
7856,227.34414
7857,227.34414
7858,227.34414
7859,232.20014
7860,232.20014
7861,232.20014
7862,232.20014
7863,232.20014
7864,227.34414
7865,232.20014
7866,232.20014
7867,232.20014
7868,232.20014
7869,227.34414
7870,117.34814
7871,117.34614
7872,148.36846
7873,148.36846
7874,148.36846
7875,148.36846
7876,148.36846
7877,206.36846
7878,206.36846
7879,242.36846
7880,247.48246
7881,247.48246
7882,247.48246
7883,247.48246
7884,247.48246
7885,247.48246
7886,247.48246
7887,247.48246
7888,247.48246
7889,247.48246
7890,247.48246
7891,247.48246
7892,247.48246
7893,242.36846
7894,206.36846
7895,206.36846
7896,247.7111
7897,247.7111
7898,247.7111
7899,247.7111
7900,247.7111
7901,247.7111
7902,247.7111
7903,247.7111
7904,248.5971
7905,249.5971
7906,249.5971
7907,249.5971
7908,249.5971
7909,249.5971
7910,249.5971
7911,249.5971
7912,249.5971
7913,249.5971
7914,249.5971
7915,249.5971
7916,249.5971
7917,249.5971
7918,248.5971
7919,247.7111
7920,249.8138
7921,249.8138
7922,248.8138
7923,248.8138
7924,248.8138
7925,248.8138
7926,248.8138
7927,249.8138
7928,249.8138
7929,249.8138
7930,249.8138
7931,252.8138
7932,252.8138
7933,252.8138
7934,249.8138
7935,249.8138
7936,249.8138
7937,252.8138
7938,255.8138
7939,255.8138
7940,255.8138
7941,255.8138
7942,252.8138
7943,249.8138
7944,233.37451
7945,233.37451
7946,233.37451
7947,232.37451
7948,233.37451
7949,233.37451
7950,233.37451
7951,257.37451
7952,263.20251
7953,263.20251
7954,306.37451
7955,307.37451
7956,307.37451
7957,306.37451
7958,307.37451
7959,307.37451
7960,306.37451
7961,306.37451
7962,307.37451
7963,307.37451
7964,306.37451
7965,263.20251
7966,263.20251
7967,257.37451
7968,237.77627
7969,237.77627
7970,237.77627
7971,237.77627
7972,237.77627
7973,237.77627
7974,261.77627
7975,310.77627
7976,311.77627
7977,311.77627
7978,311.77627
7979,311.77627
7980,311.77627
7981,311.77627
7982,311.77627
7983,311.77627
7984,311.77627
7985,311.77627
7986,311.77627
7987,311.77627
7988,311.77627
7989,311.77627
7990,261.77627
7991,241.46127
7992,237.58864
7993,237.58864
7994,237.58864
7995,237.58864
7996,237.58864
7997,237.58864
7998,237.58864
7999,341.58864
8000,342.36664
8001,342.36664
8002,342.58864
8003,342.58864
8004,342.58864
8005,342.58864
8006,342.58864
8007,342.58864
8008,342.58864
8009,342.58864
8010,342.58864
8011,342.58864
8012,342.58864
8013,342.36664
8014,342.36664
8015,326.58864
8016,237.53027
8017,237.53027
8018,237.53027
8019,237.53027
8020,237.53027
8021,237.53027
8022,237.53027
8023,245.01027
8024,343.64427
8025,343.64427
8026,389.53027
8027,389.53027
8028,389.53027
8029,389.53027
8030,389.53027
8031,389.53027
8032,389.53027
8033,371.53027
8034,389.53027
8035,389.53027
8036,389.53027
8037,371.53027
8038,343.64427
8039,245.01027
8040,234.32151
8041,234.32151
8042,234.32151
8043,234.32151
8044,234.32151
8045,234.32151
8046,234.32151
8047,343.32151
8048,386.32151
8049,386.32151
8050,386.32151
8051,387.32151
8052,386.32151
8053,386.32151
8054,387.32151
8055,386.32151
8056,386.32151
8057,386.32151
8058,387.32151
8059,386.32151
8060,386.32151
8061,386.32151
8062,343.32151
8063,308.32151
8064,308.78243
8065,259.78243
8066,259.78243
8067,259.78243
8068,234.78243
8069,234.78243
8070,234.78243
8071,234.78243
8072,266.84443
8073,409.78243
8074,409.78243
8075,409.78243
8076,409.78243
8077,409.78243
8078,409.78243
8079,409.78243
8080,357.78243
8081,409.78243
8082,410.78243
8083,410.78243
8084,409.78243
8085,409.78243
8086,259.78243
8087,259.78243
8088,233.30899
8089,233.30899
8090,233.30899
8091,233.30899
8092,233.30899
8093,233.30899
8094,227.30899
8095,233.30899
8096,233.30899
8097,233.30899
8098,233.30899
8099,233.30899
8100,265.37099
8101,265.37099
8102,233.30899
8103,233.30899
8104,233.30899
8105,265.37099
8106,357.42299
8107,357.42299
8108,357.42299
8109,307.30899
8110,265.37099
8111,233.30899
8112,231.79391
8113,231.79391
8114,231.79391
8115,231.79391
8116,231.79391
8117,232.70891
8118,232.70891
8119,232.70891
8120,246.70891
8121,306.70891
8122,357.70891
8123,357.70891
8124,357.70891
8125,357.70891
8126,357.70891
8127,357.70891
8128,357.70891
8129,355.70891
8130,357.70891
8131,357.70891
8132,357.70891
8133,355.70891
8134,246.70891
8135,232.70891
8136,159.35419
8137,159.35419
8138,159.35419
8139,159.35419
8140,159.35419
8141,234.35419
8142,234.35419
8143,235.35419
8144,235.35419
8145,267.41619
8146,309.35419
8147,310.35419
8148,309.35419
8149,310.35419
8150,310.35419
8151,310.35419
8152,309.35419
8153,250.35419
8154,310.35419
8155,310.35419
8156,310.35419
8157,267.41619
8158,235.35419
8159,235.35419
8160,256.17525
8161,233.17525
8162,233.17525
8163,233.17525
8164,233.17525
8165,256.17525
8166,256.17525
8167,256.17525
8168,257.28925
8169,257.28925
8170,262.17525
8171,267.17525
8172,267.17525
8173,267.17525
8174,262.17525
8175,267.17525
8176,257.28925
8177,257.28925
8178,262.17525
8179,257.28925
8180,257.28925
8181,256.17525
8182,256.17525
8183,256.17525
8184,234.11683
8185,234.11683
8186,234.11683
8187,234.11683
8188,234.11683
8189,234.11683
8190,234.11683
8191,234.11683
8192,234.11683
8193,234.11683
8194,246.41683
8195,246.41683
8196,246.41683
8197,246.41683
8198,246.41683
8199,246.41683
8200,246.41683
8201,246.41683
8202,247.11683
8203,268.11683
8204,247.11683
8205,246.41683
8206,246.41683
8207,246.41683
8208,122.54572
8209,122.54572
8210,122.54572
8211,122.54572
8212,122.54572
8213,122.54572
8214,158.13572
8215,234.13572
8216,234.13572
8217,234.13572
8218,253.13572
8219,253.13572
8220,253.13572
8221,253.13572
8222,253.13572
8223,253.13572
8224,253.13572
8225,253.13572
8226,253.13572
8227,253.13572
8228,253.13572
8229,253.13572
8230,234.13572
8231,234.13572
8232,233.18203
8233,233.18203
8234,233.18203
8235,233.18203
8236,233.18203
8237,233.18203
8238,233.18203
8239,234.18203
8240,234.18203
8241,234.18203
8242,238.18203
8243,238.18203
8244,238.18203
8245,238.18203
8246,238.18203
8247,238.18203
8248,234.18203
8249,238.18203
8250,252.18203
8251,252.18203
8252,238.18203
8253,234.18203
8254,234.18203
8255,234.18203
8256,242.02633
8257,242.02633
8258,242.02633
8259,242.02633
8260,242.02633
8261,240.92633
8262,240.92633
8263,242.02633
8264,242.02633
8265,242.02633
8266,242.02633
8267,242.02633
8268,242.02633
8269,248.02633
8270,248.02633
8271,242.02633
8272,242.02633
8273,248.02633
8274,248.92633
8275,248.92633
8276,248.92633
8277,248.02633
8278,248.02633
8279,248.02633
8280,238.07463
8281,231.65963
8282,206.57463
8283,206.57463
8284,206.57463
8285,238.07463
8286,238.07463
8287,238.07463
8288,251.77463
8289,251.77463
8290,251.77463
8291,251.77463
8292,251.77463
8293,251.77463
8294,259.57463
8295,259.57463
8296,251.77463
8297,251.77463
8298,259.57463
8299,259.57463
8300,259.57463
8301,251.77463
8302,251.77463
8303,238.07463
8304,238.4135
8305,238.4135
8306,238.4135
8307,238.4135
8308,256.9135
8309,258.5135
8310,258.5135
8311,258.5135
8312,261.2135
8313,261.2135
8314,261.2135
8315,261.2135
8316,265.9135
8317,261.2135
8318,265.9135
8319,266.9135
8320,265.9135
8321,261.2135
8322,266.9135
8323,266.9135
8324,261.2135
8325,261.2135
8326,259.9135
8327,258.5135
8328,259.47641
8329,259.47641
8330,259.47641
8331,259.47641
8332,259.47641
8333,259.47641
8334,261.27641
8335,262.37641
8336,272.97641
8337,272.97641
8338,272.97641
8339,272.97641
8340,287.37641
8341,272.97641
8342,287.37641
8343,287.37641
8344,272.97641
8345,272.97641
8346,272.97641
8347,287.37641
8348,272.97641
8349,272.97641
8350,272.97641
8351,261.27641
8352,259.20761
8353,259.20761
8354,259.20761
8355,231.79261
8356,259.20761
8357,259.20761
8358,259.20761
8359,259.20761
8360,272.70761
8361,310.70761
8362,310.70761
8363,310.70761
8364,310.70761
8365,310.70761
8366,310.70761
8367,310.70761
8368,310.70761
8369,310.70761
8370,310.70761
8371,310.70761
8372,310.70761
8373,272.70761
8374,268.70761
8375,259.20761
8376,269.53547
8377,260.03547
8378,260.03547
8379,260.03547
8380,260.03547
8381,269.53547
8382,273.03547
8383,273.03547
8384,273.03547
8385,273.53547
8386,298.53547
8387,298.53547
8388,298.53547
8389,298.53547
8390,298.53547
8391,298.53547
8392,298.53547
8393,298.53547
8394,298.53547
8395,298.53547
8396,298.53547
8397,298.53547
8398,273.03547
8399,273.03547
8400,272.75539
8401,272.75539
8402,272.55539
8403,272.55539
8404,272.55539
8405,272.55539
8406,272.55539
8407,268.75539
8408,272.55539
8409,272.55539
8410,272.75539
8411,272.75539
8412,272.75539
8413,272.75539
8414,272.55539
8415,272.55539
8416,272.55539
8417,272.55539
8418,286.75439
8419,272.75539
8420,272.75539
8421,272.75539
8422,272.55539
8423,272.55539
8424,291.67407
8425,287.67407
8426,281.67307
8427,281.67307
8428,281.67307
8429,281.67307
8430,156.67407
8431,281.67307
8432,281.67307
8433,287.67407
8434,291.67407
8435,302.67407
8436,302.67407
8437,302.67407
8438,291.67407
8439,291.67407
8440,291.67407
8441,302.67407
8442,302.67407
8443,302.67407
8444,302.67407
8445,302.67407
8446,302.67407
8447,291.67407
8448,289.88014
8449,289.88014
8450,277.88014
8451,277.88014
8452,277.88014
8453,289.88014
8454,289.88014
8455,304.88014
8456,328.88014
8457,332.88014
8458,332.88014
8459,347.88014
8460,347.88014
8461,347.88014
8462,347.88014
8463,347.88014
8464,347.88014
8465,332.88014
8466,347.88014
8467,347.88014
8468,347.88014
8469,332.88014
8470,328.88014
8471,327.88014
8472,296.80316
8473,288.80316
8474,288.80316
8475,288.80316
8476,288.80316
8477,288.80316
8478,296.80316
8479,327.80316
8480,327.80316
8481,327.80316
8482,328.82116
8483,349.80316
8484,349.80316
8485,349.80316
8486,349.80316
8487,349.80316
8488,349.80316
8489,349.80316
8490,349.80316
8491,349.80316
8492,349.80316
8493,327.80316
8494,327.80316
8495,327.80316
8496,358.64323
8497,337.64323
8498,337.64323
8499,337.64323
8500,337.64323
8501,337.64323
8502,358.64323
8503,358.64323
8504,358.54323
8505,358.54323
8506,358.54323
8507,358.64323
8508,358.54323
8509,358.54323
8510,358.64323
8511,358.64323
8512,358.64323
8513,358.64323
8514,400.64323
8515,372.64323
8516,372.64323
8517,358.64323
8518,358.54323
8519,358.54323
8520,413.52466
8521,408.52366
8522,358.52466
8523,357.02466
8524,357.02466
8525,357.02466
8526,358.52466
8527,406.02466
8528,408.52466
8529,413.52466
8530,413.52466
8531,413.52466
8532,413.52466
8533,413.52466
8534,413.52466
8535,413.52466
8536,413.52466
8537,413.52466
8538,413.52466
8539,413.52466
8540,413.52466
8541,413.52466
8542,408.52366
8543,406.02466
8544,419.26915
8545,419.26915
8546,419.26915
8547,419.26915
8548,419.26915
8549,419.26915
8550,419.26915
8551,419.26915
8552,421.26915
8553,421.26915
8554,422.26915
8555,422.26915
8556,422.26915
8557,419.26915
8558,419.26915
8559,419.26915
8560,419.26915
8561,419.26915
8562,419.26915
8563,419.26915
8564,419.26915
8565,419.26915
8566,411.26915
8567,411.26915
8568,426.72347
8569,421.72347
8570,421.72347
8571,401.72347
8572,401.72347
8573,401.72347
8574,385.72347
8575,401.72347
8576,421.72347
8577,426.72347
8578,426.72347
8579,426.72347
8580,426.72347
8581,426.72347
8582,426.72347
8583,426.72347
8584,426.72347
8585,426.72347
8586,436.72347
8587,436.72347
8588,426.72347
8589,426.72347
8590,421.72347
8591,421.72347
8592,436.78522
8593,436.78522
8594,436.78522
8595,436.78522
8596,436.78522
8597,436.78522
8598,378.85622
8599,378.85622
8600,378.85622
8601,436.78522
8602,436.78522
8603,436.78522
8604,436.78522
8605,436.78522
8606,436.78522
8607,436.78522
8608,436.78522
8609,436.78522
8610,437.78522
8611,437.78522
8612,437.78522
8613,437.78522
8614,437.78522
8615,436.78522
8616,441.13652
8617,410.25552
8618,410.00352
8619,410.00352
8620,410.25552
8621,441.13652
8622,441.13652
8623,441.13652
8624,453.13652
8625,453.13652
8626,453.13652
8627,453.13652
8628,453.13652
8629,453.13652
8630,455.13652
8631,455.13652
8632,455.13652
8633,453.13652
8634,458.13652
8635,455.13652
8636,455.13652
8637,453.13652
8638,453.13652
8639,453.13652
8640,456.68854
8641,456.68854
8642,456.68854
8643,456.68854
8644,456.68854
8645,456.68854
8646,456.68854
8647,461.58854
8648,462.58854
8649,471.58854
8650,471.58854
8651,476.58854
8652,476.58854
8653,476.58854
8654,476.58854
8655,476.58854
8656,476.58854
8657,471.58854
8658,476.58854
8659,476.58854
8660,476.58854
8661,471.58854
8662,462.58854
8663,462.58854
8664,505.63886
8665,505.63886
8666,505.63886
8667,494.53886
8668,505.63886
8669,505.63886
8670,505.63886
8671,505.63886
8672,511.53886
8673,511.53886
8674,511.53886
8675,511.53886
8676,511.53886
8677,511.53886
8678,511.53886
8679,511.53886
8680,511.53886
8681,511.53886
8682,516.53886
8683,516.53886
8684,511.53886
8685,511.53886
8686,511.53886
8687,505.63886
8688,496.16477
8689,496.16477
8690,496.16477
8691,496.16477
8692,496.16477
8693,496.16477
8694,496.16477
8695,496.16477
8696,496.16477
8697,506.56477
8698,517.56477
8699,517.56477
8700,517.56477
8701,517.56477
8702,517.56477
8703,517.56477
8704,517.56477
8705,517.56477
8706,517.56477
8707,517.56477
8708,517.56477
8709,517.56477
8710,506.56477
8711,496.16477
8712,463.20536
8713,463.20536
8714,463.20536
8715,463.20536
8716,122.61536
8717,232.28536
8718,232.28536
8719,382.31436
8720,423.60336
8721,463.20536
8722,508.20536
8723,463.20536
8724,517.20536
8725,517.20536
8726,517.20536
8727,508.20536
8728,508.20536
8729,508.20536
8730,523.20536
8731,523.20536
8732,523.20536
8733,523.20536
8734,508.20536
8735,463.20536
8736,518.98298
8737,518.98298
8738,518.98298
8739,518.98298
8740,518.98298
8741,518.98298
8742,518.98298
8743,518.98298
8744,518.98298
8745,526.56698
8746,526.56698
8747,526.56698
8748,526.56698
8749,526.56698
8750,526.56698
8751,526.56698
8752,526.56698
8753,526.56698
8754,526.56698
8755,526.56698
8756,526.56698
8757,526.56698
8758,518.98298
8759,518.98298
