,cop_per_kwh
0,72.01687
1,136.71387
2,127.71387
3,127.71387
4,127.71387
5,72.01687
6,72.01687
7,72.01687
8,72.01687
9,72.01687
10,72.01687
11,136.71387
12,136.71387
13,136.71387
14,136.71387
15,136.67187
16,127.71387
17,72.01687
18,183.93187
19,406.73387
20,213.73387
21,213.73387
22,213.73387
23,136.71387
24,71.33575
25,71.33575
26,71.33575
27,71.33575
28,71.33575
29,73.95075
30,73.95075
31,137.87975
32,185.09775
33,387.89975
34,387.89975
35,387.89975
36,307.89975
37,357.79975
38,357.79975
39,357.79975
40,357.79975
41,307.89975
42,397.89975
43,387.89975
44,357.79975
45,307.89975
46,307.89975
47,307.89975
48,116.30559
49,116.30559
50,126.28559
51,126.28559
52,135.28559
53,126.28559
54,123.45759
55,275.30559
56,275.30559
57,275.30559
58,275.30559
59,275.30559
60,275.30559
61,275.30559
62,275.30559
63,275.30559
64,275.30559
65,275.30559
66,285.30559
67,285.30559
68,275.30559
69,275.30559
70,275.30559
71,275.30559
72,144.36479
73,144.36479
74,144.36479
75,144.36479
76,134.34479
77,144.36479
78,134.34479
79,144.36479
80,188.36479
81,255.36479
82,255.36479
83,255.36479
84,255.36479
85,255.36479
86,255.36479
87,255.36479
88,255.36479
89,255.36479
90,255.36479
91,255.36479
92,255.36479
93,255.36479
94,255.36479
95,188.36479
96,209.12146
97,209.12146
98,188.12146
99,188.12146
100,188.12146
101,188.12146
102,180.62446
103,157.12146
104,188.12146
105,188.12146
106,209.12146
107,209.12146
108,305.12146
109,305.12146
110,209.12146
111,209.12146
112,188.12146
113,209.12146
114,305.12146
115,305.12146
116,305.12146
117,305.12146
118,305.12146
119,209.12146
120,205.19358
121,190.49358
122,205.19358
123,190.49358
124,190.49358
125,190.49358
126,190.49358
127,190.49358
128,205.19358
129,205.19358
130,205.19358
131,205.19358
132,205.19358
133,216.19358
134,205.19358
135,205.19358
136,205.19358
137,205.19358
138,250.19358
139,251.19358
140,251.19358
141,216.19358
142,216.19358
143,205.19358
144,184.80369
145,184.80369
146,184.80369
147,184.80369
148,184.80369
149,184.80369
150,184.80369
151,225.30369
152,213.80369
153,225.30369
154,304.30969
155,325.80369
156,325.80369
157,325.80369
158,325.80369
159,325.80369
160,325.80369
161,304.30969
162,325.80369
163,325.80369
164,325.80369
165,325.80369
166,225.30369
167,213.80369
168,209.78274
169,209.78274
170,185.39774
171,184.28274
172,201.28274
173,209.78274
174,209.78274
175,217.28274
176,245.18274
177,245.18274
178,245.18274
179,334.28274
180,334.28274
181,304.28174
182,334.28274
183,334.28274
184,304.28174
185,245.18274
186,304.28174
187,404.28174
188,334.28274
189,250.28274
190,245.18274
191,250.28274
192,303.38601
193,218.88001
194,207.88001
195,207.88001
196,207.88001
197,207.88001
198,207.88001
199,218.88001
200,309.78001
201,309.78001
202,309.78001
203,353.88001
204,353.88001
205,353.88001
206,353.88001
207,353.88001
208,353.88001
209,309.78001
210,309.78001
211,353.88001
212,309.78001
213,309.78001
214,309.78001
215,309.78001
216,244.83996
217,244.83996
218,244.83996
219,244.83996
220,244.83996
221,244.83996
222,244.83996
223,303.83896
224,305.83996
225,305.83996
226,305.83996
227,331.95396
228,331.95396
229,403.83896
230,423.83996
231,403.83896
232,331.95396
233,305.83996
234,331.95396
235,331.95396
236,331.95396
237,305.83996
238,305.83996
239,303.83896
240,303.88491
241,266.88591
242,200.88591
243,185.88591
244,185.88591
245,185.88591
246,185.88591
247,266.88591
248,310.98591
249,310.98591
250,334.88591
251,334.88591
252,334.88591
253,334.88591
254,334.88591
255,334.88591
256,334.88591
257,310.98591
258,334.88591
259,334.88591
260,334.88591
261,334.88591
262,310.98591
263,303.39191
264,304.02806
265,254.02906
266,254.02906
267,254.02906
268,194.02906
269,194.02906
270,180.53206
271,185.14406
272,254.02906
273,304.02806
274,362.14306
275,362.14306
276,362.14306
277,362.14306
278,362.14306
279,362.14306
280,324.02906
281,324.02906
282,374.02906
283,374.02906
284,374.02906
285,374.02906
286,374.02906
287,354.02906
288,318.92463
289,318.92463
290,303.92463
291,303.92463
292,303.92463
293,303.92463
294,305.91663
295,319.06463
296,348.92463
297,348.92463
298,348.92463
299,403.92463
300,403.92363
301,403.92463
302,403.92463
303,403.92463
304,403.92463
305,348.92463
306,403.92363
307,403.92463
308,403.92463
309,348.92463
310,348.92463
311,348.92463
312,309.74607
313,309.74607
314,309.74607
315,309.74607
316,309.74607
317,309.74607
318,309.74607
319,313.74607
320,313.74607
321,313.74607
322,323.74607
323,333.74607
324,333.74607
325,333.74607
326,403.74507
327,333.74607
328,333.74607
329,313.74607
330,323.74607
331,313.74607
332,313.74607
333,313.74607
334,313.74607
335,313.74607
336,284.07251
337,284.07251
338,284.07251
339,284.07251
340,284.07251
341,284.07251
342,284.07251
343,302.07951
344,344.07251
345,344.07251
346,389.17251
347,389.17251
348,404.07151
349,404.07151
350,404.07151
351,404.07151
352,404.07151
353,389.17251
354,389.17251
355,389.17251
356,389.17251
357,344.07251
358,344.07251
359,314.07151
360,349.59191
361,349.59191
362,283.51591
363,314.59891
364,283.51591
365,349.59191
366,349.59191
367,349.59191
368,354.59191
369,354.59191
370,404.59091
371,404.59091
372,389.59191
373,389.59191
374,389.59191
375,389.59191
376,389.59191
377,354.59191
378,389.59191
379,389.59191
380,389.59191
381,354.59191
382,349.59191
383,349.59191
384,325.1244
385,355.1234
386,310.1244
387,310.1244
388,310.1244
389,325.1244
390,325.1244
391,325.1244
392,355.1234
393,385.1244
394,385.1244
395,385.1244
396,385.1244
397,385.1244
398,385.1244
399,385.1244
400,385.1244
401,355.1234
402,385.1244
403,385.1244
404,385.1244
405,385.1244
406,355.1234
407,325.1244
408,323.49626
409,314.49626
410,309.49526
411,304.48626
412,306.00126
413,309.49526
414,274.49626
415,314.49626
416,344.49526
417,382.49526
418,394.49626
419,394.49626
420,394.49626
421,394.49626
422,382.49526
423,382.49526
424,382.49526
425,344.49526
426,394.49626
427,414.49626
428,394.49626
429,382.49526
430,374.49626
431,323.49626
432,328.70483
433,328.70483
434,318.70483
435,318.70483
436,318.70483
437,318.70483
438,313.70483
439,318.70483
440,318.70483
441,328.70483
442,328.70483
443,328.70483
444,328.70483
445,328.70483
446,328.70483
447,328.70483
448,328.70483
449,318.70483
450,328.70483
451,328.70483
452,328.70483
453,328.70483
454,328.70483
455,328.70483
456,390.70537
457,383.70537
458,323.70437
459,323.70437
460,305.21037
461,323.70437
462,393.70537
463,393.70537
464,398.70537
465,453.70537
466,501.70537
467,501.70537
468,453.70537
469,463.70537
470,501.70537
471,501.70537
472,503.70537
473,398.70537
474,463.70537
475,501.70537
476,398.70537
477,390.70537
478,389.79537
479,383.70537
480,374.25383
481,372.25383
482,354.25283
483,304.24383
484,304.24383
485,374.25383
486,372.25383
487,390.22383
488,404.25283
489,404.25283
490,502.25383
491,502.25383
492,502.25383
493,502.25383
494,502.25383
495,502.25383
496,404.25283
497,404.25283
498,502.25383
499,502.25383
500,404.25283
501,390.22383
502,372.25383
503,372.25383
504,369.06184
505,341.06284
506,341.06284
507,341.06284
508,341.06284
509,371.06284
510,371.06284
511,391.06284
512,391.06284
513,391.06284
514,394.06184
515,394.06184
516,391.06284
517,391.06284
518,391.06284
519,391.06284
520,391.06284
521,391.06284
522,391.06284
523,394.06184
524,391.06284
525,391.06284
526,391.06284
527,371.06284
528,354.55958
529,254.55958
530,254.55958
531,254.55958
532,254.55958
533,354.55958
534,354.55958
535,376.55958
536,376.55958
537,409.55958
538,409.55958
539,409.55958
540,390.52958
541,390.52958
542,390.52958
543,409.55958
544,390.52958
545,390.52958
546,409.55958
547,409.55958
548,409.55958
549,390.52958
550,409.55958
551,384.55958
552,350.70148
553,350.70148
554,350.70148
555,350.70148
556,350.70148
557,350.70148
558,350.70148
559,361.70148
560,405.70148
561,443.70148
562,432.70148
563,432.70148
564,405.70148
565,405.70148
566,405.70148
567,405.70148
568,405.70148
569,389.46148
570,432.70148
571,432.70148
572,405.70148
573,389.46148
574,388.70148
575,361.70148
576,350.75304
577,350.75304
578,350.75304
579,350.75304
580,350.75304
581,350.75304
582,350.75304
583,350.75304
584,398.75304
585,432.75304
586,432.75304
587,432.75304
588,398.75304
589,393.75304
590,393.75304
591,389.61304
592,389.61304
593,389.61304
594,393.75304
595,432.75304
596,393.75304
597,393.75304
598,389.61304
599,393.75304
600,378.77495
601,378.77495
602,341.77495
603,341.77495
604,341.77495
605,341.77495
606,341.77495
607,341.77495
608,341.77495
609,373.77495
610,378.77495
611,378.77495
612,378.77495
613,378.77495
614,378.77495
615,378.77495
616,373.77495
617,373.77495
618,378.77495
619,398.77495
620,398.77495
621,378.77495
622,378.77495
623,378.77495
624,378.68817
625,373.68817
626,344.68817
627,344.68817
628,353.68817
629,373.68817
630,378.68817
631,378.68817
632,378.68817
633,378.68817
634,378.68817
635,378.68817
636,378.68817
637,378.68817
638,401.68817
639,401.68817
640,378.68817
641,378.68817
642,401.68817
643,401.68817
644,378.68817
645,378.68817
646,378.68817
647,344.68817
648,328.82914
649,328.82914
650,303.82914
651,303.82914
652,303.82914
653,328.82914
654,379.82914
655,360.82914
656,378.72914
657,378.72914
658,378.72914
659,379.82914
660,378.72914
661,378.72914
662,379.82914
663,379.82914
664,379.82914
665,378.72914
666,379.82914
667,392.82914
668,392.82914
669,378.72914
670,378.72914
671,360.82914
672,368.8112
673,376.8112
674,294.8112
675,294.8112
676,318.8112
677,368.8112
678,368.8112
679,368.8112
680,376.8112
681,376.8112
682,393.8112
683,393.8112
684,393.8112
685,393.8112
686,393.8112
687,393.8112
688,413.8112
689,372.8112
690,393.8112
691,393.8112
692,413.8112
693,372.8112
694,368.8112
695,368.8112
696,352.72322
697,352.72322
698,352.72322
699,352.72322
700,352.72322
701,352.72322
702,366.22322
703,366.22322
704,372.72322
705,372.72322
706,378.72322
707,382.72322
708,382.72322
709,382.72322
710,382.72322
711,382.72322
712,382.72322
713,378.72322
714,382.72322
715,382.72322
716,382.72322
717,378.72322
718,372.72322
719,366.22322
720,368.69143
721,368.69143
722,366.69143
723,366.69143
724,368.69143
725,374.69143
726,374.69143
727,375.69143
728,375.69143
729,375.69143
730,379.69143
731,379.69143
732,379.69143
733,379.69143
734,379.69143
735,379.69143
736,379.69143
737,379.69143
738,379.69143
739,379.69143
740,379.69143
741,379.69143
742,375.69143
743,375.69143
744,398.03643
745,390.03643
746,390.03643
747,398.03643
748,390.03643
749,390.03643
750,390.03643
751,398.03643
752,403.39643
753,414.03643
754,414.03643
755,414.03643
756,414.03643
757,414.03643
758,414.03643
759,403.39643
760,403.39643
761,403.39643
762,414.03643
763,418.03643
764,414.03643
765,414.03643
766,403.39643
767,398.03643
768,374.1227
769,374.1227
770,374.1227
771,374.1227
772,350.1227
773,350.1227
774,350.1227
775,423.1227
776,374.1227
777,374.1227
778,374.1227
779,374.1227
780,374.1227
781,374.1227
782,374.1227
783,374.1227
784,453.1227
785,350.1227
786,374.1227
787,383.2147
788,383.2147
789,383.2147
790,374.1227
791,350.1227
792,381.95399
793,381.95399
794,381.95399
795,381.95399
796,381.95399
797,393.95399
798,393.95399
799,393.95399
800,413.95399
801,413.95399
802,425.95399
803,425.95399
804,415.95399
805,425.95399
806,425.95399
807,425.95399
808,425.95399
809,415.95399
810,425.95399
811,425.95399
812,425.95399
813,425.95399
814,413.95399
815,393.95399
816,404.04258
817,388.04258
818,366.04258
819,366.04258
820,384.04258
821,423.04258
822,404.04258
823,404.04258
824,404.04258
825,404.04258
826,423.04258
827,423.04258
828,423.04258
829,423.04258
830,435.04258
831,423.04258
832,423.04258
833,404.04258
834,435.04258
835,435.04258
836,423.04258
837,423.04258
838,404.04258
839,404.04258
840,401.93551
841,401.93551
842,401.93551
843,397.93551
844,401.93551
845,404.93551
846,401.93551
847,404.93551
848,404.93551
849,404.93551
850,412.93551
851,407.93551
852,404.93551
853,404.93551
854,407.93551
855,407.93551
856,407.93551
857,404.93551
858,407.93551
859,412.93551
860,407.93551
861,404.93551
862,404.93551
863,401.93551
864,393.26219
865,393.26219
866,393.21219
867,392.21219
868,393.26219
869,393.26219
870,393.26219
871,393.39219
872,396.21219
873,396.21219
874,396.21219
875,397.21219
876,396.21219
877,396.21219
878,396.21219
879,396.21219
880,396.21219
881,396.21219
882,397.21219
883,397.21219
884,396.21219
885,396.21219
886,393.39219
887,393.26219
888,373.66624
889,373.66624
890,364.66624
891,364.66624
892,364.66624
893,383.66624
894,383.66624
895,392.66624
896,394.16624
897,394.16624
898,394.16624
899,394.16624
900,394.16624
901,394.16624
902,402.16624
903,402.16624
904,397.26624
905,394.16624
906,397.26624
907,402.16624
908,397.26624
909,394.16624
910,394.16624
911,392.66624
912,375.23243
913,375.23243
914,373.23243
915,373.23243
916,373.23243
917,375.23243
918,375.23243
919,375.23243
920,392.23243
921,395.23243
922,395.23243
923,396.83243
924,396.83243
925,396.83243
926,395.23243
927,395.23243
928,395.23243
929,392.23243
930,395.23243
931,404.23243
932,396.83243
933,395.23243
934,396.83243
935,383.23243
936,358.00753
937,358.00753
938,358.00753
939,358.00753
940,348.00753
941,348.00753
942,348.00753
943,348.00753
944,358.00753
945,362.00753
946,362.00753
947,373.00753
948,373.00753
949,373.00753
950,373.00753
951,373.00753
952,362.00753
953,362.00753
954,383.00753
955,392.00753
956,392.00753
957,392.00753
958,392.00753
959,362.00753
960,313.14634
961,313.14634
962,313.14634
963,313.14634
964,313.14634
965,333.14634
966,333.14634
967,359.14634
968,362.14534
969,383.14634
970,392.14634
971,392.14634
972,383.14634
973,383.60634
974,392.14634
975,392.14634
976,383.60634
977,383.14634
978,383.60634
979,392.14634
980,383.60634
981,383.14634
982,383.14634
983,343.14634
984,352.61191
985,343.61191
986,335.61191
987,335.61191
988,343.61191
989,353.61191
990,353.61191
991,363.61191
992,372.61191
993,391.65191
994,458.61191
995,438.61191
996,438.61191
997,438.61191
998,438.61191
999,438.61191
1000,438.61191
1001,438.61191
1002,438.61191
1003,438.61191
1004,438.61191
1005,503.61191
1006,372.61191
1007,363.61191
1008,350.96354
1009,347.96354
1010,347.96354
1011,347.96354
1012,347.96354
1013,383.96354
1014,383.96354
1015,395.46354
1016,395.46354
1017,395.46354
1018,402.96354
1019,402.96354
1020,395.46354
1021,395.46354
1022,395.46354
1023,395.46354
1024,395.46354
1025,395.46354
1026,395.46354
1027,395.46354
1028,395.46354
1029,395.46354
1030,383.10354
1031,382.96354
1032,368.02864
1033,368.02864
1034,368.02864
1035,368.02864
1036,368.02864
1037,381.17864
1038,381.17864
1039,381.17864
1040,393.02864
1041,398.02864
1042,398.02864
1043,418.02864
1044,418.02864
1045,418.02864
1046,418.02864
1047,418.02864
1048,418.02864
1049,418.02864
1050,418.02864
1051,418.02864
1052,418.02864
1053,418.02864
1054,398.02864
1055,381.17864
1056,432.93572
1057,406.93572
1058,406.93572
1059,406.93572
1060,406.93572
1061,432.93572
1062,432.93572
1063,406.93572
1064,452.93572
1065,452.93572
1066,452.93572
1067,452.93572
1068,452.93572
1069,452.93572
1070,452.93572
1071,452.93572
1072,452.93572
1073,452.93572
1074,452.93572
1075,452.93572
1076,452.93572
1077,452.93572
1078,452.93572
1079,432.93572
1080,473.69345
1081,463.69345
1082,463.69345
1083,458.69345
1084,458.69345
1085,463.69345
1086,463.69345
1087,463.69345
1088,473.69345
1089,474.69345
1090,483.69345
1091,483.69345
1092,483.69345
1093,483.69345
1094,483.69345
1095,483.69345
1096,474.69345
1097,473.69345
1098,483.69345
1099,483.69345
1100,483.69345
1101,474.69345
1102,473.69345
1103,473.69345
1104,461.35276
1105,461.35276
1106,461.35276
1107,461.35276
1108,461.35276
1109,461.35276
1110,461.35276
1111,461.35276
1112,461.35276
1113,461.35276
1114,461.35276
1115,474.26976
1116,474.26976
1117,474.26976
1118,474.26976
1119,553.35276
1120,461.35276
1121,461.35276
1122,474.26976
1123,513.35276
1124,513.35276
1125,513.35276
1126,474.26976
1127,461.35276
1128,492.93551
1129,442.93551
1130,442.93551
1131,442.93551
1132,442.93551
1133,492.93551
1134,492.93551
1135,499.93551
1136,499.93551
1137,499.93551
1138,499.93551
1139,499.93551
1140,499.93551
1141,499.93551
1142,522.93551
1143,522.93551
1144,522.93551
1145,522.93551
1146,552.93551
1147,559.93551
1148,559.93551
1149,559.93551
1150,499.93551
1151,499.93551
1152,491.93551
1153,491.93551
1154,447.93551
1155,447.93551
1156,491.93551
1157,491.93551
1158,491.93551
1159,491.93551
1160,491.93551
1161,491.93551
1162,492.93551
1163,492.93551
1164,492.93551
1165,492.93551
1166,492.93551
1167,492.93551
1168,492.93551
1169,492.93551
1170,602.93551
1171,602.93551
1172,602.93551
1173,492.93551
1174,492.93551
1175,491.93551
1176,437.93551
1177,437.93551
1178,437.93551
1179,437.93551
1180,437.93551
1181,452.93551
1182,452.93551
1183,452.93551
1184,492.93551
1185,602.93551
1186,602.93551
1187,602.93551
1188,602.93551
1189,602.93551
1190,602.93551
1191,602.93551
1192,602.93551
1193,602.93551
1194,602.93551
1195,602.93551
1196,602.93551
1197,602.93551
1198,602.93551
1199,452.93551
1200,497.97066
1201,497.97066
1202,492.97066
1203,492.97066
1204,497.97066
1205,499.97066
1206,499.97066
1207,499.97066
1208,612.97066
1209,632.97066
1210,605.97066
1211,605.97066
1212,605.97066
1213,605.97066
1214,605.97066
1215,607.97066
1216,605.97066
1217,605.97066
1218,605.97066
1219,607.97066
1220,605.97066
1221,605.97066
1222,605.97066
1223,497.97066
1224,582.93551
1225,582.93551
1226,535.93551
1227,535.93551
1228,542.93551
1229,582.93551
1230,582.93551
1231,582.93551
1232,607.93551
1233,612.93551
1234,637.93551
1235,640.93551
1236,632.93551
1237,640.93551
1238,637.93551
1239,637.93551
1240,632.93551
1241,607.93551
1242,632.93551
1243,637.93551
1244,632.93551
1245,607.93551
1246,582.93551
1247,582.93551
1248,613.94195
1249,542.94195
1250,467.94195
1251,391.84195
1252,467.94195
1253,467.94195
1254,529.94195
1255,613.94195
1256,613.94195
1257,632.94195
1258,613.94195
1259,613.94195
1260,613.94195
1261,613.94195
1262,613.94195
1263,613.94195
1264,613.94195
1265,604.94195
1266,613.94195
1267,613.94195
1268,613.94195
1269,613.94195
1270,604.94195
1271,529.94195
1272,383.6214
1273,383.6214
1274,334.0214
1275,323.0214
1276,323.0214
1277,323.0214
1278,323.0214
1279,323.0214
1280,360.4614
1281,383.6214
1282,406.4914
1283,599.0214
1284,599.0214
1285,599.0214
1286,599.0214
1287,599.0214
1288,599.0214
1289,404.0204
1290,599.0214
1291,599.0214
1292,599.0214
1293,599.0214
1294,646.0224
1295,383.6214
1296,359.90556
1297,333.46556
1298,333.46556
1299,322.46556
1300,358.67556
1301,496.46556
1302,496.46556
1303,501.46556
1304,501.46556
1305,501.46556
1306,501.46556
1307,501.46556
1308,501.46556
1309,501.46556
1310,603.46556
1311,608.46556
1312,553.46556
1313,553.46556
1314,553.46556
1315,583.46556
1316,553.46556
1317,553.46556
1318,501.46556
1319,496.46556
1320,360.81599
1321,319.37599
1322,319.37599
1323,319.37599
1324,334.37599
1325,381.52599
1326,381.52599
1327,401.37599
1328,497.37599
1329,482.37599
1330,499.37599
1331,499.37599
1332,482.37599
1333,499.37599
1334,500.37599
1335,583.37599
1336,482.37599
1337,482.37599
1338,497.37599
1339,499.37599
1340,497.37599
1341,482.37599
1342,482.37599
1343,401.37599
1344,321.0417
1345,321.0417
1346,296.0417
1347,266.9357
1348,296.0417
1349,321.0417
1350,322.0417
1351,322.0417
1352,396.0407
1353,396.0407
1354,396.0407
1355,476.0417
1356,476.0417
1357,476.0417
1358,476.0417
1359,481.0417
1360,396.0407
1361,383.1617
1362,476.0417
1363,481.0417
1364,481.0417
1365,396.0407
1366,396.0407
1367,322.0417
1368,165.52639
1369,165.52639
1370,165.52639
1371,165.52639
1372,265.50139
1373,294.52639
1374,285.51139
1375,266.42039
1376,294.52639
1377,294.52639
1378,365.52639
1379,381.52639
1380,365.52639
1381,365.52639
1382,380.52639
1383,381.52639
1384,294.52639
1385,294.52639
1386,380.52639
1387,475.52639
1388,380.52639
1389,335.52639
1390,294.52639
1391,285.51139
1392,204.05501
1393,204.05501
1394,204.05501
1395,204.05501
1396,204.05501
1397,324.05501
1398,324.05501
1399,324.05501
1400,374.05501
1401,374.05501
1402,380.05501
1403,394.05501
1404,374.05501
1405,404.05501
1406,404.05501
1407,404.05501
1408,374.05501
1409,374.05501
1410,374.05501
1411,380.05501
1412,374.05501
1413,380.05501
1414,324.05501
1415,204.05501
1416,296.88183
1417,276.38183
1418,276.38183
1419,268.17583
1420,264.70483
1421,276.38183
1422,264.70483
1423,268.17583
1424,276.38183
1425,331.88183
1426,331.88183
1427,347.08183
1428,415.38183
1429,415.38183
1430,347.08183
1431,347.08183
1432,347.08183
1433,331.88183
1434,347.08183
1435,377.21183
1436,377.21183
1437,377.21183
1438,347.08183
1439,276.38183
1440,365.78144
1441,365.78144
1442,333.78144
1443,333.78144
1444,335.78144
1445,377.08144
1446,377.08144
1447,395.78144
1448,416.28144
1449,414.78144
1450,416.28144
1451,416.28144
1452,414.78144
1453,416.28144
1454,465.78144
1455,465.78144
1456,416.28144
1457,411.72144
1458,416.28144
1459,465.78144
1460,414.78144
1461,416.28144
1462,414.78144
1463,395.78144
1464,401.88215
1465,395.82215
1466,395.82215
1467,395.82215
1468,401.88215
1469,465.82215
1470,456.07415
1471,465.82215
1472,465.82215
1473,465.82215
1474,465.82215
1475,470.82215
1476,465.82215
1477,470.82215
1478,525.82215
1479,525.82215
1480,470.82215
1481,465.82215
1482,525.82215
1483,566.32215
1484,525.82215
1485,525.82215
1486,465.82215
1487,470.82215
1488,417.67702
1489,396.17702
1490,396.17702
1491,396.17702
1492,396.17702
1493,417.67702
1494,417.67702
1495,445.17702
1496,466.17702
1497,466.17702
1498,466.17702
1499,466.17702
1500,466.17702
1501,466.17702
1502,466.17702
1503,466.17702
1504,466.17702
1505,466.17702
1506,566.67702
1507,521.17702
1508,521.17702
1509,521.17702
1510,466.17702
1511,445.17702
1512,375.79159
1513,366.29159
1514,366.29159
1515,366.29159
1516,375.79159
1517,375.79159
1518,375.79159
1519,375.79159
1520,415.69159
1521,439.79159
1522,465.69159
1523,520.79159
1524,465.69159
1525,465.69159
1526,520.79159
1527,520.79159
1528,465.69159
1529,439.79159
1530,520.79159
1531,566.29159
1532,561.29159
1533,520.79159
1534,439.79159
1535,415.69159
1536,355.27381
1537,355.27381
1538,341.77381
1539,341.77381
1540,341.77381
1541,355.27381
1542,355.27381
1543,355.27381
1544,387.03381
1545,390.77381
1546,415.67381
1547,470.77381
1548,470.77381
1549,470.77381
1550,470.77381
1551,470.77381
1552,470.77381
1553,415.67381
1554,470.77381
1555,521.77381
1556,470.77381
1557,415.67381
1558,387.03381
1559,355.27381
1560,345.38528
1561,335.88528
1562,335.88528
1563,335.88528
1564,335.88528
1565,335.88528
1566,335.88528
1567,345.38528
1568,364.88528
1569,364.88528
1570,364.88528
1571,385.88528
1572,385.88528
1573,364.88528
1574,364.88528
1575,364.88528
1576,364.88528
1577,364.88528
1578,386.88528
1579,387.14528
1580,385.88528
1581,364.88528
1582,364.88528
1583,386.88528
1584,359.84085
1585,359.84085
1586,306.84085
1587,306.84085
1588,306.84085
1589,306.84085
1590,306.84085
1591,359.84085
1592,359.84085
1593,386.84085
1594,387.84085
1595,385.84085
1596,359.84085
1597,359.84085
1598,359.84085
1599,355.68085
1600,355.68085
1601,355.68085
1602,386.84085
1603,387.84085
1604,414.84085
1605,385.84085
1606,386.84085
1607,355.68085
1608,312.86976
1609,306.86976
1610,306.86976
1611,306.86976
1612,312.86976
1613,355.76976
1614,359.86976
1615,358.86976
1616,358.86976
1617,358.86976
1618,365.86976
1619,365.86976
1620,359.86976
1621,358.86976
1622,387.86976
1623,365.86976
1624,359.86976
1625,358.86976
1626,365.86976
1627,365.86976
1628,359.86976
1629,358.86976
1630,358.86976
1631,355.76976
1632,335.90637
1633,335.90637
1634,335.90637
1635,335.90637
1636,335.90637
1637,345.56537
1638,345.56537
1639,350.90637
1640,350.90637
1641,350.90637
1642,355.90637
1643,364.80637
1644,364.80637
1645,364.80637
1646,440.90637
1647,364.80637
1648,364.80637
1649,355.90637
1650,355.90637
1651,355.90637
1652,355.90637
1653,350.90637
1654,350.90637
1655,339.97337
1656,343.92378
1657,343.92378
1658,325.26478
1659,325.26478
1660,325.26478
1661,343.92378
1662,343.92378
1663,353.26478
1664,353.26478
1665,353.26478
1666,353.26478
1667,354.26478
1668,353.26478
1669,354.26478
1670,354.26478
1671,354.26478
1672,354.26478
1673,353.26478
1674,354.26478
1675,366.26478
1676,355.16478
1677,353.26478
1678,353.26478
1679,345.26478
1680,305.10668
1681,305.10668
1682,305.10668
1683,305.10668
1684,321.10668
1685,321.10668
1686,321.10668
1687,321.10668
1688,321.10668
1689,406.10668
1690,396.10668
1691,396.10668
1692,321.10668
1693,343.73168
1694,343.73168
1695,343.73168
1696,321.10668
1697,321.10668
1698,343.73168
1699,396.10668
1700,396.10668
1701,321.10668
1702,321.10668
1703,321.10668
1704,314.00957
1705,314.00957
1706,296.00957
1707,257.00957
1708,268.16457
1709,314.00957
1710,306.47557
1711,314.00957
1712,324.00957
1713,324.00957
1714,324.00957
1715,324.00957
1716,324.00957
1717,324.00957
1718,324.00957
1719,324.00957
1720,324.00957
1721,324.00957
1722,324.00957
1723,324.00957
1724,324.00957
1725,324.00957
1726,314.00957
1727,296.00957
1728,306.36415
1729,282.43915
1730,264.37415
1731,264.36415
1732,264.36415
1733,272.22415
1734,272.22415
1735,306.36415
1736,306.36415
1737,306.36415
1738,314.36415
1739,314.36415
1740,314.36415
1741,314.36415
1742,306.36415
1743,306.36415
1744,306.36415
1745,306.36415
1746,314.36415
1747,323.36315
1748,314.36415
1749,306.36415
1750,306.36415
1751,306.36415
1752,273.07707
1753,273.07707
1754,273.07707
1755,273.07707
1756,273.07707
1757,273.07707
1758,273.07707
1759,273.07707
1760,273.07707
1761,273.07707
1762,281.30507
1763,284.37707
1764,284.37707
1765,284.37707
1766,284.37707
1767,284.37707
1768,284.37707
1769,284.37707
1770,284.37707
1771,313.07607
1772,313.07607
1773,284.37707
1774,284.37707
1775,284.37707
1776,276.37887
1777,239.37887
1778,239.37887
1779,239.37887
1780,276.37887
1781,301.37787
1782,306.37887
1783,306.37887
1784,306.37887
1785,326.37887
1786,326.37887
1787,376.37887
1788,326.37887
1789,376.37887
1790,376.37887
1791,376.37887
1792,326.37887
1793,326.37887
1794,326.37887
1795,376.37887
1796,326.37887
1797,326.37887
1798,306.37887
1799,306.37887
1800,297.25034
1801,297.25034
1802,297.25034
1803,297.25034
1804,297.25034
1805,297.25034
1806,297.25034
1807,314.24934
1808,379.25034
1809,356.25034
1810,379.25034
1811,382.15034
1812,382.15034
1813,382.15034
1814,356.25034
1815,356.25034
1816,356.25034
1817,356.25034
1818,356.25034
1819,379.25034
1820,356.25034
1821,356.25034
1822,356.25034
1823,297.25034
1824,331.55397
1825,332.89097
1826,315.15297
1827,295.15397
1828,315.15297
1829,331.55397
1830,331.55397
1831,371.15397
1832,371.15397
1833,371.15397
1834,371.15397
1835,397.15397
1836,397.15397
1837,371.15397
1838,391.25397
1839,371.15397
1840,371.15397
1841,371.15397
1842,371.15397
1843,391.25397
1844,391.25397
1845,371.15397
1846,371.15397
1847,371.15397
1848,325.96693
1849,310.95793
1850,310.95793
1851,310.95793
1852,310.95793
1853,325.96693
1854,370.96793
1855,389.96793
1856,389.96793
1857,389.96793
1858,389.96793
1859,389.96793
1860,389.96793
1861,401.48593
1862,394.96793
1863,394.96793
1864,389.96793
1865,389.96793
1866,389.96793
1867,389.96793
1868,389.96793
1869,389.96793
1870,389.96793
1871,370.96793
1872,371.81019
1873,371.81019
1874,371.81019
1875,371.81019
1876,371.81019
1877,371.81019
1878,355.81019
1879,357.81019
1880,371.81019
1881,371.81019
1882,371.81019
1883,371.81019
1884,371.81019
1885,371.81019
1886,371.81019
1887,371.81019
1888,371.81019
1889,371.81019
1890,371.81019
1891,376.80919
1892,371.81019
1893,384.80919
1894,371.81019
1895,371.81019
1896,356.78561
1897,356.78561
1898,296.78461
1899,296.78461
1900,296.78461
1901,296.78461
1902,295.78561
1903,296.78461
1904,375.78461
1905,375.78461
1906,356.77661
1907,356.78561
1908,375.78461
1909,375.78461
1910,375.78461
1911,375.78461
1912,356.78561
1913,296.78461
1914,356.78561
1915,366.68561
1916,375.78461
1917,356.78561
1918,366.68561
1919,356.78561
1920,323.12547
1921,323.12547
1922,323.12547
1923,323.12547
1924,323.12547
1925,323.12547
1926,338.12247
1927,323.12547
1928,323.12547
1929,357.12547
1930,357.12547
1931,361.12547
1932,366.12547
1933,366.12547
1934,366.12547
1935,366.12547
1936,361.12547
1937,357.12547
1938,365.34547
1939,366.12547
1940,366.12547
1941,365.34547
1942,361.12547
1943,357.12547
1944,356.02846
1945,345.02846
1946,345.02846
1947,316.02846
1948,338.02546
1949,316.02846
1950,255.02846
1951,345.02846
1952,345.02846
1953,356.02846
1954,357.52846
1955,357.52846
1956,357.52846
1957,357.52846
1958,357.52846
1959,357.52846
1960,357.52846
1961,357.52846
1962,366.52846
1963,397.02846
1964,366.52846
1965,366.52846
1966,357.52846
1967,357.52846
1968,357.8175
1969,357.3175
1970,357.3175
1971,357.3175
1972,357.3175
1973,357.3175
1974,357.3175
1975,357.3175
1976,365.7175
1977,365.7175
1978,365.8155
1979,365.8175
1980,365.8165
1981,365.8155
1982,365.8155
1983,365.8155
1984,365.8155
1985,357.8175
1986,365.8155
1987,365.8165
1988,365.8155
1989,365.8155
1990,357.8175
1991,357.3175
1992,289.54685
1993,289.54685
1994,289.54685
1995,289.54685
1996,289.54685
1997,289.54685
1998,289.54685
1999,316.54685
2000,358.04685
2001,358.04685
2002,358.04685
2003,359.54685
2004,367.54685
2005,366.54685
2006,366.54685
2007,366.54685
2008,358.04685
2009,358.04685
2010,359.54685
2011,376.54685
2012,366.54685
2013,366.54685
2014,358.04685
2015,358.04685
2016,266.36865
2017,266.36865
2018,266.36865
2019,266.36865
2020,266.36865
2021,266.36865
2022,266.36865
2023,339.36565
2024,339.36865
2025,339.36865
2026,339.36865
2027,339.36865
2028,346.86865
2029,346.86865
2030,346.86865
2031,346.86865
2032,339.36865
2033,339.36865
2034,346.86865
2035,359.36865
2036,359.36865
2037,346.86865
2038,339.36865
2039,339.36865
2040,253.65688
2041,253.65688
2042,253.65688
2043,253.65688
2044,253.65688
2045,253.65688
2046,253.65688
2047,257.65688
2048,267.65688
2049,267.65688
2050,267.65688
2051,267.65688
2052,267.65688
2053,276.55988
2054,267.65688
2055,267.65688
2056,267.65688
2057,267.65688
2058,288.15688
2059,353.65688
2060,353.65688
2061,288.15688
2062,267.65688
2063,267.65688
2064,188.35106
2065,188.35106
2066,188.35106
2067,188.35106
2068,188.35106
2069,188.35106
2070,188.35106
2071,188.35106
2072,198.35106
2073,198.35106
2074,207.35106
2075,237.85106
2076,245.35106
2077,245.35106
2078,245.35106
2079,245.35106
2080,245.35106
2081,237.85106
2082,265.85106
2083,348.35106
2084,348.35106
2085,363.35106
2086,245.35106
2087,207.35106
2088,203.46157
2089,203.46157
2090,203.46157
2091,203.46157
2092,203.46157
2093,203.46157
2094,145.46157
2095,199.96157
2096,199.96157
2097,203.46157
2098,258.46157
2099,258.46157
2100,268.46157
2101,306.46157
2102,268.46157
2103,268.46157
2104,268.46157
2105,268.46157
2106,283.46157
2107,283.46157
2108,283.46157
2109,283.46157
2110,268.46157
2111,268.46157
2112,143.36498
2113,143.36498
2114,143.36498
2115,143.36498
2116,143.36498
2117,143.36498
2118,143.36498
2119,143.36498
2120,237.86498
2121,237.86498
2122,268.36498
2123,270.36498
2124,270.36498
2125,270.36498
2126,270.36498
2127,270.36498
2128,270.36498
2129,270.36498
2130,283.36498
2131,283.36498
2132,283.36498
2133,283.36498
2134,270.36498
2135,270.36498
2136,139.07384
2137,139.07384
2138,139.07384
2139,139.07384
2140,139.07384
2141,139.07384
2142,139.07384
2143,139.07384
2144,227.07384
2145,227.07384
2146,228.07384
2147,237.07384
2148,237.07384
2149,237.07384
2150,237.07384
2151,237.07384
2152,237.07384
2153,237.07384
2154,237.07384
2155,237.07384
2156,237.07384
2157,237.07384
2158,237.07384
2159,227.07384
2160,139.21121
2161,139.21121
2162,139.21121
2163,140.02221
2164,178.94221
2165,178.94221
2166,139.21121
2167,206.00321
2168,179.04221
2169,179.04221
2170,206.00321
2171,233.54221
2172,233.54221
2173,233.54221
2174,233.54221
2175,233.54221
2176,229.73021
2177,229.78221
2178,259.04221
2179,259.04221
2180,259.04221
2181,259.04221
2182,233.54221
2183,179.04221
2184,148.08514
2185,148.08514
2186,139.08514
2187,138.27414
2188,139.08514
2189,148.08514
2190,133.10514
2191,148.10514
2192,158.10514
2193,158.10514
2194,168.00514
2195,179.10514
2196,222.83714
2197,253.80514
2198,222.83714
2199,179.10514
2200,179.10514
2201,179.10514
2202,253.80514
2203,268.10514
2204,268.10514
2205,253.80514
2206,179.10514
2207,159.05514
2208,165.77845
2209,165.77845
2210,165.77845
2211,165.77845
2212,165.77845
2213,165.77845
2214,165.77845
2215,165.77845
2216,165.77845
2217,165.77845
2218,165.77845
2219,167.27845
2220,176.27845
2221,176.27845
2222,176.27845
2223,176.27845
2224,167.27845
2225,165.77845
2226,176.27845
2227,176.27845
2228,176.27845
2229,176.27845
2230,176.27845
2231,167.27845
2232,177.14168
2233,177.14168
2234,159.64168
2235,159.64168
2236,159.64168
2237,159.64168
2238,159.64168
2239,159.64168
2240,178.14168
2241,177.14168
2242,178.14168
2243,217.14168
2244,217.14168
2245,217.14168
2246,217.14168
2247,217.14168
2248,217.14168
2249,217.14168
2250,267.14168
2251,287.14168
2252,267.14168
2253,267.14168
2254,217.14168
2255,217.14168
2256,256.86517
2257,256.86517
2258,232.16517
2259,232.16517
2260,232.16517
2261,232.16517
2262,209.16917
2263,221.86517
2264,232.16517
2265,232.16517
2266,256.86517
2267,256.86517
2268,266.86517
2269,266.86517
2270,266.86517
2271,266.86517
2272,266.86517
2273,256.86517
2274,286.86517
2275,286.86517
2276,286.86517
2277,276.86517
2278,266.86517
2279,256.86517
2280,237.22293
2281,237.22293
2282,233.22293
2283,233.22293
2284,233.22293
2285,233.22293
2286,233.22293
2287,237.22293
2288,272.92293
2289,272.92293
2290,277.22293
2291,287.22293
2292,287.22293
2293,287.22293
2294,287.22293
2295,287.22293
2296,287.22293
2297,277.22293
2298,287.22293
2299,287.22293
2300,287.22293
2301,287.22293
2302,287.22293
2303,272.92293
2304,234.19923
2305,234.19923
2306,234.19923
2307,234.19923
2308,234.19923
2309,234.19923
2310,234.19923
2311,234.19923
2312,234.19923
2313,247.19923
2314,251.50023
2315,267.69923
2316,270.19923
2317,270.19923
2318,270.19923
2319,270.19923
2320,267.19923
2321,267.19923
2322,275.69923
2323,277.19923
2324,275.69923
2325,275.69923
2326,270.19923
2327,267.69923
2328,265.92565
2329,265.12565
2330,251.42665
2331,237.12565
2332,237.12565
2333,237.12565
2334,237.12565
2335,265.12565
2336,266.02565
2337,267.12565
2338,268.62565
2339,268.62565
2340,268.62565
2341,268.62565
2342,268.62565
2343,268.62565
2344,268.62565
2345,268.62565
2346,268.62565
2347,268.62565
2348,268.62565
2349,268.62565
2350,268.62565
2351,266.02565
2352,221.8903
2353,221.8903
2354,221.8903
2355,221.8903
2356,221.8903
2357,221.8903
2358,216.8903
2359,221.8903
2360,221.8903
2361,221.8903
2362,221.8903
2363,221.8903
2364,233.4903
2365,233.5903
2366,233.5903
2367,233.4903
2368,221.8903
2369,221.8903
2370,256.8893
2371,276.8903
2372,276.8903
2373,276.8903
2374,233.4903
2375,221.8903
2376,216.99185
2377,216.99185
2378,216.99185
2379,216.99185
2380,216.99185
2381,216.99185
2382,216.99185
2383,216.99185
2384,216.99185
2385,216.99185
2386,216.99185
2387,216.99185
2388,217.99185
2389,217.99185
2390,217.99185
2391,217.99185
2392,216.99185
2393,216.99185
2394,217.99185
2395,258.49085
2396,227.49085
2397,258.49185
2398,258.49085
2399,227.49085
2400,232.55008
2401,232.55008
2402,232.55008
2403,232.55008
2404,232.55008
2405,232.55008
2406,232.55008
2407,232.55008
2408,232.55008
2409,232.55008
2410,232.55008
2411,247.55008
2412,256.54908
2413,256.54908
2414,255.54908
2415,251.85108
2416,251.85108
2417,232.55008
2418,267.55008
2419,272.55008
2420,272.55008
2421,262.55008
2422,255.54908
2423,247.55008
2424,254.57981
2425,235.58081
2426,235.58081
2427,235.58081
2428,235.58081
2429,235.58081
2430,209.88481
2431,227.58081
2432,251.88181
2433,256.57981
2434,263.58081
2435,263.58081
2436,263.58081
2437,263.58081
2438,263.58081
2439,263.58081
2440,263.58081
2441,263.58081
2442,263.58081
2443,312.58081
2444,312.58081
2445,307.58081
2446,263.58081
2447,263.58081
2448,148.45131
2449,148.45131
2450,148.45131
2451,176.47131
2452,176.47131
2453,179.47131
2454,179.47131
2455,179.47131
2456,229.47131
2457,256.47031
2458,262.47131
2459,262.47131
2460,287.58531
2461,287.58531
2462,287.58531
2463,262.47131
2464,262.47131
2465,262.47131
2466,287.58531
2467,306.47131
2468,287.58531
2469,287.58531
2470,262.47131
2471,256.47031
2472,204.18387
2473,204.18387
2474,216.31187
2475,204.18387
2476,216.71287
2477,204.18387
2478,204.18387
2479,216.31187
2480,227.18387
2481,227.18387
2482,256.18287
2483,256.18387
2484,256.18387
2485,256.18387
2486,256.18387
2487,256.18387
2488,256.18387
2489,256.18287
2490,256.18387
2491,290.29787
2492,256.18387
2493,256.18387
2494,256.18387
2495,227.18387
2496,217.04351
2497,217.04351
2498,217.04351
2499,217.04351
2500,217.04351
2501,204.00451
2502,204.00451
2503,217.04351
2504,247.04351
2505,247.04351
2506,257.04351
2507,257.04351
2508,257.04351
2509,257.04351
2510,257.04351
2511,257.04351
2512,257.04351
2513,257.04351
2514,257.04351
2515,257.04351
2516,257.04351
2517,257.04351
2518,257.04351
2519,251.04251
2520,247.84091
2521,228.34091
2522,228.04091
2523,228.34091
2524,228.84091
2525,228.84091
2526,228.84091
2527,247.84091
2528,262.84091
2529,247.84091
2530,247.84091
2531,262.84091
2532,262.84091
2533,262.84091
2534,262.84091
2535,262.84091
2536,262.84091
2537,262.84091
2538,262.84091
2539,265.84091
2540,262.84091
2541,262.84091
2542,247.84091
2543,247.84091
2544,255.8686
2545,255.8686
2546,255.8686
2547,255.8686
2548,255.8686
2549,255.8686
2550,255.8686
2551,255.8686
2552,262.2676
2553,255.8686
2554,255.8686
2555,255.8686
2556,272.2676
2557,272.2676
2558,272.2676
2559,272.2676
2560,255.8686
2561,255.8686
2562,274.1686
2563,274.1686
2564,274.1686
2565,274.1686
2566,272.2676
2567,255.8686
2568,267.60881
2569,267.49881
2570,267.49881
2571,267.49881
2572,267.49781
2573,257.49781
2574,247.49881
2575,257.49781
2576,267.49881
2577,267.49881
2578,267.49881
2579,267.60881
2580,273.09681
2581,267.60881
2582,267.60881
2583,267.60881
2584,267.49881
2585,267.49881
2586,283.09881
2587,283.09881
2588,283.09881
2589,283.09881
2590,267.60881
2591,267.49881
2592,232.87522
2593,141.99522
2594,141.99522
2595,141.99522
2596,148.99522
2597,141.99522
2598,140.18422
2599,141.99522
2600,148.99522
2601,170.01522
2602,232.87522
2603,250.01522
2604,250.01522
2605,250.01522
2606,250.01522
2607,250.01522
2608,232.87522
2609,232.87522
2610,301.01522
2611,311.21522
2612,301.01522
2613,301.01522
2614,270.01422
2615,250.01522
2616,242.41897
2617,230.51897
2618,220.41897
2619,220.41897
2620,220.41897
2621,220.41897
2622,230.51897
2623,242.41897
2624,265.39897
2625,265.39897
2626,278.41897
2627,278.41897
2628,278.41897
2629,278.41897
2630,278.41897
2631,278.41897
2632,278.41897
2633,278.41897
2634,278.41897
2635,278.41897
2636,278.41897
2637,278.41897
2638,278.41897
2639,265.39897
2640,231.97688
2641,231.97688
2642,217.97788
2643,217.97788
2644,217.97788
2645,217.97788
2646,217.97788
2647,246.97788
2648,248.97788
2649,248.97788
2650,248.97788
2651,276.97688
2652,307.27788
2653,307.27788
2654,307.27788
2655,322.37788
2656,248.97788
2657,248.97788
2658,307.27788
2659,307.27788
2660,307.27788
2661,307.27788
2662,266.97688
2663,246.97788
2664,217.39672
2665,217.39672
2666,217.39672
2667,217.39672
2668,217.39672
2669,217.39672
2670,217.39672
2671,239.39672
2672,239.39672
2673,239.39672
2674,242.39572
2675,297.39672
2676,297.39672
2677,297.39672
2678,297.39672
2679,297.39672
2680,297.39572
2681,242.39572
2682,297.39672
2683,297.39672
2684,297.39672
2685,297.39672
2686,297.39672
2687,239.39672
2688,222.05514
2689,222.05514
2690,222.05514
2691,214.35914
2692,209.01614
2693,214.35914
2694,214.35914
2695,222.05514
2696,222.05514
2697,222.05514
2698,222.05514
2699,239.95514
2700,239.95514
2701,239.95514
2702,239.95514
2703,239.95514
2704,222.05514
2705,222.05514
2706,272.05514
2707,282.05514
2708,272.05514
2709,262.05514
2710,262.05514
2711,247.04814
2712,217.18917
2713,217.18917
2714,217.18917
2715,217.18917
2716,217.18917
2717,217.18917
2718,217.18917
2719,218.18917
2720,218.18917
2721,223.18917
2722,223.18917
2723,256.18917
2724,256.18917
2725,256.18917
2726,256.18917
2727,256.18917
2728,256.18917
2729,223.18917
2730,256.18917
2731,256.18917
2732,256.18917
2733,256.18917
2734,256.18917
2735,223.18917
2736,187.52015
2737,187.52015
2738,202.52015
2739,202.52015
2740,187.52015
2741,187.52015
2742,187.52015
2743,204.48115
2744,197.52015
2745,202.52015
2746,204.52015
2747,204.52015
2748,212.02015
2749,204.48115
2750,204.52015
2751,204.52015
2752,204.52015
2753,202.52015
2754,212.02015
2755,296.42015
2756,212.02015
2757,212.02015
2758,204.52015
2759,202.52015
2760,202.09415
2761,202.09415
2762,202.09415
2763,202.09415
2764,202.09415
2765,202.09415
2766,202.09415
2767,202.09415
2768,202.09415
2769,202.09415
2770,203.82415
2771,252.59415
2772,252.59415
2773,260.09415
2774,260.09415
2775,260.09415
2776,252.59415
2777,252.59415
2778,268.59415
2779,328.73415
2780,328.73415
2781,328.73415
2782,260.09415
2783,252.59415
2784,277.69723
2785,267.69723
2786,254.69723
2787,254.69723
2788,254.69723
2789,254.69723
2790,254.69723
2791,267.69723
2792,277.69723
2793,317.19723
2794,317.19723
2795,385.69723
2796,385.69723
2797,385.69723
2798,385.69723
2799,385.69723
2800,387.69723
2801,316.05923
2802,385.69723
2803,387.69723
2804,387.69723
2805,385.69723
2806,385.69723
2807,316.05923
2808,367.40801
2809,367.40801
2810,366.90701
2811,318.43401
2812,318.43401
2813,316.90801
2814,316.90801
2815,367.40801
2816,367.40801
2817,370.62801
2818,367.40801
2819,370.62801
2820,391.90801
2821,391.90801
2822,391.90801
2823,370.62801
2824,370.62801
2825,367.40801
2826,391.90801
2827,406.90801
2828,406.90801
2829,370.62801
2830,391.90801
2831,367.40801
2832,317.24944
2833,317.24944
2834,317.24944
2835,317.24944
2836,317.24944
2837,317.24944
2838,317.24944
2839,317.24944
2840,317.24944
2841,346.74944
2842,366.74844
2843,386.74944
2844,393.74944
2845,386.74944
2846,406.89944
2847,386.74944
2848,346.74944
2849,346.74944
2850,386.74944
2851,406.89944
2852,386.74944
2853,386.74944
2854,346.74944
2855,317.24944
2856,366.05103
2857,283.00503
2858,248.05103
2859,248.05103
2860,217.05103
2861,217.05003
2862,248.05103
2863,283.00503
2864,358.05103
2865,358.05103
2866,366.05103
2867,372.55103
2868,387.05103
2869,387.05103
2870,387.05103
2871,387.05103
2872,372.55103
2873,366.05103
2874,387.05103
2875,387.05103
2876,387.05103
2877,372.55103
2878,358.05103
2879,366.05103
2880,257.4149
2881,256.3329
2882,252.4149
2883,252.4149
2884,237.4079
2885,237.4079
2886,192.6879
2887,196.2669
2888,252.4149
2889,292.4149
2890,284.4149
2891,284.4149
2892,292.4149
2893,292.4149
2894,284.4149
2895,284.4149
2896,284.4149
2897,257.4149
2898,337.4149
2899,367.4149
2900,406.6149
2901,367.4149
2902,337.4149
2903,284.4149
2904,321.10748
2905,303.10148
2906,285.10748
2907,285.10748
2908,285.10748
2909,285.10748
2910,285.10748
2911,285.10748
2912,294.92448
2913,321.10748
2914,321.10748
2915,331.10748
2916,331.10748
2917,331.10748
2918,331.10748
2919,331.10748
2920,333.10748
2921,321.10748
2922,331.10748
2923,333.10748
2924,333.10748
2925,331.10748
2926,331.10748
2927,321.10748
2928,296.71184
2929,296.71184
2930,296.71184
2931,296.71184
2932,296.71184
2933,296.71184
2934,293.52884
2935,296.71184
2936,296.71184
2937,296.71184
2938,296.71184
2939,296.71184
2940,296.71184
2941,296.71184
2942,296.71184
2943,296.71184
2944,296.71184
2945,296.71184
2946,296.71184
2947,304.71184
2948,303.71184
2949,304.71184
2950,296.71184
2951,296.71184
2952,244.77685
2953,244.77685
2954,244.77685
2955,244.77685
2956,244.77685
2957,244.77685
2958,244.77685
2959,290.26285
2960,292.77685
2961,329.77685
2962,345.77685
2963,342.77685
2964,345.77685
2965,345.77685
2966,345.77685
2967,345.77685
2968,342.77685
2969,342.77685
2970,345.77685
2971,345.77685
2972,345.77685
2973,342.77685
2974,329.77685
2975,292.77685
2976,277.9216
2977,275.9216
2978,265.9166
2979,252.9186
2980,276.9216
2981,276.9216
2982,276.9216
2983,278.9216
2984,278.9216
2985,278.9216
2986,286.1116
2987,304.9216
2988,335.9216
2989,335.9216
2990,304.9216
2991,304.9216
2992,286.1116
2993,278.9216
2994,304.9216
2995,304.9216
2996,304.9216
2997,286.1116
2998,286.1116
2999,278.9216
3000,251.22135
3001,242.66835
3002,207.62035
3003,197.06735
3004,207.62035
3005,207.62035
3006,213.49035
3007,251.22135
3008,251.22135
3009,251.22135
3010,251.22135
3011,311.22135
3012,311.22135
3013,311.22135
3014,311.22135
3015,311.22135
3016,311.22135
3017,311.22135
3018,311.22135
3019,346.22135
3020,346.22135
3021,346.22135
3022,311.22135
3023,251.22135
3024,301.30286
3025,291.30286
3026,291.30286
3027,291.30286
3028,291.30286
3029,291.30286
3030,293.03986
3031,291.30286
3032,301.30286
3033,301.30286
3034,301.30286
3035,301.30286
3036,301.30286
3037,301.30286
3038,301.30286
3039,301.30286
3040,301.30286
3041,301.30286
3042,301.30286
3043,356.30286
3044,301.30286
3045,301.30286
3046,301.30286
3047,301.30286
3048,266.4803
3049,248.0703
3050,227.3323
3051,227.3323
3052,227.3323
3053,227.3323
3054,227.3323
3055,299.3323
3056,299.3323
3057,299.3323
3058,326.8323
3059,387.3323
3060,387.3323
3061,387.3323
3062,387.3323
3063,387.3323
3064,387.3323
3065,387.3323
3066,397.3323
3067,397.3323
3068,387.3323
3069,387.3323
3070,326.8323
3071,299.3323
3072,245.36804
3073,236.36504
3074,235.36804
3075,235.36804
3076,235.36804
3077,235.36804
3078,235.36804
3079,245.36804
3080,245.36804
3081,256.36804
3082,256.36804
3083,270.46804
3084,309.36804
3085,270.46804
3086,270.46804
3087,270.46804
3088,256.36804
3089,256.36804
3090,270.46804
3091,270.46804
3092,270.46804
3093,256.36804
3094,256.36804
3095,256.36804
3096,281.87473
3097,262.97473
3098,262.97473
3099,262.97473
3100,262.97473
3101,281.87473
3102,212.97473
3103,281.87473
3104,262.97473
3105,281.87473
3106,281.87473
3107,310.97473
3108,367.97473
3109,322.64573
3110,310.97473
3111,322.64573
3112,281.87473
3113,322.64573
3114,367.97473
3115,397.97473
3116,367.97473
3117,367.97473
3118,367.97473
3119,307.97473
3120,211.17266
3121,211.17266
3122,211.17266
3123,211.17266
3124,211.17266
3125,211.17266
3126,211.17266
3127,326.17266
3128,370.67266
3129,385.17266
3130,385.17266
3131,385.17266
3132,385.17266
3133,385.17266
3134,385.17266
3135,385.17266
3136,385.17266
3137,385.17266
3138,385.17266
3139,385.17266
3140,385.17266
3141,385.17266
3142,385.17266
3143,326.17266
3144,275.82845
3145,275.82845
3146,274.92845
3147,274.92845
3148,274.92845
3149,274.92845
3150,274.92845
3151,275.82845
3152,275.82845
3153,275.82845
3154,355.82845
3155,400.82845
3156,400.82845
3157,400.82845
3158,400.82845
3159,400.82845
3160,355.82845
3161,275.82845
3162,400.82845
3163,406.82845
3164,400.82845
3165,400.82845
3166,275.82845
3167,275.82845
3168,344.7482
3169,344.7482
3170,225.8482
3171,225.8482
3172,225.8482
3173,225.8482
3174,232.2782
3175,350.8482
3176,350.8482
3177,350.8482
3178,350.8482
3179,385.8482
3180,385.8482
3181,385.8482
3182,350.8482
3183,350.8482
3184,350.8482
3185,350.8482
3186,350.8482
3187,385.8482
3188,350.8482
3189,350.8482
3190,350.8482
3191,350.8482
3192,385.71452
3193,379.71352
3194,379.71352
3195,379.71352
3196,379.71352
3197,379.71352
3198,385.71452
3199,406.71452
3200,445.71452
3201,412.71452
3202,412.71452
3203,412.71452
3204,412.71452
3205,412.71452
3206,412.71452
3207,412.71452
3208,412.71452
3209,412.71452
3210,412.71452
3211,412.71452
3212,412.71452
3213,412.71452
3214,412.71452
3215,406.71452
3216,435.0621
3217,413.0621
3218,413.0621
3219,413.0621
3220,413.0621
3221,413.0621
3222,413.0621
3223,435.0621
3224,435.0621
3225,459.8821
3226,459.8821
3227,476.0621
3228,476.0621
3229,476.0621
3230,476.0621
3231,459.8821
3232,435.0621
3233,435.0621
3234,459.8821
3235,459.8821
3236,459.8821
3237,459.8821
3238,435.0621
3239,435.0621
3240,465.16354
3241,460.35354
3242,431.16354
3243,431.16354
3244,431.16354
3245,431.16354
3246,460.35354
3247,465.16354
3248,465.16354
3249,465.16354
3250,465.16354
3251,479.16354
3252,479.16354
3253,479.16354
3254,465.16354
3255,465.16354
3256,465.16354
3257,465.16354
3258,465.16354
3259,465.16354
3260,465.16354
3261,465.16354
3262,465.16354
3263,460.35354
3264,479.2674
3265,460.6674
3266,479.2674
3267,479.2674
3268,479.2674
3269,341.2674
3270,296.2674
3271,341.2674
3272,404.2674
3273,491.2674
3274,479.2674
3275,479.2674
3276,479.2674
3277,479.2674
3278,479.2674
3279,460.6674
3280,460.6674
3281,460.6674
3282,479.2674
3283,479.2674
3284,479.2674
3285,479.2674
3286,479.2674
3287,491.2674
3288,461.56951
3289,461.56951
3290,361.56951
3291,361.56951
3292,361.56951
3293,361.56951
3294,461.56951
3295,479.56951
3296,479.56951
3297,479.56951
3298,479.56951
3299,481.56851
3300,481.56851
3301,481.56851
3302,479.56951
3303,479.56951
3304,479.56951
3305,479.56951
3306,479.56951
3307,481.56851
3308,479.56951
3309,479.56951
3310,479.56951
3311,463.27951
3312,405.04385
3313,333.27985
3314,307.04385
3315,307.04385
3316,333.27985
3317,307.04385
3318,486.04385
3319,405.04385
3320,405.04385
3321,486.04385
3322,480.04385
3323,480.04385
3324,405.04385
3325,405.04385
3326,405.04385
3327,405.04385
3328,405.04385
3329,376.04785
3330,405.04385
3331,405.04385
3332,405.04385
3333,405.04385
3334,405.04385
3335,376.04785
3336,209.06176
3337,230.06176
3338,209.06176
3339,211.06176
3340,209.06176
3341,211.06176
3342,235.20376
3343,259.06176
3344,331.83676
3345,482.06176
3346,482.06176
3347,482.06176
3348,482.06176
3349,465.30176
3350,465.30176
3351,465.30176
3352,465.30176
3353,259.06176
3354,465.30176
3355,482.06176
3356,482.06176
3357,465.30176
3358,459.06076
3359,259.06176
3360,258.0955
3361,258.0955
3362,255.0935
3363,239.6655
3364,283.5295
3365,258.0955
3366,258.0955
3367,332.0955
3368,407.0945
3369,407.0945
3370,407.0945
3371,407.0945
3372,427.0955
3373,427.0955
3374,427.0955
3375,427.0955
3376,407.0945
3377,407.0945
3378,427.0955
3379,427.0955
3380,427.0955
3381,407.0945
3382,407.0945
3383,332.0955
3384,221.13073
3385,221.13073
3386,221.13073
3387,221.13073
3388,221.13073
3389,221.13073
3390,221.13073
3391,238.53873
3392,282.41273
3393,326.13073
3394,326.13073
3395,326.13073
3396,326.13073
3397,326.13073
3398,326.13073
3399,326.13073
3400,326.13073
3401,255.13073
3402,326.13073
3403,326.13073
3404,326.13073
3405,326.13073
3406,255.13073
3407,238.53873
3408,270.93643
3409,270.93643
3410,245.93643
3411,245.93643
3412,245.93643
3413,245.93643
3414,245.93643
3415,270.93643
3416,270.93643
3417,270.93643
3418,305.93643
3419,326.93643
3420,375.93643
3421,375.93643
3422,375.93643
3423,375.93643
3424,326.93643
3425,326.93643
3426,375.93643
3427,375.93643
3428,375.93643
3429,375.93643
3430,326.93643
3431,270.93643
3432,301.16799
3433,301.16799
3434,301.16799
3435,296.16699
3436,296.16699
3437,296.16699
3438,296.16699
3439,301.16799
3440,301.16799
3441,301.16799
3442,301.16799
3443,497.16799
3444,301.16799
3445,301.16799
3446,301.16799
3447,301.16799
3448,301.16799
3449,301.16799
3450,301.16799
3451,497.16799
3452,497.16799
3453,497.16799
3454,497.16799
3455,301.16799
3456,460.90386
3457,455.90386
3458,455.90386
3459,455.90386
3460,455.90386
3461,455.90386
3462,455.90386
3463,455.90386
3464,455.90386
3465,460.90386
3466,460.90386
3467,460.90386
3468,460.90386
3469,495.90386
3470,495.90386
3471,495.90386
3472,495.90386
3473,495.90386
3474,495.90386
3475,497.90386
3476,497.90386
3477,497.90386
3478,495.90386
3479,497.90386
3480,393.38348
3481,304.38348
3482,304.38348
3483,304.38348
3484,304.38348
3485,304.38348
3486,393.38348
3487,526.38348
3488,527.38348
3489,527.38348
3490,527.38348
3491,527.38348
3492,527.38348
3493,527.38348
3494,527.38348
3495,526.38348
3496,526.38348
3497,465.37648
3498,526.38348
3499,527.38348
3500,526.38348
3501,526.38348
3502,506.38348
3503,454.82348
3504,456.3689
3505,350.4689
3506,350.4689
3507,350.4689
3508,350.4689
3509,350.4689
3510,350.4689
3511,456.3089
3512,461.8169
3513,496.3689
3514,497.3689
3515,497.3689
3516,497.3689
3517,497.3689
3518,497.3689
3519,497.3689
3520,496.3689
3521,461.8169
3522,497.3689
3523,497.3689
3524,497.3689
3525,496.3689
3526,456.3689
3527,456.3089
3528,356.04698
3529,356.04698
3530,356.04698
3531,356.04698
3532,356.04698
3533,356.04698
3534,356.04698
3535,521.04698
3536,521.04698
3537,521.04698
3538,521.04698
3539,521.04698
3540,521.04698
3541,521.04698
3542,521.04698
3543,521.04698
3544,455.17698
3545,356.04698
3546,455.17698
3547,521.04698
3548,465.03998
3549,455.17698
3550,465.03998
3551,356.04698
3552,360.8149
3553,360.8149
3554,360.8149
3555,305.8149
3556,305.8149
3557,318.4269
3558,360.8149
3559,373.8139
3560,454.8149
3561,454.8149
3562,454.8149
3563,454.8149
3564,454.8149
3565,454.8149
3566,454.8149
3567,454.8149
3568,454.8149
3569,454.8149
3570,454.8149
3571,454.8149
3572,454.8149
3573,454.8149
3574,454.8149
3575,373.8139
3576,457.98569
3577,294.98569
3578,294.98569
3579,273.38669
3580,252.05369
3581,252.05369
3582,294.98569
3583,294.98569
3584,392.98569
3585,457.98569
3586,457.98569
3587,457.98569
3588,457.98569
3589,457.98569
3590,457.98569
3591,457.98569
3592,457.98569
3593,457.98569
3594,457.98569
3595,457.98569
3596,457.98569
3597,457.98569
3598,565.98569
3599,294.98569
3600,221.22797
3601,270.14297
3602,221.22797
3603,221.22797
3604,221.22797
3605,210.21997
3606,221.21897
3607,221.22797
3608,221.22797
3609,270.14297
3610,336.22797
3611,325.31397
3612,336.22797
3613,298.01497
3614,298.01497
3615,297.73997
3616,297.73997
3617,298.01497
3618,531.32797
3619,531.32797
3620,531.32797
3621,531.32797
3622,336.22797
3623,298.01497
3624,252.18777
3625,252.18777
3626,252.18777
3627,246.20777
3628,252.18777
3629,252.18777
3630,252.18777
3631,293.18777
3632,573.18777
3633,383.18777
3634,383.18777
3635,573.18777
3636,383.18777
3637,383.18777
3638,383.18777
3639,383.18777
3640,400.18777
3641,293.18777
3642,454.99777
3643,568.18777
3644,454.99777
3645,383.18777
3646,383.18777
3647,293.18777
3648,362.12335
3649,362.12335
3650,307.60435
3651,251.12335
3652,251.12335
3653,256.70835
3654,362.12335
3655,377.12335
3656,377.12335
3657,377.12335
3658,377.12335
3659,455.12335
3660,455.12335
3661,455.12335
3662,455.12335
3663,455.12335
3664,377.12335
3665,377.12335
3666,455.12335
3667,455.12335
3668,455.12335
3669,377.12335
3670,377.12335
3671,377.12335
3672,328.96414
3673,256.54914
3674,250.96414
3675,250.96414
3676,250.96414
3677,250.96414
3678,376.96414
3679,376.96414
3680,376.96414
3681,376.96414
3682,376.96414
3683,381.96414
3684,381.96414
3685,381.96414
3686,381.96414
3687,381.96414
3688,376.96414
3689,376.96414
3690,381.96414
3691,381.96414
3692,381.96414
3693,376.96414
3694,376.96414
3695,376.96414
3696,261.00408
3697,261.00408
3698,261.00408
3699,261.00408
3700,261.00408
3701,261.00408
3702,322.00408
3703,325.00408
3704,377.00408
3705,377.00408
3706,377.00408
3707,377.50408
3708,377.50408
3709,377.00408
3710,377.00408
3711,377.00408
3712,377.00408
3713,377.00408
3714,377.00408
3715,429.00408
3716,377.50408
3717,377.00408
3718,377.00408
3719,377.00408
3720,374.90004
3721,374.90004
3722,374.90004
3723,326.90004
3724,321.90004
3725,321.90004
3726,374.90004
3727,377.00004
3728,377.40004
3729,377.90004
3730,374.90004
3731,377.00004
3732,377.90004
3733,377.40004
3734,377.40004
3735,377.90004
3736,377.00004
3737,374.90004
3738,377.40004
3739,377.90004
3740,377.90004
3741,377.00004
3742,374.90004
3743,326.90004
3744,369.80848
3745,327.80848
3746,327.80848
3747,327.80848
3748,327.80848
3749,320.80848
3750,320.80848
3751,327.80848
3752,382.80848
3753,382.80848
3754,434.80848
3755,461.80848
3756,461.80848
3757,434.80848
3758,382.80848
3759,382.80848
3760,382.80848
3761,369.80848
3762,382.80848
3763,434.80848
3764,382.80848
3765,382.80848
3766,369.80848
3767,327.80848
3768,317.896
3769,317.896
3770,317.896
3771,317.896
3772,317.896
3773,317.896
3774,255.807
3775,317.896
3776,317.896
3777,317.896
3778,361.896
3779,361.896
3780,409.896
3781,409.896
3782,361.896
3783,361.896
3784,361.896
3785,330.786
3786,409.896
3787,431.896
3788,431.896
3789,561.996
3790,409.896
3791,361.896
3792,331.83049
3793,331.83049
3794,331.83049
3795,331.83049
3796,331.83049
3797,331.83049
3798,331.83049
3799,418.83049
3800,430.83049
3801,431.83049
3802,441.83049
3803,441.83049
3804,441.83049
3805,441.83049
3806,441.83049
3807,441.83049
3808,441.83049
3809,431.83049
3810,441.83049
3811,441.83049
3812,441.83049
3813,431.83049
3814,431.83049
3815,430.83049
3816,407.66197
3817,407.66197
3818,407.66197
3819,394.73197
3820,407.66197
3821,407.66197
3822,407.66197
3823,421.73197
3824,421.73197
3825,426.83197
3826,426.83197
3827,426.83197
3828,426.83197
3829,426.83197
3830,426.83197
3831,426.83197
3832,426.83197
3833,426.83197
3834,426.83197
3835,426.83197
3836,426.83197
3837,426.83197
3838,426.83197
3839,421.73197
3840,417.71408
3841,407.68408
3842,407.68408
3843,407.68408
3844,407.68408
3845,403.71408
3846,407.68408
3847,420.71408
3848,419.71408
3849,419.71408
3850,419.71408
3851,419.71408
3852,419.71408
3853,419.71408
3854,419.71408
3855,419.71408
3856,419.71408
3857,419.71408
3858,419.71408
3859,419.71408
3860,419.71408
3861,419.71408
3862,420.71408
3863,410.71408
3864,404.18104
3865,398.15104
3866,398.15104
3867,342.18104
3868,342.18104
3869,398.15104
3870,398.15104
3871,404.18104
3872,409.18104
3873,409.18104
3874,409.18104
3875,409.18104
3876,409.18104
3877,413.18104
3878,409.18104
3879,409.18104
3880,409.18104
3881,409.18104
3882,409.18104
3883,409.18104
3884,409.18104
3885,409.18104
3886,404.18104
3887,398.15104
3888,371.79263
3889,371.79263
3890,371.79263
3891,371.79263
3892,366.62263
3893,371.79263
3894,371.79263
3895,371.79263
3896,408.79263
3897,408.79263
3898,408.79263
3899,409.79263
3900,408.79263
3901,408.79263
3902,408.79263
3903,397.79263
3904,397.09263
3905,371.79263
3906,397.09263
3907,397.09263
3908,397.09263
3909,397.09263
3910,397.79263
3911,371.79263
3912,302.31275
3913,302.31275
3914,302.31275
3915,292.31275
3916,292.31275
3917,302.31275
3918,292.31275
3919,352.05275
3920,342.31275
3921,342.31275
3922,372.31275
3923,403.31275
3924,403.31275
3925,403.31275
3926,403.31275
3927,403.31275
3928,366.52275
3929,342.31275
3930,403.31275
3931,403.31275
3932,403.31275
3933,403.31275
3934,342.31275
3935,342.31275
3936,300.8842
3937,300.8842
3938,300.8842
3939,300.8842
3940,257.0862
3941,300.8842
3942,300.8842
3943,300.8842
3944,300.8842
3945,300.8842
3946,300.8842
3947,300.8842
3948,320.8842
3949,320.8842
3950,300.8842
3951,331.8842
3952,300.8842
3953,300.8842
3954,320.8842
3955,320.8842
3956,320.8842
3957,320.8842
3958,320.8842
3959,320.8842
3960,291.03326
3961,291.03326
3962,242.03326
3963,245.75826
3964,211.03326
3965,211.03326
3966,245.75826
3967,245.75826
3968,291.03326
3969,291.03326
3970,291.03326
3971,291.03326
3972,292.03326
3973,292.03326
3974,291.03326
3975,291.03326
3976,291.03326
3977,291.03326
3978,292.03326
3979,342.03326
3980,342.03326
3981,292.03326
3982,291.03326
3983,291.03326
3984,197.831
3985,206.467
3986,197.831
3987,197.831
3988,206.467
3989,197.831
3990,197.831
3991,302.831
3992,272.831
3993,302.831
3994,302.831
3995,362.821
3996,362.821
3997,362.821
3998,302.831
3999,302.831
4000,302.831
4001,302.831
4002,302.831
4003,362.821
4004,302.831
4005,302.831
4006,302.831
4007,248.561
4008,232.40198
4009,262.40198
4010,262.40198
4011,262.40198
4012,262.40198
4013,262.40198
4014,302.40198
4015,270.40198
4016,302.40198
4017,362.39198
4018,362.39198
4019,362.39198
4020,362.39198
4021,362.39198
4022,362.39198
4023,362.39198
4024,362.39198
4025,270.40198
4026,362.39198
4027,362.39198
4028,362.39198
4029,262.40198
4030,270.40198
4031,232.40198
4032,263.23908
4033,263.23908
4034,263.23908
4035,263.23908
4036,263.23908
4037,263.23908
4038,263.23908
4039,263.23908
4040,266.23908
4041,266.23908
4042,266.23908
4043,266.23908
4044,266.23908
4045,266.23908
4046,266.23908
4047,266.23908
4048,266.23908
4049,266.23908
4050,266.23908
4051,266.23908
4052,266.23908
4053,266.23908
4054,266.23908
4055,263.23908
4056,250.27974
4057,250.27974
4058,250.27974
4059,250.27974
4060,250.27974
4061,250.27974
4062,250.27974
4063,251.27974
4064,251.27974
4065,251.27974
4066,251.27974
4067,252.27974
4068,265.27974
4069,265.27974
4070,265.27974
4071,265.27974
4072,252.27974
4073,251.27974
4074,252.27974
4075,265.27974
4076,265.27974
4077,252.27974
4078,251.27974
4079,251.27974
4080,240.11078
4081,240.11078
4082,237.11078
4083,213.11078
4084,213.11078
4085,213.11078
4086,213.11078
4087,240.11078
4088,240.11078
4089,240.11078
4090,249.11078
4091,249.11078
4092,249.11078
4093,249.11078
4094,249.11078
4095,249.11078
4096,240.11078
4097,240.11078
4098,249.11078
4099,249.61078
4100,249.11078
4101,240.11078
4102,240.11078
4103,240.11078
4104,227.46923
4105,227.46923
4106,227.46923
4107,216.96923
4108,216.96923
4109,211.46923
4110,211.46923
4111,216.96923
4112,237.46923
4113,237.46923
4114,242.46923
4115,242.46923
4116,242.46923
4117,242.46923
4118,242.46923
4119,242.46923
4120,242.46923
4121,237.46923
4122,242.46923
4123,242.46923
4124,242.46923
4125,242.46923
4126,242.46923
4127,242.46923
4128,215.29172
4129,215.29172
4130,210.31872
4131,200.45772
4132,200.45772
4133,210.31872
4134,192.29172
4135,215.29172
4136,215.29172
4137,215.29172
4138,215.29172
4139,226.29072
4140,226.29072
4141,226.29072
4142,226.29072
4143,215.29172
4144,222.28872
4145,215.29172
4146,248.29172
4147,252.29172
4148,248.29172
4149,248.29172
4150,226.29072
4151,215.29172
4152,211.90641
4153,211.90641
4154,211.90641
4155,211.90641
4156,211.90641
4157,211.90641
4158,211.90641
4159,231.90741
4160,231.90741
4161,241.90741
4162,242.40741
4163,242.40741
4164,242.40741
4165,242.40741
4166,242.40741
4167,242.40741
4168,242.40741
4169,242.40741
4170,242.40741
4171,291.90741
4172,242.40741
4173,242.40741
4174,242.40741
4175,231.90741
4176,212.40465
4177,212.40465
4178,212.37465
4179,212.37465
4180,212.40465
4181,212.40465
4182,212.40465
4183,213.42465
4184,213.42465
4185,226.92465
4186,230.42465
4187,272.42465
4188,272.42465
4189,272.42465
4190,226.92465
4191,213.42465
4192,212.40465
4193,213.42465
4194,226.92465
4195,230.42465
4196,272.42465
4197,230.42465
4198,226.92465
4199,213.42465
4200,213.69644
4201,197.69644
4202,197.69644
4203,197.69644
4204,197.69644
4205,197.69644
4206,197.69644
4207,214.08744
4208,256.69644
4209,316.69644
4210,276.69644
4211,286.69644
4212,286.69644
4213,286.69644
4214,286.69644
4215,276.69644
4216,276.69644
4217,256.69644
4218,276.69644
4219,276.69644
4220,276.69644
4221,256.69644
4222,246.69644
4223,246.69644
4224,222.91399
4225,222.91399
4226,222.91399
4227,242.91399
4228,222.91399
4229,222.91399
4230,222.91399
4231,242.91399
4232,252.41399
4233,252.41399
4234,262.91399
4235,272.91399
4236,272.91399
4237,272.91399
4238,272.91399
4239,272.91399
4240,262.91399
4241,252.41399
4242,262.91399
4243,272.91399
4244,272.91399
4245,262.91399
4246,252.41399
4247,252.41399
4248,205.79061
4249,205.79061
4250,205.79061
4251,203.95661
4252,205.79061
4253,205.79061
4254,205.79061
4255,207.21461
4256,225.79061
4257,240.79061
4258,275.79061
4259,275.79061
4260,275.79061
4261,275.79061
4262,275.79061
4263,240.79061
4264,255.78861
4265,225.79061
4266,275.79061
4267,275.79061
4268,275.79061
4269,275.79061
4270,240.79061
4271,225.79061
4272,214.11942
4273,214.11942
4274,214.11942
4275,214.11942
4276,205.01542
4277,204.80042
4278,191.66942
4279,191.66942
4280,214.11942
4281,214.11942
4282,214.11942
4283,214.11942
4284,214.11942
4285,214.11942
4286,214.11942
4287,214.11942
4288,214.11942
4289,214.11942
4290,274.16942
4291,234.16942
4292,234.16942
4293,214.11942
4294,214.11942
4295,214.11942
4296,191.56493
4297,191.56493
4298,191.56493
4299,185.56493
4300,185.56493
4301,185.56493
4302,196.90593
4303,191.56493
4304,191.56493
4305,221.56493
4306,221.56493
4307,230.56493
4308,230.56493
4309,230.56493
4310,230.56493
4311,230.56493
4312,230.56493
4313,230.56493
4314,276.56493
4315,281.56493
4316,281.56493
4317,277.56493
4318,276.56493
4319,221.56493
4320,191.07359
4321,191.07359
4322,191.07359
4323,191.07359
4324,191.07359
4325,191.07359
4326,191.07359
4327,195.07259
4328,216.07359
4329,216.07359
4330,216.07359
4331,262.07359
4332,262.07359
4333,262.07359
4334,262.07359
4335,262.07359
4336,216.07359
4337,216.07359
4338,262.07359
4339,272.07359
4340,262.07359
4341,262.07359
4342,216.07359
4343,216.07359
4344,205.16884
4345,210.16884
4346,205.16884
4347,205.16884
4348,205.16884
4349,205.16884
4350,205.16884
4351,210.16884
4352,210.16884
4353,260.16884
4354,260.16884
4355,270.16884
4356,270.16884
4357,270.16884
4358,270.16884
4359,270.16884
4360,260.16884
4361,260.16884
4362,270.16884
4363,270.16884
4364,270.16884
4365,260.16884
4366,210.16884
4367,210.16884
4368,171.60186
4369,171.60186
4370,193.60186
4371,193.60186
4372,193.60186
4373,193.60186
4374,193.60186
4375,193.60186
4376,200.60086
4377,200.60086
4378,208.60186
4379,253.60186
4380,253.60186
4381,208.60186
4382,208.60186
4383,208.60186
4384,208.60186
4385,200.60086
4386,253.60186
4387,253.60186
4388,253.60186
4389,208.60186
4390,200.60086
4391,193.60186
4392,169.23235
4393,169.23235
4394,169.23235
4395,169.23235
4396,169.23235
4397,169.23235
4398,169.23235
4399,190.23135
4400,206.23235
4401,212.23235
4402,212.23235
4403,212.23235
4404,212.23235
4405,212.23235
4406,212.23235
4407,212.23235
4408,212.23235
4409,212.23235
4410,212.23235
4411,236.23235
4412,236.23235
4413,212.23235
4414,212.23235
4415,206.23235
4416,180.19157
4417,180.19157
4418,180.19157
4419,160.19257
4420,160.19257
4421,160.19257
4422,160.19257
4423,179.19257
4424,179.19257
4425,179.19257
4426,179.19257
4427,180.19157
4428,180.19157
4429,180.19157
4430,180.19157
4431,179.19257
4432,179.19257
4433,179.19257
4434,187.19257
4435,235.19257
4436,187.19257
4437,180.19157
4438,179.19257
4439,160.19257
4440,137.29608
4441,137.29608
4442,137.29608
4443,137.29608
4444,142.49508
4445,136.49508
4446,121.51508
4447,121.51508
4448,142.49508
4449,167.51508
4450,167.51508
4451,167.51508
4452,167.51508
4453,167.51508
4454,167.51508
4455,167.51508
4456,167.51508
4457,167.51508
4458,167.51508
4459,236.51508
4460,236.51508
4461,236.51508
4462,167.51508
4463,167.51508
4464,89.43026
4465,89.43026
4466,91.12526
4467,91.12526
4468,91.12526
4469,91.12526
4470,91.12526
4471,142.10526
4472,158.12526
4473,158.12526
4474,158.12526
4475,158.12526
4476,158.12526
4477,158.12526
4478,211.12526
4479,211.12526
4480,211.12526
4481,158.12526
4482,158.12526
4483,158.12526
4484,158.12526
4485,158.12526
4486,158.12526
4487,211.12526
4488,86.14251
4489,86.14251
4490,86.14251
4491,86.14251
4492,86.14251
4493,86.14251
4494,86.14251
4495,129.90751
4496,170.90751
4497,210.90751
4498,210.90751
4499,210.90751
4500,210.90751
4501,210.90751
4502,210.90751
4503,210.90751
4504,170.90751
4505,129.90751
4506,170.90751
4507,210.90751
4508,170.90751
4509,141.88751
4510,129.90751
4511,90.21251
4512,91.73684
4513,91.73684
4514,91.73684
4515,95.73684
4516,95.73684
4517,95.73684
4518,95.73684
4519,95.73684
4520,181.73684
4521,181.73684
4522,181.73684
4523,181.73684
4524,191.73684
4525,191.73684
4526,191.73684
4527,191.73684
4528,181.73684
4529,191.73684
4530,181.73684
4531,191.73684
4532,181.73684
4533,181.73684
4534,142.71684
4535,95.73684
4536,93.03862
4537,93.03862
4538,93.03862
4539,93.03862
4540,93.03862
4541,93.03862
4542,102.53862
4543,102.53862
4544,102.53862
4545,102.53862
4546,102.53862
4547,120.53862
4548,162.53862
4549,272.53862
4550,272.53862
4551,162.53862
4552,120.53862
4553,162.53862
4554,182.53862
4555,182.53862
4556,182.53862
4557,182.53862
4558,182.53862
4559,120.53862
4560,99.24967
4561,116.34967
4562,99.24967
4563,116.34967
4564,116.34967
4565,99.24967
4566,111.34967
4567,116.34967
4568,181.34967
4569,181.34967
4570,181.34967
4571,191.24967
4572,191.24967
4573,181.34967
4574,191.24967
4575,191.24967
4576,181.34967
4577,121.34967
4578,181.34967
4579,181.34967
4580,181.34967
4581,181.34967
4582,121.34967
4583,116.34967
4584,100.7728
4585,100.7728
4586,100.7728
4587,100.7728
4588,100.7728
4589,100.7728
4590,100.7728
4591,100.7728
4592,119.2728
4593,119.2728
4594,179.7728
4595,179.7728
4596,190.6728
4597,179.7728
4598,179.7728
4599,119.2728
4600,119.2728
4601,119.2728
4602,179.7728
4603,180.7728
4604,179.7728
4605,119.2728
4606,109.7728
4607,100.7728
4608,103.38642
4609,103.38642
4610,103.38642
4611,103.38642
4612,103.38642
4613,103.38642
4614,103.38642
4615,103.38642
4616,103.88642
4617,103.88642
4618,103.88642
4619,107.88642
4620,107.88642
4621,107.88642
4622,107.88642
4623,107.88642
4624,103.88642
4625,103.88642
4626,181.88642
4627,182.88642
4628,182.88642
4629,181.88642
4630,123.88642
4631,103.88642
4632,86.96146
4633,105.22646
4634,105.22646
4635,105.22646
4636,101.72646
4637,101.72646
4638,101.72646
4639,105.22646
4640,105.72646
4641,161.72646
4642,176.62646
4643,176.62646
4644,176.62646
4645,176.62646
4646,176.62646
4647,176.62646
4648,176.62646
4649,176.62646
4650,176.62646
4651,176.62646
4652,176.62646
4653,176.62646
4654,142.70646
4655,105.72646
4656,98.58544
4657,98.58544
4658,98.58544
4659,85.82044
4660,98.58544
4661,98.58544
4662,99.58544
4663,135.08544
4664,135.08544
4665,135.08544
4666,135.08544
4667,159.48544
4668,159.48544
4669,159.48544
4670,190.58544
4671,159.48544
4672,159.48544
4673,159.48544
4674,159.48544
4675,179.58544
4676,179.58544
4677,159.48544
4678,149.82644
4679,135.08544
4680,121.06784
4681,121.06784
4682,121.06784
4683,121.06784
4684,121.06784
4685,121.06784
4686,121.06784
4687,121.06784
4688,136.06784
4689,136.06784
4690,139.56784
4691,191.06784
4692,191.06784
4693,187.06784
4694,187.06784
4695,139.56784
4696,139.56784
4697,136.06784
4698,187.06784
4699,191.06784
4700,191.06784
4701,187.06784
4702,139.56784
4703,121.06784
4704,122.43576
4705,122.43576
4706,122.43576
4707,122.43576
4708,122.43576
4709,122.43576
4710,122.43576
4711,122.43576
4712,140.43576
4713,144.93576
4714,144.93576
4715,175.43576
4716,175.43576
4717,175.43576
4718,175.43576
4719,175.43576
4720,175.43576
4721,144.93576
4722,175.43576
4723,175.43576
4724,175.43576
4725,144.93576
4726,140.43576
4727,130.43576
4728,132.04658
4729,126.04658
4730,136.04658
4731,101.04658
4732,136.04658
4733,126.04658
4734,126.04658
4735,132.04658
4736,132.04658
4737,132.04658
4738,132.04658
4739,136.04658
4740,191.04658
4741,191.04658
4742,191.04658
4743,150.28758
4744,140.04558
4745,150.28758
4746,136.04658
4747,191.04658
4748,150.28758
4749,140.04558
4750,132.04658
4751,132.04658
4752,119.08628
4753,119.08628
4754,119.08628
4755,119.08628
4756,119.08628
4757,119.08628
4758,119.08628
4759,119.08628
4760,130.08628
4761,132.58628
4762,132.58628
4763,151.08628
4764,151.08628
4765,151.08628
4766,151.08628
4767,151.08628
4768,132.58628
4769,132.58628
4770,151.08628
4771,151.08628
4772,151.08628
4773,132.58628
4774,130.08628
4775,119.08628
4776,125.53589
4777,125.53589
4778,125.53589
4779,125.53589
4780,125.53589
4781,125.53589
4782,125.53589
4783,125.53589
4784,125.53589
4785,125.53589
4786,125.53589
4787,135.85689
4788,135.85689
4789,135.85689
4790,135.85689
4791,135.85689
4792,135.85689
4793,125.53589
4794,135.85689
4795,135.85689
4796,135.85689
4797,135.85689
4798,135.85689
4799,125.53589
4800,152.42101
4801,152.42101
4802,152.42101
4803,145.42101
4804,145.42101
4805,145.42101
4806,145.42101
4807,145.42101
4808,152.42101
4809,160.42101
4810,160.42101
4811,160.42101
4812,160.42101
4813,160.42101
4814,160.42101
4815,160.42101
4816,160.42101
4817,152.42101
4818,160.42101
4819,160.42101
4820,160.42101
4821,160.42101
4822,160.42101
4823,152.42101
4824,150.92258
4825,150.92258
4826,150.92258
4827,150.92258
4828,150.92258
4829,150.92258
4830,150.92258
4831,160.74358
4832,160.74358
4833,160.74358
4834,168.42258
4835,175.42258
4836,175.42258
4837,175.42258
4838,175.42258
4839,168.42258
4840,168.42258
4841,160.74358
4842,168.42258
4843,175.42258
4844,168.42258
4845,160.74358
4846,160.74358
4847,158.42158
4848,155.58556
4849,155.58556
4850,162.08556
4851,152.58556
4852,152.58556
4853,152.58556
4854,155.58556
4855,166.58556
4856,173.58556
4857,173.58556
4858,175.58556
4859,171.08556
4860,173.58556
4861,173.58556
4862,173.58556
4863,173.58556
4864,171.08556
4865,171.08556
4866,171.08556
4867,173.58556
4868,173.58556
4869,171.08556
4870,171.08556
4871,166.58556
4872,165.91259
4873,165.91259
4874,165.91259
4875,165.91259
4876,165.91259
4877,165.91259
4878,165.91259
4879,169.91259
4880,169.91259
4881,169.91259
4882,169.91259
4883,175.41259
4884,180.41259
4885,180.41259
4886,180.41259
4887,180.41259
4888,175.41259
4889,169.91259
4890,180.41259
4891,190.41259
4892,180.41259
4893,180.41259
4894,169.91259
4895,168.41159
4896,174.21604
4897,174.21604
4898,174.21604
4899,174.21604
4900,174.21604
4901,174.21604
4902,174.21604
4903,177.33004
4904,177.33004
4905,211.21604
4906,177.33004
4907,177.33004
4908,177.33004
4909,177.33004
4910,177.33004
4911,177.33004
4912,177.33004
4913,176.21604
4914,177.33004
4915,177.33004
4916,177.33004
4917,177.33004
4918,176.21604
4919,170.21604
4920,174.71106
4921,174.71106
4922,171.71106
4923,171.71106
4924,171.71106
4925,171.71106
4926,171.71106
4927,174.71106
4928,183.71106
4929,183.71106
4930,189.71106
4931,189.71106
4932,189.71106
4933,189.71106
4934,189.71106
4935,189.71106
4936,183.71106
4937,183.71106
4938,189.71106
4939,189.71106
4940,189.71106
4941,189.71106
4942,183.71106
4943,174.71106
4944,176.21176
4945,176.21176
4946,176.21176
4947,176.21176
4948,176.21176
4949,176.21176
4950,176.21176
4951,176.21176
4952,176.21176
4953,177.31176
4954,177.31176
4955,177.31176
4956,177.31176
4957,177.31176
4958,177.31176
4959,177.31176
4960,177.31176
4961,177.31176
4962,181.42576
4963,185.21176
4964,185.21176
4965,181.42576
4966,181.42576
4967,177.31176
4968,111.18481
4969,111.18481
4970,111.18481
4971,111.18481
4972,111.18481
4973,111.18481
4974,111.18481
4975,117.18481
4976,172.29881
4977,172.29881
4978,172.29881
4979,185.08481
4980,192.18481
4981,185.08481
4982,192.18481
4983,172.29881
4984,172.29881
4985,172.29881
4986,185.08481
4987,192.18481
4988,192.18481
4989,172.29881
4990,172.29881
4991,148.16481
4992,102.30259
4993,102.30259
4994,102.30259
4995,102.30259
4996,102.30259
4997,111.30259
4998,111.30259
4999,137.30259
5000,137.30259
5001,137.30259
5002,175.30259
5003,175.30259
5004,175.30259
5005,175.30259
5006,175.30259
5007,175.30259
5008,175.30259
5009,185.20259
5010,175.30259
5011,175.30259
5012,175.30259
5013,175.30259
5014,175.30259
5015,137.30259
5016,130.89438
5017,106.89538
5018,139.39538
5019,139.39538
5020,139.39538
5021,139.39538
5022,139.39538
5023,144.89538
5024,144.89538
5025,148.00938
5026,148.00938
5027,148.00938
5028,167.89538
5029,148.00938
5030,148.00938
5031,148.00938
5032,148.00938
5033,144.89538
5034,148.00938
5035,148.00938
5036,148.00938
5037,148.00938
5038,144.89538
5039,144.89538
5040,100.67156
5041,100.67156
5042,100.67156
5043,100.67156
5044,100.67156
5045,100.67156
5046,100.67156
5047,135.67156
5048,140.67156
5049,140.67156
5050,140.67156
5051,140.67156
5052,167.67156
5053,167.67156
5054,167.67156
5055,144.89956
5056,140.67156
5057,140.67156
5058,140.67156
5059,167.67156
5060,167.67156
5061,140.67156
5062,140.67156
5063,135.67156
5064,87.7487
5065,87.7487
5066,87.7487
5067,87.7487
5068,87.7487
5069,87.7487
5070,87.7487
5071,100.7487
5072,122.7287
5073,130.2487
5074,135.7487
5075,135.7487
5076,135.7487
5077,135.7487
5078,136.7487
5079,135.7487
5080,130.2487
5081,130.2487
5082,135.7487
5083,135.7487
5084,135.7487
5085,136.7487
5086,130.2487
5087,100.7487
5088,130.07463
5089,130.07463
5090,130.07463
5091,130.07463
5092,127.07463
5093,130.07463
5094,130.07463
5095,105.07463
5096,127.07463
5097,132.07463
5098,132.07463
5099,141.97463
5100,147.07463
5101,132.07463
5102,132.07463
5103,132.07463
5104,130.07463
5105,132.07463
5106,132.07463
5107,147.07463
5108,132.07463
5109,132.07463
5110,132.07463
5111,130.07463
5112,129.30531
5113,129.30531
5114,129.30531
5115,129.30531
5116,129.30531
5117,122.30531
5118,122.30531
5119,129.30531
5120,129.30531
5121,129.30531
5122,129.30531
5123,129.30531
5124,132.30531
5125,132.30531
5126,132.30531
5127,132.30531
5128,132.30531
5129,160.80531
5130,132.30531
5131,132.30531
5132,132.30531
5133,132.30531
5134,132.30531
5135,129.30531
5136,108.95745
5137,103.95745
5138,103.95745
5139,103.95745
5140,103.95745
5141,108.95745
5142,108.95745
5143,125.95745
5144,165.85745
5145,165.85745
5146,165.85745
5147,165.95745
5148,165.95745
5149,165.95745
5150,165.95745
5151,165.95745
5152,165.85745
5153,160.95745
5154,165.85745
5155,165.95745
5156,165.95745
5157,165.95745
5158,165.85745
5159,160.95745
5160,130.42215
5161,130.42215
5162,130.42215
5163,130.42215
5164,130.42215
5165,141.42215
5166,136.42215
5167,141.42215
5168,136.42215
5169,136.42215
5170,171.32215
5171,171.32215
5172,171.32215
5173,171.32215
5174,171.32215
5175,171.32215
5176,141.42215
5177,160.42215
5178,171.32215
5179,177.42215
5180,177.42215
5181,171.32215
5182,154.42215
5183,136.42215
5184,135.03799
5185,135.03799
5186,135.03799
5187,135.03799
5188,135.03799
5189,135.03799
5190,135.03799
5191,135.03799
5192,135.03799
5193,136.03799
5194,140.03799
5195,154.53799
5196,158.03799
5197,158.03799
5198,158.03799
5199,158.03799
5200,159.03799
5201,136.03799
5202,140.03799
5203,158.03799
5204,159.03799
5205,140.03799
5206,136.03799
5207,136.03799
5208,131.99759
5209,131.99759
5210,131.99759
5211,131.99759
5212,131.99759
5213,131.99759
5214,131.99759
5215,140.99759
5216,157.99659
5217,157.99659
5218,157.99659
5219,184.99759
5220,184.99759
5221,184.99759
5222,184.99759
5223,184.99759
5224,184.99759
5225,157.99659
5226,184.99759
5227,185.99759
5228,184.99759
5229,184.99759
5230,140.97759
5231,131.99759
5232,159.69718
5233,159.69718
5234,159.69718
5235,146.69718
5236,146.69718
5237,146.69718
5238,146.69718
5239,146.69718
5240,159.69718
5241,159.69718
5242,159.69718
5243,186.09718
5244,186.09718
5245,186.09718
5246,186.09718
5247,186.09718
5248,186.09718
5249,159.69718
5250,202.69718
5251,202.69718
5252,202.69718
5253,202.69718
5254,186.09718
5255,159.69718
5256,186.94928
5257,186.44928
5258,186.44928
5259,186.44928
5260,186.44928
5261,186.44928
5262,186.44928
5263,186.94928
5264,186.94928
5265,186.94928
5266,196.44928
5267,196.44928
5268,196.44928
5269,196.44928
5270,196.44928
5271,196.44928
5272,196.44928
5273,196.44928
5274,196.44928
5275,196.44928
5276,196.44928
5277,196.44928
5278,186.94928
5279,186.94928
5280,203.57534
5281,203.57534
5282,203.57534
5283,203.57534
5284,203.57534
5285,190.57534
5286,175.57534
5287,133.57534
5288,175.57534
5289,203.57534
5290,205.57534
5291,205.57534
5292,209.57534
5293,205.57534
5294,205.57534
5295,205.57534
5296,205.57534
5297,205.57534
5298,210.77534
5299,210.77534
5300,210.77534
5301,210.77534
5302,210.77534
5303,205.57534
5304,129.36541
5305,165.36541
5306,129.36541
5307,129.36541
5308,129.36541
5309,165.36541
5310,148.63341
5311,180.36541
5312,209.36541
5313,220.36541
5314,220.36541
5315,220.36541
5316,230.36541
5317,230.36541
5318,230.36541
5319,230.36541
5320,220.36541
5321,220.36541
5322,220.36541
5323,230.36541
5324,230.36541
5325,220.36541
5326,220.36541
5327,202.36541
5328,160.55588
5329,160.55588
5330,160.55588
5331,160.55588
5332,160.55588
5333,160.55588
5334,219.05488
5335,189.05588
5336,189.05588
5337,219.05488
5338,219.85588
5339,219.85588
5340,219.85588
5341,219.85588
5342,219.85588
5343,219.85588
5344,219.85588
5345,219.05488
5346,219.85588
5347,219.85588
5348,219.85588
5349,219.85588
5350,219.05488
5351,189.05588
5352,175.26428
5353,175.36428
5354,145.36428
5355,145.36428
5356,175.26428
5357,175.26428
5358,175.26428
5359,175.26428
5360,187.86428
5361,187.86428
5362,187.86428
5363,199.36428
5364,199.36428
5365,199.36428
5366,199.36428
5367,199.36428
5368,199.36428
5369,187.86428
5370,215.36428
5371,215.36428
5372,215.36428
5373,187.86428
5374,187.86428
5375,175.36428
5376,169.64362
5377,169.64362
5378,171.14362
5379,140.64362
5380,140.64362
5381,169.64362
5382,169.64362
5383,169.64362
5384,169.64362
5385,185.64262
5386,200.64362
5387,200.64362
5388,200.64362
5389,200.64362
5390,200.64362
5391,200.64362
5392,200.64362
5393,185.64262
5394,200.64362
5395,200.64362
5396,200.64362
5397,185.64262
5398,169.64362
5399,169.64362
5400,160.73082
5401,160.73082
5402,160.73082
5403,160.73082
5404,160.73082
5405,160.73082
5406,160.73082
5407,165.23082
5408,180.23082
5409,175.22982
5410,180.23082
5411,180.23082
5412,180.23082
5413,180.23082
5414,180.23082
5415,180.23082
5416,175.22982
5417,165.23082
5418,175.22982
5419,180.23082
5420,175.22982
5421,175.22982
5422,165.23082
5423,160.73082
5424,139.88683
5425,139.88683
5426,139.88683
5427,139.88683
5428,139.88683
5429,139.88683
5430,139.88683
5431,139.88683
5432,139.88683
5433,161.88683
5434,161.88683
5435,161.88683
5436,161.88683
5437,161.88683
5438,161.88683
5439,161.88683
5440,161.88683
5441,161.88683
5442,161.88683
5443,180.88683
5444,180.88683
5445,161.88683
5446,161.88683
5447,139.88683
5448,145.34606
5449,145.34606
5450,145.24606
5451,145.24606
5452,145.24606
5453,145.24606
5454,145.24606
5455,145.24606
5456,145.34606
5457,145.34606
5458,145.34606
5459,145.34606
5460,145.34606
5461,145.34606
5462,145.34606
5463,145.34606
5464,145.34606
5465,145.34606
5466,160.34506
5467,180.34606
5468,180.34606
5469,160.34506
5470,145.34606
5471,145.34606
5472,160.37957
5473,160.37957
5474,160.37957
5475,160.37957
5476,158.37857
5477,158.37857
5478,148.27957
5479,160.37957
5480,160.37957
5481,160.37957
5482,170.27957
5483,179.37957
5484,179.37957
5485,179.37957
5486,179.37957
5487,179.37957
5488,170.27957
5489,170.27957
5490,191.37957
5491,191.37957
5492,191.37957
5493,191.37957
5494,179.37957
5495,160.37957
5496,144.99113
5497,144.99113
5498,144.99113
5499,144.99113
5500,144.99113
5501,144.99113
5502,153.09113
5503,153.09113
5504,168.09013
5505,169.99113
5506,180.09113
5507,180.09113
5508,180.09113
5509,180.09113
5510,180.09113
5511,180.09113
5512,180.09113
5513,180.09113
5514,180.09113
5515,180.09113
5516,180.09113
5517,169.99113
5518,168.09013
5519,153.09113
5520,139.31084
5521,139.31084
5522,139.31084
5523,139.31084
5524,139.31084
5525,139.31084
5526,139.31084
5527,139.31084
5528,153.91084
5529,153.91084
5530,153.91084
5531,153.91084
5532,153.91084
5533,153.91084
5534,153.91084
5535,153.91084
5536,153.91084
5537,153.91084
5538,153.91084
5539,209.91084
5540,153.91084
5541,153.91084
5542,153.91084
5543,139.31084
5544,134.17505
5545,134.17505
5546,134.17505
5547,134.17505
5548,134.17505
5549,134.17505
5550,134.97505
5551,155.17505
5552,155.17505
5553,155.17505
5554,161.47505
5555,161.47505
5556,161.47505
5557,161.47505
5558,161.47505
5559,161.47505
5560,155.17505
5561,155.17505
5562,161.47505
5563,161.47505
5564,161.47505
5565,155.17505
5566,155.17505
5567,149.67505
5568,138.31299
5569,138.31299
5570,138.31299
5571,138.31299
5572,137.31299
5573,138.31299
5574,139.31299
5575,139.31299
5576,139.31299
5577,147.31299
5578,147.31299
5579,152.21299
5580,152.21299
5581,152.21299
5582,152.21299
5583,152.21299
5584,152.21299
5585,147.31299
5586,152.21299
5587,152.21299
5588,152.21299
5589,152.21299
5590,147.31299
5591,139.31299
5592,140.37379
5593,140.37379
5594,140.37379
5595,140.37379
5596,140.37379
5597,140.37379
5598,140.37379
5599,140.37379
5600,141.08379
5601,141.08379
5602,141.08379
5603,170.38379
5604,170.38379
5605,170.38379
5606,170.38379
5607,141.08379
5608,141.08379
5609,141.08379
5610,141.08379
5611,170.38379
5612,199.38379
5613,141.08379
5614,141.08379
5615,140.37379
5616,141.17602
5617,141.17602
5618,141.17602
5619,141.17602
5620,141.17602
5621,141.17602
5622,138.97602
5623,141.17602
5624,141.17602
5625,141.17602
5626,141.17602
5627,141.17602
5628,170.07602
5629,170.07602
5630,141.17602
5631,141.17602
5632,141.17602
5633,141.17602
5634,170.07602
5635,180.07602
5636,180.07602
5637,170.07602
5638,141.17602
5639,141.17602
5640,101.24636
5641,101.24636
5642,144.24636
5643,134.84836
5644,141.24636
5645,141.24636
5646,141.24636
5647,144.24636
5648,146.54636
5649,146.54636
5650,146.54636
5651,156.14636
5652,156.14636
5653,156.14636
5654,156.14636
5655,156.14636
5656,146.54636
5657,146.54636
5658,156.14636
5659,176.24636
5660,176.24636
5661,146.54636
5662,146.54636
5663,144.24636
5664,140.0929
5665,140.0929
5666,140.0929
5667,140.0929
5668,140.0929
5669,140.0929
5670,140.0929
5671,140.0929
5672,148.0929
5673,148.0929
5674,148.0929
5675,148.0929
5676,148.0929
5677,148.0929
5678,148.0929
5679,148.0929
5680,148.0929
5681,148.0929
5682,157.1929
5683,157.1929
5684,157.1929
5685,148.0929
5686,148.0929
5687,140.0929
5688,81.84998
5689,86.89298
5690,86.89298
5691,86.89298
5692,130.43898
5693,86.89298
5694,135.39298
5695,143.49298
5696,143.49298
5697,143.49298
5698,149.59298
5699,149.59298
5700,160.39298
5701,149.59298
5702,149.59298
5703,149.59298
5704,149.59298
5705,149.59298
5706,160.39298
5707,170.39298
5708,160.39298
5709,149.59298
5710,170.39298
5711,143.49298
5712,109.15003
5713,128.15003
5714,128.15003
5715,109.15003
5716,109.15003
5717,128.15003
5718,137.15003
5719,146.15003
5720,157.15003
5721,157.15003
5722,157.15003
5723,157.15003
5724,170.15003
5725,170.15003
5726,169.05003
5727,157.15003
5728,157.15003
5729,157.15003
5730,165.15003
5731,165.15003
5732,165.15003
5733,157.15003
5734,157.15003
5735,137.15003
5736,129.92245
5737,144.44245
5738,124.94245
5739,124.94245
5740,124.94245
5741,144.44245
5742,153.98845
5743,156.94245
5744,156.94245
5745,157.94245
5746,163.94245
5747,163.94245
5748,163.94245
5749,163.94245
5750,163.94245
5751,163.94245
5752,163.94245
5753,157.94245
5754,163.94245
5755,163.94245
5756,163.94245
5757,163.94245
5758,157.94245
5759,156.94245
5760,163.71562
5761,146.71562
5762,146.71562
5763,146.71562
5764,146.71562
5765,146.71562
5766,146.71562
5767,146.71562
5768,146.71562
5769,163.71562
5770,163.71562
5771,163.71562
5772,163.71562
5773,163.71562
5774,163.71562
5775,163.71562
5776,163.71562
5777,163.71562
5778,163.71562
5779,163.71562
5780,163.71562
5781,163.71562
5782,146.71562
5783,146.71562
5784,154.39529
5785,154.39529
5786,154.39529
5787,146.39529
5788,146.39529
5789,147.39529
5790,147.39529
5791,147.39529
5792,147.39529
5793,147.39529
5794,147.39529
5795,154.39529
5796,154.39529
5797,154.39529
5798,154.39529
5799,154.39529
5800,154.39529
5801,147.39529
5802,154.39529
5803,154.39529
5804,154.39529
5805,154.39529
5806,147.39529
5807,147.39529
5808,82.43914
5809,82.43914
5810,82.43914
5811,82.43914
5812,82.43914
5813,82.43914
5814,82.43914
5815,144.98114
5816,146.48214
5817,161.98214
5818,161.98214
5819,161.98214
5820,161.98214
5821,161.98214
5822,161.98214
5823,161.98214
5824,161.98214
5825,161.98214
5826,161.98214
5827,161.98214
5828,161.98214
5829,161.98214
5830,146.48214
5831,130.96214
5832,144.55633
5833,144.55633
5834,144.55633
5835,144.55633
5836,144.55633
5837,144.55633
5838,146.55633
5839,165.55633
5840,165.55633
5841,165.55633
5842,165.55633
5843,165.55633
5844,165.55633
5845,185.55633
5846,185.55633
5847,185.55633
5848,165.55633
5849,165.55633
5850,185.55633
5851,185.55633
5852,165.55633
5853,165.55633
5854,165.55633
5855,165.55633
5856,159.5479
5857,159.5479
5858,159.5479
5859,159.5479
5860,159.5479
5861,159.5479
5862,159.5479
5863,168.5479
5864,179.4479
5865,178.5479
5866,179.4479
5867,179.4479
5868,179.4479
5869,179.4479
5870,179.4479
5871,179.4479
5872,179.4479
5873,178.5479
5874,179.4479
5875,179.4479
5876,179.4479
5877,178.5479
5878,168.5479
5879,159.5479
5880,164.58331
5881,164.58331
5882,164.58331
5883,164.58331
5884,164.58331
5885,164.58331
5886,164.58331
5887,164.58331
5888,164.58331
5889,164.58331
5890,179.52331
5891,179.52331
5892,179.52331
5893,179.52331
5894,179.52331
5895,179.52331
5896,179.52331
5897,167.58331
5898,179.52331
5899,179.52331
5900,179.52331
5901,167.58331
5902,167.58331
5903,167.58331
5904,162.52936
5905,162.52936
5906,162.52936
5907,162.52936
5908,162.52936
5909,162.52936
5910,162.52936
5911,166.02936
5912,166.02936
5913,166.52936
5914,166.52936
5915,167.52936
5916,167.52936
5917,177.52936
5918,167.52936
5919,167.52936
5920,166.52936
5921,166.02936
5922,167.52936
5923,167.52936
5924,167.52936
5925,166.52936
5926,166.02936
5927,162.52936
5928,165.34032
5929,165.34032
5930,165.34032
5931,165.34032
5932,165.34032
5933,165.34032
5934,165.34032
5935,165.34032
5936,165.34032
5937,166.84032
5938,166.84032
5939,166.84032
5940,166.84032
5941,166.84032
5942,166.84032
5943,166.84032
5944,166.84032
5945,166.84032
5946,172.34032
5947,210.34032
5948,172.34032
5949,166.84032
5950,166.84032
5951,165.34032
5952,163.73032
5953,163.73032
5954,163.73032
5955,163.73032
5956,163.73032
5957,163.73032
5958,114.73032
5959,163.73032
5960,163.73032
5961,163.73032
5962,163.73032
5963,163.73032
5964,165.03032
5965,165.03032
5966,165.03032
5967,165.03032
5968,163.73032
5969,163.73032
5970,165.03032
5971,165.23032
5972,165.03032
5973,165.03032
5974,165.03032
5975,163.73032
5976,154.7674
5977,154.7674
5978,154.7674
5979,154.7674
5980,154.7674
5981,154.7674
5982,163.7674
5983,166.7674
5984,166.7674
5985,167.2674
5986,167.2674
5987,169.7674
5988,170.5674
5989,170.5674
5990,170.5674
5991,170.5674
5992,169.7674
5993,166.7674
5994,169.7674
5995,170.5674
5996,169.7674
5997,167.2674
5998,166.7674
5999,163.7674
6000,155.77375
6001,155.77375
6002,155.77375
6003,155.77375
6004,155.77375
6005,155.77375
6006,155.77375
6007,161.77375
6008,169.77375
6009,169.77375
6010,169.77375
6011,169.77375
6012,169.77375
6013,169.77375
6014,169.77375
6015,169.77375
6016,169.77375
6017,169.77375
6018,169.77375
6019,169.77375
6020,169.77375
6021,169.77375
6022,160.27375
6023,155.77375
6024,112.98391
6025,93.89891
6026,93.89891
6027,93.89891
6028,93.89891
6029,112.98391
6030,155.88391
6031,155.98391
6032,155.98391
6033,155.98391
6034,162.18391
6035,162.18391
6036,162.18391
6037,162.18391
6038,162.18391
6039,162.18391
6040,162.18391
6041,155.98391
6042,162.18391
6043,162.18391
6044,162.18391
6045,155.98391
6046,155.98391
6047,155.98391
6048,121.63239
6049,121.63239
6050,130.63239
6051,121.63239
6052,121.63239
6053,130.63239
6054,130.63239
6055,148.94739
6056,151.63239
6057,151.63239
6058,151.63239
6059,162.13239
6060,162.13239
6061,162.13239
6062,162.13239
6063,162.13239
6064,162.13239
6065,151.63239
6066,162.13239
6067,162.13239
6068,162.13239
6069,151.63239
6070,151.63239
6071,130.63239
6072,136.87855
6073,138.37855
6074,133.89855
6075,133.89855
6076,133.89855
6077,138.37855
6078,149.99855
6079,149.99855
6080,151.89855
6081,151.89855
6082,151.89855
6083,151.89855
6084,151.89855
6085,166.89855
6086,164.89855
6087,164.89855
6088,151.89855
6089,151.89855
6090,151.89855
6091,151.89855
6092,151.89855
6093,151.89855
6094,150.89855
6095,149.99855
6096,140.80655
6097,140.80655
6098,140.80655
6099,140.80655
6100,140.80655
6101,140.80655
6102,140.80655
6103,142.80655
6104,160.80655
6105,160.80655
6106,160.80655
6107,163.80655
6108,163.80655
6109,163.80655
6110,165.80655
6111,160.80655
6112,160.80655
6113,160.80655
6114,163.80655
6115,164.80655
6116,163.80655
6117,160.80655
6118,160.80655
6119,140.80655
6120,135.21315
6121,136.73315
6122,136.73315
6123,136.71315
6124,136.71315
6125,136.71315
6126,130.73315
6127,135.21315
6128,136.73315
6129,136.73315
6130,139.23315
6131,139.23315
6132,139.23315
6133,139.23315
6134,139.23315
6135,139.23315
6136,139.23315
6137,139.23315
6138,160.23315
6139,160.23315
6140,160.23315
6141,160.23315
6142,145.23315
6143,139.23315
6144,95.07923
6145,95.08023
6146,95.07923
6147,95.07923
6148,95.08023
6149,133.66623
6150,133.66623
6151,140.64623
6152,149.06623
6153,149.06623
6154,149.06623
6155,159.16623
6156,159.16623
6157,159.16623
6158,159.16623
6159,159.16623
6160,159.16623
6161,149.06623
6162,159.16623
6163,159.16623
6164,159.16623
6165,159.16623
6166,149.06623
6167,149.06623
6168,140.75193
6169,145.27193
6170,145.27193
6171,145.27193
6172,145.27193
6173,149.77193
6174,149.77193
6175,161.77193
6176,161.77193
6177,162.77193
6178,162.77193
6179,174.77193
6180,174.77193
6181,174.77193
6182,174.77193
6183,174.77193
6184,162.77193
6185,161.77193
6186,174.77193
6187,174.77193
6188,174.77193
6189,162.77193
6190,161.77193
6191,149.77193
6192,153.67676
6193,153.67676
6194,153.67676
6195,153.67676
6196,153.67676
6197,153.67676
6198,156.17676
6199,161.67676
6200,163.67676
6201,156.27676
6202,160.67676
6203,163.67676
6204,163.67676
6205,163.67676
6206,163.67676
6207,163.67676
6208,163.67676
6209,160.67676
6210,163.67676
6211,163.67676
6212,163.67676
6213,160.67676
6214,156.27676
6215,156.27676
6216,87.52583
6217,87.52583
6218,87.52583
6219,87.52583
6220,87.52583
6221,87.52583
6222,92.44683
6223,138.01383
6224,154.53383
6225,150.10283
6226,163.53383
6227,171.63383
6228,171.63383
6229,171.63383
6230,171.63383
6231,171.63383
6232,163.53383
6233,154.53383
6234,171.63383
6235,171.63383
6236,171.63383
6237,154.53383
6238,154.53383
6239,92.44783
6240,160.60235
6241,160.60235
6242,160.60235
6243,160.60235
6244,160.60235
6245,153.10235
6246,153.10235
6247,160.60235
6248,162.60235
6249,162.60235
6250,162.60235
6251,167.71635
6252,167.71635
6253,167.71635
6254,167.71635
6255,167.71635
6256,162.60235
6257,162.60235
6258,167.71635
6259,167.71635
6260,167.71635
6261,162.60235
6262,162.60235
6263,160.60235
6264,118.92635
6265,118.92635
6266,118.92635
6267,118.92635
6268,118.92635
6269,142.40635
6270,142.40635
6271,158.92635
6272,166.04035
6273,166.04035
6274,185.92635
6275,185.92635
6276,185.92635
6277,185.92635
6278,166.04035
6279,166.04035
6280,166.04035
6281,166.04035
6282,185.92635
6283,185.92635
6284,185.92635
6285,166.04035
6286,166.04035
6287,158.92635
6288,96.50175
6289,96.50175
6290,96.50175
6291,96.50175
6292,96.50175
6293,96.50175
6294,96.50175
6295,96.50175
6296,137.98175
6297,140.50175
6298,154.50175
6299,154.50175
6300,154.50175
6301,154.50175
6302,154.50175
6303,154.50175
6304,143.11275
6305,154.50175
6306,181.61575
6307,181.50175
6308,181.50175
6309,171.50175
6310,154.50175
6311,140.50175
6312,96.4685
6313,96.4685
6314,96.4685
6315,96.4685
6316,96.4685
6317,96.4685
6318,136.4685
6319,156.4685
6320,162.4685
6321,173.4685
6322,173.4685
6323,178.5825
6324,178.5825
6325,178.5825
6326,178.5825
6327,178.5825
6328,173.4685
6329,173.4685
6330,178.5825
6331,178.5825
6332,178.5825
6333,173.4685
6334,173.4685
6335,156.4685
6336,95.57063
6337,139.05063
6338,95.57063
6339,95.57063
6340,95.57063
6341,139.05063
6342,141.57063
6343,155.57063
6344,167.68463
6345,167.68463
6346,208.07063
6347,202.57063
6348,202.57063
6349,202.57063
6350,202.57063
6351,202.57063
6352,202.57063
6353,167.68463
6354,202.57063
6355,202.57063
6356,202.57063
6357,167.68463
6358,167.68463
6359,155.57063
6360,91.95781
6361,91.95881
6362,91.95781
6363,91.95781
6364,91.95881
6365,91.95881
6366,142.65681
6367,154.04581
6368,142.65681
6369,166.15981
6370,166.15981
6371,166.15981
6372,166.15981
6373,166.15981
6374,176.04581
6375,166.15981
6376,166.15981
6377,166.15981
6378,176.04581
6379,176.04581
6380,176.04581
6381,166.15981
6382,154.04581
6383,147.04581
6384,91.27565
6385,96.19565
6386,96.19565
6387,96.19565
6388,96.19565
6389,96.19565
6390,96.19565
6391,131.28365
6392,158.28365
6393,158.28365
6394,170.28365
6395,170.28365
6396,170.28365
6397,170.28365
6398,170.28365
6399,170.28365
6400,170.28365
6401,170.28365
6402,170.28365
6403,170.28365
6404,170.28365
6405,170.28365
6406,158.28365
6407,97.28365
6408,93.71498
6409,93.71498
6410,93.71498
6411,98.63498
6412,98.63498
6413,98.63498
6414,107.72298
6415,127.72298
6416,141.02298
6417,141.02298
6418,141.02298
6419,160.72298
6420,160.72298
6421,160.72298
6422,160.72298
6423,160.72298
6424,141.02298
6425,141.02298
6426,160.72298
6427,160.72298
6428,160.72298
6429,141.02298
6430,141.02298
6431,127.72298
6432,137.28081
6433,137.28081
6434,137.28081
6435,137.28081
6436,137.38081
6437,137.38081
6438,137.38081
6439,137.38081
6440,151.28081
6441,151.28081
6442,151.28081
6443,162.28081
6444,162.28081
6445,151.28081
6446,151.28081
6447,151.28081
6448,151.28081
6449,151.28081
6450,162.28081
6451,162.28081
6452,162.28081
6453,161.28081
6454,162.28081
6455,161.28081
6456,110.07478
6457,110.07478
6458,110.07478
6459,137.55478
6460,130.07478
6461,130.07478
6462,110.07478
6463,130.07478
6464,110.07478
6465,110.07478
6466,110.07478
6467,130.07478
6468,130.07478
6469,130.07478
6470,181.07478
6471,110.07478
6472,110.07478
6473,110.07478
6474,130.07478
6475,136.07478
6476,136.07478
6477,130.07478
6478,130.07478
6479,110.07478
6480,87.33671
6481,92.25771
6482,92.25771
6483,92.25771
6484,92.25771
6485,93.55171
6486,94.34471
6487,100.34471
6488,120.34471
6489,120.34471
6490,151.04471
6491,151.04471
6492,151.04471
6493,151.04471
6494,151.04471
6495,151.04471
6496,151.04471
6497,120.34471
6498,151.04471
6499,151.04471
6500,151.04471
6501,151.04471
6502,120.34471
6503,100.34471
6504,93.39721
6505,93.39721
6506,93.39721
6507,93.39721
6508,94.69921
6509,94.69921
6510,96.48521
6511,111.48521
6512,111.48521
6513,129.78521
6514,129.78521
6515,129.78521
6516,129.78521
6517,129.78521
6518,129.78521
6519,129.78521
6520,129.78521
6521,129.78521
6522,192.48521
6523,192.48521
6524,129.78521
6525,129.78521
6526,111.48521
6527,129.78521
6528,86.86352
6529,86.86352
6530,86.86352
6531,86.86352
6532,86.86352
6533,86.86352
6534,99.87152
6535,121.17152
6536,121.17152
6537,121.17152
6538,195.87152
6539,195.87152
6540,195.87152
6541,195.87152
6542,195.87152
6543,195.87152
6544,125.87152
6545,125.87152
6546,195.87152
6547,195.87152
6548,195.87152
6549,121.17152
6550,121.17152
6551,99.87152
6552,103.50154
6553,134.50154
6554,97.49154
6555,97.49154
6556,103.50154
6557,124.50154
6558,134.50154
6559,134.50154
6560,139.50154
6561,139.50154
6562,194.50154
6563,194.50154
6564,194.50154
6565,194.50154
6566,194.50154
6567,194.50154
6568,194.50154
6569,149.48154
6570,194.50154
6571,194.50154
6572,194.50154
6573,139.50154
6574,134.50154
6575,134.50154
6576,104.86482
6577,122.86482
6578,122.86482
6579,104.86482
6580,104.86482
6581,122.86482
6582,141.96482
6583,141.96482
6584,150.86482
6585,150.86482
6586,166.86482
6587,166.86482
6588,166.86482
6589,166.86482
6590,166.86482
6591,210.86482
6592,150.86482
6593,150.86482
6594,166.86482
6595,166.86482
6596,166.86482
6597,166.86482
6598,150.86482
6599,141.96482
6600,87.1053
6601,87.1053
6602,87.1053
6603,87.1053
6604,87.1053
6605,87.1053
6606,87.1053
6607,131.4963
6608,161.4963
6609,161.4963
6610,166.4963
6611,196.4963
6612,196.4963
6613,166.4963
6614,166.4963
6615,161.4963
6616,161.4963
6617,161.4963
6618,196.4963
6619,161.4963
6620,161.4963
6621,161.4963
6622,131.4963
6623,106.4963
6624,89.07109
6625,89.07109
6626,89.07109
6627,89.07109
6628,89.07109
6629,89.07109
6630,89.07109
6631,89.07109
6632,89.07109
6633,118.46209
6634,118.46209
6635,118.46209
6636,123.46209
6637,123.46209
6638,118.46209
6639,118.46209
6640,118.46209
6641,118.46209
6642,133.46209
6643,168.46209
6644,168.46209
6645,133.46209
6646,122.46209
6647,109.46209
6648,83.55605
6649,117.94705
6650,117.94705
6651,117.94705
6652,117.94705
6653,132.94705
6654,132.94705
6655,132.94705
6656,132.94705
6657,149.94705
6658,172.94705
6659,172.94705
6660,172.94705
6661,172.94705
6662,172.94705
6663,172.94705
6664,172.94705
6665,149.94705
6666,172.94705
6667,172.94705
6668,172.94705
6669,149.94705
6670,132.94705
6671,132.94705
6672,87.21392
6673,87.21392
6674,87.21392
6675,87.21392
6676,87.21392
6677,87.21392
6678,87.21392
6679,93.13992
6680,136.80492
6681,166.60492
6682,166.60492
6683,171.60492
6684,171.60492
6685,171.60492
6686,171.60492
6687,171.60492
6688,166.60492
6689,166.60492
6690,171.60492
6691,171.60492
6692,166.60492
6693,166.60492
6694,136.80492
6695,160.60492
6696,88.36705
6697,88.36705
6698,116.75805
6699,116.75805
6700,116.75805
6701,158.73805
6702,142.75805
6703,173.75805
6704,173.75805
6705,173.75805
6706,173.75805
6707,173.75805
6708,187.75805
6709,173.75805
6710,173.75805
6711,173.75805
6712,173.75805
6713,173.75805
6714,173.75805
6715,173.75805
6716,173.75805
6717,173.75805
6718,173.75805
6719,172.75805
6720,116.06207
6721,116.06207
6722,116.06207
6723,116.06207
6724,116.06207
6725,122.06207
6726,161.06207
6727,173.06207
6728,173.06207
6729,192.06207
6730,192.06207
6731,262.06207
6732,262.06207
6733,173.06207
6734,173.06207
6735,173.06207
6736,173.06207
6737,173.06207
6738,192.06207
6739,192.06207
6740,173.06207
6741,173.06207
6742,161.06207
6743,172.06207
6744,86.48818
6745,86.48818
6746,86.48818
6747,86.48818
6748,86.48818
6749,86.48818
6750,86.48818
6751,156.85918
6752,180.87918
6753,190.87918
6754,199.77918
6755,260.87918
6756,260.87918
6757,190.87918
6758,190.87918
6759,190.87918
6760,180.87918
6761,156.85918
6762,190.87918
6763,190.87918
6764,190.87918
6765,180.87918
6766,185.87918
6767,180.87918
6768,114.0742
6769,129.0742
6770,129.0742
6771,129.0742
6772,129.0742
6773,114.0742
6774,114.0742
6775,130.0742
6776,309.0742
6777,329.0742
6778,329.0742
6779,399.0742
6780,197.9742
6781,179.0742
6782,179.0742
6783,197.9742
6784,179.0742
6785,130.0742
6786,179.0742
6787,179.0742
6788,179.0742
6789,130.0742
6790,130.0742
6791,130.0742
6792,167.08928
6793,167.08928
6794,167.08928
6795,167.08928
6796,167.08928
6797,112.08928
6798,112.08928
6799,112.08928
6800,167.08928
6801,167.08928
6802,169.08928
6803,195.98928
6804,195.98928
6805,169.08928
6806,167.08928
6807,167.08928
6808,167.08928
6809,153.06928
6810,167.08928
6811,167.08928
6812,167.08928
6813,167.08928
6814,167.08928
6815,167.08928
6816,195.77819
6817,171.87819
6818,171.87819
6819,171.87819
6820,156.87819
6821,156.87819
6822,152.85819
6823,171.87819
6824,201.87819
6825,201.87819
6826,201.87819
6827,206.87819
6828,206.87819
6829,206.87819
6830,206.87819
6831,206.87819
6832,201.87819
6833,200.87819
6834,206.87819
6835,206.87819
6836,206.87819
6837,201.87819
6838,200.87819
6839,195.77819
6840,162.99703
6841,162.99703
6842,162.99703
6843,162.99703
6844,162.99703
6845,162.99703
6846,187.99703
6847,197.99703
6848,198.49703
6849,228.99703
6850,229.99703
6851,229.99703
6852,229.99703
6853,229.99703
6854,229.99703
6855,229.99703
6856,229.99703
6857,229.99703
6858,257.99703
6859,257.99703
6860,229.99703
6861,198.49703
6862,197.99703
6863,187.99703
6864,148.52604
6865,148.52604
6866,148.52604
6867,148.52604
6868,148.52604
6869,154.50604
6870,163.52604
6871,193.52604
6872,193.52604
6873,197.42604
6874,197.52604
6875,222.52604
6876,222.52604
6877,197.52604
6878,222.52604
6879,222.52604
6880,222.52604
6881,197.52604
6882,229.52604
6883,229.52604
6884,197.52604
6885,197.52604
6886,193.52604
6887,193.52604
6888,184.11067
6889,184.11067
6890,184.11067
6891,184.11067
6892,184.11067
6893,184.81067
6894,184.81067
6895,184.81067
6896,191.10967
6897,196.11067
6898,196.01067
6899,196.11067
6900,196.11067
6901,196.01067
6902,196.11067
6903,196.11067
6904,196.01067
6905,193.61067
6906,196.11067
6907,196.11067
6908,196.11067
6909,196.11067
6910,196.01067
6911,193.61067
6912,184.41995
6913,192.41995
6914,148.41895
6915,148.41895
6916,148.41895
6917,154.39995
6918,184.41995
6919,192.41995
6920,192.41995
6921,194.91995
6922,197.41995
6923,197.41995
6924,197.31995
6925,197.31995
6926,197.31995
6927,197.31995
6928,194.91995
6929,194.91995
6930,197.41995
6931,197.41995
6932,197.41995
6933,197.41995
6934,192.41995
6935,192.41995
6936,187.14299
6937,187.14299
6938,187.14299
6939,187.14299
6940,187.14299
6941,187.14299
6942,187.14299
6943,196.04299
6944,196.04299
6945,196.14299
6946,237.14299
6947,237.14299
6948,237.14299
6949,237.14299
6950,257.64299
6951,196.14299
6952,196.14299
6953,196.14299
6954,257.64299
6955,257.64299
6956,193.64299
6957,196.14299
6958,187.14299
6959,187.14299
6960,187.61596
6961,189.61596
6962,187.61596
6963,187.61596
6964,187.61596
6965,187.61596
6966,187.61596
6967,187.61596
6968,192.61596
6969,193.61596
6970,193.61596
6971,194.11596
6972,194.11596
6973,194.11596
6974,194.11596
6975,194.11596
6976,193.61596
6977,194.11596
6978,211.01596
6979,211.01596
6980,211.01596
6981,196.51596
6982,193.61596
6983,193.61596
6984,91.67968
6985,91.67968
6986,91.67968
6987,91.67968
6988,92.15068
6989,151.13068
6990,167.81468
6991,201.14968
6992,211.15068
6993,215.15068
6994,215.15068
6995,215.15068
6996,215.15068
6997,215.15068
6998,215.15068
6999,215.15068
7000,215.15068
7001,215.15068
7002,241.15068
7003,241.15068
7004,215.15068
7005,215.15068
7006,211.15068
7007,201.14968
7008,88.76098
7009,88.76098
7010,88.76098
7011,88.76098
7012,89.22998
7013,154.20998
7014,197.12998
7015,212.22998
7016,222.09698
7017,238.22998
7018,249.22998
7019,258.22998
7020,249.22998
7021,249.22998
7022,249.22998
7023,258.22998
7024,249.22998
7025,238.22998
7026,258.22998
7027,258.22998
7028,258.22998
7029,238.22998
7030,228.22998
7031,212.22998
7032,210.50712
7033,211.14812
7034,196.04912
7035,196.04912
7036,196.04912
7037,210.50712
7038,218.14912
7039,245.14912
7040,257.14912
7041,257.14912
7042,287.14912
7043,287.14912
7044,287.14912
7045,287.14912
7046,287.14912
7047,287.14912
7048,287.14912
7049,287.14912
7050,300.14912
7051,300.14912
7052,300.14912
7053,300.14912
7054,271.14912
7055,245.14912
7056,276.80769
7057,251.80769
7058,251.80769
7059,251.80769
7060,251.80769
7061,251.80769
7062,268.80769
7063,276.80769
7064,299.80769
7065,299.80769
7066,311.80769
7067,335.80769
7068,316.80769
7069,316.80769
7070,316.80769
7071,316.80769
7072,316.80769
7073,311.80769
7074,335.80769
7075,335.80769
7076,316.80769
7077,311.80769
7078,299.80769
7079,268.80769
7080,299.93686
7081,299.93686
7082,299.93686
7083,299.93686
7084,299.93686
7085,299.93686
7086,311.73686
7087,316.73686
7088,335.73686
7089,337.23686
7090,337.23686
7091,337.23686
7092,337.23686
7093,335.73686
7094,335.73686
7095,337.23686
7096,335.73686
7097,335.73686
7098,337.23686
7099,335.73686
7100,337.23686
7101,322.63686
7102,316.73686
7103,311.73686
7104,236.89838
7105,236.89838
7106,236.89838
7107,236.89838
7108,236.89838
7109,236.89838
7110,236.89838
7111,236.89838
7112,276.89838
7113,286.89838
7114,296.88838
7115,313.39838
7116,313.39838
7117,313.39838
7118,313.39838
7119,286.89838
7120,286.89838
7121,286.89838
7122,316.89838
7123,316.89838
7124,313.39838
7125,286.89838
7126,276.89838
7127,236.89838
7128,177.41434
7129,177.41434
7130,177.41434
7131,177.41434
7132,177.41434
7133,177.41434
7134,153.39434
7135,177.41434
7136,177.41434
7137,177.41434
7138,177.41434
7139,202.26034
7140,207.41434
7141,207.41434
7142,202.26034
7143,207.41434
7144,202.26034
7145,212.41434
7146,297.51434
7147,312.91434
7148,297.51434
7149,212.41434
7150,212.41434
7151,207.41434
7152,177.5468
7153,153.5268
7154,156.6868
7155,156.6868
7156,153.5268
7157,177.5468
7158,177.5468
7159,201.4468
7160,206.1468
7161,237.5468
7162,237.5468
7163,297.6468
7164,339.0468
7165,269.8498
7166,297.6468
7167,339.0468
7168,269.8498
7169,237.5468
7170,367.5468
7171,367.5468
7172,366.5468
7173,237.5468
7174,206.1468
7175,201.4468
7176,166.81491
7177,166.81491
7178,166.81491
7179,166.81491
7180,166.81491
7181,166.81491
7182,166.81491
7183,200.71491
7184,237.81491
7185,237.81491
7186,237.81491
7187,297.81491
7188,366.81491
7189,366.81491
7190,366.81491
7191,367.81491
7192,339.31491
7193,339.31491
7194,367.81491
7195,366.81491
7196,366.81491
7197,297.81491
7198,233.08191
7199,187.81491
7200,186.97008
7201,186.97008
7202,150.97008
7203,152.95008
7204,152.95008
7205,196.97008
7206,186.97008
7207,196.97008
7208,202.87008
7209,202.87008
7210,204.63008
7211,296.97008
7212,338.47008
7213,338.47008
7214,338.47008
7215,365.97008
7216,202.87008
7217,202.87008
7218,365.97008
7219,365.97008
7220,296.97008
7221,202.87008
7222,196.97008
7223,186.97008
7224,109.46245
7225,109.46245
7226,109.46245
7227,109.46245
7228,109.46245
7229,109.46245
7230,109.46245
7231,129.46245
7232,188.46245
7233,188.46245
7234,299.46245
7235,299.46245
7236,299.46245
7237,299.46245
7238,299.46245
7239,369.46245
7240,271.76545
7241,271.76545
7242,369.46245
7243,368.46245
7244,368.46245
7245,188.46245
7246,131.54945
7247,129.46245
7248,126.71865
7249,126.71865
7250,126.71865
7251,97.71865
7252,126.71865
7253,126.71865
7254,126.71865
7255,126.71865
7256,146.71865
7257,146.71865
7258,189.39665
7259,366.71865
7260,257.71865
7261,257.71865
7262,366.71865
7263,297.71865
7264,189.39665
7265,146.71865
7266,366.71865
7267,366.71865
7268,366.71865
7269,146.71865
7270,136.69865
7271,126.71865
7272,127.33152
7273,127.33152
7274,127.33152
7275,127.33152
7276,127.32152
7277,127.33152
7278,129.41852
7279,146.33152
7280,157.33152
7281,256.33152
7282,256.33152
7283,366.33152
7284,297.33152
7285,338.33152
7286,157.33152
7287,157.33152
7288,157.33152
7289,157.33152
7290,256.33152
7291,338.33152
7292,157.33152
7293,146.33152
7294,129.41852
7295,127.33152
7296,124.41275
7297,124.41275
7298,124.41275
7299,124.41275
7300,124.41275
7301,124.41275
7302,124.41275
7303,124.41275
7304,154.41275
7305,154.41275
7306,154.41275
7307,154.41275
7308,154.41275
7309,154.41275
7310,154.39275
7311,126.49975
7312,126.49975
7313,154.39275
7314,155.41275
7315,155.41275
7316,155.41275
7317,154.41275
7318,154.41275
7319,154.39275
7320,124.38471
7321,124.38471
7322,124.38471
7323,124.38471
7324,124.38471
7325,124.38471
7326,124.38471
7327,124.38471
7328,126.47171
7329,154.38471
7330,184.38471
7331,304.38471
7332,184.38471
7333,184.38471
7334,184.38471
7335,184.38471
7336,184.38471
7337,244.38471
7338,304.38471
7339,304.38471
7340,304.38471
7341,304.38471
7342,244.38471
7343,154.38471
7344,124.66894
7345,124.66894
7346,124.66894
7347,124.66894
7348,124.66894
7349,124.66894
7350,124.66894
7351,155.30494
7352,204.66894
7353,204.66894
7354,224.66894
7355,224.66894
7356,227.92094
7357,335.66894
7358,335.66894
7359,364.66894
7360,294.66894
7361,224.66894
7362,364.66894
7363,364.66894
7364,227.92094
7365,224.66894
7366,204.66894
7367,154.64894
7368,135.0738
7369,135.0738
7370,135.0738
7371,135.0738
7372,135.0738
7373,135.0738
7374,135.0738
7375,155.0538
7376,215.0738
7377,215.0738
7378,220.0738
7379,220.0738
7380,220.0738
7381,220.0738
7382,294.0738
7383,220.0738
7384,220.0738
7385,220.0738
7386,294.0738
7387,294.0738
7388,220.0738
7389,220.0738
7390,215.0738
7391,220.0738
7392,148.86893
7393,148.86893
7394,140.04393
7395,140.04393
7396,140.04393
7397,152.15593
7398,176.04393
7399,176.04393
7400,206.41993
7401,206.41993
7402,206.41993
7403,206.88193
7404,206.88193
7405,295.04393
7406,336.04393
7407,215.04393
7408,215.04393
7409,206.88193
7410,295.04393
7411,215.04393
7412,215.04393
7413,206.88193
7414,204.04393
7415,176.04393
7416,190.51146
7417,190.51146
7418,190.51146
7419,172.19046
7420,190.51146
7421,190.51146
7422,190.51146
7423,203.19046
7424,204.19046
7425,211.69046
7426,211.69046
7427,306.19046
7428,306.19046
7429,306.19046
7430,306.19046
7431,306.19046
7432,211.69046
7433,295.19046
7434,306.19046
7435,306.19046
7436,295.19046
7437,211.69046
7438,204.19046
7439,203.19046
7440,204.38346
7441,204.38346
7442,193.78346
7443,193.78346
7444,193.78346
7445,193.78346
7446,203.94346
7447,204.38346
7448,208.12146
7449,216.60446
7450,216.78346
7451,216.78346
7452,216.78346
7453,216.78346
7454,216.78346
7455,216.78346
7456,216.78346
7457,216.60446
7458,216.78346
7459,216.78346
7460,216.78346
7461,216.60446
7462,204.38346
7463,204.38346
7464,211.51617
7465,211.51617
7466,195.43017
7467,195.43017
7468,193.51617
7469,193.51617
7470,193.51617
7471,193.51617
7472,211.51617
7473,211.51617
7474,213.01617
7475,213.01617
7476,213.01617
7477,213.01617
7478,213.01617
7479,213.01617
7480,213.01617
7481,213.01617
7482,214.83717
7483,214.83717
7484,214.83717
7485,214.83717
7486,213.01617
7487,213.01617
7488,204.40789
7489,204.40789
7490,204.40789
7491,204.40789
7492,204.40789
7493,204.40789
7494,204.40789
7495,216.90789
7496,218.90789
7497,218.90789
7498,218.90789
7499,219.22889
7500,218.90789
7501,218.90789
7502,219.22889
7503,219.22889
7504,218.90789
7505,218.90789
7506,219.22889
7507,219.22889
7508,218.90789
7509,218.90789
7510,216.90789
7511,211.00789
7512,218.89873
7513,218.89873
7514,218.89873
7515,218.89873
7516,218.89873
7517,218.89873
7518,218.89873
7519,218.89873
7520,219.00873
7521,219.00873
7522,219.90873
7523,219.90873
7524,219.90873
7525,219.90873
7526,219.90873
7527,219.90873
7528,219.90873
7529,219.90873
7530,220.90873
7531,220.90873
7532,219.90873
7533,219.00873
7534,219.00873
7535,218.89873
7536,217.5126
7537,217.5126
7538,217.5126
7539,217.5126
7540,217.5126
7541,217.5126
7542,219.1126
7543,219.1126
7544,219.9126
7545,223.9026
7546,223.9026
7547,223.9026
7548,223.9026
7549,223.9026
7550,223.9026
7551,223.9026
7552,223.9026
7553,223.9026
7554,223.9026
7555,223.9026
7556,223.9026
7557,219.9126
7558,219.1126
7559,217.5126
7560,86.88512
7561,86.88512
7562,86.88512
7563,86.88512
7564,87.73512
7565,106.73512
7566,106.73512
7567,132.71512
7568,208.73512
7569,225.73512
7570,225.73512
7571,225.73512
7572,225.73512
7573,225.73512
7574,225.73512
7575,225.73512
7576,225.73512
7577,225.73512
7578,228.73512
7579,225.73512
7580,225.73512
7581,225.73512
7582,219.73512
7583,198.64912
7584,126.1462
7585,126.1462
7586,123.7882
7587,123.7882
7588,123.7882
7589,126.1462
7590,144.9022
7591,213.7882
7592,214.7882
7593,214.7882
7594,214.7882
7595,214.7882
7596,214.7882
7597,215.7882
7598,215.7882
7599,221.7872
7600,214.7882
7601,214.7882
7602,215.7882
7603,215.7882
7604,214.7882
7605,214.7882
7606,214.7882
7607,190.8112
7608,124.94672
7609,119.94672
7610,124.94672
7611,124.94672
7612,124.94672
7613,124.94672
7614,135.94672
7615,135.94672
7616,135.94672
7617,135.94672
7618,170.94672
7619,170.94672
7620,170.94672
7621,170.94672
7622,170.94672
7623,153.05872
7624,149.77172
7625,170.94672
7626,170.94672
7627,170.94672
7628,170.94672
7629,170.94672
7630,149.77172
7631,135.94672
7632,89.4996
7633,89.4986
7634,89.4986
7635,89.4986
7636,89.4986
7637,89.4966
7638,87.8886
7639,89.4986
7640,89.4996
7641,106.8886
7642,106.8886
7643,142.8886
7644,142.8886
7645,142.8886
7646,142.8886
7647,129.2466
7648,129.2466
7649,142.8886
7650,142.8886
7651,142.8886
7652,142.8886
7653,142.8886
7654,142.8886
7655,106.8886
7656,84.90192
7657,84.90192
7658,84.90192
7659,79.98192
7660,79.98192
7661,79.98192
7662,79.98192
7663,84.90192
7664,104.75192
7665,104.75192
7666,135.75192
7667,135.75192
7668,135.75192
7669,135.75192
7670,135.75192
7671,135.75192
7672,135.75192
7673,135.75192
7674,135.75192
7675,141.86592
7676,141.86592
7677,135.75192
7678,135.75192
7679,104.75192
7680,105.14918
7681,86.22718
7682,86.14918
7683,85.29918
7684,86.22718
7685,105.14918
7686,105.14918
7687,135.26318
7688,156.14918
7689,156.14918
7690,156.14918
7691,156.14918
7692,156.14918
7693,156.14918
7694,156.14918
7695,156.14918
7696,156.14918
7697,156.14918
7698,227.14918
7699,156.78518
7700,156.14918
7701,156.14918
7702,153.26118
7703,135.26318
7704,109.60439
7705,109.60439
7706,109.60439
7707,109.60439
7708,109.60439
7709,109.60439
7710,111.60439
7711,139.60439
7712,139.71839
7713,139.71839
7714,148.58439
7715,231.60439
7716,154.58439
7717,148.58439
7718,148.58439
7719,231.60439
7720,231.60439
7721,231.60439
7722,231.60439
7723,231.60439
7724,231.60439
7725,148.58439
7726,139.60439
7727,131.96239
7728,88.32458
7729,88.17458
7730,83.40458
7731,83.40458
7732,88.32458
7733,88.32458
7734,88.32458
7735,96.17458
7736,134.17458
7737,134.17458
7738,134.17458
7739,134.17458
7740,134.17458
7741,153.15458
7742,230.17458
7743,230.17458
7744,230.17458
7745,230.17458
7746,230.17458
7747,230.17458
7748,230.17458
7749,152.99958
7750,134.17458
7751,130.53258
7752,92.31277
7753,92.31277
7754,92.31277
7755,92.31277
7756,92.31277
7757,92.31277
7758,92.31277
7759,128.61277
7760,128.61277
7761,128.61277
7762,149.29277
7763,204.31277
7764,204.31277
7765,204.31277
7766,204.31277
7767,221.38577
7768,204.31277
7769,204.31277
7770,221.38577
7771,204.31277
7772,204.31277
7773,149.13777
7774,128.61277
7775,128.61277
7776,124.28188
7777,124.28188
7778,124.28188
7779,124.28188
7780,124.28188
7781,124.28188
7782,124.28188
7783,146.28188
7784,146.28188
7785,146.28188
7786,153.26188
7787,204.28188
7788,204.28188
7789,153.26188
7790,151.39388
7791,151.39388
7792,149.26188
7793,153.26188
7794,374.28188
7795,204.28188
7796,204.28188
7797,153.26188
7798,146.28188
7799,124.28188
7800,125.09444
7801,109.59444
7802,109.59444
7803,85.57044
7804,84.24444
7805,84.24444
7806,84.24444
7807,84.24444
7808,109.59444
7809,125.09444
7810,136.09444
7811,136.09444
7812,136.09444
7813,136.09444
7814,136.09444
7815,136.09444
7816,125.09444
7817,136.09444
7818,136.09444
7819,430.09444
7820,148.91944
7821,136.09444
7822,136.09444
7823,136.09444
7824,85.71405
7825,85.71405
7826,85.71405
7827,85.71405
7828,85.71405
7829,109.71405
7830,109.71405
7831,149.71405
7832,149.71405
7833,149.71405
7834,151.82605
7835,200.02705
7836,228.64305
7837,228.64305
7838,307.28705
7839,484.71405
7840,201.01405
7841,149.71405
7842,524.71405
7843,524.71405
7844,484.71405
7845,153.69405
7846,149.71405
7847,149.69405
7848,138.30567
7849,138.30567
7850,138.30567
7851,138.30567
7852,138.30567
7853,138.30567
7854,138.30567
7855,146.60567
7856,146.60567
7857,147.80567
7858,240.29467
7859,307.87867
7860,307.87867
7861,485.30567
7862,485.30567
7863,745.50467
7864,307.87867
7865,305.30567
7866,525.30567
7867,525.30567
7868,485.30567
7869,165.30567
7870,146.60567
7871,150.28567
7872,146.45431
7873,146.45431
7874,146.45431
7875,146.45431
7876,146.45431
7877,146.45431
7878,154.25431
7879,156.75431
7880,156.75431
7881,156.75431
7882,156.75431
7883,236.15431
7884,156.75431
7885,164.75431
7886,276.07431
7887,276.07431
7888,156.75431
7889,156.75431
7890,524.75431
7891,254.75431
7892,164.75431
7893,156.75431
7894,156.75431
7895,154.25431
7896,156.31497
7897,148.31497
7898,148.31497
7899,148.31497
7900,148.31497
7901,148.31497
7902,148.31497
7903,156.31497
7904,156.31497
7905,166.31497
7906,224.31497
7907,224.31497
7908,224.31497
7909,224.31497
7910,224.31497
7911,224.31497
7912,224.31497
7913,166.31497
7914,473.37497
7915,473.37497
7916,224.31497
7917,166.58997
7918,156.31497
7919,156.31497
7920,148.37166
7921,148.37166
7922,148.19666
7923,145.35166
7924,145.35166
7925,148.37166
7926,148.37166
7927,154.37166
7928,154.37166
7929,154.37166
7930,165.37166
7931,214.44066
7932,214.44066
7933,165.37166
7934,224.37166
7935,224.37166
7936,214.44066
7937,214.44066
7938,254.37166
7939,224.37166
7940,254.37166
7941,154.37166
7942,154.37166
7943,151.48366
7944,145.19846
7945,145.19846
7946,143.71846
7947,143.71846
7948,143.71846
7949,145.19846
7950,145.19846
7951,145.21846
7952,145.21846
7953,156.71846
7954,156.71846
7955,156.71846
7956,156.71846
7957,156.71846
7958,156.71846
7959,154.19846
7960,154.19846
7961,156.71846
7962,224.21846
7963,218.71846
7964,156.71846
7965,148.04346
7966,145.21846
7967,145.21846
7968,110.54249
7969,110.54249
7970,110.54249
7971,110.54249
7972,110.54249
7973,110.54249
7974,110.54249
7975,110.54249
7976,144.04249
7977,150.54249
7978,155.54249
7979,155.54249
7980,155.54249
7981,155.54249
7982,155.54249
7983,155.54249
7984,150.54249
7985,155.54249
7986,174.54249
7987,174.54249
7988,174.54249
7989,174.54249
7990,174.54249
7991,155.54249
7992,86.23015
7993,108.23015
7994,108.23015
7995,108.23015
7996,108.23015
7997,111.33015
7998,126.23015
7999,136.23015
8000,136.23015
8001,136.23015
8002,145.73015
8003,147.21015
8004,156.21015
8005,156.21015
8006,156.23015
8007,156.23015
8008,156.21015
8009,150.05515
8010,156.23015
8011,156.23015
8012,156.21015
8013,145.73015
8014,136.23015
8015,136.23015
8016,104.57868
8017,104.57868
8018,104.57868
8019,92.57868
8020,92.57868
8021,104.57868
8022,104.57868
8023,122.57868
8024,132.57868
8025,152.57868
8026,152.57868
8027,152.57868
8028,152.57868
8029,152.57868
8030,152.57868
8031,152.57868
8032,152.57868
8033,140.57868
8034,152.57868
8035,152.57868
8036,152.57868
8037,132.57868
8038,122.57868
8039,104.57868
8040,93.65761
8041,105.65761
8042,93.65761
8043,93.65761
8044,93.65761
8045,105.65761
8046,105.65761
8047,118.65761
8048,123.65761
8049,124.65961
8050,133.65761
8051,133.65761
8052,133.65761
8053,133.65761
8054,133.65761
8055,133.65761
8056,133.65761
8057,133.65761
8058,133.65761
8059,138.15761
8060,133.65761
8061,133.65761
8062,118.65761
8063,109.65761
8064,79.28379
8065,79.28379
8066,79.12779
8067,79.05779
8068,79.12779
8069,79.28379
8070,79.28379
8071,105.68379
8072,105.68379
8073,118.68379
8074,123.68379
8075,141.68379
8076,141.68379
8077,141.68379
8078,141.68379
8079,141.68379
8080,124.68579
8081,124.68579
8082,141.68379
8083,141.68379
8084,141.68379
8085,141.68379
8086,123.68379
8087,105.68379
8088,101.85736
8089,101.85736
8090,101.85736
8091,78.45736
8092,101.85736
8093,101.85736
8094,105.85736
8095,105.85736
8096,122.85736
8097,124.85736
8098,124.85736
8099,124.85736
8100,124.85736
8101,124.85736
8102,124.85736
8103,124.85736
8104,124.85736
8105,124.85736
8106,124.85736
8107,124.85736
8108,124.85736
8109,124.85736
8110,124.85736
8111,105.85736
8112,79.06067
8113,79.06067
8114,79.02967
8115,79.02967
8116,79.06067
8117,79.06067
8118,102.76067
8119,102.76067
8120,127.76067
8121,127.76067
8122,127.76067
8123,127.76067
8124,127.76067
8125,127.76067
8126,127.76067
8127,127.76067
8128,127.76067
8129,127.76067
8130,127.76067
8131,127.76067
8132,127.76067
8133,127.76067
8134,127.76067
8135,102.76067
8136,100.43023
8137,100.43023
8138,100.43023
8139,99.93023
8140,99.93023
8141,99.93023
8142,99.93023
8143,99.93023
8144,100.43023
8145,122.43023
8146,123.43023
8147,123.43023
8148,129.43023
8149,129.43023
8150,129.43023
8151,129.43023
8152,123.43023
8153,129.43023
8154,153.43023
8155,153.43023
8156,153.43023
8157,153.43023
8158,129.43023
8159,123.43023
8160,110.91127
8161,110.91127
8162,110.91127
8163,110.91127
8164,110.91127
8165,117.41127
8166,117.41127
8167,125.01127
8168,144.41127
8169,144.41127
8170,144.41127
8171,165.41127
8172,144.41127
8173,144.41127
8174,165.41127
8175,144.41127
8176,144.41127
8177,144.41127
8178,165.41127
8179,144.41127
8180,144.41127
8181,144.41127
8182,135.95427
8183,125.01127
8184,114.14798
8185,114.14798
8186,114.14798
8187,114.14798
8188,114.14798
8189,114.14798
8190,114.14798
8191,114.14798
8192,114.14798
8193,114.14798
8194,124.14798
8195,134.14798
8196,134.14798
8197,134.14798
8198,134.14798
8199,124.14798
8200,124.14798
8201,124.14798
8202,139.14798
8203,139.14798
8204,139.14798
8205,134.14798
8206,124.14798
8207,114.14798
8208,85.06625
8209,85.06625
8210,81.72925
8211,81.51025
8212,85.06625
8213,117.56625
8214,117.56625
8215,117.56625
8216,126.06625
8217,130.06625
8218,166.06625
8219,163.06625
8220,163.06625
8221,163.06625
8222,163.06625
8223,163.06625
8224,166.06625
8225,145.80325
8226,166.06625
8227,163.06625
8228,163.06625
8229,130.06625
8230,126.06625
8231,117.56625
8232,94.72115
8233,94.72115
8234,94.72115
8235,94.72115
8236,94.72115
8237,114.22115
8238,114.22115
8239,124.72115
8240,124.72115
8241,124.72115
8242,130.43815
8243,157.72115
8244,157.72115
8245,164.72115
8246,164.72115
8247,164.72115
8248,157.72115
8249,128.22115
8250,164.72115
8251,164.72115
8252,157.72115
8253,128.22115
8254,124.72115
8255,124.72115
8256,106.53372
8257,106.53372
8258,106.53372
8259,106.53372
8260,106.53372
8261,125.53372
8262,125.53372
8263,133.43372
8264,133.43372
8265,133.43372
8266,153.53372
8267,165.51372
8268,193.53372
8269,193.53372
8270,193.53372
8271,193.53372
8272,133.43372
8273,133.43372
8274,193.53372
8275,193.53372
8276,153.53372
8277,153.53372
8278,133.43372
8279,133.43372
8280,134.37332
8281,131.37332
8282,131.27332
8283,131.27332
8284,131.27332
8285,131.27332
8286,131.27332
8287,134.37332
8288,151.37332
8289,152.37332
8290,152.37332
8291,152.37332
8292,152.37332
8293,152.37332
8294,152.37332
8295,152.37332
8296,152.37332
8297,152.37332
8298,185.37332
8299,185.37332
8300,152.37332
8301,152.37332
8302,152.37332
8303,151.37332
8304,133.28097
8305,133.28097
8306,133.28097
8307,133.28097
8308,133.28097
8309,129.99797
8310,124.28097
8311,124.28097
8312,133.28097
8313,152.28097
8314,153.28097
8315,197.28097
8316,197.28097
8317,197.28097
8318,197.28097
8319,166.26097
8320,152.28097
8321,166.26097
8322,197.78097
8323,197.78097
8324,197.78097
8325,197.78097
8326,197.28097
8327,152.28097
8328,158.0826
8329,158.0826
8330,149.0826
8331,149.0826
8332,130.0826
8333,149.0826
8334,149.0826
8335,165.0826
8336,165.0826
8337,165.0826
8338,165.0826
8339,190.0826
8340,190.0826
8341,190.0826
8342,190.0826
8343,190.0826
8344,190.0826
8345,165.0826
8346,202.0826
8347,202.0826
8348,190.0826
8349,190.0826
8350,165.0826
8351,165.0826
8352,192.76563
8353,192.76563
8354,169.76563
8355,169.76563
8356,169.76563
8357,192.76563
8358,192.76563
8359,192.76563
8360,195.76563
8361,195.76563
8362,195.76563
8363,196.76563
8364,196.76563
8365,196.76563
8366,196.76563
8367,197.76563
8368,196.76563
8369,196.76563
8370,197.76563
8371,197.76563
8372,196.76563
8373,196.76563
8374,195.76563
8375,192.76563
8376,153.9637
8377,153.9637
8378,153.9637
8379,153.9637
8380,153.9637
8381,153.9637
8382,164.9637
8383,185.9637
8384,201.9637
8385,202.9637
8386,202.9637
8387,203.9637
8388,203.9637
8389,203.9637
8390,252.9637
8391,252.9637
8392,203.9637
8393,203.9637
8394,252.9637
8395,252.9637
8396,252.9637
8397,203.9637
8398,202.9637
8399,193.9637
8400,166.96759
8401,166.96759
8402,166.96759
8403,166.96759
8404,166.96759
8405,166.96759
8406,171.96759
8407,189.13259
8408,196.96759
8409,196.96759
8410,201.96759
8411,201.96759
8412,201.96759
8413,201.96759
8414,201.96759
8415,201.96759
8416,201.96759
8417,201.96759
8418,201.96759
8419,201.96759
8420,201.96759
8421,201.96759
8422,196.96759
8423,183.96659
8424,193.83939
8425,193.83939
8426,193.83939
8427,193.83939
8428,193.83939
8429,193.83939
8430,195.33939
8431,195.83939
8432,203.83939
8433,203.83939
8434,203.83939
8435,203.83939
8436,203.83939
8437,203.83939
8438,203.83939
8439,203.83939
8440,203.83939
8441,203.83939
8442,219.83939
8443,219.83939
8444,287.83939
8445,203.83939
8446,203.83939
8447,195.83939
8448,200.25318
8449,200.25318
8450,193.75318
8451,193.75318
8452,193.75318
8453,200.25318
8454,200.25318
8455,202.25218
8456,205.25318
8457,205.25318
8458,223.25318
8459,223.25318
8460,223.25318
8461,223.25318
8462,223.25318
8463,210.25318
8464,210.25318
8465,210.25318
8466,232.25318
8467,232.25318
8468,223.25318
8469,210.25318
8470,205.25318
8471,205.25318
8472,204.16092
8473,204.16092
8474,204.16092
8475,204.16092
8476,204.16092
8477,196.66092
8478,188.66092
8479,196.66092
8480,204.16092
8481,204.16092
8482,204.16092
8483,209.16092
8484,209.16092
8485,209.16092
8486,209.16092
8487,209.16092
8488,209.16092
8489,209.16092
8490,226.66092
8491,226.66092
8492,226.66092
8493,226.66092
8494,210.66092
8495,209.16092
8496,187.20842
8497,187.20842
8498,187.20842
8499,185.20842
8500,185.20842
8501,187.20842
8502,187.20842
8503,193.20842
8504,217.20842
8505,222.20842
8506,233.20842
8507,233.20842
8508,233.20842
8509,233.20842
8510,262.20842
8511,262.20842
8512,262.20842
8513,262.20842
8514,262.20842
8515,262.20842
8516,262.20842
8517,233.20842
8518,222.20842
8519,202.70842
8520,201.68603
8521,201.68603
8522,201.68603
8523,201.68603
8524,201.68603
8525,201.68603
8526,201.68603
8527,201.68603
8528,203.18603
8529,206.18603
8530,206.18603
8531,206.18603
8532,206.18603
8533,206.18603
8534,206.18603
8535,206.18603
8536,206.18603
8537,206.18603
8538,209.18603
8539,209.18603
8540,209.18603
8541,206.18603
8542,206.18603
8543,203.18603
8544,202.89287
8545,202.89287
8546,202.89287
8547,202.29287
8548,202.29287
8549,206.29287
8550,206.29287
8551,208.29287
8552,208.29287
8553,209.29287
8554,209.29287
8555,209.29287
8556,209.29287
8557,209.29287
8558,209.29287
8559,209.29287
8560,208.29287
8561,208.29287
8562,209.29287
8563,209.29287
8564,209.29287
8565,208.29287
8566,208.29287
8567,208.29287
8568,214.18937
8569,207.18937
8570,206.18937
8571,206.18937
8572,206.18937
8573,206.18937
8574,206.18937
8575,214.18937
8576,218.18937
8577,218.18937
8578,218.18937
8579,218.18937
8580,216.18937
8581,216.18937
8582,214.18937
8583,214.18937
8584,207.18937
8585,207.18937
8586,214.18937
8587,214.18937
8588,207.18937
8589,206.18937
8590,206.18937
8591,192.18937
8592,188.5479
8593,202.4979
8594,202.4979
8595,177.8299
8596,152.5479
8597,152.5479
8598,140.5279
8599,140.5279
8600,152.5479
8601,152.5479
8602,152.5479
8603,188.5479
8604,202.4979
8605,202.4979
8606,202.4979
8607,188.5479
8608,188.5479
8609,188.5479
8610,202.4979
8611,202.4979
8612,202.4979
8613,202.4979
8614,202.4979
8615,188.5479
8616,93.95117
8617,93.95117
8618,93.95117
8619,93.95117
8620,93.95117
8621,93.95117
8622,108.95117
8623,108.95117
8624,153.95117
8625,153.95117
8626,203.90217
8627,208.95117
8628,221.95117
8629,208.95117
8630,208.95117
8631,208.95117
8632,183.61517
8633,183.61517
8634,221.95117
8635,221.95117
8636,221.95117
8637,208.95117
8638,203.90217
8639,153.95117
8640,84.07267
8641,84.07267
8642,84.07267
8643,84.07267
8644,79.56967
8645,79.56967
8646,79.51667
8647,79.56967
8648,84.07267
8649,84.07267
8650,138.05267
8651,152.07267
8652,152.07267
8653,152.07267
8654,152.07267
8655,152.07267
8656,152.07267
8657,152.07267
8658,214.07267
8659,214.07267
8660,214.07267
8661,214.07267
8662,152.07267
8663,142.05267
8664,120.96138
8665,120.96138
8666,82.96138
8667,82.96138
8668,82.96138
8669,120.96138
8670,120.96138
8671,148.96138
8672,201.96138
8673,201.96138
8674,201.96138
8675,201.96138
8676,201.96138
8677,201.96138
8678,201.96138
8679,201.96138
8680,201.96138
8681,201.96138
8682,201.96138
8683,210.96138
8684,201.96138
8685,201.96138
8686,201.96138
8687,164.94138
8688,150.81423
8689,149.81423
8690,140.79423
8691,128.53123
8692,140.79423
8693,149.81423
8694,149.81423
8695,150.81423
8696,182.81423
8697,182.81423
8698,182.81423
8699,182.81423
8700,182.81423
8701,182.81423
8702,203.81423
8703,203.81423
8704,182.81423
8705,182.81423
8706,193.81423
8707,193.81423
8708,193.81423
8709,182.81423
8710,182.81423
8711,181.34723
8712,127.87643
8713,127.87643
8714,128.59343
8715,127.87643
8716,127.87643
8717,142.87643
8718,136.85643
8719,143.87643
8720,143.87643
8721,177.87643
8722,177.87643
8723,205.87643
8724,205.87643
8725,205.87643
8726,205.87643
8727,205.87643
8728,177.87643
8729,177.87643
8730,205.87643
8731,213.87643
8732,205.87643
8733,205.87643
8734,177.65843
8735,142.87643
8736,124.28199
8737,124.28199
8738,124.28199
8739,124.28199
8740,124.28199
8741,124.28199
8742,124.28199
8743,138.28199
8744,138.28199
8745,153.28199
8746,153.28199
8747,153.28199
8748,153.28199
8749,153.28199
8750,153.28199
8751,153.28199
8752,153.28199
8753,153.28199
8754,178.28199
8755,178.28199
8756,178.28199
8757,153.28199
8758,153.28199
8759,138.28199
