,cop_per_kwh
0,88.10609
1,86.10609
2,65.10609
3,65.10609
4,52.10609
5,52.10609
6,52.10609
7,52.10609
8,52.10609
9,52.10609
10,52.10609
11,52.10609
12,65.10609
13,65.10609
14,52.10609
15,52.10609
16,52.10609
17,65.10609
18,96.10609
19,96.10609
20,96.10609
21,96.10609
22,86.10609
23,65.10609
24,36.22448
25,36.22448
26,36.22348
27,36.22348
28,36.22348
29,36.22348
30,34.83848
31,36.22348
32,36.22448
33,36.22448
34,63.56048
35,63.56048
36,79.56048
37,79.56048
38,63.56048
39,63.56048
40,63.56048
41,79.56048
42,94.56048
43,94.56048
44,94.56048
45,94.56048
46,83.56048
47,63.56048
48,58.10436
49,58.10436
50,58.10436
51,58.10436
52,58.10436
53,58.10436
54,58.10436
55,62.10436
56,88.10436
57,88.10436
58,93.10436
59,93.10436
60,93.10436
61,93.10436
62,93.10436
63,93.10436
64,93.10436
65,93.10436
66,118.10436
67,118.10436
68,118.10436
69,93.10436
70,88.10436
71,62.10436
72,49.72717
73,49.72717
74,49.72717
75,49.72717
76,49.72717
77,59.72717
78,76.72717
79,89.22717
80,89.22717
81,89.22717
82,94.72717
83,94.72717
84,94.72717
85,94.72717
86,94.72717
87,94.72717
88,94.72717
89,109.72717
90,109.72717
91,109.72717
92,109.72717
93,94.72717
94,89.22717
95,86.72717
96,34.33713
97,34.33713
98,34.33713
99,34.33713
100,34.33713
101,38.34413
102,74.67313
103,83.67313
104,83.67313
105,83.67313
106,92.67313
107,92.67313
108,92.67313
109,92.67313
110,92.67313
111,92.67313
112,92.67313
113,92.67313
114,117.67313
115,127.67313
116,117.67313
117,92.67313
118,83.67313
119,83.67313
120,79.94068
121,79.94068
122,79.94068
123,79.94068
124,79.94068
125,82.94068
126,82.94068
127,79.94068
128,82.94068
129,83.44068
130,83.44068
131,83.44068
132,83.44068
133,83.44068
134,83.44068
135,83.44068
136,83.44068
137,83.44068
138,117.94068
139,127.94068
140,117.94068
141,83.44068
142,83.44068
143,83.44068
144,35.02109
145,35.02109
146,35.02109
147,35.02109
148,35.02109
149,78.35709
150,78.35709
151,78.35709
152,81.85709
153,81.85709
154,81.85709
155,81.85709
156,81.85709
157,81.85709
158,81.85709
159,81.85709
160,81.85709
161,81.85709
162,81.85709
163,101.35709
164,81.85709
165,81.85709
166,79.35709
167,78.35709
168,75.60649
169,75.60649
170,35.40249
171,35.40249
172,75.60649
173,75.60649
174,75.60649
175,78.60649
176,87.60649
177,87.60649
178,87.60649
179,87.60649
180,87.60649
181,87.60649
182,87.60649
183,87.60649
184,87.60649
185,87.60649
186,88.60649
187,88.60649
188,88.60649
189,87.60649
190,87.60649
191,87.60649
192,72.08133
193,72.08133
194,34.89233
195,34.89233
196,34.89233
197,34.89233
198,34.89233
199,34.89233
200,72.08133
201,77.08133
202,77.08133
203,77.08133
204,77.08133
205,77.08133
206,77.08133
207,77.08133
208,77.08133
209,77.08133
210,81.98133
211,81.98133
212,81.98133
213,81.98133
214,78.08133
215,77.08133
216,70.79739
217,37.60839
218,37.60839
219,37.60839
220,37.60839
221,37.60839
222,37.60839
223,37.60839
224,70.79739
225,74.79739
226,74.79739
227,79.29739
228,79.29739
229,79.29739
230,79.29739
231,74.79739
232,74.79739
233,74.79739
234,84.29739
235,84.29739
236,84.29739
237,84.29739
238,79.29739
239,74.79739
240,58.85383
241,58.85383
242,36.16483
243,36.16483
244,58.85383
245,58.85383
246,59.35383
247,63.35383
248,79.35283
249,79.35283
250,79.35283
251,84.85383
252,84.85383
253,84.85383
254,84.85383
255,84.85383
256,79.35283
257,79.35283
258,84.85383
259,84.85383
260,84.85383
261,84.85383
262,79.35283
263,63.35383
264,49.33903
265,49.33903
266,49.33903
267,49.33903
268,49.33903
269,49.33903
270,49.33903
271,53.33903
272,75.33903
273,75.33903
274,75.33903
275,75.33903
276,75.33903
277,75.33903
278,75.33903
279,79.82903
280,75.33903
281,75.33903
282,79.82903
283,79.82903
284,79.82903
285,79.82903
286,75.33903
287,53.33903
288,40.27357
289,40.27357
290,40.27357
291,40.27357
292,40.27357
293,40.27357
294,40.27357
295,40.27357
296,74.27357
297,74.27357
298,74.27357
299,74.27357
300,74.27357
301,74.27357
302,74.27357
303,74.27357
304,74.27357
305,74.27357
306,78.27357
307,89.27357
308,78.27357
309,74.27357
310,43.27357
311,43.27357
312,37.89805
313,37.89805
314,37.89805
315,37.89805
316,37.89805
317,65.89805
318,66.89805
319,71.39805
320,71.39805
321,72.89805
322,72.89805
323,72.89805
324,72.89805
325,72.89805
326,72.89805
327,72.89805
328,72.89805
329,72.89805
330,72.89805
331,72.89805
332,72.89805
333,72.89805
334,71.39805
335,66.89805
336,38.48886
337,38.48886
338,38.48886
339,36.08886
340,38.48886
341,38.48886
342,38.48886
343,65.48886
344,65.48886
345,68.48886
346,68.48886
347,68.48886
348,68.48886
349,68.48886
350,68.48886
351,65.48886
352,65.48886
353,65.48886
354,73.48886
355,73.48886
356,73.48886
357,73.48886
358,65.48886
359,65.48886
360,76.73708
361,70.73708
362,70.73708
363,70.73708
364,70.73708
365,70.73708
366,70.73708
367,70.73708
368,76.73708
369,76.73708
370,76.73708
371,76.73708
372,79.73708
373,76.73708
374,76.73708
375,76.73708
376,76.73708
377,76.73708
378,99.73708
379,99.73708
380,99.73708
381,99.73708
382,79.73708
383,76.73708
384,76.00839
385,76.00839
386,76.00839
387,76.00839
388,76.00839
389,76.00839
390,78.00839
391,81.00839
392,81.00839
393,81.00839
394,97.00839
395,97.00839
396,97.00839
397,97.00839
398,97.00839
399,97.00839
400,81.00839
401,81.00839
402,109.00839
403,147.40539
404,109.00839
405,109.00839
406,81.00839
407,78.00839
408,81.87022
409,81.87022
410,81.87022
411,81.87022
412,81.87022
413,81.87022
414,83.87022
415,107.87022
416,107.87022
417,107.87022
418,107.87022
419,115.87022
420,107.87022
421,107.87022
422,107.87022
423,107.87022
424,107.87022
425,107.87022
426,115.87022
427,115.87022
428,115.87022
429,107.87022
430,107.87022
431,81.87022
432,82.27142
433,82.27142
434,82.27142
435,82.27142
436,82.27142
437,83.27142
438,83.27142
439,84.27142
440,118.27142
441,118.27142
442,118.27142
443,119.27142
444,118.27142
445,118.27142
446,118.27142
447,118.27142
448,118.27142
449,83.96842
450,119.27142
451,119.27142
452,119.27142
453,118.27142
454,83.27142
455,83.27142
456,84.43905
457,82.43905
458,84.43905
459,84.43905
460,84.43905
461,85.43905
462,85.43905
463,87.43905
464,87.43905
465,92.43905
466,107.43905
467,117.43905
468,117.43905
469,107.43905
470,117.43905
471,117.43905
472,107.43905
473,87.43905
474,127.43905
475,127.43905
476,127.43905
477,92.43905
478,87.43905
479,84.98005
480,87.53925
481,87.03925
482,87.03925
483,87.03925
484,87.03925
485,87.53925
486,87.53925
487,87.53925
488,87.53925
489,87.53925
490,92.53925
491,92.53925
492,92.53925
493,92.53925
494,92.53925
495,92.53925
496,92.53925
497,87.53925
498,132.53925
499,132.53925
500,117.53925
501,92.53925
502,87.53925
503,87.53925
504,87.51131
505,87.51131
506,87.51131
507,87.51131
508,87.51131
509,87.51131
510,87.51131
511,87.51131
512,88.01131
513,88.01131
514,88.01131
515,88.01131
516,107.51131
517,88.01131
518,88.01131
519,88.01131
520,88.01131
521,88.01131
522,132.51131
523,147.51131
524,132.51131
525,88.01131
526,88.01131
527,87.51131
528,87.4814
529,87.4814
530,87.4814
531,87.4814
532,87.4814
533,87.4814
534,87.4814
535,87.4814
536,87.4814
537,87.4814
538,110.5004
539,110.9814
540,110.9814
541,110.9814
542,110.9814
543,110.5004
544,87.4814
545,87.4814
546,110.9814
547,131.9814
548,131.9814
549,110.9814
550,110.9814
551,87.4814
552,111.80623
553,111.30623
554,96.80623
555,96.80623
556,111.30623
557,111.80623
558,111.80623
559,112.23623
560,126.80623
561,132.80623
562,132.80623
563,132.80623
564,132.80623
565,132.80623
566,132.80623
567,132.80623
568,132.80623
569,126.80623
570,132.80623
571,141.80623
572,132.80623
573,132.80623
574,112.23623
575,111.80623
576,112.65024
577,112.65024
578,112.65024
579,112.65024
580,112.65024
581,116.65024
582,112.65024
583,116.65024
584,118.65024
585,128.65024
586,133.65024
587,133.65024
588,133.65024
589,133.65024
590,138.92824
591,133.65024
592,133.65024
593,133.65024
594,148.65024
595,148.65024
596,133.65024
597,118.65024
598,112.65024
599,116.65024
600,113.82168
601,113.82168
602,113.82168
603,113.82168
604,113.82168
605,117.82168
606,119.32168
607,124.82168
608,124.82168
609,134.82168
610,139.82168
611,139.82168
612,139.82168
613,139.82168
614,139.82168
615,124.82168
616,124.82168
617,124.82168
618,139.82168
619,149.82168
620,139.82168
621,134.82168
622,124.82168
623,119.32168
624,116.32017
625,116.32017
626,116.32017
627,116.32017
628,116.32017
629,118.32017
630,118.32017
631,118.32017
632,122.32017
633,122.32017
634,123.32017
635,123.32017
636,123.32017
637,123.32017
638,123.32017
639,122.32017
640,122.32017
641,118.32017
642,128.32017
643,158.32017
644,128.32117
645,122.32017
646,118.32017
647,116.32017
648,109.41346
649,113.91346
650,113.91346
651,113.91346
652,115.41346
653,117.41346
654,117.41346
655,117.41346
656,125.41346
657,125.41346
658,125.41346
659,125.41346
660,125.41346
661,125.41346
662,125.41346
663,125.41346
664,125.41346
665,125.41346
666,125.41346
667,157.41346
668,125.41346
669,125.41346
670,117.41346
671,117.41346
672,102.23217
673,102.23217
674,102.23217
675,102.23217
676,102.23217
677,102.23217
678,102.23217
679,107.33117
680,112.33217
681,112.33217
682,112.33217
683,112.33217
684,112.33217
685,112.33217
686,112.33217
687,112.33217
688,112.33217
689,112.33217
690,115.43217
691,115.43217
692,115.43217
693,112.33217
694,112.33217
695,107.33217
696,101.84908
697,101.84908
698,101.84908
699,101.84908
700,101.84908
701,101.84908
702,101.84908
703,101.84908
704,101.84908
705,106.84808
706,106.84808
707,106.84808
708,106.84908
709,106.84808
710,106.84808
711,106.84808
712,101.84908
713,106.84808
714,114.94908
715,115.34908
716,115.34908
717,114.94908
718,114.94908
719,101.84908
720,77.51229
721,77.51229
722,77.51229
723,77.51229
724,77.51229
725,107.51129
726,107.51129
727,107.51229
728,109.51229
729,109.51229
730,109.51229
731,115.61229
732,115.61229
733,115.61229
734,115.61229
735,115.61229
736,115.61229
737,115.61229
738,115.61229
739,133.51229
740,115.61229
741,115.61229
742,109.51229
743,107.51129
744,109.31701
745,109.31701
746,109.31701
747,109.31701
748,109.31701
749,111.81701
750,111.81701
751,111.81701
752,119.31701
753,119.31701
754,119.31701
755,119.31701
756,119.31701
757,119.31701
758,119.31701
759,119.31701
760,119.31701
761,119.31701
762,161.31701
763,222.95001
764,161.31701
765,119.31701
766,119.31701
767,111.81701
768,101.14476
769,101.14476
770,101.14476
771,101.14476
772,114.64476
773,114.64476
774,117.14476
775,117.14476
776,117.14476
777,117.14476
778,120.64376
779,120.64376
780,120.64376
781,120.64376
782,120.64376
783,120.64376
784,120.64376
785,117.14476
786,138.64476
787,162.64476
788,162.64476
789,127.64476
790,117.14476
791,114.64476
792,114.9375
793,114.9375
794,112.9375
795,112.9375
796,114.9375
797,114.9375
798,118.4375
799,118.4375
800,118.4375
801,137.9375
802,141.9275
803,142.9375
804,141.9275
805,141.9275
806,141.9275
807,141.9275
808,138.9375
809,127.9375
810,142.9375
811,162.9325
812,142.9375
813,142.9375
814,118.4375
815,114.9375
816,114.28245
817,114.28245
818,114.28245
819,114.28245
820,114.28245
821,119.28245
822,119.28245
823,119.28245
824,133.28245
825,133.28245
826,133.28245
827,133.28245
828,133.28245
829,133.28245
830,133.28245
831,133.28245
832,133.28245
833,133.28245
834,138.28245
835,163.28245
836,138.28245
837,133.28245
838,133.28245
839,119.28245
840,112.26239
841,112.26239
842,112.26239
843,112.26239
844,112.26239
845,112.26239
846,112.26239
847,114.26239
848,114.26239
849,114.76239
850,114.76239
851,114.76239
852,114.76239
853,114.76239
854,114.26239
855,114.26239
856,114.26239
857,114.26239
858,114.76239
859,138.76239
860,114.76239
861,114.76239
862,114.26239
863,112.26239
864,111.32945
865,111.32945
866,108.82945
867,108.82945
868,108.82945
869,108.82945
870,108.82945
871,108.82945
872,111.32945
873,111.32945
874,111.32945
875,111.32945
876,112.82945
877,112.82945
878,111.32945
879,111.32945
880,111.32945
881,111.32945
882,112.82945
883,145.82945
884,145.82945
885,112.82945
886,112.82945
887,111.32945
888,107.17156
889,107.17156
890,107.17156
891,107.17156
892,109.73556
893,113.23556
894,113.23556
895,113.23556
896,113.23556
897,113.23556
898,113.23556
899,113.23556
900,113.23556
901,113.23556
902,113.23556
903,113.23556
904,113.23556
905,116.23556
906,119.73556
907,119.73556
908,119.73556
909,116.23556
910,113.23556
911,113.23556
912,110.21279
913,105.53979
914,105.53979
915,105.53979
916,110.21279
917,110.31279
918,110.31279
919,110.31279
920,113.31279
921,113.31279
922,113.31279
923,113.31279
924,113.31279
925,113.31279
926,113.31279
927,113.31279
928,113.31279
929,113.31279
930,114.31279
931,114.31279
932,114.31279
933,113.31279
934,110.31279
935,110.21279
936,106.39264
937,105.16564
938,105.16564
939,105.16564
940,105.16564
941,110.16564
942,110.16564
943,110.16564
944,110.16564
945,110.16564
946,110.16564
947,110.16564
948,110.16564
949,110.16564
950,110.16564
951,110.16564
952,110.16564
953,110.16564
954,114.66564
955,114.66564
956,113.16564
957,110.96564
958,110.16564
959,106.39264
960,102.13575
961,102.13575
962,102.13575
963,102.13575
964,102.13575
965,103.34475
966,103.34475
967,103.34475
968,108.13575
969,108.13575
970,108.13575
971,112.63575
972,108.13575
973,111.13575
974,112.13575
975,112.13575
976,111.13575
977,111.13575
978,113.13575
979,113.63575
980,113.63575
981,113.13575
982,108.13575
983,103.34475
984,99.75945
985,99.75945
986,99.75945
987,99.75945
988,99.75945
989,103.75945
990,107.75945
991,107.75945
992,107.75945
993,107.75945
994,107.75945
995,107.75945
996,107.75945
997,107.75945
998,108.75945
999,107.75945
1000,107.75945
1001,107.75945
1002,110.75945
1003,112.75945
1004,108.75945
1005,107.75945
1006,103.75945
1007,103.75945
1008,98.48522
1009,97.98522
1010,97.98522
1011,97.98522
1012,97.98522
1013,100.98522
1014,100.98522
1015,106.98522
1016,110.48522
1017,110.48522
1018,112.80922
1019,112.80922
1020,112.98522
1021,112.80922
1022,110.48522
1023,110.48522
1024,110.48522
1025,110.48522
1026,112.98522
1027,112.98522
1028,112.98522
1029,112.98522
1030,110.48522
1031,106.98522
1032,102.94456
1033,102.94456
1034,102.94456
1035,102.94456
1036,102.94456
1037,102.94456
1038,102.94456
1039,102.94456
1040,102.94456
1041,102.94456
1042,102.94456
1043,107.94456
1044,111.44456
1045,107.94456
1046,102.94456
1047,102.94456
1048,102.94456
1049,107.94456
1050,113.94456
1051,113.94456
1052,113.94456
1053,113.44456
1054,111.44456
1055,102.94456
1056,96.61266
1057,96.61266
1058,96.61266
1059,96.61266
1060,97.61266
1061,101.61266
1062,106.61266
1063,106.61266
1064,106.61266
1065,106.61266
1066,108.61266
1067,108.61266
1068,108.61266
1069,108.61266
1070,108.61266
1071,108.61266
1072,108.61266
1073,108.61266
1074,110.61366
1075,110.61366
1076,110.61366
1077,108.61266
1078,106.61266
1079,97.68666
1080,97.52171
1081,97.52171
1082,97.52171
1083,97.52171
1084,97.52171
1085,97.52171
1086,98.52171
1087,98.52171
1088,100.52171
1089,100.52171
1090,102.52171
1091,102.52171
1092,102.52171
1093,102.52171
1094,103.52171
1095,102.52171
1096,102.52171
1097,102.52171
1098,108.52171
1099,168.98071
1100,108.52171
1101,102.52171
1102,98.52171
1103,97.52171
1104,90.6608
1105,90.6608
1106,90.6608
1107,90.6608
1108,90.6608
1109,91.6608
1110,91.6608
1111,91.6608
1112,93.0088
1113,93.0088
1114,94.6608
1115,94.6608
1116,94.6608
1117,94.6608
1118,94.6608
1119,94.6608
1120,94.6608
1121,94.6608
1122,99.1608
1123,99.1608
1124,99.1608
1125,94.6608
1126,91.6608
1127,91.6608
1128,85.18062
1129,85.18062
1130,85.18062
1131,85.18062
1132,85.18062
1133,91.18062
1134,92.68062
1135,92.68062
1136,92.68062
1137,92.68062
1138,93.18062
1139,93.18062
1140,92.68062
1141,92.68062
1142,93.18062
1143,93.18062
1144,93.18062
1145,92.68062
1146,93.18062
1147,103.18062
1148,93.18062
1149,92.68062
1150,91.18062
1151,88.18062
1152,84.18053
1153,83.18053
1154,83.18053
1155,83.18053
1156,84.18053
1157,90.18053
1158,97.18053
1159,97.18053
1160,97.18053
1161,97.18053
1162,111.68053
1163,124.18053
1164,102.18053
1165,102.18053
1166,124.18053
1167,124.18053
1168,102.18053
1169,102.18053
1170,124.18053
1171,124.18053
1172,124.18053
1173,124.18053
1174,97.18053
1175,90.18053
1176,89.8827
1177,87.8827
1178,86.8827
1179,86.8827
1180,87.8827
1181,89.8827
1182,89.8827
1183,90.8827
1184,90.8827
1185,90.8827
1186,95.7827
1187,95.7827
1188,95.7827
1189,90.8827
1190,90.8827
1191,90.8827
1192,90.8827
1193,90.8827
1194,95.7827
1195,95.7827
1196,95.7827
1197,95.7827
1198,90.8827
1199,89.8827
1200,95.19956
1201,89.39956
1202,85.39956
1203,85.39956
1204,85.39956
1205,85.39956
1206,85.39956
1207,89.39956
1208,95.19956
1209,95.19956
1210,95.19956
1211,95.19956
1212,95.19956
1213,95.19956
1214,95.19956
1215,95.19956
1216,95.19956
1217,95.19956
1218,95.29956
1219,95.29956
1220,95.29956
1221,95.29956
1222,95.19956
1223,95.19956
1224,92.13041
1225,92.13041
1226,92.13041
1227,92.13041
1228,92.13041
1229,94.73041
1230,94.73041
1231,94.73041
1232,94.73041
1233,94.73041
1234,96.63041
1235,96.63041
1236,96.63041
1237,96.63041
1238,96.63041
1239,96.63041
1240,96.63041
1241,94.73041
1242,96.63041
1243,142.74541
1244,97.73041
1245,96.63041
1246,94.73041
1247,92.13041
1248,94.65163
1249,88.75163
1250,88.75163
1251,88.75163
1252,94.65163
1253,94.65163
1254,94.75163
1255,96.95163
1256,96.95163
1257,96.95163
1258,96.95163
1259,97.75163
1260,96.95163
1261,96.95163
1262,100.75163
1263,100.75163
1264,97.75163
1265,96.95163
1266,97.75163
1267,169.21063
1268,100.75163
1269,96.95163
1270,94.75163
1271,94.65163
1272,93.13867
1273,93.13867
1274,93.13867
1275,93.13867
1276,93.13867
1277,93.13867
1278,93.63867
1279,93.63867
1280,93.63867
1281,93.63867
1282,97.13867
1283,97.13867
1284,97.13867
1285,97.13867
1286,97.13867
1287,97.13867
1288,97.13867
1289,93.63867
1290,100.13867
1291,107.13867
1292,100.13867
1293,93.63867
1294,93.13867
1295,93.13867
1296,92.77568
1297,92.77568
1298,92.67668
1299,92.67668
1300,92.77568
1301,94.97668
1302,94.97668
1303,94.97668
1304,102.77668
1305,102.77668
1306,102.77668
1307,102.77668
1308,102.77668
1309,102.77668
1310,102.77668
1311,102.77668
1312,102.77668
1313,102.77668
1314,102.77668
1315,107.77668
1316,102.77668
1317,102.77668
1318,94.97668
1319,94.97668
1320,87.86398
1321,87.86398
1322,87.86398
1323,87.36398
1324,87.86398
1325,94.36398
1326,94.36398
1327,91.36398
1328,91.36398
1329,93.36298
1330,94.36398
1331,124.36398
1332,124.36398
1333,124.36398
1334,124.36398
1335,124.36398
1336,124.36398
1337,94.36398
1338,124.36398
1339,124.36398
1340,124.36398
1341,94.36398
1342,94.36398
1343,91.36398
1344,90.12683
1345,89.62683
1346,89.62683
1347,89.62683
1348,89.62683
1349,90.12683
1350,90.12683
1351,93.12683
1352,93.12683
1353,93.12683
1354,96.59183
1355,101.62683
1356,101.62683
1357,93.12683
1358,93.12683
1359,93.12683
1360,93.12683
1361,93.12683
1362,102.62683
1363,102.62683
1364,102.62683
1365,116.62683
1366,93.12683
1367,93.12683
1368,97.54079
1369,97.54079
1370,97.54079
1371,97.54079
1372,97.54079
1373,97.54079
1374,90.39079
1375,90.39079
1376,91.29179
1377,97.54079
1378,97.54079
1379,97.54079
1380,97.54079
1381,97.54079
1382,97.54079
1383,97.54079
1384,97.54079
1385,97.54079
1386,104.39079
1387,106.39079
1388,105.89079
1389,104.39079
1390,97.54079
1391,91.29179
1392,83.78388
1393,83.78388
1394,83.78388
1395,83.78388
1396,83.78388
1397,86.28388
1398,86.28388
1399,86.28388
1400,96.75388
1401,96.75388
1402,106.28388
1403,107.28388
1404,107.28388
1405,107.28388
1406,107.28388
1407,107.28388
1408,107.28388
1409,106.28388
1410,107.28388
1411,107.28388
1412,107.28388
1413,106.28388
1414,86.28388
1415,85.28388
1416,85.01487
1417,85.01487
1418,85.01487
1419,85.01487
1420,85.01487
1421,85.01487
1422,92.01487
1423,92.01487
1424,85.01487
1425,85.01487
1426,88.51487
1427,93.51487
1428,92.01487
1429,92.01487
1430,88.51487
1431,88.51487
1432,88.51487
1433,92.01487
1434,93.51487
1435,93.51487
1436,93.51487
1437,92.01487
1438,92.01487
1439,85.01487
1440,82.41807
1441,82.41807
1442,82.41807
1443,82.41807
1444,82.41807
1445,82.91807
1446,82.91807
1447,82.91807
1448,89.91807
1449,92.96107
1450,93.91807
1451,93.91807
1452,93.91807
1453,89.91807
1454,89.91807
1455,92.96107
1456,92.96107
1457,89.91807
1458,93.91807
1459,93.91807
1460,93.91807
1461,89.91807
1462,82.91807
1463,82.41807
1464,81.21943
1465,81.21943
1466,81.21943
1467,81.21943
1468,81.21943
1469,86.21943
1470,86.21943
1471,94.21943
1472,98.21943
1473,98.21943
1474,94.21943
1475,94.21943
1476,86.21943
1477,98.21943
1478,98.21943
1479,98.21943
1480,98.21943
1481,98.21943
1482,101.21943
1483,101.21943
1484,101.21943
1485,98.21943
1486,94.21943
1487,83.21943
1488,78.73866
1489,77.73866
1490,77.73866
1491,77.73866
1492,78.73866
1493,80.43866
1494,84.73866
1495,84.73866
1496,84.73866
1497,84.73866
1498,88.23866
1499,88.23866
1500,88.23866
1501,88.23866
1502,88.23866
1503,88.23866
1504,88.23866
1505,88.23866
1506,88.23866
1507,95.73866
1508,88.23866
1509,88.23866
1510,84.73866
1511,80.23866
1512,79.05479
1513,79.05479
1514,79.05479
1515,79.05479
1516,79.05479
1517,79.05479
1518,79.05479
1519,80.55479
1520,80.55479
1521,80.55479
1522,80.55479
1523,82.05479
1524,82.05479
1525,80.55479
1526,80.55479
1527,80.55479
1528,80.55479
1529,80.55479
1530,86.05479
1531,86.05479
1532,86.05479
1533,82.05479
1534,80.55479
1535,79.05479
1536,76.62622
1537,76.62622
1538,76.62622
1539,76.62622
1540,76.62622
1541,76.62622
1542,76.62622
1543,76.62622
1544,76.62622
1545,77.62622
1546,77.62622
1547,84.62622
1548,84.62622
1549,84.62622
1550,77.62622
1551,77.62622
1552,77.62622
1553,84.62622
1554,94.62622
1555,94.62622
1556,94.62622
1557,84.62622
1558,84.62622
1559,76.62622
1560,78.78229
1561,76.78229
1562,76.78229
1563,76.78229
1564,78.78229
1565,79.78229
1566,79.78229
1567,79.78229
1568,87.28229
1569,87.28229
1570,90.78229
1571,90.78229
1572,90.78229
1573,90.78229
1574,90.78229
1575,90.78229
1576,90.78229
1577,90.78229
1578,125.78229
1579,133.34529
1580,110.78229
1581,90.78229
1582,79.78229
1583,76.78229
1584,76.97689
1585,76.97689
1586,76.97689
1587,76.97689
1588,78.97689
1589,82.87689
1590,82.87689
1591,82.87689
1592,82.97689
1593,82.97689
1594,90.97689
1595,90.97689
1596,90.97689
1597,90.97689
1598,90.97689
1599,90.97689
1600,90.97689
1601,90.97689
1602,125.97689
1603,125.97689
1604,100.87689
1605,90.97689
1606,82.97689
1607,82.87689
1608,80.35178
1609,76.35178
1610,76.35178
1611,76.35178
1612,76.35178
1613,80.35178
1614,80.35178
1615,80.35178
1616,81.35178
1617,81.85178
1618,81.85178
1619,93.35178
1620,81.85178
1621,81.85178
1622,93.35178
1623,93.35178
1624,93.35178
1625,81.85178
1626,105.55278
1627,105.55278
1628,100.25178
1629,81.85178
1630,80.35178
1631,80.35178
1632,75.88979
1633,75.88979
1634,75.88979
1635,75.88979
1636,75.88979
1637,81.48979
1638,81.48979
1639,81.48979
1640,81.48979
1641,81.48979
1642,81.48979
1643,82.38979
1644,81.48979
1645,81.48979
1646,82.38979
1647,82.38979
1648,82.38979
1649,81.48979
1650,93.38979
1651,106.38979
1652,104.88979
1653,86.38979
1654,82.38979
1655,81.48979
1656,73.15377
1657,73.15377
1658,73.15377
1659,73.15377
1660,73.15377
1661,73.65377
1662,73.65377
1663,76.15377
1664,81.15377
1665,81.15377
1666,81.15377
1667,81.15377
1668,81.15377
1669,81.15377
1670,81.15377
1671,81.15377
1672,81.15377
1673,81.15377
1674,92.15377
1675,92.15377
1676,92.15377
1677,81.15377
1678,76.15377
1679,73.65377
1680,70.58918
1681,70.58918
1682,70.58918
1683,70.58918
1684,70.58918
1685,70.58918
1686,72.68918
1687,72.68918
1688,79.68918
1689,79.68918
1690,85.68918
1691,85.68918
1692,85.68918
1693,79.68918
1694,79.68918
1695,79.68918
1696,79.68918
1697,79.68918
1698,85.68918
1699,85.68918
1700,85.68918
1701,79.68918
1702,74.68918
1703,72.68918
1704,80.63329
1705,80.63329
1706,80.63329
1707,73.53329
1708,73.53329
1709,80.63329
1710,73.53329
1711,80.63329
1712,81.63329
1713,81.63329
1714,84.63329
1715,84.63329
1716,84.63329
1717,84.63329
1718,84.63329
1719,81.63329
1720,81.63329
1721,84.63329
1722,84.63329
1723,85.63329
1724,85.63329
1725,85.13329
1726,84.63329
1727,81.63329
1728,80.84809
1729,80.84809
1730,80.84809
1731,80.84809
1732,80.84809
1733,84.94809
1734,84.94809
1735,84.94809
1736,84.94809
1737,86.84809
1738,86.84809
1739,86.84809
1740,86.84809
1741,86.84809
1742,86.84809
1743,86.84809
1744,86.84809
1745,86.84809
1746,100.84809
1747,101.84809
1748,101.84809
1749,86.84809
1750,84.94809
1751,84.94809
1752,84.08302
1753,84.08302
1754,81.08302
1755,84.08302
1756,84.08302
1757,84.08302
1758,85.58302
1759,85.58302
1760,86.08302
1761,86.08302
1762,86.08302
1763,86.08302
1764,86.08302
1765,86.08302
1766,86.08302
1767,86.08302
1768,86.08302
1769,86.08302
1770,101.08302
1771,101.08302
1772,92.08302
1773,86.08302
1774,85.58302
1775,84.08302
1776,81.7124
1777,81.7124
1778,79.7124
1779,81.7124
1780,81.7124
1781,81.7124
1782,84.7124
1783,84.7124
1784,84.7124
1785,84.7124
1786,84.7124
1787,84.7124
1788,84.7124
1789,84.7124
1790,84.7124
1791,84.7124
1792,91.7124
1793,84.7124
1794,96.7124
1795,136.7024
1796,96.7124
1797,96.7124
1798,84.7124
1799,81.7124
1800,75.00063
1801,75.00063
1802,75.00063
1803,75.00063
1804,75.00063
1805,78.00063
1806,78.00063
1807,80.00063
1808,80.00063
1809,80.00063
1810,95.00063
1811,95.00063
1812,80.00063
1813,80.00063
1814,95.00063
1815,95.00063
1816,95.00063
1817,80.00063
1818,95.00063
1819,120.00063
1820,95.00063
1821,95.00063
1822,80.00063
1823,78.00063
1824,70.39471
1825,70.39471
1826,70.39471
1827,70.39471
1828,72.59471
1829,78.59471
1830,78.59471
1831,78.59471
1832,78.59471
1833,78.59471
1834,80.49471
1835,80.59471
1836,80.49471
1837,80.49471
1838,80.59471
1839,80.59471
1840,80.49471
1841,80.49471
1842,80.59471
1843,100.59471
1844,80.59471
1845,80.59471
1846,78.59471
1847,75.59471
1848,70.12955
1849,70.12955
1850,70.12955
1851,70.12955
1852,70.12955
1853,72.32955
1854,72.32955
1855,78.22955
1856,78.32955
1857,78.32955
1858,78.32955
1859,78.32955
1860,78.32955
1861,78.32955
1862,78.32955
1863,78.32955
1864,78.32955
1865,78.32955
1866,79.32955
1867,79.32955
1868,79.32955
1869,78.32955
1870,78.22955
1871,78.22955
1872,69.7732
1873,69.7732
1874,69.7732
1875,69.7732
1876,69.7732
1877,69.7732
1878,69.7732
1879,71.9732
1880,71.9732
1881,78.9732
1882,78.9732
1883,79.9732
1884,79.9732
1885,79.9732
1886,79.9732
1887,78.9732
1888,78.9732
1889,79.9732
1890,94.9732
1891,94.9732
1892,94.9732
1893,79.9732
1894,79.9732
1895,78.9732
1896,70.9704
1897,70.9704
1898,70.9704
1899,70.9704
1900,70.9704
1901,70.9704
1902,70.9704
1903,76.0704
1904,80.0704
1905,81.0704
1906,81.0704
1907,81.0704
1908,102.0704
1909,102.0704
1910,81.0704
1911,81.0704
1912,81.0704
1913,81.0704
1914,111.0704
1915,111.0704
1916,111.0704
1917,102.0704
1918,81.0704
1919,80.0704
1920,71.00741
1921,71.00741
1922,71.00741
1923,71.00741
1924,71.00741
1925,81.10741
1926,101.10741
1927,101.10741
1928,102.10741
1929,111.00741
1930,111.10741
1931,111.10741
1932,111.10741
1933,111.10741
1934,111.10741
1935,111.10741
1936,111.10741
1937,111.10741
1938,111.10741
1939,138.53541
1940,111.10741
1941,102.10741
1942,81.10741
1943,81.10741
1944,73.54778
1945,73.54778
1946,73.54778
1947,73.54778
1948,73.54778
1949,80.54778
1950,80.54778
1951,80.54778
1952,80.54778
1953,80.54778
1954,80.54778
1955,81.54778
1956,80.54778
1957,80.54778
1958,81.54778
1959,81.54778
1960,81.54778
1961,81.54778
1962,81.54778
1963,88.54778
1964,81.54778
1965,81.54778
1966,80.54778
1967,76.54778
1968,35.43692
1969,35.43692
1970,35.43692
1971,35.43692
1972,37.88992
1973,71.05292
1974,71.05292
1975,71.15292
1976,71.15292
1977,76.15292
1978,76.15292
1979,77.15292
1980,77.15292
1981,76.15292
1982,77.15292
1983,81.15292
1984,77.15292
1985,77.15292
1986,81.15292
1987,139.96592
1988,81.15292
1989,77.15292
1990,71.15292
1991,71.05292
1992,37.23526
1993,37.23526
1994,37.23526
1995,37.23526
1996,37.23526
1997,37.23526
1998,62.95126
1999,62.95126
2000,70.95126
2001,70.95126
2002,82.95126
2003,82.95126
2004,82.95126
2005,82.95126
2006,82.95126
2007,82.95126
2008,82.95126
2009,82.95126
2010,82.95126
2011,82.95126
2012,82.95126
2013,82.95126
2014,62.95126
2015,37.23526
2016,38.25563
2017,38.25563
2018,38.25563
2019,38.25563
2020,38.25563
2021,38.25563
2022,38.25563
2023,40.55563
2024,58.97163
2025,58.97163
2026,71.97163
2027,71.97163
2028,71.97163
2029,71.97163
2030,58.97163
2031,58.97163
2032,58.97163
2033,58.97163
2034,83.97163
2035,83.97163
2036,83.97163
2037,71.97163
2038,58.97163
2039,50.47463
2040,39.12404
2041,39.12404
2042,39.12404
2043,39.12404
2044,39.12404
2045,39.12404
2046,39.12404
2047,39.12404
2048,39.12504
2049,39.12504
2050,39.12504
2051,41.42404
2052,41.42504
2053,41.42404
2054,39.12504
2055,39.12504
2056,39.12504
2057,39.12504
2058,64.84004
2059,84.84004
2060,84.84004
2061,64.84004
2062,59.84004
2063,39.12504
2064,37.49835
2065,37.49835
2066,37.49835
2067,37.49835
2068,37.49835
2069,43.21435
2070,48.21435
2071,48.21435
2072,83.20935
2073,83.21435
2074,83.21435
2075,83.21435
2076,83.21435
2077,83.21435
2078,83.21435
2079,83.21435
2080,83.21435
2081,83.21435
2082,83.21435
2083,171.26135
2084,83.21435
2085,83.21435
2086,43.21435
2087,39.79835
2088,37.03202
2089,37.03202
2090,37.03202
2091,37.03202
2092,39.33202
2093,39.33302
2094,42.74802
2095,42.74802
2096,57.74802
2097,82.74702
2098,82.74802
2099,82.74802
2100,82.74802
2101,82.74802
2102,82.74802
2103,82.74802
2104,82.74802
2105,82.74702
2106,82.74802
2107,170.71602
2108,82.74802
2109,82.74802
2110,42.74802
2111,39.33202
2112,38.74226
2113,41.04226
2114,41.04226
2115,41.04226
2116,41.04226
2117,44.45826
2118,44.45826
2119,44.45826
2120,79.45726
2121,84.45626
2122,84.45626
2123,84.45626
2124,84.45626
2125,84.45626
2126,84.45626
2127,84.45626
2128,84.45626
2129,83.45826
2130,84.45626
2131,172.42626
2132,84.45626
2133,83.45826
2134,44.45826
2135,41.04326
2136,40.96869
2137,40.96869
2138,40.96869
2139,40.96869
2140,40.96869
2141,74.38269
2142,74.38269
2143,74.38269
2144,81.38369
2145,81.38369
2146,95.38369
2147,95.38369
2148,95.38369
2149,95.38369
2150,95.38369
2151,95.38369
2152,95.38369
2153,81.38369
2154,95.38369
2155,172.35169
2156,95.38369
2157,95.38369
2158,74.38269
2159,40.96869
2160,70.1099
2161,70.1099
2162,70.1099
2163,70.1099
2164,70.1099
2165,70.1099
2166,70.1099
2167,85.6099
2168,85.6099
2169,86.1099
2170,86.1099
2171,87.1099
2172,86.1099
2173,86.1099
2174,86.1099
2175,112.1099
2176,87.1099
2177,86.1099
2178,112.1099
2179,112.1099
2180,112.1099
2181,86.1099
2182,85.6099
2183,70.1099
2184,69.09414
2185,69.09414
2186,69.09414
2187,69.09414
2188,69.09414
2189,69.09414
2190,69.09414
2191,84.59414
2192,84.59414
2193,84.59414
2194,84.59414
2195,86.09414
2196,86.09414
2197,84.59414
2198,84.59414
2199,84.59414
2200,84.59414
2201,84.59414
2202,101.09414
2203,116.09414
2204,116.09414
2205,101.09414
2206,84.59414
2207,84.59414
2208,78.17649
2209,78.17649
2210,78.17649
2211,71.17649
2212,71.17649
2213,71.17649
2214,66.17649
2215,78.17649
2216,78.17649
2217,80.17649
2218,80.17649
2219,80.17649
2220,80.17649
2221,80.17649
2222,80.17649
2223,80.17649
2224,80.17649
2225,80.17649
2226,85.67649
2227,116.17649
2228,86.17649
2229,80.17649
2230,80.17649
2231,78.17649
2232,69.11518
2233,69.11518
2234,66.11518
2235,66.11518
2236,72.11518
2237,79.01518
2238,79.01518
2239,80.61518
2240,80.61518
2241,80.61518
2242,82.11518
2243,122.11518
2244,122.11518
2245,92.11518
2246,92.11518
2247,92.11518
2248,92.11518
2249,82.11518
2250,122.11518
2251,173.94718
2252,122.11518
2253,82.11518
2254,80.61518
2255,79.01518
2256,75.01861
2257,75.01861
2258,75.01861
2259,75.01861
2260,75.01861
2261,81.51861
2262,81.61861
2263,90.51861
2264,90.51861
2265,90.51861
2266,90.51861
2267,125.01861
2268,90.51861
2269,90.51861
2270,90.51861
2271,93.01861
2272,90.51861
2273,90.51861
2274,125.01861
2275,174.85061
2276,125.01861
2277,90.51861
2278,90.51861
2279,81.51861
2280,86.01112
2281,86.01112
2282,86.01112
2283,86.01112
2284,86.01112
2285,88.01112
2286,88.01112
2287,88.01112
2288,129.51112
2289,129.51112
2290,129.51112
2291,129.51112
2292,129.51112
2293,129.51112
2294,129.51112
2295,129.51112
2296,129.51112
2297,129.51112
2298,129.51112
2299,129.51112
2300,129.51112
2301,129.51112
2302,88.01112
2303,88.01112
2304,84.75227
2305,84.75227
2306,84.75227
2307,84.75227
2308,93.75227
2309,93.75227
2310,112.75227
2311,117.75227
2312,122.25227
2313,122.25227
2314,122.25227
2315,122.25227
2316,122.25227
2317,122.25227
2318,122.25227
2319,122.25227
2320,122.25227
2321,122.25227
2322,130.65227
2323,164.75127
2324,130.65227
2325,122.25227
2326,112.75227
2327,93.75227
2328,86.60216
2329,86.60216
2330,86.60216
2331,86.60216
2332,97.60216
2333,97.60216
2334,114.60216
2335,114.60216
2336,121.10216
2337,121.10216
2338,121.10216
2339,121.10216
2340,121.10216
2341,121.10216
2342,121.10216
2343,121.10216
2344,121.10216
2345,121.10216
2346,129.50216
2347,129.50216
2348,121.10216
2349,121.10216
2350,97.60216
2351,97.60216
2352,97.03205
2353,97.03205
2354,97.03205
2355,97.03205
2356,97.03205
2357,97.03205
2358,97.03205
2359,101.03205
2360,114.03205
2361,120.53205
2362,120.53205
2363,120.53205
2364,120.53205
2365,120.53205
2366,120.53205
2367,120.53205
2368,120.53205
2369,120.53205
2370,126.03205
2371,128.93205
2372,120.53205
2373,120.53205
2374,101.03205
2375,101.03205
2376,96.44662
2377,96.44662
2378,96.44662
2379,96.44662
2380,96.44662
2381,96.44662
2382,96.44662
2383,96.44662
2384,96.44662
2385,99.44662
2386,99.44662
2387,100.44662
2388,100.44662
2389,100.44662
2390,99.44662
2391,99.44662
2392,99.44662
2393,99.44662
2394,128.34662
2395,140.44662
2396,140.44662
2397,128.34662
2398,99.44662
2399,96.44662
2400,85.07302
2401,85.07302
2402,85.07302
2403,85.07302
2404,85.07302
2405,96.07302
2406,96.07302
2407,99.07302
2408,99.07302
2409,116.07302
2410,119.07302
2411,119.07302
2412,116.07302
2413,116.07302
2414,116.07302
2415,116.07302
2416,116.07302
2417,116.07302
2418,119.07302
2419,125.07302
2420,119.07302
2421,99.07302
2422,96.07302
2423,94.07302
2424,81.74882
2425,36.79482
2426,36.79482
2427,36.79482
2428,81.74882
2429,96.74882
2430,96.74882
2431,96.74882
2432,97.74882
2433,113.74882
2434,113.74882
2435,113.74882
2436,113.74882
2437,113.74882
2438,113.74882
2439,113.74882
2440,113.74882
2441,113.74882
2442,116.74882
2443,130.74882
2444,113.74882
2445,113.74882
2446,96.74882
2447,81.74882
2448,37.02356
2449,37.02356
2450,37.02356
2451,37.02356
2452,38.01756
2453,69.97756
2454,93.97756
2455,93.97756
2456,93.97756
2457,96.97756
2458,96.97756
2459,96.97756
2460,96.97756
2461,96.97756
2462,96.97756
2463,96.97756
2464,96.97756
2465,96.97756
2466,100.97756
2467,135.97756
2468,96.97756
2469,93.97756
2470,93.97756
2471,38.01756
2472,34.9412
2473,34.9412
2474,34.9412
2475,34.9412
2476,34.9412
2477,34.9412
2478,36.9472
2479,36.9472
2480,60.9012
2481,95.9012
2482,96.9012
2483,96.9012
2484,96.9012
2485,96.9012
2486,96.9012
2487,96.9012
2488,96.9012
2489,96.9012
2490,96.9012
2491,160.6922
2492,96.9012
2493,95.9012
2494,34.9422
2495,34.9412
2496,34.31293
2497,34.31293
2498,34.31293
2499,34.31293
2500,34.31293
2501,36.31893
2502,36.31893
2503,36.31893
2504,80.27293
2505,80.27293
2506,80.27293
2507,80.27293
2508,80.27293
2509,80.27293
2510,80.27293
2511,80.27293
2512,80.27293
2513,80.27293
2514,100.27293
2515,135.27293
2516,80.27293
2517,80.27293
2518,36.31893
2519,34.31293
2520,34.89603
2521,34.89603
2522,34.89603
2523,34.89603
2524,34.89603
2525,34.89603
2526,34.89703
2527,34.89803
2528,37.48503
2529,37.48503
2530,37.48503
2531,37.48503
2532,37.48503
2533,37.48503
2534,37.48503
2535,37.48503
2536,37.48503
2537,37.48503
2538,80.85603
2539,80.85603
2540,80.85603
2541,37.48503
2542,34.89803
2543,34.89703
2544,35.2553
2545,35.2553
2546,35.2553
2547,35.2553
2548,35.2553
2549,35.2553
2550,35.2553
2551,35.2553
2552,35.2553
2553,35.2553
2554,35.2553
2555,35.2553
2556,35.2553
2557,35.2553
2558,35.2553
2559,35.2553
2560,35.2553
2561,35.2553
2562,37.8443
2563,81.2153
2564,37.8443
2565,37.8443
2566,35.2553
2567,35.2553
2568,36.04718
2569,36.04718
2570,36.04718
2571,36.04718
2572,36.04718
2573,36.04718
2574,36.04718
2575,36.04718
2576,38.63618
2577,38.63618
2578,38.63618
2579,82.00718
2580,82.00718
2581,38.63618
2582,82.00718
2583,82.00718
2584,82.00718
2585,82.00718
2586,82.00718
2587,82.00718
2588,82.00718
2589,82.00718
2590,38.63618
2591,36.04718
2592,35.90703
2593,35.90703
2594,35.90703
2595,35.90703
2596,35.90703
2597,35.90703
2598,35.90703
2599,38.49603
2600,41.86703
2601,41.86703
2602,81.86703
2603,81.86703
2604,81.86703
2605,81.86703
2606,81.86703
2607,81.86703
2608,81.86703
2609,81.86703
2610,81.86703
2611,126.76203
2612,81.86703
2613,81.86703
2614,41.86703
2615,35.90703
2616,34.09835
2617,34.09835
2618,34.09835
2619,34.09835
2620,34.09835
2621,34.09835
2622,34.09835
2623,36.68835
2624,40.05835
2625,40.05835
2626,80.05835
2627,80.05835
2628,80.05835
2629,80.05835
2630,80.05835
2631,80.05835
2632,36.68835
2633,40.05835
2634,80.05835
2635,80.05835
2636,80.05835
2637,80.05835
2638,34.09835
2639,34.09835
2640,33.99156
2641,33.99156
2642,33.99156
2643,33.99156
2644,33.99156
2645,33.99156
2646,33.99156
2647,33.99156
2648,33.99156
2649,33.99156
2650,36.58056
2651,36.58056
2652,38.95156
2653,38.95156
2654,36.58156
2655,36.58156
2656,36.58156
2657,36.58156
2658,74.95156
2659,74.95156
2660,74.95156
2661,38.95156
2662,36.58156
2663,36.58156
2664,35.55357
2665,35.55357
2666,35.55357
2667,35.55357
2668,35.55357
2669,35.55357
2670,35.55357
2671,35.55357
2672,35.55357
2673,35.55357
2674,36.01357
2675,36.01357
2676,36.01357
2677,36.01357
2678,36.01357
2679,36.01357
2680,35.55357
2681,36.01357
2682,38.01357
2683,38.01357
2684,38.01357
2685,38.01357
2686,36.01357
2687,35.55357
2688,34.32484
2689,34.32484
2690,34.32484
2691,34.32484
2692,34.32484
2693,34.32484
2694,34.32484
2695,34.32484
2696,34.78484
2697,34.78484
2698,34.78484
2699,36.68584
2700,36.68584
2701,36.68584
2702,36.68484
2703,34.78484
2704,34.78484
2705,36.68484
2706,36.78484
2707,36.78484
2708,36.78484
2709,36.68584
2710,34.78484
2711,34.78484
2712,37.20115
2713,37.20115
2714,37.20115
2715,37.20115
2716,37.20115
2717,37.20115
2718,37.20115
2719,37.20115
2720,37.20115
2721,37.20115
2722,37.20115
2723,37.20115
2724,39.16115
2725,39.16115
2726,37.20115
2727,37.20115
2728,37.20115
2729,39.16115
2730,39.56215
2731,48.16115
2732,48.16115
2733,39.56215
2734,39.16115
2735,37.20115
2736,35.9067
2737,35.9067
2738,35.9067
2739,35.9067
2740,35.9067
2741,35.9067
2742,35.9067
2743,36.8667
2744,38.2677
2745,86.3667
2746,86.3667
2747,86.3667
2748,86.3667
2749,86.3667
2750,86.3667
2751,86.3667
2752,86.3667
2753,86.3667
2754,86.3667
2755,126.8667
2756,86.3667
2757,38.2677
2758,36.8667
2759,35.9067
2760,34.23255
2761,34.23255
2762,34.23255
2763,34.23255
2764,34.23255
2765,35.19255
2766,35.19255
2767,35.19255
2768,36.59355
2769,87.19255
2770,87.19255
2771,87.19255
2772,87.19255
2773,87.19255
2774,87.19255
2775,87.19255
2776,87.19255
2777,87.19255
2778,87.19255
2779,125.19255
2780,87.19255
2781,87.19255
2782,36.59355
2783,35.19255
2784,34.94122
2785,34.94022
2786,34.94022
2787,34.94022
2788,34.94122
2789,35.50022
2790,35.50022
2791,37.30122
2792,37.30122
2793,90.90022
2794,90.90022
2795,90.90022
2796,90.90022
2797,90.90022
2798,90.90022
2799,90.90022
2800,90.90022
2801,90.90022
2802,90.90022
2803,145.31522
2804,90.90022
2805,90.90022
2806,37.30122
2807,35.50022
2808,34.24485
2809,34.24485
2810,34.24485
2811,34.24485
2812,34.24485
2813,36.60485
2814,36.60585
2815,36.60585
2816,36.60585
2817,36.60585
2818,90.20485
2819,90.20485
2820,90.20485
2821,90.20485
2822,90.20485
2823,90.20485
2824,90.20485
2825,90.20485
2826,90.20485
2827,154.58685
2828,90.20485
2829,90.20485
2830,36.60585
2831,34.34485
2832,34.75621
2833,34.75621
2834,34.75621
2835,34.75621
2836,35.21621
2837,36.31621
2838,36.31621
2839,37.01721
2840,37.01721
2841,90.61621
2842,90.61621
2843,90.61621
2844,90.61621
2845,90.61621
2846,90.61621
2847,90.61621
2848,90.61621
2849,37.01721
2850,90.61621
2851,148.37521
2852,90.61621
2853,90.61621
2854,37.01721
2855,36.31621
2856,36.80128
2857,36.80028
2858,35.49228
2859,35.49228
2860,36.80128
2861,36.80128
2862,36.80128
2863,50.89228
2864,71.59228
2865,71.59228
2866,90.89228
2867,90.89228
2868,90.89228
2869,71.59228
2870,71.59228
2871,71.59228
2872,71.59228
2873,71.59228
2874,90.89228
2875,90.89228
2876,90.89228
2877,90.89228
2878,71.59228
2879,50.89228
2880,37.61142
2881,37.61142
2882,37.61142
2883,37.61042
2884,37.61142
2885,37.61042
2886,37.61042
2887,37.61142
2888,53.10942
2889,53.10942
2890,53.10942
2891,53.10942
2892,53.10942
2893,53.10942
2894,53.10942
2895,37.61142
2896,37.61142
2897,53.10942
2898,73.10942
2899,73.10942
2900,73.10942
2901,73.10942
2902,53.10942
2903,37.61142
2904,34.20269
2905,34.20269
2906,34.20269
2907,34.20269
2908,34.30269
2909,36.07069
2910,36.07069
2911,36.07069
2912,36.07169
2913,61.56969
2914,91.56969
2915,91.56969
2916,91.56969
2917,61.56969
2918,91.56969
2919,91.56969
2920,61.56969
2921,61.56969
2922,91.56969
2923,91.56969
2924,91.56969
2925,61.56969
2926,36.07169
2927,36.07069
2928,37.07852
2929,37.07852
2930,37.07852
2931,37.07852
2932,37.07852
2933,37.17852
2934,37.17852
2935,38.94752
2936,38.94752
2937,38.94752
2938,38.94752
2939,38.94752
2940,38.94752
2941,38.94752
2942,94.44552
2943,94.44552
2944,38.94752
2945,38.94752
2946,94.44552
2947,94.44552
2948,94.44552
2949,38.94752
2950,38.94652
2951,37.07852
2952,34.73044
2953,34.73044
2954,34.73044
2955,34.73044
2956,34.83044
2957,36.59844
2958,36.59844
2959,36.59944
2960,36.59944
2961,87.09744
2962,87.09744
2963,92.09744
2964,87.09744
2965,87.09744
2966,92.09744
2967,92.09744
2968,92.09744
2969,87.09744
2970,92.09744
2971,92.09744
2972,92.09744
2973,92.09744
2974,36.59944
2975,34.93044
2976,35.87028
2977,35.87028
2978,35.87028
2979,35.87028
2980,35.87028
2981,37.73828
2982,37.73928
2983,37.73928
2984,37.73928
2985,73.23728
2986,88.23728
2987,88.23728
2988,88.23728
2989,88.23728
2990,88.23728
2991,88.23728
2992,88.23728
2993,88.23728
2994,93.23728
2995,93.23728
2996,93.23728
2997,88.23728
2998,37.73928
2999,37.73828
3000,34.89141
3001,34.89141
3002,34.89141
3003,34.89141
3004,34.89141
3005,36.75941
3006,36.76041
3007,36.76041
3008,36.76041
3009,87.25841
3010,87.25841
3011,87.25841
3012,87.25841
3013,87.25841
3014,87.25841
3015,87.25841
3016,87.25841
3017,87.25841
3018,92.25841
3019,92.25841
3020,92.25841
3021,87.25841
3022,36.76041
3023,36.75941
3024,36.3735
3025,34.5795
3026,34.5795
3027,34.5795
3028,34.5795
3029,34.5795
3030,36.3735
3031,36.3745
3032,80.9465
3033,80.9465
3034,86.9465
3035,86.9465
3036,86.9465
3037,86.9465
3038,80.9465
3039,36.3745
3040,36.3745
3041,36.3745
3042,91.9465
3043,91.9465
3044,91.9465
3045,86.9465
3046,36.3745
3047,36.3745
3048,34.15926
3049,34.15926
3050,34.15926
3051,34.15926
3052,34.15926
3053,34.15926
3054,34.15926
3055,34.15926
3056,34.15926
3057,35.95326
3058,35.95426
3059,35.95426
3060,35.95426
3061,35.95426
3062,35.95326
3063,34.15926
3064,34.15926
3065,35.95326
3066,79.52626
3067,79.52626
3068,79.52626
3069,35.95426
3070,35.95426
3071,35.95426
3072,34.22614
3073,34.22614
3074,34.22614
3075,34.22614
3076,34.22614
3077,34.32614
3078,34.32614
3079,36.02014
3080,36.02114
3081,36.02114
3082,80.59314
3083,91.59314
3084,80.59314
3085,80.59314
3086,80.59314
3087,80.59314
3088,80.59314
3089,80.59314
3090,91.59314
3091,91.59314
3092,91.59314
3093,91.59314
3094,36.02014
3095,34.32614
3096,36.36472
3097,36.36372
3098,36.36372
3099,36.36372
3100,36.36472
3101,38.15772
3102,38.15772
3103,82.73072
3104,88.73072
3105,88.73072
3106,93.73072
3107,93.73072
3108,88.73072
3109,88.73072
3110,93.73072
3111,88.73072
3112,93.73072
3113,88.73072
3114,93.73072
3115,93.73072
3116,93.73072
3117,93.73072
3118,38.15872
3119,38.15772
3120,36.04696
3121,36.04696
3122,36.04696
3123,36.04696
3124,36.04696
3125,37.84096
3126,37.84096
3127,82.41296
3128,88.41296
3129,97.41296
3130,97.41296
3131,97.41296
3132,97.41296
3133,97.41296
3134,97.41296
3135,97.41296
3136,97.41296
3137,97.41296
3138,97.41296
3139,97.41296
3140,97.41296
3141,97.41296
3142,37.84096
3143,37.83996
3144,39.10585
3145,39.10585
3146,39.10585
3147,39.10585
3148,39.10585
3149,42.67885
3150,42.67885
3151,58.67885
3152,93.67885
3153,93.67885
3154,93.67885
3155,98.67885
3156,98.67885
3157,98.67885
3158,98.67885
3159,98.67885
3160,98.67885
3161,98.67885
3162,98.67885
3163,98.67885
3164,98.67885
3165,98.67885
3166,42.67885
3167,39.10685
3168,37.20895
3169,36.74195
3170,36.74195
3171,36.74195
3172,37.20895
3173,37.63595
3174,37.63595
3175,37.63695
3176,92.20895
3177,92.20895
3178,92.20895
3179,97.20895
3180,92.20895
3181,92.20895
3182,97.20895
3183,92.20895
3184,92.20895
3185,97.20895
3186,97.20895
3187,97.20895
3188,97.20895
3189,92.20895
3190,37.63695
3191,37.63595
3192,36.99667
3193,36.99567
3194,35.90567
3195,35.90567
3196,36.99567
3197,36.99667
3198,36.99667
3199,36.99767
3200,85.90567
3201,85.90567
3202,88.90567
3203,88.90567
3204,88.90567
3205,88.90567
3206,88.90567
3207,88.90567
3208,88.90567
3209,88.90567
3210,88.90567
3211,88.90567
3212,88.90567
3213,88.90567
3214,36.99767
3215,36.99667
3216,34.50291
3217,34.50291
3218,34.50291
3219,34.50291
3220,34.50291
3221,34.50291
3222,34.50291
3223,36.95991
3224,36.95991
3225,36.95991
3226,36.96091
3227,36.96091
3228,76.86891
3229,36.96091
3230,36.96091
3231,36.95991
3232,36.95991
3233,36.95991
3234,76.86891
3235,86.36891
3236,86.36891
3237,76.86891
3238,36.96091
3239,36.95991
3240,34.71276
3241,34.71276
3242,34.71276
3243,34.71276
3244,36.67076
3245,36.66976
3246,36.67076
3247,36.67076
3248,80.57976
3249,80.57976
3250,80.57976
3251,88.57976
3252,80.57976
3253,80.57976
3254,80.57976
3255,88.57976
3256,80.57976
3257,80.57976
3258,88.57976
3259,88.57976
3260,88.57976
3261,88.57976
3262,36.67176
3263,36.67076
3264,37.33358
3265,37.33358
3266,37.33358
3267,37.33358
3268,37.33458
3269,67.24358
3270,67.24358
3271,70.24358
3272,70.24358
3273,70.24358
3274,72.24358
3275,72.24358
3276,70.24358
3277,70.24358
3278,70.24358
3279,70.24358
3280,70.24358
3281,70.24358
3282,72.24358
3283,85.24358
3284,72.24358
3285,70.24358
3286,70.24358
3287,37.33558
3288,37.36868
3289,37.36868
3290,37.36868
3291,37.36868
3292,37.36868
3293,38.82668
3294,38.82768
3295,38.82768
3296,69.73568
3297,69.73568
3298,69.73568
3299,69.73568
3300,69.73568
3301,69.73568
3302,69.73568
3303,69.73568
3304,69.73568
3305,69.73568
3306,69.73568
3307,83.73568
3308,83.73568
3309,69.73568
3310,63.73568
3311,38.82668
3312,38.22934
3313,38.22934
3314,38.22934
3315,38.22934
3316,38.22934
3317,38.23034
3318,38.93834
3319,63.13834
3320,73.13834
3321,73.13834
3322,73.13834
3323,73.13834
3324,73.13834
3325,73.13834
3326,73.13834
3327,73.13834
3328,73.13834
3329,73.13834
3330,87.13834
3331,87.13834
3332,73.13834
3333,73.13834
3334,63.13834
3335,38.23034
3336,36.93997
3337,36.73997
3338,36.93997
3339,36.93997
3340,37.03097
3341,37.03097
3342,37.03197
3343,96.93997
3344,61.93997
3345,71.93997
3346,71.93997
3347,71.93997
3348,71.93997
3349,71.93997
3350,71.93997
3351,71.93997
3352,71.93997
3353,71.93997
3354,85.93997
3355,85.93997
3356,71.93997
3357,71.93997
3358,61.93997
3359,37.03097
3360,37.42807
3361,37.42807
3362,37.42807
3363,37.42807
3364,37.42807
3365,37.42807
3366,37.42907
3367,51.86007
3368,61.86007
3369,66.86007
3370,71.86007
3371,71.86007
3372,71.86007
3373,71.86007
3374,66.86007
3375,66.86007
3376,61.86007
3377,66.86007
3378,71.86007
3379,71.86007
3380,71.86007
3381,71.86007
3382,61.86007
3383,51.86007
3384,39.55618
3385,39.55618
3386,39.55518
3387,39.55518
3388,39.55518
3389,39.55518
3390,39.55618
3391,39.55618
3392,39.55618
3393,39.55718
3394,39.55718
3395,53.98818
3396,53.98818
3397,53.98818
3398,39.55718
3399,39.55718
3400,39.55718
3401,39.55718
3402,63.98818
3403,73.98818
3404,73.98818
3405,63.98818
3406,53.98818
3407,39.55618
3408,38.26102
3409,38.26102
3410,38.26102
3411,37.47202
3412,37.47202
3413,38.26002
3414,38.26102
3415,38.26102
3416,62.69202
3417,72.69202
3418,72.69202
3419,72.69202
3420,72.69202
3421,72.69202
3422,72.69202
3423,72.69202
3424,72.69202
3425,72.69202
3426,72.69202
3427,86.69202
3428,72.69202
3429,72.69202
3430,62.69202
3431,38.26002
3432,35.11356
3433,35.11356
3434,35.11356
3435,35.11356
3436,37.15956
3437,38.04756
3438,38.04756
3439,38.04756
3440,38.04856
3441,62.47956
3442,77.47956
3443,77.47956
3444,77.47956
3445,77.47956
3446,77.47956
3447,77.47956
3448,77.47956
3449,77.47956
3450,77.47956
3451,82.47956
3452,77.47956
3453,77.47956
3454,38.04856
3455,38.04656
3456,35.94608
3457,35.94608
3458,35.94508
3459,35.94508
3460,35.94608
3461,37.89208
3462,38.87908
3463,38.88008
3464,38.88008
3465,63.31208
3466,63.31208
3467,78.31208
3468,78.31208
3469,63.31208
3470,63.31208
3471,63.31208
3472,63.31208
3473,38.88108
3474,78.31208
3475,78.31208
3476,78.31208
3477,63.31208
3478,38.88008
3479,37.89208
3480,34.41648
3481,34.41648
3482,34.41648
3483,34.41648
3484,34.41648
3485,34.41648
3486,37.35048
3487,37.35148
3488,37.35248
3489,61.78348
3490,80.78348
3491,80.78348
3492,80.78348
3493,80.78348
3494,80.78348
3495,80.78348
3496,80.78348
3497,61.78348
3498,80.78348
3499,80.78348
3500,80.78348
3501,80.78348
3502,37.35048
3503,34.41648
3504,39.13807
3505,39.13807
3506,36.30407
3507,36.30407
3508,39.13807
3509,39.14007
3510,58.57107
3511,58.57107
3512,58.57107
3513,63.57107
3514,63.57107
3515,82.57107
3516,63.57107
3517,63.57107
3518,63.57107
3519,63.57107
3520,63.57107
3521,63.57107
3522,82.57107
3523,82.57107
3524,82.57107
3525,82.57107
3526,58.57107
3527,58.57107
3528,34.7223
3529,34.7223
3530,34.7223
3531,34.7223
3532,34.7223
3533,34.7223
3534,34.7223
3535,37.4053
3536,37.4063
3537,37.4073
3538,81.0893
3539,37.4073
3540,37.4073
3541,37.4063
3542,37.4063
3543,37.4053
3544,37.4053
3545,37.4053
3546,62.0893
3547,81.0893
3548,62.0893
3549,62.0893
3550,37.4053
3551,34.7223
3552,34.92968
3553,34.92968
3554,34.92968
3555,34.92968
3556,34.92968
3557,34.92968
3558,34.92968
3559,34.92968
3560,34.92968
3561,34.92968
3562,34.92968
3563,34.92968
3564,37.61268
3565,37.61268
3566,34.92968
3567,34.92968
3568,34.92968
3569,34.92968
3570,62.29668
3571,62.29668
3572,62.29668
3573,37.61468
3574,37.61368
3575,34.92968
3576,40.62485
3577,40.62485
3578,40.62485
3579,37.94385
3580,40.62485
3581,40.62585
3582,40.62685
3583,65.30885
3584,70.30885
3585,70.30885
3586,84.30885
3587,84.30885
3588,70.30885
3589,70.30885
3590,84.30885
3591,84.30885
3592,70.30885
3593,70.30885
3594,84.30885
3595,84.30885
3596,84.30885
3597,84.30885
3598,70.30885
3599,40.62685
3600,37.95369
3601,37.95369
3602,37.95369
3603,37.95369
3604,37.95369
3605,37.95369
3606,37.95369
3607,38.05369
3608,40.63669
3609,40.63669
3610,40.63869
3611,40.63869
3612,40.63769
3613,40.63769
3614,40.63769
3615,40.63769
3616,40.63769
3617,40.63769
3618,75.32069
3619,125.32069
3620,125.32069
3621,40.63769
3622,38.05369
3623,37.95369
3624,37.28893
3625,37.28893
3626,37.28893
3627,37.28893
3628,37.28893
3629,37.76393
3630,37.76393
3631,37.76493
3632,68.98893
3633,68.98893
3634,68.98893
3635,68.98893
3636,68.98893
3637,68.98893
3638,68.98893
3639,68.98893
3640,68.98893
3641,68.98893
3642,70.98893
3643,70.98893
3644,70.98893
3645,68.98893
3646,37.76593
3647,37.76393
3648,37.79418
3649,37.79418
3650,37.79418
3651,37.79418
3652,37.79418
3653,37.79618
3654,62.01918
3655,62.01918
3656,67.01918
3657,69.01918
3658,69.01918
3659,69.01918
3660,69.01918
3661,69.01918
3662,69.01918
3663,69.01918
3664,69.01918
3665,69.01918
3666,69.91918
3667,71.01918
3668,69.01918
3669,69.01918
3670,67.01918
3671,37.79618
3672,34.27082
3673,36.85382
3674,34.17082
3675,34.17082
3676,34.27082
3677,36.85282
3678,36.85282
3679,36.85382
3680,36.85482
3681,61.07782
3682,61.07782
3683,68.07782
3684,61.07782
3685,61.07782
3686,61.07782
3687,68.07782
3688,61.07782
3689,61.07782
3690,68.07782
3691,68.07782
3692,68.07782
3693,61.07782
3694,36.85482
3695,36.85282
3696,33.51654
3697,33.51654
3698,33.51654
3699,33.51654
3700,33.51654
3701,33.51654
3702,33.51654
3703,33.51654
3704,36.31354
3705,36.31454
3706,36.31454
3707,36.31554
3708,36.31554
3709,36.31454
3710,36.31354
3711,36.31354
3712,36.31354
3713,36.31354
3714,67.42354
3715,67.42354
3716,67.42354
3717,36.31554
3718,36.31354
3719,33.51654
3720,34.10905
3721,34.10905
3722,34.10905
3723,34.10905
3724,34.10905
3725,34.10905
3726,34.10905
3727,34.10905
3728,34.10905
3729,34.10905
3730,34.10905
3731,36.90605
3732,36.90605
3733,36.90605
3734,36.90605
3735,34.10905
3736,34.10905
3737,34.10905
3738,36.90805
3739,68.01605
3740,68.01605
3741,36.90705
3742,36.90605
3743,34.10905
3744,33.2911
3745,33.2911
3746,33.2911
3747,33.2911
3748,33.2911
3749,33.2911
3750,33.2911
3751,33.2911
3752,33.2911
3753,36.0881
3754,36.0891
3755,67.1981
3756,67.1981
3757,67.1981
3758,36.0891
3759,36.0891
3760,36.0891
3761,110.1981
3762,67.1981
3763,100.1981
3764,100.1981
3765,67.1981
3766,36.0901
3767,36.0881
3768,34.34249
3769,34.34249
3770,34.34249
3771,34.34249
3772,34.34249
3773,37.13249
3774,111.24249
3775,61.24249
3776,68.24249
3777,68.24249
3778,68.24249
3779,68.24249
3780,68.24249
3781,68.24249
3782,68.24249
3783,68.24249
3784,68.24249
3785,68.24249
3786,101.24249
3787,155.79149
3788,101.24249
3789,68.24249
3790,61.24249
3791,37.13249
3792,36.9273
3793,36.9273
3794,36.9273
3795,36.9273
3796,36.9273
3797,96.8343
3798,61.8343
3799,68.8343
3800,68.8343
3801,68.8343
3802,68.8343
3803,96.8343
3804,68.8343
3805,68.8343
3806,96.8343
3807,96.8343
3808,68.8343
3809,68.8343
3810,101.8343
3811,123.3833
3812,101.8343
3813,96.8343
3814,68.8343
3815,37.7253
3816,35.85435
3817,35.85435
3818,35.85435
3819,35.85435
3820,35.85435
3821,38.65135
3822,38.65235
3823,72.76035
3824,72.76035
3825,72.76035
3826,92.76035
3827,92.76035
3828,72.76035
3829,92.76035
3830,92.76035
3831,92.76035
3832,92.76035
3833,72.76035
3834,92.76035
3835,157.30935
3836,117.76035
3837,72.76035
3838,72.76035
3839,38.65235
3840,35.29733
3841,35.29733
3842,35.29733
3843,35.29733
3844,35.29733
3845,38.09533
3846,38.09433
3847,38.09533
3848,67.20433
3849,67.20433
3850,86.20433
3851,86.20433
3852,86.20433
3853,86.20433
3854,86.20433
3855,86.20433
3856,86.20433
3857,67.20433
3858,86.20433
3859,122.80833
3860,86.20433
3861,86.20433
3862,67.20433
3863,38.09433
3864,37.9177
3865,37.9177
3866,37.9177
3867,37.9177
3868,37.9177
3869,37.9177
3870,38.9177
3871,50.9177
3872,65.9177
3873,70.9177
3874,84.9177
3875,84.9177
3876,84.9177
3877,70.9177
3878,70.9177
3879,65.9177
3880,65.9177
3881,65.9177
3882,84.9177
3883,84.9177
3884,84.9177
3885,84.9177
3886,65.9177
3887,50.9177
3888,60.94277
3889,50.94277
3890,50.94277
3891,50.94277
3892,50.94277
3893,41.94277
3894,41.94277
3895,50.94277
3896,60.94277
3897,60.94277
3898,60.94277
3899,60.94277
3900,60.94277
3901,60.94277
3902,60.94277
3903,60.94277
3904,60.94277
3905,60.94277
3906,70.94277
3907,86.44277
3908,86.44277
3909,70.94277
3910,65.94277
3911,60.94277
3912,43.05822
3913,43.05822
3914,43.05822
3915,43.05822
3916,43.05822
3917,56.55822
3918,61.55822
3919,151.55822
3920,85.55822
3921,85.55822
3922,85.55822
3923,85.55822
3924,85.55822
3925,85.55822
3926,85.55822
3927,85.55822
3928,85.55822
3929,85.55822
3930,85.55822
3931,171.03122
3932,85.55822
3933,85.55822
3934,62.55822
3935,56.55822
3936,56.43509
3937,42.93509
3938,42.93509
3939,42.93509
3940,42.93509
3941,62.43509
3942,71.43509
3943,81.43509
3944,85.43509
3945,85.43509
3946,91.43509
3947,85.43509
3948,85.43509
3949,85.43509
3950,85.43509
3951,85.43509
3952,85.43509
3953,85.43509
3954,85.43509
3955,91.43509
3956,85.43509
3957,85.43509
3958,81.43509
3959,62.43509
3960,37.103
3961,37.103
3962,37.103
3963,37.103
3964,37.103
3965,70.353
3966,70.353
3967,81.353
3968,85.353
3969,85.353
3970,86.353
3971,86.353
3972,86.353
3973,85.353
3974,85.353
3975,86.353
3976,85.353
3977,85.353
3978,86.353
3979,86.353
3980,85.353
3981,85.353
3982,81.353
3983,37.103
3984,51.50102
3985,51.50102
3986,51.50102
3987,51.50102
3988,51.50102
3989,60.50102
3990,60.50102
3991,80.50102
3992,86.50102
3993,85.50102
3994,85.50102
3995,85.50102
3996,85.50102
3997,85.50102
3998,85.50102
3999,85.50102
4000,85.50102
4001,85.50102
4002,86.50102
4003,91.50102
4004,86.50102
4005,85.50102
4006,81.50102
4007,80.50102
4008,50.73608
4009,50.73608
4010,50.73608
4011,50.73608
4012,50.73608
4013,57.73608
4014,57.73608
4015,75.73608
4016,80.73608
4017,84.73608
4018,84.73608
4019,84.73608
4020,84.73608
4021,84.73608
4022,84.73608
4023,84.73608
4024,84.73608
4025,84.73608
4026,84.73608
4027,84.73608
4028,84.73608
4029,84.73608
4030,81.73608
4031,75.73608
4032,50.62684
4033,50.62684
4034,50.62684
4035,50.62684
4036,50.62684
4037,50.62684
4038,50.62684
4039,50.62684
4040,65.62684
4041,65.62684
4042,65.62684
4043,81.62684
4044,65.62684
4045,65.62684
4046,65.62684
4047,65.62684
4048,65.62684
4049,65.62684
4050,80.62684
4051,85.62684
4052,80.62684
4053,65.62684
4054,65.62684
4055,50.62684
4056,36.87092
4057,36.87092
4058,34.78192
4059,34.78192
4060,34.78192
4061,34.78192
4062,34.78192
4063,34.78192
4064,36.87092
4065,36.87292
4066,36.87292
4067,36.87292
4068,36.87292
4069,36.87292
4070,36.87292
4071,36.87192
4072,36.87192
4073,36.87292
4074,61.68892
4075,66.68892
4076,66.68892
4077,66.68892
4078,36.87292
4079,36.87192
4080,42.23117
4081,42.23117
4082,42.23117
4083,42.23117
4084,42.23117
4085,42.23117
4086,43.23117
4087,61.23117
4088,70.23117
4089,70.23117
4090,70.23117
4091,70.23117
4092,70.23117
4093,70.23117
4094,70.23117
4095,70.23117
4096,70.23117
4097,70.23117
4098,70.23117
4099,82.23117
4100,70.23117
4101,70.23117
4102,61.23117
4103,43.23117
4104,45.95496
4105,45.95496
4106,45.95496
4107,45.95496
4108,45.95496
4109,45.95496
4110,48.95496
4111,61.95496
4112,73.45496
4113,73.45496
4114,73.45496
4115,73.45496
4116,73.45496
4117,73.45496
4118,73.45496
4119,73.45496
4120,73.45496
4121,73.45496
4122,73.45496
4123,82.95496
4124,73.45496
4125,73.45496
4126,73.45496
4127,48.95496
4128,52.46698
4129,52.46698
4130,52.46698
4131,52.46698
4132,52.46698
4133,56.46698
4134,71.46698
4135,71.46698
4136,79.46698
4137,79.46698
4138,79.46698
4139,79.46698
4140,79.46698
4141,79.46698
4142,79.46698
4143,79.46698
4144,79.46698
4145,79.46698
4146,79.46698
4147,101.46698
4148,79.46698
4149,79.46698
4150,71.46698
4151,71.46698
4152,51.30319
4153,51.30319
4154,51.30319
4155,51.30319
4156,51.30319
4157,55.30319
4158,55.30319
4159,66.30319
4160,68.30319
4161,68.30319
4162,80.80319
4163,80.80319
4164,80.80319
4165,80.80319
4166,80.80319
4167,68.30319
4168,68.30319
4169,68.30319
4170,80.80319
4171,87.30319
4172,80.80319
4173,80.80319
4174,68.30319
4175,55.30319
4176,40.11903
4177,40.11903
4178,40.11903
4179,40.11903
4180,40.11903
4181,50.11903
4182,50.11903
4183,50.11903
4184,68.11903
4185,67.11903
4186,68.11903
4187,68.11903
4188,67.11903
4189,67.11903
4190,68.11903
4191,68.11903
4192,67.11903
4193,67.11903
4194,87.11903
4195,118.11903
4196,87.11903
4197,67.11903
4198,50.11903
4199,50.11903
4200,37.55234
4201,35.25534
4202,35.25534
4203,35.25534
4204,35.25534
4205,35.25534
4206,37.55234
4207,37.55334
4208,69.16134
4209,68.16134
4210,68.16134
4211,68.16134
4212,68.16134
4213,68.16134
4214,68.16134
4215,69.16134
4216,51.06134
4217,69.16134
4218,68.16134
4219,69.16134
4220,68.16134
4221,68.16134
4222,51.06134
4223,37.55334
4224,41.56384
4225,38.05584
4226,38.05584
4227,38.05584
4228,38.05584
4229,38.05584
4230,38.05584
4231,38.05584
4232,41.56384
4233,42.56384
4234,42.56384
4235,42.56384
4236,42.56384
4237,42.56384
4238,41.56384
4239,41.56384
4240,42.56384
4241,42.56384
4242,50.66384
4243,68.66384
4244,68.66384
4245,50.66384
4246,42.56384
4247,42.56384
4248,36.63832
4249,36.63832
4250,36.63832
4251,36.63832
4252,36.63832
4253,36.63832
4254,36.63832
4255,36.63832
4256,36.84632
4257,36.84732
4258,36.84732
4259,39.35532
4260,39.35532
4261,39.35532
4262,36.84732
4263,36.84732
4264,36.84732
4265,36.84732
4266,43.35532
4267,76.45532
4268,76.45532
4269,43.35532
4270,36.84732
4271,36.84632
4272,34.18098
4273,34.18098
4274,34.18098
4275,34.18098
4276,34.18098
4277,36.47798
4278,36.47998
4279,40.98698
4280,81.08698
4281,81.08698
4282,81.08698
4283,81.08698
4284,81.08698
4285,81.08698
4286,81.08698
4287,81.08698
4288,81.08698
4289,81.08698
4290,81.08698
4291,118.08698
4292,81.08698
4293,81.08698
4294,40.98698
4295,36.47998
4296,40.39169
4297,40.39169
4298,40.39169
4299,40.39169
4300,40.39169
4301,40.39169
4302,42.68969
4303,42.69169
4304,45.19869
4305,45.19869
4306,70.29869
4307,70.29869
4308,70.29869
4309,70.29869
4310,70.29869
4311,70.29869
4312,70.29869
4313,45.19869
4314,70.29869
4315,127.29869
4316,70.29869
4317,45.19869
4318,42.69169
4319,42.69069
4320,37.71448
4321,37.71448
4322,37.71448
4323,37.71448
4324,37.71448
4325,40.01348
4326,40.01348
4327,40.01448
4328,44.62148
4329,44.62148
4330,44.62148
4331,44.62148
4332,44.62148
4333,44.62148
4334,44.62148
4335,44.62148
4336,44.62148
4337,44.62148
4338,44.62148
4339,44.62148
4340,44.62148
4341,44.62148
4342,41.12148
4343,40.01348
4344,36.24658
4345,36.24658
4346,36.24658
4347,36.24658
4348,36.24658
4349,37.47458
4350,38.54558
4351,38.54558
4352,38.54658
4353,38.54658
4354,38.54658
4355,43.47458
4356,43.47458
4357,43.47458
4358,43.47458
4359,43.47458
4360,43.47458
4361,38.54658
4362,43.47458
4363,83.47458
4364,43.47458
4365,43.47458
4366,38.54658
4367,38.54558
4368,36.28747
4369,36.28647
4370,36.28647
4371,36.28747
4372,36.28647
4373,36.28647
4374,36.28747
4375,36.28847
4376,41.03647
4377,41.03647
4378,41.03647
4379,41.03647
4380,41.03647
4381,41.03647
4382,41.03647
4383,36.28847
4384,36.28847
4385,36.28847
4386,41.03647
4387,101.03647
4388,41.03647
4389,41.03647
4390,36.28847
4391,36.28747
4392,39.05895
4393,36.31095
4394,36.31095
4395,36.31095
4396,36.31095
4397,36.31095
4398,36.31095
4399,36.31095
4400,39.05895
4401,39.05895
4402,39.05895
4403,39.05895
4404,39.05895
4405,39.05895
4406,39.05895
4407,39.05895
4408,39.05895
4409,39.05895
4410,41.05895
4411,41.05895
4412,41.05895
4413,41.05895
4414,39.05895
4415,39.05895
4416,37.7737
4417,37.7737
4418,37.7737
4419,37.7737
4420,37.7737
4421,37.7737
4422,37.7737
4423,37.7737
4424,38.5217
4425,57.5217
4426,57.5217
4427,38.5217
4428,38.5217
4429,38.5217
4430,38.5217
4431,38.5217
4432,38.5217
4433,38.5217
4434,57.5217
4435,62.5217
4436,57.5217
4437,57.5217
4438,38.5217
4439,38.5217
4440,36.67488
4441,36.67488
4442,36.67488
4443,36.67488
4444,36.67488
4445,36.67488
4446,36.67488
4447,39.15288
4448,39.15388
4449,39.15388
4450,39.15488
4451,43.40288
4452,43.40288
4453,43.40288
4454,43.40288
4455,43.40288
4456,39.15488
4457,39.15488
4458,57.90288
4459,102.90288
4460,43.40288
4461,43.40288
4462,39.15388
4463,36.67488
4464,36.62591
4465,36.62591
4466,36.62591
4467,36.62591
4468,36.62591
4469,36.62591
4470,36.62591
4471,39.10491
4472,39.10591
4473,39.10591
4474,39.85391
4475,103.85391
4476,39.10591
4477,39.10591
4478,39.85391
4479,39.10591
4480,39.10591
4481,39.10591
4482,57.85391
4483,102.85391
4484,102.85391
4485,39.10591
4486,39.10491
4487,36.62591
4488,43.75821
4489,43.74821
4490,43.74821
4491,43.74821
4492,43.75821
4493,43.75821
4494,44.00921
4495,44.01021
4496,44.25821
4497,44.25821
4498,44.75821
4499,44.75821
4500,44.25821
4501,44.25821
4502,44.75821
4503,44.75821
4504,44.75821
4505,44.25821
4506,44.75821
4507,107.75821
4508,57.75821
4509,44.25821
4510,44.01021
4511,44.00821
4512,42.17906
4513,42.17906
4514,42.17906
4515,42.17906
4516,42.17906
4517,42.18906
4518,42.18906
4519,42.18906
4520,42.44006
4521,42.44006
4522,42.44106
4523,106.18906
4524,52.18906
4525,42.44106
4526,42.44106
4527,52.18906
4528,42.44106
4529,42.44106
4530,42.44106
4531,106.18906
4532,106.18906
4533,42.44106
4534,42.43906
4535,42.18906
4536,38.28145
4537,38.28145
4538,38.28145
4539,38.28145
4540,38.28145
4541,38.28145
4542,38.28145
4543,38.48145
4544,40.28145
4545,40.28145
4546,40.28145
4547,40.28145
4548,40.28145
4549,40.28145
4550,40.28145
4551,40.28145
4552,40.28145
4553,40.28145
4554,40.28145
4555,93.28145
4556,93.28145
4557,40.28145
4558,40.28145
4559,38.48145
4560,37.47812
4561,37.47812
4562,37.47812
4563,37.47812
4564,37.47812
4565,37.47812
4566,37.47812
4567,37.47812
4568,37.47812
4569,45.97812
4570,45.97812
4571,46.47812
4572,72.47812
4573,72.47812
4574,46.47812
4575,45.97812
4576,45.97812
4577,45.97812
4578,72.47812
4579,91.47812
4580,91.47812
4581,72.47812
4582,72.47812
4583,45.97812
4584,38.68285
4585,38.68285
4586,38.68285
4587,38.68285
4588,38.68285
4589,38.94585
4590,38.94585
4591,39.84585
4592,39.84585
4593,39.84585
4594,93.74585
4595,48.74585
4596,48.74585
4597,39.84585
4598,48.74585
4599,48.74585
4600,48.74585
4601,39.84585
4602,93.74585
4603,102.74585
4604,93.74585
4605,48.74585
4606,39.84585
4607,38.68385
4608,37.91385
4609,37.91385
4610,37.01385
4611,37.01385
4612,37.91385
4613,37.91385
4614,46.81385
4615,51.81385
4616,91.81385
4617,91.81385
4618,100.81385
4619,100.81385
4620,91.81385
4621,91.81385
4622,91.81385
4623,91.81385
4624,91.81385
4625,91.81385
4626,100.81385
4627,100.81385
4628,100.81385
4629,91.81385
4630,51.81385
4631,37.91385
4632,51.59203
4633,51.59203
4634,51.59203
4635,51.59203
4636,51.59203
4637,52.59203
4638,52.59203
4639,56.59203
4640,81.59203
4641,81.59203
4642,81.59203
4643,81.59203
4644,81.59203
4645,81.59203
4646,81.59203
4647,81.59203
4648,81.59203
4649,81.59203
4650,91.59203
4651,100.59203
4652,91.59203
4653,81.59203
4654,56.59203
4655,51.59203
4656,41.15126
4657,41.15126
4658,41.15126
4659,41.15126
4660,41.15126
4661,55.65126
4662,55.65126
4663,55.65126
4664,80.15126
4665,80.15126
4666,80.15126
4667,80.15126
4668,80.15126
4669,80.15126
4670,80.15126
4671,80.15126
4672,80.15126
4673,80.15126
4674,90.15126
4675,120.15126
4676,120.15126
4677,80.15126
4678,55.65126
4679,55.65126
4680,38.14142
4681,38.14142
4682,38.14142
4683,38.14142
4684,38.14142
4685,77.15142
4686,77.15142
4687,82.25142
4688,82.25142
4689,82.25142
4690,82.25142
4691,83.15142
4692,82.25142
4693,82.25142
4694,83.15142
4695,83.15142
4696,83.15142
4697,82.25142
4698,83.15142
4699,87.15142
4700,87.15142
4701,82.25142
4702,82.25142
4703,77.15142
4704,38.16018
4705,38.16018
4706,38.16018
4707,38.16018
4708,38.16018
4709,38.16018
4710,38.16018
4711,68.17018
4712,68.17018
4713,68.17018
4714,75.17018
4715,75.17018
4716,75.17018
4717,75.17018
4718,75.17018
4719,75.17018
4720,68.17018
4721,68.17018
4722,75.17018
4723,77.17018
4724,75.17018
4725,75.17018
4726,68.17018
4727,68.17018
4728,61.6813
4729,36.4283
4730,36.4283
4731,36.4283
4732,36.4283
4733,36.4283
4734,36.4273
4735,36.4283
4736,61.6813
4737,61.6813
4738,66.6813
4739,65.6813
4740,65.6813
4741,65.6813
4742,65.6813
4743,61.6813
4744,61.6813
4745,61.6813
4746,65.6813
4747,79.6813
4748,79.6813
4749,66.6813
4750,65.6813
4751,61.6813
4752,36.14984
4753,36.14984
4754,36.14984
4755,36.14984
4756,36.15084
4757,61.40384
4758,64.90384
4759,64.90384
4760,64.90384
4761,64.90384
4762,77.40384
4763,77.40384
4764,77.40384
4765,77.40384
4766,77.40384
4767,77.40384
4768,77.40384
4769,66.40384
4770,77.40384
4771,96.40384
4772,77.40384
4773,77.40384
4774,64.90384
4775,61.40384
4776,36.19204
4777,36.19204
4778,36.19104
4779,36.19104
4780,36.19204
4781,59.44504
4782,62.94504
4783,62.94504
4784,62.94504
4785,62.94504
4786,71.44504
4787,71.44504
4788,71.44504
4789,71.44504
4790,71.44504
4791,71.44504
4792,71.44504
4793,71.44504
4794,71.44504
4795,90.44504
4796,71.44504
4797,71.44504
4798,62.94504
4799,59.44504
4800,37.36254
4801,37.36254
4802,37.36254
4803,37.36254
4804,37.36254
4805,37.36254
4806,37.36254
4807,37.36254
4808,37.36354
4809,52.61654
4810,64.11654
4811,64.11654
4812,64.11654
4813,64.11654
4814,57.61654
4815,52.61654
4816,52.61654
4817,52.61654
4818,64.11654
4819,74.61654
4820,74.61654
4821,64.11654
4822,64.11654
4823,37.36354
4824,36.95249
4825,36.95249
4826,36.95249
4827,36.95249
4828,36.95249
4829,57.20649
4830,57.20649
4831,71.10649
4832,71.10649
4833,71.10649
4834,74.20649
4835,74.20649
4836,74.20649
4837,74.20649
4838,74.20649
4839,74.20649
4840,74.20649
4841,71.10649
4842,74.20649
4843,82.20649
4844,74.20649
4845,74.20649
4846,71.10649
4847,71.10649
4848,39.15323
4849,39.15323
4850,39.15323
4851,39.15323
4852,39.15423
4853,64.40723
4854,69.30723
4855,69.30723
4856,69.30723
4857,69.30723
4858,76.40723
4859,76.40723
4860,76.40723
4861,76.40723
4862,76.40723
4863,76.40723
4864,76.40723
4865,76.40723
4866,76.40723
4867,84.40723
4868,76.40723
4869,76.40723
4870,69.30723
4871,69.30723
4872,58.5618
4873,59.5618
4874,52.5618
4875,52.5618
4876,52.5618
4877,58.5618
4878,58.5618
4879,59.5618
4880,80.5618
4881,80.5618
4882,80.5618
4883,80.5618
4884,80.5618
4885,80.5618
4886,80.5618
4887,80.5618
4888,80.5618
4889,72.5618
4890,80.5618
4891,80.5618
4892,80.5618
4893,80.5618
4894,72.5618
4895,58.5618
4896,48.55195
4897,48.55195
4898,36.58295
4899,36.58295
4900,36.58295
4901,36.58295
4902,36.58295
4903,48.55195
4904,48.55195
4905,48.55195
4906,48.55195
4907,48.55195
4908,48.55195
4909,48.55195
4910,48.55195
4911,48.55195
4912,48.55195
4913,48.55195
4914,52.55195
4915,61.55195
4916,61.55195
4917,57.55195
4918,48.55195
4919,48.55195
4920,36.6776
4921,36.6776
4922,36.6766
4923,36.6766
4924,36.6776
4925,46.6476
4926,51.6476
4927,51.6476
4928,52.6476
4929,52.6476
4930,69.6476
4931,69.6476
4932,69.6476
4933,69.6476
4934,69.6476
4935,69.6476
4936,69.6476
4937,52.6476
4938,69.6476
4939,69.6476
4940,69.6476
4941,52.6476
4942,51.6476
4943,51.6476
4944,49.50528
4945,49.50528
4946,49.50528
4947,49.50528
4948,49.50528
4949,50.60528
4950,51.60528
4951,52.60528
4952,52.60528
4953,53.60528
4954,53.60528
4955,53.60528
4956,53.60528
4957,53.60528
4958,77.60528
4959,77.60528
4960,53.60528
4961,53.60528
4962,77.60528
4963,77.60528
4964,77.60528
4965,77.60528
4966,52.60528
4967,52.60528
4968,38.30201
4969,38.30201
4970,38.30201
4971,38.30201
4972,38.30201
4973,53.28101
4974,53.28101
4975,53.28101
4976,78.27101
4977,78.27101
4978,78.27101
4979,78.27101
4980,78.27101
4981,78.27101
4982,78.27101
4983,78.27101
4984,78.27101
4985,78.27101
4986,78.27101
4987,78.27101
4988,78.27101
4989,78.27101
4990,53.28101
4991,73.27101
4992,50.14226
4993,38.27326
4994,38.27226
4995,38.27226
4996,38.27326
4997,39.74226
4998,50.14226
4999,50.14226
5000,70.24226
5001,70.24226
5002,77.74226
5003,77.74226
5004,77.74226
5005,77.74226
5006,73.24226
5007,73.24226
5008,70.24226
5009,70.24226
5010,77.74226
5011,78.24226
5012,78.24226
5013,70.24226
5014,50.14226
5015,38.27326
5016,37.01371
5017,37.01371
5018,37.01271
5019,37.01271
5020,37.01371
5021,37.98371
5022,37.98371
5023,37.98371
5024,70.98371
5025,70.98371
5026,71.98371
5027,74.98371
5028,71.98371
5029,71.98371
5030,71.98371
5031,70.98371
5032,70.98371
5033,70.98371
5034,74.98371
5035,74.98371
5036,71.98371
5037,37.98371
5038,37.98371
5039,37.98371
5040,33.79875
5041,33.79875
5042,33.79875
5043,33.79875
5044,33.79875
5045,33.79875
5046,33.79875
5047,35.78275
5048,35.78375
5049,66.02675
5050,66.02675
5051,66.02675
5052,66.02675
5053,66.02675
5054,66.02675
5055,35.78375
5056,35.78375
5057,35.78375
5058,66.02675
5059,72.02675
5060,71.02675
5061,71.02675
5062,35.78375
5063,33.79875
5064,34.80654
5065,34.80654
5066,34.80654
5067,34.80654
5068,34.80654
5069,34.80654
5070,34.80654
5071,34.80654
5072,34.80654
5073,36.78954
5074,36.78954
5075,36.78954
5076,36.78954
5077,36.78954
5078,36.78954
5079,36.78954
5080,36.78954
5081,36.78954
5082,36.79154
5083,75.03354
5084,51.03354
5085,36.79154
5086,36.79054
5087,36.78954
5088,37.29964
5089,37.29964
5090,37.29964
5091,37.29964
5092,53.31364
5093,53.31364
5094,53.31364
5095,53.31364
5096,76.31364
5097,76.31364
5098,76.31364
5099,76.31364
5100,76.31364
5101,76.31364
5102,76.31364
5103,76.31364
5104,76.31364
5105,76.31364
5106,76.31364
5107,76.31364
5108,76.31364
5109,76.31364
5110,53.31364
5111,53.31364
5112,43.1014
5113,43.1014
5114,43.1014
5115,43.1014
5116,43.1014
5117,43.5874
5118,49.6014
5119,77.6014
5120,79.6014
5121,82.6014
5122,82.6014
5123,82.6014
5124,79.6014
5125,79.6014
5126,82.6014
5127,82.6014
5128,82.6014
5129,82.6014
5130,96.6014
5131,195.8584
5132,129.6014
5133,99.6014
5134,82.6014
5135,77.6014
5136,41.52612
5137,41.52612
5138,41.52612
5139,41.52612
5140,41.52612
5141,70.42612
5142,70.52612
5143,70.52612
5144,82.52612
5145,82.52612
5146,82.52612
5147,82.52612
5148,82.52612
5149,82.52612
5150,82.52612
5151,82.52612
5152,82.52612
5153,82.52612
5154,89.52612
5155,194.14612
5156,82.52612
5157,82.52612
5158,70.52612
5159,70.42612
5160,45.28202
5161,45.28202
5162,45.28202
5163,45.28202
5164,45.28202
5165,53.28202
5166,76.28202
5167,76.28202
5168,83.28202
5169,83.28202
5170,83.28202
5171,93.28202
5172,83.28202
5173,83.28202
5174,83.28202
5175,83.28202
5176,83.28202
5177,83.28202
5178,83.28202
5179,120.57902
5180,83.28202
5181,83.28202
5182,53.28202
5183,45.28202
5184,51.47909
5185,51.47909
5186,51.47909
5187,51.47909
5188,51.47909
5189,51.47909
5190,51.47909
5191,51.47909
5192,83.47909
5193,83.47909
5194,83.47909
5195,83.47909
5196,83.47909
5197,83.47909
5198,83.47909
5199,83.47909
5200,83.47909
5201,83.47909
5202,83.47909
5203,128.47909
5204,83.47909
5205,83.47909
5206,51.47909
5207,51.47909
5208,76.23099
5209,76.23099
5210,76.23099
5211,76.22999
5212,76.23099
5213,76.23099
5214,77.23099
5215,77.23099
5216,86.23099
5217,86.23099
5218,86.23099
5219,86.23099
5220,86.23099
5221,86.23099
5222,86.23099
5223,86.23099
5224,86.23099
5225,77.23099
5226,86.23099
5227,86.23099
5228,86.23099
5229,86.23099
5230,77.23099
5231,77.23099
5232,81.86654
5233,81.86654
5234,81.86654
5235,81.86654
5236,81.86654
5237,81.86654
5238,81.86654
5239,81.86654
5240,81.86654
5241,85.86654
5242,85.86654
5243,85.86654
5244,85.86654
5245,85.86654
5246,85.86654
5247,85.86654
5248,85.86654
5249,85.86654
5250,85.86654
5251,120.86654
5252,120.86654
5253,110.86654
5254,85.86654
5255,85.86654
5256,92.08141
5257,92.08141
5258,92.08141
5259,92.08141
5260,92.08141
5261,97.08141
5262,122.08141
5263,122.08141
5264,122.08141
5265,127.08141
5266,127.08141
5267,127.08141
5268,127.08141
5269,127.08141
5270,127.08141
5271,127.08141
5272,127.08141
5273,122.08141
5274,127.08141
5275,142.08141
5276,127.08141
5277,127.08141
5278,122.08141
5279,92.08141
5280,91.11087
5281,88.11087
5282,88.11087
5283,88.11087
5284,88.11087
5285,91.11087
5286,91.11087
5287,110.11087
5288,115.11087
5289,115.11087
5290,131.11087
5291,145.11087
5292,131.11087
5293,115.11087
5294,115.11087
5295,115.11087
5296,115.11087
5297,115.11087
5298,131.11087
5299,145.11087
5300,115.11087
5301,115.11087
5302,115.11087
5303,91.11087
5304,90.33309
5305,90.33309
5306,89.33309
5307,89.33309
5308,90.33309
5309,95.33309
5310,96.33309
5311,96.33309
5312,96.33309
5313,107.33309
5314,131.33309
5315,131.33309
5316,107.33309
5317,107.33309
5318,131.33309
5319,107.33309
5320,107.33309
5321,96.33309
5322,131.33309
5323,194.57109
5324,131.33309
5325,107.33309
5326,96.33309
5327,90.33309
5328,95.75078
5329,95.75078
5330,93.75078
5331,93.75078
5332,95.75078
5333,95.75078
5334,95.75078
5335,96.25078
5336,96.25078
5337,96.25078
5338,96.25078
5339,130.75078
5340,96.25078
5341,96.25078
5342,96.25078
5343,96.25078
5344,96.25078
5345,96.25078
5346,130.75078
5347,131.75078
5348,130.75078
5349,96.25078
5350,95.75078
5351,95.75078
5352,90.91446
5353,90.91446
5354,90.91446
5355,90.91446
5356,90.91446
5357,92.41446
5358,92.41446
5359,107.41446
5360,128.41446
5361,128.41446
5362,128.41446
5363,132.41446
5364,128.41446
5365,128.41446
5366,132.41446
5367,132.41446
5368,128.41446
5369,128.41446
5370,142.41446
5371,142.41446
5372,132.41446
5373,128.41446
5374,92.41446
5375,92.41446
5376,89.44546
5377,89.44546
5378,89.44546
5379,89.44546
5380,89.44546
5381,89.44546
5382,89.44546
5383,90.94546
5384,90.94546
5385,90.94546
5386,126.94546
5387,126.94546
5388,125.94546
5389,125.94546
5390,90.94546
5391,90.94546
5392,90.94546
5393,90.94546
5394,135.94546
5395,400.94546
5396,135.94546
5397,125.94546
5398,90.94546
5399,89.44546
5400,84.22754
5401,84.22754
5402,84.22754
5403,84.22754
5404,84.22754
5405,84.22754
5406,84.22754
5407,84.22754
5408,89.22754
5409,89.22754
5410,89.22754
5411,89.22754
5412,89.22754
5413,89.22754
5414,89.22754
5415,89.22754
5416,89.22754
5417,89.22754
5418,99.22754
5419,139.22754
5420,134.22754
5421,99.22754
5422,89.22754
5423,89.22754
5424,86.22311
5425,86.22311
5426,86.22311
5427,86.22311
5428,86.22311
5429,86.22311
5430,86.22311
5431,86.22311
5432,92.22311
5433,92.22311
5434,92.22311
5435,92.22311
5436,96.22311
5437,92.22311
5438,92.22311
5439,92.22311
5440,92.22311
5441,92.22311
5442,136.22311
5443,136.22311
5444,136.22311
5445,96.22311
5446,92.22311
5447,92.22311
5448,89.41565
5449,90.41565
5450,90.41565
5451,90.41565
5452,90.41565
5453,90.41565
5454,105.41565
5455,105.41565
5456,105.41565
5457,105.41565
5458,130.41565
5459,134.41565
5460,130.41565
5461,130.41565
5462,134.41565
5463,130.41565
5464,130.41565
5465,130.41565
5466,135.41565
5467,140.41565
5468,135.41565
5469,130.41565
5470,105.41565
5471,101.27265
5472,85.22453
5473,85.22453
5474,85.22453
5475,85.22453
5476,85.22453
5477,88.22453
5478,88.22453
5479,96.22453
5480,96.22453
5481,96.22453
5482,96.22453
5483,96.22453
5484,96.22453
5485,96.22453
5486,96.22453
5487,96.22453
5488,96.22453
5489,96.22453
5490,141.22453
5491,165.30453
5492,141.22453
5493,96.22453
5494,96.22453
5495,86.22453
5496,54.90209
5497,54.90209
5498,54.90209
5499,54.90209
5500,54.90209
5501,64.90209
5502,69.90209
5503,69.90209
5504,79.90209
5505,79.90209
5506,86.90209
5507,131.69209
5508,91.90209
5509,86.90209
5510,91.90209
5511,91.90209
5512,91.90209
5513,86.90209
5514,194.90209
5515,139.90209
5516,139.90209
5517,86.90209
5518,69.90209
5519,54.90209
5520,36.84593
5521,36.84593
5522,36.84593
5523,36.84593
5524,36.84593
5525,42.94193
5526,42.94193
5527,42.94193
5528,67.84293
5529,72.94293
5530,72.94293
5531,89.94293
5532,72.94293
5533,72.94293
5534,72.94293
5535,89.94293
5536,72.94293
5537,72.94293
5538,137.94293
5539,137.94293
5540,72.94293
5541,72.94293
5542,42.94193
5543,42.94193
5544,39.04753
5545,39.04753
5546,39.04753
5547,39.04753
5548,39.04753
5549,39.04753
5550,39.04853
5551,80.14553
5552,85.14553
5553,86.14553
5554,90.14553
5555,92.14553
5556,92.14553
5557,85.14553
5558,85.14553
5559,85.14553
5560,85.14553
5561,85.14553
5562,140.14553
5563,205.14453
5564,195.14553
5565,92.14553
5566,85.14553
5567,80.14553
5568,37.81541
5569,37.81441
5570,37.81541
5571,37.81541
5572,37.81441
5573,37.81441
5574,37.81441
5575,37.81541
5576,73.91241
5577,78.81241
5578,78.81241
5579,78.91241
5580,78.91241
5581,78.81241
5582,78.81241
5583,73.91241
5584,73.91241
5585,73.91241
5586,78.91241
5587,138.91241
5588,78.91241
5589,78.91241
5590,73.91241
5591,37.81541
5592,54.36493
5593,39.26793
5594,54.36493
5595,54.36493
5596,54.36493
5597,54.36493
5598,75.36493
5599,79.36493
5600,80.26593
5601,80.26593
5602,80.26593
5603,80.31493
5604,80.26593
5605,80.26593
5606,80.31493
5607,80.31493
5608,80.26593
5609,80.26593
5610,140.36493
5611,205.36393
5612,80.31493
5613,80.26593
5614,79.36493
5615,54.36493
5616,78.50034
5617,78.50034
5618,78.50034
5619,78.50034
5620,78.50034
5621,79.59934
5622,81.59934
5623,81.59934
5624,81.59934
5625,81.59934
5626,81.59934
5627,144.59934
5628,81.59934
5629,81.59934
5630,81.59934
5631,81.59934
5632,81.59934
5633,81.59934
5634,81.59934
5635,144.59934
5636,81.59934
5637,81.59934
5638,78.50034
5639,78.50034
5640,48.97793
5641,48.97793
5642,48.97693
5643,48.97693
5644,48.97793
5645,80.07593
5646,81.07593
5647,81.07593
5648,81.07593
5649,81.07593
5650,83.87493
5651,83.87493
5652,83.87493
5653,83.87493
5654,83.87493
5655,83.87493
5656,83.87493
5657,83.87493
5658,140.07593
5659,140.07593
5660,85.07593
5661,83.87493
5662,81.07593
5663,81.07593
5664,49.98169
5665,49.98169
5666,49.98169
5667,49.98169
5668,49.98169
5669,79.07969
5670,79.07969
5671,79.07969
5672,85.07969
5673,85.07969
5674,91.07969
5675,91.07969
5676,91.07969
5677,91.07969
5678,91.07969
5679,91.07969
5680,91.07969
5681,85.07969
5682,146.07969
5683,216.07869
5684,91.07969
5685,85.07969
5686,85.07969
5687,79.07969
5688,51.02722
5689,51.02722
5690,51.02722
5691,51.02722
5692,51.02822
5693,71.12522
5694,71.12522
5695,71.12522
5696,90.62522
5697,90.62522
5698,90.62522
5699,97.12522
5700,90.62522
5701,90.62522
5702,90.62522
5703,90.62522
5704,90.62522
5705,90.62522
5706,116.09322
5707,116.09322
5708,97.12522
5709,90.62522
5710,90.62522
5711,71.12522
5712,52.23338
5713,52.23338
5714,52.23238
5715,52.23238
5716,52.23238
5717,52.23338
5718,81.57338
5719,86.57338
5720,94.57338
5721,94.57338
5722,94.57338
5723,94.57338
5724,94.57338
5725,86.57338
5726,86.57338
5727,86.57338
5728,86.57338
5729,86.57338
5730,94.57338
5731,106.57338
5732,94.57338
5733,94.57338
5734,86.57338
5735,81.57338
5736,64.50693
5737,64.50693
5738,64.50693
5739,64.50693
5740,64.50693
5741,64.50693
5742,64.50693
5743,64.50693
5744,77.50693
5745,77.50693
5746,77.50693
5747,77.50693
5748,77.50693
5749,77.50693
5750,77.50693
5751,77.50693
5752,77.50693
5753,77.50693
5754,84.50693
5755,84.50693
5756,84.50693
5757,84.50693
5758,77.50693
5759,77.50693
5760,67.50578
5761,66.50578
5762,66.50578
5763,66.50578
5764,67.50578
5765,67.50578
5766,68.50578
5767,68.50578
5768,68.50578
5769,71.50578
5770,71.50578
5771,151.50578
5772,71.50578
5773,71.50578
5774,71.50578
5775,71.50578
5776,68.50578
5777,68.50578
5778,151.50578
5779,301.50578
5780,221.50578
5781,71.50578
5782,68.50578
5783,67.50578
5784,56.65201
5785,56.65201
5786,56.65201
5787,56.65201
5788,56.65201
5789,67.65201
5790,67.65201
5791,74.65201
5792,85.65201
5793,85.65201
5794,155.65201
5795,155.65201
5796,102.41901
5797,85.65201
5798,155.65201
5799,102.41901
5800,85.65201
5801,74.65201
5802,155.65201
5803,305.65201
5804,102.41901
5805,85.65201
5806,74.65201
5807,67.65201
5808,61.53697
5809,61.53697
5810,61.53697
5811,61.53697
5812,61.53697
5813,79.53697
5814,79.53697
5815,79.53697
5816,81.53697
5817,81.53697
5818,92.53697
5819,92.53697
5820,92.48697
5821,92.48697
5822,92.53697
5823,81.53697
5824,92.48697
5825,81.53697
5826,157.53697
5827,257.53697
5828,92.53697
5829,81.53697
5830,79.53697
5831,79.53697
5832,82.66388
5833,82.66388
5834,82.66388
5835,82.66388
5836,82.66388
5837,82.66388
5838,82.66388
5839,82.66388
5840,114.11388
5841,148.16388
5842,148.16388
5843,148.16388
5844,148.16388
5845,138.16388
5846,148.16388
5847,148.16388
5848,148.16388
5849,114.11388
5850,148.16388
5851,148.16388
5852,148.16388
5853,148.16388
5854,88.16388
5855,82.66388
5856,57.82326
5857,57.82326
5858,57.82326
5859,57.82326
5860,57.82326
5861,73.82326
5862,82.82326
5863,82.82326
5864,88.82326
5865,114.77326
5866,118.82326
5867,118.82326
5868,118.82326
5869,114.77326
5870,118.82326
5871,118.82326
5872,114.77326
5873,114.77326
5874,118.82326
5875,118.82326
5876,118.82326
5877,118.82326
5878,88.82326
5879,82.82326
5880,81.58176
5881,78.58176
5882,78.58176
5883,78.58176
5884,78.58176
5885,78.58176
5886,81.58176
5887,85.46876
5888,85.58176
5889,85.58176
5890,85.58176
5891,85.58176
5892,85.58176
5893,85.58176
5894,85.58176
5895,85.58176
5896,85.58176
5897,85.58176
5898,89.58176
5899,89.58176
5900,89.58176
5901,85.58176
5902,85.58176
5903,81.58176
5904,77.65066
5905,77.65066
5906,77.65066
5907,77.65066
5908,72.65066
5909,72.65066
5910,72.65066
5911,77.65066
5912,77.65066
5913,82.65066
5914,82.65066
5915,82.65066
5916,82.65066
5917,82.65066
5918,82.65066
5919,82.65066
5920,82.65066
5921,82.65066
5922,83.65066
5923,83.65066
5924,83.65066
5925,83.65066
5926,82.65066
5927,82.65066
5928,75.70595
5929,75.70595
5930,75.70595
5931,75.70595
5932,75.70595
5933,78.70595
5934,78.70595
5935,78.70595
5936,78.70595
5937,83.70595
5938,85.20595
5939,85.20595
5940,78.70595
5941,83.70595
5942,85.20595
5943,90.70595
5944,85.20595
5945,78.70595
5946,153.70595
5947,403.70595
5948,153.70595
5949,83.70595
5950,78.70595
5951,78.70595
5952,75.40695
5953,75.40695
5954,75.40695
5955,75.40695
5956,75.40695
5957,77.40695
5958,81.40695
5959,89.40695
5960,89.40695
5961,89.40695
5962,123.40695
5963,123.40695
5964,95.40695
5965,95.40695
5966,123.40695
5967,121.63995
5968,121.63995
5969,89.40695
5970,123.40695
5971,158.40695
5972,89.40695
5973,89.40695
5974,89.40695
5975,77.40695
5976,83.92863
5977,83.92863
5978,83.92863
5979,83.92863
5980,83.92863
5981,87.42863
5982,93.38563
5983,93.42863
5984,93.42863
5985,93.42863
5986,93.42863
5987,138.42863
5988,93.42863
5989,121.30663
5990,121.30663
5991,121.30663
5992,95.42863
5993,93.42863
5994,138.42863
5995,192.92463
5996,121.30663
5997,93.42863
5998,93.42863
5999,87.42863
6000,85.27158
6001,85.27158
6002,85.27158
6003,85.27158
6004,85.27158
6005,91.27158
6006,91.27158
6007,91.27158
6008,96.27158
6009,136.27158
6010,136.27158
6011,231.27158
6012,96.27158
6013,93.27158
6014,96.27158
6015,96.27158
6016,96.27158
6017,96.27158
6018,231.27158
6019,231.27158
6020,96.27158
6021,93.20858
6022,91.27158
6023,93.27158
6024,83.05434
6025,83.05434
6026,83.05434
6027,83.05434
6028,86.05434
6029,87.05434
6030,87.05434
6031,89.05434
6032,89.05434
6033,89.05434
6034,89.05434
6035,89.05434
6036,89.05434
6037,89.05434
6038,89.05434
6039,89.05434
6040,89.05434
6041,89.05434
6042,159.05434
6043,159.05434
6044,89.05434
6045,89.05434
6046,89.05434
6047,87.05434
6048,81.7476
6049,81.7476
6050,81.7476
6051,81.7476
6052,82.7476
6053,82.7476
6054,85.2476
6055,85.2476
6056,88.7476
6057,88.7476
6058,88.7476
6059,88.7476
6060,88.7476
6061,88.7476
6062,88.7476
6063,87.7476
6064,88.3656
6065,88.7476
6066,88.7476
6067,158.7476
6068,88.7476
6069,88.7476
6070,87.7476
6071,85.2476
6072,82.20549
6073,82.20549
6074,82.20549
6075,82.20549
6076,82.20549
6077,82.20549
6078,82.20549
6079,89.00549
6080,89.00549
6081,89.00549
6082,89.00549
6083,89.00549
6084,89.00549
6085,89.00549
6086,89.00549
6087,89.00549
6088,89.00549
6089,89.00549
6090,89.20549
6091,89.20549
6092,89.20549
6093,89.20549
6094,89.00549
6095,89.00549
6096,38.84833
6097,38.84833
6098,38.84833
6099,38.84833
6100,38.84833
6101,80.80033
6102,80.80033
6103,90.60033
6104,90.60033
6105,90.60033
6106,90.60033
6107,90.60033
6108,90.60033
6109,90.60033
6110,90.60033
6111,90.60033
6112,90.60033
6113,90.60033
6114,159.60033
6115,187.34033
6116,90.60033
6117,90.60033
6118,80.80033
6119,80.80033
6120,77.39551
6121,77.39551
6122,77.39551
6123,77.39551
6124,78.89551
6125,78.89551
6126,88.39551
6127,95.39551
6128,95.39551
6129,95.39551
6130,95.39551
6131,164.39551
6132,95.39551
6133,95.39551
6134,125.60551
6135,125.60551
6136,95.39551
6137,95.39551
6138,190.56951
6139,190.56951
6140,164.39551
6141,95.39551
6142,93.39551
6143,78.89551
6144,44.36655
6145,44.36655
6146,44.36655
6147,44.36655
6148,44.36655
6149,76.11955
6150,76.11955
6151,84.11955
6152,102.11955
6153,102.11955
6154,102.11955
6155,102.11955
6156,102.11955
6157,102.11955
6158,102.11955
6159,102.11955
6160,102.11955
6161,102.11955
6162,191.53655
6163,191.53655
6164,102.11955
6165,102.11955
6166,84.11955
6167,44.36755
6168,59.06297
6169,59.06297
6170,59.06297
6171,59.06297
6172,59.06297
6173,82.06297
6174,89.06297
6175,89.06297
6176,102.06297
6177,102.06297
6178,102.06297
6179,102.06297
6180,102.06297
6181,102.06297
6182,102.06297
6183,102.06297
6184,102.06297
6185,102.06297
6186,191.47997
6187,191.47997
6188,102.06297
6189,102.06297
6190,102.06297
6191,82.06297
6192,40.06155
6193,40.06255
6194,40.06155
6195,40.06155
6196,40.06255
6197,81.81355
6198,84.81355
6199,102.81355
6200,102.81355
6201,102.81355
6202,185.41355
6203,102.81355
6204,102.81355
6205,102.81355
6206,102.81355
6207,102.81355
6208,102.81355
6209,102.81355
6210,102.81355
6211,185.41355
6212,102.81355
6213,102.81355
6214,84.81355
6215,81.81355
6216,39.16038
6217,39.16038
6218,39.16138
6219,39.16138
6220,39.16138
6221,39.16138
6222,39.16238
6223,80.55838
6224,87.55838
6225,87.55838
6226,87.55838
6227,87.55838
6228,87.55838
6229,87.55838
6230,87.55838
6231,87.55838
6232,80.55838
6233,87.55838
6234,248.55838
6235,248.55838
6236,248.55838
6237,87.55838
6238,80.55838
6239,39.16238
6240,81.73591
6241,84.73591
6242,81.73591
6243,78.73591
6244,78.73591
6245,78.73591
6246,78.73591
6247,81.73591
6248,89.23591
6249,89.23591
6250,89.23591
6251,89.23591
6252,89.23591
6253,89.23591
6254,89.23591
6255,89.23591
6256,89.23591
6257,89.23591
6258,92.73591
6259,92.73591
6260,92.73591
6261,92.73591
6262,89.23591
6263,89.23591
6264,40.40781
6265,40.40781
6266,40.40781
6267,40.40781
6268,40.40781
6269,40.40981
6270,40.40981
6271,86.80581
6272,94.80581
6273,94.80581
6274,94.80581
6275,94.80581
6276,94.80581
6277,94.80581
6278,94.80581
6279,94.80581
6280,94.80581
6281,94.80581
6282,239.80581
6283,239.80581
6284,187.46681
6285,94.80581
6286,94.80581
6287,40.40981
6288,42.96189
6289,42.96189
6290,42.96189
6291,42.96189
6292,42.96189
6293,89.35689
6294,89.35689
6295,96.35689
6296,96.35689
6297,96.35689
6298,96.35689
6299,206.35689
6300,96.35689
6301,96.35689
6302,96.35689
6303,96.35689
6304,96.35689
6305,96.35689
6306,190.01789
6307,206.35689
6308,190.01789
6309,96.35689
6310,96.35689
6311,42.96189
6312,70.91394
6313,70.91394
6314,70.91394
6315,70.91394
6316,70.91394
6317,85.91394
6318,85.91394
6319,85.91394
6320,85.91394
6321,87.91394
6322,87.91394
6323,93.91394
6324,87.91394
6325,87.91394
6326,87.91394
6327,87.91394
6328,85.91394
6329,85.91394
6330,235.91394
6331,235.91394
6332,145.13194
6333,87.91394
6334,85.91394
6335,85.91394
6336,61.63708
6337,61.63708
6338,42.24008
6339,42.24008
6340,61.63708
6341,61.63708
6342,81.63708
6343,86.63708
6344,88.63608
6345,88.63608
6346,96.51408
6347,88.63608
6348,88.63608
6349,88.63608
6350,88.63608
6351,88.63608
6352,88.63608
6353,88.63608
6354,236.63708
6355,236.63708
6356,165.55708
6357,88.63608
6358,88.63608
6359,61.63708
6360,59.8147
6361,59.8147
6362,58.8147
6363,58.8147
6364,59.8147
6365,59.8147
6366,59.8147
6367,88.8147
6368,88.8147
6369,88.8147
6370,88.8147
6371,88.8147
6372,88.8147
6373,88.8147
6374,88.8147
6375,88.8147
6376,88.8147
6377,88.8147
6378,234.8147
6379,234.8147
6380,187.4757
6381,88.8147
6382,88.8147
6383,59.8147
6384,61.16703
6385,61.16703
6386,61.16703
6387,61.16703
6388,61.16703
6389,61.16703
6390,61.16703
6391,80.16703
6392,96.16703
6393,116.16703
6394,116.16703
6395,116.16703
6396,116.16703
6397,96.16703
6398,96.16703
6399,96.16703
6400,96.16703
6401,116.16703
6402,188.82803
6403,116.16703
6404,116.16703
6405,116.16703
6406,96.16703
6407,80.16703
6408,60.28752
6409,60.28752
6410,60.28752
6411,60.28752
6412,60.28752
6413,60.28752
6414,60.28752
6415,60.28752
6416,60.28752
6417,60.28752
6418,85.28752
6419,85.28752
6420,95.28752
6421,95.28752
6422,85.28752
6423,60.28752
6424,60.28752
6425,85.28752
6426,125.28752
6427,125.28752
6428,125.28752
6429,95.28752
6430,85.28752
6431,60.28752
6432,55.43034
6433,55.43034
6434,55.43034
6435,55.43034
6436,60.43034
6437,60.43034
6438,60.43034
6439,90.43034
6440,90.43034
6441,90.43034
6442,95.43034
6443,155.43034
6444,95.43034
6445,95.43034
6446,95.72734
6447,95.43034
6448,90.43034
6449,90.43034
6450,199.39034
6451,199.39034
6452,95.72734
6453,95.43034
6454,90.43034
6455,60.43034
6456,41.95459
6457,41.95459
6458,41.95459
6459,41.95459
6460,41.95459
6461,61.25359
6462,61.25359
6463,61.25359
6464,80.25359
6465,85.25359
6466,85.25359
6467,170.18059
6468,80.25359
6469,85.25359
6470,91.25359
6471,80.25359
6472,80.25359
6473,61.25359
6474,200.21359
6475,200.21359
6476,91.25359
6477,80.25359
6478,61.25359
6479,41.95559
6480,42.07135
6481,56.36935
6482,42.07135
6483,42.07135
6484,61.36935
6485,61.36935
6486,76.36935
6487,76.36935
6488,76.36935
6489,76.36935
6490,80.36935
6491,80.36935
6492,80.36935
6493,86.36935
6494,96.66635
6495,86.36935
6496,76.36935
6497,76.36935
6498,200.32935
6499,200.32935
6500,80.36935
6501,76.36935
6502,76.36935
6503,61.36935
6504,42.51619
6505,42.51619
6506,42.51619
6507,42.51619
6508,62.81419
6509,71.81419
6510,71.81419
6511,71.81419
6512,76.81419
6513,76.81419
6514,76.81419
6515,165.41219
6516,76.81419
6517,76.81419
6518,76.81419
6519,76.81419
6520,76.81419
6521,76.81419
6522,200.77419
6523,165.41219
6524,76.81419
6525,76.81419
6526,71.81419
6527,71.81419
6528,41.95847
6529,41.95847
6530,41.95847
6531,41.95847
6532,53.25547
6533,53.25547
6534,61.25547
6535,61.25547
6536,61.25547
6537,62.25547
6538,62.25547
6539,62.25547
6540,62.25547
6541,62.25547
6542,62.25547
6543,62.25547
6544,61.25547
6545,61.25547
6546,200.21547
6547,200.21547
6548,62.25547
6549,61.25547
6550,61.25547
6551,53.25547
6552,41.36655
6553,41.36655
6554,41.36655
6555,41.36655
6556,41.36655
6557,41.36655
6558,41.36655
6559,48.94655
6560,51.94655
6561,51.94655
6562,51.94655
6563,51.94655
6564,51.94655
6565,51.94655
6566,51.94655
6567,51.94655
6568,51.94655
6569,51.94655
6570,181.94655
6571,181.94655
6572,51.94655
6573,51.94655
6574,51.94655
6575,47.94655
6576,45.66221
6577,45.66221
6578,45.66221
6579,45.66221
6580,45.66221
6581,45.66221
6582,45.66221
6583,45.66221
6584,47.15221
6585,47.15221
6586,47.15221
6587,47.15221
6588,47.15221
6589,47.15221
6590,47.15221
6591,47.15221
6592,47.15221
6593,47.15221
6594,50.66221
6595,290.66221
6596,50.66221
6597,50.66221
6598,47.15221
6599,47.15221
6600,49.44331
6601,49.44331
6602,49.44331
6603,49.44331
6604,51.44331
6605,72.44331
6606,72.44331
6607,81.93331
6608,81.93331
6609,81.93331
6610,87.44331
6611,87.44331
6612,87.44331
6613,87.44331
6614,87.44331
6615,87.44331
6616,87.44331
6617,81.93331
6618,198.46931
6619,198.46931
6620,162.44331
6621,81.93331
6622,81.93331
6623,72.44331
6624,71.58036
6625,71.58036
6626,71.58036
6627,71.58036
6628,76.19036
6629,76.19036
6630,76.19036
6631,88.09036
6632,88.09036
6633,88.09036
6634,88.09036
6635,162.09036
6636,88.09036
6637,88.09036
6638,88.09036
6639,88.09036
6640,88.09036
6641,88.09036
6642,198.11636
6643,162.09036
6644,88.09036
6645,88.09036
6646,76.19036
6647,71.58036
6648,87.50137
6649,87.50137
6650,87.50137
6651,87.50137
6652,87.50137
6653,87.60137
6654,91.32837
6655,92.60137
6656,92.60137
6657,92.60137
6658,92.60137
6659,182.60137
6660,92.60137
6661,92.60137
6662,92.60137
6663,92.60137
6664,92.60137
6665,92.60137
6666,197.78837
6667,197.78837
6668,92.60137
6669,92.60137
6670,92.60137
6671,87.50137
6672,82.89956
6673,87.89956
6674,82.89956
6675,87.89956
6676,87.89956
6677,87.89956
6678,92.89956
6679,104.39956
6680,104.39956
6681,104.39956
6682,182.89956
6683,182.89956
6684,182.89956
6685,182.89956
6686,104.39956
6687,104.39956
6688,104.39956
6689,104.39956
6690,182.89956
6691,182.89956
6692,104.39956
6693,104.39956
6694,87.89956
6695,87.89956
6696,76.50096
6697,76.50096
6698,76.50096
6699,76.50096
6700,76.50096
6701,78.50096
6702,78.50096
6703,78.50096
6704,91.50096
6705,91.50096
6706,151.50096
6707,181.50096
6708,91.50096
6709,151.50096
6710,151.50096
6711,91.50096
6712,91.50096
6713,91.50096
6714,181.50096
6715,181.50096
6716,181.50096
6717,91.50096
6718,86.50096
6719,78.50096
6720,77.75387
6721,77.75387
6722,77.75387
6723,77.75387
6724,77.75387
6725,77.75387
6726,77.75387
6727,88.75387
6728,92.75387
6729,92.75387
6730,152.75387
6731,182.75387
6732,152.75387
6733,92.75387
6734,92.75387
6735,92.75387
6736,88.75387
6737,88.75387
6738,182.75387
6739,182.75387
6740,92.75387
6741,92.75387
6742,88.75387
6743,77.75387
6744,71.20516
6745,71.20516
6746,71.20516
6747,71.20516
6748,71.20516
6749,71.20516
6750,71.20516
6751,71.20516
6752,76.20516
6753,77.70516
6754,77.70516
6755,77.70516
6756,77.70516
6757,77.70516
6758,77.70516
6759,77.70516
6760,77.70516
6761,77.70516
6762,89.20516
6763,89.20516
6764,89.20516
6765,87.20516
6766,77.70516
6767,76.20516
6768,67.48744
6769,67.48744
6770,67.48744
6771,67.48744
6772,67.48744
6773,70.48744
6774,70.48744
6775,77.48744
6776,87.48744
6777,87.48744
6778,91.21444
6779,91.21444
6780,87.48744
6781,87.48744
6782,87.48744
6783,87.48744
6784,87.48744
6785,87.48744
6786,152.48744
6787,161.08544
6788,87.48744
6789,87.48744
6790,77.48744
6791,77.48744
6792,62.48481
6793,62.48481
6794,62.48481
6795,62.48481
6796,66.48481
6797,66.48481
6798,78.48481
6799,78.48481
6800,92.48481
6801,92.48481
6802,92.48481
6803,297.48481
6804,92.48481
6805,92.48481
6806,92.48481
6807,92.48481
6808,92.48481
6809,92.48481
6810,297.48481
6811,297.48481
6812,92.48481
6813,92.48481
6814,78.48481
6815,78.48481
6816,61.84664
6817,51.84664
6818,38.50064
6819,38.50064
6820,61.84664
6821,61.84664
6822,68.34664
6823,68.34664
6824,76.84664
6825,76.84664
6826,76.84664
6827,76.84664
6828,76.84664
6829,76.84664
6830,76.84664
6831,76.84664
6832,76.84664
6833,76.84664
6834,301.84664
6835,90.57364
6836,76.84664
6837,76.84664
6838,68.34664
6839,68.34664
6840,38.77751
6841,38.77751
6842,38.77751
6843,38.77751
6844,38.77751
6845,62.02351
6846,62.02351
6847,67.12351
6848,67.12351
6849,67.12351
6850,82.12351
6851,82.12351
6852,67.12351
6853,67.12351
6854,67.12351
6855,67.12351
6856,67.12351
6857,67.12351
6858,160.72151
6859,160.72151
6860,82.12351
6861,67.12351
6862,67.12351
6863,62.02351
6864,57.38712
6865,57.38712
6866,57.38712
6867,57.38712
6868,57.38712
6869,57.38712
6870,57.38712
6871,61.88712
6872,82.38712
6873,82.38712
6874,82.38712
6875,82.38712
6876,82.38712
6877,82.38712
6878,82.38712
6879,82.38712
6880,82.38712
6881,82.38712
6882,91.31112
6883,82.38712
6884,82.38712
6885,82.38712
6886,61.88712
6887,57.38712
6888,37.12105
6889,37.12205
6890,37.12105
6891,37.12105
6892,37.12105
6893,37.12205
6894,37.12205
6895,49.31905
6896,60.31905
6897,60.31905
6898,60.31905
6899,60.31905
6900,60.31905
6901,60.31905
6902,60.31905
6903,60.31905
6904,60.31905
6905,60.31905
6906,200.31905
6907,200.31905
6908,60.31905
6909,60.31905
6910,49.31905
6911,37.12205
6912,38.17483
6913,38.17483
6914,38.17483
6915,38.17483
6916,38.17483
6917,38.17483
6918,38.17483
6919,38.17483
6920,49.17483
6921,49.17483
6922,49.17483
6923,49.17483
6924,49.17483
6925,49.17483
6926,49.17483
6927,49.17483
6928,49.17483
6929,49.17483
6930,55.17483
6931,49.17483
6932,49.17483
6933,49.17483
6934,49.17483
6935,44.17483
6936,36.81869
6937,36.81869
6938,36.81869
6939,36.81869
6940,36.81869
6941,36.81869
6942,36.81869
6943,40.01569
6944,44.01569
6945,55.01569
6946,55.01569
6947,55.01569
6948,55.01569
6949,55.01569
6950,55.01569
6951,55.01569
6952,55.01569
6953,55.01569
6954,96.01569
6955,96.01569
6956,96.01569
6957,55.01569
6958,55.01569
6959,44.01569
6960,38.10407
6961,38.10407
6962,38.10507
6963,38.10407
6964,38.10507
6965,55.20207
6966,55.40207
6967,55.40207
6968,55.40207
6969,56.30207
6970,56.30207
6971,56.30207
6972,56.30207
6973,56.30207
6974,56.30207
6975,56.30207
6976,56.30207
6977,56.30207
6978,151.30207
6979,151.30207
6980,56.30207
6981,56.30207
6982,55.40207
6983,55.20207
6984,36.58529
6985,36.58529
6986,36.58529
6987,36.58529
6988,38.38529
6989,38.38729
6990,38.38729
6991,58.81529
6992,58.81529
6993,58.81529
6994,58.81529
6995,76.58529
6996,58.81529
6997,58.81529
6998,58.81529
6999,58.81529
7000,76.58529
7001,76.58529
7002,76.58529
7003,76.58529
7004,76.58529
7005,58.81529
7006,58.81529
7007,38.38629
7008,39.01146
7009,39.10946
7010,39.01146
7011,39.01146
7012,39.10946
7013,51.20946
7014,72.10946
7015,72.10946
7016,72.20946
7017,72.20946
7018,72.20946
7019,72.20946
7020,72.20946
7021,72.20946
7022,72.20946
7023,72.20946
7024,72.20946
7025,72.20946
7026,72.20946
7027,72.20946
7028,72.20946
7029,72.20946
7030,72.10946
7031,51.20946
7032,39.60308
7033,39.60308
7034,39.60308
7035,39.60308
7036,39.70108
7037,65.79108
7038,65.79108
7039,67.80108
7040,67.80108
7041,67.80108
7042,67.80108
7043,67.80108
7044,67.80108
7045,67.80108
7046,67.80108
7047,67.80108
7048,67.80108
7049,67.80108
7050,72.80108
7051,72.80108
7052,67.80108
7053,67.80108
7054,65.79108
7055,65.79108
7056,63.11928
7057,63.11928
7058,38.86928
7059,38.86928
7060,63.11928
7061,63.11928
7062,63.11928
7063,64.78928
7064,64.78928
7065,66.79928
7066,66.79928
7067,66.79928
7068,66.79928
7069,66.79928
7070,66.79928
7071,64.78928
7072,64.78928
7073,66.79928
7074,111.79928
7075,66.79928
7076,66.79928
7077,66.79928
7078,64.79928
7079,64.78928
7080,37.5667
7081,37.5667
7082,37.5667
7083,37.5667
7084,37.5667
7085,37.5667
7086,37.5667
7087,55.4967
7088,55.4967
7089,60.4967
7090,60.4967
7091,60.4967
7092,60.4967
7093,60.4967
7094,60.4967
7095,60.4967
7096,60.4967
7097,60.4967
7098,72.9967
7099,72.9967
7100,70.4967
7101,60.4967
7102,60.4967
7103,60.4967
7104,37.83579
7105,37.83579
7106,37.83579
7107,37.83579
7108,37.83679
7109,37.83779
7110,50.76779
7111,70.76779
7112,70.76779
7113,70.76779
7114,86.86779
7115,86.86779
7116,70.76779
7117,70.76779
7118,70.76779
7119,70.76779
7120,70.76779
7121,86.86779
7122,200.76779
7123,200.76779
7124,85.76779
7125,70.76779
7126,70.76779
7127,37.83779
7128,37.85219
7129,37.85219
7130,37.85219
7131,37.85219
7132,37.85219
7133,37.85319
7134,58.78319
7135,70.78319
7136,70.78319
7137,70.78319
7138,70.78319
7139,90.78319
7140,70.78319
7141,70.78319
7142,89.70719
7143,89.70719
7144,70.78319
7145,150.78319
7146,200.78319
7147,200.78319
7148,200.78319
7149,70.78319
7150,70.78319
7151,58.78319
7152,36.04618
7153,36.04618
7154,36.04618
7155,36.04618
7156,38.11418
7157,38.11518
7158,38.11618
7159,68.04618
7160,76.04618
7161,86.04618
7162,86.04618
7163,151.04618
7164,86.04618
7165,86.04618
7166,86.04618
7167,86.04618
7168,86.04618
7169,86.04618
7170,201.04618
7171,164.97318
7172,86.04618
7173,76.04618
7174,68.04618
7175,38.11618
7176,38.14698
7177,38.14698
7178,38.14698
7179,38.14698
7180,38.14798
7181,38.14898
7182,56.07898
7183,56.07898
7184,68.07898
7185,111.07898
7186,111.07898
7187,111.07898
7188,111.07898
7189,111.07898
7190,111.07898
7191,111.07898
7192,111.07898
7193,111.07898
7194,165.00598
7195,165.00598
7196,111.07898
7197,68.07898
7198,38.14898
7199,38.14798
7200,37.76928
7201,37.76928
7202,37.76928
7203,37.76928
7204,37.77028
7205,55.70128
7206,55.70128
7207,55.70128
7208,67.70128
7209,67.70128
7210,67.70128
7211,120.70128
7212,89.62528
7213,89.62528
7214,120.70128
7215,120.70128
7216,120.70128
7217,120.70128
7218,150.70128
7219,120.70128
7220,89.62528
7221,67.70128
7222,55.70128
7223,55.70128
7224,37.77702
7225,37.77802
7226,37.77602
7227,37.77602
7228,37.77602
7229,37.77702
7230,37.77802
7231,56.35302
7232,56.35302
7233,56.35302
7234,56.35302
7235,68.35302
7236,68.35302
7237,56.35302
7238,56.35302
7239,56.35302
7240,56.35302
7241,56.35302
7242,151.35302
7243,68.35302
7244,68.35302
7245,56.35302
7246,56.35302
7247,37.77802
7248,37.81256
7249,38.29156
7250,39.71656
7251,37.81256
7252,37.81256
7253,37.81256
7254,38.29156
7255,38.29156
7256,38.29156
7257,38.29156
7258,38.29156
7259,38.29156
7260,38.29156
7261,38.29156
7262,38.29156
7263,38.29156
7264,38.29156
7265,39.71556
7266,39.71656
7267,39.71656
7268,39.71556
7269,39.71456
7270,38.29156
7271,38.29156
7272,37.43623
7273,37.43623
7274,37.43623
7275,37.43623
7276,37.43723
7277,37.91623
7278,37.91623
7279,37.91623
7280,39.33923
7281,39.34023
7282,39.34123
7283,39.34123
7284,39.34123
7285,39.34123
7286,39.34123
7287,39.34123
7288,39.34123
7289,39.34123
7290,69.91623
7291,42.91623
7292,39.34123
7293,39.34023
7294,37.91623
7295,37.91623
7296,38.25913
7297,38.25913
7298,38.25913
7299,38.25913
7300,38.25913
7301,38.73813
7302,38.73813
7303,39.52113
7304,57.73813
7305,57.73813
7306,92.23313
7307,70.73813
7308,70.73813
7309,70.73813
7310,70.73813
7311,70.73813
7312,57.73813
7313,70.73813
7314,173.73813
7315,173.73813
7316,57.73813
7317,39.52113
7318,39.52013
7319,38.73813
7320,39.21057
7321,39.21057
7322,39.21057
7323,39.21057
7324,39.21057
7325,53.42857
7326,53.42857
7327,53.42857
7328,57.42857
7329,57.42857
7330,70.42857
7331,70.42857
7332,70.42857
7333,70.42857
7334,70.42857
7335,70.42857
7336,57.42857
7337,57.42857
7338,167.35557
7339,123.42857
7340,70.42857
7341,57.42857
7342,53.42857
7343,53.42857
7344,54.56674
7345,54.56674
7346,54.56674
7347,54.56674
7348,54.56674
7349,57.56674
7350,68.56674
7351,68.56674
7352,68.56674
7353,70.56674
7354,70.56674
7355,93.56674
7356,70.56674
7357,70.56674
7358,92.06174
7359,70.56674
7360,70.56674
7361,92.06174
7362,303.56674
7363,93.56674
7364,70.56674
7365,68.56674
7366,68.56674
7367,57.56674
7368,53.66452
7369,53.66452
7370,53.66452
7371,53.66452
7372,53.66452
7373,68.66452
7374,68.66452
7375,68.66452
7376,68.66452
7377,70.66452
7378,90.66452
7379,90.66452
7380,90.66452
7381,90.66452
7382,90.66452
7383,90.66452
7384,90.66452
7385,90.66452
7386,323.66452
7387,92.15952
7388,90.66452
7389,90.66452
7390,68.66452
7391,68.66452
7392,41.08334
7393,41.08334
7394,41.08334
7395,41.08334
7396,41.08334
7397,53.47034
7398,53.47034
7399,68.52034
7400,68.52034
7401,68.52034
7402,90.52034
7403,90.52034
7404,90.52034
7405,68.52034
7406,68.52034
7407,68.52034
7408,68.52034
7409,68.52034
7410,90.52034
7411,90.52034
7412,90.52034
7413,68.52034
7414,68.52034
7415,53.52034
7416,54.41947
7417,54.41947
7418,54.41947
7419,41.98247
7420,41.98247
7421,41.98247
7422,41.98247
7423,54.41947
7424,69.41947
7425,69.41947
7426,69.41947
7427,69.41947
7428,69.41947
7429,69.41947
7430,69.41947
7431,69.41947
7432,69.41947
7433,69.41947
7434,91.41947
7435,91.41947
7436,91.41947
7437,69.41947
7438,69.41947
7439,69.41947
7440,49.46556
7441,49.46556
7442,49.46556
7443,39.02856
7444,39.02856
7445,39.02856
7446,39.02856
7447,49.46556
7448,66.46556
7449,66.46556
7450,66.46556
7451,66.46556
7452,66.46556
7453,66.46556
7454,66.46556
7455,66.46556
7456,66.46556
7457,66.46556
7458,96.46556
7459,96.46556
7460,96.46556
7461,66.46556
7462,66.46556
7463,66.46556
7464,49.61218
7465,49.61218
7466,49.61218
7467,49.61218
7468,62.61218
7469,67.61218
7470,67.61218
7471,67.61218
7472,72.61218
7473,72.61218
7474,72.61218
7475,72.61218
7476,72.61218
7477,72.61218
7478,72.61218
7479,72.61218
7480,72.61218
7481,72.61218
7482,201.92218
7483,201.92218
7484,72.61218
7485,72.61218
7486,67.61218
7487,62.61218
7488,46.85307
7489,43.51607
7490,43.51607
7491,43.51607
7492,46.85307
7493,46.85307
7494,70.95307
7495,70.95307
7496,83.95307
7497,83.95307
7498,83.95307
7499,83.95307
7500,83.95307
7501,83.95307
7502,83.95307
7503,83.95307
7504,83.95307
7505,83.95307
7506,155.95307
7507,83.95307
7508,83.95307
7509,83.95307
7510,70.95307
7511,46.85307
7512,44.98171
7513,44.98171
7514,44.98171
7515,44.98171
7516,44.98171
7517,64.08171
7518,68.08171
7519,68.08171
7520,69.08171
7521,69.08171
7522,69.08171
7523,92.57671
7524,69.08171
7525,69.08171
7526,72.08171
7527,72.08171
7528,69.08171
7529,69.08171
7530,203.39171
7531,203.39171
7532,69.08171
7533,68.08171
7534,68.08171
7535,44.98171
7536,62.78806
7537,62.78806
7538,62.78806
7539,62.68806
7540,62.78806
7541,64.78806
7542,64.78806
7543,82.78806
7544,82.78806
7545,82.78806
7546,82.78806
7547,91.28306
7548,82.78806
7549,82.78806
7550,82.78806
7551,82.78806
7552,82.78806
7553,91.28306
7554,202.09806
7555,202.09806
7556,82.78806
7557,82.78806
7558,82.78806
7559,64.78806
7560,41.23721
7561,41.23721
7562,41.23721
7563,41.23721
7564,63.61621
7565,63.61621
7566,63.61621
7567,65.81621
7568,73.81621
7569,73.81621
7570,73.81621
7571,73.81621
7572,73.81621
7573,73.81621
7574,73.81621
7575,73.81621
7576,73.81621
7577,73.81621
7578,152.81621
7579,152.81621
7580,73.81621
7581,73.81621
7582,73.81621
7583,65.81621
7584,40.01462
7585,40.01462
7586,40.01462
7587,40.01462
7588,40.01462
7589,40.01462
7590,40.01462
7591,60.59362
7592,60.59362
7593,62.39362
7594,62.39362
7595,69.59362
7596,69.59362
7597,69.59362
7598,69.59362
7599,62.39362
7600,62.39362
7601,69.59362
7602,82.59362
7603,82.59362
7604,69.59362
7605,69.59362
7606,62.39362
7607,60.59362
7608,39.17534
7609,39.17534
7610,39.17534
7611,39.17534
7612,39.17534
7613,39.17534
7614,39.17534
7615,56.75434
7616,58.75434
7617,58.75434
7618,58.75434
7619,59.75434
7620,59.75434
7621,59.75434
7622,58.75434
7623,58.75434
7624,58.75434
7625,59.75434
7626,85.75434
7627,85.75434
7628,85.75434
7629,59.75434
7630,58.75434
7631,58.75434
7632,40.37004
7633,40.37004
7634,40.36904
7635,40.36904
7636,40.37104
7637,55.45004
7638,84.95004
7639,90.95004
7640,90.95004
7641,90.95004
7642,90.95004
7643,90.95004
7644,90.95004
7645,90.95004
7646,90.95004
7647,90.95004
7648,90.95004
7649,90.95004
7650,90.95004
7651,90.95004
7652,90.95004
7653,90.95004
7654,84.95004
7655,55.45004
7656,47.96728
7657,47.96728
7658,47.96728
7659,47.96728
7660,47.96728
7661,47.96728
7662,64.96728
7663,77.96728
7664,95.96728
7665,95.96728
7666,95.96728
7667,95.96728
7668,95.96728
7669,95.96728
7670,95.96728
7671,95.96728
7672,95.96728
7673,96.44228
7674,207.27728
7675,96.44228
7676,95.96728
7677,95.96728
7678,64.96728
7679,47.96728
7680,41.66483
7681,41.66483
7682,41.66483
7683,41.66483
7684,41.66483
7685,41.66583
7686,41.66583
7687,74.24583
7688,92.24583
7689,92.24583
7690,92.24583
7691,92.24583
7692,92.24583
7693,92.24583
7694,92.24583
7695,92.24583
7696,92.24583
7697,92.24583
7698,168.17283
7699,92.24583
7700,92.24583
7701,92.24583
7702,74.24583
7703,41.66583
7704,41.5016
7705,41.5026
7706,41.5016
7707,41.5016
7708,41.5026
7709,54.0826
7710,54.0826
7711,88.0826
7712,92.0826
7713,92.0826
7714,92.0826
7715,92.0826
7716,92.0826
7717,92.0826
7718,92.0826
7719,92.0826
7720,92.0826
7721,92.0826
7722,168.0096
7723,92.0826
7724,92.0826
7725,92.0826
7726,88.0826
7727,54.0826
7728,40.41688
7729,40.41688
7730,40.41688
7731,40.41688
7732,40.41688
7733,40.41788
7734,40.41788
7735,40.41888
7736,52.51188
7737,73.51188
7738,98.51188
7739,98.51188
7740,98.51188
7741,73.51188
7742,73.51188
7743,73.51188
7744,52.51188
7745,73.51188
7746,98.51188
7747,98.51188
7748,98.51188
7749,98.51188
7750,52.51188
7751,40.41788
7752,39.88958
7753,39.88958
7754,39.88858
7755,39.88858
7756,39.88858
7757,39.88858
7758,39.88858
7759,39.88958
7760,39.88958
7761,39.89058
7762,39.89058
7763,39.89058
7764,39.89058
7765,39.89058
7766,39.89058
7767,39.89058
7768,39.89058
7769,72.98358
7770,112.98358
7771,112.98358
7772,112.98358
7773,72.98358
7774,39.89058
7775,39.88958
7776,42.53133
7777,42.53133
7778,42.53133
7779,42.53133
7780,42.53133
7781,42.72433
7782,65.62433
7783,75.62433
7784,80.52433
7785,80.52433
7786,80.52433
7787,80.52433
7788,80.52433
7789,80.52433
7790,80.52433
7791,80.52433
7792,80.52433
7793,80.52433
7794,200.93433
7795,200.93433
7796,105.62433
7797,80.52433
7798,75.62433
7799,42.72433
7800,43.00086
7801,43.00086
7802,43.00086
7803,43.00086
7804,43.00186
7805,43.00286
7806,43.00286
7807,43.89586
7808,56.09586
7809,56.09586
7810,76.09586
7811,126.09586
7812,76.09586
7813,76.09586
7814,76.09586
7815,76.09586
7816,76.09586
7817,76.09586
7818,126.09586
7819,126.09586
7820,126.09586
7821,76.09586
7822,43.89586
7823,43.00186
7824,40.16399
7825,40.16399
7826,40.16399
7827,40.16399
7828,40.16399
7829,42.06899
7830,42.06999
7831,42.07099
7832,42.07099
7833,75.16399
7834,75.16399
7835,123.16399
7836,75.16399
7837,75.16399
7838,75.16399
7839,42.07099
7840,42.07099
7841,75.16399
7842,212.70499
7843,150.16399
7844,123.16399
7845,75.16399
7846,42.06999
7847,42.06899
7848,44.41188
7849,44.41188
7850,44.41188
7851,44.41188
7852,44.41188
7853,44.41288
7854,44.41288
7855,77.50588
7856,83.00588
7857,83.00588
7858,83.00588
7859,83.00588
7860,83.00588
7861,83.00588
7862,83.00588
7863,83.00588
7864,83.00588
7865,83.00588
7866,171.43288
7867,152.50588
7868,83.00588
7869,83.00588
7870,77.50588
7871,44.41188
7872,44.49612
7873,44.49612
7874,44.49612
7875,44.49612
7876,44.49612
7877,44.49712
7878,46.59012
7879,46.59012
7880,57.59012
7881,57.59012
7882,57.59012
7883,57.59012
7884,57.59012
7885,57.59012
7886,57.59012
7887,57.59012
7888,57.59012
7889,57.59012
7890,77.59012
7891,77.59012
7892,57.59012
7893,57.59012
7894,46.59012
7895,46.59012
7896,45.76929
7897,45.76929
7898,45.76929
7899,45.76929
7900,45.76929
7901,45.76929
7902,46.76929
7903,46.76929
7904,71.76929
7905,71.76929
7906,71.76929
7907,71.76929
7908,71.76929
7909,71.76929
7910,71.76929
7911,71.76929
7912,71.76929
7913,71.76929
7914,126.76929
7915,126.76929
7916,76.76929
7917,71.76929
7918,71.76929
7919,46.76929
7920,39.60532
7921,39.60532
7922,39.60332
7923,39.60332
7924,39.60332
7925,39.60332
7926,39.60332
7927,39.60432
7928,39.60532
7929,57.00932
7930,57.00932
7931,57.00932
7932,57.00932
7933,57.00932
7934,57.00932
7935,39.60532
7936,39.60532
7937,57.00932
7938,68.00932
7939,68.00932
7940,68.00932
7941,67.00932
7942,57.00932
7943,39.60532
7944,39.33684
7945,39.33684
7946,39.33684
7947,39.33684
7948,40.24084
7949,40.24084
7950,77.74084
7951,77.74084
7952,78.24084
7953,78.24084
7954,78.24084
7955,90.50484
7956,78.24084
7957,78.24084
7958,78.24084
7959,78.24084
7960,78.24084
7961,78.24084
7962,205.90884
7963,102.74084
7964,78.24084
7965,78.24084
7966,77.74084
7967,54.74084
7968,43.32156
7969,43.32156
7970,43.32156
7971,43.32156
7972,43.32156
7973,76.72556
7974,81.62556
7975,81.72556
7976,81.72556
7977,81.72556
7978,81.72556
7979,92.22556
7980,81.72556
7981,81.72556
7982,81.72556
7983,81.72556
7984,81.72556
7985,81.72556
7986,171.55556
7987,92.22556
7988,92.22556
7989,81.72556
7990,81.72556
7991,80.72556
7992,39.33956
7993,39.33956
7994,39.33956
7995,39.33956
7996,39.33956
7997,42.05256
7998,42.05356
7999,42.05456
8000,42.05556
8001,75.45956
8002,80.45956
8003,80.45956
8004,80.45956
8005,80.45956
8006,80.45956
8007,80.45956
8008,80.45956
8009,80.45956
8010,385.45956
8011,80.45956
8012,80.45956
8013,80.45956
8014,42.05556
8015,42.05356
8016,43.83547
8017,41.12047
8018,41.12047
8019,43.83547
8020,41.12047
8021,43.83547
8022,43.83547
8023,43.83747
8024,75.97147
8025,75.97147
8026,80.97147
8027,87.97147
8028,80.97147
8029,80.97147
8030,87.97147
8031,87.97147
8032,87.97147
8033,87.97147
8034,87.97147
8035,87.97147
8036,87.97147
8037,87.97147
8038,43.83747
8039,43.83547
8040,41.03311
8041,41.03311
8042,41.03311
8043,41.03311
8044,41.03311
8045,41.03411
8046,41.03611
8047,73.17011
8048,76.17011
8049,79.17011
8050,79.17011
8051,79.17011
8052,79.17011
8053,79.17011
8054,79.17011
8055,79.17011
8056,79.17011
8057,79.17011
8058,163.17011
8059,163.17011
8060,79.17011
8061,79.17011
8062,73.17011
8063,41.03611
8064,42.07459
8065,42.07459
8066,39.06259
8067,39.06259
8068,39.06259
8069,42.07459
8070,42.07459
8071,42.07559
8072,42.07759
8073,42.07759
8074,72.91459
8075,72.91459
8076,72.91459
8077,42.07759
8078,42.07759
8079,42.07759
8080,42.07759
8081,42.07759
8082,72.91459
8083,72.91459
8084,72.91459
8085,72.91459
8086,42.07759
8087,42.07559
8088,41.5875
8089,41.5875
8090,41.5875
8091,41.5875
8092,41.5875
8093,41.5875
8094,41.5875
8095,41.5875
8096,41.5875
8097,41.5875
8098,41.5875
8099,41.5875
8100,41.5875
8101,41.5875
8102,41.5875
8103,41.5875
8104,41.5875
8105,41.5875
8106,72.4245
8107,72.4245
8108,72.4245
8109,48.4245
8110,41.5875
8111,41.5875
8112,42.1214
8113,42.1204
8114,42.1204
8115,42.1204
8116,42.1204
8117,42.1214
8118,42.1224
8119,42.1234
8120,53.9604
8121,53.9604
8122,53.9604
8123,70.9604
8124,70.9604
8125,70.9604
8126,70.9604
8127,70.9604
8128,70.9604
8129,70.9604
8130,71.9604
8131,71.9604
8132,70.9604
8133,70.9604
8134,53.9604
8135,42.1234
8136,42.18658
8137,42.18658
8138,42.18658
8139,42.18658
8140,42.18658
8141,42.18758
8142,43.02458
8143,43.02458
8144,42.18758
8145,42.18758
8146,67.02458
8147,71.02458
8148,67.02458
8149,71.02458
8150,71.02458
8151,71.02458
8152,71.02458
8153,71.02458
8154,71.02458
8155,71.02458
8156,71.02458
8157,71.02458
8158,43.02458
8159,43.02458
8160,39.50629
8161,39.50629
8162,39.50629
8163,39.50629
8164,39.50629
8165,42.51929
8166,42.52129
8167,42.52229
8168,67.35929
8169,67.35929
8170,67.35929
8171,71.35929
8172,67.35929
8173,67.35929
8174,67.35929
8175,67.35929
8176,67.35929
8177,71.35929
8178,71.35929
8179,71.35929
8180,71.35929
8181,67.35929
8182,42.52229
8183,42.52029
8184,40.1633
8185,40.1633
8186,40.1633
8187,40.1633
8188,40.1633
8189,40.1633
8190,40.1633
8191,40.1633
8192,43.1763
8193,43.1763
8194,43.1763
8195,43.1783
8196,43.1783
8197,43.1783
8198,43.1773
8199,43.1763
8200,43.1763
8201,43.1783
8202,65.0163
8203,65.0163
8204,65.0163
8205,43.1793
8206,43.1783
8207,43.1763
8208,42.67864
8209,42.67864
8210,42.67864
8211,42.67864
8212,42.67864
8213,42.68064
8214,42.68064
8215,42.68164
8216,45.12864
8217,45.12864
8218,45.12864
8219,45.12864
8220,45.12864
8221,45.12864
8222,45.12864
8223,45.12864
8224,45.12864
8225,45.12864
8226,65.13064
8227,65.13064
8228,65.13064
8229,55.13064
8230,45.12864
8231,42.68164
8232,41.83705
8233,41.83705
8234,39.43605
8235,39.43605
8236,41.83705
8237,41.83705
8238,41.83705
8239,41.83905
8240,41.84005
8241,42.28905
8242,42.28905
8243,42.28905
8244,42.28905
8245,42.28905
8246,41.84005
8247,41.84005
8248,41.84005
8249,42.28905
8250,54.28905
8251,64.28905
8252,54.28905
8253,42.28905
8254,41.84005
8255,41.83905
8256,39.77413
8257,39.77413
8258,39.77413
8259,39.77413
8260,39.77413
8261,37.37413
8262,37.37413
8263,39.77413
8264,39.77413
8265,39.77613
8266,39.77613
8267,39.77613
8268,39.77613
8269,39.77613
8270,39.77613
8271,39.77613
8272,39.77613
8273,39.77713
8274,67.22613
8275,67.22613
8276,67.22613
8277,52.22613
8278,39.77713
8279,39.77613
8280,40.4758
8281,40.4758
8282,40.4758
8283,40.4758
8284,40.4758
8285,40.4768
8286,40.4778
8287,40.4788
8288,50.9278
8289,50.9278
8290,50.9278
8291,50.9278
8292,50.9278
8293,50.9278
8294,50.9278
8295,57.9278
8296,50.9278
8297,57.9278
8298,77.9278
8299,77.9278
8300,77.9278
8301,57.9278
8302,50.9278
8303,40.4788
8304,40.4154
8305,40.4154
8306,40.4144
8307,40.4144
8308,40.4154
8309,40.4164
8310,40.4164
8311,40.4174
8312,77.8664
8313,77.8664
8314,77.8664
8315,77.8664
8316,77.8664
8317,77.8664
8318,77.8664
8319,77.8664
8320,77.8664
8321,77.8664
8322,82.8664
8323,82.8664
8324,82.8664
8325,77.8664
8326,60.8664
8327,40.4174
8328,40.49233
8329,40.49233
8330,40.49233
8331,40.49233
8332,40.49233
8333,40.49433
8334,40.49433
8335,40.49533
8336,73.94433
8337,73.94433
8338,73.94433
8339,73.94433
8340,73.94433
8341,74.94433
8342,73.94433
8343,73.94433
8344,73.94433
8345,73.94433
8346,87.94433
8347,87.94433
8348,87.94433
8349,74.94433
8350,73.94433
8351,40.49533
8352,40.51611
8353,40.51611
8354,40.51611
8355,40.51611
8356,40.51611
8357,40.51711
8358,40.51711
8359,57.96611
8360,62.96611
8361,73.96611
8362,73.96611
8363,73.96611
8364,73.96611
8365,73.96611
8366,73.96611
8367,73.96611
8368,73.96611
8369,87.96611
8370,87.96611
8371,87.96611
8372,87.96611
8373,73.96611
8374,62.96611
8375,57.96611
8376,41.71237
8377,41.71137
8378,41.66237
8379,41.66237
8380,41.71137
8381,41.71037
8382,41.71137
8383,41.71237
8384,53.16237
8385,54.16237
8386,89.16237
8387,89.16237
8388,89.16237
8389,89.16237
8390,89.16237
8391,89.16237
8392,89.16237
8393,89.16237
8394,92.16237
8395,92.16237
8396,92.16237
8397,89.16237
8398,54.16237
8399,41.71237
8400,42.79136
8401,42.79136
8402,42.79136
8403,42.79136
8404,42.79136
8405,42.79836
8406,42.79836
8407,42.79836
8408,42.80036
8409,42.80036
8410,55.24436
8411,55.24436
8412,55.24436
8413,42.80036
8414,42.80036
8415,42.80036
8416,42.80036
8417,42.80036
8418,74.24436
8419,74.24436
8420,74.24436
8421,74.24436
8422,55.24436
8423,42.79936
8424,43.30528
8425,43.30528
8426,43.30528
8427,43.30528
8428,43.30528
8429,43.30528
8430,43.31328
8431,43.30528
8432,43.31328
8433,43.31228
8434,43.31228
8435,43.31228
8436,43.31328
8437,43.31228
8438,43.31228
8439,43.31228
8440,43.31228
8441,43.31228
8442,59.75828
8443,73.75828
8444,59.75828
8445,43.31428
8446,43.31428
8447,43.31228
8448,42.4195
8449,42.4195
8450,42.4195
8451,42.4195
8452,42.4195
8453,43.4185
8454,43.4185
8455,44.8185
8456,44.8255
8457,44.8275
8458,44.8275
8459,57.2715
8460,44.8275
8461,44.8275
8462,44.8275
8463,44.8275
8464,44.8275
8465,44.8275
8466,67.2715
8467,67.2715
8468,66.2715
8469,57.2715
8470,44.8255
8471,44.8185
8472,41.92717
8473,41.92717
8474,41.92717
8475,41.92717
8476,41.92717
8477,43.82417
8478,43.82517
8479,51.27017
8480,58.27017
8481,58.27017
8482,58.27017
8483,58.27017
8484,58.27017
8485,58.27017
8486,58.27017
8487,58.27017
8488,58.27017
8489,58.27017
8490,66.27017
8491,66.27017
8492,66.27017
8493,58.27017
8494,58.27017
8495,43.82617
8496,39.5521
8497,39.5521
8498,39.5521
8499,39.5521
8500,39.5521
8501,41.4491
8502,41.4491
8503,41.4511
8504,54.8951
8505,54.8951
8506,54.8951
8507,63.8951
8508,54.8951
8509,54.8951
8510,54.8951
8511,54.8951
8512,54.8951
8513,54.8951
8514,63.8951
8515,63.8951
8516,63.8951
8517,54.8951
8518,47.8951
8519,41.4511
8520,45.94652
8521,45.94652
8522,45.94652
8523,45.94652
8524,45.94652
8525,47.84452
8526,47.84352
8527,47.84552
8528,54.28952
8529,60.28952
8530,54.28952
8531,74.28952
8532,60.28952
8533,60.28952
8534,74.28952
8535,74.28952
8536,74.28952
8537,74.28952
8538,86.28952
8539,86.28952
8540,74.28952
8541,74.28952
8542,60.28952
8543,47.84552
8544,40.63653
8545,40.63653
8546,40.63653
8547,40.63653
8548,40.63653
8549,42.53353
8550,42.53453
8551,42.53453
8552,62.97953
8553,63.97953
8554,63.97953
8555,63.97953
8556,63.97953
8557,63.97953
8558,62.97953
8559,62.97953
8560,62.97953
8561,63.97953
8562,74.97953
8563,74.97953
8564,67.97953
8565,63.97953
8566,63.97953
8567,62.97953
8568,40.61606
8569,40.61606
8570,40.61606
8571,40.61606
8572,40.61606
8573,40.61606
8574,40.61606
8575,40.61606
8576,40.83006
8577,53.83006
8578,52.83006
8579,52.83006
8580,40.83006
8581,40.83006
8582,40.83006
8583,40.83006
8584,40.83006
8585,40.83006
8586,60.33006
8587,60.33006
8588,60.33006
8589,58.83006
8590,52.83006
8591,40.83006
8592,39.35682
8593,39.35682
8594,39.35582
8595,38.57082
8596,37.71882
8597,37.71882
8598,37.71882
8599,37.71882
8600,37.71882
8601,38.57082
8602,39.35582
8603,39.35682
8604,39.35682
8605,39.35682
8606,39.35682
8607,39.35682
8608,39.35582
8609,39.35682
8610,46.57082
8611,58.57082
8612,58.57082
8613,46.57082
8614,42.57082
8615,39.35682
8616,37.31163
8617,37.31163
8618,37.31163
8619,37.31163
8620,37.31163
8621,38.66363
8622,38.66363
8623,38.94963
8624,46.16363
8625,67.16363
8626,67.16363
8627,67.16363
8628,67.16363
8629,67.16363
8630,67.16363
8631,67.16363
8632,67.16363
8633,67.16363
8634,92.16363
8635,92.16363
8636,92.16363
8637,67.16363
8638,67.16363
8639,38.94963
8640,41.09556
8641,41.09556
8642,41.09556
8643,41.38056
8644,41.09556
8645,41.09556
8646,41.38156
8647,41.38156
8648,59.59556
8649,75.59556
8650,75.59556
8651,75.59556
8652,75.59556
8653,75.59556
8654,75.59556
8655,75.59556
8656,75.59556
8657,75.59556
8658,124.59556
8659,124.59556
8660,124.59556
8661,75.59556
8662,75.59556
8663,64.59456
8664,43.25511
8665,43.25511
8666,40.04111
8667,53.25411
8668,43.25511
8669,43.25511
8670,43.25511
8671,53.25411
8672,76.50511
8673,76.50511
8674,76.50511
8675,76.50511
8676,76.50511
8677,76.50511
8678,76.50511
8679,76.50511
8680,76.50511
8681,76.50511
8682,93.25511
8683,93.25511
8684,93.25511
8685,76.50511
8686,76.50511
8687,53.25411
8688,41.83589
8689,41.83589
8690,41.83589
8691,41.83589
8692,41.83589
8693,95.04989
8694,45.04989
8695,45.04989
8696,78.29989
8697,78.29989
8698,78.29989
8699,78.29989
8700,78.29989
8701,78.29989
8702,78.29989
8703,78.29989
8704,78.29989
8705,78.29989
8706,93.04989
8707,93.04989
8708,93.04989
8709,78.29989
8710,78.29989
8711,45.04989
8712,39.89679
8713,39.89679
8714,39.89579
8715,39.89679
8716,39.89679
8717,39.89679
8718,43.11079
8719,43.11079
8720,68.11079
8721,69.11079
8722,69.11079
8723,69.11079
8724,69.11079
8725,69.11079
8726,69.11079
8727,69.11079
8728,69.11079
8729,69.11079
8730,86.01079
8731,86.01079
8732,86.01079
8733,79.36079
8734,69.11079
8735,58.11079
8736,39.76969
8737,39.76969
8738,39.76869
8739,39.76969
8740,39.76869
8741,39.76869
8742,39.76969
8743,39.76969
8744,39.76969
8745,51.84369
8746,51.84369
8747,51.89369
8748,51.89369
8749,51.89369
8750,51.84369
8751,51.84369
8752,51.84369
8753,51.89369
8754,82.39369
8755,82.39369
8756,82.39369
8757,82.39369
8758,78.89369
8759,51.89369
