,pv_per_unit
0,0.0
1,0.0
2,0.0
3,0.0
4,0.0
5,0.0
6,0.05143
7,0.24156
8,0.44739999999999996
9,0.60807
10,0.71325
11,0.76249
12,0.74724
13,0.6682
14,0.5381699999999999
15,0.36728
16,0.15743000000000001
17,0.00206
18,0.0
19,0.0
20,0.0
21,0.0
22,0.0
23,0.0
24,0.0
25,0.0
26,0.0
27,0.0
28,0.0
29,0.0
30,0.04564
31,0.23503
32,0.40776
33,0.53091
34,0.6379900000000001
35,0.70561
36,0.70947
37,0.6540499999999999
38,0.51748
39,0.36206
40,0.15985
41,0.0020800000000000003
42,0.0
43,0.0
44,0.0
45,0.0
46,0.0
47,0.0
48,0.0
49,0.0
50,0.0
51,0.0
52,0.0
53,0.0
54,0.0314
55,0.15688999999999997
56,0.36504000000000003
57,0.55424
58,0.6225599999999999
59,0.6988
60,0.70656
61,0.6130399999999999
62,0.529
63,0.35628
64,0.15794999999999998
65,0.0023
66,0.0
67,0.0
68,0.0
69,0.0
70,0.0
71,0.0
72,0.0
73,0.0
74,0.0
75,0.0
76,0.0
77,0.0
78,0.039200000000000006
79,0.22922
80,0.39870999999999995
81,0.5593899999999999
82,0.68847
83,0.7400800000000001
84,0.7255
85,0.65552
86,0.53814
87,0.36691
88,0.1595
89,0.0025099999999999996
90,0.0
91,0.0
92,0.0
93,0.0
94,0.0
95,0.0
96,0.0
97,0.0
98,0.0
99,0.0
100,0.0
101,0.0
102,0.04838
103,0.23717
104,0.42149000000000003
105,0.59263
106,0.6822999999999999
107,0.6808200000000001
108,0.69924
109,0.62826
110,0.5139600000000001
111,0.35328
112,0.16143000000000002
113,0.00272
114,0.0
115,0.0
116,0.0
117,0.0
118,0.0
119,0.0
120,0.0
121,0.0
122,0.0
123,0.0
124,0.0
125,0.0
126,0.03921
127,0.21081999999999998
128,0.31483999999999995
129,0.49275
130,0.55199
131,0.6820900000000001
132,0.7119099999999999
133,0.6221
134,0.44897000000000004
135,0.31213
136,0.14718
137,0.00213
138,0.0
139,0.0
140,0.0
141,0.0
142,0.0
143,0.0
144,0.0
145,0.0
146,0.0
147,0.0
148,0.0
149,0.0
150,0.027239999999999997
151,0.17532
152,0.32074
153,0.49442
154,0.6300399999999999
155,0.69562
156,0.6292000000000001
157,0.59954
158,0.4706
159,0.32804
160,0.14245
161,0.00393
162,0.0
163,0.0
164,0.0
165,0.0
166,0.0
167,0.0
168,0.0
169,0.0
170,0.0
171,0.0
172,0.0
173,0.0
174,0.02792
175,0.20945
176,0.43011
177,0.58588
178,0.67629
179,0.68576
180,0.68698
181,0.62944
182,0.49827999999999995
183,0.33358
184,0.16347
185,0.00328
186,0.0
187,0.0
188,0.0
189,0.0
190,0.0
191,0.0
192,0.0
193,0.0
194,0.0
195,0.0
196,0.0
197,0.0
198,0.033549999999999996
199,0.21772
200,0.38956999999999997
201,0.6053200000000001
202,0.67528
203,0.6812999999999999
204,0.7047899999999999
205,0.58215
206,0.39922
207,0.30439
208,0.13857
209,0.00437
210,0.0
211,0.0
212,0.0
213,0.0
214,0.0
215,0.0
216,0.0
217,0.0
218,0.0
219,0.0
220,0.0
221,0.0
222,0.03773
223,0.20733000000000001
224,0.39183999999999997
225,0.55123
226,0.63875
227,0.67768
228,0.63939
229,0.60235
230,0.49428
231,0.32939999999999997
232,0.14024
233,0.00304
234,0.0
235,0.0
236,0.0
237,0.0
238,0.0
239,0.0
240,0.0
241,0.0
242,0.0
243,0.0
244,0.0
245,0.0
246,0.039200000000000006
247,0.19734000000000002
248,0.37085
249,0.49810000000000004
250,0.62561
251,0.6470199999999999
252,0.6566799999999999
253,0.61614
254,0.51313
255,0.35505000000000003
256,0.14202
257,0.00722
258,0.0
259,0.0
260,0.0
261,0.0
262,0.0
263,0.0
264,0.0
265,0.0
266,0.0
267,0.0
268,0.0
269,0.0
270,0.03663
271,0.17474
272,0.35858
273,0.52118
274,0.6107100000000001
275,0.63282
276,0.6685800000000001
277,0.6134
278,0.51234
279,0.33068000000000003
280,0.1527
281,0.01061
282,0.0
283,0.0
284,0.0
285,0.0
286,0.0
287,0.0
288,0.0
289,0.0
290,0.0
291,0.0
292,0.0
293,0.0
294,0.032990000000000005
295,0.18216
296,0.37743
297,0.46582
298,0.62348
299,0.67692
300,0.7183200000000001
301,0.60876
302,0.51855
303,0.33795
304,0.16227
305,0.01064
306,0.0
307,0.0
308,0.0
309,0.0
310,0.0
311,0.0
312,0.0
313,0.0
314,0.0
315,0.0
316,0.0
317,0.0
318,0.02901
319,0.20058
320,0.37894
321,0.55436
322,0.6795399999999999
323,0.7313500000000001
324,0.70348
325,0.66379
326,0.5496
327,0.37304000000000004
328,0.16268000000000002
329,0.01041
330,0.0
331,0.0
332,0.0
333,0.0
334,0.0
335,0.0
336,0.0
337,0.0
338,0.0
339,0.0
340,0.0
341,0.0
342,0.03595
343,0.18105000000000002
344,0.33022
345,0.47158
346,0.59621
347,0.63014
348,0.56222
349,0.56277
350,0.49042
351,0.34457
352,0.16847
353,0.01166
354,0.0
355,0.0
356,0.0
357,0.0
358,0.0
359,0.0
360,0.0
361,0.0
362,0.0
363,0.0
364,0.0
365,0.0
366,0.036270000000000004
367,0.21588
368,0.37601999999999997
369,0.55764
370,0.66114
371,0.72829
372,0.70313
373,0.6005499999999999
374,0.44747000000000003
375,0.29449000000000003
376,0.12721
377,0.01078
378,0.0
379,0.0
380,0.0
381,0.0
382,0.0
383,0.0
384,0.0
385,0.0
386,0.0
387,0.0
388,0.0
389,0.0
390,0.02141
391,0.1372
392,0.35299
393,0.36533
394,0.50573
395,0.65376
396,0.63458
397,0.61397
398,0.46551
399,0.33056
400,0.1427
401,0.00968
402,0.0
403,0.0
404,0.0
405,0.0
406,0.0
407,0.0
408,0.0
409,0.0
410,0.0
411,0.0
412,0.0
413,0.0
414,0.03164
415,0.1631
416,0.35498
417,0.46156
418,0.6419600000000001
419,0.69165
420,0.71161
421,0.55496
422,0.45253
423,0.25697000000000003
424,0.14926
425,0.01281
426,0.0
427,0.0
428,0.0
429,0.0
430,0.0
431,0.0
432,0.0
433,0.0
434,0.0
435,0.0
436,0.0
437,0.0
438,0.02556
439,0.19187
440,0.35362
441,0.51407
442,0.63386
443,0.69462
444,0.72556
445,0.6678999999999999
446,0.5382
447,0.37565
448,0.18022
449,0.01279
450,0.0
451,0.0
452,0.0
453,0.0
454,0.0
455,0.0
456,0.0
457,0.0
458,0.0
459,0.0
460,0.0
461,0.0
462,0.03506
463,0.21650999999999998
464,0.43065
465,0.59035
466,0.6928
467,0.74407
468,0.7173999999999999
469,0.65925
470,0.5337799999999999
471,0.38477999999999996
472,0.18022
473,0.013529999999999999
474,0.0
475,0.0
476,0.0
477,0.0
478,0.0
479,0.0
480,0.0
481,0.0
482,0.0
483,0.0
484,0.0
485,0.0
486,0.02958
487,0.15422
488,0.28974
489,0.45856
490,0.51298
491,0.57076
492,0.55648
493,0.5646100000000001
494,0.45901
495,0.28475
496,0.16
497,0.01456
498,0.0
499,0.0
500,0.0
501,0.0
502,0.0
503,0.0
504,0.0
505,0.0
506,0.0
507,0.0
508,0.0
509,0.0
510,0.02639
511,0.18628999999999998
512,0.41370999999999997
513,0.5441900000000001
514,0.6544099999999999
515,0.6527000000000001
516,0.7084400000000001
517,0.60927
518,0.48035
519,0.30997
520,0.16304
521,0.013720000000000001
522,0.0
523,0.0
524,0.0
525,0.0
526,0.0
527,0.0
528,0.0
529,0.0
530,0.0
531,0.0
532,0.0
533,0.0
534,0.03314
535,0.18755000000000002
536,0.33898
537,0.48616000000000004
538,0.61822
539,0.74184
540,0.676
541,0.65844
542,0.47008999999999995
543,0.37377999999999995
544,0.18158000000000002
545,0.01493
546,0.0
547,0.0
548,0.0
549,0.0
550,0.0
551,0.0
552,0.0
553,0.0
554,0.0
555,0.0
556,0.0
557,0.0
558,0.03667
559,0.22083000000000003
560,0.41379000000000005
561,0.5784900000000001
562,0.70936
563,0.75917
564,0.74482
565,0.66616
566,0.55684
567,0.39347000000000004
568,0.18328
569,0.01514
570,0.0
571,0.0
572,0.0
573,0.0
574,0.0
575,0.0
576,0.0
577,0.0
578,0.0
579,0.0
580,0.0
581,0.0
582,0.03486
583,0.20578
584,0.36399000000000004
585,0.5382899999999999
586,0.6202000000000001
587,0.70128
588,0.7303999999999999
589,0.67102
590,0.55408
591,0.39105
592,0.18966999999999998
593,0.01569
594,0.0
595,0.0
596,0.0
597,0.0
598,0.0
599,0.0
600,0.0
601,0.0
602,0.0
603,0.0
604,0.0
605,0.0
606,0.031920000000000004
607,0.19231
608,0.32658
609,0.50341
610,0.62695
611,0.65958
612,0.72235
613,0.61009
614,0.50195
615,0.39403
616,0.18863
617,0.016079999999999997
618,0.0
619,0.0
620,0.0
621,0.0
622,0.0
623,0.0
624,0.0
625,0.0
626,0.0
627,0.0
628,0.0
629,0.0
630,0.03403
631,0.19485
632,0.38017
633,0.55679
634,0.68452
635,0.73593
636,0.7319500000000001
637,0.65896
638,0.54934
639,0.38730000000000003
640,0.19162
641,0.01651
642,0.0
643,0.0
644,0.0
645,0.0
646,0.0
647,0.0
648,0.0
649,0.0
650,0.0
651,0.0
652,0.0
653,0.0
654,0.0386
655,0.23097
656,0.43986000000000003
657,0.59617
658,0.69439
659,0.7333200000000001
660,0.71349
661,0.6550499999999999
662,0.5527000000000001
663,0.37298000000000003
664,0.17495
665,0.016640000000000002
666,0.0
667,0.0
668,0.0
669,0.0
670,0.0
671,0.0
672,0.0
673,0.0
674,0.0
675,0.0
676,0.0
677,0.0
678,0.02505
679,0.17181
680,0.38699
681,0.56344
682,0.6938200000000001
683,0.71786
684,0.69629
685,0.58169
686,0.53544
687,0.3841
688,0.19313
689,0.01762
690,0.0
691,0.0
692,0.0
693,0.0
694,0.0
695,0.0
696,0.0
697,0.0
698,0.0
699,0.0
700,0.0
701,0.0
702,0.01856
703,0.18419999999999997
704,0.39603
705,0.5370900000000001
706,0.6353
707,0.6708999999999999
708,0.59782
709,0.51671
710,0.47978
711,0.34513
712,0.18225
713,0.016309999999999998
714,0.0
715,0.0
716,0.0
717,0.0
718,0.0
719,0.0
720,0.0
721,0.0
722,0.0
723,0.0
724,0.0
725,0.0
726,0.02911
727,0.17909
728,0.33314
729,0.48225
730,0.55253
731,0.5957899999999999
732,0.51847
733,0.38439
734,0.40516
735,0.31145
736,0.14761000000000002
737,0.01717
738,0.0
739,0.0
740,0.0
741,0.0
742,0.0
743,0.0
744,0.0
745,0.0
746,0.0
747,0.0
748,0.0
749,0.0
750,0.03034
751,0.22036
752,0.43018
753,0.5999800000000001
754,0.68232
755,0.75466
756,0.7643099999999999
757,0.70245
758,0.58258
759,0.41281
760,0.2015
761,0.01856
762,0.0
763,0.0
764,0.0
765,0.0
766,0.0
767,0.0
768,0.0
769,0.0
770,0.0
771,0.0
772,0.0
773,0.0
774,0.03061
775,0.19105
776,0.39438999999999996
777,0.57685
778,0.66708
779,0.77089
780,0.75789
781,0.6984600000000001
782,0.57192
783,0.41141
784,0.20528
785,0.01918
786,0.0
787,0.0
788,0.0
789,0.0
790,0.0
791,0.0
792,0.0
793,0.0
794,0.0
795,0.0
796,0.0
797,0.0
798,0.03268
799,0.21203999999999998
800,0.41108999999999996
801,0.5889099999999999
802,0.7019
803,0.7373200000000001
804,0.71116
805,0.65744
806,0.5665399999999999
807,0.37242000000000003
808,0.17552
809,0.01898
810,0.0
811,0.0
812,0.0
813,0.0
814,0.0
815,0.0
816,0.0
817,0.0
818,0.0
819,0.0
820,0.0
821,0.0
822,0.03095
823,0.19727
824,0.33757
825,0.5629299999999999
826,0.6802
827,0.6908099999999999
828,0.65687
829,0.5770599999999999
830,0.5342100000000001
831,0.38872
832,0.19992
833,0.01884
834,0.0
835,0.0
836,0.0
837,0.0
838,0.0
839,0.0
840,0.0
841,0.0
842,0.0
843,0.0
844,0.0
845,0.0
846,0.02766
847,0.17354
848,0.33611
849,0.44854
850,0.64259
851,0.7264299999999999
852,0.68621
853,0.66575
854,0.58065
855,0.41524
856,0.20467
857,0.01941
858,0.0
859,0.0
860,0.0
861,0.0
862,0.0
863,0.0
864,0.0
865,0.0
866,0.0
867,0.0
868,0.0
869,0.0
870,0.02454
871,0.17097
872,0.32364
873,0.45632999999999996
874,0.444
875,0.56088
876,0.57723
877,0.60546
878,0.49911
879,0.38183999999999996
880,0.17409
881,0.019379999999999998
882,0.0
883,0.0
884,0.0
885,0.0
886,0.0
887,0.0
888,0.0
889,0.0
890,0.0
891,0.0
892,0.0
893,0.0
894,0.0224
895,0.17597
896,0.32048000000000004
897,0.51336
898,0.5766699999999999
899,0.62259
900,0.61148
901,0.60296
902,0.44883999999999996
903,0.30061
904,0.18955000000000002
905,0.01932
906,0.0
907,0.0
908,0.0
909,0.0
910,0.0
911,0.0
912,0.0
913,0.0
914,0.0
915,0.0
916,0.0
917,0.0
918,0.02876
919,0.20307
920,0.36207999999999996
921,0.58012
922,0.69469
923,0.70133
924,0.7397
925,0.5182599999999999
926,0.45379
927,0.35002999999999995
928,0.19282
929,0.019440000000000002
930,0.0
931,0.0
932,0.0
933,0.0
934,0.0
935,0.0
936,0.0
937,0.0
938,0.0
939,0.0
940,0.0
941,0.0
942,0.02206
943,0.12791
944,0.34838
945,0.53625
946,0.60994
947,0.6458400000000001
948,0.53938
949,0.51697
950,0.42798
951,0.35617000000000004
952,0.17815999999999999
953,0.01993
954,0.0
955,0.0
956,0.0
957,0.0
958,0.0
959,0.0
960,0.0
961,0.0
962,0.0
963,0.0
964,0.0
965,0.0
966,0.03344
967,0.21961000000000003
968,0.40887
969,0.56412
970,0.59905
971,0.74305
972,0.73886
973,0.6889
974,0.5857899999999999
975,0.41564999999999996
976,0.20945
977,0.02035
978,0.0
979,0.0
980,0.0
981,0.0
982,0.0
983,0.0
984,0.0
985,0.0
986,0.0
987,0.0
988,0.0
989,0.0
990,0.030989999999999997
991,0.18896000000000002
992,0.33658
993,0.50282
994,0.61634
995,0.67467
996,0.71226
997,0.67177
998,0.51218
999,0.36119
1000,0.20113999999999999
1001,0.023899999999999998
1002,0.0
1003,0.0
1004,0.0
1005,0.0
1006,0.0
1007,0.0
1008,0.0
1009,0.0
1010,0.0
1011,0.0
1012,0.0
1013,0.0
1014,0.02178
1015,0.16216
1016,0.34714
1017,0.47345
1018,0.5766100000000001
1019,0.63113
1020,0.6542899999999999
1021,0.49336
1022,0.50007
1023,0.24327000000000001
1024,0.15578999999999998
1025,0.01921
1026,0.0
1027,0.0
1028,0.0
1029,0.0
1030,0.0
1031,0.0
1032,0.0
1033,0.0
1034,0.0
1035,0.0
1036,0.0
1037,0.0
1038,0.02946
1039,0.20611000000000002
1040,0.42029
1041,0.5710299999999999
1042,0.689
1043,0.74924
1044,0.73252
1045,0.6011599999999999
1046,0.543
1047,0.38642000000000004
1048,0.18849000000000002
1049,0.02443
1050,0.0
1051,0.0
1052,0.0
1053,0.0
1054,0.0
1055,0.0
1056,0.0
1057,0.0
1058,0.0
1059,0.0
1060,0.0
1061,0.0
1062,0.03419
1063,0.22541999999999998
1064,0.40132999999999996
1065,0.57177
1066,0.69696
1067,0.74989
1068,0.7254299999999999
1069,0.68437
1070,0.55184
1071,0.36582
1072,0.17459
1073,0.022760000000000002
1074,0.0
1075,0.0
1076,0.0
1077,0.0
1078,0.0
1079,0.0
1080,0.0
1081,0.0
1082,0.0
1083,0.0
1084,0.0
1085,0.0
1086,0.03369
1087,0.21325
1088,0.39123
1089,0.5153
1090,0.67951
1091,0.74039
1092,0.73585
1093,0.6646599999999999
1094,0.5443
1095,0.36318
1096,0.18703
1097,0.023530000000000002
1098,0.0
1099,0.0
1100,0.0
1101,0.0
1102,0.0
1103,0.0
1104,0.0
1105,0.0
1106,0.0
1107,0.0
1108,0.0
1109,0.0
1110,0.03321
1111,0.21800999999999998
1112,0.40403
1113,0.57196
1114,0.69632
1115,0.7453
1116,0.7357400000000001
1117,0.67063
1118,0.5549
1119,0.357
1120,0.19319999999999998
1121,0.023969999999999998
1122,0.0
1123,0.0
1124,0.0
1125,0.0
1126,0.0
1127,0.0
1128,0.0
1129,0.0
1130,0.0
1131,0.0
1132,0.0
1133,0.0
1134,0.03384
1135,0.22525
1136,0.42021
1137,0.55301
1138,0.7062999999999999
1139,0.75551
1140,0.73048
1141,0.6323
1142,0.55587
1143,0.35514
1144,0.18044
1145,0.023510000000000003
1146,0.0
1147,0.0
1148,0.0
1149,0.0
1150,0.0
1151,0.0
1152,0.0
1153,0.0
1154,0.0
1155,0.0
1156,0.0
1157,0.0
1158,0.02545
1159,0.20301
1160,0.37561
1161,0.52876
1162,0.66061
1163,0.76228
1164,0.7323999999999999
1165,0.6908200000000001
1166,0.58165
1167,0.42275
1168,0.20492
1169,0.02569
1170,0.0
1171,0.0
1172,0.0
1173,0.0
1174,0.0
1175,0.0
1176,0.0
1177,0.0
1178,0.0
1179,0.0
1180,0.0
1181,0.0
1182,0.026629999999999997
1183,0.19229
1184,0.28476999999999997
1185,0.33714999999999995
1186,0.3737
1187,0.44827
1188,0.5375700000000001
1189,0.47276
1190,0.45681
1191,0.31074
1192,0.14212
1193,0.01656
1194,0.0
1195,0.0
1196,0.0
1197,0.0
1198,0.0
1199,0.0
1200,0.0
1201,0.0
1202,0.0
1203,0.0
1204,0.0
1205,0.0
1206,0.02429
1207,0.17798
1208,0.35546
1209,0.4568
1210,0.54015
1211,0.56872
1212,0.52718
1213,0.50944
1214,0.41142
1215,0.29575
1216,0.16452
1217,0.01706
1218,0.0
1219,0.0
1220,0.0
1221,0.0
1222,0.0
1223,0.0
1224,0.0
1225,0.0
1226,0.0
1227,0.0
1228,0.0
1229,0.0
1230,0.02892
1231,0.21949000000000002
1232,0.42786
1233,0.59333
1234,0.71212
1235,0.74672
1236,0.70821
1237,0.64324
1238,0.5737300000000001
1239,0.41320999999999997
1240,0.20475
1241,0.02404
1242,0.0
1243,0.0
1244,0.0
1245,0.0
1246,0.0
1247,0.0
1248,0.0
1249,0.0
1250,0.0
1251,0.0
1252,0.0
1253,0.0
1254,0.02614
1255,0.17078
1256,0.36075
1257,0.41999000000000003
1258,0.5376599999999999
1259,0.62009
1260,0.65073
1261,0.58031
1262,0.53639
1263,0.34278
1264,0.19227
1265,0.02472
1266,0.0
1267,0.0
1268,0.0
1269,0.0
1270,0.0
1271,0.0
1272,0.0
1273,0.0
1274,0.0
1275,0.0
1276,0.0
1277,0.0
1278,0.023600000000000003
1279,0.15738999999999997
1280,0.29216000000000003
1281,0.42951999999999996
1282,0.5856699999999999
1283,0.71396
1284,0.68956
1285,0.68445
1286,0.58036
1287,0.41068
1288,0.21255000000000002
1289,0.02548
1290,0.0
1291,0.0
1292,0.0
1293,0.0
1294,0.0
1295,0.0
1296,0.0
1297,0.0
1298,0.0
1299,0.0
1300,0.0
1301,0.0
1302,0.0282
1303,0.22102000000000002
1304,0.39294
1305,0.57116
1306,0.71094
1307,0.79172
1308,0.78567
1309,0.7224700000000001
1310,0.60335
1311,0.43242
1312,0.21580000000000002
1313,0.02573
1314,0.0
1315,0.0
1316,0.0
1317,0.0
1318,0.0
1319,0.0
1320,0.0
1321,0.0
1322,0.0
1323,0.0
1324,0.0
1325,0.0
1326,0.02246
1327,0.19613999999999998
1328,0.31219
1329,0.45606
1330,0.5999500000000001
1331,0.6504800000000001
1332,0.67023
1333,0.68874
1334,0.54832
1335,0.42845
1336,0.21418
1337,0.02541
1338,0.0
1339,0.0
1340,0.0
1341,0.0
1342,0.0
1343,0.0
1344,0.0
1345,0.0
1346,0.0
1347,0.0
1348,0.0
1349,0.0
1350,0.02376
1351,0.17639
1352,0.35119
1353,0.48392
1354,0.60426
1355,0.6342899999999999
1356,0.61895
1357,0.58286
1358,0.46420999999999996
1359,0.34616
1360,0.17577
1361,0.02237
1362,0.0
1363,0.0
1364,0.0
1365,0.0
1366,0.0
1367,0.0
1368,0.0
1369,0.0
1370,0.0
1371,0.0
1372,0.0
1373,0.0
1374,0.03186
1375,0.21475999999999998
1376,0.40943
1377,0.5356599999999999
1378,0.6381100000000001
1379,0.7294299999999999
1380,0.6951799999999999
1381,0.6436900000000001
1382,0.52283
1383,0.39617
1384,0.19631
1385,0.024149999999999998
1386,0.0
1387,0.0
1388,0.0
1389,0.0
1390,0.0
1391,0.0
1392,0.0
1393,0.0
1394,0.0
1395,0.0
1396,0.0
1397,0.0
1398,0.03324
1399,0.2329
1400,0.403
1401,0.60646
1402,0.7182000000000001
1403,0.76712
1404,0.7427699999999999
1405,0.67665
1406,0.56597
1407,0.37601
1408,0.1669
1409,0.02307
1410,0.0
1411,0.0
1412,0.0
1413,0.0
1414,0.0
1415,0.0
1416,0.0
1417,0.0
1418,0.0
1419,0.0
1420,0.0
1421,0.0
1422,0.025929999999999998
1423,0.1711
1424,0.34426999999999996
1425,0.48383
1426,0.58504
1427,0.66452
1428,0.6808099999999999
1429,0.66788
1430,0.49124
1431,0.35763
1432,0.18594999999999998
1433,0.01841
1434,0.0
1435,0.0
1436,0.0
1437,0.0
1438,0.0
1439,0.0
1440,0.0
1441,0.0
1442,0.0
1443,0.0
1444,0.0
1445,0.0
1446,0.02511
1447,0.18553999999999998
1448,0.34869
1449,0.54912
1450,0.5850700000000001
1451,0.6220800000000001
1452,0.61638
1453,0.57014
1454,0.50757
1455,0.3509
1456,0.1735
1457,0.02345
1458,0.0
1459,0.0
1460,0.0
1461,0.0
1462,0.0
1463,0.0
1464,0.0
1465,0.0
1466,0.0
1467,0.0
1468,0.0
1469,0.0
1470,0.03046
1471,0.19598
1472,0.38647000000000004
1473,0.56902
1474,0.63558
1475,0.7172000000000001
1476,0.68676
1477,0.66992
1478,0.5271399999999999
1479,0.36916000000000004
1480,0.1675
1481,0.02137
1482,0.0
1483,0.0
1484,0.0
1485,0.0
1486,0.0
1487,0.0
1488,0.0
1489,0.0
1490,0.0
1491,0.0
1492,0.0
1493,0.0
1494,0.03704
1495,0.22993
1496,0.43912
1497,0.6047100000000001
1498,0.70817
1499,0.76258
1500,0.72741
1501,0.6658099999999999
1502,0.5458
1503,0.33277999999999996
1504,0.17879
1505,0.02106
1506,0.0
1507,0.0
1508,0.0
1509,0.0
1510,0.0
1511,0.0
1512,0.0
1513,0.0
1514,0.0
1515,0.0
1516,0.0
1517,0.0
1518,0.03251
1519,0.20291
1520,0.37659
1521,0.5629
1522,0.71256
1523,0.71225
1524,0.68943
1525,0.5351
1526,0.39709
1527,0.3277
1528,0.18331999999999998
1529,0.02162
1530,0.0
1531,0.0
1532,0.0
1533,0.0
1534,0.0
1535,0.0
1536,0.0
1537,0.0
1538,0.0
1539,0.0
1540,0.0
1541,0.0
1542,0.01819
1543,0.12783
1544,0.28318
1545,0.39806
1546,0.49138
1547,0.59023
1548,0.5925499999999999
1549,0.49598000000000003
1550,0.45775
1551,0.2524
1552,0.15191
1553,0.01803
1554,0.0
1555,0.0
1556,0.0
1557,0.0
1558,0.0
1559,0.0
1560,0.0
1561,0.0
1562,0.0
1563,0.0
1564,0.0
1565,0.0
1566,0.02972
1567,0.20556
1568,0.39292
1569,0.48866000000000004
1570,0.51709
1571,0.64173
1572,0.57939
1573,0.48244
1574,0.43389999999999995
1575,0.29463
1576,0.11319
1577,0.01104
1578,0.0
1579,0.0
1580,0.0
1581,0.0
1582,0.0
1583,0.0
1584,0.0
1585,0.0
1586,0.0
1587,0.0
1588,0.0
1589,0.0
1590,0.01907
1591,0.10842
1592,0.24866
1593,0.41604
1594,0.49718
1595,0.6054700000000001
1596,0.65328
1597,0.60568
1598,0.5581900000000001
1599,0.30801
1600,0.15675
1601,0.02077
1602,0.0
1603,0.0
1604,0.0
1605,0.0
1606,0.0
1607,0.0
1608,0.0
1609,0.0
1610,0.0
1611,0.0
1612,0.0
1613,0.0
1614,0.03444
1615,0.20563
1616,0.4041
1617,0.5576
1618,0.68592
1619,0.74152
1620,0.68089
1621,0.52516
1622,0.49842000000000003
1623,0.28706
1624,0.15856
1625,0.019719999999999998
1626,0.0
1627,0.0
1628,0.0
1629,0.0
1630,0.0
1631,0.0
1632,0.0
1633,0.0
1634,0.0
1635,0.0
1636,0.0
1637,0.0
1638,0.04225
1639,0.21606999999999998
1640,0.39677999999999997
1641,0.50794
1642,0.6573
1643,0.71429
1644,0.68461
1645,0.62041
1646,0.5103
1647,0.38453
1648,0.19205
1649,0.0212
1650,0.0
1651,0.0
1652,0.0
1653,0.0
1654,0.0
1655,0.0
1656,0.0
1657,0.0
1658,0.0
1659,0.0
1660,0.0
1661,0.0
1662,0.03526
1663,0.17658000000000001
1664,0.31868
1665,0.47658999999999996
1666,0.48602
1667,0.6365599999999999
1668,0.69378
1669,0.48887
1670,0.47681999999999997
1671,0.31956
1672,0.15026
1673,0.01772
1674,0.0
1675,0.0
1676,0.0
1677,0.0
1678,0.0
1679,0.0
1680,0.0
1681,0.0
1682,0.0
1683,0.0
1684,0.0
1685,0.0
1686,0.03459
1687,0.20867
1688,0.38956999999999997
1689,0.5412
1690,0.62733
1691,0.6196799999999999
1692,0.57489
1693,0.49665
1694,0.49676
1695,0.33163
1696,0.19582
1697,0.020550000000000002
1698,0.0
1699,0.0
1700,0.0
1701,0.0
1702,0.0
1703,0.0
1704,0.0
1705,0.0
1706,0.0
1707,0.0
1708,0.0
1709,0.0
1710,0.038810000000000004
1711,0.22068000000000002
1712,0.40662
1713,0.53627
1714,0.52973
1715,0.56813
1716,0.59582
1717,0.412
1718,0.39725
1719,0.28452999999999995
1720,0.17705
1721,0.02022
1722,0.0
1723,0.0
1724,0.0
1725,0.0
1726,0.0
1727,0.0
1728,0.0
1729,0.0
1730,0.0
1731,0.0
1732,0.0
1733,0.0
1734,0.032869999999999996
1735,0.1956
1736,0.37989999999999996
1737,0.47478
1738,0.59856
1739,0.6702
1740,0.70776
1741,0.64261
1742,0.39247000000000004
1743,0.34811000000000003
1744,0.16718
1745,0.016329999999999997
1746,0.0
1747,0.0
1748,0.0
1749,0.0
1750,0.0
1751,0.0
1752,0.0
1753,0.0
1754,0.0
1755,0.0
1756,0.0
1757,0.0
1758,0.023989999999999997
1759,0.17115
1760,0.29175
1761,0.42963999999999997
1762,0.55437
1763,0.67955
1764,0.69155
1765,0.59985
1766,0.51838
1767,0.38157
1768,0.18627000000000002
1769,0.01849
1770,0.0
1771,0.0
1772,0.0
1773,0.0
1774,0.0
1775,0.0
1776,0.0
1777,0.0
1778,0.0
1779,0.0
1780,0.0
1781,0.0
1782,0.049640000000000004
1783,0.25069
1784,0.43481000000000003
1785,0.56464
1786,0.7153999999999999
1787,0.75491
1788,0.74302
1789,0.6903400000000001
1790,0.57382
1791,0.40631
1792,0.19049000000000002
1793,0.01805
1794,0.0
1795,0.0
1796,0.0
1797,0.0
1798,0.0
1799,0.0
1800,0.0
1801,0.0
1802,0.0
1803,0.0
1804,0.0
1805,0.0
1806,0.01575
1807,0.1434
1808,0.34962
1809,0.37312
1810,0.6170399999999999
1811,0.72146
1812,0.69129
1813,0.65738
1814,0.52397
1815,0.31665
1816,0.17075
1817,0.016300000000000002
1818,0.0
1819,0.0
1820,0.0
1821,0.0
1822,0.0
1823,0.0
1824,0.0
1825,0.0
1826,0.0
1827,0.0
1828,0.0
1829,0.0
1830,0.03464
1831,0.21680000000000002
1832,0.411
1833,0.54047
1834,0.63839
1835,0.70823
1836,0.63867
1837,0.65403
1838,0.5368200000000001
1839,0.36301
1840,0.18324000000000001
1841,0.018510000000000002
1842,0.0
1843,0.0
1844,0.0
1845,0.0
1846,0.0
1847,0.0
1848,0.0
1849,0.0
1850,0.0
1851,0.0
1852,0.0
1853,0.0
1854,0.039270000000000006
1855,0.17861000000000002
1856,0.31474
1857,0.45441000000000004
1858,0.57533
1859,0.55956
1860,0.63399
1861,0.56528
1862,0.48117000000000004
1863,0.34469
1864,0.16490000000000002
1865,0.019280000000000002
1866,0.0
1867,0.0
1868,0.0
1869,0.0
1870,0.0
1871,0.0
1872,0.0
1873,0.0
1874,0.0
1875,0.0
1876,0.0
1877,0.0
1878,0.039939999999999996
1879,0.22703
1880,0.42386
1881,0.57067
1882,0.6416499999999999
1883,0.71238
1884,0.7270399999999999
1885,0.6184400000000001
1886,0.5608
1887,0.37818999999999997
1888,0.16232
1889,0.016120000000000002
1890,0.0
1891,0.0
1892,0.0
1893,0.0
1894,0.0
1895,0.0
1896,0.0
1897,0.0
1898,0.0
1899,0.0
1900,0.0
1901,0.0
1902,0.04845
1903,0.2275
1904,0.36952999999999997
1905,0.5564600000000001
1906,0.6071799999999999
1907,0.72735
1908,0.7370099999999999
1909,0.64665
1910,0.51995
1911,0.35007
1912,0.17
1913,0.01574
1914,0.0
1915,0.0
1916,0.0
1917,0.0
1918,0.0
1919,0.0
1920,0.0
1921,0.0
1922,0.0
1923,0.0
1924,0.0
1925,0.0
1926,0.047270000000000006
1927,0.22524
1928,0.39877999999999997
1929,0.5562699999999999
1930,0.62876
1931,0.67443
1932,0.70543
1933,0.52734
1934,0.50029
1935,0.35648
1936,0.14246999999999999
1937,0.01643
1938,0.0
1939,0.0
1940,0.0
1941,0.0
1942,0.0
1943,0.0
1944,0.0
1945,0.0
1946,0.0
1947,0.0
1948,0.0
1949,0.0
1950,0.047659999999999994
1951,0.18585
1952,0.41114999999999996
1953,0.5318200000000001
1954,0.66262
1955,0.6937300000000001
1956,0.70684
1957,0.66579
1958,0.54412
1959,0.37436
1960,0.1737
1961,0.01878
1962,0.0
1963,0.0
1964,0.0
1965,0.0
1966,0.0
1967,0.0
1968,0.0
1969,0.0
1970,0.0
1971,0.0
1972,0.0
1973,0.0
1974,0.05393
1975,0.20962999999999998
1976,0.37715
1977,0.55316
1978,0.7040700000000001
1979,0.7084199999999999
1980,0.7408899999999999
1981,0.67715
1982,0.55038
1983,0.38486000000000004
1984,0.17711000000000002
1985,0.01729
1986,0.0
1987,0.0
1988,0.0
1989,0.0
1990,0.0
1991,0.0
1992,0.0
1993,0.0
1994,0.0
1995,0.0
1996,0.0
1997,0.0
1998,0.05148
1999,0.25066
2000,0.43223
2001,0.6321100000000001
2002,0.70812
2003,0.74501
2004,0.74607
2005,0.67696
2006,0.5472899999999999
2007,0.36084
2008,0.1701
2009,0.014060000000000001
2010,0.0
2011,0.0
2012,0.0
2013,0.0
2014,0.0
2015,0.0
2016,0.0
2017,0.0
2018,0.0
2019,0.0
2020,0.0
2021,0.0
2022,0.06193
2023,0.25144
2024,0.44167
2025,0.6023200000000001
2026,0.6813899999999999
2027,0.75571
2028,0.74486
2029,0.6636
2030,0.5198400000000001
2031,0.36672000000000005
2032,0.17827
2033,0.015439999999999999
2034,0.0
2035,0.0
2036,0.0
2037,0.0
2038,0.0
2039,0.0
2040,0.0
2041,0.0
2042,0.0
2043,0.0
2044,0.0
2045,0.0
2046,0.05483
2047,0.22668000000000002
2048,0.37469
2049,0.57736
2050,0.7029299999999999
2051,0.7304299999999999
2052,0.71696
2053,0.57249
2054,0.5375800000000001
2055,0.37363999999999997
2056,0.17029
2057,0.01486
2058,0.0
2059,0.0
2060,0.0
2061,0.0
2062,0.0
2063,0.0
2064,0.0
2065,0.0
2066,0.0
2067,0.0
2068,0.0
2069,0.0
2070,0.04451
2071,0.11825
2072,0.31738
2073,0.49647
2074,0.62558
2075,0.71753
2076,0.73263
2077,0.59151
2078,0.41228
2079,0.28437
2080,0.13996
2081,0.013890000000000001
2082,0.0
2083,0.0
2084,0.0
2085,0.0
2086,0.0
2087,0.0
2088,0.0
2089,0.0
2090,0.0
2091,0.0
2092,0.0
2093,0.0
2094,0.03362
2095,0.15318
2096,0.35708999999999996
2097,0.52254
2098,0.69047
2099,0.69785
2100,0.6444
2101,0.59288
2102,0.47405
2103,0.32101
2104,0.13266999999999998
2105,0.01274
2106,0.0
2107,0.0
2108,0.0
2109,0.0
2110,0.0
2111,0.0
2112,0.0
2113,0.0
2114,0.0
2115,0.0
2116,0.0
2117,0.0
2118,0.04064
2119,0.18444
2120,0.37261
2121,0.5267200000000001
2122,0.63722
2123,0.66741
2124,0.544
2125,0.57855
2126,0.46279000000000003
2127,0.28099
2128,0.10046
2129,0.01311
2130,0.0
2131,0.0
2132,0.0
2133,0.0
2134,0.0
2135,0.0
2136,0.0
2137,0.0
2138,0.0
2139,0.0
2140,0.0
2141,0.0
2142,0.032979999999999995
2143,0.1835
2144,0.27917000000000003
2145,0.37304000000000004
2146,0.5307999999999999
2147,0.6296900000000001
2148,0.62211
2149,0.6311599999999999
2150,0.44530000000000003
2151,0.25612999999999997
2152,0.09434999999999999
2153,0.01594
2154,0.0
2155,0.0
2156,0.0
2157,0.0
2158,0.0
2159,0.0
2160,0.0
2161,0.0
2162,0.0
2163,0.0
2164,0.0
2165,0.0
2166,0.045219999999999996
2167,0.18541999999999997
2168,0.32405
2169,0.52628
2170,0.5631
2171,0.59112
2172,0.64689
2173,0.54437
2174,0.44655
2175,0.277
2176,0.14243
2177,0.01435
2178,0.0
2179,0.0
2180,0.0
2181,0.0
2182,0.0
2183,0.0
2184,0.0
2185,0.0
2186,0.0
2187,0.0
2188,0.0
2189,0.0
2190,0.04952
2191,0.20331
2192,0.36066000000000004
2193,0.53008
2194,0.66459
2195,0.73702
2196,0.6908200000000001
2197,0.67371
2198,0.53942
2199,0.38847000000000004
2200,0.17675
2201,0.01695
2202,0.0
2203,0.0
2204,0.0
2205,0.0
2206,0.0
2207,0.0
2208,0.0
2209,0.0
2210,0.0
2211,0.0
2212,0.0
2213,0.0
2214,0.061329999999999996
2215,0.2504
2216,0.44519
2217,0.5812999999999999
2218,0.61781
2219,0.60995
2220,0.64015
2221,0.6535599999999999
2222,0.45089
2223,0.34788
2224,0.15918000000000002
2225,0.014119999999999999
2226,0.0
2227,0.0
2228,0.0
2229,0.0
2230,0.0
2231,0.0
2232,0.0
2233,0.0
2234,0.0
2235,0.0
2236,0.0
2237,0.0
2238,0.051179999999999996
2239,0.23283
2240,0.34566
2241,0.52263
2242,0.60513
2243,0.66392
2244,0.64661
2245,0.51271
2246,0.31031
2247,0.2838
2248,0.16536
2249,0.01268
2250,0.0
2251,0.0
2252,0.0
2253,0.0
2254,0.0
2255,0.0
2256,0.0
2257,0.0
2258,0.0
2259,0.0
2260,0.0
2261,0.0
2262,0.059609999999999996
2263,0.26331
2264,0.43809
2265,0.61051
2266,0.7187
2267,0.73945
2268,0.7377400000000001
2269,0.67401
2270,0.55343
2271,0.36481
2272,0.16613
2273,0.01333
2274,0.0
2275,0.0
2276,0.0
2277,0.0
2278,0.0
2279,0.0
2280,0.0
2281,0.0
2282,0.0
2283,0.0
2284,0.0
2285,0.0
2286,0.06891
2287,0.28206
2288,0.45086000000000004
2289,0.63522
2290,0.7365499999999999
2291,0.7710499999999999
2292,0.7406699999999999
2293,0.66774
2294,0.54515
2295,0.38351
2296,0.17102
2297,0.01329
2298,0.0
2299,0.0
2300,0.0
2301,0.0
2302,0.0
2303,0.0
2304,0.0
2305,0.0
2306,0.0
2307,0.0
2308,0.0
2309,0.0
2310,0.053689999999999995
2311,0.24772999999999998
2312,0.42501
2313,0.54139
2314,0.68068
2315,0.7236
2316,0.72113
2317,0.66883
2318,0.53042
2319,0.35124
2320,0.14995
2321,0.01448
2322,0.0
2323,0.0
2324,0.0
2325,0.0
2326,0.0
2327,0.0
2328,0.0
2329,0.0
2330,0.0
2331,0.0
2332,0.0
2333,0.0
2334,0.061149999999999996
2335,0.26263
2336,0.4564
2337,0.57652
2338,0.6701
2339,0.6789700000000001
2340,0.69608
2341,0.64115
2342,0.45102
2343,0.34138999999999997
2344,0.15518
2345,0.015390000000000001
2346,0.0
2347,0.0
2348,0.0
2349,0.0
2350,0.0
2351,0.0
2352,0.0
2353,0.0
2354,0.0
2355,0.0
2356,0.0
2357,0.0
2358,0.06922
2359,0.2155
2360,0.35297
2361,0.54935
2362,0.57065
2363,0.64825
2364,0.65655
2365,0.5669
2366,0.47531
2367,0.31757
2368,0.14502
2369,0.01145
2370,0.0
2371,0.0
2372,0.0
2373,0.0
2374,0.0
2375,0.0
2376,0.0
2377,0.0
2378,0.0
2379,0.0
2380,0.0
2381,0.0
2382,0.07853
2383,0.26894
2384,0.4387
2385,0.60578
2386,0.63242
2387,0.6982999999999999
2388,0.69278
2389,0.54163
2390,0.49204000000000003
2391,0.33874
2392,0.15709
2393,0.01051
2394,0.0
2395,0.0
2396,0.0
2397,0.0
2398,0.0
2399,0.0
2400,0.0
2401,0.0
2402,0.0
2403,0.0
2404,0.0
2405,0.0
2406,0.07183
2407,0.2605
2408,0.44906999999999997
2409,0.59416
2410,0.6439
2411,0.6754
2412,0.70131
2413,0.63109
2414,0.50468
2415,0.34187
2416,0.15215
2417,0.01256
2418,0.0
2419,0.0
2420,0.0
2421,0.0
2422,0.0
2423,0.0
2424,0.0
2425,0.0
2426,0.0
2427,0.0
2428,0.0
2429,0.0
2430,0.07592
2431,0.26964
2432,0.43528
2433,0.5896399999999999
2434,0.6849400000000001
2435,0.70904
2436,0.67106
2437,0.63374
2438,0.46503
2439,0.32924000000000003
2440,0.15852000000000002
2441,0.014320000000000001
2442,0.0
2443,0.0
2444,0.0
2445,0.0
2446,0.0
2447,0.0
2448,0.0
2449,0.0
2450,0.0
2451,0.0
2452,0.0
2453,0.0
2454,0.07914
2455,0.24609999999999999
2456,0.42960000000000004
2457,0.61386
2458,0.6112799999999999
2459,0.6511699999999999
2460,0.60964
2461,0.6092000000000001
2462,0.46792
2463,0.26782999999999996
2464,0.139
2465,0.01143
2466,0.0
2467,0.0
2468,0.0
2469,0.0
2470,0.0
2471,0.0
2472,0.0
2473,0.0
2474,0.0
2475,0.0
2476,0.0
2477,0.0
2478,0.06923
2479,0.22976
2480,0.346
2481,0.47439
2482,0.63702
2483,0.61163
2484,0.66559
2485,0.59374
2486,0.42067
2487,0.33937
2488,0.14533000000000001
2489,0.01081
2490,0.0
2491,0.0
2492,0.0
2493,0.0
2494,0.0
2495,0.0
2496,0.0
2497,0.0
2498,0.0
2499,0.0
2500,0.0
2501,0.0
2502,0.05775
2503,0.18633000000000002
2504,0.33415
2505,0.4195
2506,0.5178200000000001
2507,0.65135
2508,0.6375299999999999
2509,0.5328099999999999
2510,0.33842
2511,0.28555
2512,0.14912
2513,0.013300000000000001
2514,0.0
2515,0.0
2516,0.0
2517,0.0
2518,0.0
2519,0.0
2520,0.0
2521,0.0
2522,0.0
2523,0.0
2524,0.0
2525,0.0
2526,0.06313
2527,0.18866999999999998
2528,0.31431
2529,0.49951999999999996
2530,0.60727
2531,0.56459
2532,0.57616
2533,0.54025
2534,0.36713
2535,0.23725
2536,0.10109
2537,0.00789
2538,0.0
2539,0.0
2540,0.0
2541,0.0
2542,0.0
2543,0.0
2544,0.0
2545,0.0
2546,0.0
2547,0.0
2548,0.0
2549,0.0
2550,0.054729999999999994
2551,0.25117
2552,0.41931
2553,0.5852999999999999
2554,0.67911
2555,0.64847
2556,0.69244
2557,0.54112
2558,0.44073
2559,0.27674
2560,0.15802000000000002
2561,0.01074
2562,0.0
2563,0.0
2564,0.0
2565,0.0
2566,0.0
2567,0.0
2568,0.0
2569,0.0
2570,0.0
2571,0.0
2572,0.0
2573,0.0
2574,0.06534999999999999
2575,0.2119
2576,0.36272000000000004
2577,0.50641
2578,0.58254
2579,0.63748
2580,0.54374
2581,0.5136499999999999
2582,0.41955000000000003
2583,0.24688
2584,0.13219999999999998
2585,0.01572
2586,0.0
2587,0.0
2588,0.0
2589,0.0
2590,0.0
2591,0.0
2592,0.0
2593,0.0
2594,0.0
2595,0.0
2596,0.0
2597,0.0
2598,0.06473000000000001
2599,0.23194
2600,0.40474
2601,0.48293
2602,0.58186
2603,0.55767
2604,0.62376
2605,0.47781999999999997
2606,0.42617
2607,0.24744
2608,0.11686
2609,0.00885
2610,0.0
2611,0.0
2612,0.0
2613,0.0
2614,0.0
2615,0.0
2616,0.0
2617,0.0
2618,0.0
2619,0.0
2620,0.0
2621,0.0
2622,0.06026
2623,0.18325
2624,0.31281
2625,0.45622
2626,0.60315
2627,0.5783200000000001
2628,0.52996
2629,0.48404
2630,0.34287
2631,0.1975
2632,0.11115
2633,0.01282
2634,0.0
2635,0.0
2636,0.0
2637,0.0
2638,0.0
2639,0.0
2640,0.0
2641,0.0
2642,0.0
2643,0.0
2644,0.0
2645,0.0
2646,0.053759999999999995
2647,0.21136000000000002
2648,0.36187
2649,0.46291000000000004
2650,0.51773
2651,0.60445
2652,0.54948
2653,0.45572
2654,0.38241
2655,0.23402
2656,0.07851000000000001
2657,0.00874
2658,0.0
2659,0.0
2660,0.0
2661,0.0
2662,0.0
2663,0.0
2664,0.0
2665,0.0
2666,0.0
2667,0.0
2668,0.0
2669,0.0
2670,0.06308
2671,0.2221
2672,0.37473
2673,0.48467
2674,0.46402
2675,0.42545
2676,0.45344999999999996
2677,0.41789
2678,0.37262
2679,0.26903
2680,0.10152
2681,0.01211
2682,0.0
2683,0.0
2684,0.0
2685,0.0
2686,0.0
2687,0.0
2688,0.0
2689,0.0
2690,0.0
2691,0.0
2692,0.0
2693,0.0
2694,0.05304
2695,0.20682
2696,0.27888
2697,0.41875999999999997
2698,0.50027
2699,0.52691
2700,0.57645
2701,0.53814
2702,0.40202
2703,0.25327
2704,0.08556
2705,0.009720000000000001
2706,0.0
2707,0.0
2708,0.0
2709,0.0
2710,0.0
2711,0.0
2712,0.0
2713,0.0
2714,0.0
2715,0.0
2716,0.0
2717,0.0
2718,0.054729999999999994
2719,0.15363
2720,0.33065
2721,0.48020999999999997
2722,0.49151
2723,0.6414
2724,0.59668
2725,0.49516000000000004
2726,0.3787
2727,0.26633999999999997
2728,0.1095
2729,0.01165
2730,0.0
2731,0.0
2732,0.0
2733,0.0
2734,0.0
2735,0.0
2736,0.0
2737,0.0
2738,0.0
2739,0.0
2740,0.0
2741,0.0
2742,0.06332
2743,0.22643000000000002
2744,0.33932999999999996
2745,0.5002300000000001
2746,0.57086
2747,0.6121
2748,0.62129
2749,0.53463
2750,0.40156000000000003
2751,0.2925
2752,0.1028
2753,0.01234
2754,0.0
2755,0.0
2756,0.0
2757,0.0
2758,0.0
2759,0.0
2760,0.0
2761,0.0
2762,0.0
2763,0.0
2764,0.0
2765,0.0
2766,0.05264
2767,0.22368000000000002
2768,0.33231
2769,0.41179000000000004
2770,0.44175
2771,0.44721
2772,0.57243
2773,0.52679
2774,0.46688999999999997
2775,0.28186
2776,0.10348
2777,0.01156
2778,0.0
2779,0.0
2780,0.0
2781,0.0
2782,0.0
2783,0.0
2784,0.0
2785,0.0
2786,0.0
2787,0.0
2788,0.0
2789,0.0
2790,0.06798
2791,0.22666
2792,0.37592000000000003
2793,0.529
2794,0.55547
2795,0.67501
2796,0.6804600000000001
2797,0.58397
2798,0.48664999999999997
2799,0.27131
2800,0.11799
2801,0.01548
2802,0.0
2803,0.0
2804,0.0
2805,0.0
2806,0.0
2807,0.0
2808,0.0
2809,0.0
2810,0.0
2811,0.0
2812,0.0
2813,0.0
2814,0.06958
2815,0.2452
2816,0.43015
2817,0.5525599999999999
2818,0.61084
2819,0.69096
2820,0.65873
2821,0.5985
2822,0.44401
2823,0.29587
2824,0.10245
2825,0.01508
2826,0.0
2827,0.0
2828,0.0
2829,0.0
2830,0.0
2831,0.0
2832,0.0
2833,0.0
2834,0.0
2835,0.0
2836,0.0
2837,0.0
2838,0.08585
2839,0.25629
2840,0.43089999999999995
2841,0.55923
2842,0.6127400000000001
2843,0.67518
2844,0.68011
2845,0.59076
2846,0.42665
2847,0.25683999999999996
2848,0.12229999999999999
2849,0.015050000000000001
2850,0.0
2851,0.0
2852,0.0
2853,0.0
2854,0.0
2855,0.0
2856,0.0
2857,0.0
2858,0.0
2859,0.0
2860,0.0
2861,0.0
2862,0.08343
2863,0.25531
2864,0.41794
2865,0.5560700000000001
2866,0.68331
2867,0.7239099999999999
2868,0.67128
2869,0.57251
2870,0.47606
2871,0.32033999999999996
2872,0.13144999999999998
2873,0.0081
2874,0.0
2875,0.0
2876,0.0
2877,0.0
2878,0.0
2879,0.0
2880,0.0
2881,0.0
2882,0.0
2883,0.0
2884,0.0
2885,0.0
2886,0.07748000000000001
2887,0.23715
2888,0.42004
2889,0.55279
2890,0.63952
2891,0.66451
2892,0.66875
2893,0.59415
2894,0.48301
2895,0.29467000000000004
2896,0.13044
2897,0.01194
2898,0.0
2899,0.0
2900,0.0
2901,0.0
2902,0.0
2903,0.0
2904,0.0
2905,0.0
2906,0.0
2907,0.0
2908,0.0
2909,0.0
2910,0.06756000000000001
2911,0.20583
2912,0.37076
2913,0.53258
2914,0.6296
2915,0.71154
2916,0.6742400000000001
2917,0.63436
2918,0.4972
2919,0.31485
2920,0.14103
2921,0.0105
2922,0.0
2923,0.0
2924,0.0
2925,0.0
2926,0.0
2927,0.0
2928,0.0
2929,0.0
2930,0.0
2931,0.0
2932,0.0
2933,0.0
2934,0.06892
2935,0.22577
2936,0.3485
2937,0.47107
2938,0.4724
2939,0.58317
2940,0.58672
2941,0.60799
2942,0.47270999999999996
2943,0.31238
2944,0.13083
2945,0.01688
2946,0.0
2947,0.0
2948,0.0
2949,0.0
2950,0.0
2951,0.0
2952,0.0
2953,0.0
2954,0.0
2955,0.0
2956,0.0
2957,0.0
2958,0.06475
2959,0.22291999999999998
2960,0.35775999999999997
2961,0.48185
2962,0.5769
2963,0.56292
2964,0.5668099999999999
2965,0.44811
2966,0.36045
2967,0.25104
2968,0.12531
2969,0.01692
2970,0.0
2971,0.0
2972,0.0
2973,0.0
2974,0.0
2975,0.0
2976,0.0
2977,0.0
2978,0.0
2979,0.0
2980,0.0
2981,0.0
2982,0.061700000000000005
2983,0.19818
2984,0.28634
2985,0.3959
2986,0.50536
2987,0.51459
2988,0.45447000000000004
2989,0.48579
2990,0.33418000000000003
2991,0.26261
2992,0.10914
2993,0.01883
2994,0.0
2995,0.0
2996,0.0
2997,0.0
2998,0.0
2999,0.0
3000,0.0
3001,0.0
3002,0.0
3003,0.0
3004,0.0
3005,0.0
3006,0.07791
3007,0.24947
3008,0.38536000000000004
3009,0.5259400000000001
3010,0.6122000000000001
3011,0.60227
3012,0.56355
3013,0.48523
3014,0.38487
3015,0.23514
3016,0.12376000000000001
3017,0.01957
3018,0.0
3019,0.0
3020,0.0
3021,0.0
3022,0.0
3023,0.0
3024,0.0
3025,0.0
3026,0.0
3027,0.0
3028,0.0
3029,0.0
3030,0.0832
3031,0.24655000000000002
3032,0.40584
3033,0.47742
3034,0.60664
3035,0.66725
3036,0.65266
3037,0.5817100000000001
3038,0.44035
3039,0.24019
3040,0.10462
3041,0.01488
3042,0.0
3043,0.0
3044,0.0
3045,0.0
3046,0.0
3047,0.0
3048,0.0
3049,0.0
3050,0.0
3051,0.0
3052,0.0
3053,0.0
3054,0.05291
3055,0.17212
3056,0.24036000000000002
3057,0.31242000000000003
3058,0.30763
3059,0.37706
3060,0.46641000000000005
3061,0.34153
3062,0.29992
3063,0.18309
3064,0.07669
3065,0.011720000000000001
3066,0.0
3067,0.0
3068,0.0
3069,0.0
3070,0.0
3071,0.0
3072,0.0
3073,0.0
3074,0.0
3075,0.0
3076,0.0
3077,0.0
3078,0.0345
3079,0.10115
3080,0.23596999999999999
3081,0.23575
3082,0.30961
3083,0.29781
3084,0.27607
3085,0.36786
3086,0.21271
3087,0.14256
3088,0.0599
3089,0.01428
3090,0.0
3091,0.0
3092,0.0
3093,0.0
3094,0.0
3095,0.0
3096,0.0
3097,0.0
3098,0.0
3099,0.0
3100,0.0
3101,0.0
3102,0.06620000000000001
3103,0.20892
3104,0.34416
3105,0.46814
3106,0.46284
3107,0.4128
3108,0.38054000000000004
3109,0.39466
3110,0.18527000000000002
3111,0.07632
3112,0.026760000000000003
3113,0.00539
3114,0.0
3115,0.0
3116,0.0
3117,0.0
3118,0.0
3119,0.0
3120,0.0
3121,0.0
3122,0.0
3123,0.0
3124,0.0
3125,0.0
3126,0.046759999999999996
3127,0.12029999999999999
3128,0.24186000000000002
3129,0.32516
3130,0.44932
3131,0.53098
3132,0.5080899999999999
3133,0.44841000000000003
3134,0.29458
3135,0.12146
3136,0.04832
3137,0.012230000000000001
3138,0.0
3139,0.0
3140,0.0
3141,0.0
3142,0.0
3143,0.0
3144,0.0
3145,0.0
3146,0.0
3147,0.0
3148,0.0
3149,0.0
3150,0.04838
3151,0.14667
3152,0.31927
3153,0.42732
3154,0.5898300000000001
3155,0.61325
3156,0.62313
3157,0.42301
3158,0.30768
3159,0.18427000000000002
3160,0.08887
3161,0.01399
3162,0.0
3163,0.0
3164,0.0
3165,0.0
3166,0.0
3167,0.0
3168,0.0
3169,0.0
3170,0.0
3171,0.0
3172,0.0
3173,0.0
3174,0.06615
3175,0.21515
3176,0.32364
3177,0.40811000000000003
3178,0.5242100000000001
3179,0.51746
3180,0.5192100000000001
3181,0.36591
3182,0.31095
3183,0.22337
3184,0.12104000000000001
3185,0.01303
3186,0.0
3187,0.0
3188,0.0
3189,0.0
3190,0.0
3191,0.0
3192,0.0
3193,0.0
3194,0.0
3195,0.0
3196,0.0
3197,0.0
3198,0.07084
3199,0.25433
3200,0.39914
3201,0.46586
3202,0.59576
3203,0.64164
3204,0.62699
3205,0.5544600000000001
3206,0.43953
3207,0.25597
3208,0.11347
3209,0.0085
3210,0.0
3211,0.0
3212,0.0
3213,0.0
3214,0.0
3215,0.0
3216,0.0
3217,0.0
3218,0.0
3219,0.0
3220,0.0
3221,0.0
3222,0.08529
3223,0.27013
3224,0.43301999999999996
3225,0.5254800000000001
3226,0.62774
3227,0.63152
3228,0.6202000000000001
3229,0.5754400000000001
3230,0.3595
3231,0.26693
3232,0.11012999999999999
3233,0.009640000000000001
3234,0.0
3235,0.0
3236,0.0
3237,0.0
3238,0.0
3239,0.0
3240,0.0
3241,0.0
3242,0.0
3243,0.0
3244,0.0
3245,0.0
3246,0.08578
3247,0.24380000000000002
3248,0.43933
3249,0.57604
3250,0.64712
3251,0.66588
3252,0.65489
3253,0.57884
3254,0.4698
3255,0.29704
3256,0.12476999999999999
3257,0.008539999999999999
3258,0.0
3259,0.0
3260,0.0
3261,0.0
3262,0.0
3263,0.0
3264,0.0
3265,0.0
3266,0.0
3267,0.0
3268,0.0
3269,0.0
3270,0.08253
3271,0.27696
3272,0.44702
3273,0.53928
3274,0.63199
3275,0.68328
3276,0.66873
3277,0.59087
3278,0.42433
3279,0.25275
3280,0.11061
3281,0.00902
3282,0.0
3283,0.0
3284,0.0
3285,0.0
3286,0.0
3287,0.0
3288,0.0
3289,0.0
3290,0.0
3291,0.0
3292,0.0
3293,0.0
3294,0.07204
3295,0.20115
3296,0.37459
3297,0.5031100000000001
3298,0.6023099999999999
3299,0.64823
3300,0.6335
3301,0.48957999999999996
3302,0.44072
3303,0.25927999999999995
3304,0.10973999999999999
3305,0.011470000000000001
3306,0.0
3307,0.0
3308,0.0
3309,0.0
3310,0.0
3311,0.0
3312,0.0
3313,0.0
3314,0.0
3315,0.0
3316,0.0
3317,0.0
3318,0.06827
3319,0.20315
3320,0.30942000000000003
3321,0.38533
3322,0.47043
3323,0.48708999999999997
3324,0.44153
3325,0.34489
3326,0.26649
3327,0.13694
3328,0.07073
3329,0.013890000000000001
3330,0.0
3331,0.0
3332,0.0
3333,0.0
3334,0.0
3335,0.0
3336,0.0
3337,0.0
3338,0.0
3339,0.0
3340,0.0
3341,0.0
3342,0.07920999999999999
3343,0.23347
3344,0.35767000000000004
3345,0.41083
3346,0.54683
3347,0.6232000000000001
3348,0.53444
3349,0.3785
3350,0.31004000000000004
3351,0.19987
3352,0.08575
3353,0.01712
3354,0.0
3355,0.0
3356,0.0
3357,0.0
3358,0.0
3359,0.0
3360,0.0
3361,0.0
3362,0.0
3363,0.0
3364,0.0
3365,0.0
3366,0.061520000000000005
3367,0.19466999999999998
3368,0.36935
3369,0.3875
3370,0.46622
3371,0.5522999999999999
3372,0.54142
3373,0.44842000000000004
3374,0.27706000000000003
3375,0.16375
3376,0.0668
3377,0.015560000000000001
3378,0.0
3379,0.0
3380,0.0
3381,0.0
3382,0.0
3383,0.0
3384,0.0
3385,0.0
3386,0.0
3387,0.0
3388,0.0
3389,0.0
3390,0.07161
3391,0.20288
3392,0.37888
3393,0.5147200000000001
3394,0.53842
3395,0.63346
3396,0.6147100000000001
3397,0.5671499999999999
3398,0.44066000000000005
3399,0.27996
3400,0.12179999999999999
3401,0.01005
3402,0.0
3403,0.0
3404,0.0
3405,0.0
3406,0.0
3407,0.0
3408,0.0
3409,0.0
3410,0.0
3411,0.0
3412,0.0
3413,0.0
3414,0.0455
3415,0.17211
3416,0.28239
3417,0.43443
3418,0.49189
3419,0.43698000000000004
3420,0.49533
3421,0.43397
3422,0.35866000000000003
3423,0.20013
3424,0.054119999999999994
3425,0.00328
3426,0.0
3427,0.0
3428,0.0
3429,0.0
3430,0.0
3431,0.0
3432,0.0
3433,0.0
3434,0.0
3435,0.0
3436,0.0
3437,0.0
3438,0.04963
3439,0.15868000000000002
3440,0.25163
3441,0.38967
3442,0.43669
3443,0.49407
3444,0.40996
3445,0.47975999999999996
3446,0.37739999999999996
3447,0.19655
3448,0.06743
3449,0.0089
3450,0.0
3451,0.0
3452,0.0
3453,0.0
3454,0.0
3455,0.0
3456,0.0
3457,0.0
3458,0.0
3459,0.0
3460,0.0
3461,0.0
3462,0.052700000000000004
3463,0.16054
3464,0.27546
3465,0.38389999999999996
3466,0.48918
3467,0.49401
3468,0.46487
3469,0.41247
3470,0.24272
3471,0.13002
3472,0.013009999999999999
3473,0.00477
3474,0.0
3475,0.0
3476,0.0
3477,0.0
3478,0.0
3479,0.0
3480,0.0
3481,0.0
3482,0.0
3483,0.0
3484,0.0
3485,0.0
3486,0.056420000000000005
3487,0.1432
3488,0.19891999999999999
3489,0.33979000000000004
3490,0.36785
3491,0.37743
3492,0.30948000000000003
3493,0.28676999999999997
3494,0.13388999999999998
3495,0.06611
3496,0.022269999999999998
3497,0.00831
3498,0.0
3499,0.0
3500,0.0
3501,0.0
3502,0.0
3503,0.0
3504,0.0
3505,0.0
3506,0.0
3507,0.0
3508,0.0
3509,0.0
3510,0.04743
3511,0.15781
3512,0.28986
3513,0.40941000000000005
3514,0.43748000000000004
3515,0.5037900000000001
3516,0.43181
3517,0.35549000000000003
3518,0.31174
3519,0.21541
3520,0.11449
3521,0.02532
3522,0.0
3523,0.0
3524,0.0
3525,0.0
3526,0.0
3527,0.0
3528,0.0
3529,0.0
3530,0.0
3531,0.0
3532,0.0
3533,0.0
3534,0.04882
3535,0.15832
3536,0.24251
3537,0.34843999999999997
3538,0.41619
3539,0.42141
3540,0.43387
3541,0.34928
3542,0.27458
3543,0.08882
3544,0.056780000000000004
3545,0.010029999999999999
3546,0.0
3547,0.0
3548,0.0
3549,0.0
3550,0.0
3551,0.0
3552,0.0
3553,0.0
3554,0.0
3555,0.0
3556,0.0
3557,0.0
3558,0.03418
3559,0.14012
3560,0.26349
3561,0.30948000000000003
3562,0.38552
3563,0.40208999999999995
3564,0.40388999999999997
3565,0.38787
3566,0.30331
3567,0.13012
3568,0.054259999999999996
3569,0.00491
3570,0.0
3571,0.0
3572,0.0
3573,0.0
3574,0.0
3575,0.0
3576,0.0
3577,0.0
3578,0.0
3579,0.0
3580,0.0
3581,0.0
3582,0.01696
3583,0.06362
3584,0.15928
3585,0.29198
3586,0.44077
3587,0.45472
3588,0.30815
3589,0.42797
3590,0.30878
3591,0.13115000000000002
3592,0.03012
3593,0.0025
3594,0.0
3595,0.0
3596,0.0
3597,0.0
3598,0.0
3599,0.0
3600,0.0
3601,0.0
3602,0.0
3603,0.0
3604,0.0
3605,0.0
3606,0.062259999999999996
3607,0.18799000000000002
3608,0.32097000000000003
3609,0.39599
3610,0.48963
3611,0.4238
3612,0.29844
3613,0.36366000000000004
3614,0.21912
3615,0.1262
3616,0.05718
3617,0.00598
3618,0.0
3619,0.0
3620,0.0
3621,0.0
3622,0.0
3623,0.0
3624,0.0
3625,0.0
3626,0.0
3627,0.0
3628,0.0
3629,0.0
3630,0.06937
3631,0.1985
3632,0.28275
3633,0.4068
3634,0.54527
3635,0.48625
3636,0.5169400000000001
3637,0.46016
3638,0.29655000000000004
3639,0.17595
3640,0.07508
3641,0.01435
3642,0.0
3643,0.0
3644,0.0
3645,0.0
3646,0.0
3647,0.0
3648,0.0
3649,0.0
3650,0.0
3651,0.0
3652,0.0
3653,0.0
3654,0.06286
3655,0.18716
3656,0.26954
3657,0.35304
3658,0.4535
3659,0.53298
3660,0.5662999999999999
3661,0.53189
3662,0.42031999999999997
3663,0.23587
3664,0.08939
3665,0.00749
3666,0.0
3667,0.0
3668,0.0
3669,0.0
3670,0.0
3671,0.0
3672,0.0
3673,0.0
3674,0.0
3675,0.0
3676,0.0
3677,0.0
3678,0.07855
3679,0.19306
3680,0.3575
3681,0.40751
3682,0.58239
3683,0.56663
3684,0.5825499999999999
3685,0.43933
3686,0.36057
3687,0.25788
3688,0.10693000000000001
3689,0.01304
3690,0.0
3691,0.0
3692,0.0
3693,0.0
3694,0.0
3695,0.0
3696,0.0
3697,0.0
3698,0.0
3699,0.0
3700,0.0
3701,0.0
3702,0.07579999999999999
3703,0.228
3704,0.39169
3705,0.44693
3706,0.51889
3707,0.59981
3708,0.54838
3709,0.55035
3710,0.41014999999999996
3711,0.26911
3712,0.118
3713,0.01587
3714,0.0
3715,0.0
3716,0.0
3717,0.0
3718,0.0
3719,0.0
3720,0.0
3721,0.0
3722,0.0
3723,0.0
3724,0.0
3725,0.0
3726,0.051609999999999996
3727,0.15321
3728,0.32783
3729,0.44827
3730,0.52465
3731,0.54222
3732,0.5222
3733,0.47176
3734,0.35468
3735,0.20534
3736,0.10905
3737,0.02137
3738,0.0
3739,0.0
3740,0.0
3741,0.0
3742,0.0
3743,0.0
3744,0.0
3745,0.0
3746,0.0
3747,0.0
3748,0.0
3749,0.0
3750,0.07039
3751,0.20806
3752,0.29399000000000003
3753,0.36344
3754,0.42707
3755,0.43257
3756,0.36917
3757,0.27121
3758,0.21265
3759,0.19747
3760,0.10219
3761,0.02282
3762,0.0
3763,0.0
3764,0.0
3765,0.0
3766,0.0
3767,0.0
3768,0.0
3769,0.0
3770,0.0
3771,0.0
3772,0.0
3773,0.0
3774,0.032299999999999995
3775,0.10675
3776,0.23154
3777,0.26605
3778,0.26886
3779,0.29638
3780,0.30467
3781,0.24172
3782,0.19849
3783,0.12518
3784,0.07097
3785,0.01814
3786,0.0
3787,0.0
3788,0.0
3789,0.0
3790,0.0
3791,0.0
3792,0.0
3793,0.0
3794,0.0
3795,0.0
3796,0.0
3797,0.0
3798,0.05414
3799,0.13072
3800,0.31909
3801,0.39494
3802,0.36025
3803,0.43926
3804,0.5013500000000001
3805,0.55929
3806,0.4308
3807,0.25821
3808,0.12821000000000002
3809,0.01775
3810,0.0
3811,0.0
3812,0.0
3813,0.0
3814,0.0
3815,0.0
3816,0.0
3817,0.0
3818,0.0
3819,0.0
3820,0.0
3821,0.0
3822,0.07324
3823,0.23851
3824,0.4033
3825,0.4728
3826,0.5856699999999999
3827,0.63842
3828,0.60088
3829,0.53244
3830,0.40401
3831,0.23185
3832,0.11885
3833,0.027649999999999997
3834,0.0
3835,0.0
3836,0.0
3837,0.0
3838,0.0
3839,0.0
3840,0.0
3841,0.0
3842,0.0
3843,0.0
3844,0.0
3845,0.0
3846,0.061649999999999996
3847,0.22606
3848,0.39744
3849,0.50436
3850,0.5375700000000001
3851,0.6279199999999999
3852,0.60995
3853,0.45505
3854,0.33677999999999997
3855,0.2092
3856,0.11338
3857,0.02283
3858,0.0
3859,0.0
3860,0.0
3861,0.0
3862,0.0
3863,0.0
3864,0.0
3865,0.0
3866,0.0
3867,0.0
3868,0.0
3869,0.0
3870,0.07192
3871,0.21300999999999998
3872,0.32787
3873,0.45723
3874,0.39502
3875,0.48894
3876,0.43028
3877,0.51838
3878,0.33494999999999997
3879,0.21053
3880,0.10582
3881,0.02538
3882,0.0
3883,0.0
3884,0.0
3885,0.0
3886,0.0
3887,0.0
3888,0.0
3889,0.0
3890,0.0
3891,0.0
3892,0.0
3893,0.0
3894,0.07343999999999999
3895,0.24027
3896,0.3609
3897,0.53599
3898,0.54692
3899,0.60609
3900,0.5635800000000001
3901,0.58424
3902,0.46631
3903,0.31677
3904,0.14016
3905,0.01192
3906,0.0
3907,0.0
3908,0.0
3909,0.0
3910,0.0
3911,0.0
3912,0.0
3913,0.0
3914,0.0
3915,0.0
3916,0.0
3917,0.0
3918,0.05019
3919,0.21315
3920,0.32891000000000004
3921,0.45383
3922,0.51038
3923,0.54413
3924,0.5777599999999999
3925,0.5581699999999999
3926,0.45087
3927,0.27520999999999995
3928,0.11904
3929,0.01158
3930,0.0
3931,0.0
3932,0.0
3933,0.0
3934,0.0
3935,0.0
3936,0.0
3937,0.0
3938,0.0
3939,0.0
3940,0.0
3941,0.0
3942,0.07143000000000001
3943,0.24205000000000002
3944,0.39862000000000003
3945,0.5048
3946,0.60058
3947,0.62146
3948,0.65432
3949,0.54513
3950,0.42448
3951,0.30801
3952,0.12323
3953,0.01246
3954,0.0
3955,0.0
3956,0.0
3957,0.0
3958,0.0
3959,0.0
3960,0.0
3961,0.0
3962,0.0
3963,0.0
3964,0.0
3965,0.0
3966,0.053259999999999995
3967,0.20757
3968,0.37162
3969,0.51425
3970,0.60525
3971,0.67791
3972,0.65965
3973,0.57796
3974,0.4637
3975,0.32158
3976,0.12737
3977,0.013130000000000001
3978,0.0
3979,0.0
3980,0.0
3981,0.0
3982,0.0
3983,0.0
3984,0.0
3985,0.0
3986,0.0
3987,0.0
3988,0.0
3989,0.0
3990,0.061450000000000005
3991,0.22713999999999998
3992,0.39323
3993,0.49989999999999996
3994,0.5938
3995,0.66401
3996,0.63903
3997,0.5874299999999999
3998,0.47979
3999,0.30304000000000003
4000,0.13894
4001,0.01088
4002,0.0
4003,0.0
4004,0.0
4005,0.0
4006,0.0
4007,0.0
4008,0.0
4009,0.0
4010,0.0
4011,0.0
4012,0.0
4013,0.0
4014,0.06586
4015,0.23983000000000002
4016,0.4014
4017,0.48248
4018,0.59736
4019,0.6165499999999999
4020,0.6041799999999999
4021,0.55596
4022,0.42212
4023,0.29522000000000004
4024,0.12617
4025,0.01589
4026,0.0
4027,0.0
4028,0.0
4029,0.0
4030,0.0
4031,0.0
4032,0.0
4033,0.0
4034,0.0
4035,0.0
4036,0.0
4037,0.0
4038,0.06573999999999999
4039,0.24075
4040,0.37818
4041,0.50859
4042,0.60794
4043,0.65316
4044,0.58838
4045,0.51802
4046,0.42905
4047,0.28875
4048,0.13418
4049,0.01713
4050,0.0
4051,0.0
4052,0.0
4053,0.0
4054,0.0
4055,0.0
4056,0.0
4057,0.0
4058,0.0
4059,0.0
4060,0.0
4061,0.0
4062,0.06856999999999999
4063,0.20933000000000002
4064,0.32925
4065,0.51487
4066,0.5747899999999999
4067,0.59376
4068,0.57259
4069,0.50303
4070,0.38103
4071,0.23082
4072,0.10712999999999999
4073,0.022949999999999998
4074,0.0
4075,0.0
4076,0.0
4077,0.0
4078,0.0
4079,0.0
4080,0.0
4081,0.0
4082,0.0
4083,0.0
4084,0.0
4085,0.0
4086,0.05858
4087,0.18761000000000003
4088,0.24844
4089,0.45033999999999996
4090,0.46377999999999997
4091,0.51376
4092,0.44011
4093,0.45343
4094,0.3775
4095,0.28141000000000005
4096,0.12419
4097,0.02321
4098,0.0
4099,0.0
4100,0.0
4101,0.0
4102,0.0
4103,0.0
4104,0.0
4105,0.0
4106,0.0
4107,0.0
4108,0.0
4109,0.0
4110,0.06286
4111,0.21857
4112,0.36751999999999996
4113,0.52512
4114,0.58227
4115,0.61003
4116,0.59777
4117,0.47716000000000003
4118,0.34629000000000004
4119,0.27638999999999997
4120,0.13202
4121,0.02795
4122,0.0
4123,0.0
4124,0.0
4125,0.0
4126,0.0
4127,0.0
4128,0.0
4129,0.0
4130,0.0
4131,0.0
4132,0.0
4133,0.0
4134,0.0638
4135,0.20256
4136,0.34958
4137,0.48957
4138,0.55589
4139,0.6020599999999999
4140,0.5759
4141,0.49957999999999997
4142,0.36351999999999995
4143,0.24375
4144,0.12018000000000001
4145,0.03349
4146,0.0
4147,0.0
4148,0.0
4149,0.0
4150,0.0
4151,0.0
4152,0.0
4153,0.0
4154,0.0
4155,0.0
4156,0.0
4157,0.0
4158,0.055560000000000005
4159,0.1773
4160,0.28614999999999996
4161,0.34025
4162,0.41251
4163,0.5534199999999999
4164,0.5521900000000001
4165,0.48218
4166,0.36875
4167,0.24500999999999998
4168,0.10311
4169,0.023510000000000003
4170,0.0
4171,0.0
4172,0.0
4173,0.0
4174,0.0
4175,0.0
4176,0.0
4177,0.0
4178,0.0
4179,0.0
4180,0.0
4181,0.0
4182,0.03646
4183,0.11203
4184,0.20975
4185,0.31956
4186,0.38688
4187,0.39366
4188,0.42075
4189,0.36642
4190,0.20248
4191,0.10215
4192,0.06253
4193,0.013550000000000001
4194,0.0
4195,0.0
4196,0.0
4197,0.0
4198,0.0
4199,0.0
4200,0.0
4201,0.0
4202,0.0
4203,0.0
4204,0.0
4205,0.0
4206,0.061439999999999995
4207,0.20413
4208,0.40741000000000005
4209,0.46529000000000004
4210,0.59241
4211,0.6121599999999999
4212,0.5709500000000001
4213,0.5259400000000001
4214,0.40392
4215,0.19884000000000002
4216,0.0792
4217,0.01988
4218,0.0
4219,0.0
4220,0.0
4221,0.0
4222,0.0
4223,0.0
4224,0.0
4225,0.0
4226,0.0
4227,0.0
4228,0.0
4229,0.0
4230,0.0654
4231,0.23786000000000002
4232,0.4125
4233,0.53961
4234,0.6169600000000001
4235,0.65727
4236,0.67577
4237,0.58293
4238,0.48891
4239,0.32875
4240,0.14883000000000002
4241,0.02644
4242,0.0
4243,0.0
4244,0.0
4245,0.0
4246,0.0
4247,0.0
4248,0.0
4249,0.0
4250,0.0
4251,0.0
4252,0.0
4253,0.0
4254,0.07213
4255,0.25645
4256,0.43167
4257,0.5621799999999999
4258,0.6495
4259,0.67831
4260,0.65862
4261,0.57123
4262,0.46925
4263,0.31137
4264,0.14844
4265,0.03261
4266,0.0
4267,0.0
4268,0.0
4269,0.0
4270,0.0
4271,0.0
4272,0.0
4273,0.0
4274,0.0
4275,0.0
4276,0.0
4277,0.0
4278,0.06691
4279,0.20706
4280,0.36328
4281,0.43206
4282,0.58821
4283,0.59485
4284,0.57389
4285,0.54947
4286,0.42256
4287,0.26227
4288,0.14047
4289,0.03136
4290,0.0
4291,0.0
4292,0.0
4293,0.0
4294,0.0
4295,0.0
4296,0.0
4297,0.0
4298,0.0
4299,0.0
4300,0.0
4301,0.0
4302,0.06111
4303,0.1691
4304,0.32017
4305,0.46917000000000003
4306,0.566
4307,0.53584
4308,0.57269
4309,0.53774
4310,0.39154
4311,0.27835000000000004
4312,0.13694
4313,0.027460000000000002
4314,0.0
4315,0.0
4316,0.0
4317,0.0
4318,0.0
4319,0.0
4320,0.0
4321,0.0
4322,0.0
4323,0.0
4324,0.0
4325,0.0
4326,0.0659
4327,0.22648
4328,0.36966000000000004
4329,0.52315
4330,0.62327
4331,0.6505599999999999
4332,0.63447
4333,0.59485
4334,0.47689
4335,0.3226
4336,0.14673
4337,0.02068
4338,0.0
4339,0.0
4340,0.0
4341,0.0
4342,0.0
4343,0.0
4344,0.0
4345,0.0
4346,0.0
4347,0.0
4348,0.0
4349,0.0
4350,0.06695999999999999
4351,0.23048
4352,0.37815
4353,0.52076
4354,0.6183099999999999
4355,0.66771
4356,0.62203
4357,0.56023
4358,0.37604000000000004
4359,0.22178
4360,0.12476999999999999
4361,0.02656
4362,0.0
4363,0.0
4364,0.0
4365,0.0
4366,0.0
4367,0.0
4368,0.0
4369,0.0
4370,0.0
4371,0.0
4372,0.0
4373,0.0
4374,0.0504
4375,0.16937
4376,0.28008999999999995
4377,0.36529
4378,0.49151
4379,0.48702
4380,0.4255
4381,0.56892
4382,0.44888
4383,0.31883
4384,0.13309
4385,0.01657
4386,0.0
4387,0.0
4388,0.0
4389,0.0
4390,0.0
4391,0.0
4392,0.0
4393,0.0
4394,0.0
4395,0.0
4396,0.0
4397,0.0
4398,0.06805
4399,0.24955000000000002
4400,0.42965
4401,0.5668099999999999
4402,0.65752
4403,0.69428
4404,0.6778200000000001
4405,0.59663
4406,0.49278
4407,0.33388999999999996
4408,0.15472
4409,0.01839
4410,0.0
4411,0.0
4412,0.0
4413,0.0
4414,0.0
4415,0.0
4416,0.0
4417,0.0
4418,0.0
4419,0.0
4420,0.0
4421,0.0
4422,0.06391
4423,0.25437
4424,0.43653
4425,0.56998
4426,0.66283
4427,0.70151
4428,0.68108
4429,0.60288
4430,0.47366
4431,0.34167000000000003
4432,0.15602000000000002
4433,0.01776
4434,0.0
4435,0.0
4436,0.0
4437,0.0
4438,0.0
4439,0.0
4440,0.0
4441,0.0
4442,0.0
4443,0.0
4444,0.0
4445,0.0
4446,0.05958
4447,0.20152
4448,0.35555000000000003
4449,0.53134
4450,0.61388
4451,0.6323200000000001
4452,0.6426900000000001
4453,0.57514
4454,0.40488999999999997
4455,0.26982999999999996
4456,0.12911
4457,0.02526
4458,0.0
4459,0.0
4460,0.0
4461,0.0
4462,0.0
4463,0.0
4464,0.0
4465,0.0
4466,0.0
4467,0.0
4468,0.0
4469,0.0
4470,0.06415000000000001
4471,0.24387
4472,0.42198
4473,0.51832
4474,0.60533
4475,0.66415
4476,0.6437200000000001
4477,0.47426999999999997
4478,0.33908
4479,0.22978
4480,0.1306
4481,0.0327
4482,0.0
4483,0.0
4484,0.0
4485,0.0
4486,0.0
4487,0.0
4488,0.0
4489,0.0
4490,0.0
4491,0.0
4492,0.0
4493,0.0
4494,0.05374
4495,0.16632
4496,0.35675
4497,0.44462999999999997
4498,0.56996
4499,0.58839
4500,0.61524
4501,0.57543
4502,0.45892
4503,0.31642000000000003
4504,0.14559
4505,0.01679
4506,0.0
4507,0.0
4508,0.0
4509,0.0
4510,0.0
4511,0.0
4512,0.0
4513,0.0
4514,0.0
4515,0.0
4516,0.0
4517,0.0
4518,0.05892
4519,0.22943
4520,0.34891
4521,0.48428
4522,0.56311
4523,0.60166
4524,0.62187
4525,0.5382
4526,0.45408
4527,0.30534
4528,0.12535
4529,0.016120000000000002
4530,0.0
4531,0.0
4532,0.0
4533,0.0
4534,0.0
4535,0.0
4536,0.0
4537,0.0
4538,0.0
4539,0.0
4540,0.0
4541,0.0
4542,0.04846
4543,0.15753
4544,0.29905000000000004
4545,0.34851
4546,0.40745
4547,0.51177
4548,0.50183
4549,0.37371
4550,0.33006
4551,0.21888999999999997
4552,0.11782
4553,0.027010000000000003
4554,0.0
4555,0.0
4556,0.0
4557,0.0
4558,0.0
4559,0.0
4560,0.0
4561,0.0
4562,0.0
4563,0.0
4564,0.0
4565,0.0
4566,0.053700000000000005
4567,0.20305
4568,0.37747
4569,0.51005
4570,0.59554
4571,0.6380800000000001
4572,0.6336799999999999
4573,0.56877
4574,0.44603
4575,0.26518
4576,0.13068000000000002
4577,0.029
4578,0.0
4579,0.0
4580,0.0
4581,0.0
4582,0.0
4583,0.0
4584,0.0
4585,0.0
4586,0.0
4587,0.0
4588,0.0
4589,0.0
4590,0.062130000000000005
4591,0.2457
4592,0.42522000000000004
4593,0.55667
4594,0.65078
4595,0.696
4596,0.6649299999999999
4597,0.5939
4598,0.48521
4599,0.33859
4600,0.14490999999999998
4601,0.0169
4602,0.0
4603,0.0
4604,0.0
4605,0.0
4606,0.0
4607,0.0
4608,0.0
4609,0.0
4610,0.0
4611,0.0
4612,0.0
4613,0.0
4614,0.06116
4615,0.21184
4616,0.38883999999999996
4617,0.51598
4618,0.6291599999999999
4619,0.67612
4620,0.63664
4621,0.55502
4622,0.49839999999999995
4623,0.30182
4624,0.14934999999999998
4625,0.01634
4626,0.0
4627,0.0
4628,0.0
4629,0.0
4630,0.0
4631,0.0
4632,0.0
4633,0.0
4634,0.0
4635,0.0
4636,0.0
4637,0.0
4638,0.06069
4639,0.23423
4640,0.39732999999999996
4641,0.5141
4642,0.61701
4643,0.6479199999999999
4644,0.65837
4645,0.56298
4646,0.46087
4647,0.28589
4648,0.12783
4649,0.020239999999999998
4650,0.0
4651,0.0
4652,0.0
4653,0.0
4654,0.0
4655,0.0
4656,0.0
4657,0.0
4658,0.0
4659,0.0
4660,0.0
4661,0.0
4662,0.05785
4663,0.22271000000000002
4664,0.40507
4665,0.53389
4666,0.6330800000000001
4667,0.67933
4668,0.63791
4669,0.56155
4670,0.41158999999999996
4671,0.31119
4672,0.14238
4673,0.02634
4674,0.0
4675,0.0
4676,0.0
4677,0.0
4678,0.0
4679,0.0
4680,0.0
4681,0.0
4682,0.0
4683,0.0
4684,0.0
4685,0.0
4686,0.06484000000000001
4687,0.25592
4688,0.42915
4689,0.5692699999999999
4690,0.65811
4691,0.65915
4692,0.6811
4693,0.6070099999999999
4694,0.47614999999999996
4695,0.3406
4696,0.16046000000000002
4697,0.01789
4698,0.0
4699,0.0
4700,0.0
4701,0.0
4702,0.0
4703,0.0
4704,0.0
4705,0.0
4706,0.0
4707,0.0
4708,0.0
4709,0.0
4710,0.05465
4711,0.19524
4712,0.37735
4713,0.51337
4714,0.59146
4715,0.64461
4716,0.59165
4717,0.53166
4718,0.43035
4719,0.25078
4720,0.11927
4721,0.01723
4722,0.0
4723,0.0
4724,0.0
4725,0.0
4726,0.0
4727,0.0
4728,0.0
4729,0.0
4730,0.0
4731,0.0
4732,0.0
4733,0.0
4734,0.05939
4735,0.23217
4736,0.39567
4737,0.5415
4738,0.61445
4739,0.66624
4740,0.6588099999999999
4741,0.59623
4742,0.437
4743,0.30362
4744,0.14393
4745,0.01816
4746,0.0
4747,0.0
4748,0.0
4749,0.0
4750,0.0
4751,0.0
4752,0.0
4753,0.0
4754,0.0
4755,0.0
4756,0.0
4757,0.0
4758,0.05889
4759,0.22669999999999998
4760,0.36701999999999996
4761,0.47945
4762,0.59029
4763,0.62905
4764,0.63081
4765,0.5668200000000001
4766,0.44703
4767,0.27726999999999996
4768,0.13954
4769,0.023530000000000002
4770,0.0
4771,0.0
4772,0.0
4773,0.0
4774,0.0
4775,0.0
4776,0.0
4777,0.0
4778,0.0
4779,0.0
4780,0.0
4781,0.0
4782,0.054869999999999995
4783,0.24349
4784,0.40127999999999997
4785,0.53865
4786,0.6368400000000001
4787,0.6858
4788,0.67
4789,0.60001
4790,0.46388999999999997
4791,0.32911
4792,0.15119
4793,0.0179
4794,0.0
4795,0.0
4796,0.0
4797,0.0
4798,0.0
4799,0.0
4800,0.0
4801,0.0
4802,0.0
4803,0.0
4804,0.0
4805,0.0
4806,0.06292
4807,0.24115
4808,0.43175
4809,0.56201
4810,0.65374
4811,0.6946599999999999
4812,0.6835
4813,0.6185900000000001
4814,0.48584
4815,0.30041
4816,0.15875
4817,0.0235
4818,0.0
4819,0.0
4820,0.0
4821,0.0
4822,0.0
4823,0.0
4824,0.0
4825,0.0
4826,0.0
4827,0.0
4828,0.0
4829,0.0
4830,0.06455
4831,0.25447
4832,0.43667
4833,0.57763
4834,0.66459
4835,0.70123
4836,0.68689
4837,0.62374
4838,0.51355
4839,0.35487
4840,0.16611
4841,0.017839999999999998
4842,0.0
4843,0.0
4844,0.0
4845,0.0
4846,0.0
4847,0.0
4848,0.0
4849,0.0
4850,0.0
4851,0.0
4852,0.0
4853,0.0
4854,0.06211
4855,0.24881
4856,0.42842
4857,0.56383
4858,0.64547
4859,0.68765
4860,0.65828
4861,0.6053
4862,0.5028
4863,0.32155
4864,0.15027000000000001
4865,0.01838
4866,0.0
4867,0.0
4868,0.0
4869,0.0
4870,0.0
4871,0.0
4872,0.0
4873,0.0
4874,0.0
4875,0.0
4876,0.0
4877,0.0
4878,0.05947
4879,0.23505
4880,0.40035000000000004
4881,0.51839
4882,0.6193
4883,0.67107
4884,0.66271
4885,0.49257
4886,0.34176999999999996
4887,0.20563
4888,0.13382
4889,0.03331
4890,0.0
4891,0.0
4892,0.0
4893,0.0
4894,0.0
4895,0.0
4896,0.0
4897,0.0
4898,0.0
4899,0.0
4900,0.0
4901,0.0
4902,0.0438
4903,0.16265000000000002
4904,0.30589999999999995
4905,0.47434
4906,0.56513
4907,0.63712
4908,0.5701
4909,0.52062
4910,0.38939999999999997
4911,0.26709
4912,0.1183
4913,0.02023
4914,0.0
4915,0.0
4916,0.0
4917,0.0
4918,0.0
4919,0.0
4920,0.0
4921,0.0
4922,0.0
4923,0.0
4924,0.0
4925,0.0
4926,0.055240000000000004
4927,0.22787000000000002
4928,0.37377
4929,0.53074
4930,0.5982799999999999
4931,0.59241
4932,0.60384
4933,0.59468
4934,0.48008999999999996
4935,0.30771
4936,0.15209
4937,0.02053
4938,0.0
4939,0.0
4940,0.0
4941,0.0
4942,0.0
4943,0.0
4944,0.0
4945,0.0
4946,0.0
4947,0.0
4948,0.0
4949,0.0
4950,0.054479999999999994
4951,0.20417
4952,0.39043
4953,0.54602
4954,0.63636
4955,0.6704199999999999
4956,0.6508400000000001
4957,0.58112
4958,0.44483999999999996
4959,0.31655
4960,0.14192
4961,0.02123
4962,0.0
4963,0.0
4964,0.0
4965,0.0
4966,0.0
4967,0.0
4968,0.0
4969,0.0
4970,0.0
4971,0.0
4972,0.0
4973,0.0
4974,0.06019
4975,0.24572
4976,0.41305000000000003
4977,0.56583
4978,0.6388400000000001
4979,0.7001499999999999
4980,0.66577
4981,0.5938300000000001
4982,0.46711
4983,0.2834
4984,0.15369999999999998
4985,0.02334
4986,0.0
4987,0.0
4988,0.0
4989,0.0
4990,0.0
4991,0.0
4992,0.0
4993,0.0
4994,0.0
4995,0.0
4996,0.0
4997,0.0
4998,0.05771
4999,0.24178
5000,0.41223000000000004
5001,0.50432
5002,0.5783400000000001
5003,0.70065
5004,0.63946
5005,0.62422
5006,0.48634
5007,0.31711
5008,0.16272999999999999
5009,0.01598
5010,0.0
5011,0.0
5012,0.0
5013,0.0
5014,0.0
5015,0.0
5016,0.0
5017,0.0
5018,0.0
5019,0.0
5020,0.0
5021,0.0
5022,0.05656
5023,0.22838999999999998
5024,0.37592000000000003
5025,0.5294
5026,0.55111
5027,0.6198400000000001
5028,0.56589
5029,0.56453
5030,0.39609
5031,0.20722
5032,0.10958
5033,0.02094
5034,0.0
5035,0.0
5036,0.0
5037,0.0
5038,0.0
5039,0.0
5040,0.0
5041,0.0
5042,0.0
5043,0.0
5044,0.0
5045,0.0
5046,0.05636
5047,0.21169
5048,0.33859
5049,0.45066
5050,0.5194500000000001
5051,0.62929
5052,0.6336
5053,0.53847
5054,0.38258
5055,0.20302
5056,0.08320999999999999
5057,0.01993
5058,0.0
5059,0.0
5060,0.0
5061,0.0
5062,0.0
5063,0.0
5064,0.0
5065,0.0
5066,0.0
5067,0.0
5068,0.0
5069,0.0
5070,0.06189
5071,0.24152
5072,0.41557
5073,0.55125
5074,0.64149
5075,0.67813
5076,0.6455
5077,0.59494
5078,0.44765
5079,0.31612
5080,0.12638
5081,0.022920000000000003
5082,0.0
5083,0.0
5084,0.0
5085,0.0
5086,0.0
5087,0.0
5088,0.0
5089,0.0
5090,0.0
5091,0.0
5092,0.0
5093,0.0
5094,0.06173
5095,0.24653
5096,0.41746
5097,0.5578200000000001
5098,0.64575
5099,0.68574
5100,0.66113
5101,0.57575
5102,0.43585
5103,0.28047000000000005
5104,0.12121
5105,0.02026
5106,0.0
5107,0.0
5108,0.0
5109,0.0
5110,0.0
5111,0.0
5112,0.0
5113,0.0
5114,0.0
5115,0.0
5116,0.0
5117,0.0
5118,0.06301
5119,0.2396
5120,0.43109
5121,0.5731
5122,0.66642
5123,0.7034400000000001
5124,0.67213
5125,0.61326
5126,0.51112
5127,0.34863
5128,0.15728999999999999
5129,0.018949999999999998
5130,0.0
5131,0.0
5132,0.0
5133,0.0
5134,0.0
5135,0.0
5136,0.0
5137,0.0
5138,0.0
5139,0.0
5140,0.0
5141,0.0
5142,0.05323
5143,0.22363999999999998
5144,0.40723000000000004
5145,0.5165599999999999
5146,0.62627
5147,0.65788
5148,0.63459
5149,0.57829
5150,0.42498
5151,0.28384
5152,0.13498
5153,0.02983
5154,0.0
5155,0.0
5156,0.0
5157,0.0
5158,0.0
5159,0.0
5160,0.0
5161,0.0
5162,0.0
5163,0.0
5164,0.0
5165,0.0
5166,0.054090000000000006
5167,0.20740999999999998
5168,0.3456
5169,0.49422000000000005
5170,0.57587
5171,0.6195499999999999
5172,0.6324
5173,0.51965
5174,0.41526
5175,0.25453
5176,0.09237999999999999
5177,0.01941
5178,0.0
5179,0.0
5180,0.0
5181,0.0
5182,0.0
5183,0.0
5184,0.0
5185,0.0
5186,0.0
5187,0.0
5188,0.0
5189,0.0
5190,0.05074
5191,0.18228
5192,0.31768
5193,0.45764
5194,0.57072
5195,0.63514
5196,0.632
5197,0.5352899999999999
5198,0.4377
5199,0.24039
5200,0.1067
5201,0.01783
5202,0.0
5203,0.0
5204,0.0
5205,0.0
5206,0.0
5207,0.0
5208,0.0
5209,0.0
5210,0.0
5211,0.0
5212,0.0
5213,0.0
5214,0.04782
5215,0.20314
5216,0.3568
5217,0.53374
5218,0.6061599999999999
5219,0.66907
5220,0.62186
5221,0.50888
5222,0.36888
5223,0.23601
5224,0.08989
5225,0.019510000000000003
5226,0.0
5227,0.0
5228,0.0
5229,0.0
5230,0.0
5231,0.0
5232,0.0
5233,0.0
5234,0.0
5235,0.0
5236,0.0
5237,0.0
5238,0.05757
5239,0.24327000000000001
5240,0.41652999999999996
5241,0.55008
5242,0.62706
5243,0.6442899999999999
5244,0.6504099999999999
5245,0.51866
5246,0.33895
5247,0.30065
5248,0.13644
5249,0.01791
5250,0.0
5251,0.0
5252,0.0
5253,0.0
5254,0.0
5255,0.0
5256,0.0
5257,0.0
5258,0.0
5259,0.0
5260,0.0
5261,0.0
5262,0.061649999999999996
5263,0.24233000000000002
5264,0.41145
5265,0.5461900000000001
5266,0.6300399999999999
5267,0.67214
5268,0.67331
5269,0.60598
5270,0.45713
5271,0.31459
5272,0.12765
5273,0.02078
5274,0.0
5275,0.0
5276,0.0
5277,0.0
5278,0.0
5279,0.0
5280,0.0
5281,0.0
5282,0.0
5283,0.0
5284,0.0
5285,0.0
5286,0.05294
5287,0.21606
5288,0.37959
5289,0.52501
5290,0.58751
5291,0.61458
5292,0.66673
5293,0.59774
5294,0.4686
5295,0.28904
5296,0.13775
5297,0.02558
5298,0.0
5299,0.0
5300,0.0
5301,0.0
5302,0.0
5303,0.0
5304,0.0
5305,0.0
5306,0.0
5307,0.0
5308,0.0
5309,0.0
5310,0.06228
5311,0.2503
5312,0.40863
5313,0.5715399999999999
5314,0.65863
5315,0.70936
5316,0.66937
5317,0.62751
5318,0.50182
5319,0.28252
5320,0.14812
5321,0.019489999999999997
5322,0.0
5323,0.0
5324,0.0
5325,0.0
5326,0.0
5327,0.0
5328,0.0
5329,0.0
5330,0.0
5331,0.0
5332,0.0
5333,0.0
5334,0.06232
5335,0.24984
5336,0.41823
5337,0.53884
5338,0.64125
5339,0.68892
5340,0.67416
5341,0.5453300000000001
5342,0.46595
5343,0.30882
5344,0.13011
5345,0.01492
5346,0.0
5347,0.0
5348,0.0
5349,0.0
5350,0.0
5351,0.0
5352,0.0
5353,0.0
5354,0.0
5355,0.0
5356,0.0
5357,0.0
5358,0.0574
5359,0.23317
5360,0.4042
5361,0.54501
5362,0.63642
5363,0.6674800000000001
5364,0.6575700000000001
5365,0.526
5366,0.50145
5367,0.31283999999999995
5368,0.13416
5369,0.01758
5370,0.0
5371,0.0
5372,0.0
5373,0.0
5374,0.0
5375,0.0
5376,0.0
5377,0.0
5378,0.0
5379,0.0
5380,0.0
5381,0.0
5382,0.06396
5383,0.25880000000000003
5384,0.43195999999999996
5385,0.57953
5386,0.6692100000000001
5387,0.7084900000000001
5388,0.69808
5389,0.62302
5390,0.49685
5391,0.31833999999999996
5392,0.13637
5393,0.02194
5394,0.0
5395,0.0
5396,0.0
5397,0.0
5398,0.0
5399,0.0
5400,0.0
5401,0.0
5402,0.0
5403,0.0
5404,0.0
5405,0.0
5406,0.05325
5407,0.23393
5408,0.37783
5409,0.48078
5410,0.56009
5411,0.63722
5412,0.6119
5413,0.46563
5414,0.35646
5415,0.23008
5416,0.08940000000000001
5417,0.01948
5418,0.0
5419,0.0
5420,0.0
5421,0.0
5422,0.0
5423,0.0
5424,0.0
5425,0.0
5426,0.0
5427,0.0
5428,0.0
5429,0.0
5430,0.05904
5431,0.2284
5432,0.38996
5433,0.45348
5434,0.59656
5435,0.63197
5436,0.6136900000000001
5437,0.46262000000000003
5438,0.35517000000000004
5439,0.15444
5440,0.05674
5441,0.013810000000000001
5442,0.0
5443,0.0
5444,0.0
5445,0.0
5446,0.0
5447,0.0
5448,0.0
5449,0.0
5450,0.0
5451,0.0
5452,0.0
5453,0.0
5454,0.00786
5455,0.06078
5456,0.16140000000000002
5457,0.24581
5458,0.29923
5459,0.37901999999999997
5460,0.39277
5461,0.34014999999999995
5462,0.35722000000000004
5463,0.21602000000000002
5464,0.09434999999999999
5465,0.01679
5466,0.0
5467,0.0
5468,0.0
5469,0.0
5470,0.0
5471,0.0
5472,0.0
5473,0.0
5474,0.0
5475,0.0
5476,0.0
5477,0.0
5478,0.05509
5479,0.22765000000000002
5480,0.3999
5481,0.51555
5482,0.5754199999999999
5483,0.64264
5484,0.58161
5485,0.54307
5486,0.46288999999999997
5487,0.29867
5488,0.13391
5489,0.01814
5490,0.0
5491,0.0
5492,0.0
5493,0.0
5494,0.0
5495,0.0
5496,0.0
5497,0.0
5498,0.0
5499,0.0
5500,0.0
5501,0.0
5502,0.03272
5503,0.14189
5504,0.30392
5505,0.33069
5506,0.4322
5507,0.47201
5508,0.50347
5509,0.5504600000000001
5510,0.40051
5511,0.24847999999999998
5512,0.0988
5513,0.02132
5514,0.0
5515,0.0
5516,0.0
5517,0.0
5518,0.0
5519,0.0
5520,0.0
5521,0.0
5522,0.0
5523,0.0
5524,0.0
5525,0.0
5526,0.07045
5527,0.26738999999999996
5528,0.44876
5529,0.55872
5530,0.68132
5531,0.69408
5532,0.67677
5533,0.5974700000000001
5534,0.47502
5535,0.27970999999999996
5536,0.13619
5537,0.01494
5538,0.0
5539,0.0
5540,0.0
5541,0.0
5542,0.0
5543,0.0
5544,0.0
5545,0.0
5546,0.0
5547,0.0
5548,0.0
5549,0.0
5550,0.06408
5551,0.23940999999999998
5552,0.40367000000000003
5553,0.5320199999999999
5554,0.65797
5555,0.66901
5556,0.65595
5557,0.55524
5558,0.44802
5559,0.28306
5560,0.13638999999999998
5561,0.01401
5562,0.0
5563,0.0
5564,0.0
5565,0.0
5566,0.0
5567,0.0
5568,0.0
5569,0.0
5570,0.0
5571,0.0
5572,0.0
5573,0.0
5574,0.0702
5575,0.26917
5576,0.45682
5577,0.5860700000000001
5578,0.69698
5579,0.72102
5580,0.71312
5581,0.63693
5582,0.49036
5583,0.33177999999999996
5584,0.15787
5585,0.01207
5586,0.0
5587,0.0
5588,0.0
5589,0.0
5590,0.0
5591,0.0
5592,0.0
5593,0.0
5594,0.0
5595,0.0
5596,0.0
5597,0.0
5598,0.05837
5599,0.22913999999999998
5600,0.37416000000000005
5601,0.54314
5602,0.66691
5603,0.7108099999999999
5604,0.68841
5605,0.6329199999999999
5606,0.46992
5607,0.34357
5608,0.15484
5609,0.01447
5610,0.0
5611,0.0
5612,0.0
5613,0.0
5614,0.0
5615,0.0
5616,0.0
5617,0.0
5618,0.0
5619,0.0
5620,0.0
5621,0.0
5622,0.06362
5623,0.22241999999999998
5624,0.38008
5625,0.56448
5626,0.62473
5627,0.62786
5628,0.628
5629,0.5595800000000001
5630,0.37188
5631,0.19855
5632,0.08906
5633,0.02112
5634,0.0
5635,0.0
5636,0.0
5637,0.0
5638,0.0
5639,0.0
5640,0.0
5641,0.0
5642,0.0
5643,0.0
5644,0.0
5645,0.0
5646,0.07189
5647,0.26217
5648,0.44201
5649,0.5809099999999999
5650,0.6737799999999999
5651,0.68637
5652,0.66907
5653,0.61672
5654,0.46720999999999996
5655,0.27662
5656,0.1263
5657,0.01209
5658,0.0
5659,0.0
5660,0.0
5661,0.0
5662,0.0
5663,0.0
5664,0.0
5665,0.0
5666,0.0
5667,0.0
5668,0.0
5669,0.0
5670,0.07515999999999999
5671,0.24456999999999998
5672,0.43383
5673,0.58504
5674,0.67832
5675,0.7018
5676,0.70496
5677,0.6245599999999999
5678,0.44874
5679,0.28737
5680,0.13452
5681,0.01071
5682,0.0
5683,0.0
5684,0.0
5685,0.0
5686,0.0
5687,0.0
5688,0.0
5689,0.0
5690,0.0
5691,0.0
5692,0.0
5693,0.0
5694,0.07496
5695,0.27063
5696,0.42888
5697,0.57697
5698,0.6711699999999999
5699,0.6894199999999999
5700,0.7072200000000001
5701,0.62375
5702,0.50473
5703,0.30649
5704,0.13553
5705,0.01439
5706,0.0
5707,0.0
5708,0.0
5709,0.0
5710,0.0
5711,0.0
5712,0.0
5713,0.0
5714,0.0
5715,0.0
5716,0.0
5717,0.0
5718,0.07581
5719,0.26864
5720,0.4293
5721,0.5788
5722,0.67225
5723,0.72394
5724,0.71424
5725,0.64483
5726,0.52081
5727,0.33705
5728,0.15606
5729,0.01123
5730,0.0
5731,0.0
5732,0.0
5733,0.0
5734,0.0
5735,0.0
5736,0.0
5737,0.0
5738,0.0
5739,0.0
5740,0.0
5741,0.0
5742,0.06112
5743,0.22519
5744,0.44492000000000004
5745,0.43916000000000005
5746,0.59048
5747,0.6567000000000001
5748,0.6633
5749,0.55095
5750,0.41262
5751,0.25119
5752,0.09268000000000001
5753,0.0157
5754,0.0
5755,0.0
5756,0.0
5757,0.0
5758,0.0
5759,0.0
5760,0.0
5761,0.0
5762,0.0
5763,0.0
5764,0.0
5765,0.0
5766,0.05915
5767,0.23587
5768,0.42252999999999996
5769,0.5854600000000001
5770,0.64019
5771,0.64679
5772,0.6448400000000001
5773,0.55363
5774,0.40396
5775,0.21747999999999998
5776,0.09858
5777,0.01182
5778,0.0
5779,0.0
5780,0.0
5781,0.0
5782,0.0
5783,0.0
5784,0.0
5785,0.0
5786,0.0
5787,0.0
5788,0.0
5789,0.0
5790,0.0691
5791,0.27076
5792,0.45099
5793,0.5771900000000001
5794,0.66508
5795,0.7077899999999999
5796,0.68514
5797,0.61973
5798,0.46846
5799,0.31488
5800,0.15028999999999998
5801,0.00848
5802,0.0
5803,0.0
5804,0.0
5805,0.0
5806,0.0
5807,0.0
5808,0.0
5809,0.0
5810,0.0
5811,0.0
5812,0.0
5813,0.0
5814,0.07661
5815,0.2358
5816,0.43273
5817,0.5875
5818,0.65331
5819,0.69531
5820,0.68301
5821,0.6398400000000001
5822,0.4725
5823,0.35128
5824,0.15043
5825,0.009630000000000001
5826,0.0
5827,0.0
5828,0.0
5829,0.0
5830,0.0
5831,0.0
5832,0.0
5833,0.0
5834,0.0
5835,0.0
5836,0.0
5837,0.0
5838,0.07255
5839,0.21159999999999998
5840,0.39126
5841,0.55732
5842,0.65914
5843,0.67337
5844,0.63648
5845,0.6207
5846,0.45313
5847,0.27491000000000004
5848,0.12523
5849,0.01082
5850,0.0
5851,0.0
5852,0.0
5853,0.0
5854,0.0
5855,0.0
5856,0.0
5857,0.0
5858,0.0
5859,0.0
5860,0.0
5861,0.0
5862,0.04965
5863,0.23087
5864,0.37487
5865,0.47731999999999997
5866,0.56955
5867,0.6759700000000001
5868,0.63709
5869,0.62215
5870,0.49725
5871,0.28325
5872,0.11409
5873,0.01332
5874,0.0
5875,0.0
5876,0.0
5877,0.0
5878,0.0
5879,0.0
5880,0.0
5881,0.0
5882,0.0
5883,0.0
5884,0.0
5885,0.0
5886,0.05905
5887,0.19374
5888,0.34922000000000003
5889,0.51227
5890,0.58461
5891,0.65273
5892,0.58828
5893,0.59202
5894,0.42057
5895,0.26171
5896,0.11971
5897,0.016149999999999998
5898,0.0
5899,0.0
5900,0.0
5901,0.0
5902,0.0
5903,0.0
5904,0.0
5905,0.0
5906,0.0
5907,0.0
5908,0.0
5909,0.0
5910,0.07336
5911,0.28232999999999997
5912,0.46243
5913,0.5850700000000001
5914,0.67212
5915,0.6804600000000001
5916,0.66325
5917,0.50328
5918,0.38451
5919,0.15003
5920,0.08947
5921,0.014070000000000001
5922,0.0
5923,0.0
5924,0.0
5925,0.0
5926,0.0
5927,0.0
5928,0.0
5929,0.0
5930,0.0
5931,0.0
5932,0.0
5933,0.0
5934,0.05818
5935,0.1998
5936,0.38788
5937,0.52266
5938,0.53826
5939,0.64285
5940,0.65746
5941,0.50336
5942,0.42948000000000003
5943,0.25886000000000003
5944,0.11362
5945,0.01129
5946,0.0
5947,0.0
5948,0.0
5949,0.0
5950,0.0
5951,0.0
5952,0.0
5953,0.0
5954,0.0
5955,0.0
5956,0.0
5957,0.0
5958,0.05735
5959,0.24149
5960,0.38245
5961,0.48341
5962,0.51749
5963,0.7139500000000001
5964,0.64588
5965,0.5365800000000001
5966,0.41631999999999997
5967,0.19973
5968,0.06548999999999999
5969,0.00598
5970,0.0
5971,0.0
5972,0.0
5973,0.0
5974,0.0
5975,0.0
5976,0.0
5977,0.0
5978,0.0
5979,0.0
5980,0.0
5981,0.0
5982,0.07673
5983,0.26848
5984,0.41639
5985,0.58697
5986,0.6712100000000001
5987,0.68343
5988,0.66474
5989,0.61998
5990,0.46044999999999997
5991,0.30747
5992,0.10978
5993,0.00835
5994,0.0
5995,0.0
5996,0.0
5997,0.0
5998,0.0
5999,0.0
6000,0.0
6001,0.0
6002,0.0
6003,0.0
6004,0.0
6005,0.0
6006,0.08628
6007,0.2872
6008,0.46081
6009,0.59324
6010,0.66688
6011,0.69637
6012,0.59872
6013,0.5829099999999999
6014,0.46973000000000004
6015,0.28363
6016,0.10976999999999999
6017,0.006690000000000001
6018,0.0
6019,0.0
6020,0.0
6021,0.0
6022,0.0
6023,0.0
6024,0.0
6025,0.0
6026,0.0
6027,0.0
6028,0.0
6029,0.0
6030,0.06689
6031,0.26155
6032,0.44212
6033,0.5928300000000001
6034,0.67355
6035,0.72654
6036,0.64851
6037,0.6375
6038,0.49506
6039,0.2742
6040,0.08644
6041,0.0063
6042,0.0
6043,0.0
6044,0.0
6045,0.0
6046,0.0
6047,0.0
6048,0.0
6049,0.0
6050,0.0
6051,0.0
6052,0.0
6053,0.0
6054,0.06785
6055,0.26006
6056,0.45796
6057,0.5976699999999999
6058,0.70999
6059,0.73526
6060,0.71634
6061,0.6336900000000001
6062,0.48511000000000004
6063,0.30168
6064,0.13552
6065,0.00645
6066,0.0
6067,0.0
6068,0.0
6069,0.0
6070,0.0
6071,0.0
6072,0.0
6073,0.0
6074,0.0
6075,0.0
6076,0.0
6077,0.0
6078,0.07679000000000001
6079,0.27420999999999995
6080,0.46297000000000005
6081,0.59181
6082,0.66222
6083,0.74125
6084,0.681
6085,0.62154
6086,0.49487000000000003
6087,0.33647000000000005
6088,0.14443
6089,0.0039
6090,0.0
6091,0.0
6092,0.0
6093,0.0
6094,0.0
6095,0.0
6096,0.0
6097,0.0
6098,0.0
6099,0.0
6100,0.0
6101,0.0
6102,0.0519
6103,0.20112
6104,0.33787
6105,0.52539
6106,0.60229
6107,0.57752
6108,0.57628
6109,0.4461
6110,0.31141
6111,0.16432
6112,0.06366
6113,0.00664
6114,0.0
6115,0.0
6116,0.0
6117,0.0
6118,0.0
6119,0.0
6120,0.0
6121,0.0
6122,0.0
6123,0.0
6124,0.0
6125,0.0
6126,0.0559
6127,0.21417
6128,0.40001
6129,0.50885
6130,0.6214
6131,0.58804
6132,0.59605
6133,0.42944
6134,0.28925
6135,0.20218
6136,0.10023
6137,0.01018
6138,0.0
6139,0.0
6140,0.0
6141,0.0
6142,0.0
6143,0.0
6144,0.0
6145,0.0
6146,0.0
6147,0.0
6148,0.0
6149,0.0
6150,0.06731000000000001
6151,0.26575
6152,0.45851
6153,0.59596
6154,0.68729
6155,0.69512
6156,0.68567
6157,0.5618
6158,0.45021
6159,0.30011
6160,0.08635
6161,0.0035600000000000002
6162,0.0
6163,0.0
6164,0.0
6165,0.0
6166,0.0
6167,0.0
6168,0.0
6169,0.0
6170,0.0
6171,0.0
6172,0.0
6173,0.0
6174,0.07983
6175,0.23579
6176,0.44339999999999996
6177,0.59401
6178,0.71141
6179,0.7249500000000001
6180,0.70896
6181,0.6429400000000001
6182,0.49409
6183,0.30087
6184,0.12963999999999998
6185,0.00211
6186,0.0
6187,0.0
6188,0.0
6189,0.0
6190,0.0
6191,0.0
6192,0.0
6193,0.0
6194,0.0
6195,0.0
6196,0.0
6197,0.0
6198,0.07739
6199,0.19977
6200,0.40104
6201,0.5485800000000001
6202,0.63037
6203,0.67471
6204,0.65444
6205,0.53338
6206,0.45256
6207,0.23461
6208,0.07729000000000001
6209,0.00487
6210,0.0
6211,0.0
6212,0.0
6213,0.0
6214,0.0
6215,0.0
6216,0.0
6217,0.0
6218,0.0
6219,0.0
6220,0.0
6221,0.0
6222,0.08069
6223,0.29102
6224,0.48083
6225,0.6056900000000001
6226,0.6817000000000001
6227,0.7072
6228,0.71239
6229,0.5887100000000001
6230,0.41034
6231,0.21323
6232,0.08297
6233,0.0066
6234,0.0
6235,0.0
6236,0.0
6237,0.0
6238,0.0
6239,0.0
6240,0.0
6241,0.0
6242,0.0
6243,0.0
6244,0.0
6245,0.0
6246,0.066
6247,0.26074
6248,0.43277
6249,0.51536
6250,0.55403
6251,0.59951
6252,0.552
6253,0.55648
6254,0.4229
6255,0.24972999999999998
6256,0.113
6257,0.00385
6258,0.0
6259,0.0
6260,0.0
6261,0.0
6262,0.0
6263,0.0
6264,0.0
6265,0.0
6266,0.0
6267,0.0
6268,0.0
6269,0.0
6270,0.053380000000000004
6271,0.16319
6272,0.27976999999999996
6273,0.42244
6274,0.45216
6275,0.5404500000000001
6276,0.5237200000000001
6277,0.38142000000000004
6278,0.34598
6279,0.22005000000000002
6280,0.09414
6281,0.00663
6282,0.0
6283,0.0
6284,0.0
6285,0.0
6286,0.0
6287,0.0
6288,0.0
6289,0.0
6290,0.0
6291,0.0
6292,0.0
6293,0.0
6294,0.01411
6295,0.07797
6296,0.19324000000000002
6297,0.18502000000000002
6298,0.14134
6299,0.14113
6300,0.13938
6301,0.33615
6302,0.26946
6303,0.19453
6304,0.07341
6305,0.006549999999999999
6306,0.0
6307,0.0
6308,0.0
6309,0.0
6310,0.0
6311,0.0
6312,0.0
6313,0.0
6314,0.0
6315,0.0
6316,0.0
6317,0.0
6318,0.07558
6319,0.20104
6320,0.31766
6321,0.47102
6322,0.55947
6323,0.40522
6324,0.42304
6325,0.44356
6326,0.22644
6327,0.13338999999999998
6328,0.061829999999999996
6329,0.004019999999999999
6330,0.0
6331,0.0
6332,0.0
6333,0.0
6334,0.0
6335,0.0
6336,0.0
6337,0.0
6338,0.0
6339,0.0
6340,0.0
6341,0.0
6342,0.048369999999999996
6343,0.17655
6344,0.32894999999999996
6345,0.55529
6346,0.6198899999999999
6347,0.64418
6348,0.55943
6349,0.50736
6350,0.30819
6351,0.20762
6352,0.09501000000000001
6353,0.00262
6354,0.0
6355,0.0
6356,0.0
6357,0.0
6358,0.0
6359,0.0
6360,0.0
6361,0.0
6362,0.0
6363,0.0
6364,0.0
6365,0.0
6366,0.08522
6367,0.25535
6368,0.3485
6369,0.5324500000000001
6370,0.5482
6371,0.4833
6372,0.32885000000000003
6373,0.48181
6374,0.25892000000000004
6375,0.19813999999999998
6376,0.10093
6377,0.0052699999999999995
6378,0.0
6379,0.0
6380,0.0
6381,0.0
6382,0.0
6383,0.0
6384,0.0
6385,0.0
6386,0.0
6387,0.0
6388,0.0
6389,0.0
6390,0.05042
6391,0.25668
6392,0.4456
6393,0.57675
6394,0.64743
6395,0.67171
6396,0.59787
6397,0.54257
6398,0.36773
6399,0.20088
6400,0.05253
6401,0.00408
6402,0.0
6403,0.0
6404,0.0
6405,0.0
6406,0.0
6407,0.0
6408,0.0
6409,0.0
6410,0.0
6411,0.0
6412,0.0
6413,0.0
6414,0.08429
6415,0.27676
6416,0.44349
6417,0.577
6418,0.62893
6419,0.6058
6420,0.53652
6421,0.50578
6422,0.35917
6423,0.16107
6424,0.062130000000000005
6425,0.0025800000000000003
6426,0.0
6427,0.0
6428,0.0
6429,0.0
6430,0.0
6431,0.0
6432,0.0
6433,0.0
6434,0.0
6435,0.0
6436,0.0
6437,0.0
6438,0.09851
6439,0.26283
6440,0.41844
6441,0.51606
6442,0.5593899999999999
6443,0.6903400000000001
6444,0.6572
6445,0.54613
6446,0.44979
6447,0.22838999999999998
6448,0.08061
6449,0.00327
6450,0.0
6451,0.0
6452,0.0
6453,0.0
6454,0.0
6455,0.0
6456,0.0
6457,0.0
6458,0.0
6459,0.0
6460,0.0
6461,0.0
6462,0.060579999999999995
6463,0.24294
6464,0.45881
6465,0.59482
6466,0.67787
6467,0.6842999999999999
6468,0.68953
6469,0.576
6470,0.4348
6471,0.23721
6472,0.10133
6473,0.0044
6474,0.0
6475,0.0
6476,0.0
6477,0.0
6478,0.0
6479,0.0
6480,0.0
6481,0.0
6482,0.0
6483,0.0
6484,0.0
6485,0.0
6486,0.09627
6487,0.26594
6488,0.46223000000000003
6489,0.62613
6490,0.732
6491,0.7474700000000001
6492,0.70329
6493,0.65832
6494,0.50807
6495,0.33881
6496,0.12695
6497,0.00328
6498,0.0
6499,0.0
6500,0.0
6501,0.0
6502,0.0
6503,0.0
6504,0.0
6505,0.0
6506,0.0
6507,0.0
6508,0.0
6509,0.0
6510,0.09503
6511,0.29119
6512,0.43842000000000003
6513,0.5883400000000001
6514,0.63179
6515,0.68555
6516,0.67459
6517,0.57535
6518,0.46678
6519,0.31149
6520,0.11273000000000001
6521,0.00536
6522,0.0
6523,0.0
6524,0.0
6525,0.0
6526,0.0
6527,0.0
6528,0.0
6529,0.0
6530,0.0
6531,0.0
6532,0.0
6533,0.0
6534,0.07669
6535,0.22509
6536,0.36234
6537,0.52846
6538,0.56747
6539,0.58254
6540,0.57526
6541,0.44429
6542,0.29873
6543,0.10021
6544,0.03516
6545,0.00412
6546,0.0
6547,0.0
6548,0.0
6549,0.0
6550,0.0
6551,0.0
6552,0.0
6553,0.0
6554,0.0
6555,0.0
6556,0.0
6557,0.0
6558,0.06754
6559,0.22294999999999998
6560,0.42434
6561,0.50969
6562,0.61237
6563,0.6073500000000001
6564,0.60297
6565,0.4669
6566,0.30713
6567,0.17746
6568,0.05465999999999999
6569,0.0031
6570,0.0
6571,0.0
6572,0.0
6573,0.0
6574,0.0
6575,0.0
6576,0.0
6577,0.0
6578,0.0
6579,0.0
6580,0.0
6581,0.0
6582,0.07487
6583,0.26742
6584,0.42998000000000003
6585,0.5619299999999999
6586,0.61241
6587,0.63405
6588,0.60651
6589,0.5072099999999999
6590,0.35151
6591,0.18299
6592,0.07161
6593,0.0041600000000000005
6594,0.0
6595,0.0
6596,0.0
6597,0.0
6598,0.0
6599,0.0
6600,0.0
6601,0.0
6602,0.0
6603,0.0
6604,0.0
6605,0.0
6606,0.08381
6607,0.28086
6608,0.45607
6609,0.49845999999999996
6610,0.62436
6611,0.6821900000000001
6612,0.69126
6613,0.6153200000000001
6614,0.50293
6615,0.28543
6616,0.11495
6617,0.0022299999999999998
6618,0.0
6619,0.0
6620,0.0
6621,0.0
6622,0.0
6623,0.0
6624,0.0
6625,0.0
6626,0.0
6627,0.0
6628,0.0
6629,0.0
6630,0.09720999999999999
6631,0.3128
6632,0.48352999999999996
6633,0.62893
6634,0.69563
6635,0.68984
6636,0.6860299999999999
6637,0.6174700000000001
6638,0.46652
6639,0.28833
6640,0.10222
6641,0.00158
6642,0.0
6643,0.0
6644,0.0
6645,0.0
6646,0.0
6647,0.0
6648,0.0
6649,0.0
6650,0.0
6651,0.0
6652,0.0
6653,0.0
6654,0.06806999999999999
6655,0.2841
6656,0.45206999999999997
6657,0.5431900000000001
6658,0.68331
6659,0.69072
6660,0.68812
6661,0.58639
6662,0.42557999999999996
6663,0.26491000000000003
6664,0.10403
6665,0.00249
6666,0.0
6667,0.0
6668,0.0
6669,0.0
6670,0.0
6671,0.0
6672,0.0
6673,0.0
6674,0.0
6675,0.0
6676,0.0
6677,0.0
6678,0.09815
6679,0.31949
6680,0.47704
6681,0.5978600000000001
6682,0.6778
6683,0.6730499999999999
6684,0.6710499999999999
6685,0.59481
6686,0.42586
6687,0.27928
6688,0.09065000000000001
6689,0.00176
6690,0.0
6691,0.0
6692,0.0
6693,0.0
6694,0.0
6695,0.0
6696,0.0
6697,0.0
6698,0.0
6699,0.0
6700,0.0
6701,0.0
6702,0.09368000000000001
6703,0.29662
6704,0.47542
6705,0.6409
6706,0.63452
6707,0.75817
6708,0.7234299999999999
6709,0.63314
6710,0.44723
6711,0.30386
6712,0.1102
6713,0.00125
6714,0.0
6715,0.0
6716,0.0
6717,0.0
6718,0.0
6719,0.0
6720,0.0
6721,0.0
6722,0.0
6723,0.0
6724,0.0
6725,0.0
6726,0.09061
6727,0.28439
6728,0.45955
6729,0.59936
6730,0.62706
6731,0.64485
6732,0.64142
6733,0.5717000000000001
6734,0.41644
6735,0.23872
6736,0.08070999999999999
6737,0.0031
6738,0.0
6739,0.0
6740,0.0
6741,0.0
6742,0.0
6743,0.0
6744,0.0
6745,0.0
6746,0.0
6747,0.0
6748,0.0
6749,0.0
6750,0.09053
6751,0.29017000000000004
6752,0.37788
6753,0.53642
6754,0.57343
6755,0.62272
6756,0.46808999999999995
6757,0.31793
6758,0.09996
6759,0.07453
6760,0.03144
6761,0.0
6762,0.0
6763,0.0
6764,0.0
6765,0.0
6766,0.0
6767,0.0
6768,0.0
6769,0.0
6770,0.0
6771,0.0
6772,0.0
6773,0.0
6774,0.06379
6775,0.23105
6776,0.32702
6777,0.40658999999999995
6778,0.5591499999999999
6779,0.52032
6780,0.5671
6781,0.41326
6782,0.22306
6783,0.07432
6784,0.01722
6785,0.0
6786,0.0
6787,0.0
6788,0.0
6789,0.0
6790,0.0
6791,0.0
6792,0.0
6793,0.0
6794,0.0
6795,0.0
6796,0.0
6797,0.0
6798,0.044020000000000004
6799,0.13043000000000002
6800,0.21367
6801,0.38345999999999997
6802,0.48597
6803,0.49475
6804,0.51279
6805,0.30197
6806,0.25288
6807,0.14754
6808,0.055060000000000005
6809,0.00148
6810,0.0
6811,0.0
6812,0.0
6813,0.0
6814,0.0
6815,0.0
6816,0.0
6817,0.0
6818,0.0
6819,0.0
6820,0.0
6821,0.0
6822,0.03828
6823,0.1138
6824,0.19366
6825,0.26871
6826,0.40332
6827,0.47116
6828,0.4676
6829,0.34594
6830,0.24634999999999999
6831,0.14965
6832,0.06384000000000001
6833,0.00065
6834,0.0
6835,0.0
6836,0.0
6837,0.0
6838,0.0
6839,0.0
6840,0.0
6841,0.0
6842,0.0
6843,0.0
6844,0.0
6845,0.0
6846,0.07029
6847,0.26841000000000004
6848,0.40454
6849,0.48397
6850,0.56371
6851,0.56713
6852,0.5227
6853,0.41806
6854,0.34761000000000003
6855,0.19647
6856,0.04968
6857,0.00122
6858,0.0
6859,0.0
6860,0.0
6861,0.0
6862,0.0
6863,0.0
6864,0.0
6865,0.0
6866,0.0
6867,0.0
6868,0.0
6869,0.0
6870,0.0886
6871,0.28313
6872,0.44401
6873,0.5408
6874,0.62297
6875,0.64085
6876,0.62314
6877,0.45137
6878,0.37162
6879,0.2058
6880,0.06639
6881,0.0015
6882,0.0
6883,0.0
6884,0.0
6885,0.0
6886,0.0
6887,0.0
6888,0.0
6889,0.0
6890,0.0
6891,0.0
6892,0.0
6893,0.0
6894,0.11233
6895,0.31876
6896,0.47907
6897,0.63019
6898,0.66171
6899,0.75
6900,0.72321
6901,0.625
6902,0.48769999999999997
6903,0.30101999999999995
6904,0.09723000000000001
6905,0.0
6906,0.0
6907,0.0
6908,0.0
6909,0.0
6910,0.0
6911,0.0
6912,0.0
6913,0.0
6914,0.0
6915,0.0
6916,0.0
6917,0.0
6918,0.09426000000000001
6919,0.30744
6920,0.46584
6921,0.60561
6922,0.65536
6923,0.6285
6924,0.59873
6925,0.42757999999999996
6926,0.27705
6927,0.12626
6928,0.03182
6929,0.0
6930,0.0
6931,0.0
6932,0.0
6933,0.0
6934,0.0
6935,0.0
6936,0.0
6937,0.0
6938,0.0
6939,0.0
6940,0.0
6941,0.0
6942,0.05489
6943,0.22682
6944,0.43377
6945,0.54539
6946,0.6412899999999999
6947,0.64118
6948,0.61073
6949,0.5530499999999999
6950,0.41764999999999997
6951,0.27049
6952,0.08209000000000001
6953,0.0
6954,0.0
6955,0.0
6956,0.0
6957,0.0
6958,0.0
6959,0.0
6960,0.0
6961,0.0
6962,0.0
6963,0.0
6964,0.0
6965,0.0
6966,0.07452
6967,0.25456
6968,0.41208
6969,0.5076499999999999
6970,0.64112
6971,0.61703
6972,0.58657
6973,0.5219400000000001
6974,0.41072000000000003
6975,0.26272
6976,0.09770000000000001
6977,0.0
6978,0.0
6979,0.0
6980,0.0
6981,0.0
6982,0.0
6983,0.0
6984,0.0
6985,0.0
6986,0.0
6987,0.0
6988,0.0
6989,0.0
6990,0.03394
6991,0.17186
6992,0.43916000000000005
6993,0.53404
6994,0.62702
6995,0.70508
6996,0.6393300000000001
6997,0.45951
6998,0.23871
6999,0.16509000000000001
7000,0.03843
7001,0.0
7002,0.0
7003,0.0
7004,0.0
7005,0.0
7006,0.0
7007,0.0
7008,0.0
7009,0.0
7010,0.0
7011,0.0
7012,0.0
7013,0.0
7014,0.07301
7015,0.26936
7016,0.38717
7017,0.56277
7018,0.5525800000000001
7019,0.49829
7020,0.40661
7021,0.55992
7022,0.4198
7023,0.22763999999999998
7024,0.08422
7025,0.0
7026,0.0
7027,0.0
7028,0.0
7029,0.0
7030,0.0
7031,0.0
7032,0.0
7033,0.0
7034,0.0
7035,0.0
7036,0.0
7037,0.0
7038,0.06520000000000001
7039,0.19723
7040,0.36325
7041,0.50098
7042,0.56416
7043,0.58627
7044,0.53961
7045,0.5115500000000001
7046,0.39675
7047,0.20532
7048,0.0332
7049,0.0
7050,0.0
7051,0.0
7052,0.0
7053,0.0
7054,0.0
7055,0.0
7056,0.0
7057,0.0
7058,0.0
7059,0.0
7060,0.0
7061,0.0
7062,0.07386
7063,0.26714
7064,0.40528
7065,0.55779
7066,0.60261
7067,0.67432
7068,0.58715
7069,0.53484
7070,0.34982
7071,0.16724
7072,0.06588
7073,0.0
7074,0.0
7075,0.0
7076,0.0
7077,0.0
7078,0.0
7079,0.0
7080,0.0
7081,0.0
7082,0.0
7083,0.0
7084,0.0
7085,0.0
7086,0.10365
7087,0.28463
7088,0.4618
7089,0.61081
7090,0.6551699999999999
7091,0.69147
7092,0.64995
7093,0.53915
7094,0.38035
7095,0.27243
7096,0.07640000000000001
7097,0.0
7098,0.0
7099,0.0
7100,0.0
7101,0.0
7102,0.0
7103,0.0
7104,0.0
7105,0.0
7106,0.0
7107,0.0
7108,0.0
7109,0.0
7110,0.08881
7111,0.25216
7112,0.39348
7113,0.52649
7114,0.62789
7115,0.57398
7116,0.54389
7117,0.37609
7118,0.23066
7119,0.10518000000000001
7120,0.02411
7121,0.0
7122,0.0
7123,0.0
7124,0.0
7125,0.0
7126,0.0
7127,0.0
7128,0.0
7129,0.0
7130,0.0
7131,0.0
7132,0.0
7133,0.0
7134,0.04448
7135,0.16896
7136,0.32194
7137,0.48856
7138,0.56928
7139,0.48311000000000004
7140,0.5363
7141,0.40720999999999996
7142,0.25341
7143,0.13904
7144,0.03778
7145,0.0
7146,0.0
7147,0.0
7148,0.0
7149,0.0
7150,0.0
7151,0.0
7152,0.0
7153,0.0
7154,0.0
7155,0.0
7156,0.0
7157,0.0
7158,0.06615
7159,0.19513999999999998
7160,0.35174
7161,0.51363
7162,0.62683
7163,0.62986
7164,0.6678200000000001
7165,0.45426
7166,0.41908
7167,0.26663
7168,0.07856
7169,0.0
7170,0.0
7171,0.0
7172,0.0
7173,0.0
7174,0.0
7175,0.0
7176,0.0
7177,0.0
7178,0.0
7179,0.0
7180,0.0
7181,0.0
7182,0.078
7183,0.245
7184,0.44143
7185,0.56545
7186,0.6176900000000001
7187,0.6374299999999999
7188,0.59996
7189,0.5269299999999999
7190,0.43625
7191,0.27948
7192,0.09472
7193,0.0
7194,0.0
7195,0.0
7196,0.0
7197,0.0
7198,0.0
7199,0.0
7200,0.0
7201,0.0
7202,0.0
7203,0.0
7204,0.0
7205,0.0
7206,0.09118000000000001
7207,0.26616
7208,0.40572
7209,0.50878
7210,0.68728
7211,0.6686799999999999
7212,0.5930700000000001
7213,0.52012
7214,0.35898
7215,0.21021
7216,0.06103
7217,0.0
7218,0.0
7219,0.0
7220,0.0
7221,0.0
7222,0.0
7223,0.0
7224,0.0
7225,0.0
7226,0.0
7227,0.0
7228,0.0
7229,0.0
7230,0.09429000000000001
7231,0.25789999999999996
7232,0.43627
7233,0.5797599999999999
7234,0.6070800000000001
7235,0.70029
7236,0.66337
7237,0.56408
7238,0.40106
7239,0.24044
7240,0.07884000000000001
7241,0.0
7242,0.0
7243,0.0
7244,0.0
7245,0.0
7246,0.0
7247,0.0
7248,0.0
7249,0.0
7250,0.0
7251,0.0
7252,0.0
7253,0.0
7254,0.10218
7255,0.28175
7256,0.37265
7257,0.60123
7258,0.59368
7259,0.65537
7260,0.59887
7261,0.54091
7262,0.37179
7263,0.20787
7264,0.06995
7265,0.0
7266,0.0
7267,0.0
7268,0.0
7269,0.0
7270,0.0
7271,0.0
7272,0.0
7273,0.0
7274,0.0
7275,0.0
7276,0.0
7277,0.0
7278,0.06491
7279,0.19104
7280,0.43979
7281,0.54618
7282,0.6241599999999999
7283,0.62749
7284,0.59058
7285,0.51432
7286,0.4495
7287,0.21615
7288,0.07531
7289,0.0
7290,0.0
7291,0.0
7292,0.0
7293,0.0
7294,0.0
7295,0.0
7296,0.0
7297,0.0
7298,0.0
7299,0.0
7300,0.0
7301,0.0
7302,0.09342
7303,0.22982
7304,0.42936
7305,0.5472100000000001
7306,0.62203
7307,0.66353
7308,0.58777
7309,0.51712
7310,0.44121
7311,0.27275
7312,0.07791
7313,0.0
7314,0.0
7315,0.0
7316,0.0
7317,0.0
7318,0.0
7319,0.0
7320,0.0
7321,0.0
7322,0.0
7323,0.0
7324,0.0
7325,0.0
7326,0.08079
7327,0.2495
7328,0.41038
7329,0.53122
7330,0.5802999999999999
7331,0.6431699999999999
7332,0.5145700000000001
7333,0.46054
7334,0.32495999999999997
7335,0.20061
7336,0.05697
7337,0.0
7338,0.0
7339,0.0
7340,0.0
7341,0.0
7342,0.0
7343,0.0
7344,0.0
7345,0.0
7346,0.0
7347,0.0
7348,0.0
7349,0.0
7350,0.07968
7351,0.26988
7352,0.45923
7353,0.59149
7354,0.62791
7355,0.60945
7356,0.57989
7357,0.50763
7358,0.41947
7359,0.26507
7360,0.0533
7361,0.0
7362,0.0
7363,0.0
7364,0.0
7365,0.0
7366,0.0
7367,0.0
7368,0.0
7369,0.0
7370,0.0
7371,0.0
7372,0.0
7373,0.0
7374,0.06598000000000001
7375,0.19011
7376,0.38613
7377,0.49582
7378,0.53395
7379,0.60277
7380,0.5449400000000001
7381,0.44139
7382,0.37975
7383,0.17356
7384,0.05207
7385,0.0
7386,0.0
7387,0.0
7388,0.0
7389,0.0
7390,0.0
7391,0.0
7392,0.0
7393,0.0
7394,0.0
7395,0.0
7396,0.0
7397,0.0
7398,0.06105
7399,0.18725
7400,0.42113999999999996
7401,0.52273
7402,0.59957
7403,0.5514199999999999
7404,0.55292
7405,0.48994
7406,0.33735000000000004
7407,0.19257
7408,0.06399
7409,0.0
7410,0.0
7411,0.0
7412,0.0
7413,0.0
7414,0.0
7415,0.0
7416,0.0
7417,0.0
7418,0.0
7419,0.0
7420,0.0
7421,0.0
7422,0.11541
7423,0.29425999999999997
7424,0.46426
7425,0.62605
7426,0.72478
7427,0.71893
7428,0.6919299999999999
7429,0.62628
7430,0.46924
7431,0.27763
7432,0.08047
7433,0.0
7434,0.0
7435,0.0
7436,0.0
7437,0.0
7438,0.0
7439,0.0
7440,0.0
7441,0.0
7442,0.0
7443,0.0
7444,0.0
7445,0.0
7446,0.09078
7447,0.26906
7448,0.48033
7449,0.59712
7450,0.63778
7451,0.65464
7452,0.60875
7453,0.55859
7454,0.33857
7455,0.20073
7456,0.062340000000000007
7457,0.0
7458,0.0
7459,0.0
7460,0.0
7461,0.0
7462,0.0
7463,0.0
7464,0.0
7465,0.0
7466,0.0
7467,0.0
7468,0.0
7469,0.0
7470,0.10709
7471,0.29633
7472,0.49611
7473,0.633
7474,0.71462
7475,0.7100599999999999
7476,0.6910499999999999
7477,0.61549
7478,0.45759
7479,0.27552
7480,0.08617
7481,0.0
7482,0.0
7483,0.0
7484,0.0
7485,0.0
7486,0.0
7487,0.0
7488,0.0
7489,0.0
7490,0.0
7491,0.0
7492,0.0
7493,0.0
7494,0.0853
7495,0.27299
7496,0.43374
7497,0.59315
7498,0.6528099999999999
7499,0.66969
7500,0.6020700000000001
7501,0.50945
7502,0.33734
7503,0.18023
7504,0.05414
7505,0.0
7506,0.0
7507,0.0
7508,0.0
7509,0.0
7510,0.0
7511,0.0
7512,0.0
7513,0.0
7514,0.0
7515,0.0
7516,0.0
7517,0.0
7518,0.07481
7519,0.23758
7520,0.41426999999999997
7521,0.5477799999999999
7522,0.54891
7523,0.52525
7524,0.51522
7525,0.48989
7526,0.40298
7527,0.25825
7528,0.06444
7529,0.0
7530,0.0
7531,0.0
7532,0.0
7533,0.0
7534,0.0
7535,0.0
7536,0.0
7537,0.0
7538,0.0
7539,0.0
7540,0.0
7541,0.0
7542,0.09305
7543,0.28094
7544,0.45738
7545,0.55992
7546,0.58141
7547,0.61595
7548,0.6087100000000001
7549,0.5173300000000001
7550,0.31445999999999996
7551,0.21694
7552,0.07540999999999999
7553,0.0
7554,0.0
7555,0.0
7556,0.0
7557,0.0
7558,0.0
7559,0.0
7560,0.0
7561,0.0
7562,0.0
7563,0.0
7564,0.0
7565,0.0
7566,0.08583
7567,0.24312
7568,0.42899
7569,0.45299
7570,0.57374
7571,0.54332
7572,0.60115
7573,0.5830299999999999
7574,0.43895999999999996
7575,0.253
7576,0.07556
7577,0.0
7578,0.0
7579,0.0
7580,0.0
7581,0.0
7582,0.0
7583,0.0
7584,0.0
7585,0.0
7586,0.0
7587,0.0
7588,0.0
7589,0.0
7590,0.06917
7591,0.24167
7592,0.38800999999999997
7593,0.52426
7594,0.5845199999999999
7595,0.5694400000000001
7596,0.48896
7597,0.43639
7598,0.35720999999999997
7599,0.12913
7600,0.03726
7601,0.0
7602,0.0
7603,0.0
7604,0.0
7605,0.0
7606,0.0
7607,0.0
7608,0.0
7609,0.0
7610,0.0
7611,0.0
7612,0.0
7613,0.0
7614,0.09719
7615,0.27864
7616,0.43918
7617,0.5797599999999999
7618,0.63425
7619,0.6170599999999999
7620,0.59073
7621,0.48908999999999997
7622,0.40261
7623,0.23631
7624,0.07725
7625,0.0
7626,0.0
7627,0.0
7628,0.0
7629,0.0
7630,0.0
7631,0.0
7632,0.0
7633,0.0
7634,0.0
7635,0.0
7636,0.0
7637,0.0
7638,0.07478
7639,0.25721
7640,0.44561
7641,0.51393
7642,0.5855199999999999
7643,0.68763
7644,0.62661
7645,0.56057
7646,0.41249
7647,0.25008
7648,0.08685999999999999
7649,0.0
7650,0.0
7651,0.0
7652,0.0
7653,0.0
7654,0.0
7655,0.0
7656,0.0
7657,0.0
7658,0.0
7659,0.0
7660,0.0
7661,0.0
7662,0.08546
7663,0.29305000000000003
7664,0.43017
7665,0.55192
7666,0.63027
7667,0.66726
7668,0.5545800000000001
7669,0.5652
7670,0.43681
7671,0.26729
7672,0.0683
7673,0.0
7674,0.0
7675,0.0
7676,0.0
7677,0.0
7678,0.0
7679,0.0
7680,0.0
7681,0.0
7682,0.0
7683,0.0
7684,0.0
7685,0.0
7686,0.10654000000000001
7687,0.30205
7688,0.48735
7689,0.6190399999999999
7690,0.67469
7691,0.6079600000000001
7692,0.53197
7693,0.43106
7694,0.39047000000000004
7695,0.2763
7696,0.07898000000000001
7697,0.0
7698,0.0
7699,0.0
7700,0.0
7701,0.0
7702,0.0
7703,0.0
7704,0.0
7705,0.0
7706,0.0
7707,0.0
7708,0.0
7709,0.0
7710,0.08493
7711,0.24794999999999998
7712,0.46749
7713,0.59456
7714,0.6038
7715,0.61214
7716,0.52776
7717,0.5665800000000001
7718,0.39024000000000003
7719,0.23593
7720,0.07152
7721,0.0
7722,0.0
7723,0.0
7724,0.0
7725,0.0
7726,0.0
7727,0.0
7728,0.0
7729,0.0
7730,0.0
7731,0.0
7732,0.0
7733,0.0
7734,0.09459000000000001
7735,0.30010000000000003
7736,0.4718
7737,0.60284
7738,0.5657000000000001
7739,0.65366
7740,0.5904299999999999
7741,0.52299
7742,0.3712
7743,0.1859
7744,0.08716
7745,0.0
7746,0.0
7747,0.0
7748,0.0
7749,0.0
7750,0.0
7751,0.0
7752,0.0
7753,0.0
7754,0.0
7755,0.0
7756,0.0
7757,0.0
7758,0.08079
7759,0.23782
7760,0.4151
7761,0.59516
7762,0.6419600000000001
7763,0.65304
7764,0.5525599999999999
7765,0.55329
7766,0.37795
7767,0.25611
7768,0.07296
7769,0.0
7770,0.0
7771,0.0
7772,0.0
7773,0.0
7774,0.0
7775,0.0
7776,0.0
7777,0.0
7778,0.0
7779,0.0
7780,0.0
7781,0.0
7782,0.10167
7783,0.30051
7784,0.46981
7785,0.60219
7786,0.6375700000000001
7787,0.66244
7788,0.59845
7789,0.47256
7790,0.41910000000000003
7791,0.21628999999999998
7792,0.06221
7793,0.0
7794,0.0
7795,0.0
7796,0.0
7797,0.0
7798,0.0
7799,0.0
7800,0.0
7801,0.0
7802,0.0
7803,0.0
7804,0.0
7805,0.0
7806,0.09011
7807,0.27861
7808,0.41457
7809,0.53231
7810,0.59605
7811,0.64581
7812,0.59821
7813,0.56171
7814,0.38356
7815,0.24731999999999998
7816,0.07667
7817,0.0
7818,0.0
7819,0.0
7820,0.0
7821,0.0
7822,0.0
7823,0.0
7824,0.0
7825,0.0
7826,0.0
7827,0.0
7828,0.0
7829,0.0
7830,0.0831
7831,0.28746
7832,0.44927
7833,0.5873999999999999
7834,0.65495
7835,0.6350399999999999
7836,0.5418999999999999
7837,0.52953
7838,0.43145
7839,0.2075
7840,0.07225
7841,0.0
7842,0.0
7843,0.0
7844,0.0
7845,0.0
7846,0.0
7847,0.0
7848,0.0
7849,0.0
7850,0.0
7851,0.0
7852,0.0
7853,0.0
7854,0.089
7855,0.30979
7856,0.44145999999999996
7857,0.53008
7858,0.65499
7859,0.64485
7860,0.6003200000000001
7861,0.5151100000000001
7862,0.35956
7863,0.22603
7864,0.07723999999999999
7865,0.0
7866,0.0
7867,0.0
7868,0.0
7869,0.0
7870,0.0
7871,0.0
7872,0.0
7873,0.0
7874,0.0
7875,0.0
7876,0.0
7877,0.0
7878,0.06525
7879,0.27187
7880,0.41563
7881,0.5412
7882,0.55101
7883,0.62097
7884,0.6730700000000001
7885,0.57156
7886,0.4043
7887,0.19732
7888,0.07816
7889,0.0
7890,0.0
7891,0.0
7892,0.0
7893,0.0
7894,0.0
7895,0.0
7896,0.0
7897,0.0
7898,0.0
7899,0.0
7900,0.0
7901,0.0
7902,0.09303
7903,0.27963
7904,0.41152999999999995
7905,0.5351
7906,0.58792
7907,0.65528
7908,0.65696
7909,0.57389
7910,0.46436
7911,0.29466000000000003
7912,0.09747
7913,0.0
7914,0.0
7915,0.0
7916,0.0
7917,0.0
7918,0.0
7919,0.0
7920,0.0
7921,0.0
7922,0.0
7923,0.0
7924,0.0
7925,0.0
7926,0.07585
7927,0.21547
7928,0.37441
7929,0.5850299999999999
7930,0.6142000000000001
7931,0.70626
7932,0.6648200000000001
7933,0.60002
7934,0.46224
7935,0.27758999999999995
7936,0.09087
7937,0.0
7938,0.0
7939,0.0
7940,0.0
7941,0.0
7942,0.0
7943,0.0
7944,0.0
7945,0.0
7946,0.0
7947,0.0
7948,0.0
7949,0.0
7950,0.08412
7951,0.29610000000000003
7952,0.44192000000000004
7953,0.5173099999999999
7954,0.6678200000000001
7955,0.6944199999999999
7956,0.64978
7957,0.5824199999999999
7958,0.47276999999999997
7959,0.28272
7960,0.10143
7961,0.0
7962,0.0
7963,0.0
7964,0.0
7965,0.0
7966,0.0
7967,0.0
7968,0.0
7969,0.0
7970,0.0
7971,0.0
7972,0.0
7973,0.0
7974,0.08374
7975,0.27322
7976,0.4496
7977,0.5898
7978,0.6786
7979,0.69838
7980,0.58156
7981,0.59323
7982,0.42894
7983,0.29306
7984,0.10001
7985,0.0
7986,0.0
7987,0.0
7988,0.0
7989,0.0
7990,0.0
7991,0.0
7992,0.0
7993,0.0
7994,0.0
7995,0.0
7996,0.0
7997,0.0
7998,0.0757
7999,0.22833
8000,0.41147
8001,0.5394800000000001
8002,0.48710000000000003
8003,0.5977
8004,0.65996
8005,0.48357
8006,0.27112
8007,0.18709
8008,0.08045999999999999
8009,0.0
8010,0.0
8011,0.0
8012,0.0
8013,0.0
8014,0.0
8015,0.0
8016,0.0
8017,0.0
8018,0.0
8019,0.0
8020,0.0
8021,0.0
8022,0.08756
8023,0.29819
8024,0.49555
8025,0.62776
8026,0.70026
8027,0.7287
8028,0.68789
8029,0.5535399999999999
8030,0.4603
8031,0.27602
8032,0.10168
8033,0.0
8034,0.0
8035,0.0
8036,0.0
8037,0.0
8038,0.0
8039,0.0
8040,0.0
8041,0.0
8042,0.0
8043,0.0
8044,0.0
8045,0.0
8046,0.07365000000000001
8047,0.22947
8048,0.38861
8049,0.5708300000000001
8050,0.6617999999999999
8051,0.71305
8052,0.6666599999999999
8053,0.6002000000000001
8054,0.44065
8055,0.26076
8056,0.07534
8057,0.0
8058,0.0
8059,0.0
8060,0.0
8061,0.0
8062,0.0
8063,0.0
8064,0.0
8065,0.0
8066,0.0
8067,0.0
8068,0.0
8069,0.0
8070,0.08129
8071,0.27316
8072,0.46552
8073,0.58099
8074,0.63942
8075,0.67786
8076,0.64636
8077,0.55964
8078,0.40602
8079,0.23059000000000002
8080,0.09584999999999999
8081,0.0
8082,0.0
8083,0.0
8084,0.0
8085,0.0
8086,0.0
8087,0.0
8088,0.0
8089,0.0
8090,0.0
8091,0.0
8092,0.0
8093,0.0
8094,0.08947
8095,0.28722000000000003
8096,0.46772
8097,0.59015
8098,0.67274
8099,0.67706
8100,0.6537999999999999
8101,0.57901
8102,0.38429
8103,0.19929
8104,0.07753
8105,0.0
8106,0.0
8107,0.0
8108,0.0
8109,0.0
8110,0.0
8111,0.0
8112,0.0
8113,0.0
8114,0.0
8115,0.0
8116,0.0
8117,0.0
8118,0.060880000000000004
8119,0.23834
8120,0.37522000000000005
8121,0.5697300000000001
8122,0.63952
8123,0.71799
8124,0.69977
8125,0.6214700000000001
8126,0.48154
8127,0.30649
8128,0.10712999999999999
8129,0.0
8130,0.0
8131,0.0
8132,0.0
8133,0.0
8134,0.0
8135,0.0
8136,0.0
8137,0.0
8138,0.0
8139,0.0
8140,0.0
8141,0.0
8142,0.06568
8143,0.23574
8144,0.40566
8145,0.59457
8146,0.69241
8147,0.70512
8148,0.6553
8149,0.6058
8150,0.48181
8151,0.31395999999999996
8152,0.10493999999999999
8153,0.0
8154,0.0
8155,0.0
8156,0.0
8157,0.0
8158,0.0
8159,0.0
8160,0.0
8161,0.0
8162,0.0
8163,0.0
8164,0.0
8165,0.0
8166,0.07579999999999999
8167,0.22981000000000001
8168,0.42963
8169,0.51007
8170,0.66764
8171,0.6212000000000001
8172,0.6433
8173,0.5370199999999999
8174,0.38829
8175,0.23081000000000002
8176,0.0676
8177,0.0
8178,0.0
8179,0.0
8180,0.0
8181,0.0
8182,0.0
8183,0.0
8184,0.0
8185,0.0
8186,0.0
8187,0.0
8188,0.0
8189,0.0
8190,0.07264
8191,0.27369
8192,0.42361
8193,0.5289400000000001
8194,0.62218
8195,0.59675
8196,0.45970999999999995
8197,0.5141
8198,0.38469
8199,0.23766
8200,0.09516
8201,0.0
8202,0.0
8203,0.0
8204,0.0
8205,0.0
8206,0.0
8207,0.0
8208,0.0
8209,0.0
8210,0.0
8211,0.0
8212,0.0
8213,0.0
8214,0.06747
8215,0.25178
8216,0.45653
8217,0.58313
8218,0.67306
8219,0.6619700000000001
8220,0.6512
8221,0.60189
8222,0.48527
8223,0.31557
8224,0.11887
8225,0.0
8226,0.0
8227,0.0
8228,0.0
8229,0.0
8230,0.0
8231,0.0
8232,0.0
8233,0.0
8234,0.0
8235,0.0
8236,0.0
8237,0.0
8238,0.06263
8239,0.2602
8240,0.40711
8241,0.5789
8242,0.69885
8243,0.6725399999999999
8244,0.68422
8245,0.62964
8246,0.49361
8247,0.30462
8248,0.10796
8249,0.0
8250,0.0
8251,0.0
8252,0.0
8253,0.0
8254,0.0
8255,0.0
8256,0.0
8257,0.0
8258,0.0
8259,0.0
8260,0.0
8261,0.0
8262,0.04245
8263,0.20183
8264,0.39214
8265,0.48456
8266,0.576
8267,0.68864
8268,0.60015
8269,0.5103
8270,0.37309
8271,0.25669
8272,0.08299
8273,0.0
8274,0.0
8275,0.0
8276,0.0
8277,0.0
8278,0.0
8279,0.0
8280,0.0
8281,0.0
8282,0.0
8283,0.0
8284,0.0
8285,0.0
8286,0.01811
8287,0.16653
8288,0.33100999999999997
8289,0.51312
8290,0.57598
8291,0.57877
8292,0.51671
8293,0.47719
8294,0.45129
8295,0.25538
8296,0.0855
8297,0.0
8298,0.0
8299,0.0
8300,0.0
8301,0.0
8302,0.0
8303,0.0
8304,0.0
8305,0.0
8306,0.0
8307,0.0
8308,0.0
8309,0.0
8310,0.06751
8311,0.23195
8312,0.38511
8313,0.48705000000000004
8314,0.60411
8315,0.60227
8316,0.62359
8317,0.53755
8318,0.45492
8319,0.30688
8320,0.08439
8321,0.0
8322,0.0
8323,0.0
8324,0.0
8325,0.0
8326,0.0
8327,0.0
8328,0.0
8329,0.0
8330,0.0
8331,0.0
8332,0.0
8333,0.0
8334,0.046119999999999994
8335,0.19172999999999998
8336,0.29723
8337,0.5179
8338,0.64526
8339,0.64826
8340,0.64976
8341,0.53732
8342,0.4501
8343,0.23933000000000001
8344,0.0853
8345,0.0
8346,0.0
8347,0.0
8348,0.0
8349,0.0
8350,0.0
8351,0.0
8352,0.0
8353,0.0
8354,0.0
8355,0.0
8356,0.0
8357,0.0
8358,0.05454
8359,0.22458
8360,0.42019
8361,0.49189
8362,0.60536
8363,0.60181
8364,0.60333
8365,0.46026999999999996
8366,0.43597
8367,0.27453
8368,0.10895
8369,0.0
8370,0.0
8371,0.0
8372,0.0
8373,0.0
8374,0.0
8375,0.0
8376,0.0
8377,0.0
8378,0.0
8379,0.0
8380,0.0
8381,0.0
8382,0.05833
8383,0.24628999999999998
8384,0.43476
8385,0.47974
8386,0.61086
8387,0.5819099999999999
8388,0.6225
8389,0.53467
8390,0.38749
8391,0.29475
8392,0.10197
8393,0.0
8394,0.0
8395,0.0
8396,0.0
8397,0.0
8398,0.0
8399,0.0
8400,0.0
8401,0.0
8402,0.0
8403,0.0
8404,0.0
8405,0.0
8406,0.054979999999999994
8407,0.24061000000000002
8408,0.41282
8409,0.5611900000000001
8410,0.6149199999999999
8411,0.68206
8412,0.67536
8413,0.6133500000000001
8414,0.44186000000000003
8415,0.28445
8416,0.09156
8417,0.0
8418,0.0
8419,0.0
8420,0.0
8421,0.0
8422,0.0
8423,0.0
8424,0.0
8425,0.0
8426,0.0
8427,0.0
8428,0.0
8429,0.0
8430,0.056530000000000004
8431,0.23933000000000001
8432,0.41493
8433,0.55649
8434,0.63818
8435,0.66216
8436,0.65406
8437,0.55273
8438,0.39636
8439,0.18471
8440,0.07072
8441,0.0
8442,0.0
8443,0.0
8444,0.0
8445,0.0
8446,0.0
8447,0.0
8448,0.0
8449,0.0
8450,0.0
8451,0.0
8452,0.0
8453,0.0
8454,0.05386
8455,0.25183
8456,0.40976
8457,0.5424
8458,0.6697000000000001
8459,0.68986
8460,0.62622
8461,0.60561
8462,0.43078
8463,0.23368
8464,0.081
8465,0.0
8466,0.0
8467,0.0
8468,0.0
8469,0.0
8470,0.0
8471,0.0
8472,0.0
8473,0.0
8474,0.0
8475,0.0
8476,0.0
8477,0.0
8478,0.04027
8479,0.17574
8480,0.36116000000000004
8481,0.46788
8482,0.55015
8483,0.65631
8484,0.61642
8485,0.5384099999999999
8486,0.36086
8487,0.22766999999999998
8488,0.08148999999999999
8489,0.0
8490,0.0
8491,0.0
8492,0.0
8493,0.0
8494,0.0
8495,0.0
8496,0.0
8497,0.0
8498,0.0
8499,0.0
8500,0.0
8501,0.0
8502,0.03688
8503,0.16055
8504,0.35463
8505,0.46234
8506,0.55786
8507,0.62082
8508,0.5210499999999999
8509,0.52275
8510,0.39183
8511,0.24678999999999998
8512,0.07823999999999999
8513,0.0
8514,0.0
8515,0.0
8516,0.0
8517,0.0
8518,0.0
8519,0.0
8520,0.0
8521,0.0
8522,0.0
8523,0.0
8524,0.0
8525,0.0
8526,0.03958
8527,0.14177
8528,0.32073
8529,0.47313
8530,0.50038
8531,0.63067
8532,0.66474
8533,0.58735
8534,0.46336
8535,0.25761
8536,0.09908
8537,0.0
8538,0.0
8539,0.0
8540,0.0
8541,0.0
8542,0.0
8543,0.0
8544,0.0
8545,0.0
8546,0.0
8547,0.0
8548,0.0
8549,0.0
8550,0.04192
8551,0.2008
8552,0.35785
8553,0.49051
8554,0.58061
8555,0.69453
8556,0.62526
8557,0.5847100000000001
8558,0.42921
8559,0.2782
8560,0.11644
8561,0.00139
8562,0.0
8563,0.0
8564,0.0
8565,0.0
8566,0.0
8567,0.0
8568,0.0
8569,0.0
8570,0.0
8571,0.0
8572,0.0
8573,0.0
8574,0.03889
8575,0.22834000000000002
8576,0.41863
8577,0.55318
8578,0.57568
8579,0.63775
8580,0.63639
8581,0.5859500000000001
8582,0.3793
8583,0.2072
8584,0.07382999999999999
8585,0.001
8586,0.0
8587,0.0
8588,0.0
8589,0.0
8590,0.0
8591,0.0
8592,0.0
8593,0.0
8594,0.0
8595,0.0
8596,0.0
8597,0.0
8598,0.05165
8599,0.22919
8600,0.31986000000000003
8601,0.47429000000000004
8602,0.56972
8603,0.60676
8604,0.54776
8605,0.34855
8606,0.24594
8607,0.1565
8608,0.07382
8609,0.00145
8610,0.0
8611,0.0
8612,0.0
8613,0.0
8614,0.0
8615,0.0
8616,0.0
8617,0.0
8618,0.0
8619,0.0
8620,0.0
8621,0.0
8622,0.02268
8623,0.18662
8624,0.39627999999999997
8625,0.53228
8626,0.64627
8627,0.6884600000000001
8628,0.66034
8629,0.55672
8630,0.426
8631,0.25501
8632,0.10474
8633,0.00075
8634,0.0
8635,0.0
8636,0.0
8637,0.0
8638,0.0
8639,0.0
8640,0.0
8641,0.0
8642,0.0
8643,0.0
8644,0.0
8645,0.0
8646,0.02786
8647,0.14961000000000002
8648,0.32494999999999996
8649,0.47587999999999997
8650,0.5271399999999999
8651,0.56125
8652,0.50988
8653,0.48571
8654,0.29716000000000004
8655,0.17393
8656,0.05329
8657,0.0016899999999999999
8658,0.0
8659,0.0
8660,0.0
8661,0.0
8662,0.0
8663,0.0
8664,0.0
8665,0.0
8666,0.0
8667,0.0
8668,0.0
8669,0.0
8670,0.04284
8671,0.18446
8672,0.32216
8673,0.44921
8674,0.55662
8675,0.66506
8676,0.63787
8677,0.5406299999999999
8678,0.43213999999999997
8679,0.25766
8680,0.08208
8681,0.00225
8682,0.0
8683,0.0
8684,0.0
8685,0.0
8686,0.0
8687,0.0
8688,0.0
8689,0.0
8690,0.0
8691,0.0
8692,0.0
8693,0.0
8694,0.03824
8695,0.1664
8696,0.28158999999999995
8697,0.46858
8698,0.58872
8699,0.59825
8700,0.6422
8701,0.58584
8702,0.47716000000000003
8703,0.32348000000000005
8704,0.13329
8705,0.00146
8706,0.0
8707,0.0
8708,0.0
8709,0.0
8710,0.0
8711,0.0
8712,0.0
8713,0.0
8714,0.0
8715,0.0
8716,0.0
8717,0.0
8718,0.03666
8719,0.18248
8720,0.30013
8721,0.50122
8722,0.55498
8723,0.6578200000000001
8724,0.66646
8725,0.62559
8726,0.51336
8727,0.35013
8728,0.14834999999999998
8729,0.00165
8730,0.0
8731,0.0
8732,0.0
8733,0.0
8734,0.0
8735,0.0
8736,0.0
8737,0.0
8738,0.0
8739,0.0
8740,0.0
8741,0.0
8742,0.02894
8743,0.17123
8744,0.35514
8745,0.48225
8746,0.62529
8747,0.677
8748,0.64547
8749,0.62674
8750,0.50702
8751,0.338
8752,0.1442
8753,0.039130000000000005
8754,0.0
8755,0.0
8756,0.0
8757,0.0
8758,0.0
8759,0.0
