,pv_per_unit
0,0.0
1,0.0
2,0.0
3,0.0
4,0.0
5,0.0
6,0.00625
7,0.16097
8,0.36313
9,0.45817
10,0.5061100000000001
11,0.64761
12,0.48547
13,0.5283
14,0.44483
15,0.25862999999999997
16,0.11059000000000001
17,0.00999
18,0.0
19,0.0
20,0.0
21,0.0
22,0.0
23,0.0
24,0.0
25,0.0
26,0.0
27,0.0
28,0.0
29,0.0
30,0.00615
31,0.15277000000000002
32,0.34399
33,0.47295
34,0.55643
35,0.62364
36,0.62489
37,0.53379
38,0.45805
39,0.30507
40,0.14654
41,0.0115
42,0.0
43,0.0
44,0.0
45,0.0
46,0.0
47,0.0
48,0.0
49,0.0
50,0.0
51,0.0
52,0.0
53,0.0
54,0.00415
55,0.14388
56,0.25239
57,0.469
58,0.5045
59,0.6204299999999999
60,0.57408
61,0.42482
62,0.38919
63,0.26561
64,0.10962000000000001
65,0.011699999999999999
66,0.0
67,0.0
68,0.0
69,0.0
70,0.0
71,0.0
72,0.0
73,0.0
74,0.0
75,0.0
76,0.0
77,0.0
78,0.00642
79,0.1438
80,0.38804
81,0.5305599999999999
82,0.60425
83,0.65388
84,0.60312
85,0.5292899999999999
86,0.47158999999999995
87,0.3039
88,0.16516999999999998
89,0.01788
90,0.0
91,0.0
92,0.0
93,0.0
94,0.0
95,0.0
96,0.0
97,0.0
98,0.0
99,0.0
100,0.0
101,0.0
102,0.00618
103,0.13447
104,0.33455
105,0.5221699999999999
106,0.63701
107,0.5927899999999999
108,0.66792
109,0.49345999999999995
110,0.39030000000000004
111,0.25246
112,0.11677
113,0.01604
114,0.0
115,0.0
116,0.0
117,0.0
118,0.0
119,0.0
120,0.0
121,0.0
122,0.0
123,0.0
124,0.0
125,0.0
126,0.00719
127,0.12229999999999999
128,0.23192
129,0.31731
130,0.46808
131,0.5894199999999999
132,0.46438999999999997
133,0.27436
134,0.19903
135,0.09943
136,0.048119999999999996
137,0.0066
138,0.0
139,0.0
140,0.0
141,0.0
142,0.0
143,0.0
144,0.0
145,0.0
146,0.0
147,0.0
148,0.0
149,0.0
150,0.0038900000000000002
151,0.09653
152,0.22956000000000001
153,0.38976
154,0.46948
155,0.48469
156,0.49694
157,0.5212899999999999
158,0.44068999999999997
159,0.22011
160,0.14093
161,0.01251
162,0.0
163,0.0
164,0.0
165,0.0
166,0.0
167,0.0
168,0.0
169,0.0
170,0.0
171,0.0
172,0.0
173,0.0
174,0.00422
175,0.11333
176,0.25428
177,0.40125
178,0.45757
179,0.58217
180,0.51559
181,0.44203
182,0.30172000000000004
183,0.23432
184,0.10667
185,0.01156
186,0.0
187,0.0
188,0.0
189,0.0
190,0.0
191,0.0
192,0.0
193,0.0
194,0.0
195,0.0
196,0.0
197,0.0
198,0.0027400000000000002
199,0.088
200,0.26052
201,0.45077
202,0.56932
203,0.6128899999999999
204,0.60497
205,0.5667000000000001
206,0.32715
207,0.37231000000000003
208,0.13311
209,0.02417
210,0.0
211,0.0
212,0.0
213,0.0
214,0.0
215,0.0
216,0.0
217,0.0
218,0.0
219,0.0
220,0.0
221,0.0
222,0.00393
223,0.13771
224,0.35905000000000004
225,0.54444
226,0.57714
227,0.56113
228,0.5485399999999999
229,0.45146
230,0.44544
231,0.31315
232,0.12716
233,0.0197
234,0.0
235,0.0
236,0.0
237,0.0
238,0.0
239,0.0
240,0.0
241,0.0
242,0.0
243,0.0
244,0.0
245,0.0
246,0.00106
247,0.09822
248,0.16995
249,0.33294
250,0.46086
251,0.53511
252,0.5789
253,0.5350900000000001
254,0.43095999999999995
255,0.28245
256,0.13794
257,0.01679
258,0.0
259,0.0
260,0.0
261,0.0
262,0.0
263,0.0
264,0.0
265,0.0
266,0.0
267,0.0
268,0.0
269,0.0
270,0.00419
271,0.12319
272,0.32266
273,0.42586
274,0.53477
275,0.5684600000000001
276,0.6117100000000001
277,0.52627
278,0.35506
279,0.29262
280,0.08419
281,0.017329999999999998
282,0.0
283,0.0
284,0.0
285,0.0
286,0.0
287,0.0
288,0.0
289,0.0
290,0.0
291,0.0
292,0.0
293,0.0
294,0.0035
295,0.14046
296,0.29002999999999995
297,0.44527
298,0.62629
299,0.64259
300,0.6544500000000001
301,0.55799
302,0.49727
303,0.37218
304,0.16418000000000002
305,0.0217
306,0.0
307,0.0
308,0.0
309,0.0
310,0.0
311,0.0
312,0.0
313,0.0
314,0.0
315,0.0
316,0.0
317,0.0
318,0.00458
319,0.14348
320,0.41535
321,0.56525
322,0.67453
323,0.7087100000000001
324,0.7121799999999999
325,0.63673
326,0.46519
327,0.36028
328,0.18056999999999998
329,0.024
330,0.0
331,0.0
332,0.0
333,0.0
334,0.0
335,0.0
336,0.0
337,0.0
338,0.0
339,0.0
340,0.0
341,0.0
342,0.004
343,0.13226
344,0.35616000000000003
345,0.56169
346,0.6811799999999999
347,0.67773
348,0.70259
349,0.5944400000000001
350,0.5249299999999999
351,0.35531999999999997
352,0.15212
353,0.019989999999999997
354,0.0
355,0.0
356,0.0
357,0.0
358,0.0
359,0.0
360,0.0
361,0.0
362,0.0
363,0.0
364,0.0
365,0.0
366,0.0034100000000000003
367,0.1759
368,0.35963
369,0.50243
370,0.5772
371,0.63034
372,0.62605
373,0.57733
374,0.43589999999999995
375,0.35014999999999996
376,0.18431
377,0.022350000000000002
378,0.0
379,0.0
380,0.0
381,0.0
382,0.0
383,0.0
384,0.0
385,0.0
386,0.0
387,0.0
388,0.0
389,0.0
390,0.00405
391,0.18334
392,0.3747
393,0.54491
394,0.63932
395,0.66077
396,0.6478200000000001
397,0.55756
398,0.40056
399,0.31144
400,0.12825999999999999
401,0.02573
402,0.0
403,0.0
404,0.0
405,0.0
406,0.0
407,0.0
408,0.0
409,0.0
410,0.0
411,0.0
412,0.0
413,0.0
414,0.00471
415,0.14836000000000002
416,0.41345
417,0.54699
418,0.64952
419,0.71199
420,0.71061
421,0.60411
422,0.46713
423,0.26366
424,0.15622
425,0.02496
426,0.0
427,0.0
428,0.0
429,0.0
430,0.0
431,0.0
432,0.0
433,0.0
434,0.0
435,0.0
436,0.0
437,0.0
438,0.00481
439,0.10662999999999999
440,0.28361000000000003
441,0.46699
442,0.49753
443,0.55187
444,0.5435099999999999
445,0.35112
446,0.34943
447,0.25053
448,0.12461
449,0.02222
450,0.0
451,0.0
452,0.0
453,0.0
454,0.0
455,0.0
456,0.0
457,0.0
458,0.0
459,0.0
460,0.0
461,0.0
462,0.00369
463,0.1693
464,0.33684
465,0.51491
466,0.58289
467,0.68168
468,0.56841
469,0.44854
470,0.34135000000000004
471,0.24001
472,0.11785
473,0.023719999999999998
474,0.0
475,0.0
476,0.0
477,0.0
478,0.0
479,0.0
480,0.0
481,0.0
482,0.0
483,0.0
484,0.0
485,0.0
486,0.00202
487,0.15549000000000002
488,0.31056
489,0.42987000000000003
490,0.57669
491,0.58565
492,0.49861
493,0.46652
494,0.35481999999999997
495,0.118
496,0.08244
497,0.02308
498,0.0
499,0.0
500,0.0
501,0.0
502,0.0
503,0.0
504,0.0
505,0.0
506,0.0
507,0.0
508,0.0
509,0.0
510,0.00281
511,0.05948
512,0.2042
513,0.28893
514,0.32579
515,0.44665
516,0.31317
517,0.3901
518,0.32954
519,0.29645
520,0.08328
521,0.015470000000000001
522,0.0
523,0.0
524,0.0
525,0.0
526,0.0
527,0.0
528,0.0
529,0.0
530,0.0
531,0.0
532,0.0
533,0.0
534,0.00366
535,0.11083
536,0.26154
537,0.45385000000000003
538,0.6183500000000001
539,0.50864
540,0.62538
541,0.48073
542,0.43947
543,0.27941000000000005
544,0.16053
545,0.03025
546,0.0
547,0.0
548,0.0
549,0.0
550,0.0
551,0.0
552,0.0
553,0.0
554,0.0
555,0.0
556,0.0
557,0.0
558,0.0035
559,0.10936
560,0.3399
561,0.52924
562,0.6216499999999999
563,0.6394
564,0.61798
565,0.5706100000000001
566,0.38118
567,0.30577
568,0.16191
569,0.0254
570,0.0
571,0.0
572,0.0
573,0.0
574,0.0
575,0.0
576,0.0
577,0.0
578,0.0
579,0.0
580,0.0
581,0.0
582,0.00438
583,0.13146000000000002
584,0.29885
585,0.47854
586,0.52835
587,0.5617000000000001
588,0.528
589,0.37491
590,0.33215
591,0.21156
592,0.1115
593,0.02262
594,0.0
595,0.0
596,0.0
597,0.0
598,0.0
599,0.0
600,0.0
601,0.0
602,0.0
603,0.0
604,0.0
605,0.0
606,0.0013
607,0.03599
608,0.13679
609,0.31832
610,0.33569
611,0.30866000000000005
612,0.42164999999999997
613,0.38062999999999997
614,0.36738
615,0.25194
616,0.1165
617,0.02087
618,0.0
619,0.0
620,0.0
621,0.0
622,0.0
623,0.0
624,0.0
625,0.0
626,0.0
627,0.0
628,0.0
629,0.0
630,0.00277
631,0.14236000000000001
632,0.34281
633,0.44094
634,0.5243099999999999
635,0.64818
636,0.66422
637,0.58559
638,0.45473
639,0.25604000000000005
640,0.17174
641,0.0317
642,0.0
643,0.0
644,0.0
645,0.0
646,0.0
647,0.0
648,0.0
649,0.0
650,0.0
651,0.0
652,0.0
653,0.0
654,0.0021000000000000003
655,0.12582
656,0.32798
657,0.52874
658,0.55413
659,0.58101
660,0.5927899999999999
661,0.46732999999999997
662,0.42192
663,0.33444999999999997
664,0.1484
665,0.02536
666,0.0
667,0.0
668,0.0
669,0.0
670,0.0
671,0.0
672,0.0
673,0.0
674,0.0
675,0.0
676,0.0
677,0.0
678,0.00296
679,0.14497
680,0.32783999999999996
681,0.52289
682,0.5725
683,0.5794400000000001
684,0.62349
685,0.52212
686,0.44329
687,0.29817
688,0.18343
689,0.031
690,0.0
691,0.0
692,0.0
693,0.0
694,0.0
695,0.0
696,0.0
697,0.0
698,0.0
699,0.0
700,0.0
701,0.0
702,0.0026
703,0.11477
704,0.27836
705,0.39379000000000003
706,0.34833
707,0.36546
708,0.31958
709,0.26497000000000004
710,0.14679
711,0.22465000000000002
712,0.13448
713,0.01632
714,0.0
715,0.0
716,0.0
717,0.0
718,0.0
719,0.0
720,0.0
721,0.0
722,0.0
723,0.0
724,0.0
725,0.0
726,0.0034300000000000003
727,0.15869999999999998
728,0.29508999999999996
729,0.54179
730,0.61145
731,0.56057
732,0.5756100000000001
733,0.50217
734,0.46847000000000005
735,0.32388
736,0.1682
737,0.02935
738,0.0
739,0.0
740,0.0
741,0.0
742,0.0
743,0.0
744,0.0
745,0.0
746,0.0
747,0.0
748,0.0
749,0.0
750,0.00191
751,0.11215
752,0.36493000000000003
753,0.39368000000000003
754,0.5137999999999999
755,0.59594
756,0.6587799999999999
757,0.45502
758,0.46106
759,0.33405
760,0.18434999999999999
761,0.03606
762,0.0
763,0.0
764,0.0
765,0.0
766,0.0
767,0.0
768,0.0
769,0.0
770,0.0
771,0.0
772,0.0
773,0.0
774,0.0028799999999999997
775,0.12566
776,0.25841000000000003
777,0.45500999999999997
778,0.53124
779,0.63818
780,0.56417
781,0.52313
782,0.4327
783,0.35699000000000003
784,0.14662
785,0.03178
786,0.0
787,0.0
788,0.0
789,0.0
790,0.0
791,0.0
792,0.0
793,0.0
794,0.0
795,0.0
796,0.0
797,0.0
798,0.00322
799,0.17954
800,0.36405
801,0.52312
802,0.5652999999999999
803,0.5890299999999999
804,0.6487999999999999
805,0.43051
806,0.44253
807,0.32137
808,0.15012999999999999
809,0.0324
810,0.0
811,0.0
812,0.0
813,0.0
814,0.0
815,0.0
816,0.0
817,0.0
818,0.0
819,0.0
820,0.0
821,0.0
822,0.0032
823,0.1417
824,0.39863
825,0.50685
826,0.5558
827,0.60978
828,0.6100099999999999
829,0.54052
830,0.42469999999999997
831,0.29125999999999996
832,0.07362
833,0.02256
834,0.0
835,0.0
836,0.0
837,0.0
838,0.0
839,0.0
840,0.0
841,0.0
842,0.0
843,0.0
844,0.0
845,0.0
846,0.00365
847,0.12589
848,0.3262
849,0.34187
850,0.48544
851,0.40892
852,0.54715
853,0.43089
854,0.31033999999999995
855,0.27181
856,0.10696
857,0.02392
858,0.0
859,0.0
860,0.0
861,0.0
862,0.0
863,0.0
864,0.0
865,0.0
866,0.0
867,0.0
868,0.0
869,0.0
870,0.0010500000000000002
871,0.05095
872,0.25451
873,0.29802999999999996
874,0.47867000000000004
875,0.46702999999999995
876,0.42260000000000003
877,0.55383
878,0.36610000000000004
879,0.22258
880,0.16599
881,0.03091
882,0.0
883,0.0
884,0.0
885,0.0
886,0.0
887,0.0
888,0.0
889,0.0
890,0.0
891,0.0
892,0.0
893,0.0
894,0.00209
895,0.10968000000000001
896,0.31987
897,0.41593
898,0.58854
899,0.64328
900,0.5698099999999999
901,0.41949000000000003
902,0.41927
903,0.34967000000000004
904,0.18345
905,0.03835
906,0.0
907,0.0
908,0.0
909,0.0
910,0.0
911,0.0
912,0.0
913,0.0
914,0.0
915,0.0
916,0.0
917,0.0
918,0.00368
919,0.1092
920,0.29177
921,0.30775
922,0.45855
923,0.66695
924,0.71125
925,0.52797
926,0.49494
927,0.35864999999999997
928,0.1991
929,0.03872
930,0.0
931,0.0
932,0.0
933,0.0
934,0.0
935,0.0
936,0.0
937,0.0
938,0.0
939,0.0
940,0.0
941,0.0
942,0.00191
943,0.055549999999999995
944,0.24680000000000002
945,0.38577999999999996
946,0.47752
947,0.47841
948,0.56271
949,0.52766
950,0.44105
951,0.27376999999999996
952,0.1672
953,0.03245
954,0.0
955,0.0
956,0.0
957,0.0
958,0.0
959,0.0
960,0.0
961,0.0
962,0.0
963,0.0
964,0.0
965,0.0
966,0.00409
967,0.13105
968,0.35922000000000004
969,0.47058999999999995
970,0.6153500000000001
971,0.70168
972,0.6244299999999999
973,0.47778
974,0.41424
975,0.30283
976,0.13858
977,0.03569
978,0.0
979,0.0
980,0.0
981,0.0
982,0.0
983,0.0
984,0.0
985,0.0
986,0.0
987,0.0
988,0.0
989,0.0
990,0.00262
991,0.13128
992,0.36949
993,0.51232
994,0.6123099999999999
995,0.65677
996,0.5897100000000001
997,0.54744
998,0.39575
999,0.26832
1000,0.13003
1001,0.02844
1002,0.0
1003,0.0
1004,0.0
1005,0.0
1006,0.0
1007,0.0
1008,0.0
1009,0.0
1010,0.0
1011,0.0
1012,0.0
1013,0.0
1014,0.005019999999999999
1015,0.15962
1016,0.35838
1017,0.54083
1018,0.65231
1019,0.62517
1020,0.6728
1021,0.5116700000000001
1022,0.48882
1023,0.34951
1024,0.18678
1025,0.04026
1026,0.0
1027,0.0
1028,0.0
1029,0.0
1030,0.0
1031,0.0
1032,0.0
1033,0.0
1034,0.0
1035,0.0
1036,0.0
1037,0.0
1038,0.00266
1039,0.14224
1040,0.28773000000000004
1041,0.50341
1042,0.64826
1043,0.7247899999999999
1044,0.6369600000000001
1045,0.6103
1046,0.42446
1047,0.25011
1048,0.127
1049,0.026690000000000002
1050,0.0
1051,0.0
1052,0.0
1053,0.0
1054,0.0
1055,0.0
1056,0.0
1057,0.0
1058,0.0
1059,0.0
1060,0.0
1061,0.0
1062,0.00563
1063,0.16
1064,0.32311
1065,0.42414999999999997
1066,0.51467
1067,0.51711
1068,0.5678500000000001
1069,0.57329
1070,0.487
1071,0.35369
1072,0.19524
1073,0.03151
1074,0.0
1075,0.0
1076,0.0
1077,0.0
1078,0.0
1079,0.0
1080,0.0
1081,0.0
1082,0.0
1083,0.0
1084,0.0
1085,0.0
1086,0.00468
1087,0.15416999999999997
1088,0.34545
1089,0.55776
1090,0.62641
1091,0.67718
1092,0.59481
1093,0.62546
1094,0.49152999999999997
1095,0.27525
1096,0.17812999999999998
1097,0.03277
1098,0.0
1099,0.0
1100,0.0
1101,0.0
1102,0.0
1103,0.0
1104,0.0
1105,0.0
1106,0.0
1107,0.0
1108,0.0
1109,0.0
1110,0.00601
1111,0.17307
1112,0.31186
1113,0.50424
1114,0.57086
1115,0.61463
1116,0.5700599999999999
1117,0.5614199999999999
1118,0.52342
1119,0.32515
1120,0.15797999999999998
1121,0.04032
1122,0.0
1123,0.0
1124,0.0
1125,0.0
1126,0.0
1127,0.0
1128,0.0
1129,0.0
1130,0.0
1131,0.0
1132,0.0
1133,0.0
1134,0.00289
1135,0.13438
1136,0.35842
1137,0.46782
1138,0.68553
1139,0.5182
1140,0.54376
1141,0.54688
1142,0.37832
1143,0.17973
1144,0.09954
1145,0.023010000000000003
1146,0.0
1147,0.0
1148,0.0
1149,0.0
1150,0.0
1151,0.0
1152,0.0
1153,0.0
1154,0.0
1155,0.0
1156,0.0
1157,0.0
1158,0.0026
1159,0.14414
1160,0.35469
1161,0.35443
1162,0.59216
1163,0.63802
1164,0.64212
1165,0.40201
1166,0.35096
1167,0.1911
1168,0.09293000000000001
1169,0.02588
1170,0.0
1171,0.0
1172,0.0
1173,0.0
1174,0.0
1175,0.0
1176,0.0
1177,0.0
1178,0.0
1179,0.0
1180,0.0
1181,0.0
1182,0.00035
1183,0.03055
1184,0.16865
1185,0.25683999999999996
1186,0.30893
1187,0.39932999999999996
1188,0.25682
1189,0.2795
1190,0.33166
1191,0.27256
1192,0.12894
1193,0.01975
1194,0.0
1195,0.0
1196,0.0
1197,0.0
1198,0.0
1199,0.0
1200,0.0
1201,0.0
1202,0.0
1203,0.0
1204,0.0
1205,0.0
1206,0.00186
1207,0.08932
1208,0.18863
1209,0.40299
1210,0.38612
1211,0.52123
1212,0.53934
1213,0.47707
1214,0.41038
1215,0.24206999999999998
1216,0.09762
1217,0.0248
1218,0.0
1219,0.0
1220,0.0
1221,0.0
1222,0.0
1223,0.0
1224,0.0
1225,0.0
1226,0.0
1227,0.0
1228,0.0
1229,0.0
1230,0.0022299999999999998
1231,0.09805
1232,0.20238
1233,0.38039
1234,0.52713
1235,0.49286
1236,0.585
1237,0.39676999999999996
1238,0.39188999999999996
1239,0.23696
1240,0.16105
1241,0.03132
1242,0.0
1243,0.0
1244,0.0
1245,0.0
1246,0.0
1247,0.0
1248,0.0
1249,0.0
1250,0.0
1251,0.0
1252,0.0
1253,0.0
1254,0.0034300000000000003
1255,0.14404
1256,0.34608
1257,0.42626
1258,0.39554
1259,0.46926999999999996
1260,0.48081
1261,0.24022
1262,0.26230000000000003
1263,0.16244
1264,0.05659
1265,0.01749
1266,0.0
1267,0.0
1268,0.0
1269,0.0
1270,0.0
1271,0.0
1272,0.0
1273,0.0
1274,0.0
1275,0.0
1276,0.0
1277,0.0
1278,0.00367
1279,0.09495999999999999
1280,0.28614999999999996
1281,0.39332999999999996
1282,0.39394999999999997
1283,0.47102
1284,0.5088199999999999
1285,0.43413999999999997
1286,0.38215
1287,0.28605
1288,0.16535
1289,0.02965
1290,0.0
1291,0.0
1292,0.0
1293,0.0
1294,0.0
1295,0.0
1296,0.0
1297,0.0
1298,0.0
1299,0.0
1300,0.0
1301,0.0
1302,0.00474
1303,0.17343
1304,0.41085000000000005
1305,0.46902999999999995
1306,0.6506799999999999
1307,0.64406
1308,0.64447
1309,0.52511
1310,0.46041000000000004
1311,0.26236000000000004
1312,0.17661000000000002
1313,0.038340000000000006
1314,0.0
1315,0.0
1316,0.0
1317,0.0
1318,0.0
1319,0.0
1320,0.0
1321,0.0
1322,0.0
1323,0.0
1324,0.0
1325,0.0
1326,0.00176
1327,0.10187
1328,0.2812
1329,0.43007999999999996
1330,0.53554
1331,0.5519400000000001
1332,0.36894
1333,0.46364
1334,0.42973
1335,0.26172
1336,0.10036
1337,0.02096
1338,0.0
1339,0.0
1340,0.0
1341,0.0
1342,0.0
1343,0.0
1344,0.0
1345,0.0
1346,0.0
1347,0.0
1348,0.0
1349,0.0
1350,0.00546
1351,0.15125
1352,0.28552
1353,0.49418
1354,0.59039
1355,0.64332
1356,0.50126
1357,0.55956
1358,0.32831
1359,0.24012999999999998
1360,0.10615000000000001
1361,0.04379
1362,0.0
1363,0.0
1364,0.0
1365,0.0
1366,0.0
1367,0.0
1368,0.0
1369,0.0
1370,0.0
1371,0.0
1372,0.0
1373,0.0
1374,0.00653
1375,0.13672
1376,0.26688999999999996
1377,0.33021
1378,0.52001
1379,0.53765
1380,0.6078300000000001
1381,0.43184
1382,0.34681
1383,0.22297999999999998
1384,0.12721
1385,0.02554
1386,0.0
1387,0.0
1388,0.0
1389,0.0
1390,0.0
1391,0.0
1392,0.0
1393,0.0
1394,0.0
1395,0.0
1396,0.0
1397,0.0
1398,0.00202
1399,0.04664
1400,0.12415000000000001
1401,0.1363
1402,0.13506
1403,0.26102
1404,0.27516
1405,0.24803999999999998
1406,0.27982999999999997
1407,0.22463
1408,0.1237
1409,0.02664
1410,0.0
1411,0.0
1412,0.0
1413,0.0
1414,0.0
1415,0.0
1416,0.0
1417,0.0
1418,0.0
1419,0.0
1420,0.0
1421,0.0
1422,0.00302
1423,0.07164
1424,0.18234
1425,0.22772
1426,0.32124
1427,0.43436
1428,0.4581
1429,0.27476999999999996
1430,0.15194
1431,0.13241
1432,0.06929
1433,0.02066
1434,0.0
1435,0.0
1436,0.0
1437,0.0
1438,0.0
1439,0.0
1440,0.0
1441,0.0
1442,0.0
1443,0.0
1444,0.0
1445,0.0
1446,0.005679999999999999
1447,0.16151
1448,0.34819
1449,0.49945999999999996
1450,0.61812
1451,0.5374
1452,0.49659
1453,0.41355000000000003
1454,0.37457999999999997
1455,0.17293
1456,0.06670000000000001
1457,0.020649999999999998
1458,0.0
1459,0.0
1460,0.0
1461,0.0
1462,0.0
1463,0.0
1464,0.0
1465,0.0
1466,0.0
1467,0.0
1468,0.0
1469,0.0
1470,0.0
1471,0.018510000000000002
1472,0.056
1473,0.10018
1474,0.36341
1475,0.37995
1476,0.42054
1477,0.46975
1478,0.45253
1479,0.30559
1480,0.15431
1481,0.03528
1482,0.0
1483,0.0
1484,0.0
1485,0.0
1486,0.0
1487,0.0
1488,0.0
1489,0.0
1490,0.0
1491,0.0
1492,0.0
1493,0.0
1494,0.00312
1495,0.08968999999999999
1496,0.30029
1497,0.37986000000000003
1498,0.5130399999999999
1499,0.62242
1500,0.62367
1501,0.51539
1502,0.4151
1503,0.29655000000000004
1504,0.17687999999999998
1505,0.01896
1506,0.0
1507,0.0
1508,0.0
1509,0.0
1510,0.0
1511,0.0
1512,0.0
1513,0.0
1514,0.0
1515,0.0
1516,0.0
1517,0.0
1518,0.00282
1519,0.09992
1520,0.16776
1521,0.25318
1522,0.35625
1523,0.33736
1524,0.48008
1525,0.40398
1526,0.26314
1527,0.25489
1528,0.12290000000000001
1529,0.017329999999999998
1530,0.0
1531,0.0
1532,0.0
1533,0.0
1534,0.0
1535,0.0
1536,0.0
1537,0.0
1538,0.0
1539,0.0
1540,0.0
1541,0.0
1542,0.00567
1543,0.11187000000000001
1544,0.35549000000000003
1545,0.425
1546,0.54316
1547,0.53008
1548,0.50676
1549,0.57125
1550,0.33
1551,0.25956999999999997
1552,0.11309999999999999
1553,0.02543
1554,0.0
1555,0.0
1556,0.0
1557,0.0
1558,0.0
1559,0.0
1560,0.0
1561,0.0
1562,0.0
1563,0.0
1564,0.0
1565,0.0
1566,0.00571
1567,0.15438
1568,0.25179
1569,0.50966
1570,0.54553
1571,0.57673
1572,0.59833
1573,0.5708300000000001
1574,0.32261
1575,0.12891
1576,0.12198
1577,0.02675
1578,0.0
1579,0.0
1580,0.0
1581,0.0
1582,0.0
1583,0.0
1584,0.0
1585,0.0
1586,0.0
1587,0.0
1588,0.0
1589,0.0
1590,0.00646
1591,0.09715
1592,0.31333
1593,0.53097
1594,0.5738
1595,0.5532100000000001
1596,0.56076
1597,0.37082
1598,0.30213
1599,0.18606
1600,0.1227
1601,0.01752
1602,0.0
1603,0.0
1604,0.0
1605,0.0
1606,0.0
1607,0.0
1608,0.0
1609,0.0
1610,0.0
1611,0.0
1612,0.0
1613,0.0
1614,0.00868
1615,0.15017
1616,0.40024
1617,0.45466
1618,0.5648
1619,0.56022
1620,0.5678
1621,0.41464
1622,0.29975999999999997
1623,0.28291000000000005
1624,0.10346
1625,0.027
1626,0.0
1627,0.0
1628,0.0
1629,0.0
1630,0.0
1631,0.0
1632,0.0
1633,0.0
1634,0.0
1635,0.0
1636,0.0
1637,0.0
1638,0.00675
1639,0.11139
1640,0.27173
1641,0.44583999999999996
1642,0.48731
1643,0.42419999999999997
1644,0.58166
1645,0.5437799999999999
1646,0.49183
1647,0.29514999999999997
1648,0.14014
1649,0.02475
1650,0.0
1651,0.0
1652,0.0
1653,0.0
1654,0.0
1655,0.0
1656,0.0
1657,0.0
1658,0.0
1659,0.0
1660,0.0
1661,0.0
1662,0.00064
1663,0.04437
1664,0.16190000000000002
1665,0.16413
1666,0.32757
1667,0.44885
1668,0.47349
1669,0.38853
1670,0.39483999999999997
1671,0.22693000000000002
1672,0.11309999999999999
1673,0.02493
1674,0.0
1675,0.0
1676,0.0
1677,0.0
1678,0.0
1679,0.0
1680,0.0
1681,0.0
1682,0.0
1683,0.0
1684,0.0
1685,0.0
1686,0.00263
1687,0.03753
1688,0.15042
1689,0.31842000000000004
1690,0.37647
1691,0.5737899999999999
1692,0.5568
1693,0.50898
1694,0.37345
1695,0.28417000000000003
1696,0.12922
1697,0.02788
1698,0.0
1699,0.0
1700,0.0
1701,0.0
1702,0.0
1703,0.0
1704,0.0
1705,0.0
1706,0.0
1707,0.0
1708,0.0
1709,0.0
1710,0.00463
1711,0.12514
1712,0.30512
1713,0.4012
1714,0.5133300000000001
1715,0.50587
1716,0.51915
1717,0.46353
1718,0.4027
1719,0.22334
1720,0.17429
1721,0.0386
1722,0.0
1723,0.0
1724,0.0
1725,0.0
1726,0.0
1727,0.0
1728,0.0
1729,0.0
1730,0.0
1731,0.0
1732,0.0
1733,0.0
1734,0.00831
1735,0.1899
1736,0.38675
1737,0.46026999999999996
1738,0.63861
1739,0.65318
1740,0.6359400000000001
1741,0.5470499999999999
1742,0.42825
1743,0.27825
1744,0.15186000000000002
1745,0.02503
1746,0.0
1747,0.0
1748,0.0
1749,0.0
1750,0.0
1751,0.0
1752,0.0
1753,0.0
1754,0.0
1755,0.0
1756,0.0
1757,0.0
1758,0.00844
1759,0.1494
1760,0.38061
1761,0.54408
1762,0.60151
1763,0.5964299999999999
1764,0.58786
1765,0.52524
1766,0.44637
1767,0.28523000000000004
1768,0.14880000000000002
1769,0.02531
1770,0.0
1771,0.0
1772,0.0
1773,0.0
1774,0.0
1775,0.0
1776,0.0
1777,0.0
1778,0.0
1779,0.0
1780,0.0
1781,0.0
1782,0.01367
1783,0.21963999999999997
1784,0.3495
1785,0.48863
1786,0.5185
1787,0.6071599999999999
1788,0.5725800000000001
1789,0.5645
1790,0.42113999999999996
1791,0.21399
1792,0.13571
1793,0.03479
1794,0.0
1795,0.0
1796,0.0
1797,0.0
1798,0.0
1799,0.0
1800,0.0
1801,0.0
1802,0.0
1803,0.0
1804,0.0
1805,0.0
1806,0.009880000000000002
1807,0.16019999999999998
1808,0.32775
1809,0.55291
1810,0.63724
1811,0.6026900000000001
1812,0.67696
1813,0.5760599999999999
1814,0.47099
1815,0.25745
1816,0.1392
1817,0.0322
1818,0.0
1819,0.0
1820,0.0
1821,0.0
1822,0.0
1823,0.0
1824,0.0
1825,0.0
1826,0.0
1827,0.0
1828,0.0
1829,0.0
1830,0.01105
1831,0.18634
1832,0.38286000000000003
1833,0.4408
1834,0.54847
1835,0.60785
1836,0.5549700000000001
1837,0.5353300000000001
1838,0.48368
1839,0.34742
1840,0.17674
1841,0.03118
1842,0.0
1843,0.0
1844,0.0
1845,0.0
1846,0.0
1847,0.0
1848,0.0
1849,0.0
1850,0.0
1851,0.0
1852,0.0
1853,0.0
1854,0.0106
1855,0.23041
1856,0.43821
1857,0.6133
1858,0.75491
1859,0.74724
1860,0.7402799999999999
1861,0.64039
1862,0.5814
1863,0.42815
1864,0.23497
1865,0.03774
1866,0.0
1867,0.0
1868,0.0
1869,0.0
1870,0.0
1871,0.0
1872,0.0
1873,0.0
1874,0.0
1875,0.0
1876,0.0
1877,0.0
1878,0.010119999999999999
1879,0.26999
1880,0.4772
1881,0.6658999999999999
1882,0.74803
1883,0.7673300000000001
1884,0.74214
1885,0.61027
1886,0.45736
1887,0.39564
1888,0.16335
1889,0.03357
1890,0.0
1891,0.0
1892,0.0
1893,0.0
1894,0.0
1895,0.0
1896,0.0
1897,0.0
1898,0.0
1899,0.0
1900,0.0
1901,0.0
1902,0.007030000000000001
1903,0.12101
1904,0.30652999999999997
1905,0.53444
1906,0.59627
1907,0.63163
1908,0.5485099999999999
1909,0.51129
1910,0.4023
1911,0.23333
1912,0.14609
1913,0.02871
1914,0.0
1915,0.0
1916,0.0
1917,0.0
1918,0.0
1919,0.0
1920,0.0
1921,0.0
1922,0.0
1923,0.0
1924,0.0
1925,0.0
1926,0.00885
1927,0.14626
1928,0.35254
1929,0.48319
1930,0.59484
1931,0.58474
1932,0.59964
1933,0.55136
1934,0.44339999999999996
1935,0.32591000000000003
1936,0.14107
1937,0.03583
1938,0.0
1939,0.0
1940,0.0
1941,0.0
1942,0.0
1943,0.0
1944,0.0
1945,0.0
1946,0.0
1947,0.0
1948,0.0
1949,0.0
1950,0.009640000000000001
1951,0.16578
1952,0.40664999999999996
1953,0.54484
1954,0.67161
1955,0.70414
1956,0.71124
1957,0.5649
1958,0.5328999999999999
1959,0.37764
1960,0.20657
1961,0.03008
1962,0.0
1963,0.0
1964,0.0
1965,0.0
1966,0.0
1967,0.0
1968,0.0
1969,0.0
1970,0.0
1971,0.0
1972,0.0
1973,0.0
1974,0.01776
1975,0.21306
1976,0.40667000000000003
1977,0.4688
1978,0.5741799999999999
1979,0.62526
1980,0.62293
1981,0.49148000000000003
1982,0.41751
1983,0.26113
1984,0.14221
1985,0.03129
1986,0.0
1987,0.0
1988,0.0
1989,0.0
1990,0.0
1991,0.0
1992,0.0
1993,0.0
1994,0.0
1995,0.0
1996,0.0
1997,0.0
1998,0.013550000000000001
1999,0.15794
2000,0.3346
2001,0.51477
2002,0.53253
2003,0.56255
2004,0.5074
2005,0.44961
2006,0.35370999999999997
2007,0.24936000000000003
2008,0.13916
2009,0.02409
2010,0.0
2011,0.0
2012,0.0
2013,0.0
2014,0.0
2015,0.0
2016,0.0
2017,0.0
2018,0.0
2019,0.0
2020,0.0
2021,0.0
2022,0.01595
2023,0.16469999999999999
2024,0.33386
2025,0.5291699999999999
2026,0.64036
2027,0.66326
2028,0.57427
2029,0.5715399999999999
2030,0.44830000000000003
2031,0.32245999999999997
2032,0.0839
2033,0.0219
2034,0.0
2035,0.0
2036,0.0
2037,0.0
2038,0.0
2039,0.0
2040,0.0
2041,0.0
2042,0.0
2043,0.0
2044,0.0
2045,0.0
2046,0.015009999999999999
2047,0.20423
2048,0.40744
2049,0.53395
2050,0.67334
2051,0.7135199999999999
2052,0.69087
2053,0.66161
2054,0.55198
2055,0.38703
2056,0.19878
2057,0.03158
2058,0.0
2059,0.0
2060,0.0
2061,0.0
2062,0.0
2063,0.0
2064,0.0
2065,0.0
2066,0.0
2067,0.0
2068,0.0
2069,0.0
2070,0.01316
2071,0.27197000000000005
2072,0.5076700000000001
2073,0.63688
2074,0.7436499999999999
2075,0.7533099999999999
2076,0.71363
2077,0.6716599999999999
2078,0.59211
2079,0.37110000000000004
2080,0.19444
2081,0.033549999999999996
2082,0.0
2083,0.0
2084,0.0
2085,0.0
2086,0.0
2087,0.0
2088,0.0
2089,0.0
2090,0.0
2091,0.0
2092,0.0
2093,0.0
2094,0.014410000000000001
2095,0.22236
2096,0.44506999999999997
2097,0.59511
2098,0.63505
2099,0.67044
2100,0.67929
2101,0.60474
2102,0.60103
2103,0.40311
2104,0.22088999999999998
2105,0.02999
2106,0.0
2107,0.0
2108,0.0
2109,0.0
2110,0.0
2111,0.0
2112,0.0
2113,0.0
2114,0.0
2115,0.0
2116,0.0
2117,0.0
2118,0.008369999999999999
2119,0.09817000000000001
2120,0.29048
2121,0.49201999999999996
2122,0.60834
2123,0.61046
2124,0.69148
2125,0.6111
2126,0.44900999999999996
2127,0.26389
2128,0.13837
2129,0.0257
2130,0.0
2131,0.0
2132,0.0
2133,0.0
2134,0.0
2135,0.0
2136,0.0
2137,0.0
2138,0.0
2139,0.0
2140,0.0
2141,0.0
2142,0.00855
2143,0.18565
2144,0.365
2145,0.55601
2146,0.62338
2147,0.70602
2148,0.61219
2149,0.5704
2150,0.49994
2151,0.34095
2152,0.16837
2153,0.02103
2154,0.0
2155,0.0
2156,0.0
2157,0.0
2158,0.0
2159,0.0
2160,0.0
2161,0.0
2162,0.0
2163,0.0
2164,0.0
2165,0.0
2166,0.012119999999999999
2167,0.26214
2168,0.44276
2169,0.6337200000000001
2170,0.59813
2171,0.7471599999999999
2172,0.6734600000000001
2173,0.6429
2174,0.59684
2175,0.42778
2176,0.22705
2177,0.0317
2178,0.0
2179,0.0
2180,0.0
2181,0.0
2182,0.0
2183,0.0
2184,0.0
2185,0.0
2186,0.0
2187,0.0
2188,0.0
2189,0.0
2190,0.01329
2191,0.29046
2192,0.49583
2193,0.64843
2194,0.74859
2195,0.78549
2196,0.74441
2197,0.69508
2198,0.53223
2199,0.38231
2200,0.15027000000000001
2201,0.02826
2202,0.0
2203,0.0
2204,0.0
2205,0.0
2206,0.0
2207,0.0
2208,0.0
2209,0.0
2210,0.0
2211,0.0
2212,0.0
2213,0.0
2214,0.01191
2215,0.14742
2216,0.36724
2217,0.5241399999999999
2218,0.61177
2219,0.56898
2220,0.6311100000000001
2221,0.58496
2222,0.40208999999999995
2223,0.18537
2224,0.06787
2225,0.009890000000000001
2226,0.0
2227,0.0
2228,0.0
2229,0.0
2230,0.0
2231,0.0
2232,0.0
2233,0.0
2234,0.0
2235,0.0
2236,0.0
2237,0.0
2238,0.015519999999999999
2239,0.213
2240,0.40826
2241,0.47555000000000003
2242,0.71717
2243,0.70089
2244,0.5526
2245,0.54487
2246,0.36218
2247,0.25448
2248,0.08796
2249,0.015460000000000002
2250,0.0
2251,0.0
2252,0.0
2253,0.0
2254,0.0
2255,0.0
2256,0.0
2257,0.0
2258,0.0
2259,0.0
2260,0.0
2261,0.0
2262,0.01622
2263,0.16884
2264,0.36757
2265,0.49572000000000005
2266,0.64808
2267,0.67299
2268,0.5314099999999999
2269,0.59704
2270,0.35645
2271,0.21253999999999998
2272,0.10681
2273,0.019100000000000002
2274,0.0
2275,0.0
2276,0.0
2277,0.0
2278,0.0
2279,0.0
2280,0.0
2281,0.0
2282,0.0
2283,0.0
2284,0.0
2285,0.0
2286,0.02145
2287,0.22461
2288,0.42979
2289,0.59068
2290,0.6494500000000001
2291,0.64428
2292,0.69325
2293,0.67208
2294,0.53586
2295,0.38343
2296,0.18449000000000002
2297,0.02857
2298,0.0
2299,0.0
2300,0.0
2301,0.0
2302,0.0
2303,0.0
2304,0.0
2305,0.0
2306,0.0
2307,0.0
2308,0.0
2309,0.0
2310,0.02067
2311,0.23171
2312,0.44139999999999996
2313,0.59425
2314,0.7270700000000001
2315,0.7387100000000001
2316,0.7353
2317,0.61133
2318,0.45291000000000003
2319,0.29131999999999997
2320,0.17719
2321,0.03091
2322,0.0
2323,0.0
2324,0.0
2325,0.0
2326,0.0
2327,0.0
2328,0.0
2329,0.0
2330,0.0
2331,0.0
2332,0.0
2333,0.0
2334,0.02237
2335,0.23146
2336,0.41893
2337,0.56687
2338,0.5917100000000001
2339,0.65384
2340,0.68465
2341,0.63432
2342,0.44222
2343,0.35024
2344,0.15807
2345,0.03415
2346,0.0
2347,0.0
2348,0.0
2349,0.0
2350,0.0
2351,0.0
2352,0.0
2353,0.0
2354,0.0
2355,0.0
2356,0.0
2357,0.0
2358,0.02017
2359,0.26532
2360,0.4633
2361,0.6274
2362,0.5922799999999999
2363,0.68004
2364,0.7380399999999999
2365,0.50877
2366,0.42125
2367,0.30513
2368,0.15262
2369,0.02973
2370,0.0
2371,0.0
2372,0.0
2373,0.0
2374,0.0
2375,0.0
2376,0.0
2377,0.0
2378,0.0
2379,0.0
2380,0.0
2381,0.0
2382,0.01617
2383,0.24812
2384,0.45079
2385,0.56109
2386,0.6171
2387,0.69849
2388,0.6569299999999999
2389,0.6296799999999999
2390,0.53363
2391,0.36319999999999997
2392,0.1948
2393,0.02152
2394,0.0
2395,0.0
2396,0.0
2397,0.0
2398,0.0
2399,0.0
2400,0.0
2401,0.0
2402,0.0
2403,0.0
2404,0.0
2405,0.0
2406,0.01835
2407,0.25457
2408,0.44829
2409,0.60251
2410,0.7179500000000001
2411,0.72369
2412,0.60698
2413,0.55798
2414,0.49523
2415,0.29985
2416,0.16076
2417,0.02286
2418,0.0
2419,0.0
2420,0.0
2421,0.0
2422,0.0
2423,0.0
2424,0.0
2425,0.0
2426,0.0
2427,0.0
2428,0.0
2429,0.0
2430,0.01345
2431,0.21378999999999998
2432,0.42728
2433,0.5772999999999999
2434,0.63566
2435,0.68123
2436,0.6090399999999999
2437,0.45782
2438,0.39212
2439,0.22113999999999998
2440,0.12258
2441,0.02146
2442,0.0
2443,0.0
2444,0.0
2445,0.0
2446,0.0
2447,0.0
2448,0.0
2449,0.0
2450,0.0
2451,0.0
2452,0.0
2453,0.0
2454,0.02161
2455,0.23347
2456,0.48363
2457,0.6254700000000001
2458,0.7411599999999999
2459,0.78447
2460,0.7531599999999999
2461,0.65573
2462,0.51416
2463,0.36308999999999997
2464,0.18394
2465,0.030350000000000002
2466,0.0
2467,0.0
2468,0.0
2469,0.0
2470,0.0
2471,0.0
2472,0.0
2473,0.0
2474,0.0
2475,0.0
2476,0.0
2477,0.0
2478,0.02393
2479,0.2114
2480,0.36069999999999997
2481,0.5346599999999999
2482,0.68152
2483,0.67806
2484,0.67198
2485,0.5591799999999999
2486,0.48541
2487,0.27387
2488,0.15886
2489,0.02144
2490,0.0
2491,0.0
2492,0.0
2493,0.0
2494,0.0
2495,0.0
2496,0.0
2497,0.0
2498,0.0
2499,0.0
2500,0.0
2501,0.0
2502,0.02187
2503,0.21516
2504,0.34920999999999996
2505,0.45326
2506,0.5260199999999999
2507,0.4599
2508,0.30472000000000005
2509,0.27888999999999997
2510,0.15694999999999998
2511,0.115
2512,0.052020000000000004
2513,0.01896
2514,0.0
2515,0.0
2516,0.0
2517,0.0
2518,0.0
2519,0.0
2520,0.0
2521,0.0
2522,0.0
2523,0.0
2524,0.0
2525,0.0
2526,0.01308
2527,0.109
2528,0.30334
2529,0.42571
2530,0.36344
2531,0.40926
2532,0.4995
2533,0.41004
2534,0.37627
2535,0.21763
2536,0.10767
2537,0.015130000000000001
2538,0.0
2539,0.0
2540,0.0
2541,0.0
2542,0.0
2543,0.0
2544,0.0
2545,0.0
2546,0.0
2547,0.0
2548,0.0
2549,0.0
2550,0.0246
2551,0.20561000000000001
2552,0.44225
2553,0.57726
2554,0.6448400000000001
2555,0.64819
2556,0.5892000000000001
2557,0.49107
2558,0.30736
2559,0.12578
2560,0.07359
2561,0.01738
2562,0.0
2563,0.0
2564,0.0
2565,0.0
2566,0.0
2567,0.0
2568,0.0
2569,0.0
2570,0.0
2571,0.0
2572,0.0
2573,0.0
2574,0.047439999999999996
2575,0.15940000000000001
2576,0.32076
2577,0.53734
2578,0.60611
2579,0.69462
2580,0.61312
2581,0.52025
2582,0.34444
2583,0.20208
2584,0.11012000000000001
2585,0.0173
2586,0.0
2587,0.0
2588,0.0
2589,0.0
2590,0.0
2591,0.0
2592,0.0
2593,0.0
2594,0.0
2595,0.0
2596,0.0
2597,0.0
2598,0.03246
2599,0.14712999999999998
2600,0.333
2601,0.49149
2602,0.54339
2603,0.5788099999999999
2604,0.5935
2605,0.47417000000000004
2606,0.29456
2607,0.20664
2608,0.08592
2609,0.018609999999999998
2610,0.0
2611,0.0
2612,0.0
2613,0.0
2614,0.0
2615,0.0
2616,0.0
2617,0.0
2618,0.0
2619,0.0
2620,0.0
2621,0.0
2622,0.009089999999999999
2623,0.0987
2624,0.16446
2625,0.24259999999999998
2626,0.35711000000000004
2627,0.41182
2628,0.45685000000000003
2629,0.46367
2630,0.40482
2631,0.24988999999999997
2632,0.14184
2633,0.01812
2634,0.0
2635,0.0
2636,0.0
2637,0.0
2638,0.0
2639,0.0
2640,0.0
2641,0.0
2642,0.0
2643,0.0
2644,0.0
2645,0.0
2646,0.04462
2647,0.15418
2648,0.30052
2649,0.46403
2650,0.54591
2651,0.6459
2652,0.6102000000000001
2653,0.5408
2654,0.31876
2655,0.26237
2656,0.11119
2657,0.0116
2658,0.0
2659,0.0
2660,0.0
2661,0.0
2662,0.0
2663,0.0
2664,0.0
2665,0.0
2666,0.0
2667,0.0
2668,0.0
2669,0.0
2670,0.016149999999999998
2671,0.0955
2672,0.21123
2673,0.30462
2674,0.28312
2675,0.39387
2676,0.39608
2677,0.42517
2678,0.27442
2679,0.11856
2680,0.07287
2681,0.019870000000000002
2682,0.0
2683,0.0
2684,0.0
2685,0.0
2686,0.0
2687,0.0
2688,0.0
2689,0.0
2690,0.0
2691,0.0
2692,0.0
2693,0.0
2694,0.038560000000000004
2695,0.17411000000000001
2696,0.42352
2697,0.46631
2698,0.6276
2699,0.5415800000000001
2700,0.5354
2701,0.37689
2702,0.30766000000000004
2703,0.19411
2704,0.09082
2705,0.01653
2706,0.0
2707,0.0
2708,0.0
2709,0.0
2710,0.0
2711,0.0
2712,0.0
2713,0.0
2714,0.0
2715,0.0
2716,0.0
2717,0.0
2718,0.008539999999999999
2719,0.06695999999999999
2720,0.28537
2721,0.27143
2722,0.31477
2723,0.41384
2724,0.42102999999999996
2725,0.41861000000000004
2726,0.24459
2727,0.21206999999999998
2728,0.10901999999999999
2729,0.01893
2730,0.0
2731,0.0
2732,0.0
2733,0.0
2734,0.0
2735,0.0
2736,0.0
2737,0.0
2738,0.0
2739,0.0
2740,0.0
2741,0.0
2742,0.04629
2743,0.20611000000000002
2744,0.31614
2745,0.4628
2746,0.52731
2747,0.66461
2748,0.64703
2749,0.59503
2750,0.39848
2751,0.23836000000000002
2752,0.09570999999999999
2753,0.01616
2754,0.0
2755,0.0
2756,0.0
2757,0.0
2758,0.0
2759,0.0
2760,0.0
2761,0.0
2762,0.0
2763,0.0
2764,0.0
2765,0.0
2766,0.011949999999999999
2767,0.05865
2768,0.16995
2769,0.1638
2770,0.26859
2771,0.37189999999999995
2772,0.34572
2773,0.32616
2774,0.23152
2775,0.16341999999999998
2776,0.07759
2777,0.02139
2778,0.0
2779,0.0
2780,0.0
2781,0.0
2782,0.0
2783,0.0
2784,0.0
2785,0.0
2786,0.0
2787,0.0
2788,0.0
2789,0.0
2790,0.013949999999999999
2791,0.07368999999999999
2792,0.22228
2793,0.31488
2794,0.3447
2795,0.36576
2796,0.4556
2797,0.39799
2798,0.39719
2799,0.25158
2800,0.13453
2801,0.026670000000000003
2802,0.0
2803,0.0
2804,0.0
2805,0.0
2806,0.0
2807,0.0
2808,0.0
2809,0.0
2810,0.0
2811,0.0
2812,0.0
2813,0.0
2814,0.053380000000000004
2815,0.22946
2816,0.42434
2817,0.48999000000000004
2818,0.51943
2819,0.63215
2820,0.63882
2821,0.44918
2822,0.28898
2823,0.18087999999999999
2824,0.09209
2825,0.019969999999999998
2826,0.0
2827,0.0
2828,0.0
2829,0.0
2830,0.0
2831,0.0
2832,0.0
2833,0.0
2834,0.0
2835,0.0
2836,0.0
2837,0.0
2838,0.0422
2839,0.12459999999999999
2840,0.24165
2841,0.36982
2842,0.32238
2843,0.38561
2844,0.327
2845,0.5446799999999999
2846,0.31166000000000005
2847,0.19393000000000002
2848,0.08688
2849,0.01837
2850,0.0
2851,0.0
2852,0.0
2853,0.0
2854,0.0
2855,0.0
2856,0.0
2857,0.0
2858,0.0
2859,0.0
2860,0.0
2861,0.0
2862,0.03527
2863,0.20312
2864,0.41694
2865,0.56029
2866,0.58072
2867,0.68104
2868,0.5247
2869,0.46107
2870,0.37069
2871,0.20933000000000002
2872,0.07733
2873,0.02088
2874,0.0
2875,0.0
2876,0.0
2877,0.0
2878,0.0
2879,0.0
2880,0.0
2881,0.0
2882,0.0
2883,0.0
2884,0.0
2885,0.0
2886,0.0185
2887,0.09788
2888,0.25315
2889,0.24831
2890,0.37139999999999995
2891,0.43738
2892,0.5325
2893,0.37633999999999995
2894,0.33770999999999995
2895,0.16091999999999998
2896,0.10925
2897,0.01062
2898,0.0
2899,0.0
2900,0.0
2901,0.0
2902,0.0
2903,0.0
2904,0.0
2905,0.0
2906,0.0
2907,0.0
2908,0.0
2909,0.0
2910,0.02461
2911,0.09983
2912,0.13422
2913,0.19535
2914,0.21124
2915,0.1365
2916,0.23296
2917,0.30166000000000004
2918,0.22519
2919,0.11561
2920,0.04897
2921,0.01957
2922,0.0
2923,0.0
2924,0.0
2925,0.0
2926,0.0
2927,0.0
2928,0.0
2929,0.0
2930,0.0
2931,0.0
2932,0.0
2933,0.0
2934,0.040060000000000005
2935,0.12544
2936,0.21375999999999998
2937,0.34216
2938,0.43445999999999996
2939,0.42810000000000004
2940,0.49651
2941,0.46943
2942,0.39244999999999997
2943,0.20145
2944,0.11065000000000001
2945,0.02435
2946,0.0
2947,0.0
2948,0.0
2949,0.0
2950,0.0
2951,0.0
2952,0.0
2953,0.0
2954,0.0
2955,0.0
2956,0.0
2957,0.0
2958,0.047850000000000004
2959,0.21693
2960,0.32387
2961,0.43239
2962,0.5631799999999999
2963,0.62515
2964,0.58472
2965,0.54687
2966,0.41622000000000003
2967,0.22998
2968,0.1226
2969,0.026609999999999998
2970,0.0
2971,0.0
2972,0.0
2973,0.0
2974,0.0
2975,0.0
2976,0.0
2977,0.0
2978,0.0
2979,0.0
2980,0.0
2981,0.0
2982,0.05009
2983,0.20679
2984,0.3959
2985,0.42512
2986,0.51352
2987,0.55799
2988,0.49518
2989,0.51022
2990,0.38921
2991,0.21567
2992,0.11304
2993,0.01469
2994,0.0
2995,0.0
2996,0.0
2997,0.0
2998,0.0
2999,0.0
3000,0.0
3001,0.0
3002,0.0
3003,0.0
3004,0.0
3005,0.0
3006,0.038729999999999994
3007,0.20152
3008,0.355
3009,0.50098
3010,0.5785800000000001
3011,0.58713
3012,0.53864
3013,0.46676999999999996
3014,0.32431
3015,0.13382
3016,0.03665
3017,0.01196
3018,0.0
3019,0.0
3020,0.0
3021,0.0
3022,0.0
3023,0.0
3024,0.0
3025,0.0
3026,0.0
3027,0.0
3028,0.0
3029,0.0
3030,0.03024
3031,0.14292
3032,0.3068
3033,0.36402999999999996
3034,0.42075
3035,0.5306000000000001
3036,0.50114
3037,0.3415
3038,0.25167
3039,0.15855000000000002
3040,0.09172
3041,0.01795
3042,0.0
3043,0.0
3044,0.0
3045,0.0
3046,0.0
3047,0.0
3048,0.0
3049,0.0
3050,0.0
3051,0.0
3052,0.0
3053,0.0
3054,0.00591
3055,0.04094
3056,0.04772
3057,0.11254
3058,0.17736000000000002
3059,0.25228
3060,0.24653
3061,0.39377
3062,0.20648
3063,0.18703
3064,0.12093000000000001
3065,0.02182
3066,0.0
3067,0.0
3068,0.0
3069,0.0
3070,0.0
3071,0.0
3072,0.0
3073,0.0
3074,0.0
3075,0.0
3076,0.0
3077,0.0
3078,0.02926
3079,0.12697
3080,0.23571999999999999
3081,0.40904
3082,0.41104
3083,0.42713999999999996
3084,0.38256
3085,0.31966
3086,0.21299
3087,0.21228999999999998
3088,0.10291
3089,0.010029999999999999
3090,0.0
3091,0.0
3092,0.0
3093,0.0
3094,0.0
3095,0.0
3096,0.0
3097,0.0
3098,0.0
3099,0.0
3100,0.0
3101,0.0
3102,0.01145
3103,0.0156
3104,0.06820999999999999
3105,0.19343000000000002
3106,0.38275
3107,0.31389
3108,0.26376
3109,0.39098
3110,0.32777999999999996
3111,0.17762
3112,0.12036
3113,0.012580000000000001
3114,0.0
3115,0.0
3116,0.0
3117,0.0
3118,0.0
3119,0.0
3120,0.0
3121,0.0
3122,0.0
3123,0.0
3124,0.0
3125,0.0
3126,0.0077800000000000005
3127,0.049659999999999996
3128,0.12634
3129,0.18400999999999998
3130,0.29085
3131,0.39712000000000003
3132,0.26766
3133,0.42789
3134,0.38181
3135,0.23596
3136,0.13388999999999998
3137,0.01694
3138,0.0
3139,0.0
3140,0.0
3141,0.0
3142,0.0
3143,0.0
3144,0.0
3145,0.0
3146,0.0
3147,0.0
3148,0.0
3149,0.0
3150,0.05233
3151,0.1499
3152,0.30826
3153,0.46776999999999996
3154,0.64301
3155,0.64143
3156,0.60173
3157,0.5057
3158,0.42984
3159,0.31605
3160,0.11311
3161,0.015529999999999999
3162,0.0
3163,0.0
3164,0.0
3165,0.0
3166,0.0
3167,0.0
3168,0.0
3169,0.0
3170,0.0
3171,0.0
3172,0.0
3173,0.0
3174,0.045689999999999995
3175,0.24643
3176,0.46641000000000005
3177,0.614
3178,0.6738099999999999
3179,0.70853
3180,0.72714
3181,0.6255700000000001
3182,0.45369
3183,0.30732
3184,0.12702
3185,0.01773
3186,0.0
3187,0.0
3188,0.0
3189,0.0
3190,0.0
3191,0.0
3192,0.0
3193,0.0
3194,0.0
3195,0.0
3196,0.0
3197,0.0
3198,0.05403
3199,0.20027
3200,0.41347
3201,0.54241
3202,0.6507200000000001
3203,0.69108
3204,0.6314099999999999
3205,0.45180000000000003
3206,0.36977
3207,0.20305
3208,0.09286
3209,0.019870000000000002
3210,0.0
3211,0.0
3212,0.0
3213,0.0
3214,0.0
3215,0.0
3216,0.0
3217,0.0
3218,0.0
3219,0.0
3220,0.0
3221,0.0
3222,0.04206
3223,0.16665
3224,0.2934
3225,0.4686
3226,0.53624
3227,0.59936
3228,0.49448000000000003
3229,0.50737
3230,0.37278
3231,0.22801
3232,0.09568
3233,0.0173
3234,0.0
3235,0.0
3236,0.0
3237,0.0
3238,0.0
3239,0.0
3240,0.0
3241,0.0
3242,0.0
3243,0.0
3244,0.0
3245,0.0
3246,0.039020000000000006
3247,0.16612000000000002
3248,0.36207
3249,0.43011
3250,0.5750700000000001
3251,0.63977
3252,0.53439
3253,0.53637
3254,0.46446
3255,0.24093
3256,0.11938
3257,0.02327
3258,0.0
3259,0.0
3260,0.0
3261,0.0
3262,0.0
3263,0.0
3264,0.0
3265,0.0
3266,0.0
3267,0.0
3268,0.0
3269,0.0
3270,0.039310000000000005
3271,0.16246000000000002
3272,0.31437
3273,0.39362
3274,0.4889
3275,0.52318
3276,0.5499299999999999
3277,0.35688
3278,0.2449
3279,0.24037
3280,0.10531
3281,0.020329999999999997
3282,0.0
3283,0.0
3284,0.0
3285,0.0
3286,0.0
3287,0.0
3288,0.0
3289,0.0
3290,0.0
3291,0.0
3292,0.0
3293,0.0
3294,0.02136
3295,0.12615
3296,0.28869
3297,0.43959
3298,0.43272000000000005
3299,0.53039
3300,0.5614
3301,0.42694
3302,0.34726
3303,0.18713999999999997
3304,0.049530000000000005
3305,0.017929999999999998
3306,0.0
3307,0.0
3308,0.0
3309,0.0
3310,0.0
3311,0.0
3312,0.0
3313,0.0
3314,0.0
3315,0.0
3316,0.0
3317,0.0
3318,0.03555
3319,0.18024
3320,0.40214999999999995
3321,0.58469
3322,0.67135
3323,0.6305700000000001
3324,0.60972
3325,0.54969
3326,0.51332
3327,0.23649
3328,0.10951999999999999
3329,0.00818
3330,0.0
3331,0.0
3332,0.0
3333,0.0
3334,0.0
3335,0.0
3336,0.0
3337,0.0
3338,0.0
3339,0.0
3340,0.0
3341,0.0
3342,0.04377
3343,0.18076
3344,0.34476
3345,0.5483
3346,0.66273
3347,0.64232
3348,0.5738099999999999
3349,0.48307
3350,0.34367000000000003
3351,0.25496
3352,0.08916
3353,0.00826
3354,0.0
3355,0.0
3356,0.0
3357,0.0
3358,0.0
3359,0.0
3360,0.0
3361,0.0
3362,0.0
3363,0.0
3364,0.0
3365,0.0
3366,0.037079999999999995
3367,0.14964
3368,0.24012
3369,0.35796
3370,0.48044
3371,0.48901999999999995
3372,0.45277
3373,0.38648000000000005
3374,0.25642000000000004
3375,0.11219
3376,0.07269
3377,0.02136
3378,0.0
3379,0.0
3380,0.0
3381,0.0
3382,0.0
3383,0.0
3384,0.0
3385,0.0
3386,0.0
3387,0.0
3388,0.0
3389,0.0
3390,0.04249
3391,0.18161000000000002
3392,0.39123
3393,0.57413
3394,0.54789
3395,0.6060599999999999
3396,0.63086
3397,0.55631
3398,0.43933999999999995
3399,0.29092
3400,0.10193
3401,0.00911
3402,0.0
3403,0.0
3404,0.0
3405,0.0
3406,0.0
3407,0.0
3408,0.0
3409,0.0
3410,0.0
3411,0.0
3412,0.0
3413,0.0
3414,0.03781
3415,0.18338
3416,0.36231
3417,0.53167
3418,0.5312899999999999
3419,0.5209199999999999
3420,0.32798
3421,0.29506
3422,0.20953
3423,0.20840999999999998
3424,0.11577
3425,0.013699999999999999
3426,0.0
3427,0.0
3428,0.0
3429,0.0
3430,0.0
3431,0.0
3432,0.0
3433,0.0
3434,0.0
3435,0.0
3436,0.0
3437,0.0
3438,0.03658
3439,0.19627
3440,0.37718
3441,0.5166000000000001
3442,0.49118
3443,0.64135
3444,0.54684
3445,0.56956
3446,0.45283
3447,0.31873
3448,0.16529
3449,0.027039999999999998
3450,0.0
3451,0.0
3452,0.0
3453,0.0
3454,0.0
3455,0.0
3456,0.0
3457,0.0
3458,0.0
3459,0.0
3460,0.0
3461,0.0
3462,0.0441
3463,0.17476
3464,0.38925
3465,0.5322
3466,0.63187
3467,0.57548
3468,0.5124299999999999
3469,0.62082
3470,0.44732
3471,0.32368
3472,0.14121
3473,0.02777
3474,0.0
3475,0.0
3476,0.0
3477,0.0
3478,0.0
3479,0.0
3480,0.0
3481,0.0
3482,0.0
3483,0.0
3484,0.0
3485,0.0
3486,0.05231
3487,0.25783
3488,0.47167000000000003
3489,0.5971599999999999
3490,0.64838
3491,0.68192
3492,0.6426499999999999
3493,0.6118300000000001
3494,0.43972
3495,0.31123
3496,0.1601
3497,0.03052
3498,0.0
3499,0.0
3500,0.0
3501,0.0
3502,0.0
3503,0.0
3504,0.0
3505,0.0
3506,0.0
3507,0.0
3508,0.0
3509,0.0
3510,0.03656
3511,0.16876
3512,0.38811
3513,0.50222
3514,0.5899500000000001
3515,0.585
3516,0.61742
3517,0.51946
3518,0.42373
3519,0.22437
3520,0.1192
3521,0.0182
3522,0.0
3523,0.0
3524,0.0
3525,0.0
3526,0.0
3527,0.0
3528,0.0
3529,0.0
3530,0.0
3531,0.0
3532,0.0
3533,0.0
3534,0.030789999999999998
3535,0.12409
3536,0.19394
3537,0.34716
3538,0.4482
3539,0.55147
3540,0.52601
3541,0.45375
3542,0.31382
3543,0.18887
3544,0.08778
3545,0.015529999999999999
3546,0.0
3547,0.0
3548,0.0
3549,0.0
3550,0.0
3551,0.0
3552,0.0
3553,0.0
3554,0.0
3555,0.0
3556,0.0
3557,0.0
3558,0.01728
3559,0.13182
3560,0.25395
3561,0.26479
3562,0.3255
3563,0.2854
3564,0.1144
3565,0.33736
3566,0.20392
3567,0.14335
3568,0.07715999999999999
3569,0.022170000000000002
3570,0.0
3571,0.0
3572,0.0
3573,0.0
3574,0.0
3575,0.0
3576,0.0
3577,0.0
3578,0.0
3579,0.0
3580,0.0
3581,0.0
3582,0.040299999999999996
3583,0.12601
3584,0.25991000000000003
3585,0.44236000000000003
3586,0.5212100000000001
3587,0.6127400000000001
3588,0.58873
3589,0.52625
3590,0.47539
3591,0.31289999999999996
3592,0.14901
3593,0.020390000000000002
3594,0.0
3595,0.0
3596,0.0
3597,0.0
3598,0.0
3599,0.0
3600,0.0
3601,0.0
3602,0.0
3603,0.0
3604,0.0
3605,0.0
3606,0.05258
3607,0.17728
3608,0.32383999999999996
3609,0.53162
3610,0.58901
3611,0.68656
3612,0.66969
3613,0.56826
3614,0.46895
3615,0.28502999999999995
3616,0.15881
3617,0.026359999999999998
3618,0.0
3619,0.0
3620,0.0
3621,0.0
3622,0.0
3623,0.0
3624,0.0
3625,0.0
3626,0.0
3627,0.0
3628,0.0
3629,0.0
3630,0.04451
3631,0.18812
3632,0.34931
3633,0.5390900000000001
3634,0.6228899999999999
3635,0.70153
3636,0.62183
3637,0.52411
3638,0.45964
3639,0.28663
3640,0.12755
3641,0.03289
3642,0.0
3643,0.0
3644,0.0
3645,0.0
3646,0.0
3647,0.0
3648,0.0
3649,0.0
3650,0.0
3651,0.0
3652,0.0
3653,0.0
3654,0.043840000000000004
3655,0.20481
3656,0.35187
3657,0.47693
3658,0.6082799999999999
3659,0.70565
3660,0.5851000000000001
3661,0.54089
3662,0.3522
3663,0.24541
3664,0.13553
3665,0.028399999999999998
3666,0.0
3667,0.0
3668,0.0
3669,0.0
3670,0.0
3671,0.0
3672,0.0
3673,0.0
3674,0.0
3675,0.0
3676,0.0
3677,0.0
3678,0.04556
3679,0.20426
3680,0.35412
3681,0.46754
3682,0.57399
3683,0.5517000000000001
3684,0.45312
3685,0.51101
3686,0.3645
3687,0.27436
3688,0.09836
3689,0.02568
3690,0.0
3691,0.0
3692,0.0
3693,0.0
3694,0.0
3695,0.0
3696,0.0
3697,0.0
3698,0.0
3699,0.0
3700,0.0
3701,0.0
3702,0.04972
3703,0.20224
3704,0.41652
3705,0.49723
3706,0.49971
3707,0.69372
3708,0.6910299999999999
3709,0.53965
3710,0.44605
3711,0.307
3712,0.14861000000000002
3713,0.028640000000000002
3714,0.0
3715,0.0
3716,0.0
3717,0.0
3718,0.0
3719,0.0
3720,0.0
3721,0.0
3722,0.0
3723,0.0
3724,0.0
3725,0.0
3726,0.03739
3727,0.20795
3728,0.39342
3729,0.46989
3730,0.59233
3731,0.68978
3732,0.5852
3733,0.5117
3734,0.42898000000000003
3735,0.2811
3736,0.15063
3737,0.024079999999999997
3738,0.0
3739,0.0
3740,0.0
3741,0.0
3742,0.0
3743,0.0
3744,0.0
3745,0.0
3746,0.0
3747,0.0
3748,0.0
3749,0.0
3750,0.05116
3751,0.18602000000000002
3752,0.35144
3753,0.51012
3754,0.6389400000000001
3755,0.6549299999999999
3756,0.65904
3757,0.56349
3758,0.40605
3759,0.32056999999999997
3760,0.15416
3761,0.02859
3762,0.0
3763,0.0
3764,0.0
3765,0.0
3766,0.0
3767,0.0
3768,0.0
3769,0.0
3770,0.0
3771,0.0
3772,0.0
3773,0.0
3774,0.03389
3775,0.18674000000000002
3776,0.30811
3777,0.44079
3778,0.55803
3779,0.57826
3780,0.57352
3781,0.50115
3782,0.38248000000000004
3783,0.24126
3784,0.14063
3785,0.03188
3786,0.0
3787,0.0
3788,0.0
3789,0.0
3790,0.0
3791,0.0
3792,0.0
3793,0.0
3794,0.0
3795,0.0
3796,0.0
3797,0.0
3798,0.045270000000000005
3799,0.21201
3800,0.29475999999999997
3801,0.48452
3802,0.5279299999999999
3803,0.54111
3804,0.6001299999999999
3805,0.45686
3806,0.40275
3807,0.28325
3808,0.11981
3809,0.02822
3810,0.0
3811,0.0
3812,0.0
3813,0.0
3814,0.0
3815,0.0
3816,0.0
3817,0.0
3818,0.0
3819,0.0
3820,0.0
3821,0.0
3822,0.04907
3823,0.18089
3824,0.37729
3825,0.53534
3826,0.6671
3827,0.6740900000000001
3828,0.66484
3829,0.53785
3830,0.46585000000000004
3831,0.27926999999999996
3832,0.1163
3833,0.02491
3834,0.0
3835,0.0
3836,0.0
3837,0.0
3838,0.0
3839,0.0
3840,0.0
3841,0.0
3842,0.0
3843,0.0
3844,0.0
3845,0.0
3846,0.05907
3847,0.23257
3848,0.42845
3849,0.57635
3850,0.65873
3851,0.7150700000000001
3852,0.65832
3853,0.5709500000000001
3854,0.47941
3855,0.34181
3856,0.16216999999999998
3857,0.02613
3858,0.0
3859,0.0
3860,0.0
3861,0.0
3862,0.0
3863,0.0
3864,0.0
3865,0.0
3866,0.0
3867,0.0
3868,0.0
3869,0.0
3870,0.06687
3871,0.27086
3872,0.46625
3873,0.59262
3874,0.69011
3875,0.71925
3876,0.69102
3877,0.62536
3878,0.50922
3879,0.33512000000000003
3880,0.1549
3881,0.03221
3882,0.0
3883,0.0
3884,0.0
3885,0.0
3886,0.0
3887,0.0
3888,0.0
3889,0.0
3890,0.0
3891,0.0
3892,0.0
3893,0.0
3894,0.06441
3895,0.24311000000000002
3896,0.44327999999999995
3897,0.59068
3898,0.64087
3899,0.65589
3900,0.6521399999999999
3901,0.5786100000000001
3902,0.46529000000000004
3903,0.33331
3904,0.14594
3905,0.03376
3906,0.0
3907,0.0
3908,0.0
3909,0.0
3910,0.0
3911,0.0
3912,0.0
3913,0.0
3914,0.0
3915,0.0
3916,0.0
3917,0.0
3918,0.03608
3919,0.19115000000000001
3920,0.41387
3921,0.53138
3922,0.60764
3923,0.63417
3924,0.5425599999999999
3925,0.58335
3926,0.4144
3927,0.24722
3928,0.09912
3929,0.02891
3930,0.0
3931,0.0
3932,0.0
3933,0.0
3934,0.0
3935,0.0
3936,0.0
3937,0.0
3938,0.0
3939,0.0
3940,0.0
3941,0.0
3942,0.034390000000000004
3943,0.13398
3944,0.21963
3945,0.28899
3946,0.26274000000000003
3947,0.42757
3948,0.46309
3949,0.52625
3950,0.31181
3951,0.20512
3952,0.11934
3953,0.02855
3954,0.0
3955,0.0
3956,0.0
3957,0.0
3958,0.0
3959,0.0
3960,0.0
3961,0.0
3962,0.0
3963,0.0
3964,0.0
3965,0.0
3966,0.02502
3967,0.24007
3968,0.43311
3969,0.56789
3970,0.6811
3971,0.6909
3972,0.6442
3973,0.6244299999999999
3974,0.50587
3975,0.33313
3976,0.16162
3977,0.02544
3978,0.0
3979,0.0
3980,0.0
3981,0.0
3982,0.0
3983,0.0
3984,0.0
3985,0.0
3986,0.0
3987,0.0
3988,0.0
3989,0.0
3990,0.02495
3991,0.21015
3992,0.36687000000000003
3993,0.57211
3994,0.6643600000000001
3995,0.7006699999999999
3996,0.7051900000000001
3997,0.62891
3998,0.45343
3999,0.33767
4000,0.15907
4001,0.03057
4002,0.0
4003,0.0
4004,0.0
4005,0.0
4006,0.0
4007,0.0
4008,0.0
4009,0.0
4010,0.0
4011,0.0
4012,0.0
4013,0.0
4014,0.034140000000000004
4015,0.17324
4016,0.34372
4017,0.44965
4018,0.43869
4019,0.50792
4020,0.52147
4021,0.52736
4022,0.44145999999999996
4023,0.2706
4024,0.09297
4025,0.02004
4026,0.0
4027,0.0
4028,0.0
4029,0.0
4030,0.0
4031,0.0
4032,0.0
4033,0.0
4034,0.0
4035,0.0
4036,0.0
4037,0.0
4038,0.0146
4039,0.06718
4040,0.1253
4041,0.22884000000000002
4042,0.31593
4043,0.44017
4044,0.47018
4045,0.47798
4046,0.4116
4047,0.21353
4048,0.11665
4049,0.02842
4050,0.0
4051,0.0
4052,0.0
4053,0.0
4054,0.0
4055,0.0
4056,0.0
4057,0.0
4058,0.0
4059,0.0
4060,0.0
4061,0.0
4062,0.023940000000000003
4063,0.10918000000000001
4064,0.35125
4065,0.50552
4066,0.65347
4067,0.67338
4068,0.6378400000000001
4069,0.53443
4070,0.4322
4071,0.30741
4072,0.12963
4073,0.023809999999999998
4074,0.0
4075,0.0
4076,0.0
4077,0.0
4078,0.0
4079,0.0
4080,0.0
4081,0.0
4082,0.0
4083,0.0
4084,0.0
4085,0.0
4086,0.02286
4087,0.25258
4088,0.39956
4089,0.4869
4090,0.58829
4091,0.60274
4092,0.61027
4093,0.55043
4094,0.45493
4095,0.32481
4096,0.14581
4097,0.03704
4098,0.0
4099,0.0
4100,0.0
4101,0.0
4102,0.0
4103,0.0
4104,0.0
4105,0.0
4106,0.0
4107,0.0
4108,0.0
4109,0.0
4110,0.02865
4111,0.1672
4112,0.32564
4113,0.49560000000000004
4114,0.58811
4115,0.59723
4116,0.60024
4117,0.505
4118,0.42692
4119,0.26477999999999996
4120,0.12881
4121,0.027129999999999998
4122,0.0
4123,0.0
4124,0.0
4125,0.0
4126,0.0
4127,0.0
4128,0.0
4129,0.0
4130,0.0
4131,0.0
4132,0.0
4133,0.0
4134,0.02518
4135,0.17790999999999998
4136,0.31845
4137,0.42583
4138,0.49987
4139,0.48617
4140,0.5391900000000001
4141,0.46577999999999997
4142,0.37113999999999997
4143,0.28102999999999995
4144,0.14003
4145,0.02743
4146,0.0
4147,0.0
4148,0.0
4149,0.0
4150,0.0
4151,0.0
4152,0.0
4153,0.0
4154,0.0
4155,0.0
4156,0.0
4157,0.0
4158,0.03111
4159,0.19326
4160,0.35005000000000003
4161,0.50269
4162,0.61795
4163,0.66461
4164,0.6040099999999999
4165,0.48657999999999996
4166,0.42014
4167,0.29546
4168,0.14021
4169,0.04002
4170,0.0
4171,0.0
4172,0.0
4173,0.0
4174,0.0
4175,0.0
4176,0.0
4177,0.0
4178,0.0
4179,0.0
4180,0.0
4181,0.0
4182,0.0338
4183,0.15780000000000002
4184,0.26994
4185,0.33499
4186,0.44564
4187,0.5402
4188,0.5767599999999999
4189,0.58784
4190,0.45375
4191,0.3034
4192,0.15453999999999998
4193,0.027309999999999997
4194,0.0
4195,0.0
4196,0.0
4197,0.0
4198,0.0
4199,0.0
4200,0.0
4201,0.0
4202,0.0
4203,0.0
4204,0.0
4205,0.0
4206,0.019289999999999998
4207,0.21221
4208,0.41186
4209,0.50289
4210,0.57628
4211,0.5123300000000001
4212,0.58923
4213,0.54776
4214,0.41617000000000004
4215,0.3087
4216,0.11045
4217,0.04032
4218,0.0
4219,0.0
4220,0.0
4221,0.0
4222,0.0
4223,0.0
4224,0.0
4225,0.0
4226,0.0
4227,0.0
4228,0.0
4229,0.0
4230,0.01995
4231,0.24587
4232,0.44203
4233,0.5935900000000001
4234,0.6058300000000001
4235,0.68302
4236,0.6390399999999999
4237,0.49827999999999995
4238,0.3984
4239,0.27343
4240,0.09883
4241,0.036289999999999996
4242,0.0
4243,0.0
4244,0.0
4245,0.0
4246,0.0
4247,0.0
4248,0.0
4249,0.0
4250,0.0
4251,0.0
4252,0.0
4253,0.0
4254,0.02764
4255,0.21494
4256,0.39038999999999996
4257,0.57128
4258,0.63718
4259,0.68588
4260,0.67216
4261,0.57527
4262,0.45277
4263,0.26544999999999996
4264,0.15591
4265,0.04665
4266,0.0
4267,0.0
4268,0.0
4269,0.0
4270,0.0
4271,0.0
4272,0.0
4273,0.0
4274,0.0
4275,0.0
4276,0.0
4277,0.0
4278,0.02045
4279,0.13943
4280,0.31199
4281,0.46682
4282,0.57572
4283,0.59348
4284,0.64375
4285,0.64538
4286,0.51212
4287,0.37653
4288,0.17455
4289,0.027809999999999998
4290,0.0
4291,0.0
4292,0.0
4293,0.0
4294,0.0
4295,0.0
4296,0.0
4297,0.0
4298,0.0
4299,0.0
4300,0.0
4301,0.0
4302,0.02085
4303,0.23516
4304,0.4387
4305,0.5425399999999999
4306,0.63777
4307,0.68121
4308,0.7087100000000001
4309,0.64667
4310,0.50795
4311,0.3535
4312,0.17159
4313,0.03028
4314,0.0
4315,0.0
4316,0.0
4317,0.0
4318,0.0
4319,0.0
4320,0.0
4321,0.0
4322,0.0
4323,0.0
4324,0.0
4325,0.0
4326,0.02639
4327,0.19403
4328,0.399
4329,0.5280199999999999
4330,0.60533
4331,0.66503
4332,0.6786
4333,0.54796
4334,0.35641
4335,0.22768
4336,0.13225
4337,0.03222
4338,0.0
4339,0.0
4340,0.0
4341,0.0
4342,0.0
4343,0.0
4344,0.0
4345,0.0
4346,0.0
4347,0.0
4348,0.0
4349,0.0
4350,0.01358
4351,0.15830000000000002
4352,0.31948000000000004
4353,0.52407
4354,0.57443
4355,0.5462899999999999
4356,0.6392899999999999
4357,0.5077900000000001
4358,0.38848
4359,0.27726999999999996
4360,0.1341
4361,0.03191
4362,0.0
4363,0.0
4364,0.0
4365,0.0
4366,0.0
4367,0.0
4368,0.0
4369,0.0
4370,0.0
4371,0.0
4372,0.0
4373,0.0
4374,0.023559999999999998
4375,0.18869
4376,0.36121
4377,0.47861000000000004
4378,0.5945900000000001
4379,0.6422599999999999
4380,0.61672
4381,0.6046900000000001
4382,0.4452
4383,0.33675
4384,0.16449
4385,0.0427
4386,0.0
4387,0.0
4388,0.0
4389,0.0
4390,0.0
4391,0.0
4392,0.0
4393,0.0
4394,0.0
4395,0.0
4396,0.0
4397,0.0
4398,0.02246
4399,0.2414
4400,0.4445
4401,0.5868
4402,0.67039
4403,0.70251
4404,0.70211
4405,0.66889
4406,0.5405599999999999
4407,0.38988
4408,0.18562
4409,0.03392
4410,0.0
4411,0.0
4412,0.0
4413,0.0
4414,0.0
4415,0.0
4416,0.0
4417,0.0
4418,0.0
4419,0.0
4420,0.0
4421,0.0
4422,0.01989
4423,0.21542
4424,0.41381999999999997
4425,0.5984700000000001
4426,0.68662
4427,0.73193
4428,0.71161
4429,0.5689500000000001
4430,0.5072099999999999
4431,0.35704
4432,0.17255
4433,0.03935
4434,0.0
4435,0.0
4436,0.0
4437,0.0
4438,0.0
4439,0.0
4440,0.0
4441,0.0
4442,0.0
4443,0.0
4444,0.0
4445,0.0
4446,0.02172
4447,0.15965000000000001
4448,0.2805
4449,0.37292000000000003
4450,0.33725
4451,0.42085
4452,0.50766
4453,0.58273
4454,0.45961
4455,0.28578
4456,0.13988
4457,0.0404
4458,0.0
4459,0.0
4460,0.0
4461,0.0
4462,0.0
4463,0.0
4464,0.0
4465,0.0
4466,0.0
4467,0.0
4468,0.0
4469,0.0
4470,0.02457
4471,0.1375
4472,0.28763
4473,0.4245
4474,0.5320900000000001
4475,0.6006900000000001
4476,0.61433
4477,0.6117400000000001
4478,0.49412
4479,0.30738
4480,0.17053000000000001
4481,0.03252
4482,0.0
4483,0.0
4484,0.0
4485,0.0
4486,0.0
4487,0.0
4488,0.0
4489,0.0
4490,0.0
4491,0.0
4492,0.0
4493,0.0
4494,0.02142
4495,0.20404
4496,0.36107
4497,0.53885
4498,0.54643
4499,0.66516
4500,0.57412
4501,0.5935
4502,0.50393
4503,0.36033
4504,0.15297
4505,0.0343
4506,0.0
4507,0.0
4508,0.0
4509,0.0
4510,0.0
4511,0.0
4512,0.0
4513,0.0
4514,0.0
4515,0.0
4516,0.0
4517,0.0
4518,0.02854
4519,0.2189
4520,0.40161
4521,0.5559299999999999
4522,0.64571
4523,0.6546000000000001
4524,0.6176799999999999
4525,0.61066
4526,0.50404
4527,0.32162
4528,0.1565
4529,0.0281
4530,0.0
4531,0.0
4532,0.0
4533,0.0
4534,0.0
4535,0.0
4536,0.0
4537,0.0
4538,0.0
4539,0.0
4540,0.0
4541,0.0
4542,0.01982
4543,0.22944
4544,0.41414999999999996
4545,0.5579299999999999
4546,0.64022
4547,0.6984600000000001
4548,0.67028
4549,0.59434
4550,0.45366
4551,0.27788999999999997
4552,0.13329
4553,0.0261
4554,0.0
4555,0.0
4556,0.0
4557,0.0
4558,0.0
4559,0.0
4560,0.0
4561,0.0
4562,0.0
4563,0.0
4564,0.0
4565,0.0
4566,0.02569
4567,0.14978
4568,0.30465
4569,0.42539
4570,0.5447000000000001
4571,0.60281
4572,0.59997
4573,0.49567
4574,0.45012
4575,0.28976999999999997
4576,0.13588999999999998
4577,0.03309
4578,0.0
4579,0.0
4580,0.0
4581,0.0
4582,0.0
4583,0.0
4584,0.0
4585,0.0
4586,0.0
4587,0.0
4588,0.0
4589,0.0
4590,0.02488
4591,0.1601
4592,0.29291
4593,0.40841000000000005
4594,0.48518
4595,0.5586
4596,0.59139
4597,0.5492100000000001
4598,0.4265
4599,0.30294
4600,0.13933
4601,0.03908
4602,0.0
4603,0.0
4604,0.0
4605,0.0
4606,0.0
4607,0.0
4608,0.0
4609,0.0
4610,0.0
4611,0.0
4612,0.0
4613,0.0
4614,0.020399999999999998
4615,0.10396999999999999
4616,0.25013
4617,0.45665
4618,0.60225
4619,0.69641
4620,0.57102
4621,0.60562
4622,0.4782
4623,0.25495
4624,0.11916
4625,0.0338
4626,0.0
4627,0.0
4628,0.0
4629,0.0
4630,0.0
4631,0.0
4632,0.0
4633,0.0
4634,0.0
4635,0.0
4636,0.0
4637,0.0
4638,0.02004
4639,0.23921
4640,0.41369
4641,0.54888
4642,0.63244
4643,0.6590499999999999
4644,0.66864
4645,0.5568200000000001
4646,0.44153
4647,0.33132999999999996
4648,0.13358
4649,0.026170000000000002
4650,0.0
4651,0.0
4652,0.0
4653,0.0
4654,0.0
4655,0.0
4656,0.0
4657,0.0
4658,0.0
4659,0.0
4660,0.0
4661,0.0
4662,0.02175
4663,0.20628
4664,0.39199
4665,0.53137
4666,0.6110399999999999
4667,0.64327
4668,0.6890499999999999
4669,0.64347
4670,0.49962
4671,0.37442000000000003
4672,0.18947
4673,0.040060000000000005
4674,0.0
4675,0.0
4676,0.0
4677,0.0
4678,0.0
4679,0.0
4680,0.0
4681,0.0
4682,0.0
4683,0.0
4684,0.0
4685,0.0
4686,0.02668
4687,0.21165
4688,0.42571
4689,0.58202
4690,0.67257
4691,0.71715
4692,0.7348600000000001
4693,0.51628
4694,0.39300999999999997
4695,0.32724000000000003
4696,0.15878
4697,0.033530000000000004
4698,0.0
4699,0.0
4700,0.0
4701,0.0
4702,0.0
4703,0.0
4704,0.0
4705,0.0
4706,0.0
4707,0.0
4708,0.0
4709,0.0
4710,0.022789999999999998
4711,0.24099
4712,0.43833999999999995
4713,0.58399
4714,0.608
4715,0.72862
4716,0.66285
4717,0.57589
4718,0.51156
4719,0.35535
4720,0.18566999999999997
4721,0.05223
4722,0.0
4723,0.0
4724,0.0
4725,0.0
4726,0.0
4727,0.0
4728,0.0
4729,0.0
4730,0.0
4731,0.0
4732,0.0
4733,0.0
4734,0.02574
4735,0.21021
4736,0.37818999999999997
4737,0.48802999999999996
4738,0.60148
4739,0.6422899999999999
4740,0.65847
4741,0.52686
4742,0.4268
4743,0.28606
4744,0.16974
4745,0.04394
4746,0.0
4747,0.0
4748,0.0
4749,0.0
4750,0.0
4751,0.0
4752,0.0
4753,0.0
4754,0.0
4755,0.0
4756,0.0
4757,0.0
4758,0.02547
4759,0.13394999999999999
4760,0.26986
4761,0.427
4762,0.58105
4763,0.6056
4764,0.61797
4765,0.56132
4766,0.34349
4767,0.29101
4768,0.14644
4769,0.0373
4770,0.0
4771,0.0
4772,0.0
4773,0.0
4774,0.0
4775,0.0
4776,0.0
4777,0.0
4778,0.0
4779,0.0
4780,0.0
4781,0.0
4782,0.01955
4783,0.24054
4784,0.44992000000000004
4785,0.6109
4786,0.69814
4787,0.74283
4788,0.71926
4789,0.47719
4790,0.47686
4791,0.39554
4792,0.20413
4793,0.041530000000000004
4794,0.0
4795,0.0
4796,0.0
4797,0.0
4798,0.0
4799,0.0
4800,0.0
4801,0.0
4802,0.0
4803,0.0
4804,0.0
4805,0.0
4806,0.01311
4807,0.25271
4808,0.43154000000000003
4809,0.5659400000000001
4810,0.6519400000000001
4811,0.71504
4812,0.70859
4813,0.50112
4814,0.478
4815,0.29422000000000004
4816,0.14876
4817,0.039850000000000003
4818,0.0
4819,0.0
4820,0.0
4821,0.0
4822,0.0
4823,0.0
4824,0.0
4825,0.0
4826,0.0
4827,0.0
4828,0.0
4829,0.0
4830,0.022969999999999997
4831,0.15237
4832,0.34279000000000004
4833,0.5022
4834,0.60442
4835,0.6841
4836,0.70459
4837,0.62505
4838,0.50856
4839,0.35742
4840,0.185
4841,0.03465
4842,0.0
4843,0.0
4844,0.0
4845,0.0
4846,0.0
4847,0.0
4848,0.0
4849,0.0
4850,0.0
4851,0.0
4852,0.0
4853,0.0
4854,0.0235
4855,0.21653999999999998
4856,0.421
4857,0.58128
4858,0.7004199999999999
4859,0.70125
4860,0.68862
4861,0.5796
4862,0.44852
4863,0.24193
4864,0.10789
4865,0.03442
4866,0.0
4867,0.0
4868,0.0
4869,0.0
4870,0.0
4871,0.0
4872,0.0
4873,0.0
4874,0.0
4875,0.0
4876,0.0
4877,0.0
4878,0.01647
4879,0.22725
4880,0.4407
4881,0.58548
4882,0.6820499999999999
4883,0.73441
4884,0.69029
4885,0.60185
4886,0.49133
4887,0.36777
4888,0.18858000000000003
4889,0.033
4890,0.0
4891,0.0
4892,0.0
4893,0.0
4894,0.0
4895,0.0
4896,0.0
4897,0.0
4898,0.0
4899,0.0
4900,0.0
4901,0.0
4902,0.02453
4903,0.19157
4904,0.39536
4905,0.52388
4906,0.63221
4907,0.70241
4908,0.68951
4909,0.63549
4910,0.44911
4911,0.31561
4912,0.16672
4913,0.029
4914,0.0
4915,0.0
4916,0.0
4917,0.0
4918,0.0
4919,0.0
4920,0.0
4921,0.0
4922,0.0
4923,0.0
4924,0.0
4925,0.0
4926,0.02388
4927,0.23521
4928,0.44754
4929,0.60449
4930,0.69869
4931,0.7426799999999999
4932,0.74679
4933,0.67989
4934,0.55132
4935,0.37973
4936,0.18178999999999998
4937,0.03569
4938,0.0
4939,0.0
4940,0.0
4941,0.0
4942,0.0
4943,0.0
4944,0.0
4945,0.0
4946,0.0
4947,0.0
4948,0.0
4949,0.0
4950,0.01342
4951,0.25268999999999997
4952,0.44858
4953,0.6159600000000001
4954,0.7036
4955,0.73272
4956,0.70075
4957,0.6479
4958,0.51783
4959,0.38632
4960,0.17266
4961,0.033030000000000004
4962,0.0
4963,0.0
4964,0.0
4965,0.0
4966,0.0
4967,0.0
4968,0.0
4969,0.0
4970,0.0
4971,0.0
4972,0.0
4973,0.0
4974,0.02205
4975,0.14919
4976,0.28581
4977,0.31907
4978,0.51447
4979,0.5391900000000001
4980,0.52875
4981,0.53073
4982,0.44373
4983,0.30237
4984,0.15852000000000002
4985,0.03517
4986,0.0
4987,0.0
4988,0.0
4989,0.0
4990,0.0
4991,0.0
4992,0.0
4993,0.0
4994,0.0
4995,0.0
4996,0.0
4997,0.0
4998,0.01882
4999,0.23356
5000,0.45681
5001,0.61787
5002,0.7032999999999999
5003,0.75227
5004,0.7366
5005,0.6791
5006,0.56604
5007,0.40047000000000005
5008,0.20868
5009,0.03893
5010,0.0
5011,0.0
5012,0.0
5013,0.0
5014,0.0
5015,0.0
5016,0.0
5017,0.0
5018,0.0
5019,0.0
5020,0.0
5021,0.0
5022,0.01391
5023,0.24003
5024,0.43559
5025,0.5995900000000001
5026,0.67774
5027,0.7496499999999999
5028,0.74619
5029,0.6327
5030,0.49988
5031,0.33887
5032,0.16645
5033,0.033659999999999995
5034,0.0
5035,0.0
5036,0.0
5037,0.0
5038,0.0
5039,0.0
5040,0.0
5041,0.0
5042,0.0
5043,0.0
5044,0.0
5045,0.0
5046,0.018449999999999998
5047,0.20131
5048,0.44331
5049,0.59115
5050,0.68837
5051,0.72801
5052,0.6785800000000001
5053,0.60557
5054,0.50194
5055,0.29404
5056,0.14590999999999998
5057,0.02973
5058,0.0
5059,0.0
5060,0.0
5061,0.0
5062,0.0
5063,0.0
5064,0.0
5065,0.0
5066,0.0
5067,0.0
5068,0.0
5069,0.0
5070,0.01533
5071,0.25593
5072,0.44816
5073,0.5889
5074,0.6795399999999999
5075,0.74924
5076,0.71677
5077,0.6196799999999999
5078,0.54647
5079,0.37091
5080,0.17258
5081,0.03699
5082,0.0
5083,0.0
5084,0.0
5085,0.0
5086,0.0
5087,0.0
5088,0.0
5089,0.0
5090,0.0
5091,0.0
5092,0.0
5093,0.0
5094,0.01794
5095,0.24736000000000002
5096,0.43031
5097,0.54389
5098,0.65658
5099,0.69843
5100,0.63476
5101,0.59041
5102,0.49678
5103,0.32041000000000003
5104,0.15447999999999998
5105,0.04058
5106,0.0
5107,0.0
5108,0.0
5109,0.0
5110,0.0
5111,0.0
5112,0.0
5113,0.0
5114,0.0
5115,0.0
5116,0.0
5117,0.0
5118,0.01936
5119,0.10447
5120,0.21506
5121,0.30563
5122,0.38994999999999996
5123,0.5297999999999999
5124,0.53039
5125,0.47157
5126,0.33617
5127,0.30497
5128,0.15294999999999997
5129,0.03187
5130,0.0
5131,0.0
5132,0.0
5133,0.0
5134,0.0
5135,0.0
5136,0.0
5137,0.0
5138,0.0
5139,0.0
5140,0.0
5141,0.0
5142,0.024030000000000003
5143,0.19215000000000002
5144,0.3936
5145,0.57456
5146,0.65734
5147,0.72346
5148,0.70288
5149,0.5466599999999999
5150,0.43084
5151,0.27542
5152,0.15966
5153,0.037079999999999995
5154,0.0
5155,0.0
5156,0.0
5157,0.0
5158,0.0
5159,0.0
5160,0.0
5161,0.0
5162,0.0
5163,0.0
5164,0.0
5165,0.0
5166,0.0229
5167,0.22490000000000002
5168,0.43857999999999997
5169,0.58885
5170,0.67701
5171,0.72465
5172,0.6502
5173,0.55683
5174,0.45333
5175,0.35378
5176,0.19436
5177,0.03319
5178,0.0
5179,0.0
5180,0.0
5181,0.0
5182,0.0
5183,0.0
5184,0.0
5185,0.0
5186,0.0
5187,0.0
5188,0.0
5189,0.0
5190,0.013439999999999999
5191,0.18489
5192,0.35705000000000003
5193,0.57048
5194,0.69452
5195,0.73327
5196,0.6758099999999999
5197,0.64018
5198,0.52964
5199,0.33137
5200,0.18346
5201,0.02845
5202,0.0
5203,0.0
5204,0.0
5205,0.0
5206,0.0
5207,0.0
5208,0.0
5209,0.0
5210,0.0
5211,0.0
5212,0.0
5213,0.0
5214,0.0183
5215,0.22086
5216,0.46216
5217,0.6083500000000001
5218,0.70868
5219,0.73227
5220,0.70636
5221,0.5472400000000001
5222,0.47085000000000005
5223,0.23071
5224,0.1494
5225,0.031239999999999997
5226,0.0
5227,0.0
5228,0.0
5229,0.0
5230,0.0
5231,0.0
5232,0.0
5233,0.0
5234,0.0
5235,0.0
5236,0.0
5237,0.0
5238,0.02035
5239,0.20295
5240,0.40591000000000005
5241,0.56256
5242,0.698
5243,0.62522
5244,0.6615700000000001
5245,0.4596
5246,0.35758
5247,0.28219
5248,0.17098
5249,0.028
5250,0.0
5251,0.0
5252,0.0
5253,0.0
5254,0.0
5255,0.0
5256,0.0
5257,0.0
5258,0.0
5259,0.0
5260,0.0
5261,0.0
5262,0.01891
5263,0.21009999999999998
5264,0.37173
5265,0.46945
5266,0.56655
5267,0.6598099999999999
5268,0.67945
5269,0.58276
5270,0.52719
5271,0.34195
5272,0.17636000000000002
5273,0.04136
5274,0.0
5275,0.0
5276,0.0
5277,0.0
5278,0.0
5279,0.0
5280,0.0
5281,0.0
5282,0.0
5283,0.0
5284,0.0
5285,0.0
5286,0.02097
5287,0.25036
5288,0.4702
5289,0.62118
5290,0.7169800000000001
5291,0.75571
5292,0.69766
5293,0.54699
5294,0.47384
5295,0.30418
5296,0.16522
5297,0.0295
5298,0.0
5299,0.0
5300,0.0
5301,0.0
5302,0.0
5303,0.0
5304,0.0
5305,0.0
5306,0.0
5307,0.0
5308,0.0
5309,0.0
5310,0.024030000000000003
5311,0.254
5312,0.4594
5313,0.60102
5314,0.67343
5315,0.6780700000000001
5316,0.63712
5317,0.57782
5318,0.44369
5319,0.36675
5320,0.16741
5321,0.03774
5322,0.0
5323,0.0
5324,0.0
5325,0.0
5326,0.0
5327,0.0
5328,0.0
5329,0.0
5330,0.0
5331,0.0
5332,0.0
5333,0.0
5334,0.01718
5335,0.16163999999999998
5336,0.33194
5337,0.4985
5338,0.6332899999999999
5339,0.69004
5340,0.71047
5341,0.58436
5342,0.45807
5343,0.29087999999999997
5344,0.15778999999999999
5345,0.03163
5346,0.0
5347,0.0
5348,0.0
5349,0.0
5350,0.0
5351,0.0
5352,0.0
5353,0.0
5354,0.0
5355,0.0
5356,0.0
5357,0.0
5358,0.01295
5359,0.20451
5360,0.42928
5361,0.5948
5362,0.63426
5363,0.74879
5364,0.7241299999999999
5365,0.5618200000000001
5366,0.46076
5367,0.31560000000000005
5368,0.12937
5369,0.02662
5370,0.0
5371,0.0
5372,0.0
5373,0.0
5374,0.0
5375,0.0
5376,0.0
5377,0.0
5378,0.0
5379,0.0
5380,0.0
5381,0.0
5382,0.02544
5383,0.19419999999999998
5384,0.45794
5385,0.61822
5386,0.6616299999999999
5387,0.69516
5388,0.7564299999999999
5389,0.6484500000000001
5390,0.50945
5391,0.39848
5392,0.16812
5393,0.02714
5394,0.0
5395,0.0
5396,0.0
5397,0.0
5398,0.0
5399,0.0
5400,0.0
5401,0.0
5402,0.0
5403,0.0
5404,0.0
5405,0.0
5406,0.01831
5407,0.20726
5408,0.41274
5409,0.48364999999999997
5410,0.53616
5411,0.65635
5412,0.64871
5413,0.49562
5414,0.4579
5415,0.36164999999999997
5416,0.20668
5417,0.03297
5418,0.0
5419,0.0
5420,0.0
5421,0.0
5422,0.0
5423,0.0
5424,0.0
5425,0.0
5426,0.0
5427,0.0
5428,0.0
5429,0.0
5430,0.015300000000000001
5431,0.25847000000000003
5432,0.45965
5433,0.59477
5434,0.68108
5435,0.7296900000000001
5436,0.72489
5437,0.674
5438,0.54341
5439,0.36283
5440,0.21071
5441,0.03185
5442,0.0
5443,0.0
5444,0.0
5445,0.0
5446,0.0
5447,0.0
5448,0.0
5449,0.0
5450,0.0
5451,0.0
5452,0.0
5453,0.0
5454,0.01564
5455,0.24613
5456,0.47326
5457,0.6334099999999999
5458,0.7271
5459,0.7575299999999999
5460,0.76688
5461,0.62037
5462,0.54447
5463,0.37029
5464,0.17655
5465,0.032920000000000005
5466,0.0
5467,0.0
5468,0.0
5469,0.0
5470,0.0
5471,0.0
5472,0.0
5473,0.0
5474,0.0
5475,0.0
5476,0.0
5477,0.0
5478,0.02278
5479,0.23088999999999998
5480,0.4142
5481,0.6093200000000001
5482,0.70136
5483,0.7417999999999999
5484,0.72173
5485,0.57445
5486,0.44865
5487,0.28484
5488,0.11162000000000001
5489,0.02552
5490,0.0
5491,0.0
5492,0.0
5493,0.0
5494,0.0
5495,0.0
5496,0.0
5497,0.0
5498,0.0
5499,0.0
5500,0.0
5501,0.0
5502,0.018699999999999998
5503,0.21575999999999998
5504,0.35046
5505,0.41598
5506,0.5545
5507,0.63382
5508,0.56486
5509,0.4422
5510,0.27174
5511,0.20998
5512,0.06918
5513,0.02219
5514,0.0
5515,0.0
5516,0.0
5517,0.0
5518,0.0
5519,0.0
5520,0.0
5521,0.0
5522,0.0
5523,0.0
5524,0.0
5525,0.0
5526,0.02501
5527,0.16050999999999999
5528,0.32985000000000003
5529,0.43385
5530,0.42986
5531,0.45244
5532,0.40164999999999995
5533,0.54128
5534,0.35754
5535,0.22138999999999998
5536,0.09311
5537,0.02891
5538,0.0
5539,0.0
5540,0.0
5541,0.0
5542,0.0
5543,0.0
5544,0.0
5545,0.0
5546,0.0
5547,0.0
5548,0.0
5549,0.0
5550,0.0128
5551,0.27267
5552,0.46542
5553,0.60907
5554,0.69978
5555,0.74829
5556,0.73042
5557,0.6333799999999999
5558,0.53577
5559,0.33316
5560,0.15464
5561,0.02078
5562,0.0
5563,0.0
5564,0.0
5565,0.0
5566,0.0
5567,0.0
5568,0.0
5569,0.0
5570,0.0
5571,0.0
5572,0.0
5573,0.0
5574,0.02007
5575,0.18034999999999998
5576,0.39076
5577,0.55588
5578,0.5577300000000001
5579,0.6966100000000001
5580,0.68838
5581,0.63447
5582,0.46579000000000004
5583,0.32892
5584,0.16513
5585,0.028300000000000002
5586,0.0
5587,0.0
5588,0.0
5589,0.0
5590,0.0
5591,0.0
5592,0.0
5593,0.0
5594,0.0
5595,0.0
5596,0.0
5597,0.0
5598,0.019760000000000003
5599,0.17348
5600,0.41163
5601,0.56816
5602,0.66103
5603,0.6781200000000001
5604,0.62607
5605,0.5865499999999999
5606,0.38117
5607,0.27196
5608,0.17256
5609,0.03236
5610,0.0
5611,0.0
5612,0.0
5613,0.0
5614,0.0
5615,0.0
5616,0.0
5617,0.0
5618,0.0
5619,0.0
5620,0.0
5621,0.0
5622,0.02183
5623,0.14227
5624,0.23621
5625,0.28942
5626,0.47019
5627,0.49331
5628,0.40134
5629,0.49633
5630,0.40124
5631,0.26218
5632,0.12426000000000001
5633,0.027030000000000002
5634,0.0
5635,0.0
5636,0.0
5637,0.0
5638,0.0
5639,0.0
5640,0.0
5641,0.0
5642,0.0
5643,0.0
5644,0.0
5645,0.0
5646,0.013789999999999998
5647,0.12586
5648,0.37595999999999996
5649,0.43766000000000005
5650,0.52632
5651,0.60534
5652,0.50245
5653,0.61176
5654,0.45987
5655,0.32061
5656,0.12838999999999998
5657,0.03454
5658,0.0
5659,0.0
5660,0.0
5661,0.0
5662,0.0
5663,0.0
5664,0.0
5665,0.0
5666,0.0
5667,0.0
5668,0.0
5669,0.0
5670,0.0192
5671,0.12384
5672,0.29685
5673,0.5184500000000001
5674,0.67238
5675,0.68963
5676,0.6751
5677,0.48125999999999997
5678,0.42064999999999997
5679,0.21212999999999999
5680,0.1564
5681,0.027469999999999998
5682,0.0
5683,0.0
5684,0.0
5685,0.0
5686,0.0
5687,0.0
5688,0.0
5689,0.0
5690,0.0
5691,0.0
5692,0.0
5693,0.0
5694,0.0106
5695,0.16094999999999998
5696,0.31448000000000004
5697,0.3989
5698,0.51435
5699,0.6765399999999999
5700,0.6150800000000001
5701,0.51583
5702,0.34499
5703,0.24694
5704,0.1066
5705,0.0143
5706,0.0
5707,0.0
5708,0.0
5709,0.0
5710,0.0
5711,0.0
5712,0.0
5713,0.0
5714,0.0
5715,0.0
5716,0.0
5717,0.0
5718,0.02413
5719,0.1575
5720,0.30034
5721,0.49501999999999996
5722,0.66372
5723,0.68767
5724,0.6655399999999999
5725,0.61376
5726,0.42525
5727,0.22399000000000002
5728,0.11565
5729,0.02234
5730,0.0
5731,0.0
5732,0.0
5733,0.0
5734,0.0
5735,0.0
5736,0.0
5737,0.0
5738,0.0
5739,0.0
5740,0.0
5741,0.0
5742,0.01737
5743,0.0833
5744,0.18625999999999998
5745,0.27782
5746,0.39496
5747,0.49391
5748,0.5756
5749,0.36863
5750,0.28979000000000005
5751,0.2514
5752,0.13852
5753,0.0257
5754,0.0
5755,0.0
5756,0.0
5757,0.0
5758,0.0
5759,0.0
5760,0.0
5761,0.0
5762,0.0
5763,0.0
5764,0.0
5765,0.0
5766,0.01881
5767,0.21777000000000002
5768,0.40787
5769,0.55802
5770,0.64551
5771,0.69235
5772,0.64608
5773,0.63981
5774,0.52062
5775,0.34898
5776,0.16522
5777,0.02752
5778,0.0
5779,0.0
5780,0.0
5781,0.0
5782,0.0
5783,0.0
5784,0.0
5785,0.0
5786,0.0
5787,0.0
5788,0.0
5789,0.0
5790,0.01747
5791,0.27787
5792,0.51321
5793,0.66975
5794,0.76559
5795,0.7982899999999999
5796,0.79031
5797,0.72194
5798,0.61229
5799,0.43832
5800,0.21222
5801,0.023739999999999997
5802,0.0
5803,0.0
5804,0.0
5805,0.0
5806,0.0
5807,0.0
5808,0.0
5809,0.0
5810,0.0
5811,0.0
5812,0.0
5813,0.0
5814,0.01638
5815,0.30565
5816,0.49872000000000005
5817,0.66477
5818,0.75893
5819,0.79822
5820,0.77735
5821,0.7130299999999999
5822,0.6144299999999999
5823,0.43747
5824,0.20346
5825,0.02174
5826,0.0
5827,0.0
5828,0.0
5829,0.0
5830,0.0
5831,0.0
5832,0.0
5833,0.0
5834,0.0
5835,0.0
5836,0.0
5837,0.0
5838,0.0154
5839,0.30071
5840,0.51099
5841,0.65797
5842,0.74866
5843,0.78332
5844,0.75228
5845,0.67987
5846,0.55621
5847,0.37633999999999995
5848,0.14874
5849,0.02922
5850,0.0
5851,0.0
5852,0.0
5853,0.0
5854,0.0
5855,0.0
5856,0.0
5857,0.0
5858,0.0
5859,0.0
5860,0.0
5861,0.0
5862,0.0088
5863,0.054759999999999996
5864,0.16291
5865,0.30541
5866,0.44272
5867,0.54192
5868,0.37198000000000003
5869,0.58316
5870,0.48162
5871,0.27736
5872,0.15353
5873,0.0272
5874,0.0
5875,0.0
5876,0.0
5877,0.0
5878,0.0
5879,0.0
5880,0.0
5881,0.0
5882,0.0
5883,0.0
5884,0.0
5885,0.0
5886,0.02137
5887,0.21637
5888,0.38193
5889,0.52138
5890,0.6296799999999999
5891,0.7364700000000001
5892,0.7001799999999999
5893,0.61237
5894,0.45804
5895,0.33731
5896,0.10845
5897,0.02528
5898,0.0
5899,0.0
5900,0.0
5901,0.0
5902,0.0
5903,0.0
5904,0.0
5905,0.0
5906,0.0
5907,0.0
5908,0.0
5909,0.0
5910,0.03137
5911,0.17719
5912,0.3115
5913,0.49024
5914,0.67561
5915,0.68369
5916,0.64613
5917,0.60146
5918,0.5451699999999999
5919,0.3236
5920,0.16798
5921,0.02191
5922,0.0
5923,0.0
5924,0.0
5925,0.0
5926,0.0
5927,0.0
5928,0.0
5929,0.0
5930,0.0
5931,0.0
5932,0.0
5933,0.0
5934,0.041659999999999996
5935,0.24925999999999998
5936,0.46755
5937,0.62266
5938,0.61537
5939,0.73156
5940,0.7002
5941,0.60124
5942,0.52563
5943,0.36469
5944,0.17989
5945,0.02
5946,0.0
5947,0.0
5948,0.0
5949,0.0
5950,0.0
5951,0.0
5952,0.0
5953,0.0
5954,0.0
5955,0.0
5956,0.0
5957,0.0
5958,0.03174
5959,0.20681
5960,0.38481
5961,0.59704
5962,0.6860599999999999
5963,0.77011
5964,0.70827
5965,0.61279
5966,0.49863999999999997
5967,0.26322
5968,0.17108
5969,0.023260000000000003
5970,0.0
5971,0.0
5972,0.0
5973,0.0
5974,0.0
5975,0.0
5976,0.0
5977,0.0
5978,0.0
5979,0.0
5980,0.0
5981,0.0
5982,0.04933
5983,0.26458
5984,0.47516
5985,0.6271599999999999
5986,0.71417
5987,0.74841
5988,0.7050299999999999
5989,0.5991799999999999
5990,0.43287
5991,0.29728
5992,0.14184
5993,0.02558
5994,0.0
5995,0.0
5996,0.0
5997,0.0
5998,0.0
5999,0.0
6000,0.0
6001,0.0
6002,0.0
6003,0.0
6004,0.0
6005,0.0
6006,0.05758
6007,0.24531999999999998
6008,0.40126999999999996
6009,0.58156
6010,0.6636599999999999
6011,0.63807
6012,0.71965
6013,0.60023
6014,0.45213
6015,0.31351999999999997
6016,0.12054000000000001
6017,0.023309999999999997
6018,0.0
6019,0.0
6020,0.0
6021,0.0
6022,0.0
6023,0.0
6024,0.0
6025,0.0
6026,0.0
6027,0.0
6028,0.0
6029,0.0
6030,0.07684
6031,0.28595
6032,0.50981
6033,0.65563
6034,0.7546
6035,0.796
6036,0.77744
6037,0.6110599999999999
6038,0.4526
6039,0.37065
6040,0.16672
6041,0.02475
6042,0.0
6043,0.0
6044,0.0
6045,0.0
6046,0.0
6047,0.0
6048,0.0
6049,0.0
6050,0.0
6051,0.0
6052,0.0
6053,0.0
6054,0.04728
6055,0.19935
6056,0.40123000000000003
6057,0.54953
6058,0.64254
6059,0.71736
6060,0.63814
6061,0.58566
6062,0.43722000000000005
6063,0.26349
6064,0.07209
6065,0.01042
6066,0.0
6067,0.0
6068,0.0
6069,0.0
6070,0.0
6071,0.0
6072,0.0
6073,0.0
6074,0.0
6075,0.0
6076,0.0
6077,0.0
6078,0.03062
6079,0.07446
6080,0.16456
6081,0.21505000000000002
6082,0.28964999999999996
6083,0.20982
6084,0.30261
6085,0.37462
6086,0.27895
6087,0.19943
6088,0.07668000000000001
6089,0.00982
6090,0.0
6091,0.0
6092,0.0
6093,0.0
6094,0.0
6095,0.0
6096,0.0
6097,0.0
6098,0.0
6099,0.0
6100,0.0
6101,0.0
6102,0.042409999999999996
6103,0.21537
6104,0.40546
6105,0.51218
6106,0.5662200000000001
6107,0.4417
6108,0.50463
6109,0.34552
6110,0.27770999999999996
6111,0.13261
6112,0.07289
6113,0.01083
6114,0.0
6115,0.0
6116,0.0
6117,0.0
6118,0.0
6119,0.0
6120,0.0
6121,0.0
6122,0.0
6123,0.0
6124,0.0
6125,0.0
6126,0.03465
6127,0.16802
6128,0.28429000000000004
6129,0.49587
6130,0.5479700000000001
6131,0.6364099999999999
6132,0.57789
6133,0.53023
6134,0.23326
6135,0.10687999999999999
6136,0.0616
6137,0.00925
6138,0.0
6139,0.0
6140,0.0
6141,0.0
6142,0.0
6143,0.0
6144,0.0
6145,0.0
6146,0.0
6147,0.0
6148,0.0
6149,0.0
6150,0.04819
6151,0.17568
6152,0.36904000000000003
6153,0.50686
6154,0.68575
6155,0.6914
6156,0.66026
6157,0.51402
6158,0.29164999999999996
6159,0.18031
6160,0.06914000000000001
6161,0.00926
6162,0.0
6163,0.0
6164,0.0
6165,0.0
6166,0.0
6167,0.0
6168,0.0
6169,0.0
6170,0.0
6171,0.0
6172,0.0
6173,0.0
6174,0.05814
6175,0.23943
6176,0.40592
6177,0.5073799999999999
6178,0.58116
6179,0.64154
6180,0.6060599999999999
6181,0.5992000000000001
6182,0.52177
6183,0.34326999999999996
6184,0.15503999999999998
6185,0.01587
6186,0.0
6187,0.0
6188,0.0
6189,0.0
6190,0.0
6191,0.0
6192,0.0
6193,0.0
6194,0.0
6195,0.0
6196,0.0
6197,0.0
6198,0.06977
6199,0.28101
6200,0.5158200000000001
6201,0.65325
6202,0.7495599999999999
6203,0.73129
6204,0.63117
6205,0.6842
6206,0.43362
6207,0.38187
6208,0.18655000000000002
6209,0.011439999999999999
6210,0.0
6211,0.0
6212,0.0
6213,0.0
6214,0.0
6215,0.0
6216,0.0
6217,0.0
6218,0.0
6219,0.0
6220,0.0
6221,0.0
6222,0.0464
6223,0.24002
6224,0.46296
6225,0.58701
6226,0.71533
6227,0.7523200000000001
6228,0.65008
6229,0.6564
6230,0.47801
6231,0.26846
6232,0.10956
6233,0.00782
6234,0.0
6235,0.0
6236,0.0
6237,0.0
6238,0.0
6239,0.0
6240,0.0
6241,0.0
6242,0.0
6243,0.0
6244,0.0
6245,0.0
6246,0.04976
6247,0.20802
6248,0.4072
6249,0.52773
6250,0.50687
6251,0.48985
6252,0.49407999999999996
6253,0.30609
6254,0.32367
6255,0.19434
6256,0.1255
6257,0.014039999999999999
6258,0.0
6259,0.0
6260,0.0
6261,0.0
6262,0.0
6263,0.0
6264,0.0
6265,0.0
6266,0.0
6267,0.0
6268,0.0
6269,0.0
6270,0.061560000000000004
6271,0.238
6272,0.46246
6273,0.5812999999999999
6274,0.6207999999999999
6275,0.68328
6276,0.54688
6277,0.37722
6278,0.25137
6279,0.16038
6280,0.07357999999999999
6281,0.01431
6282,0.0
6283,0.0
6284,0.0
6285,0.0
6286,0.0
6287,0.0
6288,0.0
6289,0.0
6290,0.0
6291,0.0
6292,0.0
6293,0.0
6294,0.029589999999999998
6295,0.10198
6296,0.13904
6297,0.26835000000000003
6298,0.37226
6299,0.41412
6300,0.36363
6301,0.33972
6302,0.14388
6303,0.05796
6304,0.10072
6305,0.015439999999999999
6306,0.0
6307,0.0
6308,0.0
6309,0.0
6310,0.0
6311,0.0
6312,0.0
6313,0.0
6314,0.0
6315,0.0
6316,0.0
6317,0.0
6318,0.04485
6319,0.18244
6320,0.27301
6321,0.35473000000000005
6322,0.48761
6323,0.43072000000000005
6324,0.445
6325,0.43401999999999996
6326,0.36351
6327,0.17478
6328,0.09033
6329,0.01014
6330,0.0
6331,0.0
6332,0.0
6333,0.0
6334,0.0
6335,0.0
6336,0.0
6337,0.0
6338,0.0
6339,0.0
6340,0.0
6341,0.0
6342,0.06720999999999999
6343,0.247
6344,0.46614999999999995
6345,0.52991
6346,0.6050599999999999
6347,0.57245
6348,0.5367999999999999
6349,0.37494
6350,0.27898
6351,0.2371
6352,0.10651999999999999
6353,0.01047
6354,0.0
6355,0.0
6356,0.0
6357,0.0
6358,0.0
6359,0.0
6360,0.0
6361,0.0
6362,0.0
6363,0.0
6364,0.0
6365,0.0
6366,0.0314
6367,0.0906
6368,0.2356
6369,0.30186
6370,0.33848
6371,0.45333999999999997
6372,0.37142000000000003
6373,0.60953
6374,0.43819
6375,0.32062
6376,0.11912
6377,0.012119999999999999
6378,0.0
6379,0.0
6380,0.0
6381,0.0
6382,0.0
6383,0.0
6384,0.0
6385,0.0
6386,0.0
6387,0.0
6388,0.0
6389,0.0
6390,0.0559
6391,0.21002
6392,0.4193
6393,0.48714999999999997
6394,0.6604800000000001
6395,0.65865
6396,0.55283
6397,0.48324
6398,0.41005
6399,0.29511000000000004
6400,0.10479999999999999
6401,0.013099999999999999
6402,0.0
6403,0.0
6404,0.0
6405,0.0
6406,0.0
6407,0.0
6408,0.0
6409,0.0
6410,0.0
6411,0.0
6412,0.0
6413,0.0
6414,0.07743000000000001
6415,0.23426
6416,0.43013999999999997
6417,0.5814400000000001
6418,0.62579
6419,0.59853
6420,0.6624500000000001
6421,0.47770999999999997
6422,0.30060000000000003
6423,0.22285
6424,0.09136
6425,0.01345
6426,0.0
6427,0.0
6428,0.0
6429,0.0
6430,0.0
6431,0.0
6432,0.0
6433,0.0
6434,0.0
6435,0.0
6436,0.0
6437,0.0
6438,0.05664
6439,0.19474
6440,0.29128
6441,0.39811
6442,0.45869
6443,0.49416000000000004
6444,0.56985
6445,0.45098
6446,0.33418000000000003
6447,0.26699
6448,0.08992
6449,0.00604
6450,0.0
6451,0.0
6452,0.0
6453,0.0
6454,0.0
6455,0.0
6456,0.0
6457,0.0
6458,0.0
6459,0.0
6460,0.0
6461,0.0
6462,0.06526
6463,0.24015999999999998
6464,0.48694
6465,0.5518200000000001
6466,0.6849
6467,0.6299199999999999
6468,0.66869
6469,0.5056
6470,0.46175
6471,0.23255
6472,0.0767
6473,0.00793
6474,0.0
6475,0.0
6476,0.0
6477,0.0
6478,0.0
6479,0.0
6480,0.0
6481,0.0
6482,0.0
6483,0.0
6484,0.0
6485,0.0
6486,0.07173
6487,0.27503
6488,0.46446
6489,0.45599
6490,0.46279000000000003
6491,0.58025
6492,0.5844600000000001
6493,0.6192799999999999
6494,0.41214999999999996
6495,0.31332
6496,0.11826
6497,0.01334
6498,0.0
6499,0.0
6500,0.0
6501,0.0
6502,0.0
6503,0.0
6504,0.0
6505,0.0
6506,0.0
6507,0.0
6508,0.0
6509,0.0
6510,0.06384000000000001
6511,0.24869
6512,0.42369
6513,0.60209
6514,0.6653600000000001
6515,0.6997000000000001
6516,0.6772999999999999
6517,0.5380499999999999
6518,0.41405000000000003
6519,0.25799
6520,0.11528000000000001
6521,0.0165
6522,0.0
6523,0.0
6524,0.0
6525,0.0
6526,0.0
6527,0.0
6528,0.0
6529,0.0
6530,0.0
6531,0.0
6532,0.0
6533,0.0
6534,0.06715
6535,0.25027
6536,0.4848
6537,0.6604500000000001
6538,0.75867
6539,0.79449
6540,0.75315
6541,0.67227
6542,0.55847
6543,0.38367
6544,0.15433000000000002
6545,0.01286
6546,0.0
6547,0.0
6548,0.0
6549,0.0
6550,0.0
6551,0.0
6552,0.0
6553,0.0
6554,0.0
6555,0.0
6556,0.0
6557,0.0
6558,0.07241
6559,0.26583
6560,0.45067
6561,0.5981000000000001
6562,0.69286
6563,0.76219
6564,0.73724
6565,0.5839500000000001
6566,0.48746
6567,0.30999
6568,0.13507
6569,0.01578
6570,0.0
6571,0.0
6572,0.0
6573,0.0
6574,0.0
6575,0.0
6576,0.0
6577,0.0
6578,0.0
6579,0.0
6580,0.0
6581,0.0
6582,0.06973
6583,0.27015
6584,0.46361
6585,0.62129
6586,0.63489
6587,0.694
6588,0.70658
6589,0.58838
6590,0.46425
6591,0.29135
6592,0.13218000000000002
6593,0.01438
6594,0.0
6595,0.0
6596,0.0
6597,0.0
6598,0.0
6599,0.0
6600,0.0
6601,0.0
6602,0.0
6603,0.0
6604,0.0
6605,0.0
6606,0.08214
6607,0.30688
6608,0.53927
6609,0.66427
6610,0.72464
6611,0.75058
6612,0.6971499999999999
6613,0.55226
6614,0.47162
6615,0.28785000000000005
6616,0.13186
6617,0.00847
6618,0.0
6619,0.0
6620,0.0
6621,0.0
6622,0.0
6623,0.0
6624,0.0
6625,0.0
6626,0.0
6627,0.0
6628,0.0
6629,0.0
6630,0.07038
6631,0.28045
6632,0.49875
6633,0.63067
6634,0.67829
6635,0.68287
6636,0.7336699999999999
6637,0.6003200000000001
6638,0.41898
6639,0.30423
6640,0.108
6641,0.00554
6642,0.0
6643,0.0
6644,0.0
6645,0.0
6646,0.0
6647,0.0
6648,0.0
6649,0.0
6650,0.0
6651,0.0
6652,0.0
6653,0.0
6654,0.04593
6655,0.25416
6656,0.44969
6657,0.55399
6658,0.60074
6659,0.5977
6660,0.57543
6661,0.43139999999999995
6662,0.20967
6663,0.07839
6664,0.04931
6665,0.0045899999999999995
6666,0.0
6667,0.0
6668,0.0
6669,0.0
6670,0.0
6671,0.0
6672,0.0
6673,0.0
6674,0.0
6675,0.0
6676,0.0
6677,0.0
6678,0.02652
6679,0.13942
6680,0.24834
6681,0.23681
6682,0.3465
6683,0.32572
6684,0.29513
6685,0.23811000000000002
6686,0.23485
6687,0.19294999999999998
6688,0.08659
6689,0.00707
6690,0.0
6691,0.0
6692,0.0
6693,0.0
6694,0.0
6695,0.0
6696,0.0
6697,0.0
6698,0.0
6699,0.0
6700,0.0
6701,0.0
6702,0.053869999999999994
6703,0.24327000000000001
6704,0.35967
6705,0.44395
6706,0.35391
6707,0.21719
6708,0.23376
6709,0.39138
6710,0.27032999999999996
6711,0.19713
6712,0.0849
6713,0.00591
6714,0.0
6715,0.0
6716,0.0
6717,0.0
6718,0.0
6719,0.0
6720,0.0
6721,0.0
6722,0.0
6723,0.0
6724,0.0
6725,0.0
6726,0.02404
6727,0.11499
6728,0.17983000000000002
6729,0.25595
6730,0.33226999999999995
6731,0.35807
6732,0.33449
6733,0.17167
6734,0.22384
6735,0.12481
6736,0.04314
6737,0.00495
6738,0.0
6739,0.0
6740,0.0
6741,0.0
6742,0.0
6743,0.0
6744,0.0
6745,0.0
6746,0.0
6747,0.0
6748,0.0
6749,0.0
6750,0.030350000000000002
6751,0.09793
6752,0.09697
6753,0.19016
6754,0.21209999999999998
6755,0.27481
6756,0.2656
6757,0.27873000000000003
6758,0.22622
6759,0.20862
6760,0.056159999999999995
6761,0.00474
6762,0.0
6763,0.0
6764,0.0
6765,0.0
6766,0.0
6767,0.0
6768,0.0
6769,0.0
6770,0.0
6771,0.0
6772,0.0
6773,0.0
6774,0.04914
6775,0.14133
6776,0.29531999999999997
6777,0.41548
6778,0.61003
6779,0.56199
6780,0.41931999999999997
6781,0.40879000000000004
6782,0.23445
6783,0.12462000000000001
6784,0.08614
6785,0.00611
6786,0.0
6787,0.0
6788,0.0
6789,0.0
6790,0.0
6791,0.0
6792,0.0
6793,0.0
6794,0.0
6795,0.0
6796,0.0
6797,0.0
6798,0.024390000000000002
6799,0.16386
6800,0.2366
6801,0.47457
6802,0.52527
6803,0.50947
6804,0.46602
6805,0.33032
6806,0.23226
6807,0.09108
6808,0.07973999999999999
6809,0.00622
6810,0.0
6811,0.0
6812,0.0
6813,0.0
6814,0.0
6815,0.0
6816,0.0
6817,0.0
6818,0.0
6819,0.0
6820,0.0
6821,0.0
6822,0.04179
6823,0.18834
6824,0.3384
6825,0.53932
6826,0.5783400000000001
6827,0.68455
6828,0.63234
6829,0.54496
6830,0.36157
6831,0.14787
6832,0.038619999999999995
6833,0.00471
6834,0.0
6835,0.0
6836,0.0
6837,0.0
6838,0.0
6839,0.0
6840,0.0
6841,0.0
6842,0.0
6843,0.0
6844,0.0
6845,0.0
6846,0.03961
6847,0.19374
6848,0.42035
6849,0.50619
6850,0.64
6851,0.67001
6852,0.58954
6853,0.40786
6854,0.25191
6855,0.16291999999999998
6856,0.02776
6857,0.00181
6858,0.0
6859,0.0
6860,0.0
6861,0.0
6862,0.0
6863,0.0
6864,0.0
6865,0.0
6866,0.0
6867,0.0
6868,0.0
6869,0.0
6870,0.03595
6871,0.17614
6872,0.31624
6873,0.32559
6874,0.5768099999999999
6875,0.5850700000000001
6876,0.5705800000000001
6877,0.46251
6878,0.21661000000000002
6879,0.14604
6880,0.051859999999999996
6881,0.00313
6882,0.0
6883,0.0
6884,0.0
6885,0.0
6886,0.0
6887,0.0
6888,0.0
6889,0.0
6890,0.0
6891,0.0
6892,0.0
6893,0.0
6894,0.06768
6895,0.23707
6896,0.45997000000000005
6897,0.6222799999999999
6898,0.62602
6899,0.6286799999999999
6900,0.59404
6901,0.46770999999999996
6902,0.36014999999999997
6903,0.24806999999999998
6904,0.09886
6905,0.00601
6906,0.0
6907,0.0
6908,0.0
6909,0.0
6910,0.0
6911,0.0
6912,0.0
6913,0.0
6914,0.0
6915,0.0
6916,0.0
6917,0.0
6918,0.05364
6919,0.27981
6920,0.49988
6921,0.67763
6922,0.74919
6923,0.77518
6924,0.74234
6925,0.58827
6926,0.35142
6927,0.1374
6928,0.06049
6929,0.00408
6930,0.0
6931,0.0
6932,0.0
6933,0.0
6934,0.0
6935,0.0
6936,0.0
6937,0.0
6938,0.0
6939,0.0
6940,0.0
6941,0.0
6942,0.03253
6943,0.16601
6944,0.3807
6945,0.44861
6946,0.55475
6947,0.62318
6948,0.5351699999999999
6949,0.27714
6950,0.22727
6951,0.14708000000000002
6952,0.06481
6953,0.00289
6954,0.0
6955,0.0
6956,0.0
6957,0.0
6958,0.0
6959,0.0
6960,0.0
6961,0.0
6962,0.0
6963,0.0
6964,0.0
6965,0.0
6966,0.02727
6967,0.18002
6968,0.35427
6969,0.37977
6970,0.36321
6971,0.41938
6972,0.33098
6973,0.23976
6974,0.22879
6975,0.12487000000000001
6976,0.04707
6977,0.004019999999999999
6978,0.0
6979,0.0
6980,0.0
6981,0.0
6982,0.0
6983,0.0
6984,0.0
6985,0.0
6986,0.0
6987,0.0
6988,0.0
6989,0.0
6990,0.00364
6991,0.023329999999999997
6992,0.039909999999999994
6993,0.07471
6994,0.05028
6995,0.2022
6996,0.37841
6997,0.32293
6998,0.29174
6999,0.11924
7000,0.04145
7001,0.00333
7002,0.0
7003,0.0
7004,0.0
7005,0.0
7006,0.0
7007,0.0
7008,0.0
7009,0.0
7010,0.0
7011,0.0
7012,0.0
7013,0.0
7014,0.03624
7015,0.15919
7016,0.31717
7017,0.52366
7018,0.57852
7019,0.61009
7020,0.5684600000000001
7021,0.43609
7022,0.32705
7023,0.153
7024,0.0512
7025,0.0016200000000000001
7026,0.0
7027,0.0
7028,0.0
7029,0.0
7030,0.0
7031,0.0
7032,0.0
7033,0.0
7034,0.0
7035,0.0
7036,0.0
7037,0.0
7038,0.06984
7039,0.24813
7040,0.40132999999999996
7041,0.48657
7042,0.5958300000000001
7043,0.5604
7044,0.60823
7045,0.43933
7046,0.26844
7047,0.11012999999999999
7048,0.09104999999999999
7049,0.00694
7050,0.0
7051,0.0
7052,0.0
7053,0.0
7054,0.0
7055,0.0
7056,0.0
7057,0.0
7058,0.0
7059,0.0
7060,0.0
7061,0.0
7062,0.0695
7063,0.28958999999999996
7064,0.45571
7065,0.59062
7066,0.60748
7067,0.5412
7068,0.48507
7069,0.39558
7070,0.19821
7071,0.20559
7072,0.07234
7073,0.005860000000000001
7074,0.0
7075,0.0
7076,0.0
7077,0.0
7078,0.0
7079,0.0
7080,0.0
7081,0.0
7082,0.0
7083,0.0
7084,0.0
7085,0.0
7086,0.0465
7087,0.23172
7088,0.42774
7089,0.58974
7090,0.65562
7091,0.72424
7092,0.57337
7093,0.56068
7094,0.34029000000000004
7095,0.20177
7096,0.08455
7097,0.0049299999999999995
7098,0.0
7099,0.0
7100,0.0
7101,0.0
7102,0.0
7103,0.0
7104,0.0
7105,0.0
7106,0.0
7107,0.0
7108,0.0
7109,0.0
7110,0.04368
7111,0.25781
7112,0.47058
7113,0.5629
7114,0.65762
7115,0.68844
7116,0.6237999999999999
7117,0.49766000000000005
7118,0.35796
7119,0.20239
7120,0.05511
7121,0.0025
7122,0.0
7123,0.0
7124,0.0
7125,0.0
7126,0.0
7127,0.0
7128,0.0
7129,0.0
7130,0.0
7131,0.0
7132,0.0
7133,0.0
7134,0.01359
7135,0.09337000000000001
7136,0.17998
7137,0.31658
7138,0.40311
7139,0.44042000000000003
7140,0.47669
7141,0.42072000000000004
7142,0.27125
7143,0.16816
7144,0.037469999999999996
7145,0.00145
7146,0.0
7147,0.0
7148,0.0
7149,0.0
7150,0.0
7151,0.0
7152,0.0
7153,0.0
7154,0.0
7155,0.0
7156,0.0
7157,0.0
7158,0.010960000000000001
7159,0.040490000000000005
7160,0.10081999999999999
7161,0.2516
7162,0.24237999999999998
7163,0.26152
7164,0.24380000000000002
7165,0.28296
7166,0.28557
7167,0.09670000000000001
7168,0.05747
7169,0.00123
7170,0.0
7171,0.0
7172,0.0
7173,0.0
7174,0.0
7175,0.0
7176,0.0
7177,0.0
7178,0.0
7179,0.0
7180,0.0
7181,0.0
7182,0.05509
7183,0.16768
7184,0.28352
7185,0.43163999999999997
7186,0.46419
7187,0.5124299999999999
7188,0.35636
7189,0.49837
7190,0.33026
7191,0.20579
7192,0.07503
7193,0.004690000000000001
7194,0.0
7195,0.0
7196,0.0
7197,0.0
7198,0.0
7199,0.0
7200,0.0
7201,0.0
7202,0.0
7203,0.0
7204,0.0
7205,0.0
7206,0.0676
7207,0.25013
7208,0.48075999999999997
7209,0.57165
7210,0.6043
7211,0.69756
7212,0.64852
7213,0.53612
7214,0.31065
7215,0.29843000000000003
7216,0.07737000000000001
7217,0.00207
7218,0.0
7219,0.0
7220,0.0
7221,0.0
7222,0.0
7223,0.0
7224,0.0
7225,0.0
7226,0.0
7227,0.0
7228,0.0
7229,0.0
7230,0.07329000000000001
7231,0.23145
7232,0.34332999999999997
7233,0.36234
7234,0.43717
7235,0.49272000000000005
7236,0.5179400000000001
7237,0.32676
7238,0.31136
7239,0.15582
7240,0.06368
7241,0.00422
7242,0.0
7243,0.0
7244,0.0
7245,0.0
7246,0.0
7247,0.0
7248,0.0
7249,0.0
7250,0.0
7251,0.0
7252,0.0
7253,0.0
7254,0.046590000000000006
7255,0.18034999999999998
7256,0.20496
7257,0.31571
7258,0.38876
7259,0.33474
7260,0.48354
7261,0.45264
7262,0.22856
7263,0.12472
7264,0.04002
7265,0.00248
7266,0.0
7267,0.0
7268,0.0
7269,0.0
7270,0.0
7271,0.0
7272,0.0
7273,0.0
7274,0.0
7275,0.0
7276,0.0
7277,0.0
7278,0.02195
7279,0.06367
7280,0.09908
7281,0.1475
7282,0.22238999999999998
7283,0.3148
7284,0.24778999999999998
7285,0.25157
7286,0.06508
7287,0.06959
7288,0.0496
7289,0.00596
7290,0.0
7291,0.0
7292,0.0
7293,0.0
7294,0.0
7295,0.0
7296,0.0
7297,0.0
7298,0.0
7299,0.0
7300,0.0
7301,0.0
7302,0.0292
7303,0.11949
7304,0.21761000000000003
7305,0.24237999999999998
7306,0.44715
7307,0.45948
7308,0.41894
7309,0.39285000000000003
7310,0.33161
7311,0.21637
7312,0.06814
7313,0.0024100000000000002
7314,0.0
7315,0.0
7316,0.0
7317,0.0
7318,0.0
7319,0.0
7320,0.0
7321,0.0
7322,0.0
7323,0.0
7324,0.0
7325,0.0
7326,0.05163
7327,0.22135
7328,0.36261
7329,0.41725
7330,0.49789999999999995
7331,0.56238
7332,0.55783
7333,0.5065
7334,0.43204000000000004
7335,0.29304
7336,0.11499
7337,0.00418
7338,0.0
7339,0.0
7340,0.0
7341,0.0
7342,0.0
7343,0.0
7344,0.0
7345,0.0
7346,0.0
7347,0.0
7348,0.0
7349,0.0
7350,0.10262
7351,0.27838999999999997
7352,0.52595
7353,0.6392599999999999
7354,0.72934
7355,0.68602
7356,0.7155900000000001
7357,0.60282
7358,0.43431000000000003
7359,0.28538
7360,0.09731999999999999
7361,0.00318
7362,0.0
7363,0.0
7364,0.0
7365,0.0
7366,0.0
7367,0.0
7368,0.0
7369,0.0
7370,0.0
7371,0.0
7372,0.0
7373,0.0
7374,0.02871
7375,0.15392
7376,0.36691
7377,0.50975
7378,0.55037
7379,0.47472000000000003
7380,0.54791
7381,0.46172
7382,0.24938
7383,0.19841999999999999
7384,0.0718
7385,0.00262
7386,0.0
7387,0.0
7388,0.0
7389,0.0
7390,0.0
7391,0.0
7392,0.0
7393,0.0
7394,0.0
7395,0.0
7396,0.0
7397,0.0
7398,0.02675
7399,0.09
7400,0.21311000000000002
7401,0.38869
7402,0.42112
7403,0.56696
7404,0.42016000000000003
7405,0.44979
7406,0.22824
7407,0.20228
7408,0.07017
7409,0.0022299999999999998
7410,0.0
7411,0.0
7412,0.0
7413,0.0
7414,0.0
7415,0.0
7416,0.0
7417,0.0
7418,0.0
7419,0.0
7420,0.0
7421,0.0
7422,0.01168
7423,0.05971
7424,0.17411000000000001
7425,0.19009
7426,0.20239
7427,0.29894
7428,0.22501
7429,0.32913
7430,0.20512
7431,0.176
7432,0.07919
7433,0.0029300000000000003
7434,0.0
7435,0.0
7436,0.0
7437,0.0
7438,0.0
7439,0.0
7440,0.0
7441,0.0
7442,0.0
7443,0.0
7444,0.0
7445,0.0
7446,0.01992
7447,0.16783
7448,0.36185
7449,0.49666000000000005
7450,0.53415
7451,0.6476000000000001
7452,0.56623
7453,0.42827
7454,0.31007
7455,0.20664
7456,0.05697
7457,0.00095
7458,0.0
7459,0.0
7460,0.0
7461,0.0
7462,0.0
7463,0.0
7464,0.0
7465,0.0
7466,0.0
7467,0.0
7468,0.0
7469,0.0
7470,0.03012
7471,0.17085
7472,0.35076
7473,0.48251
7474,0.48348
7475,0.5213300000000001
7476,0.37347
7477,0.28314
7478,0.21774000000000002
7479,0.13543
7480,0.044289999999999996
7481,5e-05
7482,0.0
7483,0.0
7484,0.0
7485,0.0
7486,0.0
7487,0.0
7488,0.0
7489,0.0
7490,0.0
7491,0.0
7492,0.0
7493,0.0
7494,0.03288
7495,0.14668
7496,0.21237999999999999
7497,0.32031
7498,0.43531
7499,0.39071
7500,0.33581
7501,0.32573
7502,0.20221
7503,0.11757
7504,0.04972
7505,0.00359
7506,0.0
7507,0.0
7508,0.0
7509,0.0
7510,0.0
7511,0.0
7512,0.0
7513,0.0
7514,0.0
7515,0.0
7516,0.0
7517,0.0
7518,0.03864
7519,0.14784
7520,0.23708
7521,0.39405
7522,0.4814
7523,0.45406
7524,0.41854
7525,0.26127999999999996
7526,0.1416
7527,0.12135
7528,0.0606
7529,0.00233
7530,0.0
7531,0.0
7532,0.0
7533,0.0
7534,0.0
7535,0.0
7536,0.0
7537,0.0
7538,0.0
7539,0.0
7540,0.0
7541,0.0
7542,0.02323
7543,0.12668000000000001
7544,0.22513
7545,0.2844
7546,0.42949
7547,0.43009
7548,0.35202999999999995
7549,0.27138999999999996
7550,0.18716
7551,0.0871
7552,0.054909999999999994
7553,0.0030099999999999997
7554,0.0
7555,0.0
7556,0.0
7557,0.0
7558,0.0
7559,0.0
7560,0.0
7561,0.0
7562,0.0
7563,0.0
7564,0.0
7565,0.0
7566,0.01104
7567,0.055380000000000006
7568,0.17859999999999998
7569,0.18256
7570,0.29124
7571,0.26672
7572,0.22988999999999998
7573,0.44304000000000004
7574,0.22085
7575,0.05404
7576,0.03669
7577,0.00093
7578,0.0
7579,0.0
7580,0.0
7581,0.0
7582,0.0
7583,0.0
7584,0.0
7585,0.0
7586,0.0
7587,0.0
7588,0.0
7589,0.0
7590,0.02877
7591,0.17174
7592,0.23327
7593,0.33237
7594,0.49592
7595,0.44626
7596,0.35179000000000005
7597,0.41548
7598,0.34678
7599,0.13053
7600,0.04918
7601,0.00229
7602,0.0
7603,0.0
7604,0.0
7605,0.0
7606,0.0
7607,0.0
7608,0.0
7609,0.0
7610,0.0
7611,0.0
7612,0.0
7613,0.0
7614,0.037079999999999995
7615,0.18031
7616,0.27611
7617,0.43145
7618,0.42913999999999997
7619,0.63512
7620,0.51655
7621,0.47931
7622,0.29257
7623,0.18469
7624,0.05731
7625,0.00164
7626,0.0
7627,0.0
7628,0.0
7629,0.0
7630,0.0
7631,0.0
7632,0.0
7633,0.0
7634,0.0
7635,0.0
7636,0.0
7637,0.0
7638,0.055810000000000005
7639,0.19669999999999999
7640,0.38726
7641,0.46115
7642,0.542
7643,0.50229
7644,0.57186
7645,0.52425
7646,0.3442
7647,0.2278
7648,0.09439
7649,0.00385
7650,0.0
7651,0.0
7652,0.0
7653,0.0
7654,0.0
7655,0.0
7656,0.0
7657,0.0
7658,0.0
7659,0.0
7660,0.0
7661,0.0
7662,0.05532
7663,0.28555
7664,0.46966
7665,0.52437
7666,0.60512
7667,0.61875
7668,0.6825800000000001
7669,0.41604
7670,0.29986
7671,0.18131
7672,0.07726999999999999
7673,0.00443
7674,0.0
7675,0.0
7676,0.0
7677,0.0
7678,0.0
7679,0.0
7680,0.0
7681,0.0
7682,0.0
7683,0.0
7684,0.0
7685,0.0
7686,0.03614
7687,0.22438
7688,0.38930000000000003
7689,0.5688200000000001
7690,0.66251
7691,0.7183099999999999
7692,0.68928
7693,0.55233
7694,0.47972000000000004
7695,0.25326
7696,0.11651
7697,0.00464
7698,0.0
7699,0.0
7700,0.0
7701,0.0
7702,0.0
7703,0.0
7704,0.0
7705,0.0
7706,0.0
7707,0.0
7708,0.0
7709,0.0
7710,0.023239999999999997
7711,0.11806
7712,0.36045
7713,0.55369
7714,0.6199
7715,0.54674
7716,0.51985
7717,0.36938
7718,0.18669
7719,0.10065
7720,0.05357
7721,0.0024100000000000002
7722,0.0
7723,0.0
7724,0.0
7725,0.0
7726,0.0
7727,0.0
7728,0.0
7729,0.0
7730,0.0
7731,0.0
7732,0.0
7733,0.0
7734,0.04039
7735,0.20892
7736,0.37277
7737,0.53706
7738,0.6293300000000001
7739,0.61688
7740,0.41652
7741,0.28656
7742,0.15271
7743,0.09598000000000001
7744,0.049030000000000004
7745,0.0030099999999999997
7746,0.0
7747,0.0
7748,0.0
7749,0.0
7750,0.0
7751,0.0
7752,0.0
7753,0.0
7754,0.0
7755,0.0
7756,0.0
7757,0.0
7758,0.0349
7759,0.18566999999999997
7760,0.35844
7761,0.47145
7762,0.52759
7763,0.62511
7764,0.54498
7765,0.42052999999999996
7766,0.30949
7767,0.17018
7768,0.07415000000000001
7769,0.00316
7770,0.0
7771,0.0
7772,0.0
7773,0.0
7774,0.0
7775,0.0
7776,0.0
7777,0.0
7778,0.0
7779,0.0
7780,0.0
7781,0.0
7782,0.01298
7783,0.18209
7784,0.35972000000000004
7785,0.42816000000000004
7786,0.51154
7787,0.5439400000000001
7788,0.49607999999999997
7789,0.27442
7790,0.26065
7791,0.15306
7792,0.05911
7793,0.003
7794,0.0
7795,0.0
7796,0.0
7797,0.0
7798,0.0
7799,0.0
7800,0.0
7801,0.0
7802,0.0
7803,0.0
7804,0.0
7805,0.0
7806,0.01446
7807,0.16352
7808,0.23907
7809,0.34758
7810,0.44898000000000005
7811,0.38871
7812,0.33996
7813,0.37815
7814,0.21755000000000002
7815,0.13784
7816,0.07263
7817,0.003
7818,0.0
7819,0.0
7820,0.0
7821,0.0
7822,0.0
7823,0.0
7824,0.0
7825,0.0
7826,0.0
7827,0.0
7828,0.0
7829,0.0
7830,0.01409
7831,0.16724
7832,0.40356000000000003
7833,0.52225
7834,0.55296
7835,0.66132
7836,0.64128
7837,0.50881
7838,0.41058999999999996
7839,0.2268
7840,0.059840000000000004
7841,0.00182
7842,0.0
7843,0.0
7844,0.0
7845,0.0
7846,0.0
7847,0.0
7848,0.0
7849,0.0
7850,0.0
7851,0.0
7852,0.0
7853,0.0
7854,0.01492
7855,0.17042
7856,0.42081
7857,0.45856
7858,0.65332
7859,0.6582100000000001
7860,0.57516
7861,0.54359
7862,0.35807
7863,0.23439
7864,0.05992
7865,0.00393
7866,0.0
7867,0.0
7868,0.0
7869,0.0
7870,0.0
7871,0.0
7872,0.0
7873,0.0
7874,0.0
7875,0.0
7876,0.0
7877,0.0
7878,0.01889
7879,0.17264
7880,0.34482999999999997
7881,0.42647
7882,0.51898
7883,0.56243
7884,0.5669299999999999
7885,0.43057999999999996
7886,0.21291
7887,0.12641
7888,0.05613
7889,0.00264
7890,0.0
7891,0.0
7892,0.0
7893,0.0
7894,0.0
7895,0.0
7896,0.0
7897,0.0
7898,0.0
7899,0.0
7900,0.0
7901,0.0
7902,0.00782
7903,0.09539
7904,0.26072
7905,0.41034
7906,0.37029
7907,0.48895
7908,0.30585
7909,0.39213
7910,0.29849000000000003
7911,0.13549
7912,0.04117
7913,0.00191
7914,0.0
7915,0.0
7916,0.0
7917,0.0
7918,0.0
7919,0.0
7920,0.0
7921,0.0
7922,0.0
7923,0.0
7924,0.0
7925,0.0
7926,0.01542
7927,0.24125
7928,0.34297000000000005
7929,0.48908999999999997
7930,0.55644
7931,0.5505
7932,0.54795
7933,0.46143
7934,0.35473000000000005
7935,0.24242
7936,0.10723999999999999
7937,0.00372
7938,0.0
7939,0.0
7940,0.0
7941,0.0
7942,0.0
7943,0.0
7944,0.0
7945,0.0
7946,0.0
7947,0.0
7948,0.0
7949,0.0
7950,0.024480000000000002
7951,0.22166999999999998
7952,0.45666
7953,0.5949500000000001
7954,0.6708200000000001
7955,0.6165700000000001
7956,0.6660499999999999
7957,0.52155
7958,0.38060000000000005
7959,0.30483
7960,0.08408
7961,0.00182
7962,0.0
7963,0.0
7964,0.0
7965,0.0
7966,0.0
7967,0.0
7968,0.0
7969,0.0
7970,0.0
7971,0.0
7972,0.0
7973,0.0
7974,0.01682
7975,0.236
7976,0.46722
7977,0.60748
7978,0.66777
7979,0.68533
7980,0.59492
7981,0.55941
7982,0.40843
7983,0.2747
7984,0.08125
7985,0.0045899999999999995
7986,0.0
7987,0.0
7988,0.0
7989,0.0
7990,0.0
7991,0.0
7992,0.0
7993,0.0
7994,0.0
7995,0.0
7996,0.0
7997,0.0
7998,0.01822
7999,0.15687
8000,0.35402999999999996
8001,0.50591
8002,0.51975
8003,0.63979
8004,0.53811
8005,0.5734
8006,0.39586
8007,0.29381
8008,0.11245999999999999
8009,0.00744
8010,0.0
8011,0.0
8012,0.0
8013,0.0
8014,0.0
8015,0.0
8016,0.0
8017,0.0
8018,0.0
8019,0.0
8020,0.0
8021,0.0
8022,0.018510000000000002
8023,0.14382
8024,0.35239
8025,0.50839
8026,0.55184
8027,0.5854299999999999
8028,0.5532
8029,0.49051999999999996
8030,0.42794
8031,0.23829
8032,0.10025
8033,0.00515
8034,0.0
8035,0.0
8036,0.0
8037,0.0
8038,0.0
8039,0.0
8040,0.0
8041,0.0
8042,0.0
8043,0.0
8044,0.0
8045,0.0
8046,0.02052
8047,0.21906
8048,0.38706
8049,0.59061
8050,0.65338
8051,0.7209099999999999
8052,0.61734
8053,0.47574
8054,0.39437
8055,0.13897
8056,0.06328
8057,0.00475
8058,0.0
8059,0.0
8060,0.0
8061,0.0
8062,0.0
8063,0.0
8064,0.0
8065,0.0
8066,0.0
8067,0.0
8068,0.0
8069,0.0
8070,0.01218
8071,0.1475
8072,0.36069999999999997
8073,0.48681
8074,0.59025
8075,0.66242
8076,0.54771
8077,0.5455099999999999
8078,0.38015
8079,0.22494
8080,0.07765999999999999
8081,0.0062900000000000005
8082,0.0
8083,0.0
8084,0.0
8085,0.0
8086,0.0
8087,0.0
8088,0.0
8089,0.0
8090,0.0
8091,0.0
8092,0.0
8093,0.0
8094,0.01374
8095,0.20305
8096,0.39461
8097,0.55069
8098,0.64285
8099,0.59517
8100,0.5363600000000001
8101,0.47647
8102,0.31486000000000003
8103,0.21636000000000002
8104,0.0916
8105,0.00417
8106,0.0
8107,0.0
8108,0.0
8109,0.0
8110,0.0
8111,0.0
8112,0.0
8113,0.0
8114,0.0
8115,0.0
8116,0.0
8117,0.0
8118,0.02078
8119,0.16761
8120,0.21298
8121,0.30645999999999995
8122,0.40556
8123,0.44283
8124,0.34612
8125,0.20809
8126,0.16144999999999998
8127,0.11173000000000001
8128,0.08012000000000001
8129,0.0038799999999999998
8130,0.0
8131,0.0
8132,0.0
8133,0.0
8134,0.0
8135,0.0
8136,0.0
8137,0.0
8138,0.0
8139,0.0
8140,0.0
8141,0.0
8142,0.0038599999999999997
8143,0.06670000000000001
8144,0.13124
8145,0.12685
8146,0.25989999999999996
8147,0.16897
8148,0.24738
8149,0.31023
8150,0.34363
8151,0.21666
8152,0.06615
8153,0.00206
8154,0.0
8155,0.0
8156,0.0
8157,0.0
8158,0.0
8159,0.0
8160,0.0
8161,0.0
8162,0.0
8163,0.0
8164,0.0
8165,0.0
8166,0.0009599999999999999
8167,0.024829999999999998
8168,0.05399
8169,0.14304
8170,0.24372
8171,0.32047000000000003
8172,0.31626
8173,0.32
8174,0.30194
8175,0.19128
8176,0.059590000000000004
8177,0.0039
8178,0.0
8179,0.0
8180,0.0
8181,0.0
8182,0.0
8183,0.0
8184,0.0
8185,0.0
8186,0.0
8187,0.0
8188,0.0
8189,0.0
8190,0.00135
8191,0.11309000000000001
8192,0.23762
8193,0.41739
8194,0.40358
8195,0.39919
8196,0.43681
8197,0.34741000000000005
8198,0.31639999999999996
8199,0.17425
8200,0.07054
8201,0.00313
8202,0.0
8203,0.0
8204,0.0
8205,0.0
8206,0.0
8207,0.0
8208,0.0
8209,0.0
8210,0.0
8211,0.0
8212,0.0
8213,0.0
8214,0.01328
8215,0.1608
8216,0.29304
8217,0.31794
8218,0.39538
8219,0.50138
8220,0.34399
8221,0.28948
8222,0.21866999999999998
8223,0.12199
8224,0.0492
8225,0.00298
8226,0.0
8227,0.0
8228,0.0
8229,0.0
8230,0.0
8231,0.0
8232,0.0
8233,0.0
8234,0.0
8235,0.0
8236,0.0
8237,0.0
8238,0.00555
8239,0.10604999999999999
8240,0.27207
8241,0.35098
8242,0.37375
8243,0.42192
8244,0.39319
8245,0.34546
8246,0.20682
8247,0.19995
8248,0.10920999999999999
8249,0.00535
8250,0.0
8251,0.0
8252,0.0
8253,0.0
8254,0.0
8255,0.0
8256,0.0
8257,0.0
8258,0.0
8259,0.0
8260,0.0
8261,0.0
8262,0.00227
8263,0.050140000000000004
8264,0.17477
8265,0.19322999999999999
8266,0.44309
8267,0.57041
8268,0.48075999999999997
8269,0.56992
8270,0.4363
8271,0.2339
8272,0.0911
8273,0.00408
8274,0.0
8275,0.0
8276,0.0
8277,0.0
8278,0.0
8279,0.0
8280,0.0
8281,0.0
8282,0.0
8283,0.0
8284,0.0
8285,0.0
8286,0.01434
8287,0.17904
8288,0.37535
8289,0.5186900000000001
8290,0.58696
8291,0.57604
8292,0.49663999999999997
8293,0.42368
8294,0.30983
8295,0.24222
8296,0.05588
8297,0.00605
8298,0.0
8299,0.0
8300,0.0
8301,0.0
8302,0.0
8303,0.0
8304,0.0
8305,0.0
8306,0.0
8307,0.0
8308,0.0
8309,0.0
8310,0.00109
8311,0.02277
8312,0.11128
8313,0.15859
8314,0.24064
8315,0.26093
8316,0.28897
8317,0.3544
8318,0.20337
8319,0.11295000000000001
8320,0.04926
8321,0.00235
8322,0.0
8323,0.0
8324,0.0
8325,0.0
8326,0.0
8327,0.0
8328,0.0
8329,0.0
8330,0.0
8331,0.0
8332,0.0
8333,0.0
8334,0.01201
8335,0.16481
8336,0.31491
8337,0.43209
8338,0.5836699999999999
8339,0.60899
8340,0.62687
8341,0.54516
8342,0.34995
8343,0.24481999999999998
8344,0.09190000000000001
8345,0.00515
8346,0.0
8347,0.0
8348,0.0
8349,0.0
8350,0.0
8351,0.0
8352,0.0
8353,0.0
8354,0.0
8355,0.0
8356,0.0
8357,0.0
8358,0.00064
8359,0.05722
8360,0.11784
8361,0.21625
8362,0.34868
8363,0.28593999999999997
8364,0.55488
8365,0.3583
8366,0.22922
8367,0.25509
8368,0.10158
8369,0.00753
8370,0.0
8371,0.0
8372,0.0
8373,0.0
8374,0.0
8375,0.0
8376,0.0
8377,0.0
8378,0.0
8379,0.0
8380,0.0
8381,0.0
8382,0.009529999999999999
8383,0.20755
8384,0.36381
8385,0.58772
8386,0.6018300000000001
8387,0.6741
8388,0.57411
8389,0.49336
8390,0.348
8391,0.20451
8392,0.12290999999999999
8393,0.009470000000000001
8394,0.0
8395,0.0
8396,0.0
8397,0.0
8398,0.0
8399,0.0
8400,0.0
8401,0.0
8402,0.0
8403,0.0
8404,0.0
8405,0.0
8406,0.0108
8407,0.11284999999999999
8408,0.30965
8409,0.39514
8410,0.51947
8411,0.47629000000000005
8412,0.5838
8413,0.43851999999999997
8414,0.23357
8415,0.18327000000000002
8416,0.06674
8417,0.00822
8418,0.0
8419,0.0
8420,0.0
8421,0.0
8422,0.0
8423,0.0
8424,0.0
8425,0.0
8426,0.0
8427,0.0
8428,0.0
8429,0.0
8430,0.01279
8431,0.13784
8432,0.33636
8433,0.51923
8434,0.56689
8435,0.61072
8436,0.5349299999999999
8437,0.5235700000000001
8438,0.43418
8439,0.20585
8440,0.08344
8441,0.009089999999999999
8442,0.0
8443,0.0
8444,0.0
8445,0.0
8446,0.0
8447,0.0
8448,0.0
8449,0.0
8450,0.0
8451,0.0
8452,0.0
8453,0.0
8454,0.00916
8455,0.1753
8456,0.37897000000000003
8457,0.53547
8458,0.6363099999999999
8459,0.65426
8460,0.60858
8461,0.49412
8462,0.40639
8463,0.28002
8464,0.1318
8465,0.0048
8466,0.0
8467,0.0
8468,0.0
8469,0.0
8470,0.0
8471,0.0
8472,0.0
8473,0.0
8474,0.0
8475,0.0
8476,0.0
8477,0.0
8478,0.007030000000000001
8479,0.16619
8480,0.36776
8481,0.43612
8482,0.56468
8483,0.5980700000000001
8484,0.66602
8485,0.50144
8486,0.42715
8487,0.23531
8488,0.12054000000000001
8489,0.00512
8490,0.0
8491,0.0
8492,0.0
8493,0.0
8494,0.0
8495,0.0
8496,0.0
8497,0.0
8498,0.0
8499,0.0
8500,0.0
8501,0.0
8502,0.006019999999999999
8503,0.12068999999999999
8504,0.34258999999999995
8505,0.45032
8506,0.52666
8507,0.55226
8508,0.49901999999999996
8509,0.51092
8510,0.40036
8511,0.30162
8512,0.13225
8513,0.01107
8514,0.0
8515,0.0
8516,0.0
8517,0.0
8518,0.0
8519,0.0
8520,0.0
8521,0.0
8522,0.0
8523,0.0
8524,0.0
8525,0.0
8526,0.00903
8527,0.21905000000000002
8528,0.38130000000000003
8529,0.55216
8530,0.67714
8531,0.69449
8532,0.6525599999999999
8533,0.57993
8534,0.49613
8535,0.31009
8536,0.15245
8537,0.014320000000000001
8538,0.0
8539,0.0
8540,0.0
8541,0.0
8542,0.0
8543,0.0
8544,0.0
8545,0.0
8546,0.0
8547,0.0
8548,0.0
8549,0.0
8550,0.00948
8551,0.23466
8552,0.45726
8553,0.59905
8554,0.66101
8555,0.72717
8556,0.71301
8557,0.66891
8558,0.52958
8559,0.37401999999999996
8560,0.16977
8561,0.00898
8562,0.0
8563,0.0
8564,0.0
8565,0.0
8566,0.0
8567,0.0
8568,0.0
8569,0.0
8570,0.0
8571,0.0
8572,0.0
8573,0.0
8574,0.0065899999999999995
8575,0.22087
8576,0.45003
8577,0.62259
8578,0.70213
8579,0.73724
8580,0.72027
8581,0.65867
8582,0.50104
8583,0.37221
8584,0.15747999999999998
8585,0.00795
8586,0.0
8587,0.0
8588,0.0
8589,0.0
8590,0.0
8591,0.0
8592,0.0
8593,0.0
8594,0.0
8595,0.0
8596,0.0
8597,0.0
8598,0.01154
8599,0.20448
8600,0.4107
8601,0.60741
8602,0.6754199999999999
8603,0.68541
8604,0.6932699999999999
8605,0.59162
8606,0.50797
8607,0.34393
8608,0.16865
8609,0.01228
8610,0.0
8611,0.0
8612,0.0
8613,0.0
8614,0.0
8615,0.0
8616,0.0
8617,0.0
8618,0.0
8619,0.0
8620,0.0
8621,0.0
8622,0.01061
8623,0.20636000000000002
8624,0.43542000000000003
8625,0.63099
8626,0.7340099999999999
8627,0.7629400000000001
8628,0.75873
8629,0.68596
8630,0.5422100000000001
8631,0.40135000000000004
8632,0.18863999999999997
8633,0.00934
8634,0.0
8635,0.0
8636,0.0
8637,0.0
8638,0.0
8639,0.0
8640,0.0
8641,0.0
8642,0.0
8643,0.0
8644,0.0
8645,0.0
8646,0.008539999999999999
8647,0.21728
8648,0.43002999999999997
8649,0.53334
8650,0.54413
8651,0.44142000000000003
8652,0.30862
8653,0.63254
8654,0.45416
8655,0.33008
8656,0.16540000000000002
8657,0.01126
8658,0.0
8659,0.0
8660,0.0
8661,0.0
8662,0.0
8663,0.0
8664,0.0
8665,0.0
8666,0.0
8667,0.0
8668,0.0
8669,0.0
8670,0.00931
8671,0.17198
8672,0.388
8673,0.56772
8674,0.6687799999999999
8675,0.73823
8676,0.70256
8677,0.6310399999999999
8678,0.5477799999999999
8679,0.35064999999999996
8680,0.1758
8681,0.011949999999999999
8682,0.0
8683,0.0
8684,0.0
8685,0.0
8686,0.0
8687,0.0
8688,0.0
8689,0.0
8690,0.0
8691,0.0
8692,0.0
8693,0.0
8694,0.00862
8695,0.19191999999999998
8696,0.38889
8697,0.54548
8698,0.64247
8699,0.72109
8700,0.7113700000000001
8701,0.6585
8702,0.54584
8703,0.37462
8704,0.17897
8705,0.00917
8706,0.0
8707,0.0
8708,0.0
8709,0.0
8710,0.0
8711,0.0
8712,0.0
8713,0.0
8714,0.0
8715,0.0
8716,0.0
8717,0.0
8718,0.00662
8719,0.17468
8720,0.42588
8721,0.5918
8722,0.66292
8723,0.75359
8724,0.7111000000000001
8725,0.66538
8726,0.48278
8727,0.37661
8728,0.16762
8729,0.00984
8730,0.0
8731,0.0
8732,0.0
8733,0.0
8734,0.0
8735,0.0
8736,0.0
8737,0.0
8738,0.0
8739,0.0
8740,0.0
8741,0.0
8742,0.00643
8743,0.18869
8744,0.41764
8745,0.61641
8746,0.69736
8747,0.73294
8748,0.70143
8749,0.6275299999999999
8750,0.53552
8751,0.38437
8752,0.16566999999999998
8753,0.0
8754,0.0
8755,0.0
8756,0.0
8757,0.0
8758,0.0
8759,0.0
