,pv_per_unit
0,0.0
1,0.0
2,0.0
3,0.0
4,0.0
5,0.0
6,0.045090000000000005
7,0.25582
8,0.39205
9,0.48771
10,0.64375
11,0.61077
12,0.63755
13,0.61893
14,0.5129
15,0.33426
16,0.16738999999999998
17,0.01419
18,0.0
19,0.0
20,0.0
21,0.0
22,0.0
23,0.0
24,0.0
25,0.0
26,0.0
27,0.0
28,0.0
29,0.0
30,0.027719999999999998
31,0.11238
32,0.2864
33,0.29014999999999996
34,0.25789999999999996
35,0.55377
36,0.5764900000000001
37,0.46970999999999996
38,0.31636000000000003
39,0.31157
40,0.15672
41,0.01051
42,0.0
43,0.0
44,0.0
45,0.0
46,0.0
47,0.0
48,0.0
49,0.0
50,0.0
51,0.0
52,0.0
53,0.0
54,0.05614
55,0.22654
56,0.41542
57,0.55821
58,0.62901
59,0.62313
60,0.69309
61,0.5322899999999999
62,0.25859
63,0.15462
64,0.10241
65,0.008150000000000001
66,0.0
67,0.0
68,0.0
69,0.0
70,0.0
71,0.0
72,0.0
73,0.0
74,0.0
75,0.0
76,0.0
77,0.0
78,0.03693
79,0.1395
80,0.34970999999999997
81,0.5661499999999999
82,0.68474
83,0.73973
84,0.6144700000000001
85,0.5767
86,0.41378
87,0.25146
88,0.10613
89,0.0125
90,0.0
91,0.0
92,0.0
93,0.0
94,0.0
95,0.0
96,0.0
97,0.0
98,0.0
99,0.0
100,0.0
101,0.0
102,0.06297
103,0.25883
104,0.48323
105,0.61122
106,0.73127
107,0.7676900000000001
108,0.75612
109,0.69147
110,0.5698099999999999
111,0.3972
112,0.1994
113,0.01575
114,0.0
115,0.0
116,0.0
117,0.0
118,0.0
119,0.0
120,0.0
121,0.0
122,0.0
123,0.0
124,0.0
125,0.0
126,0.06171
127,0.25093
128,0.44312
129,0.5425800000000001
130,0.67733
131,0.7062999999999999
132,0.71148
133,0.61245
134,0.52847
135,0.38179
136,0.17351
137,0.01666
138,0.0
139,0.0
140,0.0
141,0.0
142,0.0
143,0.0
144,0.0
145,0.0
146,0.0
147,0.0
148,0.0
149,0.0
150,0.04348
151,0.16147999999999998
152,0.36957999999999996
153,0.5049399999999999
154,0.65335
155,0.6670900000000001
156,0.63964
157,0.6035499999999999
158,0.52863
159,0.35836
160,0.15393
161,0.01207
162,0.0
163,0.0
164,0.0
165,0.0
166,0.0
167,0.0
168,0.0
169,0.0
170,0.0
171,0.0
172,0.0
173,0.0
174,0.02495
175,0.12333
176,0.25281
177,0.33259
178,0.34375
179,0.31412
180,0.22746
181,0.29098
182,0.25975
183,0.24303
184,0.11009000000000001
185,0.00884
186,0.0
187,0.0
188,0.0
189,0.0
190,0.0
191,0.0
192,0.0
193,0.0
194,0.0
195,0.0
196,0.0
197,0.0
198,0.023629999999999998
199,0.13201
200,0.32332
201,0.35841
202,0.50466
203,0.54204
204,0.5149600000000001
205,0.58293
206,0.44347000000000003
207,0.3491
208,0.13632
209,0.01233
210,0.0
211,0.0
212,0.0
213,0.0
214,0.0
215,0.0
216,0.0
217,0.0
218,0.0
219,0.0
220,0.0
221,0.0
222,0.02157
223,0.10513
224,0.30155
225,0.35823
226,0.42139
227,0.57772
228,0.48685
229,0.61971
230,0.48481
231,0.30083
232,0.17542
233,0.01452
234,0.0
235,0.0
236,0.0
237,0.0
238,0.0
239,0.0
240,0.0
241,0.0
242,0.0
243,0.0
244,0.0
245,0.0
246,0.006809999999999999
247,0.12232
248,0.24624000000000001
249,0.4579
250,0.63558
251,0.66727
252,0.67128
253,0.62597
254,0.5255
255,0.29781
256,0.17004
257,0.01856
258,0.0
259,0.0
260,0.0
261,0.0
262,0.0
263,0.0
264,0.0
265,0.0
266,0.0
267,0.0
268,0.0
269,0.0
270,0.05454
271,0.25259
272,0.46531
273,0.61498
274,0.71033
275,0.7234700000000001
276,0.7464700000000001
277,0.68061
278,0.56828
279,0.40593
280,0.20932
281,0.02135
282,0.0
283,0.0
284,0.0
285,0.0
286,0.0
287,0.0
288,0.0
289,0.0
290,0.0
291,0.0
292,0.0
293,0.0
294,0.03022
295,0.22884000000000002
296,0.43739999999999996
297,0.58604
298,0.7124199999999999
299,0.75599
300,0.74084
301,0.68991
302,0.5741499999999999
303,0.39956
304,0.21186000000000002
305,0.02199
306,0.0
307,0.0
308,0.0
309,0.0
310,0.0
311,0.0
312,0.0
313,0.0
314,0.0
315,0.0
316,0.0
317,0.0
318,0.04632
319,0.26612
320,0.44618
321,0.58833
322,0.69559
323,0.75158
324,0.73839
325,0.6748200000000001
326,0.52906
327,0.37012
328,0.21018
329,0.02258
330,0.0
331,0.0
332,0.0
333,0.0
334,0.0
335,0.0
336,0.0
337,0.0
338,0.0
339,0.0
340,0.0
341,0.0
342,0.05047
343,0.26625
344,0.45868000000000003
345,0.61666
346,0.7162200000000001
347,0.7643099999999999
348,0.7428400000000001
349,0.686
350,0.58013
351,0.42537
352,0.21709
353,0.02249
354,0.0
355,0.0
356,0.0
357,0.0
358,0.0
359,0.0
360,0.0
361,0.0
362,0.0
363,0.0
364,0.0
365,0.0
366,0.05182
367,0.26594999999999996
368,0.4557
369,0.61885
370,0.69167
371,0.64681
372,0.6746599999999999
373,0.67969
374,0.56188
375,0.41763
376,0.21612
377,0.023260000000000003
378,0.0
379,0.0
380,0.0
381,0.0
382,0.0
383,0.0
384,0.0
385,0.0
386,0.0
387,0.0
388,0.0
389,0.0
390,0.048100000000000004
391,0.26724000000000003
392,0.45782999999999996
393,0.60714
394,0.7144299999999999
395,0.72324
396,0.74837
397,0.66632
398,0.55484
399,0.41336
400,0.21384999999999998
401,0.0237
402,0.0
403,0.0
404,0.0
405,0.0
406,0.0
407,0.0
408,0.0
409,0.0
410,0.0
411,0.0
412,0.0
413,0.0
414,0.05075
415,0.2671
416,0.45844999999999997
417,0.6022799999999999
418,0.71158
419,0.76688
420,0.74897
421,0.6919299999999999
422,0.57662
423,0.42075
424,0.21933000000000002
425,0.02462
426,0.0
427,0.0
428,0.0
429,0.0
430,0.0
431,0.0
432,0.0
433,0.0
434,0.0
435,0.0
436,0.0
437,0.0
438,0.04887
439,0.25683999999999996
440,0.4467
441,0.61799
442,0.7294400000000001
443,0.77338
444,0.76016
445,0.6959099999999999
446,0.56974
447,0.43138
448,0.21825999999999998
449,0.02496
450,0.0
451,0.0
452,0.0
453,0.0
454,0.0
455,0.0
456,0.0
457,0.0
458,0.0
459,0.0
460,0.0
461,0.0
462,0.04967
463,0.26471
464,0.45388999999999996
465,0.60257
466,0.721
467,0.76403
468,0.74797
469,0.6299
470,0.43331000000000003
471,0.32504
472,0.16503
473,0.02318
474,0.0
475,0.0
476,0.0
477,0.0
478,0.0
479,0.0
480,0.0
481,0.0
482,0.0
483,0.0
484,0.0
485,0.0
486,0.03643
487,0.20238
488,0.40482
489,0.54514
490,0.6107400000000001
491,0.63015
492,0.46558999999999995
493,0.5237
494,0.50562
495,0.37189
496,0.18687
497,0.02172
498,0.0
499,0.0
500,0.0
501,0.0
502,0.0
503,0.0
504,0.0
505,0.0
506,0.0
507,0.0
508,0.0
509,0.0
510,0.03606
511,0.17493
512,0.41355000000000003
513,0.50957
514,0.63963
515,0.5652
516,0.6078
517,0.40986
518,0.49242
519,0.38145
520,0.16733
521,0.02243
522,0.0
523,0.0
524,0.0
525,0.0
526,0.0
527,0.0
528,0.0
529,0.0
530,0.0
531,0.0
532,0.0
533,0.0
534,0.026609999999999998
535,0.1206
536,0.20701
537,0.37983
538,0.42627
539,0.5455099999999999
540,0.55477
541,0.52125
542,0.5351699999999999
543,0.39316
544,0.20237
545,0.02572
546,0.0
547,0.0
548,0.0
549,0.0
550,0.0
551,0.0
552,0.0
553,0.0
554,0.0
555,0.0
556,0.0
557,0.0
558,0.02897
559,0.15772999999999998
560,0.29438
561,0.43653
562,0.6137100000000001
563,0.64635
564,0.63316
565,0.54869
566,0.5051100000000001
567,0.33344
568,0.1427
569,0.016550000000000002
570,0.0
571,0.0
572,0.0
573,0.0
574,0.0
575,0.0
576,0.0
577,0.0
578,0.0
579,0.0
580,0.0
581,0.0
582,0.022420000000000002
583,0.14898
584,0.32143
585,0.5445599999999999
586,0.65636
587,0.73226
588,0.67689
589,0.6703300000000001
590,0.48395
591,0.31638
592,0.19332
593,0.02118
594,0.0
595,0.0
596,0.0
597,0.0
598,0.0
599,0.0
600,0.0
601,0.0
602,0.0
603,0.0
604,0.0
605,0.0
606,0.039020000000000006
607,0.22723
608,0.4308
609,0.5756
610,0.66514
611,0.6534800000000001
612,0.6363300000000001
613,0.60605
614,0.4903
615,0.42169999999999996
616,0.21832
617,0.032310000000000005
618,0.0
619,0.0
620,0.0
621,0.0
622,0.0
623,0.0
624,0.0
625,0.0
626,0.0
627,0.0
628,0.0
629,0.0
630,0.04251
631,0.25169
632,0.45255
633,0.61129
634,0.7190599999999999
635,0.75387
636,0.68768
637,0.66962
638,0.52712
639,0.39654
640,0.21381
641,0.03381
642,0.0
643,0.0
644,0.0
645,0.0
646,0.0
647,0.0
648,0.0
649,0.0
650,0.0
651,0.0
652,0.0
653,0.0
654,0.04476
655,0.2587
656,0.45633999999999997
657,0.61987
658,0.72235
659,0.7718400000000001
660,0.76279
661,0.6955800000000001
662,0.58917
663,0.43664
664,0.22763999999999998
665,0.03475
666,0.0
667,0.0
668,0.0
669,0.0
670,0.0
671,0.0
672,0.0
673,0.0
674,0.0
675,0.0
676,0.0
677,0.0
678,0.040479999999999995
679,0.23202
680,0.45577
681,0.57525
682,0.73607
683,0.78339
684,0.7744
685,0.7094
686,0.60254
687,0.44062
688,0.23262
689,0.03532
690,0.0
691,0.0
692,0.0
693,0.0
694,0.0
695,0.0
696,0.0
697,0.0
698,0.0
699,0.0
700,0.0
701,0.0
702,0.04489
703,0.25723
704,0.45567
705,0.6165700000000001
706,0.71745
707,0.76414
708,0.7637
709,0.6842
710,0.54913
711,0.37817
712,0.21952000000000002
713,0.03082
714,0.0
715,0.0
716,0.0
717,0.0
718,0.0
719,0.0
720,0.0
721,0.0
722,0.0
723,0.0
724,0.0
725,0.0
726,0.038369999999999994
727,0.21117
728,0.40166
729,0.58014
730,0.68528
731,0.74929
732,0.73848
733,0.6580199999999999
734,0.57147
735,0.38832
736,0.20362
737,0.0158
738,0.0
739,0.0
740,0.0
741,0.0
742,0.0
743,0.0
744,0.0
745,0.0
746,0.0
747,0.0
748,0.0
749,0.0
750,0.01009
751,0.15444
752,0.32106
753,0.5187999999999999
754,0.65227
755,0.62288
756,0.72204
757,0.63349
758,0.55703
759,0.39293
760,0.16076
761,0.02965
762,0.0
763,0.0
764,0.0
765,0.0
766,0.0
767,0.0
768,0.0
769,0.0
770,0.0
771,0.0
772,0.0
773,0.0
774,0.036719999999999996
775,0.20502
776,0.40564999999999996
777,0.6043200000000001
778,0.70725
779,0.75313
780,0.72778
781,0.66962
782,0.57072
783,0.36601
784,0.21465
785,0.02658
786,0.0
787,0.0
788,0.0
789,0.0
790,0.0
791,0.0
792,0.0
793,0.0
794,0.0
795,0.0
796,0.0
797,0.0
798,0.038009999999999995
799,0.19547
800,0.3742
801,0.5192
802,0.61782
803,0.64678
804,0.6073500000000001
805,0.65363
806,0.51619
807,0.38388
808,0.18434999999999999
809,0.02779
810,0.0
811,0.0
812,0.0
813,0.0
814,0.0
815,0.0
816,0.0
817,0.0
818,0.0
819,0.0
820,0.0
821,0.0
822,0.033710000000000004
823,0.20019
824,0.36627
825,0.46412
826,0.61834
827,0.67802
828,0.70509
829,0.5518
830,0.50259
831,0.39877999999999997
832,0.21819
833,0.03514
834,0.0
835,0.0
836,0.0
837,0.0
838,0.0
839,0.0
840,0.0
841,0.0
842,0.0
843,0.0
844,0.0
845,0.0
846,0.02137
847,0.20593999999999998
848,0.41997
849,0.44033999999999995
850,0.5905499999999999
851,0.6499400000000001
852,0.58909
853,0.62207
854,0.41376999999999997
855,0.37151999999999996
856,0.18725999999999998
857,0.01787
858,0.0
859,0.0
860,0.0
861,0.0
862,0.0
863,0.0
864,0.0
865,0.0
866,0.0
867,0.0
868,0.0
869,0.0
870,0.02986
871,0.18719
872,0.39464
873,0.51547
874,0.62258
875,0.6260800000000001
876,0.54574
877,0.498
878,0.36419
879,0.33936
880,0.14589
881,0.02708
882,0.0
883,0.0
884,0.0
885,0.0
886,0.0
887,0.0
888,0.0
889,0.0
890,0.0
891,0.0
892,0.0
893,0.0
894,0.02352
895,0.15791
896,0.28463
897,0.48051
898,0.5422899999999999
899,0.61765
900,0.64315
901,0.54795
902,0.46527999999999997
903,0.32997000000000004
904,0.13226
905,0.01757
906,0.0
907,0.0
908,0.0
909,0.0
910,0.0
911,0.0
912,0.0
913,0.0
914,0.0
915,0.0
916,0.0
917,0.0
918,0.03528
919,0.21342
920,0.3339
921,0.55662
922,0.66515
923,0.7135199999999999
924,0.65427
925,0.6614099999999999
926,0.5072
927,0.37418
928,0.19150999999999999
929,0.03326
930,0.0
931,0.0
932,0.0
933,0.0
934,0.0
935,0.0
936,0.0
937,0.0
938,0.0
939,0.0
940,0.0
941,0.0
942,0.036289999999999996
943,0.21430000000000002
944,0.41137999999999997
945,0.57951
946,0.59758
947,0.6413300000000001
948,0.6304099999999999
949,0.48439
950,0.41205
951,0.29923
952,0.19554
953,0.03053
954,0.0
955,0.0
956,0.0
957,0.0
958,0.0
959,0.0
960,0.0
961,0.0
962,0.0
963,0.0
964,0.0
965,0.0
966,0.03649
967,0.19113999999999998
968,0.40934
969,0.58778
970,0.67975
971,0.5612999999999999
972,0.51664
973,0.40406
974,0.32715
975,0.21371
976,0.13943
977,0.024489999999999998
978,0.0
979,0.0
980,0.0
981,0.0
982,0.0
983,0.0
984,0.0
985,0.0
986,0.0
987,0.0
988,0.0
989,0.0
990,0.01421
991,0.12743000000000002
992,0.34235000000000004
993,0.50252
994,0.61971
995,0.74364
996,0.6840599999999999
997,0.62187
998,0.5475399999999999
999,0.34788
1000,0.16992
1001,0.02831
1002,0.0
1003,0.0
1004,0.0
1005,0.0
1006,0.0
1007,0.0
1008,0.0
1009,0.0
1010,0.0
1011,0.0
1012,0.0
1013,0.0
1014,0.01702
1015,0.18203999999999998
1016,0.35401
1017,0.49739999999999995
1018,0.59249
1019,0.7182000000000001
1020,0.60558
1021,0.58026
1022,0.51888
1023,0.33125
1024,0.16462000000000002
1025,0.023170000000000003
1026,0.0
1027,0.0
1028,0.0
1029,0.0
1030,0.0
1031,0.0
1032,0.0
1033,0.0
1034,0.0
1035,0.0
1036,0.0
1037,0.0
1038,0.03573
1039,0.21972999999999998
1040,0.39350999999999997
1041,0.50873
1042,0.61449
1043,0.6651699999999999
1044,0.51432
1045,0.66776
1046,0.504
1047,0.34482999999999997
1048,0.20544
1049,0.02419
1050,0.0
1051,0.0
1052,0.0
1053,0.0
1054,0.0
1055,0.0
1056,0.0
1057,0.0
1058,0.0
1059,0.0
1060,0.0
1061,0.0
1062,0.02935
1063,0.17234
1064,0.38441000000000003
1065,0.56947
1066,0.63519
1067,0.75071
1068,0.7148
1069,0.5335
1070,0.51512
1071,0.28947
1072,0.2023
1073,0.03055
1074,0.0
1075,0.0
1076,0.0
1077,0.0
1078,0.0
1079,0.0
1080,0.0
1081,0.0
1082,0.0
1083,0.0
1084,0.0
1085,0.0
1086,0.026170000000000002
1087,0.16758
1088,0.31215
1089,0.47739
1090,0.61234
1091,0.6329600000000001
1092,0.65988
1093,0.65813
1094,0.48164999999999997
1095,0.37261
1096,0.16475
1097,0.03246
1098,0.0
1099,0.0
1100,0.0
1101,0.0
1102,0.0
1103,0.0
1104,0.0
1105,0.0
1106,0.0
1107,0.0
1108,0.0
1109,0.0
1110,0.03037
1111,0.16758
1112,0.26819
1113,0.48284
1114,0.53627
1115,0.57413
1116,0.56116
1117,0.45776999999999995
1118,0.40742
1119,0.29316000000000003
1120,0.15123
1121,0.02538
1122,0.0
1123,0.0
1124,0.0
1125,0.0
1126,0.0
1127,0.0
1128,0.0
1129,0.0
1130,0.0
1131,0.0
1132,0.0
1133,0.0
1134,0.0248
1135,0.15591
1136,0.37385
1137,0.51152
1138,0.54062
1139,0.59513
1140,0.52483
1141,0.52552
1142,0.47914999999999996
1143,0.2105
1144,0.12976
1145,0.01222
1146,0.0
1147,0.0
1148,0.0
1149,0.0
1150,0.0
1151,0.0
1152,0.0
1153,0.0
1154,0.0
1155,0.0
1156,0.0
1157,0.0
1158,0.01578
1159,0.10067
1160,0.23646
1161,0.36763999999999997
1162,0.58876
1163,0.5047900000000001
1164,0.55787
1165,0.6336799999999999
1166,0.54591
1167,0.37966
1168,0.17205
1169,0.01835
1170,0.0
1171,0.0
1172,0.0
1173,0.0
1174,0.0
1175,0.0
1176,0.0
1177,0.0
1178,0.0
1179,0.0
1180,0.0
1181,0.0
1182,0.01542
1183,0.10011
1184,0.2348
1185,0.3603
1186,0.57039
1187,0.58988
1188,0.61656
1189,0.5551900000000001
1190,0.3936
1191,0.31136
1192,0.14429
1193,0.02096
1194,0.0
1195,0.0
1196,0.0
1197,0.0
1198,0.0
1199,0.0
1200,0.0
1201,0.0
1202,0.0
1203,0.0
1204,0.0
1205,0.0
1206,0.02767
1207,0.16579
1208,0.35146
1209,0.53891
1210,0.67696
1211,0.72405
1212,0.67765
1213,0.59648
1214,0.51432
1215,0.27614999999999995
1216,0.14543999999999999
1217,0.02156
1218,0.0
1219,0.0
1220,0.0
1221,0.0
1222,0.0
1223,0.0
1224,0.0
1225,0.0
1226,0.0
1227,0.0
1228,0.0
1229,0.0
1230,0.0143
1231,0.057409999999999996
1232,0.24378999999999998
1233,0.39666
1234,0.60241
1235,0.70825
1236,0.68829
1237,0.60709
1238,0.5557000000000001
1239,0.39138999999999996
1240,0.11165
1241,0.02086
1242,0.0
1243,0.0
1244,0.0
1245,0.0
1246,0.0
1247,0.0
1248,0.0
1249,0.0
1250,0.0
1251,0.0
1252,0.0
1253,0.0
1254,0.00562
1255,0.031170000000000003
1256,0.10870999999999999
1257,0.22363
1258,0.37
1259,0.5379400000000001
1260,0.51037
1261,0.52725
1262,0.50498
1263,0.33407
1264,0.15017
1265,0.02445
1266,0.0
1267,0.0
1268,0.0
1269,0.0
1270,0.0
1271,0.0
1272,0.0
1273,0.0
1274,0.0
1275,0.0
1276,0.0
1277,0.0
1278,0.03658
1279,0.21003
1280,0.36133
1281,0.54841
1282,0.6543300000000001
1283,0.6899400000000001
1284,0.66069
1285,0.5461900000000001
1286,0.43028
1287,0.30581
1288,0.15934
1289,0.02596
1290,0.0
1291,0.0
1292,0.0
1293,0.0
1294,0.0
1295,0.0
1296,0.0
1297,0.0
1298,0.0
1299,0.0
1300,0.0
1301,0.0
1302,0.007
1303,0.08621
1304,0.10737999999999999
1305,0.15625999999999998
1306,0.2886
1307,0.15718000000000001
1308,0.19521
1309,0.34645
1310,0.38145999999999997
1311,0.26319
1312,0.16216999999999998
1313,0.0247
1314,0.0
1315,0.0
1316,0.0
1317,0.0
1318,0.0
1319,0.0
1320,0.0
1321,0.0
1322,0.0
1323,0.0
1324,0.0
1325,0.0
1326,0.02862
1327,0.15699000000000002
1328,0.2398
1329,0.21444
1330,0.3986
1331,0.54198
1332,0.67738
1333,0.4992
1334,0.44295999999999996
1335,0.35346
1336,0.12017
1337,0.022170000000000002
1338,0.0
1339,0.0
1340,0.0
1341,0.0
1342,0.0
1343,0.0
1344,0.0
1345,0.0
1346,0.0
1347,0.0
1348,0.0
1349,0.0
1350,0.02709
1351,0.16993
1352,0.33705
1353,0.39282
1354,0.50983
1355,0.66908
1356,0.63634
1357,0.36817
1358,0.31941
1359,0.27605
1360,0.12142
1361,0.02554
1362,0.0
1363,0.0
1364,0.0
1365,0.0
1366,0.0
1367,0.0
1368,0.0
1369,0.0
1370,0.0
1371,0.0
1372,0.0
1373,0.0
1374,0.01478
1375,0.1977
1376,0.32399
1377,0.41824
1378,0.58435
1379,0.60141
1380,0.55027
1381,0.58112
1382,0.40858999999999995
1383,0.29026
1384,0.1906
1385,0.02487
1386,0.0
1387,0.0
1388,0.0
1389,0.0
1390,0.0
1391,0.0
1392,0.0
1393,0.0
1394,0.0
1395,0.0
1396,0.0
1397,0.0
1398,0.0358
1399,0.16688999999999998
1400,0.32566
1401,0.49695999999999996
1402,0.71927
1403,0.7141799999999999
1404,0.6865
1405,0.59168
1406,0.37282
1407,0.28438
1408,0.15674000000000002
1409,0.01823
1410,0.0
1411,0.0
1412,0.0
1413,0.0
1414,0.0
1415,0.0
1416,0.0
1417,0.0
1418,0.0
1419,0.0
1420,0.0
1421,0.0
1422,0.01419
1423,0.13741
1424,0.29417000000000004
1425,0.39388
1426,0.48164
1427,0.53377
1428,0.50901
1429,0.64754
1430,0.53238
1431,0.30626
1432,0.13186
1433,0.0169
1434,0.0
1435,0.0
1436,0.0
1437,0.0
1438,0.0
1439,0.0
1440,0.0
1441,0.0
1442,0.0
1443,0.0
1444,0.0
1445,0.0
1446,0.02457
1447,0.17898
1448,0.35488
1449,0.51998
1450,0.71892
1451,0.76515
1452,0.7131900000000001
1453,0.62611
1454,0.55411
1455,0.41452
1456,0.21891
1457,0.02948
1458,0.0
1459,0.0
1460,0.0
1461,0.0
1462,0.0
1463,0.0
1464,0.0
1465,0.0
1466,0.0
1467,0.0
1468,0.0
1469,0.0
1470,0.041280000000000004
1471,0.20099
1472,0.35838
1473,0.5648099999999999
1474,0.70792
1475,0.7098099999999999
1476,0.75634
1477,0.65626
1478,0.54831
1479,0.28826
1480,0.15056
1481,0.01354
1482,0.0
1483,0.0
1484,0.0
1485,0.0
1486,0.0
1487,0.0
1488,0.0
1489,0.0
1490,0.0
1491,0.0
1492,0.0
1493,0.0
1494,0.0033
1495,0.035
1496,0.06099
1497,0.18597999999999998
1498,0.23821
1499,0.37899
1500,0.47769
1501,0.32915
1502,0.38776
1503,0.28364
1504,0.18536000000000002
1505,0.02829
1506,0.0
1507,0.0
1508,0.0
1509,0.0
1510,0.0
1511,0.0
1512,0.0
1513,0.0
1514,0.0
1515,0.0
1516,0.0
1517,0.0
1518,0.00732
1519,0.09094
1520,0.21516
1521,0.2854
1522,0.39472
1523,0.54071
1524,0.42671
1525,0.2507
1526,0.31333
1527,0.2904
1528,0.14953
1529,0.02505
1530,0.0
1531,0.0
1532,0.0
1533,0.0
1534,0.0
1535,0.0
1536,0.0
1537,0.0
1538,0.0
1539,0.0
1540,0.0
1541,0.0
1542,0.03478
1543,0.15628999999999998
1544,0.36387
1545,0.47058999999999995
1546,0.49005
1547,0.59809
1548,0.71446
1549,0.30875
1550,0.31191
1551,0.21971000000000002
1552,0.12393000000000001
1553,0.02198
1554,0.0
1555,0.0
1556,0.0
1557,0.0
1558,0.0
1559,0.0
1560,0.0
1561,0.0
1562,0.0
1563,0.0
1564,0.0
1565,0.0
1566,0.02447
1567,0.12418000000000001
1568,0.21606999999999998
1569,0.34418
1570,0.27855
1571,0.34191000000000005
1572,0.36241
1573,0.56749
1574,0.47946
1575,0.22957
1576,0.09615
1577,0.0173
1578,0.0
1579,0.0
1580,0.0
1581,0.0
1582,0.0
1583,0.0
1584,0.0
1585,0.0
1586,0.0
1587,0.0
1588,0.0
1589,0.0
1590,0.03321
1591,0.18428
1592,0.33314
1593,0.56162
1594,0.62381
1595,0.7153999999999999
1596,0.72187
1597,0.5832200000000001
1598,0.51705
1599,0.39188
1600,0.19363999999999998
1601,0.02983
1602,0.0
1603,0.0
1604,0.0
1605,0.0
1606,0.0
1607,0.0
1608,0.0
1609,0.0
1610,0.0
1611,0.0
1612,0.0
1613,0.0
1614,0.03362
1615,0.17537
1616,0.33844
1617,0.51184
1618,0.60749
1619,0.72617
1620,0.74854
1621,0.68228
1622,0.56031
1623,0.356
1624,0.19235
1625,0.02382
1626,0.0
1627,0.0
1628,0.0
1629,0.0
1630,0.0
1631,0.0
1632,0.0
1633,0.0
1634,0.0
1635,0.0
1636,0.0
1637,0.0
1638,0.02705
1639,0.14559
1640,0.2731
1641,0.35724
1642,0.43841
1643,0.42372000000000004
1644,0.29025
1645,0.5243
1646,0.31632
1647,0.23602
1648,0.14184
1649,0.01422
1650,0.0
1651,0.0
1652,0.0
1653,0.0
1654,0.0
1655,0.0
1656,0.0
1657,0.0
1658,0.0
1659,0.0
1660,0.0
1661,0.0
1662,0.01222
1663,0.093
1664,0.21819999999999998
1665,0.19523
1666,0.3537
1667,0.51315
1668,0.61242
1669,0.56475
1670,0.41345
1671,0.24893
1672,0.12785
1673,0.0169
1674,0.0
1675,0.0
1676,0.0
1677,0.0
1678,0.0
1679,0.0
1680,0.0
1681,0.0
1682,0.0
1683,0.0
1684,0.0
1685,0.0
1686,0.01839
1687,0.09467
1688,0.29007
1689,0.35564
1690,0.48849000000000004
1691,0.62064
1692,0.6213099999999999
1693,0.58025
1694,0.36445
1695,0.19463
1696,0.15045
1697,0.01516
1698,0.0
1699,0.0
1700,0.0
1701,0.0
1702,0.0
1703,0.0
1704,0.0
1705,0.0
1706,0.0
1707,0.0
1708,0.0
1709,0.0
1710,0.02512
1711,0.18556999999999998
1712,0.26925
1713,0.40942
1714,0.40334
1715,0.37343
1716,0.43439999999999995
1717,0.45318
1718,0.34951
1719,0.25977999999999996
1720,0.07561
1721,0.01134
1722,0.0
1723,0.0
1724,0.0
1725,0.0
1726,0.0
1727,0.0
1728,0.0
1729,0.0
1730,0.0
1731,0.0
1732,0.0
1733,0.0
1734,0.0144
1735,0.10346999999999999
1736,0.14054
1737,0.29784
1738,0.38883999999999996
1739,0.59433
1740,0.6514500000000001
1741,0.47282
1742,0.47918
1743,0.3195
1744,0.15778
1745,0.02075
1746,0.0
1747,0.0
1748,0.0
1749,0.0
1750,0.0
1751,0.0
1752,0.0
1753,0.0
1754,0.0
1755,0.0
1756,0.0
1757,0.0
1758,0.02885
1759,0.19752
1760,0.37279
1761,0.50301
1762,0.48543000000000003
1763,0.41306
1764,0.47439
1765,0.51858
1766,0.39274000000000003
1767,0.30196
1768,0.11819
1769,0.0218
1770,0.0
1771,0.0
1772,0.0
1773,0.0
1774,0.0
1775,0.0
1776,0.0
1777,0.0
1778,0.0
1779,0.0
1780,0.0
1781,0.0
1782,0.02147
1783,0.13948
1784,0.25378
1785,0.43019999999999997
1786,0.47718
1787,0.56741
1788,0.60688
1789,0.4074
1790,0.35654
1791,0.3326
1792,0.17836000000000002
1793,0.01839
1794,0.0
1795,0.0
1796,0.0
1797,0.0
1798,0.0
1799,0.0
1800,0.0
1801,0.0
1802,0.0
1803,0.0
1804,0.0
1805,0.0
1806,0.023420000000000003
1807,0.10911
1808,0.22166999999999998
1809,0.40911000000000003
1810,0.42897
1811,0.58578
1812,0.6059
1813,0.57552
1814,0.45083999999999996
1815,0.37553
1816,0.17489
1817,0.013349999999999999
1818,0.0
1819,0.0
1820,0.0
1821,0.0
1822,0.0
1823,0.0
1824,0.0
1825,0.0
1826,0.0
1827,0.0
1828,0.0
1829,0.0
1830,0.03179
1831,0.16817
1832,0.37767
1833,0.52398
1834,0.58021
1835,0.71175
1836,0.6125499999999999
1837,0.60791
1838,0.43624
1839,0.32608
1840,0.12359
1841,0.015529999999999999
1842,0.0
1843,0.0
1844,0.0
1845,0.0
1846,0.0
1847,0.0
1848,0.0
1849,0.0
1850,0.0
1851,0.0
1852,0.0
1853,0.0
1854,0.04819
1855,0.18002
1856,0.38789999999999997
1857,0.46385000000000004
1858,0.52924
1859,0.64113
1860,0.64743
1861,0.5324099999999999
1862,0.45949
1863,0.33164
1864,0.15125
1865,0.02044
1866,0.0
1867,0.0
1868,0.0
1869,0.0
1870,0.0
1871,0.0
1872,0.0
1873,0.0
1874,0.0
1875,0.0
1876,0.0
1877,0.0
1878,0.04553
1879,0.17848
1880,0.22309
1881,0.39262
1882,0.65577
1883,0.6988099999999999
1884,0.54608
1885,0.46889
1886,0.38865
1887,0.2815
1888,0.1235
1889,0.02118
1890,0.0
1891,0.0
1892,0.0
1893,0.0
1894,0.0
1895,0.0
1896,0.0
1897,0.0
1898,0.0
1899,0.0
1900,0.0
1901,0.0
1902,0.05922
1903,0.22075
1904,0.39999
1905,0.53364
1906,0.70251
1907,0.7285900000000001
1908,0.74045
1909,0.58104
1910,0.48725
1911,0.34152
1912,0.14967
1913,0.01632
1914,0.0
1915,0.0
1916,0.0
1917,0.0
1918,0.0
1919,0.0
1920,0.0
1921,0.0
1922,0.0
1923,0.0
1924,0.0
1925,0.0
1926,0.06024
1927,0.26516
1928,0.43195
1929,0.55403
1930,0.6425
1931,0.73305
1932,0.6248400000000001
1933,0.6176200000000001
1934,0.46554
1935,0.25964
1936,0.13385
1937,0.01482
1938,0.0
1939,0.0
1940,0.0
1941,0.0
1942,0.0
1943,0.0
1944,0.0
1945,0.0
1946,0.0
1947,0.0
1948,0.0
1949,0.0
1950,0.05237
1951,0.22804
1952,0.39458
1953,0.5225299999999999
1954,0.54414
1955,0.63602
1956,0.66128
1957,0.56511
1958,0.38783
1959,0.33562000000000003
1960,0.13334000000000001
1961,0.00958
1962,0.0
1963,0.0
1964,0.0
1965,0.0
1966,0.0
1967,0.0
1968,0.0
1969,0.0
1970,0.0
1971,0.0
1972,0.0
1973,0.0
1974,0.0077
1975,0.03882
1976,0.07547
1977,0.13649
1978,0.20585
1979,0.08213
1980,0.20271
1981,0.21434
1982,0.26069
1983,0.2147
1984,0.13593
1985,0.0195
1986,0.0
1987,0.0
1988,0.0
1989,0.0
1990,0.0
1991,0.0
1992,0.0
1993,0.0
1994,0.0
1995,0.0
1996,0.0
1997,0.0
1998,0.03495
1999,0.12886
2000,0.31312
2001,0.33338999999999996
2002,0.39926
2003,0.44018999999999997
2004,0.41636
2005,0.43486
2006,0.37864
2007,0.29274
2008,0.1418
2009,0.01849
2010,0.0
2011,0.0
2012,0.0
2013,0.0
2014,0.0
2015,0.0
2016,0.0
2017,0.0
2018,0.0
2019,0.0
2020,0.0
2021,0.0
2022,0.03665
2023,0.15095
2024,0.24472
2025,0.29323
2026,0.41147
2027,0.47108
2028,0.35558999999999996
2029,0.5196900000000001
2030,0.36336
2031,0.14244
2032,0.10366
2033,0.009470000000000001
2034,0.0
2035,0.0
2036,0.0
2037,0.0
2038,0.0
2039,0.0
2040,0.0
2041,0.0
2042,0.0
2043,0.0
2044,0.0
2045,0.0
2046,0.02825
2047,0.12024
2048,0.30886
2049,0.36535
2050,0.41679
2051,0.41473000000000004
2052,0.61397
2053,0.45712
2054,0.33951
2055,0.22177000000000002
2056,0.11492000000000001
2057,0.01829
2058,0.0
2059,0.0
2060,0.0
2061,0.0
2062,0.0
2063,0.0
2064,0.0
2065,0.0
2066,0.0
2067,0.0
2068,0.0
2069,0.0
2070,0.03447
2071,0.12493000000000001
2072,0.20207
2073,0.23041
2074,0.24107
2075,0.26363
2076,0.43563999999999997
2077,0.5602699999999999
2078,0.53063
2079,0.25953
2080,0.1277
2081,0.01439
2082,0.0
2083,0.0
2084,0.0
2085,0.0
2086,0.0
2087,0.0
2088,0.0
2089,0.0
2090,0.0
2091,0.0
2092,0.0
2093,0.0
2094,0.02215
2095,0.12705
2096,0.24253
2097,0.44009
2098,0.63286
2099,0.6365
2100,0.6185
2101,0.5196000000000001
2102,0.42108
2103,0.30610000000000004
2104,0.16825
2105,0.013900000000000001
2106,0.0
2107,0.0
2108,0.0
2109,0.0
2110,0.0
2111,0.0
2112,0.0
2113,0.0
2114,0.0
2115,0.0
2116,0.0
2117,0.0
2118,0.0421
2119,0.16435
2120,0.30657
2121,0.35551
2122,0.42811
2123,0.37387
2124,0.43039
2125,0.47546
2126,0.43926
2127,0.31804000000000004
2128,0.16354
2129,0.014369999999999999
2130,0.0
2131,0.0
2132,0.0
2133,0.0
2134,0.0
2135,0.0
2136,0.0
2137,0.0
2138,0.0
2139,0.0
2140,0.0
2141,0.0
2142,0.02091
2143,0.06427
2144,0.21233000000000002
2145,0.14962
2146,0.34949
2147,0.40639
2148,0.61523
2149,0.58387
2150,0.46014
2151,0.25751
2152,0.1441
2153,0.01564
2154,0.0
2155,0.0
2156,0.0
2157,0.0
2158,0.0
2159,0.0
2160,0.0
2161,0.0
2162,0.0
2163,0.0
2164,0.0
2165,0.0
2166,0.01609
2167,0.13936
2168,0.21586000000000002
2169,0.27762
2170,0.23615
2171,0.1411
2172,0.2818
2173,0.17731
2174,0.25674
2175,0.28614999999999996
2176,0.1539
2177,0.01745
2178,0.0
2179,0.0
2180,0.0
2181,0.0
2182,0.0
2183,0.0
2184,0.0
2185,0.0
2186,0.0
2187,0.0
2188,0.0
2189,0.0
2190,0.01308
2191,0.10543000000000001
2192,0.20961000000000002
2193,0.23065
2194,0.26977999999999996
2195,0.25308
2196,0.45249
2197,0.48989
2198,0.33942
2199,0.31169
2200,0.11901
2201,0.0092
2202,0.0
2203,0.0
2204,0.0
2205,0.0
2206,0.0
2207,0.0
2208,0.0
2209,0.0
2210,0.0
2211,0.0
2212,0.0
2213,0.0
2214,0.03003
2215,0.09137
2216,0.19543000000000002
2217,0.22149000000000002
2218,0.27763
2219,0.33093
2220,0.46438
2221,0.59815
2222,0.50134
2223,0.34657
2224,0.1613
2225,0.01182
2226,0.0
2227,0.0
2228,0.0
2229,0.0
2230,0.0
2231,0.0
2232,0.0
2233,0.0
2234,0.0
2235,0.0
2236,0.0
2237,0.0
2238,0.02888
2239,0.08229
2240,0.13055
2241,0.25403
2242,0.31901
2243,0.31930000000000003
2244,0.32001999999999997
2245,0.28924
2246,0.38706
2247,0.25489
2248,0.08702
2249,0.006719999999999999
2250,0.0
2251,0.0
2252,0.0
2253,0.0
2254,0.0
2255,0.0
2256,0.0
2257,0.0
2258,0.0
2259,0.0
2260,0.0
2261,0.0
2262,0.02544
2263,0.13742
2264,0.16948
2265,0.22216
2266,0.25851999999999997
2267,0.32202
2268,0.38075
2269,0.50269
2270,0.42863
2271,0.16316999999999998
2272,0.08545
2273,0.008140000000000001
2274,0.0
2275,0.0
2276,0.0
2277,0.0
2278,0.0
2279,0.0
2280,0.0
2281,0.0
2282,0.0
2283,0.0
2284,0.0
2285,0.0
2286,0.02075
2287,0.07098
2288,0.14855000000000002
2289,0.17131
2290,0.37526
2291,0.35628
2292,0.48729
2293,0.6299600000000001
2294,0.48784
2295,0.30569999999999997
2296,0.16112
2297,0.0077800000000000005
2298,0.0
2299,0.0
2300,0.0
2301,0.0
2302,0.0
2303,0.0
2304,0.0
2305,0.0
2306,0.0
2307,0.0
2308,0.0
2309,0.0
2310,0.01289
2311,0.07495
2312,0.11334000000000001
2313,0.20697
2314,0.18966
2315,0.38739999999999997
2316,0.50599
2317,0.5634600000000001
2318,0.42575999999999997
2319,0.24991
2320,0.13602
2321,0.013810000000000001
2322,0.0
2323,0.0
2324,0.0
2325,0.0
2326,0.0
2327,0.0
2328,0.0
2329,0.0
2330,0.0
2331,0.0
2332,0.0
2333,0.0
2334,0.05714
2335,0.20899
2336,0.37265
2337,0.48847
2338,0.50297
2339,0.39553
2340,0.46275
2341,0.51162
2342,0.3974
2343,0.24234
2344,0.10451
2345,0.01072
2346,0.0
2347,0.0
2348,0.0
2349,0.0
2350,0.0
2351,0.0
2352,0.0
2353,0.0
2354,0.0
2355,0.0
2356,0.0
2357,0.0
2358,0.00417
2359,0.01991
2360,0.06147
2361,0.10054
2362,0.11831
2363,0.13174
2364,0.26004
2365,0.41901
2366,0.33004
2367,0.2083
2368,0.11746
2369,0.00801
2370,0.0
2371,0.0
2372,0.0
2373,0.0
2374,0.0
2375,0.0
2376,0.0
2377,0.0
2378,0.0
2379,0.0
2380,0.0
2381,0.0
2382,0.05439
2383,0.22459
2384,0.38637
2385,0.5340900000000001
2386,0.6670900000000001
2387,0.5789
2388,0.59335
2389,0.5028
2390,0.3152
2391,0.24343
2392,0.08102
2393,0.009890000000000001
2394,0.0
2395,0.0
2396,0.0
2397,0.0
2398,0.0
2399,0.0
2400,0.0
2401,0.0
2402,0.0
2403,0.0
2404,0.0
2405,0.0
2406,0.030780000000000002
2407,0.09122
2408,0.17628
2409,0.47406
2410,0.53435
2411,0.52652
2412,0.44827999999999996
2413,0.41951
2414,0.31703
2415,0.26208
2416,0.13612
2417,0.00797
2418,0.0
2419,0.0
2420,0.0
2421,0.0
2422,0.0
2423,0.0
2424,0.0
2425,0.0
2426,0.0
2427,0.0
2428,0.0
2429,0.0
2430,0.04999
2431,0.19895
2432,0.25353
2433,0.36962
2434,0.33756
2435,0.46858
2436,0.34258999999999995
2437,0.52025
2438,0.45106
2439,0.30738
2440,0.15172999999999998
2441,0.011529999999999999
2442,0.0
2443,0.0
2444,0.0
2445,0.0
2446,0.0
2447,0.0
2448,0.0
2449,0.0
2450,0.0
2451,0.0
2452,0.0
2453,0.0
2454,0.06966
2455,0.25981
2456,0.43572000000000005
2457,0.54347
2458,0.66767
2459,0.65055
2460,0.6921499999999999
2461,0.6120399999999999
2462,0.48801
2463,0.31783999999999996
2464,0.14790999999999999
2465,0.0083
2466,0.0
2467,0.0
2468,0.0
2469,0.0
2470,0.0
2471,0.0
2472,0.0
2473,0.0
2474,0.0
2475,0.0
2476,0.0
2477,0.0
2478,0.02566
2479,0.12332
2480,0.20213
2481,0.41578
2482,0.53215
2483,0.45782
2484,0.41855000000000003
2485,0.25404
2486,0.17311
2487,0.17231
2488,0.08027
2489,0.01238
2490,0.0
2491,0.0
2492,0.0
2493,0.0
2494,0.0
2495,0.0
2496,0.0
2497,0.0
2498,0.0
2499,0.0
2500,0.0
2501,0.0
2502,0.03165
2503,0.13571
2504,0.19119999999999998
2505,0.29797
2506,0.20314
2507,0.38009
2508,0.51347
2509,0.5715800000000001
2510,0.43819
2511,0.27013
2512,0.09222
2513,0.0076
2514,0.0
2515,0.0
2516,0.0
2517,0.0
2518,0.0
2519,0.0
2520,0.0
2521,0.0
2522,0.0
2523,0.0
2524,0.0
2525,0.0
2526,0.05904
2527,0.24262999999999998
2528,0.39261
2529,0.47006
2530,0.61651
2531,0.65219
2532,0.55863
2533,0.5262100000000001
2534,0.44716
2535,0.29241
2536,0.10258
2537,0.00931
2538,0.0
2539,0.0
2540,0.0
2541,0.0
2542,0.0
2543,0.0
2544,0.0
2545,0.0
2546,0.0
2547,0.0
2548,0.0
2549,0.0
2550,0.03792
2551,0.09936
2552,0.24775999999999998
2553,0.41761000000000004
2554,0.5023
2555,0.57353
2556,0.5569400000000001
2557,0.53244
2558,0.49184
2559,0.29028
2560,0.12683
2561,0.00925
2562,0.0
2563,0.0
2564,0.0
2565,0.0
2566,0.0
2567,0.0
2568,0.0
2569,0.0
2570,0.0
2571,0.0
2572,0.0
2573,0.0
2574,0.06484000000000001
2575,0.25058
2576,0.4315
2577,0.5540700000000001
2578,0.65307
2579,0.69933
2580,0.6760900000000001
2581,0.59657
2582,0.46908
2583,0.27549
2584,0.14489
2585,0.00945
2586,0.0
2587,0.0
2588,0.0
2589,0.0
2590,0.0
2591,0.0
2592,0.0
2593,0.0
2594,0.0
2595,0.0
2596,0.0
2597,0.0
2598,0.06874
2599,0.25289
2600,0.40574
2601,0.5473600000000001
2602,0.68889
2603,0.73089
2604,0.64236
2605,0.63152
2606,0.51515
2607,0.35367000000000004
2608,0.15205000000000002
2609,0.01438
2610,0.0
2611,0.0
2612,0.0
2613,0.0
2614,0.0
2615,0.0
2616,0.0
2617,0.0
2618,0.0
2619,0.0
2620,0.0
2621,0.0
2622,0.07984000000000001
2623,0.29164999999999996
2624,0.48188
2625,0.60987
2626,0.62948
2627,0.6535
2628,0.6354500000000001
2629,0.61234
2630,0.48316000000000003
2631,0.36598
2632,0.14901
2633,0.007940000000000001
2634,0.0
2635,0.0
2636,0.0
2637,0.0
2638,0.0
2639,0.0
2640,0.0
2641,0.0
2642,0.0
2643,0.0
2644,0.0
2645,0.0
2646,0.075
2647,0.28999
2648,0.47458
2649,0.60029
2650,0.66249
2651,0.70573
2652,0.7006
2653,0.63659
2654,0.4834
2655,0.33202
2656,0.1462
2657,0.01024
2658,0.0
2659,0.0
2660,0.0
2661,0.0
2662,0.0
2663,0.0
2664,0.0
2665,0.0
2666,0.0
2667,0.0
2668,0.0
2669,0.0
2670,0.07945999999999999
2671,0.28635000000000005
2672,0.4657
2673,0.5895
2674,0.6847000000000001
2675,0.7040599999999999
2676,0.65832
2677,0.6096
2678,0.49263999999999997
2679,0.34842
2680,0.1363
2681,0.00847
2682,0.0
2683,0.0
2684,0.0
2685,0.0
2686,0.0
2687,0.0
2688,0.0
2689,0.0
2690,0.0
2691,0.0
2692,0.0
2693,0.0
2694,0.06965
2695,0.27732
2696,0.39656
2697,0.58665
2698,0.64383
2699,0.60262
2700,0.5328099999999999
2701,0.58251
2702,0.49257999999999996
2703,0.28476
2704,0.14066
2705,0.00731
2706,0.0
2707,0.0
2708,0.0
2709,0.0
2710,0.0
2711,0.0
2712,0.0
2713,0.0
2714,0.0
2715,0.0
2716,0.0
2717,0.0
2718,0.08009999999999999
2719,0.28461000000000003
2720,0.44255
2721,0.56274
2722,0.63109
2723,0.68057
2724,0.6293500000000001
2725,0.54088
2726,0.43151
2727,0.33555
2728,0.141
2729,0.0066
2730,0.0
2731,0.0
2732,0.0
2733,0.0
2734,0.0
2735,0.0
2736,0.0
2737,0.0
2738,0.0
2739,0.0
2740,0.0
2741,0.0
2742,0.06049
2743,0.236
2744,0.41264
2745,0.5575
2746,0.5744900000000001
2747,0.60263
2748,0.60139
2749,0.5341699999999999
2750,0.45764
2751,0.30486
2752,0.12966
2753,0.00925
2754,0.0
2755,0.0
2756,0.0
2757,0.0
2758,0.0
2759,0.0
2760,0.0
2761,0.0
2762,0.0
2763,0.0
2764,0.0
2765,0.0
2766,0.033960000000000004
2767,0.12666
2768,0.20426
2769,0.34979000000000005
2770,0.24572999999999998
2771,0.57769
2772,0.5238400000000001
2773,0.56033
2774,0.42871
2775,0.27488
2776,0.12592
2777,0.006679999999999999
2778,0.0
2779,0.0
2780,0.0
2781,0.0
2782,0.0
2783,0.0
2784,0.0
2785,0.0
2786,0.0
2787,0.0
2788,0.0
2789,0.0
2790,0.05729
2791,0.20155
2792,0.33161
2793,0.41727
2794,0.30465
2795,0.31621
2796,0.37281
2797,0.29816000000000004
2798,0.12361
2799,0.14452
2800,0.040049999999999995
2801,0.0028399999999999996
2802,0.0
2803,0.0
2804,0.0
2805,0.0
2806,0.0
2807,0.0
2808,0.0
2809,0.0
2810,0.0
2811,0.0
2812,0.0
2813,0.0
2814,0.01056
2815,0.05453
2816,0.21273
2817,0.20976
2818,0.25554
2819,0.25471
2820,0.35963999999999996
2821,0.35939
2822,0.317
2823,0.21617
2824,0.09681000000000001
2825,0.01165
2826,0.0
2827,0.0
2828,0.0
2829,0.0
2830,0.0
2831,0.0
2832,0.0
2833,0.0
2834,0.0
2835,0.0
2836,0.0
2837,0.0
2838,0.03518
2839,0.17502
2840,0.24587
2841,0.26083999999999996
2842,0.33331
2843,0.41611000000000004
2844,0.35861000000000004
2845,0.23683
2846,0.24509999999999998
2847,0.16737
2848,0.06135
2849,0.00131
2850,0.0
2851,0.0
2852,0.0
2853,0.0
2854,0.0
2855,0.0
2856,0.0
2857,0.0
2858,0.0
2859,0.0
2860,0.0
2861,0.0
2862,0.00366
2863,0.01554
2864,0.0287
2865,0.02998
2866,0.04889
2867,0.08212
2868,0.07085
2869,0.15380000000000002
2870,0.15841999999999998
2871,0.07703
2872,0.04765
2873,0.00321
2874,0.0
2875,0.0
2876,0.0
2877,0.0
2878,0.0
2879,0.0
2880,0.0
2881,0.0
2882,0.0
2883,0.0
2884,0.0
2885,0.0
2886,0.039560000000000005
2887,0.13556
2888,0.18593
2889,0.2696
2890,0.34308999999999995
2891,0.35581
2892,0.36906
2893,0.40322
2894,0.37115
2895,0.25967
2896,0.12035
2897,0.00826
2898,0.0
2899,0.0
2900,0.0
2901,0.0
2902,0.0
2903,0.0
2904,0.0
2905,0.0
2906,0.0
2907,0.0
2908,0.0
2909,0.0
2910,0.044039999999999996
2911,0.12799
2912,0.2334
2913,0.26154
2914,0.50036
2915,0.38568
2916,0.37483
2917,0.31955
2918,0.268
2919,0.18046
2920,0.07099
2921,0.00923
2922,0.0
2923,0.0
2924,0.0
2925,0.0
2926,0.0
2927,0.0
2928,0.0
2929,0.0
2930,0.0
2931,0.0
2932,0.0
2933,0.0
2934,0.046
2935,0.14131
2936,0.17259
2937,0.18231999999999998
2938,0.29076
2939,0.26624000000000003
2940,0.24341
2941,0.30319
2942,0.13062
2943,0.1055
2944,0.03349
2945,0.00529
2946,0.0
2947,0.0
2948,0.0
2949,0.0
2950,0.0
2951,0.0
2952,0.0
2953,0.0
2954,0.0
2955,0.0
2956,0.0
2957,0.0
2958,0.03541
2959,0.14746
2960,0.24464
2961,0.36877
2962,0.41872000000000004
2963,0.5627300000000001
2964,0.55986
2965,0.49525
2966,0.41132
2967,0.30374
2968,0.12478
2969,0.00652
2970,0.0
2971,0.0
2972,0.0
2973,0.0
2974,0.0
2975,0.0
2976,0.0
2977,0.0
2978,0.0
2979,0.0
2980,0.0
2981,0.0
2982,0.06062
2983,0.20575
2984,0.35599000000000003
2985,0.36554000000000003
2986,0.48168
2987,0.6031599999999999
2988,0.5219199999999999
2989,0.49998000000000004
2990,0.38595999999999997
2991,0.28439
2992,0.11787
2993,0.012410000000000001
2994,0.0
2995,0.0
2996,0.0
2997,0.0
2998,0.0
2999,0.0
3000,0.0
3001,0.0
3002,0.0
3003,0.0
3004,0.0
3005,0.0
3006,0.05087
3007,0.1443
3008,0.27541000000000004
3009,0.30693
3010,0.32373
3011,0.36214999999999997
3012,0.31907
3013,0.37123
3014,0.37651
3015,0.26298
3016,0.09509999999999999
3017,0.01065
3018,0.0
3019,0.0
3020,0.0
3021,0.0
3022,0.0
3023,0.0
3024,0.0
3025,0.0
3026,0.0
3027,0.0
3028,0.0
3029,0.0
3030,0.00983
3031,0.04379
3032,0.16008
3033,0.20526
3034,0.15034999999999998
3035,0.17148
3036,0.24555000000000002
3037,0.22895
3038,0.26314
3039,0.2263
3040,0.07773000000000001
3041,0.0033
3042,0.0
3043,0.0
3044,0.0
3045,0.0
3046,0.0
3047,0.0
3048,0.0
3049,0.0
3050,0.0
3051,0.0
3052,0.0
3053,0.0
3054,0.00737
3055,0.01787
3056,0.06962
3057,0.0973
3058,0.10775
3059,0.09555
3060,0.21439
3061,0.06379
3062,0.07547
3063,0.06924
3064,0.046329999999999996
3065,0.005059999999999999
3066,0.0
3067,0.0
3068,0.0
3069,0.0
3070,0.0
3071,0.0
3072,0.0
3073,0.0
3074,0.0
3075,0.0
3076,0.0
3077,0.0
3078,0.04245
3079,0.18369
3080,0.30722000000000005
3081,0.48096
3082,0.44639
3083,0.43916000000000005
3084,0.51306
3085,0.42252999999999996
3086,0.27279000000000003
3087,0.18709
3088,0.049460000000000004
3089,0.00587
3090,0.0
3091,0.0
3092,0.0
3093,0.0
3094,0.0
3095,0.0
3096,0.0
3097,0.0
3098,0.0
3099,0.0
3100,0.0
3101,0.0
3102,0.00888
3103,0.02842
3104,0.07528
3105,0.055170000000000004
3106,0.07632
3107,0.13787
3108,0.10441
3109,0.15119
3110,0.13012
3111,0.08843000000000001
3112,0.05069
3113,0.00147
3114,0.0
3115,0.0
3116,0.0
3117,0.0
3118,0.0
3119,0.0
3120,0.0
3121,0.0
3122,0.0
3123,0.0
3124,0.0
3125,0.0
3126,0.05144
3127,0.2166
3128,0.29625999999999997
3129,0.52499
3130,0.56908
3131,0.5741499999999999
3132,0.4779
3133,0.14795
3134,0.14486000000000002
3135,0.13163
3136,0.053090000000000005
3137,0.00335
3138,0.0
3139,0.0
3140,0.0
3141,0.0
3142,0.0
3143,0.0
3144,0.0
3145,0.0
3146,0.0
3147,0.0
3148,0.0
3149,0.0
3150,0.03922
3151,0.08989
3152,0.08995
3153,0.12412999999999999
3154,0.15555000000000002
3155,0.19418000000000002
3156,0.21847999999999998
3157,0.39313
3158,0.29899000000000003
3159,0.21334999999999998
3160,0.05208
3161,0.00327
3162,0.0
3163,0.0
3164,0.0
3165,0.0
3166,0.0
3167,0.0
3168,0.0
3169,0.0
3170,0.0
3171,0.0
3172,0.0
3173,0.0
3174,0.01796
3175,0.0825
3176,0.20088
3177,0.24742
3178,0.34892
3179,0.38603
3180,0.43604000000000004
3181,0.31894
3182,0.35756
3183,0.20984
3184,0.07449
3185,0.0048
3186,0.0
3187,0.0
3188,0.0
3189,0.0
3190,0.0
3191,0.0
3192,0.0
3193,0.0
3194,0.0
3195,0.0
3196,0.0
3197,0.0
3198,0.037340000000000005
3199,0.13461
3200,0.23593
3201,0.32035
3202,0.35254
3203,0.41161000000000003
3204,0.46168
3205,0.48641
3206,0.33163
3207,0.27094999999999997
3208,0.09359999999999999
3209,0.009810000000000001
3210,0.0
3211,0.0
3212,0.0
3213,0.0
3214,0.0
3215,0.0
3216,0.0
3217,0.0
3218,0.0
3219,0.0
3220,0.0
3221,0.0
3222,0.0715
3223,0.24555000000000002
3224,0.36024
3225,0.44912
3226,0.5291
3227,0.6087899999999999
3228,0.6325700000000001
3229,0.52286
3230,0.3967
3231,0.27487
3232,0.10904000000000001
3233,0.009859999999999999
3234,0.0
3235,0.0
3236,0.0
3237,0.0
3238,0.0
3239,0.0
3240,0.0
3241,0.0
3242,0.0
3243,0.0
3244,0.0
3245,0.0
3246,0.01488
3247,0.07475
3248,0.13094
3249,0.16561
3250,0.18378
3251,0.26968000000000003
3252,0.5135599999999999
3253,0.11436
3254,0.06965
3255,0.04475
3256,0.04844
3257,0.0019299999999999999
3258,0.0
3259,0.0
3260,0.0
3261,0.0
3262,0.0
3263,0.0
3264,0.0
3265,0.0
3266,0.0
3267,0.0
3268,0.0
3269,0.0
3270,0.01579
3271,0.05972
3272,0.11668
3273,0.09453
3274,0.14718
3275,0.24606
3276,0.16257
3277,0.23215
3278,0.19538999999999998
3279,0.05226
3280,0.027469999999999998
3281,0.0016
3282,0.0
3283,0.0
3284,0.0
3285,0.0
3286,0.0
3287,0.0
3288,0.0
3289,0.0
3290,0.0
3291,0.0
3292,0.0
3293,0.0
3294,0.04667
3295,0.17825
3296,0.35519
3297,0.50988
3298,0.52898
3299,0.56484
3300,0.58053
3301,0.48607999999999996
3302,0.40302
3303,0.23634
3304,0.07908
3305,0.00515
3306,0.0
3307,0.0
3308,0.0
3309,0.0
3310,0.0
3311,0.0
3312,0.0
3313,0.0
3314,0.0
3315,0.0
3316,0.0
3317,0.0
3318,0.07014
3319,0.24292
3320,0.40563
3321,0.51687
3322,0.50106
3323,0.55501
3324,0.51346
3325,0.39189999999999997
3326,0.33097000000000004
3327,0.21425999999999998
3328,0.11278
3329,0.009380000000000001
3330,0.0
3331,0.0
3332,0.0
3333,0.0
3334,0.0
3335,0.0
3336,0.0
3337,0.0
3338,0.0
3339,0.0
3340,0.0
3341,0.0
3342,0.05323
3343,0.20604
3344,0.35577
3345,0.53431
3346,0.61318
3347,0.58241
3348,0.56392
3349,0.52161
3350,0.36811
3351,0.20204
3352,0.10218
3353,0.00783
3354,0.0
3355,0.0
3356,0.0
3357,0.0
3358,0.0
3359,0.0
3360,0.0
3361,0.0
3362,0.0
3363,0.0
3364,0.0
3365,0.0
3366,0.04051
3367,0.15975
3368,0.32017
3369,0.42037
3370,0.5209900000000001
3371,0.6314
3372,0.46636
3373,0.53696
3374,0.41384
3375,0.2476
3376,0.0935
3377,0.00902
3378,0.0
3379,0.0
3380,0.0
3381,0.0
3382,0.0
3383,0.0
3384,0.0
3385,0.0
3386,0.0
3387,0.0
3388,0.0
3389,0.0
3390,0.058
3391,0.15037
3392,0.27531
3393,0.43188
3394,0.38604
3395,0.45061
3396,0.5172
3397,0.39744999999999997
3398,0.27546
3399,0.23693
3400,0.10197
3401,0.01495
3402,0.0
3403,0.0
3404,0.0
3405,0.0
3406,0.0
3407,0.0
3408,0.0
3409,0.0
3410,0.0
3411,0.0
3412,0.0
3413,0.0
3414,0.06649
3415,0.23334
3416,0.38024
3417,0.48177
3418,0.61282
3419,0.64585
3420,0.53407
3421,0.49533
3422,0.37165
3423,0.28181
3424,0.08248
3425,0.00872
3426,0.0
3427,0.0
3428,0.0
3429,0.0
3430,0.0
3431,0.0
3432,0.0
3433,0.0
3434,0.0
3435,0.0
3436,0.0
3437,0.0
3438,0.029920000000000002
3439,0.12217
3440,0.2179
3441,0.2389
3442,0.41369
3443,0.33918
3444,0.36569999999999997
3445,0.28363
3446,0.26741000000000004
3447,0.18893000000000001
3448,0.09236
3449,0.01396
3450,0.0
3451,0.0
3452,0.0
3453,0.0
3454,0.0
3455,0.0
3456,0.0
3457,0.0
3458,0.0
3459,0.0
3460,0.0
3461,0.0
3462,0.04355
3463,0.15023
3464,0.23995
3465,0.34687
3466,0.24902000000000002
3467,0.14213
3468,0.07908
3469,0.13072999999999999
3470,0.09609999999999999
3471,0.12073
3472,0.08395
3473,0.007719999999999999
3474,0.0
3475,0.0
3476,0.0
3477,0.0
3478,0.0
3479,0.0
3480,0.0
3481,0.0
3482,0.0
3483,0.0
3484,0.0
3485,0.0
3486,0.03665
3487,0.10278
3488,0.19435
3489,0.40652999999999995
3490,0.48848
3491,0.4708
3492,0.34648
3493,0.46248
3494,0.32909
3495,0.26267
3496,0.09251999999999999
3497,0.00411
3498,0.0
3499,0.0
3500,0.0
3501,0.0
3502,0.0
3503,0.0
3504,0.0
3505,0.0
3506,0.0
3507,0.0
3508,0.0
3509,0.0
3510,0.038259999999999995
3511,0.18683000000000002
3512,0.28032
3513,0.35999000000000003
3514,0.4095
3515,0.33282
3516,0.40647000000000005
3517,0.12616
3518,0.16211
3519,0.18345
3520,0.08233
3521,0.010490000000000001
3522,0.0
3523,0.0
3524,0.0
3525,0.0
3526,0.0
3527,0.0
3528,0.0
3529,0.0
3530,0.0
3531,0.0
3532,0.0
3533,0.0
3534,0.05527
3535,0.18278999999999998
3536,0.24096
3537,0.43436
3538,0.5381900000000001
3539,0.5585
3540,0.56391
3541,0.36668
3542,0.32724000000000003
3543,0.2291
3544,0.11012999999999999
3545,0.00756
3546,0.0
3547,0.0
3548,0.0
3549,0.0
3550,0.0
3551,0.0
3552,0.0
3553,0.0
3554,0.0
3555,0.0
3556,0.0
3557,0.0
3558,0.0453
3559,0.12469
3560,0.26344
3561,0.36745999999999995
3562,0.40116
3563,0.34306
3564,0.47119
3565,0.39855
3566,0.36134
3567,0.23303000000000001
3568,0.08331999999999999
3569,0.01231
3570,0.0
3571,0.0
3572,0.0
3573,0.0
3574,0.0
3575,0.0
3576,0.0
3577,0.0
3578,0.0
3579,0.0
3580,0.0
3581,0.0
3582,0.03148
3583,0.09831000000000001
3584,0.17595
3585,0.25484
3586,0.34613
3587,0.24994999999999998
3588,0.462
3589,0.37006
3590,0.33246
3591,0.22576
3592,0.07887999999999999
3593,0.01025
3594,0.0
3595,0.0
3596,0.0
3597,0.0
3598,0.0
3599,0.0
3600,0.0
3601,0.0
3602,0.0
3603,0.0
3604,0.0
3605,0.0
3606,0.052450000000000004
3607,0.17613
3608,0.35699000000000003
3609,0.51943
3610,0.59402
3611,0.6004700000000001
3612,0.61072
3613,0.47541
3614,0.3987
3615,0.22041999999999998
3616,0.08761
3617,0.00856
3618,0.0
3619,0.0
3620,0.0
3621,0.0
3622,0.0
3623,0.0
3624,0.0
3625,0.0
3626,0.0
3627,0.0
3628,0.0
3629,0.0
3630,0.02827
3631,0.10728
3632,0.1129
3633,0.1982
3634,0.19328
3635,0.35083
3636,0.2137
3637,0.14961000000000002
3638,0.24831999999999999
3639,0.14974
3640,0.08178
3641,0.01305
3642,0.0
3643,0.0
3644,0.0
3645,0.0
3646,0.0
3647,0.0
3648,0.0
3649,0.0
3650,0.0
3651,0.0
3652,0.0
3653,0.0
3654,0.05057
3655,0.16056
3656,0.27612000000000003
3657,0.42649000000000004
3658,0.41941
3659,0.5544
3660,0.50658
3661,0.36083
3662,0.27424
3663,0.21019
3664,0.10154
3665,0.01217
3666,0.0
3667,0.0
3668,0.0
3669,0.0
3670,0.0
3671,0.0
3672,0.0
3673,0.0
3674,0.0
3675,0.0
3676,0.0
3677,0.0
3678,0.050140000000000004
3679,0.18039
3680,0.3429
3681,0.3988
3682,0.45430000000000004
3683,0.42363
3684,0.41545
3685,0.43168
3686,0.30879
3687,0.25307
3688,0.11568
3689,0.011439999999999999
3690,0.0
3691,0.0
3692,0.0
3693,0.0
3694,0.0
3695,0.0
3696,0.0
3697,0.0
3698,0.0
3699,0.0
3700,0.0
3701,0.0
3702,0.03109
3703,0.10581
3704,0.26313
3705,0.25048
3706,0.26338
3707,0.31769
3708,0.36501
3709,0.23386
3710,0.23222
3711,0.13009
3712,0.054689999999999996
3713,0.00621
3714,0.0
3715,0.0
3716,0.0
3717,0.0
3718,0.0
3719,0.0
3720,0.0
3721,0.0
3722,0.0
3723,0.0
3724,0.0
3725,0.0
3726,0.049159999999999995
3727,0.21534999999999999
3728,0.35247
3729,0.52088
3730,0.57931
3731,0.58962
3732,0.5752200000000001
3733,0.52349
3734,0.32023
3735,0.22512000000000001
3736,0.10001
3737,0.00957
3738,0.0
3739,0.0
3740,0.0
3741,0.0
3742,0.0
3743,0.0
3744,0.0
3745,0.0
3746,0.0
3747,0.0
3748,0.0
3749,0.0
3750,0.04245
3751,0.10812000000000001
3752,0.24209
3753,0.27437
3754,0.32422
3755,0.34598
3756,0.379
3757,0.36616000000000004
3758,0.27451
3759,0.21961000000000003
3760,0.10768000000000001
3761,0.01103
3762,0.0
3763,0.0
3764,0.0
3765,0.0
3766,0.0
3767,0.0
3768,0.0
3769,0.0
3770,0.0
3771,0.0
3772,0.0
3773,0.0
3774,0.03915
3775,0.12067
3776,0.29445
3777,0.45665
3778,0.43759
3779,0.5286799999999999
3780,0.5781499999999999
3781,0.56999
3782,0.41624
3783,0.2386
3784,0.12336
3785,0.01202
3786,0.0
3787,0.0
3788,0.0
3789,0.0
3790,0.0
3791,0.0
3792,0.0
3793,0.0
3794,0.0
3795,0.0
3796,0.0
3797,0.0
3798,0.05428
3799,0.16391
3800,0.27164
3801,0.43737
3802,0.48474
3803,0.5588200000000001
3804,0.5304500000000001
3805,0.47639
3806,0.37083
3807,0.25079
3808,0.10029
3809,0.00968
3810,0.0
3811,0.0
3812,0.0
3813,0.0
3814,0.0
3815,0.0
3816,0.0
3817,0.0
3818,0.0
3819,0.0
3820,0.0
3821,0.0
3822,0.024149999999999998
3823,0.11058
3824,0.20617
3825,0.29002999999999995
3826,0.39274000000000003
3827,0.54961
3828,0.53038
3829,0.33319
3830,0.38845999999999997
3831,0.27144999999999997
3832,0.12312999999999999
3833,0.00851
3834,0.0
3835,0.0
3836,0.0
3837,0.0
3838,0.0
3839,0.0
3840,0.0
3841,0.0
3842,0.0
3843,0.0
3844,0.0
3845,0.0
3846,0.05749
3847,0.20238
3848,0.36688
3849,0.47542
3850,0.53847
3851,0.48175
3852,0.51239
3853,0.40797000000000005
3854,0.32126
3855,0.23992
3856,0.09769
3857,0.01174
3858,0.0
3859,0.0
3860,0.0
3861,0.0
3862,0.0
3863,0.0
3864,0.0
3865,0.0
3866,0.0
3867,0.0
3868,0.0
3869,0.0
3870,0.054520000000000006
3871,0.22305
3872,0.34858999999999996
3873,0.5094
3874,0.5659
3875,0.58981
3876,0.48594
3877,0.47104
3878,0.34302999999999995
3879,0.1982
3880,0.07864
3881,0.01059
3882,0.0
3883,0.0
3884,0.0
3885,0.0
3886,0.0
3887,0.0
3888,0.0
3889,0.0
3890,0.0
3891,0.0
3892,0.0
3893,0.0
3894,0.03014
3895,0.14824
3896,0.30301
3897,0.29943000000000003
3898,0.52526
3899,0.48111000000000004
3900,0.5578500000000001
3901,0.38416
3902,0.16919
3903,0.13855
3904,0.04289
3905,0.00588
3906,0.0
3907,0.0
3908,0.0
3909,0.0
3910,0.0
3911,0.0
3912,0.0
3913,0.0
3914,0.0
3915,0.0
3916,0.0
3917,0.0
3918,0.023690000000000003
3919,0.09362999999999999
3920,0.25118
3921,0.31201999999999996
3922,0.5176900000000001
3923,0.55047
3924,0.49769
3925,0.40551
3926,0.32916
3927,0.20806
3928,0.08796
3929,0.013470000000000001
3930,0.0
3931,0.0
3932,0.0
3933,0.0
3934,0.0
3935,0.0
3936,0.0
3937,0.0
3938,0.0
3939,0.0
3940,0.0
3941,0.0
3942,0.05198
3943,0.19675
3944,0.36025999999999997
3945,0.51174
3946,0.53262
3947,0.48352
3948,0.50162
3949,0.43941
3950,0.36372000000000004
3951,0.26327999999999996
3952,0.10052
3953,0.0161
3954,0.0
3955,0.0
3956,0.0
3957,0.0
3958,0.0
3959,0.0
3960,0.0
3961,0.0
3962,0.0
3963,0.0
3964,0.0
3965,0.0
3966,0.04825
3967,0.19787000000000002
3968,0.34572
3969,0.40299
3970,0.44339999999999996
3971,0.51277
3972,0.50362
3973,0.40604
3974,0.31774
3975,0.19397999999999999
3976,0.10159
3977,0.015050000000000001
3978,0.0
3979,0.0
3980,0.0
3981,0.0
3982,0.0
3983,0.0
3984,0.0
3985,0.0
3986,0.0
3987,0.0
3988,0.0
3989,0.0
3990,0.04582
3991,0.13222
3992,0.28849
3993,0.2712
3994,0.32139
3995,0.31299
3996,0.43529
3997,0.47076
3998,0.42213999999999996
3999,0.24996000000000002
4000,0.11425
4001,0.00753
4002,0.0
4003,0.0
4004,0.0
4005,0.0
4006,0.0
4007,0.0
4008,0.0
4009,0.0
4010,0.0
4011,0.0
4012,0.0
4013,0.0
4014,0.01823
4015,0.09584999999999999
4016,0.19185
4017,0.30549
4018,0.35783
4019,0.43574
4020,0.47522000000000003
4021,0.3757
4022,0.29846
4023,0.27077999999999997
4024,0.09031
4025,0.00917
4026,0.0
4027,0.0
4028,0.0
4029,0.0
4030,0.0
4031,0.0
4032,0.0
4033,0.0
4034,0.0
4035,0.0
4036,0.0
4037,0.0
4038,0.0431
4039,0.14873
4040,0.21552000000000002
4041,0.30444
4042,0.4096
4043,0.41252
4044,0.46938
4045,0.52877
4046,0.323
4047,0.19288999999999998
4048,0.10245
4049,0.008369999999999999
4050,0.0
4051,0.0
4052,0.0
4053,0.0
4054,0.0
4055,0.0
4056,0.0
4057,0.0
4058,0.0
4059,0.0
4060,0.0
4061,0.0
4062,0.04342
4063,0.14905000000000002
4064,0.3078
4065,0.39648
4066,0.47131
4067,0.52911
4068,0.52999
4069,0.5146000000000001
4070,0.38597000000000004
4071,0.21669999999999998
4072,0.09625
4073,0.0073
4074,0.0
4075,0.0
4076,0.0
4077,0.0
4078,0.0
4079,0.0
4080,0.0
4081,0.0
4082,0.0
4083,0.0
4084,0.0
4085,0.0
4086,0.01202
4087,0.05529
4088,0.11948
4089,0.16040000000000001
4090,0.20915
4091,0.33825
4092,0.40499
4093,0.27576999999999996
4094,0.17142
4095,0.09273
4096,0.0594
4097,0.00276
4098,0.0
4099,0.0
4100,0.0
4101,0.0
4102,0.0
4103,0.0
4104,0.0
4105,0.0
4106,0.0
4107,0.0
4108,0.0
4109,0.0
4110,0.04132
4111,0.14208
4112,0.23134
4113,0.27241000000000004
4114,0.26916
4115,0.41589
4116,0.54814
4117,0.49971
4118,0.37281
4119,0.25482
4120,0.12131
4121,0.011349999999999999
4122,0.0
4123,0.0
4124,0.0
4125,0.0
4126,0.0
4127,0.0
4128,0.0
4129,0.0
4130,0.0
4131,0.0
4132,0.0
4133,0.0
4134,0.0368
4135,0.14047
4136,0.29591
4137,0.38462999999999997
4138,0.45397000000000004
4139,0.5429299999999999
4140,0.5132899999999999
4141,0.5553400000000001
4142,0.38247000000000003
4143,0.20314
4144,0.10342
4145,0.00651
4146,0.0
4147,0.0
4148,0.0
4149,0.0
4150,0.0
4151,0.0
4152,0.0
4153,0.0
4154,0.0
4155,0.0
4156,0.0
4157,0.0
4158,0.04325
4159,0.09522
4160,0.1514
4161,0.18119
4162,0.22912000000000002
4163,0.34682
4164,0.5149600000000001
4165,0.51534
4166,0.37351999999999996
4167,0.30149000000000004
4168,0.12974000000000002
4169,0.00824
4170,0.0
4171,0.0
4172,0.0
4173,0.0
4174,0.0
4175,0.0
4176,0.0
4177,0.0
4178,0.0
4179,0.0
4180,0.0
4181,0.0
4182,0.05317
4183,0.20942
4184,0.36486
4185,0.45691000000000004
4186,0.5804
4187,0.6074700000000001
4188,0.48145
4189,0.49491
4190,0.41641
4191,0.27326
4192,0.11522
4193,0.01193
4194,0.0
4195,0.0
4196,0.0
4197,0.0
4198,0.0
4199,0.0
4200,0.0
4201,0.0
4202,0.0
4203,0.0
4204,0.0
4205,0.0
4206,0.046689999999999995
4207,0.19948
4208,0.35484
4209,0.48034
4210,0.56632
4211,0.5142100000000001
4212,0.52167
4213,0.31257999999999997
4214,0.30287000000000003
4215,0.24225
4216,0.10761
4217,0.01036
4218,0.0
4219,0.0
4220,0.0
4221,0.0
4222,0.0
4223,0.0
4224,0.0
4225,0.0
4226,0.0
4227,0.0
4228,0.0
4229,0.0
4230,0.048490000000000005
4231,0.21791
4232,0.35563
4233,0.49842000000000003
4234,0.49827999999999995
4235,0.53563
4236,0.47628
4237,0.4148
4238,0.20845
4239,0.18615
4240,0.07426
4241,0.01543
4242,0.0
4243,0.0
4244,0.0
4245,0.0
4246,0.0
4247,0.0
4248,0.0
4249,0.0
4250,0.0
4251,0.0
4252,0.0
4253,0.0
4254,0.046509999999999996
4255,0.16486
4256,0.2959
4257,0.41906
4258,0.5680700000000001
4259,0.54638
4260,0.58675
4261,0.46817000000000003
4262,0.40712
4263,0.29882
4264,0.13896
4265,0.01176
4266,0.0
4267,0.0
4268,0.0
4269,0.0
4270,0.0
4271,0.0
4272,0.0
4273,0.0
4274,0.0
4275,0.0
4276,0.0
4277,0.0
4278,0.045439999999999994
4279,0.20912
4280,0.37756
4281,0.46261
4282,0.45111
4283,0.5545
4284,0.54643
4285,0.5195599999999999
4286,0.39805
4287,0.22255
4288,0.12553
4289,0.00844
4290,0.0
4291,0.0
4292,0.0
4293,0.0
4294,0.0
4295,0.0
4296,0.0
4297,0.0
4298,0.0
4299,0.0
4300,0.0
4301,0.0
4302,0.04542
4303,0.16486
4304,0.26365
4305,0.33886
4306,0.43028
4307,0.49421
4308,0.47847
4309,0.5347999999999999
4310,0.4009
4311,0.28826
4312,0.12064
4313,0.006900000000000001
4314,0.0
4315,0.0
4316,0.0
4317,0.0
4318,0.0
4319,0.0
4320,0.0
4321,0.0
4322,0.0
4323,0.0
4324,0.0
4325,0.0
4326,0.01533
4327,0.10845
4328,0.27795
4329,0.40551
4330,0.37254000000000004
4331,0.33725
4332,0.21966
4333,0.1829
4334,0.12656
4335,0.0335
4336,0.06583
4337,0.00387
4338,0.0
4339,0.0
4340,0.0
4341,0.0
4342,0.0
4343,0.0
4344,0.0
4345,0.0
4346,0.0
4347,0.0
4348,0.0
4349,0.0
4350,0.02311
4351,0.07490000000000001
4352,0.11154
4353,0.11555
4354,0.15384
4355,0.17123
4356,0.11885
4357,0.11444
4358,0.11796
4359,0.13428
4360,0.10151
4361,0.00865
4362,0.0
4363,0.0
4364,0.0
4365,0.0
4366,0.0
4367,0.0
4368,0.0
4369,0.0
4370,0.0
4371,0.0
4372,0.0
4373,0.0
4374,0.048920000000000005
4375,0.22781
4376,0.36275
4377,0.46268
4378,0.43436
4379,0.48101
4380,0.45413
4381,0.50766
4382,0.46216
4383,0.24059
4384,0.12071
4385,0.00807
4386,0.0
4387,0.0
4388,0.0
4389,0.0
4390,0.0
4391,0.0
4392,0.0
4393,0.0
4394,0.0
4395,0.0
4396,0.0
4397,0.0
4398,0.03315
4399,0.14173
4400,0.1951
4401,0.31009
4402,0.33874
4403,0.3728
4404,0.32732
4405,0.5213300000000001
4406,0.39426
4407,0.23425
4408,0.1153
4409,0.00907
4410,0.0
4411,0.0
4412,0.0
4413,0.0
4414,0.0
4415,0.0
4416,0.0
4417,0.0
4418,0.0
4419,0.0
4420,0.0
4421,0.0
4422,0.04859
4423,0.20517
4424,0.32500999999999997
4425,0.36734
4426,0.43069
4427,0.5283
4428,0.3423
4429,0.34895
4430,0.23809
4431,0.12831
4432,0.058070000000000004
4433,0.00574
4434,0.0
4435,0.0
4436,0.0
4437,0.0
4438,0.0
4439,0.0
4440,0.0
4441,0.0
4442,0.0
4443,0.0
4444,0.0
4445,0.0
4446,0.023420000000000003
4447,0.14424
4448,0.34342
4449,0.44386000000000003
4450,0.5454600000000001
4451,0.5718099999999999
4452,0.56038
4453,0.46767000000000003
4454,0.42715
4455,0.23515
4456,0.10133
4457,0.00855
4458,0.0
4459,0.0
4460,0.0
4461,0.0
4462,0.0
4463,0.0
4464,0.0
4465,0.0
4466,0.0
4467,0.0
4468,0.0
4469,0.0
4470,0.00943
4471,0.03337
4472,0.05675
4473,0.13605
4474,0.15255000000000002
4475,0.18381
4476,0.3558
4477,0.11823
4478,0.10474
4479,0.09889
4480,0.10335
4481,0.00951
4482,0.0
4483,0.0
4484,0.0
4485,0.0
4486,0.0
4487,0.0
4488,0.0
4489,0.0
4490,0.0
4491,0.0
4492,0.0
4493,0.0
4494,0.03338
4495,0.09570999999999999
4496,0.25862999999999997
4497,0.46208
4498,0.61209
4499,0.63299
4500,0.62818
4501,0.5214
4502,0.45325
4503,0.30223
4504,0.11932
4505,0.01183
4506,0.0
4507,0.0
4508,0.0
4509,0.0
4510,0.0
4511,0.0
4512,0.0
4513,0.0
4514,0.0
4515,0.0
4516,0.0
4517,0.0
4518,0.0402
4519,0.15246
4520,0.23379
4521,0.31577999999999995
4522,0.47816000000000003
4523,0.55983
4524,0.58453
4525,0.48022000000000004
4526,0.42781
4527,0.28111
4528,0.14141
4529,0.01067
4530,0.0
4531,0.0
4532,0.0
4533,0.0
4534,0.0
4535,0.0
4536,0.0
4537,0.0
4538,0.0
4539,0.0
4540,0.0
4541,0.0
4542,0.02752
4543,0.05872
4544,0.09339
4545,0.19077000000000002
4546,0.27823000000000003
4547,0.24359
4548,0.24652000000000002
4549,0.20914
4550,0.30743
4551,0.15178999999999998
4552,0.08425
4553,0.01491
4554,0.0
4555,0.0
4556,0.0
4557,0.0
4558,0.0
4559,0.0
4560,0.0
4561,0.0
4562,0.0
4563,0.0
4564,0.0
4565,0.0
4566,0.04152
4567,0.17209
4568,0.31789
4569,0.44126
4570,0.55775
4571,0.47901
4572,0.35606
4573,0.43545
4574,0.37527999999999995
4575,0.21947
4576,0.07449
4577,0.0039
4578,0.0
4579,0.0
4580,0.0
4581,0.0
4582,0.0
4583,0.0
4584,0.0
4585,0.0
4586,0.0
4587,0.0
4588,0.0
4589,0.0
4590,0.01046
4591,0.024059999999999998
4592,0.0235
4593,0.07088
4594,0.08155
4595,0.21133000000000002
4596,0.20811000000000002
4597,0.17865999999999999
4598,0.23485
4599,0.21080000000000002
4600,0.10343000000000001
4601,0.01648
4602,0.0
4603,0.0
4604,0.0
4605,0.0
4606,0.0
4607,0.0
4608,0.0
4609,0.0
4610,0.0
4611,0.0
4612,0.0
4613,0.0
4614,0.04368
4615,0.202
4616,0.31724
4617,0.49463999999999997
4618,0.5393600000000001
4619,0.50739
4620,0.5338999999999999
4621,0.4815
4622,0.41944
4623,0.26314
4624,0.13202
4625,0.01167
4626,0.0
4627,0.0
4628,0.0
4629,0.0
4630,0.0
4631,0.0
4632,0.0
4633,0.0
4634,0.0
4635,0.0
4636,0.0
4637,0.0
4638,0.0373
4639,0.15293
4640,0.20768
4641,0.29306
4642,0.38193
4643,0.37645999999999996
4644,0.32383999999999996
4645,0.29474
4646,0.29816000000000004
4647,0.20123
4648,0.10808
4649,0.01064
4650,0.0
4651,0.0
4652,0.0
4653,0.0
4654,0.0
4655,0.0
4656,0.0
4657,0.0
4658,0.0
4659,0.0
4660,0.0
4661,0.0
4662,0.04408
4663,0.19966
4664,0.40203
4665,0.47263
4666,0.6218899999999999
4667,0.57755
4668,0.4764
4669,0.38074
4670,0.30707999999999996
4671,0.26862
4672,0.11387
4673,0.01507
4674,0.0
4675,0.0
4676,0.0
4677,0.0
4678,0.0
4679,0.0
4680,0.0
4681,0.0
4682,0.0
4683,0.0
4684,0.0
4685,0.0
4686,0.032619999999999996
4687,0.19996
4688,0.37763
4689,0.48561
4690,0.53087
4691,0.59451
4692,0.41391
4693,0.46049
4694,0.39143
4695,0.25939999999999996
4696,0.1141
4697,0.010150000000000001
4698,0.0
4699,0.0
4700,0.0
4701,0.0
4702,0.0
4703,0.0
4704,0.0
4705,0.0
4706,0.0
4707,0.0
4708,0.0
4709,0.0
4710,0.03655
4711,0.17017
4712,0.29449000000000003
4713,0.41617000000000004
4714,0.51842
4715,0.55113
4716,0.47570999999999997
4717,0.3743
4718,0.405
4719,0.25965
4720,0.12332
4721,0.01114
4722,0.0
4723,0.0
4724,0.0
4725,0.0
4726,0.0
4727,0.0
4728,0.0
4729,0.0
4730,0.0
4731,0.0
4732,0.0
4733,0.0
4734,0.03528
4735,0.18421
4736,0.32135
4737,0.5209600000000001
4738,0.5454600000000001
4739,0.5737599999999999
4740,0.56813
4741,0.44627
4742,0.43257
4743,0.26871
4744,0.11676
4745,0.013269999999999999
4746,0.0
4747,0.0
4748,0.0
4749,0.0
4750,0.0
4751,0.0
4752,0.0
4753,0.0
4754,0.0
4755,0.0
4756,0.0
4757,0.0
4758,0.03143
4759,0.10237
4760,0.22986
4761,0.31945
4762,0.36552999999999997
4763,0.43574
4764,0.35788
4765,0.24219
4766,0.23202
4767,0.12085
4768,0.055130000000000005
4769,0.0061200000000000004
4770,0.0
4771,0.0
4772,0.0
4773,0.0
4774,0.0
4775,0.0
4776,0.0
4777,0.0
4778,0.0
4779,0.0
4780,0.0
4781,0.0
4782,0.027469999999999998
4783,0.16485
4784,0.26729
4785,0.24991999999999998
4786,0.40206000000000003
4787,0.40408999999999995
4788,0.39066
4789,0.32048000000000004
4790,0.35
4791,0.28878
4792,0.1384
4793,0.01209
4794,0.0
4795,0.0
4796,0.0
4797,0.0
4798,0.0
4799,0.0
4800,0.0
4801,0.0
4802,0.0
4803,0.0
4804,0.0
4805,0.0
4806,0.03579
4807,0.15606
4808,0.29468
4809,0.44464
4810,0.41305000000000003
4811,0.49026
4812,0.50395
4813,0.56211
4814,0.38639999999999997
4815,0.25178
4816,0.13965
4817,0.01375
4818,0.0
4819,0.0
4820,0.0
4821,0.0
4822,0.0
4823,0.0
4824,0.0
4825,0.0
4826,0.0
4827,0.0
4828,0.0
4829,0.0
4830,0.02921
4831,0.14997
4832,0.28535000000000005
4833,0.37505
4834,0.40472
4835,0.37075
4836,0.4437
4837,0.21886000000000003
4838,0.33335000000000004
4839,0.14006
4840,0.039810000000000005
4841,0.00557
4842,0.0
4843,0.0
4844,0.0
4845,0.0
4846,0.0
4847,0.0
4848,0.0
4849,0.0
4850,0.0
4851,0.0
4852,0.0
4853,0.0
4854,0.02793
4855,0.12632
4856,0.21705000000000002
4857,0.22027000000000002
4858,0.23881
4859,0.12261
4860,0.20804
4861,0.06416
4862,0.07659
4863,0.04692
4864,0.05943
4865,0.00929
4866,0.0
4867,0.0
4868,0.0
4869,0.0
4870,0.0
4871,0.0
4872,0.0
4873,0.0
4874,0.0
4875,0.0
4876,0.0
4877,0.0
4878,0.02144
4879,0.07071
4880,0.13852
4881,0.31386000000000003
4882,0.35908
4883,0.39482999999999996
4884,0.44445
4885,0.18468
4886,0.05916
4887,0.05665
4888,0.03181
4889,0.0035099999999999997
4890,0.0
4891,0.0
4892,0.0
4893,0.0
4894,0.0
4895,0.0
4896,0.0
4897,0.0
4898,0.0
4899,0.0
4900,0.0
4901,0.0
4902,0.00817
4903,0.11211
4904,0.18051
4905,0.26517
4906,0.19407
4907,0.17365
4908,0.15097
4909,0.31257
4910,0.1861
4911,0.15036000000000002
4912,0.10362
4913,0.01284
4914,0.0
4915,0.0
4916,0.0
4917,0.0
4918,0.0
4919,0.0
4920,0.0
4921,0.0
4922,0.0
4923,0.0
4924,0.0
4925,0.0
4926,0.027010000000000003
4927,0.1454
4928,0.23312
4929,0.3377
4930,0.35758999999999996
4931,0.54752
4932,0.45626
4933,0.47281
4934,0.38932
4935,0.22294
4936,0.14375
4937,0.01866
4938,0.0
4939,0.0
4940,0.0
4941,0.0
4942,0.0
4943,0.0
4944,0.0
4945,0.0
4946,0.0
4947,0.0
4948,0.0
4949,0.0
4950,0.04667
4951,0.21312
4952,0.37545
4953,0.48871
4954,0.5394500000000001
4955,0.60514
4956,0.61125
4957,0.18616999999999997
4958,0.18785
4959,0.11475
4960,0.07554000000000001
4961,0.01343
4962,0.0
4963,0.0
4964,0.0
4965,0.0
4966,0.0
4967,0.0
4968,0.0
4969,0.0
4970,0.0
4971,0.0
4972,0.0
4973,0.0
4974,0.03399
4975,0.18985
4976,0.34368
4977,0.40974
4978,0.54561
4979,0.6016900000000001
4980,0.56329
4981,0.5230199999999999
4982,0.38179
4983,0.25754000000000005
4984,0.13388
4985,0.01263
4986,0.0
4987,0.0
4988,0.0
4989,0.0
4990,0.0
4991,0.0
4992,0.0
4993,0.0
4994,0.0
4995,0.0
4996,0.0
4997,0.0
4998,0.04179
4999,0.11733
5000,0.24539
5001,0.33582999999999996
5002,0.53011
5003,0.37241
5004,0.27342
5005,0.36866000000000004
5006,0.337
5007,0.19519999999999998
5008,0.10145
5009,0.01474
5010,0.0
5011,0.0
5012,0.0
5013,0.0
5014,0.0
5015,0.0
5016,0.0
5017,0.0
5018,0.0
5019,0.0
5020,0.0
5021,0.0
5022,0.02972
5023,0.13372
5024,0.20742
5025,0.28887999999999997
5026,0.44487
5027,0.59399
5028,0.50303
5029,0.37651999999999997
5030,0.31145999999999996
5031,0.26030000000000003
5032,0.11453
5033,0.01322
5034,0.0
5035,0.0
5036,0.0
5037,0.0
5038,0.0
5039,0.0
5040,0.0
5041,0.0
5042,0.0
5043,0.0
5044,0.0
5045,0.0
5046,0.044969999999999996
5047,0.20288
5048,0.30938
5049,0.45967
5050,0.55844
5051,0.45949
5052,0.59045
5053,0.46612
5054,0.33447000000000005
5055,0.22546000000000002
5056,0.10144
5057,0.00498
5058,0.0
5059,0.0
5060,0.0
5061,0.0
5062,0.0
5063,0.0
5064,0.0
5065,0.0
5066,0.0
5067,0.0
5068,0.0
5069,0.0
5070,0.02644
5071,0.2028
5072,0.25267
5073,0.38794
5074,0.45324000000000003
5075,0.52787
5076,0.56111
5077,0.46981
5078,0.38405
5079,0.30319999999999997
5080,0.14149
5081,0.01288
5082,0.0
5083,0.0
5084,0.0
5085,0.0
5086,0.0
5087,0.0
5088,0.0
5089,0.0
5090,0.0
5091,0.0
5092,0.0
5093,0.0
5094,0.0083
5095,0.05756
5096,0.18228999999999998
5097,0.23935
5098,0.29958999999999997
5099,0.26239
5100,0.31883
5101,0.47532
5102,0.35189
5103,0.30308999999999997
5104,0.10451
5105,0.005730000000000001
5106,0.0
5107,0.0
5108,0.0
5109,0.0
5110,0.0
5111,0.0
5112,0.0
5113,0.0
5114,0.0
5115,0.0
5116,0.0
5117,0.0
5118,0.03236
5119,0.14435
5120,0.31214
5121,0.38237
5122,0.47651
5123,0.24985
5124,0.23337
5125,0.12544
5126,0.07227
5127,0.12751
5128,0.05968
5129,0.00501
5130,0.0
5131,0.0
5132,0.0
5133,0.0
5134,0.0
5135,0.0
5136,0.0
5137,0.0
5138,0.0
5139,0.0
5140,0.0
5141,0.0
5142,0.02197
5143,0.0842
5144,0.14172
5145,0.19866
5146,0.35758
5147,0.53134
5148,0.51405
5149,0.57401
5150,0.27171
5151,0.14440999999999998
5152,0.0416
5153,0.00434
5154,0.0
5155,0.0
5156,0.0
5157,0.0
5158,0.0
5159,0.0
5160,0.0
5161,0.0
5162,0.0
5163,0.0
5164,0.0
5165,0.0
5166,0.009779999999999999
5167,0.06583
5168,0.07363
5169,0.18771000000000002
5170,0.21756999999999999
5171,0.26374000000000003
5172,0.4023
5173,0.33185000000000003
5174,0.25317
5175,0.22011
5176,0.08996
5177,0.01604
5178,0.0
5179,0.0
5180,0.0
5181,0.0
5182,0.0
5183,0.0
5184,0.0
5185,0.0
5186,0.0
5187,0.0
5188,0.0
5189,0.0
5190,0.015349999999999999
5191,0.11398
5192,0.21167
5193,0.22462000000000001
5194,0.18678
5195,0.22409
5196,0.19928
5197,0.29446
5198,0.29807
5199,0.29774
5200,0.09811
5201,0.0074
5202,0.0
5203,0.0
5204,0.0
5205,0.0
5206,0.0
5207,0.0
5208,0.0
5209,0.0
5210,0.0
5211,0.0
5212,0.0
5213,0.0
5214,0.04036
5215,0.12564
5216,0.29213
5217,0.50262
5218,0.56341
5219,0.67074
5220,0.62146
5221,0.53691
5222,0.37873
5223,0.26735000000000003
5224,0.11329
5225,0.01182
5226,0.0
5227,0.0
5228,0.0
5229,0.0
5230,0.0
5231,0.0
5232,0.0
5233,0.0
5234,0.0
5235,0.0
5236,0.0
5237,0.0
5238,0.04315
5239,0.22043000000000001
5240,0.36478
5241,0.51096
5242,0.56969
5243,0.66765
5244,0.64039
5245,0.5583899999999999
5246,0.44956999999999997
5247,0.27964
5248,0.13401
5249,0.01859
5250,0.0
5251,0.0
5252,0.0
5253,0.0
5254,0.0
5255,0.0
5256,0.0
5257,0.0
5258,0.0
5259,0.0
5260,0.0
5261,0.0
5262,0.046560000000000004
5263,0.192
5264,0.36965
5265,0.49171
5266,0.53725
5267,0.60461
5268,0.48268
5269,0.40382
5270,0.33601
5271,0.23981
5272,0.09373000000000001
5273,0.01964
5274,0.0
5275,0.0
5276,0.0
5277,0.0
5278,0.0
5279,0.0
5280,0.0
5281,0.0
5282,0.0
5283,0.0
5284,0.0
5285,0.0
5286,0.01601
5287,0.05879
5288,0.17915999999999999
5289,0.33133999999999997
5290,0.48096
5291,0.48532
5292,0.57011
5293,0.53743
5294,0.35518
5295,0.25262
5296,0.11370000000000001
5297,0.00745
5298,0.0
5299,0.0
5300,0.0
5301,0.0
5302,0.0
5303,0.0
5304,0.0
5305,0.0
5306,0.0
5307,0.0
5308,0.0
5309,0.0
5310,0.045380000000000004
5311,0.18081999999999998
5312,0.36422000000000004
5313,0.42402
5314,0.43437
5315,0.57298
5316,0.64852
5317,0.51552
5318,0.41516000000000003
5319,0.31586000000000003
5320,0.14465999999999998
5321,0.00911
5322,0.0
5323,0.0
5324,0.0
5325,0.0
5326,0.0
5327,0.0
5328,0.0
5329,0.0
5330,0.0
5331,0.0
5332,0.0
5333,0.0
5334,0.05018
5335,0.20541
5336,0.37439999999999996
5337,0.49368
5338,0.64886
5339,0.68253
5340,0.64516
5341,0.61849
5342,0.50859
5343,0.31217
5344,0.11464
5345,0.01319
5346,0.0
5347,0.0
5348,0.0
5349,0.0
5350,0.0
5351,0.0
5352,0.0
5353,0.0
5354,0.0
5355,0.0
5356,0.0
5357,0.0
5358,0.03983
5359,0.14752
5360,0.35239
5361,0.43089999999999995
5362,0.42626
5363,0.61
5364,0.62224
5365,0.59211
5366,0.3984
5367,0.30383
5368,0.15466
5369,0.01249
5370,0.0
5371,0.0
5372,0.0
5373,0.0
5374,0.0
5375,0.0
5376,0.0
5377,0.0
5378,0.0
5379,0.0
5380,0.0
5381,0.0
5382,0.05085
5383,0.19568000000000002
5384,0.33953
5385,0.43545
5386,0.56721
5387,0.63619
5388,0.5697300000000001
5389,0.43789999999999996
5390,0.45951
5391,0.3359
5392,0.14822
5393,0.013699999999999999
5394,0.0
5395,0.0
5396,0.0
5397,0.0
5398,0.0
5399,0.0
5400,0.0
5401,0.0
5402,0.0
5403,0.0
5404,0.0
5405,0.0
5406,0.04284
5407,0.21425
5408,0.35823
5409,0.51378
5410,0.5358099999999999
5411,0.55944
5412,0.37623
5413,0.26859
5414,0.21725999999999998
5415,0.29356
5416,0.15138
5417,0.01762
5418,0.0
5419,0.0
5420,0.0
5421,0.0
5422,0.0
5423,0.0
5424,0.0
5425,0.0
5426,0.0
5427,0.0
5428,0.0
5429,0.0
5430,0.05287
5431,0.21588
5432,0.29047
5433,0.46287
5434,0.60389
5435,0.64275
5436,0.63847
5437,0.6079
5438,0.40601
5439,0.32506
5440,0.16037
5441,0.01289
5442,0.0
5443,0.0
5444,0.0
5445,0.0
5446,0.0
5447,0.0
5448,0.0
5449,0.0
5450,0.0
5451,0.0
5452,0.0
5453,0.0
5454,0.03607
5455,0.13821
5456,0.2383
5457,0.40173000000000003
5458,0.50169
5459,0.5635800000000001
5460,0.6243
5461,0.6054299999999999
5462,0.44850999999999996
5463,0.25887
5464,0.14902
5465,0.011519999999999999
5466,0.0
5467,0.0
5468,0.0
5469,0.0
5470,0.0
5471,0.0
5472,0.0
5473,0.0
5474,0.0
5475,0.0
5476,0.0
5477,0.0
5478,0.030010000000000002
5479,0.16066999999999998
5480,0.31061
5481,0.47087
5482,0.5129600000000001
5483,0.5476599999999999
5484,0.49004000000000003
5485,0.51102
5486,0.41216
5487,0.26288
5488,0.11599
5489,0.00779
5490,0.0
5491,0.0
5492,0.0
5493,0.0
5494,0.0
5495,0.0
5496,0.0
5497,0.0
5498,0.0
5499,0.0
5500,0.0
5501,0.0
5502,0.03569
5503,0.14365
5504,0.26115
5505,0.38205
5506,0.46805
5507,0.4723
5508,0.37503
5509,0.48808999999999997
5510,0.43513
5511,0.27738999999999997
5512,0.14008
5513,0.011810000000000001
5514,0.0
5515,0.0
5516,0.0
5517,0.0
5518,0.0
5519,0.0
5520,0.0
5521,0.0
5522,0.0
5523,0.0
5524,0.0
5525,0.0
5526,0.05081
5527,0.16984
5528,0.37283
5529,0.48906
5530,0.53304
5531,0.5849
5532,0.46197000000000005
5533,0.49766000000000005
5534,0.33625
5535,0.19745
5536,0.09101000000000001
5537,0.01106
5538,0.0
5539,0.0
5540,0.0
5541,0.0
5542,0.0
5543,0.0
5544,0.0
5545,0.0
5546,0.0
5547,0.0
5548,0.0
5549,0.0
5550,0.03025
5551,0.17822
5552,0.33492
5553,0.48333
5554,0.49217
5555,0.49741
5556,0.44471
5557,0.48787
5558,0.42033
5559,0.316
5560,0.11915
5561,0.01594
5562,0.0
5563,0.0
5564,0.0
5565,0.0
5566,0.0
5567,0.0
5568,0.0
5569,0.0
5570,0.0
5571,0.0
5572,0.0
5573,0.0
5574,0.02427
5575,0.16487000000000002
5576,0.24122
5577,0.47602
5578,0.58026
5579,0.52478
5580,0.50628
5581,0.55414
5582,0.44917
5583,0.28379000000000004
5584,0.12781
5585,0.01142
5586,0.0
5587,0.0
5588,0.0
5589,0.0
5590,0.0
5591,0.0
5592,0.0
5593,0.0
5594,0.0
5595,0.0
5596,0.0
5597,0.0
5598,0.047170000000000004
5599,0.1948
5600,0.2712
5601,0.40584
5602,0.55655
5603,0.63874
5604,0.64548
5605,0.57153
5606,0.43956
5607,0.31167
5608,0.13075
5609,0.010539999999999999
5610,0.0
5611,0.0
5612,0.0
5613,0.0
5614,0.0
5615,0.0
5616,0.0
5617,0.0
5618,0.0
5619,0.0
5620,0.0
5621,0.0
5622,0.04822
5623,0.22052000000000002
5624,0.3527
5625,0.44337
5626,0.61922
5627,0.6550499999999999
5628,0.5771000000000001
5629,0.55544
5630,0.43653
5631,0.28129000000000004
5632,0.12988999999999998
5633,0.012580000000000001
5634,0.0
5635,0.0
5636,0.0
5637,0.0
5638,0.0
5639,0.0
5640,0.0
5641,0.0
5642,0.0
5643,0.0
5644,0.0
5645,0.0
5646,0.05064
5647,0.20815
5648,0.37173
5649,0.50074
5650,0.5995499999999999
5651,0.47875999999999996
5652,0.60861
5653,0.40281
5654,0.34532
5655,0.23396
5656,0.1202
5657,0.016030000000000003
5658,0.0
5659,0.0
5660,0.0
5661,0.0
5662,0.0
5663,0.0
5664,0.0
5665,0.0
5666,0.0
5667,0.0
5668,0.0
5669,0.0
5670,0.05168
5671,0.21832
5672,0.35473000000000005
5673,0.42271
5674,0.5305
5675,0.56024
5676,0.5480900000000001
5677,0.5450900000000001
5678,0.40648
5679,0.30657
5680,0.13013
5681,0.01028
5682,0.0
5683,0.0
5684,0.0
5685,0.0
5686,0.0
5687,0.0
5688,0.0
5689,0.0
5690,0.0
5691,0.0
5692,0.0
5693,0.0
5694,0.06594
5695,0.25801999999999997
5696,0.41799000000000003
5697,0.5724600000000001
5698,0.65697
5699,0.6780700000000001
5700,0.68533
5701,0.59353
5702,0.46864999999999996
5703,0.24133000000000002
5704,0.13152
5705,0.009710000000000002
5706,0.0
5707,0.0
5708,0.0
5709,0.0
5710,0.0
5711,0.0
5712,0.0
5713,0.0
5714,0.0
5715,0.0
5716,0.0
5717,0.0
5718,0.04968
5719,0.21019
5720,0.41072000000000003
5721,0.5271699999999999
5722,0.58114
5723,0.55479
5724,0.67403
5725,0.58294
5726,0.4788
5727,0.32271
5728,0.14353
5729,0.00869
5730,0.0
5731,0.0
5732,0.0
5733,0.0
5734,0.0
5735,0.0
5736,0.0
5737,0.0
5738,0.0
5739,0.0
5740,0.0
5741,0.0
5742,0.057280000000000005
5743,0.26294999999999996
5744,0.43547
5745,0.5646100000000001
5746,0.59503
5747,0.5899
5748,0.5066700000000001
5749,0.59075
5750,0.37935
5751,0.26497000000000004
5752,0.12623
5753,0.00886
5754,0.0
5755,0.0
5756,0.0
5757,0.0
5758,0.0
5759,0.0
5760,0.0
5761,0.0
5762,0.0
5763,0.0
5764,0.0
5765,0.0
5766,0.04808
5767,0.22677
5768,0.35852
5769,0.41754
5770,0.61698
5771,0.5648500000000001
5772,0.54814
5773,0.41807
5774,0.20718
5775,0.14153
5776,0.06586
5777,0.01293
5778,0.0
5779,0.0
5780,0.0
5781,0.0
5782,0.0
5783,0.0
5784,0.0
5785,0.0
5786,0.0
5787,0.0
5788,0.0
5789,0.0
5790,0.05071
5791,0.181
5792,0.22893
5793,0.36931
5794,0.32603
5795,0.37968999999999997
5796,0.40951
5797,0.34882
5798,0.33912
5799,0.33357
5800,0.15369999999999998
5801,0.0077800000000000005
5802,0.0
5803,0.0
5804,0.0
5805,0.0
5806,0.0
5807,0.0
5808,0.0
5809,0.0
5810,0.0
5811,0.0
5812,0.0
5813,0.0
5814,0.04747
5815,0.22116
5816,0.40816
5817,0.5378200000000001
5818,0.65388
5819,0.67723
5820,0.63306
5821,0.57098
5822,0.39846
5823,0.27076999999999996
5824,0.12903
5825,0.00758
5826,0.0
5827,0.0
5828,0.0
5829,0.0
5830,0.0
5831,0.0
5832,0.0
5833,0.0
5834,0.0
5835,0.0
5836,0.0
5837,0.0
5838,0.04679
5839,0.21727000000000002
5840,0.43607999999999997
5841,0.48406
5842,0.65286
5843,0.66076
5844,0.51197
5845,0.51954
5846,0.43381000000000003
5847,0.28914
5848,0.13965
5849,0.00691
5850,0.0
5851,0.0
5852,0.0
5853,0.0
5854,0.0
5855,0.0
5856,0.0
5857,0.0
5858,0.0
5859,0.0
5860,0.0
5861,0.0
5862,0.046490000000000004
5863,0.22819
5864,0.38533
5865,0.53747
5866,0.63009
5867,0.66506
5868,0.61754
5869,0.58263
5870,0.44816
5871,0.28220999999999996
5872,0.14077
5873,0.006889999999999999
5874,0.0
5875,0.0
5876,0.0
5877,0.0
5878,0.0
5879,0.0
5880,0.0
5881,0.0
5882,0.0
5883,0.0
5884,0.0
5885,0.0
5886,0.04143
5887,0.16055
5888,0.26332
5889,0.3926
5890,0.5401900000000001
5891,0.60961
5892,0.6445
5893,0.5898
5894,0.40808
5895,0.32237
5896,0.14061
5897,0.00644
5898,0.0
5899,0.0
5900,0.0
5901,0.0
5902,0.0
5903,0.0
5904,0.0
5905,0.0
5906,0.0
5907,0.0
5908,0.0
5909,0.0
5910,0.07278
5911,0.21167
5912,0.31037
5913,0.46118000000000003
5914,0.49397
5915,0.56845
5916,0.6287999999999999
5917,0.57133
5918,0.47434
5919,0.28462
5920,0.13688999999999998
5921,0.00912
5922,0.0
5923,0.0
5924,0.0
5925,0.0
5926,0.0
5927,0.0
5928,0.0
5929,0.0
5930,0.0
5931,0.0
5932,0.0
5933,0.0
5934,0.03485
5935,0.13813
5936,0.28552
5937,0.43366000000000005
5938,0.5868099999999999
5939,0.60537
5940,0.60235
5941,0.62873
5942,0.47058999999999995
5943,0.31543
5944,0.14856999999999998
5945,0.00833
5946,0.0
5947,0.0
5948,0.0
5949,0.0
5950,0.0
5951,0.0
5952,0.0
5953,0.0
5954,0.0
5955,0.0
5956,0.0
5957,0.0
5958,0.048479999999999995
5959,0.12675
5960,0.3469
5961,0.38911
5962,0.49254000000000003
5963,0.5053799999999999
5964,0.59101
5965,0.48636
5966,0.31989999999999996
5967,0.22165
5968,0.06382
5969,0.00697
5970,0.0
5971,0.0
5972,0.0
5973,0.0
5974,0.0
5975,0.0
5976,0.0
5977,0.0
5978,0.0
5979,0.0
5980,0.0
5981,0.0
5982,0.052590000000000005
5983,0.13913999999999999
5984,0.23148
5985,0.45589999999999997
5986,0.62863
5987,0.6421699999999999
5988,0.47119
5989,0.46544
5990,0.4026
5991,0.27716
5992,0.09169
5993,0.00332
5994,0.0
5995,0.0
5996,0.0
5997,0.0
5998,0.0
5999,0.0
6000,0.0
6001,0.0
6002,0.0
6003,0.0
6004,0.0
6005,0.0
6006,0.06448000000000001
6007,0.23615
6008,0.30595999999999995
6009,0.41149
6010,0.5029
6011,0.66708
6012,0.58945
6013,0.58189
6014,0.41767000000000004
6015,0.26416
6016,0.12196
6017,0.00874
6018,0.0
6019,0.0
6020,0.0
6021,0.0
6022,0.0
6023,0.0
6024,0.0
6025,0.0
6026,0.0
6027,0.0
6028,0.0
6029,0.0
6030,0.08163
6031,0.28536
6032,0.45818000000000003
6033,0.5346900000000001
6034,0.65274
6035,0.66086
6036,0.49719
6037,0.59414
6038,0.42876
6039,0.29919
6040,0.12244
6041,0.00635
6042,0.0
6043,0.0
6044,0.0
6045,0.0
6046,0.0
6047,0.0
6048,0.0
6049,0.0
6050,0.0
6051,0.0
6052,0.0
6053,0.0
6054,0.0145
6055,0.08528
6056,0.23562
6057,0.3983
6058,0.49319999999999997
6059,0.46331
6060,0.54271
6061,0.61752
6062,0.40304
6063,0.18029
6064,0.08115
6065,0.00425
6066,0.0
6067,0.0
6068,0.0
6069,0.0
6070,0.0
6071,0.0
6072,0.0
6073,0.0
6074,0.0
6075,0.0
6076,0.0
6077,0.0
6078,0.054009999999999996
6079,0.15753
6080,0.29623
6081,0.33562000000000003
6082,0.39576
6083,0.3374
6084,0.35043
6085,0.5283300000000001
6086,0.41242
6087,0.32966
6088,0.13009
6089,0.00478
6090,0.0
6091,0.0
6092,0.0
6093,0.0
6094,0.0
6095,0.0
6096,0.0
6097,0.0
6098,0.0
6099,0.0
6100,0.0
6101,0.0
6102,0.06498000000000001
6103,0.2087
6104,0.37339
6105,0.38726
6106,0.47243
6107,0.40282
6108,0.47034
6109,0.54211
6110,0.43316000000000004
6111,0.31038
6112,0.1207
6113,0.00544
6114,0.0
6115,0.0
6116,0.0
6117,0.0
6118,0.0
6119,0.0
6120,0.0
6121,0.0
6122,0.0
6123,0.0
6124,0.0
6125,0.0
6126,0.0711
6127,0.25331
6128,0.45216
6129,0.6014700000000001
6130,0.68777
6131,0.699
6132,0.67936
6133,0.61929
6134,0.49277
6135,0.32911
6136,0.14583000000000002
6137,0.0047599999999999995
6138,0.0
6139,0.0
6140,0.0
6141,0.0
6142,0.0
6143,0.0
6144,0.0
6145,0.0
6146,0.0
6147,0.0
6148,0.0
6149,0.0
6150,0.07867
6151,0.26227999999999996
6152,0.43347
6153,0.58248
6154,0.69147
6155,0.6811699999999999
6156,0.7009299999999999
6157,0.53142
6158,0.44022
6159,0.31931
6160,0.11531
6161,0.005809999999999999
6162,0.0
6163,0.0
6164,0.0
6165,0.0
6166,0.0
6167,0.0
6168,0.0
6169,0.0
6170,0.0
6171,0.0
6172,0.0
6173,0.0
6174,0.07508
6175,0.22326
6176,0.44793
6177,0.5714
6178,0.66134
6179,0.69165
6180,0.6773899999999999
6181,0.58835
6182,0.44022
6183,0.3054
6184,0.11345000000000001
6185,0.00542
6186,0.0
6187,0.0
6188,0.0
6189,0.0
6190,0.0
6191,0.0
6192,0.0
6193,0.0
6194,0.0
6195,0.0
6196,0.0
6197,0.0
6198,0.0582
6199,0.16504
6200,0.22233
6201,0.39787
6202,0.5257000000000001
6203,0.6417
6204,0.52088
6205,0.5437000000000001
6206,0.35831
6207,0.26879000000000003
6208,0.08101
6209,0.00231
6210,0.0
6211,0.0
6212,0.0
6213,0.0
6214,0.0
6215,0.0
6216,0.0
6217,0.0
6218,0.0
6219,0.0
6220,0.0
6221,0.0
6222,0.09411
6223,0.28514999999999996
6224,0.44624
6225,0.61587
6226,0.6926100000000001
6227,0.7183099999999999
6228,0.70639
6229,0.5015299999999999
6230,0.40684
6231,0.27798
6232,0.13935
6233,0.00471
6234,0.0
6235,0.0
6236,0.0
6237,0.0
6238,0.0
6239,0.0
6240,0.0
6241,0.0
6242,0.0
6243,0.0
6244,0.0
6245,0.0
6246,0.09545999999999999
6247,0.30597
6248,0.42944
6249,0.50586
6250,0.53898
6251,0.6714600000000001
6252,0.69277
6253,0.5593899999999999
6254,0.42704000000000003
6255,0.23087
6256,0.08373
6257,0.00774
6258,0.0
6259,0.0
6260,0.0
6261,0.0
6262,0.0
6263,0.0
6264,0.0
6265,0.0
6266,0.0
6267,0.0
6268,0.0
6269,0.0
6270,0.08615
6271,0.27761
6272,0.46525
6273,0.53306
6274,0.51383
6275,0.63515
6276,0.5545800000000001
6277,0.53575
6278,0.40223000000000003
6279,0.25624
6280,0.11623
6281,0.00591
6282,0.0
6283,0.0
6284,0.0
6285,0.0
6286,0.0
6287,0.0
6288,0.0
6289,0.0
6290,0.0
6291,0.0
6292,0.0
6293,0.0
6294,0.07573
6295,0.13412000000000002
6296,0.30836
6297,0.40508999999999995
6298,0.5413
6299,0.61517
6300,0.57372
6301,0.56316
6302,0.42718
6303,0.30202999999999997
6304,0.11529
6305,0.0038599999999999997
6306,0.0
6307,0.0
6308,0.0
6309,0.0
6310,0.0
6311,0.0
6312,0.0
6313,0.0
6314,0.0
6315,0.0
6316,0.0
6317,0.0
6318,0.02496
6319,0.12254999999999999
6320,0.23702
6321,0.20788
6322,0.11543
6323,0.20979
6324,0.30504000000000003
6325,0.10624
6326,0.17876
6327,0.21585
6328,0.08976
6329,0.0033
6330,0.0
6331,0.0
6332,0.0
6333,0.0
6334,0.0
6335,0.0
6336,0.0
6337,0.0
6338,0.0
6339,0.0
6340,0.0
6341,0.0
6342,0.09268000000000001
6343,0.26925
6344,0.37933999999999996
6345,0.52198
6346,0.56179
6347,0.56721
6348,0.50529
6349,0.35902
6350,0.23513
6351,0.13611
6352,0.04456
6353,0.00017
6354,0.0
6355,0.0
6356,0.0
6357,0.0
6358,0.0
6359,0.0
6360,0.0
6361,0.0
6362,0.0
6363,0.0
6364,0.0
6365,0.0
6366,0.04986
6367,0.23712
6368,0.36889999999999995
6369,0.53813
6370,0.5756699999999999
6371,0.57531
6372,0.59777
6373,0.49709
6374,0.37137
6375,0.26617
6376,0.11512
6377,0.0052699999999999995
6378,0.0
6379,0.0
6380,0.0
6381,0.0
6382,0.0
6383,0.0
6384,0.0
6385,0.0
6386,0.0
6387,0.0
6388,0.0
6389,0.0
6390,0.07422
6391,0.26888999999999996
6392,0.44149
6393,0.54328
6394,0.66303
6395,0.71937
6396,0.71254
6397,0.5743400000000001
6398,0.37557
6399,0.24675999999999998
6400,0.06723
6401,0.0009599999999999999
6402,0.0
6403,0.0
6404,0.0
6405,0.0
6406,0.0
6407,0.0
6408,0.0
6409,0.0
6410,0.0
6411,0.0
6412,0.0
6413,0.0
6414,0.08109999999999999
6415,0.27163
6416,0.35339
6417,0.43892000000000003
6418,0.62417
6419,0.64946
6420,0.60514
6421,0.56341
6422,0.44472
6423,0.31401999999999997
6424,0.12168000000000001
6425,0.0030099999999999997
6426,0.0
6427,0.0
6428,0.0
6429,0.0
6430,0.0
6431,0.0
6432,0.0
6433,0.0
6434,0.0
6435,0.0
6436,0.0
6437,0.0
6438,0.10803
6439,0.32556
6440,0.47526999999999997
6441,0.58957
6442,0.70823
6443,0.71914
6444,0.6752
6445,0.6504099999999999
6446,0.49893
6447,0.33
6448,0.14201
6449,0.00331
6450,0.0
6451,0.0
6452,0.0
6453,0.0
6454,0.0
6455,0.0
6456,0.0
6457,0.0
6458,0.0
6459,0.0
6460,0.0
6461,0.0
6462,0.09818
6463,0.29932
6464,0.4785
6465,0.6207999999999999
6466,0.64551
6467,0.6739700000000001
6468,0.58839
6469,0.51139
6470,0.3478
6471,0.22199000000000002
6472,0.07658
6473,0.00443
6474,0.0
6475,0.0
6476,0.0
6477,0.0
6478,0.0
6479,0.0
6480,0.0
6481,0.0
6482,0.0
6483,0.0
6484,0.0
6485,0.0
6486,0.08877
6487,0.18809
6488,0.39344999999999997
6489,0.44168999999999997
6490,0.5751799999999999
6491,0.548
6492,0.5398999999999999
6493,0.5410900000000001
6494,0.42788
6495,0.27947000000000005
6496,0.10246
6497,0.0052699999999999995
6498,0.0
6499,0.0
6500,0.0
6501,0.0
6502,0.0
6503,0.0
6504,0.0
6505,0.0
6506,0.0
6507,0.0
6508,0.0
6509,0.0
6510,0.09626
6511,0.2531
6512,0.46782999999999997
6513,0.59372
6514,0.64918
6515,0.6667799999999999
6516,0.5101600000000001
6517,0.50366
6518,0.35381999999999997
6519,0.20673
6520,0.06287
6521,0.00381
6522,0.0
6523,0.0
6524,0.0
6525,0.0
6526,0.0
6527,0.0
6528,0.0
6529,0.0
6530,0.0
6531,0.0
6532,0.0
6533,0.0
6534,0.07925
6535,0.16329
6536,0.30957999999999997
6537,0.42969999999999997
6538,0.51444
6539,0.5836699999999999
6540,0.61333
6541,0.53162
6542,0.36447
6543,0.29177
6544,0.11577
6545,0.00535
6546,0.0
6547,0.0
6548,0.0
6549,0.0
6550,0.0
6551,0.0
6552,0.0
6553,0.0
6554,0.0
6555,0.0
6556,0.0
6557,0.0
6558,0.08152
6559,0.30511
6560,0.47751
6561,0.6097400000000001
6562,0.6275299999999999
6563,0.69417
6564,0.61861
6565,0.59216
6566,0.42007
6567,0.26739999999999997
6568,0.11636
6569,0.00209
6570,0.0
6571,0.0
6572,0.0
6573,0.0
6574,0.0
6575,0.0
6576,0.0
6577,0.0
6578,0.0
6579,0.0
6580,0.0
6581,0.0
6582,0.09898
6583,0.31906
6584,0.48485
6585,0.6297200000000001
6586,0.6963400000000001
6587,0.72303
6588,0.6104700000000001
6589,0.6155499999999999
6590,0.4975
6591,0.30904000000000004
6592,0.11329
6593,0.00271
6594,0.0
6595,0.0
6596,0.0
6597,0.0
6598,0.0
6599,0.0
6600,0.0
6601,0.0
6602,0.0
6603,0.0
6604,0.0
6605,0.0
6606,0.12340000000000001
6607,0.33294
6608,0.50388
6609,0.62399
6610,0.62706
6611,0.64958
6612,0.6058600000000001
6613,0.60413
6614,0.47462
6615,0.29738
6616,0.11477
6617,0.00198
6618,0.0
6619,0.0
6620,0.0
6621,0.0
6622,0.0
6623,0.0
6624,0.0
6625,0.0
6626,0.0
6627,0.0
6628,0.0
6629,0.0
6630,0.07139
6631,0.25754000000000005
6632,0.36068
6633,0.51474
6634,0.5883700000000001
6635,0.65426
6636,0.63761
6637,0.5361
6638,0.46282999999999996
6639,0.30413999999999997
6640,0.08888
6641,0.00244
6642,0.0
6643,0.0
6644,0.0
6645,0.0
6646,0.0
6647,0.0
6648,0.0
6649,0.0
6650,0.0
6651,0.0
6652,0.0
6653,0.0
6654,0.07970000000000001
6655,0.27331
6656,0.41917000000000004
6657,0.5400900000000001
6658,0.5850700000000001
6659,0.63639
6660,0.51448
6661,0.5175299999999999
6662,0.45946
6663,0.27127999999999997
6664,0.09441
6665,0.0025299999999999997
6666,0.0
6667,0.0
6668,0.0
6669,0.0
6670,0.0
6671,0.0
6672,0.0
6673,0.0
6674,0.0
6675,0.0
6676,0.0
6677,0.0
6678,0.03276
6679,0.14729
6680,0.30687000000000003
6681,0.41428
6682,0.5510700000000001
6683,0.51964
6684,0.40689
6685,0.5698099999999999
6686,0.41731
6687,0.258
6688,0.09111
6689,0.00309
6690,0.0
6691,0.0
6692,0.0
6693,0.0
6694,0.0
6695,0.0
6696,0.0
6697,0.0
6698,0.0
6699,0.0
6700,0.0
6701,0.0
6702,0.11399
6703,0.2896
6704,0.46194999999999997
6705,0.5626
6706,0.64244
6707,0.5516599999999999
6708,0.62095
6709,0.5895900000000001
6710,0.46742
6711,0.31544
6712,0.11109000000000001
6713,0.00095
6714,0.0
6715,0.0
6716,0.0
6717,0.0
6718,0.0
6719,0.0
6720,0.0
6721,0.0
6722,0.0
6723,0.0
6724,0.0
6725,0.0
6726,0.0681
6727,0.15439
6728,0.19022999999999998
6729,0.35735
6730,0.35656
6731,0.53284
6732,0.40576999999999996
6733,0.55027
6734,0.42511
6735,0.25594
6736,0.10352
6737,0.0034500000000000004
6738,0.0
6739,0.0
6740,0.0
6741,0.0
6742,0.0
6743,0.0
6744,0.0
6745,0.0
6746,0.0
6747,0.0
6748,0.0
6749,0.0
6750,0.12147
6751,0.33814
6752,0.5143099999999999
6753,0.62301
6754,0.66759
6755,0.69031
6756,0.6547799999999999
6757,0.58486
6758,0.47919
6759,0.30181
6760,0.10608
6761,0.0025499999999999997
6762,0.0
6763,0.0
6764,0.0
6765,0.0
6766,0.0
6767,0.0
6768,0.0
6769,0.0
6770,0.0
6771,0.0
6772,0.0
6773,0.0
6774,0.11961
6775,0.32837
6776,0.49877999999999995
6777,0.60423
6778,0.68937
6779,0.5988300000000001
6780,0.63435
6781,0.43367
6782,0.377
6783,0.24403
6784,0.08687
6785,0.0009
6786,0.0
6787,0.0
6788,0.0
6789,0.0
6790,0.0
6791,0.0
6792,0.0
6793,0.0
6794,0.0
6795,0.0
6796,0.0
6797,0.0
6798,0.0145
6799,0.07784999999999999
6800,0.14101
6801,0.25788
6802,0.44579
6803,0.40114999999999995
6804,0.49359
6805,0.23234
6806,0.24283000000000002
6807,0.22175
6808,0.07822
6809,0.0028799999999999997
6810,0.0
6811,0.0
6812,0.0
6813,0.0
6814,0.0
6815,0.0
6816,0.0
6817,0.0
6818,0.0
6819,0.0
6820,0.0
6821,0.0
6822,0.11248000000000001
6823,0.33536
6824,0.48233
6825,0.6089
6826,0.66342
6827,0.7095499999999999
6828,0.41877
6829,0.54645
6830,0.37821
6831,0.2837
6832,0.07745
6833,0.00095
6834,0.0
6835,0.0
6836,0.0
6837,0.0
6838,0.0
6839,0.0
6840,0.0
6841,0.0
6842,0.0
6843,0.0
6844,0.0
6845,0.0
6846,0.1196
6847,0.28566
6848,0.41376
6849,0.58135
6850,0.70793
6851,0.7100700000000001
6852,0.67753
6853,0.62198
6854,0.48331
6855,0.28505
6856,0.09577
6857,0.00152
6858,0.0
6859,0.0
6860,0.0
6861,0.0
6862,0.0
6863,0.0
6864,0.0
6865,0.0
6866,0.0
6867,0.0
6868,0.0
6869,0.0
6870,0.1232
6871,0.32556999999999997
6872,0.49912
6873,0.58593
6874,0.66725
6875,0.64667
6876,0.62126
6877,0.51289
6878,0.32247000000000003
6879,0.22762000000000002
6880,0.08053
6881,0.0014299999999999998
6882,0.0
6883,0.0
6884,0.0
6885,0.0
6886,0.0
6887,0.0
6888,0.0
6889,0.0
6890,0.0
6891,0.0
6892,0.0
6893,0.0
6894,0.1168
6895,0.33731
6896,0.50639
6897,0.62729
6898,0.69448
6899,0.68095
6900,0.67569
6901,0.53551
6902,0.3558
6903,0.20549
6904,0.07016
6905,0.00103
6906,0.0
6907,0.0
6908,0.0
6909,0.0
6910,0.0
6911,0.0
6912,0.0
6913,0.0
6914,0.0
6915,0.0
6916,0.0
6917,0.0
6918,0.13385
6919,0.32471
6920,0.5166900000000001
6921,0.58528
6922,0.6924199999999999
6923,0.7021499999999999
6924,0.53562
6925,0.5366299999999999
6926,0.32664
6927,0.16413999999999998
6928,0.04126
6929,0.00058
6930,0.0
6931,0.0
6932,0.0
6933,0.0
6934,0.0
6935,0.0
6936,0.0
6937,0.0
6938,0.0
6939,0.0
6940,0.0
6941,0.0
6942,0.09351000000000001
6943,0.28742
6944,0.47582
6945,0.59968
6946,0.68917
6947,0.65175
6948,0.65525
6949,0.5220499999999999
6950,0.38545999999999997
6951,0.26181
6952,0.1037
6953,0.0017900000000000001
6954,0.0
6955,0.0
6956,0.0
6957,0.0
6958,0.0
6959,0.0
6960,0.0
6961,0.0
6962,0.0
6963,0.0
6964,0.0
6965,0.0
6966,0.07492
6967,0.23877
6968,0.36731
6969,0.5544199999999999
6970,0.65095
6971,0.6853899999999999
6972,0.6302000000000001
6973,0.51938
6974,0.4481
6975,0.28605
6976,0.0959
6977,0.00125
6978,0.0
6979,0.0
6980,0.0
6981,0.0
6982,0.0
6983,0.0
6984,0.0
6985,0.0
6986,0.0
6987,0.0
6988,0.0
6989,0.0
6990,0.06506
6991,0.1336
6992,0.23571999999999999
6993,0.34924
6994,0.57653
6995,0.71063
6996,0.6928
6997,0.54367
6998,0.39851
6999,0.25173
7000,0.11137000000000001
7001,0.00047999999999999996
7002,0.0
7003,0.0
7004,0.0
7005,0.0
7006,0.0
7007,0.0
7008,0.0
7009,0.0
7010,0.0
7011,0.0
7012,0.0
7013,0.0
7014,0.12668000000000001
7015,0.33684
7016,0.51475
7017,0.6216799999999999
7018,0.68326
7019,0.69992
7020,0.67187
7021,0.5567799999999999
7022,0.36249000000000003
7023,0.21985
7024,0.09228
7025,0.0
7026,0.0
7027,0.0
7028,0.0
7029,0.0
7030,0.0
7031,0.0
7032,0.0
7033,0.0
7034,0.0
7035,0.0
7036,0.0
7037,0.0
7038,0.09372
7039,0.30531
7040,0.41096
7041,0.5512100000000001
7042,0.63939
7043,0.68355
7044,0.5972999999999999
7045,0.53434
7046,0.42866000000000004
7047,0.26252
7048,0.08418
7049,0.0
7050,0.0
7051,0.0
7052,0.0
7053,0.0
7054,0.0
7055,0.0
7056,0.0
7057,0.0
7058,0.0
7059,0.0
7060,0.0
7061,0.0
7062,0.12175
7063,0.33797000000000005
7064,0.51042
7065,0.59815
7066,0.6932200000000001
7067,0.66147
7068,0.6729299999999999
7069,0.5955199999999999
7070,0.45389999999999997
7071,0.32977
7072,0.10773
7073,0.0
7074,0.0
7075,0.0
7076,0.0
7077,0.0
7078,0.0
7079,0.0
7080,0.0
7081,0.0
7082,0.0
7083,0.0
7084,0.0
7085,0.0
7086,0.13486
7087,0.342
7088,0.5012
7089,0.64393
7090,0.702
7091,0.76019
7092,0.67728
7093,0.61711
7094,0.44977999999999996
7095,0.30768
7096,0.10832
7097,0.0
7098,0.0
7099,0.0
7100,0.0
7101,0.0
7102,0.0
7103,0.0
7104,0.0
7105,0.0
7106,0.0
7107,0.0
7108,0.0
7109,0.0
7110,0.10737999999999999
7111,0.27056
7112,0.45100999999999997
7113,0.5995
7114,0.65916
7115,0.69667
7116,0.64879
7117,0.58002
7118,0.44730000000000003
7119,0.29142
7120,0.10213
7121,0.0
7122,0.0
7123,0.0
7124,0.0
7125,0.0
7126,0.0
7127,0.0
7128,0.0
7129,0.0
7130,0.0
7131,0.0
7132,0.0
7133,0.0
7134,0.12543
7135,0.30673
7136,0.4835
7137,0.62054
7138,0.71886
7139,0.70459
7140,0.66876
7141,0.5134099999999999
7142,0.40844
7143,0.23665
7144,0.09007
7145,0.0
7146,0.0
7147,0.0
7148,0.0
7149,0.0
7150,0.0
7151,0.0
7152,0.0
7153,0.0
7154,0.0
7155,0.0
7156,0.0
7157,0.0
7158,0.09244
7159,0.30655
7160,0.46566
7161,0.61601
7162,0.56267
7163,0.6510900000000001
7164,0.45209
7165,0.33226
7166,0.33148
7167,0.19016999999999998
7168,0.055850000000000004
7169,0.0
7170,0.0
7171,0.0
7172,0.0
7173,0.0
7174,0.0
7175,0.0
7176,0.0
7177,0.0
7178,0.0
7179,0.0
7180,0.0
7181,0.0
7182,0.10116
7183,0.26858
7184,0.34034
7185,0.38885000000000003
7186,0.44603
7187,0.43001
7188,0.42260000000000003
7189,0.53895
7190,0.35124
7191,0.24752000000000002
7192,0.0619
7193,0.0
7194,0.0
7195,0.0
7196,0.0
7197,0.0
7198,0.0
7199,0.0
7200,0.0
7201,0.0
7202,0.0
7203,0.0
7204,0.0
7205,0.0
7206,0.08871
7207,0.22953
7208,0.34912
7209,0.43451999999999996
7210,0.49045
7211,0.37645
7212,0.40904
7213,0.5629500000000001
7214,0.43638
7215,0.24014
7216,0.07359
7217,0.0
7218,0.0
7219,0.0
7220,0.0
7221,0.0
7222,0.0
7223,0.0
7224,0.0
7225,0.0
7226,0.0
7227,0.0
7228,0.0
7229,0.0
7230,0.07734999999999999
7231,0.23862
7232,0.28597
7233,0.3082
7234,0.37005
7235,0.5283300000000001
7236,0.54538
7237,0.5737300000000001
7238,0.39517
7239,0.20735
7240,0.05493
7241,0.0
7242,0.0
7243,0.0
7244,0.0
7245,0.0
7246,0.0
7247,0.0
7248,0.0
7249,0.0
7250,0.0
7251,0.0
7252,0.0
7253,0.0
7254,0.09369
7255,0.28972000000000003
7256,0.43512
7257,0.5133300000000001
7258,0.4511
7259,0.48137
7260,0.50731
7261,0.48314999999999997
7262,0.38295999999999997
7263,0.21793
7264,0.07792
7265,0.0
7266,0.0
7267,0.0
7268,0.0
7269,0.0
7270,0.0
7271,0.0
7272,0.0
7273,0.0
7274,0.0
7275,0.0
7276,0.0
7277,0.0
7278,0.019649999999999997
7279,0.07948999999999999
7280,0.14385
7281,0.18838999999999997
7282,0.20882
7283,0.38561
7284,0.47591
7285,0.36516000000000004
7286,0.37386
7287,0.30685
7288,0.10387
7289,0.0
7290,0.0
7291,0.0
7292,0.0
7293,0.0
7294,0.0
7295,0.0
7296,0.0
7297,0.0
7298,0.0
7299,0.0
7300,0.0
7301,0.0
7302,0.09831999999999999
7303,0.32158
7304,0.49368
7305,0.64249
7306,0.6831699999999999
7307,0.60952
7308,0.31195
7309,0.32766
7310,0.35844
7311,0.22124000000000002
7312,0.08712
7313,0.0
7314,0.0
7315,0.0
7316,0.0
7317,0.0
7318,0.0
7319,0.0
7320,0.0
7321,0.0
7322,0.0
7323,0.0
7324,0.0
7325,0.0
7326,0.10212
7327,0.34163
7328,0.5113
7329,0.59763
7330,0.6401
7331,0.59809
7332,0.49095
7333,0.48092
7334,0.3732
7335,0.24536000000000002
7336,0.07803
7337,0.0
7338,0.0
7339,0.0
7340,0.0
7341,0.0
7342,0.0
7343,0.0
7344,0.0
7345,0.0
7346,0.0
7347,0.0
7348,0.0
7349,0.0
7350,0.08576
7351,0.26741000000000004
7352,0.272
7353,0.38653
7354,0.60946
7355,0.6286900000000001
7356,0.56889
7357,0.49633999999999995
7358,0.385
7359,0.26256999999999997
7360,0.09387000000000001
7361,0.0
7362,0.0
7363,0.0
7364,0.0
7365,0.0
7366,0.0
7367,0.0
7368,0.0
7369,0.0
7370,0.0
7371,0.0
7372,0.0
7373,0.0
7374,0.12764
7375,0.28779000000000005
7376,0.49312
7377,0.6174
7378,0.62634
7379,0.7055
7380,0.6416799999999999
7381,0.52706
7382,0.35237999999999997
7383,0.26189999999999997
7384,0.07075
7385,0.0
7386,0.0
7387,0.0
7388,0.0
7389,0.0
7390,0.0
7391,0.0
7392,0.0
7393,0.0
7394,0.0
7395,0.0
7396,0.0
7397,0.0
7398,0.10909
7399,0.32159
7400,0.48777
7401,0.63258
7402,0.64058
7403,0.72136
7404,0.68922
7405,0.6182799999999999
7406,0.482
7407,0.28606
7408,0.10685
7409,0.0
7410,0.0
7411,0.0
7412,0.0
7413,0.0
7414,0.0
7415,0.0
7416,0.0
7417,0.0
7418,0.0
7419,0.0
7420,0.0
7421,0.0
7422,0.1155
7423,0.34792
7424,0.51337
7425,0.6495700000000001
7426,0.72749
7427,0.68633
7428,0.7151000000000001
7429,0.63844
7430,0.50261
7431,0.32764
7432,0.11892
7433,0.0
7434,0.0
7435,0.0
7436,0.0
7437,0.0
7438,0.0
7439,0.0
7440,0.0
7441,0.0
7442,0.0
7443,0.0
7444,0.0
7445,0.0
7446,0.1438
7447,0.36019
7448,0.49495999999999996
7449,0.65049
7450,0.70851
7451,0.75881
7452,0.71415
7453,0.61445
7454,0.46019
7455,0.28298
7456,0.09848
7457,0.0
7458,0.0
7459,0.0
7460,0.0
7461,0.0
7462,0.0
7463,0.0
7464,0.0
7465,0.0
7466,0.0
7467,0.0
7468,0.0
7469,0.0
7470,0.08693000000000001
7471,0.26642
7472,0.48037
7473,0.6011799999999999
7474,0.6115900000000001
7475,0.65727
7476,0.6285599999999999
7477,0.57789
7478,0.41356
7479,0.28831
7480,0.0727
7481,0.0
7482,0.0
7483,0.0
7484,0.0
7485,0.0
7486,0.0
7487,0.0
7488,0.0
7489,0.0
7490,0.0
7491,0.0
7492,0.0
7493,0.0
7494,0.06294
7495,0.21821000000000002
7496,0.40861000000000003
7497,0.5124
7498,0.64166
7499,0.5804900000000001
7500,0.63258
7501,0.5641799999999999
7502,0.39698
7503,0.26186000000000004
7504,0.09101999999999999
7505,0.0
7506,0.0
7507,0.0
7508,0.0
7509,0.0
7510,0.0
7511,0.0
7512,0.0
7513,0.0
7514,0.0
7515,0.0
7516,0.0
7517,0.0
7518,0.12545
7519,0.33804
7520,0.49474
7521,0.6003099999999999
7522,0.65307
7523,0.6762
7524,0.62294
7525,0.60557
7526,0.45493
7527,0.25739
7528,0.10246
7529,0.0
7530,0.0
7531,0.0
7532,0.0
7533,0.0
7534,0.0
7535,0.0
7536,0.0
7537,0.0
7538,0.0
7539,0.0
7540,0.0
7541,0.0
7542,0.11188
7543,0.35243
7544,0.48777
7545,0.60317
7546,0.63762
7547,0.58663
7548,0.59442
7549,0.60505
7550,0.47784
7551,0.28531
7552,0.11375
7553,0.0
7554,0.0
7555,0.0
7556,0.0
7557,0.0
7558,0.0
7559,0.0
7560,0.0
7561,0.0
7562,0.0
7563,0.0
7564,0.0
7565,0.0
7566,0.14402
7567,0.36845999999999995
7568,0.51486
7569,0.66592
7570,0.74591
7571,0.74661
7572,0.7319199999999999
7573,0.6503300000000001
7574,0.52946
7575,0.29624
7576,0.12695
7577,0.0
7578,0.0
7579,0.0
7580,0.0
7581,0.0
7582,0.0
7583,0.0
7584,0.0
7585,0.0
7586,0.0
7587,0.0
7588,0.0
7589,0.0
7590,0.12447
7591,0.27957
7592,0.4797
7593,0.58014
7594,0.6703600000000001
7595,0.71713
7596,0.6749299999999999
7597,0.5277999999999999
7598,0.37433999999999995
7599,0.24068
7600,0.09684999999999999
7601,0.0
7602,0.0
7603,0.0
7604,0.0
7605,0.0
7606,0.0
7607,0.0
7608,0.0
7609,0.0
7610,0.0
7611,0.0
7612,0.0
7613,0.0
7614,0.13146000000000002
7615,0.3336
7616,0.50737
7617,0.58288
7618,0.66339
7619,0.71911
7620,0.66032
7621,0.51875
7622,0.4725
7623,0.25930000000000003
7624,0.08514000000000001
7625,0.0
7626,0.0
7627,0.0
7628,0.0
7629,0.0
7630,0.0
7631,0.0
7632,0.0
7633,0.0
7634,0.0
7635,0.0
7636,0.0
7637,0.0
7638,0.13445
7639,0.3346
7640,0.51977
7641,0.61817
7642,0.6672899999999999
7643,0.71876
7644,0.65376
7645,0.5664600000000001
7646,0.47531
7647,0.30373
7648,0.11069
7649,0.0
7650,0.0
7651,0.0
7652,0.0
7653,0.0
7654,0.0
7655,0.0
7656,0.0
7657,0.0
7658,0.0
7659,0.0
7660,0.0
7661,0.0
7662,0.14118
7663,0.35058999999999996
7664,0.5361699999999999
7665,0.6754
7666,0.70887
7667,0.76612
7668,0.72949
7669,0.6175900000000001
7670,0.51007
7671,0.32151
7672,0.11423
7673,0.0
7674,0.0
7675,0.0
7676,0.0
7677,0.0
7678,0.0
7679,0.0
7680,0.0
7681,0.0
7682,0.0
7683,0.0
7684,0.0
7685,0.0
7686,0.11819
7687,0.34297000000000005
7688,0.5289400000000001
7689,0.65971
7690,0.65508
7691,0.58317
7692,0.6108
7693,0.5559299999999999
7694,0.45552
7695,0.28161
7696,0.09236
7697,0.0
7698,0.0
7699,0.0
7700,0.0
7701,0.0
7702,0.0
7703,0.0
7704,0.0
7705,0.0
7706,0.0
7707,0.0
7708,0.0
7709,0.0
7710,0.13684000000000002
7711,0.33561
7712,0.48499000000000003
7713,0.63083
7714,0.70863
7715,0.7526499999999999
7716,0.66907
7717,0.62767
7718,0.44630000000000003
7719,0.32397000000000004
7720,0.09875
7721,0.0
7722,0.0
7723,0.0
7724,0.0
7725,0.0
7726,0.0
7727,0.0
7728,0.0
7729,0.0
7730,0.0
7731,0.0
7732,0.0
7733,0.0
7734,0.10143
7735,0.32133999999999996
7736,0.4363
7737,0.57498
7738,0.6737799999999999
7739,0.7308600000000001
7740,0.6953400000000001
7741,0.6047100000000001
7742,0.46549
7743,0.32080000000000003
7744,0.10104
7745,0.0
7746,0.0
7747,0.0
7748,0.0
7749,0.0
7750,0.0
7751,0.0
7752,0.0
7753,0.0
7754,0.0
7755,0.0
7756,0.0
7757,0.0
7758,0.12605
7759,0.33714999999999995
7760,0.51205
7761,0.61694
7762,0.70825
7763,0.7072200000000001
7764,0.71893
7765,0.63083
7766,0.48737
7767,0.28684
7768,0.09675
7769,0.0
7770,0.0
7771,0.0
7772,0.0
7773,0.0
7774,0.0
7775,0.0
7776,0.0
7777,0.0
7778,0.0
7779,0.0
7780,0.0
7781,0.0
7782,0.07425
7783,0.22652
7784,0.2895
7785,0.50902
7786,0.49013
7787,0.47176999999999997
7788,0.18438
7789,0.46135000000000004
7790,0.41723000000000005
7791,0.18029
7792,0.06748
7793,0.0
7794,0.0
7795,0.0
7796,0.0
7797,0.0
7798,0.0
7799,0.0
7800,0.0
7801,0.0
7802,0.0
7803,0.0
7804,0.0
7805,0.0
7806,0.1196
7807,0.29797
7808,0.49848000000000003
7809,0.57362
7810,0.6435599999999999
7811,0.68588
7812,0.6588099999999999
7813,0.5167999999999999
7814,0.31755
7815,0.26499
7816,0.10744
7817,0.0
7818,0.0
7819,0.0
7820,0.0
7821,0.0
7822,0.0
7823,0.0
7824,0.0
7825,0.0
7826,0.0
7827,0.0
7828,0.0
7829,0.0
7830,0.03723
7831,0.10737999999999999
7832,0.17067
7833,0.27557
7834,0.39544999999999997
7835,0.5797
7836,0.53743
7837,0.49532
7838,0.40914999999999996
7839,0.228
7840,0.0847
7841,0.0
7842,0.0
7843,0.0
7844,0.0
7845,0.0
7846,0.0
7847,0.0
7848,0.0
7849,0.0
7850,0.0
7851,0.0
7852,0.0
7853,0.0
7854,0.09606999999999999
7855,0.28413
7856,0.40262
7857,0.32185
7858,0.34475
7859,0.35928
7860,0.23565
7861,0.36513999999999996
7862,0.24697999999999998
7863,0.18952000000000002
7864,0.07765999999999999
7865,0.0
7866,0.0
7867,0.0
7868,0.0
7869,0.0
7870,0.0
7871,0.0
7872,0.0
7873,0.0
7874,0.0
7875,0.0
7876,0.0
7877,0.0
7878,0.07895999999999999
7879,0.14472
7880,0.23489
7881,0.25194
7882,0.32168
7883,0.48635
7884,0.5169199999999999
7885,0.55492
7886,0.39593
7887,0.26498
7888,0.10728
7889,0.0
7890,0.0
7891,0.0
7892,0.0
7893,0.0
7894,0.0
7895,0.0
7896,0.0
7897,0.0
7898,0.0
7899,0.0
7900,0.0
7901,0.0
7902,0.07529999999999999
7903,0.24039
7904,0.42008999999999996
7905,0.6050599999999999
7906,0.6385599999999999
7907,0.6762999999999999
7908,0.58429
7909,0.47952999999999996
7910,0.45072
7911,0.23417
7912,0.08799
7913,0.0
7914,0.0
7915,0.0
7916,0.0
7917,0.0
7918,0.0
7919,0.0
7920,0.0
7921,0.0
7922,0.0
7923,0.0
7924,0.0
7925,0.0
7926,0.10499
7927,0.30765
7928,0.4759
7929,0.57494
7930,0.6800700000000001
7931,0.70969
7932,0.67098
7933,0.5854600000000001
7934,0.45396
7935,0.31372000000000005
7936,0.11353
7937,0.0
7938,0.0
7939,0.0
7940,0.0
7941,0.0
7942,0.0
7943,0.0
7944,0.0
7945,0.0
7946,0.0
7947,0.0
7948,0.0
7949,0.0
7950,0.11704
7951,0.32882
7952,0.49178
7953,0.62326
7954,0.65826
7955,0.70561
7956,0.63036
7957,0.587
7958,0.42317
7959,0.23636000000000001
7960,0.07945999999999999
7961,0.0
7962,0.0
7963,0.0
7964,0.0
7965,0.0
7966,0.0
7967,0.0
7968,0.0
7969,0.0
7970,0.0
7971,0.0
7972,0.0
7973,0.0
7974,0.09445
7975,0.30157
7976,0.46396
7977,0.59826
7978,0.68314
7979,0.7221900000000001
7980,0.64301
7981,0.44347000000000003
7982,0.43054000000000003
7983,0.27215
7984,0.10349
7985,0.0
7986,0.0
7987,0.0
7988,0.0
7989,0.0
7990,0.0
7991,0.0
7992,0.0
7993,0.0
7994,0.0
7995,0.0
7996,0.0
7997,0.0
7998,0.08170000000000001
7999,0.29469999999999996
8000,0.45644
8001,0.6234
8002,0.7118300000000001
8003,0.67445
8004,0.6719299999999999
8005,0.6058
8006,0.45504
8007,0.2896
8008,0.10715000000000001
8009,0.00083
8010,0.0
8011,0.0
8012,0.0
8013,0.0
8014,0.0
8015,0.0
8016,0.0
8017,0.0
8018,0.0
8019,0.0
8020,0.0
8021,0.0
8022,0.10966
8023,0.32702
8024,0.50268
8025,0.59289
8026,0.6956100000000001
8027,0.7146399999999999
8028,0.7074
8029,0.6452899999999999
8030,0.49931
8031,0.33386
8032,0.13816
8033,0.0007199999999999999
8034,0.0
8035,0.0
8036,0.0
8037,0.0
8038,0.0
8039,0.0
8040,0.0
8041,0.0
8042,0.0
8043,0.0
8044,0.0
8045,0.0
8046,0.11726
8047,0.30213
8048,0.32692
8049,0.33444
8050,0.33672
8051,0.5248700000000001
8052,0.60126
8053,0.53451
8054,0.42763
8055,0.28934
8056,0.08466
8057,0.00074
8058,0.0
8059,0.0
8060,0.0
8061,0.0
8062,0.0
8063,0.0
8064,0.0
8065,0.0
8066,0.0
8067,0.0
8068,0.0
8069,0.0
8070,0.05483
8071,0.14798
8072,0.47026999999999997
8073,0.61576
8074,0.70368
8075,0.67216
8076,0.61711
8077,0.48522000000000004
8078,0.44821
8079,0.31051999999999996
8080,0.13156
8081,0.0016699999999999998
8082,0.0
8083,0.0
8084,0.0
8085,0.0
8086,0.0
8087,0.0
8088,0.0
8089,0.0
8090,0.0
8091,0.0
8092,0.0
8093,0.0
8094,0.11166
8095,0.31862999999999997
8096,0.48425999999999997
8097,0.62379
8098,0.65503
8099,0.66218
8100,0.56597
8101,0.56262
8102,0.40052
8103,0.25189
8104,0.12818000000000002
8105,0.00083
8106,0.0
8107,0.0
8108,0.0
8109,0.0
8110,0.0
8111,0.0
8112,0.0
8113,0.0
8114,0.0
8115,0.0
8116,0.0
8117,0.0
8118,0.10177
8119,0.30357999999999996
8120,0.46138
8121,0.56945
8122,0.66159
8123,0.5960700000000001
8124,0.5317200000000001
8125,0.4743
8126,0.39048
8127,0.25805
8128,0.09165000000000001
8129,0.00076
8130,0.0
8131,0.0
8132,0.0
8133,0.0
8134,0.0
8135,0.0
8136,0.0
8137,0.0
8138,0.0
8139,0.0
8140,0.0
8141,0.0
8142,0.09051000000000001
8143,0.28526999999999997
8144,0.39938999999999997
8145,0.57377
8146,0.5213300000000001
8147,0.63432
8148,0.63754
8149,0.5712999999999999
8150,0.49101
8151,0.33796
8152,0.13732
8153,0.00091
8154,0.0
8155,0.0
8156,0.0
8157,0.0
8158,0.0
8159,0.0
8160,0.0
8161,0.0
8162,0.0
8163,0.0
8164,0.0
8165,0.0
8166,0.08421
8167,0.27217
8168,0.45981
8169,0.58212
8170,0.54931
8171,0.6044299999999999
8172,0.55396
8173,0.50892
8174,0.42981
8175,0.27474
8176,0.12003
8177,0.00131
8178,0.0
8179,0.0
8180,0.0
8181,0.0
8182,0.0
8183,0.0
8184,0.0
8185,0.0
8186,0.0
8187,0.0
8188,0.0
8189,0.0
8190,0.07753
8191,0.28289
8192,0.45469
8193,0.5888300000000001
8194,0.65527
8195,0.63859
8196,0.59646
8197,0.5223
8198,0.46598
8199,0.32742
8200,0.09808
8201,0.0020299999999999997
8202,0.0
8203,0.0
8204,0.0
8205,0.0
8206,0.0
8207,0.0
8208,0.0
8209,0.0
8210,0.0
8211,0.0
8212,0.0
8213,0.0
8214,0.09373999999999999
8215,0.27423000000000003
8216,0.45113
8217,0.54332
8218,0.6819400000000001
8219,0.66844
8220,0.68865
8221,0.5550700000000001
8222,0.42616000000000004
8223,0.31745
8224,0.09838
8225,0.0022
8226,0.0
8227,0.0
8228,0.0
8229,0.0
8230,0.0
8231,0.0
8232,0.0
8233,0.0
8234,0.0
8235,0.0
8236,0.0
8237,0.0
8238,0.08353000000000001
8239,0.29954000000000003
8240,0.47426999999999997
8241,0.6021299999999999
8242,0.7034900000000001
8243,0.66212
8244,0.66596
8245,0.54008
8246,0.48142
8247,0.30452999999999997
8248,0.11679
8249,0.00289
8250,0.0
8251,0.0
8252,0.0
8253,0.0
8254,0.0
8255,0.0
8256,0.0
8257,0.0
8258,0.0
8259,0.0
8260,0.0
8261,0.0
8262,0.10111
8263,0.26230000000000003
8264,0.47998
8265,0.6050800000000001
8266,0.69317
8267,0.65867
8268,0.67906
8269,0.64763
8270,0.4279
8271,0.27684
8272,0.11733
8273,0.00325
8274,0.0
8275,0.0
8276,0.0
8277,0.0
8278,0.0
8279,0.0
8280,0.0
8281,0.0
8282,0.0
8283,0.0
8284,0.0
8285,0.0
8286,0.06178
8287,0.27646
8288,0.48785
8289,0.62176
8290,0.69274
8291,0.70998
8292,0.71836
8293,0.61478
8294,0.44651
8295,0.25301
8296,0.09520999999999999
8297,0.00088
8298,0.0
8299,0.0
8300,0.0
8301,0.0
8302,0.0
8303,0.0
8304,0.0
8305,0.0
8306,0.0
8307,0.0
8308,0.0
8309,0.0
8310,0.10553
8311,0.32411
8312,0.5057699999999999
8313,0.6393300000000001
8314,0.7288
8315,0.75724
8316,0.72754
8317,0.65249
8318,0.46085000000000004
8319,0.34386
8320,0.15074
8321,0.00171
8322,0.0
8323,0.0
8324,0.0
8325,0.0
8326,0.0
8327,0.0
8328,0.0
8329,0.0
8330,0.0
8331,0.0
8332,0.0
8333,0.0
8334,0.07684
8335,0.26350999999999997
8336,0.44204000000000004
8337,0.48806
8338,0.67003
8339,0.7064400000000001
8340,0.63375
8341,0.61594
8342,0.46268
8343,0.34051
8344,0.15005000000000002
8345,0.00185
8346,0.0
8347,0.0
8348,0.0
8349,0.0
8350,0.0
8351,0.0
8352,0.0
8353,0.0
8354,0.0
8355,0.0
8356,0.0
8357,0.0
8358,0.04044
8359,0.23357
8360,0.39065
8361,0.52873
8362,0.63673
8363,0.73407
8364,0.6773899999999999
8365,0.62012
8366,0.41016
8367,0.26236000000000004
8368,0.11052
8369,0.0024700000000000004
8370,0.0
8371,0.0
8372,0.0
8373,0.0
8374,0.0
8375,0.0
8376,0.0
8377,0.0
8378,0.0
8379,0.0
8380,0.0
8381,0.0
8382,0.08022
8383,0.24903999999999998
8384,0.42865
8385,0.56131
8386,0.68324
8387,0.72129
8388,0.60984
8389,0.58129
8390,0.42792
8391,0.31914
8392,0.12007999999999999
8393,0.00155
8394,0.0
8395,0.0
8396,0.0
8397,0.0
8398,0.0
8399,0.0
8400,0.0
8401,0.0
8402,0.0
8403,0.0
8404,0.0
8405,0.0
8406,0.02933
8407,0.17065
8408,0.27687
8409,0.32194
8410,0.47601
8411,0.59245
8412,0.59941
8413,0.44795999999999997
8414,0.28282
8415,0.25865
8416,0.10859999999999999
8417,0.00322
8418,0.0
8419,0.0
8420,0.0
8421,0.0
8422,0.0
8423,0.0
8424,0.0
8425,0.0
8426,0.0
8427,0.0
8428,0.0
8429,0.0
8430,0.0615
8431,0.2165
8432,0.37451
8433,0.49731000000000003
8434,0.64278
8435,0.71025
8436,0.6720700000000001
8437,0.53537
8438,0.43368
8439,0.29975
8440,0.14269
8441,0.0024300000000000003
8442,0.0
8443,0.0
8444,0.0
8445,0.0
8446,0.0
8447,0.0
8448,0.0
8449,0.0
8450,0.0
8451,0.0
8452,0.0
8453,0.0
8454,0.08888
8455,0.29161000000000004
8456,0.46414
8457,0.60188
8458,0.64137
8459,0.68583
8460,0.6937300000000001
8461,0.6451
8462,0.48269
8463,0.34229000000000004
8464,0.14207
8465,0.0020099999999999996
8466,0.0
8467,0.0
8468,0.0
8469,0.0
8470,0.0
8471,0.0
8472,0.0
8473,0.0
8474,0.0
8475,0.0
8476,0.0
8477,0.0
8478,0.07883
8479,0.28878
8480,0.44355
8481,0.5462
8482,0.63315
8483,0.6970700000000001
8484,0.66232
8485,0.51205
8486,0.38764
8487,0.22535
8488,0.09933
8489,0.0019399999999999999
8490,0.0
8491,0.0
8492,0.0
8493,0.0
8494,0.0
8495,0.0
8496,0.0
8497,0.0
8498,0.0
8499,0.0
8500,0.0
8501,0.0
8502,0.08475
8503,0.29252999999999996
8504,0.46536
8505,0.5962799999999999
8506,0.66126
8507,0.72008
8508,0.6663300000000001
8509,0.59392
8510,0.49424
8511,0.33173
8512,0.12827000000000002
8513,0.0028399999999999996
8514,0.0
8515,0.0
8516,0.0
8517,0.0
8518,0.0
8519,0.0
8520,0.0
8521,0.0
8522,0.0
8523,0.0
8524,0.0
8525,0.0
8526,0.08176
8527,0.26668000000000003
8528,0.44441
8529,0.52718
8530,0.61685
8531,0.73715
8532,0.62391
8533,0.53783
8534,0.43461
8535,0.26367
8536,0.12415000000000001
8537,0.003
8538,0.0
8539,0.0
8540,0.0
8541,0.0
8542,0.0
8543,0.0
8544,0.0
8545,0.0
8546,0.0
8547,0.0
8548,0.0
8549,0.0
8550,0.07026
8551,0.25991000000000003
8552,0.35795
8553,0.5261699999999999
8554,0.6361100000000001
8555,0.67473
8556,0.6928500000000001
8557,0.57302
8558,0.4609
8559,0.29496
8560,0.13681000000000001
8561,0.00504
8562,0.0
8563,0.0
8564,0.0
8565,0.0
8566,0.0
8567,0.0
8568,0.0
8569,0.0
8570,0.0
8571,0.0
8572,0.0
8573,0.0
8574,0.05589
8575,0.24298
8576,0.37401999999999996
8577,0.5114
8578,0.54579
8579,0.57752
8580,0.64138
8581,0.5251
8582,0.42152999999999996
8583,0.25254
8584,0.13747
8585,0.0030600000000000002
8586,0.0
8587,0.0
8588,0.0
8589,0.0
8590,0.0
8591,0.0
8592,0.0
8593,0.0
8594,0.0
8595,0.0
8596,0.0
8597,0.0
8598,0.05269
8599,0.24592
8600,0.39030000000000004
8601,0.50788
8602,0.5873400000000001
8603,0.61682
8604,0.64579
8605,0.5567300000000001
8606,0.43776
8607,0.24322
8608,0.12966
8609,0.00618
8610,0.0
8611,0.0
8612,0.0
8613,0.0
8614,0.0
8615,0.0
8616,0.0
8617,0.0
8618,0.0
8619,0.0
8620,0.0
8621,0.0
8622,0.07665000000000001
8623,0.24089
8624,0.46396
8625,0.60685
8626,0.62574
8627,0.70369
8628,0.58205
8629,0.60019
8630,0.48194
8631,0.31107999999999997
8632,0.15164
8633,0.00826
8634,0.0
8635,0.0
8636,0.0
8637,0.0
8638,0.0
8639,0.0
8640,0.0
8641,0.0
8642,0.0
8643,0.0
8644,0.0
8645,0.0
8646,0.07593000000000001
8647,0.23451
8648,0.44616
8649,0.5579400000000001
8650,0.64261
8651,0.71504
8652,0.6994400000000001
8653,0.59805
8654,0.44272
8655,0.30033
8656,0.12543
8657,0.00713
8658,0.0
8659,0.0
8660,0.0
8661,0.0
8662,0.0
8663,0.0
8664,0.0
8665,0.0
8666,0.0
8667,0.0
8668,0.0
8669,0.0
8670,0.06098
8671,0.25868
8672,0.35543
8673,0.57489
8674,0.66627
8675,0.68841
8676,0.65903
8677,0.56579
8678,0.52255
8679,0.37613
8680,0.17454
8681,0.01245
8682,0.0
8683,0.0
8684,0.0
8685,0.0
8686,0.0
8687,0.0
8688,0.0
8689,0.0
8690,0.0
8691,0.0
8692,0.0
8693,0.0
8694,0.06778
8695,0.26126
8696,0.45802
8697,0.60493
8698,0.6932999999999999
8699,0.73433
8700,0.7094199999999999
8701,0.55936
8702,0.43537
8703,0.27376999999999996
8704,0.14413
8705,0.01073
8706,0.0
8707,0.0
8708,0.0
8709,0.0
8710,0.0
8711,0.0
8712,0.0
8713,0.0
8714,0.0
8715,0.0
8716,0.0
8717,0.0
8718,0.06445000000000001
8719,0.24662
8720,0.41539
8721,0.55861
8722,0.6696799999999999
8723,0.6994900000000001
8724,0.67626
8725,0.58908
8726,0.5041
8727,0.35014999999999996
8728,0.15761
8729,0.01285
8730,0.0
8731,0.0
8732,0.0
8733,0.0
8734,0.0
8735,0.0
8736,0.0
8737,0.0
8738,0.0
8739,0.0
8740,0.0
8741,0.0
8742,0.06845
8743,0.27127999999999997
8744,0.4163
8745,0.60592
8746,0.6979500000000001
8747,0.72599
8748,0.67913
8749,0.589
8750,0.49944
8751,0.33381
8752,0.17262
8753,0.06770999999999999
8754,0.0
8755,0.0
8756,0.0
8757,0.0
8758,0.0
8759,0.0
