,pv_per_unit
0,0.0
1,0.0
2,0.0
3,0.0
4,0.0
5,0.0
6,0.039909999999999994
7,0.19858
8,0.34582999999999997
9,0.47296
10,0.53143
11,0.67418
12,0.66465
13,0.61809
14,0.48278
15,0.24925999999999998
16,0.11058
17,0.00956
18,0.0
19,0.0
20,0.0
21,0.0
22,0.0
23,0.0
24,0.0
25,0.0
26,0.0
27,0.0
28,0.0
29,0.0
30,0.06969
31,0.26643
32,0.45926999999999996
33,0.60097
34,0.68729
35,0.7339199999999999
36,0.7209
37,0.6443
38,0.53442
39,0.36945999999999996
40,0.17922
41,0.01089
42,0.0
43,0.0
44,0.0
45,0.0
46,0.0
47,0.0
48,0.0
49,0.0
50,0.0
51,0.0
52,0.0
53,0.0
54,0.06615
55,0.24775
56,0.39373
57,0.47847
58,0.45616
59,0.6378400000000001
60,0.66676
61,0.42205000000000004
62,0.38387
63,0.21709
64,0.13987
65,0.00853
66,0.0
67,0.0
68,0.0
69,0.0
70,0.0
71,0.0
72,0.0
73,0.0
74,0.0
75,0.0
76,0.0
77,0.0
78,0.044090000000000004
79,0.19725
80,0.32461
81,0.4744
82,0.52579
83,0.62921
84,0.61222
85,0.3639
86,0.34636
87,0.21394
88,0.07934999999999999
89,0.00882
90,0.0
91,0.0
92,0.0
93,0.0
94,0.0
95,0.0
96,0.0
97,0.0
98,0.0
99,0.0
100,0.0
101,0.0
102,0.03454
103,0.19371000000000002
104,0.36907999999999996
105,0.38316
106,0.29469999999999996
107,0.47699
108,0.5340499999999999
109,0.31327
110,0.33032999999999996
111,0.25755
112,0.11212000000000001
113,0.01065
114,0.0
115,0.0
116,0.0
117,0.0
118,0.0
119,0.0
120,0.0
121,0.0
122,0.0
123,0.0
124,0.0
125,0.0
126,0.026969999999999997
127,0.17887999999999998
128,0.29297
129,0.43297
130,0.5372899999999999
131,0.5784400000000001
132,0.54026
133,0.60425
134,0.48219
135,0.33388
136,0.14101
137,0.01008
138,0.0
139,0.0
140,0.0
141,0.0
142,0.0
143,0.0
144,0.0
145,0.0
146,0.0
147,0.0
148,0.0
149,0.0
150,0.04376
151,0.12786
152,0.33661
153,0.41908
154,0.47302999999999995
155,0.5745399999999999
156,0.60394
157,0.5154299999999999
158,0.44035
159,0.34811000000000003
160,0.14912
161,0.011630000000000001
162,0.0
163,0.0
164,0.0
165,0.0
166,0.0
167,0.0
168,0.0
169,0.0
170,0.0
171,0.0
172,0.0
173,0.0
174,0.02541
175,0.11409
176,0.26039999999999996
177,0.39672
178,0.47508
179,0.5944299999999999
180,0.61787
181,0.5271699999999999
182,0.343
183,0.27753
184,0.12885
185,0.01109
186,0.0
187,0.0
188,0.0
189,0.0
190,0.0
191,0.0
192,0.0
193,0.0
194,0.0
195,0.0
196,0.0
197,0.0
198,0.02853
199,0.13194
200,0.28772000000000003
201,0.40862
202,0.45114
203,0.45524000000000003
204,0.44955
205,0.44756
206,0.32754
207,0.26317
208,0.12613
209,0.011529999999999999
210,0.0
211,0.0
212,0.0
213,0.0
214,0.0
215,0.0
216,0.0
217,0.0
218,0.0
219,0.0
220,0.0
221,0.0
222,0.02657
223,0.21788
224,0.38082
225,0.44574
226,0.56033
227,0.59966
228,0.5464199999999999
229,0.45817
230,0.3941
231,0.23786000000000002
232,0.13379
233,0.012580000000000001
234,0.0
235,0.0
236,0.0
237,0.0
238,0.0
239,0.0
240,0.0
241,0.0
242,0.0
243,0.0
244,0.0
245,0.0
246,0.00437
247,0.02759
248,0.08198
249,0.19523
250,0.19158
251,0.44923
252,0.43501
253,0.5445800000000001
254,0.37687
255,0.25434
256,0.09195
257,0.00471
258,0.0
259,0.0
260,0.0
261,0.0
262,0.0
263,0.0
264,0.0
265,0.0
266,0.0
267,0.0
268,0.0
269,0.0
270,0.01609
271,0.05722
272,0.17449
273,0.26635000000000003
274,0.46658999999999995
275,0.49535
276,0.5906399999999999
277,0.34723000000000004
278,0.26202
279,0.14538
280,0.0932
281,0.00771
282,0.0
283,0.0
284,0.0
285,0.0
286,0.0
287,0.0
288,0.0
289,0.0
290,0.0
291,0.0
292,0.0
293,0.0
294,0.041530000000000004
295,0.14958000000000002
296,0.27697000000000005
297,0.35472000000000004
298,0.49783
299,0.37154000000000004
300,0.48921
301,0.39938
302,0.30421
303,0.18402000000000002
304,0.07876000000000001
305,0.00457
306,0.0
307,0.0
308,0.0
309,0.0
310,0.0
311,0.0
312,0.0
313,0.0
314,0.0
315,0.0
316,0.0
317,0.0
318,0.01425
319,0.17832
320,0.27562000000000003
321,0.44139999999999996
322,0.48012
323,0.5993999999999999
324,0.42521
325,0.44905
326,0.358
327,0.1202
328,0.07658
329,0.0037400000000000003
330,0.0
331,0.0
332,0.0
333,0.0
334,0.0
335,0.0
336,0.0
337,0.0
338,0.0
339,0.0
340,0.0
341,0.0
342,0.01085
343,0.12398
344,0.40068
345,0.54059
346,0.5724600000000001
347,0.6604099999999999
348,0.61724
349,0.59115
350,0.24009
351,0.14192
352,0.10968000000000001
353,0.01022
354,0.0
355,0.0
356,0.0
357,0.0
358,0.0
359,0.0
360,0.0
361,0.0
362,0.0
363,0.0
364,0.0
365,0.0
366,0.03389
367,0.12068999999999999
368,0.31897000000000003
369,0.45608
370,0.64777
371,0.64899
372,0.60081
373,0.46116
374,0.41608
375,0.23534
376,0.14438
377,0.01103
378,0.0
379,0.0
380,0.0
381,0.0
382,0.0
383,0.0
384,0.0
385,0.0
386,0.0
387,0.0
388,0.0
389,0.0
390,0.038950000000000005
391,0.21906
392,0.35347
393,0.45367
394,0.56004
395,0.63366
396,0.59036
397,0.32094
398,0.33731
399,0.24337999999999999
400,0.13566999999999999
401,0.011789999999999998
402,0.0
403,0.0
404,0.0
405,0.0
406,0.0
407,0.0
408,0.0
409,0.0
410,0.0
411,0.0
412,0.0
413,0.0
414,0.03362
415,0.22091999999999998
416,0.41819
417,0.46662
418,0.52696
419,0.64758
420,0.64439
421,0.31751999999999997
422,0.44465
423,0.29258999999999996
424,0.11865
425,0.011269999999999999
426,0.0
427,0.0
428,0.0
429,0.0
430,0.0
431,0.0
432,0.0
433,0.0
434,0.0
435,0.0
436,0.0
437,0.0
438,0.03766
439,0.20942
440,0.37457
441,0.52901
442,0.6215900000000001
443,0.62582
444,0.5264
445,0.26272
446,0.15741999999999998
447,0.12519
448,0.06731999999999999
449,0.008289999999999999
450,0.0
451,0.0
452,0.0
453,0.0
454,0.0
455,0.0
456,0.0
457,0.0
458,0.0
459,0.0
460,0.0
461,0.0
462,0.03506
463,0.16127
464,0.35313
465,0.51802
466,0.65738
467,0.6477
468,0.6340399999999999
469,0.34537
470,0.27946
471,0.26315
472,0.07676999999999999
473,0.00962
474,0.0
475,0.0
476,0.0
477,0.0
478,0.0
479,0.0
480,0.0
481,0.0
482,0.0
483,0.0
484,0.0
485,0.0
486,0.01479
487,0.17623
488,0.31898000000000004
489,0.53676
490,0.6321
491,0.64385
492,0.6592899999999999
493,0.48222000000000004
494,0.46387
495,0.32624000000000003
496,0.16166
497,0.01822
498,0.0
499,0.0
500,0.0
501,0.0
502,0.0
503,0.0
504,0.0
505,0.0
506,0.0
507,0.0
508,0.0
509,0.0
510,0.01806
511,0.13022999999999998
512,0.28426
513,0.3772
514,0.5375800000000001
515,0.5724600000000001
516,0.50537
517,0.60275
518,0.45876
519,0.32694999999999996
520,0.18231999999999998
521,0.01785
522,0.0
523,0.0
524,0.0
525,0.0
526,0.0
527,0.0
528,0.0
529,0.0
530,0.0
531,0.0
532,0.0
533,0.0
534,0.02457
535,0.22184
536,0.37448000000000004
537,0.46675
538,0.52012
539,0.66028
540,0.65979
541,0.5308999999999999
542,0.51878
543,0.34003
544,0.15706
545,0.01024
546,0.0
547,0.0
548,0.0
549,0.0
550,0.0
551,0.0
552,0.0
553,0.0
554,0.0
555,0.0
556,0.0
557,0.0
558,0.03793
559,0.186
560,0.39791000000000004
561,0.54771
562,0.62063
563,0.66213
564,0.73151
565,0.49137000000000003
566,0.4025
567,0.33288999999999996
568,0.14880000000000002
569,0.01575
570,0.0
571,0.0
572,0.0
573,0.0
574,0.0
575,0.0
576,0.0
577,0.0
578,0.0
579,0.0
580,0.0
581,0.0
582,0.037950000000000005
583,0.22568000000000002
584,0.27926999999999996
585,0.47716000000000003
586,0.52604
587,0.53077
588,0.45697000000000004
589,0.5848300000000001
590,0.54175
591,0.3773
592,0.19515000000000002
593,0.019469999999999998
594,0.0
595,0.0
596,0.0
597,0.0
598,0.0
599,0.0
600,0.0
601,0.0
602,0.0
603,0.0
604,0.0
605,0.0
606,0.01795
607,0.14739
608,0.31805
609,0.48724
610,0.6570199999999999
611,0.63029
612,0.61058
613,0.37425
614,0.21444
615,0.11068
616,0.07911
617,0.01428
618,0.0
619,0.0
620,0.0
621,0.0
622,0.0
623,0.0
624,0.0
625,0.0
626,0.0
627,0.0
628,0.0
629,0.0
630,0.02757
631,0.15125
632,0.23275
633,0.25572
634,0.37495999999999996
635,0.60709
636,0.7206699999999999
637,0.36074
638,0.27964999999999995
639,0.19777
640,0.12564
641,0.01533
642,0.0
643,0.0
644,0.0
645,0.0
646,0.0
647,0.0
648,0.0
649,0.0
650,0.0
651,0.0
652,0.0
653,0.0
654,0.03423
655,0.19554
656,0.36006
657,0.5226799999999999
658,0.59724
659,0.64781
660,0.61574
661,0.65497
662,0.5213300000000001
663,0.34508
664,0.17021
665,0.022010000000000002
666,0.0
667,0.0
668,0.0
669,0.0
670,0.0
671,0.0
672,0.0
673,0.0
674,0.0
675,0.0
676,0.0
677,0.0
678,0.0435
679,0.23723
680,0.39482
681,0.53006
682,0.6223099999999999
683,0.6861499999999999
684,0.55779
685,0.44748000000000004
686,0.38366
687,0.34545
688,0.20113
689,0.02478
690,0.0
691,0.0
692,0.0
693,0.0
694,0.0
695,0.0
696,0.0
697,0.0
698,0.0
699,0.0
700,0.0
701,0.0
702,0.02696
703,0.12042
704,0.31648000000000004
705,0.50271
706,0.49066000000000004
707,0.50092
708,0.50528
709,0.48625999999999997
710,0.50271
711,0.32325
712,0.16688999999999998
713,0.02004
714,0.0
715,0.0
716,0.0
717,0.0
718,0.0
719,0.0
720,0.0
721,0.0
722,0.0
723,0.0
724,0.0
725,0.0
726,0.01307
727,0.13181
728,0.31509
729,0.43259
730,0.43345
731,0.41975999999999997
732,0.58966
733,0.55865
734,0.43833
735,0.35505000000000003
736,0.13426
737,0.01511
738,0.0
739,0.0
740,0.0
741,0.0
742,0.0
743,0.0
744,0.0
745,0.0
746,0.0
747,0.0
748,0.0
749,0.0
750,0.04285
751,0.24481999999999998
752,0.41596
753,0.50793
754,0.59754
755,0.60923
756,0.64
757,0.53383
758,0.42758999999999997
759,0.30054000000000003
760,0.16046000000000002
761,0.02184
762,0.0
763,0.0
764,0.0
765,0.0
766,0.0
767,0.0
768,0.0
769,0.0
770,0.0
771,0.0
772,0.0
773,0.0
774,0.039369999999999995
775,0.19654
776,0.38767
777,0.57878
778,0.68711
779,0.68913
780,0.7102200000000001
781,0.50645
782,0.41423000000000004
783,0.28778
784,0.18161000000000002
785,0.02902
786,0.0
787,0.0
788,0.0
789,0.0
790,0.0
791,0.0
792,0.0
793,0.0
794,0.0
795,0.0
796,0.0
797,0.0
798,0.041049999999999996
799,0.23634
800,0.44932
801,0.62114
802,0.72204
803,0.77209
804,0.76327
805,0.69324
806,0.5805800000000001
807,0.41592
808,0.2114
809,0.026600000000000002
810,0.0
811,0.0
812,0.0
813,0.0
814,0.0
815,0.0
816,0.0
817,0.0
818,0.0
819,0.0
820,0.0
821,0.0
822,0.0327
823,0.22994
824,0.42341
825,0.60125
826,0.71277
827,0.7517
828,0.72466
829,0.6771699999999999
830,0.5393600000000001
831,0.41406
832,0.20613
833,0.028149999999999998
834,0.0
835,0.0
836,0.0
837,0.0
838,0.0
839,0.0
840,0.0
841,0.0
842,0.0
843,0.0
844,0.0
845,0.0
846,0.037509999999999995
847,0.23614
848,0.39977999999999997
849,0.5878099999999999
850,0.67903
851,0.73639
852,0.73522
853,0.6772
854,0.55035
855,0.40341000000000005
856,0.20452
857,0.02616
858,0.0
859,0.0
860,0.0
861,0.0
862,0.0
863,0.0
864,0.0
865,0.0
866,0.0
867,0.0
868,0.0
869,0.0
870,0.0424
871,0.24425999999999998
872,0.40593
873,0.5364800000000001
874,0.67126
875,0.75505
876,0.7028099999999999
877,0.58539
878,0.5446799999999999
879,0.38709
880,0.18638
881,0.0277
882,0.0
883,0.0
884,0.0
885,0.0
886,0.0
887,0.0
888,0.0
889,0.0
890,0.0
891,0.0
892,0.0
893,0.0
894,0.031170000000000003
895,0.23479
896,0.42593000000000003
897,0.5930700000000001
898,0.70717
899,0.7289
900,0.69199
901,0.67753
902,0.53634
903,0.40846
904,0.20512
905,0.02878
906,0.0
907,0.0
908,0.0
909,0.0
910,0.0
911,0.0
912,0.0
913,0.0
914,0.0
915,0.0
916,0.0
917,0.0
918,0.04298
919,0.24821000000000001
920,0.42469999999999997
921,0.5988600000000001
922,0.72089
923,0.76003
924,0.75478
925,0.69036
926,0.5784900000000001
927,0.43489
928,0.21596
929,0.030969999999999998
930,0.0
931,0.0
932,0.0
933,0.0
934,0.0
935,0.0
936,0.0
937,0.0
938,0.0
939,0.0
940,0.0
941,0.0
942,0.03757
943,0.23472
944,0.43338
945,0.6052799999999999
946,0.70948
947,0.70325
948,0.71235
949,0.63851
950,0.5552699999999999
951,0.40364
952,0.2073
953,0.0289
954,0.0
955,0.0
956,0.0
957,0.0
958,0.0
959,0.0
960,0.0
961,0.0
962,0.0
963,0.0
964,0.0
965,0.0
966,0.03386
967,0.19275
968,0.39626999999999996
969,0.43962
970,0.57156
971,0.6604500000000001
972,0.6097100000000001
973,0.46437
974,0.29114
975,0.20685
976,0.09132
977,0.0161
978,0.0
979,0.0
980,0.0
981,0.0
982,0.0
983,0.0
984,0.0
985,0.0
986,0.0
987,0.0
988,0.0
989,0.0
990,0.02332
991,0.18933000000000003
992,0.40639
993,0.50259
994,0.7028099999999999
995,0.75083
996,0.75715
997,0.5466599999999999
998,0.32491000000000003
999,0.25581
1000,0.12489
1001,0.014839999999999999
1002,0.0
1003,0.0
1004,0.0
1005,0.0
1006,0.0
1007,0.0
1008,0.0
1009,0.0
1010,0.0
1011,0.0
1012,0.0
1013,0.0
1014,0.03635
1015,0.20412
1016,0.38972
1017,0.56864
1018,0.7121000000000001
1019,0.73538
1020,0.6626799999999999
1021,0.46695
1022,0.35633
1023,0.24567
1024,0.16602
1025,0.01345
1026,0.0
1027,0.0
1028,0.0
1029,0.0
1030,0.0
1031,0.0
1032,0.0
1033,0.0
1034,0.0
1035,0.0
1036,0.0
1037,0.0
1038,0.030690000000000002
1039,0.22288
1040,0.40249
1041,0.57669
1042,0.6649700000000001
1043,0.73319
1044,0.72034
1045,0.68496
1046,0.47381
1047,0.32123
1048,0.14855000000000002
1049,0.01638
1050,0.0
1051,0.0
1052,0.0
1053,0.0
1054,0.0
1055,0.0
1056,0.0
1057,0.0
1058,0.0
1059,0.0
1060,0.0
1061,0.0
1062,0.02203
1063,0.18041
1064,0.40458
1065,0.56948
1066,0.70762
1067,0.68329
1068,0.69448
1069,0.6037
1070,0.54849
1071,0.38896
1072,0.1608
1073,0.02177
1074,0.0
1075,0.0
1076,0.0
1077,0.0
1078,0.0
1079,0.0
1080,0.0
1081,0.0
1082,0.0
1083,0.0
1084,0.0
1085,0.0
1086,0.02376
1087,0.17536000000000002
1088,0.35144
1089,0.41934
1090,0.53171
1091,0.37745999999999996
1092,0.45238
1093,0.37144
1094,0.27782
1095,0.16945
1096,0.12589
1097,0.019530000000000002
1098,0.0
1099,0.0
1100,0.0
1101,0.0
1102,0.0
1103,0.0
1104,0.0
1105,0.0
1106,0.0
1107,0.0
1108,0.0
1109,0.0
1110,0.02562
1111,0.13138999999999998
1112,0.27548
1113,0.42073
1114,0.48061000000000004
1115,0.48275999999999997
1116,0.6433300000000001
1117,0.56904
1118,0.35971
1119,0.28528
1120,0.12872
1121,0.022670000000000003
1122,0.0
1123,0.0
1124,0.0
1125,0.0
1126,0.0
1127,0.0
1128,0.0
1129,0.0
1130,0.0
1131,0.0
1132,0.0
1133,0.0
1134,0.03486
1135,0.20512
1136,0.39938
1137,0.4829
1138,0.59153
1139,0.65925
1140,0.65162
1141,0.58561
1142,0.45717
1143,0.29268
1144,0.1451
1145,0.02151
1146,0.0
1147,0.0
1148,0.0
1149,0.0
1150,0.0
1151,0.0
1152,0.0
1153,0.0
1154,0.0
1155,0.0
1156,0.0
1157,0.0
1158,0.019690000000000003
1159,0.15087
1160,0.26253
1161,0.43426
1162,0.59293
1163,0.58951
1164,0.7526900000000001
1165,0.51689
1166,0.5205
1167,0.30501
1168,0.18966999999999998
1169,0.02757
1170,0.0
1171,0.0
1172,0.0
1173,0.0
1174,0.0
1175,0.0
1176,0.0
1177,0.0
1178,0.0
1179,0.0
1180,0.0
1181,0.0
1182,0.03073
1183,0.15780000000000002
1184,0.36565
1185,0.40291000000000005
1186,0.56737
1187,0.68488
1188,0.71578
1189,0.63189
1190,0.46617000000000003
1191,0.30913
1192,0.13528
1193,0.0184
1194,0.0
1195,0.0
1196,0.0
1197,0.0
1198,0.0
1199,0.0
1200,0.0
1201,0.0
1202,0.0
1203,0.0
1204,0.0
1205,0.0
1206,0.03161
1207,0.23311
1208,0.40884
1209,0.54843
1210,0.60798
1211,0.59297
1212,0.63022
1213,0.40254
1214,0.45963
1215,0.30866000000000005
1216,0.18297999999999998
1217,0.02899
1218,0.0
1219,0.0
1220,0.0
1221,0.0
1222,0.0
1223,0.0
1224,0.0
1225,0.0
1226,0.0
1227,0.0
1228,0.0
1229,0.0
1230,0.02623
1231,0.18331999999999998
1232,0.34972000000000003
1233,0.49901999999999996
1234,0.5860700000000001
1235,0.71768
1236,0.70333
1237,0.41497
1238,0.49437000000000003
1239,0.36125999999999997
1240,0.177
1241,0.01991
1242,0.0
1243,0.0
1244,0.0
1245,0.0
1246,0.0
1247,0.0
1248,0.0
1249,0.0
1250,0.0
1251,0.0
1252,0.0
1253,0.0
1254,0.026199999999999998
1255,0.17387
1256,0.31911
1257,0.42497
1258,0.3638
1259,0.35963999999999996
1260,0.27928
1261,0.53335
1262,0.48697
1263,0.37262
1264,0.17478
1265,0.02624
1266,0.0
1267,0.0
1268,0.0
1269,0.0
1270,0.0
1271,0.0
1272,0.0
1273,0.0
1274,0.0
1275,0.0
1276,0.0
1277,0.0
1278,0.00551
1279,0.06393
1280,0.16243000000000002
1281,0.34103
1282,0.42917
1283,0.36810000000000004
1284,0.44902
1285,0.23101
1286,0.14162
1287,0.1129
1288,0.07684
1289,0.01541
1290,0.0
1291,0.0
1292,0.0
1293,0.0
1294,0.0
1295,0.0
1296,0.0
1297,0.0
1298,0.0
1299,0.0
1300,0.0
1301,0.0
1302,0.032380000000000006
1303,0.15591
1304,0.33701
1305,0.54652
1306,0.64062
1307,0.6974400000000001
1308,0.65796
1309,0.47927
1310,0.34970999999999997
1311,0.24834
1312,0.12941
1313,0.018969999999999997
1314,0.0
1315,0.0
1316,0.0
1317,0.0
1318,0.0
1319,0.0
1320,0.0
1321,0.0
1322,0.0
1323,0.0
1324,0.0
1325,0.0
1326,0.03588
1327,0.24065999999999999
1328,0.44333
1329,0.5562999999999999
1330,0.61295
1331,0.71554
1332,0.61525
1333,0.51273
1334,0.50232
1335,0.37124
1336,0.199
1337,0.02579
1338,0.0
1339,0.0
1340,0.0
1341,0.0
1342,0.0
1343,0.0
1344,0.0
1345,0.0
1346,0.0
1347,0.0
1348,0.0
1349,0.0
1350,0.04513
1351,0.21437
1352,0.41176999999999997
1353,0.59685
1354,0.66269
1355,0.68289
1356,0.69686
1357,0.66625
1358,0.57462
1359,0.39208
1360,0.18039
1361,0.024390000000000002
1362,0.0
1363,0.0
1364,0.0
1365,0.0
1366,0.0
1367,0.0
1368,0.0
1369,0.0
1370,0.0
1371,0.0
1372,0.0
1373,0.0
1374,0.03326
1375,0.17096
1376,0.28868
1377,0.53367
1378,0.6113500000000001
1379,0.70187
1380,0.69945
1381,0.5107200000000001
1382,0.46259
1383,0.31722
1384,0.20391
1385,0.027489999999999997
1386,0.0
1387,0.0
1388,0.0
1389,0.0
1390,0.0
1391,0.0
1392,0.0
1393,0.0
1394,0.0
1395,0.0
1396,0.0
1397,0.0
1398,0.05443
1399,0.26044
1400,0.45519
1401,0.62051
1402,0.7173099999999999
1403,0.7012
1404,0.59305
1405,0.6075900000000001
1406,0.43522000000000005
1407,0.31942000000000004
1408,0.15555000000000002
1409,0.0247
1410,0.0
1411,0.0
1412,0.0
1413,0.0
1414,0.0
1415,0.0
1416,0.0
1417,0.0
1418,0.0
1419,0.0
1420,0.0
1421,0.0
1422,0.02784
1423,0.16063
1424,0.38073
1425,0.39927999999999997
1426,0.54203
1427,0.51904
1428,0.6216499999999999
1429,0.52123
1430,0.4797
1431,0.28498
1432,0.14859999999999998
1433,0.019620000000000002
1434,0.0
1435,0.0
1436,0.0
1437,0.0
1438,0.0
1439,0.0
1440,0.0
1441,0.0
1442,0.0
1443,0.0
1444,0.0
1445,0.0
1446,0.04039
1447,0.22359
1448,0.34968
1449,0.5351699999999999
1450,0.61172
1451,0.77127
1452,0.74711
1453,0.6170399999999999
1454,0.50078
1455,0.37595
1456,0.18763
1457,0.02539
1458,0.0
1459,0.0
1460,0.0
1461,0.0
1462,0.0
1463,0.0
1464,0.0
1465,0.0
1466,0.0
1467,0.0
1468,0.0
1469,0.0
1470,0.04882
1471,0.24884
1472,0.44698000000000004
1473,0.60481
1474,0.71824
1475,0.74537
1476,0.744
1477,0.49195
1478,0.50964
1479,0.38873
1480,0.19307
1481,0.023620000000000002
1482,0.0
1483,0.0
1484,0.0
1485,0.0
1486,0.0
1487,0.0
1488,0.0
1489,0.0
1490,0.0
1491,0.0
1492,0.0
1493,0.0
1494,0.01745
1495,0.12185
1496,0.26768000000000003
1497,0.41751
1498,0.49488
1499,0.49729
1500,0.54586
1501,0.44333
1502,0.37442000000000003
1503,0.36354000000000003
1504,0.17754
1505,0.01959
1506,0.0
1507,0.0
1508,0.0
1509,0.0
1510,0.0
1511,0.0
1512,0.0
1513,0.0
1514,0.0
1515,0.0
1516,0.0
1517,0.0
1518,0.03271
1519,0.13547
1520,0.32625
1521,0.41174
1522,0.61645
1523,0.5947899999999999
1524,0.5671499999999999
1525,0.42854000000000003
1526,0.41508999999999996
1527,0.32164
1528,0.17825
1529,0.02257
1530,0.0
1531,0.0
1532,0.0
1533,0.0
1534,0.0
1535,0.0
1536,0.0
1537,0.0
1538,0.0
1539,0.0
1540,0.0
1541,0.0
1542,0.00495
1543,0.05914
1544,0.12405
1545,0.25799
1546,0.47084
1547,0.53489
1548,0.6548099999999999
1549,0.47949
1550,0.41589
1551,0.31477
1552,0.14812
1553,0.01891
1554,0.0
1555,0.0
1556,0.0
1557,0.0
1558,0.0
1559,0.0
1560,0.0
1561,0.0
1562,0.0
1563,0.0
1564,0.0
1565,0.0
1566,0.03498
1567,0.1416
1568,0.2766
1569,0.38077999999999995
1570,0.40668
1571,0.55801
1572,0.5851000000000001
1573,0.35787
1574,0.37683999999999995
1575,0.3387
1576,0.15988999999999998
1577,0.015380000000000001
1578,0.0
1579,0.0
1580,0.0
1581,0.0
1582,0.0
1583,0.0
1584,0.0
1585,0.0
1586,0.0
1587,0.0
1588,0.0
1589,0.0
1590,0.02993
1591,0.14318999999999998
1592,0.24739
1593,0.42392
1594,0.54051
1595,0.41335
1596,0.46952999999999995
1597,0.3125
1598,0.21749000000000002
1599,0.19848
1600,0.10144
1601,0.01308
1602,0.0
1603,0.0
1604,0.0
1605,0.0
1606,0.0
1607,0.0
1608,0.0
1609,0.0
1610,0.0
1611,0.0
1612,0.0
1613,0.0
1614,0.037219999999999996
1615,0.22253
1616,0.3375
1617,0.51091
1618,0.58729
1619,0.60263
1620,0.66299
1621,0.60393
1622,0.49118
1623,0.34299
1624,0.17013999999999999
1625,0.02053
1626,0.0
1627,0.0
1628,0.0
1629,0.0
1630,0.0
1631,0.0
1632,0.0
1633,0.0
1634,0.0
1635,0.0
1636,0.0
1637,0.0
1638,0.039270000000000006
1639,0.17102
1640,0.21478
1641,0.39343
1642,0.49554000000000004
1643,0.58585
1644,0.56155
1645,0.31626
1646,0.34532999999999997
1647,0.27846
1648,0.15243
1649,0.01701
1650,0.0
1651,0.0
1652,0.0
1653,0.0
1654,0.0
1655,0.0
1656,0.0
1657,0.0
1658,0.0
1659,0.0
1660,0.0
1661,0.0
1662,0.01269
1663,0.03181
1664,0.13505
1665,0.25666
1666,0.34344
1667,0.31591
1668,0.29099
1669,0.46814
1670,0.399
1671,0.3222
1672,0.18137999999999999
1673,0.01844
1674,0.0
1675,0.0
1676,0.0
1677,0.0
1678,0.0
1679,0.0
1680,0.0
1681,0.0
1682,0.0
1683,0.0
1684,0.0
1685,0.0
1686,0.0155
1687,0.10115
1688,0.2696
1689,0.38259
1690,0.46866
1691,0.47202999999999995
1692,0.18306
1693,0.22194999999999998
1694,0.27958
1695,0.19305
1696,0.07085
1697,0.01141
1698,0.0
1699,0.0
1700,0.0
1701,0.0
1702,0.0
1703,0.0
1704,0.0
1705,0.0
1706,0.0
1707,0.0
1708,0.0
1709,0.0
1710,0.028489999999999998
1711,0.15319
1712,0.29648
1713,0.41591
1714,0.56994
1715,0.5847100000000001
1716,0.51273
1717,0.46525
1718,0.42997
1719,0.30423
1720,0.14332
1721,0.019489999999999997
1722,0.0
1723,0.0
1724,0.0
1725,0.0
1726,0.0
1727,0.0
1728,0.0
1729,0.0
1730,0.0
1731,0.0
1732,0.0
1733,0.0
1734,0.048240000000000005
1735,0.21627000000000002
1736,0.40641000000000005
1737,0.47594
1738,0.62182
1739,0.65432
1740,0.69764
1741,0.48113
1742,0.54515
1743,0.35126999999999997
1744,0.17405
1745,0.01433
1746,0.0
1747,0.0
1748,0.0
1749,0.0
1750,0.0
1751,0.0
1752,0.0
1753,0.0
1754,0.0
1755,0.0
1756,0.0
1757,0.0
1758,0.05314
1759,0.26095
1760,0.42084
1761,0.54275
1762,0.6331100000000001
1763,0.71654
1764,0.61078
1765,0.6203500000000001
1766,0.43555
1767,0.37597
1768,0.17416
1769,0.01585
1770,0.0
1771,0.0
1772,0.0
1773,0.0
1774,0.0
1775,0.0
1776,0.0
1777,0.0
1778,0.0
1779,0.0
1780,0.0
1781,0.0
1782,0.04122
1783,0.21962
1784,0.46514
1785,0.56726
1786,0.66752
1787,0.70011
1788,0.74997
1789,0.55113
1790,0.40086
1791,0.23504
1792,0.08651
1793,0.01308
1794,0.0
1795,0.0
1796,0.0
1797,0.0
1798,0.0
1799,0.0
1800,0.0
1801,0.0
1802,0.0
1803,0.0
1804,0.0
1805,0.0
1806,0.037200000000000004
1807,0.18961
1808,0.32193
1809,0.39254
1810,0.62387
1811,0.70772
1812,0.75855
1813,0.53346
1814,0.40956
1815,0.24140999999999999
1816,0.11234999999999999
1817,0.01666
1818,0.0
1819,0.0
1820,0.0
1821,0.0
1822,0.0
1823,0.0
1824,0.0
1825,0.0
1826,0.0
1827,0.0
1828,0.0
1829,0.0
1830,0.0253
1831,0.12514
1832,0.32462
1833,0.45959
1834,0.60461
1835,0.6801200000000001
1836,0.55845
1837,0.45782
1838,0.32777
1839,0.24894
1840,0.13553
1841,0.013
1842,0.0
1843,0.0
1844,0.0
1845,0.0
1846,0.0
1847,0.0
1848,0.0
1849,0.0
1850,0.0
1851,0.0
1852,0.0
1853,0.0
1854,0.01222
1855,0.04947
1856,0.07801999999999999
1857,0.19276
1858,0.28839
1859,0.31949
1860,0.36084
1861,0.46603
1862,0.30539
1863,0.15697999999999998
1864,0.05521
1865,0.0072
1866,0.0
1867,0.0
1868,0.0
1869,0.0
1870,0.0
1871,0.0
1872,0.0
1873,0.0
1874,0.0
1875,0.0
1876,0.0
1877,0.0
1878,0.02207
1879,0.16868
1880,0.15446000000000001
1881,0.26704
1882,0.18264
1883,0.14414
1884,0.15903
1885,0.47192
1886,0.4072
1887,0.30839999999999995
1888,0.16022999999999998
1889,0.01534
1890,0.0
1891,0.0
1892,0.0
1893,0.0
1894,0.0
1895,0.0
1896,0.0
1897,0.0
1898,0.0
1899,0.0
1900,0.0
1901,0.0
1902,0.020649999999999998
1903,0.14292
1904,0.36525
1905,0.45147000000000004
1906,0.50944
1907,0.55371
1908,0.5197
1909,0.47845
1910,0.35364
1911,0.22288999999999998
1912,0.10779999999999999
1913,0.01307
1914,0.0
1915,0.0
1916,0.0
1917,0.0
1918,0.0
1919,0.0
1920,0.0
1921,0.0
1922,0.0
1923,0.0
1924,0.0
1925,0.0
1926,0.01783
1927,0.07125
1928,0.16561
1929,0.16359
1930,0.22836
1931,0.3217
1932,0.31694
1933,0.15087
1934,0.1865
1935,0.18978
1936,0.08195000000000001
1937,0.00848
1938,0.0
1939,0.0
1940,0.0
1941,0.0
1942,0.0
1943,0.0
1944,0.0
1945,0.0
1946,0.0
1947,0.0
1948,0.0
1949,0.0
1950,0.02072
1951,0.06634000000000001
1952,0.10178
1953,0.12572
1954,0.27149
1955,0.52467
1956,0.42261000000000004
1957,0.44227
1958,0.25945999999999997
1959,0.20125
1960,0.10109
1961,0.01016
1962,0.0
1963,0.0
1964,0.0
1965,0.0
1966,0.0
1967,0.0
1968,0.0
1969,0.0
1970,0.0
1971,0.0
1972,0.0
1973,0.0
1974,0.0259
1975,0.15518
1976,0.26765
1977,0.41978
1978,0.56232
1979,0.48394
1980,0.48692
1981,0.25482
1982,0.20391
1983,0.16407
1984,0.09806999999999999
1985,0.0134
1986,0.0
1987,0.0
1988,0.0
1989,0.0
1990,0.0
1991,0.0
1992,0.0
1993,0.0
1994,0.0
1995,0.0
1996,0.0
1997,0.0
1998,0.039450000000000006
1999,0.17001
2000,0.27658
2001,0.38098000000000004
2002,0.31391
2003,0.43084
2004,0.34691000000000005
2005,0.29405000000000003
2006,0.32697000000000004
2007,0.26633
2008,0.0751
2009,0.009630000000000001
2010,0.0
2011,0.0
2012,0.0
2013,0.0
2014,0.0
2015,0.0
2016,0.0
2017,0.0
2018,0.0
2019,0.0
2020,0.0
2021,0.0
2022,0.01992
2023,0.07175
2024,0.20825
2025,0.25697000000000003
2026,0.43032
2027,0.34972000000000003
2028,0.63052
2029,0.37321
2030,0.30401
2031,0.26556
2032,0.11505
2033,0.01174
2034,0.0
2035,0.0
2036,0.0
2037,0.0
2038,0.0
2039,0.0
2040,0.0
2041,0.0
2042,0.0
2043,0.0
2044,0.0
2045,0.0
2046,0.03975
2047,0.15588
2048,0.42278
2049,0.57011
2050,0.60177
2051,0.48127
2052,0.47702999999999995
2053,0.55703
2054,0.37107
2055,0.2761
2056,0.06716
2057,0.00545
2058,0.0
2059,0.0
2060,0.0
2061,0.0
2062,0.0
2063,0.0
2064,0.0
2065,0.0
2066,0.0
2067,0.0
2068,0.0
2069,0.0
2070,0.0451
2071,0.22681
2072,0.40254
2073,0.5197999999999999
2074,0.65206
2075,0.58668
2076,0.5579700000000001
2077,0.52485
2078,0.42155000000000004
2079,0.32592000000000004
2080,0.1391
2081,0.010369999999999999
2082,0.0
2083,0.0
2084,0.0
2085,0.0
2086,0.0
2087,0.0
2088,0.0
2089,0.0
2090,0.0
2091,0.0
2092,0.0
2093,0.0
2094,0.02583
2095,0.10948000000000001
2096,0.17637
2097,0.25841000000000003
2098,0.45979000000000003
2099,0.5168400000000001
2100,0.59646
2101,0.55199
2102,0.47522000000000003
2103,0.3003
2104,0.11859
2105,0.0159
2106,0.0
2107,0.0
2108,0.0
2109,0.0
2110,0.0
2111,0.0
2112,0.0
2113,0.0
2114,0.0
2115,0.0
2116,0.0
2117,0.0
2118,0.06576
2119,0.22783
2120,0.38798
2121,0.51555
2122,0.56268
2123,0.5712
2124,0.54215
2125,0.54948
2126,0.44189
2127,0.31288
2128,0.13957
2129,0.01315
2130,0.0
2131,0.0
2132,0.0
2133,0.0
2134,0.0
2135,0.0
2136,0.0
2137,0.0
2138,0.0
2139,0.0
2140,0.0
2141,0.0
2142,0.06609999999999999
2143,0.25883999999999996
2144,0.45843
2145,0.5955
2146,0.6293500000000001
2147,0.54889
2148,0.36329
2149,0.55087
2150,0.4487
2151,0.26547000000000004
2152,0.10028000000000001
2153,0.011439999999999999
2154,0.0
2155,0.0
2156,0.0
2157,0.0
2158,0.0
2159,0.0
2160,0.0
2161,0.0
2162,0.0
2163,0.0
2164,0.0
2165,0.0
2166,0.061700000000000005
2167,0.21630000000000002
2168,0.35643
2169,0.53179
2170,0.5336799999999999
2171,0.68959
2172,0.62526
2173,0.6274500000000001
2174,0.54364
2175,0.32537
2176,0.14919
2177,0.01573
2178,0.0
2179,0.0
2180,0.0
2181,0.0
2182,0.0
2183,0.0
2184,0.0
2185,0.0
2186,0.0
2187,0.0
2188,0.0
2189,0.0
2190,0.07075
2191,0.27367
2192,0.43698000000000004
2193,0.5707000000000001
2194,0.66301
2195,0.6274
2196,0.6081599999999999
2197,0.586
2198,0.43595999999999996
2199,0.33426
2200,0.15503
2201,0.00936
2202,0.0
2203,0.0
2204,0.0
2205,0.0
2206,0.0
2207,0.0
2208,0.0
2209,0.0
2210,0.0
2211,0.0
2212,0.0
2213,0.0
2214,0.07714
2215,0.29833
2216,0.4762
2217,0.61946
2218,0.70611
2219,0.7496900000000001
2220,0.6944
2221,0.6232300000000001
2222,0.55213
2223,0.35231999999999997
2224,0.17786000000000002
2225,0.0088
2226,0.0
2227,0.0
2228,0.0
2229,0.0
2230,0.0
2231,0.0
2232,0.0
2233,0.0
2234,0.0
2235,0.0
2236,0.0
2237,0.0
2238,0.07875
2239,0.30363999999999997
2240,0.49693
2241,0.64337
2242,0.74151
2243,0.76762
2244,0.74966
2245,0.6942699999999999
2246,0.57153
2247,0.39798
2248,0.18056
2249,0.00908
2250,0.0
2251,0.0
2252,0.0
2253,0.0
2254,0.0
2255,0.0
2256,0.0
2257,0.0
2258,0.0
2259,0.0
2260,0.0
2261,0.0
2262,0.08178
2263,0.30407
2264,0.49439
2265,0.60937
2266,0.71604
2267,0.76075
2268,0.74329
2269,0.6410399999999999
2270,0.52406
2271,0.36688
2272,0.17184
2273,0.01119
2274,0.0
2275,0.0
2276,0.0
2277,0.0
2278,0.0
2279,0.0
2280,0.0
2281,0.0
2282,0.0
2283,0.0
2284,0.0
2285,0.0
2286,0.08009000000000001
2287,0.28676999999999997
2288,0.48595
2289,0.6196
2290,0.7075199999999999
2291,0.75328
2292,0.72821
2293,0.63006
2294,0.51406
2295,0.36757
2296,0.16437000000000002
2297,0.007719999999999999
2298,0.0
2299,0.0
2300,0.0
2301,0.0
2302,0.0
2303,0.0
2304,0.0
2305,0.0
2306,0.0
2307,0.0
2308,0.0
2309,0.0
2310,0.061630000000000004
2311,0.22024000000000002
2312,0.45536
2313,0.58208
2314,0.6853400000000001
2315,0.73973
2316,0.6720700000000001
2317,0.5959800000000001
2318,0.42999
2319,0.28287
2320,0.10704000000000001
2321,0.00611
2322,0.0
2323,0.0
2324,0.0
2325,0.0
2326,0.0
2327,0.0
2328,0.0
2329,0.0
2330,0.0
2331,0.0
2332,0.0
2333,0.0
2334,0.07117
2335,0.26683999999999997
2336,0.40097000000000005
2337,0.5745399999999999
2338,0.5962999999999999
2339,0.62502
2340,0.63366
2341,0.4609
2342,0.39507
2343,0.27932
2344,0.13783
2345,0.01272
2346,0.0
2347,0.0
2348,0.0
2349,0.0
2350,0.0
2351,0.0
2352,0.0
2353,0.0
2354,0.0
2355,0.0
2356,0.0
2357,0.0
2358,0.049
2359,0.16088999999999998
2360,0.28125
2361,0.33572
2362,0.3358
2363,0.34138999999999997
2364,0.37192000000000003
2365,0.38611
2366,0.24164
2367,0.20877
2368,0.06617
2369,0.012029999999999999
2370,0.0
2371,0.0
2372,0.0
2373,0.0
2374,0.0
2375,0.0
2376,0.0
2377,0.0
2378,0.0
2379,0.0
2380,0.0
2381,0.0
2382,0.016149999999999998
2383,0.06365
2384,0.13366
2385,0.26627
2386,0.27014
2387,0.56149
2388,0.53398
2389,0.44072
2390,0.23535
2391,0.24634999999999999
2392,0.10599
2393,0.0022299999999999998
2394,0.0
2395,0.0
2396,0.0
2397,0.0
2398,0.0
2399,0.0
2400,0.0
2401,0.0
2402,0.0
2403,0.0
2404,0.0
2405,0.0
2406,0.028
2407,0.11223999999999999
2408,0.2086
2409,0.24737
2410,0.46436
2411,0.51571
2412,0.5312
2413,0.24505000000000002
2414,0.18758000000000002
2415,0.19541999999999998
2416,0.09486
2417,0.01182
2418,0.0
2419,0.0
2420,0.0
2421,0.0
2422,0.0
2423,0.0
2424,0.0
2425,0.0
2426,0.0
2427,0.0
2428,0.0
2429,0.0
2430,0.01936
2431,0.0678
2432,0.15033000000000002
2433,0.19266999999999998
2434,0.37938
2435,0.29398
2436,0.43607
2437,0.26589999999999997
2438,0.2358
2439,0.12346
2440,0.03922
2441,0.00539
2442,0.0
2443,0.0
2444,0.0
2445,0.0
2446,0.0
2447,0.0
2448,0.0
2449,0.0
2450,0.0
2451,0.0
2452,0.0
2453,0.0
2454,0.024390000000000002
2455,0.07665999999999999
2456,0.24349
2457,0.24367
2458,0.49431
2459,0.64497
2460,0.60168
2461,0.47152999999999995
2462,0.32238
2463,0.28568
2464,0.11266
2465,0.00799
2466,0.0
2467,0.0
2468,0.0
2469,0.0
2470,0.0
2471,0.0
2472,0.0
2473,0.0
2474,0.0
2475,0.0
2476,0.0
2477,0.0
2478,0.01891
2479,0.06561
2480,0.25472
2481,0.22497
2482,0.29829
2483,0.38973
2484,0.44937
2485,0.49695999999999996
2486,0.44433999999999996
2487,0.25166
2488,0.10992
2489,0.016050000000000002
2490,0.0
2491,0.0
2492,0.0
2493,0.0
2494,0.0
2495,0.0
2496,0.0
2497,0.0
2498,0.0
2499,0.0
2500,0.0
2501,0.0
2502,0.02162
2503,0.06839
2504,0.27014
2505,0.40382999999999997
2506,0.43557
2507,0.5551
2508,0.51025
2509,0.42936
2510,0.29787
2511,0.25387
2512,0.11745
2513,0.00871
2514,0.0
2515,0.0
2516,0.0
2517,0.0
2518,0.0
2519,0.0
2520,0.0
2521,0.0
2522,0.0
2523,0.0
2524,0.0
2525,0.0
2526,0.06806999999999999
2527,0.25862999999999997
2528,0.38495
2529,0.56271
2530,0.64195
2531,0.6849400000000001
2532,0.60236
2533,0.11069
2534,0.22444
2535,0.16355
2536,0.09123
2537,0.00658
2538,0.0
2539,0.0
2540,0.0
2541,0.0
2542,0.0
2543,0.0
2544,0.0
2545,0.0
2546,0.0
2547,0.0
2548,0.0
2549,0.0
2550,0.03187
2551,0.11388
2552,0.37916000000000005
2553,0.5449700000000001
2554,0.6072799999999999
2555,0.56489
2556,0.57669
2557,0.5233
2558,0.44113
2559,0.28132
2560,0.11122
2561,0.01192
2562,0.0
2563,0.0
2564,0.0
2565,0.0
2566,0.0
2567,0.0
2568,0.0
2569,0.0
2570,0.0
2571,0.0
2572,0.0
2573,0.0
2574,0.06391
2575,0.21014
2576,0.32738
2577,0.53412
2578,0.55756
2579,0.49910000000000004
2580,0.5529700000000001
2581,0.48501
2582,0.27752
2583,0.21461000000000002
2584,0.08388
2585,0.00774
2586,0.0
2587,0.0
2588,0.0
2589,0.0
2590,0.0
2591,0.0
2592,0.0
2593,0.0
2594,0.0
2595,0.0
2596,0.0
2597,0.0
2598,0.023010000000000003
2599,0.0503
2600,0.13748
2601,0.28767000000000004
2602,0.38683
2603,0.29752999999999996
2604,0.45333999999999997
2605,0.35481
2606,0.30849
2607,0.26766
2608,0.10353
2609,0.007549999999999999
2610,0.0
2611,0.0
2612,0.0
2613,0.0
2614,0.0
2615,0.0
2616,0.0
2617,0.0
2618,0.0
2619,0.0
2620,0.0
2621,0.0
2622,0.07573
2623,0.26548
2624,0.35758999999999996
2625,0.49156
2626,0.56278
2627,0.59356
2628,0.44526
2629,0.53204
2630,0.41143
2631,0.29316000000000003
2632,0.08301
2633,0.01025
2634,0.0
2635,0.0
2636,0.0
2637,0.0
2638,0.0
2639,0.0
2640,0.0
2641,0.0
2642,0.0
2643,0.0
2644,0.0
2645,0.0
2646,0.01251
2647,0.10156
2648,0.12107
2649,0.2221
2650,0.31748000000000004
2651,0.28619
2652,0.3542
2653,0.2592
2654,0.4357
2655,0.23892
2656,0.11163
2657,0.00928
2658,0.0
2659,0.0
2660,0.0
2661,0.0
2662,0.0
2663,0.0
2664,0.0
2665,0.0
2666,0.0
2667,0.0
2668,0.0
2669,0.0
2670,0.07166
2671,0.22371000000000002
2672,0.41516000000000003
2673,0.49662
2674,0.41638
2675,0.42412
2676,0.31706
2677,0.51151
2678,0.41202
2679,0.2782
2680,0.11848
2681,0.0077599999999999995
2682,0.0
2683,0.0
2684,0.0
2685,0.0
2686,0.0
2687,0.0
2688,0.0
2689,0.0
2690,0.0
2691,0.0
2692,0.0
2693,0.0
2694,0.029
2695,0.07374
2696,0.11996
2697,0.34993
2698,0.44818
2699,0.41093
2700,0.42234
2701,0.56744
2702,0.40839
2703,0.23152
2704,0.10614
2705,0.00764
2706,0.0
2707,0.0
2708,0.0
2709,0.0
2710,0.0
2711,0.0
2712,0.0
2713,0.0
2714,0.0
2715,0.0
2716,0.0
2717,0.0
2718,0.05008
2719,0.14665999999999998
2720,0.27425
2721,0.37901
2722,0.57514
2723,0.6055499999999999
2724,0.6285499999999999
2725,0.5850599999999999
2726,0.37771
2727,0.28108999999999995
2728,0.13140000000000002
2729,0.00959
2730,0.0
2731,0.0
2732,0.0
2733,0.0
2734,0.0
2735,0.0
2736,0.0
2737,0.0
2738,0.0
2739,0.0
2740,0.0
2741,0.0
2742,0.059359999999999996
2743,0.17754
2744,0.34032999999999997
2745,0.4556
2746,0.61583
2747,0.6187699999999999
2748,0.54627
2749,0.5238200000000001
2750,0.43298000000000003
2751,0.24681999999999998
2752,0.1147
2753,0.00726
2754,0.0
2755,0.0
2756,0.0
2757,0.0
2758,0.0
2759,0.0
2760,0.0
2761,0.0
2762,0.0
2763,0.0
2764,0.0
2765,0.0
2766,0.06908
2767,0.22449000000000002
2768,0.39246
2769,0.51902
2770,0.6205
2771,0.68265
2772,0.61321
2773,0.5889
2774,0.47862
2775,0.28954
2776,0.13824
2777,0.011630000000000001
2778,0.0
2779,0.0
2780,0.0
2781,0.0
2782,0.0
2783,0.0
2784,0.0
2785,0.0
2786,0.0
2787,0.0
2788,0.0
2789,0.0
2790,0.08806
2791,0.2898
2792,0.46248
2793,0.5766
2794,0.6442
2795,0.64488
2796,0.61999
2797,0.56008
2798,0.34725
2799,0.24296
2800,0.08431
2801,0.01114
2802,0.0
2803,0.0
2804,0.0
2805,0.0
2806,0.0
2807,0.0
2808,0.0
2809,0.0
2810,0.0
2811,0.0
2812,0.0
2813,0.0
2814,0.07422
2815,0.26994999999999997
2816,0.42724
2817,0.48463
2818,0.40982
2819,0.47908
2820,0.40955
2821,0.36575
2822,0.35102999999999995
2823,0.26932999999999996
2824,0.07551000000000001
2825,0.0067599999999999995
2826,0.0
2827,0.0
2828,0.0
2829,0.0
2830,0.0
2831,0.0
2832,0.0
2833,0.0
2834,0.0
2835,0.0
2836,0.0
2837,0.0
2838,0.08188
2839,0.2711
2840,0.40974
2841,0.47426
2842,0.6517999999999999
2843,0.65551
2844,0.5916
2845,0.49883
2846,0.43244
2847,0.25932
2848,0.11671
2849,0.0069500000000000004
2850,0.0
2851,0.0
2852,0.0
2853,0.0
2854,0.0
2855,0.0
2856,0.0
2857,0.0
2858,0.0
2859,0.0
2860,0.0
2861,0.0
2862,0.014369999999999999
2863,0.03226
2864,0.09881999999999999
2865,0.13284
2866,0.22541
2867,0.20399
2868,0.39248
2869,0.16666
2870,0.16511
2871,0.15627000000000002
2872,0.09629
2873,0.0072699999999999996
2874,0.0
2875,0.0
2876,0.0
2877,0.0
2878,0.0
2879,0.0
2880,0.0
2881,0.0
2882,0.0
2883,0.0
2884,0.0
2885,0.0
2886,0.03767
2887,0.1191
2888,0.10897
2889,0.21709
2890,0.3386
2891,0.49695
2892,0.62309
2893,0.3378
2894,0.39858
2895,0.23077
2896,0.10285
2897,0.01177
2898,0.0
2899,0.0
2900,0.0
2901,0.0
2902,0.0
2903,0.0
2904,0.0
2905,0.0
2906,0.0
2907,0.0
2908,0.0
2909,0.0
2910,0.04311
2911,0.10568000000000001
2912,0.17206
2913,0.19394999999999998
2914,0.33743
2915,0.51324
2916,0.31186
2917,0.41927
2918,0.37447
2919,0.22997
2920,0.10269
2921,0.01246
2922,0.0
2923,0.0
2924,0.0
2925,0.0
2926,0.0
2927,0.0
2928,0.0
2929,0.0
2930,0.0
2931,0.0
2932,0.0
2933,0.0
2934,0.023030000000000002
2935,0.07327
2936,0.07943
2937,0.24783000000000002
2938,0.23344
2939,0.25245
2940,0.25532
2941,0.23914
2942,0.17787999999999998
2943,0.17493
2944,0.0877
2945,0.00767
2946,0.0
2947,0.0
2948,0.0
2949,0.0
2950,0.0
2951,0.0
2952,0.0
2953,0.0
2954,0.0
2955,0.0
2956,0.0
2957,0.0
2958,0.05761
2959,0.17546
2960,0.2732
2961,0.46624
2962,0.61446
2963,0.66643
2964,0.59469
2965,0.5507000000000001
2966,0.44362
2967,0.22268000000000002
2968,0.12038
2969,0.00801
2970,0.0
2971,0.0
2972,0.0
2973,0.0
2974,0.0
2975,0.0
2976,0.0
2977,0.0
2978,0.0
2979,0.0
2980,0.0
2981,0.0
2982,0.060770000000000005
2983,0.20915
2984,0.32022
2985,0.38429
2986,0.33906000000000003
2987,0.40408999999999995
2988,0.41593
2989,0.54463
2990,0.34248
2991,0.23805
2992,0.09386
2993,0.0042699999999999995
2994,0.0
2995,0.0
2996,0.0
2997,0.0
2998,0.0
2999,0.0
3000,0.0
3001,0.0
3002,0.0
3003,0.0
3004,0.0
3005,0.0
3006,0.03842
3007,0.16797
3008,0.29856
3009,0.38442000000000004
3010,0.49024
3011,0.49827
3012,0.36805
3013,0.40656
3014,0.32483999999999996
3015,0.18045
3016,0.08952
3017,0.00834
3018,0.0
3019,0.0
3020,0.0
3021,0.0
3022,0.0
3023,0.0
3024,0.0
3025,0.0
3026,0.0
3027,0.0
3028,0.0
3029,0.0
3030,0.04321
3031,0.112
3032,0.22724
3033,0.19887
3034,0.16602
3035,0.33988
3036,0.29599000000000003
3037,0.31869
3038,0.20228
3039,0.15805000000000002
3040,0.09584000000000001
3041,0.01199
3042,0.0
3043,0.0
3044,0.0
3045,0.0
3046,0.0
3047,0.0
3048,0.0
3049,0.0
3050,0.0
3051,0.0
3052,0.0
3053,0.0
3054,0.05998
3055,0.15015
3056,0.21030000000000001
3057,0.20303
3058,0.36529
3059,0.28654
3060,0.25262
3061,0.51102
3062,0.36881
3063,0.21242
3064,0.07851000000000001
3065,0.00218
3066,0.0
3067,0.0
3068,0.0
3069,0.0
3070,0.0
3071,0.0
3072,0.0
3073,0.0
3074,0.0
3075,0.0
3076,0.0
3077,0.0
3078,0.039689999999999996
3079,0.13069
3080,0.294
3081,0.38139999999999996
3082,0.34592
3083,0.44011
3084,0.53488
3085,0.41425
3086,0.28102999999999995
3087,0.14589
3088,0.059770000000000004
3089,0.00297
3090,0.0
3091,0.0
3092,0.0
3093,0.0
3094,0.0
3095,0.0
3096,0.0
3097,0.0
3098,0.0
3099,0.0
3100,0.0
3101,0.0
3102,0.04854
3103,0.1896
3104,0.25756999999999997
3105,0.33429000000000003
3106,0.40481
3107,0.35562
3108,0.32204
3109,0.32483
3110,0.12629
3111,0.06362
3112,0.04418
3113,0.0045899999999999995
3114,0.0
3115,0.0
3116,0.0
3117,0.0
3118,0.0
3119,0.0
3120,0.0
3121,0.0
3122,0.0
3123,0.0
3124,0.0
3125,0.0
3126,0.062130000000000005
3127,0.16243000000000002
3128,0.29599000000000003
3129,0.41174
3130,0.49869
3131,0.4973
3132,0.4599
3133,0.35958999999999997
3134,0.30685
3135,0.1709
3136,0.09164
3137,0.00611
3138,0.0
3139,0.0
3140,0.0
3141,0.0
3142,0.0
3143,0.0
3144,0.0
3145,0.0
3146,0.0
3147,0.0
3148,0.0
3149,0.0
3150,0.05532
3151,0.19478
3152,0.35408999999999996
3153,0.42102
3154,0.41326
3155,0.37873
3156,0.36742
3157,0.40674
3158,0.29164
3159,0.19090000000000001
3160,0.09781999999999999
3161,0.01035
3162,0.0
3163,0.0
3164,0.0
3165,0.0
3166,0.0
3167,0.0
3168,0.0
3169,0.0
3170,0.0
3171,0.0
3172,0.0
3173,0.0
3174,0.054439999999999995
3175,0.20699
3176,0.39904
3177,0.47885
3178,0.47082999999999997
3179,0.52219
3180,0.38538
3181,0.49798000000000003
3182,0.33763
3183,0.25588
3184,0.09305
3185,0.009689999999999999
3186,0.0
3187,0.0
3188,0.0
3189,0.0
3190,0.0
3191,0.0
3192,0.0
3193,0.0
3194,0.0
3195,0.0
3196,0.0
3197,0.0
3198,0.07540999999999999
3199,0.23718999999999998
3200,0.33363
3201,0.47587999999999997
3202,0.53911
3203,0.59989
3204,0.45864
3205,0.5133
3206,0.3821
3207,0.20969
3208,0.09012
3209,0.00824
3210,0.0
3211,0.0
3212,0.0
3213,0.0
3214,0.0
3215,0.0
3216,0.0
3217,0.0
3218,0.0
3219,0.0
3220,0.0
3221,0.0
3222,0.04661
3223,0.15756
3224,0.3077
3225,0.14577
3226,0.19501
3227,0.37875
3228,0.20533
3229,0.27827999999999997
3230,0.22265000000000001
3231,0.17783000000000002
3232,0.11577
3233,0.00992
3234,0.0
3235,0.0
3236,0.0
3237,0.0
3238,0.0
3239,0.0
3240,0.0
3241,0.0
3242,0.0
3243,0.0
3244,0.0
3245,0.0
3246,0.04514
3247,0.1885
3248,0.14436000000000002
3249,0.25061
3250,0.35631999999999997
3251,0.45023
3252,0.5169600000000001
3253,0.52875
3254,0.34587
3255,0.24108000000000002
3256,0.07833
3257,0.00817
3258,0.0
3259,0.0
3260,0.0
3261,0.0
3262,0.0
3263,0.0
3264,0.0
3265,0.0
3266,0.0
3267,0.0
3268,0.0
3269,0.0
3270,0.039420000000000004
3271,0.16077000000000002
3272,0.17462
3273,0.36199000000000003
3274,0.51795
3275,0.46541000000000005
3276,0.33157
3277,0.36633
3278,0.31632
3279,0.2447
3280,0.09856999999999999
3281,0.00977
3282,0.0
3283,0.0
3284,0.0
3285,0.0
3286,0.0
3287,0.0
3288,0.0
3289,0.0
3290,0.0
3291,0.0
3292,0.0
3293,0.0
3294,0.07687999999999999
3295,0.21559
3296,0.36285
3297,0.57323
3298,0.64251
3299,0.66595
3300,0.6538099999999999
3301,0.56255
3302,0.46031
3303,0.31237
3304,0.10997
3305,0.005849999999999999
3306,0.0
3307,0.0
3308,0.0
3309,0.0
3310,0.0
3311,0.0
3312,0.0
3313,0.0
3314,0.0
3315,0.0
3316,0.0
3317,0.0
3318,0.07275
3319,0.2375
3320,0.4147
3321,0.49227
3322,0.60933
3323,0.5492400000000001
3324,0.60878
3325,0.5390199999999999
3326,0.45635000000000003
3327,0.28945
3328,0.11477
3329,0.00694
3330,0.0
3331,0.0
3332,0.0
3333,0.0
3334,0.0
3335,0.0
3336,0.0
3337,0.0
3338,0.0
3339,0.0
3340,0.0
3341,0.0
3342,0.04025
3343,0.1767
3344,0.27403
3345,0.35033
3346,0.42507
3347,0.50224
3348,0.59537
3349,0.53937
3350,0.37741
3351,0.21202000000000001
3352,0.06405
3353,0.013349999999999999
3354,0.0
3355,0.0
3356,0.0
3357,0.0
3358,0.0
3359,0.0
3360,0.0
3361,0.0
3362,0.0
3363,0.0
3364,0.0
3365,0.0
3366,0.07737000000000001
3367,0.24991999999999998
3368,0.38877
3369,0.5348200000000001
3370,0.5498099999999999
3371,0.59354
3372,0.51537
3373,0.5625399999999999
3374,0.47746
3375,0.26688999999999996
3376,0.12185
3377,0.00625
3378,0.0
3379,0.0
3380,0.0
3381,0.0
3382,0.0
3383,0.0
3384,0.0
3385,0.0
3386,0.0
3387,0.0
3388,0.0
3389,0.0
3390,0.040299999999999996
3391,0.09528
3392,0.14328
3393,0.24271
3394,0.27501
3395,0.30536
3396,0.33255
3397,0.31348000000000004
3398,0.23522
3399,0.29793000000000003
3400,0.12126
3401,0.00985
3402,0.0
3403,0.0
3404,0.0
3405,0.0
3406,0.0
3407,0.0
3408,0.0
3409,0.0
3410,0.0
3411,0.0
3412,0.0
3413,0.0
3414,0.07156
3415,0.23174
3416,0.34563
3417,0.53877
3418,0.5314800000000001
3419,0.56874
3420,0.48478
3421,0.5195599999999999
3422,0.38502
3423,0.24628999999999998
3424,0.06548999999999999
3425,0.00942
3426,0.0
3427,0.0
3428,0.0
3429,0.0
3430,0.0
3431,0.0
3432,0.0
3433,0.0
3434,0.0
3435,0.0
3436,0.0
3437,0.0
3438,0.061
3439,0.14512
3440,0.16566999999999998
3441,0.17328
3442,0.07705
3443,0.30907999999999997
3444,0.20632
3445,0.1761
3446,0.12328
3447,0.11924
3448,0.05166
3449,0.0077800000000000005
3450,0.0
3451,0.0
3452,0.0
3453,0.0
3454,0.0
3455,0.0
3456,0.0
3457,0.0
3458,0.0
3459,0.0
3460,0.0
3461,0.0
3462,0.05915
3463,0.21061000000000002
3464,0.36419
3465,0.40006
3466,0.49161
3467,0.53969
3468,0.54923
3469,0.5185599999999999
3470,0.40125
3471,0.25662
3472,0.10141
3473,0.00561
3474,0.0
3475,0.0
3476,0.0
3477,0.0
3478,0.0
3479,0.0
3480,0.0
3481,0.0
3482,0.0
3483,0.0
3484,0.0
3485,0.0
3486,0.06019
3487,0.20789
3488,0.38977
3489,0.52244
3490,0.55404
3491,0.5522400000000001
3492,0.5397799999999999
3493,0.51602
3494,0.41908
3495,0.24700999999999998
3496,0.08544
3497,0.00818
3498,0.0
3499,0.0
3500,0.0
3501,0.0
3502,0.0
3503,0.0
3504,0.0
3505,0.0
3506,0.0
3507,0.0
3508,0.0
3509,0.0
3510,0.06678
3511,0.17025
3512,0.37882
3513,0.46532999999999997
3514,0.5516599999999999
3515,0.50802
3516,0.38571
3517,0.51447
3518,0.43463999999999997
3519,0.26365
3520,0.11939
3521,0.012320000000000001
3522,0.0
3523,0.0
3524,0.0
3525,0.0
3526,0.0
3527,0.0
3528,0.0
3529,0.0
3530,0.0
3531,0.0
3532,0.0
3533,0.0
3534,0.02684
3535,0.17429
3536,0.2509
3537,0.37263999999999997
3538,0.51924
3539,0.53947
3540,0.534
3541,0.5199199999999999
3542,0.37957
3543,0.25917
3544,0.10664
3545,0.01077
3546,0.0
3547,0.0
3548,0.0
3549,0.0
3550,0.0
3551,0.0
3552,0.0
3553,0.0
3554,0.0
3555,0.0
3556,0.0
3557,0.0
3558,0.05073
3559,0.20677
3560,0.32874000000000003
3561,0.51942
3562,0.53425
3563,0.52512
3564,0.52844
3565,0.48992
3566,0.42063
3567,0.25508000000000003
3568,0.09676
3569,0.01056
3570,0.0
3571,0.0
3572,0.0
3573,0.0
3574,0.0
3575,0.0
3576,0.0
3577,0.0
3578,0.0
3579,0.0
3580,0.0
3581,0.0
3582,0.03049
3583,0.19093000000000002
3584,0.32008
3585,0.41684
3586,0.30854000000000004
3587,0.37927
3588,0.31427999999999995
3589,0.49651
3590,0.38398000000000004
3591,0.28476999999999997
3592,0.11109000000000001
3593,0.00696
3594,0.0
3595,0.0
3596,0.0
3597,0.0
3598,0.0
3599,0.0
3600,0.0
3601,0.0
3602,0.0
3603,0.0
3604,0.0
3605,0.0
3606,0.0202
3607,0.040530000000000004
3608,0.07015
3609,0.12434999999999999
3610,0.26550999999999997
3611,0.38012999999999997
3612,0.5626
3613,0.47336
3614,0.43263
3615,0.27838
3616,0.10778
3617,0.0126
3618,0.0
3619,0.0
3620,0.0
3621,0.0
3622,0.0
3623,0.0
3624,0.0
3625,0.0
3626,0.0
3627,0.0
3628,0.0
3629,0.0
3630,0.0493
3631,0.21509999999999999
3632,0.30034
3633,0.48797
3634,0.52085
3635,0.56643
3636,0.55144
3637,0.33058
3638,0.35014999999999996
3639,0.20589
3640,0.07731
3641,0.005809999999999999
3642,0.0
3643,0.0
3644,0.0
3645,0.0
3646,0.0
3647,0.0
3648,0.0
3649,0.0
3650,0.0
3651,0.0
3652,0.0
3653,0.0
3654,0.0634
3655,0.23987999999999998
3656,0.32786000000000004
3657,0.47655000000000003
3658,0.41598
3659,0.48825
3660,0.40575
3661,0.5374500000000001
3662,0.33532999999999996
3663,0.25671
3664,0.105
3665,0.00754
3666,0.0
3667,0.0
3668,0.0
3669,0.0
3670,0.0
3671,0.0
3672,0.0
3673,0.0
3674,0.0
3675,0.0
3676,0.0
3677,0.0
3678,0.07014
3679,0.20521999999999999
3680,0.34585000000000005
3681,0.46325
3682,0.5294500000000001
3683,0.61607
3684,0.46392
3685,0.49409
3686,0.38767
3687,0.22078
3688,0.06321
3689,0.00684
3690,0.0
3691,0.0
3692,0.0
3693,0.0
3694,0.0
3695,0.0
3696,0.0
3697,0.0
3698,0.0
3699,0.0
3700,0.0
3701,0.0
3702,0.054130000000000005
3703,0.22362
3704,0.2793
3705,0.35929
3706,0.32277
3707,0.33073
3708,0.27288999999999997
3709,0.31224
3710,0.18666
3711,0.174
3712,0.08927
3713,0.00728
3714,0.0
3715,0.0
3716,0.0
3717,0.0
3718,0.0
3719,0.0
3720,0.0
3721,0.0
3722,0.0
3723,0.0
3724,0.0
3725,0.0
3726,0.044590000000000005
3727,0.18172
3728,0.27758
3729,0.33393
3730,0.38151999999999997
3731,0.49772000000000005
3732,0.47134
3733,0.5187999999999999
3734,0.44107999999999997
3735,0.25809
3736,0.0855
3737,0.01285
3738,0.0
3739,0.0
3740,0.0
3741,0.0
3742,0.0
3743,0.0
3744,0.0
3745,0.0
3746,0.0
3747,0.0
3748,0.0
3749,0.0
3750,0.053
3751,0.23569
3752,0.33626999999999996
3753,0.42448
3754,0.50717
3755,0.5131699999999999
3756,0.55152
3757,0.42801
3758,0.30762
3759,0.2955
3760,0.11454
3761,0.009349999999999999
3762,0.0
3763,0.0
3764,0.0
3765,0.0
3766,0.0
3767,0.0
3768,0.0
3769,0.0
3770,0.0
3771,0.0
3772,0.0
3773,0.0
3774,0.0052699999999999995
3775,0.02655
3776,0.07422
3777,0.07078
3778,0.11822
3779,0.1114
3780,0.2064
3781,0.37687
3782,0.27703
3783,0.20992
3784,0.07253
3785,0.00621
3786,0.0
3787,0.0
3788,0.0
3789,0.0
3790,0.0
3791,0.0
3792,0.0
3793,0.0
3794,0.0
3795,0.0
3796,0.0
3797,0.0
3798,0.0074199999999999995
3799,0.02343
3800,0.05497
3801,0.10219
3802,0.09462999999999999
3803,0.18614
3804,0.2764
3805,0.28887999999999997
3806,0.12577
3807,0.12922999999999998
3808,0.08034000000000001
3809,0.01323
3810,0.0
3811,0.0
3812,0.0
3813,0.0
3814,0.0
3815,0.0
3816,0.0
3817,0.0
3818,0.0
3819,0.0
3820,0.0
3821,0.0
3822,0.056530000000000004
3823,0.20793
3824,0.38231
3825,0.48175999999999997
3826,0.54961
3827,0.64076
3828,0.59897
3829,0.5179400000000001
3830,0.40506
3831,0.21017
3832,0.09397
3833,0.01104
3834,0.0
3835,0.0
3836,0.0
3837,0.0
3838,0.0
3839,0.0
3840,0.0
3841,0.0
3842,0.0
3843,0.0
3844,0.0
3845,0.0
3846,0.06329
3847,0.21627000000000002
3848,0.35245
3849,0.48369
3850,0.51862
3851,0.5446799999999999
3852,0.5167999999999999
3853,0.42474
3854,0.35519
3855,0.2788
3856,0.08893000000000001
3857,0.00801
3858,0.0
3859,0.0
3860,0.0
3861,0.0
3862,0.0
3863,0.0
3864,0.0
3865,0.0
3866,0.0
3867,0.0
3868,0.0
3869,0.0
3870,0.04027
3871,0.0912
3872,0.17931999999999998
3873,0.27807
3874,0.32298000000000004
3875,0.39959
3876,0.42631
3877,0.36792
3878,0.27704
3879,0.20307
3880,0.09026
3881,0.01079
3882,0.0
3883,0.0
3884,0.0
3885,0.0
3886,0.0
3887,0.0
3888,0.0
3889,0.0
3890,0.0
3891,0.0
3892,0.0
3893,0.0
3894,0.024239999999999998
3895,0.07113
3896,0.19296000000000002
3897,0.19799
3898,0.23404
3899,0.30660000000000004
3900,0.33258
3901,0.2819
3902,0.31382
3903,0.2011
3904,0.08491
3905,0.01485
3906,0.0
3907,0.0
3908,0.0
3909,0.0
3910,0.0
3911,0.0
3912,0.0
3913,0.0
3914,0.0
3915,0.0
3916,0.0
3917,0.0
3918,0.00722
3919,0.02558
3920,0.05687
3921,0.07023
3922,0.25115
3923,0.17774
3924,0.24658000000000002
3925,0.26394
3926,0.20311
3927,0.16973
3928,0.08938
3929,0.01058
3930,0.0
3931,0.0
3932,0.0
3933,0.0
3934,0.0
3935,0.0
3936,0.0
3937,0.0
3938,0.0
3939,0.0
3940,0.0
3941,0.0
3942,0.02299
3943,0.08638
3944,0.19996
3945,0.12990000000000002
3946,0.23901
3947,0.29860000000000003
3948,0.31606
3949,0.53903
3950,0.37267
3951,0.24652000000000002
3952,0.10237
3953,0.01265
3954,0.0
3955,0.0
3956,0.0
3957,0.0
3958,0.0
3959,0.0
3960,0.0
3961,0.0
3962,0.0
3963,0.0
3964,0.0
3965,0.0
3966,0.01188
3967,0.07004
3968,0.12137
3969,0.16412000000000002
3970,0.23929
3971,0.50783
3972,0.53038
3973,0.3406
3974,0.39882
3975,0.29606
3976,0.11804
3977,0.01602
3978,0.0
3979,0.0
3980,0.0
3981,0.0
3982,0.0
3983,0.0
3984,0.0
3985,0.0
3986,0.0
3987,0.0
3988,0.0
3989,0.0
3990,0.053590000000000006
3991,0.20078000000000001
3992,0.3349
3993,0.37318
3994,0.51069
3995,0.52796
3996,0.5782999999999999
3997,0.45777999999999996
3998,0.37760000000000005
3999,0.23466
4000,0.08270999999999999
4001,0.01014
4002,0.0
4003,0.0
4004,0.0
4005,0.0
4006,0.0
4007,0.0
4008,0.0
4009,0.0
4010,0.0
4011,0.0
4012,0.0
4013,0.0
4014,0.019350000000000003
4015,0.09154999999999999
4016,0.15763999999999997
4017,0.26109
4018,0.31783
4019,0.30448000000000003
4020,0.51783
4021,0.38921
4022,0.36324
4023,0.26842
4024,0.10104
4025,0.010289999999999999
4026,0.0
4027,0.0
4028,0.0
4029,0.0
4030,0.0
4031,0.0
4032,0.0
4033,0.0
4034,0.0
4035,0.0
4036,0.0
4037,0.0
4038,0.019
4039,0.05718
4040,0.09312999999999999
4041,0.20383
4042,0.18137999999999999
4043,0.17607
4044,0.2915
4045,0.3568
4046,0.29227
4047,0.16313
4048,0.08759
4049,0.01566
4050,0.0
4051,0.0
4052,0.0
4053,0.0
4054,0.0
4055,0.0
4056,0.0
4057,0.0
4058,0.0
4059,0.0
4060,0.0
4061,0.0
4062,0.028
4063,0.05353
4064,0.15844999999999998
4065,0.17924
4066,0.26755
4067,0.33748
4068,0.26468
4069,0.45596
4070,0.36234
4071,0.21744
4072,0.12007
4073,0.015269999999999999
4074,0.0
4075,0.0
4076,0.0
4077,0.0
4078,0.0
4079,0.0
4080,0.0
4081,0.0
4082,0.0
4083,0.0
4084,0.0
4085,0.0
4086,0.03189
4087,0.06085
4088,0.12148
4089,0.15331
4090,0.18
4091,0.39155
4092,0.57921
4093,0.52695
4094,0.32767
4095,0.19183
4096,0.08725
4097,0.00831
4098,0.0
4099,0.0
4100,0.0
4101,0.0
4102,0.0
4103,0.0
4104,0.0
4105,0.0
4106,0.0
4107,0.0
4108,0.0
4109,0.0
4110,0.03678
4111,0.17961000000000002
4112,0.27924
4113,0.43729
4114,0.48446
4115,0.49813999999999997
4116,0.5702
4117,0.52628
4118,0.42241
4119,0.24687
4120,0.11202
4121,0.00833
4122,0.0
4123,0.0
4124,0.0
4125,0.0
4126,0.0
4127,0.0
4128,0.0
4129,0.0
4130,0.0
4131,0.0
4132,0.0
4133,0.0
4134,0.061880000000000004
4135,0.2013
4136,0.35895
4137,0.48495
4138,0.56635
4139,0.58188
4140,0.53197
4141,0.39688
4142,0.334
4143,0.26647000000000004
4144,0.09819
4145,0.00729
4146,0.0
4147,0.0
4148,0.0
4149,0.0
4150,0.0
4151,0.0
4152,0.0
4153,0.0
4154,0.0
4155,0.0
4156,0.0
4157,0.0
4158,0.0192
4159,0.13792
4160,0.25522
4161,0.30760000000000004
4162,0.22938
4163,0.40704
4164,0.36171
4165,0.5046700000000001
4166,0.314
4167,0.26548
4168,0.12089
4169,0.00372
4170,0.0
4171,0.0
4172,0.0
4173,0.0
4174,0.0
4175,0.0
4176,0.0
4177,0.0
4178,0.0
4179,0.0
4180,0.0
4181,0.0
4182,0.02752
4183,0.07834999999999999
4184,0.16326
4185,0.23757
4186,0.33000999999999997
4187,0.42014
4188,0.32315
4189,0.34998
4190,0.33054
4191,0.25688
4192,0.127
4193,0.00728
4194,0.0
4195,0.0
4196,0.0
4197,0.0
4198,0.0
4199,0.0
4200,0.0
4201,0.0
4202,0.0
4203,0.0
4204,0.0
4205,0.0
4206,0.05201
4207,0.18289
4208,0.34126
4209,0.44622
4210,0.50307
4211,0.59603
4212,0.5564
4213,0.45564
4214,0.34452
4215,0.27505
4216,0.11761
4217,0.01102
4218,0.0
4219,0.0
4220,0.0
4221,0.0
4222,0.0
4223,0.0
4224,0.0
4225,0.0
4226,0.0
4227,0.0
4228,0.0
4229,0.0
4230,0.01992
4231,0.1248
4232,0.22325
4233,0.16699
4234,0.33441000000000004
4235,0.34568
4236,0.27573000000000003
4237,0.36621
4238,0.39729000000000003
4239,0.29551
4240,0.11793000000000001
4241,0.01125
4242,0.0
4243,0.0
4244,0.0
4245,0.0
4246,0.0
4247,0.0
4248,0.0
4249,0.0
4250,0.0
4251,0.0
4252,0.0
4253,0.0
4254,0.05901
4255,0.22476
4256,0.39435000000000003
4257,0.51237
4258,0.57994
4259,0.6103
4260,0.57745
4261,0.55236
4262,0.37994
4263,0.3158
4264,0.11039
4265,0.00739
4266,0.0
4267,0.0
4268,0.0
4269,0.0
4270,0.0
4271,0.0
4272,0.0
4273,0.0
4274,0.0
4275,0.0
4276,0.0
4277,0.0
4278,0.03322
4279,0.12131
4280,0.33035000000000003
4281,0.50357
4282,0.57388
4283,0.58235
4284,0.5732200000000001
4285,0.48844
4286,0.40966
4287,0.24828
4288,0.12668000000000001
4289,0.00902
4290,0.0
4291,0.0
4292,0.0
4293,0.0
4294,0.0
4295,0.0
4296,0.0
4297,0.0
4298,0.0
4299,0.0
4300,0.0
4301,0.0
4302,0.025589999999999998
4303,0.13279
4304,0.1946
4305,0.17495
4306,0.29404
4307,0.35081
4308,0.30402999999999997
4309,0.33288999999999996
4310,0.34417000000000003
4311,0.19613
4312,0.08511
4313,0.00424
4314,0.0
4315,0.0
4316,0.0
4317,0.0
4318,0.0
4319,0.0
4320,0.0
4321,0.0
4322,0.0
4323,0.0
4324,0.0
4325,0.0
4326,0.03774
4327,0.12429000000000001
4328,0.24334999999999998
4329,0.39966
4330,0.5015
4331,0.46181
4332,0.38764
4333,0.45183
4334,0.28629000000000004
4335,0.27382999999999996
4336,0.09916
4337,0.008960000000000001
4338,0.0
4339,0.0
4340,0.0
4341,0.0
4342,0.0
4343,0.0
4344,0.0
4345,0.0
4346,0.0
4347,0.0
4348,0.0
4349,0.0
4350,0.02895
4351,0.12257
4352,0.32156999999999997
4353,0.47189
4354,0.47119
4355,0.46536
4356,0.46505
4357,0.25452
4358,0.32888
4359,0.26936
4360,0.12972999999999998
4361,0.01107
4362,0.0
4363,0.0
4364,0.0
4365,0.0
4366,0.0
4367,0.0
4368,0.0
4369,0.0
4370,0.0
4371,0.0
4372,0.0
4373,0.0
4374,0.02252
4375,0.08106000000000001
4376,0.1785
4377,0.34214999999999995
4378,0.355
4379,0.32755
4380,0.44062
4381,0.40624
4382,0.16418000000000002
4383,0.1098
4384,0.061880000000000004
4385,0.0107
4386,0.0
4387,0.0
4388,0.0
4389,0.0
4390,0.0
4391,0.0
4392,0.0
4393,0.0
4394,0.0
4395,0.0
4396,0.0
4397,0.0
4398,0.01456
4399,0.10342
4400,0.20076
4401,0.23737
4402,0.18428999999999998
4403,0.33929000000000004
4404,0.47216
4405,0.3861
4406,0.44517
4407,0.25027
4408,0.12741
4409,0.0132
4410,0.0
4411,0.0
4412,0.0
4413,0.0
4414,0.0
4415,0.0
4416,0.0
4417,0.0
4418,0.0
4419,0.0
4420,0.0
4421,0.0
4422,0.05575
4423,0.22347999999999998
4424,0.37107
4425,0.46016
4426,0.59636
4427,0.63283
4428,0.51004
4429,0.5387799999999999
4430,0.41822000000000004
4431,0.2934
4432,0.11654
4433,0.007
4434,0.0
4435,0.0
4436,0.0
4437,0.0
4438,0.0
4439,0.0
4440,0.0
4441,0.0
4442,0.0
4443,0.0
4444,0.0
4445,0.0
4446,0.05195
4447,0.23119
4448,0.38183999999999996
4449,0.47361000000000003
4450,0.5639
4451,0.52176
4452,0.54667
4453,0.36060000000000003
4454,0.37591
4455,0.24541
4456,0.10328
4457,0.012119999999999999
4458,0.0
4459,0.0
4460,0.0
4461,0.0
4462,0.0
4463,0.0
4464,0.0
4465,0.0
4466,0.0
4467,0.0
4468,0.0
4469,0.0
4470,0.039909999999999994
4471,0.17451
4472,0.24789
4473,0.44351
4474,0.47508
4475,0.58901
4476,0.57753
4477,0.51874
4478,0.37892000000000003
4479,0.27997000000000005
4480,0.13508
4481,0.02268
4482,0.0
4483,0.0
4484,0.0
4485,0.0
4486,0.0
4487,0.0
4488,0.0
4489,0.0
4490,0.0
4491,0.0
4492,0.0
4493,0.0
4494,0.05303
4495,0.22857
4496,0.36398
4497,0.47885
4498,0.5209900000000001
4499,0.55116
4500,0.58987
4501,0.24178
4502,0.32815
4503,0.2535
4504,0.11131999999999999
4505,0.01447
4506,0.0
4507,0.0
4508,0.0
4509,0.0
4510,0.0
4511,0.0
4512,0.0
4513,0.0
4514,0.0
4515,0.0
4516,0.0
4517,0.0
4518,0.03399
4519,0.12687
4520,0.19349
4521,0.30901999999999996
4522,0.40041000000000004
4523,0.37276
4524,0.45123
4525,0.33487
4526,0.34964999999999996
4527,0.18853999999999999
4528,0.09739
4529,0.0087
4530,0.0
4531,0.0
4532,0.0
4533,0.0
4534,0.0
4535,0.0
4536,0.0
4537,0.0
4538,0.0
4539,0.0
4540,0.0
4541,0.0
4542,0.045020000000000004
4543,0.18913
4544,0.31856
4545,0.32391000000000003
4546,0.34168
4547,0.37549
4548,0.47520999999999997
4549,0.20525
4550,0.18287
4551,0.15367
4552,0.0601
4553,0.0029100000000000003
4554,0.0
4555,0.0
4556,0.0
4557,0.0
4558,0.0
4559,0.0
4560,0.0
4561,0.0
4562,0.0
4563,0.0
4564,0.0
4565,0.0
4566,0.0025800000000000003
4567,0.03623
4568,0.08641
4569,0.09058
4570,0.11006999999999999
4571,0.1666
4572,0.17517
4573,0.30105
4574,0.23074
4575,0.10709
4576,0.06777
4577,0.01227
4578,0.0
4579,0.0
4580,0.0
4581,0.0
4582,0.0
4583,0.0
4584,0.0
4585,0.0
4586,0.0
4587,0.0
4588,0.0
4589,0.0
4590,0.01737
4591,0.06225
4592,0.08703
4593,0.08402
4594,0.19871
4595,0.12437999999999999
4596,0.053149999999999996
4597,0.10873999999999999
4598,0.14780000000000001
4599,0.07268000000000001
4600,0.020989999999999998
4601,0.00149
4602,0.0
4603,0.0
4604,0.0
4605,0.0
4606,0.0
4607,0.0
4608,0.0
4609,0.0
4610,0.0
4611,0.0
4612,0.0
4613,0.0
4614,0.02029
4615,0.10309
4616,0.1586
4617,0.17222
4618,0.25429
4619,0.24152
4620,0.12897
4621,0.1782
4622,0.07507
4623,0.03228
4624,0.02097
4625,0.00304
4626,0.0
4627,0.0
4628,0.0
4629,0.0
4630,0.0
4631,0.0
4632,0.0
4633,0.0
4634,0.0
4635,0.0
4636,0.0
4637,0.0
4638,0.02991
4639,0.13487000000000002
4640,0.33386
4641,0.49551
4642,0.5847100000000001
4643,0.57904
4644,0.5794199999999999
4645,0.49661
4646,0.42201
4647,0.30006
4648,0.14097
4649,0.01011
4650,0.0
4651,0.0
4652,0.0
4653,0.0
4654,0.0
4655,0.0
4656,0.0
4657,0.0
4658,0.0
4659,0.0
4660,0.0
4661,0.0
4662,0.039060000000000004
4663,0.19791
4664,0.29485
4665,0.36543000000000003
4666,0.47514
4667,0.49491
4668,0.4427
4669,0.41151
4670,0.45447000000000004
4671,0.296
4672,0.14842
4673,0.0106
4674,0.0
4675,0.0
4676,0.0
4677,0.0
4678,0.0
4679,0.0
4680,0.0
4681,0.0
4682,0.0
4683,0.0
4684,0.0
4685,0.0
4686,0.04539
4687,0.19413999999999998
4688,0.36995
4689,0.45453
4690,0.49119999999999997
4691,0.55179
4692,0.55563
4693,0.43836
4694,0.3182
4695,0.27852
4696,0.07776000000000001
4697,0.01064
4698,0.0
4699,0.0
4700,0.0
4701,0.0
4702,0.0
4703,0.0
4704,0.0
4705,0.0
4706,0.0
4707,0.0
4708,0.0
4709,0.0
4710,0.04167
4711,0.18619
4712,0.35042
4713,0.48845
4714,0.5862999999999999
4715,0.57759
4716,0.4952
4717,0.36606
4718,0.31732
4719,0.2516
4720,0.1014
4721,0.01202
4722,0.0
4723,0.0
4724,0.0
4725,0.0
4726,0.0
4727,0.0
4728,0.0
4729,0.0
4730,0.0
4731,0.0
4732,0.0
4733,0.0
4734,0.03604
4735,0.13818
4736,0.18524000000000002
4737,0.13185
4738,0.35702
4739,0.41942
4740,0.45512
4741,0.25709
4742,0.17563
4743,0.12158
4744,0.09286
4745,0.02343
4746,0.0
4747,0.0
4748,0.0
4749,0.0
4750,0.0
4751,0.0
4752,0.0
4753,0.0
4754,0.0
4755,0.0
4756,0.0
4757,0.0
4758,0.041659999999999996
4759,0.15563
4760,0.31441
4761,0.31219
4762,0.43321
4763,0.30535
4764,0.2716
4765,0.39942
4766,0.24287
4767,0.060270000000000004
4768,0.00994
4769,0.0010400000000000001
4770,0.0
4771,0.0
4772,0.0
4773,0.0
4774,0.0
4775,0.0
4776,0.0
4777,0.0
4778,0.0
4779,0.0
4780,0.0
4781,0.0
4782,0.01507
4783,0.09286
4784,0.28101
4785,0.45442
4786,0.49019
4787,0.47256
4788,0.58308
4789,0.17168
4790,0.11698
4791,0.08504
4792,0.09476000000000001
4793,0.010320000000000001
4794,0.0
4795,0.0
4796,0.0
4797,0.0
4798,0.0
4799,0.0
4800,0.0
4801,0.0
4802,0.0
4803,0.0
4804,0.0
4805,0.0
4806,0.03799
4807,0.2048
4808,0.36271
4809,0.32352
4810,0.38467
4811,0.4265
4812,0.46919
4813,0.41955000000000003
4814,0.33576999999999996
4815,0.27256
4816,0.10611
4817,0.00878
4818,0.0
4819,0.0
4820,0.0
4821,0.0
4822,0.0
4823,0.0
4824,0.0
4825,0.0
4826,0.0
4827,0.0
4828,0.0
4829,0.0
4830,0.030100000000000002
4831,0.10424
4832,0.13249
4833,0.31385
4834,0.5163099999999999
4835,0.61753
4836,0.56126
4837,0.20808000000000001
4838,0.21388
4839,0.19422
4840,0.08183
4841,0.009380000000000001
4842,0.0
4843,0.0
4844,0.0
4845,0.0
4846,0.0
4847,0.0
4848,0.0
4849,0.0
4850,0.0
4851,0.0
4852,0.0
4853,0.0
4854,0.01479
4855,0.06955
4856,0.14642
4857,0.40836
4858,0.40875
4859,0.61821
4860,0.5392
4861,0.37387
4862,0.20713
4863,0.15441
4864,0.043590000000000004
4865,0.00364
4866,0.0
4867,0.0
4868,0.0
4869,0.0
4870,0.0
4871,0.0
4872,0.0
4873,0.0
4874,0.0
4875,0.0
4876,0.0
4877,0.0
4878,0.02249
4879,0.1108
4880,0.22056
4881,0.38932
4882,0.41558999999999996
4883,0.4664
4884,0.57845
4885,0.17145
4886,0.29019
4887,0.18947999999999998
4888,0.10862999999999999
4889,0.01643
4890,0.0
4891,0.0
4892,0.0
4893,0.0
4894,0.0
4895,0.0
4896,0.0
4897,0.0
4898,0.0
4899,0.0
4900,0.0
4901,0.0
4902,0.0429
4903,0.17395
4904,0.363
4905,0.47822000000000003
4906,0.41417000000000004
4907,0.4294
4908,0.41275
4909,0.10396999999999999
4910,0.09104999999999999
4911,0.08732
4912,0.05654
4913,0.00491
4914,0.0
4915,0.0
4916,0.0
4917,0.0
4918,0.0
4919,0.0
4920,0.0
4921,0.0
4922,0.0
4923,0.0
4924,0.0
4925,0.0
4926,0.03074
4927,0.13019
4928,0.25488
4929,0.24442
4930,0.26142000000000004
4931,0.20557
4932,0.24374
4933,0.11486
4934,0.19749
4935,0.12883
4936,0.07513
4937,0.01298
4938,0.0
4939,0.0
4940,0.0
4941,0.0
4942,0.0
4943,0.0
4944,0.0
4945,0.0
4946,0.0
4947,0.0
4948,0.0
4949,0.0
4950,0.04069
4951,0.19596
4952,0.22946
4953,0.34881
4954,0.44559
4955,0.39406
4956,0.27982999999999997
4957,0.22122999999999998
4958,0.15571000000000002
4959,0.17649
4960,0.07426
4961,0.00855
4962,0.0
4963,0.0
4964,0.0
4965,0.0
4966,0.0
4967,0.0
4968,0.0
4969,0.0
4970,0.0
4971,0.0
4972,0.0
4973,0.0
4974,0.03229
4975,0.08020999999999999
4976,0.25601
4977,0.37281
4978,0.26067
4979,0.38639999999999997
4980,0.35358
4981,0.19784000000000002
4982,0.13752
4983,0.10468000000000001
4984,0.03511
4985,0.0040999999999999995
4986,0.0
4987,0.0
4988,0.0
4989,0.0
4990,0.0
4991,0.0
4992,0.0
4993,0.0
4994,0.0
4995,0.0
4996,0.0
4997,0.0
4998,0.02844
4999,0.12909
5000,0.25551
5001,0.39115
5002,0.342
5003,0.37677999999999995
5004,0.42157
5005,0.32054000000000005
5006,0.3366
5007,0.18259
5008,0.1185
5009,0.01141
5010,0.0
5011,0.0
5012,0.0
5013,0.0
5014,0.0
5015,0.0
5016,0.0
5017,0.0
5018,0.0
5019,0.0
5020,0.0
5021,0.0
5022,0.01661
5023,0.0499
5024,0.09144
5025,0.14977000000000001
5026,0.18419
5027,0.17796
5028,0.23618
5029,0.20356
5030,0.2052
5031,0.12459999999999999
5032,0.06645999999999999
5033,0.00818
5034,0.0
5035,0.0
5036,0.0
5037,0.0
5038,0.0
5039,0.0
5040,0.0
5041,0.0
5042,0.0
5043,0.0
5044,0.0
5045,0.0
5046,0.025929999999999998
5047,0.10187
5048,0.27609
5049,0.37664
5050,0.32405
5051,0.35354
5052,0.29716000000000004
5053,0.16244999999999998
5054,0.1221
5055,0.09035
5056,0.04968
5057,0.0060999999999999995
5058,0.0
5059,0.0
5060,0.0
5061,0.0
5062,0.0
5063,0.0
5064,0.0
5065,0.0
5066,0.0
5067,0.0
5068,0.0
5069,0.0
5070,0.00889
5071,0.057890000000000004
5072,0.11546
5073,0.13318000000000002
5074,0.18934
5075,0.21463
5076,0.33676999999999996
5077,0.07654000000000001
5078,0.09018999999999999
5079,0.08472
5080,0.07168000000000001
5081,0.01073
5082,0.0
5083,0.0
5084,0.0
5085,0.0
5086,0.0
5087,0.0
5088,0.0
5089,0.0
5090,0.0
5091,0.0
5092,0.0
5093,0.0
5094,0.03683
5095,0.15535
5096,0.22304
5097,0.28747
5098,0.30692
5099,0.52542
5100,0.64463
5101,0.58009
5102,0.48712
5103,0.33701
5104,0.15613999999999997
5105,0.01093
5106,0.0
5107,0.0
5108,0.0
5109,0.0
5110,0.0
5111,0.0
5112,0.0
5113,0.0
5114,0.0
5115,0.0
5116,0.0
5117,0.0
5118,0.05264
5119,0.24477000000000002
5120,0.39646
5121,0.5365599999999999
5122,0.62439
5123,0.65624
5124,0.66073
5125,0.5983200000000001
5126,0.49245
5127,0.33944
5128,0.15958
5129,0.01242
5130,0.0
5131,0.0
5132,0.0
5133,0.0
5134,0.0
5135,0.0
5136,0.0
5137,0.0
5138,0.0
5139,0.0
5140,0.0
5141,0.0
5142,0.04922
5143,0.20867
5144,0.36982
5145,0.4781
5146,0.45235000000000003
5147,0.5364800000000001
5148,0.55924
5149,0.57939
5150,0.48104
5151,0.30886
5152,0.1472
5153,0.01351
5154,0.0
5155,0.0
5156,0.0
5157,0.0
5158,0.0
5159,0.0
5160,0.0
5161,0.0
5162,0.0
5163,0.0
5164,0.0
5165,0.0
5166,0.01119
5167,0.0741
5168,0.23528
5169,0.34952999999999995
5170,0.32139999999999996
5171,0.41624
5172,0.49307
5173,0.40455
5174,0.38494
5175,0.30166000000000004
5176,0.13781000000000002
5177,0.01752
5178,0.0
5179,0.0
5180,0.0
5181,0.0
5182,0.0
5183,0.0
5184,0.0
5185,0.0
5186,0.0
5187,0.0
5188,0.0
5189,0.0
5190,0.05114
5191,0.17790999999999998
5192,0.29835
5193,0.35989
5194,0.40455
5195,0.5812200000000001
5196,0.63161
5197,0.37829
5198,0.23196
5199,0.24299
5200,0.15435
5201,0.02281
5202,0.0
5203,0.0
5204,0.0
5205,0.0
5206,0.0
5207,0.0
5208,0.0
5209,0.0
5210,0.0
5211,0.0
5212,0.0
5213,0.0
5214,0.053130000000000004
5215,0.236
5216,0.37854000000000004
5217,0.51866
5218,0.59333
5219,0.6043099999999999
5220,0.59521
5221,0.58974
5222,0.47764
5223,0.31533999999999995
5224,0.15572999999999998
5225,0.0116
5226,0.0
5227,0.0
5228,0.0
5229,0.0
5230,0.0
5231,0.0
5232,0.0
5233,0.0
5234,0.0
5235,0.0
5236,0.0
5237,0.0
5238,0.01764
5239,0.12123
5240,0.21887
5241,0.32755
5242,0.47967000000000004
5243,0.5932200000000001
5244,0.6326499999999999
5245,0.31985
5246,0.25194
5247,0.20747
5248,0.14927
5249,0.008
5250,0.0
5251,0.0
5252,0.0
5253,0.0
5254,0.0
5255,0.0
5256,0.0
5257,0.0
5258,0.0
5259,0.0
5260,0.0
5261,0.0
5262,0.05221
5263,0.21824000000000002
5264,0.40879000000000004
5265,0.5316000000000001
5266,0.6355299999999999
5267,0.64691
5268,0.65455
5269,0.53499
5270,0.43505
5271,0.32045999999999997
5272,0.14859999999999998
5273,0.01291
5274,0.0
5275,0.0
5276,0.0
5277,0.0
5278,0.0
5279,0.0
5280,0.0
5281,0.0
5282,0.0
5283,0.0
5284,0.0
5285,0.0
5286,0.04155
5287,0.17767
5288,0.26053
5289,0.47963
5290,0.56398
5291,0.65844
5292,0.6288400000000001
5293,0.57912
5294,0.46872
5295,0.32912
5296,0.14686000000000002
5297,0.01384
5298,0.0
5299,0.0
5300,0.0
5301,0.0
5302,0.0
5303,0.0
5304,0.0
5305,0.0
5306,0.0
5307,0.0
5308,0.0
5309,0.0
5310,0.05337
5311,0.22399000000000002
5312,0.4167
5313,0.5395599999999999
5314,0.63382
5315,0.63251
5316,0.63777
5317,0.39529000000000003
5318,0.4128
5319,0.28576999999999997
5320,0.12364
5321,0.01188
5322,0.0
5323,0.0
5324,0.0
5325,0.0
5326,0.0
5327,0.0
5328,0.0
5329,0.0
5330,0.0
5331,0.0
5332,0.0
5333,0.0
5334,0.03616
5335,0.17419
5336,0.31701
5337,0.5180800000000001
5338,0.59748
5339,0.6583600000000001
5340,0.50847
5341,0.5926
5342,0.38719
5343,0.28729000000000005
5344,0.14248
5345,0.01064
5346,0.0
5347,0.0
5348,0.0
5349,0.0
5350,0.0
5351,0.0
5352,0.0
5353,0.0
5354,0.0
5355,0.0
5356,0.0
5357,0.0
5358,0.05757
5359,0.23274
5360,0.42942
5361,0.55153
5362,0.65439
5363,0.66818
5364,0.54189
5365,0.52459
5366,0.41108
5367,0.28301
5368,0.1129
5369,0.01701
5370,0.0
5371,0.0
5372,0.0
5373,0.0
5374,0.0
5375,0.0
5376,0.0
5377,0.0
5378,0.0
5379,0.0
5380,0.0
5381,0.0
5382,0.04466
5383,0.16771
5384,0.34113
5385,0.41528
5386,0.50647
5387,0.5709299999999999
5388,0.4788
5389,0.5923200000000001
5390,0.49069999999999997
5391,0.30113
5392,0.14456
5393,0.009970000000000001
5394,0.0
5395,0.0
5396,0.0
5397,0.0
5398,0.0
5399,0.0
5400,0.0
5401,0.0
5402,0.0
5403,0.0
5404,0.0
5405,0.0
5406,0.062479999999999994
5407,0.25472
5408,0.43971
5409,0.55762
5410,0.62263
5411,0.63285
5412,0.64947
5413,0.57974
5414,0.4358
5415,0.31731
5416,0.12507
5417,0.008919999999999999
5418,0.0
5419,0.0
5420,0.0
5421,0.0
5422,0.0
5423,0.0
5424,0.0
5425,0.0
5426,0.0
5427,0.0
5428,0.0
5429,0.0
5430,0.04242
5431,0.21878999999999998
5432,0.33493
5433,0.44091
5434,0.36655
5435,0.50341
5436,0.55367
5437,0.47944
5438,0.37141
5439,0.17956
5440,0.08667
5441,0.011710000000000002
5442,0.0
5443,0.0
5444,0.0
5445,0.0
5446,0.0
5447,0.0
5448,0.0
5449,0.0
5450,0.0
5451,0.0
5452,0.0
5453,0.0
5454,0.05814
5455,0.23127
5456,0.41337999999999997
5457,0.50858
5458,0.63234
5459,0.62864
5460,0.5549400000000001
5461,0.5353300000000001
5462,0.21384
5463,0.17542
5464,0.07186
5465,0.0111
5466,0.0
5467,0.0
5468,0.0
5469,0.0
5470,0.0
5471,0.0
5472,0.0
5473,0.0
5474,0.0
5475,0.0
5476,0.0
5477,0.0
5478,0.05264
5479,0.21824000000000002
5480,0.30052999999999996
5481,0.44182
5482,0.46985000000000005
5483,0.6415299999999999
5484,0.62481
5485,0.47701
5486,0.35819999999999996
5487,0.26399
5488,0.12593000000000001
5489,0.011349999999999999
5490,0.0
5491,0.0
5492,0.0
5493,0.0
5494,0.0
5495,0.0
5496,0.0
5497,0.0
5498,0.0
5499,0.0
5500,0.0
5501,0.0
5502,0.03138
5503,0.15095
5504,0.27751
5505,0.4845
5506,0.6203
5507,0.64512
5508,0.5679
5509,0.5384
5510,0.37745999999999996
5511,0.25112
5512,0.1052
5513,0.00762
5514,0.0
5515,0.0
5516,0.0
5517,0.0
5518,0.0
5519,0.0
5520,0.0
5521,0.0
5522,0.0
5523,0.0
5524,0.0
5525,0.0
5526,0.055020000000000006
5527,0.23743999999999998
5528,0.39426
5529,0.47225
5530,0.53542
5531,0.471
5532,0.6243200000000001
5533,0.33291000000000004
5534,0.23102
5535,0.19656
5536,0.09698999999999999
5537,0.01722
5538,0.0
5539,0.0
5540,0.0
5541,0.0
5542,0.0
5543,0.0
5544,0.0
5545,0.0
5546,0.0
5547,0.0
5548,0.0
5549,0.0
5550,0.03095
5551,0.07884999999999999
5552,0.21061000000000002
5553,0.30756
5554,0.5169900000000001
5555,0.5646599999999999
5556,0.5146499999999999
5557,0.5548200000000001
5558,0.44839
5559,0.28264
5560,0.09704
5561,0.012410000000000001
5562,0.0
5563,0.0
5564,0.0
5565,0.0
5566,0.0
5567,0.0
5568,0.0
5569,0.0
5570,0.0
5571,0.0
5572,0.0
5573,0.0
5574,0.06118
5575,0.25327
5576,0.39829000000000003
5577,0.47422000000000003
5578,0.59919
5579,0.6654800000000001
5580,0.66113
5581,0.60352
5582,0.46519
5583,0.27327999999999997
5584,0.14653
5585,0.009800000000000001
5586,0.0
5587,0.0
5588,0.0
5589,0.0
5590,0.0
5591,0.0
5592,0.0
5593,0.0
5594,0.0
5595,0.0
5596,0.0
5597,0.0
5598,0.05724
5599,0.20679
5600,0.32127
5601,0.34992
5602,0.51166
5603,0.5588099999999999
5604,0.55111
5605,0.50628
5606,0.46946
5607,0.29313
5608,0.13015000000000002
5609,0.01056
5610,0.0
5611,0.0
5612,0.0
5613,0.0
5614,0.0
5615,0.0
5616,0.0
5617,0.0
5618,0.0
5619,0.0
5620,0.0
5621,0.0
5622,0.06904
5623,0.25817
5624,0.41173000000000004
5625,0.5546
5626,0.63912
5627,0.66155
5628,0.5836699999999999
5629,0.61958
5630,0.5013
5631,0.30716000000000004
5632,0.15086000000000002
5633,0.010199999999999999
5634,0.0
5635,0.0
5636,0.0
5637,0.0
5638,0.0
5639,0.0
5640,0.0
5641,0.0
5642,0.0
5643,0.0
5644,0.0
5645,0.0
5646,0.04489
5647,0.17824
5648,0.37339
5649,0.54046
5650,0.5732999999999999
5651,0.6854199999999999
5652,0.60777
5653,0.6069500000000001
5654,0.40546
5655,0.27998
5656,0.13121000000000002
5657,0.0057599999999999995
5658,0.0
5659,0.0
5660,0.0
5661,0.0
5662,0.0
5663,0.0
5664,0.0
5665,0.0
5666,0.0
5667,0.0
5668,0.0
5669,0.0
5670,0.06678
5671,0.23890999999999998
5672,0.41558
5673,0.5712
5674,0.64704
5675,0.63059
5676,0.6412100000000001
5677,0.576
5678,0.43118
5679,0.27806000000000003
5680,0.101
5681,0.00895
5682,0.0
5683,0.0
5684,0.0
5685,0.0
5686,0.0
5687,0.0
5688,0.0
5689,0.0
5690,0.0
5691,0.0
5692,0.0
5693,0.0
5694,0.07182
5695,0.27159
5696,0.43577999999999995
5697,0.58345
5698,0.6623600000000001
5699,0.69387
5700,0.6591
5701,0.6134299999999999
5702,0.44654000000000005
5703,0.29239
5704,0.12498999999999999
5705,0.01018
5706,0.0
5707,0.0
5708,0.0
5709,0.0
5710,0.0
5711,0.0
5712,0.0
5713,0.0
5714,0.0
5715,0.0
5716,0.0
5717,0.0
5718,0.03773
5719,0.12609
5720,0.31812
5721,0.41977
5722,0.44361
5723,0.5170800000000001
5724,0.64574
5725,0.5196799999999999
5726,0.38602
5727,0.24356
5728,0.08228
5729,0.00985
5730,0.0
5731,0.0
5732,0.0
5733,0.0
5734,0.0
5735,0.0
5736,0.0
5737,0.0
5738,0.0
5739,0.0
5740,0.0
5741,0.0
5742,0.04975
5743,0.21863999999999997
5744,0.36317
5745,0.52139
5746,0.64899
5747,0.57916
5748,0.5787
5749,0.6140399999999999
5750,0.48157
5751,0.33143
5752,0.13662
5753,0.006849999999999999
5754,0.0
5755,0.0
5756,0.0
5757,0.0
5758,0.0
5759,0.0
5760,0.0
5761,0.0
5762,0.0
5763,0.0
5764,0.0
5765,0.0
5766,0.04899
5767,0.19826
5768,0.37468
5769,0.41644
5770,0.51678
5771,0.63783
5772,0.62775
5773,0.52318
5774,0.30997
5775,0.258
5776,0.0565
5777,0.0103
5778,0.0
5779,0.0
5780,0.0
5781,0.0
5782,0.0
5783,0.0
5784,0.0
5785,0.0
5786,0.0
5787,0.0
5788,0.0
5789,0.0
5790,0.06759
5791,0.24764
5792,0.36845999999999995
5793,0.46784
5794,0.5692999999999999
5795,0.6592
5796,0.66987
5797,0.59502
5798,0.45241000000000003
5799,0.3102
5800,0.139
5801,0.00822
5802,0.0
5803,0.0
5804,0.0
5805,0.0
5806,0.0
5807,0.0
5808,0.0
5809,0.0
5810,0.0
5811,0.0
5812,0.0
5813,0.0
5814,0.07402
5815,0.2839
5816,0.44075
5817,0.57887
5818,0.67018
5819,0.6984400000000001
5820,0.67657
5821,0.59387
5822,0.47983
5823,0.34975
5824,0.13153
5825,0.00763
5826,0.0
5827,0.0
5828,0.0
5829,0.0
5830,0.0
5831,0.0
5832,0.0
5833,0.0
5834,0.0
5835,0.0
5836,0.0
5837,0.0
5838,0.08326
5839,0.28924
5840,0.46363
5841,0.5677300000000001
5842,0.67872
5843,0.70485
5844,0.6874199999999999
5845,0.61087
5846,0.49456
5847,0.32425
5848,0.14465
5849,0.00677
5850,0.0
5851,0.0
5852,0.0
5853,0.0
5854,0.0
5855,0.0
5856,0.0
5857,0.0
5858,0.0
5859,0.0
5860,0.0
5861,0.0
5862,0.07016
5863,0.18403
5864,0.4067
5865,0.54657
5866,0.63158
5867,0.67538
5868,0.63837
5869,0.48525
5870,0.50995
5871,0.34102
5872,0.14740999999999999
5873,0.00835
5874,0.0
5875,0.0
5876,0.0
5877,0.0
5878,0.0
5879,0.0
5880,0.0
5881,0.0
5882,0.0
5883,0.0
5884,0.0
5885,0.0
5886,0.0471
5887,0.2627
5888,0.3507
5889,0.48308999999999996
5890,0.50901
5891,0.70499
5892,0.6370399999999999
5893,0.29775
5894,0.48719
5895,0.35543
5896,0.15369
5897,0.01081
5898,0.0
5899,0.0
5900,0.0
5901,0.0
5902,0.0
5903,0.0
5904,0.0
5905,0.0
5906,0.0
5907,0.0
5908,0.0
5909,0.0
5910,0.06653
5911,0.2731
5912,0.39583999999999997
5913,0.59641
5914,0.6557000000000001
5915,0.72357
5916,0.69245
5917,0.5930599999999999
5918,0.50591
5919,0.34875
5920,0.13965
5921,0.00745
5922,0.0
5923,0.0
5924,0.0
5925,0.0
5926,0.0
5927,0.0
5928,0.0
5929,0.0
5930,0.0
5931,0.0
5932,0.0
5933,0.0
5934,0.07443000000000001
5935,0.29211000000000004
5936,0.46919
5937,0.60245
5938,0.68292
5939,0.69708
5940,0.69332
5941,0.5578200000000001
5942,0.49626
5943,0.33847000000000005
5944,0.15164
5945,0.00658
5946,0.0
5947,0.0
5948,0.0
5949,0.0
5950,0.0
5951,0.0
5952,0.0
5953,0.0
5954,0.0
5955,0.0
5956,0.0
5957,0.0
5958,0.08528
5959,0.28864
5960,0.47616
5961,0.60402
5962,0.6884
5963,0.6997599999999999
5964,0.7149500000000001
5965,0.63198
5966,0.44723
5967,0.24975
5968,0.11084999999999999
5969,0.00601
5970,0.0
5971,0.0
5972,0.0
5973,0.0
5974,0.0
5975,0.0
5976,0.0
5977,0.0
5978,0.0
5979,0.0
5980,0.0
5981,0.0
5982,0.07397
5983,0.28602
5984,0.47234
5985,0.5841900000000001
5986,0.63286
5987,0.71417
5988,0.66364
5989,0.60648
5990,0.46304
5991,0.27509
5992,0.11203
5993,0.00664
5994,0.0
5995,0.0
5996,0.0
5997,0.0
5998,0.0
5999,0.0
6000,0.0
6001,0.0
6002,0.0
6003,0.0
6004,0.0
6005,0.0
6006,0.015390000000000001
6007,0.06514
6008,0.1384
6009,0.17022
6010,0.17164
6011,0.35358999999999996
6012,0.45391000000000004
6013,0.42444
6014,0.38329
6015,0.22738999999999998
6016,0.10518000000000001
6017,0.01007
6018,0.0
6019,0.0
6020,0.0
6021,0.0
6022,0.0
6023,0.0
6024,0.0
6025,0.0
6026,0.0
6027,0.0
6028,0.0
6029,0.0
6030,0.02911
6031,0.14847
6032,0.41856
6033,0.56304
6034,0.57297
6035,0.56024
6036,0.5150800000000001
6037,0.50138
6038,0.34455
6039,0.26463
6040,0.11087000000000001
6041,0.01126
6042,0.0
6043,0.0
6044,0.0
6045,0.0
6046,0.0
6047,0.0
6048,0.0
6049,0.0
6050,0.0
6051,0.0
6052,0.0
6053,0.0
6054,0.06601
6055,0.21894999999999998
6056,0.36622000000000005
6057,0.43868
6058,0.52975
6059,0.47405
6060,0.5130399999999999
6061,0.55428
6062,0.44342000000000004
6063,0.21774000000000002
6064,0.13513999999999998
6065,0.01205
6066,0.0
6067,0.0
6068,0.0
6069,0.0
6070,0.0
6071,0.0
6072,0.0
6073,0.0
6074,0.0
6075,0.0
6076,0.0
6077,0.0
6078,0.07423
6079,0.24778999999999998
6080,0.42532
6081,0.58384
6082,0.61629
6083,0.61513
6084,0.6719400000000001
6085,0.58717
6086,0.48289
6087,0.30494
6088,0.13096000000000002
6089,0.00633
6090,0.0
6091,0.0
6092,0.0
6093,0.0
6094,0.0
6095,0.0
6096,0.0
6097,0.0
6098,0.0
6099,0.0
6100,0.0
6101,0.0
6102,0.06788
6103,0.27562000000000003
6104,0.40258999999999995
6105,0.40306000000000003
6106,0.48729
6107,0.5278099999999999
6108,0.47702
6109,0.54314
6110,0.42077
6111,0.22512000000000001
6112,0.09572
6113,0.00779
6114,0.0
6115,0.0
6116,0.0
6117,0.0
6118,0.0
6119,0.0
6120,0.0
6121,0.0
6122,0.0
6123,0.0
6124,0.0
6125,0.0
6126,0.05168
6127,0.24506999999999998
6128,0.42662
6129,0.61052
6130,0.6901
6131,0.7243200000000001
6132,0.66608
6133,0.5576
6134,0.42663
6135,0.27522
6136,0.11069
6137,0.009210000000000001
6138,0.0
6139,0.0
6140,0.0
6141,0.0
6142,0.0
6143,0.0
6144,0.0
6145,0.0
6146,0.0
6147,0.0
6148,0.0
6149,0.0
6150,0.08571
6151,0.28570999999999996
6152,0.47007
6153,0.6071599999999999
6154,0.68855
6155,0.70456
6156,0.66864
6157,0.48346
6158,0.37194
6159,0.21744999999999998
6160,0.08709
6161,0.00609
6162,0.0
6163,0.0
6164,0.0
6165,0.0
6166,0.0
6167,0.0
6168,0.0
6169,0.0
6170,0.0
6171,0.0
6172,0.0
6173,0.0
6174,0.04607
6175,0.17324
6176,0.39331
6177,0.5288099999999999
6178,0.65784
6179,0.48301
6180,0.5592699999999999
6181,0.58054
6182,0.48782
6183,0.31989
6184,0.09834999999999999
6185,0.00428
6186,0.0
6187,0.0
6188,0.0
6189,0.0
6190,0.0
6191,0.0
6192,0.0
6193,0.0
6194,0.0
6195,0.0
6196,0.0
6197,0.0
6198,0.06506
6199,0.19171000000000002
6200,0.39603
6201,0.5250900000000001
6202,0.5536599999999999
6203,0.6176
6204,0.60733
6205,0.55559
6206,0.48514999999999997
6207,0.21769999999999998
6208,0.0975
6209,0.0076100000000000004
6210,0.0
6211,0.0
6212,0.0
6213,0.0
6214,0.0
6215,0.0
6216,0.0
6217,0.0
6218,0.0
6219,0.0
6220,0.0
6221,0.0
6222,0.07062
6223,0.2385
6224,0.34153
6225,0.37286
6226,0.49474
6227,0.44339999999999996
6228,0.48482
6229,0.60956
6230,0.51391
6231,0.3245
6232,0.13507
6233,0.00513
6234,0.0
6235,0.0
6236,0.0
6237,0.0
6238,0.0
6239,0.0
6240,0.0
6241,0.0
6242,0.0
6243,0.0
6244,0.0
6245,0.0
6246,0.08567
6247,0.2917
6248,0.48902999999999996
6249,0.60281
6250,0.6504
6251,0.6795599999999999
6252,0.7185
6253,0.6230800000000001
6254,0.45271
6255,0.30845
6256,0.10726999999999999
6257,0.0035499999999999998
6258,0.0
6259,0.0
6260,0.0
6261,0.0
6262,0.0
6263,0.0
6264,0.0
6265,0.0
6266,0.0
6267,0.0
6268,0.0
6269,0.0
6270,0.09986
6271,0.31407999999999997
6272,0.47256
6273,0.58863
6274,0.7086699999999999
6275,0.7228300000000001
6276,0.7001000000000001
6277,0.46782
6278,0.42987000000000003
6279,0.28843
6280,0.12504
6281,0.00492
6282,0.0
6283,0.0
6284,0.0
6285,0.0
6286,0.0
6287,0.0
6288,0.0
6289,0.0
6290,0.0
6291,0.0
6292,0.0
6293,0.0
6294,0.07278
6295,0.23553
6296,0.39475
6297,0.5436
6298,0.58331
6299,0.64977
6300,0.50384
6301,0.46656
6302,0.33957
6303,0.23915
6304,0.10711
6305,0.00321
6306,0.0
6307,0.0
6308,0.0
6309,0.0
6310,0.0
6311,0.0
6312,0.0
6313,0.0
6314,0.0
6315,0.0
6316,0.0
6317,0.0
6318,0.05656
6319,0.16366999999999998
6320,0.27620999999999996
6321,0.47764
6322,0.57475
6323,0.61864
6324,0.39638
6325,0.5522999999999999
6326,0.44664
6327,0.31089
6328,0.12162
6329,0.00478
6330,0.0
6331,0.0
6332,0.0
6333,0.0
6334,0.0
6335,0.0
6336,0.0
6337,0.0
6338,0.0
6339,0.0
6340,0.0
6341,0.0
6342,0.10254
6343,0.30355
6344,0.49441
6345,0.61339
6346,0.64762
6347,0.6890499999999999
6348,0.6335700000000001
6349,0.58794
6350,0.43857
6351,0.24087999999999998
6352,0.11106999999999999
6353,0.00513
6354,0.0
6355,0.0
6356,0.0
6357,0.0
6358,0.0
6359,0.0
6360,0.0
6361,0.0
6362,0.0
6363,0.0
6364,0.0
6365,0.0
6366,0.08213
6367,0.2821
6368,0.47373000000000004
6369,0.59749
6370,0.64595
6371,0.61986
6372,0.54052
6373,0.63207
6374,0.50292
6375,0.30326
6376,0.12236
6377,0.00479
6378,0.0
6379,0.0
6380,0.0
6381,0.0
6382,0.0
6383,0.0
6384,0.0
6385,0.0
6386,0.0
6387,0.0
6388,0.0
6389,0.0
6390,0.09756000000000001
6391,0.25708
6392,0.3693
6393,0.48806
6394,0.56033
6395,0.6203200000000001
6396,0.6424
6397,0.36836
6398,0.39875
6399,0.20796
6400,0.10103
6401,0.00537
6402,0.0
6403,0.0
6404,0.0
6405,0.0
6406,0.0
6407,0.0
6408,0.0
6409,0.0
6410,0.0
6411,0.0
6412,0.0
6413,0.0
6414,0.10514
6415,0.31069
6416,0.4858
6417,0.60339
6418,0.68632
6419,0.70287
6420,0.65036
6421,0.57633
6422,0.49372000000000005
6423,0.30648000000000003
6424,0.12652
6425,0.00645
6426,0.0
6427,0.0
6428,0.0
6429,0.0
6430,0.0
6431,0.0
6432,0.0
6433,0.0
6434,0.0
6435,0.0
6436,0.0
6437,0.0
6438,0.09761
6439,0.27729000000000004
6440,0.44485
6441,0.6073999999999999
6442,0.70016
6443,0.6802
6444,0.6204700000000001
6445,0.5181
6446,0.46596
6447,0.29102999999999996
6448,0.11204
6449,0.0035
6450,0.0
6451,0.0
6452,0.0
6453,0.0
6454,0.0
6455,0.0
6456,0.0
6457,0.0
6458,0.0
6459,0.0
6460,0.0
6461,0.0
6462,0.08098999999999999
6463,0.27423000000000003
6464,0.4757
6465,0.5467799999999999
6466,0.62219
6467,0.68335
6468,0.64576
6469,0.6029800000000001
6470,0.45392
6471,0.31691
6472,0.101
6473,0.0035
6474,0.0
6475,0.0
6476,0.0
6477,0.0
6478,0.0
6479,0.0
6480,0.0
6481,0.0
6482,0.0
6483,0.0
6484,0.0
6485,0.0
6486,0.09178
6487,0.23163
6488,0.38638
6489,0.5296799999999999
6490,0.45013
6491,0.2709
6492,0.45111
6493,0.48369
6494,0.36628
6495,0.22662000000000002
6496,0.07261
6497,0.0037099999999999998
6498,0.0
6499,0.0
6500,0.0
6501,0.0
6502,0.0
6503,0.0
6504,0.0
6505,0.0
6506,0.0
6507,0.0
6508,0.0
6509,0.0
6510,0.072
6511,0.30742
6512,0.34399
6513,0.33185000000000003
6514,0.5407000000000001
6515,0.46779000000000004
6516,0.43617
6517,0.5504600000000001
6518,0.47251
6519,0.23821
6520,0.04177
6521,0.00307
6522,0.0
6523,0.0
6524,0.0
6525,0.0
6526,0.0
6527,0.0
6528,0.0
6529,0.0
6530,0.0
6531,0.0
6532,0.0
6533,0.0
6534,0.08594
6535,0.27306
6536,0.40767000000000003
6537,0.5180499999999999
6538,0.5454
6539,0.6066900000000001
6540,0.57065
6541,0.5980700000000001
6542,0.47437999999999997
6543,0.30655
6544,0.11203
6545,0.00328
6546,0.0
6547,0.0
6548,0.0
6549,0.0
6550,0.0
6551,0.0
6552,0.0
6553,0.0
6554,0.0
6555,0.0
6556,0.0
6557,0.0
6558,0.07754000000000001
6559,0.28243
6560,0.50642
6561,0.59162
6562,0.67957
6563,0.7023400000000001
6564,0.69068
6565,0.63954
6566,0.5031100000000001
6567,0.32454
6568,0.11156999999999999
6569,0.00316
6570,0.0
6571,0.0
6572,0.0
6573,0.0
6574,0.0
6575,0.0
6576,0.0
6577,0.0
6578,0.0
6579,0.0
6580,0.0
6581,0.0
6582,0.11062999999999999
6583,0.30492
6584,0.49326
6585,0.63151
6586,0.70831
6587,0.75079
6588,0.67906
6589,0.5340499999999999
6590,0.39996
6591,0.26439
6592,0.08588
6593,0.00246
6594,0.0
6595,0.0
6596,0.0
6597,0.0
6598,0.0
6599,0.0
6600,0.0
6601,0.0
6602,0.0
6603,0.0
6604,0.0
6605,0.0
6606,0.1082
6607,0.30857
6608,0.50148
6609,0.58259
6610,0.6935
6611,0.65127
6612,0.61129
6613,0.51022
6614,0.41412
6615,0.2666
6616,0.09828
6617,0.00226
6618,0.0
6619,0.0
6620,0.0
6621,0.0
6622,0.0
6623,0.0
6624,0.0
6625,0.0
6626,0.0
6627,0.0
6628,0.0
6629,0.0
6630,0.00347
6631,0.01704
6632,0.06979
6633,0.14568
6634,0.22838999999999998
6635,0.49826
6636,0.51214
6637,0.36193000000000003
6638,0.38950999999999997
6639,0.23554
6640,0.09311
6641,0.0037400000000000003
6642,0.0
6643,0.0
6644,0.0
6645,0.0
6646,0.0
6647,0.0
6648,0.0
6649,0.0
6650,0.0
6651,0.0
6652,0.0
6653,0.0
6654,0.10640000000000001
6655,0.32804
6656,0.50945
6657,0.55576
6658,0.65238
6659,0.7080299999999999
6660,0.69175
6661,0.523
6662,0.33709
6663,0.19435
6664,0.07135
6665,0.0032400000000000003
6666,0.0
6667,0.0
6668,0.0
6669,0.0
6670,0.0
6671,0.0
6672,0.0
6673,0.0
6674,0.0
6675,0.0
6676,0.0
6677,0.0
6678,0.09381
6679,0.21857
6680,0.34211
6681,0.42035
6682,0.51137
6683,0.54479
6684,0.58427
6685,0.6060599999999999
6686,0.4512
6687,0.27171
6688,0.10088
6689,0.00354
6690,0.0
6691,0.0
6692,0.0
6693,0.0
6694,0.0
6695,0.0
6696,0.0
6697,0.0
6698,0.0
6699,0.0
6700,0.0
6701,0.0
6702,0.12057999999999999
6703,0.34457
6704,0.46007
6705,0.5792999999999999
6706,0.6710900000000001
6707,0.6715599999999999
6708,0.6260800000000001
6709,0.47273000000000004
6710,0.41804
6711,0.26863
6712,0.09373999999999999
6713,0.00117
6714,0.0
6715,0.0
6716,0.0
6717,0.0
6718,0.0
6719,0.0
6720,0.0
6721,0.0
6722,0.0
6723,0.0
6724,0.0
6725,0.0
6726,0.10798999999999999
6727,0.2874
6728,0.49284
6729,0.63171
6730,0.6887000000000001
6731,0.72364
6732,0.67461
6733,0.63467
6734,0.50466
6735,0.2815
6736,0.10912000000000001
6737,0.0024700000000000004
6738,0.0
6739,0.0
6740,0.0
6741,0.0
6742,0.0
6743,0.0
6744,0.0
6745,0.0
6746,0.0
6747,0.0
6748,0.0
6749,0.0
6750,0.11334000000000001
6751,0.29155000000000003
6752,0.49606
6753,0.54216
6754,0.56371
6755,0.65019
6756,0.61234
6757,0.55303
6758,0.43125
6759,0.25781
6760,0.08122
6761,0.00173
6762,0.0
6763,0.0
6764,0.0
6765,0.0
6766,0.0
6767,0.0
6768,0.0
6769,0.0
6770,0.0
6771,0.0
6772,0.0
6773,0.0
6774,0.12473999999999999
6775,0.32838
6776,0.50202
6777,0.6364099999999999
6778,0.6999
6779,0.66149
6780,0.56812
6781,0.5544199999999999
6782,0.38738
6783,0.23072
6784,0.06867
6785,0.00117
6786,0.0
6787,0.0
6788,0.0
6789,0.0
6790,0.0
6791,0.0
6792,0.0
6793,0.0
6794,0.0
6795,0.0
6796,0.0
6797,0.0
6798,0.0027
6799,0.05706
6800,0.13968
6801,0.23339
6802,0.3477
6803,0.44137
6804,0.40003
6805,0.5820599999999999
6806,0.45047000000000004
6807,0.26225
6808,0.09262000000000001
6809,0.0020299999999999997
6810,0.0
6811,0.0
6812,0.0
6813,0.0
6814,0.0
6815,0.0
6816,0.0
6817,0.0
6818,0.0
6819,0.0
6820,0.0
6821,0.0
6822,0.13352
6823,0.33483999999999997
6824,0.46132
6825,0.49124
6826,0.71333
6827,0.727
6828,0.65853
6829,0.58057
6830,0.45312
6831,0.2825
6832,0.09839
6833,0.00156
6834,0.0
6835,0.0
6836,0.0
6837,0.0
6838,0.0
6839,0.0
6840,0.0
6841,0.0
6842,0.0
6843,0.0
6844,0.0
6845,0.0
6846,0.06974
6847,0.24983000000000002
6848,0.35305000000000003
6849,0.52837
6850,0.6022000000000001
6851,0.65262
6852,0.6545599999999999
6853,0.57149
6854,0.48560000000000003
6855,0.26885000000000003
6856,0.06364
6857,0.00125
6858,0.0
6859,0.0
6860,0.0
6861,0.0
6862,0.0
6863,0.0
6864,0.0
6865,0.0
6866,0.0
6867,0.0
6868,0.0
6869,0.0
6870,0.12682
6871,0.34781
6872,0.46588999999999997
6873,0.63254
6874,0.70282
6875,0.61691
6876,0.55157
6877,0.36799
6878,0.44732
6879,0.27564
6880,0.07779000000000001
6881,0.00022
6882,0.0
6883,0.0
6884,0.0
6885,0.0
6886,0.0
6887,0.0
6888,0.0
6889,0.0
6890,0.0
6891,0.0
6892,0.0
6893,0.0
6894,0.12209
6895,0.29964999999999997
6896,0.44862
6897,0.5429400000000001
6898,0.55328
6899,0.44265
6900,0.41426999999999997
6901,0.5342899999999999
6902,0.40963
6903,0.25994
6904,0.09591
6905,0.00175
6906,0.0
6907,0.0
6908,0.0
6909,0.0
6910,0.0
6911,0.0
6912,0.0
6913,0.0
6914,0.0
6915,0.0
6916,0.0
6917,0.0
6918,0.09481
6919,0.22694999999999999
6920,0.4338
6921,0.44160000000000005
6922,0.58675
6923,0.55383
6924,0.4791
6925,0.55747
6926,0.41935
6927,0.26679
6928,0.0837
6929,0.00046
6930,0.0
6931,0.0
6932,0.0
6933,0.0
6934,0.0
6935,0.0
6936,0.0
6937,0.0
6938,0.0
6939,0.0
6940,0.0
6941,0.0
6942,0.11892
6943,0.32796
6944,0.45517
6945,0.58488
6946,0.65946
6947,0.6961499999999999
6948,0.67511
6949,0.59268
6950,0.44229
6951,0.26393
6952,0.09437000000000001
6953,0.00045
6954,0.0
6955,0.0
6956,0.0
6957,0.0
6958,0.0
6959,0.0
6960,0.0
6961,0.0
6962,0.0
6963,0.0
6964,0.0
6965,0.0
6966,0.12389
6967,0.31481
6968,0.5198400000000001
6969,0.6327
6970,0.6904
6971,0.71135
6972,0.69623
6973,0.6133099999999999
6974,0.48008999999999996
6975,0.31511
6976,0.10557
6977,0.00282
6978,0.0
6979,0.0
6980,0.0
6981,0.0
6982,0.0
6983,0.0
6984,0.0
6985,0.0
6986,0.0
6987,0.0
6988,0.0
6989,0.0
6990,0.13587
6991,0.33964
6992,0.5137200000000001
6993,0.5969099999999999
6994,0.66849
6995,0.66161
6996,0.60784
6997,0.6005
6998,0.45399
6999,0.28752999999999995
7000,0.10653
7001,0.00216
7002,0.0
7003,0.0
7004,0.0
7005,0.0
7006,0.0
7007,0.0
7008,0.0
7009,0.0
7010,0.0
7011,0.0
7012,0.0
7013,0.0
7014,0.09909
7015,0.24291
7016,0.44005
7017,0.58799
7018,0.58362
7019,0.54489
7020,0.53535
7021,0.59075
7022,0.37118
7023,0.20806
7024,0.08584
7025,0.0
7026,0.0
7027,0.0
7028,0.0
7029,0.0
7030,0.0
7031,0.0
7032,0.0
7033,0.0
7034,0.0
7035,0.0
7036,0.0
7037,0.0
7038,0.06936
7039,0.13579
7040,0.18397999999999998
7041,0.43215
7042,0.25604000000000005
7043,0.31815
7044,0.40226
7045,0.47835
7046,0.34254
7047,0.2061
7048,0.08338
7049,0.0
7050,0.0
7051,0.0
7052,0.0
7053,0.0
7054,0.0
7055,0.0
7056,0.0
7057,0.0
7058,0.0
7059,0.0
7060,0.0
7061,0.0
7062,0.0586
7063,0.14686000000000002
7064,0.30260000000000004
7065,0.33099
7066,0.46952999999999995
7067,0.5508
7068,0.53661
7069,0.41379000000000005
7070,0.38535
7071,0.23307
7072,0.08758
7073,0.0
7074,0.0
7075,0.0
7076,0.0
7077,0.0
7078,0.0
7079,0.0
7080,0.0
7081,0.0
7082,0.0
7083,0.0
7084,0.0
7085,0.0
7086,0.07099
7087,0.2204
7088,0.38787
7089,0.49639999999999995
7090,0.48358
7091,0.61288
7092,0.5801900000000001
7093,0.5182899999999999
7094,0.42474
7095,0.25383
7096,0.09886
7097,0.0
7098,0.0
7099,0.0
7100,0.0
7101,0.0
7102,0.0
7103,0.0
7104,0.0
7105,0.0
7106,0.0
7107,0.0
7108,0.0
7109,0.0
7110,0.08627
7111,0.27171
7112,0.37567
7113,0.51536
7114,0.44362
7115,0.4123
7116,0.41998
7117,0.23708
7118,0.19368000000000002
7119,0.17391
7120,0.08295999999999999
7121,0.0
7122,0.0
7123,0.0
7124,0.0
7125,0.0
7126,0.0
7127,0.0
7128,0.0
7129,0.0
7130,0.0
7131,0.0
7132,0.0
7133,0.0
7134,0.06531
7135,0.15719999999999998
7136,0.25166
7137,0.34788
7138,0.38344
7139,0.4908
7140,0.5259299999999999
7141,0.3842
7142,0.33238999999999996
7143,0.18577000000000002
7144,0.08131999999999999
7145,0.0
7146,0.0
7147,0.0
7148,0.0
7149,0.0
7150,0.0
7151,0.0
7152,0.0
7153,0.0
7154,0.0
7155,0.0
7156,0.0
7157,0.0
7158,0.11295999999999999
7159,0.28107
7160,0.41841
7161,0.52528
7162,0.5691900000000001
7163,0.5652
7164,0.52728
7165,0.47616
7166,0.34507
7167,0.1918
7168,0.07773000000000001
7169,0.0
7170,0.0
7171,0.0
7172,0.0
7173,0.0
7174,0.0
7175,0.0
7176,0.0
7177,0.0
7178,0.0
7179,0.0
7180,0.0
7181,0.0
7182,0.09868
7183,0.32698
7184,0.47189
7185,0.54677
7186,0.53592
7187,0.52173
7188,0.56163
7189,0.55731
7190,0.33777999999999997
7191,0.27788999999999997
7192,0.06919
7193,0.0
7194,0.0
7195,0.0
7196,0.0
7197,0.0
7198,0.0
7199,0.0
7200,0.0
7201,0.0
7202,0.0
7203,0.0
7204,0.0
7205,0.0
7206,0.06278
7207,0.16702
7208,0.29086
7209,0.4118
7210,0.58658
7211,0.49008999999999997
7212,0.5396
7213,0.4228
7214,0.40428
7215,0.20499
7216,0.07504000000000001
7217,0.0
7218,0.0
7219,0.0
7220,0.0
7221,0.0
7222,0.0
7223,0.0
7224,0.0
7225,0.0
7226,0.0
7227,0.0
7228,0.0
7229,0.0
7230,0.06431
7231,0.20437
7232,0.38137
7233,0.48312
7234,0.53472
7235,0.56398
7236,0.5251
7237,0.50337
7238,0.40823000000000004
7239,0.27758999999999995
7240,0.08348
7241,0.0
7242,0.0
7243,0.0
7244,0.0
7245,0.0
7246,0.0
7247,0.0
7248,0.0
7249,0.0
7250,0.0
7251,0.0
7252,0.0
7253,0.0
7254,0.09653
7255,0.27596
7256,0.41943
7257,0.54774
7258,0.61849
7259,0.52181
7260,0.51042
7261,0.54269
7262,0.33297000000000004
7263,0.16369999999999998
7264,0.04289
7265,0.0
7266,0.0
7267,0.0
7268,0.0
7269,0.0
7270,0.0
7271,0.0
7272,0.0
7273,0.0
7274,0.0
7275,0.0
7276,0.0
7277,0.0
7278,0.12198
7279,0.30748000000000003
7280,0.3943
7281,0.47578
7282,0.54453
7283,0.5318999999999999
7284,0.46523000000000003
7285,0.51966
7286,0.40302
7287,0.26122
7288,0.09118000000000001
7289,0.0
7290,0.0
7291,0.0
7292,0.0
7293,0.0
7294,0.0
7295,0.0
7296,0.0
7297,0.0
7298,0.0
7299,0.0
7300,0.0
7301,0.0
7302,0.13873
7303,0.33522
7304,0.46736
7305,0.5649
7306,0.57478
7307,0.5965
7308,0.5475599999999999
7309,0.19785
7310,0.18462
7311,0.17225
7312,0.08444
7313,0.0
7314,0.0
7315,0.0
7316,0.0
7317,0.0
7318,0.0
7319,0.0
7320,0.0
7321,0.0
7322,0.0
7323,0.0
7324,0.0
7325,0.0
7326,0.12745
7327,0.34458
7328,0.44344
7329,0.53465
7330,0.62254
7331,0.6809299999999999
7332,0.512
7333,0.46479000000000004
7334,0.33627999999999997
7335,0.19722
7336,0.05705
7337,0.0
7338,0.0
7339,0.0
7340,0.0
7341,0.0
7342,0.0
7343,0.0
7344,0.0
7345,0.0
7346,0.0
7347,0.0
7348,0.0
7349,0.0
7350,0.12102
7351,0.30034
7352,0.44338
7353,0.5205299999999999
7354,0.64465
7355,0.6867300000000001
7356,0.58489
7357,0.48107
7358,0.39043
7359,0.2154
7360,0.0639
7361,0.0
7362,0.0
7363,0.0
7364,0.0
7365,0.0
7366,0.0
7367,0.0
7368,0.0
7369,0.0
7370,0.0
7371,0.0
7372,0.0
7373,0.0
7374,0.02566
7375,0.07151
7376,0.1641
7377,0.29885
7378,0.36982
7379,0.31587
7380,0.51715
7381,0.43676
7382,0.20228
7383,0.09406
7384,0.023690000000000003
7385,0.0
7386,0.0
7387,0.0
7388,0.0
7389,0.0
7390,0.0
7391,0.0
7392,0.0
7393,0.0
7394,0.0
7395,0.0
7396,0.0
7397,0.0
7398,0.12487000000000001
7399,0.28948
7400,0.51276
7401,0.5563899999999999
7402,0.62363
7403,0.63648
7404,0.5277000000000001
7405,0.48139
7406,0.40337
7407,0.18877000000000002
7408,0.06254
7409,0.0
7410,0.0
7411,0.0
7412,0.0
7413,0.0
7414,0.0
7415,0.0
7416,0.0
7417,0.0
7418,0.0
7419,0.0
7420,0.0
7421,0.0
7422,0.10898999999999999
7423,0.32348000000000005
7424,0.38512
7425,0.5488
7426,0.59784
7427,0.69725
7428,0.55649
7429,0.42378
7430,0.39882
7431,0.16294999999999998
7432,0.053649999999999996
7433,0.0
7434,0.0
7435,0.0
7436,0.0
7437,0.0
7438,0.0
7439,0.0
7440,0.0
7441,0.0
7442,0.0
7443,0.0
7444,0.0
7445,0.0
7446,0.11896999999999999
7447,0.29102999999999996
7448,0.40681
7449,0.53011
7450,0.66889
7451,0.6989500000000001
7452,0.60239
7453,0.40548
7454,0.28297000000000005
7455,0.15386000000000002
7456,0.05386
7457,0.0
7458,0.0
7459,0.0
7460,0.0
7461,0.0
7462,0.0
7463,0.0
7464,0.0
7465,0.0
7466,0.0
7467,0.0
7468,0.0
7469,0.0
7470,0.1044
7471,0.29635
7472,0.46458
7473,0.60229
7474,0.6081599999999999
7475,0.54196
7476,0.46181
7477,0.56001
7478,0.35816000000000003
7479,0.22402
7480,0.08398
7481,0.0
7482,0.0
7483,0.0
7484,0.0
7485,0.0
7486,0.0
7487,0.0
7488,0.0
7489,0.0
7490,0.0
7491,0.0
7492,0.0
7493,0.0
7494,0.11822
7495,0.31251999999999996
7496,0.46708
7497,0.54389
7498,0.65808
7499,0.68072
7500,0.61595
7501,0.5739099999999999
7502,0.35570999999999997
7503,0.23072
7504,0.08209999999999999
7505,0.0
7506,0.0
7507,0.0
7508,0.0
7509,0.0
7510,0.0
7511,0.0
7512,0.0
7513,0.0
7514,0.0
7515,0.0
7516,0.0
7517,0.0
7518,0.09611
7519,0.27277999999999997
7520,0.45343
7521,0.60426
7522,0.68765
7523,0.6305499999999999
7524,0.5427000000000001
7525,0.5669500000000001
7526,0.41689
7527,0.24174
7528,0.07964
7529,0.0
7530,0.0
7531,0.0
7532,0.0
7533,0.0
7534,0.0
7535,0.0
7536,0.0
7537,0.0
7538,0.0
7539,0.0
7540,0.0
7541,0.0
7542,0.063
7543,0.20265
7544,0.36909
7545,0.5330900000000001
7546,0.6030599999999999
7547,0.5814600000000001
7548,0.5818300000000001
7549,0.56469
7550,0.4645
7551,0.24383000000000002
7552,0.09262000000000001
7553,0.0
7554,0.0
7555,0.0
7556,0.0
7557,0.0
7558,0.0
7559,0.0
7560,0.0
7561,0.0
7562,0.0
7563,0.0
7564,0.0
7565,0.0
7566,0.11045999999999999
7567,0.26614
7568,0.4124
7569,0.48689
7570,0.5756100000000001
7571,0.51128
7572,0.5956699999999999
7573,0.5579400000000001
7574,0.42462
7575,0.30052999999999996
7576,0.08738
7577,0.0
7578,0.0
7579,0.0
7580,0.0
7581,0.0
7582,0.0
7583,0.0
7584,0.0
7585,0.0
7586,0.0
7587,0.0
7588,0.0
7589,0.0
7590,0.11170999999999999
7591,0.3217
7592,0.46331
7593,0.57772
7594,0.69121
7595,0.66759
7596,0.61649
7597,0.56161
7598,0.38586000000000004
7599,0.24878999999999998
7600,0.09439
7601,0.0
7602,0.0
7603,0.0
7604,0.0
7605,0.0
7606,0.0
7607,0.0
7608,0.0
7609,0.0
7610,0.0
7611,0.0
7612,0.0
7613,0.0
7614,0.09495999999999999
7615,0.2699
7616,0.36852999999999997
7617,0.49751
7618,0.44451999999999997
7619,0.49823
7620,0.52901
7621,0.5405800000000001
7622,0.41408999999999996
7623,0.22928
7624,0.07861
7625,0.0
7626,0.0
7627,0.0
7628,0.0
7629,0.0
7630,0.0
7631,0.0
7632,0.0
7633,0.0
7634,0.0
7635,0.0
7636,0.0
7637,0.0
7638,0.046590000000000006
7639,0.19090000000000001
7640,0.22658
7641,0.32646
7642,0.58308
7643,0.53479
7644,0.51034
7645,0.38111
7646,0.39959
7647,0.22306
7648,0.07224
7649,0.0
7650,0.0
7651,0.0
7652,0.0
7653,0.0
7654,0.0
7655,0.0
7656,0.0
7657,0.0
7658,0.0
7659,0.0
7660,0.0
7661,0.0
7662,0.09212000000000001
7663,0.27801
7664,0.44839
7665,0.5243099999999999
7666,0.65614
7667,0.65699
7668,0.52622
7669,0.42491
7670,0.36769
7671,0.20859
7672,0.06631000000000001
7673,0.0
7674,0.0
7675,0.0
7676,0.0
7677,0.0
7678,0.0
7679,0.0
7680,0.0
7681,0.0
7682,0.0
7683,0.0
7684,0.0
7685,0.0
7686,0.10029
7687,0.22125999999999998
7688,0.44662999999999997
7689,0.57632
7690,0.5779299999999999
7691,0.55423
7692,0.58847
7693,0.50554
7694,0.38305
7695,0.26658
7696,0.0839
7697,0.0
7698,0.0
7699,0.0
7700,0.0
7701,0.0
7702,0.0
7703,0.0
7704,0.0
7705,0.0
7706,0.0
7707,0.0
7708,0.0
7709,0.0
7710,0.046479999999999994
7711,0.20247
7712,0.37362
7713,0.54831
7714,0.60756
7715,0.5482899999999999
7716,0.54672
7717,0.44917
7718,0.41781
7719,0.23429
7720,0.08259
7721,0.0
7722,0.0
7723,0.0
7724,0.0
7725,0.0
7726,0.0
7727,0.0
7728,0.0
7729,0.0
7730,0.0
7731,0.0
7732,0.0
7733,0.0
7734,0.13041999999999998
7735,0.33241000000000004
7736,0.44299
7737,0.6181
7738,0.6604800000000001
7739,0.72594
7740,0.60963
7741,0.48996
7742,0.41017000000000003
7743,0.24816
7744,0.09484000000000001
7745,0.0
7746,0.0
7747,0.0
7748,0.0
7749,0.0
7750,0.0
7751,0.0
7752,0.0
7753,0.0
7754,0.0
7755,0.0
7756,0.0
7757,0.0
7758,0.12708
7759,0.3364
7760,0.50657
7761,0.64062
7762,0.69109
7763,0.6897300000000001
7764,0.6299
7765,0.54767
7766,0.43251999999999996
7767,0.2736
7768,0.10514
7769,0.0
7770,0.0
7771,0.0
7772,0.0
7773,0.0
7774,0.0
7775,0.0
7776,0.0
7777,0.0
7778,0.0
7779,0.0
7780,0.0
7781,0.0
7782,0.13441999999999998
7783,0.34549
7784,0.5034
7785,0.63085
7786,0.69675
7787,0.68091
7788,0.6639700000000001
7789,0.58026
7790,0.47601
7791,0.26103
7792,0.10823
7793,0.0
7794,0.0
7795,0.0
7796,0.0
7797,0.0
7798,0.0
7799,0.0
7800,0.0
7801,0.0
7802,0.0
7803,0.0
7804,0.0
7805,0.0
7806,0.11666
7807,0.33156
7808,0.47362
7809,0.59258
7810,0.68992
7811,0.7245
7812,0.64925
7813,0.40938
7814,0.33846
7815,0.29235
7816,0.07315
7817,0.0
7818,0.0
7819,0.0
7820,0.0
7821,0.0
7822,0.0
7823,0.0
7824,0.0
7825,0.0
7826,0.0
7827,0.0
7828,0.0
7829,0.0
7830,0.128
7831,0.32539
7832,0.42164999999999997
7833,0.57052
7834,0.58
7835,0.6718200000000001
7836,0.61281
7837,0.53054
7838,0.4683
7839,0.27454
7840,0.09284
7841,0.0
7842,0.0
7843,0.0
7844,0.0
7845,0.0
7846,0.0
7847,0.0
7848,0.0
7849,0.0
7850,0.0
7851,0.0
7852,0.0
7853,0.0
7854,0.11853
7855,0.302
7856,0.44269
7857,0.53991
7858,0.6295299999999999
7859,0.58569
7860,0.6016900000000001
7861,0.45008
7862,0.44237
7863,0.29331
7864,0.08078
7865,0.0
7866,0.0
7867,0.0
7868,0.0
7869,0.0
7870,0.0
7871,0.0
7872,0.0
7873,0.0
7874,0.0
7875,0.0
7876,0.0
7877,0.0
7878,0.05858
7879,0.26377999999999996
7880,0.39764
7881,0.50308
7882,0.5284099999999999
7883,0.38312
7884,0.39147000000000004
7885,0.43916000000000005
7886,0.40298
7887,0.28388
7888,0.11181999999999999
7889,0.0
7890,0.0
7891,0.0
7892,0.0
7893,0.0
7894,0.0
7895,0.0
7896,0.0
7897,0.0
7898,0.0
7899,0.0
7900,0.0
7901,0.0
7902,0.11764
7903,0.33251
7904,0.47152999999999995
7905,0.61405
7906,0.66865
7907,0.7136
7908,0.61137
7909,0.51161
7910,0.42954000000000003
7911,0.30526
7912,0.10445
7913,0.0
7914,0.0
7915,0.0
7916,0.0
7917,0.0
7918,0.0
7919,0.0
7920,0.0
7921,0.0
7922,0.0
7923,0.0
7924,0.0
7925,0.0
7926,0.10194
7927,0.31816
7928,0.48454
7929,0.62595
7930,0.69723
7931,0.69299
7932,0.6885399999999999
7933,0.58572
7934,0.45106999999999997
7935,0.28968
7936,0.10953
7937,0.0
7938,0.0
7939,0.0
7940,0.0
7941,0.0
7942,0.0
7943,0.0
7944,0.0
7945,0.0
7946,0.0
7947,0.0
7948,0.0
7949,0.0
7950,0.11508
7951,0.31883999999999996
7952,0.47536
7953,0.61197
7954,0.68216
7955,0.7077
7956,0.6844199999999999
7957,0.56292
7958,0.45164
7959,0.29193
7960,0.12145
7961,0.0
7962,0.0
7963,0.0
7964,0.0
7965,0.0
7966,0.0
7967,0.0
7968,0.0
7969,0.0
7970,0.0
7971,0.0
7972,0.0
7973,0.0
7974,0.11555
7975,0.31885
7976,0.4775
7977,0.585
7978,0.64323
7979,0.70312
7980,0.61649
7981,0.6075900000000001
7982,0.45371
7983,0.31722
7984,0.10621
7985,0.0
7986,0.0
7987,0.0
7988,0.0
7989,0.0
7990,0.0
7991,0.0
7992,0.0
7993,0.0
7994,0.0
7995,0.0
7996,0.0
7997,0.0
7998,0.12018999999999999
7999,0.29634
8000,0.47323000000000004
8001,0.58568
8002,0.64139
8003,0.6143
8004,0.59515
8005,0.48828
8006,0.40217
8007,0.21869
8008,0.08824
8009,0.00073
8010,0.0
8011,0.0
8012,0.0
8013,0.0
8014,0.0
8015,0.0
8016,0.0
8017,0.0
8018,0.0
8019,0.0
8020,0.0
8021,0.0
8022,0.10482
8023,0.32571
8024,0.46952
8025,0.60426
8026,0.62591
8027,0.62288
8028,0.6221
8029,0.5725399999999999
8030,0.42779
8031,0.23673
8032,0.11643
8033,0.0007700000000000001
8034,0.0
8035,0.0
8036,0.0
8037,0.0
8038,0.0
8039,0.0
8040,0.0
8041,0.0
8042,0.0
8043,0.0
8044,0.0
8045,0.0
8046,0.10481
8047,0.31515
8048,0.45876
8049,0.58708
8050,0.63467
8051,0.71794
8052,0.66872
8053,0.55467
8054,0.33666
8055,0.24844999999999998
8056,0.10819
8057,0.0008900000000000001
8058,0.0
8059,0.0
8060,0.0
8061,0.0
8062,0.0
8063,0.0
8064,0.0
8065,0.0
8066,0.0
8067,0.0
8068,0.0
8069,0.0
8070,0.07909000000000001
8071,0.22212
8072,0.40904
8073,0.5312
8074,0.6675599999999999
8075,0.6541399999999999
8076,0.65884
8077,0.59286
8078,0.48868
8079,0.30269999999999997
8080,0.10536
8081,0.0007099999999999999
8082,0.0
8083,0.0
8084,0.0
8085,0.0
8086,0.0
8087,0.0
8088,0.0
8089,0.0
8090,0.0
8091,0.0
8092,0.0
8093,0.0
8094,0.0329
8095,0.09828
8096,0.185
8097,0.40482
8098,0.33752
8099,0.525
8100,0.65728
8101,0.5817899999999999
8102,0.35994
8103,0.28537
8104,0.12535
8105,0.0007099999999999999
8106,0.0
8107,0.0
8108,0.0
8109,0.0
8110,0.0
8111,0.0
8112,0.0
8113,0.0
8114,0.0
8115,0.0
8116,0.0
8117,0.0
8118,0.09079999999999999
8119,0.26462
8120,0.43122000000000005
8121,0.49248000000000003
8122,0.56832
8123,0.70325
8124,0.70324
8125,0.63067
8126,0.45206
8127,0.30718
8128,0.11831
8129,0.00068
8130,0.0
8131,0.0
8132,0.0
8133,0.0
8134,0.0
8135,0.0
8136,0.0
8137,0.0
8138,0.0
8139,0.0
8140,0.0
8141,0.0
8142,0.11362
8143,0.30489
8144,0.48868
8145,0.6202799999999999
8146,0.68778
8147,0.7058
8148,0.64187
8149,0.55916
8150,0.45231
8151,0.33302
8152,0.1216
8153,0.0013
8154,0.0
8155,0.0
8156,0.0
8157,0.0
8158,0.0
8159,0.0
8160,0.0
8161,0.0
8162,0.0
8163,0.0
8164,0.0
8165,0.0
8166,0.06132
8167,0.15444999999999998
8168,0.18756
8169,0.28578
8170,0.3782
8171,0.37169
8172,0.43588
8173,0.55022
8174,0.44723
8175,0.31565
8176,0.12095
8177,0.0012
8178,0.0
8179,0.0
8180,0.0
8181,0.0
8182,0.0
8183,0.0
8184,0.0
8185,0.0
8186,0.0
8187,0.0
8188,0.0
8189,0.0
8190,0.10765000000000001
8191,0.31819
8192,0.49389999999999995
8193,0.5758099999999999
8194,0.69459
8195,0.7123999999999999
8196,0.67364
8197,0.62958
8198,0.50072
8199,0.24715
8200,0.11004000000000001
8201,0.0012900000000000001
8202,0.0
8203,0.0
8204,0.0
8205,0.0
8206,0.0
8207,0.0
8208,0.0
8209,0.0
8210,0.0
8211,0.0
8212,0.0
8213,0.0
8214,0.10856
8215,0.32179
8216,0.48752999999999996
8217,0.6088
8218,0.68611
8219,0.6714600000000001
8220,0.56529
8221,0.41907
8222,0.41152
8223,0.29397
8224,0.09573000000000001
8225,0.0009699999999999999
8226,0.0
8227,0.0
8228,0.0
8229,0.0
8230,0.0
8231,0.0
8232,0.0
8233,0.0
8234,0.0
8235,0.0
8236,0.0
8237,0.0
8238,0.10486
8239,0.3148
8240,0.47902
8241,0.58129
8242,0.69989
8243,0.64838
8244,0.62867
8245,0.5660299999999999
8246,0.39968
8247,0.22268000000000002
8248,0.10296
8249,0.0014199999999999998
8250,0.0
8251,0.0
8252,0.0
8253,0.0
8254,0.0
8255,0.0
8256,0.0
8257,0.0
8258,0.0
8259,0.0
8260,0.0
8261,0.0
8262,0.07513
8263,0.26815
8264,0.41835
8265,0.56662
8266,0.63162
8267,0.63206
8268,0.46202
8269,0.5023
8270,0.35448
8271,0.17955000000000002
8272,0.10467
8273,0.00136
8274,0.0
8275,0.0
8276,0.0
8277,0.0
8278,0.0
8279,0.0
8280,0.0
8281,0.0
8282,0.0
8283,0.0
8284,0.0
8285,0.0
8286,0.038579999999999996
8287,0.10675
8288,0.2721
8289,0.40282
8290,0.46669
8291,0.5971799999999999
8292,0.61393
8293,0.55764
8294,0.42895999999999995
8295,0.30188
8296,0.1147
8297,0.0014199999999999998
8298,0.0
8299,0.0
8300,0.0
8301,0.0
8302,0.0
8303,0.0
8304,0.0
8305,0.0
8306,0.0
8307,0.0
8308,0.0
8309,0.0
8310,0.05871
8311,0.15506
8312,0.41011000000000003
8313,0.42161000000000004
8314,0.58538
8315,0.654
8316,0.5194099999999999
8317,0.52825
8318,0.33004
8319,0.16874
8320,0.08259
8321,0.00189
8322,0.0
8323,0.0
8324,0.0
8325,0.0
8326,0.0
8327,0.0
8328,0.0
8329,0.0
8330,0.0
8331,0.0
8332,0.0
8333,0.0
8334,0.09287000000000001
8335,0.31162
8336,0.49915
8337,0.64727
8338,0.72557
8339,0.7323999999999999
8340,0.70714
8341,0.6417200000000001
8342,0.5179
8343,0.33875
8344,0.14686000000000002
8345,0.00161
8346,0.0
8347,0.0
8348,0.0
8349,0.0
8350,0.0
8351,0.0
8352,0.0
8353,0.0
8354,0.0
8355,0.0
8356,0.0
8357,0.0
8358,0.075
8359,0.19576
8360,0.31801999999999997
8361,0.40186
8362,0.48628
8363,0.49754000000000004
8364,0.57336
8365,0.35734
8366,0.35861000000000004
8367,0.27363
8368,0.12693000000000002
8369,0.00181
8370,0.0
8371,0.0
8372,0.0
8373,0.0
8374,0.0
8375,0.0
8376,0.0
8377,0.0
8378,0.0
8379,0.0
8380,0.0
8381,0.0
8382,0.03685
8383,0.14571
8384,0.35635
8385,0.51835
8386,0.65985
8387,0.68313
8388,0.62971
8389,0.52511
8390,0.43501
8391,0.29635
8392,0.11045
8393,0.0013
8394,0.0
8395,0.0
8396,0.0
8397,0.0
8398,0.0
8399,0.0
8400,0.0
8401,0.0
8402,0.0
8403,0.0
8404,0.0
8405,0.0
8406,0.09876
8407,0.32062999999999997
8408,0.50858
8409,0.65664
8410,0.7454700000000001
8411,0.7764
8412,0.7505599999999999
8413,0.66561
8414,0.54247
8415,0.368
8416,0.15775999999999998
8417,0.00216
8418,0.0
8419,0.0
8420,0.0
8421,0.0
8422,0.0
8423,0.0
8424,0.0
8425,0.0
8426,0.0
8427,0.0
8428,0.0
8429,0.0
8430,0.10292
8431,0.32416
8432,0.49709
8433,0.63577
8434,0.71887
8435,0.75897
8436,0.73449
8437,0.6688200000000001
8438,0.53991
8439,0.35831
8440,0.15563999999999997
8441,0.0022400000000000002
8442,0.0
8443,0.0
8444,0.0
8445,0.0
8446,0.0
8447,0.0
8448,0.0
8449,0.0
8450,0.0
8451,0.0
8452,0.0
8453,0.0
8454,0.09801
8455,0.31371
8456,0.48398
8457,0.6340800000000001
8458,0.73091
8459,0.76025
8460,0.74115
8461,0.57825
8462,0.53026
8463,0.34783
8464,0.15827000000000002
8465,0.00242
8466,0.0
8467,0.0
8468,0.0
8469,0.0
8470,0.0
8471,0.0
8472,0.0
8473,0.0
8474,0.0
8475,0.0
8476,0.0
8477,0.0
8478,0.08562
8479,0.27864
8480,0.46826
8481,0.61342
8482,0.703
8483,0.74541
8484,0.70602
8485,0.60623
8486,0.49082
8487,0.33903
8488,0.14096
8489,0.00495
8490,0.0
8491,0.0
8492,0.0
8493,0.0
8494,0.0
8495,0.0
8496,0.0
8497,0.0
8498,0.0
8499,0.0
8500,0.0
8501,0.0
8502,0.0824
8503,0.30144
8504,0.48627
8505,0.64005
8506,0.71702
8507,0.68412
8508,0.69069
8509,0.58946
8510,0.41183
8511,0.34137
8512,0.12390999999999999
8513,0.00106
8514,0.0
8515,0.0
8516,0.0
8517,0.0
8518,0.0
8519,0.0
8520,0.0
8521,0.0
8522,0.0
8523,0.0
8524,0.0
8525,0.0
8526,0.08339
8527,0.28694
8528,0.45094999999999996
8529,0.60354
8530,0.6668099999999999
8531,0.63037
8532,0.64073
8533,0.6187699999999999
8534,0.4757
8535,0.35952
8536,0.14953999999999998
8537,0.0024500000000000004
8538,0.0
8539,0.0
8540,0.0
8541,0.0
8542,0.0
8543,0.0
8544,0.0
8545,0.0
8546,0.0
8547,0.0
8548,0.0
8549,0.0
8550,0.08463
8551,0.28402
8552,0.48246
8553,0.60011
8554,0.6974199999999999
8555,0.62339
8556,0.58887
8557,0.63417
8558,0.52058
8559,0.36541
8560,0.162
8561,0.00292
8562,0.0
8563,0.0
8564,0.0
8565,0.0
8566,0.0
8567,0.0
8568,0.0
8569,0.0
8570,0.0
8571,0.0
8572,0.0
8573,0.0
8574,0.07881999999999999
8575,0.29419
8576,0.47826
8577,0.63079
8578,0.70738
8579,0.70638
8580,0.6964
8581,0.56564
8582,0.48371
8583,0.26000999999999996
8584,0.12858
8585,0.00311
8586,0.0
8587,0.0
8588,0.0
8589,0.0
8590,0.0
8591,0.0
8592,0.0
8593,0.0
8594,0.0
8595,0.0
8596,0.0
8597,0.0
8598,0.06670999999999999
8599,0.28323000000000004
8600,0.44427
8601,0.62509
8602,0.70572
8603,0.7464700000000001
8604,0.6497200000000001
8605,0.49406
8606,0.40996
8607,0.31477999999999995
8608,0.09008
8609,0.00556
8610,0.0
8611,0.0
8612,0.0
8613,0.0
8614,0.0
8615,0.0
8616,0.0
8617,0.0
8618,0.0
8619,0.0
8620,0.0
8621,0.0
8622,0.048960000000000004
8623,0.23359
8624,0.40738
8625,0.6027899999999999
8626,0.67712
8627,0.6606799999999999
8628,0.6333099999999999
8629,0.40931
8630,0.37045999999999996
8631,0.22663999999999998
8632,0.09426999999999999
8633,0.00675
8634,0.0
8635,0.0
8636,0.0
8637,0.0
8638,0.0
8639,0.0
8640,0.0
8641,0.0
8642,0.0
8643,0.0
8644,0.0
8645,0.0
8646,0.046630000000000005
8647,0.19499
8648,0.36058999999999997
8649,0.38192000000000004
8650,0.4677
8651,0.5334800000000001
8652,0.44036000000000003
8653,0.47866000000000003
8654,0.34669
8655,0.22996
8656,0.12723
8657,0.00595
8658,0.0
8659,0.0
8660,0.0
8661,0.0
8662,0.0
8663,0.0
8664,0.0
8665,0.0
8666,0.0
8667,0.0
8668,0.0
8669,0.0
8670,0.046200000000000005
8671,0.22334
8672,0.36822000000000005
8673,0.52127
8674,0.5833400000000001
8675,0.6804600000000001
8676,0.6526000000000001
8677,0.61905
8678,0.47849
8679,0.32322
8680,0.13118000000000002
8681,0.00677
8682,0.0
8683,0.0
8684,0.0
8685,0.0
8686,0.0
8687,0.0
8688,0.0
8689,0.0
8690,0.0
8691,0.0
8692,0.0
8693,0.0
8694,0.054950000000000006
8695,0.18309999999999998
8696,0.3307
8697,0.44259
8698,0.54763
8699,0.55844
8700,0.6304299999999999
8701,0.47232999999999997
8702,0.39802
8703,0.2825
8704,0.14058
8705,0.00725
8706,0.0
8707,0.0
8708,0.0
8709,0.0
8710,0.0
8711,0.0
8712,0.0
8713,0.0
8714,0.0
8715,0.0
8716,0.0
8717,0.0
8718,0.02563
8719,0.14542
8720,0.35642
8721,0.40506
8722,0.51795
8723,0.53265
8724,0.49449
8725,0.40388
8726,0.29223000000000005
8727,0.21406
8728,0.09816
8729,0.00609
8730,0.0
8731,0.0
8732,0.0
8733,0.0
8734,0.0
8735,0.0
8736,0.0
8737,0.0
8738,0.0
8739,0.0
8740,0.0
8741,0.0
8742,0.06542
8743,0.23606
8744,0.41844
8745,0.52532
8746,0.65142
8747,0.71239
8748,0.67647
8749,0.57885
8750,0.45363
8751,0.31171
8752,0.14712999999999998
8753,0.02182
8754,0.0
8755,0.0
8756,0.0
8757,0.0
8758,0.0
8759,0.0
