,pv_per_unit
0,0.0
1,0.0
2,0.0
3,0.0
4,0.0
5,0.0
6,0.00318
7,0.03682
8,0.05718
9,0.06905
10,0.06866
11,0.09237000000000001
12,0.10546
13,0.1041
14,0.14686000000000002
15,0.10454000000000001
16,0.04068
17,0.00425
18,0.0
19,0.0
20,0.0
21,0.0
22,0.0
23,0.0
24,0.0
25,0.0
26,0.0
27,0.0
28,0.0
29,0.0
30,0.00237
31,0.03729
32,0.06
33,0.0676
34,0.07459
35,0.1056
36,0.1138
37,0.08397
38,0.07653
39,0.08123000000000001
40,0.05182
41,0.00787
42,0.0
43,0.0
44,0.0
45,0.0
46,0.0
47,0.0
48,0.0
49,0.0
50,0.0
51,0.0
52,0.0
53,0.0
54,0.004690000000000001
55,0.04772
56,0.07789
57,0.08170000000000001
58,0.07819
59,0.08123999999999999
60,0.07940000000000001
61,0.09923
62,0.08896
63,0.06107
64,0.04278
65,0.00644
66,0.0
67,0.0
68,0.0
69,0.0
70,0.0
71,0.0
72,0.0
73,0.0
74,0.0
75,0.0
76,0.0
77,0.0
78,0.00266
79,0.03515
80,0.06051
81,0.06689
82,0.0732
83,0.07468999999999999
84,0.07942
85,0.08194
86,0.07740999999999999
87,0.08335
88,0.04071
89,0.00818
90,0.0
91,0.0
92,0.0
93,0.0
94,0.0
95,0.0
96,0.0
97,0.0
98,0.0
99,0.0
100,0.0
101,0.0
102,0.00277
103,0.03394
104,0.06274
105,0.12178
106,0.08715
107,0.09246
108,0.11078
109,0.12824000000000002
110,0.13541
111,0.10081
112,0.056409999999999995
113,0.00524
114,0.0
115,0.0
116,0.0
117,0.0
118,0.0
119,0.0
120,0.0
121,0.0
122,0.0
123,0.0
124,0.0
125,0.0
126,0.00221
127,0.03701
128,0.06182
129,0.07554999999999999
130,0.10377
131,0.10174
132,0.13191
133,0.12461
134,0.10623
135,0.09509999999999999
136,0.046049999999999994
137,0.0064
138,0.0
139,0.0
140,0.0
141,0.0
142,0.0
143,0.0
144,0.0
145,0.0
146,0.0
147,0.0
148,0.0
149,0.0
150,0.00259
151,0.03793
152,0.05991
153,0.07449
154,0.1002
155,0.10638
156,0.13316999999999998
157,0.08646
158,0.06318
159,0.057159999999999996
160,0.03392
161,0.00831
162,0.0
163,0.0
164,0.0
165,0.0
166,0.0
167,0.0
168,0.0
169,0.0
170,0.0
171,0.0
172,0.0
173,0.0
174,0.00269
175,0.03792
176,0.06186
177,0.06806999999999999
178,0.07497
179,0.07981
180,0.07682
181,0.14047
182,0.12795
183,0.06545000000000001
184,0.038340000000000006
185,0.0058200000000000005
186,0.0
187,0.0
188,0.0
189,0.0
190,0.0
191,0.0
192,0.0
193,0.0
194,0.0
195,0.0
196,0.0
197,0.0
198,0.0014
199,0.03147
200,0.0665
201,0.07626999999999999
202,0.1066
203,0.09426000000000001
204,0.13140000000000002
205,0.09712
206,0.1139
207,0.08648
208,0.047049999999999995
209,0.011550000000000001
210,0.0
211,0.0
212,0.0
213,0.0
214,0.0
215,0.0
216,0.0
217,0.0
218,0.0
219,0.0
220,0.0
221,0.0
222,0.00237
223,0.03589
224,0.06041
225,0.09186
226,0.12775
227,0.09708
228,0.12258
229,0.08781
230,0.11613
231,0.06124
232,0.0541
233,0.0066
234,0.0
235,0.0
236,0.0
237,0.0
238,0.0
239,0.0
240,0.0
241,0.0
242,0.0
243,0.0
244,0.0
245,0.0
246,0.00235
247,0.037079999999999995
248,0.05956
249,0.07153
250,0.07676000000000001
251,0.08868999999999999
252,0.07843000000000001
253,0.07981999999999999
254,0.07496
255,0.06522
256,0.04468
257,0.00903
258,0.0
259,0.0
260,0.0
261,0.0
262,0.0
263,0.0
264,0.0
265,0.0
266,0.0
267,0.0
268,0.0
269,0.0
270,0.00234
271,0.03814
272,0.055549999999999995
273,0.07088
274,0.07748999999999999
275,0.07740000000000001
276,0.07926000000000001
277,0.09398999999999999
278,0.06739
279,0.07851000000000001
280,0.04266
281,0.007690000000000001
282,0.0
283,0.0
284,0.0
285,0.0
286,0.0
287,0.0
288,0.0
289,0.0
290,0.0
291,0.0
292,0.0
293,0.0
294,0.00283
295,0.03552
296,0.05529
297,0.06742000000000001
298,0.07345
299,0.07786
300,0.11217
301,0.06892
302,0.06631999999999999
303,0.07257
304,0.04341
305,0.00965
306,0.0
307,0.0
308,0.0
309,0.0
310,0.0
311,0.0
312,0.0
313,0.0
314,0.0
315,0.0
316,0.0
317,0.0
318,0.0020800000000000003
319,0.0337
320,0.06111
321,0.09829
322,0.09209
323,0.09093000000000001
324,0.09159
325,0.10801999999999999
326,0.09331999999999999
327,0.055600000000000004
328,0.0439
329,0.00843
330,0.0
331,0.0
332,0.0
333,0.0
334,0.0
335,0.0
336,0.0
337,0.0
338,0.0
339,0.0
340,0.0
341,0.0
342,0.00215
343,0.03464
344,0.056
345,0.06667000000000001
346,0.08006999999999999
347,0.07695
348,0.07125
349,0.07363
350,0.11875
351,0.05744
352,0.04863
353,0.00825
354,0.0
355,0.0
356,0.0
357,0.0
358,0.0
359,0.0
360,0.0
361,0.0
362,0.0
363,0.0
364,0.0
365,0.0
366,0.00299
367,0.040350000000000004
368,0.06859
369,0.08345999999999999
370,0.10635
371,0.09107
372,0.11065000000000001
373,0.13352
374,0.08714
375,0.09763
376,0.06503
377,0.01354
378,0.0
379,0.0
380,0.0
381,0.0
382,0.0
383,0.0
384,0.0
385,0.0
386,0.0
387,0.0
388,0.0
389,0.0
390,0.00227
391,0.04093
392,0.08352
393,0.12453
394,0.12858
395,0.11251
396,0.11056999999999999
397,0.12536
398,0.08643
399,0.07164
400,0.03585
401,0.01079
402,0.0
403,0.0
404,0.0
405,0.0
406,0.0
407,0.0
408,0.0
409,0.0
410,0.0
411,0.0
412,0.0
413,0.0
414,0.0020800000000000003
415,0.04167
416,0.08979000000000001
417,0.11413
418,0.10696
419,0.14753
420,0.08431
421,0.13012
422,0.13072
423,0.09608
424,0.04503
425,0.00666
426,0.0
427,0.0
428,0.0
429,0.0
430,0.0
431,0.0
432,0.0
433,0.0
434,0.0
435,0.0
436,0.0
437,0.0
438,0.00186
439,0.03908
440,0.09103
441,0.10657
442,0.11017
443,0.08365
444,0.08023000000000001
445,0.1182
446,0.09728
447,0.07278
448,0.04802
449,0.01295
450,0.0
451,0.0
452,0.0
453,0.0
454,0.0
455,0.0
456,0.0
457,0.0
458,0.0
459,0.0
460,0.0
461,0.0
462,0.00156
463,0.034390000000000004
464,0.07706
465,0.11956
466,0.12209
467,0.14737999999999998
468,0.1994
469,0.13657
470,0.13623
471,0.11479
472,0.045880000000000004
473,0.00791
474,0.0
475,0.0
476,0.0
477,0.0
478,0.0
479,0.0
480,0.0
481,0.0
482,0.0
483,0.0
484,0.0
485,0.0
486,0.00075
487,0.03487
488,0.06344
489,0.07206
490,0.11643
491,0.16000999999999999
492,0.13563999999999998
493,0.11757
494,0.14934
495,0.09594
496,0.05734
497,0.00977
498,0.0
499,0.0
500,0.0
501,0.0
502,0.0
503,0.0
504,0.0
505,0.0
506,0.0
507,0.0
508,0.0
509,0.0
510,0.00204
511,0.04176
512,0.09889
513,0.12947999999999998
514,0.15021
515,0.18937
516,0.14539
517,0.11087999999999999
518,0.14492
519,0.07071
520,0.04345
521,0.009980000000000001
522,0.0
523,0.0
524,0.0
525,0.0
526,0.0
527,0.0
528,0.0
529,0.0
530,0.0
531,0.0
532,0.0
533,0.0
534,0.00139
535,0.04412
536,0.07169
537,0.11151000000000001
538,0.08484
539,0.08672
540,0.11331000000000001
541,0.09526000000000001
542,0.10258
543,0.08846
544,0.0465
545,0.0083
546,0.0
547,0.0
548,0.0
549,0.0
550,0.0
551,0.0
552,0.0
553,0.0
554,0.0
555,0.0
556,0.0
557,0.0
558,0.00183
559,0.04314
560,0.08442
561,0.08493
562,0.08531
563,0.07776999999999999
564,0.09121
565,0.16163999999999998
566,0.11939
567,0.06769
568,0.0429
569,0.01107
570,0.0
571,0.0
572,0.0
573,0.0
574,0.0
575,0.0
576,0.0
577,0.0
578,0.0
579,0.0
580,0.0
581,0.0
582,0.0017
583,0.03588
584,0.06742000000000001
585,0.07794
586,0.12953
587,0.1178
588,0.08283
589,0.09756000000000001
590,0.09354000000000001
591,0.09298999999999999
592,0.06191
593,0.00714
594,0.0
595,0.0
596,0.0
597,0.0
598,0.0
599,0.0
600,0.0
601,0.0
602,0.0
603,0.0
604,0.0
605,0.0
606,0.00177
607,0.03545
608,0.05747
609,0.06915
610,0.07651999999999999
611,0.07944
612,0.09123
613,0.08181000000000001
614,0.09704
615,0.12469
616,0.05527
617,0.01314
618,0.0
619,0.0
620,0.0
621,0.0
622,0.0
623,0.0
624,0.0
625,0.0
626,0.0
627,0.0
628,0.0
629,0.0
630,0.0019399999999999999
631,0.03561
632,0.05742
633,0.07029
634,0.07812999999999999
635,0.08311
636,0.08173
637,0.08651
638,0.06723
639,0.06240999999999999
640,0.045899999999999996
641,0.01219
642,0.0
643,0.0
644,0.0
645,0.0
646,0.0
647,0.0
648,0.0
649,0.0
650,0.0
651,0.0
652,0.0
653,0.0
654,0.00188
655,0.03474
656,0.0584
657,0.06911
658,0.07669
659,0.07983
660,0.07981999999999999
661,0.07720999999999999
662,0.07916
663,0.09308
664,0.034210000000000004
665,0.01126
666,0.0
667,0.0
668,0.0
669,0.0
670,0.0
671,0.0
672,0.0
673,0.0
674,0.0
675,0.0
676,0.0
677,0.0
678,0.00191
679,0.0352
680,0.05699
681,0.06945
682,0.07658
683,0.08165
684,0.07642
685,0.07923999999999999
686,0.07347
687,0.06647
688,0.05618
689,0.01428
690,0.0
691,0.0
692,0.0
693,0.0
694,0.0
695,0.0
696,0.0
697,0.0
698,0.0
699,0.0
700,0.0
701,0.0
702,0.00273
703,0.05956
704,0.08807999999999999
705,0.11678
706,0.16015000000000001
707,0.14787
708,0.20736000000000002
709,0.113
710,0.1382
711,0.09527
712,0.07044
713,0.00791
714,0.0
715,0.0
716,0.0
717,0.0
718,0.0
719,0.0
720,0.0
721,0.0
722,0.0
723,0.0
724,0.0
725,0.0
726,0.0015
727,0.03427
728,0.09753
729,0.11467000000000001
730,0.13434000000000001
731,0.17011
732,0.19118000000000002
733,0.18165
734,0.1144
735,0.1391
736,0.07554999999999999
737,0.020980000000000002
738,0.0
739,0.0
740,0.0
741,0.0
742,0.0
743,0.0
744,0.0
745,0.0
746,0.0
747,0.0
748,0.0
749,0.0
750,0.00165
751,0.03618
752,0.06844
753,0.08923
754,0.09601000000000001
755,0.10901000000000001
756,0.1019
757,0.23347
758,0.14271
759,0.07567
760,0.049659999999999996
761,0.01086
762,0.0
763,0.0
764,0.0
765,0.0
766,0.0
767,0.0
768,0.0
769,0.0
770,0.0
771,0.0
772,0.0
773,0.0
774,0.00209
775,0.03674
776,0.061079999999999995
777,0.07262
778,0.08557
779,0.08292000000000001
780,0.08446
781,0.14825
782,0.09484999999999999
783,0.08198
784,0.0575
785,0.02001
786,0.0
787,0.0
788,0.0
789,0.0
790,0.0
791,0.0
792,0.0
793,0.0
794,0.0
795,0.0
796,0.0
797,0.0
798,0.0030800000000000003
799,0.054560000000000004
800,0.10679999999999999
801,0.12827000000000002
802,0.14599
803,0.16084
804,0.13531
805,0.17848
806,0.14622
807,0.14859
808,0.05105
809,0.01777
810,0.0
811,0.0
812,0.0
813,0.0
814,0.0
815,0.0
816,0.0
817,0.0
818,0.0
819,0.0
820,0.0
821,0.0
822,0.00211
823,0.03594
824,0.0694
825,0.11451
826,0.08195000000000001
827,0.10342
828,0.12053
829,0.13552
830,0.13553
831,0.09112999999999999
832,0.05165
833,0.011550000000000001
834,0.0
835,0.0
836,0.0
837,0.0
838,0.0
839,0.0
840,0.0
841,0.0
842,0.0
843,0.0
844,0.0
845,0.0
846,0.00185
847,0.033100000000000004
848,0.06714
849,0.09362999999999999
850,0.12811
851,0.11258
852,0.09417
853,0.09021
854,0.12858
855,0.08996
856,0.0598
857,0.01578
858,0.0
859,0.0
860,0.0
861,0.0
862,0.0
863,0.0
864,0.0
865,0.0
866,0.0
867,0.0
868,0.0
869,0.0
870,0.0016200000000000001
871,0.04046
872,0.10351
873,0.11364
874,0.1522
875,0.17008
876,0.19569999999999999
877,0.14145
878,0.09889
879,0.06395
880,0.05189
881,0.016
882,0.0
883,0.0
884,0.0
885,0.0
886,0.0
887,0.0
888,0.0
889,0.0
890,0.0
891,0.0
892,0.0
893,0.0
894,0.00361
895,0.05323
896,0.0741
897,0.08314
898,0.10828
899,0.11758
900,0.12367
901,0.09061
902,0.07584
903,0.06941
904,0.04899
905,0.01731
906,0.0
907,0.0
908,0.0
909,0.0
910,0.0
911,0.0
912,0.0
913,0.0
914,0.0
915,0.0
916,0.0
917,0.0
918,0.00367
919,0.04312
920,0.06491
921,0.0855
922,0.08102
923,0.08547
924,0.08796999999999999
925,0.10690000000000001
926,0.08538
927,0.053689999999999995
928,0.03624
929,0.01602
930,0.0
931,0.0
932,0.0
933,0.0
934,0.0
935,0.0
936,0.0
937,0.0
938,0.0
939,0.0
940,0.0
941,0.0
942,0.0038799999999999998
943,0.05738
944,0.07762999999999999
945,0.10316
946,0.10379000000000001
947,0.12544
948,0.14853
949,0.15433000000000002
950,0.11605
951,0.11202
952,0.07279000000000001
953,0.02526
954,0.0
955,0.0
956,0.0
957,0.0
958,0.0
959,0.0
960,0.0
961,0.0
962,0.0
963,0.0
964,0.0
965,0.0
966,0.00148
967,0.045630000000000004
968,0.09873
969,0.14642
970,0.13225
971,0.15464
972,0.14917
973,0.13904
974,0.12561
975,0.09712
976,0.06689
977,0.01476
978,0.0
979,0.0
980,0.0
981,0.0
982,0.0
983,0.0
984,0.0
985,0.0
986,0.0
987,0.0
988,0.0
989,0.0
990,0.0034
991,0.04832
992,0.08965000000000001
993,0.11701
994,0.16419
995,0.17071
996,0.19474
997,0.13602
998,0.14004
999,0.15134
1000,0.052090000000000004
1001,0.02168
1002,0.0
1003,0.0
1004,0.0
1005,0.0
1006,0.0
1007,0.0
1008,0.0
1009,0.0
1010,0.0
1011,0.0
1012,0.0
1013,0.0
1014,0.00302
1015,0.041409999999999995
1016,0.07058
1017,0.08084999999999999
1018,0.08781
1019,0.10161
1020,0.10836
1021,0.09373000000000001
1022,0.14073
1023,0.09203
1024,0.05085
1025,0.01881
1026,0.0
1027,0.0
1028,0.0
1029,0.0
1030,0.0
1031,0.0
1032,0.0
1033,0.0
1034,0.0
1035,0.0
1036,0.0
1037,0.0
1038,0.00359
1039,0.0469
1040,0.07679000000000001
1041,0.08589
1042,0.097
1043,0.09887
1044,0.21553
1045,0.12409
1046,0.15821000000000002
1047,0.09828
1048,0.05378
1049,0.01694
1050,0.0
1051,0.0
1052,0.0
1053,0.0
1054,0.0
1055,0.0
1056,0.0
1057,0.0
1058,0.0
1059,0.0
1060,0.0
1061,0.0
1062,0.0028399999999999996
1063,0.039439999999999996
1064,0.06272
1065,0.07779000000000001
1066,0.08028
1067,0.1248
1068,0.14284
1069,0.14134
1070,0.07537999999999999
1071,0.06631999999999999
1072,0.0506
1073,0.0155
1074,0.0
1075,0.0
1076,0.0
1077,0.0
1078,0.0
1079,0.0
1080,0.0
1081,0.0
1082,0.0
1083,0.0
1084,0.0
1085,0.0
1086,0.00196
1087,0.047479999999999994
1088,0.0638
1089,0.10492
1090,0.09187000000000001
1091,0.15105000000000002
1092,0.12913
1093,0.13497
1094,0.10712
1095,0.1031
1096,0.05575
1097,0.0154
1098,0.0
1099,0.0
1100,0.0
1101,0.0
1102,0.0
1103,0.0
1104,0.0
1105,0.0
1106,0.0
1107,0.0
1108,0.0
1109,0.0
1110,0.00262
1111,0.044719999999999996
1112,0.07013
1113,0.09943
1114,0.10274
1115,0.11724
1116,0.13884
1117,0.13162000000000001
1118,0.08673
1119,0.08796999999999999
1120,0.06111
1121,0.017079999999999998
1122,0.0
1123,0.0
1124,0.0
1125,0.0
1126,0.0
1127,0.0
1128,0.0
1129,0.0
1130,0.0
1131,0.0
1132,0.0
1133,0.0
1134,0.0030600000000000002
1135,0.0415
1136,0.06246
1137,0.07751999999999999
1138,0.12129999999999999
1139,0.18391
1140,0.10067
1141,0.12938
1142,0.08873
1143,0.08256000000000001
1144,0.047729999999999995
1145,0.016190000000000003
1146,0.0
1147,0.0
1148,0.0
1149,0.0
1150,0.0
1151,0.0
1152,0.0
1153,0.0
1154,0.0
1155,0.0
1156,0.0
1157,0.0
1158,0.00331
1159,0.041350000000000005
1160,0.06332
1161,0.07836
1162,0.08413
1163,0.09469
1164,0.09364
1165,0.13103
1166,0.12167
1167,0.08633
1168,0.06173
1169,0.01773
1170,0.0
1171,0.0
1172,0.0
1173,0.0
1174,0.0
1175,0.0
1176,0.0
1177,0.0
1178,0.0
1179,0.0
1180,0.0
1181,0.0
1182,0.00496
1183,0.057640000000000004
1184,0.09958
1185,0.13441999999999998
1186,0.13361
1187,0.16340000000000002
1188,0.1755
1189,0.17245
1190,0.14454
1191,0.12866999999999998
1192,0.08968999999999999
1193,0.02646
1194,0.0
1195,0.0
1196,0.0
1197,0.0
1198,0.0
1199,0.0
1200,0.0
1201,0.0
1202,0.0
1203,0.0
1204,0.0
1205,0.0
1206,0.00519
1207,0.07343000000000001
1208,0.14578
1209,0.21991
1210,0.26235
1211,0.27986
1212,0.2186
1213,0.17148
1214,0.10662999999999999
1215,0.10266
1216,0.06975
1217,0.020399999999999998
1218,0.0
1219,0.0
1220,0.0
1221,0.0
1222,0.0
1223,0.0
1224,0.0
1225,0.0
1226,0.0
1227,0.0
1228,0.0
1229,0.0
1230,0.00379
1231,0.039659999999999994
1232,0.06122
1233,0.07309
1234,0.08063
1235,0.0864
1236,0.08386
1237,0.09298000000000001
1238,0.08033
1239,0.07928
1240,0.06775
1241,0.019309999999999997
1242,0.0
1243,0.0
1244,0.0
1245,0.0
1246,0.0
1247,0.0
1248,0.0
1249,0.0
1250,0.0
1251,0.0
1252,0.0
1253,0.0
1254,0.0038599999999999997
1255,0.03889
1256,0.06367
1257,0.07382
1258,0.08097
1259,0.08483
1260,0.08403000000000001
1261,0.10942
1262,0.08788
1263,0.07065
1264,0.0487
1265,0.01781
1266,0.0
1267,0.0
1268,0.0
1269,0.0
1270,0.0
1271,0.0
1272,0.0
1273,0.0
1274,0.0
1275,0.0
1276,0.0
1277,0.0
1278,0.00383
1279,0.03857
1280,0.06186
1281,0.07504999999999999
1282,0.08692
1283,0.13086
1284,0.1499
1285,0.15881
1286,0.07673
1287,0.09282
1288,0.04296
1289,0.01312
1290,0.0
1291,0.0
1292,0.0
1293,0.0
1294,0.0
1295,0.0
1296,0.0
1297,0.0
1298,0.0
1299,0.0
1300,0.0
1301,0.0
1302,0.0032
1303,0.03928
1304,0.08556
1305,0.10787000000000001
1306,0.08985
1307,0.13606000000000001
1308,0.15391
1309,0.14487
1310,0.12754000000000001
1311,0.10006
1312,0.06498000000000001
1313,0.01828
1314,0.0
1315,0.0
1316,0.0
1317,0.0
1318,0.0
1319,0.0
1320,0.0
1321,0.0
1322,0.0
1323,0.0
1324,0.0
1325,0.0
1326,0.00607
1327,0.05037
1328,0.07906
1329,0.15757
1330,0.18181999999999998
1331,0.18425
1332,0.15353999999999998
1333,0.14891
1334,0.13659000000000002
1335,0.14485
1336,0.09320999999999999
1337,0.030719999999999997
1338,0.0
1339,0.0
1340,0.0
1341,0.0
1342,0.0
1343,0.0
1344,0.0
1345,0.0
1346,0.0
1347,0.0
1348,0.0
1349,0.0
1350,0.00368
1351,0.04289
1352,0.07696
1353,0.10361
1354,0.09545000000000001
1355,0.09926
1356,0.1245
1357,0.11675
1358,0.13829
1359,0.10406
1360,0.06462000000000001
1361,0.00939
1362,0.0
1363,0.0
1364,0.0
1365,0.0
1366,0.0
1367,0.0
1368,0.0
1369,0.0
1370,0.0
1371,0.0
1372,0.0
1373,0.0
1374,0.00561
1375,0.04922
1376,0.07873000000000001
1377,0.08193
1378,0.08671
1379,0.10585
1380,0.10725
1381,0.10926999999999999
1382,0.11447
1383,0.09151000000000001
1384,0.054369999999999995
1385,0.01458
1386,0.0
1387,0.0
1388,0.0
1389,0.0
1390,0.0
1391,0.0
1392,0.0
1393,0.0
1394,0.0
1395,0.0
1396,0.0
1397,0.0
1398,0.0070599999999999994
1399,0.05493
1400,0.07762000000000001
1401,0.10618000000000001
1402,0.08802
1403,0.10379000000000001
1404,0.11715
1405,0.14139
1406,0.09419
1407,0.09752
1408,0.07712999999999999
1409,0.02468
1410,0.0
1411,0.0
1412,0.0
1413,0.0
1414,0.0
1415,0.0
1416,0.0
1417,0.0
1418,0.0
1419,0.0
1420,0.0
1421,0.0
1422,0.00537
1423,0.04195
1424,0.07077
1425,0.09801
1426,0.07945999999999999
1427,0.11756
1428,0.1128
1429,0.12334
1430,0.08655
1431,0.1077
1432,0.05464
1433,0.01438
1434,0.0
1435,0.0
1436,0.0
1437,0.0
1438,0.0
1439,0.0
1440,0.0
1441,0.0
1442,0.0
1443,0.0
1444,0.0
1445,0.0
1446,0.0054
1447,0.046299999999999994
1448,0.12834
1449,0.15480000000000002
1450,0.15971000000000002
1451,0.19673
1452,0.17211
1453,0.24624000000000001
1454,0.19981000000000002
1455,0.1415
1456,0.07513
1457,0.009089999999999999
1458,0.0
1459,0.0
1460,0.0
1461,0.0
1462,0.0
1463,0.0
1464,0.0
1465,0.0
1466,0.0
1467,0.0
1468,0.0
1469,0.0
1470,0.00156
1471,0.02905
1472,0.10742
1473,0.17218
1474,0.1955
1475,0.21136000000000002
1476,0.15597999999999998
1477,0.14318999999999998
1478,0.12279999999999999
1479,0.08318
1480,0.06762
1481,0.01242
1482,0.0
1483,0.0
1484,0.0
1485,0.0
1486,0.0
1487,0.0
1488,0.0
1489,0.0
1490,0.0
1491,0.0
1492,0.0
1493,0.0
1494,0.00529
1495,0.05509
1496,0.08198
1497,0.10312
1498,0.11548
1499,0.13669
1500,0.15569
1501,0.1514
1502,0.10623
1503,0.11703
1504,0.07775
1505,0.019370000000000002
1506,0.0
1507,0.0
1508,0.0
1509,0.0
1510,0.0
1511,0.0
1512,0.0
1513,0.0
1514,0.0
1515,0.0
1516,0.0
1517,0.0
1518,0.0059299999999999995
1519,0.04448
1520,0.06399
1521,0.07811
1522,0.08439
1523,0.09872
1524,0.15068
1525,0.09575
1526,0.07021
1527,0.07722
1528,0.052219999999999996
1529,0.02196
1530,0.0
1531,0.0
1532,0.0
1533,0.0
1534,0.0
1535,0.0
1536,0.0
1537,0.0
1538,0.0
1539,0.0
1540,0.0
1541,0.0
1542,0.00601
1543,0.040740000000000005
1544,0.06445000000000001
1545,0.07579000000000001
1546,0.08693000000000001
1547,0.08990999999999999
1548,0.10625
1549,0.08902
1550,0.0907
1551,0.09838
1552,0.07458
1553,0.0253
1554,0.0
1555,0.0
1556,0.0
1557,0.0
1558,0.0
1559,0.0
1560,0.0
1561,0.0
1562,0.0
1563,0.0
1564,0.0
1565,0.0
1566,0.00636
1567,0.04314
1568,0.06428
1569,0.07402
1570,0.08317000000000001
1571,0.08729
1572,0.08699
1573,0.10115
1574,0.08816
1575,0.09187000000000001
1576,0.06792000000000001
1577,0.02469
1578,0.0
1579,0.0
1580,0.0
1581,0.0
1582,0.0
1583,0.0
1584,0.0
1585,0.0
1586,0.0
1587,0.0
1588,0.0
1589,0.0
1590,0.00651
1591,0.04113
1592,0.07275
1593,0.07944
1594,0.08416
1595,0.08672
1596,0.09034
1597,0.11405
1598,0.12952000000000002
1599,0.08255
1600,0.049030000000000004
1601,0.01846
1602,0.0
1603,0.0
1604,0.0
1605,0.0
1606,0.0
1607,0.0
1608,0.0
1609,0.0
1610,0.0
1611,0.0
1612,0.0
1613,0.0
1614,0.00675
1615,0.04061
1616,0.06420000000000001
1617,0.07587999999999999
1618,0.08234999999999999
1619,0.08578
1620,0.08952
1621,0.08591
1622,0.11953
1623,0.10945999999999999
1624,0.04938
1625,0.02036
1626,0.0
1627,0.0
1628,0.0
1629,0.0
1630,0.0
1631,0.0
1632,0.0
1633,0.0
1634,0.0
1635,0.0
1636,0.0
1637,0.0
1638,0.00709
1639,0.04212
1640,0.06447
1641,0.07609
1642,0.08327
1643,0.08623
1644,0.08582
1645,0.17259
1646,0.09788
1647,0.07861
1648,0.05034
1649,0.0207
1650,0.0
1651,0.0
1652,0.0
1653,0.0
1654,0.0
1655,0.0
1656,0.0
1657,0.0
1658,0.0
1659,0.0
1660,0.0
1661,0.0
1662,0.00719
1663,0.04417
1664,0.06478
1665,0.07672
1666,0.08370999999999999
1667,0.0873
1668,0.10245
1669,0.15111000000000002
1670,0.15059999999999998
1671,0.0989
1672,0.09118000000000001
1673,0.02054
1674,0.0
1675,0.0
1676,0.0
1677,0.0
1678,0.0
1679,0.0
1680,0.0
1681,0.0
1682,0.0
1683,0.0
1684,0.0
1685,0.0
1686,0.007549999999999999
1687,0.0409
1688,0.06409000000000001
1689,0.08053
1690,0.08303
1691,0.0864
1692,0.09290999999999999
1693,0.11604
1694,0.08454
1695,0.09423000000000001
1696,0.06992
1697,0.0165
1698,0.0
1699,0.0
1700,0.0
1701,0.0
1702,0.0
1703,0.0
1704,0.0
1705,0.0
1706,0.0
1707,0.0
1708,0.0
1709,0.0
1710,0.00802
1711,0.05221
1712,0.06745999999999999
1713,0.07682
1714,0.11139
1715,0.12423999999999999
1716,0.10906999999999999
1717,0.12459
1718,0.19085
1719,0.12043000000000001
1720,0.048850000000000005
1721,0.01332
1722,0.0
1723,0.0
1724,0.0
1725,0.0
1726,0.0
1727,0.0
1728,0.0
1729,0.0
1730,0.0
1731,0.0
1732,0.0
1733,0.0
1734,0.0074800000000000005
1735,0.05011
1736,0.06972
1737,0.0819
1738,0.09361
1739,0.1151
1740,0.17971
1741,0.14777
1742,0.11905
1743,0.14432
1744,0.06041
1745,0.02475
1746,0.0
1747,0.0
1748,0.0
1749,0.0
1750,0.0
1751,0.0
1752,0.0
1753,0.0
1754,0.0
1755,0.0
1756,0.0
1757,0.0
1758,0.00928
1759,0.04779
1760,0.0757
1761,0.09076000000000001
1762,0.10867
1763,0.12678
1764,0.13616
1765,0.12822
1766,0.09743
1767,0.09579
1768,0.060450000000000004
1769,0.01482
1770,0.0
1771,0.0
1772,0.0
1773,0.0
1774,0.0
1775,0.0
1776,0.0
1777,0.0
1778,0.0
1779,0.0
1780,0.0
1781,0.0
1782,0.0077599999999999995
1783,0.045329999999999995
1784,0.06484999999999999
1785,0.07662999999999999
1786,0.0852
1787,0.08673
1788,0.08768000000000001
1789,0.09648999999999999
1790,0.10455
1791,0.08704
1792,0.04685
1793,0.020829999999999998
1794,0.0
1795,0.0
1796,0.0
1797,0.0
1798,0.0
1799,0.0
1800,0.0
1801,0.0
1802,0.0
1803,0.0
1804,0.0
1805,0.0
1806,0.00885
1807,0.04486
1808,0.0645
1809,0.07323
1810,0.13103
1811,0.08716
1812,0.0995
1813,0.11744
1814,0.08843000000000001
1815,0.09247
1816,0.05117
1817,0.01503
1818,0.0
1819,0.0
1820,0.0
1821,0.0
1822,0.0
1823,0.0
1824,0.0
1825,0.0
1826,0.0
1827,0.0
1828,0.0
1829,0.0
1830,0.00899
1831,0.05085
1832,0.09068000000000001
1833,0.14306
1834,0.18439
1835,0.17053000000000001
1836,0.15816999999999998
1837,0.13881
1838,0.14635
1839,0.06984
1840,0.05539
1841,0.0182
1842,0.0
1843,0.0
1844,0.0
1845,0.0
1846,0.0
1847,0.0
1848,0.0
1849,0.0
1850,0.0
1851,0.0
1852,0.0
1853,0.0
1854,0.010369999999999999
1855,0.05465999999999999
1856,0.09595000000000001
1857,0.14599
1858,0.12665
1859,0.13441999999999998
1860,0.18062999999999999
1861,0.14707
1862,0.13216999999999998
1863,0.11479
1864,0.06647
1865,0.01593
1866,0.0
1867,0.0
1868,0.0
1869,0.0
1870,0.0
1871,0.0
1872,0.0
1873,0.0
1874,0.0
1875,0.0
1876,0.0
1877,0.0
1878,0.00741
1879,0.049729999999999996
1880,0.07264
1881,0.09874
1882,0.09278
1883,0.12934
1884,0.13087000000000001
1885,0.15919
1886,0.10426
1887,0.10943000000000001
1888,0.07828
1889,0.02109
1890,0.0
1891,0.0
1892,0.0
1893,0.0
1894,0.0
1895,0.0
1896,0.0
1897,0.0
1898,0.0
1899,0.0
1900,0.0
1901,0.0
1902,0.0086
1903,0.042159999999999996
1904,0.10464
1905,0.16621
1906,0.19261
1907,0.21655000000000002
1908,0.15421
1909,0.17484
1910,0.12874000000000002
1911,0.08392000000000001
1912,0.07488
1913,0.016649999999999998
1914,0.0
1915,0.0
1916,0.0
1917,0.0
1918,0.0
1919,0.0
1920,0.0
1921,0.0
1922,0.0
1923,0.0
1924,0.0
1925,0.0
1926,0.00817
1927,0.06699
1928,0.10881
1929,0.14819
1930,0.18153999999999998
1931,0.1541
1932,0.16448
1933,0.17299
1934,0.15543
1935,0.14456
1936,0.07151
1937,0.018879999999999997
1938,0.0
1939,0.0
1940,0.0
1941,0.0
1942,0.0
1943,0.0
1944,0.0
1945,0.0
1946,0.0
1947,0.0
1948,0.0
1949,0.0
1950,0.0129
1951,0.06062
1952,0.10734
1953,0.12608
1954,0.12612
1955,0.1682
1956,0.15438
1957,0.15355000000000002
1958,0.11393
1959,0.10481
1960,0.048
1961,0.016640000000000002
1962,0.0
1963,0.0
1964,0.0
1965,0.0
1966,0.0
1967,0.0
1968,0.0
1969,0.0
1970,0.0
1971,0.0
1972,0.0
1973,0.0
1974,0.009519999999999999
1975,0.04444
1976,0.07485
1977,0.10326
1978,0.16968
1979,0.15436000000000002
1980,0.16468
1981,0.18415
1982,0.14066
1983,0.13579
1984,0.08019
1985,0.019170000000000003
1986,0.0
1987,0.0
1988,0.0
1989,0.0
1990,0.0
1991,0.0
1992,0.0
1993,0.0
1994,0.0
1995,0.0
1996,0.0
1997,0.0
1998,0.01831
1999,0.08341
2000,0.11585
2001,0.0935
2002,0.11924
2003,0.15472
2004,0.11727
2005,0.12756
2006,0.11475
2007,0.11798
2008,0.08315
2009,0.023280000000000002
2010,0.0
2011,0.0
2012,0.0
2013,0.0
2014,0.0
2015,0.0
2016,0.0
2017,0.0
2018,0.0
2019,0.0
2020,0.0
2021,0.0
2022,0.01475
2023,0.08416
2024,0.11762
2025,0.15936
2026,0.14590999999999998
2027,0.1658
2028,0.12276999999999999
2029,0.10021
2030,0.106
2031,0.09372
2032,0.055420000000000004
2033,0.01921
2034,0.0
2035,0.0
2036,0.0
2037,0.0
2038,0.0
2039,0.0
2040,0.0
2041,0.0
2042,0.0
2043,0.0
2044,0.0
2045,0.0
2046,0.00966
2047,0.049909999999999996
2048,0.07447
2049,0.07314
2050,0.09126000000000001
2051,0.09054999999999999
2052,0.15599000000000002
2053,0.15362
2054,0.12142
2055,0.07528
2056,0.046729999999999994
2057,0.01626
2058,0.0
2059,0.0
2060,0.0
2061,0.0
2062,0.0
2063,0.0
2064,0.0
2065,0.0
2066,0.0
2067,0.0
2068,0.0
2069,0.0
2070,0.00888
2071,0.0475
2072,0.09237999999999999
2073,0.11303
2074,0.09397
2075,0.14899
2076,0.22721
2077,0.11628
2078,0.13901
2079,0.11528000000000001
2080,0.07285
2081,0.019129999999999998
2082,0.0
2083,0.0
2084,0.0
2085,0.0
2086,0.0
2087,0.0
2088,0.0
2089,0.0
2090,0.0
2091,0.0
2092,0.0
2093,0.0
2094,0.01276
2095,0.05662
2096,0.08499
2097,0.10211
2098,0.14909999999999998
2099,0.14871
2100,0.26139
2101,0.20364
2102,0.23871
2103,0.1394
2104,0.08379
2105,0.0273
2106,0.0
2107,0.0
2108,0.0
2109,0.0
2110,0.0
2111,0.0
2112,0.0
2113,0.0
2114,0.0
2115,0.0
2116,0.0
2117,0.0
2118,0.02038
2119,0.07765999999999999
2120,0.16634000000000002
2121,0.17752
2122,0.2253
2123,0.21131
2124,0.22611
2125,0.14792
2126,0.14898
2127,0.11202
2128,0.06495999999999999
2129,0.022019999999999998
2130,0.0
2131,0.0
2132,0.0
2133,0.0
2134,0.0
2135,0.0
2136,0.0
2137,0.0
2138,0.0
2139,0.0
2140,0.0
2141,0.0
2142,0.00975
2143,0.05846
2144,0.10264
2145,0.11283
2146,0.10642
2147,0.10518000000000001
2148,0.14076
2149,0.12390999999999999
2150,0.11896
2151,0.13746
2152,0.06469
2153,0.01691
2154,0.0
2155,0.0
2156,0.0
2157,0.0
2158,0.0
2159,0.0
2160,0.0
2161,0.0
2162,0.0
2163,0.0
2164,0.0
2165,0.0
2166,0.01251
2167,0.06385
2168,0.12124
2169,0.18352000000000002
2170,0.19305
2171,0.13296
2172,0.19973
2173,0.20894
2174,0.17285
2175,0.09597
2176,0.08089
2177,0.02491
2178,0.0
2179,0.0
2180,0.0
2181,0.0
2182,0.0
2183,0.0
2184,0.0
2185,0.0
2186,0.0
2187,0.0
2188,0.0
2189,0.0
2190,0.01329
2191,0.04929
2192,0.0726
2193,0.11105
2194,0.18616999999999997
2195,0.24628
2196,0.20378
2197,0.12125
2198,0.08618
2199,0.09636
2200,0.06881
2201,0.024579999999999998
2202,0.0
2203,0.0
2204,0.0
2205,0.0
2206,0.0
2207,0.0
2208,0.0
2209,0.0
2210,0.0
2211,0.0
2212,0.0
2213,0.0
2214,0.01641
2215,0.05357
2216,0.07589
2217,0.08926
2218,0.09305
2219,0.11393
2220,0.14153
2221,0.13885
2222,0.105
2223,0.08184000000000001
2224,0.04979
2225,0.013619999999999998
2226,0.0
2227,0.0
2228,0.0
2229,0.0
2230,0.0
2231,0.0
2232,0.0
2233,0.0
2234,0.0
2235,0.0
2236,0.0
2237,0.0
2238,0.01428
2239,0.04904
2240,0.06797
2241,0.08133
2242,0.08651
2243,0.1242
2244,0.12214
2245,0.08871
2246,0.09325
2247,0.09803
2248,0.055159999999999994
2249,0.01837
2250,0.0
2251,0.0
2252,0.0
2253,0.0
2254,0.0
2255,0.0
2256,0.0
2257,0.0
2258,0.0
2259,0.0
2260,0.0
2261,0.0
2262,0.019969999999999998
2263,0.056420000000000005
2264,0.07753
2265,0.09267
2266,0.08473
2267,0.09459999999999999
2268,0.10045
2269,0.08756
2270,0.08284
2271,0.09711
2272,0.09162999999999999
2273,0.019530000000000002
2274,0.0
2275,0.0
2276,0.0
2277,0.0
2278,0.0
2279,0.0
2280,0.0
2281,0.0
2282,0.0
2283,0.0
2284,0.0
2285,0.0
2286,0.01802
2287,0.06252
2288,0.06405
2289,0.0819
2290,0.08685999999999999
2291,0.0853
2292,0.09028
2293,0.12412000000000001
2294,0.08662
2295,0.09491
2296,0.055409999999999994
2297,0.01625
2298,0.0
2299,0.0
2300,0.0
2301,0.0
2302,0.0
2303,0.0
2304,0.0
2305,0.0
2306,0.0
2307,0.0
2308,0.0
2309,0.0
2310,0.01575
2311,0.05243
2312,0.09766
2313,0.10853
2314,0.09486
2315,0.15421
2316,0.11691
2317,0.10557
2318,0.10549
2319,0.1087
2320,0.05897
2321,0.01572
2322,0.0
2323,0.0
2324,0.0
2325,0.0
2326,0.0
2327,0.0
2328,0.0
2329,0.0
2330,0.0
2331,0.0
2332,0.0
2333,0.0
2334,0.01653
2335,0.07698999999999999
2336,0.12163
2337,0.11231999999999999
2338,0.10454000000000001
2339,0.12953
2340,0.15306999999999998
2341,0.13229
2342,0.17834999999999998
2343,0.09047
2344,0.06358
2345,0.023059999999999997
2346,0.0
2347,0.0
2348,0.0
2349,0.0
2350,0.0
2351,0.0
2352,0.0
2353,0.0
2354,0.0
2355,0.0
2356,0.0
2357,0.0
2358,0.01584
2359,0.06625
2360,0.10596
2361,0.09317
2362,0.09206
2363,0.15213
2364,0.11302
2365,0.11806
2366,0.08794
2367,0.07062
2368,0.04935
2369,0.015189999999999999
2370,0.0
2371,0.0
2372,0.0
2373,0.0
2374,0.0
2375,0.0
2376,0.0
2377,0.0
2378,0.0
2379,0.0
2380,0.0
2381,0.0
2382,0.02004
2383,0.08689
2384,0.15483000000000002
2385,0.16556
2386,0.17968
2387,0.1648
2388,0.16238999999999998
2389,0.17429
2390,0.17899
2391,0.14704
2392,0.07939
2393,0.01716
2394,0.0
2395,0.0
2396,0.0
2397,0.0
2398,0.0
2399,0.0
2400,0.0
2401,0.0
2402,0.0
2403,0.0
2404,0.0
2405,0.0
2406,0.02402
2407,0.06942
2408,0.10732
2409,0.11968999999999999
2410,0.15037999999999999
2411,0.23787
2412,0.28169
2413,0.24286000000000002
2414,0.19793
2415,0.14296999999999999
2416,0.07501999999999999
2417,0.02166
2418,0.0
2419,0.0
2420,0.0
2421,0.0
2422,0.0
2423,0.0
2424,0.0
2425,0.0
2426,0.0
2427,0.0
2428,0.0
2429,0.0
2430,0.02076
2431,0.05697
2432,0.1263
2433,0.14447
2434,0.21393
2435,0.22406
2436,0.18200999999999998
2437,0.19093000000000002
2438,0.16552
2439,0.12127
2440,0.08083
2441,0.02112
2442,0.0
2443,0.0
2444,0.0
2445,0.0
2446,0.0
2447,0.0
2448,0.0
2449,0.0
2450,0.0
2451,0.0
2452,0.0
2453,0.0
2454,0.019829999999999997
2455,0.05848
2456,0.10759
2457,0.10986
2458,0.09543
2459,0.09904
2460,0.13967
2461,0.21888
2462,0.11964
2463,0.11753
2464,0.06834
2465,0.015380000000000001
2466,0.0
2467,0.0
2468,0.0
2469,0.0
2470,0.0
2471,0.0
2472,0.0
2473,0.0
2474,0.0
2475,0.0
2476,0.0
2477,0.0
2478,0.0193
2479,0.062240000000000004
2480,0.08929000000000001
2481,0.10298
2482,0.12142
2483,0.09705
2484,0.13491
2485,0.09868
2486,0.08973
2487,0.07811
2488,0.05066
2489,0.01858
2490,0.0
2491,0.0
2492,0.0
2493,0.0
2494,0.0
2495,0.0
2496,0.0
2497,0.0
2498,0.0
2499,0.0
2500,0.0
2501,0.0
2502,0.01715
2503,0.0433
2504,0.07479999999999999
2505,0.08545
2506,0.08932999999999999
2507,0.12023
2508,0.12692
2509,0.18515
2510,0.1044
2511,0.1377
2512,0.07593000000000001
2513,0.023989999999999997
2514,0.0
2515,0.0
2516,0.0
2517,0.0
2518,0.0
2519,0.0
2520,0.0
2521,0.0
2522,0.0
2523,0.0
2524,0.0
2525,0.0
2526,0.02831
2527,0.08907999999999999
2528,0.17792
2529,0.1906
2530,0.18991999999999998
2531,0.17197
2532,0.18209999999999998
2533,0.12006
2534,0.11415
2535,0.07795
2536,0.05803
2537,0.0144
2538,0.0
2539,0.0
2540,0.0
2541,0.0
2542,0.0
2543,0.0
2544,0.0
2545,0.0
2546,0.0
2547,0.0
2548,0.0
2549,0.0
2550,0.020059999999999998
2551,0.06681999999999999
2552,0.07574
2553,0.11631
2554,0.11134999999999999
2555,0.15919999999999998
2556,0.12168999999999999
2557,0.09516
2558,0.103
2559,0.08743000000000001
2560,0.06149
2561,0.0167
2562,0.0
2563,0.0
2564,0.0
2565,0.0
2566,0.0
2567,0.0
2568,0.0
2569,0.0
2570,0.0
2571,0.0
2572,0.0
2573,0.0
2574,0.0216
2575,0.07626000000000001
2576,0.14683000000000002
2577,0.19962
2578,0.14376
2579,0.28478
2580,0.15205000000000002
2581,0.18627000000000002
2582,0.14548
2583,0.061380000000000004
2584,0.05805
2585,0.01472
2586,0.0
2587,0.0
2588,0.0
2589,0.0
2590,0.0
2591,0.0
2592,0.0
2593,0.0
2594,0.0
2595,0.0
2596,0.0
2597,0.0
2598,0.02057
2599,0.052899999999999996
2600,0.06554
2601,0.07945999999999999
2602,0.07848000000000001
2603,0.09659000000000001
2604,0.16834
2605,0.16872
2606,0.08999
2607,0.10737000000000001
2608,0.06389
2609,0.01626
2610,0.0
2611,0.0
2612,0.0
2613,0.0
2614,0.0
2615,0.0
2616,0.0
2617,0.0
2618,0.0
2619,0.0
2620,0.0
2621,0.0
2622,0.0169
2623,0.046130000000000004
2624,0.07074
2625,0.10081
2626,0.10129
2627,0.15999000000000002
2628,0.11602
2629,0.16063999999999998
2630,0.18427000000000002
2631,0.11409
2632,0.07246999999999999
2633,0.019969999999999998
2634,0.0
2635,0.0
2636,0.0
2637,0.0
2638,0.0
2639,0.0
2640,0.0
2641,0.0
2642,0.0
2643,0.0
2644,0.0
2645,0.0
2646,0.02398
2647,0.06661
2648,0.09264
2649,0.14678
2650,0.17281
2651,0.25162
2652,0.23535
2653,0.22159
2654,0.13788
2655,0.07593000000000001
2656,0.0665
2657,0.02017
2658,0.0
2659,0.0
2660,0.0
2661,0.0
2662,0.0
2663,0.0
2664,0.0
2665,0.0
2666,0.0
2667,0.0
2668,0.0
2669,0.0
2670,0.03007
2671,0.08401
2672,0.12537
2673,0.18393
2674,0.22747
2675,0.23284
2676,0.21334
2677,0.23162
2678,0.17799
2679,0.06477
2680,0.07791
2681,0.02237
2682,0.0
2683,0.0
2684,0.0
2685,0.0
2686,0.0
2687,0.0
2688,0.0
2689,0.0
2690,0.0
2691,0.0
2692,0.0
2693,0.0
2694,0.03604
2695,0.08289
2696,0.15838
2697,0.18303999999999998
2698,0.2384
2699,0.29058
2700,0.31254000000000004
2701,0.15430000000000002
2702,0.20708000000000001
2703,0.15535
2704,0.09217
2705,0.0275
2706,0.0
2707,0.0
2708,0.0
2709,0.0
2710,0.0
2711,0.0
2712,0.0
2713,0.0
2714,0.0
2715,0.0
2716,0.0
2717,0.0
2718,0.03174
2719,0.08634
2720,0.14546
2721,0.18872
2722,0.21384
2723,0.26013
2724,0.21315
2725,0.16371
2726,0.13691
2727,0.10049
2728,0.0416
2729,0.018420000000000002
2730,0.0
2731,0.0
2732,0.0
2733,0.0
2734,0.0
2735,0.0
2736,0.0
2737,0.0
2738,0.0
2739,0.0
2740,0.0
2741,0.0
2742,0.023739999999999997
2743,0.06357
2744,0.0887
2745,0.1052
2746,0.08807
2747,0.10956999999999999
2748,0.08673
2749,0.10943000000000001
2750,0.09689
2751,0.11044
2752,0.07495
2753,0.02186
2754,0.0
2755,0.0
2756,0.0
2757,0.0
2758,0.0
2759,0.0
2760,0.0
2761,0.0
2762,0.0
2763,0.0
2764,0.0
2765,0.0
2766,0.03569
2767,0.12084
2768,0.14984999999999998
2769,0.16086
2770,0.22137
2771,0.18519
2772,0.16736
2773,0.13541
2774,0.1042
2775,0.12354000000000001
2776,0.07386
2777,0.01541
2778,0.0
2779,0.0
2780,0.0
2781,0.0
2782,0.0
2783,0.0
2784,0.0
2785,0.0
2786,0.0
2787,0.0
2788,0.0
2789,0.0
2790,0.02134
2791,0.05241
2792,0.06997
2793,0.07575
2794,0.08889
2795,0.08279
2796,0.09034
2797,0.11465
2798,0.11259999999999999
2799,0.10798
2800,0.05043
2801,0.01524
2802,0.0
2803,0.0
2804,0.0
2805,0.0
2806,0.0
2807,0.0
2808,0.0
2809,0.0
2810,0.0
2811,0.0
2812,0.0
2813,0.0
2814,0.0215
2815,0.05192
2816,0.05956
2817,0.07598999999999999
2818,0.12311
2819,0.08731
2820,0.10776999999999999
2821,0.11602
2822,0.11762
2823,0.12968000000000002
2824,0.08911
2825,0.02468
2826,0.0
2827,0.0
2828,0.0
2829,0.0
2830,0.0
2831,0.0
2832,0.0
2833,0.0
2834,0.0
2835,0.0
2836,0.0
2837,0.0
2838,0.03614
2839,0.11019
2840,0.169
2841,0.20448
2842,0.24294
2843,0.23939
2844,0.3115
2845,0.24107
2846,0.2081
2847,0.07196999999999999
2848,0.05908
2849,0.02067
2850,0.0
2851,0.0
2852,0.0
2853,0.0
2854,0.0
2855,0.0
2856,0.0
2857,0.0
2858,0.0
2859,0.0
2860,0.0
2861,0.0
2862,0.03331
2863,0.09420999999999999
2864,0.16155
2865,0.17216
2866,0.18730000000000002
2867,0.21434999999999998
2868,0.27504
2869,0.18849000000000002
2870,0.16547
2871,0.17699
2872,0.08745
2873,0.020300000000000002
2874,0.0
2875,0.0
2876,0.0
2877,0.0
2878,0.0
2879,0.0
2880,0.0
2881,0.0
2882,0.0
2883,0.0
2884,0.0
2885,0.0
2886,0.024149999999999998
2887,0.09687
2888,0.18125
2889,0.24080000000000001
2890,0.24011000000000002
2891,0.25799
2892,0.29808999999999997
2893,0.25118
2894,0.20154
2895,0.14393
2896,0.07804000000000001
2897,0.028739999999999998
2898,0.0
2899,0.0
2900,0.0
2901,0.0
2902,0.0
2903,0.0
2904,0.0
2905,0.0
2906,0.0
2907,0.0
2908,0.0
2909,0.0
2910,0.027379999999999998
2911,0.10643000000000001
2912,0.17352
2913,0.21129
2914,0.2733
2915,0.26703
2916,0.19709000000000002
2917,0.16071000000000002
2918,0.19332
2919,0.09173
2920,0.07257
2921,0.01559
2922,0.0
2923,0.0
2924,0.0
2925,0.0
2926,0.0
2927,0.0
2928,0.0
2929,0.0
2930,0.0
2931,0.0
2932,0.0
2933,0.0
2934,0.02623
2935,0.0663
2936,0.15091
2937,0.21794999999999998
2938,0.24847
2939,0.24968
2940,0.26696
2941,0.20186
2942,0.16863999999999998
2943,0.09648000000000001
2944,0.05684
2945,0.01525
2946,0.0
2947,0.0
2948,0.0
2949,0.0
2950,0.0
2951,0.0
2952,0.0
2953,0.0
2954,0.0
2955,0.0
2956,0.0
2957,0.0
2958,0.006019999999999999
2959,0.027010000000000003
2960,0.09512999999999999
2961,0.11812
2962,0.14483000000000001
2963,0.12359
2964,0.23126
2965,0.16779
2966,0.14787
2967,0.13547
2968,0.06897
2969,0.01754
2970,0.0
2971,0.0
2972,0.0
2973,0.0
2974,0.0
2975,0.0
2976,0.0
2977,0.0
2978,0.0
2979,0.0
2980,0.0
2981,0.0
2982,0.020149999999999998
2983,0.059969999999999996
2984,0.08778
2985,0.1034
2986,0.14322
2987,0.27285000000000004
2988,0.18997
2989,0.18471
2990,0.12217
2991,0.09484000000000001
2992,0.05012
2993,0.019190000000000002
2994,0.0
2995,0.0
2996,0.0
2997,0.0
2998,0.0
2999,0.0
3000,0.0
3001,0.0
3002,0.0
3003,0.0
3004,0.0
3005,0.0
3006,0.024730000000000002
3007,0.06566
3008,0.09961
3009,0.10128
3010,0.14239
3011,0.1308
3012,0.24903
3013,0.17865
3014,0.11793000000000001
3015,0.0995
3016,0.07132
3017,0.0162
3018,0.0
3019,0.0
3020,0.0
3021,0.0
3022,0.0
3023,0.0
3024,0.0
3025,0.0
3026,0.0
3027,0.0
3028,0.0
3029,0.0
3030,0.03127
3031,0.06415000000000001
3032,0.08442
3033,0.14958000000000002
3034,0.13108
3035,0.16488
3036,0.20565
3037,0.22522
3038,0.18888999999999997
3039,0.08909
3040,0.07867
3041,0.019620000000000002
3042,0.0
3043,0.0
3044,0.0
3045,0.0
3046,0.0
3047,0.0
3048,0.0
3049,0.0
3050,0.0
3051,0.0
3052,0.0
3053,0.0
3054,0.023969999999999998
3055,0.11026999999999999
3056,0.15738
3057,0.19215000000000002
3058,0.2046
3059,0.24834
3060,0.24614
3061,0.26969
3062,0.22363999999999998
3063,0.143
3064,0.0968
3065,0.02411
3066,0.0
3067,0.0
3068,0.0
3069,0.0
3070,0.0
3071,0.0
3072,0.0
3073,0.0
3074,0.0
3075,0.0
3076,0.0
3077,0.0
3078,0.041979999999999996
3079,0.09765
3080,0.08764
3081,0.10906
3082,0.16984
3083,0.17674
3084,0.18228999999999998
3085,0.13786
3086,0.12721
3087,0.10351
3088,0.09581
3089,0.0156
3090,0.0
3091,0.0
3092,0.0
3093,0.0
3094,0.0
3095,0.0
3096,0.0
3097,0.0
3098,0.0
3099,0.0
3100,0.0
3101,0.0
3102,0.03037
3103,0.06112
3104,0.10167
3105,0.11379
3106,0.0994
3107,0.13794
3108,0.16828
3109,0.21134999999999998
3110,0.14074
3111,0.13386
3112,0.08084000000000001
3113,0.01899
3114,0.0
3115,0.0
3116,0.0
3117,0.0
3118,0.0
3119,0.0
3120,0.0
3121,0.0
3122,0.0
3123,0.0
3124,0.0
3125,0.0
3126,0.03239
3127,0.09670999999999999
3128,0.14565
3129,0.21506999999999998
3130,0.21056999999999998
3131,0.19446000000000002
3132,0.23348
3133,0.16412000000000002
3134,0.21666999999999997
3135,0.10298
3136,0.05045
3137,0.0172
3138,0.0
3139,0.0
3140,0.0
3141,0.0
3142,0.0
3143,0.0
3144,0.0
3145,0.0
3146,0.0
3147,0.0
3148,0.0
3149,0.0
3150,0.03384
3151,0.10399
3152,0.10604999999999999
3153,0.20992
3154,0.24211000000000002
3155,0.27707
3156,0.23765
3157,0.23032
3158,0.23495
3159,0.16309
3160,0.08578
3161,0.02278
3162,0.0
3163,0.0
3164,0.0
3165,0.0
3166,0.0
3167,0.0
3168,0.0
3169,0.0
3170,0.0
3171,0.0
3172,0.0
3173,0.0
3174,0.038329999999999996
3175,0.11839
3176,0.20023
3177,0.24006
3178,0.25418999999999997
3179,0.19966
3180,0.2025
3181,0.18034
3182,0.1901
3183,0.12785
3184,0.04188
3185,0.0074
3186,0.0
3187,0.0
3188,0.0
3189,0.0
3190,0.0
3191,0.0
3192,0.0
3193,0.0
3194,0.0
3195,0.0
3196,0.0
3197,0.0
3198,0.0277
3199,0.06958
3200,0.10859
3201,0.16399
3202,0.20319
3203,0.31081
3204,0.27373000000000003
3205,0.26350999999999997
3206,0.21237
3207,0.13677
3208,0.0576
3209,0.01647
3210,0.0
3211,0.0
3212,0.0
3213,0.0
3214,0.0
3215,0.0
3216,0.0
3217,0.0
3218,0.0
3219,0.0
3220,0.0
3221,0.0
3222,0.03056
3223,0.09562000000000001
3224,0.13399
3225,0.21503
3226,0.26130000000000003
3227,0.31332
3228,0.27522
3229,0.24142
3230,0.1737
3231,0.14502
3232,0.08517
3233,0.020829999999999998
3234,0.0
3235,0.0
3236,0.0
3237,0.0
3238,0.0
3239,0.0
3240,0.0
3241,0.0
3242,0.0
3243,0.0
3244,0.0
3245,0.0
3246,0.03102
3247,0.08137
3248,0.13859
3249,0.19226
3250,0.21619999999999998
3251,0.1834
3252,0.18863999999999997
3253,0.27432999999999996
3254,0.19643
3255,0.1368
3256,0.07881
3257,0.02357
3258,0.0
3259,0.0
3260,0.0
3261,0.0
3262,0.0
3263,0.0
3264,0.0
3265,0.0
3266,0.0
3267,0.0
3268,0.0
3269,0.0
3270,0.03304
3271,0.11714
3272,0.18156
3273,0.18772999999999998
3274,0.19534
3275,0.19453
3276,0.15612
3277,0.22688
3278,0.13161
3279,0.09734999999999999
3280,0.05028
3281,0.02293
3282,0.0
3283,0.0
3284,0.0
3285,0.0
3286,0.0
3287,0.0
3288,0.0
3289,0.0
3290,0.0
3291,0.0
3292,0.0
3293,0.0
3294,0.04008
3295,0.10823999999999999
3296,0.14043
3297,0.15954
3298,0.21469
3299,0.2777
3300,0.29538
3301,0.21259999999999998
3302,0.14793
3303,0.08265
3304,0.06448999999999999
3305,0.02081
3306,0.0
3307,0.0
3308,0.0
3309,0.0
3310,0.0
3311,0.0
3312,0.0
3313,0.0
3314,0.0
3315,0.0
3316,0.0
3317,0.0
3318,0.03093
3319,0.08226
3320,0.09884
3321,0.11502
3322,0.14422
3323,0.15622999999999998
3324,0.11695
3325,0.15669
3326,0.12546
3327,0.10043
3328,0.04942
3329,0.021
3330,0.0
3331,0.0
3332,0.0
3333,0.0
3334,0.0
3335,0.0
3336,0.0
3337,0.0
3338,0.0
3339,0.0
3340,0.0
3341,0.0
3342,0.028489999999999998
3343,0.07203
3344,0.11664
3345,0.14039
3346,0.1779
3347,0.21430000000000002
3348,0.26418
3349,0.25046
3350,0.17699
3351,0.11791
3352,0.07768000000000001
3353,0.02416
3354,0.0
3355,0.0
3356,0.0
3357,0.0
3358,0.0
3359,0.0
3360,0.0
3361,0.0
3362,0.0
3363,0.0
3364,0.0
3365,0.0
3366,0.02887
3367,0.0669
3368,0.12117
3369,0.15881
3370,0.22556
3371,0.22673
3372,0.2246
3373,0.20492
3374,0.15891999999999998
3375,0.12656
3376,0.07131
3377,0.019600000000000003
3378,0.0
3379,0.0
3380,0.0
3381,0.0
3382,0.0
3383,0.0
3384,0.0
3385,0.0
3386,0.0
3387,0.0
3388,0.0
3389,0.0
3390,0.02085
3391,0.08814
3392,0.15782
3393,0.20693
3394,0.27127999999999997
3395,0.28876999999999997
3396,0.29228
3397,0.23814
3398,0.22028999999999999
3399,0.15397999999999998
3400,0.0629
3401,0.02898
3402,0.0
3403,0.0
3404,0.0
3405,0.0
3406,0.0
3407,0.0
3408,0.0
3409,0.0
3410,0.0
3411,0.0
3412,0.0
3413,0.0
3414,0.03617
3415,0.07884999999999999
3416,0.16131
3417,0.17987999999999998
3418,0.19616999999999998
3419,0.21430000000000002
3420,0.19271000000000002
3421,0.24279
3422,0.1951
3423,0.13673
3424,0.07537999999999999
3425,0.02052
3426,0.0
3427,0.0
3428,0.0
3429,0.0
3430,0.0
3431,0.0
3432,0.0
3433,0.0
3434,0.0
3435,0.0
3436,0.0
3437,0.0
3438,0.0353
3439,0.09437000000000001
3440,0.11979000000000001
3441,0.18668
3442,0.2036
3443,0.18897999999999998
3444,0.22588999999999998
3445,0.28417000000000003
3446,0.19154
3447,0.11555
3448,0.048100000000000004
3449,0.0211
3450,0.0
3451,0.0
3452,0.0
3453,0.0
3454,0.0
3455,0.0
3456,0.0
3457,0.0
3458,0.0
3459,0.0
3460,0.0
3461,0.0
3462,0.024550000000000002
3463,0.05929
3464,0.09829
3465,0.11684
3466,0.13174
3467,0.24032
3468,0.22247999999999998
3469,0.20613
3470,0.18155000000000002
3471,0.11711
3472,0.07779000000000001
3473,0.01991
3474,0.0
3475,0.0
3476,0.0
3477,0.0
3478,0.0
3479,0.0
3480,0.0
3481,0.0
3482,0.0
3483,0.0
3484,0.0
3485,0.0
3486,0.03381
3487,0.07239
3488,0.08753
3489,0.10762000000000001
3490,0.12886
3491,0.19288999999999998
3492,0.14106
3493,0.21127
3494,0.14377
3495,0.13808
3496,0.0788
3497,0.023280000000000002
3498,0.0
3499,0.0
3500,0.0
3501,0.0
3502,0.0
3503,0.0
3504,0.0
3505,0.0
3506,0.0
3507,0.0
3508,0.0
3509,0.0
3510,0.03711
3511,0.10447
3512,0.14424
3513,0.19033
3514,0.17524
3515,0.24291
3516,0.20117
3517,0.15256
3518,0.17022
3519,0.14528
3520,0.062299999999999994
3521,0.02573
3522,0.0
3523,0.0
3524,0.0
3525,0.0
3526,0.0
3527,0.0
3528,0.0
3529,0.0
3530,0.0
3531,0.0
3532,0.0
3533,0.0
3534,0.04145
3535,0.11868000000000001
3536,0.15788
3537,0.19936
3538,0.18453999999999998
3539,0.17973
3540,0.22528
3541,0.20874
3542,0.19041999999999998
3543,0.13936
3544,0.054
3545,0.02752
3546,0.0
3547,0.0
3548,0.0
3549,0.0
3550,0.0
3551,0.0
3552,0.0
3553,0.0
3554,0.0
3555,0.0
3556,0.0
3557,0.0
3558,0.031100000000000003
3559,0.08445
3560,0.12464
3561,0.17199
3562,0.1418
3563,0.16501
3564,0.20104
3565,0.16183
3566,0.15012
3567,0.10413
3568,0.07013
3569,0.02077
3570,0.0
3571,0.0
3572,0.0
3573,0.0
3574,0.0
3575,0.0
3576,0.0
3577,0.0
3578,0.0
3579,0.0
3580,0.0
3581,0.0
3582,0.02517
3583,0.05262
3584,0.06455
3585,0.08832999999999999
3586,0.14001
3587,0.1584
3588,0.20852
3589,0.14116
3590,0.15215
3591,0.08341
3592,0.06723
3593,0.02346
3594,0.0
3595,0.0
3596,0.0
3597,0.0
3598,0.0
3599,0.0
3600,0.0
3601,0.0
3602,0.0
3603,0.0
3604,0.0
3605,0.0
3606,0.02759
3607,0.054700000000000006
3608,0.09209999999999999
3609,0.09498000000000001
3610,0.16221000000000002
3611,0.20074
3612,0.19681
3613,0.17418
3614,0.14612
3615,0.09795000000000001
3616,0.07576000000000001
3617,0.0176
3618,0.0
3619,0.0
3620,0.0
3621,0.0
3622,0.0
3623,0.0
3624,0.0
3625,0.0
3626,0.0
3627,0.0
3628,0.0
3629,0.0
3630,0.0246
3631,0.05907
3632,0.08073999999999999
3633,0.1227
3634,0.11464
3635,0.11091
3636,0.10747
3637,0.10154
3638,0.09418000000000001
3639,0.07925
3640,0.05332
3641,0.02228
3642,0.0
3643,0.0
3644,0.0
3645,0.0
3646,0.0
3647,0.0
3648,0.0
3649,0.0
3650,0.0
3651,0.0
3652,0.0
3653,0.0
3654,0.02343
3655,0.04764
3656,0.061399999999999996
3657,0.07085
3658,0.07564
3659,0.08098999999999999
3660,0.07837000000000001
3661,0.09319
3662,0.08176
3663,0.06797
3664,0.04922
3665,0.01939
3666,0.0
3667,0.0
3668,0.0
3669,0.0
3670,0.0
3671,0.0
3672,0.0
3673,0.0
3674,0.0
3675,0.0
3676,0.0
3677,0.0
3678,0.02471
3679,0.05929
3680,0.08567
3681,0.10272
3682,0.12347
3683,0.10661
3684,0.10978
3685,0.20454
3686,0.12290000000000001
3687,0.08997
3688,0.06346
3689,0.02445
3690,0.0
3691,0.0
3692,0.0
3693,0.0
3694,0.0
3695,0.0
3696,0.0
3697,0.0
3698,0.0
3699,0.0
3700,0.0
3701,0.0
3702,0.03616
3703,0.07742
3704,0.13106
3705,0.16969
3706,0.20051
3707,0.17545
3708,0.25146999999999997
3709,0.28372
3710,0.16933
3711,0.1133
3712,0.09727
3713,0.03774
3714,0.0
3715,0.0
3716,0.0
3717,0.0
3718,0.0
3719,0.0
3720,0.0
3721,0.0
3722,0.0
3723,0.0
3724,0.0
3725,0.0
3726,0.02513
3727,0.11184999999999999
3728,0.19416999999999998
3729,0.2052
3730,0.22786
3731,0.23987999999999998
3732,0.25601
3733,0.15575999999999998
3734,0.07959999999999999
3735,0.039520000000000007
3736,0.02886
3737,0.0035800000000000003
3738,0.0
3739,0.0
3740,0.0
3741,0.0
3742,0.0
3743,0.0
3744,0.0
3745,0.0
3746,0.0
3747,0.0
3748,0.0
3749,0.0
3750,0.02729
3751,0.08697
3752,0.14624
3753,0.18808000000000002
3754,0.27713
3755,0.27923000000000003
3756,0.22082
3757,0.24642
3758,0.20226
3759,0.15597999999999998
3760,0.09071
3761,0.030789999999999998
3762,0.0
3763,0.0
3764,0.0
3765,0.0
3766,0.0
3767,0.0
3768,0.0
3769,0.0
3770,0.0
3771,0.0
3772,0.0
3773,0.0
3774,0.04187
3775,0.10131
3776,0.15465
3777,0.17901
3778,0.2044
3779,0.2635
3780,0.18662
3781,0.24428999999999998
3782,0.2033
3783,0.15209
3784,0.07918
3785,0.03388
3786,0.0
3787,0.0
3788,0.0
3789,0.0
3790,0.0
3791,0.0
3792,0.0
3793,0.0
3794,0.0
3795,0.0
3796,0.0
3797,0.0
3798,0.02693
3799,0.05925
3800,0.07686
3801,0.11538
3802,0.12473999999999999
3803,0.10395
3804,0.10426
3805,0.27448
3806,0.18830000000000002
3807,0.12969
3808,0.10239
3809,0.03567
3810,0.0
3811,0.0
3812,0.0
3813,0.0
3814,0.0
3815,0.0
3816,0.0
3817,0.0
3818,0.0
3819,0.0
3820,0.0
3821,0.0
3822,0.03746
3823,0.07007
3824,0.08365
3825,0.09509999999999999
3826,0.13874
3827,0.18963999999999998
3828,0.10848999999999999
3829,0.10969
3830,0.12479000000000001
3831,0.09276999999999999
3832,0.03593
3833,0.01446
3834,0.0
3835,0.0
3836,0.0
3837,0.0
3838,0.0
3839,0.0
3840,0.0
3841,0.0
3842,0.0
3843,0.0
3844,0.0
3845,0.0
3846,0.03506
3847,0.09801
3848,0.18042
3849,0.19393000000000002
3850,0.23436
3851,0.19486
3852,0.15153999999999998
3853,0.175
3854,0.19921
3855,0.15555000000000002
3856,0.07975
3857,0.02204
3858,0.0
3859,0.0
3860,0.0
3861,0.0
3862,0.0
3863,0.0
3864,0.0
3865,0.0
3866,0.0
3867,0.0
3868,0.0
3869,0.0
3870,0.01762
3871,0.037079999999999995
3872,0.08376
3873,0.19369
3874,0.22694
3875,0.33681
3876,0.32615
3877,0.28608
3878,0.21106999999999998
3879,0.14587999999999998
3880,0.07722
3881,0.0319
3882,0.0
3883,0.0
3884,0.0
3885,0.0
3886,0.0
3887,0.0
3888,0.0
3889,0.0
3890,0.0
3891,0.0
3892,0.0
3893,0.0
3894,0.02077
3895,0.05662
3896,0.13127
3897,0.22995
3898,0.28264
3899,0.26556
3900,0.21836000000000003
3901,0.25122
3902,0.20884
3903,0.13732
3904,0.09713
3905,0.03269
3906,0.0
3907,0.0
3908,0.0
3909,0.0
3910,0.0
3911,0.0
3912,0.0
3913,0.0
3914,0.0
3915,0.0
3916,0.0
3917,0.0
3918,0.02341
3919,0.1038
3920,0.1641
3921,0.2064
3922,0.24189
3923,0.29186
3924,0.25194
3925,0.11475
3926,0.08215
3927,0.046520000000000006
3928,0.06698
3929,0.02866
3930,0.0
3931,0.0
3932,0.0
3933,0.0
3934,0.0
3935,0.0
3936,0.0
3937,0.0
3938,0.0
3939,0.0
3940,0.0
3941,0.0
3942,0.0318
3943,0.07848999999999999
3944,0.14456
3945,0.13697
3946,0.1479
3947,0.15922999999999998
3948,0.131
3949,0.22206
3950,0.16961
3951,0.11079
3952,0.05028
3953,0.01654
3954,0.0
3955,0.0
3956,0.0
3957,0.0
3958,0.0
3959,0.0
3960,0.0
3961,0.0
3962,0.0
3963,0.0
3964,0.0
3965,0.0
3966,0.03089
3967,0.06912
3968,0.14834
3969,0.22000999999999998
3970,0.22238
3971,0.26062
3972,0.28373000000000004
3973,0.2292
3974,0.19882
3975,0.12569
3976,0.08129
3977,0.032119999999999996
3978,0.0
3979,0.0
3980,0.0
3981,0.0
3982,0.0
3983,0.0
3984,0.0
3985,0.0
3986,0.0
3987,0.0
3988,0.0
3989,0.0
3990,0.02536
3991,0.052700000000000004
3992,0.06775
3993,0.09726
3994,0.13474
3995,0.11998
3996,0.16479
3997,0.18993000000000002
3998,0.16481
3999,0.11075
4000,0.05211
4001,0.023350000000000003
4002,0.0
4003,0.0
4004,0.0
4005,0.0
4006,0.0
4007,0.0
4008,0.0
4009,0.0
4010,0.0
4011,0.0
4012,0.0
4013,0.0
4014,0.03331
4015,0.08119
4016,0.13383
4017,0.22353
4018,0.23315
4019,0.27613
4020,0.2522
4021,0.14169
4022,0.14138
4023,0.16022999999999998
4024,0.07732
4025,0.03607
4026,0.0
4027,0.0
4028,0.0
4029,0.0
4030,0.0
4031,0.0
4032,0.0
4033,0.0
4034,0.0
4035,0.0
4036,0.0
4037,0.0
4038,0.0255
4039,0.09595000000000001
4040,0.17894
4041,0.21937
4042,0.22185
4043,0.28168
4044,0.28425
4045,0.18641
4046,0.20907
4047,0.15711000000000003
4048,0.08939
4049,0.0324
4050,0.0
4051,0.0
4052,0.0
4053,0.0
4054,0.0
4055,0.0
4056,0.0
4057,0.0
4058,0.0
4059,0.0
4060,0.0
4061,0.0
4062,0.03842
4063,0.11364
4064,0.14778
4065,0.2093
4066,0.15878
4067,0.12852000000000002
4068,0.12789
4069,0.15286000000000002
4070,0.17003000000000001
4071,0.15624000000000002
4072,0.09326000000000001
4073,0.03059
4074,0.0
4075,0.0
4076,0.0
4077,0.0
4078,0.0
4079,0.0
4080,0.0
4081,0.0
4082,0.0
4083,0.0
4084,0.0
4085,0.0
4086,0.02768
4087,0.08704
4088,0.11965
4089,0.14796
4090,0.13797
4091,0.13732
4092,0.18646000000000001
4093,0.17901
4094,0.15733000000000003
4095,0.15100999999999998
4096,0.10136
4097,0.02912
4098,0.0
4099,0.0
4100,0.0
4101,0.0
4102,0.0
4103,0.0
4104,0.0
4105,0.0
4106,0.0
4107,0.0
4108,0.0
4109,0.0
4110,0.01754
4111,0.07658
4112,0.16666
4113,0.22788999999999998
4114,0.25243
4115,0.25323
4116,0.31068
4117,0.22585
4118,0.22766999999999998
4119,0.14263
4120,0.07765000000000001
4121,0.03114
4122,0.0
4123,0.0
4124,0.0
4125,0.0
4126,0.0
4127,0.0
4128,0.0
4129,0.0
4130,0.0
4131,0.0
4132,0.0
4133,0.0
4134,0.03174
4135,0.11084999999999999
4136,0.1648
4137,0.24102
4138,0.25488
4139,0.23523
4140,0.2695
4141,0.22312
4142,0.17086
4143,0.13313
4144,0.08473
4145,0.03143
4146,0.0
4147,0.0
4148,0.0
4149,0.0
4150,0.0
4151,0.0
4152,0.0
4153,0.0
4154,0.0
4155,0.0
4156,0.0
4157,0.0
4158,0.03178
4159,0.0805
4160,0.11381000000000001
4161,0.14936000000000002
4162,0.2186
4163,0.22075999999999998
4164,0.22335
4165,0.24500999999999998
4166,0.1411
4167,0.05619
4168,0.06211
4169,0.03711
4170,0.0
4171,0.0
4172,0.0
4173,0.0
4174,0.0
4175,0.0
4176,0.0
4177,0.0
4178,0.0
4179,0.0
4180,0.0
4181,0.0
4182,0.02956
4183,0.07583
4184,0.12940000000000002
4185,0.15506999999999999
4186,0.145
4187,0.13877
4188,0.21616
4189,0.20053
4190,0.1837
4191,0.11736
4192,0.08012000000000001
4193,0.01802
4194,0.0
4195,0.0
4196,0.0
4197,0.0
4198,0.0
4199,0.0
4200,0.0
4201,0.0
4202,0.0
4203,0.0
4204,0.0
4205,0.0
4206,0.02379
4207,0.09370999999999999
4208,0.17086
4209,0.2134
4210,0.25611
4211,0.31097
4212,0.30419999999999997
4213,0.24377000000000001
4214,0.13456
4215,0.12747
4216,0.081
4217,0.03344
4218,0.0
4219,0.0
4220,0.0
4221,0.0
4222,0.0
4223,0.0
4224,0.0
4225,0.0
4226,0.0
4227,0.0
4228,0.0
4229,0.0
4230,0.038270000000000005
4231,0.09178
4232,0.09527
4233,0.09587000000000001
4234,0.13426
4235,0.10136
4236,0.09923
4237,0.11003
4238,0.10575
4239,0.14001
4240,0.07271999999999999
4241,0.041030000000000004
4242,0.0
4243,0.0
4244,0.0
4245,0.0
4246,0.0
4247,0.0
4248,0.0
4249,0.0
4250,0.0
4251,0.0
4252,0.0
4253,0.0
4254,0.0184
4255,0.047619999999999996
4256,0.06531999999999999
4257,0.10382
4258,0.15059
4259,0.21857
4260,0.23918999999999999
4261,0.2994
4262,0.18381999999999998
4263,0.14653
4264,0.08247
4265,0.03524
4266,0.0
4267,0.0
4268,0.0
4269,0.0
4270,0.0
4271,0.0
4272,0.0
4273,0.0
4274,0.0
4275,0.0
4276,0.0
4277,0.0
4278,0.02312
4279,0.08012000000000001
4280,0.10701000000000001
4281,0.23317
4282,0.15916
4283,0.162
4284,0.21032
4285,0.24564
4286,0.18263
4287,0.08859
4288,0.08348
4289,0.02357
4290,0.0
4291,0.0
4292,0.0
4293,0.0
4294,0.0
4295,0.0
4296,0.0
4297,0.0
4298,0.0
4299,0.0
4300,0.0
4301,0.0
4302,0.028480000000000002
4303,0.09811
4304,0.14468999999999999
4305,0.18522999999999998
4306,0.20998
4307,0.26339
4308,0.23559
4309,0.20496999999999999
4310,0.21253
4311,0.16704
4312,0.10535
4313,0.03663
4314,0.0
4315,0.0
4316,0.0
4317,0.0
4318,0.0
4319,0.0
4320,0.0
4321,0.0
4322,0.0
4323,0.0
4324,0.0
4325,0.0
4326,0.03718
4327,0.07792
4328,0.15443
4329,0.18991
4330,0.27152
4331,0.28411000000000003
4332,0.24028
4333,0.20394
4334,0.20398
4335,0.14749
4336,0.07119
4337,0.03598
4338,0.0
4339,0.0
4340,0.0
4341,0.0
4342,0.0
4343,0.0
4344,0.0
4345,0.0
4346,0.0
4347,0.0
4348,0.0
4349,0.0
4350,0.027800000000000002
4351,0.08058
4352,0.17273
4353,0.17862
4354,0.27093
4355,0.3118
4356,0.29607
4357,0.25138
4358,0.20538
4359,0.19099000000000002
4360,0.11106999999999999
4361,0.03059
4362,0.0
4363,0.0
4364,0.0
4365,0.0
4366,0.0
4367,0.0
4368,0.0
4369,0.0
4370,0.0
4371,0.0
4372,0.0
4373,0.0
4374,0.03599
4375,0.07071
4376,0.10629000000000001
4377,0.13061
4378,0.15381
4379,0.14543999999999999
4380,0.17337
4381,0.23626
4382,0.19826
4383,0.09652
4384,0.0531
4385,0.02767
4386,0.0
4387,0.0
4388,0.0
4389,0.0
4390,0.0
4391,0.0
4392,0.0
4393,0.0
4394,0.0
4395,0.0
4396,0.0
4397,0.0
4398,0.0343
4399,0.08767
4400,0.10475
4401,0.11059000000000001
4402,0.14343
4403,0.13946
4404,0.23167
4405,0.10617
4406,0.11126000000000001
4407,0.08365
4408,0.06768
4409,0.02782
4410,0.0
4411,0.0
4412,0.0
4413,0.0
4414,0.0
4415,0.0
4416,0.0
4417,0.0
4418,0.0
4419,0.0
4420,0.0
4421,0.0
4422,0.020329999999999997
4423,0.08316
4424,0.12894999999999998
4425,0.19054
4426,0.20785
4427,0.2174
4428,0.20403
4429,0.27356
4430,0.23678
4431,0.13702
4432,0.08031
4433,0.03374
4434,0.0
4435,0.0
4436,0.0
4437,0.0
4438,0.0
4439,0.0
4440,0.0
4441,0.0
4442,0.0
4443,0.0
4444,0.0
4445,0.0
4446,0.02973
4447,0.09065999999999999
4448,0.14991
4449,0.16112
4450,0.17321999999999999
4451,0.16234
4452,0.22428
4453,0.24997999999999998
4454,0.19538
4455,0.1256
4456,0.0901
4457,0.0355
4458,0.0
4459,0.0
4460,0.0
4461,0.0
4462,0.0
4463,0.0
4464,0.0
4465,0.0
4466,0.0
4467,0.0
4468,0.0
4469,0.0
4470,0.027190000000000002
4471,0.06274
4472,0.11219
4473,0.16063999999999998
4474,0.20761000000000002
4475,0.13526
4476,0.18444
4477,0.1006
4478,0.11344
4479,0.12135
4480,0.06261
4481,0.039130000000000005
4482,0.0
4483,0.0
4484,0.0
4485,0.0
4486,0.0
4487,0.0
4488,0.0
4489,0.0
4490,0.0
4491,0.0
4492,0.0
4493,0.0
4494,0.02614
4495,0.05632
4496,0.0994
4497,0.12509
4498,0.1676
4499,0.18278
4500,0.15180000000000002
4501,0.17933000000000002
4502,0.16959
4503,0.11092
4504,0.07731
4505,0.03356
4506,0.0
4507,0.0
4508,0.0
4509,0.0
4510,0.0
4511,0.0
4512,0.0
4513,0.0
4514,0.0
4515,0.0
4516,0.0
4517,0.0
4518,0.02208
4519,0.05796
4520,0.08625
4521,0.1374
4522,0.12333
4523,0.1187
4524,0.17308
4525,0.1405
4526,0.15685
4527,0.12795
4528,0.06534000000000001
4529,0.03361
4530,0.0
4531,0.0
4532,0.0
4533,0.0
4534,0.0
4535,0.0
4536,0.0
4537,0.0
4538,0.0
4539,0.0
4540,0.0
4541,0.0
4542,0.03189
4543,0.07723999999999999
4544,0.12507
4545,0.20461000000000001
4546,0.23684
4547,0.29529
4548,0.24866999999999997
4549,0.24952000000000002
4550,0.19303
4551,0.17293
4552,0.10887999999999999
4553,0.045579999999999996
4554,0.0
4555,0.0
4556,0.0
4557,0.0
4558,0.0
4559,0.0
4560,0.0
4561,0.0
4562,0.0
4563,0.0
4564,0.0
4565,0.0
4566,0.0248
4567,0.06938
4568,0.09534000000000001
4569,0.1231
4570,0.20433
4571,0.23896
4572,0.28683
4573,0.27581
4574,0.253
4575,0.17981
4576,0.09598999999999999
4577,0.02586
4578,0.0
4579,0.0
4580,0.0
4581,0.0
4582,0.0
4583,0.0
4584,0.0
4585,0.0
4586,0.0
4587,0.0
4588,0.0
4589,0.0
4590,0.02425
4591,0.08164
4592,0.12543
4593,0.18128999999999998
4594,0.22798
4595,0.23614
4596,0.23689
4597,0.2729
4598,0.22476
4599,0.15281
4600,0.08675
4601,0.0407
4602,0.0
4603,0.0
4604,0.0
4605,0.0
4606,0.0
4607,0.0
4608,0.0
4609,0.0
4610,0.0
4611,0.0
4612,0.0
4613,0.0
4614,0.023899999999999998
4615,0.07153
4616,0.10956999999999999
4617,0.09620000000000001
4618,0.11177
4619,0.13555
4620,0.12283
4621,0.16154
4622,0.1165
4623,0.09923
4624,0.07266
4625,0.0347
4626,0.0
4627,0.0
4628,0.0
4629,0.0
4630,0.0
4631,0.0
4632,0.0
4633,0.0
4634,0.0
4635,0.0
4636,0.0
4637,0.0
4638,0.020149999999999998
4639,0.05281
4640,0.06634000000000001
4641,0.09709000000000001
4642,0.10912999999999999
4643,0.09926
4644,0.10411
4645,0.10629000000000001
4646,0.07598999999999999
4647,0.06694
4648,0.0499
4649,0.02492
4650,0.0
4651,0.0
4652,0.0
4653,0.0
4654,0.0
4655,0.0
4656,0.0
4657,0.0
4658,0.0
4659,0.0
4660,0.0
4661,0.0
4662,0.017839999999999998
4663,0.048159999999999994
4664,0.06733
4665,0.08134000000000001
4666,0.11133
4667,0.14971
4668,0.17456
4669,0.16
4670,0.16022
4671,0.13338999999999998
4672,0.07104
4673,0.03368
4674,0.0
4675,0.0
4676,0.0
4677,0.0
4678,0.0
4679,0.0
4680,0.0
4681,0.0
4682,0.0
4683,0.0
4684,0.0
4685,0.0
4686,0.02817
4687,0.08660999999999999
4688,0.10138
4689,0.11252
4690,0.12129000000000001
4691,0.10584
4692,0.10735
4693,0.10839
4694,0.11516
4695,0.11946999999999999
4696,0.08395
4697,0.03372
4698,0.0
4699,0.0
4700,0.0
4701,0.0
4702,0.0
4703,0.0
4704,0.0
4705,0.0
4706,0.0
4707,0.0
4708,0.0
4709,0.0
4710,0.02658
4711,0.07493000000000001
4712,0.1258
4713,0.14999
4714,0.13945
4715,0.13419
4716,0.16911
4717,0.26682
4718,0.22509
4719,0.11358
4720,0.09331999999999999
4721,0.03971
4722,0.0
4723,0.0
4724,0.0
4725,0.0
4726,0.0
4727,0.0
4728,0.0
4729,0.0
4730,0.0
4731,0.0
4732,0.0
4733,0.0
4734,0.02779
4735,0.09042
4736,0.14742
4737,0.21793
4738,0.17356
4739,0.19494999999999998
4740,0.19011
4741,0.1251
4742,0.10271
4743,0.08803
4744,0.06776
4745,0.03666
4746,0.0
4747,0.0
4748,0.0
4749,0.0
4750,0.0
4751,0.0
4752,0.0
4753,0.0
4754,0.0
4755,0.0
4756,0.0
4757,0.0
4758,0.019710000000000002
4759,0.05073
4760,0.08095000000000001
4761,0.13829
4762,0.14956
4763,0.17934
4764,0.21897999999999998
4765,0.13968
4766,0.13792
4767,0.1375
4768,0.08635
4769,0.02871
4770,0.0
4771,0.0
4772,0.0
4773,0.0
4774,0.0
4775,0.0
4776,0.0
4777,0.0
4778,0.0
4779,0.0
4780,0.0
4781,0.0
4782,0.032350000000000004
4783,0.10048
4784,0.14694
4785,0.17297
4786,0.16625
4787,0.21512
4788,0.26067
4789,0.23453
4790,0.20375
4791,0.12745
4792,0.06627
4793,0.03541
4794,0.0
4795,0.0
4796,0.0
4797,0.0
4798,0.0
4799,0.0
4800,0.0
4801,0.0
4802,0.0
4803,0.0
4804,0.0
4805,0.0
4806,0.023870000000000002
4807,0.07164
4808,0.16538999999999998
4809,0.24566
4810,0.28702
4811,0.27182
4812,0.2612
4813,0.23932
4814,0.17499
4815,0.15214
4816,0.038509999999999996
4817,0.03495
4818,0.0
4819,0.0
4820,0.0
4821,0.0
4822,0.0
4823,0.0
4824,0.0
4825,0.0
4826,0.0
4827,0.0
4828,0.0
4829,0.0
4830,0.02111
4831,0.06775
4832,0.11628
4833,0.21406
4834,0.2641
4835,0.26952
4836,0.30660000000000004
4837,0.2532
4838,0.21321
4839,0.16724
4840,0.09654
4841,0.02978
4842,0.0
4843,0.0
4844,0.0
4845,0.0
4846,0.0
4847,0.0
4848,0.0
4849,0.0
4850,0.0
4851,0.0
4852,0.0
4853,0.0
4854,0.022690000000000002
4855,0.09962
4856,0.15284
4857,0.15738
4858,0.13929
4859,0.16603
4860,0.18741
4861,0.17357
4862,0.14715
4863,0.12888
4864,0.08502
4865,0.032130000000000006
4866,0.0
4867,0.0
4868,0.0
4869,0.0
4870,0.0
4871,0.0
4872,0.0
4873,0.0
4874,0.0
4875,0.0
4876,0.0
4877,0.0
4878,0.02811
4879,0.08791
4880,0.14279
4881,0.20247
4882,0.25683999999999996
4883,0.23389
4884,0.25932
4885,0.15672
4886,0.12504
4887,0.09171
4888,0.07576000000000001
4889,0.037219999999999996
4890,0.0
4891,0.0
4892,0.0
4893,0.0
4894,0.0
4895,0.0
4896,0.0
4897,0.0
4898,0.0
4899,0.0
4900,0.0
4901,0.0
4902,0.01802
4903,0.07612999999999999
4904,0.11065000000000001
4905,0.13907
4906,0.10389
4907,0.15317
4908,0.17545
4909,0.17801
4910,0.16813999999999998
4911,0.13717
4912,0.08934
4913,0.03865
4914,0.0
4915,0.0
4916,0.0
4917,0.0
4918,0.0
4919,0.0
4920,0.0
4921,0.0
4922,0.0
4923,0.0
4924,0.0
4925,0.0
4926,0.02025
4927,0.07326
4928,0.13519
4929,0.14937999999999999
4930,0.25415
4931,0.20234
4932,0.1605
4933,0.08174
4934,0.08602
4935,0.06847
4936,0.056729999999999996
4937,0.03469
4938,0.0
4939,0.0
4940,0.0
4941,0.0
4942,0.0
4943,0.0
4944,0.0
4945,0.0
4946,0.0
4947,0.0
4948,0.0
4949,0.0
4950,0.01775
4951,0.05192
4952,0.0683
4953,0.11383
4954,0.20409
4955,0.17419
4956,0.25671
4957,0.1057
4958,0.15911
4959,0.15175999999999998
4960,0.08461
4961,0.040530000000000004
4962,0.0
4963,0.0
4964,0.0
4965,0.0
4966,0.0
4967,0.0
4968,0.0
4969,0.0
4970,0.0
4971,0.0
4972,0.0
4973,0.0
4974,0.02933
4975,0.09731000000000001
4976,0.12555
4977,0.16138999999999998
4978,0.17295
4979,0.12197
4980,0.13406
4981,0.10529000000000001
4982,0.10136
4983,0.08462
4984,0.05704
4985,0.02221
4986,0.0
4987,0.0
4988,0.0
4989,0.0
4990,0.0
4991,0.0
4992,0.0
4993,0.0
4994,0.0
4995,0.0
4996,0.0
4997,0.0
4998,0.01811
4999,0.05744
5000,0.10873999999999999
5001,0.08918999999999999
5002,0.11685
5003,0.09784000000000001
5004,0.15899000000000002
5005,0.14852
5006,0.13397
5007,0.10895
5008,0.09476000000000001
5009,0.039240000000000004
5010,0.0
5011,0.0
5012,0.0
5013,0.0
5014,0.0
5015,0.0
5016,0.0
5017,0.0
5018,0.0
5019,0.0
5020,0.0
5021,0.0
5022,0.02887
5023,0.07071
5024,0.15338
5025,0.18705000000000002
5026,0.2243
5027,0.17798
5028,0.18932
5029,0.12912
5030,0.17117
5031,0.14486000000000002
5032,0.09849
5033,0.03714
5034,0.0
5035,0.0
5036,0.0
5037,0.0
5038,0.0
5039,0.0
5040,0.0
5041,0.0
5042,0.0
5043,0.0
5044,0.0
5045,0.0
5046,0.02881
5047,0.08417
5048,0.11593
5049,0.16997
5050,0.18831
5051,0.17529
5052,0.22984000000000002
5053,0.22118000000000002
5054,0.15258000000000002
5055,0.11411
5056,0.07443999999999999
5057,0.027960000000000002
5058,0.0
5059,0.0
5060,0.0
5061,0.0
5062,0.0
5063,0.0
5064,0.0
5065,0.0
5066,0.0
5067,0.0
5068,0.0
5069,0.0
5070,0.02354
5071,0.07489
5072,0.14865
5073,0.19738
5074,0.16659000000000002
5075,0.13146000000000002
5076,0.15312
5077,0.18094
5078,0.13754
5079,0.12002
5080,0.08487
5081,0.02395
5082,0.0
5083,0.0
5084,0.0
5085,0.0
5086,0.0
5087,0.0
5088,0.0
5089,0.0
5090,0.0
5091,0.0
5092,0.0
5093,0.0
5094,0.022920000000000003
5095,0.0728
5096,0.13049000000000002
5097,0.1201
5098,0.13133
5099,0.1625
5100,0.18880000000000002
5101,0.10654000000000001
5102,0.09262999999999999
5103,0.12515
5104,0.07188
5105,0.02804
5106,0.0
5107,0.0
5108,0.0
5109,0.0
5110,0.0
5111,0.0
5112,0.0
5113,0.0
5114,0.0
5115,0.0
5116,0.0
5117,0.0
5118,0.019719999999999998
5119,0.05201
5120,0.07382
5121,0.08362
5122,0.09231
5123,0.10514
5124,0.12475
5125,0.10638
5126,0.12897
5127,0.08846
5128,0.07198
5129,0.03428
5130,0.0
5131,0.0
5132,0.0
5133,0.0
5134,0.0
5135,0.0
5136,0.0
5137,0.0
5138,0.0
5139,0.0
5140,0.0
5141,0.0
5142,0.0254
5143,0.07393000000000001
5144,0.09437000000000001
5145,0.09943
5146,0.11884
5147,0.16490000000000002
5148,0.11646
5149,0.10825
5150,0.16083
5151,0.09498000000000001
5152,0.05215
5153,0.027469999999999998
5154,0.0
5155,0.0
5156,0.0
5157,0.0
5158,0.0
5159,0.0
5160,0.0
5161,0.0
5162,0.0
5163,0.0
5164,0.0
5165,0.0
5166,0.02708
5167,0.08929999999999999
5168,0.13885
5169,0.17483
5170,0.23713
5171,0.26119
5172,0.16596
5173,0.27362000000000003
5174,0.25396
5175,0.15550999999999998
5176,0.07347
5177,0.03052
5178,0.0
5179,0.0
5180,0.0
5181,0.0
5182,0.0
5183,0.0
5184,0.0
5185,0.0
5186,0.0
5187,0.0
5188,0.0
5189,0.0
5190,0.015560000000000001
5191,0.05572
5192,0.11084999999999999
5193,0.12548
5194,0.18162999999999999
5195,0.18005000000000002
5196,0.21956
5197,0.20521
5198,0.19668
5199,0.13807
5200,0.07157
5201,0.02407
5202,0.0
5203,0.0
5204,0.0
5205,0.0
5206,0.0
5207,0.0
5208,0.0
5209,0.0
5210,0.0
5211,0.0
5212,0.0
5213,0.0
5214,0.02296
5215,0.08889
5216,0.12661
5217,0.1458
5218,0.22053999999999999
5219,0.18872999999999998
5220,0.15656
5221,0.28557
5222,0.17518999999999998
5223,0.15688999999999997
5224,0.08048000000000001
5225,0.03324
5226,0.0
5227,0.0
5228,0.0
5229,0.0
5230,0.0
5231,0.0
5232,0.0
5233,0.0
5234,0.0
5235,0.0
5236,0.0
5237,0.0
5238,0.02138
5239,0.06984
5240,0.13299
5241,0.24689
5242,0.30460000000000004
5243,0.30893
5244,0.30019
5245,0.23299
5246,0.23346
5247,0.16178
5248,0.09464
5249,0.02844
5250,0.0
5251,0.0
5252,0.0
5253,0.0
5254,0.0
5255,0.0
5256,0.0
5257,0.0
5258,0.0
5259,0.0
5260,0.0
5261,0.0
5262,0.01749
5263,0.056119999999999996
5264,0.07377
5265,0.12592
5266,0.11399
5267,0.12014
5268,0.19455
5269,0.23252
5270,0.1566
5271,0.14862
5272,0.09279000000000001
5273,0.02791
5274,0.0
5275,0.0
5276,0.0
5277,0.0
5278,0.0
5279,0.0
5280,0.0
5281,0.0
5282,0.0
5283,0.0
5284,0.0
5285,0.0
5286,0.02078
5287,0.10096
5288,0.17433
5289,0.23499
5290,0.25531
5291,0.21611000000000002
5292,0.25052
5293,0.18158000000000002
5294,0.16216999999999998
5295,0.12739
5296,0.02961
5297,0.016030000000000003
5298,0.0
5299,0.0
5300,0.0
5301,0.0
5302,0.0
5303,0.0
5304,0.0
5305,0.0
5306,0.0
5307,0.0
5308,0.0
5309,0.0
5310,0.02341
5311,0.07218000000000001
5312,0.10686
5313,0.13957
5314,0.12922
5315,0.16669
5316,0.10171
5317,0.16000999999999999
5318,0.18606999999999999
5319,0.13113999999999998
5320,0.09842000000000001
5321,0.03252
5322,0.0
5323,0.0
5324,0.0
5325,0.0
5326,0.0
5327,0.0
5328,0.0
5329,0.0
5330,0.0
5331,0.0
5332,0.0
5333,0.0
5334,0.02026
5335,0.06934
5336,0.08855
5337,0.10731
5338,0.13989
5339,0.16091999999999998
5340,0.25175
5341,0.12115999999999999
5342,0.16851
5343,0.15496000000000001
5344,0.10244
5345,0.03655
5346,0.0
5347,0.0
5348,0.0
5349,0.0
5350,0.0
5351,0.0
5352,0.0
5353,0.0
5354,0.0
5355,0.0
5356,0.0
5357,0.0
5358,0.02066
5359,0.08116
5360,0.14136
5361,0.21656999999999998
5362,0.22972
5363,0.21525999999999998
5364,0.16269999999999998
5365,0.22355
5366,0.21580000000000002
5367,0.16297
5368,0.07221999999999999
5369,0.019010000000000003
5370,0.0
5371,0.0
5372,0.0
5373,0.0
5374,0.0
5375,0.0
5376,0.0
5377,0.0
5378,0.0
5379,0.0
5380,0.0
5381,0.0
5382,0.02232
5383,0.07427
5384,0.13554
5385,0.16012
5386,0.12509
5387,0.16047999999999998
5388,0.18055000000000002
5389,0.21422
5390,0.21725999999999998
5391,0.13304
5392,0.09553
5393,0.027739999999999997
5394,0.0
5395,0.0
5396,0.0
5397,0.0
5398,0.0
5399,0.0
5400,0.0
5401,0.0
5402,0.0
5403,0.0
5404,0.0
5405,0.0
5406,0.02678
5407,0.08628
5408,0.15091
5409,0.22372999999999998
5410,0.25669
5411,0.25379
5412,0.22225999999999999
5413,0.19197
5414,0.15369
5415,0.12508
5416,0.08851
5417,0.02948
5418,0.0
5419,0.0
5420,0.0
5421,0.0
5422,0.0
5423,0.0
5424,0.0
5425,0.0
5426,0.0
5427,0.0
5428,0.0
5429,0.0
5430,0.023379999999999998
5431,0.08435
5432,0.12184
5433,0.24546
5434,0.29385
5435,0.34451
5436,0.17686000000000002
5437,0.22856
5438,0.21422
5439,0.14558000000000001
5440,0.07637999999999999
5441,0.031030000000000002
5442,0.0
5443,0.0
5444,0.0
5445,0.0
5446,0.0
5447,0.0
5448,0.0
5449,0.0
5450,0.0
5451,0.0
5452,0.0
5453,0.0
5454,0.02389
5455,0.09172
5456,0.14284
5457,0.2009
5458,0.28272
5459,0.24952000000000002
5460,0.30816000000000004
5461,0.24087999999999998
5462,0.17489
5463,0.17468
5464,0.08389
5465,0.03147
5466,0.0
5467,0.0
5468,0.0
5469,0.0
5470,0.0
5471,0.0
5472,0.0
5473,0.0
5474,0.0
5475,0.0
5476,0.0
5477,0.0
5478,0.02515
5479,0.06987
5480,0.13226
5481,0.16515000000000002
5482,0.16863
5483,0.14919
5484,0.18606999999999999
5485,0.18668
5486,0.15306
5487,0.16821
5488,0.07517
5489,0.03096
5490,0.0
5491,0.0
5492,0.0
5493,0.0
5494,0.0
5495,0.0
5496,0.0
5497,0.0
5498,0.0
5499,0.0
5500,0.0
5501,0.0
5502,0.022760000000000002
5503,0.06973
5504,0.14005
5505,0.1832
5506,0.24461000000000002
5507,0.18794
5508,0.15297999999999998
5509,0.20473
5510,0.20446
5511,0.13035
5512,0.06089
5513,0.02594
5514,0.0
5515,0.0
5516,0.0
5517,0.0
5518,0.0
5519,0.0
5520,0.0
5521,0.0
5522,0.0
5523,0.0
5524,0.0
5525,0.0
5526,0.018420000000000002
5527,0.08167
5528,0.12403
5529,0.12447
5530,0.17811000000000002
5531,0.1394
5532,0.17146
5533,0.21562
5534,0.20485
5535,0.11518
5536,0.09634999999999999
5537,0.01866
5538,0.0
5539,0.0
5540,0.0
5541,0.0
5542,0.0
5543,0.0
5544,0.0
5545,0.0
5546,0.0
5547,0.0
5548,0.0
5549,0.0
5550,0.021920000000000002
5551,0.07221999999999999
5552,0.11606999999999999
5553,0.22009
5554,0.15117
5555,0.16038999999999998
5556,0.21985
5557,0.1369
5558,0.1278
5559,0.11904
5560,0.09667
5561,0.03133
5562,0.0
5563,0.0
5564,0.0
5565,0.0
5566,0.0
5567,0.0
5568,0.0
5569,0.0
5570,0.0
5571,0.0
5572,0.0
5573,0.0
5574,0.027280000000000002
5575,0.08067
5576,0.1193
5577,0.19138
5578,0.23822
5579,0.21796000000000001
5580,0.22391999999999998
5581,0.271
5582,0.13784
5583,0.14408
5584,0.09614
5585,0.02623
5586,0.0
5587,0.0
5588,0.0
5589,0.0
5590,0.0
5591,0.0
5592,0.0
5593,0.0
5594,0.0
5595,0.0
5596,0.0
5597,0.0
5598,0.0291
5599,0.09820999999999999
5600,0.1253
5601,0.17821
5602,0.18168
5603,0.17648
5604,0.1825
5605,0.23211
5606,0.17785
5607,0.14356
5608,0.09623999999999999
5609,0.02702
5610,0.0
5611,0.0
5612,0.0
5613,0.0
5614,0.0
5615,0.0
5616,0.0
5617,0.0
5618,0.0
5619,0.0
5620,0.0
5621,0.0
5622,0.027309999999999997
5623,0.0955
5624,0.13668
5625,0.17418
5626,0.19757
5627,0.21178
5628,0.2069
5629,0.19172
5630,0.22443000000000002
5631,0.17408
5632,0.07487
5633,0.023710000000000002
5634,0.0
5635,0.0
5636,0.0
5637,0.0
5638,0.0
5639,0.0
5640,0.0
5641,0.0
5642,0.0
5643,0.0
5644,0.0
5645,0.0
5646,0.0257
5647,0.1005
5648,0.15849000000000002
5649,0.18941
5650,0.20854
5651,0.22556
5652,0.21478
5653,0.18231999999999998
5654,0.17779
5655,0.14291
5656,0.07920999999999999
5657,0.02111
5658,0.0
5659,0.0
5660,0.0
5661,0.0
5662,0.0
5663,0.0
5664,0.0
5665,0.0
5666,0.0
5667,0.0
5668,0.0
5669,0.0
5670,0.02265
5671,0.06199
5672,0.10134
5673,0.12052
5674,0.14428
5675,0.15791999999999998
5676,0.18368
5677,0.19366999999999998
5678,0.22158
5679,0.12527
5680,0.08503
5681,0.02693
5682,0.0
5683,0.0
5684,0.0
5685,0.0
5686,0.0
5687,0.0
5688,0.0
5689,0.0
5690,0.0
5691,0.0
5692,0.0
5693,0.0
5694,0.01891
5695,0.06917
5696,0.09770000000000001
5697,0.15927000000000002
5698,0.17614
5699,0.16922
5700,0.19302
5701,0.23409
5702,0.21878
5703,0.10493999999999999
5704,0.07873000000000001
5705,0.02884
5706,0.0
5707,0.0
5708,0.0
5709,0.0
5710,0.0
5711,0.0
5712,0.0
5713,0.0
5714,0.0
5715,0.0
5716,0.0
5717,0.0
5718,0.027309999999999997
5719,0.09911
5720,0.16959
5721,0.23143
5722,0.3043
5723,0.31433
5724,0.32227999999999996
5725,0.25598
5726,0.25534
5727,0.12781
5728,0.07704000000000001
5729,0.03296
5730,0.0
5731,0.0
5732,0.0
5733,0.0
5734,0.0
5735,0.0
5736,0.0
5737,0.0
5738,0.0
5739,0.0
5740,0.0
5741,0.0
5742,0.028059999999999998
5743,0.08308
5744,0.15472
5745,0.13622
5746,0.1834
5747,0.1678
5748,0.17429
5749,0.18675
5750,0.19333
5751,0.158
5752,0.07243000000000001
5753,0.00866
5754,0.0
5755,0.0
5756,0.0
5757,0.0
5758,0.0
5759,0.0
5760,0.0
5761,0.0
5762,0.0
5763,0.0
5764,0.0
5765,0.0
5766,0.018699999999999998
5767,0.11181
5768,0.17136
5769,0.23007
5770,0.29237
5771,0.29761000000000004
5772,0.28766
5773,0.22562000000000001
5774,0.22684
5775,0.16101
5776,0.10045
5777,0.02475
5778,0.0
5779,0.0
5780,0.0
5781,0.0
5782,0.0
5783,0.0
5784,0.0
5785,0.0
5786,0.0
5787,0.0
5788,0.0
5789,0.0
5790,0.02734
5791,0.1143
5792,0.1784
5793,0.24445
5794,0.22788
5795,0.28064999999999996
5796,0.27454
5797,0.24836000000000003
5798,0.24387999999999999
5799,0.13513999999999998
5800,0.07856
5801,0.01952
5802,0.0
5803,0.0
5804,0.0
5805,0.0
5806,0.0
5807,0.0
5808,0.0
5809,0.0
5810,0.0
5811,0.0
5812,0.0
5813,0.0
5814,0.01799
5815,0.05983
5816,0.08192
5817,0.10382
5818,0.12093999999999999
5819,0.13634000000000002
5820,0.17208
5821,0.13419999999999999
5822,0.09961
5823,0.09523000000000001
5824,0.06502
5825,0.02035
5826,0.0
5827,0.0
5828,0.0
5829,0.0
5830,0.0
5831,0.0
5832,0.0
5833,0.0
5834,0.0
5835,0.0
5836,0.0
5837,0.0
5838,0.01982
5839,0.05683
5840,0.10704000000000001
5841,0.12572
5842,0.21231
5843,0.18494999999999998
5844,0.13832
5845,0.1159
5846,0.11223000000000001
5847,0.10348
5848,0.04807
5849,0.02401
5850,0.0
5851,0.0
5852,0.0
5853,0.0
5854,0.0
5855,0.0
5856,0.0
5857,0.0
5858,0.0
5859,0.0
5860,0.0
5861,0.0
5862,0.019010000000000003
5863,0.08288
5864,0.12143999999999999
5865,0.1663
5866,0.12717
5867,0.12226999999999999
5868,0.16863999999999998
5869,0.22911
5870,0.15502000000000002
5871,0.12721
5872,0.0866
5873,0.02624
5874,0.0
5875,0.0
5876,0.0
5877,0.0
5878,0.0
5879,0.0
5880,0.0
5881,0.0
5882,0.0
5883,0.0
5884,0.0
5885,0.0
5886,0.021079999999999998
5887,0.07371
5888,0.18733000000000002
5889,0.24206
5890,0.30915
5891,0.31083999999999995
5892,0.28097000000000005
5893,0.27929000000000004
5894,0.17837
5895,0.09071
5896,0.054979999999999994
5897,0.01858
5898,0.0
5899,0.0
5900,0.0
5901,0.0
5902,0.0
5903,0.0
5904,0.0
5905,0.0
5906,0.0
5907,0.0
5908,0.0
5909,0.0
5910,0.026010000000000002
5911,0.10346
5912,0.16179
5913,0.25787
5914,0.24772
5915,0.20584
5916,0.25156
5917,0.23723
5918,0.20948
5919,0.13768
5920,0.09071
5921,0.01312
5922,0.0
5923,0.0
5924,0.0
5925,0.0
5926,0.0
5927,0.0
5928,0.0
5929,0.0
5930,0.0
5931,0.0
5932,0.0
5933,0.0
5934,0.02665
5935,0.11889
5936,0.18217
5937,0.25127
5938,0.26061
5939,0.25192
5940,0.25514
5941,0.16121000000000002
5942,0.13856
5943,0.08938
5944,0.07211
5945,0.01893
5946,0.0
5947,0.0
5948,0.0
5949,0.0
5950,0.0
5951,0.0
5952,0.0
5953,0.0
5954,0.0
5955,0.0
5956,0.0
5957,0.0
5958,0.01585
5959,0.052770000000000004
5960,0.07432
5961,0.09311
5962,0.11598
5963,0.18628
5964,0.23135
5965,0.08327
5966,0.1008
5967,0.0831
5968,0.04845
5969,0.015269999999999999
5970,0.0
5971,0.0
5972,0.0
5973,0.0
5974,0.0
5975,0.0
5976,0.0
5977,0.0
5978,0.0
5979,0.0
5980,0.0
5981,0.0
5982,0.015519999999999999
5983,0.06041
5984,0.09958
5985,0.13487000000000002
5986,0.11211
5987,0.09723000000000001
5988,0.10258
5989,0.12437000000000001
5990,0.09709999999999999
5991,0.11956
5992,0.07114
5993,0.0205
5994,0.0
5995,0.0
5996,0.0
5997,0.0
5998,0.0
5999,0.0
6000,0.0
6001,0.0
6002,0.0
6003,0.0
6004,0.0
6005,0.0
6006,0.02981
6007,0.10161
6008,0.14756
6009,0.19629
6010,0.16324
6011,0.22556
6012,0.17421999999999999
6013,0.2107
6014,0.13607
6015,0.12774
6016,0.06189
6017,0.01843
6018,0.0
6019,0.0
6020,0.0
6021,0.0
6022,0.0
6023,0.0
6024,0.0
6025,0.0
6026,0.0
6027,0.0
6028,0.0
6029,0.0
6030,0.013949999999999999
6031,0.09106
6032,0.14997
6033,0.16444999999999999
6034,0.25601
6035,0.18962
6036,0.17438
6037,0.25691
6038,0.20156
6039,0.16663
6040,0.07328
6041,0.00984
6042,0.0
6043,0.0
6044,0.0
6045,0.0
6046,0.0
6047,0.0
6048,0.0
6049,0.0
6050,0.0
6051,0.0
6052,0.0
6053,0.0
6054,0.02187
6055,0.09528
6056,0.16528
6057,0.23663
6058,0.26825
6059,0.34101
6060,0.33146
6061,0.25712999999999997
6062,0.20138999999999999
6063,0.15045
6064,0.06723
6065,0.01898
6066,0.0
6067,0.0
6068,0.0
6069,0.0
6070,0.0
6071,0.0
6072,0.0
6073,0.0
6074,0.0
6075,0.0
6076,0.0
6077,0.0
6078,0.01774
6079,0.04904
6080,0.07377
6081,0.08963
6082,0.15018
6083,0.17589
6084,0.23043
6085,0.23028
6086,0.21438
6087,0.16349
6088,0.05608
6089,0.0169
6090,0.0
6091,0.0
6092,0.0
6093,0.0
6094,0.0
6095,0.0
6096,0.0
6097,0.0
6098,0.0
6099,0.0
6100,0.0
6101,0.0
6102,0.01794
6103,0.08578
6104,0.12253
6105,0.17998
6106,0.19498
6107,0.15130000000000002
6108,0.18543
6109,0.25102
6110,0.20861000000000002
6111,0.1273
6112,0.06284000000000001
6113,0.0172
6114,0.0
6115,0.0
6116,0.0
6117,0.0
6118,0.0
6119,0.0
6120,0.0
6121,0.0
6122,0.0
6123,0.0
6124,0.0
6125,0.0
6126,0.020739999999999998
6127,0.07343000000000001
6128,0.09331999999999999
6129,0.12301000000000001
6130,0.15979
6131,0.23327
6132,0.2708
6133,0.23795
6134,0.16944
6135,0.14209
6136,0.06998
6137,0.01772
6138,0.0
6139,0.0
6140,0.0
6141,0.0
6142,0.0
6143,0.0
6144,0.0
6145,0.0
6146,0.0
6147,0.0
6148,0.0
6149,0.0
6150,0.022539999999999998
6151,0.059609999999999996
6152,0.11741
6153,0.10056
6154,0.12348
6155,0.12664
6156,0.13797
6157,0.15286000000000002
6158,0.12762
6159,0.09944
6160,0.07740000000000001
6161,0.013730000000000001
6162,0.0
6163,0.0
6164,0.0
6165,0.0
6166,0.0
6167,0.0
6168,0.0
6169,0.0
6170,0.0
6171,0.0
6172,0.0
6173,0.0
6174,0.02775
6175,0.09178
6176,0.14644
6177,0.23747
6178,0.26538
6179,0.32352
6180,0.27782
6181,0.20532
6182,0.15919999999999998
6183,0.14442
6184,0.054509999999999996
6185,0.0074199999999999995
6186,0.0
6187,0.0
6188,0.0
6189,0.0
6190,0.0
6191,0.0
6192,0.0
6193,0.0
6194,0.0
6195,0.0
6196,0.0
6197,0.0
6198,0.022920000000000003
6199,0.09519
6200,0.19744
6201,0.19768
6202,0.27754
6203,0.26232
6204,0.29456
6205,0.23424
6206,0.15731
6207,0.09320999999999999
6208,0.053340000000000005
6209,0.0070999999999999995
6210,0.0
6211,0.0
6212,0.0
6213,0.0
6214,0.0
6215,0.0
6216,0.0
6217,0.0
6218,0.0
6219,0.0
6220,0.0
6221,0.0
6222,0.00907
6223,0.051859999999999996
6224,0.11715
6225,0.11753
6226,0.17318
6227,0.17627
6228,0.20035
6229,0.17724
6230,0.18268
6231,0.13995
6232,0.0516
6233,0.00818
6234,0.0
6235,0.0
6236,0.0
6237,0.0
6238,0.0
6239,0.0
6240,0.0
6241,0.0
6242,0.0
6243,0.0
6244,0.0
6245,0.0
6246,0.02289
6247,0.06614
6248,0.13334000000000001
6249,0.10805
6250,0.14425
6251,0.22002000000000002
6252,0.19391999999999998
6253,0.15512
6254,0.11205
6255,0.0624
6256,0.0594
6257,0.00634
6258,0.0
6259,0.0
6260,0.0
6261,0.0
6262,0.0
6263,0.0
6264,0.0
6265,0.0
6266,0.0
6267,0.0
6268,0.0
6269,0.0
6270,0.03362
6271,0.10748
6272,0.17377
6273,0.20351
6274,0.20558
6275,0.21822999999999998
6276,0.18153
6277,0.15572999999999998
6278,0.11298
6279,0.085
6280,0.06573999999999999
6281,0.00905
6282,0.0
6283,0.0
6284,0.0
6285,0.0
6286,0.0
6287,0.0
6288,0.0
6289,0.0
6290,0.0
6291,0.0
6292,0.0
6293,0.0
6294,0.024489999999999998
6295,0.10008
6296,0.15168
6297,0.20575
6298,0.24387
6299,0.23913
6300,0.18925999999999998
6301,0.10141
6302,0.11220999999999999
6303,0.11156999999999999
6304,0.04629
6305,0.00999
6306,0.0
6307,0.0
6308,0.0
6309,0.0
6310,0.0
6311,0.0
6312,0.0
6313,0.0
6314,0.0
6315,0.0
6316,0.0
6317,0.0
6318,0.02832
6319,0.11653
6320,0.16140000000000002
6321,0.23371
6322,0.24106
6323,0.20302
6324,0.22755
6325,0.19188999999999998
6326,0.18712
6327,0.14427
6328,0.07845999999999999
6329,0.01293
6330,0.0
6331,0.0
6332,0.0
6333,0.0
6334,0.0
6335,0.0
6336,0.0
6337,0.0
6338,0.0
6339,0.0
6340,0.0
6341,0.0
6342,0.02219
6343,0.09436
6344,0.13757
6345,0.17682
6346,0.1433
6347,0.16623
6348,0.12672
6349,0.19775
6350,0.16992
6351,0.12134
6352,0.0712
6353,0.00966
6354,0.0
6355,0.0
6356,0.0
6357,0.0
6358,0.0
6359,0.0
6360,0.0
6361,0.0
6362,0.0
6363,0.0
6364,0.0
6365,0.0
6366,0.02382
6367,0.1107
6368,0.17437
6369,0.23282
6370,0.21721000000000001
6371,0.27558
6372,0.28046
6373,0.23663
6374,0.20183
6375,0.15246
6376,0.06204
6377,0.00846
6378,0.0
6379,0.0
6380,0.0
6381,0.0
6382,0.0
6383,0.0
6384,0.0
6385,0.0
6386,0.0
6387,0.0
6388,0.0
6389,0.0
6390,0.02561
6391,0.07578
6392,0.12832
6393,0.16978000000000001
6394,0.11627
6395,0.12542
6396,0.12376000000000001
6397,0.08572
6398,0.09298999999999999
6399,0.05777
6400,0.04235
6401,0.0060999999999999995
6402,0.0
6403,0.0
6404,0.0
6405,0.0
6406,0.0
6407,0.0
6408,0.0
6409,0.0
6410,0.0
6411,0.0
6412,0.0
6413,0.0
6414,0.028120000000000003
6415,0.07598
6416,0.14067
6417,0.20666
6418,0.16719
6419,0.15128999999999998
6420,0.10997
6421,0.20286
6422,0.19287
6423,0.1556
6424,0.0608
6425,0.01068
6426,0.0
6427,0.0
6428,0.0
6429,0.0
6430,0.0
6431,0.0
6432,0.0
6433,0.0
6434,0.0
6435,0.0
6436,0.0
6437,0.0
6438,0.022920000000000003
6439,0.11633
6440,0.19907
6441,0.26399
6442,0.31132
6443,0.28092
6444,0.27924
6445,0.26053
6446,0.13605
6447,0.09029000000000001
6448,0.044969999999999996
6449,0.00747
6450,0.0
6451,0.0
6452,0.0
6453,0.0
6454,0.0
6455,0.0
6456,0.0
6457,0.0
6458,0.0
6459,0.0
6460,0.0
6461,0.0
6462,0.022510000000000002
6463,0.06096
6464,0.09398000000000001
6465,0.11739
6466,0.16548
6467,0.15844999999999998
6468,0.14447
6469,0.20432
6470,0.16866
6471,0.14376
6472,0.06901
6473,0.010060000000000001
6474,0.0
6475,0.0
6476,0.0
6477,0.0
6478,0.0
6479,0.0
6480,0.0
6481,0.0
6482,0.0
6483,0.0
6484,0.0
6485,0.0
6486,0.015619999999999998
6487,0.04784
6488,0.16457
6489,0.18606
6490,0.17676
6491,0.23631
6492,0.21775
6493,0.2175
6494,0.18119
6495,0.055310000000000005
6496,0.03775
6497,0.0076100000000000004
6498,0.0
6499,0.0
6500,0.0
6501,0.0
6502,0.0
6503,0.0
6504,0.0
6505,0.0
6506,0.0
6507,0.0
6508,0.0
6509,0.0
6510,0.02117
6511,0.08993999999999999
6512,0.14225
6513,0.19457
6514,0.24865
6515,0.29188
6516,0.28862
6517,0.12462999999999999
6518,0.1745
6519,0.08681
6520,0.039200000000000006
6521,0.0030600000000000002
6522,0.0
6523,0.0
6524,0.0
6525,0.0
6526,0.0
6527,0.0
6528,0.0
6529,0.0
6530,0.0
6531,0.0
6532,0.0
6533,0.0
6534,0.01778
6535,0.04684000000000001
6536,0.061399999999999996
6537,0.10898999999999999
6538,0.0875
6539,0.10423
6540,0.14493999999999999
6541,0.10926000000000001
6542,0.1269
6543,0.07608
6544,0.03181
6545,0.00622
6546,0.0
6547,0.0
6548,0.0
6549,0.0
6550,0.0
6551,0.0
6552,0.0
6553,0.0
6554,0.0
6555,0.0
6556,0.0
6557,0.0
6558,0.03128
6559,0.10205
6560,0.16361
6561,0.20693999999999999
6562,0.20435
6563,0.12837
6564,0.13225
6565,0.25285
6566,0.21084999999999998
6567,0.16635
6568,0.054060000000000004
6569,0.01017
6570,0.0
6571,0.0
6572,0.0
6573,0.0
6574,0.0
6575,0.0
6576,0.0
6577,0.0
6578,0.0
6579,0.0
6580,0.0
6581,0.0
6582,0.019100000000000002
6583,0.0887
6584,0.10635
6585,0.12237999999999999
6586,0.2301
6587,0.23397
6588,0.19619999999999999
6589,0.24941999999999998
6590,0.15562
6591,0.12109
6592,0.06686
6593,0.00758
6594,0.0
6595,0.0
6596,0.0
6597,0.0
6598,0.0
6599,0.0
6600,0.0
6601,0.0
6602,0.0
6603,0.0
6604,0.0
6605,0.0
6606,0.02665
6607,0.08899
6608,0.14933000000000002
6609,0.18137
6610,0.2066
6611,0.27023
6612,0.21216
6613,0.19016
6614,0.2017
6615,0.1475
6616,0.05662
6617,0.00885
6618,0.0
6619,0.0
6620,0.0
6621,0.0
6622,0.0
6623,0.0
6624,0.0
6625,0.0
6626,0.0
6627,0.0
6628,0.0
6629,0.0
6630,0.009089999999999999
6631,0.04499
6632,0.08609
6633,0.13257
6634,0.15242
6635,0.15641
6636,0.20279
6637,0.20792
6638,0.16648
6639,0.06503
6640,0.06412000000000001
6641,0.00639
6642,0.0
6643,0.0
6644,0.0
6645,0.0
6646,0.0
6647,0.0
6648,0.0
6649,0.0
6650,0.0
6651,0.0
6652,0.0
6653,0.0
6654,0.032299999999999995
6655,0.10112
6656,0.16465000000000002
6657,0.22309
6658,0.27392
6659,0.26932999999999996
6660,0.20258
6661,0.17094
6662,0.10682
6663,0.07159
6664,0.05687
6665,0.0077
6666,0.0
6667,0.0
6668,0.0
6669,0.0
6670,0.0
6671,0.0
6672,0.0
6673,0.0
6674,0.0
6675,0.0
6676,0.0
6677,0.0
6678,0.02445
6679,0.11982
6680,0.17536000000000002
6681,0.23739
6682,0.26663
6683,0.28919
6684,0.28038
6685,0.26289999999999997
6686,0.22829
6687,0.15284
6688,0.05109
6689,0.00619
6690,0.0
6691,0.0
6692,0.0
6693,0.0
6694,0.0
6695,0.0
6696,0.0
6697,0.0
6698,0.0
6699,0.0
6700,0.0
6701,0.0
6702,0.0242
6703,0.07451
6704,0.09686
6705,0.15693000000000001
6706,0.1274
6707,0.16575
6708,0.18039
6709,0.15043
6710,0.19562000000000002
6711,0.12861
6712,0.06781999999999999
6713,0.0070599999999999994
6714,0.0
6715,0.0
6716,0.0
6717,0.0
6718,0.0
6719,0.0
6720,0.0
6721,0.0
6722,0.0
6723,0.0
6724,0.0
6725,0.0
6726,0.026760000000000003
6727,0.09661
6728,0.17442
6729,0.23327
6730,0.28408
6731,0.24603
6732,0.24289
6733,0.27322
6734,0.17796
6735,0.14476
6736,0.08220000000000001
6737,0.00862
6738,0.0
6739,0.0
6740,0.0
6741,0.0
6742,0.0
6743,0.0
6744,0.0
6745,0.0
6746,0.0
6747,0.0
6748,0.0
6749,0.0
6750,0.031190000000000002
6751,0.09028
6752,0.12726
6753,0.20882
6754,0.23683
6755,0.25136000000000003
6756,0.28136
6757,0.26165
6758,0.22688999999999998
6759,0.14004
6760,0.06469
6761,0.00654
6762,0.0
6763,0.0
6764,0.0
6765,0.0
6766,0.0
6767,0.0
6768,0.0
6769,0.0
6770,0.0
6771,0.0
6772,0.0
6773,0.0
6774,0.02456
6775,0.07151
6776,0.11679
6777,0.16553
6778,0.10890000000000001
6779,0.12509
6780,0.17754
6781,0.19491999999999998
6782,0.15900999999999998
6783,0.13696
6784,0.0444
6785,0.00273
6786,0.0
6787,0.0
6788,0.0
6789,0.0
6790,0.0
6791,0.0
6792,0.0
6793,0.0
6794,0.0
6795,0.0
6796,0.0
6797,0.0
6798,0.024640000000000002
6799,0.10407999999999999
6800,0.18258000000000002
6801,0.2149
6802,0.24831999999999999
6803,0.24393
6804,0.25061
6805,0.15808000000000003
6806,0.18625999999999998
6807,0.12451000000000001
6808,0.04939
6809,0.00663
6810,0.0
6811,0.0
6812,0.0
6813,0.0
6814,0.0
6815,0.0
6816,0.0
6817,0.0
6818,0.0
6819,0.0
6820,0.0
6821,0.0
6822,0.01896
6823,0.09518
6824,0.17887999999999998
6825,0.22981000000000001
6826,0.26339999999999997
6827,0.28474
6828,0.27218000000000003
6829,0.2437
6830,0.15658000000000002
6831,0.07725
6832,0.05897
6833,0.00348
6834,0.0
6835,0.0
6836,0.0
6837,0.0
6838,0.0
6839,0.0
6840,0.0
6841,0.0
6842,0.0
6843,0.0
6844,0.0
6845,0.0
6846,0.01677
6847,0.056780000000000004
6848,0.10455
6849,0.12946000000000002
6850,0.11315
6851,0.1399
6852,0.14545
6853,0.16353
6854,0.15406
6855,0.10990000000000001
6856,0.04487
6857,0.00515
6858,0.0
6859,0.0
6860,0.0
6861,0.0
6862,0.0
6863,0.0
6864,0.0
6865,0.0
6866,0.0
6867,0.0
6868,0.0
6869,0.0
6870,0.02036
6871,0.06376
6872,0.10561
6873,0.09824
6874,0.14589
6875,0.19963999999999998
6876,0.26145
6877,0.21884
6878,0.15665
6879,0.12135
6880,0.05762
6881,0.00357
6882,0.0
6883,0.0
6884,0.0
6885,0.0
6886,0.0
6887,0.0
6888,0.0
6889,0.0
6890,0.0
6891,0.0
6892,0.0
6893,0.0
6894,0.02125
6895,0.10016
6896,0.17003000000000001
6897,0.19953
6898,0.2837
6899,0.1561
6900,0.21425999999999998
6901,0.19375
6902,0.15078
6903,0.12506
6904,0.05902
6905,0.00542
6906,0.0
6907,0.0
6908,0.0
6909,0.0
6910,0.0
6911,0.0
6912,0.0
6913,0.0
6914,0.0
6915,0.0
6916,0.0
6917,0.0
6918,0.023440000000000003
6919,0.06794
6920,0.10524
6921,0.11184999999999999
6922,0.12051
6923,0.14706
6924,0.13431
6925,0.16126
6926,0.18784
6927,0.1579
6928,0.06334000000000001
6929,0.0055899999999999995
6930,0.0
6931,0.0
6932,0.0
6933,0.0
6934,0.0
6935,0.0
6936,0.0
6937,0.0
6938,0.0
6939,0.0
6940,0.0
6941,0.0
6942,0.01989
6943,0.046880000000000005
6944,0.06662
6945,0.11878
6946,0.12226999999999999
6947,0.14556
6948,0.19962
6949,0.23057
6950,0.16683
6951,0.11707
6952,0.05571
6953,0.00239
6954,0.0
6955,0.0
6956,0.0
6957,0.0
6958,0.0
6959,0.0
6960,0.0
6961,0.0
6962,0.0
6963,0.0
6964,0.0
6965,0.0
6966,0.028480000000000002
6967,0.10962000000000001
6968,0.16251
6969,0.15502000000000002
6970,0.21221
6971,0.20823
6972,0.28132999999999997
6973,0.23107
6974,0.15913999999999998
6975,0.12233
6976,0.04882
6977,0.00145
6978,0.0
6979,0.0
6980,0.0
6981,0.0
6982,0.0
6983,0.0
6984,0.0
6985,0.0
6986,0.0
6987,0.0
6988,0.0
6989,0.0
6990,0.01233
6991,0.06708
6992,0.14977000000000001
6993,0.22365000000000002
6994,0.28120999999999996
6995,0.24530000000000002
6996,0.26852
6997,0.17668
6998,0.15575999999999998
6999,0.10684
7000,0.04665
7001,0.0017
7002,0.0
7003,0.0
7004,0.0
7005,0.0
7006,0.0
7007,0.0
7008,0.0
7009,0.0
7010,0.0
7011,0.0
7012,0.0
7013,0.0
7014,0.00359
7015,0.04902
7016,0.17241
7017,0.15866
7018,0.16674
7019,0.21559999999999999
7020,0.2535
7021,0.13443
7022,0.15056999999999998
7023,0.045520000000000005
7024,0.03228
7025,0.00202
7026,0.0
7027,0.0
7028,0.0
7029,0.0
7030,0.0
7031,0.0
7032,0.0
7033,0.0
7034,0.0
7035,0.0
7036,0.0
7037,0.0
7038,0.020239999999999998
7039,0.0689
7040,0.11485
7041,0.16457
7042,0.20049
7043,0.24339
7044,0.21337
7045,0.17333
7046,0.12107
7047,0.08893000000000001
7048,0.032990000000000005
7049,0.00191
7050,0.0
7051,0.0
7052,0.0
7053,0.0
7054,0.0
7055,0.0
7056,0.0
7057,0.0
7058,0.0
7059,0.0
7060,0.0
7061,0.0
7062,0.01808
7063,0.05464
7064,0.06949
7065,0.09215999999999999
7066,0.13931
7067,0.0906
7068,0.09417
7069,0.13141
7070,0.10439
7071,0.06653
7072,0.03673
7073,0.0035800000000000003
7074,0.0
7075,0.0
7076,0.0
7077,0.0
7078,0.0
7079,0.0
7080,0.0
7081,0.0
7082,0.0
7083,0.0
7084,0.0
7085,0.0
7086,0.01798
7087,0.049460000000000004
7088,0.07075
7089,0.09540000000000001
7090,0.11302
7091,0.14508000000000001
7092,0.13632
7093,0.16087
7094,0.17078
7095,0.11266
7096,0.05836
7097,0.0032
7098,0.0
7099,0.0
7100,0.0
7101,0.0
7102,0.0
7103,0.0
7104,0.0
7105,0.0
7106,0.0
7107,0.0
7108,0.0
7109,0.0
7110,0.013460000000000001
7111,0.07998000000000001
7112,0.13513999999999998
7113,0.16704
7114,0.17528
7115,0.16982
7116,0.17087
7117,0.22363
7118,0.1718
7119,0.11779
7120,0.046049999999999994
7121,0.0026
7122,0.0
7123,0.0
7124,0.0
7125,0.0
7126,0.0
7127,0.0
7128,0.0
7129,0.0
7130,0.0
7131,0.0
7132,0.0
7133,0.0
7134,0.02343
7135,0.09239
7136,0.16296000000000002
7137,0.19763
7138,0.25561
7139,0.28937999999999997
7140,0.23261
7141,0.22250999999999999
7142,0.17358
7143,0.10226
7144,0.03251
7145,0.00283
7146,0.0
7147,0.0
7148,0.0
7149,0.0
7150,0.0
7151,0.0
7152,0.0
7153,0.0
7154,0.0
7155,0.0
7156,0.0
7157,0.0
7158,0.02094
7159,0.06417
7160,0.06357
7161,0.06725
7162,0.0736
7163,0.08268
7164,0.07915000000000001
7165,0.1045
7166,0.09798
7167,0.06348
7168,0.0292
7169,0.0023
7170,0.0
7171,0.0
7172,0.0
7173,0.0
7174,0.0
7175,0.0
7176,0.0
7177,0.0
7178,0.0
7179,0.0
7180,0.0
7181,0.0
7182,0.0263
7183,0.07873000000000001
7184,0.148
7185,0.19946
7186,0.25471
7187,0.29097
7188,0.26433
7189,0.24055
7190,0.1679
7191,0.08453000000000001
7192,0.040479999999999995
7193,0.00256
7194,0.0
7195,0.0
7196,0.0
7197,0.0
7198,0.0
7199,0.0
7200,0.0
7201,0.0
7202,0.0
7203,0.0
7204,0.0
7205,0.0
7206,0.022609999999999998
7207,0.09190000000000001
7208,0.20252
7209,0.23369
7210,0.21286000000000002
7211,0.24402000000000001
7212,0.22093000000000002
7213,0.21025
7214,0.14874
7215,0.08757
7216,0.01578
7217,0.00248
7218,0.0
7219,0.0
7220,0.0
7221,0.0
7222,0.0
7223,0.0
7224,0.0
7225,0.0
7226,0.0
7227,0.0
7228,0.0
7229,0.0
7230,0.02343
7231,0.08468
7232,0.14124
7233,0.15486000000000003
7234,0.1512
7235,0.13512000000000002
7236,0.11733
7237,0.25248
7238,0.18541
7239,0.09834
7240,0.045219999999999996
7241,0.0029
7242,0.0
7243,0.0
7244,0.0
7245,0.0
7246,0.0
7247,0.0
7248,0.0
7249,0.0
7250,0.0
7251,0.0
7252,0.0
7253,0.0
7254,0.02185
7255,0.07703
7256,0.15145
7257,0.23113999999999998
7258,0.2581
7259,0.24717
7260,0.31649
7261,0.10767
7262,0.12828
7263,0.056530000000000004
7264,0.05031
7265,0.00198
7266,0.0
7267,0.0
7268,0.0
7269,0.0
7270,0.0
7271,0.0
7272,0.0
7273,0.0
7274,0.0
7275,0.0
7276,0.0
7277,0.0
7278,0.00756
7279,0.03909000000000001
7280,0.09543
7281,0.16622
7282,0.23886000000000002
7283,0.30481
7284,0.27309
7285,0.19352
7286,0.13983
7287,0.09901
7288,0.04295
7289,0.00244
7290,0.0
7291,0.0
7292,0.0
7293,0.0
7294,0.0
7295,0.0
7296,0.0
7297,0.0
7298,0.0
7299,0.0
7300,0.0
7301,0.0
7302,0.01211
7303,0.05181
7304,0.08663
7305,0.10937999999999999
7306,0.13936
7307,0.16956
7308,0.19602
7309,0.16633
7310,0.0963
7311,0.11559
7312,0.03995
7313,0.00163
7314,0.0
7315,0.0
7316,0.0
7317,0.0
7318,0.0
7319,0.0
7320,0.0
7321,0.0
7322,0.0
7323,0.0
7324,0.0
7325,0.0
7326,0.013730000000000001
7327,0.06462000000000001
7328,0.12594
7329,0.15963999999999998
7330,0.21888
7331,0.23513
7332,0.24796
7333,0.24494
7334,0.15118
7335,0.10739
7336,0.0541
7337,0.00091
7338,0.0
7339,0.0
7340,0.0
7341,0.0
7342,0.0
7343,0.0
7344,0.0
7345,0.0
7346,0.0
7347,0.0
7348,0.0
7349,0.0
7350,0.01287
7351,0.0751
7352,0.13058
7353,0.136
7354,0.16404
7355,0.22254
7356,0.17937
7357,0.15938999999999998
7358,0.14329
7359,0.13111
7360,0.048
7361,0.00141
7362,0.0
7363,0.0
7364,0.0
7365,0.0
7366,0.0
7367,0.0
7368,0.0
7369,0.0
7370,0.0
7371,0.0
7372,0.0
7373,0.0
7374,0.01533
7375,0.05917
7376,0.07476000000000001
7377,0.11443
7378,0.13702
7379,0.2073
7380,0.17003000000000001
7381,0.14257
7382,0.11746
7383,0.07571
7384,0.02987
7385,0.00082
7386,0.0
7387,0.0
7388,0.0
7389,0.0
7390,0.0
7391,0.0
7392,0.0
7393,0.0
7394,0.0
7395,0.0
7396,0.0
7397,0.0
7398,0.01582
7399,0.06673
7400,0.09994
7401,0.20656
7402,0.21098
7403,0.28089
7404,0.22028
7405,0.20676
7406,0.12328
7407,0.08501
7408,0.0314
7409,0.00091
7410,0.0
7411,0.0
7412,0.0
7413,0.0
7414,0.0
7415,0.0
7416,0.0
7417,0.0
7418,0.0
7419,0.0
7420,0.0
7421,0.0
7422,0.00968
7423,0.06099
7424,0.14126
7425,0.21625999999999998
7426,0.24374
7427,0.21961000000000003
7428,0.15879
7429,0.16397
7430,0.11489
7431,0.11447
7432,0.04421
7433,0.0021000000000000003
7434,0.0
7435,0.0
7436,0.0
7437,0.0
7438,0.0
7439,0.0
7440,0.0
7441,0.0
7442,0.0
7443,0.0
7444,0.0
7445,0.0
7446,0.011800000000000001
7447,0.04592
7448,0.10415
7449,0.13998
7450,0.16361
7451,0.10790999999999999
7452,0.18319
7453,0.18697
7454,0.12183
7455,0.08166
7456,0.041460000000000004
7457,0.00198
7458,0.0
7459,0.0
7460,0.0
7461,0.0
7462,0.0
7463,0.0
7464,0.0
7465,0.0
7466,0.0
7467,0.0
7468,0.0
7469,0.0
7470,0.01832
7471,0.055689999999999996
7472,0.10009
7473,0.13374
7474,0.17066
7475,0.21919
7476,0.23737
7477,0.24706999999999998
7478,0.12534
7479,0.11634
7480,0.04735
7481,0.00173
7482,0.0
7483,0.0
7484,0.0
7485,0.0
7486,0.0
7487,0.0
7488,0.0
7489,0.0
7490,0.0
7491,0.0
7492,0.0
7493,0.0
7494,0.022670000000000003
7495,0.08314
7496,0.13965
7497,0.14608000000000002
7498,0.1529
7499,0.15763999999999997
7500,0.15708000000000003
7501,0.16627
7502,0.12502
7503,0.07928
7504,0.05139
7505,0.00079
7506,0.0
7507,0.0
7508,0.0
7509,0.0
7510,0.0
7511,0.0
7512,0.0
7513,0.0
7514,0.0
7515,0.0
7516,0.0
7517,0.0
7518,0.016649999999999998
7519,0.05436
7520,0.07619
7521,0.07931999999999999
7522,0.09718
7523,0.20477
7524,0.16094
7525,0.1171
7526,0.09237999999999999
7527,0.07415999999999999
7528,0.044
7529,0.00067
7530,0.0
7531,0.0
7532,0.0
7533,0.0
7534,0.0
7535,0.0
7536,0.0
7537,0.0
7538,0.0
7539,0.0
7540,0.0
7541,0.0
7542,0.01388
7543,0.06779
7544,0.07289
7545,0.11112000000000001
7546,0.11363
7547,0.18281999999999998
7548,0.19013
7549,0.20453
7550,0.12573
7551,0.11837
7552,0.04852
7553,0.0011899999999999999
7554,0.0
7555,0.0
7556,0.0
7557,0.0
7558,0.0
7559,0.0
7560,0.0
7561,0.0
7562,0.0
7563,0.0
7564,0.0
7565,0.0
7566,0.01449
7567,0.05087
7568,0.08891
7569,0.08573
7570,0.09951
7571,0.17145
7572,0.13407
7573,0.14373
7574,0.1264
7575,0.09695000000000001
7576,0.038829999999999996
7577,0.0016200000000000001
7578,0.0
7579,0.0
7580,0.0
7581,0.0
7582,0.0
7583,0.0
7584,0.0
7585,0.0
7586,0.0
7587,0.0
7588,0.0
7589,0.0
7590,0.023960000000000002
7591,0.07667
7592,0.12172
7593,0.14168
7594,0.14343
7595,0.13333
7596,0.2152
7597,0.19544
7598,0.15630000000000002
7599,0.07676999999999999
7600,0.03675
7601,0.00078
7602,0.0
7603,0.0
7604,0.0
7605,0.0
7606,0.0
7607,0.0
7608,0.0
7609,0.0
7610,0.0
7611,0.0
7612,0.0
7613,0.0
7614,0.009789999999999998
7615,0.05533
7616,0.10629000000000001
7617,0.08586
7618,0.11084999999999999
7619,0.1251
7620,0.18635
7621,0.2013
7622,0.16523
7623,0.07751000000000001
7624,0.04162
7625,0.00065
7626,0.0
7627,0.0
7628,0.0
7629,0.0
7630,0.0
7631,0.0
7632,0.0
7633,0.0
7634,0.0
7635,0.0
7636,0.0
7637,0.0
7638,0.01477
7639,0.0746
7640,0.12326999999999999
7641,0.18541999999999997
7642,0.18927000000000002
7643,0.22540000000000002
7644,0.23191
7645,0.13004
7646,0.09068000000000001
7647,0.05747
7648,0.041729999999999996
7649,0.0010400000000000001
7650,0.0
7651,0.0
7652,0.0
7653,0.0
7654,0.0
7655,0.0
7656,0.0
7657,0.0
7658,0.0
7659,0.0
7660,0.0
7661,0.0
7662,0.01687
7663,0.0713
7664,0.11635
7665,0.13816
7666,0.12292
7667,0.16878
7668,0.11172
7669,0.08072
7670,0.08206999999999999
7671,0.049
7672,0.037880000000000004
7673,0.0
7674,0.0
7675,0.0
7676,0.0
7677,0.0
7678,0.0
7679,0.0
7680,0.0
7681,0.0
7682,0.0
7683,0.0
7684,0.0
7685,0.0
7686,0.01392
7687,0.07712000000000001
7688,0.15163
7689,0.13515
7690,0.20737
7691,0.19954
7692,0.17406
7693,0.13988
7694,0.07232999999999999
7695,0.07695
7696,0.03583
7697,0.00135
7698,0.0
7699,0.0
7700,0.0
7701,0.0
7702,0.0
7703,0.0
7704,0.0
7705,0.0
7706,0.0
7707,0.0
7708,0.0
7709,0.0
7710,0.01634
7711,0.08487
7712,0.15378
7713,0.14826
7714,0.192
7715,0.18759
7716,0.19695
7717,0.21492
7718,0.15263
7719,0.10656
7720,0.04174
7721,0.00063
7722,0.0
7723,0.0
7724,0.0
7725,0.0
7726,0.0
7727,0.0
7728,0.0
7729,0.0
7730,0.0
7731,0.0
7732,0.0
7733,0.0
7734,0.01014
7735,0.06353
7736,0.12331
7737,0.11320000000000001
7738,0.12023
7739,0.13003
7740,0.08657
7741,0.16726
7742,0.10642
7743,0.0886
7744,0.03095
7745,0.00126
7746,0.0
7747,0.0
7748,0.0
7749,0.0
7750,0.0
7751,0.0
7752,0.0
7753,0.0
7754,0.0
7755,0.0
7756,0.0
7757,0.0
7758,0.01269
7759,0.05385
7760,0.10242
7761,0.10512
7762,0.09695000000000001
7763,0.111
7764,0.10199
7765,0.07619
7766,0.07855
7767,0.07518000000000001
7768,0.02565
7769,0.00087
7770,0.0
7771,0.0
7772,0.0
7773,0.0
7774,0.0
7775,0.0
7776,0.0
7777,0.0
7778,0.0
7779,0.0
7780,0.0
7781,0.0
7782,0.01823
7783,0.08714
7784,0.12171
7785,0.11988
7786,0.0905
7787,0.10231
7788,0.14446
7789,0.13761
7790,0.10327
7791,0.08552
7792,0.040119999999999996
7793,0.00134
7794,0.0
7795,0.0
7796,0.0
7797,0.0
7798,0.0
7799,0.0
7800,0.0
7801,0.0
7802,0.0
7803,0.0
7804,0.0
7805,0.0
7806,0.01986
7807,0.07390000000000001
7808,0.12783
7809,0.14609
7810,0.15039
7811,0.15700999999999998
7812,0.17393
7813,0.10416
7814,0.12301999999999999
7815,0.0851
7816,0.03144
7817,0.0011899999999999999
7818,0.0
7819,0.0
7820,0.0
7821,0.0
7822,0.0
7823,0.0
7824,0.0
7825,0.0
7826,0.0
7827,0.0
7828,0.0
7829,0.0
7830,0.01751
7831,0.08416
7832,0.11826
7833,0.13877
7834,0.15600999999999998
7835,0.1685
7836,0.12784
7837,0.19086
7838,0.11273000000000001
7839,0.10404000000000001
7840,0.04288
7841,0.0011799999999999998
7842,0.0
7843,0.0
7844,0.0
7845,0.0
7846,0.0
7847,0.0
7848,0.0
7849,0.0
7850,0.0
7851,0.0
7852,0.0
7853,0.0
7854,0.01375
7855,0.06592
7856,0.12729000000000001
7857,0.08786
7858,0.12921000000000002
7859,0.18189
7860,0.17078
7861,0.22515000000000002
7862,0.1822
7863,0.09968
7864,0.05292
7865,0.00197
7866,0.0
7867,0.0
7868,0.0
7869,0.0
7870,0.0
7871,0.0
7872,0.0
7873,0.0
7874,0.0
7875,0.0
7876,0.0
7877,0.0
7878,0.01492
7879,0.0688
7880,0.1067
7881,0.15925
7882,0.18097
7883,0.19895
7884,0.19903
7885,0.20428
7886,0.18524000000000002
7887,0.12212999999999999
7888,0.03816
7889,0.00017
7890,0.0
7891,0.0
7892,0.0
7893,0.0
7894,0.0
7895,0.0
7896,0.0
7897,0.0
7898,0.0
7899,0.0
7900,0.0
7901,0.0
7902,0.01131
7903,0.04872
7904,0.07559
7905,0.08795
7906,0.10948000000000001
7907,0.10529999999999999
7908,0.11248999999999999
7909,0.16588999999999998
7910,0.09323000000000001
7911,0.07801000000000001
7912,0.03415
7913,0.0012
7914,0.0
7915,0.0
7916,0.0
7917,0.0
7918,0.0
7919,0.0
7920,0.0
7921,0.0
7922,0.0
7923,0.0
7924,0.0
7925,0.0
7926,0.01074
7927,0.0517
7928,0.10564
7929,0.13859
7930,0.15824000000000002
7931,0.102
7932,0.10453
7933,0.10012
7934,0.07942
7935,0.08918000000000001
7936,0.03005
7937,0.00103
7938,0.0
7939,0.0
7940,0.0
7941,0.0
7942,0.0
7943,0.0
7944,0.0
7945,0.0
7946,0.0
7947,0.0
7948,0.0
7949,0.0
7950,0.01219
7951,0.07695
7952,0.10579999999999999
7953,0.18281999999999998
7954,0.22194
7955,0.20788
7956,0.19137
7957,0.16695
7958,0.09392
7959,0.083
7960,0.05752
7961,0.00239
7962,0.0
7963,0.0
7964,0.0
7965,0.0
7966,0.0
7967,0.0
7968,0.0
7969,0.0
7970,0.0
7971,0.0
7972,0.0
7973,0.0
7974,0.01036
7975,0.05375
7976,0.10859
7977,0.10768000000000001
7978,0.1431
7979,0.16401
7980,0.13762
7981,0.10524
7982,0.08405
7983,0.055799999999999995
7984,0.033170000000000005
7985,0.00065
7986,0.0
7987,0.0
7988,0.0
7989,0.0
7990,0.0
7991,0.0
7992,0.0
7993,0.0
7994,0.0
7995,0.0
7996,0.0
7997,0.0
7998,0.009550000000000001
7999,0.04313
8000,0.08163
8001,0.11451
8002,0.11639000000000001
8003,0.10948999999999999
8004,0.09022
8005,0.06951
8006,0.07490999999999999
8007,0.05804
8008,0.03083
8009,0.0014399999999999999
8010,0.0
8011,0.0
8012,0.0
8013,0.0
8014,0.0
8015,0.0
8016,0.0
8017,0.0
8018,0.0
8019,0.0
8020,0.0
8021,0.0
8022,0.01129
8023,0.07513
8024,0.12597
8025,0.08131000000000001
8026,0.09021
8027,0.08990000000000001
8028,0.11791
8029,0.08239
8030,0.07961
8031,0.055420000000000004
8032,0.02912
8033,0.00174
8034,0.0
8035,0.0
8036,0.0
8037,0.0
8038,0.0
8039,0.0
8040,0.0
8041,0.0
8042,0.0
8043,0.0
8044,0.0
8045,0.0
8046,0.01068
8047,0.07114
8048,0.10983
8049,0.08136
8050,0.07554999999999999
8051,0.0875
8052,0.09552
8053,0.0684
8054,0.06814
8055,0.04961
8056,0.02662
8057,0.00149
8058,0.0
8059,0.0
8060,0.0
8061,0.0
8062,0.0
8063,0.0
8064,0.0
8065,0.0
8066,0.0
8067,0.0
8068,0.0
8069,0.0
8070,0.00817
8071,0.04739
8072,0.06787
8073,0.10264
8074,0.12418000000000001
8075,0.08453000000000001
8076,0.09814
8077,0.09379000000000001
8078,0.07174
8079,0.05602
8080,0.032740000000000005
8081,0.00164
8082,0.0
8083,0.0
8084,0.0
8085,0.0
8086,0.0
8087,0.0
8088,0.0
8089,0.0
8090,0.0
8091,0.0
8092,0.0
8093,0.0
8094,0.00809
8095,0.039909999999999994
8096,0.05475
8097,0.06326
8098,0.06745
8099,0.07024
8100,0.08554
8101,0.07252
8102,0.060039999999999996
8103,0.047049999999999995
8104,0.03093
8105,0.00202
8106,0.0
8107,0.0
8108,0.0
8109,0.0
8110,0.0
8111,0.0
8112,0.0
8113,0.0
8114,0.0
8115,0.0
8116,0.0
8117,0.0
8118,0.01245
8119,0.06122
8120,0.08411
8121,0.06445000000000001
8122,0.06879
8123,0.07956999999999999
8124,0.07028
8125,0.07893
8126,0.09315999999999999
8127,0.05665
8128,0.032479999999999995
8129,0.0017
8130,0.0
8131,0.0
8132,0.0
8133,0.0
8134,0.0
8135,0.0
8136,0.0
8137,0.0
8138,0.0
8139,0.0
8140,0.0
8141,0.0
8142,0.00836
8143,0.04564
8144,0.06123
8145,0.08659
8146,0.07983
8147,0.10990000000000001
8148,0.08578
8149,0.09367
8150,0.07968
8151,0.07970999999999999
8152,0.03048
8153,0.00182
8154,0.0
8155,0.0
8156,0.0
8157,0.0
8158,0.0
8159,0.0
8160,0.0
8161,0.0
8162,0.0
8163,0.0
8164,0.0
8165,0.0
8166,0.0074800000000000005
8167,0.03766
8168,0.059969999999999996
8169,0.07173
8170,0.08497
8171,0.0911
8172,0.10436
8173,0.08345999999999999
8174,0.06883
8175,0.04678
8176,0.027149999999999997
8177,0.0020800000000000003
8178,0.0
8179,0.0
8180,0.0
8181,0.0
8182,0.0
8183,0.0
8184,0.0
8185,0.0
8186,0.0
8187,0.0
8188,0.0
8189,0.0
8190,0.00711
8191,0.038520000000000006
8192,0.06686
8193,0.06971
8194,0.09115999999999999
8195,0.06969
8196,0.09698999999999999
8197,0.09309999999999999
8198,0.07235
8199,0.05489
8200,0.03418
8201,0.00135
8202,0.0
8203,0.0
8204,0.0
8205,0.0
8206,0.0
8207,0.0
8208,0.0
8209,0.0
8210,0.0
8211,0.0
8212,0.0
8213,0.0
8214,0.00724
8215,0.03651
8216,0.054130000000000005
8217,0.06717000000000001
8218,0.09023
8219,0.0863
8220,0.10872
8221,0.16113
8222,0.14042
8223,0.08265
8224,0.03638
8225,0.00315
8226,0.0
8227,0.0
8228,0.0
8229,0.0
8230,0.0
8231,0.0
8232,0.0
8233,0.0
8234,0.0
8235,0.0
8236,0.0
8237,0.0
8238,0.0055
8239,0.0373
8240,0.05779
8241,0.10493999999999999
8242,0.16036
8243,0.1155
8244,0.10598
8245,0.1051
8246,0.07598
8247,0.06081
8248,0.032549999999999996
8249,0.00138
8250,0.0
8251,0.0
8252,0.0
8253,0.0
8254,0.0
8255,0.0
8256,0.0
8257,0.0
8258,0.0
8259,0.0
8260,0.0
8261,0.0
8262,0.00652
8263,0.041299999999999996
8264,0.07772
8265,0.07886
8266,0.07776000000000001
8267,0.10474
8268,0.07158
8269,0.08084000000000001
8270,0.08799
8271,0.053259999999999995
8272,0.031149999999999997
8273,0.00186
8274,0.0
8275,0.0
8276,0.0
8277,0.0
8278,0.0
8279,0.0
8280,0.0
8281,0.0
8282,0.0
8283,0.0
8284,0.0
8285,0.0
8286,0.00551
8287,0.037020000000000004
8288,0.05629
8289,0.07142
8290,0.07916
8291,0.07933
8292,0.07615000000000001
8293,0.08646
8294,0.0596
8295,0.06918
8296,0.045020000000000004
8297,0.00234
8298,0.0
8299,0.0
8300,0.0
8301,0.0
8302,0.0
8303,0.0
8304,0.0
8305,0.0
8306,0.0
8307,0.0
8308,0.0
8309,0.0
8310,0.00595
8311,0.03682
8312,0.05656
8313,0.06936
8314,0.07323
8315,0.0985
8316,0.08168
8317,0.10331
8318,0.05504
8319,0.0536
8320,0.03786
8321,0.00282
8322,0.0
8323,0.0
8324,0.0
8325,0.0
8326,0.0
8327,0.0
8328,0.0
8329,0.0
8330,0.0
8331,0.0
8332,0.0
8333,0.0
8334,0.00579
8335,0.03616
8336,0.05261
8337,0.06167
8338,0.06702
8339,0.069
8340,0.0689
8341,0.066
8342,0.05889
8343,0.05453
8344,0.03184
8345,0.00278
8346,0.0
8347,0.0
8348,0.0
8349,0.0
8350,0.0
8351,0.0
8352,0.0
8353,0.0
8354,0.0
8355,0.0
8356,0.0
8357,0.0
8358,0.00553
8359,0.03594
8360,0.05248
8361,0.06323
8362,0.0676
8363,0.06959
8364,0.06888
8365,0.0699
8366,0.08176
8367,0.04965
8368,0.03246
8369,0.0027
8370,0.0
8371,0.0
8372,0.0
8373,0.0
8374,0.0
8375,0.0
8376,0.0
8377,0.0
8378,0.0
8379,0.0
8380,0.0
8381,0.0
8382,0.0057599999999999995
8383,0.0376
8384,0.061450000000000005
8385,0.08213
8386,0.06874
8387,0.06991
8388,0.07345
8389,0.09043000000000001
8390,0.06327
8391,0.06725
8392,0.04254
8393,0.00376
8394,0.0
8395,0.0
8396,0.0
8397,0.0
8398,0.0
8399,0.0
8400,0.0
8401,0.0
8402,0.0
8403,0.0
8404,0.0
8405,0.0
8406,0.00552
8407,0.036340000000000004
8408,0.056350000000000004
8409,0.09304000000000001
8410,0.08272
8411,0.07814
8412,0.08624
8413,0.09659000000000001
8414,0.08792
8415,0.048979999999999996
8416,0.032060000000000005
8417,0.0029100000000000003
8418,0.0
8419,0.0
8420,0.0
8421,0.0
8422,0.0
8423,0.0
8424,0.0
8425,0.0
8426,0.0
8427,0.0
8428,0.0
8429,0.0
8430,0.006730000000000001
8431,0.04233
8432,0.060399999999999995
8433,0.06947
8434,0.08077
8435,0.13244999999999998
8436,0.11988
8437,0.08901
8438,0.09122
8439,0.06581000000000001
8440,0.02544
8441,0.00277
8442,0.0
8443,0.0
8444,0.0
8445,0.0
8446,0.0
8447,0.0
8448,0.0
8449,0.0
8450,0.0
8451,0.0
8452,0.0
8453,0.0
8454,0.00543
8455,0.03384
8456,0.09556
8457,0.10807
8458,0.15003
8459,0.10767
8460,0.11156999999999999
8461,0.1251
8462,0.13901
8463,0.09642
8464,0.05207
8465,0.00595
8466,0.0
8467,0.0
8468,0.0
8469,0.0
8470,0.0
8471,0.0
8472,0.0
8473,0.0
8474,0.0
8475,0.0
8476,0.0
8477,0.0
8478,0.0041600000000000005
8479,0.06161
8480,0.09645999999999999
8481,0.13069999999999998
8482,0.18318
8483,0.17495
8484,0.14246999999999999
8485,0.12111
8486,0.10285
8487,0.0616
8488,0.03478
8489,0.0043
8490,0.0
8491,0.0
8492,0.0
8493,0.0
8494,0.0
8495,0.0
8496,0.0
8497,0.0
8498,0.0
8499,0.0
8500,0.0
8501,0.0
8502,0.0055899999999999995
8503,0.06207
8504,0.10953
8505,0.11211
8506,0.09104999999999999
8507,0.11756
8508,0.08764
8509,0.12240999999999999
8510,0.13304
8511,0.10342
8512,0.05008
8513,0.00327
8514,0.0
8515,0.0
8516,0.0
8517,0.0
8518,0.0
8519,0.0
8520,0.0
8521,0.0
8522,0.0
8523,0.0
8524,0.0
8525,0.0
8526,0.0054800000000000005
8527,0.06947
8528,0.10073
8529,0.11907
8530,0.13240000000000002
8531,0.15783000000000003
8532,0.22049000000000002
8533,0.15363
8534,0.15591999999999998
8535,0.11226
8536,0.053939999999999995
8537,0.00383
8538,0.0
8539,0.0
8540,0.0
8541,0.0
8542,0.0
8543,0.0
8544,0.0
8545,0.0
8546,0.0
8547,0.0
8548,0.0
8549,0.0
8550,0.0061600000000000005
8551,0.04393
8552,0.09315000000000001
8553,0.10626999999999999
8554,0.09862
8555,0.12198
8556,0.12048
8557,0.17258
8558,0.14512
8559,0.10285
8560,0.04387
8561,0.00392
8562,0.0
8563,0.0
8564,0.0
8565,0.0
8566,0.0
8567,0.0
8568,0.0
8569,0.0
8570,0.0
8571,0.0
8572,0.0
8573,0.0
8574,0.00449
8575,0.04231
8576,0.05916
8577,0.08492
8578,0.15175
8579,0.15697999999999998
8580,0.11393
8581,0.09673999999999999
8582,0.08595
8583,0.07506
8584,0.04392
8585,0.004860000000000001
8586,0.0
8587,0.0
8588,0.0
8589,0.0
8590,0.0
8591,0.0
8592,0.0
8593,0.0
8594,0.0
8595,0.0
8596,0.0
8597,0.0
8598,0.00432
8599,0.04704
8600,0.08771999999999999
8601,0.11147
8602,0.13352
8603,0.1377
8604,0.16624
8605,0.17587
8606,0.086
8607,0.07187
8608,0.03326
8609,0.00394
8610,0.0
8611,0.0
8612,0.0
8613,0.0
8614,0.0
8615,0.0
8616,0.0
8617,0.0
8618,0.0
8619,0.0
8620,0.0
8621,0.0
8622,0.00282
8623,0.03678
8624,0.09223999999999999
8625,0.14867
8626,0.11162000000000001
8627,0.12247
8628,0.08023999999999999
8629,0.10901000000000001
8630,0.08178
8631,0.07087
8632,0.033979999999999996
8633,0.0062900000000000005
8634,0.0
8635,0.0
8636,0.0
8637,0.0
8638,0.0
8639,0.0
8640,0.0
8641,0.0
8642,0.0
8643,0.0
8644,0.0
8645,0.0
8646,0.0045899999999999995
8647,0.046560000000000004
8648,0.07339
8649,0.09822
8650,0.12417
8651,0.14321
8652,0.18588
8653,0.14446
8654,0.16427
8655,0.11153
8656,0.05762
8657,0.00464
8658,0.0
8659,0.0
8660,0.0
8661,0.0
8662,0.0
8663,0.0
8664,0.0
8665,0.0
8666,0.0
8667,0.0
8668,0.0
8669,0.0
8670,0.00364
8671,0.03524
8672,0.0615
8673,0.07571
8674,0.13941
8675,0.16308
8676,0.16293000000000002
8677,0.13861
8678,0.11122
8679,0.10139
8680,0.03018
8681,0.00337
8682,0.0
8683,0.0
8684,0.0
8685,0.0
8686,0.0
8687,0.0
8688,0.0
8689,0.0
8690,0.0
8691,0.0
8692,0.0
8693,0.0
8694,0.00333
8695,0.04516
8696,0.07998999999999999
8697,0.14017
8698,0.18584
8699,0.09711
8700,0.10638
8701,0.07578
8702,0.061149999999999996
8703,0.05403
8704,0.038259999999999995
8705,0.00579
8706,0.0
8707,0.0
8708,0.0
8709,0.0
8710,0.0
8711,0.0
8712,0.0
8713,0.0
8714,0.0
8715,0.0
8716,0.0
8717,0.0
8718,0.00335
8719,0.03578
8720,0.055979999999999995
8721,0.06689
8722,0.07248
8723,0.07726000000000001
8724,0.07786
8725,0.07401
8726,0.05811
8727,0.07
8728,0.04004
8729,0.00538
8730,0.0
8731,0.0
8732,0.0
8733,0.0
8734,0.0
8735,0.0
8736,0.0
8737,0.0
8738,0.0
8739,0.0
8740,0.0
8741,0.0
8742,0.0032400000000000003
8743,0.03507
8744,0.05357
8745,0.06478
8746,0.07467
8747,0.07431
8748,0.07195
8749,0.06929
8750,0.06298
8751,0.05332
8752,0.03691
8753,0.03721
8754,0.0
8755,0.0
8756,0.0
8757,0.0
8758,0.0
8759,0.0
