,pv_per_unit
0,0.0
1,0.0
2,0.0
3,0.0
4,0.0
5,0.0
6,0.00271
7,0.04416
8,0.07762999999999999
9,0.07008
10,0.13166
11,0.18287
12,0.15607
13,0.21591
14,0.13212000000000002
15,0.08566
16,0.05752
17,0.01594
18,0.0
19,0.0
20,0.0
21,0.0
22,0.0
23,0.0
24,0.0
25,0.0
26,0.0
27,0.0
28,0.0
29,0.0
30,0.005849999999999999
31,0.04976
32,0.08847
33,0.09852
34,0.1263
35,0.15875999999999998
36,0.14687
37,0.13383
38,0.13005
39,0.07237
40,0.053090000000000005
41,0.00885
42,0.0
43,0.0
44,0.0
45,0.0
46,0.0
47,0.0
48,0.0
49,0.0
50,0.0
51,0.0
52,0.0
53,0.0
54,0.00155
55,0.02644
56,0.12628
57,0.14486000000000002
58,0.14064
59,0.2034
60,0.19515000000000002
61,0.1453
62,0.10733
63,0.10435
64,0.06806999999999999
65,0.00855
66,0.0
67,0.0
68,0.0
69,0.0
70,0.0
71,0.0
72,0.0
73,0.0
74,0.0
75,0.0
76,0.0
77,0.0
78,0.0034300000000000003
79,0.04139
80,0.07539
81,0.12223
82,0.16246000000000002
83,0.13861
84,0.13038999999999998
85,0.13011
86,0.13197
87,0.09014
88,0.04778
89,0.019190000000000002
90,0.0
91,0.0
92,0.0
93,0.0
94,0.0
95,0.0
96,0.0
97,0.0
98,0.0
99,0.0
100,0.0
101,0.0
102,0.0
103,0.01383
104,0.05052
105,0.15271
106,0.24236000000000002
107,0.26492
108,0.24625
109,0.22153
110,0.13868
111,0.08417
112,0.06903000000000001
113,0.02312
114,0.0
115,0.0
116,0.0
117,0.0
118,0.0
119,0.0
120,0.0
121,0.0
122,0.0
123,0.0
124,0.0
125,0.0
126,0.00318
127,0.05483
128,0.11524
129,0.1406
130,0.15302000000000002
131,0.20104
132,0.22788
133,0.14898
134,0.09469
135,0.05518
136,0.02902
137,0.0020499999999999997
138,0.0
139,0.0
140,0.0
141,0.0
142,0.0
143,0.0
144,0.0
145,0.0
146,0.0
147,0.0
148,0.0
149,0.0
150,0.00148
151,0.04795
152,0.12675
153,0.15264
154,0.20624
155,0.21073
156,0.23444
157,0.24628
158,0.14381
159,0.11538
160,0.07826999999999999
161,0.014410000000000001
162,0.0
163,0.0
164,0.0
165,0.0
166,0.0
167,0.0
168,0.0
169,0.0
170,0.0
171,0.0
172,0.0
173,0.0
174,0.00213
175,0.047060000000000005
176,0.11173000000000001
177,0.14091
178,0.14583000000000002
179,0.11365
180,0.14637
181,0.10826999999999999
182,0.09725
183,0.07497
184,0.05913
185,0.01751
186,0.0
187,0.0
188,0.0
189,0.0
190,0.0
191,0.0
192,0.0
193,0.0
194,0.0
195,0.0
196,0.0
197,0.0
198,0.0033
199,0.05332
200,0.10690000000000001
201,0.12193999999999999
202,0.14128
203,0.16052000000000002
204,0.16494
205,0.18365
206,0.20565
207,0.11216
208,0.08710999999999999
209,0.02569
210,0.0
211,0.0
212,0.0
213,0.0
214,0.0
215,0.0
216,0.0
217,0.0
218,0.0
219,0.0
220,0.0
221,0.0
222,0.0016
223,0.0384
224,0.06814
225,0.11409
226,0.14077
227,0.13318000000000002
228,0.14569
229,0.11907999999999999
230,0.10305
231,0.08857
232,0.07075
233,0.014039999999999999
234,0.0
235,0.0
236,0.0
237,0.0
238,0.0
239,0.0
240,0.0
241,0.0
242,0.0
243,0.0
244,0.0
245,0.0
246,0.0031
247,0.036950000000000004
248,0.08671
249,0.08193
250,0.08959
251,0.14338
252,0.11893000000000001
253,0.11395000000000001
254,0.08733
255,0.10221
256,0.07325
257,0.02468
258,0.0
259,0.0
260,0.0
261,0.0
262,0.0
263,0.0
264,0.0
265,0.0
266,0.0
267,0.0
268,0.0
269,0.0
270,0.00146
271,0.03583
272,0.08749
273,0.16728
274,0.17914
275,0.20528
276,0.16532
277,0.16897
278,0.17394
279,0.11284999999999999
280,0.05595
281,0.02082
282,0.0
283,0.0
284,0.0
285,0.0
286,0.0
287,0.0
288,0.0
289,0.0
290,0.0
291,0.0
292,0.0
293,0.0
294,0.00037
295,0.03369
296,0.05825
297,0.08381
298,0.11412
299,0.11326
300,0.10609
301,0.13645
302,0.11178
303,0.07057
304,0.023440000000000003
305,0.00123
306,0.0
307,0.0
308,0.0
309,0.0
310,0.0
311,0.0
312,0.0
313,0.0
314,0.0
315,0.0
316,0.0
317,0.0
318,0.0009599999999999999
319,0.05043
320,0.10540000000000001
321,0.14747
322,0.19094
323,0.21001
324,0.12231
325,0.11853
326,0.11548
327,0.11691
328,0.07212
329,0.0165
330,0.0
331,0.0
332,0.0
333,0.0
334,0.0
335,0.0
336,0.0
337,0.0
338,0.0
339,0.0
340,0.0
341,0.0
342,0.00041
343,0.023710000000000002
344,0.06744
345,0.12628
346,0.13582
347,0.152
348,0.12128
349,0.18514
350,0.19552
351,0.13209
352,0.08212
353,0.015380000000000001
354,0.0
355,0.0
356,0.0
357,0.0
358,0.0
359,0.0
360,0.0
361,0.0
362,0.0
363,0.0
364,0.0
365,0.0
366,0.0
367,0.0
368,0.00865
369,0.04813
370,0.131
371,0.16644
372,0.24886000000000003
373,0.26104
374,0.24296
375,0.13651
376,0.08292000000000001
377,0.02986
378,0.0
379,0.0
380,0.0
381,0.0
382,0.0
383,0.0
384,0.0
385,0.0
386,0.0
387,0.0
388,0.0
389,0.0
390,0.0
391,0.02239
392,0.04235
393,0.06405
394,0.10116
395,0.14016
396,0.17747
397,0.17833000000000002
398,0.12259
399,0.14668
400,0.08965000000000001
401,0.0261
402,0.0
403,0.0
404,0.0
405,0.0
406,0.0
407,0.0
408,0.0
409,0.0
410,0.0
411,0.0
412,0.0
413,0.0
414,0.00198
415,0.03599
416,0.08209000000000001
417,0.15363
418,0.18378999999999998
419,0.19768
420,0.22728
421,0.16756000000000001
422,0.1386
423,0.11077
424,0.06329
425,0.015220000000000001
426,0.0
427,0.0
428,0.0
429,0.0
430,0.0
431,0.0
432,0.0
433,0.0
434,0.0
435,0.0
436,0.0
437,0.0
438,0.0001
439,0.01819
440,0.05112
441,0.09416
442,0.11041
443,0.14268
444,0.13824
445,0.21436000000000002
446,0.15722999999999998
447,0.10311
448,0.0675
449,0.02032
450,0.0
451,0.0
452,0.0
453,0.0
454,0.0
455,0.0
456,0.0
457,0.0
458,0.0
459,0.0
460,0.0
461,0.0
462,0.0013
463,0.04097
464,0.08967
465,0.1067
466,0.18316
467,0.17653
468,0.21506999999999998
469,0.15322
470,0.16912
471,0.12603
472,0.06777
473,0.0173
474,0.0
475,0.0
476,0.0
477,0.0
478,0.0
479,0.0
480,0.0
481,0.0
482,0.0
483,0.0
484,0.0
485,0.0
486,0.00026000000000000003
487,0.03562
488,0.08566
489,0.13656000000000001
490,0.15694999999999998
491,0.15247
492,0.21918
493,0.16994
494,0.16785
495,0.12372
496,0.07848000000000001
497,0.02105
498,0.0
499,0.0
500,0.0
501,0.0
502,0.0
503,0.0
504,0.0
505,0.0
506,0.0
507,0.0
508,0.0
509,0.0
510,0.00215
511,0.0315
512,0.08734
513,0.1181
514,0.16525
515,0.17138
516,0.15275
517,0.128
518,0.08721999999999999
519,0.07970000000000001
520,0.06448999999999999
521,0.01778
522,0.0
523,0.0
524,0.0
525,0.0
526,0.0
527,0.0
528,0.0
529,0.0
530,0.0
531,0.0
532,0.0
533,0.0
534,0.00101
535,0.0353
536,0.08767
537,0.14243
538,0.14304
539,0.11738
540,0.14784
541,0.163
542,0.10886
543,0.11170000000000001
544,0.06909
545,0.025670000000000002
546,0.0
547,0.0
548,0.0
549,0.0
550,0.0
551,0.0
552,0.0
553,0.0
554,0.0
555,0.0
556,0.0
557,0.0
558,0.00123
559,0.02777
560,0.10439
561,0.09883
562,0.16347
563,0.17826
564,0.17618
565,0.19815
566,0.12495999999999999
567,0.09861
568,0.07429000000000001
569,0.01829
570,0.0
571,0.0
572,0.0
573,0.0
574,0.0
575,0.0
576,0.0
577,0.0
578,0.0
579,0.0
580,0.0
581,0.0
582,0.00049
583,0.03382
584,0.07484
585,0.13477
586,0.18322999999999998
587,0.16508
588,0.13438999999999998
589,0.16673
590,0.12215999999999999
591,0.13328
592,0.08273
593,0.02345
594,0.0
595,0.0
596,0.0
597,0.0
598,0.0
599,0.0
600,0.0
601,0.0
602,0.0
603,0.0
604,0.0
605,0.0
606,0.00281
607,0.039920000000000004
608,0.08145999999999999
609,0.10156
610,0.15496000000000001
611,0.13853000000000001
612,0.12397
613,0.11635
614,0.13537000000000002
615,0.08766
616,0.05759
617,0.01871
618,0.0
619,0.0
620,0.0
621,0.0
622,0.0
623,0.0
624,0.0
625,0.0
626,0.0
627,0.0
628,0.0
629,0.0
630,5.9999999999999995e-05
631,0.02656
632,0.07742
633,0.14182
634,0.14799
635,0.18496
636,0.15005000000000002
637,0.23099
638,0.24115
639,0.16352
640,0.09384
641,0.02723
642,0.0
643,0.0
644,0.0
645,0.0
646,0.0
647,0.0
648,0.0
649,0.0
650,0.0
651,0.0
652,0.0
653,0.0
654,0.00011
655,0.02011
656,0.05976
657,0.09996
658,0.11761
659,0.23907
660,0.26656
661,0.13287000000000002
662,0.19671
663,0.16043000000000002
664,0.07743000000000001
665,0.03351
666,0.0
667,0.0
668,0.0
669,0.0
670,0.0
671,0.0
672,0.0
673,0.0
674,0.0
675,0.0
676,0.0
677,0.0
678,0.0019399999999999999
679,0.04703
680,0.10333
681,0.17144
682,0.11538
683,0.11658
684,0.18583000000000002
685,0.15321
686,0.11308
687,0.12747
688,0.08665
689,0.032850000000000004
690,0.0
691,0.0
692,0.0
693,0.0
694,0.0
695,0.0
696,0.0
697,0.0
698,0.0
699,0.0
700,0.0
701,0.0
702,0.0005
703,0.04137
704,0.07764
705,0.12822
706,0.14784999999999998
707,0.16926
708,0.1693
709,0.12223
710,0.1353
711,0.09495999999999999
712,0.06978
713,0.02061
714,0.0
715,0.0
716,0.0
717,0.0
718,0.0
719,0.0
720,0.0
721,0.0
722,0.0
723,0.0
724,0.0
725,0.0
726,0.0
727,0.018170000000000002
728,0.04786
729,0.08286
730,0.08156000000000001
731,0.14149
732,0.1699
733,0.22034
734,0.15033000000000002
735,0.10301
736,0.07301
737,0.02146
738,0.0
739,0.0
740,0.0
741,0.0
742,0.0
743,0.0
744,0.0
745,0.0
746,0.0
747,0.0
748,0.0
749,0.0
750,0.0
751,0.03062
752,0.08929000000000001
753,0.14596
754,0.17609
755,0.19316
756,0.25731
757,0.21398
758,0.195
759,0.15494999999999998
760,0.06551
761,0.01747
762,0.0
763,0.0
764,0.0
765,0.0
766,0.0
767,0.0
768,0.0
769,0.0
770,0.0
771,0.0
772,0.0
773,0.0
774,0.00186
775,0.03504
776,0.08567
777,0.11926
778,0.11857
779,0.12443000000000001
780,0.14098
781,0.11923
782,0.20853
783,0.14049
784,0.10217
785,0.030850000000000002
786,0.0
787,0.0
788,0.0
789,0.0
790,0.0
791,0.0
792,0.0
793,0.0
794,0.0
795,0.0
796,0.0
797,0.0
798,0.00159
799,0.04294
800,0.10803
801,0.13907
802,0.14892
803,0.12309
804,0.14325
805,0.13834
806,0.11016
807,0.09294
808,0.08187
809,0.02562
810,0.0
811,0.0
812,0.0
813,0.0
814,0.0
815,0.0
816,0.0
817,0.0
818,0.0
819,0.0
820,0.0
821,0.0
822,0.0
823,0.00721
824,0.02359
825,0.07894
826,0.14809
827,0.25327
828,0.21227000000000001
829,0.15450999999999998
830,0.16086
831,0.16333
832,0.09157
833,0.02259
834,0.0
835,0.0
836,0.0
837,0.0
838,0.0
839,0.0
840,0.0
841,0.0
842,0.0
843,0.0
844,0.0
845,0.0
846,0.00062
847,0.027690000000000003
848,0.08486
849,0.1206
850,0.12516
851,0.16982
852,0.18218
853,0.13288999999999998
854,0.12963999999999998
855,0.09448999999999999
856,0.07992
857,0.02535
858,0.0
859,0.0
860,0.0
861,0.0
862,0.0
863,0.0
864,0.0
865,0.0
866,0.0
867,0.0
868,0.0
869,0.0
870,0.0
871,0.031120000000000002
872,0.053899999999999997
873,0.04313
874,0.07797
875,0.09483
876,0.12285
877,0.15547
878,0.20871
879,0.11849
880,0.06533
881,0.02111
882,0.0
883,0.0
884,0.0
885,0.0
886,0.0
887,0.0
888,0.0
889,0.0
890,0.0
891,0.0
892,0.0
893,0.0
894,0.00041
895,0.02572
896,0.08956
897,0.11658
898,0.18437
899,0.16235
900,0.18838999999999997
901,0.11305
902,0.1429
903,0.13305
904,0.062060000000000004
905,0.02517
906,0.0
907,0.0
908,0.0
909,0.0
910,0.0
911,0.0
912,0.0
913,0.0
914,0.0
915,0.0
916,0.0
917,0.0
918,0.00094
919,0.038259999999999995
920,0.08278
921,0.15966
922,0.23312
923,0.24594
924,0.26612
925,0.19898
926,0.15943000000000002
927,0.13019
928,0.07147
929,0.01557
930,0.0
931,0.0
932,0.0
933,0.0
934,0.0
935,0.0
936,0.0
937,0.0
938,0.0
939,0.0
940,0.0
941,0.0
942,0.00015
943,0.03356
944,0.07736
945,0.12118000000000001
946,0.17054
947,0.17556
948,0.21219
949,0.19044999999999998
950,0.15949000000000002
951,0.11492000000000001
952,0.07825
953,0.02691
954,0.0
955,0.0
956,0.0
957,0.0
958,0.0
959,0.0
960,0.0
961,0.0
962,0.0
963,0.0
964,0.0
965,0.0
966,0.0
967,0.0124
968,0.08487
969,0.10683
970,0.10933
971,0.16055
972,0.19132
973,0.17529
974,0.11938
975,0.09176999999999999
976,0.06114
977,0.01702
978,0.0
979,0.0
980,0.0
981,0.0
982,0.0
983,0.0
984,0.0
985,0.0
986,0.0
987,0.0
988,0.0
989,0.0
990,0.00020999999999999998
991,0.030289999999999997
992,0.07442
993,0.16465000000000002
994,0.18406999999999998
995,0.16731000000000001
996,0.13244999999999998
997,0.12265000000000001
998,0.12916
999,0.1118
1000,0.05706
1001,0.02727
1002,0.0
1003,0.0
1004,0.0
1005,0.0
1006,0.0
1007,0.0
1008,0.0
1009,0.0
1010,0.0
1011,0.0
1012,0.0
1013,0.0
1014,0.0
1015,0.00578
1016,0.01268
1017,0.04194
1018,0.12764
1019,0.15009999999999998
1020,0.20738
1021,0.1333
1022,0.12261
1023,0.11115
1024,0.06467
1025,0.02564
1026,0.0
1027,0.0
1028,0.0
1029,0.0
1030,0.0
1031,0.0
1032,0.0
1033,0.0
1034,0.0
1035,0.0
1036,0.0
1037,0.0
1038,0.00062
1039,0.032740000000000005
1040,0.06752
1041,0.13151
1042,0.19247
1043,0.18886
1044,0.2321
1045,0.16133
1046,0.14309
1047,0.11566
1048,0.04985
1049,0.02018
1050,0.0
1051,0.0
1052,0.0
1053,0.0
1054,0.0
1055,0.0
1056,0.0
1057,0.0
1058,0.0
1059,0.0
1060,0.0
1061,0.0
1062,0.0
1063,0.01748
1064,0.045899999999999996
1065,0.06293
1066,0.1719
1067,0.17467
1068,0.22675
1069,0.13625
1070,0.10536
1071,0.08637
1072,0.07522
1073,0.02239
1074,0.0
1075,0.0
1076,0.0
1077,0.0
1078,0.0
1079,0.0
1080,0.0
1081,0.0
1082,0.0
1083,0.0
1084,0.0
1085,0.0
1086,0.00079
1087,0.03475
1088,0.08949
1089,0.14999
1090,0.18525999999999998
1091,0.1876
1092,0.18916999999999998
1093,0.12768000000000002
1094,0.10451
1095,0.09825
1096,0.061009999999999995
1097,0.027010000000000003
1098,0.0
1099,0.0
1100,0.0
1101,0.0
1102,0.0
1103,0.0
1104,0.0
1105,0.0
1106,0.0
1107,0.0
1108,0.0
1109,0.0
1110,0.0005
1111,0.03023
1112,0.07948000000000001
1113,0.09781999999999999
1114,0.16909
1115,0.19744
1116,0.2565
1117,0.10141
1118,0.15259
1119,0.08537
1120,0.06399
1121,0.02054
1122,0.0
1123,0.0
1124,0.0
1125,0.0
1126,0.0
1127,0.0
1128,0.0
1129,0.0
1130,0.0
1131,0.0
1132,0.0
1133,0.0
1134,0.0
1135,0.016059999999999998
1136,0.02877
1137,0.09443
1138,0.13352
1139,0.11649
1140,0.12754000000000001
1141,0.17017
1142,0.13987
1143,0.11237
1144,0.09325
1145,0.019870000000000002
1146,0.0
1147,0.0
1148,0.0
1149,0.0
1150,0.0
1151,0.0
1152,0.0
1153,0.0
1154,0.0
1155,0.0
1156,0.0
1157,0.0
1158,0.00189
1159,0.04589
1160,0.11545
1161,0.16284
1162,0.15877000000000002
1163,0.17878
1164,0.2289
1165,0.17604
1166,0.15184
1167,0.12629
1168,0.12687
1169,0.04185
1170,0.0
1171,0.0
1172,0.0
1173,0.0
1174,0.0
1175,0.0
1176,0.0
1177,0.0
1178,0.0
1179,0.0
1180,0.0
1181,0.0
1182,0.00076
1183,0.0373
1184,0.11663
1185,0.15743000000000001
1186,0.22152000000000002
1187,0.22369999999999998
1188,0.2601
1189,0.19845
1190,0.19997
1191,0.1142
1192,0.07729000000000001
1193,0.02125
1194,0.0
1195,0.0
1196,0.0
1197,0.0
1198,0.0
1199,0.0
1200,0.0
1201,0.0
1202,0.0
1203,0.0
1204,0.0
1205,0.0
1206,0.00197
1207,0.04902
1208,0.12639
1209,0.15813999999999998
1210,0.16793
1211,0.20906
1212,0.24204
1213,0.22408
1214,0.18587
1215,0.16136
1216,0.12123
1217,0.04099
1218,0.0
1219,0.0
1220,0.0
1221,0.0
1222,0.0
1223,0.0
1224,0.0
1225,0.0
1226,0.0
1227,0.0
1228,0.0
1229,0.0
1230,0.0028799999999999997
1231,0.05564
1232,0.13059
1233,0.14658000000000002
1234,0.14836000000000002
1235,0.16903
1236,0.23881
1237,0.18213
1238,0.18988999999999998
1239,0.16906000000000002
1240,0.10564
1241,0.02835
1242,0.0
1243,0.0
1244,0.0
1245,0.0
1246,0.0
1247,0.0
1248,0.0
1249,0.0
1250,0.0
1251,0.0
1252,0.0
1253,0.0
1254,0.00392
1255,0.05611
1256,0.08334
1257,0.13288999999999998
1258,0.201
1259,0.20185
1260,0.2328
1261,0.17251
1262,0.15413
1263,0.13051
1264,0.08347
1265,0.02207
1266,0.0
1267,0.0
1268,0.0
1269,0.0
1270,0.0
1271,0.0
1272,0.0
1273,0.0
1274,0.0
1275,0.0
1276,0.0
1277,0.0
1278,0.0
1279,0.010119999999999999
1280,0.02336
1281,0.10143
1282,0.08763
1283,0.05944
1284,0.09726
1285,0.18519
1286,0.14383
1287,0.13926
1288,0.06269
1289,0.02846
1290,0.0
1291,0.0
1292,0.0
1293,0.0
1294,0.0
1295,0.0
1296,0.0
1297,0.0
1298,0.0
1299,0.0
1300,0.0
1301,0.0
1302,0.0
1303,0.01391
1304,0.047380000000000005
1305,0.08143
1306,0.052700000000000004
1307,0.1603
1308,0.12751
1309,0.21650999999999998
1310,0.1744
1311,0.14072
1312,0.09643
1313,0.02158
1314,0.0
1315,0.0
1316,0.0
1317,0.0
1318,0.0
1319,0.0
1320,0.0
1321,0.0
1322,0.0
1323,0.0
1324,0.0
1325,0.0
1326,0.0028599999999999997
1327,0.056600000000000004
1328,0.11964
1329,0.19275
1330,0.16837
1331,0.20001
1332,0.18688999999999997
1333,0.12642
1334,0.10601999999999999
1335,0.0808
1336,0.0691
1337,0.02274
1338,0.0
1339,0.0
1340,0.0
1341,0.0
1342,0.0
1343,0.0
1344,0.0
1345,0.0
1346,0.0
1347,0.0
1348,0.0
1349,0.0
1350,0.00211
1351,0.030780000000000002
1352,0.06409000000000001
1353,0.09892000000000001
1354,0.10518000000000001
1355,0.10634
1356,0.11656
1357,0.19363
1358,0.17518999999999998
1359,0.12516
1360,0.07855
1361,0.02969
1362,0.0
1363,0.0
1364,0.0
1365,0.0
1366,0.0
1367,0.0
1368,0.0
1369,0.0
1370,0.0
1371,0.0
1372,0.0
1373,0.0
1374,0.00249
1375,0.045829999999999996
1376,0.11168
1377,0.15830000000000002
1378,0.18653999999999998
1379,0.21322
1380,0.17249
1381,0.16666999999999998
1382,0.12677
1383,0.10127
1384,0.07351
1385,0.03136
1386,0.0
1387,0.0
1388,0.0
1389,0.0
1390,0.0
1391,0.0
1392,0.0
1393,0.0
1394,0.0
1395,0.0
1396,0.0
1397,0.0
1398,0.00385
1399,0.05324
1400,0.12329000000000001
1401,0.10986
1402,0.11606
1403,0.11985
1404,0.18937
1405,0.12309
1406,0.12114
1407,0.12244
1408,0.08621
1409,0.02586
1410,0.0
1411,0.0
1412,0.0
1413,0.0
1414,0.0
1415,0.0
1416,0.0
1417,0.0
1418,0.0
1419,0.0
1420,0.0
1421,0.0
1422,0.0018
1423,0.02757
1424,0.07178
1425,0.15209
1426,0.20393
1427,0.20205
1428,0.20946
1429,0.2597
1430,0.21996000000000002
1431,0.14793
1432,0.11241
1433,0.027510000000000003
1434,0.0
1435,0.0
1436,0.0
1437,0.0
1438,0.0
1439,0.0
1440,0.0
1441,0.0
1442,0.0
1443,0.0
1444,0.0
1445,0.0
1446,0.0025099999999999996
1447,0.02844
1448,0.05843
1449,0.13061
1450,0.11192
1451,0.17094
1452,0.20249
1453,0.15940000000000001
1454,0.13133
1455,0.0902
1456,0.07814
1457,0.028300000000000002
1458,0.0
1459,0.0
1460,0.0
1461,0.0
1462,0.0
1463,0.0
1464,0.0
1465,0.0
1466,0.0
1467,0.0
1468,0.0
1469,0.0
1470,0.00331
1471,0.06298
1472,0.08971
1473,0.13440000000000002
1474,0.13546
1475,0.1393
1476,0.20605
1477,0.24024
1478,0.20571
1479,0.15444
1480,0.10723999999999999
1481,0.025079999999999998
1482,0.0
1483,0.0
1484,0.0
1485,0.0
1486,0.0
1487,0.0
1488,0.0
1489,0.0
1490,0.0
1491,0.0
1492,0.0
1493,0.0
1494,0.0015400000000000001
1495,0.05968
1496,0.1108
1497,0.19344999999999998
1498,0.24294
1499,0.28046
1500,0.24496
1501,0.11026000000000001
1502,0.15409
1503,0.16183
1504,0.08158
1505,0.02109
1506,0.0
1507,0.0
1508,0.0
1509,0.0
1510,0.0
1511,0.0
1512,0.0
1513,0.0
1514,0.0
1515,0.0
1516,0.0
1517,0.0
1518,0.0009699999999999999
1519,0.04471
1520,0.1092
1521,0.16261
1522,0.16519999999999999
1523,0.26022
1524,0.30052999999999996
1525,0.30151999999999995
1526,0.24467
1527,0.18755000000000002
1528,0.10234
1529,0.01746
1530,0.0
1531,0.0
1532,0.0
1533,0.0
1534,0.0
1535,0.0
1536,0.0
1537,0.0
1538,0.0
1539,0.0
1540,0.0
1541,0.0
1542,0.0031
1543,0.03635
1544,0.07734999999999999
1545,0.12189
1546,0.14712999999999998
1547,0.20375
1548,0.24592
1549,0.21934
1550,0.21262999999999999
1551,0.13427
1552,0.09584000000000001
1553,0.02082
1554,0.0
1555,0.0
1556,0.0
1557,0.0
1558,0.0
1559,0.0
1560,0.0
1561,0.0
1562,0.0
1563,0.0
1564,0.0
1565,0.0
1566,0.0
1567,0.00348
1568,0.02976
1569,0.1083
1570,0.2125
1571,0.28479000000000004
1572,0.29296
1573,0.21497
1574,0.19509
1575,0.16111
1576,0.09968
1577,0.02468
1578,0.0
1579,0.0
1580,0.0
1581,0.0
1582,0.0
1583,0.0
1584,0.0
1585,0.0
1586,0.0
1587,0.0
1588,0.0
1589,0.0
1590,0.00518
1591,0.041960000000000004
1592,0.06985
1593,0.08631
1594,0.17023
1595,0.19799
1596,0.17612
1597,0.18212
1598,0.21180000000000002
1599,0.13186
1600,0.098
1601,0.03028
1602,0.0
1603,0.0
1604,0.0
1605,0.0
1606,0.0
1607,0.0
1608,0.0
1609,0.0
1610,0.0
1611,0.0
1612,0.0
1613,0.0
1614,0.00296
1615,0.03731
1616,0.10182
1617,0.13609000000000002
1618,0.18588
1619,0.16553
1620,0.19071000000000002
1621,0.11505
1622,0.12212
1623,0.12337999999999999
1624,0.07959999999999999
1625,0.022539999999999998
1626,0.0
1627,0.0
1628,0.0
1629,0.0
1630,0.0
1631,0.0
1632,0.0
1633,0.0
1634,0.0
1635,0.0
1636,0.0
1637,0.0
1638,0.0
1639,0.03516
1640,0.0742
1641,0.16287000000000001
1642,0.20198
1643,0.27845
1644,0.25867
1645,0.19696
1646,0.18741
1647,0.17045
1648,0.09106
1649,0.03528
1650,0.0
1651,0.0
1652,0.0
1653,0.0
1654,0.0
1655,0.0
1656,0.0
1657,0.0
1658,0.0
1659,0.0
1660,0.0
1661,0.0
1662,0.00173
1663,0.03372
1664,0.08622
1665,0.14880000000000002
1666,0.23445
1667,0.23713
1668,0.20984
1669,0.17944
1670,0.20374
1671,0.13763
1672,0.07911
1673,0.016649999999999998
1674,0.0
1675,0.0
1676,0.0
1677,0.0
1678,0.0
1679,0.0
1680,0.0
1681,0.0
1682,0.0
1683,0.0
1684,0.0
1685,0.0
1686,0.00158
1687,0.04194
1688,0.11812
1689,0.1448
1690,0.1805
1691,0.16906000000000002
1692,0.14669
1693,0.18738999999999997
1694,0.14861000000000002
1695,0.12201999999999999
1696,0.037219999999999996
1697,0.025
1698,0.0
1699,0.0
1700,0.0
1701,0.0
1702,0.0
1703,0.0
1704,0.0
1705,0.0
1706,0.0
1707,0.0
1708,0.0
1709,0.0
1710,0.00373
1711,0.05391
1712,0.09104999999999999
1713,0.13381
1714,0.17279
1715,0.15778
1716,0.20943
1717,0.12186
1718,0.12186
1719,0.12161
1720,0.06411
1721,0.026920000000000003
1722,0.0
1723,0.0
1724,0.0
1725,0.0
1726,0.0
1727,0.0
1728,0.0
1729,0.0
1730,0.0
1731,0.0
1732,0.0
1733,0.0
1734,0.00431
1735,0.044340000000000004
1736,0.07801999999999999
1737,0.13816
1738,0.17665
1739,0.18066
1740,0.21644
1741,0.21199
1742,0.22309
1743,0.16881000000000002
1744,0.07847
1745,0.03836
1746,0.0
1747,0.0
1748,0.0
1749,0.0
1750,0.0
1751,0.0
1752,0.0
1753,0.0
1754,0.0
1755,0.0
1756,0.0
1757,0.0
1758,0.00651
1759,0.04346
1760,0.11090000000000001
1761,0.15208000000000002
1762,0.16778
1763,0.16946
1764,0.22316999999999998
1765,0.18758000000000002
1766,0.18916999999999998
1767,0.15302000000000002
1768,0.11929000000000001
1769,0.03114
1770,0.0
1771,0.0
1772,0.0
1773,0.0
1774,0.0
1775,0.0
1776,0.0
1777,0.0
1778,0.0
1779,0.0
1780,0.0
1781,0.0
1782,0.00651
1783,0.06977
1784,0.09038
1785,0.09887
1786,0.12004000000000001
1787,0.10965000000000001
1788,0.15419
1789,0.18631
1790,0.14782
1791,0.10511
1792,0.07209
1793,0.02653
1794,0.0
1795,0.0
1796,0.0
1797,0.0
1798,0.0
1799,0.0
1800,0.0
1801,0.0
1802,0.0
1803,0.0
1804,0.0
1805,0.0
1806,0.00228
1807,0.05625
1808,0.10574
1809,0.1157
1810,0.16473
1811,0.22188999999999998
1812,0.28458
1813,0.25839999999999996
1814,0.2385
1815,0.17983000000000002
1816,0.09581999999999999
1817,0.03381
1818,0.0
1819,0.0
1820,0.0
1821,0.0
1822,0.0
1823,0.0
1824,0.0
1825,0.0
1826,0.0
1827,0.0
1828,0.0
1829,0.0
1830,0.00249
1831,0.06456
1832,0.14343
1833,0.16093000000000002
1834,0.25179
1835,0.22049000000000002
1836,0.2056
1837,0.21600999999999998
1838,0.16788999999999998
1839,0.09331999999999999
1840,0.08208
1841,0.01767
1842,0.0
1843,0.0
1844,0.0
1845,0.0
1846,0.0
1847,0.0
1848,0.0
1849,0.0
1850,0.0
1851,0.0
1852,0.0
1853,0.0
1854,0.0015
1855,0.046689999999999995
1856,0.11102
1857,0.15062
1858,0.12805000000000002
1859,0.22763999999999998
1860,0.20947
1861,0.17275
1862,0.25956999999999997
1863,0.22638999999999998
1864,0.11234000000000001
1865,0.02526
1866,0.0
1867,0.0
1868,0.0
1869,0.0
1870,0.0
1871,0.0
1872,0.0
1873,0.0
1874,0.0
1875,0.0
1876,0.0
1877,0.0
1878,0.00533
1879,0.0596
1880,0.09039
1881,0.09351999999999999
1882,0.14767
1883,0.1635
1884,0.18681
1885,0.17161
1886,0.18012999999999998
1887,0.13591999999999999
1888,0.06944
1889,0.0208
1890,0.0
1891,0.0
1892,0.0
1893,0.0
1894,0.0
1895,0.0
1896,0.0
1897,0.0
1898,0.0
1899,0.0
1900,0.0
1901,0.0
1902,0.00362
1903,0.04982
1904,0.08741
1905,0.13537000000000002
1906,0.15686000000000003
1907,0.18055000000000002
1908,0.24093
1909,0.1438
1910,0.12566
1911,0.12641
1912,0.11098000000000001
1913,0.03474
1914,0.0
1915,0.0
1916,0.0
1917,0.0
1918,0.0
1919,0.0
1920,0.0
1921,0.0
1922,0.0
1923,0.0
1924,0.0
1925,0.0
1926,0.00214
1927,0.039450000000000006
1928,0.09315000000000001
1929,0.18406999999999998
1930,0.22294999999999998
1931,0.16337000000000002
1932,0.18724000000000002
1933,0.26264
1934,0.22232
1935,0.15675
1936,0.07608
1937,0.02643
1938,0.0
1939,0.0
1940,0.0
1941,0.0
1942,0.0
1943,0.0
1944,0.0
1945,0.0
1946,0.0
1947,0.0
1948,0.0
1949,0.0
1950,0.00477
1951,0.04778
1952,0.09301000000000001
1953,0.19004
1954,0.20464
1955,0.16413999999999998
1956,0.20706
1957,0.24456
1958,0.21947
1959,0.15219
1960,0.07986
1961,0.02633
1962,0.0
1963,0.0
1964,0.0
1965,0.0
1966,0.0
1967,0.0
1968,0.0
1969,0.0
1970,0.0
1971,0.0
1972,0.0
1973,0.0
1974,0.00043
1975,0.04266
1976,0.10103
1977,0.15544999999999998
1978,0.19268000000000002
1979,0.27723000000000003
1980,0.30901999999999996
1981,0.28051
1982,0.23185
1983,0.17211
1984,0.11295999999999999
1985,0.03271
1986,0.0
1987,0.0
1988,0.0
1989,0.0
1990,0.0
1991,0.0
1992,0.0
1993,0.0
1994,0.0
1995,0.0
1996,0.0
1997,0.0
1998,0.00083
1999,0.03166
2000,0.06649
2001,0.12318000000000001
2002,0.19815
2003,0.23887
2004,0.25029
2005,0.18571000000000001
2006,0.15853
2007,0.1245
2008,0.07911
2009,0.031420000000000003
2010,0.0
2011,0.0
2012,0.0
2013,0.0
2014,0.0
2015,0.0
2016,0.0
2017,0.0
2018,0.0
2019,0.0
2020,0.0
2021,0.0
2022,0.0046500000000000005
2023,0.052700000000000004
2024,0.11866
2025,0.14165
2026,0.17685
2027,0.1771
2028,0.22049000000000002
2029,0.17994
2030,0.19815
2031,0.13734
2032,0.05944
2033,0.01459
2034,0.0
2035,0.0
2036,0.0
2037,0.0
2038,0.0
2039,0.0
2040,0.0
2041,0.0
2042,0.0
2043,0.0
2044,0.0
2045,0.0
2046,0.00545
2047,0.04809
2048,0.08691
2049,0.14987
2050,0.21594
2051,0.22546000000000002
2052,0.31514
2053,0.22923
2054,0.17253
2055,0.11684
2056,0.08313
2057,0.019039999999999998
2058,0.0
2059,0.0
2060,0.0
2061,0.0
2062,0.0
2063,0.0
2064,0.0
2065,0.0
2066,0.0
2067,0.0
2068,0.0
2069,0.0
2070,0.0070599999999999994
2071,0.06761
2072,0.0935
2073,0.15618
2074,0.19205
2075,0.20534
2076,0.24466
2077,0.20898
2078,0.10649
2079,0.11899
2080,0.0678
2081,0.02183
2082,0.0
2083,0.0
2084,0.0
2085,0.0
2086,0.0
2087,0.0
2088,0.0
2089,0.0
2090,0.0
2091,0.0
2092,0.0
2093,0.0
2094,0.00268
2095,0.04306
2096,0.05945
2097,0.09064
2098,0.11688
2099,0.14730000000000001
2100,0.10642
2101,0.21314
2102,0.13846
2103,0.14833000000000002
2104,0.08295
2105,0.01835
2106,0.0
2107,0.0
2108,0.0
2109,0.0
2110,0.0
2111,0.0
2112,0.0
2113,0.0
2114,0.0
2115,0.0
2116,0.0
2117,0.0
2118,0.0079
2119,0.07607
2120,0.14112
2121,0.184
2122,0.1267
2123,0.11255
2124,0.12484999999999999
2125,0.23305
2126,0.23223
2127,0.18468
2128,0.10482999999999999
2129,0.03692
2130,0.0
2131,0.0
2132,0.0
2133,0.0
2134,0.0
2135,0.0
2136,0.0
2137,0.0
2138,0.0
2139,0.0
2140,0.0
2141,0.0
2142,0.00508
2143,0.05231
2144,0.10268000000000001
2145,0.13888
2146,0.18669
2147,0.24769999999999998
2148,0.24068
2149,0.13997
2150,0.18828
2151,0.11424
2152,0.08779
2153,0.018760000000000002
2154,0.0
2155,0.0
2156,0.0
2157,0.0
2158,0.0
2159,0.0
2160,0.0
2161,0.0
2162,0.0
2163,0.0
2164,0.0
2165,0.0
2166,0.0039900000000000005
2167,0.03739
2168,0.09089
2169,0.12855
2170,0.12763
2171,0.24730000000000002
2172,0.22011
2173,0.14493
2174,0.15994999999999998
2175,0.09629
2176,0.07756
2177,0.01745
2178,0.0
2179,0.0
2180,0.0
2181,0.0
2182,0.0
2183,0.0
2184,0.0
2185,0.0
2186,0.0
2187,0.0
2188,0.0
2189,0.0
2190,0.0050999999999999995
2191,0.04909
2192,0.07024
2193,0.13297
2194,0.1584
2195,0.22433
2196,0.23063
2197,0.22575
2198,0.14165
2199,0.16269
2200,0.0701
2201,0.011439999999999999
2202,0.0
2203,0.0
2204,0.0
2205,0.0
2206,0.0
2207,0.0
2208,0.0
2209,0.0
2210,0.0
2211,0.0
2212,0.0
2213,0.0
2214,0.00632
2215,0.0515
2216,0.11006999999999999
2217,0.14661000000000002
2218,0.21422999999999998
2219,0.22282
2220,0.26069
2221,0.18146
2222,0.13171000000000002
2223,0.08259
2224,0.04481
2225,0.00116
2226,0.0
2227,0.0
2228,0.0
2229,0.0
2230,0.0
2231,0.0
2232,0.0
2233,0.0
2234,0.0
2235,0.0
2236,0.0
2237,0.0
2238,0.01073
2239,0.04531
2240,0.10344
2241,0.18522999999999998
2242,0.20515
2243,0.19000999999999998
2244,0.20751
2245,0.18286000000000002
2246,0.11277
2247,0.10674
2248,0.07282
2249,0.019710000000000002
2250,0.0
2251,0.0
2252,0.0
2253,0.0
2254,0.0
2255,0.0
2256,0.0
2257,0.0
2258,0.0
2259,0.0
2260,0.0
2261,0.0
2262,0.01019
2263,0.0665
2264,0.10674
2265,0.13221
2266,0.19181
2267,0.16911
2268,0.17677
2269,0.16347
2270,0.16571
2271,0.14097
2272,0.07564
2273,0.02511
2274,0.0
2275,0.0
2276,0.0
2277,0.0
2278,0.0
2279,0.0
2280,0.0
2281,0.0
2282,0.0
2283,0.0
2284,0.0
2285,0.0
2286,0.0056500000000000005
2287,0.040780000000000004
2288,0.09817000000000001
2289,0.16591999999999998
2290,0.20438
2291,0.27829000000000004
2292,0.20749
2293,0.14647
2294,0.12537
2295,0.1196
2296,0.055060000000000005
2297,0.0207
2298,0.0
2299,0.0
2300,0.0
2301,0.0
2302,0.0
2303,0.0
2304,0.0
2305,0.0
2306,0.0
2307,0.0
2308,0.0
2309,0.0
2310,0.00642
2311,0.04914
2312,0.09265000000000001
2313,0.10222
2314,0.14583000000000002
2315,0.19768
2316,0.26830000000000004
2317,0.22490000000000002
2318,0.18415
2319,0.13215000000000002
2320,0.06733
2321,0.01436
2322,0.0
2323,0.0
2324,0.0
2325,0.0
2326,0.0
2327,0.0
2328,0.0
2329,0.0
2330,0.0
2331,0.0
2332,0.0
2333,0.0
2334,0.00675
2335,0.05629
2336,0.09558
2337,0.10615000000000001
2338,0.15834
2339,0.19566
2340,0.20377
2341,0.12815000000000001
2342,0.13719
2343,0.11056999999999999
2344,0.06879
2345,0.01392
2346,0.0
2347,0.0
2348,0.0
2349,0.0
2350,0.0
2351,0.0
2352,0.0
2353,0.0
2354,0.0
2355,0.0
2356,0.0
2357,0.0
2358,0.0
2359,0.00429
2360,0.00928
2361,0.03487
2362,0.046869999999999995
2363,0.11892
2364,0.10664
2365,0.13321
2366,0.14824
2367,0.11428
2368,0.05787
2369,0.018609999999999998
2370,0.0
2371,0.0
2372,0.0
2373,0.0
2374,0.0
2375,0.0
2376,0.0
2377,0.0
2378,0.0
2379,0.0
2380,0.0
2381,0.0
2382,0.00445
2383,0.03797
2384,0.08143
2385,0.10033
2386,0.18899000000000002
2387,0.20391
2388,0.24688
2389,0.14496
2390,0.12965000000000002
2391,0.13411
2392,0.07740999999999999
2393,0.024820000000000002
2394,0.0
2395,0.0
2396,0.0
2397,0.0
2398,0.0
2399,0.0
2400,0.0
2401,0.0
2402,0.0
2403,0.0
2404,0.0
2405,0.0
2406,0.01044
2407,0.0718
2408,0.14665999999999998
2409,0.13982
2410,0.13091999999999998
2411,0.12966999999999998
2412,0.16274
2413,0.11381000000000001
2414,0.13811
2415,0.09190999999999999
2416,0.06754
2417,0.024
2418,0.0
2419,0.0
2420,0.0
2421,0.0
2422,0.0
2423,0.0
2424,0.0
2425,0.0
2426,0.0
2427,0.0
2428,0.0
2429,0.0
2430,0.0070599999999999994
2431,0.041479999999999996
2432,0.08679
2433,0.12224
2434,0.17303
2435,0.1596
2436,0.19640000000000002
2437,0.17451
2438,0.21503999999999998
2439,0.12958
2440,0.08952
2441,0.02314
2442,0.0
2443,0.0
2444,0.0
2445,0.0
2446,0.0
2447,0.0
2448,0.0
2449,0.0
2450,0.0
2451,0.0
2452,0.0
2453,0.0
2454,0.00228
2455,0.02664
2456,0.03635
2457,0.12272
2458,0.12794
2459,0.11621
2460,0.09212000000000001
2461,0.19749
2462,0.21009
2463,0.11456999999999999
2464,0.08066
2465,0.016030000000000003
2466,0.0
2467,0.0
2468,0.0
2469,0.0
2470,0.0
2471,0.0
2472,0.0
2473,0.0
2474,0.0
2475,0.0
2476,0.0
2477,0.0
2478,0.0012
2479,0.027190000000000002
2480,0.08931
2481,0.11639000000000001
2482,0.12395
2483,0.12004000000000001
2484,0.07706
2485,0.1744
2486,0.19485
2487,0.15854
2488,0.08556
2489,0.01744
2490,0.0
2491,0.0
2492,0.0
2493,0.0
2494,0.0
2495,0.0
2496,0.0
2497,0.0
2498,0.0
2499,0.0
2500,0.0
2501,0.0
2502,0.0025
2503,0.0342
2504,0.06161
2505,0.09703
2506,0.14111
2507,0.14315
2508,0.12753
2509,0.11122
2510,0.18039
2511,0.13994
2512,0.08675
2513,0.019489999999999997
2514,0.0
2515,0.0
2516,0.0
2517,0.0
2518,0.0
2519,0.0
2520,0.0
2521,0.0
2522,0.0
2523,0.0
2524,0.0
2525,0.0
2526,0.011779999999999999
2527,0.07093
2528,0.08377
2529,0.10513
2530,0.09409999999999999
2531,0.16402
2532,0.1951
2533,0.17087
2534,0.18302000000000002
2535,0.11465
2536,0.05853
2537,0.0169
2538,0.0
2539,0.0
2540,0.0
2541,0.0
2542,0.0
2543,0.0
2544,0.0
2545,0.0
2546,0.0
2547,0.0
2548,0.0
2549,0.0
2550,0.00696
2551,0.0237
2552,0.05106
2553,0.07468999999999999
2554,0.00271
2555,0.03098
2556,0.02895
2557,0.13409000000000001
2558,0.13147
2559,0.07977
2560,0.0643
2561,0.008029999999999999
2562,0.0
2563,0.0
2564,0.0
2565,0.0
2566,0.0
2567,0.0
2568,0.0
2569,0.0
2570,0.0
2571,0.0
2572,0.0
2573,0.0
2574,0.00764
2575,0.04169
2576,0.08719
2577,0.21239
2578,0.21916
2579,0.24700999999999998
2580,0.2586
2581,0.20862999999999998
2582,0.18328999999999998
2583,0.11624
2584,0.08083
2585,0.02228
2586,0.0
2587,0.0
2588,0.0
2589,0.0
2590,0.0
2591,0.0
2592,0.0
2593,0.0
2594,0.0
2595,0.0
2596,0.0
2597,0.0
2598,0.00123
2599,0.01661
2600,0.03424
2601,0.09015000000000001
2602,0.00598
2603,0.0089
2604,0.019579999999999997
2605,0.21837
2606,0.14869
2607,0.08659
2608,0.06173
2609,0.0119
2610,0.0
2611,0.0
2612,0.0
2613,0.0
2614,0.0
2615,0.0
2616,0.0
2617,0.0
2618,0.0
2619,0.0
2620,0.0
2621,0.0
2622,0.00206
2623,0.04975
2624,0.04346
2625,0.041960000000000004
2626,0.07096
2627,0.08776
2628,0.14965
2629,0.24348
2630,0.21857
2631,0.14084
2632,0.08186
2633,0.02066
2634,0.0
2635,0.0
2636,0.0
2637,0.0
2638,0.0
2639,0.0
2640,0.0
2641,0.0
2642,0.0
2643,0.0
2644,0.0
2645,0.0
2646,0.00377
2647,0.0233
2648,0.054560000000000004
2649,0.08456999999999999
2650,0.08402
2651,0.13986
2652,0.12918000000000002
2653,0.29041
2654,0.25804000000000005
2655,0.17264
2656,0.09658
2657,0.02163
2658,0.0
2659,0.0
2660,0.0
2661,0.0
2662,0.0
2663,0.0
2664,0.0
2665,0.0
2666,0.0
2667,0.0
2668,0.0
2669,0.0
2670,0.00799
2671,0.07440000000000001
2672,0.1279
2673,0.16622
2674,0.20303
2675,0.21838999999999997
2676,0.19144999999999998
2677,0.2023
2678,0.15374000000000002
2679,0.09389
2680,0.08652
2681,0.01797
2682,0.0
2683,0.0
2684,0.0
2685,0.0
2686,0.0
2687,0.0
2688,0.0
2689,0.0
2690,0.0
2691,0.0
2692,0.0
2693,0.0
2694,0.00491
2695,0.04469
2696,0.08581
2697,0.151
2698,0.1982
2699,0.19619999999999999
2700,0.10415
2701,0.12378
2702,0.13688
2703,0.12123
2704,0.07579000000000001
2705,0.01668
2706,0.0
2707,0.0
2708,0.0
2709,0.0
2710,0.0
2711,0.0
2712,0.0
2713,0.0
2714,0.0
2715,0.0
2716,0.0
2717,0.0
2718,0.009689999999999999
2719,0.05948
2720,0.11941
2721,0.15037
2722,0.19535
2723,0.27613
2724,0.24739
2725,0.29164999999999996
2726,0.21395
2727,0.17001
2728,0.06844
2729,0.016280000000000003
2730,0.0
2731,0.0
2732,0.0
2733,0.0
2734,0.0
2735,0.0
2736,0.0
2737,0.0
2738,0.0
2739,0.0
2740,0.0
2741,0.0
2742,0.009349999999999999
2743,0.06252
2744,0.11837
2745,0.13190000000000002
2746,0.20563
2747,0.16085
2748,0.14827
2749,0.16985
2750,0.15153999999999998
2751,0.13319999999999999
2752,0.07665999999999999
2753,0.01377
2754,0.0
2755,0.0
2756,0.0
2757,0.0
2758,0.0
2759,0.0
2760,0.0
2761,0.0
2762,0.0
2763,0.0
2764,0.0
2765,0.0
2766,0.011439999999999999
2767,0.041159999999999995
2768,0.09481
2769,0.12996000000000002
2770,0.15538
2771,0.18553999999999998
2772,0.18468
2773,0.20109
2774,0.15378999999999998
2775,0.12190000000000001
2776,0.07458
2777,0.015560000000000001
2778,0.0
2779,0.0
2780,0.0
2781,0.0
2782,0.0
2783,0.0
2784,0.0
2785,0.0
2786,0.0
2787,0.0
2788,0.0
2789,0.0
2790,0.00577
2791,0.03365
2792,0.13101
2793,0.13842
2794,0.24750999999999998
2795,0.24036000000000002
2796,0.27132
2797,0.25405
2798,0.18275
2799,0.13291
2800,0.06653
2801,0.020640000000000002
2802,0.0
2803,0.0
2804,0.0
2805,0.0
2806,0.0
2807,0.0
2808,0.0
2809,0.0
2810,0.0
2811,0.0
2812,0.0
2813,0.0
2814,0.0072699999999999996
2815,0.07259
2816,0.15841999999999998
2817,0.1615
2818,0.14232
2819,0.25137
2820,0.24957
2821,0.18015
2822,0.16532
2823,0.12347
2824,0.06767000000000001
2825,0.02438
2826,0.0
2827,0.0
2828,0.0
2829,0.0
2830,0.0
2831,0.0
2832,0.0
2833,0.0
2834,0.0
2835,0.0
2836,0.0
2837,0.0
2838,0.009890000000000001
2839,0.06799
2840,0.09778
2841,0.19336
2842,0.20508
2843,0.27066
2844,0.21872
2845,0.21219
2846,0.22669
2847,0.16463999999999998
2848,0.08266
2849,0.023739999999999997
2850,0.0
2851,0.0
2852,0.0
2853,0.0
2854,0.0
2855,0.0
2856,0.0
2857,0.0
2858,0.0
2859,0.0
2860,0.0
2861,0.0
2862,0.01167
2863,0.07261
2864,0.13290000000000002
2865,0.18012999999999998
2866,0.22631
2867,0.21753999999999998
2868,0.21006
2869,0.25368
2870,0.17809
2871,0.13809
2872,0.09738
2873,0.02504
2874,0.0
2875,0.0
2876,0.0
2877,0.0
2878,0.0
2879,0.0
2880,0.0
2881,0.0
2882,0.0
2883,0.0
2884,0.0
2885,0.0
2886,0.014070000000000001
2887,0.061759999999999995
2888,0.09391
2889,0.17016
2890,0.20678
2891,0.22987
2892,0.2412
2893,0.29528
2894,0.16759000000000002
2895,0.15178
2896,0.08304
2897,0.02402
2898,0.0
2899,0.0
2900,0.0
2901,0.0
2902,0.0
2903,0.0
2904,0.0
2905,0.0
2906,0.0
2907,0.0
2908,0.0
2909,0.0
2910,0.00792
2911,0.04963
2912,0.12064
2913,0.16683
2914,0.25112
2915,0.21811000000000003
2916,0.22684
2917,0.20339
2918,0.18563
2919,0.12286
2920,0.07338
2921,0.016829999999999998
2922,0.0
2923,0.0
2924,0.0
2925,0.0
2926,0.0
2927,0.0
2928,0.0
2929,0.0
2930,0.0
2931,0.0
2932,0.0
2933,0.0
2934,0.00023999999999999998
2935,0.0161
2936,0.03159
2937,0.06353
2938,0.10528
2939,0.10423
2940,0.10629000000000001
2941,0.20663
2942,0.19568000000000002
2943,0.1728
2944,0.08445
2945,0.024239999999999998
2946,0.0
2947,0.0
2948,0.0
2949,0.0
2950,0.0
2951,0.0
2952,0.0
2953,0.0
2954,0.0
2955,0.0
2956,0.0
2957,0.0
2958,0.00595
2959,0.06263
2960,0.08569
2961,0.14844
2962,0.17946
2963,0.20151
2964,0.19356
2965,0.12026
2966,0.10051
2967,0.10796
2968,0.044
2969,0.016739999999999998
2970,0.0
2971,0.0
2972,0.0
2973,0.0
2974,0.0
2975,0.0
2976,0.0
2977,0.0
2978,0.0
2979,0.0
2980,0.0
2981,0.0
2982,0.01276
2983,0.04919
2984,0.13171000000000002
2985,0.18638
2986,0.21656
2987,0.22769999999999999
2988,0.28682
2989,0.1645
2990,0.13027
2991,0.09656999999999999
2992,0.06656000000000001
2993,0.015099999999999999
2994,0.0
2995,0.0
2996,0.0
2997,0.0
2998,0.0
2999,0.0
3000,0.0
3001,0.0
3002,0.0
3003,0.0
3004,0.0
3005,0.0
3006,0.00656
3007,0.04746
3008,0.08993000000000001
3009,0.10375
3010,0.20419
3011,0.21518
3012,0.20575
3013,0.15378
3014,0.17331
3015,0.12334999999999999
3016,0.05511
3017,0.009519999999999999
3018,0.0
3019,0.0
3020,0.0
3021,0.0
3022,0.0
3023,0.0
3024,0.0
3025,0.0
3026,0.0
3027,0.0
3028,0.0
3029,0.0
3030,0.0
3031,0.00017999999999999998
3032,0.0
3033,0.01537
3034,0.05752
3035,0.13799
3036,0.18750999999999998
3037,0.21127
3038,0.18641
3039,0.09734999999999999
3040,0.05175
3041,0.00919
3042,0.0
3043,0.0
3044,0.0
3045,0.0
3046,0.0
3047,0.0
3048,0.0
3049,0.0
3050,0.0
3051,0.0
3052,0.0
3053,0.0
3054,0.0
3055,0.00027
3056,0.007019999999999999
3057,0.01253
3058,0.01991
3059,0.04722
3060,0.02471
3061,0.18800999999999998
3062,0.14285
3063,0.1128
3064,0.08691
3065,0.02171
3066,0.0
3067,0.0
3068,0.0
3069,0.0
3070,0.0
3071,0.0
3072,0.0
3073,0.0
3074,0.0
3075,0.0
3076,0.0
3077,0.0
3078,0.00108
3079,0.012320000000000001
3080,0.06037
3081,0.13986
3082,0.1455
3083,0.13947
3084,0.16155
3085,0.14987
3086,0.13278
3087,0.10798
3088,0.04597
3089,0.0065
3090,0.0
3091,0.0
3092,0.0
3093,0.0
3094,0.0
3095,0.0
3096,0.0
3097,0.0
3098,0.0
3099,0.0
3100,0.0
3101,0.0
3102,0.00376
3103,0.052590000000000005
3104,0.10926000000000001
3105,0.14731
3106,0.20123
3107,0.14568
3108,0.23005
3109,0.20752
3110,0.1591
3111,0.07146
3112,0.04326
3113,0.01523
3114,0.0
3115,0.0
3116,0.0
3117,0.0
3118,0.0
3119,0.0
3120,0.0
3121,0.0
3122,0.0
3123,0.0
3124,0.0
3125,0.0
3126,0.01097
3127,0.06511
3128,0.10762000000000001
3129,0.12195
3130,0.1706
3131,0.22868
3132,0.17904
3133,0.19906000000000001
3134,0.13021000000000002
3135,0.07622
3136,0.07363
3137,0.02016
3138,0.0
3139,0.0
3140,0.0
3141,0.0
3142,0.0
3143,0.0
3144,0.0
3145,0.0
3146,0.0
3147,0.0
3148,0.0
3149,0.0
3150,0.00546
3151,0.03178
3152,0.04995
3153,0.08348
3154,0.08441
3155,0.14799
3156,0.20402
3157,0.23163999999999998
3158,0.18594999999999998
3159,0.14709999999999998
3160,0.07712000000000001
3161,0.01739
3162,0.0
3163,0.0
3164,0.0
3165,0.0
3166,0.0
3167,0.0
3168,0.0
3169,0.0
3170,0.0
3171,0.0
3172,0.0
3173,0.0
3174,0.00766
3175,0.06443
3176,0.07772
3177,0.1413
3178,0.08306999999999999
3179,0.16313999999999998
3180,0.14528
3181,0.15147
3182,0.17581
3183,0.15317
3184,0.061520000000000005
3185,0.01487
3186,0.0
3187,0.0
3188,0.0
3189,0.0
3190,0.0
3191,0.0
3192,0.0
3193,0.0
3194,0.0
3195,0.0
3196,0.0
3197,0.0
3198,0.00309
3199,0.01957
3200,0.06994
3201,0.07352
3202,0.09797
3203,0.14313
3204,0.15121
3205,0.21397
3206,0.13794
3207,0.12231
3208,0.06523999999999999
3209,0.019280000000000002
3210,0.0
3211,0.0
3212,0.0
3213,0.0
3214,0.0
3215,0.0
3216,0.0
3217,0.0
3218,0.0
3219,0.0
3220,0.0
3221,0.0
3222,0.00615
3223,0.06891
3224,0.09062
3225,0.13536
3226,0.1258
3227,0.14919
3228,0.1889
3229,0.22674
3230,0.15765
3231,0.11588
3232,0.05017
3233,0.0078
3234,0.0
3235,0.0
3236,0.0
3237,0.0
3238,0.0
3239,0.0
3240,0.0
3241,0.0
3242,0.0
3243,0.0
3244,0.0
3245,0.0
3246,0.00651
3247,0.07611
3248,0.12129999999999999
3249,0.1648
3250,0.17979
3251,0.22268000000000002
3252,0.21272
3253,0.20215
3254,0.17618
3255,0.12049
3256,0.05796
3257,0.00895
3258,0.0
3259,0.0
3260,0.0
3261,0.0
3262,0.0
3263,0.0
3264,0.0
3265,0.0
3266,0.0
3267,0.0
3268,0.0
3269,0.0
3270,0.00545
3271,0.03126
3272,0.08222
3273,0.10942
3274,0.11705
3275,0.16892
3276,0.1759
3277,0.17226
3278,0.14861000000000002
3279,0.12285
3280,0.063
3281,0.01654
3282,0.0
3283,0.0
3284,0.0
3285,0.0
3286,0.0
3287,0.0
3288,0.0
3289,0.0
3290,0.0
3291,0.0
3292,0.0
3293,0.0
3294,0.01737
3295,0.07809999999999999
3296,0.11425
3297,0.16407
3298,0.11965
3299,0.17625
3300,0.21693
3301,0.19406
3302,0.12212
3303,0.10889
3304,0.09043000000000001
3305,0.014240000000000001
3306,0.0
3307,0.0
3308,0.0
3309,0.0
3310,0.0
3311,0.0
3312,0.0
3313,0.0
3314,0.0
3315,0.0
3316,0.0
3317,0.0
3318,0.0038799999999999998
3319,0.03762
3320,0.08667
3321,0.13805
3322,0.19218000000000002
3323,0.23884
3324,0.20635
3325,0.16561
3326,0.1997
3327,0.11866
3328,0.08977
3329,0.028
3330,0.0
3331,0.0
3332,0.0
3333,0.0
3334,0.0
3335,0.0
3336,0.0
3337,0.0
3338,0.0
3339,0.0
3340,0.0
3341,0.0
3342,0.00767
3343,0.05781
3344,0.12563
3345,0.16825
3346,0.20740999999999998
3347,0.21234
3348,0.27263
3349,0.16074000000000002
3350,0.15169
3351,0.15528
3352,0.07129
3353,0.01444
3354,0.0
3355,0.0
3356,0.0
3357,0.0
3358,0.0
3359,0.0
3360,0.0
3361,0.0
3362,0.0
3363,0.0
3364,0.0
3365,0.0
3366,0.013730000000000001
3367,0.05126
3368,0.11523
3369,0.15572999999999998
3370,0.15633000000000002
3371,0.24168
3372,0.15289
3373,0.15841
3374,0.16534000000000001
3375,0.12664
3376,0.07853
3377,0.0172
3378,0.0
3379,0.0
3380,0.0
3381,0.0
3382,0.0
3383,0.0
3384,0.0
3385,0.0
3386,0.0
3387,0.0
3388,0.0
3389,0.0
3390,0.01769
3391,0.08769
3392,0.15897999999999998
3393,0.15703
3394,0.23185
3395,0.17829
3396,0.19425
3397,0.19643
3398,0.20471
3399,0.11988
3400,0.07775
3401,0.018600000000000002
3402,0.0
3403,0.0
3404,0.0
3405,0.0
3406,0.0
3407,0.0
3408,0.0
3409,0.0
3410,0.0
3411,0.0
3412,0.0
3413,0.0
3414,0.00211
3415,0.03245
3416,0.09049
3417,0.13531
3418,0.16333
3419,0.19574
3420,0.20033
3421,0.23798
3422,0.18077000000000001
3423,0.16574
3424,0.07046
3425,0.02404
3426,0.0
3427,0.0
3428,0.0
3429,0.0
3430,0.0
3431,0.0
3432,0.0
3433,0.0
3434,0.0
3435,0.0
3436,0.0
3437,0.0
3438,0.019559999999999998
3439,0.05885
3440,0.12231
3441,0.09068999999999999
3442,0.11270999999999999
3443,0.12121
3444,0.14453
3445,0.13784
3446,0.12354000000000001
3447,0.10704000000000001
3448,0.05697
3449,0.0056500000000000005
3450,0.0
3451,0.0
3452,0.0
3453,0.0
3454,0.0
3455,0.0
3456,0.0
3457,0.0
3458,0.0
3459,0.0
3460,0.0
3461,0.0
3462,0.0015
3463,0.0019399999999999999
3464,0.00413
3465,0.00092
3466,0.00131
3467,0.0002
3468,0.00751
3469,0.19140000000000001
3470,0.15181999999999998
3471,0.11826
3472,0.08903
3473,0.016890000000000002
3474,0.0
3475,0.0
3476,0.0
3477,0.0
3478,0.0
3479,0.0
3480,0.0
3481,0.0
3482,0.0
3483,0.0
3484,0.0
3485,0.0
3486,0.01413
3487,0.07157
3488,0.12434
3489,0.19752
3490,0.29412
3491,0.2657
3492,0.21574000000000002
3493,0.17339
3494,0.15375999999999998
3495,0.10166
3496,0.05306
3497,0.012289999999999999
3498,0.0
3499,0.0
3500,0.0
3501,0.0
3502,0.0
3503,0.0
3504,0.0
3505,0.0
3506,0.0
3507,0.0
3508,0.0
3509,0.0
3510,0.00428
3511,0.04015
3512,0.09466
3513,0.12682
3514,0.13076
3515,0.08426
3516,0.09918
3517,0.26782999999999996
3518,0.20048
3519,0.15374000000000002
3520,0.07697
3521,0.01773
3522,0.0
3523,0.0
3524,0.0
3525,0.0
3526,0.0
3527,0.0
3528,0.0
3529,0.0
3530,0.0
3531,0.0
3532,0.0
3533,0.0
3534,0.0008100000000000001
3535,0.02126
3536,0.0061600000000000005
3537,0.011359999999999999
3538,0.0179
3539,0.045270000000000005
3540,0.0597
3541,0.21371
3542,0.19052000000000002
3543,0.13954
3544,0.06634000000000001
3545,0.01745
3546,0.0
3547,0.0
3548,0.0
3549,0.0
3550,0.0
3551,0.0
3552,0.0
3553,0.0
3554,0.0
3555,0.0
3556,0.0
3557,0.0
3558,0.009609999999999999
3559,0.04976
3560,0.11763
3561,0.12741
3562,0.14874
3563,0.168
3564,0.20493
3565,0.19594
3566,0.13785
3567,0.12232
3568,0.046560000000000004
3569,0.01727
3570,0.0
3571,0.0
3572,0.0
3573,0.0
3574,0.0
3575,0.0
3576,0.0
3577,0.0
3578,0.0
3579,0.0
3580,0.0
3581,0.0
3582,0.00587
3583,0.03904
3584,0.03936
3585,0.053340000000000005
3586,0.15838
3587,0.15746000000000002
3588,0.19305
3589,0.23442
3590,0.2009
3591,0.11718
3592,0.06288
3593,0.01886
3594,0.0
3595,0.0
3596,0.0
3597,0.0
3598,0.0
3599,0.0
3600,0.0
3601,0.0
3602,0.0
3603,0.0
3604,0.0
3605,0.0
3606,0.00825
3607,0.049729999999999996
3608,0.06928
3609,0.07645
3610,0.12018000000000001
3611,0.16138999999999998
3612,0.18341
3613,0.19338
3614,0.17145
3615,0.13285
3616,0.0732
3617,0.01576
3618,0.0
3619,0.0
3620,0.0
3621,0.0
3622,0.0
3623,0.0
3624,0.0
3625,0.0
3626,0.0
3627,0.0
3628,0.0
3629,0.0
3630,0.00653
3631,0.07214
3632,0.1021
3633,0.09340999999999999
3634,0.08072
3635,0.15547
3636,0.0975
3637,0.14668
3638,0.14576
3639,0.1266
3640,0.05958
3641,0.025589999999999998
3642,0.0
3643,0.0
3644,0.0
3645,0.0
3646,0.0
3647,0.0
3648,0.0
3649,0.0
3650,0.0
3651,0.0
3652,0.0
3653,0.0
3654,0.00844
3655,0.048
3656,0.06556000000000001
3657,0.1199
3658,0.15121
3659,0.19135
3660,0.15319999999999998
3661,0.15078999999999998
3662,0.17177
3663,0.14142
3664,0.07234
3665,0.02468
3666,0.0
3667,0.0
3668,0.0
3669,0.0
3670,0.0
3671,0.0
3672,0.0
3673,0.0
3674,0.0
3675,0.0
3676,0.0
3677,0.0
3678,0.00477
3679,0.040600000000000004
3680,0.10094
3681,0.11469
3682,0.1458
3683,0.21054
3684,0.24152
3685,0.26500999999999997
3686,0.15571000000000002
3687,0.10081999999999999
3688,0.06501
3689,0.01416
3690,0.0
3691,0.0
3692,0.0
3693,0.0
3694,0.0
3695,0.0
3696,0.0
3697,0.0
3698,0.0
3699,0.0
3700,0.0
3701,0.0
3702,0.01124
3703,0.041729999999999996
3704,0.10288
3705,0.17962
3706,0.17403
3707,0.18635
3708,0.19727
3709,0.19438999999999998
3710,0.17344
3711,0.10729999999999999
3712,0.0778
3713,0.020640000000000002
3714,0.0
3715,0.0
3716,0.0
3717,0.0
3718,0.0
3719,0.0
3720,0.0
3721,0.0
3722,0.0
3723,0.0
3724,0.0
3725,0.0
3726,0.00551
3727,0.032659999999999995
3728,0.06279
3729,0.10407999999999999
3730,0.06829
3731,0.10308
3732,0.10256
3733,0.18743
3734,0.19483
3735,0.08036
3736,0.039700000000000006
3737,0.007719999999999999
3738,0.0
3739,0.0
3740,0.0
3741,0.0
3742,0.0
3743,0.0
3744,0.0
3745,0.0
3746,0.0
3747,0.0
3748,0.0
3749,0.0
3750,0.0
3751,0.0010400000000000001
3752,0.02067
3753,0.03673
3754,0.03753
3755,0.06713
3756,0.06835
3757,0.27770999999999996
3758,0.17144
3759,0.11689
3760,0.05241
3761,0.0202
3762,0.0
3763,0.0
3764,0.0
3765,0.0
3766,0.0
3767,0.0
3768,0.0
3769,0.0
3770,0.0
3771,0.0
3772,0.0
3773,0.0
3774,0.0026
3775,0.01828
3776,0.048549999999999996
3777,0.09969
3778,0.16204
3779,0.14914
3780,0.1308
3781,0.19322999999999999
3782,0.15343
3783,0.106
3784,0.05611
3785,0.02422
3786,0.0
3787,0.0
3788,0.0
3789,0.0
3790,0.0
3791,0.0
3792,0.0
3793,0.0
3794,0.0
3795,0.0
3796,0.0
3797,0.0
3798,0.01061
3799,0.04811
3800,0.08042
3801,0.09581999999999999
3802,0.15037999999999999
3803,0.16434
3804,0.19116
3805,0.1459
3806,0.15911
3807,0.08815
3808,0.07582
3809,0.02082
3810,0.0
3811,0.0
3812,0.0
3813,0.0
3814,0.0
3815,0.0
3816,0.0
3817,0.0
3818,0.0
3819,0.0
3820,0.0
3821,0.0
3822,0.0045899999999999995
3823,0.05842
3824,0.09375
3825,0.13952
3826,0.14264
3827,0.18145
3828,0.15003
3829,0.17378
3830,0.13905
3831,0.11231000000000001
3832,0.06291
3833,0.01611
3834,0.0
3835,0.0
3836,0.0
3837,0.0
3838,0.0
3839,0.0
3840,0.0
3841,0.0
3842,0.0
3843,0.0
3844,0.0
3845,0.0
3846,0.0061200000000000004
3847,0.04582
3848,0.06094
3849,0.11605
3850,0.13823
3851,0.12437999999999999
3852,0.17357
3853,0.14696
3854,0.10726000000000001
3855,0.09884
3856,0.05038
3857,0.018170000000000002
3858,0.0
3859,0.0
3860,0.0
3861,0.0
3862,0.0
3863,0.0
3864,0.0
3865,0.0
3866,0.0
3867,0.0
3868,0.0
3869,0.0
3870,0.00158
3871,0.0144
3872,0.05695
3873,0.12871000000000002
3874,0.15578999999999998
3875,0.20895
3876,0.215
3877,0.19690000000000002
3878,0.11009999999999999
3879,0.09756999999999999
3880,0.04392
3881,0.013009999999999999
3882,0.0
3883,0.0
3884,0.0
3885,0.0
3886,0.0
3887,0.0
3888,0.0
3889,0.0
3890,0.0
3891,0.0
3892,0.0
3893,0.0
3894,0.00513
3895,0.04156
3896,0.09237999999999999
3897,0.14345
3898,0.15134999999999998
3899,0.16303
3900,0.18675999999999998
3901,0.13563999999999998
3902,0.13188
3903,0.07844
3904,0.04058
3905,0.01238
3906,0.0
3907,0.0
3908,0.0
3909,0.0
3910,0.0
3911,0.0
3912,0.0
3913,0.0
3914,0.0
3915,0.0
3916,0.0
3917,0.0
3918,0.00209
3919,0.03811
3920,0.0487
3921,0.03423
3922,0.01676
3923,0.02775
3924,0.03179
3925,0.22028
3926,0.15797999999999998
3927,0.11091
3928,0.07307999999999999
3929,0.0109
3930,0.0
3931,0.0
3932,0.0
3933,0.0
3934,0.0
3935,0.0
3936,0.0
3937,0.0
3938,0.0
3939,0.0
3940,0.0
3941,0.0
3942,0.00933
3943,0.04917
3944,0.09262999999999999
3945,0.13992
3946,0.14303
3947,0.10081999999999999
3948,0.12315000000000001
3949,0.15519
3950,0.18355000000000002
3951,0.09695999999999999
3952,0.07412
3953,0.01244
3954,0.0
3955,0.0
3956,0.0
3957,0.0
3958,0.0
3959,0.0
3960,0.0
3961,0.0
3962,0.0
3963,0.0
3964,0.0
3965,0.0
3966,0.00363
3967,0.01325
3968,0.02088
3969,0.01697
3970,0.01572
3971,0.00176
3972,0.01832
3973,0.15916999999999998
3974,0.08354
3975,0.10452
3976,0.07343999999999999
3977,0.02674
3978,0.0
3979,0.0
3980,0.0
3981,0.0
3982,0.0
3983,0.0
3984,0.0
3985,0.0
3986,0.0
3987,0.0
3988,0.0
3989,0.0
3990,0.01211
3991,0.06579
3992,0.0963
3993,0.14256
3994,0.14974
3995,0.23274
3996,0.16381
3997,0.20657
3998,0.19353
3999,0.11299
4000,0.06287
4001,0.02548
4002,0.0
4003,0.0
4004,0.0
4005,0.0
4006,0.0
4007,0.0
4008,0.0
4009,0.0
4010,0.0
4011,0.0
4012,0.0
4013,0.0
4014,0.00552
4015,0.048409999999999995
4016,0.08496
4017,0.12844999999999998
4018,0.13021000000000002
4019,0.2024
4020,0.23559
4021,0.15794
4022,0.15255000000000002
4023,0.11889
4024,0.06082
4025,0.01595
4026,0.0
4027,0.0
4028,0.0
4029,0.0
4030,0.0
4031,0.0
4032,0.0
4033,0.0
4034,0.0
4035,0.0
4036,0.0
4037,0.0
4038,0.00161
4039,0.051
4040,0.10295
4041,0.14508000000000001
4042,0.13111
4043,0.17219
4044,0.16159
4045,0.2282
4046,0.17228
4047,0.12575
4048,0.06353
4049,0.01713
4050,0.0
4051,0.0
4052,0.0
4053,0.0
4054,0.0
4055,0.0
4056,0.0
4057,0.0
4058,0.0
4059,0.0
4060,0.0
4061,0.0
4062,0.0054800000000000005
4063,0.03053
4064,0.036539999999999996
4065,0.02633
4066,0.07174
4067,0.15502000000000002
4068,0.1685
4069,0.1864
4070,0.2062
4071,0.12578
4072,0.06472
4073,0.02782
4074,0.0
4075,0.0
4076,0.0
4077,0.0
4078,0.0
4079,0.0
4080,0.0
4081,0.0
4082,0.0
4083,0.0
4084,0.0
4085,0.0
4086,0.00792
4087,0.04453
4088,0.08583
4089,0.15263
4090,0.16897
4091,0.19474
4092,0.14934999999999998
4093,0.17612
4094,0.15556
4095,0.12240999999999999
4096,0.06323
4097,0.02071
4098,0.0
4099,0.0
4100,0.0
4101,0.0
4102,0.0
4103,0.0
4104,0.0
4105,0.0
4106,0.0
4107,0.0
4108,0.0
4109,0.0
4110,0.00931
4111,0.07243000000000001
4112,0.11968000000000001
4113,0.15168
4114,0.16845
4115,0.23278000000000001
4116,0.21384999999999998
4117,0.18597999999999998
4118,0.14747
4119,0.10317
4120,0.06674
4121,0.024730000000000002
4122,0.0
4123,0.0
4124,0.0
4125,0.0
4126,0.0
4127,0.0
4128,0.0
4129,0.0
4130,0.0
4131,0.0
4132,0.0
4133,0.0
4134,0.009710000000000002
4135,0.05454
4136,0.09637000000000001
4137,0.15694999999999998
4138,0.16983
4139,0.23433
4140,0.27923000000000003
4141,0.19397999999999999
4142,0.21400999999999998
4143,0.14173
4144,0.07729000000000001
4145,0.02266
4146,0.0
4147,0.0
4148,0.0
4149,0.0
4150,0.0
4151,0.0
4152,0.0
4153,0.0
4154,0.0
4155,0.0
4156,0.0
4157,0.0
4158,0.0067
4159,0.04778
4160,0.10072
4161,0.15191
4162,0.16302
4163,0.18544999999999998
4164,0.24961000000000003
4165,0.17604
4166,0.16902
4167,0.08878
4168,0.056479999999999995
4169,0.00551
4170,0.0
4171,0.0
4172,0.0
4173,0.0
4174,0.0
4175,0.0
4176,0.0
4177,0.0
4178,0.0
4179,0.0
4180,0.0
4181,0.0
4182,0.0
4183,0.0
4184,0.00028000000000000003
4185,0.0119
4186,0.03748
4187,0.02921
4188,0.09731000000000001
4189,0.20263
4190,0.17639
4191,0.09981999999999999
4192,0.0505
4193,0.01405
4194,0.0
4195,0.0
4196,0.0
4197,0.0
4198,0.0
4199,0.0
4200,0.0
4201,0.0
4202,0.0
4203,0.0
4204,0.0
4205,0.0
4206,0.00033
4207,0.02032
4208,0.06007
4209,0.12099
4210,0.13753
4211,0.14921
4212,0.06664
4213,0.16287000000000001
4214,0.18259999999999998
4215,0.11326
4216,0.07528
4217,0.016300000000000002
4218,0.0
4219,0.0
4220,0.0
4221,0.0
4222,0.0
4223,0.0
4224,0.0
4225,0.0
4226,0.0
4227,0.0
4228,0.0
4229,0.0
4230,0.00864
4231,0.04623
4232,0.09655
4233,0.14273
4234,0.10038
4235,0.14343
4236,0.12
4237,0.17017
4238,0.12096
4239,0.11531999999999999
4240,0.07318999999999999
4241,0.013630000000000001
4242,0.0
4243,0.0
4244,0.0
4245,0.0
4246,0.0
4247,0.0
4248,0.0
4249,0.0
4250,0.0
4251,0.0
4252,0.0
4253,0.0
4254,0.008199999999999999
4255,0.05128
4256,0.10859999999999999
4257,0.12472
4258,0.16775
4259,0.19061
4260,0.16618
4261,0.17649
4262,0.13723
4263,0.08179
4264,0.07977
4265,0.016800000000000002
4266,0.0
4267,0.0
4268,0.0
4269,0.0
4270,0.0
4271,0.0
4272,0.0
4273,0.0
4274,0.0
4275,0.0
4276,0.0
4277,0.0
4278,0.00182
4279,0.00604
4280,0.03236
4281,0.04573
4282,0.061579999999999996
4283,0.12515
4284,0.14286000000000001
4285,0.19632
4286,0.10882
4287,0.11305
4288,0.060969999999999996
4289,0.01616
4290,0.0
4291,0.0
4292,0.0
4293,0.0
4294,0.0
4295,0.0
4296,0.0
4297,0.0
4298,0.0
4299,0.0
4300,0.0
4301,0.0
4302,0.00671
4303,0.05152
4304,0.06289
4305,0.07814
4306,0.09868
4307,0.12852000000000002
4308,0.12304999999999999
4309,0.23404
4310,0.15133000000000002
4311,0.12473000000000001
4312,0.05149
4313,0.01715
4314,0.0
4315,0.0
4316,0.0
4317,0.0
4318,0.0
4319,0.0
4320,0.0
4321,0.0
4322,0.0
4323,0.0
4324,0.0
4325,0.0
4326,0.00019
4327,0.0065899999999999995
4328,0.01577
4329,0.06917
4330,0.10941
4331,0.05634
4332,0.048060000000000005
4333,0.15643
4334,0.13743
4335,0.10574
4336,0.03885
4337,0.008150000000000001
4338,0.0
4339,0.0
4340,0.0
4341,0.0
4342,0.0
4343,0.0
4344,0.0
4345,0.0
4346,0.0
4347,0.0
4348,0.0
4349,0.0
4350,0.0037
4351,0.03183
4352,0.07205
4353,0.11344
4354,0.16751
4355,0.18042
4356,0.18858000000000003
4357,0.16488999999999998
4358,0.11359
4359,0.10862999999999999
4360,0.04481
4361,0.01721
4362,0.0
4363,0.0
4364,0.0
4365,0.0
4366,0.0
4367,0.0
4368,0.0
4369,0.0
4370,0.0
4371,0.0
4372,0.0
4373,0.0
4374,5e-05
4375,0.00783
4376,0.06815
4377,0.1076
4378,0.19334
4379,0.16735
4380,0.14064
4381,0.12093999999999999
4382,0.0948
4383,0.06269
4384,0.04847
4385,0.01288
4386,0.0
4387,0.0
4388,0.0
4389,0.0
4390,0.0
4391,0.0
4392,0.0
4393,0.0
4394,0.0
4395,0.0
4396,0.0
4397,0.0
4398,0.00779
4399,0.0318
4400,0.11005
4401,0.17182
4402,0.19177000000000002
4403,0.20287
4404,0.20166
4405,0.12397
4406,0.13131
4407,0.11197
4408,0.08725
4409,0.02402
4410,0.0
4411,0.0
4412,0.0
4413,0.0
4414,0.0
4415,0.0
4416,0.0
4417,0.0
4418,0.0
4419,0.0
4420,0.0
4421,0.0
4422,0.00999
4423,0.052340000000000005
4424,0.09547
4425,0.10445
4426,0.16401
4427,0.12135
4428,0.15234
4429,0.18608000000000002
4430,0.15631
4431,0.1124
4432,0.07291
4433,0.02428
4434,0.0
4435,0.0
4436,0.0
4437,0.0
4438,0.0
4439,0.0
4440,0.0
4441,0.0
4442,0.0
4443,0.0
4444,0.0
4445,0.0
4446,0.0
4447,0.0
4448,0.0072
4449,0.03032
4450,0.08954999999999999
4451,0.11270000000000001
4452,0.17382
4453,0.21405000000000002
4454,0.16988999999999999
4455,0.13976
4456,0.08926
4457,0.02222
4458,0.0
4459,0.0
4460,0.0
4461,0.0
4462,0.0
4463,0.0
4464,0.0
4465,0.0
4466,0.0
4467,0.0
4468,0.0
4469,0.0
4470,0.005059999999999999
4471,0.0569
4472,0.08446
4473,0.13356
4474,0.16481
4475,0.18194
4476,0.18123
4477,0.19894
4478,0.12492
4479,0.10968000000000001
4480,0.05798
4481,0.01701
4482,0.0
4483,0.0
4484,0.0
4485,0.0
4486,0.0
4487,0.0
4488,0.0
4489,0.0
4490,0.0
4491,0.0
4492,0.0
4493,0.0
4494,0.00838
4495,0.05577
4496,0.07421
4497,0.17433
4498,0.18962
4499,0.22244
4500,0.19797
4501,0.14105
4502,0.12249
4503,0.06995
4504,0.04133
4505,0.00508
4506,0.0
4507,0.0
4508,0.0
4509,0.0
4510,0.0
4511,0.0
4512,0.0
4513,0.0
4514,0.0
4515,0.0
4516,0.0
4517,0.0
4518,0.0
4519,0.00244
4520,0.05607
4521,0.11114
4522,0.1682
4523,0.17852
4524,0.14978999999999998
4525,0.25948000000000004
4526,0.14930000000000002
4527,0.09464
4528,0.07722
4529,0.02542
4530,0.0
4531,0.0
4532,0.0
4533,0.0
4534,0.0
4535,0.0
4536,0.0
4537,0.0
4538,0.0
4539,0.0
4540,0.0
4541,0.0
4542,0.0016899999999999999
4543,0.041909999999999996
4544,0.07636
4545,0.09992
4546,0.09083
4547,0.11305
4548,0.14796
4549,0.18775
4550,0.18317
4551,0.15317
4552,0.06749
4553,0.03268
4554,0.0
4555,0.0
4556,0.0
4557,0.0
4558,0.0
4559,0.0
4560,0.0
4561,0.0
4562,0.0
4563,0.0
4564,0.0
4565,0.0
4566,0.0033900000000000002
4567,0.0324
4568,0.07966
4569,0.10612
4570,0.19175
4571,0.20487
4572,0.22612000000000002
4573,0.16707
4574,0.17831
4575,0.13158
4576,0.06517
4577,0.020120000000000002
4578,0.0
4579,0.0
4580,0.0
4581,0.0
4582,0.0
4583,0.0
4584,0.0
4585,0.0
4586,0.0
4587,0.0
4588,0.0
4589,0.0
4590,0.0024300000000000003
4591,0.02569
4592,0.06883
4593,0.11173999999999999
4594,0.18508000000000002
4595,0.2066
4596,0.20391
4597,0.22643000000000002
4598,0.14187
4599,0.07970999999999999
4600,0.07668000000000001
4601,0.02846
4602,0.0
4603,0.0
4604,0.0
4605,0.0
4606,0.0
4607,0.0
4608,0.0
4609,0.0
4610,0.0
4611,0.0
4612,0.0
4613,0.0
4614,0.00795
4615,0.04906
4616,0.08016
4617,0.13719
4618,0.17502
4619,0.18101
4620,0.23141
4621,0.17488
4622,0.16665
4623,0.10872
4624,0.05772
4625,0.0264
4626,0.0
4627,0.0
4628,0.0
4629,0.0
4630,0.0
4631,0.0
4632,0.0
4633,0.0
4634,0.0
4635,0.0
4636,0.0
4637,0.0
4638,0.00663
4639,0.047850000000000004
4640,0.09204000000000001
4641,0.11248999999999999
4642,0.18297
4643,0.17023
4644,0.13335
4645,0.19097999999999998
4646,0.20252
4647,0.1328
4648,0.09944
4649,0.02184
4650,0.0
4651,0.0
4652,0.0
4653,0.0
4654,0.0
4655,0.0
4656,0.0
4657,0.0
4658,0.0
4659,0.0
4660,0.0
4661,0.0
4662,0.0025
4663,0.02587
4664,0.05608
4665,0.03486
4666,0.042570000000000004
4667,0.04965
4668,0.08825
4669,0.22009
4670,0.22202000000000002
4671,0.13255
4672,0.06663
4673,0.022920000000000003
4674,0.0
4675,0.0
4676,0.0
4677,0.0
4678,0.0
4679,0.0
4680,0.0
4681,0.0
4682,0.0
4683,0.0
4684,0.0
4685,0.0
4686,0.00101
4687,0.029920000000000002
4688,0.08626
4689,0.08097
4690,0.12021
4691,0.16563
4692,0.18549000000000002
4693,0.19528
4694,0.16931000000000002
4695,0.12886
4696,0.05319
4697,0.02866
4698,0.0
4699,0.0
4700,0.0
4701,0.0
4702,0.0
4703,0.0
4704,0.0
4705,0.0
4706,0.0
4707,0.0
4708,0.0
4709,0.0
4710,0.00594
4711,0.04715
4712,0.08953
4713,0.09813
4714,0.12732
4715,0.14005
4716,0.15674000000000002
4717,0.1183
4718,0.12835
4719,0.10707
4720,0.08181000000000001
4721,0.02998
4722,0.0
4723,0.0
4724,0.0
4725,0.0
4726,0.0
4727,0.0
4728,0.0
4729,0.0
4730,0.0
4731,0.0
4732,0.0
4733,0.0
4734,0.0074
4735,0.06377000000000001
4736,0.0955
4737,0.11195000000000001
4738,0.13533
4739,0.18884
4740,0.18802000000000002
4741,0.12491
4742,0.14706
4743,0.08745
4744,0.08055
4745,0.02389
4746,0.0
4747,0.0
4748,0.0
4749,0.0
4750,0.0
4751,0.0
4752,0.0
4753,0.0
4754,0.0
4755,0.0
4756,0.0
4757,0.0
4758,0.0
4759,0.00787
4760,0.02355
4761,0.06288
4762,0.14755000000000001
4763,0.17269
4764,0.25611
4765,0.13943
4766,0.16587000000000002
4767,0.1494
4768,0.08011
4769,0.02665
4770,0.0
4771,0.0
4772,0.0
4773,0.0
4774,0.0
4775,0.0
4776,0.0
4777,0.0
4778,0.0
4779,0.0
4780,0.0
4781,0.0
4782,0.00734
4783,0.0619
4784,0.12811
4785,0.16817
4786,0.13485
4787,0.1787
4788,0.16363
4789,0.25786000000000003
4790,0.21158000000000002
4791,0.15427000000000002
4792,0.08209000000000001
4793,0.0337
4794,0.0
4795,0.0
4796,0.0
4797,0.0
4798,0.0
4799,0.0
4800,0.0
4801,0.0
4802,0.0
4803,0.0
4804,0.0
4805,0.0
4806,0.0069500000000000004
4807,0.047659999999999994
4808,0.11317
4809,0.12858
4810,0.17702
4811,0.26959
4812,0.23964
4813,0.2394
4814,0.19785
4815,0.13951
4816,0.08031
4817,0.0259
4818,0.0
4819,0.0
4820,0.0
4821,0.0
4822,0.0
4823,0.0
4824,0.0
4825,0.0
4826,0.0
4827,0.0
4828,0.0
4829,0.0
4830,0.006030000000000001
4831,0.047689999999999996
4832,0.11849
4833,0.14799
4834,0.20837
4835,0.17427
4836,0.19921
4837,0.20717
4838,0.21666999999999997
4839,0.14143
4840,0.06066
4841,0.02577
4842,0.0
4843,0.0
4844,0.0
4845,0.0
4846,0.0
4847,0.0
4848,0.0
4849,0.0
4850,0.0
4851,0.0
4852,0.0
4853,0.0
4854,0.0038799999999999998
4855,0.019260000000000003
4856,0.06963
4857,0.00608
4858,0.00218
4859,0.03989
4860,0.05827
4861,0.26323
4862,0.23908000000000001
4863,0.16498
4864,0.08002
4865,0.033049999999999996
4866,0.0
4867,0.0
4868,0.0
4869,0.0
4870,0.0
4871,0.0
4872,0.0
4873,0.0
4874,0.0
4875,0.0
4876,0.0
4877,0.0
4878,0.00177
4879,0.03295
4880,0.04382
4881,0.09643
4882,0.12268000000000001
4883,0.17338
4884,0.1819
4885,0.23354
4886,0.13976
4887,0.07684
4888,0.06720000000000001
4889,0.01993
4890,0.0
4891,0.0
4892,0.0
4893,0.0
4894,0.0
4895,0.0
4896,0.0
4897,0.0
4898,0.0
4899,0.0
4900,0.0
4901,0.0
4902,0.0024
4903,0.0352
4904,0.10233
4905,0.09961
4906,0.1366
4907,0.19518000000000002
4908,0.20034
4909,0.20231
4910,0.23259
4911,0.12574
4912,0.08463
4913,0.013130000000000001
4914,0.0
4915,0.0
4916,0.0
4917,0.0
4918,0.0
4919,0.0
4920,0.0
4921,0.0
4922,0.0
4923,0.0
4924,0.0
4925,0.0
4926,0.00061
4927,0.01587
4928,0.03121
4929,0.0574
4930,0.10374
4931,0.12658
4932,0.16141999999999998
4933,0.14155
4934,0.13354
4935,0.125
4936,0.0867
4937,0.027170000000000003
4938,0.0
4939,0.0
4940,0.0
4941,0.0
4942,0.0
4943,0.0
4944,0.0
4945,0.0
4946,0.0
4947,0.0
4948,0.0
4949,0.0
4950,0.00782
4951,0.05098
4952,0.09409000000000001
4953,0.09853
4954,0.12547
4955,0.20144
4956,0.21405000000000002
4957,0.22905
4958,0.18800999999999998
4959,0.16732
4960,0.09183
4961,0.02468
4962,0.0
4963,0.0
4964,0.0
4965,0.0
4966,0.0
4967,0.0
4968,0.0
4969,0.0
4970,0.0
4971,0.0
4972,0.0
4973,0.0
4974,0.00139
4975,0.03096
4976,0.05694
4977,0.047939999999999997
4978,0.08475
4979,0.13488999999999998
4980,0.15824000000000002
4981,0.25589
4982,0.20289
4983,0.16803
4984,0.08778
4985,0.02677
4986,0.0
4987,0.0
4988,0.0
4989,0.0
4990,0.0
4991,0.0
4992,0.0
4993,0.0
4994,0.0
4995,0.0
4996,0.0
4997,0.0
4998,0.00474
4999,0.038200000000000005
5000,0.10076
5001,0.15672
5002,0.24176
5003,0.20687
5004,0.28626999999999997
5005,0.17572
5006,0.20682
5007,0.13122999999999999
5008,0.08177
5009,0.02476
5010,0.0
5011,0.0
5012,0.0
5013,0.0
5014,0.0
5015,0.0
5016,0.0
5017,0.0
5018,0.0
5019,0.0
5020,0.0
5021,0.0
5022,0.004940000000000001
5023,0.041280000000000004
5024,0.05119
5025,0.12103
5026,0.15591999999999998
5027,0.18799000000000002
5028,0.19082
5029,0.19105
5030,0.1943
5031,0.12849000000000002
5032,0.07936
5033,0.02836
5034,0.0
5035,0.0
5036,0.0
5037,0.0
5038,0.0
5039,0.0
5040,0.0
5041,0.0
5042,0.0
5043,0.0
5044,0.0
5045,0.0
5046,0.00292
5047,0.05022
5048,0.10967
5049,0.14724
5050,0.24059
5051,0.26981
5052,0.23233
5053,0.19716999999999998
5054,0.18062999999999999
5055,0.12181
5056,0.06662
5057,0.02682
5058,0.0
5059,0.0
5060,0.0
5061,0.0
5062,0.0
5063,0.0
5064,0.0
5065,0.0
5066,0.0
5067,0.0
5068,0.0
5069,0.0
5070,0.0
5071,0.018670000000000003
5072,0.04115
5073,0.060450000000000004
5074,0.1013
5075,0.14303
5076,0.1948
5077,0.18167
5078,0.16561
5079,0.15563999999999997
5080,0.09537999999999999
5081,0.034659999999999996
5082,0.0
5083,0.0
5084,0.0
5085,0.0
5086,0.0
5087,0.0
5088,0.0
5089,0.0
5090,0.0
5091,0.0
5092,0.0
5093,0.0
5094,0.00705
5095,0.057390000000000004
5096,0.09240999999999999
5097,0.12866999999999998
5098,0.14834
5099,0.17527
5100,0.16793
5101,0.18293
5102,0.20033
5103,0.13529
5104,0.07433
5105,0.03947
5106,0.0
5107,0.0
5108,0.0
5109,0.0
5110,0.0
5111,0.0
5112,0.0
5113,0.0
5114,0.0
5115,0.0
5116,0.0
5117,0.0
5118,0.0034500000000000004
5119,0.037450000000000004
5120,0.04685
5121,0.020739999999999998
5122,0.01259
5123,0.04314
5124,0.09375
5125,0.23203000000000001
5126,0.13493
5127,0.16337000000000002
5128,0.07401
5129,0.02459
5130,0.0
5131,0.0
5132,0.0
5133,0.0
5134,0.0
5135,0.0
5136,0.0
5137,0.0
5138,0.0
5139,0.0
5140,0.0
5141,0.0
5142,0.007019999999999999
5143,0.0599
5144,0.1205
5145,0.13448
5146,0.20531
5147,0.16097999999999998
5148,0.25023
5149,0.09981
5150,0.10778
5151,0.07684999999999999
5152,0.06155
5153,0.01401
5154,0.0
5155,0.0
5156,0.0
5157,0.0
5158,0.0
5159,0.0
5160,0.0
5161,0.0
5162,0.0
5163,0.0
5164,0.0
5165,0.0
5166,0.00013000000000000002
5167,0.02109
5168,0.08325
5169,0.1671
5170,0.18556
5171,0.17915
5172,0.20639
5173,0.18649000000000002
5174,0.16147999999999998
5175,0.12748
5176,0.06619
5177,0.02505
5178,0.0
5179,0.0
5180,0.0
5181,0.0
5182,0.0
5183,0.0
5184,0.0
5185,0.0
5186,0.0
5187,0.0
5188,0.0
5189,0.0
5190,0.00141
5191,0.023600000000000003
5192,0.05249
5193,0.09825
5194,0.19634000000000001
5195,0.21733000000000002
5196,0.21681999999999998
5197,0.26456999999999997
5198,0.16126
5199,0.09901
5200,0.10195
5201,0.02518
5202,0.0
5203,0.0
5204,0.0
5205,0.0
5206,0.0
5207,0.0
5208,0.0
5209,0.0
5210,0.0
5211,0.0
5212,0.0
5213,0.0
5214,0.0
5215,0.00033
5216,0.00043
5217,0.03367
5218,0.06976
5219,0.13285
5220,0.17067
5221,0.273
5222,0.2321
5223,0.14021
5224,0.07640000000000001
5225,0.01503
5226,0.0
5227,0.0
5228,0.0
5229,0.0
5230,0.0
5231,0.0
5232,0.0
5233,0.0
5234,0.0
5235,0.0
5236,0.0
5237,0.0
5238,0.0029500000000000004
5239,0.03603
5240,0.10920999999999999
5241,0.13853000000000001
5242,0.16705
5243,0.26498
5244,0.2694
5245,0.19816
5246,0.1358
5247,0.12935
5248,0.08906
5249,0.02914
5250,0.0
5251,0.0
5252,0.0
5253,0.0
5254,0.0
5255,0.0
5256,0.0
5257,0.0
5258,0.0
5259,0.0
5260,0.0
5261,0.0
5262,0.00176
5263,0.02339
5264,0.03997
5265,0.0737
5266,0.10711
5267,0.12088
5268,0.21330000000000002
5269,0.23833000000000001
5270,0.16841
5271,0.15515
5272,0.08779
5273,0.01829
5274,0.0
5275,0.0
5276,0.0
5277,0.0
5278,0.0
5279,0.0
5280,0.0
5281,0.0
5282,0.0
5283,0.0
5284,0.0
5285,0.0
5286,0.0056
5287,0.05142
5288,0.08929999999999999
5289,0.11120000000000001
5290,0.17844
5291,0.16358
5292,0.22405
5293,0.13791
5294,0.15678999999999998
5295,0.12292
5296,0.055990000000000005
5297,0.027620000000000002
5298,0.0
5299,0.0
5300,0.0
5301,0.0
5302,0.0
5303,0.0
5304,0.0
5305,0.0
5306,0.0
5307,0.0
5308,0.0
5309,0.0
5310,0.00337
5311,0.03579
5312,0.09208
5313,0.15034999999999998
5314,0.12687
5315,0.23786000000000002
5316,0.22466999999999998
5317,0.15031
5318,0.131
5319,0.10448
5320,0.05626
5321,0.0183
5322,0.0
5323,0.0
5324,0.0
5325,0.0
5326,0.0
5327,0.0
5328,0.0
5329,0.0
5330,0.0
5331,0.0
5332,0.0
5333,0.0
5334,0.00363
5335,0.0368
5336,0.10257
5337,0.12562
5338,0.17426
5339,0.24583000000000002
5340,0.20107
5341,0.21458000000000002
5342,0.17231
5343,0.12547
5344,0.07596
5345,0.01679
5346,0.0
5347,0.0
5348,0.0
5349,0.0
5350,0.0
5351,0.0
5352,0.0
5353,0.0
5354,0.0
5355,0.0
5356,0.0
5357,0.0
5358,0.0025800000000000003
5359,0.03681
5360,0.06128
5361,0.12579
5362,0.17522
5363,0.21944999999999998
5364,0.28456
5365,0.20075
5366,0.17949
5367,0.12847
5368,0.09818
5369,0.01368
5370,0.0
5371,0.0
5372,0.0
5373,0.0
5374,0.0
5375,0.0
5376,0.0
5377,0.0
5378,0.0
5379,0.0
5380,0.0
5381,0.0
5382,0.0011799999999999998
5383,0.012240000000000001
5384,0.02531
5385,0.04268
5386,0.09715
5387,0.11592
5388,0.09443
5389,0.20994
5390,0.20790999999999998
5391,0.1611
5392,0.07252
5393,0.01485
5394,0.0
5395,0.0
5396,0.0
5397,0.0
5398,0.0
5399,0.0
5400,0.0
5401,0.0
5402,0.0
5403,0.0
5404,0.0
5405,0.0
5406,0.0068200000000000005
5407,0.03581
5408,0.1163
5409,0.15138
5410,0.22274000000000002
5411,0.13277
5412,0.22594999999999998
5413,0.17664
5414,0.2042
5415,0.12621
5416,0.07042
5417,0.01847
5418,0.0
5419,0.0
5420,0.0
5421,0.0
5422,0.0
5423,0.0
5424,0.0
5425,0.0
5426,0.0
5427,0.0
5428,0.0
5429,0.0
5430,0.0024700000000000004
5431,0.031239999999999997
5432,0.07217
5433,0.14371
5434,0.16166
5435,0.18123
5436,0.25635
5437,0.18191
5438,0.16772
5439,0.19143000000000002
5440,0.09414
5441,0.01584
5442,0.0
5443,0.0
5444,0.0
5445,0.0
5446,0.0
5447,0.0
5448,0.0
5449,0.0
5450,0.0
5451,0.0
5452,0.0
5453,0.0
5454,0.00421
5455,0.0363
5456,0.08476
5457,0.10915000000000001
5458,0.14129
5459,0.14179
5460,0.14612
5461,0.16000999999999999
5462,0.19962
5463,0.11337
5464,0.07093
5465,0.01764
5466,0.0
5467,0.0
5468,0.0
5469,0.0
5470,0.0
5471,0.0
5472,0.0
5473,0.0
5474,0.0
5475,0.0
5476,0.0
5477,0.0
5478,0.0052699999999999995
5479,0.055170000000000004
5480,0.08745
5481,0.14834
5482,0.16022999999999998
5483,0.18625999999999998
5484,0.13363999999999998
5485,0.16552
5486,0.14281
5487,0.11405
5488,0.06813
5489,0.02607
5490,0.0
5491,0.0
5492,0.0
5493,0.0
5494,0.0
5495,0.0
5496,0.0
5497,0.0
5498,0.0
5499,0.0
5500,0.0
5501,0.0
5502,0.00828
5503,0.04736
5504,0.06965
5505,0.08551
5506,0.10939
5507,0.1321
5508,0.15422
5509,0.12339
5510,0.1202
5511,0.10502
5512,0.07304000000000001
5513,0.028329999999999998
5514,0.0
5515,0.0
5516,0.0
5517,0.0
5518,0.0
5519,0.0
5520,0.0
5521,0.0
5522,0.0
5523,0.0
5524,0.0
5525,0.0
5526,0.0062900000000000005
5527,0.05577
5528,0.10223
5529,0.16247
5530,0.19085
5531,0.11782
5532,0.15321
5533,0.21178999999999998
5534,0.17134
5535,0.12273999999999999
5536,0.06559000000000001
5537,0.01849
5538,0.0
5539,0.0
5540,0.0
5541,0.0
5542,0.0
5543,0.0
5544,0.0
5545,0.0
5546,0.0
5547,0.0
5548,0.0
5549,0.0
5550,0.0019299999999999999
5551,0.03362
5552,0.1009
5553,0.13778
5554,0.17145
5555,0.18893000000000001
5556,0.25601
5557,0.26688999999999996
5558,0.19536
5559,0.17314
5560,0.06583
5561,0.020739999999999998
5562,0.0
5563,0.0
5564,0.0
5565,0.0
5566,0.0
5567,0.0
5568,0.0
5569,0.0
5570,0.0
5571,0.0
5572,0.0
5573,0.0
5574,0.00273
5575,0.05258
5576,0.08009999999999999
5577,0.15628
5578,0.16531
5579,0.22331
5580,0.20828
5581,0.20382
5582,0.16911
5583,0.139
5584,0.05852
5585,0.02034
5586,0.0
5587,0.0
5588,0.0
5589,0.0
5590,0.0
5591,0.0
5592,0.0
5593,0.0
5594,0.0
5595,0.0
5596,0.0
5597,0.0
5598,0.00519
5599,0.044789999999999996
5600,0.10568000000000001
5601,0.13557
5602,0.17939
5603,0.16433
5604,0.16302
5605,0.15844999999999998
5606,0.15831
5607,0.12093000000000001
5608,0.06448999999999999
5609,0.02596
5610,0.0
5611,0.0
5612,0.0
5613,0.0
5614,0.0
5615,0.0
5616,0.0
5617,0.0
5618,0.0
5619,0.0
5620,0.0
5621,0.0
5622,0.005900000000000001
5623,0.039799999999999995
5624,0.07177
5625,0.09876
5626,0.10806
5627,0.15236000000000002
5628,0.21614
5629,0.10635
5630,0.17357
5631,0.15556
5632,0.09090999999999999
5633,0.02825
5634,0.0
5635,0.0
5636,0.0
5637,0.0
5638,0.0
5639,0.0
5640,0.0
5641,0.0
5642,0.0
5643,0.0
5644,0.0
5645,0.0
5646,0.00019
5647,0.01671
5648,0.05738
5649,0.11839
5650,0.138
5651,0.14978999999999998
5652,0.18424000000000001
5653,0.21378
5654,0.18797999999999998
5655,0.13112000000000001
5656,0.08026000000000001
5657,0.01482
5658,0.0
5659,0.0
5660,0.0
5661,0.0
5662,0.0
5663,0.0
5664,0.0
5665,0.0
5666,0.0
5667,0.0
5668,0.0
5669,0.0
5670,0.00285
5671,0.02686
5672,0.11427
5673,0.18312
5674,0.22536
5675,0.29574
5676,0.27792
5677,0.28195
5678,0.1916
5679,0.1442
5680,0.07381
5681,0.01245
5682,0.0
5683,0.0
5684,0.0
5685,0.0
5686,0.0
5687,0.0
5688,0.0
5689,0.0
5690,0.0
5691,0.0
5692,0.0
5693,0.0
5694,0.005019999999999999
5695,0.027280000000000002
5696,0.053810000000000004
5697,0.06809
5698,0.10595
5699,0.12647
5700,0.10796
5701,0.26758
5702,0.18724000000000002
5703,0.13871
5704,0.08542
5705,0.02346
5706,0.0
5707,0.0
5708,0.0
5709,0.0
5710,0.0
5711,0.0
5712,0.0
5713,0.0
5714,0.0
5715,0.0
5716,0.0
5717,0.0
5718,0.00188
5719,0.00522
5720,0.02585
5721,0.06016
5722,0.12996000000000002
5723,0.20688
5724,0.23383
5725,0.13322
5726,0.20079
5727,0.1718
5728,0.08272
5729,0.02082
5730,0.0
5731,0.0
5732,0.0
5733,0.0
5734,0.0
5735,0.0
5736,0.0
5737,0.0
5738,0.0
5739,0.0
5740,0.0
5741,0.0
5742,0.0
5743,0.01141
5744,0.02764
5745,0.0367
5746,0.07823000000000001
5747,0.09512999999999999
5748,0.0915
5749,0.21474000000000001
5750,0.1717
5751,0.11944
5752,0.06594
5753,0.01307
5754,0.0
5755,0.0
5756,0.0
5757,0.0
5758,0.0
5759,0.0
5760,0.0
5761,0.0
5762,0.0
5763,0.0
5764,0.0
5765,0.0
5766,0.005900000000000001
5767,0.06817000000000001
5768,0.12681
5769,0.19022
5770,0.2312
5771,0.2383
5772,0.26473
5773,0.09508
5774,0.11799
5775,0.0878
5776,0.07062
5777,0.00718
5778,0.0
5779,0.0
5780,0.0
5781,0.0
5782,0.0
5783,0.0
5784,0.0
5785,0.0
5786,0.0
5787,0.0
5788,0.0
5789,0.0
5790,0.00876
5791,0.04393
5792,0.10502
5793,0.12218000000000001
5794,0.14797
5795,0.16678
5796,0.17802
5797,0.13069
5798,0.18553999999999998
5799,0.13744
5800,0.08102
5801,0.00731
5802,0.0
5803,0.0
5804,0.0
5805,0.0
5806,0.0
5807,0.0
5808,0.0
5809,0.0
5810,0.0
5811,0.0
5812,0.0
5813,0.0
5814,0.00244
5815,0.02776
5816,0.04943
5817,0.09770000000000001
5818,0.17074
5819,0.16615
5820,0.21825
5821,0.13438
5822,0.1623
5823,0.16885
5824,0.055420000000000004
5825,0.02114
5826,0.0
5827,0.0
5828,0.0
5829,0.0
5830,0.0
5831,0.0
5832,0.0
5833,0.0
5834,0.0
5835,0.0
5836,0.0
5837,0.0
5838,0.0057
5839,0.05074
5840,0.12689
5841,0.19916
5842,0.22147
5843,0.25739999999999996
5844,0.20817
5845,0.15838
5846,0.10107
5847,0.11783
5848,0.06504
5849,0.00966
5850,0.0
5851,0.0
5852,0.0
5853,0.0
5854,0.0
5855,0.0
5856,0.0
5857,0.0
5858,0.0
5859,0.0
5860,0.0
5861,0.0
5862,0.0057
5863,0.023239999999999997
5864,0.00261
5865,0.0402
5866,0.052719999999999996
5867,0.10773
5868,0.157
5869,0.1731
5870,0.19231
5871,0.092
5872,0.07706
5873,0.019629999999999998
5874,0.0
5875,0.0
5876,0.0
5877,0.0
5878,0.0
5879,0.0
5880,0.0
5881,0.0
5882,0.0
5883,0.0
5884,0.0
5885,0.0
5886,0.00541
5887,0.057210000000000004
5888,0.10119
5889,0.14438
5890,0.21175
5891,0.19552
5892,0.21295
5893,0.18513
5894,0.12772
5895,0.11168
5896,0.05773
5897,0.018609999999999998
5898,0.0
5899,0.0
5900,0.0
5901,0.0
5902,0.0
5903,0.0
5904,0.0
5905,0.0
5906,0.0
5907,0.0
5908,0.0
5909,0.0
5910,0.0
5911,0.0
5912,0.0048200000000000005
5913,0.038270000000000005
5914,0.09613
5915,0.21693
5916,0.21262
5917,0.30627
5918,0.25221
5919,0.14955000000000002
5920,0.08361
5921,0.01266
5922,0.0
5923,0.0
5924,0.0
5925,0.0
5926,0.0
5927,0.0
5928,0.0
5929,0.0
5930,0.0
5931,0.0
5932,0.0
5933,0.0
5934,0.0
5935,0.0
5936,0.0
5937,0.06679
5938,0.09187999999999999
5939,0.17145
5940,0.20706
5941,0.18174
5942,0.18587
5943,0.10568000000000001
5944,0.05521
5945,0.01414
5946,0.0
5947,0.0
5948,0.0
5949,0.0
5950,0.0
5951,0.0
5952,0.0
5953,0.0
5954,0.0
5955,0.0
5956,0.0
5957,0.0
5958,0.00069
5959,0.00196
5960,0.03027
5961,0.07189
5962,0.09944
5963,0.16799
5964,0.17189
5965,0.17715
5966,0.2339
5967,0.17606
5968,0.08648
5969,0.01905
5970,0.0
5971,0.0
5972,0.0
5973,0.0
5974,0.0
5975,0.0
5976,0.0
5977,0.0
5978,0.0
5979,0.0
5980,0.0
5981,0.0
5982,8.999999999999999e-05
5983,0.0
5984,0.0
5985,0.03384
5986,0.12195
5987,0.12657
5988,0.22241999999999998
5989,0.18766
5990,0.18181999999999998
5991,0.1385
5992,0.07055
5993,0.014150000000000001
5994,0.0
5995,0.0
5996,0.0
5997,0.0
5998,0.0
5999,0.0
6000,0.0
6001,0.0
6002,0.0
6003,0.0
6004,0.0
6005,0.0
6006,0.004849999999999999
6007,0.03558
6008,0.10028000000000001
6009,0.09958
6010,0.15994999999999998
6011,0.14714
6012,0.19241999999999998
6013,0.28714999999999996
6014,0.21419
6015,0.13741
6016,0.08111
6017,0.015189999999999999
6018,0.0
6019,0.0
6020,0.0
6021,0.0
6022,0.0
6023,0.0
6024,0.0
6025,0.0
6026,0.0
6027,0.0
6028,0.0
6029,0.0
6030,0.00614
6031,0.06701
6032,0.08999
6033,0.10461
6034,0.10577
6035,0.10396999999999999
6036,0.14983000000000002
6037,0.08174
6038,0.15278999999999998
6039,0.12439
6040,0.07859000000000001
6041,0.01382
6042,0.0
6043,0.0
6044,0.0
6045,0.0
6046,0.0
6047,0.0
6048,0.0
6049,0.0
6050,0.0
6051,0.0
6052,0.0
6053,0.0
6054,0.00637
6055,0.06947
6056,0.08525
6057,0.13141
6058,0.21203
6059,0.24922999999999998
6060,0.23431
6061,0.17249
6062,0.13077
6063,0.10696
6064,0.08078
6065,0.016489999999999998
6066,0.0
6067,0.0
6068,0.0
6069,0.0
6070,0.0
6071,0.0
6072,0.0
6073,0.0
6074,0.0
6075,0.0
6076,0.0
6077,0.0
6078,0.00424
6079,0.038079999999999996
6080,0.04438
6081,0.11374
6082,0.16402
6083,0.20156
6084,0.25827
6085,0.23927
6086,0.15806
6087,0.13566999999999999
6088,0.07873000000000001
6089,0.01526
6090,0.0
6091,0.0
6092,0.0
6093,0.0
6094,0.0
6095,0.0
6096,0.0
6097,0.0
6098,0.0
6099,0.0
6100,0.0
6101,0.0
6102,0.0
6103,0.0
6104,0.0
6105,0.00368
6106,0.02504
6107,0.09612000000000001
6108,0.15903
6109,0.24153
6110,0.25862999999999997
6111,0.15396
6112,0.09859
6113,0.01076
6114,0.0
6115,0.0
6116,0.0
6117,0.0
6118,0.0
6119,0.0
6120,0.0
6121,0.0
6122,0.0
6123,0.0
6124,0.0
6125,0.0
6126,0.00347
6127,0.03464
6128,0.15303999999999998
6129,0.18669
6130,0.1809
6131,0.19638
6132,0.24849000000000002
6133,0.23308
6134,0.19403
6135,0.16027000000000002
6136,0.08735
6137,0.015300000000000001
6138,0.0
6139,0.0
6140,0.0
6141,0.0
6142,0.0
6143,0.0
6144,0.0
6145,0.0
6146,0.0
6147,0.0
6148,0.0
6149,0.0
6150,0.0035600000000000002
6151,0.013550000000000001
6152,0.03006
6153,0.03764
6154,0.0883
6155,0.17062
6156,0.27312000000000003
6157,0.18919
6158,0.2028
6159,0.14112
6160,0.04414
6161,0.00758
6162,0.0
6163,0.0
6164,0.0
6165,0.0
6166,0.0
6167,0.0
6168,0.0
6169,0.0
6170,0.0
6171,0.0
6172,0.0
6173,0.0
6174,0.0
6175,0.0
6176,0.0027400000000000002
6177,0.09747
6178,0.14157
6179,0.06811
6180,0.09998
6181,0.18109999999999998
6182,0.15313
6183,0.09783
6184,0.056299999999999996
6185,0.01493
6186,0.0
6187,0.0
6188,0.0
6189,0.0
6190,0.0
6191,0.0
6192,0.0
6193,0.0
6194,0.0
6195,0.0
6196,0.0
6197,0.0
6198,0.01099
6199,0.05885
6200,0.08481
6201,0.10467
6202,0.16761
6203,0.21251
6204,0.22715000000000002
6205,0.12136
6206,0.19082
6207,0.14464
6208,0.07561
6209,0.01289
6210,0.0
6211,0.0
6212,0.0
6213,0.0
6214,0.0
6215,0.0
6216,0.0
6217,0.0
6218,0.0
6219,0.0
6220,0.0
6221,0.0
6222,0.0
6223,0.00035
6224,0.02045
6225,0.07169
6226,0.15550999999999998
6227,0.24047
6228,0.21844
6229,0.21762
6230,0.18794
6231,0.15256999999999998
6232,0.061270000000000005
6233,0.00842
6234,0.0
6235,0.0
6236,0.0
6237,0.0
6238,0.0
6239,0.0
6240,0.0
6241,0.0
6242,0.0
6243,0.0
6244,0.0
6245,0.0
6246,0.00079
6247,0.0136
6248,0.025
6249,0.004900000000000001
6250,0.02497
6251,0.023440000000000003
6252,0.042
6253,0.25095
6254,0.17126
6255,0.15172999999999998
6256,0.0729
6257,0.00782
6258,0.0
6259,0.0
6260,0.0
6261,0.0
6262,0.0
6263,0.0
6264,0.0
6265,0.0
6266,0.0
6267,0.0
6268,0.0
6269,0.0
6270,0.01331
6271,0.04371
6272,0.11531
6273,0.20567
6274,0.22193000000000002
6275,0.25341
6276,0.28223000000000004
6277,0.25699
6278,0.22965
6279,0.15524000000000002
6280,0.09043999999999999
6281,0.01862
6282,0.0
6283,0.0
6284,0.0
6285,0.0
6286,0.0
6287,0.0
6288,0.0
6289,0.0
6290,0.0
6291,0.0
6292,0.0
6293,0.0
6294,0.00839
6295,0.07622
6296,0.11503000000000001
6297,0.14615999999999998
6298,0.20975
6299,0.25122
6300,0.21753999999999998
6301,0.12361
6302,0.12286
6303,0.09226999999999999
6304,0.045200000000000004
6305,0.01221
6306,0.0
6307,0.0
6308,0.0
6309,0.0
6310,0.0
6311,0.0
6312,0.0
6313,0.0
6314,0.0
6315,0.0
6316,0.0
6317,0.0
6318,0.00311
6319,0.00758
6320,0.02718
6321,0.05242
6322,0.028579999999999998
6323,0.05869
6324,0.09226999999999999
6325,0.10693000000000001
6326,0.12712
6327,0.11846999999999999
6328,0.05989
6329,0.01205
6330,0.0
6331,0.0
6332,0.0
6333,0.0
6334,0.0
6335,0.0
6336,0.0
6337,0.0
6338,0.0
6339,0.0
6340,0.0
6341,0.0
6342,0.0056500000000000005
6343,0.03257
6344,0.05385
6345,0.07078
6346,0.12944999999999998
6347,0.16347
6348,0.16503
6349,0.20535
6350,0.21816999999999998
6351,0.13785
6352,0.06701
6353,0.011550000000000001
6354,0.0
6355,0.0
6356,0.0
6357,0.0
6358,0.0
6359,0.0
6360,0.0
6361,0.0
6362,0.0
6363,0.0
6364,0.0
6365,0.0
6366,0.0
6367,0.013560000000000001
6368,0.033049999999999996
6369,0.06001
6370,0.07439
6371,0.13396
6372,0.14161
6373,0.20934
6374,0.18173
6375,0.11883
6376,0.06564
6377,0.01156
6378,0.0
6379,0.0
6380,0.0
6381,0.0
6382,0.0
6383,0.0
6384,0.0
6385,0.0
6386,0.0
6387,0.0
6388,0.0
6389,0.0
6390,0.009689999999999999
6391,0.07945
6392,0.08837
6393,0.11483
6394,0.13482
6395,0.11331999999999999
6396,0.15683000000000002
6397,0.10465
6398,0.11823
6399,0.09615
6400,0.06149
6401,0.009640000000000001
6402,0.0
6403,0.0
6404,0.0
6405,0.0
6406,0.0
6407,0.0
6408,0.0
6409,0.0
6410,0.0
6411,0.0
6412,0.0
6413,0.0
6414,0.01315
6415,0.09426000000000001
6416,0.11065000000000001
6417,0.15822999999999998
6418,0.21272
6419,0.19828
6420,0.13562000000000002
6421,0.16377
6422,0.16207
6423,0.14881999999999998
6424,0.09490000000000001
6425,0.01324
6426,0.0
6427,0.0
6428,0.0
6429,0.0
6430,0.0
6431,0.0
6432,0.0
6433,0.0
6434,0.0
6435,0.0
6436,0.0
6437,0.0
6438,0.005059999999999999
6439,0.048350000000000004
6440,0.07318000000000001
6441,0.11122
6442,0.21586000000000002
6443,0.26086000000000004
6444,0.2691
6445,0.28182
6446,0.20764
6447,0.16097
6448,0.06
6449,0.01457
6450,0.0
6451,0.0
6452,0.0
6453,0.0
6454,0.0
6455,0.0
6456,0.0
6457,0.0
6458,0.0
6459,0.0
6460,0.0
6461,0.0
6462,0.00966
6463,0.036
6464,0.05619
6465,0.05983
6466,0.0426
6467,0.11486
6468,0.14744
6469,0.11086
6470,0.20088999999999999
6471,0.12193000000000001
6472,0.08168
6473,0.01298
6474,0.0
6475,0.0
6476,0.0
6477,0.0
6478,0.0
6479,0.0
6480,0.0
6481,0.0
6482,0.0
6483,0.0
6484,0.0
6485,0.0
6486,0.00126
6487,0.00487
6488,0.0625
6489,0.11602
6490,0.14973
6491,0.09131
6492,0.17897
6493,0.18756
6494,0.20303
6495,0.1227
6496,0.07339
6497,0.01455
6498,0.0
6499,0.0
6500,0.0
6501,0.0
6502,0.0
6503,0.0
6504,0.0
6505,0.0
6506,0.0
6507,0.0
6508,0.0
6509,0.0
6510,0.012230000000000001
6511,0.06142
6512,0.10631
6513,0.09798
6514,0.15281
6515,0.19221000000000002
6516,0.17917
6517,0.20921
6518,0.16246000000000002
6519,0.10273
6520,0.06818
6521,0.013380000000000001
6522,0.0
6523,0.0
6524,0.0
6525,0.0
6526,0.0
6527,0.0
6528,0.0
6529,0.0
6530,0.0
6531,0.0
6532,0.0
6533,0.0
6534,0.011359999999999999
6535,0.06573000000000001
6536,0.14399
6537,0.24474
6538,0.27808
6539,0.25706
6540,0.26721
6541,0.18003
6542,0.14765999999999999
6543,0.13004
6544,0.0634
6545,0.013179999999999999
6546,0.0
6547,0.0
6548,0.0
6549,0.0
6550,0.0
6551,0.0
6552,0.0
6553,0.0
6554,0.0
6555,0.0
6556,0.0
6557,0.0
6558,0.0128
6559,0.08067
6560,0.16313
6561,0.16509000000000001
6562,0.19963
6563,0.21216
6564,0.19008
6565,0.19290000000000002
6566,0.16972
6567,0.11495
6568,0.05489
6569,0.00645
6570,0.0
6571,0.0
6572,0.0
6573,0.0
6574,0.0
6575,0.0
6576,0.0
6577,0.0
6578,0.0
6579,0.0
6580,0.0
6581,0.0
6582,0.00666
6583,0.033030000000000004
6584,0.03822
6585,0.06523999999999999
6586,0.09704
6587,0.08845
6588,0.09825
6589,0.22
6590,0.1415
6591,0.10690000000000001
6592,0.04345
6593,0.0014399999999999999
6594,0.0
6595,0.0
6596,0.0
6597,0.0
6598,0.0
6599,0.0
6600,0.0
6601,0.0
6602,0.0
6603,0.0
6604,0.0
6605,0.0
6606,0.00505
6607,0.04332
6608,0.11505
6609,0.13698
6610,0.14169
6611,0.16468
6612,0.15053
6613,0.17815
6614,0.19390000000000002
6615,0.12095
6616,0.06939000000000001
6617,0.013619999999999998
6618,0.0
6619,0.0
6620,0.0
6621,0.0
6622,0.0
6623,0.0
6624,0.0
6625,0.0
6626,0.0
6627,0.0
6628,0.0
6629,0.0
6630,0.00777
6631,0.07241
6632,0.10017
6633,0.14697
6634,0.14465
6635,0.17709
6636,0.23954
6637,0.24858000000000002
6638,0.22394999999999998
6639,0.1296
6640,0.07562999999999999
6641,0.01176
6642,0.0
6643,0.0
6644,0.0
6645,0.0
6646,0.0
6647,0.0
6648,0.0
6649,0.0
6650,0.0
6651,0.0
6652,0.0
6653,0.0
6654,0.00607
6655,0.022719999999999997
6656,0.07286
6657,0.06838
6658,0.10995
6659,0.11549
6660,0.11622
6661,0.20995
6662,0.18965
6663,0.13588
6664,0.04524
6665,0.00595
6666,0.0
6667,0.0
6668,0.0
6669,0.0
6670,0.0
6671,0.0
6672,0.0
6673,0.0
6674,0.0
6675,0.0
6676,0.0
6677,0.0
6678,0.0060999999999999995
6679,0.02887
6680,0.04917
6681,0.0726
6682,0.027399999999999997
6683,0.13584000000000002
6684,0.10296999999999999
6685,0.24528
6686,0.16902
6687,0.13176
6688,0.07365000000000001
6689,0.01288
6690,0.0
6691,0.0
6692,0.0
6693,0.0
6694,0.0
6695,0.0
6696,0.0
6697,0.0
6698,0.0
6699,0.0
6700,0.0
6701,0.0
6702,0.011519999999999999
6703,0.07229000000000001
6704,0.09408
6705,0.10457
6706,0.21941
6707,0.24406
6708,0.29575999999999997
6709,0.15907
6710,0.17993
6711,0.13257
6712,0.07408
6713,0.01117
6714,0.0
6715,0.0
6716,0.0
6717,0.0
6718,0.0
6719,0.0
6720,0.0
6721,0.0
6722,0.0
6723,0.0
6724,0.0
6725,0.0
6726,0.00639
6727,0.03567
6728,0.10990000000000001
6729,0.18947
6730,0.1331
6731,0.23117
6732,0.22008000000000003
6733,0.17264
6734,0.09015000000000001
6735,0.06603
6736,0.03766
6737,0.00694
6738,0.0
6739,0.0
6740,0.0
6741,0.0
6742,0.0
6743,0.0
6744,0.0
6745,0.0
6746,0.0
6747,0.0
6748,0.0
6749,0.0
6750,0.01126
6751,0.05464
6752,0.09223
6753,0.16169999999999998
6754,0.17327
6755,0.2083
6756,0.19432
6757,0.23836000000000002
6758,0.16599
6759,0.14265
6760,0.07767
6761,0.01081
6762,0.0
6763,0.0
6764,0.0
6765,0.0
6766,0.0
6767,0.0
6768,0.0
6769,0.0
6770,0.0
6771,0.0
6772,0.0
6773,0.0
6774,0.00558
6775,0.02377
6776,0.09576000000000001
6777,0.09223
6778,0.15696000000000002
6779,0.11404
6780,0.14147
6781,0.26998
6782,0.21269
6783,0.13897
6784,0.02983
6785,0.01057
6786,0.0
6787,0.0
6788,0.0
6789,0.0
6790,0.0
6791,0.0
6792,0.0
6793,0.0
6794,0.0
6795,0.0
6796,0.0
6797,0.0
6798,0.0014
6799,0.00567
6800,0.00075
6801,0.0017800000000000001
6802,0.06506999999999999
6803,0.20718
6804,0.21581
6805,0.09046
6806,0.13828000000000001
6807,0.17151
6808,0.07221999999999999
6809,0.0091
6810,0.0
6811,0.0
6812,0.0
6813,0.0
6814,0.0
6815,0.0
6816,0.0
6817,0.0
6818,0.0
6819,0.0
6820,0.0
6821,0.0
6822,0.00141
6823,0.04504
6824,0.14132
6825,0.24997999999999998
6826,0.24927000000000002
6827,0.30477
6828,0.26748
6829,0.25189
6830,0.13383
6831,0.10497
6832,0.060579999999999995
6833,0.006809999999999999
6834,0.0
6835,0.0
6836,0.0
6837,0.0
6838,0.0
6839,0.0
6840,0.0
6841,0.0
6842,0.0
6843,0.0
6844,0.0
6845,0.0
6846,0.0
6847,0.004860000000000001
6848,0.01491
6849,0.0065
6850,0.00325
6851,0.0109
6852,0.00775
6853,0.26958
6854,0.24715
6855,0.10414
6856,0.053759999999999995
6857,0.00614
6858,0.0
6859,0.0
6860,0.0
6861,0.0
6862,0.0
6863,0.0
6864,0.0
6865,0.0
6866,0.0
6867,0.0
6868,0.0
6869,0.0
6870,0.00839
6871,0.031129999999999998
6872,0.07108
6873,0.15105000000000002
6874,0.20244
6875,0.1721
6876,0.16066999999999998
6877,0.16888999999999998
6878,0.15212
6879,0.12616
6880,0.06196
6881,0.00385
6882,0.0
6883,0.0
6884,0.0
6885,0.0
6886,0.0
6887,0.0
6888,0.0
6889,0.0
6890,0.0
6891,0.0
6892,0.0
6893,0.0
6894,0.01112
6895,0.03818
6896,0.0866
6897,0.07437
6898,0.14712
6899,0.15399000000000002
6900,0.11175
6901,0.10538
6902,0.11907
6903,0.09239
6904,0.04821
6905,0.00867
6906,0.0
6907,0.0
6908,0.0
6909,0.0
6910,0.0
6911,0.0
6912,0.0
6913,0.0
6914,0.0
6915,0.0
6916,0.0
6917,0.0
6918,0.01042
6919,0.04958
6920,0.07585
6921,0.11752
6922,0.21202000000000001
6923,0.18591999999999997
6924,0.19206
6925,0.16955
6926,0.18422999999999998
6927,0.11525
6928,0.02605
6929,0.0085
6930,0.0
6931,0.0
6932,0.0
6933,0.0
6934,0.0
6935,0.0
6936,0.0
6937,0.0
6938,0.0
6939,0.0
6940,0.0
6941,0.0
6942,0.0014299999999999998
6943,0.00453
6944,0.008150000000000001
6945,0.01149
6946,0.02139
6947,0.047939999999999997
6948,0.14762999999999998
6949,0.22149000000000002
6950,0.15983
6951,0.09892000000000001
6952,0.04313
6953,0.00525
6954,0.0
6955,0.0
6956,0.0
6957,0.0
6958,0.0
6959,0.0
6960,0.0
6961,0.0
6962,0.0
6963,0.0
6964,0.0
6965,0.0
6966,0.0
6967,0.002
6968,0.01234
6969,0.032729999999999995
6970,0.028079999999999997
6971,0.05399
6972,0.09841
6973,0.28075
6974,0.205
6975,0.11838
6976,0.08106999999999999
6977,0.00958
6978,0.0
6979,0.0
6980,0.0
6981,0.0
6982,0.0
6983,0.0
6984,0.0
6985,0.0
6986,0.0
6987,0.0
6988,0.0
6989,0.0
6990,0.00635
6991,0.04518
6992,0.08378000000000001
6993,0.12787
6994,0.15002000000000001
6995,0.14822
6996,0.16536
6997,0.18603999999999998
6998,0.18527000000000002
6999,0.11147
7000,0.03832
7001,0.01056
7002,0.0
7003,0.0
7004,0.0
7005,0.0
7006,0.0
7007,0.0
7008,0.0
7009,0.0
7010,0.0
7011,0.0
7012,0.0
7013,0.0
7014,0.00552
7015,0.03229
7016,0.08583
7017,0.10235999999999999
7018,0.19433
7019,0.18637
7020,0.21352000000000002
7021,0.20183
7022,0.15847
7023,0.10606
7024,0.04888
7025,0.01074
7026,0.0
7027,0.0
7028,0.0
7029,0.0
7030,0.0
7031,0.0
7032,0.0
7033,0.0
7034,0.0
7035,0.0
7036,0.0
7037,0.0
7038,0.00519
7039,0.0297
7040,0.04728
7041,0.04355
7042,0.034390000000000004
7043,0.06643
7044,0.12681
7045,0.21081999999999998
7046,0.16383
7047,0.09781000000000001
7048,0.03281
7049,0.0032
7050,0.0
7051,0.0
7052,0.0
7053,0.0
7054,0.0
7055,0.0
7056,0.0
7057,0.0
7058,0.0
7059,0.0
7060,0.0
7061,0.0
7062,0.00423
7063,0.04425
7064,0.10266
7065,0.12593000000000001
7066,0.21215
7067,0.25523
7068,0.16369999999999998
7069,0.16623
7070,0.16828
7071,0.12724
7072,0.06448999999999999
7073,0.00495
7074,0.0
7075,0.0
7076,0.0
7077,0.0
7078,0.0
7079,0.0
7080,0.0
7081,0.0
7082,0.0
7083,0.0
7084,0.0
7085,0.0
7086,0.00393
7087,0.00738
7088,0.03308
7089,0.03681
7090,0.0431
7091,0.13022999999999998
7092,0.21045
7093,0.14589
7094,0.11055
7095,0.10517
7096,0.06505
7097,0.00605
7098,0.0
7099,0.0
7100,0.0
7101,0.0
7102,0.0
7103,0.0
7104,0.0
7105,0.0
7106,0.0
7107,0.0
7108,0.0
7109,0.0
7110,0.018269999999999998
7111,0.06786
7112,0.13171000000000002
7113,0.21713
7114,0.19125
7115,0.21988
7116,0.17588
7117,0.18746000000000002
7118,0.18156999999999998
7119,0.12686
7120,0.06593
7121,0.00621
7122,0.0
7123,0.0
7124,0.0
7125,0.0
7126,0.0
7127,0.0
7128,0.0
7129,0.0
7130,0.0
7131,0.0
7132,0.0
7133,0.0
7134,0.01284
7135,0.053520000000000005
7136,0.09151000000000001
7137,0.11404
7138,0.13769
7139,0.21588
7140,0.19037
7141,0.12879
7142,0.09809999999999999
7143,0.06104
7144,0.027559999999999998
7145,0.00321
7146,0.0
7147,0.0
7148,0.0
7149,0.0
7150,0.0
7151,0.0
7152,0.0
7153,0.0
7154,0.0
7155,0.0
7156,0.0
7157,0.0
7158,0.00886
7159,0.04462
7160,0.05881
7161,0.07707
7162,0.13362000000000002
7163,0.14646
7164,0.17890999999999999
7165,0.18578999999999998
7166,0.12698
7167,0.09162000000000001
7168,0.045020000000000004
7169,0.0077599999999999995
7170,0.0
7171,0.0
7172,0.0
7173,0.0
7174,0.0
7175,0.0
7176,0.0
7177,0.0
7178,0.0
7179,0.0
7180,0.0
7181,0.0
7182,0.00948
7183,0.047270000000000006
7184,0.05819
7185,0.12791
7186,0.17156
7187,0.18131999999999998
7188,0.28057
7189,0.16184
7190,0.11435
7191,0.11303
7192,0.05757
7193,0.00745
7194,0.0
7195,0.0
7196,0.0
7197,0.0
7198,0.0
7199,0.0
7200,0.0
7201,0.0
7202,0.0
7203,0.0
7204,0.0
7205,0.0
7206,0.01109
7207,0.08281999999999999
7208,0.14893
7209,0.1715
7210,0.22485
7211,0.20855
7212,0.18778999999999998
7213,0.20676
7214,0.16475
7215,0.13434000000000001
7216,0.05694
7217,0.00221
7218,0.0
7219,0.0
7220,0.0
7221,0.0
7222,0.0
7223,0.0
7224,0.0
7225,0.0
7226,0.0
7227,0.0
7228,0.0
7229,0.0
7230,0.0
7231,0.0
7232,0.0
7233,0.0
7234,0.00159
7235,0.03221
7236,0.023039999999999998
7237,0.26632
7238,0.21503
7239,0.14927
7240,0.06111
7241,0.0059299999999999995
7242,0.0
7243,0.0
7244,0.0
7245,0.0
7246,0.0
7247,0.0
7248,0.0
7249,0.0
7250,0.0
7251,0.0
7252,0.0
7253,0.0
7254,0.01067
7255,0.055920000000000004
7256,0.09664
7257,0.16387000000000002
7258,0.14195
7259,0.18741
7260,0.20072
7261,0.19669999999999999
7262,0.15913999999999998
7263,0.08134000000000001
7264,0.02652
7265,0.0074
7266,0.0
7267,0.0
7268,0.0
7269,0.0
7270,0.0
7271,0.0
7272,0.0
7273,0.0
7274,0.0
7275,0.0
7276,0.0
7277,0.0
7278,0.015
7279,0.04776
7280,0.08162
7281,0.08821
7282,0.14056
7283,0.1659
7284,0.13244999999999998
7285,0.17504
7286,0.16193000000000002
7287,0.14503
7288,0.06946
7289,0.0072699999999999996
7290,0.0
7291,0.0
7292,0.0
7293,0.0
7294,0.0
7295,0.0
7296,0.0
7297,0.0
7298,0.0
7299,0.0
7300,0.0
7301,0.0
7302,0.00323
7303,0.03047
7304,0.08676
7305,0.10311
7306,0.11384
7307,0.13699
7308,0.10149
7309,0.09431
7310,0.07188
7311,0.04654
7312,0.0135
7313,0.00095
7314,0.0
7315,0.0
7316,0.0
7317,0.0
7318,0.0
7319,0.0
7320,0.0
7321,0.0
7322,0.0
7323,0.0
7324,0.0
7325,0.0
7326,0.019850000000000003
7327,0.07744
7328,0.10615000000000001
7329,0.10748
7330,0.14816
7331,0.16541999999999998
7332,0.18098
7333,0.17239
7334,0.09012
7335,0.11808
7336,0.037899999999999996
7337,0.0053
7338,0.0
7339,0.0
7340,0.0
7341,0.0
7342,0.0
7343,0.0
7344,0.0
7345,0.0
7346,0.0
7347,0.0
7348,0.0
7349,0.0
7350,0.01295
7351,0.04951
7352,0.14293
7353,0.2029
7354,0.19916
7355,0.18738
7356,0.23206
7357,0.15264
7358,0.11467000000000001
7359,0.09481999999999999
7360,0.02871
7361,0.0005899999999999999
7362,0.0
7363,0.0
7364,0.0
7365,0.0
7366,0.0
7367,0.0
7368,0.0
7369,0.0
7370,0.0
7371,0.0
7372,0.0
7373,0.0
7374,0.01382
7375,0.05432
7376,0.09075
7377,0.16491999999999998
7378,0.1662
7379,0.2179
7380,0.14137
7381,0.12104000000000001
7382,0.06829
7383,0.04286
7384,0.032060000000000005
7385,0.00445
7386,0.0
7387,0.0
7388,0.0
7389,0.0
7390,0.0
7391,0.0
7392,0.0
7393,0.0
7394,0.0
7395,0.0
7396,0.0
7397,0.0
7398,0.0089
7399,0.03277
7400,0.047310000000000005
7401,0.047200000000000006
7402,0.09034
7403,0.08706
7404,0.14184
7405,0.2154
7406,0.18425999999999998
7407,0.12825
7408,0.061369999999999994
7409,0.00546
7410,0.0
7411,0.0
7412,0.0
7413,0.0
7414,0.0
7415,0.0
7416,0.0
7417,0.0
7418,0.0
7419,0.0
7420,0.0
7421,0.0
7422,0.01088
7423,0.063
7424,0.0752
7425,0.12115999999999999
7426,0.12345
7427,0.09244
7428,0.07327
7429,0.21467
7430,0.16668
7431,0.10840999999999999
7432,0.04248
7433,0.00233
7434,0.0
7435,0.0
7436,0.0
7437,0.0
7438,0.0
7439,0.0
7440,0.0
7441,0.0
7442,0.0
7443,0.0
7444,0.0
7445,0.0
7446,0.008039999999999999
7447,0.03594
7448,0.06302
7449,0.03673
7450,0.048920000000000005
7451,0.17499
7452,0.24831
7453,0.23965999999999998
7454,0.13634000000000002
7455,0.11949
7456,0.06747
7457,0.00174
7458,0.0
7459,0.0
7460,0.0
7461,0.0
7462,0.0
7463,0.0
7464,0.0
7465,0.0
7466,0.0
7467,0.0
7468,0.0
7469,0.0
7470,0.01307
7471,0.06962
7472,0.092
7473,0.16958
7474,0.18456999999999998
7475,0.21066
7476,0.18478
7477,0.2334
7478,0.15893000000000002
7479,0.11862
7480,0.06064
7481,0.00124
7482,0.0
7483,0.0
7484,0.0
7485,0.0
7486,0.0
7487,0.0
7488,0.0
7489,0.0
7490,0.0
7491,0.0
7492,0.0
7493,0.0
7494,0.0
7495,0.00567
7496,0.01319
7497,0.04149
7498,0.12415999999999999
7499,0.13863
7500,0.10046
7501,0.22424000000000002
7502,0.19172999999999998
7503,0.11225
7504,0.05926
7505,0.00842
7506,0.0
7507,0.0
7508,0.0
7509,0.0
7510,0.0
7511,0.0
7512,0.0
7513,0.0
7514,0.0
7515,0.0
7516,0.0
7517,0.0
7518,0.015300000000000001
7519,0.06261
7520,0.07925
7521,0.13394999999999999
7522,0.21356
7523,0.27567
7524,0.22044
7525,0.08547
7526,0.11597
7527,0.10306
7528,0.06906999999999999
7529,0.00526
7530,0.0
7531,0.0
7532,0.0
7533,0.0
7534,0.0
7535,0.0
7536,0.0
7537,0.0
7538,0.0
7539,0.0
7540,0.0
7541,0.0
7542,0.01216
7543,0.05882
7544,0.10532
7545,0.11522
7546,0.10202
7547,0.18327000000000002
7548,0.18039
7549,0.15456
7550,0.18991
7551,0.129
7552,0.07335
7553,0.008919999999999999
7554,0.0
7555,0.0
7556,0.0
7557,0.0
7558,0.0
7559,0.0
7560,0.0
7561,0.0
7562,0.0
7563,0.0
7564,0.0
7565,0.0
7566,0.02253
7567,0.08084999999999999
7568,0.11693
7569,0.16943
7570,0.18297
7571,0.14263
7572,0.19987
7573,0.17231
7574,0.13615
7575,0.08322
7576,0.01782
7577,0.00074
7578,0.0
7579,0.0
7580,0.0
7581,0.0
7582,0.0
7583,0.0
7584,0.0
7585,0.0
7586,0.0
7587,0.0
7588,0.0
7589,0.0
7590,0.0043
7591,0.03372
7592,0.06091
7593,0.09839
7594,0.10948999999999999
7595,0.18425999999999998
7596,0.17675
7597,0.14449
7598,0.23263999999999999
7599,0.07351
7600,0.04336
7601,0.00546
7602,0.0
7603,0.0
7604,0.0
7605,0.0
7606,0.0
7607,0.0
7608,0.0
7609,0.0
7610,0.0
7611,0.0
7612,0.0
7613,0.0
7614,0.01582
7615,0.07084
7616,0.12276000000000001
7617,0.16229
7618,0.17062
7619,0.20706
7620,0.15711000000000003
7621,0.11735
7622,0.10564
7623,0.08316
7624,0.051590000000000004
7625,0.00443
7626,0.0
7627,0.0
7628,0.0
7629,0.0
7630,0.0
7631,0.0
7632,0.0
7633,0.0
7634,0.0
7635,0.0
7636,0.0
7637,0.0
7638,0.00903
7639,0.07054
7640,0.09878
7641,0.07482
7642,0.09670000000000001
7643,0.13402
7644,0.11877
7645,0.21513
7646,0.12978
7647,0.12704000000000001
7648,0.06313
7649,0.00762
7650,0.0
7651,0.0
7652,0.0
7653,0.0
7654,0.0
7655,0.0
7656,0.0
7657,0.0
7658,0.0
7659,0.0
7660,0.0
7661,0.0
7662,0.01632
7663,0.06705
7664,0.16024000000000002
7665,0.18383000000000002
7666,0.28667000000000004
7667,0.20263
7668,0.23965
7669,0.17219
7670,0.14296
7671,0.10312
7672,0.05389
7673,0.00335
7674,0.0
7675,0.0
7676,0.0
7677,0.0
7678,0.0
7679,0.0
7680,0.0
7681,0.0
7682,0.0
7683,0.0
7684,0.0
7685,0.0
7686,0.00894
7687,0.0437
7688,0.06817000000000001
7689,0.12602
7690,0.1388
7691,0.21558000000000002
7692,0.12229999999999999
7693,0.16208
7694,0.10953
7695,0.07783
7696,0.06211
7697,0.006860000000000001
7698,0.0
7699,0.0
7700,0.0
7701,0.0
7702,0.0
7703,0.0
7704,0.0
7705,0.0
7706,0.0
7707,0.0
7708,0.0
7709,0.0
7710,0.01653
7711,0.06570000000000001
7712,0.08431
7713,0.14496
7714,0.17646
7715,0.29629
7716,0.20852
7717,0.09877
7718,0.11205
7719,0.06993
7720,0.03917
7721,0.00364
7722,0.0
7723,0.0
7724,0.0
7725,0.0
7726,0.0
7727,0.0
7728,0.0
7729,0.0
7730,0.0
7731,0.0
7732,0.0
7733,0.0
7734,0.01458
7735,0.04486
7736,0.103
7737,0.10353
7738,0.20147
7739,0.2063
7740,0.14621
7741,0.17241
7742,0.12894999999999998
7743,0.12451999999999999
7744,0.04908
7745,0.00608
7746,0.0
7747,0.0
7748,0.0
7749,0.0
7750,0.0
7751,0.0
7752,0.0
7753,0.0
7754,0.0
7755,0.0
7756,0.0
7757,0.0
7758,0.0071200000000000005
7759,0.06316
7760,0.1469
7761,0.17012
7762,0.17981999999999998
7763,0.23552
7764,0.18209
7765,0.15121
7766,0.13988
7767,0.10739
7768,0.05048
7769,0.0046
7770,0.0
7771,0.0
7772,0.0
7773,0.0
7774,0.0
7775,0.0
7776,0.0
7777,0.0
7778,0.0
7779,0.0
7780,0.0
7781,0.0
7782,0.00901
7783,0.05261
7784,0.11001000000000001
7785,0.14909999999999998
7786,0.12762
7787,0.17678
7788,0.20132
7789,0.16527
7790,0.13804
7791,0.07389
7792,0.03191
7793,0.0
7794,0.0
7795,0.0
7796,0.0
7797,0.0
7798,0.0
7799,0.0
7800,0.0
7801,0.0
7802,0.0
7803,0.0
7804,0.0
7805,0.0
7806,0.0048
7807,0.053149999999999996
7808,0.07798000000000001
7809,0.1206
7810,0.17847
7811,0.13111
7812,0.21847
7813,0.15916
7814,0.13224
7815,0.08656
7816,0.04974
7817,0.0075
7818,0.0
7819,0.0
7820,0.0
7821,0.0
7822,0.0
7823,0.0
7824,0.0
7825,0.0
7826,0.0
7827,0.0
7828,0.0
7829,0.0
7830,0.0061200000000000004
7831,0.05784
7832,0.07812000000000001
7833,0.12126
7834,0.16997
7835,0.17094
7836,0.2035
7837,0.13995
7838,0.09281
7839,0.0697
7840,0.06019
7841,0.00584
7842,0.0
7843,0.0
7844,0.0
7845,0.0
7846,0.0
7847,0.0
7848,0.0
7849,0.0
7850,0.0
7851,0.0
7852,0.0
7853,0.0
7854,0.00618
7855,0.047450000000000006
7856,0.06423000000000001
7857,0.08996
7858,0.15009
7859,0.13993
7860,0.16103
7861,0.13132
7862,0.13713999999999998
7863,0.09186
7864,0.038729999999999994
7865,0.00789
7866,0.0
7867,0.0
7868,0.0
7869,0.0
7870,0.0
7871,0.0
7872,0.0
7873,0.0
7874,0.0
7875,0.0
7876,0.0
7877,0.0
7878,0.00851
7879,0.04611
7880,0.09620000000000001
7881,0.11504
7882,0.1335
7883,0.13763999999999998
7884,0.13458
7885,0.09418000000000001
7886,0.09006
7887,0.07828
7888,0.037899999999999996
7889,0.0037400000000000003
7890,0.0
7891,0.0
7892,0.0
7893,0.0
7894,0.0
7895,0.0
7896,0.0
7897,0.0
7898,0.0
7899,0.0
7900,0.0
7901,0.0
7902,0.0028599999999999997
7903,0.06595000000000001
7904,0.1166
7905,0.11761
7906,0.21872
7907,0.16561
7908,0.19035
7909,0.14483000000000001
7910,0.1088
7911,0.10647
7912,0.05347
7913,0.00802
7914,0.0
7915,0.0
7916,0.0
7917,0.0
7918,0.0
7919,0.0
7920,0.0
7921,0.0
7922,0.0
7923,0.0
7924,0.0
7925,0.0
7926,0.0044599999999999996
7927,0.03157
7928,0.08111
7929,0.10617
7930,0.13113
7931,0.20193
7932,0.206
7933,0.0608
7934,0.11289
7935,0.08932999999999999
7936,0.03387
7937,0.00278
7938,0.0
7939,0.0
7940,0.0
7941,0.0
7942,0.0
7943,0.0
7944,0.0
7945,0.0
7946,0.0
7947,0.0
7948,0.0
7949,0.0
7950,0.00268
7951,0.025589999999999998
7952,0.01677
7953,0.0294
7954,0.01863
7955,0.05866
7956,0.22956000000000001
7957,0.16013999999999998
7958,0.12114
7959,0.09967000000000001
7960,0.034210000000000004
7961,0.00246
7962,0.0
7963,0.0
7964,0.0
7965,0.0
7966,0.0
7967,0.0
7968,0.0
7969,0.0
7970,0.0
7971,0.0
7972,0.0
7973,0.0
7974,0.0
7975,0.02863
7976,0.03867
7977,0.03542
7978,0.08566
7979,0.15433000000000002
7980,0.13692
7981,0.22241999999999998
7982,0.159
7983,0.11159999999999999
7984,0.05263
7985,0.005900000000000001
7986,0.0
7987,0.0
7988,0.0
7989,0.0
7990,0.0
7991,0.0
7992,0.0
7993,0.0
7994,0.0
7995,0.0
7996,0.0
7997,0.0
7998,0.01085
7999,0.046590000000000006
8000,0.07135999999999999
8001,0.1248
8002,0.1187
8003,0.15312
8004,0.18491
8005,0.13161
8006,0.09509000000000001
8007,0.10679000000000001
8008,0.054369999999999995
8009,0.0032400000000000003
8010,0.0
8011,0.0
8012,0.0
8013,0.0
8014,0.0
8015,0.0
8016,0.0
8017,0.0
8018,0.0
8019,0.0
8020,0.0
8021,0.0
8022,0.0064800000000000005
8023,0.04542
8024,0.0823
8025,0.12881
8026,0.18386000000000002
8027,0.13821
8028,0.15594999999999998
8029,0.17095
8030,0.18297999999999998
8031,0.09578
8032,0.049710000000000004
8033,0.00357
8034,0.0
8035,0.0
8036,0.0
8037,0.0
8038,0.0
8039,0.0
8040,0.0
8041,0.0
8042,0.0
8043,0.0
8044,0.0
8045,0.0
8046,0.00076
8047,0.00826
8048,0.00095
8049,0.0
8050,0.00982
8051,0.02386
8052,0.05218
8053,0.14076
8054,0.11638
8055,0.04441
8056,0.02984
8057,0.00133
8058,0.0
8059,0.0
8060,0.0
8061,0.0
8062,0.0
8063,0.0
8064,0.0
8065,0.0
8066,0.0
8067,0.0
8068,0.0
8069,0.0
8070,0.0
8071,0.0
8072,0.0
8073,0.0
8074,0.02437
8075,0.06216
8076,0.08043
8077,0.12017
8078,0.13128
8079,0.10948000000000001
8080,0.04221
8081,0.00215
8082,0.0
8083,0.0
8084,0.0
8085,0.0
8086,0.0
8087,0.0
8088,0.0
8089,0.0
8090,0.0
8091,0.0
8092,0.0
8093,0.0
8094,0.007719999999999999
8095,0.055659999999999994
8096,0.09985
8097,0.15841
8098,0.20777
8099,0.12899000000000002
8100,0.12775
8101,0.1539
8102,0.13324
8103,0.10455
8104,0.06178
8105,0.0103
8106,0.0
8107,0.0
8108,0.0
8109,0.0
8110,0.0
8111,0.0
8112,0.0
8113,0.0
8114,0.0
8115,0.0
8116,0.0
8117,0.0
8118,0.00762
8119,0.02745
8120,0.10951000000000001
8121,0.16434
8122,0.1879
8123,0.24371
8124,0.18297999999999998
8125,0.21987
8126,0.17279
8127,0.11714
8128,0.06520999999999999
8129,0.00315
8130,0.0
8131,0.0
8132,0.0
8133,0.0
8134,0.0
8135,0.0
8136,0.0
8137,0.0
8138,0.0
8139,0.0
8140,0.0
8141,0.0
8142,0.00026000000000000003
8143,0.0
8144,0.0
8145,0.0017800000000000001
8146,0.00519
8147,0.01205
8148,0.0189
8149,0.16363
8150,0.12906
8151,0.13923
8152,0.07264
8153,0.00934
8154,0.0
8155,0.0
8156,0.0
8157,0.0
8158,0.0
8159,0.0
8160,0.0
8161,0.0
8162,0.0
8163,0.0
8164,0.0
8165,0.0
8166,0.00165
8167,0.038009999999999995
8168,0.0835
8169,0.10518999999999999
8170,0.18137
8171,0.19891
8172,0.17964
8173,0.23462
8174,0.15824000000000002
8175,0.12761
8176,0.07235
8177,0.01244
8178,0.0
8179,0.0
8180,0.0
8181,0.0
8182,0.0
8183,0.0
8184,0.0
8185,0.0
8186,0.0
8187,0.0
8188,0.0
8189,0.0
8190,0.00942
8191,0.06013
8192,0.06856
8193,0.0861
8194,0.10884999999999999
8195,0.10584
8196,0.12963999999999998
8197,0.09594
8198,0.12437000000000001
8199,0.07501999999999999
8200,0.05189
8201,0.00991
8202,0.0
8203,0.0
8204,0.0
8205,0.0
8206,0.0
8207,0.0
8208,0.0
8209,0.0
8210,0.0
8211,0.0
8212,0.0
8213,0.0
8214,0.00417
8215,0.06858
8216,0.09719
8217,0.14245
8218,0.17187
8219,0.12662
8220,0.15827000000000002
8221,0.09397
8222,0.0882
8223,0.07024
8224,0.0511
8225,0.00583
8226,0.0
8227,0.0
8228,0.0
8229,0.0
8230,0.0
8231,0.0
8232,0.0
8233,0.0
8234,0.0
8235,0.0
8236,0.0
8237,0.0
8238,0.006889999999999999
8239,0.03953
8240,0.09736
8241,0.14303
8242,0.14453
8243,0.13745
8244,0.09139
8245,0.15536000000000003
8246,0.13771
8247,0.10589
8248,0.05167
8249,0.00492
8250,0.0
8251,0.0
8252,0.0
8253,0.0
8254,0.0
8255,0.0
8256,0.0
8257,0.0
8258,0.0
8259,0.0
8260,0.0
8261,0.0
8262,0.01275
8263,0.059590000000000004
8264,0.10092
8265,0.12312000000000001
8266,0.21603
8267,0.20019
8268,0.1777
8269,0.15575
8270,0.13571
8271,0.09376000000000001
8272,0.054759999999999996
8273,0.00445
8274,0.0
8275,0.0
8276,0.0
8277,0.0
8278,0.0
8279,0.0
8280,0.0
8281,0.0
8282,0.0
8283,0.0
8284,0.0
8285,0.0
8286,0.00528
8287,0.03706
8288,0.06122
8289,0.13063999999999998
8290,0.16957
8291,0.18836000000000003
8292,0.12642
8293,0.22369
8294,0.17977
8295,0.09462999999999999
8296,0.03885
8297,0.00161
8298,0.0
8299,0.0
8300,0.0
8301,0.0
8302,0.0
8303,0.0
8304,0.0
8305,0.0
8306,0.0
8307,0.0
8308,0.0
8309,0.0
8310,0.00596
8311,0.038840000000000006
8312,0.09282
8313,0.11129
8314,0.13959
8315,0.12395
8316,0.15369999999999998
8317,0.17792
8318,0.16106
8319,0.07981999999999999
8320,0.04157
8321,0.010029999999999999
8322,0.0
8323,0.0
8324,0.0
8325,0.0
8326,0.0
8327,0.0
8328,0.0
8329,0.0
8330,0.0
8331,0.0
8332,0.0
8333,0.0
8334,0.0015400000000000001
8335,0.0335
8336,0.08094
8337,0.14204
8338,0.08923
8339,0.12046
8340,0.14878
8341,0.22335
8342,0.1135
8343,0.11549
8344,0.07382999999999999
8345,0.00679
8346,0.0
8347,0.0
8348,0.0
8349,0.0
8350,0.0
8351,0.0
8352,0.0
8353,0.0
8354,0.0
8355,0.0
8356,0.0
8357,0.0
8358,0.006059999999999999
8359,0.04079
8360,0.09395999999999999
8361,0.16783
8362,0.19826
8363,0.19601
8364,0.26405
8365,0.22159
8366,0.17416
8367,0.15165
8368,0.0589
8369,0.01436
8370,0.0
8371,0.0
8372,0.0
8373,0.0
8374,0.0
8375,0.0
8376,0.0
8377,0.0
8378,0.0
8379,0.0
8380,0.0
8381,0.0
8382,0.00217
8383,0.060700000000000004
8384,0.09787
8385,0.10423
8386,0.13122
8387,0.17761000000000002
8388,0.14719
8389,0.03332
8390,0.05795
8391,0.06822
8392,0.044539999999999996
8393,0.00475
8394,0.0
8395,0.0
8396,0.0
8397,0.0
8398,0.0
8399,0.0
8400,0.0
8401,0.0
8402,0.0
8403,0.0
8404,0.0
8405,0.0
8406,0.0057599999999999995
8407,0.06301
8408,0.09356
8409,0.14568
8410,0.15885
8411,0.24611000000000002
8412,0.24035
8413,0.20271
8414,0.1272
8415,0.07403
8416,0.06431999999999999
8417,0.008119999999999999
8418,0.0
8419,0.0
8420,0.0
8421,0.0
8422,0.0
8423,0.0
8424,0.0
8425,0.0
8426,0.0
8427,0.0
8428,0.0
8429,0.0
8430,0.00899
8431,0.07196999999999999
8432,0.12717
8433,0.12890000000000001
8434,0.21142
8435,0.19481
8436,0.25504
8437,0.23268
8438,0.15266
8439,0.12503
8440,0.05982
8441,0.01209
8442,0.0
8443,0.0
8444,0.0
8445,0.0
8446,0.0
8447,0.0
8448,0.0
8449,0.0
8450,0.0
8451,0.0
8452,0.0
8453,0.0
8454,0.0025499999999999997
8455,0.04621
8456,0.10455
8457,0.10548
8458,0.14547
8459,0.16876
8460,0.14237
8461,0.16806000000000001
8462,0.18064
8463,0.0872
8464,0.04925
8465,0.00574
8466,0.0
8467,0.0
8468,0.0
8469,0.0
8470,0.0
8471,0.0
8472,0.0
8473,0.0
8474,0.0
8475,0.0
8476,0.0
8477,0.0
8478,0.00278
8479,0.01726
8480,0.03431
8481,0.019289999999999998
8482,0.0353
8483,0.038340000000000006
8484,0.10579999999999999
8485,0.07851999999999999
8486,0.09026
8487,0.08807999999999999
8488,0.05933
8489,0.011439999999999999
8490,0.0
8491,0.0
8492,0.0
8493,0.0
8494,0.0
8495,0.0
8496,0.0
8497,0.0
8498,0.0
8499,0.0
8500,0.0
8501,0.0
8502,0.0065899999999999995
8503,0.05686
8504,0.09758
8505,0.12319
8506,0.14579
8507,0.17438
8508,0.18718
8509,0.13276
8510,0.0865
8511,0.10284
8512,0.07501000000000001
8513,0.01244
8514,0.0
8515,0.0
8516,0.0
8517,0.0
8518,0.0
8519,0.0
8520,0.0
8521,0.0
8522,0.0
8523,0.0
8524,0.0
8525,0.0
8526,0.0023599999999999997
8527,0.03705
8528,0.09573000000000001
8529,0.12899000000000002
8530,0.21044
8531,0.13453
8532,0.24495
8533,0.11170999999999999
8534,0.11433
8535,0.08145000000000001
8536,0.04157
8537,0.01021
8538,0.0
8539,0.0
8540,0.0
8541,0.0
8542,0.0
8543,0.0
8544,0.0
8545,0.0
8546,0.0
8547,0.0
8548,0.0
8549,0.0
8550,0.00026000000000000003
8551,0.02915
8552,0.04335
8553,0.09343000000000001
8554,0.12158
8555,0.19653
8556,0.19721
8557,0.21578
8558,0.16276
8559,0.09051000000000001
8560,0.07026
8561,0.01274
8562,0.0
8563,0.0
8564,0.0
8565,0.0
8566,0.0
8567,0.0
8568,0.0
8569,0.0
8570,0.0
8571,0.0
8572,0.0
8573,0.0
8574,0.00246
8575,0.03474
8576,0.07998000000000001
8577,0.12189
8578,0.16552
8579,0.16247999999999999
8580,0.16447
8581,0.091
8582,0.14451
8583,0.11944
8584,0.056350000000000004
8585,0.01009
8586,0.0
8587,0.0
8588,0.0
8589,0.0
8590,0.0
8591,0.0
8592,0.0
8593,0.0
8594,0.0
8595,0.0
8596,0.0
8597,0.0
8598,0.0
8599,0.00711
8600,0.016280000000000003
8601,0.00571
8602,0.03331
8603,0.05328
8604,0.07767
8605,0.19976
8606,0.18236000000000002
8607,0.12219
8608,0.0715
8609,0.01443
8610,0.0
8611,0.0
8612,0.0
8613,0.0
8614,0.0
8615,0.0
8616,0.0
8617,0.0
8618,0.0
8619,0.0
8620,0.0
8621,0.0
8622,0.00535
8623,0.044950000000000004
8624,0.06897
8625,0.08796
8626,0.09079000000000001
8627,0.13544
8628,0.1658
8629,0.11708
8630,0.11724
8631,0.07844
8632,0.05833
8633,0.01246
8634,0.0
8635,0.0
8636,0.0
8637,0.0
8638,0.0
8639,0.0
8640,0.0
8641,0.0
8642,0.0
8643,0.0
8644,0.0
8645,0.0
8646,0.00132
8647,0.029679999999999998
8648,0.02531
8649,0.0466
8650,0.0525
8651,0.1315
8652,0.15832
8653,0.048299999999999996
8654,0.05085
8655,0.04076
8656,0.045590000000000006
8657,0.01052
8658,0.0
8659,0.0
8660,0.0
8661,0.0
8662,0.0
8663,0.0
8664,0.0
8665,0.0
8666,0.0
8667,0.0
8668,0.0
8669,0.0
8670,0.00152
8671,0.025070000000000002
8672,0.061340000000000006
8673,0.0688
8674,0.09477
8675,0.07532
8676,0.09175
8677,0.08623
8678,0.14497
8679,0.12543
8680,0.07199
8681,0.01256
8682,0.0
8683,0.0
8684,0.0
8685,0.0
8686,0.0
8687,0.0
8688,0.0
8689,0.0
8690,0.0
8691,0.0
8692,0.0
8693,0.0
8694,0.00067
8695,0.02675
8696,0.06620999999999999
8697,0.11101000000000001
8698,0.13041999999999998
8699,0.13883
8700,0.1861
8701,0.12173
8702,0.1341
8703,0.11108
8704,0.05844
8705,0.01345
8706,0.0
8707,0.0
8708,0.0
8709,0.0
8710,0.0
8711,0.0
8712,0.0
8713,0.0
8714,0.0
8715,0.0
8716,0.0
8717,0.0
8718,0.00086
8719,0.014
8720,0.047200000000000006
8721,0.09663
8722,0.14232
8723,0.18966999999999998
8724,0.21224
8725,0.16172999999999998
8726,0.16509000000000001
8727,0.13283
8728,0.06199
8729,0.00846
8730,0.0
8731,0.0
8732,0.0
8733,0.0
8734,0.0
8735,0.0
8736,0.0
8737,0.0
8738,0.0
8739,0.0
8740,0.0
8741,0.0
8742,0.00011999999999999999
8743,0.022019999999999998
8744,0.04661
8745,0.11813
8746,0.18356999999999998
8747,0.12442
8748,0.19019999999999998
8749,0.14623
8750,0.08963
8751,0.06895
8752,0.06665
8753,0.06686
8754,0.0
8755,0.0
8756,0.0
8757,0.0
8758,0.0
8759,0.0
