,pv_per_unit
0,0.0
1,0.0
2,0.0
3,0.0
4,0.0
5,0.0
6,0.07773999999999999
7,0.28624
8,0.44814
9,0.59869
10,0.69017
11,0.7009
12,0.63154
13,0.59404
14,0.44739
15,0.35706
16,0.1316
17,0.0089
18,0.0
19,0.0
20,0.0
21,0.0
22,0.0
23,0.0
24,0.0
25,0.0
26,0.0
27,0.0
28,0.0
29,0.0
30,0.07004
31,0.28389
32,0.46798
33,0.58401
34,0.61501
35,0.6151599999999999
36,0.6863400000000001
37,0.60081
38,0.48573
39,0.28023000000000003
40,0.11433
41,0.00881
42,0.0
43,0.0
44,0.0
45,0.0
46,0.0
47,0.0
48,0.0
49,0.0
50,0.0
51,0.0
52,0.0
53,0.0
54,0.03886
55,0.16063999999999998
56,0.24733000000000002
57,0.37665
58,0.42521
59,0.40346
60,0.44962
61,0.27785000000000004
62,0.21074
63,0.13288
64,0.05962
65,0.0037
66,0.0
67,0.0
68,0.0
69,0.0
70,0.0
71,0.0
72,0.0
73,0.0
74,0.0
75,0.0
76,0.0
77,0.0
78,0.057390000000000004
79,0.19721
80,0.26708
81,0.39855
82,0.48444
83,0.48933
84,0.5279299999999999
85,0.4992
86,0.26732
87,0.21253999999999998
88,0.08801
89,0.006730000000000001
90,0.0
91,0.0
92,0.0
93,0.0
94,0.0
95,0.0
96,0.0
97,0.0
98,0.0
99,0.0
100,0.0
101,0.0
102,0.055130000000000005
103,0.19949
104,0.36881
105,0.52052
106,0.624
107,0.68326
108,0.69565
109,0.58829
110,0.41845
111,0.23123
112,0.15071
113,0.00904
114,0.0
115,0.0
116,0.0
117,0.0
118,0.0
119,0.0
120,0.0
121,0.0
122,0.0
123,0.0
124,0.0
125,0.0
126,0.05793
127,0.25892000000000004
128,0.44931
129,0.5856
130,0.6409199999999999
131,0.70586
132,0.67584
133,0.60441
134,0.5294
135,0.36304000000000003
136,0.15580000000000002
137,0.011550000000000001
138,0.0
139,0.0
140,0.0
141,0.0
142,0.0
143,0.0
144,0.0
145,0.0
146,0.0
147,0.0
148,0.0
149,0.0
150,0.05727
151,0.24524
152,0.27718
153,0.41775
154,0.50044
155,0.5422899999999999
156,0.6528200000000001
157,0.46452
158,0.4
159,0.28482999999999997
160,0.12371
161,0.00901
162,0.0
163,0.0
164,0.0
165,0.0
166,0.0
167,0.0
168,0.0
169,0.0
170,0.0
171,0.0
172,0.0
173,0.0
174,0.01684
175,0.14002
176,0.28911000000000003
177,0.31593
178,0.27908999999999995
179,0.5646
180,0.44897000000000004
181,0.51537
182,0.30722000000000005
183,0.18983
184,0.10223
185,0.006679999999999999
186,0.0
187,0.0
188,0.0
189,0.0
190,0.0
191,0.0
192,0.0
193,0.0
194,0.0
195,0.0
196,0.0
197,0.0
198,0.04248
199,0.13487000000000002
200,0.27361
201,0.46995
202,0.59538
203,0.6552
204,0.6633
205,0.49145999999999995
206,0.3441
207,0.28555
208,0.17287
209,0.01308
210,0.0
211,0.0
212,0.0
213,0.0
214,0.0
215,0.0
216,0.0
217,0.0
218,0.0
219,0.0
220,0.0
221,0.0
222,0.02857
223,0.17274
224,0.32097000000000003
225,0.44712999999999997
226,0.5919500000000001
227,0.64634
228,0.61453
229,0.44618
230,0.33299
231,0.30535
232,0.14999
233,0.01043
234,0.0
235,0.0
236,0.0
237,0.0
238,0.0
239,0.0
240,0.0
241,0.0
242,0.0
243,0.0
244,0.0
245,0.0
246,0.04195
247,0.2286
248,0.27599
249,0.37665
250,0.47774
251,0.58617
252,0.6429
253,0.53528
254,0.32929
255,0.30217
256,0.14343
257,0.01151
258,0.0
259,0.0
260,0.0
261,0.0
262,0.0
263,0.0
264,0.0
265,0.0
266,0.0
267,0.0
268,0.0
269,0.0
270,0.02428
271,0.20825
272,0.36633
273,0.5249400000000001
274,0.61845
275,0.6908
276,0.5948300000000001
277,0.57092
278,0.42729
279,0.30985
280,0.153
281,0.0103
282,0.0
283,0.0
284,0.0
285,0.0
286,0.0
287,0.0
288,0.0
289,0.0
290,0.0
291,0.0
292,0.0
293,0.0
294,0.03397
295,0.17089
296,0.33666
297,0.53924
298,0.5825499999999999
299,0.59809
300,0.64016
301,0.59373
302,0.49632
303,0.31885
304,0.13311
305,0.012230000000000001
306,0.0
307,0.0
308,0.0
309,0.0
310,0.0
311,0.0
312,0.0
313,0.0
314,0.0
315,0.0
316,0.0
317,0.0
318,0.04439
319,0.23404
320,0.41887
321,0.54273
322,0.5367999999999999
323,0.59385
324,0.5577300000000001
325,0.60561
326,0.51034
327,0.28699
328,0.18031999999999998
329,0.01418
330,0.0
331,0.0
332,0.0
333,0.0
334,0.0
335,0.0
336,0.0
337,0.0
338,0.0
339,0.0
340,0.0
341,0.0
342,0.04507
343,0.22437
344,0.42247
345,0.529
346,0.61242
347,0.68002
348,0.67103
349,0.61023
350,0.48777
351,0.33791000000000004
352,0.16218000000000002
353,0.013609999999999999
354,0.0
355,0.0
356,0.0
357,0.0
358,0.0
359,0.0
360,0.0
361,0.0
362,0.0
363,0.0
364,0.0
365,0.0
366,0.05089
367,0.24785
368,0.45371
369,0.5906699999999999
370,0.67452
371,0.64809
372,0.58451
373,0.53939
374,0.46206
375,0.3574
376,0.17794
377,0.016800000000000002
378,0.0
379,0.0
380,0.0
381,0.0
382,0.0
383,0.0
384,0.0
385,0.0
386,0.0
387,0.0
388,0.0
389,0.0
390,0.03018
391,0.17701
392,0.33382999999999996
393,0.35373000000000004
394,0.40084
395,0.40282
396,0.44872
397,0.39407
398,0.39212
399,0.31141
400,0.14427
401,0.01694
402,0.0
403,0.0
404,0.0
405,0.0
406,0.0
407,0.0
408,0.0
409,0.0
410,0.0
411,0.0
412,0.0
413,0.0
414,0.03582
415,0.23103
416,0.41131
417,0.52716
418,0.60911
419,0.66838
420,0.58109
421,0.5514600000000001
422,0.46314
423,0.33498
424,0.14543999999999999
425,0.01574
426,0.0
427,0.0
428,0.0
429,0.0
430,0.0
431,0.0
432,0.0
433,0.0
434,0.0
435,0.0
436,0.0
437,0.0
438,0.05356
439,0.25411
440,0.4086
441,0.57959
442,0.69882
443,0.6742100000000001
444,0.7363200000000001
445,0.6726
446,0.50136
447,0.38331
448,0.19111
449,0.01679
450,0.0
451,0.0
452,0.0
453,0.0
454,0.0
455,0.0
456,0.0
457,0.0
458,0.0
459,0.0
460,0.0
461,0.0
462,0.03694
463,0.23277
464,0.40556
465,0.45871
466,0.62351
467,0.6281100000000001
468,0.61866
469,0.62312
470,0.53339
471,0.34045
472,0.16333
473,0.01523
474,0.0
475,0.0
476,0.0
477,0.0
478,0.0
479,0.0
480,0.0
481,0.0
482,0.0
483,0.0
484,0.0
485,0.0
486,0.04728
487,0.27088
488,0.45224000000000003
489,0.61023
490,0.71427
491,0.72553
492,0.72212
493,0.65708
494,0.5767599999999999
495,0.41554
496,0.21007
497,0.02053
498,0.0
499,0.0
500,0.0
501,0.0
502,0.0
503,0.0
504,0.0
505,0.0
506,0.0
507,0.0
508,0.0
509,0.0
510,0.02166
511,0.18118
512,0.373
513,0.54915
514,0.65234
515,0.65935
516,0.71027
517,0.6191
518,0.5300199999999999
519,0.38575
520,0.1559
521,0.020390000000000002
522,0.0
523,0.0
524,0.0
525,0.0
526,0.0
527,0.0
528,0.0
529,0.0
530,0.0
531,0.0
532,0.0
533,0.0
534,0.02158
535,0.14334
536,0.23889
537,0.27696
538,0.22447
539,0.42619999999999997
540,0.5434500000000001
541,0.60724
542,0.50063
543,0.38891000000000003
544,0.18575999999999998
545,0.018420000000000002
546,0.0
547,0.0
548,0.0
549,0.0
550,0.0
551,0.0
552,0.0
553,0.0
554,0.0
555,0.0
556,0.0
557,0.0
558,0.0343
559,0.22637000000000002
560,0.42278
561,0.58099
562,0.6957899999999999
563,0.7055800000000001
564,0.68491
565,0.6579400000000001
566,0.5474199999999999
567,0.41592
568,0.20145
569,0.02094
570,0.0
571,0.0
572,0.0
573,0.0
574,0.0
575,0.0
576,0.0
577,0.0
578,0.0
579,0.0
580,0.0
581,0.0
582,0.04768
583,0.2641
584,0.45974
585,0.6115
586,0.70384
587,0.73258
588,0.66913
589,0.61075
590,0.54522
591,0.4098
592,0.21112999999999998
593,0.0219
594,0.0
595,0.0
596,0.0
597,0.0
598,0.0
599,0.0
600,0.0
601,0.0
602,0.0
603,0.0
604,0.0
605,0.0
606,0.052899999999999996
607,0.27659
608,0.46852999999999995
609,0.6231599999999999
610,0.73481
611,0.7829299999999999
612,0.76734
613,0.7061900000000001
614,0.58861
615,0.42395
616,0.22125
617,0.02797
618,0.0
619,0.0
620,0.0
621,0.0
622,0.0
623,0.0
624,0.0
625,0.0
626,0.0
627,0.0
628,0.0
629,0.0
630,0.04027
631,0.24415
632,0.46053
633,0.6218899999999999
634,0.72235
635,0.77525
636,0.7649900000000001
637,0.70731
638,0.59639
639,0.43407
640,0.22044999999999998
641,0.02823
642,0.0
643,0.0
644,0.0
645,0.0
646,0.0
647,0.0
648,0.0
649,0.0
650,0.0
651,0.0
652,0.0
653,0.0
654,0.049710000000000004
655,0.26950999999999997
656,0.46792
657,0.62987
658,0.73934
659,0.7841
660,0.77001
661,0.6979500000000001
662,0.59742
663,0.43463
664,0.22033000000000003
665,0.02902
666,0.0
667,0.0
668,0.0
669,0.0
670,0.0
671,0.0
672,0.0
673,0.0
674,0.0
675,0.0
676,0.0
677,0.0
678,0.04961
679,0.27188
680,0.47111000000000003
681,0.62605
682,0.73009
683,0.77298
684,0.76095
685,0.69897
686,0.58725
687,0.42484
688,0.21857
689,0.02877
690,0.0
691,0.0
692,0.0
693,0.0
694,0.0
695,0.0
696,0.0
697,0.0
698,0.0
699,0.0
700,0.0
701,0.0
702,0.048299999999999996
703,0.26711
704,0.46304
705,0.6167100000000001
706,0.7255499999999999
707,0.7689400000000001
708,0.75901
709,0.6966100000000001
710,0.58584
711,0.42398
712,0.21715
713,0.02876
714,0.0
715,0.0
716,0.0
717,0.0
718,0.0
719,0.0
720,0.0
721,0.0
722,0.0
723,0.0
724,0.0
725,0.0
726,0.048659999999999995
727,0.26659
728,0.45524000000000003
729,0.6301
730,0.72709
731,0.69821
732,0.76513
733,0.70657
734,0.5753400000000001
735,0.42435
736,0.22674
737,0.02981
738,0.0
739,0.0
740,0.0
741,0.0
742,0.0
743,0.0
744,0.0
745,0.0
746,0.0
747,0.0
748,0.0
749,0.0
750,0.04979
751,0.27512000000000003
752,0.47079000000000004
753,0.6305700000000001
754,0.7336699999999999
755,0.76152
756,0.7827200000000001
757,0.68508
758,0.60072
759,0.43195999999999996
760,0.22297999999999998
761,0.02933
762,0.0
763,0.0
764,0.0
765,0.0
766,0.0
767,0.0
768,0.0
769,0.0
770,0.0
771,0.0
772,0.0
773,0.0
774,0.04814
775,0.26542
776,0.47252999999999995
777,0.6253
778,0.73727
779,0.78215
780,0.77503
781,0.7133700000000001
782,0.5869800000000001
783,0.43066000000000004
784,0.22405
785,0.030420000000000003
786,0.0
787,0.0
788,0.0
789,0.0
790,0.0
791,0.0
792,0.0
793,0.0
794,0.0
795,0.0
796,0.0
797,0.0
798,0.047869999999999996
799,0.25758
800,0.46802999999999995
801,0.62074
802,0.72064
803,0.76054
804,0.75137
805,0.6872
806,0.57721
807,0.41881999999999997
808,0.21896000000000002
809,0.02903
810,0.0
811,0.0
812,0.0
813,0.0
814,0.0
815,0.0
816,0.0
817,0.0
818,0.0
819,0.0
820,0.0
821,0.0
822,0.03971
823,0.24775
824,0.45280000000000004
825,0.61605
826,0.69797
827,0.7487
828,0.74562
829,0.69867
830,0.57855
831,0.4027
832,0.22234
833,0.02899
834,0.0
835,0.0
836,0.0
837,0.0
838,0.0
839,0.0
840,0.0
841,0.0
842,0.0
843,0.0
844,0.0
845,0.0
846,0.03375
847,0.22013
848,0.40403
849,0.54537
850,0.63447
851,0.64176
852,0.6797300000000001
853,0.64028
854,0.50907
855,0.34338
856,0.21547999999999998
857,0.027710000000000002
858,0.0
859,0.0
860,0.0
861,0.0
862,0.0
863,0.0
864,0.0
865,0.0
866,0.0
867,0.0
868,0.0
869,0.0
870,0.034659999999999996
871,0.19272
872,0.43197
873,0.57149
874,0.68269
875,0.72104
876,0.65562
877,0.6237999999999999
878,0.5639299999999999
879,0.38980000000000004
880,0.18209
881,0.02556
882,0.0
883,0.0
884,0.0
885,0.0
886,0.0
887,0.0
888,0.0
889,0.0
890,0.0
891,0.0
892,0.0
893,0.0
894,0.02472
895,0.1217
896,0.29667
897,0.46159
898,0.6527200000000001
899,0.69713
900,0.53525
901,0.46270999999999995
902,0.38027999999999995
903,0.23905
904,0.20893
905,0.0273
906,0.0
907,0.0
908,0.0
909,0.0
910,0.0
911,0.0
912,0.0
913,0.0
914,0.0
915,0.0
916,0.0
917,0.0
918,0.031039999999999998
919,0.2508
920,0.45365
921,0.60434
922,0.71547
923,0.71723
924,0.73123
925,0.44295
926,0.39348
927,0.31306
928,0.18149
929,0.027190000000000002
930,0.0
931,0.0
932,0.0
933,0.0
934,0.0
935,0.0
936,0.0
937,0.0
938,0.0
939,0.0
940,0.0
941,0.0
942,0.03773
943,0.22219999999999998
944,0.34322
945,0.4188
946,0.53519
947,0.5929800000000001
948,0.69153
949,0.68131
950,0.51391
951,0.36815
952,0.17815
953,0.02249
954,0.0
955,0.0
956,0.0
957,0.0
958,0.0
959,0.0
960,0.0
961,0.0
962,0.0
963,0.0
964,0.0
965,0.0
966,0.03417
967,0.21242
968,0.35314999999999996
969,0.49657
970,0.57026
971,0.69647
972,0.6728999999999999
973,0.64671
974,0.47451
975,0.32577
976,0.17918
977,0.01524
978,0.0
979,0.0
980,0.0
981,0.0
982,0.0
983,0.0
984,0.0
985,0.0
986,0.0
987,0.0
988,0.0
989,0.0
990,0.03628
991,0.1832
992,0.37383
993,0.5769500000000001
994,0.59851
995,0.5424500000000001
996,0.55073
997,0.39212
998,0.38779
999,0.22358
1000,0.14917
1001,0.019850000000000003
1002,0.0
1003,0.0
1004,0.0
1005,0.0
1006,0.0
1007,0.0
1008,0.0
1009,0.0
1010,0.0
1011,0.0
1012,0.0
1013,0.0
1014,0.03532
1015,0.2008
1016,0.35370999999999997
1017,0.5278099999999999
1018,0.5488099999999999
1019,0.5738300000000001
1020,0.40494
1021,0.56144
1022,0.4899
1023,0.3088
1024,0.14626
1025,0.028120000000000003
1026,0.0
1027,0.0
1028,0.0
1029,0.0
1030,0.0
1031,0.0
1032,0.0
1033,0.0
1034,0.0
1035,0.0
1036,0.0
1037,0.0
1038,0.026199999999999998
1039,0.1741
1040,0.328
1041,0.4299
1042,0.59615
1043,0.65301
1044,0.56644
1045,0.39726999999999996
1046,0.35231999999999997
1047,0.2019
1048,0.12664
1049,0.02237
1050,0.0
1051,0.0
1052,0.0
1053,0.0
1054,0.0
1055,0.0
1056,0.0
1057,0.0
1058,0.0
1059,0.0
1060,0.0
1061,0.0
1062,0.03028
1063,0.18912
1064,0.21222
1065,0.39424000000000003
1066,0.46553
1067,0.6622
1068,0.68862
1069,0.6020399999999999
1070,0.5169199999999999
1071,0.36489
1072,0.13013999999999998
1073,0.01652
1074,0.0
1075,0.0
1076,0.0
1077,0.0
1078,0.0
1079,0.0
1080,0.0
1081,0.0
1082,0.0
1083,0.0
1084,0.0
1085,0.0
1086,0.02316
1087,0.19246000000000002
1088,0.4151
1089,0.578
1090,0.67429
1091,0.68016
1092,0.6379199999999999
1093,0.5805800000000001
1094,0.50992
1095,0.34323000000000004
1096,0.15638999999999997
1097,0.026109999999999998
1098,0.0
1099,0.0
1100,0.0
1101,0.0
1102,0.0
1103,0.0
1104,0.0
1105,0.0
1106,0.0
1107,0.0
1108,0.0
1109,0.0
1110,0.030289999999999997
1111,0.18208000000000002
1112,0.37566000000000005
1113,0.5357999999999999
1114,0.6078
1115,0.69723
1116,0.6527999999999999
1117,0.5142599999999999
1118,0.39341000000000004
1119,0.31749
1120,0.1371
1121,0.02212
1122,0.0
1123,0.0
1124,0.0
1125,0.0
1126,0.0
1127,0.0
1128,0.0
1129,0.0
1130,0.0
1131,0.0
1132,0.0
1133,0.0
1134,0.02525
1135,0.13271
1136,0.38333
1137,0.50173
1138,0.71887
1139,0.76397
1140,0.70466
1141,0.64016
1142,0.48889
1143,0.21353
1144,0.15854
1145,0.01779
1146,0.0
1147,0.0
1148,0.0
1149,0.0
1150,0.0
1151,0.0
1152,0.0
1153,0.0
1154,0.0
1155,0.0
1156,0.0
1157,0.0
1158,0.02921
1159,0.13683
1160,0.25681
1161,0.54788
1162,0.59461
1163,0.6046900000000001
1164,0.55387
1165,0.5834900000000001
1166,0.44668
1167,0.35746
1168,0.19003
1169,0.02809
1170,0.0
1171,0.0
1172,0.0
1173,0.0
1174,0.0
1175,0.0
1176,0.0
1177,0.0
1178,0.0
1179,0.0
1180,0.0
1181,0.0
1182,0.04247
1183,0.25627
1184,0.44325
1185,0.63005
1186,0.73782
1187,0.76313
1188,0.76923
1189,0.6964
1190,0.5449700000000001
1191,0.39215
1192,0.21716999999999997
1193,0.027829999999999997
1194,0.0
1195,0.0
1196,0.0
1197,0.0
1198,0.0
1199,0.0
1200,0.0
1201,0.0
1202,0.0
1203,0.0
1204,0.0
1205,0.0
1206,0.03538
1207,0.24246
1208,0.4497
1209,0.61156
1210,0.72076
1211,0.77511
1212,0.74687
1213,0.64228
1214,0.50941
1215,0.36310000000000003
1216,0.16732
1217,0.02878
1218,0.0
1219,0.0
1220,0.0
1221,0.0
1222,0.0
1223,0.0
1224,0.0
1225,0.0
1226,0.0
1227,0.0
1228,0.0
1229,0.0
1230,0.02777
1231,0.20535
1232,0.35145
1233,0.5414500000000001
1234,0.6712
1235,0.63679
1236,0.53738
1237,0.53685
1238,0.38739
1239,0.2538
1240,0.10973999999999999
1241,0.022850000000000002
1242,0.0
1243,0.0
1244,0.0
1245,0.0
1246,0.0
1247,0.0
1248,0.0
1249,0.0
1250,0.0
1251,0.0
1252,0.0
1253,0.0
1254,0.032369999999999996
1255,0.20832
1256,0.28607
1257,0.50657
1258,0.7079
1259,0.7351
1260,0.73793
1261,0.693
1262,0.53935
1263,0.37461
1264,0.18706
1265,0.02973
1266,0.0
1267,0.0
1268,0.0
1269,0.0
1270,0.0
1271,0.0
1272,0.0
1273,0.0
1274,0.0
1275,0.0
1276,0.0
1277,0.0
1278,0.04575
1279,0.26788999999999996
1280,0.46102
1281,0.62486
1282,0.72953
1283,0.78013
1284,0.7676799999999999
1285,0.6842999999999999
1286,0.59187
1287,0.42862
1288,0.22094
1289,0.02891
1290,0.0
1291,0.0
1292,0.0
1293,0.0
1294,0.0
1295,0.0
1296,0.0
1297,0.0
1298,0.0
1299,0.0
1300,0.0
1301,0.0
1302,0.04654
1303,0.26748
1304,0.46974
1305,0.60656
1306,0.6989500000000001
1307,0.72717
1308,0.70073
1309,0.66685
1310,0.564
1311,0.40970999999999996
1312,0.21857
1313,0.027690000000000003
1314,0.0
1315,0.0
1316,0.0
1317,0.0
1318,0.0
1319,0.0
1320,0.0
1321,0.0
1322,0.0
1323,0.0
1324,0.0
1325,0.0
1326,0.04879
1327,0.26335000000000003
1328,0.45776
1329,0.6134299999999999
1330,0.7260700000000001
1331,0.76477
1332,0.7512000000000001
1333,0.6944600000000001
1334,0.55844
1335,0.42292
1336,0.19923
1337,0.02766
1338,0.0
1339,0.0
1340,0.0
1341,0.0
1342,0.0
1343,0.0
1344,0.0
1345,0.0
1346,0.0
1347,0.0
1348,0.0
1349,0.0
1350,0.05208
1351,0.25065
1352,0.43276
1353,0.5921799999999999
1354,0.70784
1355,0.7524400000000001
1356,0.70431
1357,0.5815
1358,0.48724
1359,0.29935
1360,0.0815
1361,0.01694
1362,0.0
1363,0.0
1364,0.0
1365,0.0
1366,0.0
1367,0.0
1368,0.0
1369,0.0
1370,0.0
1371,0.0
1372,0.0
1373,0.0
1374,0.04266
1375,0.20862
1376,0.36765
1377,0.44426
1378,0.5976
1379,0.7011499999999999
1380,0.65104
1381,0.59226
1382,0.48983
1383,0.32837
1384,0.11827
1385,0.01044
1386,0.0
1387,0.0
1388,0.0
1389,0.0
1390,0.0
1391,0.0
1392,0.0
1393,0.0
1394,0.0
1395,0.0
1396,0.0
1397,0.0
1398,0.04022
1399,0.19715
1400,0.28366
1401,0.42358999999999997
1402,0.55531
1403,0.56702
1404,0.52161
1405,0.53662
1406,0.4562
1407,0.34925
1408,0.12632
1409,0.01247
1410,0.0
1411,0.0
1412,0.0
1413,0.0
1414,0.0
1415,0.0
1416,0.0
1417,0.0
1418,0.0
1419,0.0
1420,0.0
1421,0.0
1422,0.03854
1423,0.19413
1424,0.39458
1425,0.50859
1426,0.64578
1427,0.54812
1428,0.49257
1429,0.36267
1430,0.28223000000000004
1431,0.20374
1432,0.11761
1433,0.02094
1434,0.0
1435,0.0
1436,0.0
1437,0.0
1438,0.0
1439,0.0
1440,0.0
1441,0.0
1442,0.0
1443,0.0
1444,0.0
1445,0.0
1446,0.03786
1447,0.20393
1448,0.34274
1449,0.45589999999999997
1450,0.64263
1451,0.65688
1452,0.6406000000000001
1453,0.43332
1454,0.40639
1455,0.35445
1456,0.14682
1457,0.02168
1458,0.0
1459,0.0
1460,0.0
1461,0.0
1462,0.0
1463,0.0
1464,0.0
1465,0.0
1466,0.0
1467,0.0
1468,0.0
1469,0.0
1470,0.02289
1471,0.17485
1472,0.26858
1473,0.36783
1474,0.49265
1475,0.45946
1476,0.50397
1477,0.47842
1478,0.46272
1479,0.32494
1480,0.14739
1481,0.01871
1482,0.0
1483,0.0
1484,0.0
1485,0.0
1486,0.0
1487,0.0
1488,0.0
1489,0.0
1490,0.0
1491,0.0
1492,0.0
1493,0.0
1494,0.0254
1495,0.10547
1496,0.15681
1497,0.29866000000000004
1498,0.39333999999999997
1499,0.5268999999999999
1500,0.57067
1501,0.42371
1502,0.51881
1503,0.32787
1504,0.17586000000000002
1505,0.018269999999999998
1506,0.0
1507,0.0
1508,0.0
1509,0.0
1510,0.0
1511,0.0
1512,0.0
1513,0.0
1514,0.0
1515,0.0
1516,0.0
1517,0.0
1518,0.027149999999999997
1519,0.07931999999999999
1520,0.17865999999999999
1521,0.27437
1522,0.62439
1523,0.66164
1524,0.6676
1525,0.40712
1526,0.41293
1527,0.26468
1528,0.11932999999999999
1529,0.018789999999999998
1530,0.0
1531,0.0
1532,0.0
1533,0.0
1534,0.0
1535,0.0
1536,0.0
1537,0.0
1538,0.0
1539,0.0
1540,0.0
1541,0.0
1542,0.0415
1543,0.20244
1544,0.29608
1545,0.43791
1546,0.5346000000000001
1547,0.55395
1548,0.49794
1549,0.5385800000000001
1550,0.51038
1551,0.29348
1552,0.12622
1553,0.02221
1554,0.0
1555,0.0
1556,0.0
1557,0.0
1558,0.0
1559,0.0
1560,0.0
1561,0.0
1562,0.0
1563,0.0
1564,0.0
1565,0.0
1566,0.049909999999999996
1567,0.25022
1568,0.42046
1569,0.5891900000000001
1570,0.54111
1571,0.6041
1572,0.5808300000000001
1573,0.5674199999999999
1574,0.44919
1575,0.24806999999999998
1576,0.11696
1577,0.016149999999999998
1578,0.0
1579,0.0
1580,0.0
1581,0.0
1582,0.0
1583,0.0
1584,0.0
1585,0.0
1586,0.0
1587,0.0
1588,0.0
1589,0.0
1590,0.01422
1591,0.08034999999999999
1592,0.14848
1593,0.21997
1594,0.27523000000000003
1595,0.23287
1596,0.35534
1597,0.44010000000000005
1598,0.46474
1599,0.33720999999999995
1600,0.16337000000000002
1601,0.026600000000000002
1602,0.0
1603,0.0
1604,0.0
1605,0.0
1606,0.0
1607,0.0
1608,0.0
1609,0.0
1610,0.0
1611,0.0
1612,0.0
1613,0.0
1614,0.03915
1615,0.19949
1616,0.32980000000000004
1617,0.5255599999999999
1618,0.6011799999999999
1619,0.5411
1620,0.51849
1621,0.19222999999999998
1622,0.26488
1623,0.18491
1624,0.14881999999999998
1625,0.01667
1626,0.0
1627,0.0
1628,0.0
1629,0.0
1630,0.0
1631,0.0
1632,0.0
1633,0.0
1634,0.0
1635,0.0
1636,0.0
1637,0.0
1638,0.01506
1639,0.12526
1640,0.31117
1641,0.35956
1642,0.29102
1643,0.41979
1644,0.42077
1645,0.58512
1646,0.48354
1647,0.34847
1648,0.17192
1649,0.020370000000000003
1650,0.0
1651,0.0
1652,0.0
1653,0.0
1654,0.0
1655,0.0
1656,0.0
1657,0.0
1658,0.0
1659,0.0
1660,0.0
1661,0.0
1662,0.01533
1663,0.08764
1664,0.12376000000000001
1665,0.16608
1666,0.24145
1667,0.22299000000000002
1668,0.23109
1669,0.17171
1670,0.26177
1671,0.07561
1672,0.02843
1673,0.00211
1674,0.0
1675,0.0
1676,0.0
1677,0.0
1678,0.0
1679,0.0
1680,0.0
1681,0.0
1682,0.0
1683,0.0
1684,0.0
1685,0.0
1686,0.01497
1687,0.13112000000000001
1688,0.242
1689,0.17514
1690,0.26056
1691,0.37204000000000004
1692,0.29925999999999997
1693,0.18834
1694,0.2093
1695,0.1739
1696,0.12161
1697,0.0125
1698,0.0
1699,0.0
1700,0.0
1701,0.0
1702,0.0
1703,0.0
1704,0.0
1705,0.0
1706,0.0
1707,0.0
1708,0.0
1709,0.0
1710,0.00945
1711,0.06891
1712,0.18141
1713,0.40792
1714,0.59172
1715,0.62497
1716,0.62434
1717,0.5963999999999999
1718,0.51154
1719,0.36381
1720,0.15400999999999998
1721,0.01337
1722,0.0
1723,0.0
1724,0.0
1725,0.0
1726,0.0
1727,0.0
1728,0.0
1729,0.0
1730,0.0
1731,0.0
1732,0.0
1733,0.0
1734,0.05631
1735,0.23385
1736,0.44311
1737,0.57189
1738,0.66974
1739,0.71481
1740,0.69169
1741,0.5599500000000001
1742,0.47843
1743,0.27818
1744,0.16455
1745,0.01794
1746,0.0
1747,0.0
1748,0.0
1749,0.0
1750,0.0
1751,0.0
1752,0.0
1753,0.0
1754,0.0
1755,0.0
1756,0.0
1757,0.0
1758,0.05291
1759,0.20142
1760,0.37564
1761,0.5598500000000001
1762,0.71614
1763,0.76155
1764,0.6145900000000001
1765,0.62212
1766,0.43507999999999997
1767,0.30308999999999997
1768,0.12397
1769,0.014029999999999999
1770,0.0
1771,0.0
1772,0.0
1773,0.0
1774,0.0
1775,0.0
1776,0.0
1777,0.0
1778,0.0
1779,0.0
1780,0.0
1781,0.0
1782,0.04299
1783,0.24674000000000001
1784,0.36852999999999997
1785,0.5916399999999999
1786,0.70711
1787,0.71596
1788,0.6265599999999999
1789,0.6495599999999999
1790,0.5634199999999999
1791,0.33922
1792,0.18342
1793,0.01788
1794,0.0
1795,0.0
1796,0.0
1797,0.0
1798,0.0
1799,0.0
1800,0.0
1801,0.0
1802,0.0
1803,0.0
1804,0.0
1805,0.0
1806,0.05128
1807,0.22100999999999998
1808,0.40645
1809,0.5494600000000001
1810,0.54053
1811,0.67498
1812,0.65599
1813,0.47881
1814,0.34223000000000003
1815,0.21783000000000002
1816,0.12334999999999999
1817,0.01279
1818,0.0
1819,0.0
1820,0.0
1821,0.0
1822,0.0
1823,0.0
1824,0.0
1825,0.0
1826,0.0
1827,0.0
1828,0.0
1829,0.0
1830,0.046619999999999995
1831,0.19906000000000001
1832,0.27625
1833,0.5482
1834,0.6995
1835,0.72397
1836,0.76213
1837,0.68964
1838,0.51397
1839,0.34907
1840,0.1787
1841,0.01717
1842,0.0
1843,0.0
1844,0.0
1845,0.0
1846,0.0
1847,0.0
1848,0.0
1849,0.0
1850,0.0
1851,0.0
1852,0.0
1853,0.0
1854,0.06117
1855,0.25495
1856,0.42335
1857,0.5721
1858,0.7236699999999999
1859,0.72313
1860,0.7279800000000001
1861,0.64339
1862,0.46870999999999996
1863,0.36058999999999997
1864,0.14811000000000002
1865,0.01838
1866,0.0
1867,0.0
1868,0.0
1869,0.0
1870,0.0
1871,0.0
1872,0.0
1873,0.0
1874,0.0
1875,0.0
1876,0.0
1877,0.0
1878,0.028300000000000002
1879,0.13405
1880,0.26683
1881,0.39119
1882,0.54734
1883,0.6669400000000001
1884,0.67264
1885,0.5692200000000001
1886,0.5041100000000001
1887,0.29452999999999996
1888,0.1616
1889,0.022359999999999998
1890,0.0
1891,0.0
1892,0.0
1893,0.0
1894,0.0
1895,0.0
1896,0.0
1897,0.0
1898,0.0
1899,0.0
1900,0.0
1901,0.0
1902,0.055
1903,0.20366
1904,0.37922
1905,0.63652
1906,0.7413
1907,0.79437
1908,0.70131
1909,0.52696
1910,0.45792
1911,0.26398
1912,0.12968000000000002
1913,0.01109
1914,0.0
1915,0.0
1916,0.0
1917,0.0
1918,0.0
1919,0.0
1920,0.0
1921,0.0
1922,0.0
1923,0.0
1924,0.0
1925,0.0
1926,0.05163
1927,0.20337
1928,0.37879
1929,0.55232
1930,0.61725
1931,0.72939
1932,0.6862699999999999
1933,0.48915
1934,0.47435000000000005
1935,0.26986
1936,0.14779
1937,0.01349
1938,0.0
1939,0.0
1940,0.0
1941,0.0
1942,0.0
1943,0.0
1944,0.0
1945,0.0
1946,0.0
1947,0.0
1948,0.0
1949,0.0
1950,0.031059999999999997
1951,0.12695
1952,0.22068000000000002
1953,0.38380000000000003
1954,0.6239
1955,0.61499
1956,0.70251
1957,0.5899
1958,0.44729
1959,0.27961
1960,0.0884
1961,0.00417
1962,0.0
1963,0.0
1964,0.0
1965,0.0
1966,0.0
1967,0.0
1968,0.0
1969,0.0
1970,0.0
1971,0.0
1972,0.0
1973,0.0
1974,0.00587
1975,0.03501
1976,0.07147
1977,0.17154
1978,0.30377
1979,0.42041
1980,0.46529000000000004
1981,0.57352
1982,0.36959
1983,0.36907
1984,0.14007
1985,0.01315
1986,0.0
1987,0.0
1988,0.0
1989,0.0
1990,0.0
1991,0.0
1992,0.0
1993,0.0
1994,0.0
1995,0.0
1996,0.0
1997,0.0
1998,0.01419
1999,0.09885
2000,0.19166
2001,0.21878999999999998
2002,0.26406
2003,0.31731
2004,0.33727999999999997
2005,0.31829
2006,0.2596
2007,0.21266
2008,0.10137
2009,0.01055
2010,0.0
2011,0.0
2012,0.0
2013,0.0
2014,0.0
2015,0.0
2016,0.0
2017,0.0
2018,0.0
2019,0.0
2020,0.0
2021,0.0
2022,0.048420000000000005
2023,0.22669999999999998
2024,0.39962000000000003
2025,0.57457
2026,0.52416
2027,0.61583
2028,0.68935
2029,0.515
2030,0.50275
2031,0.34262
2032,0.16952
2033,0.01478
2034,0.0
2035,0.0
2036,0.0
2037,0.0
2038,0.0
2039,0.0
2040,0.0
2041,0.0
2042,0.0
2043,0.0
2044,0.0
2045,0.0
2046,0.04307
2047,0.21691
2048,0.31139999999999995
2049,0.48714999999999997
2050,0.39491000000000004
2051,0.49378
2052,0.43827
2053,0.46368
2054,0.42396
2055,0.31393
2056,0.15513
2057,0.00906
2058,0.0
2059,0.0
2060,0.0
2061,0.0
2062,0.0
2063,0.0
2064,0.0
2065,0.0
2066,0.0
2067,0.0
2068,0.0
2069,0.0
2070,0.05946
2071,0.21637
2072,0.36805
2073,0.46845
2074,0.5932000000000001
2075,0.6419
2076,0.6779400000000001
2077,0.5638
2078,0.36275
2079,0.25816
2080,0.13566
2081,0.015
2082,0.0
2083,0.0
2084,0.0
2085,0.0
2086,0.0
2087,0.0
2088,0.0
2089,0.0
2090,0.0
2091,0.0
2092,0.0
2093,0.0
2094,0.0218
2095,0.13724
2096,0.19498
2097,0.26150999999999996
2098,0.37279
2099,0.43638
2100,0.48143
2101,0.48662
2102,0.35893
2103,0.23258
2104,0.13601
2105,0.01753
2106,0.0
2107,0.0
2108,0.0
2109,0.0
2110,0.0
2111,0.0
2112,0.0
2113,0.0
2114,0.0
2115,0.0
2116,0.0
2117,0.0
2118,0.06453
2119,0.21131
2120,0.30801
2121,0.44929
2122,0.6103200000000001
2123,0.55624
2124,0.5757000000000001
2125,0.5378099999999999
2126,0.43667
2127,0.31659
2128,0.13338999999999998
2129,0.010539999999999999
2130,0.0
2131,0.0
2132,0.0
2133,0.0
2134,0.0
2135,0.0
2136,0.0
2137,0.0
2138,0.0
2139,0.0
2140,0.0
2141,0.0
2142,0.016730000000000002
2143,0.06841
2144,0.18255000000000002
2145,0.29689
2146,0.36121
2147,0.5221699999999999
2148,0.481
2149,0.5417000000000001
2150,0.44216
2151,0.24391
2152,0.10801000000000001
2153,0.01433
2154,0.0
2155,0.0
2156,0.0
2157,0.0
2158,0.0
2159,0.0
2160,0.0
2161,0.0
2162,0.0
2163,0.0
2164,0.0
2165,0.0
2166,0.02149
2167,0.13988
2168,0.25468999999999997
2169,0.4107
2170,0.54765
2171,0.49449
2172,0.47687
2173,0.37721
2174,0.37132
2175,0.2241
2176,0.07031
2177,0.0077800000000000005
2178,0.0
2179,0.0
2180,0.0
2181,0.0
2182,0.0
2183,0.0
2184,0.0
2185,0.0
2186,0.0
2187,0.0
2188,0.0
2189,0.0
2190,0.03658
2191,0.12784
2192,0.29595
2193,0.34394
2194,0.3993
2195,0.5278099999999999
2196,0.43582
2197,0.40786
2198,0.37016000000000004
2199,0.23608
2200,0.09293000000000001
2201,0.01199
2202,0.0
2203,0.0
2204,0.0
2205,0.0
2206,0.0
2207,0.0
2208,0.0
2209,0.0
2210,0.0
2211,0.0
2212,0.0
2213,0.0
2214,0.06263
2215,0.28257
2216,0.46301
2217,0.5988600000000001
2218,0.6967000000000001
2219,0.71309
2220,0.69765
2221,0.58465
2222,0.47714999999999996
2223,0.35454
2224,0.15166
2225,0.01175
2226,0.0
2227,0.0
2228,0.0
2229,0.0
2230,0.0
2231,0.0
2232,0.0
2233,0.0
2234,0.0
2235,0.0
2236,0.0
2237,0.0
2238,0.06817000000000001
2239,0.25399
2240,0.43777999999999995
2241,0.56813
2242,0.61276
2243,0.57387
2244,0.65119
2245,0.60246
2246,0.48765
2247,0.27904
2248,0.11162000000000001
2249,0.0103
2250,0.0
2251,0.0
2252,0.0
2253,0.0
2254,0.0
2255,0.0
2256,0.0
2257,0.0
2258,0.0
2259,0.0
2260,0.0
2261,0.0
2262,0.07619
2263,0.25864
2264,0.42013
2265,0.49386
2266,0.60838
2267,0.63273
2268,0.71957
2269,0.48319999999999996
2270,0.32929
2271,0.2061
2272,0.12899000000000002
2273,0.009710000000000002
2274,0.0
2275,0.0
2276,0.0
2277,0.0
2278,0.0
2279,0.0
2280,0.0
2281,0.0
2282,0.0
2283,0.0
2284,0.0
2285,0.0
2286,0.05258
2287,0.16179
2288,0.31733
2289,0.37931
2290,0.47316
2291,0.57787
2292,0.53001
2293,0.47576999999999997
2294,0.37551
2295,0.28388
2296,0.11749
2297,0.01311
2298,0.0
2299,0.0
2300,0.0
2301,0.0
2302,0.0
2303,0.0
2304,0.0
2305,0.0
2306,0.0
2307,0.0
2308,0.0
2309,0.0
2310,0.030010000000000002
2311,0.14382
2312,0.30998000000000003
2313,0.35425999999999996
2314,0.37875
2315,0.38159
2316,0.34758
2317,0.18803999999999998
2318,0.30516000000000004
2319,0.18956
2320,0.11176
2321,0.0072699999999999996
2322,0.0
2323,0.0
2324,0.0
2325,0.0
2326,0.0
2327,0.0
2328,0.0
2329,0.0
2330,0.0
2331,0.0
2332,0.0
2333,0.0
2334,0.02877
2335,0.109
2336,0.31889999999999996
2337,0.4016
2338,0.42393000000000003
2339,0.31975
2340,0.3449
2341,0.24517
2342,0.19799
2343,0.14406
2344,0.041530000000000004
2345,0.0035099999999999997
2346,0.0
2347,0.0
2348,0.0
2349,0.0
2350,0.0
2351,0.0
2352,0.0
2353,0.0
2354,0.0
2355,0.0
2356,0.0
2357,0.0
2358,0.02816
2359,0.09173
2360,0.1351
2361,0.26486000000000004
2362,0.27444
2363,0.26556
2364,0.37824
2365,0.26387
2366,0.37426
2367,0.23026
2368,0.11215
2369,0.00864
2370,0.0
2371,0.0
2372,0.0
2373,0.0
2374,0.0
2375,0.0
2376,0.0
2377,0.0
2378,0.0
2379,0.0
2380,0.0
2381,0.0
2382,0.05962
2383,0.17361000000000001
2384,0.35384
2385,0.43372000000000005
2386,0.59109
2387,0.6333200000000001
2388,0.59429
2389,0.52527
2390,0.43779
2391,0.28226999999999997
2392,0.14312
2393,0.00939
2394,0.0
2395,0.0
2396,0.0
2397,0.0
2398,0.0
2399,0.0
2400,0.0
2401,0.0
2402,0.0
2403,0.0
2404,0.0
2405,0.0
2406,0.07029
2407,0.23183
2408,0.44203
2409,0.53573
2410,0.62124
2411,0.66006
2412,0.6115499999999999
2413,0.5165
2414,0.32703
2415,0.21828
2416,0.1169
2417,0.00831
2418,0.0
2419,0.0
2420,0.0
2421,0.0
2422,0.0
2423,0.0
2424,0.0
2425,0.0
2426,0.0
2427,0.0
2428,0.0
2429,0.0
2430,0.049640000000000004
2431,0.19479
2432,0.33694
2433,0.33499
2434,0.39615
2435,0.4059
2436,0.27051
2437,0.44679
2438,0.32280000000000003
2439,0.26106999999999997
2440,0.12359
2441,0.01502
2442,0.0
2443,0.0
2444,0.0
2445,0.0
2446,0.0
2447,0.0
2448,0.0
2449,0.0
2450,0.0
2451,0.0
2452,0.0
2453,0.0
2454,0.07693000000000001
2455,0.26997000000000004
2456,0.42907999999999996
2457,0.55249
2458,0.63889
2459,0.68398
2460,0.68145
2461,0.5942200000000001
2462,0.42052
2463,0.32500999999999997
2464,0.13068000000000002
2465,0.01554
2466,0.0
2467,0.0
2468,0.0
2469,0.0
2470,0.0
2471,0.0
2472,0.0
2473,0.0
2474,0.0
2475,0.0
2476,0.0
2477,0.0
2478,0.08120000000000001
2479,0.27538
2480,0.44077
2481,0.56578
2482,0.6639299999999999
2483,0.66584
2484,0.68061
2485,0.58711
2486,0.47425
2487,0.29481999999999997
2488,0.1455
2489,0.01367
2490,0.0
2491,0.0
2492,0.0
2493,0.0
2494,0.0
2495,0.0
2496,0.0
2497,0.0
2498,0.0
2499,0.0
2500,0.0
2501,0.0
2502,0.07557
2503,0.22888
2504,0.42051
2505,0.5270199999999999
2506,0.58751
2507,0.67723
2508,0.67018
2509,0.55276
2510,0.457
2511,0.29535
2512,0.13156
2513,0.00732
2514,0.0
2515,0.0
2516,0.0
2517,0.0
2518,0.0
2519,0.0
2520,0.0
2521,0.0
2522,0.0
2523,0.0
2524,0.0
2525,0.0
2526,0.04178
2527,0.1163
2528,0.17343
2529,0.22886
2530,0.31123
2531,0.53037
2532,0.57874
2533,0.37333999999999995
2534,0.36822000000000005
2535,0.2502
2536,0.06352000000000001
2537,0.00597
2538,0.0
2539,0.0
2540,0.0
2541,0.0
2542,0.0
2543,0.0
2544,0.0
2545,0.0
2546,0.0
2547,0.0
2548,0.0
2549,0.0
2550,0.06692000000000001
2551,0.23068
2552,0.41076
2553,0.52724
2554,0.5607300000000001
2555,0.6278400000000001
2556,0.43328
2557,0.5077
2558,0.32342000000000004
2559,0.18481
2560,0.09973
2561,0.010960000000000001
2562,0.0
2563,0.0
2564,0.0
2565,0.0
2566,0.0
2567,0.0
2568,0.0
2569,0.0
2570,0.0
2571,0.0
2572,0.0
2573,0.0
2574,0.05343
2575,0.19347
2576,0.33863
2577,0.48036
2578,0.49989999999999996
2579,0.40387
2580,0.38497000000000003
2581,0.20915
2582,0.26045999999999997
2583,0.18330000000000002
2584,0.08437
2585,0.01159
2586,0.0
2587,0.0
2588,0.0
2589,0.0
2590,0.0
2591,0.0
2592,0.0
2593,0.0
2594,0.0
2595,0.0
2596,0.0
2597,0.0
2598,0.05368
2599,0.2081
2600,0.306
2601,0.37226
2602,0.46932
2603,0.57133
2604,0.50026
2605,0.36815
2606,0.38125
2607,0.27676
2608,0.13815
2609,0.01081
2610,0.0
2611,0.0
2612,0.0
2613,0.0
2614,0.0
2615,0.0
2616,0.0
2617,0.0
2618,0.0
2619,0.0
2620,0.0
2621,0.0
2622,0.069
2623,0.21434999999999998
2624,0.3225
2625,0.51567
2626,0.39594999999999997
2627,0.56378
2628,0.4938
2629,0.44839
2630,0.42408999999999997
2631,0.24975
2632,0.11993000000000001
2633,0.00922
2634,0.0
2635,0.0
2636,0.0
2637,0.0
2638,0.0
2639,0.0
2640,0.0
2641,0.0
2642,0.0
2643,0.0
2644,0.0
2645,0.0
2646,0.05578
2647,0.19732
2648,0.37555
2649,0.50593
2650,0.5685399999999999
2651,0.50305
2652,0.55406
2653,0.38486000000000004
2654,0.42752999999999997
2655,0.20513
2656,0.07679000000000001
2657,0.00767
2658,0.0
2659,0.0
2660,0.0
2661,0.0
2662,0.0
2663,0.0
2664,0.0
2665,0.0
2666,0.0
2667,0.0
2668,0.0
2669,0.0
2670,0.04836
2671,0.1023
2672,0.16069
2673,0.19771
2674,0.23069
2675,0.28696
2676,0.27802
2677,0.26064
2678,0.14657
2679,0.0881
2680,0.07209
2681,0.00598
2682,0.0
2683,0.0
2684,0.0
2685,0.0
2686,0.0
2687,0.0
2688,0.0
2689,0.0
2690,0.0
2691,0.0
2692,0.0
2693,0.0
2694,0.01271
2695,0.06595000000000001
2696,0.11448
2697,0.09886
2698,0.10051
2699,0.12458
2700,0.1039
2701,0.2646
2702,0.26603
2703,0.22772
2704,0.10675
2705,0.00734
2706,0.0
2707,0.0
2708,0.0
2709,0.0
2710,0.0
2711,0.0
2712,0.0
2713,0.0
2714,0.0
2715,0.0
2716,0.0
2717,0.0
2718,0.05217
2719,0.20002
2720,0.20585
2721,0.18572999999999998
2722,0.28141000000000005
2723,0.40967000000000003
2724,0.3424
2725,0.35484
2726,0.32858
2727,0.15916
2728,0.06141
2729,0.00447
2730,0.0
2731,0.0
2732,0.0
2733,0.0
2734,0.0
2735,0.0
2736,0.0
2737,0.0
2738,0.0
2739,0.0
2740,0.0
2741,0.0
2742,0.03028
2743,0.0995
2744,0.15522
2745,0.29624
2746,0.21478
2747,0.11023000000000001
2748,0.15397999999999998
2749,0.12872999999999998
2750,0.15184
2751,0.08483
2752,0.039439999999999996
2753,0.00176
2754,0.0
2755,0.0
2756,0.0
2757,0.0
2758,0.0
2759,0.0
2760,0.0
2761,0.0
2762,0.0
2763,0.0
2764,0.0
2765,0.0
2766,0.02286
2767,0.10507
2768,0.15963
2769,0.41907
2770,0.38587
2771,0.41268
2772,0.4611
2773,0.43766000000000005
2774,0.3952
2775,0.26699
2776,0.1023
2777,0.00594
2778,0.0
2779,0.0
2780,0.0
2781,0.0
2782,0.0
2783,0.0
2784,0.0
2785,0.0
2786,0.0
2787,0.0
2788,0.0
2789,0.0
2790,0.040530000000000004
2791,0.14449
2792,0.24331999999999998
2793,0.33130000000000004
2794,0.34131
2795,0.42123
2796,0.44804
2797,0.54061
2798,0.44938
2799,0.26894999999999997
2800,0.11888
2801,0.00419
2802,0.0
2803,0.0
2804,0.0
2805,0.0
2806,0.0
2807,0.0
2808,0.0
2809,0.0
2810,0.0
2811,0.0
2812,0.0
2813,0.0
2814,0.036899999999999995
2815,0.14182
2816,0.22505
2817,0.12021
2818,0.18550999999999998
2819,0.58247
2820,0.6003999999999999
2821,0.5620299999999999
2822,0.43798000000000004
2823,0.30121
2824,0.10108
2825,0.00688
2826,0.0
2827,0.0
2828,0.0
2829,0.0
2830,0.0
2831,0.0
2832,0.0
2833,0.0
2834,0.0
2835,0.0
2836,0.0
2837,0.0
2838,0.03564
2839,0.11556
2840,0.17068
2841,0.30555
2842,0.31032
2843,0.26967
2844,0.36611
2845,0.5680299999999999
2846,0.43295
2847,0.25061
2848,0.10375
2849,0.00788
2850,0.0
2851,0.0
2852,0.0
2853,0.0
2854,0.0
2855,0.0
2856,0.0
2857,0.0
2858,0.0
2859,0.0
2860,0.0
2861,0.0
2862,0.05033
2863,0.16246000000000002
2864,0.36598
2865,0.30712
2866,0.34214
2867,0.5992999999999999
2868,0.62671
2869,0.49389
2870,0.41629
2871,0.25861
2872,0.11577
2873,0.00891
2874,0.0
2875,0.0
2876,0.0
2877,0.0
2878,0.0
2879,0.0
2880,0.0
2881,0.0
2882,0.0
2883,0.0
2884,0.0
2885,0.0
2886,0.07868
2887,0.21780000000000002
2888,0.41487999999999997
2889,0.4486
2890,0.5456799999999999
2891,0.52771
2892,0.5741
2893,0.56425
2894,0.45173
2895,0.26568
2896,0.11270999999999999
2897,0.00513
2898,0.0
2899,0.0
2900,0.0
2901,0.0
2902,0.0
2903,0.0
2904,0.0
2905,0.0
2906,0.0
2907,0.0
2908,0.0
2909,0.0
2910,0.07803
2911,0.23636000000000001
2912,0.42081999999999997
2913,0.50362
2914,0.6001799999999999
2915,0.57114
2916,0.56235
2917,0.5473600000000001
2918,0.49627
2919,0.31637
2920,0.12376000000000001
2921,0.00738
2922,0.0
2923,0.0
2924,0.0
2925,0.0
2926,0.0
2927,0.0
2928,0.0
2929,0.0
2930,0.0
2931,0.0
2932,0.0
2933,0.0
2934,0.09221
2935,0.29571
2936,0.43683
2937,0.56164
2938,0.65431
2939,0.65746
2940,0.65155
2941,0.5861900000000001
2942,0.44826
2943,0.31327999999999995
2944,0.12994999999999998
2945,0.00567
2946,0.0
2947,0.0
2948,0.0
2949,0.0
2950,0.0
2951,0.0
2952,0.0
2953,0.0
2954,0.0
2955,0.0
2956,0.0
2957,0.0
2958,0.05798
2959,0.19729
2960,0.3322
2961,0.35511000000000004
2962,0.44113
2963,0.59961
2964,0.60356
2965,0.57826
2966,0.49456
2967,0.32198000000000004
2968,0.13827
2969,0.00752
2970,0.0
2971,0.0
2972,0.0
2973,0.0
2974,0.0
2975,0.0
2976,0.0
2977,0.0
2978,0.0
2979,0.0
2980,0.0
2981,0.0
2982,0.06997
2983,0.22931
2984,0.39886
2985,0.49894
2986,0.59981
2987,0.6264500000000001
2988,0.6175
2989,0.58212
2990,0.44792000000000004
2991,0.28696
2992,0.13271
2993,0.00729
2994,0.0
2995,0.0
2996,0.0
2997,0.0
2998,0.0
2999,0.0
3000,0.0
3001,0.0
3002,0.0
3003,0.0
3004,0.0
3005,0.0
3006,0.08611
3007,0.27905
3008,0.44822
3009,0.5658500000000001
3010,0.60346
3011,0.62758
3012,0.59982
3013,0.5704
3014,0.41766000000000003
3015,0.25413
3016,0.11596
3017,0.008320000000000001
3018,0.0
3019,0.0
3020,0.0
3021,0.0
3022,0.0
3023,0.0
3024,0.0
3025,0.0
3026,0.0
3027,0.0
3028,0.0
3029,0.0
3030,0.07759999999999999
3031,0.27779000000000004
3032,0.43134
3033,0.5644199999999999
3034,0.63687
3035,0.66599
3036,0.62863
3037,0.56023
3038,0.43369
3039,0.29425999999999997
3040,0.12548
3041,0.006860000000000001
3042,0.0
3043,0.0
3044,0.0
3045,0.0
3046,0.0
3047,0.0
3048,0.0
3049,0.0
3050,0.0
3051,0.0
3052,0.0
3053,0.0
3054,0.06573000000000001
3055,0.21652000000000002
3056,0.35173000000000004
3057,0.50875
3058,0.53136
3059,0.5848099999999999
3060,0.48847
3061,0.42052
3062,0.3441
3063,0.21317
3064,0.07801999999999999
3065,0.006900000000000001
3066,0.0
3067,0.0
3068,0.0
3069,0.0
3070,0.0
3071,0.0
3072,0.0
3073,0.0
3074,0.0
3075,0.0
3076,0.0
3077,0.0
3078,0.06032
3079,0.21675999999999998
3080,0.33013
3081,0.42643000000000003
3082,0.42708999999999997
3083,0.32793
3084,0.45287
3085,0.36072000000000004
3086,0.27068000000000003
3087,0.17638
3088,0.08434
3089,0.00579
3090,0.0
3091,0.0
3092,0.0
3093,0.0
3094,0.0
3095,0.0
3096,0.0
3097,0.0
3098,0.0
3099,0.0
3100,0.0
3101,0.0
3102,0.02863
3103,0.08151
3104,0.16286
3105,0.37439999999999996
3106,0.40781
3107,0.37427999999999995
3108,0.26896
3109,0.1825
3110,0.13637
3111,0.06067
3112,0.06311
3113,0.0022400000000000002
3114,0.0
3115,0.0
3116,0.0
3117,0.0
3118,0.0
3119,0.0
3120,0.0
3121,0.0
3122,0.0
3123,0.0
3124,0.0
3125,0.0
3126,0.03591
3127,0.13435
3128,0.23124
3129,0.36252
3130,0.44489999999999996
3131,0.43827999999999995
3132,0.57521
3133,0.4068
3134,0.23998
3135,0.20361
3136,0.09198
3137,0.008490000000000001
3138,0.0
3139,0.0
3140,0.0
3141,0.0
3142,0.0
3143,0.0
3144,0.0
3145,0.0
3146,0.0
3147,0.0
3148,0.0
3149,0.0
3150,0.07234
3151,0.19219
3152,0.39264
3153,0.47508999999999996
3154,0.5088
3155,0.49660000000000004
3156,0.483
3157,0.34294
3158,0.32445
3159,0.23223
3160,0.0873
3161,0.01216
3162,0.0
3163,0.0
3164,0.0
3165,0.0
3166,0.0
3167,0.0
3168,0.0
3169,0.0
3170,0.0
3171,0.0
3172,0.0
3173,0.0
3174,0.032369999999999996
3175,0.15486000000000003
3176,0.22724
3177,0.37814
3178,0.35694
3179,0.26031
3180,0.41325
3181,0.39241000000000004
3182,0.3901
3183,0.24157
3184,0.05851
3185,0.00537
3186,0.0
3187,0.0
3188,0.0
3189,0.0
3190,0.0
3191,0.0
3192,0.0
3193,0.0
3194,0.0
3195,0.0
3196,0.0
3197,0.0
3198,0.04707
3199,0.11825
3200,0.1854
3201,0.2057
3202,0.21489
3203,0.26697000000000004
3204,0.38959
3205,0.3405
3206,0.13209
3207,0.11833
3208,0.028140000000000002
3209,0.00528
3210,0.0
3211,0.0
3212,0.0
3213,0.0
3214,0.0
3215,0.0
3216,0.0
3217,0.0
3218,0.0
3219,0.0
3220,0.0
3221,0.0
3222,0.02888
3223,0.14959
3224,0.32067
3225,0.27012
3226,0.35836
3227,0.36669999999999997
3228,0.34626
3229,0.27164
3230,0.15678
3231,0.09493
3232,0.06415000000000001
3233,0.00643
3234,0.0
3235,0.0
3236,0.0
3237,0.0
3238,0.0
3239,0.0
3240,0.0
3241,0.0
3242,0.0
3243,0.0
3244,0.0
3245,0.0
3246,0.0508
3247,0.25159
3248,0.42284
3249,0.49907999999999997
3250,0.6112799999999999
3251,0.55276
3252,0.5279299999999999
3253,0.43935
3254,0.3568
3255,0.23944
3256,0.10632
3257,0.0101
3258,0.0
3259,0.0
3260,0.0
3261,0.0
3262,0.0
3263,0.0
3264,0.0
3265,0.0
3266,0.0
3267,0.0
3268,0.0
3269,0.0
3270,0.06033
3271,0.20037
3272,0.37994
3273,0.50247
3274,0.542
3275,0.50169
3276,0.52267
3277,0.38476
3278,0.32167
3279,0.26292000000000004
3280,0.07753
3281,0.01176
3282,0.0
3283,0.0
3284,0.0
3285,0.0
3286,0.0
3287,0.0
3288,0.0
3289,0.0
3290,0.0
3291,0.0
3292,0.0
3293,0.0
3294,0.06676
3295,0.11715
3296,0.21012
3297,0.32629
3298,0.43207
3299,0.52028
3300,0.46867000000000003
3301,0.32706
3302,0.31760000000000005
3303,0.18569999999999998
3304,0.06243
3305,0.00631
3306,0.0
3307,0.0
3308,0.0
3309,0.0
3310,0.0
3311,0.0
3312,0.0
3313,0.0
3314,0.0
3315,0.0
3316,0.0
3317,0.0
3318,0.061020000000000005
3319,0.19199000000000002
3320,0.36179
3321,0.49348000000000003
3322,0.57678
3323,0.55
3324,0.49574
3325,0.5203300000000001
3326,0.38673
3327,0.24409
3328,0.08102
3329,0.00504
3330,0.0
3331,0.0
3332,0.0
3333,0.0
3334,0.0
3335,0.0
3336,0.0
3337,0.0
3338,0.0
3339,0.0
3340,0.0
3341,0.0
3342,0.04881
3343,0.11477
3344,0.27642
3345,0.41264999999999996
3346,0.5284099999999999
3347,0.57877
3348,0.50899
3349,0.43036
3350,0.31685
3351,0.16998
3352,0.06448999999999999
3353,0.00914
3354,0.0
3355,0.0
3356,0.0
3357,0.0
3358,0.0
3359,0.0
3360,0.0
3361,0.0
3362,0.0
3363,0.0
3364,0.0
3365,0.0
3366,0.040600000000000004
3367,0.14759
3368,0.29906
3369,0.32071
3370,0.44739
3371,0.45819
3372,0.39502
3373,0.35292
3374,0.28448
3375,0.18835
3376,0.07797
3377,0.00856
3378,0.0
3379,0.0
3380,0.0
3381,0.0
3382,0.0
3383,0.0
3384,0.0
3385,0.0
3386,0.0
3387,0.0
3388,0.0
3389,0.0
3390,0.03229
3391,0.15561000000000003
3392,0.28058
3393,0.36525
3394,0.49997
3395,0.45436
3396,0.34114999999999995
3397,0.42827
3398,0.34254
3399,0.20653
3400,0.07981999999999999
3401,0.00664
3402,0.0
3403,0.0
3404,0.0
3405,0.0
3406,0.0
3407,0.0
3408,0.0
3409,0.0
3410,0.0
3411,0.0
3412,0.0
3413,0.0
3414,0.026449999999999998
3415,0.09573999999999999
3416,0.16119
3417,0.31871
3418,0.35847
3419,0.45876
3420,0.36975
3421,0.38955
3422,0.30882
3423,0.25389
3424,0.08852
3425,0.01332
3426,0.0
3427,0.0
3428,0.0
3429,0.0
3430,0.0
3431,0.0
3432,0.0
3433,0.0
3434,0.0
3435,0.0
3436,0.0
3437,0.0
3438,0.02376
3439,0.12240999999999999
3440,0.19535
3441,0.23009000000000002
3442,0.39571
3443,0.21389
3444,0.2883
3445,0.30610000000000004
3446,0.22611
3447,0.23648
3448,0.09869
3449,0.00872
3450,0.0
3451,0.0
3452,0.0
3453,0.0
3454,0.0
3455,0.0
3456,0.0
3457,0.0
3458,0.0
3459,0.0
3460,0.0
3461,0.0
3462,0.020649999999999998
3463,0.061329999999999996
3464,0.055229999999999994
3465,0.13202
3466,0.15593
3467,0.16745
3468,0.22006
3469,0.22016999999999998
3470,0.19427
3471,0.25674
3472,0.08737
3473,0.00507
3474,0.0
3475,0.0
3476,0.0
3477,0.0
3478,0.0
3479,0.0
3480,0.0
3481,0.0
3482,0.0
3483,0.0
3484,0.0
3485,0.0
3486,0.022969999999999997
3487,0.09497
3488,0.17483
3489,0.13584000000000002
3490,0.12975
3491,0.18678999999999998
3492,0.33958
3493,0.34348
3494,0.41649
3495,0.27928
3496,0.11759
3497,0.013630000000000001
3498,0.0
3499,0.0
3500,0.0
3501,0.0
3502,0.0
3503,0.0
3504,0.0
3505,0.0
3506,0.0
3507,0.0
3508,0.0
3509,0.0
3510,0.03575
3511,0.12458
3512,0.27645
3513,0.43536
3514,0.49331
3515,0.57209
3516,0.59826
3517,0.26241000000000003
3518,0.16541
3519,0.10221
3520,0.07583
3521,0.0072699999999999996
3522,0.0
3523,0.0
3524,0.0
3525,0.0
3526,0.0
3527,0.0
3528,0.0
3529,0.0
3530,0.0
3531,0.0
3532,0.0
3533,0.0
3534,0.0334
3535,0.11026999999999999
3536,0.16515000000000002
3537,0.36061
3538,0.41681
3539,0.31491
3540,0.3927
3541,0.47752
3542,0.37809
3543,0.26726
3544,0.11368
3545,0.00594
3546,0.0
3547,0.0
3548,0.0
3549,0.0
3550,0.0
3551,0.0
3552,0.0
3553,0.0
3554,0.0
3555,0.0
3556,0.0
3557,0.0
3558,0.06520999999999999
3559,0.22669
3560,0.37472000000000005
3561,0.5075299999999999
3562,0.54224
3563,0.5495800000000001
3564,0.48367
3565,0.33144
3566,0.25849
3567,0.2306
3568,0.10437
3569,0.01093
3570,0.0
3571,0.0
3572,0.0
3573,0.0
3574,0.0
3575,0.0
3576,0.0
3577,0.0
3578,0.0
3579,0.0
3580,0.0
3581,0.0
3582,0.04554
3583,0.12117
3584,0.23549
3585,0.37193
3586,0.23365
3587,0.22465000000000002
3588,0.52507
3589,0.35523000000000005
3590,0.28824
3591,0.23337
3592,0.09570000000000001
3593,0.01289
3594,0.0
3595,0.0
3596,0.0
3597,0.0
3598,0.0
3599,0.0
3600,0.0
3601,0.0
3602,0.0
3603,0.0
3604,0.0
3605,0.0
3606,0.01
3607,0.03372
3608,0.12222
3609,0.15577000000000002
3610,0.21381
3611,0.31122000000000005
3612,0.34452
3613,0.42478
3614,0.38253
3615,0.19695
3616,0.08726
3617,0.00937
3618,0.0
3619,0.0
3620,0.0
3621,0.0
3622,0.0
3623,0.0
3624,0.0
3625,0.0
3626,0.0
3627,0.0
3628,0.0
3629,0.0
3630,0.05024
3631,0.17498
3632,0.33888999999999997
3633,0.4541
3634,0.37151999999999996
3635,0.44116000000000005
3636,0.36055000000000004
3637,0.50854
3638,0.33529000000000003
3639,0.19591
3640,0.06659999999999999
3641,0.00547
3642,0.0
3643,0.0
3644,0.0
3645,0.0
3646,0.0
3647,0.0
3648,0.0
3649,0.0
3650,0.0
3651,0.0
3652,0.0
3653,0.0
3654,0.05857
3655,0.23188
3656,0.37417
3657,0.49576
3658,0.54224
3659,0.62798
3660,0.59457
3661,0.48745
3662,0.34502
3663,0.22874
3664,0.09748
3665,0.01205
3666,0.0
3667,0.0
3668,0.0
3669,0.0
3670,0.0
3671,0.0
3672,0.0
3673,0.0
3674,0.0
3675,0.0
3676,0.0
3677,0.0
3678,0.06173
3679,0.25353
3680,0.40197000000000005
3681,0.5372
3682,0.6088
3683,0.55487
3684,0.5196799999999999
3685,0.48813
3686,0.41023000000000004
3687,0.28037
3688,0.11303
3689,0.00737
3690,0.0
3691,0.0
3692,0.0
3693,0.0
3694,0.0
3695,0.0
3696,0.0
3697,0.0
3698,0.0
3699,0.0
3700,0.0
3701,0.0
3702,0.06897
3703,0.22819
3704,0.38023
3705,0.52437
3706,0.55803
3707,0.54841
3708,0.5873200000000001
3709,0.53286
3710,0.33717
3711,0.18716999999999998
3712,0.11603
3713,0.00835
3714,0.0
3715,0.0
3716,0.0
3717,0.0
3718,0.0
3719,0.0
3720,0.0
3721,0.0
3722,0.0
3723,0.0
3724,0.0
3725,0.0
3726,0.045810000000000003
3727,0.1166
3728,0.21125
3729,0.10851999999999999
3730,0.19241
3731,0.1688
3732,0.1849
3733,0.43698000000000004
3734,0.37519
3735,0.26382
3736,0.11623
3737,0.0075
3738,0.0
3739,0.0
3740,0.0
3741,0.0
3742,0.0
3743,0.0
3744,0.0
3745,0.0
3746,0.0
3747,0.0
3748,0.0
3749,0.0
3750,0.039880000000000006
3751,0.08
3752,0.11881
3753,0.21899000000000002
3754,0.39576
3755,0.50899
3756,0.54425
3757,0.48516000000000004
3758,0.35833
3759,0.19995
3760,0.059609999999999996
3761,0.009869999999999999
3762,0.0
3763,0.0
3764,0.0
3765,0.0
3766,0.0
3767,0.0
3768,0.0
3769,0.0
3770,0.0
3771,0.0
3772,0.0
3773,0.0
3774,0.0632
3775,0.22413
3776,0.38268
3777,0.48452
3778,0.58977
3779,0.46138
3780,0.42736
3781,0.48713
3782,0.40091000000000004
3783,0.27279000000000003
3784,0.10115
3785,0.01124
3786,0.0
3787,0.0
3788,0.0
3789,0.0
3790,0.0
3791,0.0
3792,0.0
3793,0.0
3794,0.0
3795,0.0
3796,0.0
3797,0.0
3798,0.02389
3799,0.0471
3800,0.07226
3801,0.18649000000000002
3802,0.2311
3803,0.1092
3804,0.12899000000000002
3805,0.08565
3806,0.07332
3807,0.047450000000000006
3808,0.02051
3809,0.00628
3810,0.0
3811,0.0
3812,0.0
3813,0.0
3814,0.0
3815,0.0
3816,0.0
3817,0.0
3818,0.0
3819,0.0
3820,0.0
3821,0.0
3822,0.054729999999999994
3823,0.16588
3824,0.32101999999999997
3825,0.45435000000000003
3826,0.60587
3827,0.52932
3828,0.54025
3829,0.40457
3830,0.40006
3831,0.27263
3832,0.10596
3833,0.01202
3834,0.0
3835,0.0
3836,0.0
3837,0.0
3838,0.0
3839,0.0
3840,0.0
3841,0.0
3842,0.0
3843,0.0
3844,0.0
3845,0.0
3846,0.06439
3847,0.22338
3848,0.37851
3849,0.50289
3850,0.47911000000000004
3851,0.47458
3852,0.51258
3853,0.46202
3854,0.37572000000000005
3855,0.24886000000000003
3856,0.09486
3857,0.00875
3858,0.0
3859,0.0
3860,0.0
3861,0.0
3862,0.0
3863,0.0
3864,0.0
3865,0.0
3866,0.0
3867,0.0
3868,0.0
3869,0.0
3870,0.055439999999999996
3871,0.17374
3872,0.28497
3873,0.40518
3874,0.41712
3875,0.41028
3876,0.4233
3877,0.26702
3878,0.25021
3879,0.25155
3880,0.0901
3881,0.01218
3882,0.0
3883,0.0
3884,0.0
3885,0.0
3886,0.0
3887,0.0
3888,0.0
3889,0.0
3890,0.0
3891,0.0
3892,0.0
3893,0.0
3894,0.06266
3895,0.18759
3896,0.281
3897,0.38608
3898,0.29301
3899,0.33787
3900,0.23977
3901,0.37455
3902,0.26076
3903,0.16416
3904,0.06693
3905,0.00521
3906,0.0
3907,0.0
3908,0.0
3909,0.0
3910,0.0
3911,0.0
3912,0.0
3913,0.0
3914,0.0
3915,0.0
3916,0.0
3917,0.0
3918,0.05986
3919,0.25119
3920,0.41636
3921,0.5152599999999999
3922,0.56989
3923,0.6404500000000001
3924,0.61697
3925,0.45471
3926,0.3695
3927,0.25658
3928,0.09928000000000001
3929,0.010490000000000001
3930,0.0
3931,0.0
3932,0.0
3933,0.0
3934,0.0
3935,0.0
3936,0.0
3937,0.0
3938,0.0
3939,0.0
3940,0.0
3941,0.0
3942,0.047049999999999995
3943,0.14309
3944,0.16977
3945,0.28158
3946,0.34823000000000004
3947,0.51836
3948,0.45480000000000004
3949,0.24978999999999998
3950,0.14299
3951,0.07083
3952,0.01498
3953,0.0
3954,0.0
3955,0.0
3956,0.0
3957,0.0
3958,0.0
3959,0.0
3960,0.0
3961,0.0
3962,0.0
3963,0.0
3964,0.0
3965,0.0
3966,0.01541
3967,0.11682
3968,0.16307
3969,0.35667000000000004
3970,0.35714999999999997
3971,0.41723000000000005
3972,0.38695999999999997
3973,0.26827999999999996
3974,0.26613
3975,0.19202000000000002
3976,0.10532
3977,0.00898
3978,0.0
3979,0.0
3980,0.0
3981,0.0
3982,0.0
3983,0.0
3984,0.0
3985,0.0
3986,0.0
3987,0.0
3988,0.0
3989,0.0
3990,0.013460000000000001
3991,0.048
3992,0.08775
3993,0.1354
3994,0.24819
3995,0.36501999999999996
3996,0.43025
3997,0.08004
3998,0.060880000000000004
3999,0.0148
4000,0.0059299999999999995
4001,0.00043
4002,0.0
4003,0.0
4004,0.0
4005,0.0
4006,0.0
4007,0.0
4008,0.0
4009,0.0
4010,0.0
4011,0.0
4012,0.0
4013,0.0
4014,0.01148
4015,0.05663
4016,0.20828
4017,0.27984
4018,0.44049
4019,0.5844600000000001
4020,0.56272
4021,0.25959
4022,0.18847999999999998
4023,0.10021
4024,0.0237
4025,0.00221
4026,0.0
4027,0.0
4028,0.0
4029,0.0
4030,0.0
4031,0.0
4032,0.0
4033,0.0
4034,0.0
4035,0.0
4036,0.0
4037,0.0
4038,0.056960000000000004
4039,0.16962
4040,0.21417
4041,0.3593
4042,0.48018
4043,0.57078
4044,0.48719999999999997
4045,0.47822000000000003
4046,0.42898000000000003
4047,0.2904
4048,0.11578000000000001
4049,0.00933
4050,0.0
4051,0.0
4052,0.0
4053,0.0
4054,0.0
4055,0.0
4056,0.0
4057,0.0
4058,0.0
4059,0.0
4060,0.0
4061,0.0
4062,0.061340000000000006
4063,0.23687
4064,0.4037
4065,0.5133
4066,0.61656
4067,0.66807
4068,0.61974
4069,0.5575399999999999
4070,0.4023
4071,0.26538
4072,0.11083
4073,0.00834
4074,0.0
4075,0.0
4076,0.0
4077,0.0
4078,0.0
4079,0.0
4080,0.0
4081,0.0
4082,0.0
4083,0.0
4084,0.0
4085,0.0
4086,0.016050000000000002
4087,0.06839
4088,0.15028
4089,0.28231
4090,0.5105500000000001
4091,0.49193000000000003
4092,0.5279400000000001
4093,0.35573
4094,0.3549
4095,0.16569
4096,0.08715
4097,0.00323
4098,0.0
4099,0.0
4100,0.0
4101,0.0
4102,0.0
4103,0.0
4104,0.0
4105,0.0
4106,0.0
4107,0.0
4108,0.0
4109,0.0
4110,0.01442
4111,0.0665
4112,0.15271
4113,0.34358
4114,0.39826999999999996
4115,0.5734
4116,0.51237
4117,0.36589
4118,0.3613
4119,0.30206
4120,0.10934
4121,0.0095
4122,0.0
4123,0.0
4124,0.0
4125,0.0
4126,0.0
4127,0.0
4128,0.0
4129,0.0
4130,0.0
4131,0.0
4132,0.0
4133,0.0
4134,0.04376
4135,0.17825
4136,0.25119
4137,0.37809
4138,0.34819
4139,0.42343000000000003
4140,0.36501
4141,0.30905
4142,0.28592
4143,0.22328
4144,0.11324
4145,0.01946
4146,0.0
4147,0.0
4148,0.0
4149,0.0
4150,0.0
4151,0.0
4152,0.0
4153,0.0
4154,0.0
4155,0.0
4156,0.0
4157,0.0
4158,0.04095
4159,0.18969
4160,0.29755000000000004
4161,0.38733
4162,0.47118
4163,0.51639
4164,0.48822000000000004
4165,0.50072
4166,0.35023000000000004
4167,0.21666999999999997
4168,0.10876999999999999
4169,0.01534
4170,0.0
4171,0.0
4172,0.0
4173,0.0
4174,0.0
4175,0.0
4176,0.0
4177,0.0
4178,0.0
4179,0.0
4180,0.0
4181,0.0
4182,0.043429999999999996
4183,0.16297999999999999
4184,0.25837
4185,0.28779000000000005
4186,0.36523
4187,0.47051
4188,0.54653
4189,0.16341
4190,0.09915
4191,0.08351
4192,0.060899999999999996
4193,0.00298
4194,0.0
4195,0.0
4196,0.0
4197,0.0
4198,0.0
4199,0.0
4200,0.0
4201,0.0
4202,0.0
4203,0.0
4204,0.0
4205,0.0
4206,0.04566
4207,0.19944
4208,0.36599
4209,0.41197
4210,0.56871
4211,0.50004
4212,0.46238
4213,0.34596
4214,0.34817000000000004
4215,0.17479
4216,0.10937000000000001
4217,0.016280000000000003
4218,0.0
4219,0.0
4220,0.0
4221,0.0
4222,0.0
4223,0.0
4224,0.0
4225,0.0
4226,0.0
4227,0.0
4228,0.0
4229,0.0
4230,0.03689
4231,0.19533
4232,0.31965
4233,0.32743
4234,0.43171
4235,0.45582
4236,0.48278
4237,0.46747000000000005
4238,0.36807999999999996
4239,0.23038
4240,0.11795
4241,0.01779
4242,0.0
4243,0.0
4244,0.0
4245,0.0
4246,0.0
4247,0.0
4248,0.0
4249,0.0
4250,0.0
4251,0.0
4252,0.0
4253,0.0
4254,0.03056
4255,0.13026
4256,0.285
4257,0.41002999999999995
4258,0.56551
4259,0.6045900000000001
4260,0.53075
4261,0.54853
4262,0.4089
4263,0.23902
4264,0.10394
4265,0.00831
4266,0.0
4267,0.0
4268,0.0
4269,0.0
4270,0.0
4271,0.0
4272,0.0
4273,0.0
4274,0.0
4275,0.0
4276,0.0
4277,0.0
4278,0.0513
4279,0.17562
4280,0.33248
4281,0.45883999999999997
4282,0.5139600000000001
4283,0.5789099999999999
4284,0.55937
4285,0.44233
4286,0.23925
4287,0.21572999999999998
4288,0.10298
4289,0.01063
4290,0.0
4291,0.0
4292,0.0
4293,0.0
4294,0.0
4295,0.0
4296,0.0
4297,0.0
4298,0.0
4299,0.0
4300,0.0
4301,0.0
4302,0.0402
4303,0.17414
4304,0.32152
4305,0.36984
4306,0.51686
4307,0.55486
4308,0.44836000000000004
4309,0.46126
4310,0.39293
4311,0.16249
4312,0.08813
4313,0.0070999999999999995
4314,0.0
4315,0.0
4316,0.0
4317,0.0
4318,0.0
4319,0.0
4320,0.0
4321,0.0
4322,0.0
4323,0.0
4324,0.0
4325,0.0
4326,0.048530000000000004
4327,0.16907
4328,0.38214
4329,0.5064
4330,0.56775
4331,0.5691799999999999
4332,0.4688
4333,0.36351999999999995
4334,0.41741
4335,0.30379
4336,0.11635
4337,0.012960000000000001
4338,0.0
4339,0.0
4340,0.0
4341,0.0
4342,0.0
4343,0.0
4344,0.0
4345,0.0
4346,0.0
4347,0.0
4348,0.0
4349,0.0
4350,0.05162
4351,0.23192
4352,0.39318000000000003
4353,0.52896
4354,0.6041599999999999
4355,0.6343
4356,0.61791
4357,0.52983
4358,0.43925
4359,0.22996
4360,0.12049
4361,0.00741
4362,0.0
4363,0.0
4364,0.0
4365,0.0
4366,0.0
4367,0.0
4368,0.0
4369,0.0
4370,0.0
4371,0.0
4372,0.0
4373,0.0
4374,0.03157
4375,0.19225
4376,0.3654
4377,0.534
4378,0.53263
4379,0.48272000000000004
4380,0.53124
4381,0.4945
4382,0.38741000000000003
4383,0.19478
4384,0.10858
4385,0.0129
4386,0.0
4387,0.0
4388,0.0
4389,0.0
4390,0.0
4391,0.0
4392,0.0
4393,0.0
4394,0.0
4395,0.0
4396,0.0
4397,0.0
4398,0.03657
4399,0.18392
4400,0.31647000000000003
4401,0.48511000000000004
4402,0.47057
4403,0.51464
4404,0.5561200000000001
4405,0.37451
4406,0.34946
4407,0.19469
4408,0.10667
4409,0.020030000000000003
4410,0.0
4411,0.0
4412,0.0
4413,0.0
4414,0.0
4415,0.0
4416,0.0
4417,0.0
4418,0.0
4419,0.0
4420,0.0
4421,0.0
4422,0.05038
4423,0.21249
4424,0.37567
4425,0.47094
4426,0.49262
4427,0.5461900000000001
4428,0.5110899999999999
4429,0.54503
4430,0.36129
4431,0.23093
4432,0.10552
4433,0.009179999999999999
4434,0.0
4435,0.0
4436,0.0
4437,0.0
4438,0.0
4439,0.0
4440,0.0
4441,0.0
4442,0.0
4443,0.0
4444,0.0
4445,0.0
4446,0.01354
4447,0.06448999999999999
4448,0.09190999999999999
4449,0.16115000000000002
4450,0.15385
4451,0.22222
4452,0.24569
4453,0.32994999999999997
4454,0.32447000000000004
4455,0.28237
4456,0.11581999999999999
4457,0.01174
4458,0.0
4459,0.0
4460,0.0
4461,0.0
4462,0.0
4463,0.0
4464,0.0
4465,0.0
4466,0.0
4467,0.0
4468,0.0
4469,0.0
4470,0.02571
4471,0.1443
4472,0.31641
4473,0.33909
4474,0.35716000000000003
4475,0.44358
4476,0.351
4477,0.22237
4478,0.25006
4479,0.18142
4480,0.11968000000000001
4481,0.01751
4482,0.0
4483,0.0
4484,0.0
4485,0.0
4486,0.0
4487,0.0
4488,0.0
4489,0.0
4490,0.0
4491,0.0
4492,0.0
4493,0.0
4494,0.04222
4495,0.19084
4496,0.35416000000000003
4497,0.49515
4498,0.44637
4499,0.48152999999999996
4500,0.49945
4501,0.37395999999999996
4502,0.39485000000000003
4503,0.28257
4504,0.1298
4505,0.01276
4506,0.0
4507,0.0
4508,0.0
4509,0.0
4510,0.0
4511,0.0
4512,0.0
4513,0.0
4514,0.0
4515,0.0
4516,0.0
4517,0.0
4518,0.04083
4519,0.14474
4520,0.26312
4521,0.30583
4522,0.29947
4523,0.33956000000000003
4524,0.41801
4525,0.17903
4526,0.08224
4527,0.13075
4528,0.07862999999999999
4529,0.011439999999999999
4530,0.0
4531,0.0
4532,0.0
4533,0.0
4534,0.0
4535,0.0
4536,0.0
4537,0.0
4538,0.0
4539,0.0
4540,0.0
4541,0.0
4542,0.019649999999999997
4543,0.08189
4544,0.17634
4545,0.188
4546,0.25536000000000003
4547,0.3925
4548,0.58316
4549,0.55302
4550,0.4664
4551,0.32927
4552,0.13203
4553,0.00708
4554,0.0
4555,0.0
4556,0.0
4557,0.0
4558,0.0
4559,0.0
4560,0.0
4561,0.0
4562,0.0
4563,0.0
4564,0.0
4565,0.0
4566,0.04168
4567,0.18292
4568,0.30842
4569,0.3417
4570,0.44439999999999996
4571,0.48943000000000003
4572,0.42143
4573,0.47516
4574,0.44876
4575,0.28512
4576,0.09215999999999999
4577,0.01059
4578,0.0
4579,0.0
4580,0.0
4581,0.0
4582,0.0
4583,0.0
4584,0.0
4585,0.0
4586,0.0
4587,0.0
4588,0.0
4589,0.0
4590,0.038939999999999995
4591,0.16888
4592,0.29868
4593,0.37632
4594,0.45547000000000004
4595,0.48677
4596,0.59088
4597,0.08721999999999999
4598,0.13626
4599,0.15628999999999998
4600,0.11272
4601,0.011439999999999999
4602,0.0
4603,0.0
4604,0.0
4605,0.0
4606,0.0
4607,0.0
4608,0.0
4609,0.0
4610,0.0
4611,0.0
4612,0.0
4613,0.0
4614,0.00715
4615,0.0269
4616,0.08025
4617,0.17365
4618,0.36360000000000003
4619,0.47795
4620,0.43128
4621,0.46867000000000003
4622,0.41476
4623,0.31685
4624,0.12986
4625,0.013439999999999999
4626,0.0
4627,0.0
4628,0.0
4629,0.0
4630,0.0
4631,0.0
4632,0.0
4633,0.0
4634,0.0
4635,0.0
4636,0.0
4637,0.0
4638,0.041729999999999996
4639,0.18756
4640,0.35581
4641,0.52311
4642,0.57985
4643,0.62476
4644,0.62383
4645,0.5029399999999999
4646,0.37589
4647,0.27573000000000003
4648,0.13921
4649,0.013439999999999999
4650,0.0
4651,0.0
4652,0.0
4653,0.0
4654,0.0
4655,0.0
4656,0.0
4657,0.0
4658,0.0
4659,0.0
4660,0.0
4661,0.0
4662,0.04256
4663,0.15994
4664,0.32676
4665,0.40606
4666,0.46955
4667,0.45166
4668,0.39994999999999997
4669,0.25095
4670,0.23692
4671,0.06039
4672,0.01795
4673,0.00639
4674,0.0
4675,0.0
4676,0.0
4677,0.0
4678,0.0
4679,0.0
4680,0.0
4681,0.0
4682,0.0
4683,0.0
4684,0.0
4685,0.0
4686,0.04709000000000001
4687,0.1881
4688,0.37347
4689,0.49076
4690,0.52215
4691,0.57668
4692,0.6033
4693,0.20054
4694,0.20615
4695,0.18119
4696,0.11161
4697,0.015529999999999999
4698,0.0
4699,0.0
4700,0.0
4701,0.0
4702,0.0
4703,0.0
4704,0.0
4705,0.0
4706,0.0
4707,0.0
4708,0.0
4709,0.0
4710,0.04421
4711,0.20994
4712,0.35917
4713,0.44304000000000004
4714,0.57677
4715,0.57504
4716,0.48478
4717,0.38896
4718,0.37842000000000003
4719,0.25049
4720,0.08283
4721,0.016800000000000002
4722,0.0
4723,0.0
4724,0.0
4725,0.0
4726,0.0
4727,0.0
4728,0.0
4729,0.0
4730,0.0
4731,0.0
4732,0.0
4733,0.0
4734,0.0245
4735,0.13996
4736,0.22074000000000002
4737,0.34307
4738,0.24594
4739,0.1571
4740,0.27994
4741,0.34736
4742,0.32887
4743,0.25051
4744,0.11962
4745,0.01657
4746,0.0
4747,0.0
4748,0.0
4749,0.0
4750,0.0
4751,0.0
4752,0.0
4753,0.0
4754,0.0
4755,0.0
4756,0.0
4757,0.0
4758,0.02293
4759,0.11220999999999999
4760,0.28038
4761,0.46143
4762,0.58827
4763,0.50364
4764,0.53679
4765,0.53513
4766,0.38506999999999997
4767,0.30381
4768,0.11981
4769,0.006860000000000001
4770,0.0
4771,0.0
4772,0.0
4773,0.0
4774,0.0
4775,0.0
4776,0.0
4777,0.0
4778,0.0
4779,0.0
4780,0.0
4781,0.0
4782,0.042159999999999996
4783,0.18618
4784,0.15893000000000002
4785,0.22038
4786,0.37021
4787,0.48319999999999996
4788,0.48747
4789,0.28474
4790,0.34289
4791,0.30476
4792,0.1443
4793,0.01259
4794,0.0
4795,0.0
4796,0.0
4797,0.0
4798,0.0
4799,0.0
4800,0.0
4801,0.0
4802,0.0
4803,0.0
4804,0.0
4805,0.0
4806,0.04308
4807,0.23058
4808,0.38287
4809,0.48383
4810,0.48597
4811,0.5284
4812,0.56748
4813,0.55804
4814,0.46175
4815,0.29223000000000005
4816,0.13463999999999998
4817,0.01193
4818,0.0
4819,0.0
4820,0.0
4821,0.0
4822,0.0
4823,0.0
4824,0.0
4825,0.0
4826,0.0
4827,0.0
4828,0.0
4829,0.0
4830,0.03418
4831,0.16272
4832,0.28901
4833,0.45025
4834,0.47207
4835,0.58313
4836,0.6034400000000001
4837,0.50445
4838,0.42931
4839,0.28491000000000005
4840,0.11395999999999999
4841,0.01857
4842,0.0
4843,0.0
4844,0.0
4845,0.0
4846,0.0
4847,0.0
4848,0.0
4849,0.0
4850,0.0
4851,0.0
4852,0.0
4853,0.0
4854,0.04332
4855,0.22166999999999998
4856,0.39246
4857,0.54046
4858,0.57972
4859,0.5974700000000001
4860,0.54467
4861,0.31495
4862,0.29020999999999997
4863,0.16174000000000002
4864,0.05944
4865,0.00925
4866,0.0
4867,0.0
4868,0.0
4869,0.0
4870,0.0
4871,0.0
4872,0.0
4873,0.0
4874,0.0
4875,0.0
4876,0.0
4877,0.0
4878,0.03138
4879,0.15078
4880,0.29272000000000004
4881,0.37749
4882,0.51362
4883,0.53812
4884,0.44681
4885,0.45073
4886,0.38245999999999997
4887,0.23481
4888,0.11349
4889,0.00529
4890,0.0
4891,0.0
4892,0.0
4893,0.0
4894,0.0
4895,0.0
4896,0.0
4897,0.0
4898,0.0
4899,0.0
4900,0.0
4901,0.0
4902,0.03107
4903,0.16381
4904,0.31588
4905,0.43213999999999997
4906,0.5284500000000001
4907,0.61793
4908,0.48212
4909,0.44548000000000004
4910,0.34755
4911,0.30235
4912,0.13096000000000002
4913,0.01304
4914,0.0
4915,0.0
4916,0.0
4917,0.0
4918,0.0
4919,0.0
4920,0.0
4921,0.0
4922,0.0
4923,0.0
4924,0.0
4925,0.0
4926,0.04234
4927,0.16926
4928,0.32536000000000004
4929,0.42385
4930,0.44432
4931,0.55523
4932,0.41183
4933,0.26929000000000003
4934,0.39937
4935,0.25506
4936,0.10953
4937,0.019809999999999998
4938,0.0
4939,0.0
4940,0.0
4941,0.0
4942,0.0
4943,0.0
4944,0.0
4945,0.0
4946,0.0
4947,0.0
4948,0.0
4949,0.0
4950,0.01507
4951,0.06406999999999999
4952,0.20790999999999998
4953,0.34939
4954,0.53265
4955,0.56568
4956,0.51228
4957,0.40628
4958,0.38039
4959,0.24546
4960,0.13396
4961,0.01317
4962,0.0
4963,0.0
4964,0.0
4965,0.0
4966,0.0
4967,0.0
4968,0.0
4969,0.0
4970,0.0
4971,0.0
4972,0.0
4973,0.0
4974,0.02203
4975,0.10647
4976,0.16441999999999998
4977,0.26516
4978,0.40088
4979,0.29877
4980,0.30818
4981,0.15196
4982,0.16191999999999998
4983,0.09293000000000001
4984,0.09864
4985,0.01358
4986,0.0
4987,0.0
4988,0.0
4989,0.0
4990,0.0
4991,0.0
4992,0.0
4993,0.0
4994,0.0
4995,0.0
4996,0.0
4997,0.0
4998,0.00217
4999,0.02542
5000,0.06289
5001,0.09512000000000001
5002,0.12569
5003,0.09231
5004,0.10364
5005,0.11315
5006,0.13584000000000002
5007,0.13608
5008,0.03716
5009,0.01578
5010,0.0
5011,0.0
5012,0.0
5013,0.0
5014,0.0
5015,0.0
5016,0.0
5017,0.0
5018,0.0
5019,0.0
5020,0.0
5021,0.0
5022,0.00871
5023,0.05289
5024,0.10557
5025,0.15437
5026,0.20851
5027,0.33073
5028,0.47583
5029,0.42741
5030,0.44906
5031,0.28634
5032,0.13007
5033,0.0106
5034,0.0
5035,0.0
5036,0.0
5037,0.0
5038,0.0
5039,0.0
5040,0.0
5041,0.0
5042,0.0
5043,0.0
5044,0.0
5045,0.0
5046,0.027059999999999997
5047,0.16923
5048,0.20523
5049,0.38831
5050,0.45763
5051,0.48495
5052,0.48863
5053,0.19527
5054,0.19487000000000002
5055,0.11806
5056,0.0594
5057,0.00641
5058,0.0
5059,0.0
5060,0.0
5061,0.0
5062,0.0
5063,0.0
5064,0.0
5065,0.0
5066,0.0
5067,0.0
5068,0.0
5069,0.0
5070,0.02656
5071,0.13508
5072,0.27682999999999996
5073,0.4091
5074,0.44486000000000003
5075,0.43112
5076,0.2929
5077,0.46844
5078,0.44392000000000004
5079,0.31135
5080,0.1459
5081,0.01283
5082,0.0
5083,0.0
5084,0.0
5085,0.0
5086,0.0
5087,0.0
5088,0.0
5089,0.0
5090,0.0
5091,0.0
5092,0.0
5093,0.0
5094,0.03771
5095,0.16259
5096,0.31941
5097,0.32411
5098,0.34493
5099,0.49357999999999996
5100,0.5662999999999999
5101,0.48849000000000004
5102,0.48152
5103,0.29761000000000004
5104,0.14626
5105,0.01751
5106,0.0
5107,0.0
5108,0.0
5109,0.0
5110,0.0
5111,0.0
5112,0.0
5113,0.0
5114,0.0
5115,0.0
5116,0.0
5117,0.0
5118,0.05154
5119,0.19695
5120,0.36912
5121,0.47020999999999996
5122,0.6289199999999999
5123,0.6584099999999999
5124,0.5871799999999999
5125,0.5187
5126,0.4393
5127,0.31807
5128,0.13641
5129,0.01026
5130,0.0
5131,0.0
5132,0.0
5133,0.0
5134,0.0
5135,0.0
5136,0.0
5137,0.0
5138,0.0
5139,0.0
5140,0.0
5141,0.0
5142,0.026690000000000002
5143,0.16297999999999999
5144,0.25432
5145,0.43487
5146,0.45338
5147,0.5085
5148,0.5529299999999999
5149,0.5301699999999999
5150,0.45493
5151,0.31518999999999997
5152,0.13675
5153,0.01094
5154,0.0
5155,0.0
5156,0.0
5157,0.0
5158,0.0
5159,0.0
5160,0.0
5161,0.0
5162,0.0
5163,0.0
5164,0.0
5165,0.0
5166,0.04223
5167,0.20045
5168,0.38695
5169,0.48349000000000003
5170,0.53625
5171,0.63463
5172,0.64497
5173,0.5645
5174,0.39658
5175,0.31189
5176,0.14690999999999999
5177,0.010199999999999999
5178,0.0
5179,0.0
5180,0.0
5181,0.0
5182,0.0
5183,0.0
5184,0.0
5185,0.0
5186,0.0
5187,0.0
5188,0.0
5189,0.0
5190,0.018600000000000002
5191,0.057890000000000004
5192,0.17995
5193,0.21999000000000002
5194,0.36122000000000004
5195,0.32119
5196,0.36204000000000003
5197,0.55872
5198,0.4567
5199,0.30189
5200,0.12329000000000001
5201,0.01252
5202,0.0
5203,0.0
5204,0.0
5205,0.0
5206,0.0
5207,0.0
5208,0.0
5209,0.0
5210,0.0
5211,0.0
5212,0.0
5213,0.0
5214,0.02239
5215,0.054329999999999996
5216,0.15308000000000002
5217,0.13321
5218,0.13672
5219,0.16259
5220,0.28414
5221,0.46923000000000004
5222,0.361
5223,0.2984
5224,0.1215
5225,0.01495
5226,0.0
5227,0.0
5228,0.0
5229,0.0
5230,0.0
5231,0.0
5232,0.0
5233,0.0
5234,0.0
5235,0.0
5236,0.0
5237,0.0
5238,0.04826
5239,0.21750999999999998
5240,0.29813999999999996
5241,0.45043
5242,0.56012
5243,0.61601
5244,0.49495
5245,0.39019
5246,0.26362
5247,0.24381999999999998
5248,0.10583
5249,0.016050000000000002
5250,0.0
5251,0.0
5252,0.0
5253,0.0
5254,0.0
5255,0.0
5256,0.0
5257,0.0
5258,0.0
5259,0.0
5260,0.0
5261,0.0
5262,0.055990000000000005
5263,0.21594
5264,0.41305000000000003
5265,0.5085
5266,0.60212
5267,0.65851
5268,0.61841
5269,0.5994299999999999
5270,0.44251999999999997
5271,0.29994
5272,0.15469
5273,0.00928
5274,0.0
5275,0.0
5276,0.0
5277,0.0
5278,0.0
5279,0.0
5280,0.0
5281,0.0
5282,0.0
5283,0.0
5284,0.0
5285,0.0
5286,0.02286
5287,0.11478000000000001
5288,0.2499
5289,0.35705000000000003
5290,0.44156
5291,0.59393
5292,0.6299600000000001
5293,0.6006699999999999
5294,0.49134
5295,0.32668
5296,0.15897
5297,0.0108
5298,0.0
5299,0.0
5300,0.0
5301,0.0
5302,0.0
5303,0.0
5304,0.0
5305,0.0
5306,0.0
5307,0.0
5308,0.0
5309,0.0
5310,0.05183
5311,0.21158000000000002
5312,0.36711
5313,0.48088
5314,0.58056
5315,0.54016
5316,0.54938
5317,0.44837
5318,0.33182999999999996
5319,0.26625
5320,0.12012
5321,0.013099999999999999
5322,0.0
5323,0.0
5324,0.0
5325,0.0
5326,0.0
5327,0.0
5328,0.0
5329,0.0
5330,0.0
5331,0.0
5332,0.0
5333,0.0
5334,0.03181
5335,0.17172
5336,0.36671
5337,0.45582
5338,0.5878099999999999
5339,0.6384099999999999
5340,0.59699
5341,0.53972
5342,0.37853
5343,0.26159
5344,0.1276
5345,0.012289999999999999
5346,0.0
5347,0.0
5348,0.0
5349,0.0
5350,0.0
5351,0.0
5352,0.0
5353,0.0
5354,0.0
5355,0.0
5356,0.0
5357,0.0
5358,0.02755
5359,0.1591
5360,0.29675
5361,0.37135
5362,0.53583
5363,0.57869
5364,0.50198
5365,0.44509
5366,0.31506
5367,0.22313999999999998
5368,0.12367
5369,0.01703
5370,0.0
5371,0.0
5372,0.0
5373,0.0
5374,0.0
5375,0.0
5376,0.0
5377,0.0
5378,0.0
5379,0.0
5380,0.0
5381,0.0
5382,0.05073
5383,0.17252
5384,0.32905
5385,0.48795
5386,0.58741
5387,0.5362
5388,0.56343
5389,0.50757
5390,0.47556
5391,0.30046
5392,0.14149
5393,0.01035
5394,0.0
5395,0.0
5396,0.0
5397,0.0
5398,0.0
5399,0.0
5400,0.0
5401,0.0
5402,0.0
5403,0.0
5404,0.0
5405,0.0
5406,0.05822
5407,0.22529
5408,0.39144
5409,0.51459
5410,0.51749
5411,0.51813
5412,0.54944
5413,0.45313
5414,0.30079
5415,0.26233
5416,0.12468000000000001
5417,0.01277
5418,0.0
5419,0.0
5420,0.0
5421,0.0
5422,0.0
5423,0.0
5424,0.0
5425,0.0
5426,0.0
5427,0.0
5428,0.0
5429,0.0
5430,0.03682
5431,0.1124
5432,0.29413
5433,0.19776
5434,0.37057999999999996
5435,0.31489
5436,0.54185
5437,0.51287
5438,0.40596
5439,0.30127
5440,0.12946000000000002
5441,0.0111
5442,0.0
5443,0.0
5444,0.0
5445,0.0
5446,0.0
5447,0.0
5448,0.0
5449,0.0
5450,0.0
5451,0.0
5452,0.0
5453,0.0
5454,0.02081
5455,0.08376
5456,0.26562
5457,0.45525
5458,0.59461
5459,0.49959
5460,0.51428
5461,0.42108999999999996
5462,0.23308
5463,0.19138999999999998
5464,0.11639000000000001
5465,0.01444
5466,0.0
5467,0.0
5468,0.0
5469,0.0
5470,0.0
5471,0.0
5472,0.0
5473,0.0
5474,0.0
5475,0.0
5476,0.0
5477,0.0
5478,0.05583
5479,0.24599000000000001
5480,0.38498000000000004
5481,0.52539
5482,0.60881
5483,0.66989
5484,0.6565
5485,0.58776
5486,0.45953
5487,0.34167000000000003
5488,0.15363
5489,0.00859
5490,0.0
5491,0.0
5492,0.0
5493,0.0
5494,0.0
5495,0.0
5496,0.0
5497,0.0
5498,0.0
5499,0.0
5500,0.0
5501,0.0
5502,0.05143
5503,0.19322999999999999
5504,0.40929000000000004
5505,0.53837
5506,0.6071799999999999
5507,0.65375
5508,0.6140399999999999
5509,0.5084
5510,0.34024
5511,0.27726999999999996
5512,0.12755
5513,0.013730000000000001
5514,0.0
5515,0.0
5516,0.0
5517,0.0
5518,0.0
5519,0.0
5520,0.0
5521,0.0
5522,0.0
5523,0.0
5524,0.0
5525,0.0
5526,0.057159999999999996
5527,0.18850999999999998
5528,0.36866000000000004
5529,0.48783
5530,0.59634
5531,0.60514
5532,0.51319
5533,0.43388
5534,0.4055
5535,0.27355
5536,0.13913
5537,0.00601
5538,0.0
5539,0.0
5540,0.0
5541,0.0
5542,0.0
5543,0.0
5544,0.0
5545,0.0
5546,0.0
5547,0.0
5548,0.0
5549,0.0
5550,0.03013
5551,0.12192
5552,0.24719999999999998
5553,0.39571
5554,0.5824900000000001
5555,0.58425
5556,0.62056
5557,0.40608999999999995
5558,0.33614
5559,0.25504
5560,0.10632
5561,0.01201
5562,0.0
5563,0.0
5564,0.0
5565,0.0
5566,0.0
5567,0.0
5568,0.0
5569,0.0
5570,0.0
5571,0.0
5572,0.0
5573,0.0
5574,0.05023
5575,0.20737
5576,0.30322000000000005
5577,0.39482999999999996
5578,0.46032
5579,0.45883999999999997
5580,0.38365
5581,0.5824400000000001
5582,0.45127
5583,0.29402
5584,0.09924
5585,0.011980000000000001
5586,0.0
5587,0.0
5588,0.0
5589,0.0
5590,0.0
5591,0.0
5592,0.0
5593,0.0
5594,0.0
5595,0.0
5596,0.0
5597,0.0
5598,0.05084
5599,0.19804
5600,0.33641000000000004
5601,0.47085000000000005
5602,0.5646100000000001
5603,0.54302
5604,0.5702
5605,0.49371
5606,0.41214999999999996
5607,0.24953
5608,0.1252
5609,0.014960000000000001
5610,0.0
5611,0.0
5612,0.0
5613,0.0
5614,0.0
5615,0.0
5616,0.0
5617,0.0
5618,0.0
5619,0.0
5620,0.0
5621,0.0
5622,0.06694
5623,0.26273
5624,0.45183999999999996
5625,0.5704600000000001
5626,0.6471399999999999
5627,0.66543
5628,0.66112
5629,0.6052799999999999
5630,0.49332
5631,0.34946
5632,0.14816
5633,0.00916
5634,0.0
5635,0.0
5636,0.0
5637,0.0
5638,0.0
5639,0.0
5640,0.0
5641,0.0
5642,0.0
5643,0.0
5644,0.0
5645,0.0
5646,0.0546
5647,0.23257
5648,0.43748000000000004
5649,0.53912
5650,0.61937
5651,0.62548
5652,0.6658200000000001
5653,0.57147
5654,0.43714
5655,0.28779000000000005
5656,0.13171000000000002
5657,0.011179999999999999
5658,0.0
5659,0.0
5660,0.0
5661,0.0
5662,0.0
5663,0.0
5664,0.0
5665,0.0
5666,0.0
5667,0.0
5668,0.0
5669,0.0
5670,0.06949
5671,0.26056
5672,0.43429
5673,0.55741
5674,0.65947
5675,0.64518
5676,0.6572899999999999
5677,0.59545
5678,0.4605
5679,0.33254
5680,0.14276
5681,0.00746
5682,0.0
5683,0.0
5684,0.0
5685,0.0
5686,0.0
5687,0.0
5688,0.0
5689,0.0
5690,0.0
5691,0.0
5692,0.0
5693,0.0
5694,0.07228
5695,0.27964
5696,0.44863
5697,0.58548
5698,0.66119
5699,0.68651
5700,0.6525700000000001
5701,0.60377
5702,0.5130399999999999
5703,0.3493
5704,0.147
5705,0.00871
5706,0.0
5707,0.0
5708,0.0
5709,0.0
5710,0.0
5711,0.0
5712,0.0
5713,0.0
5714,0.0
5715,0.0
5716,0.0
5717,0.0
5718,0.06387
5719,0.27269
5720,0.4284
5721,0.5381900000000001
5722,0.67486
5723,0.66373
5724,0.61329
5725,0.59834
5726,0.41008999999999995
5727,0.2804
5728,0.10625
5729,0.00853
5730,0.0
5731,0.0
5732,0.0
5733,0.0
5734,0.0
5735,0.0
5736,0.0
5737,0.0
5738,0.0
5739,0.0
5740,0.0
5741,0.0
5742,0.06824
5743,0.27629000000000004
5744,0.41114
5745,0.5588099999999999
5746,0.5822999999999999
5747,0.6173099999999999
5748,0.62622
5749,0.61011
5750,0.45973
5751,0.2236
5752,0.1072
5753,0.00824
5754,0.0
5755,0.0
5756,0.0
5757,0.0
5758,0.0
5759,0.0
5760,0.0
5761,0.0
5762,0.0
5763,0.0
5764,0.0
5765,0.0
5766,0.06929
5767,0.27202
5768,0.42342
5769,0.57177
5770,0.64795
5771,0.6999
5772,0.6690900000000001
5773,0.58012
5774,0.36777
5775,0.3267
5776,0.12325
5777,0.007030000000000001
5778,0.0
5779,0.0
5780,0.0
5781,0.0
5782,0.0
5783,0.0
5784,0.0
5785,0.0
5786,0.0
5787,0.0
5788,0.0
5789,0.0
5790,0.049159999999999995
5791,0.18769
5792,0.32683
5793,0.47564999999999996
5794,0.59882
5795,0.62939
5796,0.54079
5797,0.5881000000000001
5798,0.48219999999999996
5799,0.30189
5800,0.1362
5801,0.008230000000000001
5802,0.0
5803,0.0
5804,0.0
5805,0.0
5806,0.0
5807,0.0
5808,0.0
5809,0.0
5810,0.0
5811,0.0
5812,0.0
5813,0.0
5814,0.0695
5815,0.27208
5816,0.44487
5817,0.58287
5818,0.65834
5819,0.67503
5820,0.6702400000000001
5821,0.57553
5822,0.46625
5823,0.31989999999999996
5824,0.13562000000000002
5825,0.0078
5826,0.0
5827,0.0
5828,0.0
5829,0.0
5830,0.0
5831,0.0
5832,0.0
5833,0.0
5834,0.0
5835,0.0
5836,0.0
5837,0.0
5838,0.0808
5839,0.28655
5840,0.45400999999999997
5841,0.56717
5842,0.65592
5843,0.67384
5844,0.632
5845,0.57853
5846,0.41518
5847,0.28468
5848,0.11649
5849,0.00732
5850,0.0
5851,0.0
5852,0.0
5853,0.0
5854,0.0
5855,0.0
5856,0.0
5857,0.0
5858,0.0
5859,0.0
5860,0.0
5861,0.0
5862,0.0755
5863,0.27420999999999995
5864,0.43827999999999995
5865,0.58646
5866,0.64042
5867,0.64809
5868,0.64148
5869,0.48502
5870,0.38421
5871,0.25035
5872,0.12265000000000001
5873,0.01427
5874,0.0
5875,0.0
5876,0.0
5877,0.0
5878,0.0
5879,0.0
5880,0.0
5881,0.0
5882,0.0
5883,0.0
5884,0.0
5885,0.0
5886,0.06361
5887,0.24602000000000002
5888,0.42222000000000004
5889,0.54038
5890,0.62907
5891,0.68359
5892,0.47001
5893,0.5709299999999999
5894,0.39326
5895,0.24112
5896,0.13787
5897,0.01184
5898,0.0
5899,0.0
5900,0.0
5901,0.0
5902,0.0
5903,0.0
5904,0.0
5905,0.0
5906,0.0
5907,0.0
5908,0.0
5909,0.0
5910,0.05578
5911,0.24019
5912,0.3476
5913,0.49137000000000003
5914,0.607
5915,0.64719
5916,0.62903
5917,0.61683
5918,0.45421
5919,0.28154
5920,0.09301999999999999
5921,0.00601
5922,0.0
5923,0.0
5924,0.0
5925,0.0
5926,0.0
5927,0.0
5928,0.0
5929,0.0
5930,0.0
5931,0.0
5932,0.0
5933,0.0
5934,0.049640000000000004
5935,0.18071
5936,0.27279000000000003
5937,0.35549000000000003
5938,0.41849000000000003
5939,0.49398000000000003
5940,0.58486
5941,0.46616
5942,0.38548000000000004
5943,0.31677
5944,0.12224
5945,0.0061200000000000004
5946,0.0
5947,0.0
5948,0.0
5949,0.0
5950,0.0
5951,0.0
5952,0.0
5953,0.0
5954,0.0
5955,0.0
5956,0.0
5957,0.0
5958,0.0804
5959,0.24595
5960,0.42943000000000003
5961,0.5571699999999999
5962,0.61513
5963,0.67461
5964,0.6481
5965,0.59157
5966,0.41666000000000003
5967,0.29466000000000003
5968,0.12339
5969,0.00584
5970,0.0
5971,0.0
5972,0.0
5973,0.0
5974,0.0
5975,0.0
5976,0.0
5977,0.0
5978,0.0
5979,0.0
5980,0.0
5981,0.0
5982,0.07909999999999999
5983,0.23149
5984,0.39287
5985,0.45330000000000004
5986,0.51332
5987,0.5449299999999999
5988,0.51911
5989,0.61556
5990,0.4605
5991,0.3078
5992,0.12028
5993,0.01188
5994,0.0
5995,0.0
5996,0.0
5997,0.0
5998,0.0
5999,0.0
6000,0.0
6001,0.0
6002,0.0
6003,0.0
6004,0.0
6005,0.0
6006,0.07895999999999999
6007,0.23055
6008,0.38265
6009,0.4707
6010,0.44036000000000003
6011,0.47058
6012,0.45076
6013,0.49610000000000004
6014,0.38106
6015,0.19744
6016,0.09026
6017,0.01122
6018,0.0
6019,0.0
6020,0.0
6021,0.0
6022,0.0
6023,0.0
6024,0.0
6025,0.0
6026,0.0
6027,0.0
6028,0.0
6029,0.0
6030,0.06877
6031,0.25061
6032,0.32394
6033,0.41161000000000003
6034,0.51448
6035,0.64622
6036,0.55508
6037,0.46117
6038,0.32552
6039,0.22838999999999998
6040,0.11347
6041,0.0076100000000000004
6042,0.0
6043,0.0
6044,0.0
6045,0.0
6046,0.0
6047,0.0
6048,0.0
6049,0.0
6050,0.0
6051,0.0
6052,0.0
6053,0.0
6054,0.04159
6055,0.15738999999999997
6056,0.33208
6057,0.39726999999999996
6058,0.43961
6059,0.50602
6060,0.51318
6061,0.60056
6062,0.40096
6063,0.31598000000000004
6064,0.12289
6065,0.005849999999999999
6066,0.0
6067,0.0
6068,0.0
6069,0.0
6070,0.0
6071,0.0
6072,0.0
6073,0.0
6074,0.0
6075,0.0
6076,0.0
6077,0.0
6078,0.07904000000000001
6079,0.28285000000000005
6080,0.4582
6081,0.59292
6082,0.66414
6083,0.71869
6084,0.68399
6085,0.59754
6086,0.46984
6087,0.3148
6088,0.12505
6089,0.0055
6090,0.0
6091,0.0
6092,0.0
6093,0.0
6094,0.0
6095,0.0
6096,0.0
6097,0.0
6098,0.0
6099,0.0
6100,0.0
6101,0.0
6102,0.09448999999999999
6103,0.28085000000000004
6104,0.42945999999999995
6105,0.47374
6106,0.62721
6107,0.60417
6108,0.57941
6109,0.5941000000000001
6110,0.43405
6111,0.28664
6112,0.12332
6113,0.00725
6114,0.0
6115,0.0
6116,0.0
6117,0.0
6118,0.0
6119,0.0
6120,0.0
6121,0.0
6122,0.0
6123,0.0
6124,0.0
6125,0.0
6126,0.0832
6127,0.27082
6128,0.44160000000000005
6129,0.60412
6130,0.6805399999999999
6131,0.68987
6132,0.6707000000000001
6133,0.62198
6134,0.46764
6135,0.32550999999999997
6136,0.11852
6137,0.00622
6138,0.0
6139,0.0
6140,0.0
6141,0.0
6142,0.0
6143,0.0
6144,0.0
6145,0.0
6146,0.0
6147,0.0
6148,0.0
6149,0.0
6150,0.06458
6151,0.25825
6152,0.40795
6153,0.57631
6154,0.62352
6155,0.70386
6156,0.6420800000000001
6157,0.47848
6158,0.41925999999999997
6159,0.26006999999999997
6160,0.09278
6161,0.007549999999999999
6162,0.0
6163,0.0
6164,0.0
6165,0.0
6166,0.0
6167,0.0
6168,0.0
6169,0.0
6170,0.0
6171,0.0
6172,0.0
6173,0.0
6174,0.10162
6175,0.30988
6176,0.48369
6177,0.61593
6178,0.68436
6179,0.67988
6180,0.6245299999999999
6181,0.55792
6182,0.47931
6183,0.31092000000000003
6184,0.12607
6185,0.004059999999999999
6186,0.0
6187,0.0
6188,0.0
6189,0.0
6190,0.0
6191,0.0
6192,0.0
6193,0.0
6194,0.0
6195,0.0
6196,0.0
6197,0.0
6198,0.09423000000000001
6199,0.30182
6200,0.46217
6201,0.57224
6202,0.6208400000000001
6203,0.6086
6204,0.6082799999999999
6205,0.62446
6206,0.39572
6207,0.31344
6208,0.12102
6209,0.0046500000000000005
6210,0.0
6211,0.0
6212,0.0
6213,0.0
6214,0.0
6215,0.0
6216,0.0
6217,0.0
6218,0.0
6219,0.0
6220,0.0
6221,0.0
6222,0.03908
6223,0.16616
6224,0.18827000000000002
6225,0.40504
6226,0.5931900000000001
6227,0.64258
6228,0.69847
6229,0.62118
6230,0.472
6231,0.30526
6232,0.1275
6233,0.00663
6234,0.0
6235,0.0
6236,0.0
6237,0.0
6238,0.0
6239,0.0
6240,0.0
6241,0.0
6242,0.0
6243,0.0
6244,0.0
6245,0.0
6246,0.09420999999999999
6247,0.26653
6248,0.36836
6249,0.46012000000000003
6250,0.5037900000000001
6251,0.6474500000000001
6252,0.60105
6253,0.59069
6254,0.50351
6255,0.34118
6256,0.12897
6257,0.00426
6258,0.0
6259,0.0
6260,0.0
6261,0.0
6262,0.0
6263,0.0
6264,0.0
6265,0.0
6266,0.0
6267,0.0
6268,0.0
6269,0.0
6270,0.06018
6271,0.27517
6272,0.41106
6273,0.59248
6274,0.65338
6275,0.69505
6276,0.5902200000000001
6277,0.24509
6278,0.23287
6279,0.33576
6280,0.13261
6281,0.005900000000000001
6282,0.0
6283,0.0
6284,0.0
6285,0.0
6286,0.0
6287,0.0
6288,0.0
6289,0.0
6290,0.0
6291,0.0
6292,0.0
6293,0.0
6294,0.10806
6295,0.305
6296,0.47833
6297,0.55672
6298,0.67588
6299,0.7133999999999999
6300,0.6774
6301,0.60949
6302,0.51085
6303,0.3367
6304,0.12491
6305,0.0036
6306,0.0
6307,0.0
6308,0.0
6309,0.0
6310,0.0
6311,0.0
6312,0.0
6313,0.0
6314,0.0
6315,0.0
6316,0.0
6317,0.0
6318,0.10712999999999999
6319,0.3205
6320,0.48741
6321,0.6017
6322,0.7061900000000001
6323,0.7233999999999999
6324,0.6935399999999999
6325,0.61642
6326,0.4649
6327,0.31516000000000005
6328,0.12904
6329,0.0035099999999999997
6330,0.0
6331,0.0
6332,0.0
6333,0.0
6334,0.0
6335,0.0
6336,0.0
6337,0.0
6338,0.0
6339,0.0
6340,0.0
6341,0.0
6342,0.09190000000000001
6343,0.284
6344,0.46032999999999996
6345,0.53039
6346,0.63061
6347,0.49817
6348,0.5285299999999999
6349,0.53461
6350,0.41352999999999995
6351,0.30669
6352,0.09909
6353,0.00311
6354,0.0
6355,0.0
6356,0.0
6357,0.0
6358,0.0
6359,0.0
6360,0.0
6361,0.0
6362,0.0
6363,0.0
6364,0.0
6365,0.0
6366,0.04269
6367,0.16366999999999998
6368,0.23607
6369,0.434
6370,0.5144
6371,0.46952999999999995
6372,0.52407
6373,0.48987
6374,0.34957
6375,0.223
6376,0.08989
6377,0.00514
6378,0.0
6379,0.0
6380,0.0
6381,0.0
6382,0.0
6383,0.0
6384,0.0
6385,0.0
6386,0.0
6387,0.0
6388,0.0
6389,0.0
6390,0.06252
6391,0.20106
6392,0.40101
6393,0.48529
6394,0.53738
6395,0.44849
6396,0.4682
6397,0.29789
6398,0.35120999999999997
6399,0.26136000000000004
6400,0.11863
6401,0.00664
6402,0.0
6403,0.0
6404,0.0
6405,0.0
6406,0.0
6407,0.0
6408,0.0
6409,0.0
6410,0.0
6411,0.0
6412,0.0
6413,0.0
6414,0.09173
6415,0.27938999999999997
6416,0.40244
6417,0.49662
6418,0.59413
6419,0.60327
6420,0.59021
6421,0.63176
6422,0.48651
6423,0.31917
6424,0.11633
6425,0.00262
6426,0.0
6427,0.0
6428,0.0
6429,0.0
6430,0.0
6431,0.0
6432,0.0
6433,0.0
6434,0.0
6435,0.0
6436,0.0
6437,0.0
6438,0.10886
6439,0.31795
6440,0.49810000000000004
6441,0.62054
6442,0.69014
6443,0.68964
6444,0.62519
6445,0.52787
6446,0.4797
6447,0.29264
6448,0.11489
6449,0.0021000000000000003
6450,0.0
6451,0.0
6452,0.0
6453,0.0
6454,0.0
6455,0.0
6456,0.0
6457,0.0
6458,0.0
6459,0.0
6460,0.0
6461,0.0
6462,0.11148000000000001
6463,0.3053
6464,0.47491
6465,0.6021599999999999
6466,0.68341
6467,0.67971
6468,0.6183099999999999
6469,0.4873
6470,0.3817
6471,0.26777999999999996
6472,0.07414
6473,0.0061200000000000004
6474,0.0
6475,0.0
6476,0.0
6477,0.0
6478,0.0
6479,0.0
6480,0.0
6481,0.0
6482,0.0
6483,0.0
6484,0.0
6485,0.0
6486,0.10773
6487,0.31022000000000005
6488,0.47827
6489,0.6163099999999999
6490,0.59964
6491,0.7133200000000001
6492,0.6403300000000001
6493,0.5811799999999999
6494,0.41362
6495,0.24178
6496,0.09473000000000001
6497,0.00335
6498,0.0
6499,0.0
6500,0.0
6501,0.0
6502,0.0
6503,0.0
6504,0.0
6505,0.0
6506,0.0
6507,0.0
6508,0.0
6509,0.0
6510,0.09097
6511,0.23028
6512,0.33734
6513,0.46841000000000005
6514,0.48965
6515,0.54999
6516,0.58273
6517,0.57437
6518,0.4811
6519,0.27781
6520,0.11026000000000001
6521,0.00185
6522,0.0
6523,0.0
6524,0.0
6525,0.0
6526,0.0
6527,0.0
6528,0.0
6529,0.0
6530,0.0
6531,0.0
6532,0.0
6533,0.0
6534,0.11939
6535,0.32691000000000003
6536,0.50131
6537,0.61721
6538,0.65325
6539,0.69677
6540,0.6556900000000001
6541,0.56717
6542,0.4555
6543,0.23853
6544,0.10024
6545,0.00141
6546,0.0
6547,0.0
6548,0.0
6549,0.0
6550,0.0
6551,0.0
6552,0.0
6553,0.0
6554,0.0
6555,0.0
6556,0.0
6557,0.0
6558,0.09548999999999999
6559,0.26927
6560,0.48241
6561,0.55896
6562,0.67568
6563,0.6841
6564,0.69524
6565,0.61898
6566,0.43462
6567,0.32597000000000004
6568,0.08628
6569,0.00219
6570,0.0
6571,0.0
6572,0.0
6573,0.0
6574,0.0
6575,0.0
6576,0.0
6577,0.0
6578,0.0
6579,0.0
6580,0.0
6581,0.0
6582,0.11527
6583,0.31933999999999996
6584,0.47696
6585,0.57451
6586,0.68777
6587,0.70139
6588,0.66818
6589,0.58815
6590,0.45012
6591,0.29324
6592,0.10318000000000001
6593,0.00347
6594,0.0
6595,0.0
6596,0.0
6597,0.0
6598,0.0
6599,0.0
6600,0.0
6601,0.0
6602,0.0
6603,0.0
6604,0.0
6605,0.0
6606,0.11756
6607,0.32685000000000003
6608,0.49692000000000003
6609,0.6195900000000001
6610,0.6750700000000001
6611,0.6600499999999999
6612,0.61091
6613,0.57069
6614,0.44256
6615,0.2707
6616,0.11244
6617,0.0023599999999999997
6618,0.0
6619,0.0
6620,0.0
6621,0.0
6622,0.0
6623,0.0
6624,0.0
6625,0.0
6626,0.0
6627,0.0
6628,0.0
6629,0.0
6630,0.09986
6631,0.30632
6632,0.45662
6633,0.60137
6634,0.6381
6635,0.70665
6636,0.67453
6637,0.54912
6638,0.35214999999999996
6639,0.22666999999999998
6640,0.1019
6641,0.00369
6642,0.0
6643,0.0
6644,0.0
6645,0.0
6646,0.0
6647,0.0
6648,0.0
6649,0.0
6650,0.0
6651,0.0
6652,0.0
6653,0.0
6654,0.13047999999999998
6655,0.33988
6656,0.50895
6657,0.6125
6658,0.63977
6659,0.58733
6660,0.60427
6661,0.5991599999999999
6662,0.42994
6663,0.25223
6664,0.08156999999999999
6665,0.0028799999999999997
6666,0.0
6667,0.0
6668,0.0
6669,0.0
6670,0.0
6671,0.0
6672,0.0
6673,0.0
6674,0.0
6675,0.0
6676,0.0
6677,0.0
6678,0.11898
6679,0.32345999999999997
6680,0.49242
6681,0.59708
6682,0.6703300000000001
6683,0.67174
6684,0.62148
6685,0.5810599999999999
6686,0.48787
6687,0.27595
6688,0.07526999999999999
6689,0.00126
6690,0.0
6691,0.0
6692,0.0
6693,0.0
6694,0.0
6695,0.0
6696,0.0
6697,0.0
6698,0.0
6699,0.0
6700,0.0
6701,0.0
6702,0.12833
6703,0.34126999999999996
6704,0.50669
6705,0.6286900000000001
6706,0.68431
6707,0.70168
6708,0.65066
6709,0.43797
6710,0.42313
6711,0.26809
6712,0.11485
6713,0.0027
6714,0.0
6715,0.0
6716,0.0
6717,0.0
6718,0.0
6719,0.0
6720,0.0
6721,0.0
6722,0.0
6723,0.0
6724,0.0
6725,0.0
6726,0.12276000000000001
6727,0.2769
6728,0.46043
6729,0.49118
6730,0.54784
6731,0.59251
6732,0.47936
6733,0.6064299999999999
6734,0.46104
6735,0.28913
6736,0.0965
6737,0.003
6738,0.0
6739,0.0
6740,0.0
6741,0.0
6742,0.0
6743,0.0
6744,0.0
6745,0.0
6746,0.0
6747,0.0
6748,0.0
6749,0.0
6750,0.11954000000000001
6751,0.33288999999999996
6752,0.49011
6753,0.5602999999999999
6754,0.6256900000000001
6755,0.65266
6756,0.60785
6757,0.5798300000000001
6758,0.48441
6759,0.26966
6760,0.08829000000000001
6761,0.00064
6762,0.0
6763,0.0
6764,0.0
6765,0.0
6766,0.0
6767,0.0
6768,0.0
6769,0.0
6770,0.0
6771,0.0
6772,0.0
6773,0.0
6774,0.03279
6775,0.10643999999999999
6776,0.14998
6777,0.34263
6778,0.5991799999999999
6779,0.63367
6780,0.5962000000000001
6781,0.58108
6782,0.43668
6783,0.26543
6784,0.10329
6785,0.0019299999999999999
6786,0.0
6787,0.0
6788,0.0
6789,0.0
6790,0.0
6791,0.0
6792,0.0
6793,0.0
6794,0.0
6795,0.0
6796,0.0
6797,0.0
6798,0.11347
6799,0.31410000000000005
6800,0.43829
6801,0.6167999999999999
6802,0.6915
6803,0.64846
6804,0.63771
6805,0.50947
6806,0.39350999999999997
6807,0.24279
6808,0.08989
6809,0.0018700000000000001
6810,0.0
6811,0.0
6812,0.0
6813,0.0
6814,0.0
6815,0.0
6816,0.0
6817,0.0
6818,0.0
6819,0.0
6820,0.0
6821,0.0
6822,0.13094
6823,0.33756
6824,0.51019
6825,0.6304299999999999
6826,0.65558
6827,0.65191
6828,0.63521
6829,0.5271
6830,0.4139
6831,0.26364
6832,0.09404000000000001
6833,0.00039
6834,0.0
6835,0.0
6836,0.0
6837,0.0
6838,0.0
6839,0.0
6840,0.0
6841,0.0
6842,0.0
6843,0.0
6844,0.0
6845,0.0
6846,0.12265999999999999
6847,0.32665
6848,0.45135000000000003
6849,0.5677000000000001
6850,0.6697799999999999
6851,0.68298
6852,0.5857
6853,0.54615
6854,0.39307
6855,0.18608000000000002
6856,0.06026
6857,0.0008399999999999999
6858,0.0
6859,0.0
6860,0.0
6861,0.0
6862,0.0
6863,0.0
6864,0.0
6865,0.0
6866,0.0
6867,0.0
6868,0.0
6869,0.0
6870,0.10121
6871,0.29569999999999996
6872,0.50036
6873,0.59581
6874,0.6885399999999999
6875,0.6781
6876,0.66337
6877,0.53761
6878,0.37677999999999995
6879,0.24039
6880,0.09608
6881,0.00109
6882,0.0
6883,0.0
6884,0.0
6885,0.0
6886,0.0
6887,0.0
6888,0.0
6889,0.0
6890,0.0
6891,0.0
6892,0.0
6893,0.0
6894,0.11853
6895,0.29213
6896,0.49145999999999995
6897,0.59663
6898,0.6704
6899,0.71809
6900,0.64797
6901,0.40306000000000003
6902,0.3956
6903,0.27970999999999996
6904,0.09081
6905,0.00151
6906,0.0
6907,0.0
6908,0.0
6909,0.0
6910,0.0
6911,0.0
6912,0.0
6913,0.0
6914,0.0
6915,0.0
6916,0.0
6917,0.0
6918,0.12913
6919,0.32669
6920,0.50257
6921,0.5995900000000001
6922,0.5978300000000001
6923,0.72057
6924,0.6858
6925,0.5619500000000001
6926,0.45274000000000003
6927,0.23372
6928,0.09848
6929,0.0011
6930,0.0
6931,0.0
6932,0.0
6933,0.0
6934,0.0
6935,0.0
6936,0.0
6937,0.0
6938,0.0
6939,0.0
6940,0.0
6941,0.0
6942,0.07122
6943,0.21406
6944,0.36186
6945,0.59093
6946,0.6274
6947,0.67675
6948,0.61675
6949,0.48406
6950,0.39676
6951,0.2464
6952,0.08274
6953,0.00047
6954,0.0
6955,0.0
6956,0.0
6957,0.0
6958,0.0
6959,0.0
6960,0.0
6961,0.0
6962,0.0
6963,0.0
6964,0.0
6965,0.0
6966,0.10751000000000001
6967,0.33772
6968,0.46376999999999996
6969,0.6128899999999999
6970,0.66086
6971,0.6952
6972,0.59726
6973,0.54937
6974,0.44165
6975,0.27593
6976,0.09064
6977,0.00066
6978,0.0
6979,0.0
6980,0.0
6981,0.0
6982,0.0
6983,0.0
6984,0.0
6985,0.0
6986,0.0
6987,0.0
6988,0.0
6989,0.0
6990,0.10224
6991,0.27144
6992,0.38242000000000004
6993,0.54286
6994,0.60773
6995,0.6446799999999999
6996,0.6455299999999999
6997,0.40723000000000004
6998,0.42357
6999,0.21071
7000,0.06906999999999999
7001,0.0014
7002,0.0
7003,0.0
7004,0.0
7005,0.0
7006,0.0
7007,0.0
7008,0.0
7009,0.0
7010,0.0
7011,0.0
7012,0.0
7013,0.0
7014,0.09562000000000001
7015,0.32744999999999996
7016,0.49960000000000004
7017,0.60851
7018,0.68137
7019,0.72415
7020,0.65879
7021,0.59666
7022,0.42019
7023,0.24761000000000002
7024,0.08968999999999999
7025,0.0
7026,0.0
7027,0.0
7028,0.0
7029,0.0
7030,0.0
7031,0.0
7032,0.0
7033,0.0
7034,0.0
7035,0.0
7036,0.0
7037,0.0
7038,0.09922
7039,0.31024
7040,0.48368
7041,0.55174
7042,0.69341
7043,0.7288300000000001
7044,0.6614500000000001
7045,0.58361
7046,0.42587
7047,0.27144999999999997
7048,0.09784999999999999
7049,0.0
7050,0.0
7051,0.0
7052,0.0
7053,0.0
7054,0.0
7055,0.0
7056,0.0
7057,0.0
7058,0.0
7059,0.0
7060,0.0
7061,0.0
7062,0.01859
7063,0.040060000000000005
7064,0.13769
7065,0.18938999999999998
7066,0.18575999999999998
7067,0.16653
7068,0.42012
7069,0.24772999999999998
7070,0.15587
7071,0.13734
7072,0.022850000000000002
7073,0.0
7074,0.0
7075,0.0
7076,0.0
7077,0.0
7078,0.0
7079,0.0
7080,0.0
7081,0.0
7082,0.0
7083,0.0
7084,0.0
7085,0.0
7086,0.06925
7087,0.29868
7088,0.42462
7089,0.52818
7090,0.66438
7091,0.64539
7092,0.6333
7093,0.51089
7094,0.32776
7095,0.21750999999999998
7096,0.09262999999999999
7097,0.0
7098,0.0
7099,0.0
7100,0.0
7101,0.0
7102,0.0
7103,0.0
7104,0.0
7105,0.0
7106,0.0
7107,0.0
7108,0.0
7109,0.0
7110,0.12812
7111,0.3172
7112,0.43301999999999996
7113,0.5636
7114,0.6543
7115,0.66708
7116,0.6269600000000001
7117,0.5857899999999999
7118,0.39108
7119,0.26775
7120,0.07628
7121,0.0
7122,0.0
7123,0.0
7124,0.0
7125,0.0
7126,0.0
7127,0.0
7128,0.0
7129,0.0
7130,0.0
7131,0.0
7132,0.0
7133,0.0
7134,0.09763
7135,0.32072
7136,0.46547000000000005
7137,0.59777
7138,0.68499
7139,0.6710499999999999
7140,0.56477
7141,0.2829
7142,0.26104
7143,0.15212
7144,0.06614
7145,0.0
7146,0.0
7147,0.0
7148,0.0
7149,0.0
7150,0.0
7151,0.0
7152,0.0
7153,0.0
7154,0.0
7155,0.0
7156,0.0
7157,0.0
7158,0.10642
7159,0.28687
7160,0.50384
7161,0.5909
7162,0.5814600000000001
7163,0.57759
7164,0.54861
7165,0.47668
7166,0.3944
7167,0.23446
7168,0.09603
7169,0.0
7170,0.0
7171,0.0
7172,0.0
7173,0.0
7174,0.0
7175,0.0
7176,0.0
7177,0.0
7178,0.0
7179,0.0
7180,0.0
7181,0.0
7182,0.10229
7183,0.30619
7184,0.39886
7185,0.25271
7186,0.30566000000000004
7187,0.34373000000000004
7188,0.38922
7189,0.32285
7190,0.22013
7191,0.21233000000000002
7192,0.09934
7193,0.0
7194,0.0
7195,0.0
7196,0.0
7197,0.0
7198,0.0
7199,0.0
7200,0.0
7201,0.0
7202,0.0
7203,0.0
7204,0.0
7205,0.0
7206,0.13498
7207,0.33767
7208,0.45335000000000003
7209,0.5282899999999999
7210,0.53084
7211,0.5401900000000001
7212,0.49611
7213,0.42941
7214,0.28251
7215,0.17132
7216,0.07099
7217,0.0
7218,0.0
7219,0.0
7220,0.0
7221,0.0
7222,0.0
7223,0.0
7224,0.0
7225,0.0
7226,0.0
7227,0.0
7228,0.0
7229,0.0
7230,0.02993
7231,0.03907
7232,0.16772
7233,0.28641
7234,0.36274
7235,0.29286
7236,0.36006
7237,0.21574000000000002
7238,0.25226
7239,0.22197999999999998
7240,0.08086
7241,0.0
7242,0.0
7243,0.0
7244,0.0
7245,0.0
7246,0.0
7247,0.0
7248,0.0
7249,0.0
7250,0.0
7251,0.0
7252,0.0
7253,0.0
7254,0.12285
7255,0.32988
7256,0.48905
7257,0.6163099999999999
7258,0.6938300000000001
7259,0.6653300000000001
7260,0.67269
7261,0.59866
7262,0.48192
7263,0.28763
7264,0.10031
7265,0.0
7266,0.0
7267,0.0
7268,0.0
7269,0.0
7270,0.0
7271,0.0
7272,0.0
7273,0.0
7274,0.0
7275,0.0
7276,0.0
7277,0.0
7278,0.13591999999999999
7279,0.33738999999999997
7280,0.5217200000000001
7281,0.63702
7282,0.7114199999999999
7283,0.66684
7284,0.63227
7285,0.5326000000000001
7286,0.43213999999999997
7287,0.27767000000000003
7288,0.07762999999999999
7289,0.0
7290,0.0
7291,0.0
7292,0.0
7293,0.0
7294,0.0
7295,0.0
7296,0.0
7297,0.0
7298,0.0
7299,0.0
7300,0.0
7301,0.0
7302,0.13463
7303,0.30065
7304,0.4471
7305,0.5854400000000001
7306,0.637
7307,0.64032
7308,0.65083
7309,0.49172000000000005
7310,0.41352
7311,0.26877
7312,0.07632
7313,0.0
7314,0.0
7315,0.0
7316,0.0
7317,0.0
7318,0.0
7319,0.0
7320,0.0
7321,0.0
7322,0.0
7323,0.0
7324,0.0
7325,0.0
7326,0.09015999999999999
7327,0.19418000000000002
7328,0.43945
7329,0.44381
7330,0.5242
7331,0.50532
7332,0.49251
7333,0.43431000000000003
7334,0.33013
7335,0.30201
7336,0.10092
7337,0.0
7338,0.0
7339,0.0
7340,0.0
7341,0.0
7342,0.0
7343,0.0
7344,0.0
7345,0.0
7346,0.0
7347,0.0
7348,0.0
7349,0.0
7350,0.11009000000000001
7351,0.2335
7352,0.39982999999999996
7353,0.53328
7354,0.5583899999999999
7355,0.6374500000000001
7356,0.6413300000000001
7357,0.4889
7358,0.40119
7359,0.2887
7360,0.08660999999999999
7361,0.0
7362,0.0
7363,0.0
7364,0.0
7365,0.0
7366,0.0
7367,0.0
7368,0.0
7369,0.0
7370,0.0
7371,0.0
7372,0.0
7373,0.0
7374,0.03617
7375,0.10143
7376,0.32374
7377,0.34736
7378,0.49126
7379,0.46594
7380,0.58539
7381,0.44289
7382,0.30628
7383,0.25054
7384,0.08681
7385,0.0
7386,0.0
7387,0.0
7388,0.0
7389,0.0
7390,0.0
7391,0.0
7392,0.0
7393,0.0
7394,0.0
7395,0.0
7396,0.0
7397,0.0
7398,0.07339
7399,0.27679000000000004
7400,0.41777
7401,0.43668
7402,0.6186900000000001
7403,0.65975
7404,0.60909
7405,0.49979
7406,0.3471
7407,0.23398
7408,0.08236
7409,0.0
7410,0.0
7411,0.0
7412,0.0
7413,0.0
7414,0.0
7415,0.0
7416,0.0
7417,0.0
7418,0.0
7419,0.0
7420,0.0
7421,0.0
7422,0.08623
7423,0.2576
7424,0.40735000000000005
7425,0.49887
7426,0.60682
7427,0.6113
7428,0.55983
7429,0.54592
7430,0.31937
7431,0.18297999999999998
7432,0.06395
7433,0.0
7434,0.0
7435,0.0
7436,0.0
7437,0.0
7438,0.0
7439,0.0
7440,0.0
7441,0.0
7442,0.0
7443,0.0
7444,0.0
7445,0.0
7446,0.0337
7447,0.12712
7448,0.264
7449,0.15803
7450,0.254
7451,0.22590000000000002
7452,0.47484
7453,0.40718
7454,0.38293
7455,0.25999
7456,0.07981999999999999
7457,0.0
7458,0.0
7459,0.0
7460,0.0
7461,0.0
7462,0.0
7463,0.0
7464,0.0
7465,0.0
7466,0.0
7467,0.0
7468,0.0
7469,0.0
7470,0.11597
7471,0.32198000000000004
7472,0.45313
7473,0.61297
7474,0.68937
7475,0.7077
7476,0.66089
7477,0.57124
7478,0.35018
7479,0.21152
7480,0.08443
7481,0.0
7482,0.0
7483,0.0
7484,0.0
7485,0.0
7486,0.0
7487,0.0
7488,0.0
7489,0.0
7490,0.0
7491,0.0
7492,0.0
7493,0.0
7494,0.10279
7495,0.29822000000000004
7496,0.45004
7497,0.5486599999999999
7498,0.62727
7499,0.64325
7500,0.58658
7501,0.43627
7502,0.44218999999999997
7503,0.2052
7504,0.09292
7505,0.0
7506,0.0
7507,0.0
7508,0.0
7509,0.0
7510,0.0
7511,0.0
7512,0.0
7513,0.0
7514,0.0
7515,0.0
7516,0.0
7517,0.0
7518,0.023969999999999998
7519,0.14
7520,0.24564
7521,0.42783
7522,0.4239
7523,0.5827
7524,0.4909
7525,0.4442
7526,0.20154
7527,0.15394
7528,0.054729999999999994
7529,0.0
7530,0.0
7531,0.0
7532,0.0
7533,0.0
7534,0.0
7535,0.0
7536,0.0
7537,0.0
7538,0.0
7539,0.0
7540,0.0
7541,0.0
7542,0.07801000000000001
7543,0.16843
7544,0.36008
7545,0.39477999999999996
7546,0.50607
7547,0.6191
7548,0.5515599999999999
7549,0.48343
7550,0.32206
7551,0.20984
7552,0.07562999999999999
7553,0.0
7554,0.0
7555,0.0
7556,0.0
7557,0.0
7558,0.0
7559,0.0
7560,0.0
7561,0.0
7562,0.0
7563,0.0
7564,0.0
7565,0.0
7566,0.09265999999999999
7567,0.2399
7568,0.22018000000000001
7569,0.20624
7570,0.33253
7571,0.59993
7572,0.56501
7573,0.57759
7574,0.44066000000000005
7575,0.27808
7576,0.08309
7577,0.0
7578,0.0
7579,0.0
7580,0.0
7581,0.0
7582,0.0
7583,0.0
7584,0.0
7585,0.0
7586,0.0
7587,0.0
7588,0.0
7589,0.0
7590,0.11402
7591,0.32919
7592,0.49536
7593,0.5808
7594,0.64559
7595,0.6377
7596,0.5508
7597,0.5829500000000001
7598,0.38275
7599,0.26743
7600,0.08617
7601,0.0
7602,0.0
7603,0.0
7604,0.0
7605,0.0
7606,0.0
7607,0.0
7608,0.0
7609,0.0
7610,0.0
7611,0.0
7612,0.0
7613,0.0
7614,0.09577
7615,0.29689
7616,0.40732999999999997
7617,0.55135
7618,0.60233
7619,0.6175499999999999
7620,0.67602
7621,0.59978
7622,0.45442
7623,0.26054
7624,0.08231000000000001
7625,0.0
7626,0.0
7627,0.0
7628,0.0
7629,0.0
7630,0.0
7631,0.0
7632,0.0
7633,0.0
7634,0.0
7635,0.0
7636,0.0
7637,0.0
7638,0.11869
7639,0.30993
7640,0.50001
7641,0.6245299999999999
7642,0.6931900000000001
7643,0.67538
7644,0.6055499999999999
7645,0.54986
7646,0.42504000000000003
7647,0.2752
7648,0.07887999999999999
7649,0.0
7650,0.0
7651,0.0
7652,0.0
7653,0.0
7654,0.0
7655,0.0
7656,0.0
7657,0.0
7658,0.0
7659,0.0
7660,0.0
7661,0.0
7662,0.14213
7663,0.35098
7664,0.51461
7665,0.62288
7666,0.69386
7667,0.70497
7668,0.65704
7669,0.52464
7670,0.46885000000000004
7671,0.3097
7672,0.11098000000000001
7673,0.0
7674,0.0
7675,0.0
7676,0.0
7677,0.0
7678,0.0
7679,0.0
7680,0.0
7681,0.0
7682,0.0
7683,0.0
7684,0.0
7685,0.0
7686,0.12426999999999999
7687,0.30101999999999995
7688,0.50443
7689,0.62824
7690,0.70462
7691,0.6975399999999999
7692,0.6792699999999999
7693,0.5996699999999999
7694,0.48052999999999996
7695,0.31209
7696,0.11178
7697,0.0
7698,0.0
7699,0.0
7700,0.0
7701,0.0
7702,0.0
7703,0.0
7704,0.0
7705,0.0
7706,0.0
7707,0.0
7708,0.0
7709,0.0
7710,0.11491
7711,0.32253
7712,0.46858999999999995
7713,0.6096900000000001
7714,0.66331
7715,0.6842699999999999
7716,0.6469199999999999
7717,0.51749
7718,0.44179
7719,0.26571
7720,0.09827
7721,0.0
7722,0.0
7723,0.0
7724,0.0
7725,0.0
7726,0.0
7727,0.0
7728,0.0
7729,0.0
7730,0.0
7731,0.0
7732,0.0
7733,0.0
7734,0.06505
7735,0.24386000000000002
7736,0.38587
7737,0.53228
7738,0.62458
7739,0.6299199999999999
7740,0.65491
7741,0.54534
7742,0.39641000000000004
7743,0.21788
7744,0.07705
7745,0.0
7746,0.0
7747,0.0
7748,0.0
7749,0.0
7750,0.0
7751,0.0
7752,0.0
7753,0.0
7754,0.0
7755,0.0
7756,0.0
7757,0.0
7758,0.12652
7759,0.334
7760,0.46544
7761,0.56144
7762,0.66479
7763,0.71365
7764,0.6464099999999999
7765,0.51183
7766,0.45253
7767,0.26538
7768,0.09137999999999999
7769,0.0
7770,0.0
7771,0.0
7772,0.0
7773,0.0
7774,0.0
7775,0.0
7776,0.0
7777,0.0
7778,0.0
7779,0.0
7780,0.0
7781,0.0
7782,0.11079
7783,0.31262
7784,0.47676
7785,0.61778
7786,0.59972
7787,0.61682
7788,0.66541
7789,0.57856
7790,0.44995999999999997
7791,0.22928
7792,0.08372
7793,0.0
7794,0.0
7795,0.0
7796,0.0
7797,0.0
7798,0.0
7799,0.0
7800,0.0
7801,0.0
7802,0.0
7803,0.0
7804,0.0
7805,0.0
7806,0.11313
7807,0.32767
7808,0.4671
7809,0.55013
7810,0.65165
7811,0.63599
7812,0.60534
7813,0.5339299999999999
7814,0.41024
7815,0.27042
7816,0.08841
7817,0.0
7818,0.0
7819,0.0
7820,0.0
7821,0.0
7822,0.0
7823,0.0
7824,0.0
7825,0.0
7826,0.0
7827,0.0
7828,0.0
7829,0.0
7830,0.08940000000000001
7831,0.28957
7832,0.47088
7833,0.60258
7834,0.66649
7835,0.70082
7836,0.65162
7837,0.60602
7838,0.47349
7839,0.29913999999999996
7840,0.10441
7841,0.0
7842,0.0
7843,0.0
7844,0.0
7845,0.0
7846,0.0
7847,0.0
7848,0.0
7849,0.0
7850,0.0
7851,0.0
7852,0.0
7853,0.0
7854,0.09259999999999999
7855,0.26516
7856,0.40109
7857,0.54131
7858,0.6021799999999999
7859,0.6889400000000001
7860,0.67869
7861,0.58339
7862,0.45427
7863,0.29569999999999996
7864,0.1148
7865,0.0
7866,0.0
7867,0.0
7868,0.0
7869,0.0
7870,0.0
7871,0.0
7872,0.0
7873,0.0
7874,0.0
7875,0.0
7876,0.0
7877,0.0
7878,0.08855
7879,0.29618
7880,0.49482
7881,0.61729
7882,0.70024
7883,0.7347
7884,0.66471
7885,0.51693
7886,0.44551
7887,0.28597
7888,0.09886
7889,0.0
7890,0.0
7891,0.0
7892,0.0
7893,0.0
7894,0.0
7895,0.0
7896,0.0
7897,0.0
7898,0.0
7899,0.0
7900,0.0
7901,0.0
7902,0.06903000000000001
7903,0.21156999999999998
7904,0.29168
7905,0.39159
7906,0.55296
7907,0.56579
7908,0.6670499999999999
7909,0.5277000000000001
7910,0.45600999999999997
7911,0.25446
7912,0.10817
7913,0.0
7914,0.0
7915,0.0
7916,0.0
7917,0.0
7918,0.0
7919,0.0
7920,0.0
7921,0.0
7922,0.0
7923,0.0
7924,0.0
7925,0.0
7926,0.08095999999999999
7927,0.1665
7928,0.33297000000000004
7929,0.5216000000000001
7930,0.53264
7931,0.62558
7932,0.57343
7933,0.50812
7934,0.38203
7935,0.21049
7936,0.08952
7937,0.0
7938,0.0
7939,0.0
7940,0.0
7941,0.0
7942,0.0
7943,0.0
7944,0.0
7945,0.0
7946,0.0
7947,0.0
7948,0.0
7949,0.0
7950,0.08045000000000001
7951,0.22206
7952,0.37804000000000004
7953,0.44147000000000003
7954,0.49094
7955,0.6313500000000001
7956,0.64874
7957,0.59414
7958,0.44095999999999996
7959,0.31131
7960,0.11181
7961,0.0
7962,0.0
7963,0.0
7964,0.0
7965,0.0
7966,0.0
7967,0.0
7968,0.0
7969,0.0
7970,0.0
7971,0.0
7972,0.0
7973,0.0
7974,0.07644
7975,0.26049
7976,0.39838999999999997
7977,0.50684
7978,0.6253500000000001
7979,0.71114
7980,0.6465
7981,0.6206499999999999
7982,0.43255
7983,0.25704000000000005
7984,0.11503000000000001
7985,0.0
7986,0.0
7987,0.0
7988,0.0
7989,0.0
7990,0.0
7991,0.0
7992,0.0
7993,0.0
7994,0.0
7995,0.0
7996,0.0
7997,0.0
7998,0.11323
7999,0.32477999999999996
8000,0.50032
8001,0.62091
8002,0.65142
8003,0.67703
8004,0.60672
8005,0.5937899999999999
8006,0.47929
8007,0.2877
8008,0.11226
8009,0.00063
8010,0.0
8011,0.0
8012,0.0
8013,0.0
8014,0.0
8015,0.0
8016,0.0
8017,0.0
8018,0.0
8019,0.0
8020,0.0
8021,0.0
8022,0.12456999999999999
8023,0.34008999999999995
8024,0.50618
8025,0.62539
8026,0.65534
8027,0.6315599999999999
8028,0.63122
8029,0.51183
8030,0.47664
8031,0.25833999999999996
8032,0.10912999999999999
8033,0.00181
8034,0.0
8035,0.0
8036,0.0
8037,0.0
8038,0.0
8039,0.0
8040,0.0
8041,0.0
8042,0.0
8043,0.0
8044,0.0
8045,0.0
8046,0.12294
8047,0.33137
8048,0.50336
8049,0.63398
8050,0.6997599999999999
8051,0.7476900000000001
8052,0.71016
8053,0.61114
8054,0.46091000000000004
8055,0.32012999999999997
8056,0.12353
8057,0.0007
8058,0.0
8059,0.0
8060,0.0
8061,0.0
8062,0.0
8063,0.0
8064,0.0
8065,0.0
8066,0.0
8067,0.0
8068,0.0
8069,0.0
8070,0.12339
8071,0.33705
8072,0.50707
8073,0.6263500000000001
8074,0.71282
8075,0.7359199999999999
8076,0.6840499999999999
8077,0.60885
8078,0.48842
8079,0.32055
8080,0.12429000000000001
8081,0.00068
8082,0.0
8083,0.0
8084,0.0
8085,0.0
8086,0.0
8087,0.0
8088,0.0
8089,0.0
8090,0.0
8091,0.0
8092,0.0
8093,0.0
8094,0.113
8095,0.25005
8096,0.40869
8097,0.48156
8098,0.6243200000000001
8099,0.72387
8100,0.68578
8101,0.6200399999999999
8102,0.49623
8103,0.31201
8104,0.11381999999999999
8105,0.0009
8106,0.0
8107,0.0
8108,0.0
8109,0.0
8110,0.0
8111,0.0
8112,0.0
8113,0.0
8114,0.0
8115,0.0
8116,0.0
8117,0.0
8118,0.12115000000000001
8119,0.32369
8120,0.49937
8121,0.62513
8122,0.70562
8123,0.5832200000000001
8124,0.57756
8125,0.5163
8126,0.4643
8127,0.30098
8128,0.11601
8129,0.00041999999999999996
8130,0.0
8131,0.0
8132,0.0
8133,0.0
8134,0.0
8135,0.0
8136,0.0
8137,0.0
8138,0.0
8139,0.0
8140,0.0
8141,0.0
8142,0.11829
8143,0.33188
8144,0.49665
8145,0.61838
8146,0.65943
8147,0.67259
8148,0.6389
8149,0.53543
8150,0.42169999999999996
8151,0.30155
8152,0.12552
8153,0.00216
8154,0.0
8155,0.0
8156,0.0
8157,0.0
8158,0.0
8159,0.0
8160,0.0
8161,0.0
8162,0.0
8163,0.0
8164,0.0
8165,0.0
8166,0.08556
8167,0.26212
8168,0.45402
8169,0.5549400000000001
8170,0.66543
8171,0.69249
8172,0.66991
8173,0.6256799999999999
8174,0.50031
8175,0.31582
8176,0.12830000000000003
8177,0.00083
8178,0.0
8179,0.0
8180,0.0
8181,0.0
8182,0.0
8183,0.0
8184,0.0
8185,0.0
8186,0.0
8187,0.0
8188,0.0
8189,0.0
8190,0.09492
8191,0.24281
8192,0.37018
8193,0.50748
8194,0.5153300000000001
8195,0.5545800000000001
8196,0.53912
8197,0.5353600000000001
8198,0.41583
8199,0.29073000000000004
8200,0.11479
8201,0.00117
8202,0.0
8203,0.0
8204,0.0
8205,0.0
8206,0.0
8207,0.0
8208,0.0
8209,0.0
8210,0.0
8211,0.0
8212,0.0
8213,0.0
8214,0.06763
8215,0.13138999999999998
8216,0.2037
8217,0.23088999999999998
8218,0.36501999999999996
8219,0.27377999999999997
8220,0.34997
8221,0.42927
8222,0.43513999999999997
8223,0.20609
8224,0.09026999999999999
8225,0.00016
8226,0.0
8227,0.0
8228,0.0
8229,0.0
8230,0.0
8231,0.0
8232,0.0
8233,0.0
8234,0.0
8235,0.0
8236,0.0
8237,0.0
8238,0.07035
8239,0.20106
8240,0.35663
8241,0.42528
8242,0.465
8243,0.56132
8244,0.5588
8245,0.51838
8246,0.3805
8247,0.22202000000000002
8248,0.10726000000000001
8249,0.00267
8250,0.0
8251,0.0
8252,0.0
8253,0.0
8254,0.0
8255,0.0
8256,0.0
8257,0.0
8258,0.0
8259,0.0
8260,0.0
8261,0.0
8262,0.08867
8263,0.31149
8264,0.46542
8265,0.58089
8266,0.62282
8267,0.61213
8268,0.61307
8269,0.56378
8270,0.48369
8271,0.33323
8272,0.13043000000000002
8273,0.0011799999999999998
8274,0.0
8275,0.0
8276,0.0
8277,0.0
8278,0.0
8279,0.0
8280,0.0
8281,0.0
8282,0.0
8283,0.0
8284,0.0
8285,0.0
8286,0.108
8287,0.31244
8288,0.47866000000000003
8289,0.60393
8290,0.6909299999999999
8291,0.70043
8292,0.66862
8293,0.5365599999999999
8294,0.45719
8295,0.31107
8296,0.1336
8297,0.00124
8298,0.0
8299,0.0
8300,0.0
8301,0.0
8302,0.0
8303,0.0
8304,0.0
8305,0.0
8306,0.0
8307,0.0
8308,0.0
8309,0.0
8310,0.10014
8311,0.314
8312,0.47176999999999997
8313,0.6083
8314,0.66299
8315,0.6145499999999999
8316,0.55386
8317,0.52579
8318,0.48544
8319,0.27724
8320,0.11481
8321,0.0009599999999999999
8322,0.0
8323,0.0
8324,0.0
8325,0.0
8326,0.0
8327,0.0
8328,0.0
8329,0.0
8330,0.0
8331,0.0
8332,0.0
8333,0.0
8334,0.09733
8335,0.2998
8336,0.46632999999999997
8337,0.58968
8338,0.59348
8339,0.7125199999999999
8340,0.63319
8341,0.57408
8342,0.43427
8343,0.23075
8344,0.08951
8345,0.00229
8346,0.0
8347,0.0
8348,0.0
8349,0.0
8350,0.0
8351,0.0
8352,0.0
8353,0.0
8354,0.0
8355,0.0
8356,0.0
8357,0.0
8358,0.060520000000000004
8359,0.17513
8360,0.32321
8361,0.56767
8362,0.57078
8363,0.53358
8364,0.59587
8365,0.38636000000000004
8366,0.42562
8367,0.30172000000000004
8368,0.10922
8369,0.00127
8370,0.0
8371,0.0
8372,0.0
8373,0.0
8374,0.0
8375,0.0
8376,0.0
8377,0.0
8378,0.0
8379,0.0
8380,0.0
8381,0.0
8382,0.07252
8383,0.24062
8384,0.37131000000000003
8385,0.48561
8386,0.52624
8387,0.60046
8388,0.5004700000000001
8389,0.44825
8390,0.29682
8391,0.15555000000000002
8392,0.07715000000000001
8393,0.00297
8394,0.0
8395,0.0
8396,0.0
8397,0.0
8398,0.0
8399,0.0
8400,0.0
8401,0.0
8402,0.0
8403,0.0
8404,0.0
8405,0.0
8406,0.00785
8407,0.06271
8408,0.227
8409,0.39538999999999996
8410,0.44151
8411,0.55313
8412,0.52326
8413,0.48361000000000004
8414,0.30952999999999997
8415,0.22698
8416,0.06803000000000001
8417,0.0017900000000000001
8418,0.0
8419,0.0
8420,0.0
8421,0.0
8422,0.0
8423,0.0
8424,0.0
8425,0.0
8426,0.0
8427,0.0
8428,0.0
8429,0.0
8430,0.08521
8431,0.24922999999999998
8432,0.42942
8433,0.5471
8434,0.5475399999999999
8435,0.6026900000000001
8436,0.61266
8437,0.4623
8438,0.45439999999999997
8439,0.23601
8440,0.09592
8441,0.0014399999999999999
8442,0.0
8443,0.0
8444,0.0
8445,0.0
8446,0.0
8447,0.0
8448,0.0
8449,0.0
8450,0.0
8451,0.0
8452,0.0
8453,0.0
8454,0.07526999999999999
8455,0.22684
8456,0.37479
8457,0.47381
8458,0.5012
8459,0.55714
8460,0.50427
8461,0.41264
8462,0.33463
8463,0.24853
8464,0.07518999999999999
8465,0.00099
8466,0.0
8467,0.0
8468,0.0
8469,0.0
8470,0.0
8471,0.0
8472,0.0
8473,0.0
8474,0.0
8475,0.0
8476,0.0
8477,0.0
8478,0.06232
8479,0.2084
8480,0.32177
8481,0.48931
8482,0.55064
8483,0.64761
8484,0.6051599999999999
8485,0.27276999999999996
8486,0.21699000000000002
8487,0.18978
8488,0.08929000000000001
8489,0.00228
8490,0.0
8491,0.0
8492,0.0
8493,0.0
8494,0.0
8495,0.0
8496,0.0
8497,0.0
8498,0.0
8499,0.0
8500,0.0
8501,0.0
8502,0.05049
8503,0.22775
8504,0.3388
8505,0.47931999999999997
8506,0.54459
8507,0.57564
8508,0.6375
8509,0.46723000000000003
8510,0.35835
8511,0.25209
8512,0.10081999999999999
8513,0.0037
8514,0.0
8515,0.0
8516,0.0
8517,0.0
8518,0.0
8519,0.0
8520,0.0
8521,0.0
8522,0.0
8523,0.0
8524,0.0
8525,0.0
8526,0.07593000000000001
8527,0.28287
8528,0.41858
8529,0.5917899999999999
8530,0.49819
8531,0.62029
8532,0.62993
8533,0.53097
8534,0.38314
8535,0.22041999999999998
8536,0.12875
8537,0.00313
8538,0.0
8539,0.0
8540,0.0
8541,0.0
8542,0.0
8543,0.0
8544,0.0
8545,0.0
8546,0.0
8547,0.0
8548,0.0
8549,0.0
8550,0.07065
8551,0.27444999999999997
8552,0.33831
8553,0.5304800000000001
8554,0.52474
8555,0.52626
8556,0.59693
8557,0.43311
8558,0.40585000000000004
8559,0.23037
8560,0.12761
8561,0.00268
8562,0.0
8563,0.0
8564,0.0
8565,0.0
8566,0.0
8567,0.0
8568,0.0
8569,0.0
8570,0.0
8571,0.0
8572,0.0
8573,0.0
8574,0.07334
8575,0.23486
8576,0.42081
8577,0.51776
8578,0.56567
8579,0.70004
8580,0.64489
8581,0.5088
8582,0.46754
8583,0.26016
8584,0.12944999999999998
8585,0.00458
8586,0.0
8587,0.0
8588,0.0
8589,0.0
8590,0.0
8591,0.0
8592,0.0
8593,0.0
8594,0.0
8595,0.0
8596,0.0
8597,0.0
8598,0.00894
8599,0.14045
8600,0.20318
8601,0.24811000000000002
8602,0.29378
8603,0.38043
8604,0.43677999999999995
8605,0.60795
8606,0.4716
8607,0.30549
8608,0.12171
8609,0.0054800000000000005
8610,0.0
8611,0.0
8612,0.0
8613,0.0
8614,0.0
8615,0.0
8616,0.0
8617,0.0
8618,0.0
8619,0.0
8620,0.0
8621,0.0
8622,0.04235
8623,0.21716
8624,0.29935
8625,0.40826999999999997
8626,0.5081600000000001
8627,0.5406
8628,0.4933
8629,0.51587
8630,0.36845
8631,0.21252000000000001
8632,0.08778
8633,0.00604
8634,0.0
8635,0.0
8636,0.0
8637,0.0
8638,0.0
8639,0.0
8640,0.0
8641,0.0
8642,0.0
8643,0.0
8644,0.0
8645,0.0
8646,0.0632
8647,0.21965
8648,0.40313
8649,0.54204
8650,0.59053
8651,0.6216499999999999
8652,0.6157999999999999
8653,0.5841799999999999
8654,0.41661000000000004
8655,0.24702000000000002
8656,0.09792000000000001
8657,0.00484
8658,0.0
8659,0.0
8660,0.0
8661,0.0
8662,0.0
8663,0.0
8664,0.0
8665,0.0
8666,0.0
8667,0.0
8668,0.0
8669,0.0
8670,0.06818
8671,0.22758
8672,0.40277999999999997
8673,0.54283
8674,0.6195499999999999
8675,0.68055
8676,0.60642
8677,0.54165
8678,0.39481
8679,0.28102
8680,0.09972
8681,0.004
8682,0.0
8683,0.0
8684,0.0
8685,0.0
8686,0.0
8687,0.0
8688,0.0
8689,0.0
8690,0.0
8691,0.0
8692,0.0
8693,0.0
8694,0.05304
8695,0.24592
8696,0.38435
8697,0.50392
8698,0.5918
8699,0.67828
8700,0.53952
8701,0.53027
8702,0.37418
8703,0.24688
8704,0.10812999999999999
8705,0.00783
8706,0.0
8707,0.0
8708,0.0
8709,0.0
8710,0.0
8711,0.0
8712,0.0
8713,0.0
8714,0.0
8715,0.0
8716,0.0
8717,0.0
8718,0.07426
8719,0.24605000000000002
8720,0.44609
8721,0.52318
8722,0.5718099999999999
8723,0.66508
8724,0.63576
8725,0.54603
8726,0.44139999999999996
8727,0.35702
8728,0.11939
8729,0.00737
8730,0.0
8731,0.0
8732,0.0
8733,0.0
8734,0.0
8735,0.0
8736,0.0
8737,0.0
8738,0.0
8739,0.0
8740,0.0
8741,0.0
8742,0.07426
8743,0.28229000000000004
8744,0.43177
8745,0.58793
8746,0.6024700000000001
8747,0.67731
8748,0.6674500000000001
8749,0.58012
8750,0.44473
8751,0.26467
8752,0.13501
8753,0.02513
8754,0.0
8755,0.0
8756,0.0
8757,0.0
8758,0.0
8759,0.0
