,pv_per_unit
0,0.0
1,0.0
2,0.0
3,0.0
4,0.0
5,0.0
6,0.0023799999999999997
7,0.056170000000000005
8,0.20939
9,0.30948000000000003
10,0.41942
11,0.36649
12,0.45917
13,0.53243
14,0.45509
15,0.35181
16,0.16944
17,0.03603
18,0.0
19,0.0
20,0.0
21,0.0
22,0.0
23,0.0
24,0.0
25,0.0
26,0.0
27,0.0
28,0.0
29,0.0
30,0.01326
31,0.15427000000000002
32,0.39262
33,0.53413
34,0.5577000000000001
35,0.5851799999999999
36,0.4556
37,0.5507000000000001
38,0.5271
39,0.38298000000000004
40,0.20745
41,0.03656
42,0.0
43,0.0
44,0.0
45,0.0
46,0.0
47,0.0
48,0.0
49,0.0
50,0.0
51,0.0
52,0.0
53,0.0
54,0.015519999999999999
55,0.21187999999999999
56,0.4098
57,0.48173
58,0.4375
59,0.55716
60,0.63061
61,0.55226
62,0.42731
63,0.26242000000000004
64,0.16415000000000002
65,0.02935
66,0.0
67,0.0
68,0.0
69,0.0
70,0.0
71,0.0
72,0.0
73,0.0
74,0.0
75,0.0
76,0.0
77,0.0
78,0.00876
79,0.08775
80,0.13992
81,0.3048
82,0.307
83,0.5605399999999999
84,0.5113
85,0.47013
86,0.35429
87,0.24409999999999998
88,0.11001000000000001
89,0.02002
90,0.0
91,0.0
92,0.0
93,0.0
94,0.0
95,0.0
96,0.0
97,0.0
98,0.0
99,0.0
100,0.0
101,0.0
102,0.00758
103,0.10197
104,0.20565
105,0.26568
106,0.4128
107,0.38279
108,0.5564199999999999
109,0.43174
110,0.26399
111,0.18106
112,0.10737000000000001
113,0.01466
114,0.0
115,0.0
116,0.0
117,0.0
118,0.0
119,0.0
120,0.0
121,0.0
122,0.0
123,0.0
124,0.0
125,0.0
126,0.00164
127,0.03227
128,0.21463
129,0.18481999999999998
130,0.19969
131,0.35919999999999996
132,0.34149
133,0.44687
134,0.4589
135,0.32938
136,0.15205000000000002
137,0.0292
138,0.0
139,0.0
140,0.0
141,0.0
142,0.0
143,0.0
144,0.0
145,0.0
146,0.0
147,0.0
148,0.0
149,0.0
150,0.00512
151,0.10182
152,0.18292
153,0.35405000000000003
154,0.48687
155,0.5248999999999999
156,0.56729
157,0.45004
158,0.34455
159,0.2538
160,0.13862
161,0.02556
162,0.0
163,0.0
164,0.0
165,0.0
166,0.0
167,0.0
168,0.0
169,0.0
170,0.0
171,0.0
172,0.0
173,0.0
174,0.00642
175,0.07076
176,0.11245000000000001
177,0.35425
178,0.42551
179,0.40291000000000005
180,0.39879000000000003
181,0.47204
182,0.3378
183,0.22631
184,0.08872
185,0.02196
186,0.0
187,0.0
188,0.0
189,0.0
190,0.0
191,0.0
192,0.0
193,0.0
194,0.0
195,0.0
196,0.0
197,0.0
198,0.0074
199,0.07490999999999999
200,0.18248
201,0.24155000000000001
202,0.29529
203,0.24644
204,0.31141
205,0.41639
206,0.38748
207,0.28452999999999995
208,0.12212
209,0.02184
210,0.0
211,0.0
212,0.0
213,0.0
214,0.0
215,0.0
216,0.0
217,0.0
218,0.0
219,0.0
220,0.0
221,0.0
222,0.011869999999999999
223,0.13461
224,0.34174
225,0.4578
226,0.54948
227,0.56408
228,0.48133
229,0.42676
230,0.29447
231,0.28901
232,0.1023
233,0.01687
234,0.0
235,0.0
236,0.0
237,0.0
238,0.0
239,0.0
240,0.0
241,0.0
242,0.0
243,0.0
244,0.0
245,0.0
246,0.00314
247,0.05892
248,0.20576
249,0.25814
250,0.33570999999999995
251,0.38315
252,0.53552
253,0.30599
254,0.31957
255,0.26361
256,0.13084
257,0.01933
258,0.0
259,0.0
260,0.0
261,0.0
262,0.0
263,0.0
264,0.0
265,0.0
266,0.0
267,0.0
268,0.0
269,0.0
270,0.00456
271,0.07354999999999999
272,0.224
273,0.42907999999999996
274,0.47699
275,0.42464999999999997
276,0.44135
277,0.51983
278,0.41464
279,0.31891
280,0.13235
281,0.01874
282,0.0
283,0.0
284,0.0
285,0.0
286,0.0
287,0.0
288,0.0
289,0.0
290,0.0
291,0.0
292,0.0
293,0.0
294,0.00463
295,0.08123999999999999
296,0.16909
297,0.30113999999999996
298,0.34418
299,0.33564
300,0.41282
301,0.55917
302,0.42855
303,0.20795
304,0.08697
305,0.01717
306,0.0
307,0.0
308,0.0
309,0.0
310,0.0
311,0.0
312,0.0
313,0.0
314,0.0
315,0.0
316,0.0
317,0.0
318,0.00327
319,0.04039
320,0.16047999999999998
321,0.24469
322,0.39366
323,0.40832
324,0.55301
325,0.41764999999999997
326,0.46232999999999996
327,0.33409
328,0.17709
329,0.030379999999999997
330,0.0
331,0.0
332,0.0
333,0.0
334,0.0
335,0.0
336,0.0
337,0.0
338,0.0
339,0.0
340,0.0
341,0.0
342,0.0014399999999999999
343,0.048420000000000005
344,0.16352
345,0.22741
346,0.22691999999999998
347,0.23113
348,0.2891
349,0.44139999999999996
350,0.40702999999999995
351,0.27876999999999996
352,0.11451
353,0.047240000000000004
354,0.0
355,0.0
356,0.0
357,0.0
358,0.0
359,0.0
360,0.0
361,0.0
362,0.0
363,0.0
364,0.0
365,0.0
366,0.00218
367,0.07168000000000001
368,0.23328
369,0.3455
370,0.4015
371,0.42797
372,0.51777
373,0.52942
374,0.47793
375,0.32191000000000003
376,0.14165
377,0.03236
378,0.0
379,0.0
380,0.0
381,0.0
382,0.0
383,0.0
384,0.0
385,0.0
386,0.0
387,0.0
388,0.0
389,0.0
390,0.00426
391,0.04956
392,0.2356
393,0.43259
394,0.54174
395,0.6544800000000001
396,0.52366
397,0.49788
398,0.31843
399,0.2515
400,0.09817000000000001
401,0.02939
402,0.0
403,0.0
404,0.0
405,0.0
406,0.0
407,0.0
408,0.0
409,0.0
410,0.0
411,0.0
412,0.0
413,0.0
414,0.0049900000000000005
415,0.07287
416,0.27125
417,0.30131
418,0.32712
419,0.56526
420,0.50208
421,0.33301
422,0.33837
423,0.16491999999999998
424,0.06541
425,0.02178
426,0.0
427,0.0
428,0.0
429,0.0
430,0.0
431,0.0
432,0.0
433,0.0
434,0.0
435,0.0
436,0.0
437,0.0
438,0.004730000000000001
439,0.11015000000000001
440,0.22511
441,0.31407
442,0.42295
443,0.53704
444,0.58875
445,0.33438999999999997
446,0.34554
447,0.1995
448,0.13638
449,0.02705
450,0.0
451,0.0
452,0.0
453,0.0
454,0.0
455,0.0
456,0.0
457,0.0
458,0.0
459,0.0
460,0.0
461,0.0
462,0.00709
463,0.14271999999999999
464,0.34879000000000004
465,0.50289
466,0.59604
467,0.6924199999999999
468,0.62222
469,0.50425
470,0.33737
471,0.28349
472,0.13244999999999998
473,0.029679999999999998
474,0.0
475,0.0
476,0.0
477,0.0
478,0.0
479,0.0
480,0.0
481,0.0
482,0.0
483,0.0
484,0.0
485,0.0
486,0.00728
487,0.13137000000000001
488,0.35375999999999996
489,0.3778
490,0.5648500000000001
491,0.6357200000000001
492,0.63932
493,0.56283
494,0.5583899999999999
495,0.38364
496,0.23098
497,0.05066
498,0.0
499,0.0
500,0.0
501,0.0
502,0.0
503,0.0
504,0.0
505,0.0
506,0.0
507,0.0
508,0.0
509,0.0
510,0.01087
511,0.1326
512,0.29686
513,0.48564999999999997
514,0.53651
515,0.65049
516,0.6261
517,0.74936
518,0.62998
519,0.44780000000000003
520,0.24409
521,0.07106
522,0.0
523,0.0
524,0.0
525,0.0
526,0.0
527,0.0
528,0.0
529,0.0
530,0.0
531,0.0
532,0.0
533,0.0
534,0.00375
535,0.14829
536,0.28092
537,0.46029000000000003
538,0.43851999999999997
539,0.39299
540,0.61123
541,0.58151
542,0.5539299999999999
543,0.45661
544,0.24762
545,0.05191
546,0.0
547,0.0
548,0.0
549,0.0
550,0.0
551,0.0
552,0.0
553,0.0
554,0.0
555,0.0
556,0.0
557,0.0
558,0.00705
559,0.14134
560,0.27636
561,0.47631
562,0.52808
563,0.56729
564,0.61946
565,0.6269
566,0.39194999999999997
567,0.33231
568,0.22507
569,0.05465999999999999
570,0.0
571,0.0
572,0.0
573,0.0
574,0.0
575,0.0
576,0.0
577,0.0
578,0.0
579,0.0
580,0.0
581,0.0
582,0.00475
583,0.13807
584,0.27741000000000005
585,0.42979
586,0.5870700000000001
587,0.54845
588,0.6708999999999999
589,0.61188
590,0.45322
591,0.37893
592,0.23296
593,0.05526
594,0.0
595,0.0
596,0.0
597,0.0
598,0.0
599,0.0
600,0.0
601,0.0
602,0.0
603,0.0
604,0.0
605,0.0
606,0.0017
607,0.06962
608,0.1812
609,0.34052
610,0.33499
611,0.49345999999999995
612,0.4756
613,0.32844999999999996
614,0.22404
615,0.1794
616,0.07783
617,0.01459
618,0.0
619,0.0
620,0.0
621,0.0
622,0.0
623,0.0
624,0.0
625,0.0
626,0.0
627,0.0
628,0.0
629,0.0
630,0.00294
631,0.054700000000000006
632,0.12301000000000001
633,0.14626
634,0.13757
635,0.19332
636,0.48167000000000004
637,0.26494999999999996
638,0.27169
639,0.28998
640,0.14434
641,0.04453
642,0.0
643,0.0
644,0.0
645,0.0
646,0.0
647,0.0
648,0.0
649,0.0
650,0.0
651,0.0
652,0.0
653,0.0
654,0.0
655,0.01601
656,0.06132
657,0.14736000000000002
658,0.19504
659,0.30417
660,0.39494
661,0.42610000000000003
662,0.45903
663,0.36285
664,0.20855
665,0.03587
666,0.0
667,0.0
668,0.0
669,0.0
670,0.0
671,0.0
672,0.0
673,0.0
674,0.0
675,0.0
676,0.0
677,0.0
678,0.00067
679,0.05602
680,0.17586000000000002
681,0.33344999999999997
682,0.42248
683,0.4672
684,0.53922
685,0.47355
686,0.40467000000000003
687,0.38568
688,0.19387000000000001
689,0.05411
690,0.0
691,0.0
692,0.0
693,0.0
694,0.0
695,0.0
696,0.0
697,0.0
698,0.0
699,0.0
700,0.0
701,0.0
702,0.00363
703,0.09381999999999999
704,0.25754000000000005
705,0.3312
706,0.39659
707,0.29814999999999997
708,0.54284
709,0.49595
710,0.44239999999999996
711,0.22097999999999998
712,0.15666
713,0.02759
714,0.0
715,0.0
716,0.0
717,0.0
718,0.0
719,0.0
720,0.0
721,0.0
722,0.0
723,0.0
724,0.0
725,0.0
726,0.00701
727,0.11314
728,0.28645
729,0.44633
730,0.5604199999999999
731,0.49916000000000005
732,0.4894
733,0.48066000000000003
734,0.38687
735,0.23908000000000001
736,0.14891
737,0.043340000000000004
738,0.0
739,0.0
740,0.0
741,0.0
742,0.0
743,0.0
744,0.0
745,0.0
746,0.0
747,0.0
748,0.0
749,0.0
750,0.00357
751,0.06595000000000001
752,0.2895
753,0.50027
754,0.59649
755,0.5202100000000001
756,0.51027
757,0.5952200000000001
758,0.43157999999999996
759,0.33793
760,0.19506
761,0.04342
762,0.0
763,0.0
764,0.0
765,0.0
766,0.0
767,0.0
768,0.0
769,0.0
770,0.0
771,0.0
772,0.0
773,0.0
774,0.0037099999999999998
775,0.07361
776,0.21553
777,0.43905
778,0.5509700000000001
779,0.60136
780,0.61313
781,0.62486
782,0.54264
783,0.42532
784,0.2016
785,0.06823
786,0.0
787,0.0
788,0.0
789,0.0
790,0.0
791,0.0
792,0.0
793,0.0
794,0.0
795,0.0
796,0.0
797,0.0
798,0.00311
799,0.12171
800,0.32066
801,0.50918
802,0.6503099999999999
803,0.61822
804,0.63414
805,0.6806599999999999
806,0.5384
807,0.42362
808,0.23709
809,0.06079
810,0.0
811,0.0
812,0.0
813,0.0
814,0.0
815,0.0
816,0.0
817,0.0
818,0.0
819,0.0
820,0.0
821,0.0
822,0.008119999999999999
823,0.12806
824,0.34484
825,0.53299
826,0.6436000000000001
827,0.6183099999999999
828,0.65814
829,0.65992
830,0.54392
831,0.44064
832,0.21530000000000002
833,0.06745999999999999
834,0.0
835,0.0
836,0.0
837,0.0
838,0.0
839,0.0
840,0.0
841,0.0
842,0.0
843,0.0
844,0.0
845,0.0
846,0.00939
847,0.14967
848,0.33144999999999997
849,0.39786
850,0.59409
851,0.63938
852,0.6951900000000001
853,0.64086
854,0.48662
855,0.33156
856,0.22421000000000002
857,0.07518999999999999
858,0.0
859,0.0
860,0.0
861,0.0
862,0.0
863,0.0
864,0.0
865,0.0
866,0.0
867,0.0
868,0.0
869,0.0
870,0.0065
871,0.14118
872,0.38582
873,0.56748
874,0.71146
875,0.7958099999999999
876,0.81941
877,0.76786
878,0.62671
879,0.52351
880,0.25682
881,0.06946
882,0.0
883,0.0
884,0.0
885,0.0
886,0.0
887,0.0
888,0.0
889,0.0
890,0.0
891,0.0
892,0.0
893,0.0
894,0.00933
895,0.17912
896,0.39853
897,0.54925
898,0.68011
899,0.80277
900,0.77346
901,0.78062
902,0.67923
903,0.52732
904,0.2847
905,0.08397
906,0.0
907,0.0
908,0.0
909,0.0
910,0.0
911,0.0
912,0.0
913,0.0
914,0.0
915,0.0
916,0.0
917,0.0
918,0.01082
919,0.13867
920,0.34979000000000005
921,0.61215
922,0.7340399999999999
923,0.78672
924,0.80703
925,0.79371
926,0.67984
927,0.54008
928,0.29725
929,0.09181
930,0.0
931,0.0
932,0.0
933,0.0
934,0.0
935,0.0
936,0.0
937,0.0
938,0.0
939,0.0
940,0.0
941,0.0
942,0.0077599999999999995
943,0.15319
944,0.36952999999999997
945,0.58996
946,0.66671
947,0.7272000000000001
948,0.71073
949,0.64559
950,0.55853
951,0.35368
952,0.22327000000000002
953,0.06364
954,0.0
955,0.0
956,0.0
957,0.0
958,0.0
959,0.0
960,0.0
961,0.0
962,0.0
963,0.0
964,0.0
965,0.0
966,0.0029
967,0.06079
968,0.19954
969,0.29701
970,0.34473000000000004
971,0.35660000000000003
972,0.4422
973,0.5097
974,0.44074
975,0.27113
976,0.16038999999999998
977,0.04038
978,0.0
979,0.0
980,0.0
981,0.0
982,0.0
983,0.0
984,0.0
985,0.0
986,0.0
987,0.0
988,0.0
989,0.0
990,0.0023799999999999997
991,0.07707
992,0.24425999999999998
993,0.39885000000000004
994,0.51099
995,0.51028
996,0.56341
997,0.5919099999999999
998,0.50305
999,0.40419
1000,0.22269
1001,0.048549999999999996
1002,0.0
1003,0.0
1004,0.0
1005,0.0
1006,0.0
1007,0.0
1008,0.0
1009,0.0
1010,0.0
1011,0.0
1012,0.0
1013,0.0
1014,0.0038900000000000002
1015,0.06903000000000001
1016,0.23809
1017,0.40057
1018,0.45761
1019,0.52944
1020,0.63324
1021,0.53415
1022,0.38304000000000005
1023,0.22077000000000002
1024,0.10442
1025,0.019420000000000003
1026,0.0
1027,0.0
1028,0.0
1029,0.0
1030,0.0
1031,0.0
1032,0.0
1033,0.0
1034,0.0
1035,0.0
1036,0.0
1037,0.0
1038,0.0061600000000000005
1039,0.11886
1040,0.286
1041,0.38062
1042,0.47626999999999997
1043,0.58854
1044,0.6712
1045,0.61401
1046,0.49231
1047,0.31751999999999997
1048,0.21406999999999998
1049,0.052039999999999996
1050,0.0
1051,0.0
1052,0.0
1053,0.0
1054,0.0
1055,0.0
1056,0.0
1057,0.0
1058,0.0
1059,0.0
1060,0.0
1061,0.0
1062,0.00426
1063,0.07067
1064,0.24033000000000002
1065,0.31153
1066,0.48113
1067,0.49941
1068,0.5826
1069,0.59442
1070,0.5245299999999999
1071,0.44506999999999997
1072,0.24330000000000002
1073,0.04614
1074,0.0
1075,0.0
1076,0.0
1077,0.0
1078,0.0
1079,0.0
1080,0.0
1081,0.0
1082,0.0
1083,0.0
1084,0.0
1085,0.0
1086,0.00993
1087,0.11201
1088,0.23691
1089,0.36694
1090,0.5764900000000001
1091,0.59394
1092,0.5086499999999999
1093,0.60333
1094,0.50795
1095,0.41554
1096,0.20851
1097,0.04671
1098,0.0
1099,0.0
1100,0.0
1101,0.0
1102,0.0
1103,0.0
1104,0.0
1105,0.0
1106,0.0
1107,0.0
1108,0.0
1109,0.0
1110,0.00621
1111,0.10064000000000001
1112,0.25295
1113,0.37672000000000005
1114,0.45527
1115,0.50851
1116,0.45083999999999996
1117,0.38562
1118,0.49473
1119,0.39699
1120,0.22533
1121,0.0653
1122,0.0
1123,0.0
1124,0.0
1125,0.0
1126,0.0
1127,0.0
1128,0.0
1129,0.0
1130,0.0
1131,0.0
1132,0.0
1133,0.0
1134,0.00834
1135,0.15466
1136,0.35151
1137,0.53212
1138,0.6305
1139,0.59542
1140,0.5091
1141,0.60596
1142,0.28370999999999996
1143,0.25185
1144,0.13472
1145,0.04825
1146,0.0
1147,0.0
1148,0.0
1149,0.0
1150,0.0
1151,0.0
1152,0.0
1153,0.0
1154,0.0
1155,0.0
1156,0.0
1157,0.0
1158,0.0045
1159,0.11309000000000001
1160,0.19111
1161,0.36845999999999995
1162,0.51005
1163,0.47656
1164,0.4766
1165,0.53891
1166,0.39398
1167,0.32744
1168,0.15153
1169,0.05509
1170,0.0
1171,0.0
1172,0.0
1173,0.0
1174,0.0
1175,0.0
1176,0.0
1177,0.0
1178,0.0
1179,0.0
1180,0.0
1181,0.0
1182,0.00031
1183,0.03118
1184,0.10739
1185,0.24233000000000002
1186,0.2459
1187,0.39714
1188,0.38495
1189,0.55872
1190,0.37733
1191,0.39868000000000003
1192,0.20087
1193,0.054810000000000005
1194,0.0
1195,0.0
1196,0.0
1197,0.0
1198,0.0
1199,0.0
1200,0.0
1201,0.0
1202,0.0
1203,0.0
1204,0.0
1205,0.0
1206,0.0016899999999999999
1207,0.09154999999999999
1208,0.18384999999999999
1209,0.28646
1210,0.4205
1211,0.5962799999999999
1212,0.604
1213,0.47939
1214,0.45439999999999997
1215,0.19243000000000002
1216,0.13557
1217,0.0505
1218,0.0
1219,0.0
1220,0.0
1221,0.0
1222,0.0
1223,0.0
1224,0.0
1225,0.0
1226,0.0
1227,0.0
1228,0.0
1229,0.0
1230,0.00861
1231,0.14119
1232,0.34786
1233,0.55475
1234,0.58408
1235,0.6087
1236,0.55338
1237,0.49447
1238,0.35306
1239,0.20951
1240,0.13841
1241,0.06394
1242,0.0
1243,0.0
1244,0.0
1245,0.0
1246,0.0
1247,0.0
1248,0.0
1249,0.0
1250,0.0
1251,0.0
1252,0.0
1253,0.0
1254,0.00869
1255,0.07861
1256,0.19065000000000001
1257,0.33596
1258,0.44712
1259,0.5259199999999999
1260,0.57597
1261,0.56345
1262,0.41182
1263,0.26365
1264,0.1365
1265,0.032799999999999996
1266,0.0
1267,0.0
1268,0.0
1269,0.0
1270,0.0
1271,0.0
1272,0.0
1273,0.0
1274,0.0
1275,0.0
1276,0.0
1277,0.0
1278,0.00709
1279,0.07436
1280,0.14674
1281,0.308
1282,0.41929
1283,0.46262000000000003
1284,0.53239
1285,0.52
1286,0.46385000000000004
1287,0.26032
1288,0.11693
1289,0.02487
1290,0.0
1291,0.0
1292,0.0
1293,0.0
1294,0.0
1295,0.0
1296,0.0
1297,0.0
1298,0.0
1299,0.0
1300,0.0
1301,0.0
1302,0.00658
1303,0.08940000000000001
1304,0.16736
1305,0.42217
1306,0.5461699999999999
1307,0.6112000000000001
1308,0.58373
1309,0.24634
1310,0.25806
1311,0.24125
1312,0.16713999999999998
1313,0.04188
1314,0.0
1315,0.0
1316,0.0
1317,0.0
1318,0.0
1319,0.0
1320,0.0
1321,0.0
1322,0.0
1323,0.0
1324,0.0
1325,0.0
1326,0.01185
1327,0.17331
1328,0.3659
1329,0.40538
1330,0.49147
1331,0.54337
1332,0.6093200000000001
1333,0.5276000000000001
1334,0.37887
1335,0.24653
1336,0.16803
1337,0.06587
1338,0.0
1339,0.0
1340,0.0
1341,0.0
1342,0.0
1343,0.0
1344,0.0
1345,0.0
1346,0.0
1347,0.0
1348,0.0
1349,0.0
1350,0.00795
1351,0.11078
1352,0.29863999999999996
1353,0.26174000000000003
1354,0.35070999999999997
1355,0.39807
1356,0.5062300000000001
1357,0.39836
1358,0.31444
1359,0.20984999999999998
1360,0.13291999999999998
1361,0.02545
1362,0.0
1363,0.0
1364,0.0
1365,0.0
1366,0.0
1367,0.0
1368,0.0
1369,0.0
1370,0.0
1371,0.0
1372,0.0
1373,0.0
1374,0.00707
1375,0.08957999999999999
1376,0.21805000000000002
1377,0.25974
1378,0.49995999999999996
1379,0.46088999999999997
1380,0.46625
1381,0.48960000000000004
1382,0.49143000000000003
1383,0.29666000000000003
1384,0.19709000000000002
1385,0.04397
1386,0.0
1387,0.0
1388,0.0
1389,0.0
1390,0.0
1391,0.0
1392,0.0
1393,0.0
1394,0.0
1395,0.0
1396,0.0
1397,0.0
1398,0.00267
1399,0.05342
1400,0.18863
1401,0.31933999999999996
1402,0.40947
1403,0.54726
1404,0.67514
1405,0.64563
1406,0.51252
1407,0.37016000000000004
1408,0.14923
1409,0.03716
1410,0.0
1411,0.0
1412,0.0
1413,0.0
1414,0.0
1415,0.0
1416,0.0
1417,0.0
1418,0.0
1419,0.0
1420,0.0
1421,0.0
1422,0.0008900000000000001
1423,0.0412
1424,0.10943000000000001
1425,0.13383
1426,0.15405000000000002
1427,0.20286
1428,0.30424
1429,0.46573000000000003
1430,0.36944
1431,0.34314
1432,0.23594
1433,0.05779
1434,0.0
1435,0.0
1436,0.0
1437,0.0
1438,0.0
1439,0.0
1440,0.0
1441,0.0
1442,0.0
1443,0.0
1444,0.0
1445,0.0
1446,0.00547
1447,0.10991
1448,0.33561
1449,0.50003
1450,0.60421
1451,0.69587
1452,0.57264
1453,0.5739500000000001
1454,0.45573
1455,0.33507
1456,0.19118000000000002
1457,0.055170000000000004
1458,0.0
1459,0.0
1460,0.0
1461,0.0
1462,0.0
1463,0.0
1464,0.0
1465,0.0
1466,0.0
1467,0.0
1468,0.0
1469,0.0
1470,0.01188
1471,0.13773
1472,0.31841
1473,0.41875999999999997
1474,0.58388
1475,0.5490900000000001
1476,0.6586799999999999
1477,0.6143500000000001
1478,0.50583
1479,0.39865
1480,0.2469
1481,0.06207
1482,0.0
1483,0.0
1484,0.0
1485,0.0
1486,0.0
1487,0.0
1488,0.0
1489,0.0
1490,0.0
1491,0.0
1492,0.0
1493,0.0
1494,0.009720000000000001
1495,0.18875
1496,0.39846
1497,0.5388999999999999
1498,0.5179900000000001
1499,0.56037
1500,0.59004
1501,0.46923000000000004
1502,0.37744
1503,0.25473
1504,0.18414
1505,0.05269
1506,0.0
1507,0.0
1508,0.0
1509,0.0
1510,0.0
1511,0.0
1512,0.0
1513,0.0
1514,0.0
1515,0.0
1516,0.0
1517,0.0
1518,0.00498
1519,0.09511
1520,0.26282
1521,0.27420999999999995
1522,0.31745
1523,0.41820999999999997
1524,0.43498000000000003
1525,0.4768
1526,0.272
1527,0.2513
1528,0.10387
1529,0.037079999999999995
1530,0.0
1531,0.0
1532,0.0
1533,0.0
1534,0.0
1535,0.0
1536,0.0
1537,0.0
1538,0.0
1539,0.0
1540,0.0
1541,0.0
1542,0.0056500000000000005
1543,0.05804
1544,0.11227
1545,0.23613
1546,0.25862999999999997
1547,0.36489
1548,0.34602999999999995
1549,0.48538
1550,0.422
1551,0.29338
1552,0.11978
1553,0.03736
1554,0.0
1555,0.0
1556,0.0
1557,0.0
1558,0.0
1559,0.0
1560,0.0
1561,0.0
1562,0.0
1563,0.0
1564,0.0
1565,0.0
1566,0.00614
1567,0.09445999999999999
1568,0.30037
1569,0.27981
1570,0.47693
1571,0.49389999999999995
1572,0.50864
1573,0.50563
1574,0.37998000000000004
1575,0.29261000000000004
1576,0.153
1577,0.033299999999999996
1578,0.0
1579,0.0
1580,0.0
1581,0.0
1582,0.0
1583,0.0
1584,0.0
1585,0.0
1586,0.0
1587,0.0
1588,0.0
1589,0.0
1590,0.00317
1591,0.12296
1592,0.21366
1593,0.17995
1594,0.22859000000000002
1595,0.28285000000000005
1596,0.43774
1597,0.32533999999999996
1598,0.19582
1599,0.19194
1600,0.07751999999999999
1601,0.01641
1602,0.0
1603,0.0
1604,0.0
1605,0.0
1606,0.0
1607,0.0
1608,0.0
1609,0.0
1610,0.0
1611,0.0
1612,0.0
1613,0.0
1614,0.00185
1615,0.04157
1616,0.06792000000000001
1617,0.11537
1618,0.19193000000000002
1619,0.20632
1620,0.29116000000000003
1621,0.47467000000000004
1622,0.27492
1623,0.3165
1624,0.18076
1625,0.030289999999999997
1626,0.0
1627,0.0
1628,0.0
1629,0.0
1630,0.0
1631,0.0
1632,0.0
1633,0.0
1634,0.0
1635,0.0
1636,0.0
1637,0.0
1638,0.01027
1639,0.11029000000000001
1640,0.26688999999999996
1641,0.37482
1642,0.49863999999999997
1643,0.42887000000000003
1644,0.44639999999999996
1645,0.5619500000000001
1646,0.40428
1647,0.33015
1648,0.18622
1649,0.044950000000000004
1650,0.0
1651,0.0
1652,0.0
1653,0.0
1654,0.0
1655,0.0
1656,0.0
1657,0.0
1658,0.0
1659,0.0
1660,0.0
1661,0.0
1662,0.00376
1663,0.05447
1664,0.12536
1665,0.15234999999999999
1666,0.34513
1667,0.32219
1668,0.38386000000000003
1669,0.50648
1670,0.39731
1671,0.34714999999999996
1672,0.21471
1673,0.056
1674,0.0
1675,0.0
1676,0.0
1677,0.0
1678,0.0
1679,0.0
1680,0.0
1681,0.0
1682,0.0
1683,0.0
1684,0.0
1685,0.0
1686,0.00248
1687,0.026920000000000003
1688,0.06164
1689,0.12552
1690,0.28136
1691,0.20909
1692,0.4068
1693,0.13104
1694,0.07923999999999999
1695,0.08092
1696,0.052539999999999996
1697,0.00393
1698,0.0
1699,0.0
1700,0.0
1701,0.0
1702,0.0
1703,0.0
1704,0.0
1705,0.0
1706,0.0
1707,0.0
1708,0.0
1709,0.0
1710,0.01091
1711,0.1188
1712,0.30285
1713,0.44877999999999996
1714,0.43532
1715,0.42007
1716,0.5963200000000001
1717,0.46417
1718,0.41651
1719,0.26626
1720,0.10399
1721,0.032869999999999996
1722,0.0
1723,0.0
1724,0.0
1725,0.0
1726,0.0
1727,0.0
1728,0.0
1729,0.0
1730,0.0
1731,0.0
1732,0.0
1733,0.0
1734,0.01201
1735,0.15829
1736,0.2512
1737,0.46161
1738,0.49381
1739,0.57517
1740,0.54586
1741,0.5508
1742,0.44617
1743,0.28529000000000004
1744,0.15982
1745,0.03066
1746,0.0
1747,0.0
1748,0.0
1749,0.0
1750,0.0
1751,0.0
1752,0.0
1753,0.0
1754,0.0
1755,0.0
1756,0.0
1757,0.0
1758,0.004730000000000001
1759,0.05561
1760,0.13265000000000002
1761,0.21977000000000002
1762,0.31767
1763,0.35085
1764,0.44222
1765,0.48256
1766,0.44155
1767,0.35762
1768,0.15841
1769,0.03814
1770,0.0
1771,0.0
1772,0.0
1773,0.0
1774,0.0
1775,0.0
1776,0.0
1777,0.0
1778,0.0
1779,0.0
1780,0.0
1781,0.0
1782,0.01041
1783,0.14633000000000002
1784,0.26880000000000004
1785,0.35384
1786,0.6306900000000001
1787,0.50693
1788,0.5695800000000001
1789,0.5858
1790,0.39673
1791,0.33277999999999996
1792,0.11576
1793,0.02079
1794,0.0
1795,0.0
1796,0.0
1797,0.0
1798,0.0
1799,0.0
1800,0.0
1801,0.0
1802,0.0
1803,0.0
1804,0.0
1805,0.0
1806,0.00317
1807,0.04039
1808,0.08746
1809,0.15774000000000002
1810,0.24251
1811,0.24887
1812,0.47169
1813,0.37812
1814,0.36122000000000004
1815,0.23338
1816,0.15574000000000002
1817,0.04877
1818,0.0
1819,0.0
1820,0.0
1821,0.0
1822,0.0
1823,0.0
1824,0.0
1825,0.0
1826,0.0
1827,0.0
1828,0.0
1829,0.0
1830,0.01924
1831,0.18994
1832,0.30928
1833,0.43511
1834,0.51029
1835,0.55269
1836,0.55508
1837,0.45571
1838,0.31676
1839,0.26180000000000003
1840,0.16957
1841,0.03839
1842,0.0
1843,0.0
1844,0.0
1845,0.0
1846,0.0
1847,0.0
1848,0.0
1849,0.0
1850,0.0
1851,0.0
1852,0.0
1853,0.0
1854,0.004940000000000001
1855,0.07518999999999999
1856,0.09473999999999999
1857,0.12201999999999999
1858,0.26664
1859,0.5248700000000001
1860,0.38566
1861,0.47192
1862,0.44223
1863,0.2685
1864,0.13146000000000002
1865,0.04137
1866,0.0
1867,0.0
1868,0.0
1869,0.0
1870,0.0
1871,0.0
1872,0.0
1873,0.0
1874,0.0
1875,0.0
1876,0.0
1877,0.0
1878,0.00396
1879,0.015449999999999998
1880,0.05071
1881,0.04416
1882,0.1215
1883,0.15471000000000001
1884,0.18735
1885,0.30586
1886,0.32982999999999996
1887,0.30054000000000003
1888,0.17984
1889,0.03494
1890,0.0
1891,0.0
1892,0.0
1893,0.0
1894,0.0
1895,0.0
1896,0.0
1897,0.0
1898,0.0
1899,0.0
1900,0.0
1901,0.0
1902,0.010320000000000001
1903,0.11761
1904,0.12623
1905,0.32933999999999997
1906,0.46262000000000003
1907,0.42999
1908,0.55464
1909,0.40601
1910,0.40979000000000004
1911,0.33144
1912,0.16629
1913,0.0335
1914,0.0
1915,0.0
1916,0.0
1917,0.0
1918,0.0
1919,0.0
1920,0.0
1921,0.0
1922,0.0
1923,0.0
1924,0.0
1925,0.0
1926,0.00724
1927,0.04908
1928,0.19272999999999998
1929,0.19391999999999998
1930,0.21011000000000002
1931,0.35399
1932,0.33136
1933,0.25027
1934,0.21878999999999998
1935,0.19147999999999998
1936,0.09629
1937,0.02323
1938,0.0
1939,0.0
1940,0.0
1941,0.0
1942,0.0
1943,0.0
1944,0.0
1945,0.0
1946,0.0
1947,0.0
1948,0.0
1949,0.0
1950,0.00922
1951,0.08559
1952,0.20972
1953,0.27033999999999997
1954,0.32733
1955,0.36732
1956,0.44347000000000003
1957,0.25199
1958,0.43265
1959,0.33769
1960,0.18608000000000002
1961,0.0296
1962,0.0
1963,0.0
1964,0.0
1965,0.0
1966,0.0
1967,0.0
1968,0.0
1969,0.0
1970,0.0
1971,0.0
1972,0.0
1973,0.0
1974,0.01666
1975,0.11498
1976,0.28395
1977,0.4096
1978,0.53319
1979,0.5166799999999999
1980,0.51519
1981,0.24243
1982,0.26283
1983,0.19638
1984,0.12151999999999999
1985,0.022699999999999998
1986,0.0
1987,0.0
1988,0.0
1989,0.0
1990,0.0
1991,0.0
1992,0.0
1993,0.0
1994,0.0
1995,0.0
1996,0.0
1997,0.0
1998,0.01575
1999,0.11828
2000,0.292
2001,0.31803
2002,0.36761
2003,0.32794999999999996
2004,0.47702999999999995
2005,0.42639
2006,0.26777999999999996
2007,0.23945
2008,0.10636
2009,0.031039999999999998
2010,0.0
2011,0.0
2012,0.0
2013,0.0
2014,0.0
2015,0.0
2016,0.0
2017,0.0
2018,0.0
2019,0.0
2020,0.0
2021,0.0
2022,0.015
2023,0.07912000000000001
2024,0.25939
2025,0.30848000000000003
2026,0.46048
2027,0.46167
2028,0.6262000000000001
2029,0.52591
2030,0.39723
2031,0.26058
2032,0.10808
2033,0.016309999999999998
2034,0.0
2035,0.0
2036,0.0
2037,0.0
2038,0.0
2039,0.0
2040,0.0
2041,0.0
2042,0.0
2043,0.0
2044,0.0
2045,0.0
2046,0.00912
2047,0.05611
2048,0.11953
2049,0.31115
2050,0.3593
2051,0.42563999999999996
2052,0.39876
2053,0.54547
2054,0.46499
2055,0.37571
2056,0.21646
2057,0.02621
2058,0.0
2059,0.0
2060,0.0
2061,0.0
2062,0.0
2063,0.0
2064,0.0
2065,0.0
2066,0.0
2067,0.0
2068,0.0
2069,0.0
2070,0.013890000000000001
2071,0.12076
2072,0.18187
2073,0.36701
2074,0.32688
2075,0.48895
2076,0.44277999999999995
2077,0.49697
2078,0.34941
2079,0.19921
2080,0.15327000000000002
2081,0.02481
2082,0.0
2083,0.0
2084,0.0
2085,0.0
2086,0.0
2087,0.0
2088,0.0
2089,0.0
2090,0.0
2091,0.0
2092,0.0
2093,0.0
2094,0.01354
2095,0.13873
2096,0.28270999999999996
2097,0.35856
2098,0.47951
2099,0.40984
2100,0.52797
2101,0.45258
2102,0.41162
2103,0.37244
2104,0.19861
2105,0.02612
2106,0.0
2107,0.0
2108,0.0
2109,0.0
2110,0.0
2111,0.0
2112,0.0
2113,0.0
2114,0.0
2115,0.0
2116,0.0
2117,0.0
2118,0.02589
2119,0.14917
2120,0.30654000000000003
2121,0.46017
2122,0.54144
2123,0.61336
2124,0.50796
2125,0.39517
2126,0.34992
2127,0.34812
2128,0.09887
2129,0.02846
2130,0.0
2131,0.0
2132,0.0
2133,0.0
2134,0.0
2135,0.0
2136,0.0
2137,0.0
2138,0.0
2139,0.0
2140,0.0
2141,0.0
2142,0.02391
2143,0.18034999999999998
2144,0.25858
2145,0.48056
2146,0.5393600000000001
2147,0.55743
2148,0.41351
2149,0.46437
2150,0.47704
2151,0.33451
2152,0.17365
2153,0.03189
2154,0.0
2155,0.0
2156,0.0
2157,0.0
2158,0.0
2159,0.0
2160,0.0
2161,0.0
2162,0.0
2163,0.0
2164,0.0
2165,0.0
2166,0.02013
2167,0.12741
2168,0.3034
2169,0.34918
2170,0.60219
2171,0.50399
2172,0.6745800000000001
2173,0.35128
2174,0.24436000000000002
2175,0.2773
2176,0.17673
2177,0.04959
2178,0.0
2179,0.0
2180,0.0
2181,0.0
2182,0.0
2183,0.0
2184,0.0
2185,0.0
2186,0.0
2187,0.0
2188,0.0
2189,0.0
2190,0.018760000000000002
2191,0.18803999999999998
2192,0.31895
2193,0.5056499999999999
2194,0.50656
2195,0.5816699999999999
2196,0.58623
2197,0.54859
2198,0.4393
2199,0.39219
2200,0.24416
2201,0.05965
2202,0.0
2203,0.0
2204,0.0
2205,0.0
2206,0.0
2207,0.0
2208,0.0
2209,0.0
2210,0.0
2211,0.0
2212,0.0
2213,0.0
2214,0.03128
2215,0.22191
2216,0.45854
2217,0.64475
2218,0.7609600000000001
2219,0.81249
2220,0.78236
2221,0.76503
2222,0.66832
2223,0.49942000000000003
2224,0.27616
2225,0.061630000000000004
2226,0.0
2227,0.0
2228,0.0
2229,0.0
2230,0.0
2231,0.0
2232,0.0
2233,0.0
2234,0.0
2235,0.0
2236,0.0
2237,0.0
2238,0.03138
2239,0.20443
2240,0.3963
2241,0.5709299999999999
2242,0.7267899999999999
2243,0.78128
2244,0.78275
2245,0.7193099999999999
2246,0.59873
2247,0.44930000000000003
2248,0.28099
2249,0.05939
2250,0.0
2251,0.0
2252,0.0
2253,0.0
2254,0.0
2255,0.0
2256,0.0
2257,0.0
2258,0.0
2259,0.0
2260,0.0
2261,0.0
2262,0.01859
2263,0.20086
2264,0.45667
2265,0.63991
2266,0.74409
2267,0.82826
2268,0.79823
2269,0.6964600000000001
2270,0.60772
2271,0.46834
2272,0.27313
2273,0.05551
2274,0.0
2275,0.0
2276,0.0
2277,0.0
2278,0.0
2279,0.0
2280,0.0
2281,0.0
2282,0.0
2283,0.0
2284,0.0
2285,0.0
2286,0.02797
2287,0.23345
2288,0.43507
2289,0.59203
2290,0.68674
2291,0.73191
2292,0.7963600000000001
2293,0.67883
2294,0.54232
2295,0.44456
2296,0.24214
2297,0.05884
2298,0.0
2299,0.0
2300,0.0
2301,0.0
2302,0.0
2303,0.0
2304,0.0
2305,0.0
2306,0.0
2307,0.0
2308,0.0
2309,0.0
2310,0.02146
2311,0.13554
2312,0.31736000000000003
2313,0.42263
2314,0.6017
2315,0.65975
2316,0.58282
2317,0.6084400000000001
2318,0.363
2319,0.27972
2320,0.13388
2321,0.02798
2322,0.0
2323,0.0
2324,0.0
2325,0.0
2326,0.0
2327,0.0
2328,0.0
2329,0.0
2330,0.0
2331,0.0
2332,0.0
2333,0.0
2334,0.01844
2335,0.1409
2336,0.26502
2337,0.29638
2338,0.45476
2339,0.6041599999999999
2340,0.5408
2341,0.52847
2342,0.4057
2343,0.30585
2344,0.15968000000000002
2345,0.023190000000000002
2346,0.0
2347,0.0
2348,0.0
2349,0.0
2350,0.0
2351,0.0
2352,0.0
2353,0.0
2354,0.0
2355,0.0
2356,0.0
2357,0.0
2358,0.01339
2359,0.05886
2360,0.12791
2361,0.19111
2362,0.21191
2363,0.23125
2364,0.22059
2365,0.28112
2366,0.17842
2367,0.09440000000000001
2368,0.07594
2369,0.012199999999999999
2370,0.0
2371,0.0
2372,0.0
2373,0.0
2374,0.0
2375,0.0
2376,0.0
2377,0.0
2378,0.0
2379,0.0
2380,0.0
2381,0.0
2382,0.02625
2383,0.1279
2384,0.19801
2385,0.38344
2386,0.44772
2387,0.32677999999999996
2388,0.49955
2389,0.39233999999999997
2390,0.38622
2391,0.28116
2392,0.11914
2393,0.027460000000000002
2394,0.0
2395,0.0
2396,0.0
2397,0.0
2398,0.0
2399,0.0
2400,0.0
2401,0.0
2402,0.0
2403,0.0
2404,0.0
2405,0.0
2406,0.0034500000000000004
2407,0.03785
2408,0.11631999999999999
2409,0.19246000000000002
2410,0.13318000000000002
2411,0.32315
2412,0.44495999999999997
2413,0.36265
2414,0.35362
2415,0.25732
2416,0.15600999999999998
2417,0.02048
2418,0.0
2419,0.0
2420,0.0
2421,0.0
2422,0.0
2423,0.0
2424,0.0
2425,0.0
2426,0.0
2427,0.0
2428,0.0
2429,0.0
2430,0.01341
2431,0.07135999999999999
2432,0.17805
2433,0.21988
2434,0.32738999999999996
2435,0.31715
2436,0.17773
2437,0.37795
2438,0.29607
2439,0.17013
2440,0.07396
2441,0.013779999999999999
2442,0.0
2443,0.0
2444,0.0
2445,0.0
2446,0.0
2447,0.0
2448,0.0
2449,0.0
2450,0.0
2451,0.0
2452,0.0
2453,0.0
2454,0.00461
2455,0.04301
2456,0.10669
2457,0.21003
2458,0.39679000000000003
2459,0.37079
2460,0.48316000000000003
2461,0.51677
2462,0.40179000000000004
2463,0.23798
2464,0.17865999999999999
2465,0.019420000000000003
2466,0.0
2467,0.0
2468,0.0
2469,0.0
2470,0.0
2471,0.0
2472,0.0
2473,0.0
2474,0.0
2475,0.0
2476,0.0
2477,0.0
2478,0.00424
2479,0.02595
2480,0.060899999999999996
2481,0.054380000000000005
2482,0.11481999999999999
2483,0.10718000000000001
2484,0.11243
2485,0.34055
2486,0.19982
2487,0.13515
2488,0.0881
2489,0.02036
2490,0.0
2491,0.0
2492,0.0
2493,0.0
2494,0.0
2495,0.0
2496,0.0
2497,0.0
2498,0.0
2499,0.0
2500,0.0
2501,0.0
2502,0.03233
2503,0.15928
2504,0.27298
2505,0.40972000000000003
2506,0.5199900000000001
2507,0.63344
2508,0.58331
2509,0.5698099999999999
2510,0.24569
2511,0.17351
2512,0.1571
2513,0.0373
2514,0.0
2515,0.0
2516,0.0
2517,0.0
2518,0.0
2519,0.0
2520,0.0
2521,0.0
2522,0.0
2523,0.0
2524,0.0
2525,0.0
2526,0.032420000000000004
2527,0.15644
2528,0.29935
2529,0.36268
2530,0.48084
2531,0.53935
2532,0.56287
2533,0.39281
2534,0.294
2535,0.22232
2536,0.11491
2537,0.01233
2538,0.0
2539,0.0
2540,0.0
2541,0.0
2542,0.0
2543,0.0
2544,0.0
2545,0.0
2546,0.0
2547,0.0
2548,0.0
2549,0.0
2550,0.00771
2551,0.06005
2552,0.10523
2553,0.1579
2554,0.31993
2555,0.31783999999999996
2556,0.32098000000000004
2557,0.50485
2558,0.45865
2559,0.31157
2560,0.12866
2561,0.01691
2562,0.0
2563,0.0
2564,0.0
2565,0.0
2566,0.0
2567,0.0
2568,0.0
2569,0.0
2570,0.0
2571,0.0
2572,0.0
2573,0.0
2574,0.03349
2575,0.17346999999999999
2576,0.34695
2577,0.44376
2578,0.44231
2579,0.50056
2580,0.48598
2581,0.60033
2582,0.47243999999999997
2583,0.31411
2584,0.13485
2585,0.02785
2586,0.0
2587,0.0
2588,0.0
2589,0.0
2590,0.0
2591,0.0
2592,0.0
2593,0.0
2594,0.0
2595,0.0
2596,0.0
2597,0.0
2598,0.03132
2599,0.1636
2600,0.22869
2601,0.35032
2602,0.34384
2603,0.29192
2604,0.36647
2605,0.45667
2606,0.40293
2607,0.2765
2608,0.16277
2609,0.02773
2610,0.0
2611,0.0
2612,0.0
2613,0.0
2614,0.0
2615,0.0
2616,0.0
2617,0.0
2618,0.0
2619,0.0
2620,0.0
2621,0.0
2622,0.0114
2623,0.12121
2624,0.16481
2625,0.28018
2626,0.52299
2627,0.49535
2628,0.50406
2629,0.49372000000000005
2630,0.29760000000000003
2631,0.14156
2632,0.08370999999999999
2633,0.022690000000000002
2634,0.0
2635,0.0
2636,0.0
2637,0.0
2638,0.0
2639,0.0
2640,0.0
2641,0.0
2642,0.0
2643,0.0
2644,0.0
2645,0.0
2646,0.013550000000000001
2647,0.09384999999999999
2648,0.06837
2649,0.10779000000000001
2650,0.20342
2651,0.33744
2652,0.25132
2653,0.32786000000000004
2654,0.36676
2655,0.37971
2656,0.18608000000000002
2657,0.04096
2658,0.0
2659,0.0
2660,0.0
2661,0.0
2662,0.0
2663,0.0
2664,0.0
2665,0.0
2666,0.0
2667,0.0
2668,0.0
2669,0.0
2670,0.02533
2671,0.14671
2672,0.24743
2673,0.37245999999999996
2674,0.5060899999999999
2675,0.53196
2676,0.43189999999999995
2677,0.53775
2678,0.45616
2679,0.39433999999999997
2680,0.16465000000000002
2681,0.03296
2682,0.0
2683,0.0
2684,0.0
2685,0.0
2686,0.0
2687,0.0
2688,0.0
2689,0.0
2690,0.0
2691,0.0
2692,0.0
2693,0.0
2694,0.03552
2695,0.16284
2696,0.31297
2697,0.31401
2698,0.41657
2699,0.53811
2700,0.5510700000000001
2701,0.5190499999999999
2702,0.3727
2703,0.35458999999999996
2704,0.17399
2705,0.033170000000000005
2706,0.0
2707,0.0
2708,0.0
2709,0.0
2710,0.0
2711,0.0
2712,0.0
2713,0.0
2714,0.0
2715,0.0
2716,0.0
2717,0.0
2718,0.02248
2719,0.08974
2720,0.18988
2721,0.40041000000000004
2722,0.44527
2723,0.55479
2724,0.61886
2725,0.5029
2726,0.39979000000000003
2727,0.25938
2728,0.15766999999999998
2729,0.03083
2730,0.0
2731,0.0
2732,0.0
2733,0.0
2734,0.0
2735,0.0
2736,0.0
2737,0.0
2738,0.0
2739,0.0
2740,0.0
2741,0.0
2742,0.03166
2743,0.13997
2744,0.29397
2745,0.3575
2746,0.46668
2747,0.61802
2748,0.62019
2749,0.63403
2750,0.5618
2751,0.38144
2752,0.14803
2753,0.03158
2754,0.0
2755,0.0
2756,0.0
2757,0.0
2758,0.0
2759,0.0
2760,0.0
2761,0.0
2762,0.0
2763,0.0
2764,0.0
2765,0.0
2766,0.02081
2767,0.10887999999999999
2768,0.20554
2769,0.35005000000000003
2770,0.406
2771,0.5039100000000001
2772,0.35068
2773,0.54292
2774,0.43687
2775,0.30169999999999997
2776,0.16879
2777,0.03027
2778,0.0
2779,0.0
2780,0.0
2781,0.0
2782,0.0
2783,0.0
2784,0.0
2785,0.0
2786,0.0
2787,0.0
2788,0.0
2789,0.0
2790,0.039520000000000007
2791,0.21053
2792,0.43106
2793,0.6047
2794,0.59817
2795,0.608
2796,0.48349000000000003
2797,0.59265
2798,0.46466
2799,0.37522000000000005
2800,0.18581999999999999
2801,0.02513
2802,0.0
2803,0.0
2804,0.0
2805,0.0
2806,0.0
2807,0.0
2808,0.0
2809,0.0
2810,0.0
2811,0.0
2812,0.0
2813,0.0
2814,0.038439999999999995
2815,0.18572999999999998
2816,0.3546
2817,0.41964999999999997
2818,0.48686
2819,0.61895
2820,0.5316799999999999
2821,0.18187
2822,0.23838
2823,0.17896
2824,0.13253
2825,0.027809999999999998
2826,0.0
2827,0.0
2828,0.0
2829,0.0
2830,0.0
2831,0.0
2832,0.0
2833,0.0
2834,0.0
2835,0.0
2836,0.0
2837,0.0
2838,0.0256
2839,0.1742
2840,0.33877999999999997
2841,0.48811
2842,0.47361000000000003
2843,0.49223
2844,0.43633999999999995
2845,0.34691000000000005
2846,0.1994
2847,0.13015000000000002
2848,0.10739
2849,0.02954
2850,0.0
2851,0.0
2852,0.0
2853,0.0
2854,0.0
2855,0.0
2856,0.0
2857,0.0
2858,0.0
2859,0.0
2860,0.0
2861,0.0
2862,0.036090000000000004
2863,0.14075
2864,0.26418
2865,0.19377
2866,0.27524
2867,0.25572
2868,0.24542
2869,0.24322
2870,0.32991000000000004
2871,0.20758000000000001
2872,0.10312
2873,0.01916
2874,0.0
2875,0.0
2876,0.0
2877,0.0
2878,0.0
2879,0.0
2880,0.0
2881,0.0
2882,0.0
2883,0.0
2884,0.0
2885,0.0
2886,0.00643
2887,0.05986
2888,0.16463999999999998
2889,0.25315
2890,0.37163
2891,0.36245
2892,0.37066000000000004
2893,0.55731
2894,0.41735
2895,0.29802
2896,0.12376999999999999
2897,0.019850000000000003
2898,0.0
2899,0.0
2900,0.0
2901,0.0
2902,0.0
2903,0.0
2904,0.0
2905,0.0
2906,0.0
2907,0.0
2908,0.0
2909,0.0
2910,0.0020299999999999997
2911,0.04714
2912,0.12516
2913,0.16038
2914,0.27472
2915,0.39693
2916,0.48052
2917,0.2476
2918,0.23224
2919,0.23683
2920,0.10317
2921,0.01877
2922,0.0
2923,0.0
2924,0.0
2925,0.0
2926,0.0
2927,0.0
2928,0.0
2929,0.0
2930,0.0
2931,0.0
2932,0.0
2933,0.0
2934,0.013779999999999999
2935,0.06963
2936,0.08392000000000001
2937,0.22103
2938,0.30215
2939,0.30794
2940,0.33388999999999996
2941,0.25207
2942,0.34182
2943,0.17427
2944,0.09086
2945,0.01422
2946,0.0
2947,0.0
2948,0.0
2949,0.0
2950,0.0
2951,0.0
2952,0.0
2953,0.0
2954,0.0
2955,0.0
2956,0.0
2957,0.0
2958,0.03171
2959,0.13837
2960,0.34525
2961,0.48934
2962,0.55636
2963,0.53113
2964,0.4592
2965,0.40722
2966,0.38236000000000003
2967,0.24806
2968,0.1469
2969,0.03018
2970,0.0
2971,0.0
2972,0.0
2973,0.0
2974,0.0
2975,0.0
2976,0.0
2977,0.0
2978,0.0
2979,0.0
2980,0.0
2981,0.0
2982,0.03314
2983,0.14315
2984,0.31476
2985,0.39175
2986,0.50384
2987,0.52189
2988,0.35922000000000004
2989,0.38583999999999996
2990,0.39355
2991,0.21781
2992,0.11643
2993,0.01907
2994,0.0
2995,0.0
2996,0.0
2997,0.0
2998,0.0
2999,0.0
3000,0.0
3001,0.0
3002,0.0
3003,0.0
3004,0.0
3005,0.0
3006,0.0053
3007,0.02503
3008,0.0432
3009,0.1179
3010,0.19074000000000002
3011,0.26626
3012,0.35404
3013,0.37068
3014,0.2711
3015,0.23834
3016,0.0968
3017,0.0171
3018,0.0
3019,0.0
3020,0.0
3021,0.0
3022,0.0
3023,0.0
3024,0.0
3025,0.0
3026,0.0
3027,0.0
3028,0.0
3029,0.0
3030,0.031920000000000004
3031,0.16928
3032,0.35572000000000004
3033,0.39186
3034,0.53461
3035,0.51048
3036,0.49973
3037,0.47813
3038,0.35413
3039,0.25679
3040,0.08817
3041,0.01263
3042,0.0
3043,0.0
3044,0.0
3045,0.0
3046,0.0
3047,0.0
3048,0.0
3049,0.0
3050,0.0
3051,0.0
3052,0.0
3053,0.0
3054,0.01517
3055,0.10623
3056,0.27438
3057,0.3321
3058,0.39576
3059,0.46051
3060,0.41793
3061,0.40701
3062,0.27705
3063,0.21617
3064,0.07251
3065,0.01295
3066,0.0
3067,0.0
3068,0.0
3069,0.0
3070,0.0
3071,0.0
3072,0.0
3073,0.0
3074,0.0
3075,0.0
3076,0.0
3077,0.0
3078,0.03872
3079,0.1437
3080,0.35846
3081,0.46032999999999996
3082,0.50032
3083,0.4653
3084,0.46912
3085,0.28537
3086,0.31816
3087,0.18553999999999998
3088,0.06627
3089,0.01653
3090,0.0
3091,0.0
3092,0.0
3093,0.0
3094,0.0
3095,0.0
3096,0.0
3097,0.0
3098,0.0
3099,0.0
3100,0.0
3101,0.0
3102,0.02453
3103,0.1434
3104,0.29569
3105,0.33574
3106,0.41616000000000003
3107,0.26987
3108,0.34097000000000005
3109,0.2791
3110,0.3825
3111,0.171
3112,0.07044
3113,0.01208
3114,0.0
3115,0.0
3116,0.0
3117,0.0
3118,0.0
3119,0.0
3120,0.0
3121,0.0
3122,0.0
3123,0.0
3124,0.0
3125,0.0
3126,0.031100000000000003
3127,0.17114
3128,0.2717
3129,0.36688
3130,0.41574
3131,0.46204
3132,0.47014999999999996
3133,0.42202
3134,0.30833
3135,0.22529
3136,0.10098
3137,0.0158
3138,0.0
3139,0.0
3140,0.0
3141,0.0
3142,0.0
3143,0.0
3144,0.0
3145,0.0
3146,0.0
3147,0.0
3148,0.0
3149,0.0
3150,0.03825
3151,0.17877
3152,0.34113
3153,0.48775999999999997
3154,0.49119999999999997
3155,0.48245
3156,0.48769
3157,0.4367
3158,0.34444
3159,0.15218
3160,0.06358
3161,0.01211
3162,0.0
3163,0.0
3164,0.0
3165,0.0
3166,0.0
3167,0.0
3168,0.0
3169,0.0
3170,0.0
3171,0.0
3172,0.0
3173,0.0
3174,0.02591
3175,0.13163
3176,0.34282
3177,0.44729
3178,0.4392
3179,0.41913
3180,0.47631
3181,0.36534
3182,0.3202
3183,0.20613
3184,0.14093
3185,0.03028
3186,0.0
3187,0.0
3188,0.0
3189,0.0
3190,0.0
3191,0.0
3192,0.0
3193,0.0
3194,0.0
3195,0.0
3196,0.0
3197,0.0
3198,0.01447
3199,0.06525
3200,0.19063
3201,0.32281
3202,0.395
3203,0.52951
3204,0.34702
3205,0.52378
3206,0.48662
3207,0.28808
3208,0.05945
3209,0.019260000000000003
3210,0.0
3211,0.0
3212,0.0
3213,0.0
3214,0.0
3215,0.0
3216,0.0
3217,0.0
3218,0.0
3219,0.0
3220,0.0
3221,0.0
3222,0.0424
3223,0.17657
3224,0.31709
3225,0.47734
3226,0.53092
3227,0.58125
3228,0.5749500000000001
3229,0.5449400000000001
3230,0.46403
3231,0.30907999999999997
3232,0.13213
3233,0.01151
3234,0.0
3235,0.0
3236,0.0
3237,0.0
3238,0.0
3239,0.0
3240,0.0
3241,0.0
3242,0.0
3243,0.0
3244,0.0
3245,0.0
3246,0.039880000000000006
3247,0.15525
3248,0.32089999999999996
3249,0.42413
3250,0.48388
3251,0.49056
3252,0.42662
3253,0.55292
3254,0.45805
3255,0.27708
3256,0.16146000000000002
3257,0.027350000000000003
3258,0.0
3259,0.0
3260,0.0
3261,0.0
3262,0.0
3263,0.0
3264,0.0
3265,0.0
3266,0.0
3267,0.0
3268,0.0
3269,0.0
3270,0.02777
3271,0.1759
3272,0.32099
3273,0.45849
3274,0.44980000000000003
3275,0.42726
3276,0.45726
3277,0.57685
3278,0.40595
3279,0.24387
3280,0.1177
3281,0.02223
3282,0.0
3283,0.0
3284,0.0
3285,0.0
3286,0.0
3287,0.0
3288,0.0
3289,0.0
3290,0.0
3291,0.0
3292,0.0
3293,0.0
3294,0.039229999999999994
3295,0.17751
3296,0.31739
3297,0.40044
3298,0.37119
3299,0.47867000000000004
3300,0.429
3301,0.5649400000000001
3302,0.47504
3303,0.39264
3304,0.20017
3305,0.03358
3306,0.0
3307,0.0
3308,0.0
3309,0.0
3310,0.0
3311,0.0
3312,0.0
3313,0.0
3314,0.0
3315,0.0
3316,0.0
3317,0.0
3318,0.039979999999999995
3319,0.20126
3320,0.39879000000000003
3321,0.49938
3322,0.57329
3323,0.62946
3324,0.51189
3325,0.53804
3326,0.45994
3327,0.3321
3328,0.14245
3329,0.03139
3330,0.0
3331,0.0
3332,0.0
3333,0.0
3334,0.0
3335,0.0
3336,0.0
3337,0.0
3338,0.0
3339,0.0
3340,0.0
3341,0.0
3342,0.03331
3343,0.11806
3344,0.16533
3345,0.25304
3346,0.21675999999999998
3347,0.24217
3348,0.38633
3349,0.31672
3350,0.30111
3351,0.29892
3352,0.14839
3353,0.02571
3354,0.0
3355,0.0
3356,0.0
3357,0.0
3358,0.0
3359,0.0
3360,0.0
3361,0.0
3362,0.0
3363,0.0
3364,0.0
3365,0.0
3366,0.02043
3367,0.16279
3368,0.31792000000000004
3369,0.50606
3370,0.5662699999999999
3371,0.5887899999999999
3372,0.45193
3373,0.5197
3374,0.49016000000000004
3375,0.34697
3376,0.19513
3377,0.03049
3378,0.0
3379,0.0
3380,0.0
3381,0.0
3382,0.0
3383,0.0
3384,0.0
3385,0.0
3386,0.0
3387,0.0
3388,0.0
3389,0.0
3390,0.0427
3391,0.17508
3392,0.30791
3393,0.33569
3394,0.34932
3395,0.39318000000000003
3396,0.44222
3397,0.27725
3398,0.28608
3399,0.2535
3400,0.15596000000000002
3401,0.0312
3402,0.0
3403,0.0
3404,0.0
3405,0.0
3406,0.0
3407,0.0
3408,0.0
3409,0.0
3410,0.0
3411,0.0
3412,0.0
3413,0.0
3414,0.02634
3415,0.11554
3416,0.28151
3417,0.50422
3418,0.54124
3419,0.56996
3420,0.58177
3421,0.5386299999999999
3422,0.46382999999999996
3423,0.31879
3424,0.19755
3425,0.03532
3426,0.0
3427,0.0
3428,0.0
3429,0.0
3430,0.0
3431,0.0
3432,0.0
3433,0.0
3434,0.0
3435,0.0
3436,0.0
3437,0.0
3438,0.03449
3439,0.14594
3440,0.32206999999999997
3441,0.5053500000000001
3442,0.63667
3443,0.59661
3444,0.52478
3445,0.41522000000000003
3446,0.23623
3447,0.11988
3448,0.04616
3449,0.00563
3450,0.0
3451,0.0
3452,0.0
3453,0.0
3454,0.0
3455,0.0
3456,0.0
3457,0.0
3458,0.0
3459,0.0
3460,0.0
3461,0.0
3462,0.02041
3463,0.12203
3464,0.29848
3465,0.47222000000000003
3466,0.50654
3467,0.58301
3468,0.49949
3469,0.56204
3470,0.45707
3471,0.34117000000000003
3472,0.18300999999999998
3473,0.03052
3474,0.0
3475,0.0
3476,0.0
3477,0.0
3478,0.0
3479,0.0
3480,0.0
3481,0.0
3482,0.0
3483,0.0
3484,0.0
3485,0.0
3486,0.03382
3487,0.22705
3488,0.36481
3489,0.50256
3490,0.61565
3491,0.6045499999999999
3492,0.7052999999999999
3493,0.58808
3494,0.4977
3495,0.37719
3496,0.1879
3497,0.03384
3498,0.0
3499,0.0
3500,0.0
3501,0.0
3502,0.0
3503,0.0
3504,0.0
3505,0.0
3506,0.0
3507,0.0
3508,0.0
3509,0.0
3510,0.038939999999999995
3511,0.22854
3512,0.40852999999999995
3513,0.57232
3514,0.6394
3515,0.6583
3516,0.6644800000000001
3517,0.5877899999999999
3518,0.5076700000000001
3519,0.34614
3520,0.19896
3521,0.03879
3522,0.0
3523,0.0
3524,0.0
3525,0.0
3526,0.0
3527,0.0
3528,0.0
3529,0.0
3530,0.0
3531,0.0
3532,0.0
3533,0.0
3534,0.033030000000000004
3535,0.19766999999999998
3536,0.41583
3537,0.4963
3538,0.6056699999999999
3539,0.56398
3540,0.53279
3541,0.5665800000000001
3542,0.48362
3543,0.33974
3544,0.18757
3545,0.03678
3546,0.0
3547,0.0
3548,0.0
3549,0.0
3550,0.0
3551,0.0
3552,0.0
3553,0.0
3554,0.0
3555,0.0
3556,0.0
3557,0.0
3558,0.03207
3559,0.18337
3560,0.33356
3561,0.50193
3562,0.52039
3563,0.49797
3564,0.60166
3565,0.5589400000000001
3566,0.5126799999999999
3567,0.38032
3568,0.17737999999999998
3569,0.028050000000000002
3570,0.0
3571,0.0
3572,0.0
3573,0.0
3574,0.0
3575,0.0
3576,0.0
3577,0.0
3578,0.0
3579,0.0
3580,0.0
3581,0.0
3582,0.03729
3583,0.19606
3584,0.35645
3585,0.42622000000000004
3586,0.4013
3587,0.38832
3588,0.37918
3589,0.34552999999999995
3590,0.41497
3591,0.22613
3592,0.14395
3593,0.02652
3594,0.0
3595,0.0
3596,0.0
3597,0.0
3598,0.0
3599,0.0
3600,0.0
3601,0.0
3602,0.0
3603,0.0
3604,0.0
3605,0.0
3606,0.02101
3607,0.05792
3608,0.17423
3609,0.22663
3610,0.25232
3611,0.22534
3612,0.24674000000000001
3613,0.44935
3614,0.41107
3615,0.26816
3616,0.14089
3617,0.02912
3618,0.0
3619,0.0
3620,0.0
3621,0.0
3622,0.0
3623,0.0
3624,0.0
3625,0.0
3626,0.0
3627,0.0
3628,0.0
3629,0.0
3630,0.0124
3631,0.055979999999999995
3632,0.15919999999999998
3633,0.32093
3634,0.37857999999999997
3635,0.36316000000000004
3636,0.46004
3637,0.35961000000000004
3638,0.33291000000000004
3639,0.24756
3640,0.11734
3641,0.026109999999999998
3642,0.0
3643,0.0
3644,0.0
3645,0.0
3646,0.0
3647,0.0
3648,0.0
3649,0.0
3650,0.0
3651,0.0
3652,0.0
3653,0.0
3654,0.02302
3655,0.07940000000000001
3656,0.19144
3657,0.26738999999999996
3658,0.49674
3659,0.26725
3660,0.46336
3661,0.45380000000000004
3662,0.4705
3663,0.24836000000000003
3664,0.13196000000000002
3665,0.03236
3666,0.0
3667,0.0
3668,0.0
3669,0.0
3670,0.0
3671,0.0
3672,0.0
3673,0.0
3674,0.0
3675,0.0
3676,0.0
3677,0.0
3678,0.030420000000000003
3679,0.11959
3680,0.32611
3681,0.34132999999999997
3682,0.46441000000000004
3683,0.62846
3684,0.60281
3685,0.39365
3686,0.44573
3687,0.24727000000000002
3688,0.15647
3689,0.03563
3690,0.0
3691,0.0
3692,0.0
3693,0.0
3694,0.0
3695,0.0
3696,0.0
3697,0.0
3698,0.0
3699,0.0
3700,0.0
3701,0.0
3702,0.010490000000000001
3703,0.043
3704,0.10633
3705,0.14087
3706,0.13847
3707,0.17428
3708,0.37437
3709,0.19499
3710,0.22104
3711,0.19565000000000002
3712,0.0889
3713,0.023510000000000003
3714,0.0
3715,0.0
3716,0.0
3717,0.0
3718,0.0
3719,0.0
3720,0.0
3721,0.0
3722,0.0
3723,0.0
3724,0.0
3725,0.0
3726,0.01568
3727,0.09729
3728,0.23997
3729,0.34917000000000004
3730,0.45372
3731,0.43076
3732,0.47358999999999996
3733,0.49455
3734,0.35838
3735,0.29769
3736,0.16243000000000002
3737,0.028120000000000003
3738,0.0
3739,0.0
3740,0.0
3741,0.0
3742,0.0
3743,0.0
3744,0.0
3745,0.0
3746,0.0
3747,0.0
3748,0.0
3749,0.0
3750,0.03614
3751,0.18209999999999998
3752,0.39676
3753,0.44750999999999996
3754,0.5779099999999999
3755,0.64179
3756,0.60229
3757,0.39181
3758,0.39016
3759,0.25659
3760,0.13815
3761,0.036950000000000004
3762,0.0
3763,0.0
3764,0.0
3765,0.0
3766,0.0
3767,0.0
3768,0.0
3769,0.0
3770,0.0
3771,0.0
3772,0.0
3773,0.0
3774,0.018600000000000002
3775,0.15089
3776,0.21515
3777,0.45532
3778,0.45297000000000004
3779,0.46422
3780,0.4624
3781,0.28604
3782,0.33952
3783,0.24716
3784,0.11420999999999999
3785,0.01314
3786,0.0
3787,0.0
3788,0.0
3789,0.0
3790,0.0
3791,0.0
3792,0.0
3793,0.0
3794,0.0
3795,0.0
3796,0.0
3797,0.0
3798,0.02988
3799,0.08813
3800,0.18023
3801,0.34284
3802,0.46035000000000004
3803,0.3513
3804,0.2557
3805,0.27520999999999995
3806,0.15825
3807,0.13852
3808,0.09358
3809,0.012039999999999999
3810,0.0
3811,0.0
3812,0.0
3813,0.0
3814,0.0
3815,0.0
3816,0.0
3817,0.0
3818,0.0
3819,0.0
3820,0.0
3821,0.0
3822,0.02609
3823,0.16988
3824,0.3502
3825,0.53585
3826,0.55728
3827,0.6176699999999999
3828,0.58599
3829,0.5043500000000001
3830,0.40682
3831,0.28231
3832,0.13334000000000001
3833,0.02443
3834,0.0
3835,0.0
3836,0.0
3837,0.0
3838,0.0
3839,0.0
3840,0.0
3841,0.0
3842,0.0
3843,0.0
3844,0.0
3845,0.0
3846,0.02389
3847,0.12855
3848,0.35034
3849,0.25309
3850,0.28692
3851,0.47207
3852,0.49024
3853,0.38903
3854,0.35268
3855,0.27144
3856,0.1356
3857,0.0295
3858,0.0
3859,0.0
3860,0.0
3861,0.0
3862,0.0
3863,0.0
3864,0.0
3865,0.0
3866,0.0
3867,0.0
3868,0.0
3869,0.0
3870,0.009869999999999999
3871,0.055310000000000005
3872,0.12016
3873,0.20626
3874,0.37589
3875,0.39458
3876,0.36917
3877,0.54464
3878,0.42314999999999997
3879,0.22175
3880,0.14822
3881,0.02174
3882,0.0
3883,0.0
3884,0.0
3885,0.0
3886,0.0
3887,0.0
3888,0.0
3889,0.0
3890,0.0
3891,0.0
3892,0.0
3893,0.0
3894,0.02545
3895,0.15794
3896,0.29738
3897,0.44699
3898,0.44702
3899,0.40163
3900,0.39363
3901,0.4392
3902,0.38564
3903,0.24911000000000003
3904,0.12036
3905,0.01881
3906,0.0
3907,0.0
3908,0.0
3909,0.0
3910,0.0
3911,0.0
3912,0.0
3913,0.0
3914,0.0
3915,0.0
3916,0.0
3917,0.0
3918,0.01706
3919,0.062020000000000006
3920,0.09948
3921,0.20392
3922,0.18355000000000002
3923,0.1502
3924,0.19065000000000001
3925,0.36886
3926,0.39436
3927,0.26073
3928,0.10411
3929,0.01884
3930,0.0
3931,0.0
3932,0.0
3933,0.0
3934,0.0
3935,0.0
3936,0.0
3937,0.0
3938,0.0
3939,0.0
3940,0.0
3941,0.0
3942,0.01857
3943,0.08428000000000001
3944,0.12072
3945,0.17339
3946,0.29463
3947,0.23417
3948,0.40279000000000004
3949,0.5134500000000001
3950,0.39788
3951,0.32361
3952,0.16155
3953,0.0332
3954,0.0
3955,0.0
3956,0.0
3957,0.0
3958,0.0
3959,0.0
3960,0.0
3961,0.0
3962,0.0
3963,0.0
3964,0.0
3965,0.0
3966,0.02743
3967,0.13993
3968,0.1923
3969,0.26553
3970,0.44936000000000004
3971,0.55603
3972,0.5459299999999999
3973,0.22702
3974,0.20805
3975,0.21853999999999998
3976,0.13418
3977,0.03033
3978,0.0
3979,0.0
3980,0.0
3981,0.0
3982,0.0
3983,0.0
3984,0.0
3985,0.0
3986,0.0
3987,0.0
3988,0.0
3989,0.0
3990,0.02891
3991,0.13491
3992,0.28741
3993,0.34128
3994,0.31899
3995,0.45412
3996,0.46214999999999995
3997,0.53759
3998,0.3986
3999,0.31783
4000,0.18678
4001,0.041530000000000004
4002,0.0
4003,0.0
4004,0.0
4005,0.0
4006,0.0
4007,0.0
4008,0.0
4009,0.0
4010,0.0
4011,0.0
4012,0.0
4013,0.0
4014,0.02958
4015,0.15086000000000002
4016,0.32114
4017,0.41104
4018,0.3822
4019,0.53875
4020,0.54964
4021,0.35752999999999996
4022,0.28923000000000004
4023,0.25017
4024,0.15352000000000002
4025,0.02484
4026,0.0
4027,0.0
4028,0.0
4029,0.0
4030,0.0
4031,0.0
4032,0.0
4033,0.0
4034,0.0
4035,0.0
4036,0.0
4037,0.0
4038,0.019809999999999998
4039,0.13573
4040,0.27901
4041,0.43997
4042,0.48373
4043,0.5169600000000001
4044,0.47137
4045,0.52016
4046,0.30468
4047,0.21644999999999998
4048,0.12071
4049,0.02633
4050,0.0
4051,0.0
4052,0.0
4053,0.0
4054,0.0
4055,0.0
4056,0.0
4057,0.0
4058,0.0
4059,0.0
4060,0.0
4061,0.0
4062,0.0286
4063,0.12323
4064,0.31192000000000003
4065,0.39981
4066,0.48564999999999997
4067,0.52032
4068,0.54079
4069,0.47576999999999997
4070,0.32565
4071,0.29389
4072,0.14690999999999999
4073,0.02544
4074,0.0
4075,0.0
4076,0.0
4077,0.0
4078,0.0
4079,0.0
4080,0.0
4081,0.0
4082,0.0
4083,0.0
4084,0.0
4085,0.0
4086,0.01184
4087,0.054380000000000005
4088,0.1809
4089,0.20626
4090,0.29819999999999997
4091,0.34858999999999996
4092,0.39551
4093,0.56108
4094,0.42096
4095,0.29156
4096,0.17279
4097,0.032159999999999994
4098,0.0
4099,0.0
4100,0.0
4101,0.0
4102,0.0
4103,0.0
4104,0.0
4105,0.0
4106,0.0
4107,0.0
4108,0.0
4109,0.0
4110,0.005
4111,0.07819
4112,0.19271000000000002
4113,0.28078
4114,0.36444
4115,0.37133999999999995
4116,0.32683
4117,0.32661
4118,0.30832
4119,0.32193
4120,0.15846000000000002
4121,0.03983
4122,0.0
4123,0.0
4124,0.0
4125,0.0
4126,0.0
4127,0.0
4128,0.0
4129,0.0
4130,0.0
4131,0.0
4132,0.0
4133,0.0
4134,0.013900000000000001
4135,0.10238
4136,0.24628
4137,0.24985
4138,0.28419
4139,0.43401
4140,0.51938
4141,0.52644
4142,0.45368
4143,0.30355
4144,0.17113
4145,0.03578
4146,0.0
4147,0.0
4148,0.0
4149,0.0
4150,0.0
4151,0.0
4152,0.0
4153,0.0
4154,0.0
4155,0.0
4156,0.0
4157,0.0
4158,0.02444
4159,0.11553000000000001
4160,0.35514
4161,0.49865
4162,0.58289
4163,0.4905
4164,0.49382
4165,0.50971
4166,0.4586
4167,0.35167000000000004
4168,0.22624
4169,0.04112
4170,0.0
4171,0.0
4172,0.0
4173,0.0
4174,0.0
4175,0.0
4176,0.0
4177,0.0
4178,0.0
4179,0.0
4180,0.0
4181,0.0
4182,0.02014
4183,0.16033
4184,0.33520999999999995
4185,0.49210000000000004
4186,0.53028
4187,0.47269
4188,0.5404800000000001
4189,0.35299
4190,0.21011000000000002
4191,0.18049
4192,0.14106
4193,0.03789
4194,0.0
4195,0.0
4196,0.0
4197,0.0
4198,0.0
4199,0.0
4200,0.0
4201,0.0
4202,0.0
4203,0.0
4204,0.0
4205,0.0
4206,0.007719999999999999
4207,0.09398000000000001
4208,0.17659
4209,0.21311000000000002
4210,0.29293
4211,0.36894
4212,0.30473
4213,0.51566
4214,0.39938
4215,0.34513
4216,0.1667
4217,0.03037
4218,0.0
4219,0.0
4220,0.0
4221,0.0
4222,0.0
4223,0.0
4224,0.0
4225,0.0
4226,0.0
4227,0.0
4228,0.0
4229,0.0
4230,0.01393
4231,0.06533
4232,0.16628
4233,0.19962
4234,0.15887
4235,0.1972
4236,0.32969
4237,0.51201
4238,0.39916
4239,0.29523
4240,0.09196
4241,0.00888
4242,0.0
4243,0.0
4244,0.0
4245,0.0
4246,0.0
4247,0.0
4248,0.0
4249,0.0
4250,0.0
4251,0.0
4252,0.0
4253,0.0
4254,0.02346
4255,0.16966
4256,0.32368
4257,0.3235
4258,0.39738999999999997
4259,0.52073
4260,0.57211
4261,0.43463999999999997
4262,0.47822000000000003
4263,0.35710000000000003
4264,0.20175
4265,0.036719999999999996
4266,0.0
4267,0.0
4268,0.0
4269,0.0
4270,0.0
4271,0.0
4272,0.0
4273,0.0
4274,0.0
4275,0.0
4276,0.0
4277,0.0
4278,0.014119999999999999
4279,0.09098
4280,0.2394
4281,0.36642
4282,0.5395399999999999
4283,0.50219
4284,0.49306
4285,0.57892
4286,0.40214
4287,0.35329
4288,0.17704
4289,0.03744
4290,0.0
4291,0.0
4292,0.0
4293,0.0
4294,0.0
4295,0.0
4296,0.0
4297,0.0
4298,0.0
4299,0.0
4300,0.0
4301,0.0
4302,0.02577
4303,0.09856000000000001
4304,0.24199
4305,0.35614
4306,0.39107
4307,0.36805
4308,0.38010000000000005
4309,0.45576
4310,0.44938
4311,0.29056
4312,0.15609
4313,0.02935
4314,0.0
4315,0.0
4316,0.0
4317,0.0
4318,0.0
4319,0.0
4320,0.0
4321,0.0
4322,0.0
4323,0.0
4324,0.0
4325,0.0
4326,0.02556
4327,0.15975
4328,0.28245
4329,0.37421
4330,0.43060000000000004
4331,0.44183999999999996
4332,0.50491
4333,0.51824
4334,0.44583
4335,0.29860000000000003
4336,0.23069
4337,0.04416
4338,0.0
4339,0.0
4340,0.0
4341,0.0
4342,0.0
4343,0.0
4344,0.0
4345,0.0
4346,0.0
4347,0.0
4348,0.0
4349,0.0
4350,0.0198
4351,0.12405
4352,0.30684
4353,0.37327999999999995
4354,0.40722
4355,0.36369
4356,0.41875
4357,0.28972000000000003
4358,0.34042
4359,0.33535000000000004
4360,0.17705
4361,0.045
4362,0.0
4363,0.0
4364,0.0
4365,0.0
4366,0.0
4367,0.0
4368,0.0
4369,0.0
4370,0.0
4371,0.0
4372,0.0
4373,0.0
4374,0.00791
4375,0.03836
4376,0.10455
4377,0.17149
4378,0.35962
4379,0.25158
4380,0.29518
4381,0.25193
4382,0.31539999999999996
4383,0.30925
4384,0.14259
4385,0.023260000000000003
4386,0.0
4387,0.0
4388,0.0
4389,0.0
4390,0.0
4391,0.0
4392,0.0
4393,0.0
4394,0.0
4395,0.0
4396,0.0
4397,0.0
4398,0.01174
4399,0.08159999999999999
4400,0.14996
4401,0.35179000000000005
4402,0.3241
4403,0.30536
4404,0.35855000000000004
4405,0.40416
4406,0.34282999999999997
4407,0.26189
4408,0.14316
4409,0.032909999999999995
4410,0.0
4411,0.0
4412,0.0
4413,0.0
4414,0.0
4415,0.0
4416,0.0
4417,0.0
4418,0.0
4419,0.0
4420,0.0
4421,0.0
4422,0.02139
4423,0.17588
4424,0.33194999999999997
4425,0.48928
4426,0.51115
4427,0.5396
4428,0.5034
4429,0.3394
4430,0.22493000000000002
4431,0.25866
4432,0.18984
4433,0.05303
4434,0.0
4435,0.0
4436,0.0
4437,0.0
4438,0.0
4439,0.0
4440,0.0
4441,0.0
4442,0.0
4443,0.0
4444,0.0
4445,0.0
4446,0.027530000000000002
4447,0.12793000000000002
4448,0.31553
4449,0.45873
4450,0.39132
4451,0.39407
4452,0.29496
4453,0.35734
4454,0.19655
4455,0.1462
4456,0.09025
4457,0.016149999999999998
4458,0.0
4459,0.0
4460,0.0
4461,0.0
4462,0.0
4463,0.0
4464,0.0
4465,0.0
4466,0.0
4467,0.0
4468,0.0
4469,0.0
4470,0.00744
4471,0.027800000000000002
4472,0.09112
4473,0.24903
4474,0.54252
4475,0.53788
4476,0.64422
4477,0.46456000000000003
4478,0.42457
4479,0.36385
4480,0.21169
4481,0.03814
4482,0.0
4483,0.0
4484,0.0
4485,0.0
4486,0.0
4487,0.0
4488,0.0
4489,0.0
4490,0.0
4491,0.0
4492,0.0
4493,0.0
4494,0.01311
4495,0.11220000000000001
4496,0.20638
4497,0.41378
4498,0.48601
4499,0.35558
4500,0.42188
4501,0.36275
4502,0.38287
4503,0.28826
4504,0.18108000000000002
4505,0.03757
4506,0.0
4507,0.0
4508,0.0
4509,0.0
4510,0.0
4511,0.0
4512,0.0
4513,0.0
4514,0.0
4515,0.0
4516,0.0
4517,0.0
4518,0.00491
4519,0.06125
4520,0.11186
4521,0.20049
4522,0.28118
4523,0.40454
4524,0.47562
4525,0.22213999999999998
4526,0.23075
4527,0.17687
4528,0.10188
4529,0.02149
4530,0.0
4531,0.0
4532,0.0
4533,0.0
4534,0.0
4535,0.0
4536,0.0
4537,0.0
4538,0.0
4539,0.0
4540,0.0
4541,0.0
4542,0.01489
4543,0.054920000000000004
4544,0.11168
4545,0.10572
4546,0.13758
4547,0.14306
4548,0.23791
4549,0.2657
4550,0.26689999999999997
4551,0.22663
4552,0.09061
4553,0.02932
4554,0.0
4555,0.0
4556,0.0
4557,0.0
4558,0.0
4559,0.0
4560,0.0
4561,0.0
4562,0.0
4563,0.0
4564,0.0
4565,0.0
4566,0.00842
4567,0.028
4568,0.07054
4569,0.17538
4570,0.14877
4571,0.17961000000000002
4572,0.18925999999999998
4573,0.3236
4574,0.33629000000000003
4575,0.13374
4576,0.16954
4577,0.01945
4578,0.0
4579,0.0
4580,0.0
4581,0.0
4582,0.0
4583,0.0
4584,0.0
4585,0.0
4586,0.0
4587,0.0
4588,0.0
4589,0.0
4590,0.00269
4591,0.02091
4592,0.045829999999999996
4593,0.12484999999999999
4594,0.14082
4595,0.10211
4596,0.11336
4597,0.21348
4598,0.22344999999999998
4599,0.154
4600,0.05837
4601,0.00283
4602,0.0
4603,0.0
4604,0.0
4605,0.0
4606,0.0
4607,0.0
4608,0.0
4609,0.0
4610,0.0
4611,0.0
4612,0.0
4613,0.0
4614,0.0114
4615,0.045950000000000005
4616,0.15925999999999998
4617,0.21635
4618,0.2382
4619,0.22744999999999999
4620,0.20479
4621,0.45443
4622,0.16603
4623,0.19268000000000002
4624,0.07547
4625,0.028480000000000002
4626,0.0
4627,0.0
4628,0.0
4629,0.0
4630,0.0
4631,0.0
4632,0.0
4633,0.0
4634,0.0
4635,0.0
4636,0.0
4637,0.0
4638,0.02117
4639,0.15725999999999998
4640,0.23747
4641,0.38336000000000003
4642,0.49057999999999996
4643,0.45402
4644,0.47245
4645,0.36801999999999996
4646,0.19816999999999999
4647,0.10106
4648,0.08213
4649,0.03433
4650,0.0
4651,0.0
4652,0.0
4653,0.0
4654,0.0
4655,0.0
4656,0.0
4657,0.0
4658,0.0
4659,0.0
4660,0.0
4661,0.0
4662,0.01746
4663,0.12728
4664,0.2988
4665,0.41194
4666,0.51646
4667,0.60165
4668,0.5857899999999999
4669,0.48492
4670,0.27920999999999996
4671,0.28282
4672,0.11793000000000001
4673,0.02591
4674,0.0
4675,0.0
4676,0.0
4677,0.0
4678,0.0
4679,0.0
4680,0.0
4681,0.0
4682,0.0
4683,0.0
4684,0.0
4685,0.0
4686,0.01785
4687,0.16057
4688,0.36248
4689,0.46985000000000005
4690,0.5189199999999999
4691,0.51601
4692,0.5542
4693,0.52952
4694,0.41045
4695,0.29093
4696,0.1432
4697,0.03499
4698,0.0
4699,0.0
4700,0.0
4701,0.0
4702,0.0
4703,0.0
4704,0.0
4705,0.0
4706,0.0
4707,0.0
4708,0.0
4709,0.0
4710,0.02632
4711,0.16263
4712,0.37277
4713,0.50883
4714,0.55068
4715,0.53854
4716,0.5671900000000001
4717,0.59858
4718,0.50801
4719,0.29164999999999996
4720,0.11965
4721,0.0224
4722,0.0
4723,0.0
4724,0.0
4725,0.0
4726,0.0
4727,0.0
4728,0.0
4729,0.0
4730,0.0
4731,0.0
4732,0.0
4733,0.0
4734,0.011859999999999999
4735,0.10515000000000001
4736,0.18374000000000001
4737,0.3122
4738,0.34963
4739,0.47870999999999997
4740,0.42815
4741,0.4461
4742,0.42261000000000004
4743,0.30463
4744,0.17173
4745,0.038810000000000004
4746,0.0
4747,0.0
4748,0.0
4749,0.0
4750,0.0
4751,0.0
4752,0.0
4753,0.0
4754,0.0
4755,0.0
4756,0.0
4757,0.0
4758,0.00756
4759,0.05991
4760,0.08935
4761,0.22522999999999999
4762,0.20478
4763,0.29712
4764,0.25681
4765,0.42432
4766,0.29529
4767,0.15211000000000002
4768,0.06284000000000001
4769,0.00632
4770,0.0
4771,0.0
4772,0.0
4773,0.0
4774,0.0
4775,0.0
4776,0.0
4777,0.0
4778,0.0
4779,0.0
4780,0.0
4781,0.0
4782,0.01542
4783,0.12207
4784,0.23604
4785,0.34142
4786,0.48613
4787,0.5174500000000001
4788,0.6355700000000001
4789,0.46111
4790,0.43722000000000005
4791,0.35710000000000003
4792,0.16035
4793,0.04442
4794,0.0
4795,0.0
4796,0.0
4797,0.0
4798,0.0
4799,0.0
4800,0.0
4801,0.0
4802,0.0
4803,0.0
4804,0.0
4805,0.0
4806,0.01463
4807,0.15421
4808,0.30960000000000004
4809,0.41766000000000003
4810,0.42451
4811,0.39847000000000005
4812,0.45489999999999997
4813,0.57355
4814,0.45849
4815,0.31541
4816,0.18565
4817,0.04381
4818,0.0
4819,0.0
4820,0.0
4821,0.0
4822,0.0
4823,0.0
4824,0.0
4825,0.0
4826,0.0
4827,0.0
4828,0.0
4829,0.0
4830,0.019370000000000002
4831,0.13891
4832,0.23283
4833,0.39787
4834,0.50393
4835,0.5338099999999999
4836,0.52899
4837,0.39373
4838,0.40001
4839,0.26831
4840,0.18596000000000001
4841,0.03657
4842,0.0
4843,0.0
4844,0.0
4845,0.0
4846,0.0
4847,0.0
4848,0.0
4849,0.0
4850,0.0
4851,0.0
4852,0.0
4853,0.0
4854,0.00643
4855,0.05215
4856,0.11534
4857,0.19763
4858,0.24118
4859,0.28764
4860,0.35164999999999996
4861,0.37988
4862,0.24781999999999998
4863,0.19597
4864,0.11206
4865,0.02174
4866,0.0
4867,0.0
4868,0.0
4869,0.0
4870,0.0
4871,0.0
4872,0.0
4873,0.0
4874,0.0
4875,0.0
4876,0.0
4877,0.0
4878,0.00725
4879,0.06569
4880,0.14986000000000002
4881,0.26433999999999996
4882,0.28511000000000003
4883,0.48494
4884,0.45525
4885,0.30021
4886,0.22851
4887,0.21866
4888,0.17065
4889,0.03656
4890,0.0
4891,0.0
4892,0.0
4893,0.0
4894,0.0
4895,0.0
4896,0.0
4897,0.0
4898,0.0
4899,0.0
4900,0.0
4901,0.0
4902,0.00878
4903,0.09451000000000001
4904,0.23306
4905,0.30547
4906,0.35135
4907,0.45538
4908,0.58272
4909,0.29202999999999996
4910,0.23231
4911,0.13947
4912,0.09123
4913,0.01695
4914,0.0
4915,0.0
4916,0.0
4917,0.0
4918,0.0
4919,0.0
4920,0.0
4921,0.0
4922,0.0
4923,0.0
4924,0.0
4925,0.0
4926,0.00749
4927,0.052770000000000004
4928,0.14927
4929,0.25071
4930,0.3476
4931,0.37555
4932,0.29884
4933,0.26627
4934,0.2032
4935,0.13388
4936,0.06924
4937,0.01399
4938,0.0
4939,0.0
4940,0.0
4941,0.0
4942,0.0
4943,0.0
4944,0.0
4945,0.0
4946,0.0
4947,0.0
4948,0.0
4949,0.0
4950,0.01831
4951,0.10249
4952,0.21009999999999998
4953,0.36938
4954,0.50252
4955,0.63863
4956,0.65547
4957,0.33322
4958,0.1509
4959,0.12332
4960,0.04244
4961,0.0074199999999999995
4962,0.0
4963,0.0
4964,0.0
4965,0.0
4966,0.0
4967,0.0
4968,0.0
4969,0.0
4970,0.0
4971,0.0
4972,0.0
4973,0.0
4974,0.00285
4975,0.01322
4976,0.04418
4977,0.13846
4978,0.20593
4979,0.45521
4980,0.44612999999999997
4981,0.20352
4982,0.29519
4983,0.25459
4984,0.12420999999999999
4985,0.013470000000000001
4986,0.0
4987,0.0
4988,0.0
4989,0.0
4990,0.0
4991,0.0
4992,0.0
4993,0.0
4994,0.0
4995,0.0
4996,0.0
4997,0.0
4998,0.008539999999999999
4999,0.04901
5000,0.10259
5001,0.17315
5002,0.24215
5003,0.2953
5004,0.33429000000000003
5005,0.29788
5006,0.33668
5007,0.21267
5008,0.08625
5009,0.0298
5010,0.0
5011,0.0
5012,0.0
5013,0.0
5014,0.0
5015,0.0
5016,0.0
5017,0.0
5018,0.0
5019,0.0
5020,0.0
5021,0.0
5022,0.0065
5023,0.04219
5024,0.11562
5025,0.25323
5026,0.44877
5027,0.28884
5028,0.30885
5029,0.20959
5030,0.21237999999999999
5031,0.15115
5032,0.07351
5033,0.02554
5034,0.0
5035,0.0
5036,0.0
5037,0.0
5038,0.0
5039,0.0
5040,0.0
5041,0.0
5042,0.0
5043,0.0
5044,0.0
5045,0.0
5046,0.00925
5047,0.04777
5048,0.10047
5049,0.20575
5050,0.18753999999999998
5051,0.23969
5052,0.24164
5053,0.12566
5054,0.10967
5055,0.06785
5056,0.04264
5057,0.01064
5058,0.0
5059,0.0
5060,0.0
5061,0.0
5062,0.0
5063,0.0
5064,0.0
5065,0.0
5066,0.0
5067,0.0
5068,0.0
5069,0.0
5070,0.00342
5071,0.02091
5072,0.04468
5073,0.09254000000000001
5074,0.14645
5075,0.29638
5076,0.30893
5077,0.15303999999999998
5078,0.305
5079,0.19885
5080,0.14539
5081,0.04232
5082,0.0
5083,0.0
5084,0.0
5085,0.0
5086,0.0
5087,0.0
5088,0.0
5089,0.0
5090,0.0
5091,0.0
5092,0.0
5093,0.0
5094,0.01401
5095,0.13866
5096,0.27732999999999997
5097,0.44872
5098,0.37295999999999996
5099,0.47581
5100,0.55525
5101,0.46019
5102,0.4583
5103,0.41091
5104,0.22322
5105,0.04897
5106,0.0
5107,0.0
5108,0.0
5109,0.0
5110,0.0
5111,0.0
5112,0.0
5113,0.0
5114,0.0
5115,0.0
5116,0.0
5117,0.0
5118,0.02456
5119,0.17501
5120,0.39820999999999995
5121,0.49766000000000005
5122,0.53007
5123,0.63371
5124,0.67662
5125,0.6264
5126,0.41412
5127,0.33876
5128,0.19826
5129,0.04344
5130,0.0
5131,0.0
5132,0.0
5133,0.0
5134,0.0
5135,0.0
5136,0.0
5137,0.0
5138,0.0
5139,0.0
5140,0.0
5141,0.0
5142,0.01774
5143,0.1527
5144,0.36369
5145,0.39573
5146,0.49895
5147,0.6177699999999999
5148,0.52895
5149,0.56833
5150,0.39523
5151,0.2792
5152,0.21522999999999998
5153,0.05797
5154,0.0
5155,0.0
5156,0.0
5157,0.0
5158,0.0
5159,0.0
5160,0.0
5161,0.0
5162,0.0
5163,0.0
5164,0.0
5165,0.0
5166,0.01142
5167,0.10923000000000001
5168,0.20801
5169,0.19688
5170,0.34128
5171,0.48369
5172,0.63276
5173,0.37095
5174,0.4065
5175,0.32229
5176,0.15674000000000002
5177,0.04108
5178,0.0
5179,0.0
5180,0.0
5181,0.0
5182,0.0
5183,0.0
5184,0.0
5185,0.0
5186,0.0
5187,0.0
5188,0.0
5189,0.0
5190,0.0156
5191,0.09528
5192,0.19613
5193,0.34407
5194,0.38503
5195,0.3589
5196,0.43486
5197,0.34114
5198,0.42806
5199,0.25528
5200,0.1837
5201,0.05004
5202,0.0
5203,0.0
5204,0.0
5205,0.0
5206,0.0
5207,0.0
5208,0.0
5209,0.0
5210,0.0
5211,0.0
5212,0.0
5213,0.0
5214,0.01345
5215,0.1134
5216,0.23456
5217,0.43109
5218,0.58926
5219,0.65426
5220,0.63663
5221,0.55962
5222,0.50056
5223,0.39374000000000003
5224,0.24046
5225,0.05279
5226,0.0
5227,0.0
5228,0.0
5229,0.0
5230,0.0
5231,0.0
5232,0.0
5233,0.0
5234,0.0
5235,0.0
5236,0.0
5237,0.0
5238,0.00906
5239,0.09865
5240,0.21173
5241,0.35822000000000004
5242,0.51961
5243,0.39759
5244,0.43241
5245,0.27105
5246,0.26866
5247,0.17635
5248,0.10219
5249,0.02816
5250,0.0
5251,0.0
5252,0.0
5253,0.0
5254,0.0
5255,0.0
5256,0.0
5257,0.0
5258,0.0
5259,0.0
5260,0.0
5261,0.0
5262,0.01921
5263,0.16141
5264,0.37745
5265,0.45068
5266,0.5561900000000001
5267,0.7029
5268,0.68011
5269,0.47451
5270,0.49257999999999996
5271,0.33681
5272,0.21219
5273,0.03782
5274,0.0
5275,0.0
5276,0.0
5277,0.0
5278,0.0
5279,0.0
5280,0.0
5281,0.0
5282,0.0
5283,0.0
5284,0.0
5285,0.0
5286,0.005030000000000001
5287,0.06679
5288,0.12115999999999999
5289,0.31209
5290,0.54872
5291,0.62513
5292,0.5871799999999999
5293,0.57223
5294,0.47335000000000005
5295,0.2933
5296,0.22383
5297,0.04182
5298,0.0
5299,0.0
5300,0.0
5301,0.0
5302,0.0
5303,0.0
5304,0.0
5305,0.0
5306,0.0
5307,0.0
5308,0.0
5309,0.0
5310,0.027420000000000003
5311,0.18591
5312,0.36658999999999997
5313,0.5394800000000001
5314,0.64501
5315,0.58775
5316,0.59275
5317,0.49095
5318,0.30609
5319,0.21566
5320,0.20055
5321,0.048729999999999996
5322,0.0
5323,0.0
5324,0.0
5325,0.0
5326,0.0
5327,0.0
5328,0.0
5329,0.0
5330,0.0
5331,0.0
5332,0.0
5333,0.0
5334,0.00857
5335,0.06523999999999999
5336,0.18180000000000002
5337,0.26848
5338,0.37171
5339,0.44451999999999997
5340,0.45718000000000003
5341,0.56204
5342,0.52615
5343,0.35818
5344,0.19927
5345,0.054759999999999996
5346,0.0
5347,0.0
5348,0.0
5349,0.0
5350,0.0
5351,0.0
5352,0.0
5353,0.0
5354,0.0
5355,0.0
5356,0.0
5357,0.0
5358,0.024390000000000002
5359,0.1404
5360,0.33130000000000004
5361,0.39976
5362,0.4715
5363,0.5627300000000001
5364,0.58299
5365,0.5478200000000001
5366,0.4428
5367,0.25355
5368,0.12521
5369,0.03444
5370,0.0
5371,0.0
5372,0.0
5373,0.0
5374,0.0
5375,0.0
5376,0.0
5377,0.0
5378,0.0
5379,0.0
5380,0.0
5381,0.0
5382,0.023489999999999997
5383,0.14116
5384,0.33826999999999996
5385,0.39383999999999997
5386,0.41689
5387,0.51902
5388,0.6081799999999999
5389,0.53295
5390,0.45699
5391,0.34939
5392,0.22113
5393,0.054880000000000005
5394,0.0
5395,0.0
5396,0.0
5397,0.0
5398,0.0
5399,0.0
5400,0.0
5401,0.0
5402,0.0
5403,0.0
5404,0.0
5405,0.0
5406,0.028030000000000003
5407,0.19038
5408,0.39494
5409,0.5246900000000001
5410,0.65787
5411,0.74199
5412,0.73168
5413,0.72099
5414,0.57394
5415,0.49083
5416,0.27664
5417,0.0551
5418,0.0
5419,0.0
5420,0.0
5421,0.0
5422,0.0
5423,0.0
5424,0.0
5425,0.0
5426,0.0
5427,0.0
5428,0.0
5429,0.0
5430,0.02476
5431,0.15694
5432,0.28022
5433,0.32941000000000004
5434,0.4098
5435,0.59196
5436,0.66803
5437,0.30147
5438,0.20549
5439,0.29877
5440,0.1456
5441,0.04813
5442,0.0
5443,0.0
5444,0.0
5445,0.0
5446,0.0
5447,0.0
5448,0.0
5449,0.0
5450,0.0
5451,0.0
5452,0.0
5453,0.0
5454,0.007690000000000001
5455,0.06067
5456,0.09913
5457,0.12830000000000003
5458,0.33681
5459,0.38988
5460,0.54318
5461,0.45116
5462,0.55952
5463,0.36786
5464,0.21425
5465,0.03698
5466,0.0
5467,0.0
5468,0.0
5469,0.0
5470,0.0
5471,0.0
5472,0.0
5473,0.0
5474,0.0
5475,0.0
5476,0.0
5477,0.0
5478,0.02359
5479,0.15525999999999998
5480,0.30639999999999995
5481,0.4496
5482,0.55547
5483,0.57552
5484,0.5704600000000001
5485,0.50924
5486,0.48782
5487,0.32612
5488,0.14284
5489,0.04499
5490,0.0
5491,0.0
5492,0.0
5493,0.0
5494,0.0
5495,0.0
5496,0.0
5497,0.0
5498,0.0
5499,0.0
5500,0.0
5501,0.0
5502,0.01695
5503,0.10681
5504,0.31133
5505,0.43679
5506,0.55847
5507,0.5874299999999999
5508,0.56567
5509,0.5677300000000001
5510,0.48917
5511,0.34569
5512,0.13325
5513,0.02552
5514,0.0
5515,0.0
5516,0.0
5517,0.0
5518,0.0
5519,0.0
5520,0.0
5521,0.0
5522,0.0
5523,0.0
5524,0.0
5525,0.0
5526,0.0238
5527,0.17694
5528,0.35395
5529,0.44875
5530,0.48233
5531,0.5660299999999999
5532,0.49257999999999996
5533,0.45109
5534,0.32471
5535,0.1979
5536,0.13663
5537,0.02971
5538,0.0
5539,0.0
5540,0.0
5541,0.0
5542,0.0
5543,0.0
5544,0.0
5545,0.0
5546,0.0
5547,0.0
5548,0.0
5549,0.0
5550,0.016079999999999997
5551,0.16137
5552,0.31793
5553,0.43710000000000004
5554,0.5321
5555,0.5675800000000001
5556,0.54795
5557,0.56852
5558,0.34494
5559,0.29424
5560,0.19461
5561,0.04197
5562,0.0
5563,0.0
5564,0.0
5565,0.0
5566,0.0
5567,0.0
5568,0.0
5569,0.0
5570,0.0
5571,0.0
5572,0.0
5573,0.0
5574,0.02501
5575,0.1278
5576,0.33316
5577,0.45832999999999996
5578,0.5378
5579,0.58602
5580,0.50441
5581,0.6220399999999999
5582,0.5078
5583,0.40702
5584,0.22619999999999998
5585,0.05325
5586,0.0
5587,0.0
5588,0.0
5589,0.0
5590,0.0
5591,0.0
5592,0.0
5593,0.0
5594,0.0
5595,0.0
5596,0.0
5597,0.0
5598,0.019829999999999997
5599,0.19696
5600,0.37721
5601,0.57563
5602,0.56975
5603,0.64752
5604,0.62239
5605,0.40528
5606,0.28561000000000003
5607,0.28676
5608,0.22372
5609,0.04151
5610,0.0
5611,0.0
5612,0.0
5613,0.0
5614,0.0
5615,0.0
5616,0.0
5617,0.0
5618,0.0
5619,0.0
5620,0.0
5621,0.0
5622,0.02589
5623,0.20038999999999998
5624,0.4141
5625,0.48588
5626,0.53055
5627,0.65173
5628,0.63262
5629,0.60982
5630,0.45785000000000003
5631,0.38044
5632,0.25301
5633,0.045630000000000004
5634,0.0
5635,0.0
5636,0.0
5637,0.0
5638,0.0
5639,0.0
5640,0.0
5641,0.0
5642,0.0
5643,0.0
5644,0.0
5645,0.0
5646,0.01778
5647,0.08925
5648,0.21788
5649,0.36027
5650,0.48358
5651,0.53298
5652,0.5680599999999999
5653,0.44361
5654,0.51893
5655,0.37263999999999997
5656,0.1931
5657,0.03865
5658,0.0
5659,0.0
5660,0.0
5661,0.0
5662,0.0
5663,0.0
5664,0.0
5665,0.0
5666,0.0
5667,0.0
5668,0.0
5669,0.0
5670,0.02723
5671,0.15674000000000002
5672,0.37789999999999996
5673,0.46908999999999995
5674,0.52566
5675,0.5966
5676,0.47532
5677,0.41038
5678,0.48614999999999997
5679,0.40707
5680,0.18763999999999997
5681,0.04504
5682,0.0
5683,0.0
5684,0.0
5685,0.0
5686,0.0
5687,0.0
5688,0.0
5689,0.0
5690,0.0
5691,0.0
5692,0.0
5693,0.0
5694,0.03166
5695,0.18618
5696,0.40951
5697,0.58245
5698,0.70013
5699,0.7110700000000001
5700,0.65501
5701,0.59547
5702,0.53191
5703,0.3896
5704,0.18133000000000002
5705,0.02978
5706,0.0
5707,0.0
5708,0.0
5709,0.0
5710,0.0
5711,0.0
5712,0.0
5713,0.0
5714,0.0
5715,0.0
5716,0.0
5717,0.0
5718,0.01911
5719,0.16101
5720,0.33505
5721,0.43811
5722,0.47696
5723,0.5016
5724,0.48229
5725,0.55244
5726,0.43243
5727,0.35975999999999997
5728,0.15447
5729,0.03423
5730,0.0
5731,0.0
5732,0.0
5733,0.0
5734,0.0
5735,0.0
5736,0.0
5737,0.0
5738,0.0
5739,0.0
5740,0.0
5741,0.0
5742,0.02432
5743,0.16362000000000002
5744,0.36469999999999997
5745,0.47266
5746,0.5889099999999999
5747,0.64501
5748,0.59736
5749,0.62797
5750,0.5642699999999999
5751,0.43569
5752,0.24671
5753,0.03569
5754,0.0
5755,0.0
5756,0.0
5757,0.0
5758,0.0
5759,0.0
5760,0.0
5761,0.0
5762,0.0
5763,0.0
5764,0.0
5765,0.0
5766,0.02678
5767,0.18872
5768,0.35466000000000003
5769,0.5386
5770,0.52515
5771,0.6630199999999999
5772,0.61299
5773,0.31341
5774,0.43638
5775,0.33405
5776,0.20037
5777,0.03259
5778,0.0
5779,0.0
5780,0.0
5781,0.0
5782,0.0
5783,0.0
5784,0.0
5785,0.0
5786,0.0
5787,0.0
5788,0.0
5789,0.0
5790,0.01814
5791,0.09312000000000001
5792,0.22125999999999998
5793,0.48752
5794,0.57032
5795,0.63446
5796,0.6209
5797,0.39755
5798,0.41208
5799,0.40767000000000003
5800,0.17189
5801,0.04194
5802,0.0
5803,0.0
5804,0.0
5805,0.0
5806,0.0
5807,0.0
5808,0.0
5809,0.0
5810,0.0
5811,0.0
5812,0.0
5813,0.0
5814,0.02264
5815,0.19147999999999998
5816,0.41576
5817,0.55703
5818,0.68929
5819,0.7384
5820,0.7190599999999999
5821,0.59074
5822,0.46549
5823,0.36859
5824,0.21915
5825,0.04514
5826,0.0
5827,0.0
5828,0.0
5829,0.0
5830,0.0
5831,0.0
5832,0.0
5833,0.0
5834,0.0
5835,0.0
5836,0.0
5837,0.0
5838,0.031170000000000003
5839,0.23629
5840,0.43759
5841,0.6254500000000001
5842,0.74525
5843,0.7983
5844,0.77209
5845,0.64915
5846,0.48895
5847,0.45585000000000003
5848,0.26094
5849,0.0498
5850,0.0
5851,0.0
5852,0.0
5853,0.0
5854,0.0
5855,0.0
5856,0.0
5857,0.0
5858,0.0
5859,0.0
5860,0.0
5861,0.0
5862,0.03437
5863,0.21445
5864,0.41152999999999995
5865,0.54244
5866,0.5696
5867,0.55303
5868,0.66411
5869,0.39350999999999997
5870,0.53013
5871,0.3912
5872,0.23578
5873,0.04125
5874,0.0
5875,0.0
5876,0.0
5877,0.0
5878,0.0
5879,0.0
5880,0.0
5881,0.0
5882,0.0
5883,0.0
5884,0.0
5885,0.0
5886,0.02798
5887,0.14674
5888,0.36379
5889,0.54115
5890,0.5853200000000001
5891,0.61629
5892,0.5982999999999999
5893,0.11576
5894,0.355
5895,0.37222000000000005
5896,0.21375
5897,0.044539999999999996
5898,0.0
5899,0.0
5900,0.0
5901,0.0
5902,0.0
5903,0.0
5904,0.0
5905,0.0
5906,0.0
5907,0.0
5908,0.0
5909,0.0
5910,0.0337
5911,0.25511
5912,0.46082
5913,0.59226
5914,0.6993400000000001
5915,0.64501
5916,0.73587
5917,0.62962
5918,0.5809
5919,0.42093
5920,0.23761000000000002
5921,0.041890000000000004
5922,0.0
5923,0.0
5924,0.0
5925,0.0
5926,0.0
5927,0.0
5928,0.0
5929,0.0
5930,0.0
5931,0.0
5932,0.0
5933,0.0
5934,0.039049999999999994
5935,0.21878999999999998
5936,0.42402999999999996
5937,0.56902
5938,0.68208
5939,0.73353
5940,0.66812
5941,0.55275
5942,0.39832
5943,0.35152
5944,0.23215
5945,0.0308
5946,0.0
5947,0.0
5948,0.0
5949,0.0
5950,0.0
5951,0.0
5952,0.0
5953,0.0
5954,0.0
5955,0.0
5956,0.0
5957,0.0
5958,0.03626
5959,0.22681
5960,0.43241
5961,0.58539
5962,0.6967000000000001
5963,0.66576
5964,0.71026
5965,0.672
5966,0.5146499999999999
5967,0.42119999999999996
5968,0.24887
5969,0.03403
5970,0.0
5971,0.0
5972,0.0
5973,0.0
5974,0.0
5975,0.0
5976,0.0
5977,0.0
5978,0.0
5979,0.0
5980,0.0
5981,0.0
5982,0.030690000000000002
5983,0.21928999999999998
5984,0.41783
5985,0.6008600000000001
5986,0.6843400000000001
5987,0.73762
5988,0.60934
5989,0.30551
5990,0.23103
5991,0.3215
5992,0.22426
5993,0.03454
5994,0.0
5995,0.0
5996,0.0
5997,0.0
5998,0.0
5999,0.0
6000,0.0
6001,0.0
6002,0.0
6003,0.0
6004,0.0
6005,0.0
6006,0.030379999999999997
6007,0.135
6008,0.32691000000000003
6009,0.45671
6010,0.46557
6011,0.54348
6012,0.48258
6013,0.23378
6014,0.34175
6015,0.22200999999999999
6016,0.10598
6017,0.01453
6018,0.0
6019,0.0
6020,0.0
6021,0.0
6022,0.0
6023,0.0
6024,0.0
6025,0.0
6026,0.0
6027,0.0
6028,0.0
6029,0.0
6030,0.017929999999999998
6031,0.14261000000000001
6032,0.29560000000000003
6033,0.43795999999999996
6034,0.6105499999999999
6035,0.53364
6036,0.5384800000000001
6037,0.42939
6038,0.42206
6039,0.22538999999999998
6040,0.06349
6041,0.01247
6042,0.0
6043,0.0
6044,0.0
6045,0.0
6046,0.0
6047,0.0
6048,0.0
6049,0.0
6050,0.0
6051,0.0
6052,0.0
6053,0.0
6054,0.038829999999999996
6055,0.17572
6056,0.35799000000000003
6057,0.47635
6058,0.6109199999999999
6059,0.5581499999999999
6060,0.55843
6061,0.6436499999999999
6062,0.52797
6063,0.39677999999999997
6064,0.19521
6065,0.03384
6066,0.0
6067,0.0
6068,0.0
6069,0.0
6070,0.0
6071,0.0
6072,0.0
6073,0.0
6074,0.0
6075,0.0
6076,0.0
6077,0.0
6078,0.04109
6079,0.20797
6080,0.43541
6081,0.5597000000000001
6082,0.64867
6083,0.6824199999999999
6084,0.67674
6085,0.58554
6086,0.4607
6087,0.42582
6088,0.21249
6089,0.031219999999999998
6090,0.0
6091,0.0
6092,0.0
6093,0.0
6094,0.0
6095,0.0
6096,0.0
6097,0.0
6098,0.0
6099,0.0
6100,0.0
6101,0.0
6102,0.035679999999999996
6103,0.14282
6104,0.32188
6105,0.52588
6106,0.59074
6107,0.58025
6108,0.62674
6109,0.53173
6110,0.38486000000000004
6111,0.26075
6112,0.12856
6113,0.01672
6114,0.0
6115,0.0
6116,0.0
6117,0.0
6118,0.0
6119,0.0
6120,0.0
6121,0.0
6122,0.0
6123,0.0
6124,0.0
6125,0.0
6126,0.0371
6127,0.21119
6128,0.40186
6129,0.45586
6130,0.45341000000000004
6131,0.4586
6132,0.60075
6133,0.42105000000000004
6134,0.29662
6135,0.29577
6136,0.20075
6137,0.03191
6138,0.0
6139,0.0
6140,0.0
6141,0.0
6142,0.0
6143,0.0
6144,0.0
6145,0.0
6146,0.0
6147,0.0
6148,0.0
6149,0.0
6150,0.03542
6151,0.21339
6152,0.42317
6153,0.54516
6154,0.54306
6155,0.7235900000000001
6156,0.6636799999999999
6157,0.63013
6158,0.43521
6159,0.39585000000000004
6160,0.19027000000000002
6161,0.02233
6162,0.0
6163,0.0
6164,0.0
6165,0.0
6166,0.0
6167,0.0
6168,0.0
6169,0.0
6170,0.0
6171,0.0
6172,0.0
6173,0.0
6174,0.03713
6175,0.17621
6176,0.24530000000000002
6177,0.36368
6178,0.29586
6179,0.40720999999999996
6180,0.44932
6181,0.2434
6182,0.38921
6183,0.32592000000000004
6184,0.17523
6185,0.02579
6186,0.0
6187,0.0
6188,0.0
6189,0.0
6190,0.0
6191,0.0
6192,0.0
6193,0.0
6194,0.0
6195,0.0
6196,0.0
6197,0.0
6198,0.04052
6199,0.20117
6200,0.33583999999999997
6201,0.53066
6202,0.5244800000000001
6203,0.56696
6204,0.54834
6205,0.46511
6206,0.42191
6207,0.27952999999999995
6208,0.12375
6209,0.02034
6210,0.0
6211,0.0
6212,0.0
6213,0.0
6214,0.0
6215,0.0
6216,0.0
6217,0.0
6218,0.0
6219,0.0
6220,0.0
6221,0.0
6222,0.03301
6223,0.16557
6224,0.39991000000000004
6225,0.5236000000000001
6226,0.48689
6227,0.5481900000000001
6228,0.57377
6229,0.53208
6230,0.54227
6231,0.39124000000000003
6232,0.22175999999999998
6233,0.02924
6234,0.0
6235,0.0
6236,0.0
6237,0.0
6238,0.0
6239,0.0
6240,0.0
6241,0.0
6242,0.0
6243,0.0
6244,0.0
6245,0.0
6246,0.02013
6247,0.08506999999999999
6248,0.11411
6249,0.21026
6250,0.39503
6251,0.49385
6252,0.46217
6253,0.44274
6254,0.30307
6255,0.33153
6256,0.17053000000000001
6257,0.02621
6258,0.0
6259,0.0
6260,0.0
6261,0.0
6262,0.0
6263,0.0
6264,0.0
6265,0.0
6266,0.0
6267,0.0
6268,0.0
6269,0.0
6270,0.04302
6271,0.25044
6272,0.461
6273,0.5571200000000001
6274,0.68868
6275,0.69423
6276,0.53961
6277,0.58165
6278,0.47468
6279,0.32697000000000004
6280,0.12287000000000001
6281,0.02117
6282,0.0
6283,0.0
6284,0.0
6285,0.0
6286,0.0
6287,0.0
6288,0.0
6289,0.0
6290,0.0
6291,0.0
6292,0.0
6293,0.0
6294,0.0448
6295,0.23727
6296,0.41897
6297,0.5807599999999999
6298,0.66691
6299,0.67618
6300,0.6387999999999999
6301,0.54855
6302,0.43393
6303,0.28346
6304,0.16141
6305,0.01236
6306,0.0
6307,0.0
6308,0.0
6309,0.0
6310,0.0
6311,0.0
6312,0.0
6313,0.0
6314,0.0
6315,0.0
6316,0.0
6317,0.0
6318,0.05059
6319,0.22625
6320,0.38823
6321,0.54134
6322,0.59112
6323,0.6785399999999999
6324,0.65066
6325,0.6047100000000001
6326,0.46192
6327,0.34993
6328,0.17961000000000002
6329,0.022019999999999998
6330,0.0
6331,0.0
6332,0.0
6333,0.0
6334,0.0
6335,0.0
6336,0.0
6337,0.0
6338,0.0
6339,0.0
6340,0.0
6341,0.0
6342,0.04353
6343,0.20729
6344,0.42036
6345,0.5661499999999999
6346,0.5401
6347,0.6180599999999999
6348,0.60963
6349,0.54107
6350,0.47396
6351,0.40917000000000003
6352,0.21655000000000002
6353,0.022879999999999998
6354,0.0
6355,0.0
6356,0.0
6357,0.0
6358,0.0
6359,0.0
6360,0.0
6361,0.0
6362,0.0
6363,0.0
6364,0.0
6365,0.0
6366,0.0209
6367,0.12122
6368,0.15422999999999998
6369,0.34043
6370,0.42584
6371,0.53659
6372,0.56117
6373,0.18869
6374,0.43668
6375,0.36701999999999996
6376,0.17145
6377,0.0154
6378,0.0
6379,0.0
6380,0.0
6381,0.0
6382,0.0
6383,0.0
6384,0.0
6385,0.0
6386,0.0
6387,0.0
6388,0.0
6389,0.0
6390,0.04643
6391,0.20886000000000002
6392,0.41688
6393,0.50931
6394,0.43645
6395,0.5567300000000001
6396,0.49651999999999996
6397,0.22311
6398,0.39753
6399,0.25584
6400,0.14097
6401,0.009439999999999999
6402,0.0
6403,0.0
6404,0.0
6405,0.0
6406,0.0
6407,0.0
6408,0.0
6409,0.0
6410,0.0
6411,0.0
6412,0.0
6413,0.0
6414,0.0588
6415,0.22772
6416,0.41625
6417,0.59245
6418,0.61751
6419,0.6327699999999999
6420,0.53543
6421,0.6117400000000001
6422,0.37192000000000003
6423,0.41464999999999996
6424,0.21916999999999998
6425,0.02366
6426,0.0
6427,0.0
6428,0.0
6429,0.0
6430,0.0
6431,0.0
6432,0.0
6433,0.0
6434,0.0
6435,0.0
6436,0.0
6437,0.0
6438,0.012199999999999999
6439,0.06872
6440,0.13954
6441,0.396
6442,0.33097000000000004
6443,0.5218400000000001
6444,0.60135
6445,0.19879
6446,0.41001
6447,0.3058
6448,0.17411000000000001
6449,0.017329999999999998
6450,0.0
6451,0.0
6452,0.0
6453,0.0
6454,0.0
6455,0.0
6456,0.0
6457,0.0
6458,0.0
6459,0.0
6460,0.0
6461,0.0
6462,0.05633
6463,0.27535000000000004
6464,0.44243
6465,0.5802
6466,0.5132000000000001
6467,0.65964
6468,0.72288
6469,0.657
6470,0.5167999999999999
6471,0.33662000000000003
6472,0.15331
6473,0.01421
6474,0.0
6475,0.0
6476,0.0
6477,0.0
6478,0.0
6479,0.0
6480,0.0
6481,0.0
6482,0.0
6483,0.0
6484,0.0
6485,0.0
6486,0.04349
6487,0.19337000000000001
6488,0.31527999999999995
6489,0.21531
6490,0.37344
6491,0.41717000000000004
6492,0.61287
6493,0.47597
6494,0.33653
6495,0.27878
6496,0.098
6497,0.01453
6498,0.0
6499,0.0
6500,0.0
6501,0.0
6502,0.0
6503,0.0
6504,0.0
6505,0.0
6506,0.0
6507,0.0
6508,0.0
6509,0.0
6510,0.02106
6511,0.12139
6512,0.33368000000000003
6513,0.48833
6514,0.51303
6515,0.5353
6516,0.61193
6517,0.64843
6518,0.52876
6519,0.24999000000000002
6520,0.14361000000000002
6521,0.01932
6522,0.0
6523,0.0
6524,0.0
6525,0.0
6526,0.0
6527,0.0
6528,0.0
6529,0.0
6530,0.0
6531,0.0
6532,0.0
6533,0.0
6534,0.039049999999999994
6535,0.11137999999999999
6536,0.37376
6537,0.42386
6538,0.50102
6539,0.47378
6540,0.44822
6541,0.48592
6542,0.30457999999999996
6543,0.24273
6544,0.10033
6545,0.00866
6546,0.0
6547,0.0
6548,0.0
6549,0.0
6550,0.0
6551,0.0
6552,0.0
6553,0.0
6554,0.0
6555,0.0
6556,0.0
6557,0.0
6558,0.03132
6559,0.19088
6560,0.38783
6561,0.51263
6562,0.53019
6563,0.6594500000000001
6564,0.63815
6565,0.58711
6566,0.47901
6567,0.35076
6568,0.16748
6569,0.01667
6570,0.0
6571,0.0
6572,0.0
6573,0.0
6574,0.0
6575,0.0
6576,0.0
6577,0.0
6578,0.0
6579,0.0
6580,0.0
6581,0.0
6582,0.06107
6583,0.26448
6584,0.47293999999999997
6585,0.6106900000000001
6586,0.6445
6587,0.64049
6588,0.59249
6589,0.60854
6590,0.47808999999999996
6591,0.32558
6592,0.15075
6593,0.011130000000000001
6594,0.0
6595,0.0
6596,0.0
6597,0.0
6598,0.0
6599,0.0
6600,0.0
6601,0.0
6602,0.0
6603,0.0
6604,0.0
6605,0.0
6606,0.06337
6607,0.28094
6608,0.44215
6609,0.49971
6610,0.56517
6611,0.61418
6612,0.58423
6613,0.53665
6614,0.39722
6615,0.29958999999999997
6616,0.17037
6617,0.01377
6618,0.0
6619,0.0
6620,0.0
6621,0.0
6622,0.0
6623,0.0
6624,0.0
6625,0.0
6626,0.0
6627,0.0
6628,0.0
6629,0.0
6630,0.02503
6631,0.05323
6632,0.17364
6633,0.13194999999999998
6634,0.26447000000000004
6635,0.26569
6636,0.3377
6637,0.28358
6638,0.3532
6639,0.25908
6640,0.11122
6641,0.0076500000000000005
6642,0.0
6643,0.0
6644,0.0
6645,0.0
6646,0.0
6647,0.0
6648,0.0
6649,0.0
6650,0.0
6651,0.0
6652,0.0
6653,0.0
6654,0.038590000000000006
6655,0.11052
6656,0.18397999999999998
6657,0.21835
6658,0.37313
6659,0.51851
6660,0.49578
6661,0.44036000000000003
6662,0.37201999999999996
6663,0.24414
6664,0.11277
6665,0.01194
6666,0.0
6667,0.0
6668,0.0
6669,0.0
6670,0.0
6671,0.0
6672,0.0
6673,0.0
6674,0.0
6675,0.0
6676,0.0
6677,0.0
6678,0.0514
6679,0.22945
6680,0.45714
6681,0.4859
6682,0.58138
6683,0.53972
6684,0.54325
6685,0.4748
6686,0.39849
6687,0.32986
6688,0.13791
6689,0.0089
6690,0.0
6691,0.0
6692,0.0
6693,0.0
6694,0.0
6695,0.0
6696,0.0
6697,0.0
6698,0.0
6699,0.0
6700,0.0
6701,0.0
6702,0.03957
6703,0.14058
6704,0.35406
6705,0.48810000000000003
6706,0.57253
6707,0.7223999999999999
6708,0.76864
6709,0.57675
6710,0.37683999999999995
6711,0.22279
6712,0.13396
6713,0.00675
6714,0.0
6715,0.0
6716,0.0
6717,0.0
6718,0.0
6719,0.0
6720,0.0
6721,0.0
6722,0.0
6723,0.0
6724,0.0
6725,0.0
6726,0.05332
6727,0.22636
6728,0.42295
6729,0.60661
6730,0.6556000000000001
6731,0.65355
6732,0.59862
6733,0.61803
6734,0.49060000000000004
6735,0.28332
6736,0.09359
6737,0.01499
6738,0.0
6739,0.0
6740,0.0
6741,0.0
6742,0.0
6743,0.0
6744,0.0
6745,0.0
6746,0.0
6747,0.0
6748,0.0
6749,0.0
6750,0.06467
6751,0.24980000000000002
6752,0.49158999999999997
6753,0.63775
6754,0.73439
6755,0.64927
6756,0.6646799999999999
6757,0.42983
6758,0.3717
6759,0.24719
6760,0.08945
6761,0.0068
6762,0.0
6763,0.0
6764,0.0
6765,0.0
6766,0.0
6767,0.0
6768,0.0
6769,0.0
6770,0.0
6771,0.0
6772,0.0
6773,0.0
6774,0.06373
6775,0.23204
6776,0.46231
6777,0.60665
6778,0.62607
6779,0.72909
6780,0.57999
6781,0.5957899999999999
6782,0.43043
6783,0.32441000000000003
6784,0.14565
6785,0.00878
6786,0.0
6787,0.0
6788,0.0
6789,0.0
6790,0.0
6791,0.0
6792,0.0
6793,0.0
6794,0.0
6795,0.0
6796,0.0
6797,0.0
6798,0.04861
6799,0.13947
6800,0.1672
6801,0.12717
6802,0.30897
6803,0.33796
6804,0.36227
6805,0.34335000000000004
6806,0.24542
6807,0.18025
6808,0.08217
6809,0.0066500000000000005
6810,0.0
6811,0.0
6812,0.0
6813,0.0
6814,0.0
6815,0.0
6816,0.0
6817,0.0
6818,0.0
6819,0.0
6820,0.0
6821,0.0
6822,0.059590000000000004
6823,0.25783999999999996
6824,0.49247
6825,0.55748
6826,0.63359
6827,0.65385
6828,0.69524
6829,0.62437
6830,0.5794
6831,0.3447
6832,0.20246
6833,0.01502
6834,0.0
6835,0.0
6836,0.0
6837,0.0
6838,0.0
6839,0.0
6840,0.0
6841,0.0
6842,0.0
6843,0.0
6844,0.0
6845,0.0
6846,0.06199
6847,0.26299
6848,0.48327
6849,0.61925
6850,0.6875
6851,0.62167
6852,0.7064600000000001
6853,0.3795
6854,0.47583
6855,0.37168
6856,0.18988999999999998
6857,0.01289
6858,0.0
6859,0.0
6860,0.0
6861,0.0
6862,0.0
6863,0.0
6864,0.0
6865,0.0
6866,0.0
6867,0.0
6868,0.0
6869,0.0
6870,0.06484999999999999
6871,0.25876
6872,0.42424
6873,0.56541
6874,0.68614
6875,0.67529
6876,0.6103500000000001
6877,0.53808
6878,0.5385700000000001
6879,0.34408
6880,0.15561000000000003
6881,0.0032
6882,0.0
6883,0.0
6884,0.0
6885,0.0
6886,0.0
6887,0.0
6888,0.0
6889,0.0
6890,0.0
6891,0.0
6892,0.0
6893,0.0
6894,0.06094
6895,0.21647
6896,0.44622
6897,0.61013
6898,0.63742
6899,0.6946100000000001
6900,0.70677
6901,0.47383
6902,0.41078
6903,0.33138999999999996
6904,0.16858
6905,0.0038
6906,0.0
6907,0.0
6908,0.0
6909,0.0
6910,0.0
6911,0.0
6912,0.0
6913,0.0
6914,0.0
6915,0.0
6916,0.0
6917,0.0
6918,0.03643
6919,0.15141
6920,0.32014
6921,0.46331
6922,0.5095
6923,0.69257
6924,0.75854
6925,0.48951
6926,0.38337
6927,0.36369
6928,0.15005000000000002
6929,0.00622
6930,0.0
6931,0.0
6932,0.0
6933,0.0
6934,0.0
6935,0.0
6936,0.0
6937,0.0
6938,0.0
6939,0.0
6940,0.0
6941,0.0
6942,0.05391
6943,0.24961000000000003
6944,0.40851
6945,0.56809
6946,0.6859
6947,0.79945
6948,0.61278
6949,0.61621
6950,0.53214
6951,0.39944999999999997
6952,0.18074
6953,0.0055
6954,0.0
6955,0.0
6956,0.0
6957,0.0
6958,0.0
6959,0.0
6960,0.0
6961,0.0
6962,0.0
6963,0.0
6964,0.0
6965,0.0
6966,0.031059999999999997
6967,0.16763999999999998
6968,0.28025
6969,0.37739999999999996
6970,0.5912200000000001
6971,0.71388
6972,0.69325
6973,0.5672200000000001
6974,0.47631999999999997
6975,0.37553
6976,0.16648
6977,0.00688
6978,0.0
6979,0.0
6980,0.0
6981,0.0
6982,0.0
6983,0.0
6984,0.0
6985,0.0
6986,0.0
6987,0.0
6988,0.0
6989,0.0
6990,0.06804
6991,0.28231
6992,0.50761
6993,0.63518
6994,0.6389400000000001
6995,0.61302
6996,0.5498200000000001
6997,0.61119
6998,0.50758
6999,0.35774
7000,0.20003
7001,0.0035800000000000003
7002,0.0
7003,0.0
7004,0.0
7005,0.0
7006,0.0
7007,0.0
7008,0.0
7009,0.0
7010,0.0
7011,0.0
7012,0.0
7013,0.0
7014,0.061700000000000005
7015,0.25365
7016,0.4402
7017,0.5938300000000001
7018,0.65239
7019,0.6226900000000001
7020,0.55768
7021,0.5224099999999999
7022,0.43660000000000004
7023,0.34166
7024,0.12675
7025,0.00222
7026,0.0
7027,0.0
7028,0.0
7029,0.0
7030,0.0
7031,0.0
7032,0.0
7033,0.0
7034,0.0
7035,0.0
7036,0.0
7037,0.0
7038,0.033979999999999996
7039,0.19516
7040,0.37495
7041,0.35034
7042,0.50739
7043,0.43589999999999995
7044,0.37239999999999995
7045,0.50171
7046,0.41036
7047,0.23674
7048,0.08214
7049,0.00484
7050,0.0
7051,0.0
7052,0.0
7053,0.0
7054,0.0
7055,0.0
7056,0.0
7057,0.0
7058,0.0
7059,0.0
7060,0.0
7061,0.0
7062,0.00547
7063,0.026449999999999998
7064,0.04352
7065,0.15009999999999998
7066,0.21014
7067,0.3549
7068,0.22366
7069,0.47126999999999997
7070,0.28897
7071,0.20167
7072,0.10319
7073,0.0044800000000000005
7074,0.0
7075,0.0
7076,0.0
7077,0.0
7078,0.0
7079,0.0
7080,0.0
7081,0.0
7082,0.0
7083,0.0
7084,0.0
7085,0.0
7086,0.0074
7087,0.04647
7088,0.13969
7089,0.14976
7090,0.22424000000000002
7091,0.2909
7092,0.27044
7093,0.4253
7094,0.33005
7095,0.2616
7096,0.10263
7097,0.005059999999999999
7098,0.0
7099,0.0
7100,0.0
7101,0.0
7102,0.0
7103,0.0
7104,0.0
7105,0.0
7106,0.0
7107,0.0
7108,0.0
7109,0.0
7110,0.04752
7111,0.18668
7112,0.36121
7113,0.408
7114,0.51145
7115,0.5914400000000001
7116,0.42536
7117,0.38157
7118,0.31901999999999997
7119,0.23271
7120,0.0905
7121,0.0035299999999999997
7122,0.0
7123,0.0
7124,0.0
7125,0.0
7126,0.0
7127,0.0
7128,0.0
7129,0.0
7130,0.0
7131,0.0
7132,0.0
7133,0.0
7134,0.038270000000000005
7135,0.10404000000000001
7136,0.23755
7137,0.50784
7138,0.36275999999999997
7139,0.44465
7140,0.5611900000000001
7141,0.60881
7142,0.4541
7143,0.30186
7144,0.09739
7145,0.00369
7146,0.0
7147,0.0
7148,0.0
7149,0.0
7150,0.0
7151,0.0
7152,0.0
7153,0.0
7154,0.0
7155,0.0
7156,0.0
7157,0.0
7158,0.05205
7159,0.16206
7160,0.37607999999999997
7161,0.55179
7162,0.59487
7163,0.52673
7164,0.46887
7165,0.32033999999999996
7166,0.33952
7167,0.16311
7168,0.09379000000000001
7169,0.0020299999999999997
7170,0.0
7171,0.0
7172,0.0
7173,0.0
7174,0.0
7175,0.0
7176,0.0
7177,0.0
7178,0.0
7179,0.0
7180,0.0
7181,0.0
7182,0.053840000000000006
7183,0.23979
7184,0.44788
7185,0.53318
7186,0.50164
7187,0.59062
7188,0.47152
7189,0.39254
7190,0.3305
7191,0.16181
7192,0.11841
7193,0.002
7194,0.0
7195,0.0
7196,0.0
7197,0.0
7198,0.0
7199,0.0
7200,0.0
7201,0.0
7202,0.0
7203,0.0
7204,0.0
7205,0.0
7206,0.013380000000000001
7207,0.08979999999999999
7208,0.14752
7209,0.18268
7210,0.27473000000000003
7211,0.26133
7212,0.36843
7213,0.47914
7214,0.33154
7215,0.17830000000000001
7216,0.07437
7217,0.0026
7218,0.0
7219,0.0
7220,0.0
7221,0.0
7222,0.0
7223,0.0
7224,0.0
7225,0.0
7226,0.0
7227,0.0
7228,0.0
7229,0.0
7230,0.04512
7231,0.19097
7232,0.28919
7233,0.39131
7234,0.40075
7235,0.39896
7236,0.54306
7237,0.23325
7238,0.34822000000000003
7239,0.25653
7240,0.11763
7241,0.0023
7242,0.0
7243,0.0
7244,0.0
7245,0.0
7246,0.0
7247,0.0
7248,0.0
7249,0.0
7250,0.0
7251,0.0
7252,0.0
7253,0.0
7254,0.057159999999999996
7255,0.21887
7256,0.4248
7257,0.5528099999999999
7258,0.53995
7259,0.47696
7260,0.50188
7261,0.41320999999999997
7262,0.44148000000000004
7263,0.25711
7264,0.10633
7265,0.00209
7266,0.0
7267,0.0
7268,0.0
7269,0.0
7270,0.0
7271,0.0
7272,0.0
7273,0.0
7274,0.0
7275,0.0
7276,0.0
7277,0.0
7278,0.0554
7279,0.18475
7280,0.41539
7281,0.5142599999999999
7282,0.58609
7283,0.55845
7284,0.5238400000000001
7285,0.47181
7286,0.35752
7287,0.23984
7288,0.09364
7289,0.00367
7290,0.0
7291,0.0
7292,0.0
7293,0.0
7294,0.0
7295,0.0
7296,0.0
7297,0.0
7298,0.0
7299,0.0
7300,0.0
7301,0.0
7302,0.07159
7303,0.28352
7304,0.44969
7305,0.52234
7306,0.51659
7307,0.53504
7308,0.54816
7309,0.44401
7310,0.43395999999999996
7311,0.30352999999999997
7312,0.12473999999999999
7313,0.004860000000000001
7314,0.0
7315,0.0
7316,0.0
7317,0.0
7318,0.0
7319,0.0
7320,0.0
7321,0.0
7322,0.0
7323,0.0
7324,0.0
7325,0.0
7326,0.038759999999999996
7327,0.17685
7328,0.36918
7329,0.43561
7330,0.5463899999999999
7331,0.5042300000000001
7332,0.55606
7333,0.4583
7334,0.39241000000000004
7335,0.23402
7336,0.10509
7337,0.00094
7338,0.0
7339,0.0
7340,0.0
7341,0.0
7342,0.0
7343,0.0
7344,0.0
7345,0.0
7346,0.0
7347,0.0
7348,0.0
7349,0.0
7350,0.05726
7351,0.2052
7352,0.42289
7353,0.5527000000000001
7354,0.49463
7355,0.608
7356,0.5313
7357,0.32337
7358,0.25335
7359,0.2211
7360,0.05057
7361,0.00163
7362,0.0
7363,0.0
7364,0.0
7365,0.0
7366,0.0
7367,0.0
7368,0.0
7369,0.0
7370,0.0
7371,0.0
7372,0.0
7373,0.0
7374,0.0070999999999999995
7375,0.026609999999999998
7376,0.09067
7377,0.12379000000000001
7378,0.11902
7379,0.20138
7380,0.22712000000000002
7381,0.25299
7382,0.1945
7383,0.19837
7384,0.11191
7385,0.00273
7386,0.0
7387,0.0
7388,0.0
7389,0.0
7390,0.0
7391,0.0
7392,0.0
7393,0.0
7394,0.0
7395,0.0
7396,0.0
7397,0.0
7398,0.05907
7399,0.20621
7400,0.42329
7401,0.56959
7402,0.5688
7403,0.5325
7404,0.46019
7405,0.4445
7406,0.39826999999999996
7407,0.27672
7408,0.09591
7409,0.0006
7410,0.0
7411,0.0
7412,0.0
7413,0.0
7414,0.0
7415,0.0
7416,0.0
7417,0.0
7418,0.0
7419,0.0
7420,0.0
7421,0.0
7422,0.03626
7423,0.16528
7424,0.34881
7425,0.43683999999999995
7426,0.45682999999999996
7427,0.56108
7428,0.44468
7429,0.3559
7430,0.28182999999999997
7431,0.16899
7432,0.12514
7433,0.00319
7434,0.0
7435,0.0
7436,0.0
7437,0.0
7438,0.0
7439,0.0
7440,0.0
7441,0.0
7442,0.0
7443,0.0
7444,0.0
7445,0.0
7446,0.03839
7447,0.14083
7448,0.19907
7449,0.32991000000000004
7450,0.50907
7451,0.55192
7452,0.50844
7453,0.49124
7454,0.266
7455,0.24026
7456,0.08195000000000001
7457,0.00182
7458,0.0
7459,0.0
7460,0.0
7461,0.0
7462,0.0
7463,0.0
7464,0.0
7465,0.0
7466,0.0
7467,0.0
7468,0.0
7469,0.0
7470,0.02802
7471,0.13366
7472,0.30248
7473,0.47079000000000004
7474,0.5174
7475,0.5866699999999999
7476,0.53095
7477,0.49871
7478,0.35358999999999996
7479,0.24705000000000002
7480,0.10931
7481,0.00362
7482,0.0
7483,0.0
7484,0.0
7485,0.0
7486,0.0
7487,0.0
7488,0.0
7489,0.0
7490,0.0
7491,0.0
7492,0.0
7493,0.0
7494,0.047299999999999995
7495,0.19441
7496,0.23512
7497,0.19127000000000002
7498,0.37483
7499,0.48586
7500,0.5033500000000001
7501,0.44251
7502,0.21911000000000003
7503,0.15500999999999998
7504,0.09593
7505,0.0037400000000000003
7506,0.0
7507,0.0
7508,0.0
7509,0.0
7510,0.0
7511,0.0
7512,0.0
7513,0.0
7514,0.0
7515,0.0
7516,0.0
7517,0.0
7518,0.04271
7519,0.16291
7520,0.29514999999999997
7521,0.40975
7522,0.5417799999999999
7523,0.55189
7524,0.47192
7525,0.49511
7526,0.29635
7527,0.22757
7528,0.11117
7529,0.00207
7530,0.0
7531,0.0
7532,0.0
7533,0.0
7534,0.0
7535,0.0
7536,0.0
7537,0.0
7538,0.0
7539,0.0
7540,0.0
7541,0.0
7542,0.01577
7543,0.08751
7544,0.24403
7545,0.38509
7546,0.41978
7547,0.45064
7548,0.27319
7549,0.38531
7550,0.41074
7551,0.19022999999999998
7552,0.11183
7553,0.00372
7554,0.0
7555,0.0
7556,0.0
7557,0.0
7558,0.0
7559,0.0
7560,0.0
7561,0.0
7562,0.0
7563,0.0
7564,0.0
7565,0.0
7566,0.06426000000000001
7567,0.24374
7568,0.45191000000000003
7569,0.58992
7570,0.58394
7571,0.61479
7572,0.54441
7573,0.53676
7574,0.43527
7575,0.30567
7576,0.1394
7577,0.00281
7578,0.0
7579,0.0
7580,0.0
7581,0.0
7582,0.0
7583,0.0
7584,0.0
7585,0.0
7586,0.0
7587,0.0
7588,0.0
7589,0.0
7590,0.03221
7591,0.17365
7592,0.32115
7593,0.44789
7594,0.52171
7595,0.58315
7596,0.49395999999999995
7597,0.5007900000000001
7598,0.45456
7599,0.27401
7600,0.10507999999999999
7601,0.00451
7602,0.0
7603,0.0
7604,0.0
7605,0.0
7606,0.0
7607,0.0
7608,0.0
7609,0.0
7610,0.0
7611,0.0
7612,0.0
7613,0.0
7614,0.056420000000000005
7615,0.21911000000000003
7616,0.36569
7617,0.41572000000000003
7618,0.45206
7619,0.56421
7620,0.49751999999999996
7621,0.51118
7622,0.34219
7623,0.19319999999999998
7624,0.09540000000000001
7625,0.0024100000000000002
7626,0.0
7627,0.0
7628,0.0
7629,0.0
7630,0.0
7631,0.0
7632,0.0
7633,0.0
7634,0.0
7635,0.0
7636,0.0
7637,0.0
7638,0.03582
7639,0.14502
7640,0.29441
7641,0.40607
7642,0.52608
7643,0.5111600000000001
7644,0.5243
7645,0.28664
7646,0.22238
7647,0.18744
7648,0.06897
7649,0.00269
7650,0.0
7651,0.0
7652,0.0
7653,0.0
7654,0.0
7655,0.0
7656,0.0
7657,0.0
7658,0.0
7659,0.0
7660,0.0
7661,0.0
7662,0.033030000000000004
7663,0.13238
7664,0.33544
7665,0.48844
7666,0.5750299999999999
7667,0.44541000000000003
7668,0.40701
7669,0.44066000000000005
7670,0.28748
7671,0.16737
7672,0.07156
7673,0.0018700000000000001
7674,0.0
7675,0.0
7676,0.0
7677,0.0
7678,0.0
7679,0.0
7680,0.0
7681,0.0
7682,0.0
7683,0.0
7684,0.0
7685,0.0
7686,0.00497
7687,0.016980000000000002
7688,0.0747
7689,0.04689
7690,0.19182
7691,0.42517
7692,0.4249
7693,0.50615
7694,0.5295700000000001
7695,0.32759
7696,0.16563999999999998
7697,0.00263
7698,0.0
7699,0.0
7700,0.0
7701,0.0
7702,0.0
7703,0.0
7704,0.0
7705,0.0
7706,0.0
7707,0.0
7708,0.0
7709,0.0
7710,0.045770000000000005
7711,0.15743000000000001
7712,0.39482999999999996
7713,0.5699500000000001
7714,0.57092
7715,0.53038
7716,0.51459
7717,0.45263
7718,0.31111
7719,0.09233
7720,0.0455
7721,0.00209
7722,0.0
7723,0.0
7724,0.0
7725,0.0
7726,0.0
7727,0.0
7728,0.0
7729,0.0
7730,0.0
7731,0.0
7732,0.0
7733,0.0
7734,0.03012
7735,0.14207
7736,0.30104000000000003
7737,0.32364
7738,0.4475
7739,0.5093
7740,0.47248
7741,0.39992
7742,0.29736
7743,0.21298
7744,0.07006
7745,0.00214
7746,0.0
7747,0.0
7748,0.0
7749,0.0
7750,0.0
7751,0.0
7752,0.0
7753,0.0
7754,0.0
7755,0.0
7756,0.0
7757,0.0
7758,0.03349
7759,0.16472
7760,0.24778999999999998
7761,0.38083
7762,0.42841
7763,0.46593
7764,0.50227
7765,0.40937
7766,0.33247000000000004
7767,0.21506999999999998
7768,0.06408
7769,0.0016699999999999998
7770,0.0
7771,0.0
7772,0.0
7773,0.0
7774,0.0
7775,0.0
7776,0.0
7777,0.0
7778,0.0
7779,0.0
7780,0.0
7781,0.0
7782,0.047049999999999995
7783,0.16902
7784,0.34094
7785,0.54059
7786,0.69028
7787,0.69712
7788,0.7188300000000001
7789,0.60891
7790,0.45200999999999997
7791,0.30636
7792,0.12719
7793,0.00211
7794,0.0
7795,0.0
7796,0.0
7797,0.0
7798,0.0
7799,0.0
7800,0.0
7801,0.0
7802,0.0
7803,0.0
7804,0.0
7805,0.0
7806,0.05268
7807,0.22681
7808,0.47072
7809,0.57596
7810,0.62307
7811,0.66689
7812,0.6451399999999999
7813,0.49168
7814,0.41486
7815,0.2539
7816,0.14974
7817,0.00456
7818,0.0
7819,0.0
7820,0.0
7821,0.0
7822,0.0
7823,0.0
7824,0.0
7825,0.0
7826,0.0
7827,0.0
7828,0.0
7829,0.0
7830,0.03508
7831,0.20085
7832,0.40985000000000005
7833,0.58128
7834,0.62179
7835,0.67037
7836,0.56737
7837,0.54663
7838,0.5143
7839,0.36569999999999997
7840,0.12407
7841,0.00165
7842,0.0
7843,0.0
7844,0.0
7845,0.0
7846,0.0
7847,0.0
7848,0.0
7849,0.0
7850,0.0
7851,0.0
7852,0.0
7853,0.0
7854,0.04244
7855,0.19246000000000002
7856,0.40601
7857,0.51358
7858,0.6370399999999999
7859,0.6636599999999999
7860,0.59987
7861,0.43991
7862,0.41989
7863,0.32752
7864,0.14644
7865,0.00234
7866,0.0
7867,0.0
7868,0.0
7869,0.0
7870,0.0
7871,0.0
7872,0.0
7873,0.0
7874,0.0
7875,0.0
7876,0.0
7877,0.0
7878,0.0289
7879,0.13272
7880,0.21991999999999998
7881,0.36821
7882,0.50119
7883,0.53824
7884,0.46762
7885,0.58489
7886,0.45718000000000003
7887,0.33022
7888,0.11792
7889,0.00221
7890,0.0
7891,0.0
7892,0.0
7893,0.0
7894,0.0
7895,0.0
7896,0.0
7897,0.0
7898,0.0
7899,0.0
7900,0.0
7901,0.0
7902,0.042140000000000004
7903,0.2248
7904,0.34476999999999997
7905,0.34138999999999997
7906,0.48523
7907,0.5395599999999999
7908,0.5776399999999999
7909,0.37554000000000004
7910,0.29989
7911,0.22871
7912,0.13346
7913,0.0030299999999999997
7914,0.0
7915,0.0
7916,0.0
7917,0.0
7918,0.0
7919,0.0
7920,0.0
7921,0.0
7922,0.0
7923,0.0
7924,0.0
7925,0.0
7926,0.030879999999999998
7927,0.15884
7928,0.38338
7929,0.5037
7930,0.42332
7931,0.48551
7932,0.39823000000000003
7933,0.55502
7934,0.42811
7935,0.2749
7936,0.12647
7937,0.00337
7938,0.0
7939,0.0
7940,0.0
7941,0.0
7942,0.0
7943,0.0
7944,0.0
7945,0.0
7946,0.0
7947,0.0
7948,0.0
7949,0.0
7950,0.039439999999999996
7951,0.16501
7952,0.38169
7953,0.45422
7954,0.49933
7955,0.44695
7956,0.56102
7957,0.52638
7958,0.40391000000000005
7959,0.34785000000000005
7960,0.19665000000000002
7961,0.00283
7962,0.0
7963,0.0
7964,0.0
7965,0.0
7966,0.0
7967,0.0
7968,0.0
7969,0.0
7970,0.0
7971,0.0
7972,0.0
7973,0.0
7974,0.0407
7975,0.21011000000000002
7976,0.45566
7977,0.60217
7978,0.6608999999999999
7979,0.71186
7980,0.66689
7981,0.52849
7982,0.47781
7983,0.40009
7984,0.18946000000000002
7985,0.00398
7986,0.0
7987,0.0
7988,0.0
7989,0.0
7990,0.0
7991,0.0
7992,0.0
7993,0.0
7994,0.0
7995,0.0
7996,0.0
7997,0.0
7998,0.05475
7999,0.23367
8000,0.42297
8001,0.53044
8002,0.5361699999999999
8003,0.68659
8004,0.61491
8005,0.59989
8006,0.39462
8007,0.31468
8008,0.16607
8009,0.00229
8010,0.0
8011,0.0
8012,0.0
8013,0.0
8014,0.0
8015,0.0
8016,0.0
8017,0.0
8018,0.0
8019,0.0
8020,0.0
8021,0.0
8022,0.04341
8023,0.18950999999999998
8024,0.35281999999999997
8025,0.49292
8026,0.52352
8027,0.5692999999999999
8028,0.51549
8029,0.52811
8030,0.32086000000000003
8031,0.19297
8032,0.08831
8033,0.00319
8034,0.0
8035,0.0
8036,0.0
8037,0.0
8038,0.0
8039,0.0
8040,0.0
8041,0.0
8042,0.0
8043,0.0
8044,0.0
8045,0.0
8046,0.042140000000000004
8047,0.21109
8048,0.40091000000000004
8049,0.53812
8050,0.48095
8051,0.5739299999999999
8052,0.50781
8053,0.36222000000000004
8054,0.36535
8055,0.23466
8056,0.09063
8057,0.00372
8058,0.0
8059,0.0
8060,0.0
8061,0.0
8062,0.0
8063,0.0
8064,0.0
8065,0.0
8066,0.0
8067,0.0
8068,0.0
8069,0.0
8070,0.03972
8071,0.17523
8072,0.28263
8073,0.44094
8074,0.51771
8075,0.54979
8076,0.57709
8077,0.47820999999999997
8078,0.40267000000000003
8079,0.31873
8080,0.13102
8081,0.003
8082,0.0
8083,0.0
8084,0.0
8085,0.0
8086,0.0
8087,0.0
8088,0.0
8089,0.0
8090,0.0
8091,0.0
8092,0.0
8093,0.0
8094,0.02922
8095,0.16479
8096,0.37524
8097,0.42552999999999996
8098,0.5215299999999999
8099,0.5714
8100,0.61382
8101,0.5355599999999999
8102,0.39468000000000003
8103,0.29893000000000003
8104,0.14021
8105,0.005019999999999999
8106,0.0
8107,0.0
8108,0.0
8109,0.0
8110,0.0
8111,0.0
8112,0.0
8113,0.0
8114,0.0
8115,0.0
8116,0.0
8117,0.0
8118,0.04239
8119,0.22294999999999998
8120,0.41738
8121,0.5587300000000001
8122,0.61007
8123,0.6211599999999999
8124,0.55663
8125,0.4255
8126,0.38076
8127,0.34287
8128,0.17442
8129,0.00418
8130,0.0
8131,0.0
8132,0.0
8133,0.0
8134,0.0
8135,0.0
8136,0.0
8137,0.0
8138,0.0
8139,0.0
8140,0.0
8141,0.0
8142,0.040130000000000006
8143,0.17256
8144,0.41879
8145,0.56486
8146,0.63358
8147,0.7088300000000001
8148,0.71902
8149,0.50222
8150,0.47399
8151,0.37029
8152,0.19341
8153,0.004200000000000001
8154,0.0
8155,0.0
8156,0.0
8157,0.0
8158,0.0
8159,0.0
8160,0.0
8161,0.0
8162,0.0
8163,0.0
8164,0.0
8165,0.0
8166,0.03513
8167,0.22651
8168,0.42618
8169,0.44885
8170,0.52315
8171,0.6990599999999999
8172,0.52136
8173,0.61422
8174,0.47058
8175,0.36152999999999996
8176,0.18986
8177,0.023940000000000003
8178,0.0
8179,0.0
8180,0.0
8181,0.0
8182,0.0
8183,0.0
8184,0.0
8185,0.0
8186,0.0
8187,0.0
8188,0.0
8189,0.0
8190,0.04132
8191,0.20369
8192,0.39224000000000003
8193,0.41106
8194,0.50107
8195,0.5350199999999999
8196,0.60684
8197,0.45932999999999996
8198,0.42188
8199,0.26030000000000003
8200,0.14644
8201,0.016550000000000002
8202,0.0
8203,0.0
8204,0.0
8205,0.0
8206,0.0
8207,0.0
8208,0.0
8209,0.0
8210,0.0
8211,0.0
8212,0.0
8213,0.0
8214,0.03582
8215,0.20528
8216,0.44401
8217,0.51778
8218,0.5579400000000001
8219,0.61615
8220,0.56087
8221,0.46913
8222,0.34492
8223,0.20521
8224,0.11341
8225,0.01069
8226,0.0
8227,0.0
8228,0.0
8229,0.0
8230,0.0
8231,0.0
8232,0.0
8233,0.0
8234,0.0
8235,0.0
8236,0.0
8237,0.0
8238,0.03281
8239,0.17058
8240,0.37579
8241,0.51378
8242,0.57435
8243,0.53123
8244,0.58073
8245,0.47877
8246,0.36774
8247,0.26579
8248,0.12554
8249,0.00771
8250,0.0
8251,0.0
8252,0.0
8253,0.0
8254,0.0
8255,0.0
8256,0.0
8257,0.0
8258,0.0
8259,0.0
8260,0.0
8261,0.0
8262,0.03476
8263,0.18086000000000002
8264,0.36762
8265,0.56576
8266,0.6282300000000001
8267,0.5480900000000001
8268,0.65218
8269,0.5756699999999999
8270,0.47675
8271,0.28931999999999997
8272,0.15844
8273,0.01754
8274,0.0
8275,0.0
8276,0.0
8277,0.0
8278,0.0
8279,0.0
8280,0.0
8281,0.0
8282,0.0
8283,0.0
8284,0.0
8285,0.0
8286,0.01716
8287,0.11109000000000001
8288,0.20915
8289,0.31573
8290,0.36851999999999996
8291,0.40694
8292,0.38468
8293,0.41402999999999995
8294,0.31666000000000005
8295,0.25549
8296,0.11714
8297,0.014839999999999999
8298,0.0
8299,0.0
8300,0.0
8301,0.0
8302,0.0
8303,0.0
8304,0.0
8305,0.0
8306,0.0
8307,0.0
8308,0.0
8309,0.0
8310,0.03324
8311,0.2072
8312,0.41567000000000004
8313,0.5310499999999999
8314,0.55936
8315,0.65954
8316,0.58369
8317,0.57033
8318,0.49291
8319,0.35114999999999996
8320,0.17178
8321,0.02377
8322,0.0
8323,0.0
8324,0.0
8325,0.0
8326,0.0
8327,0.0
8328,0.0
8329,0.0
8330,0.0
8331,0.0
8332,0.0
8333,0.0
8334,0.00906
8335,0.061200000000000004
8336,0.18155000000000002
8337,0.42731
8338,0.59812
8339,0.67163
8340,0.6649400000000001
8341,0.58748
8342,0.5566
8343,0.41706
8344,0.2347
8345,0.03187
8346,0.0
8347,0.0
8348,0.0
8349,0.0
8350,0.0
8351,0.0
8352,0.0
8353,0.0
8354,0.0
8355,0.0
8356,0.0
8357,0.0
8358,0.03767
8359,0.20874
8360,0.31109
8361,0.37039
8362,0.37253
8363,0.39927999999999997
8364,0.48788
8365,0.48406
8366,0.35566000000000003
8367,0.36164999999999997
8368,0.16363999999999998
8369,0.0205
8370,0.0
8371,0.0
8372,0.0
8373,0.0
8374,0.0
8375,0.0
8376,0.0
8377,0.0
8378,0.0
8379,0.0
8380,0.0
8381,0.0
8382,0.02899
8383,0.19187
8384,0.42407999999999996
8385,0.52342
8386,0.49249
8387,0.5484
8388,0.4579
8389,0.47016
8390,0.42327
8391,0.36587000000000003
8392,0.15644
8393,0.0247
8394,0.0
8395,0.0
8396,0.0
8397,0.0
8398,0.0
8399,0.0
8400,0.0
8401,0.0
8402,0.0
8403,0.0
8404,0.0
8405,0.0
8406,0.01881
8407,0.16294
8408,0.35943
8409,0.57369
8410,0.71494
8411,0.78762
8412,0.78527
8413,0.71217
8414,0.62188
8415,0.4352
8416,0.19521
8417,0.030100000000000002
8418,0.0
8419,0.0
8420,0.0
8421,0.0
8422,0.0
8423,0.0
8424,0.0
8425,0.0
8426,0.0
8427,0.0
8428,0.0
8429,0.0
8430,0.036340000000000004
8431,0.2385
8432,0.4843
8433,0.65327
8434,0.7537200000000001
8435,0.80384
8436,0.79371
8437,0.75037
8438,0.6380800000000001
8439,0.47164
8440,0.25633
8441,0.0352
8442,0.0
8443,0.0
8444,0.0
8445,0.0
8446,0.0
8447,0.0
8448,0.0
8449,0.0
8450,0.0
8451,0.0
8452,0.0
8453,0.0
8454,0.039130000000000005
8455,0.26406999999999997
8456,0.48163
8457,0.62561
8458,0.72115
8459,0.80044
8460,0.78565
8461,0.7234299999999999
8462,0.61454
8463,0.40314
8464,0.19693
8465,0.034570000000000004
8466,0.0
8467,0.0
8468,0.0
8469,0.0
8470,0.0
8471,0.0
8472,0.0
8473,0.0
8474,0.0
8475,0.0
8476,0.0
8477,0.0
8478,0.03572
8479,0.25554
8480,0.47667000000000004
8481,0.63028
8482,0.70453
8483,0.71385
8484,0.6844
8485,0.6495299999999999
8486,0.49757999999999997
8487,0.35324
8488,0.15252000000000002
8489,0.02061
8490,0.0
8491,0.0
8492,0.0
8493,0.0
8494,0.0
8495,0.0
8496,0.0
8497,0.0
8498,0.0
8499,0.0
8500,0.0
8501,0.0
8502,0.01568
8503,0.12574
8504,0.33482999999999996
8505,0.47170999999999996
8506,0.54335
8507,0.68649
8508,0.6385700000000001
8509,0.48688
8510,0.47249
8511,0.29116000000000003
8512,0.14106
8513,0.01934
8514,0.0
8515,0.0
8516,0.0
8517,0.0
8518,0.0
8519,0.0
8520,0.0
8521,0.0
8522,0.0
8523,0.0
8524,0.0
8525,0.0
8526,0.01149
8527,0.089
8528,0.30219
8529,0.5555399999999999
8530,0.59275
8531,0.52361
8532,0.55369
8533,0.45456
8534,0.41748
8535,0.34729000000000004
8536,0.19727
8537,0.03032
8538,0.0
8539,0.0
8540,0.0
8541,0.0
8542,0.0
8543,0.0
8544,0.0
8545,0.0
8546,0.0
8547,0.0
8548,0.0
8549,0.0
8550,0.02034
8551,0.15697999999999998
8552,0.37917
8553,0.48457
8554,0.54263
8555,0.64852
8556,0.6362899999999999
8557,0.5462899999999999
8558,0.46176
8559,0.32261
8560,0.20048
8561,0.02989
8562,0.0
8563,0.0
8564,0.0
8565,0.0
8566,0.0
8567,0.0
8568,0.0
8569,0.0
8570,0.0
8571,0.0
8572,0.0
8573,0.0
8574,0.01399
8575,0.15112
8576,0.36413
8577,0.45162
8578,0.6003
8579,0.652
8580,0.63052
8581,0.61178
8582,0.49779
8583,0.304
8584,0.19846
8585,0.01829
8586,0.0
8587,0.0
8588,0.0
8589,0.0
8590,0.0
8591,0.0
8592,0.0
8593,0.0
8594,0.0
8595,0.0
8596,0.0
8597,0.0
8598,0.01384
8599,0.10987000000000001
8600,0.28794
8601,0.46987
8602,0.48625999999999997
8603,0.64334
8604,0.5280499999999999
8605,0.47463
8606,0.43777999999999995
8607,0.32968000000000003
8608,0.13297
8609,0.02209
8610,0.0
8611,0.0
8612,0.0
8613,0.0
8614,0.0
8615,0.0
8616,0.0
8617,0.0
8618,0.0
8619,0.0
8620,0.0
8621,0.0
8622,0.00574
8623,0.07945999999999999
8624,0.14472
8625,0.22756
8626,0.32037
8627,0.52508
8628,0.47418
8629,0.36591
8630,0.37503
8631,0.24348
8632,0.12762
8633,0.011269999999999999
8634,0.0
8635,0.0
8636,0.0
8637,0.0
8638,0.0
8639,0.0
8640,0.0
8641,0.0
8642,0.0
8643,0.0
8644,0.0
8645,0.0
8646,0.00318
8647,0.04163
8648,0.09709000000000001
8649,0.16536
8650,0.2516
8651,0.19833
8652,0.24436000000000002
8653,0.32101999999999997
8654,0.36419999999999997
8655,0.24067
8656,0.14465999999999998
8657,0.03133
8658,0.0
8659,0.0
8660,0.0
8661,0.0
8662,0.0
8663,0.0
8664,0.0
8665,0.0
8666,0.0
8667,0.0
8668,0.0
8669,0.0
8670,0.01265
8671,0.12979
8672,0.31226
8673,0.40545
8674,0.50397
8675,0.55933
8676,0.5584199999999999
8677,0.45787
8678,0.44274
8679,0.29325
8680,0.15480000000000002
8681,0.02811
8682,0.0
8683,0.0
8684,0.0
8685,0.0
8686,0.0
8687,0.0
8688,0.0
8689,0.0
8690,0.0
8691,0.0
8692,0.0
8693,0.0
8694,0.00985
8695,0.11576
8696,0.24423
8697,0.36710000000000004
8698,0.43331000000000003
8699,0.35504
8700,0.35445
8701,0.35008
8702,0.32188
8703,0.23606
8704,0.11833
8705,0.027530000000000002
8706,0.0
8707,0.0
8708,0.0
8709,0.0
8710,0.0
8711,0.0
8712,0.0
8713,0.0
8714,0.0
8715,0.0
8716,0.0
8717,0.0
8718,0.00411
8719,0.05145
8720,0.10918000000000001
8721,0.13481
8722,0.23018
8723,0.40048
8724,0.26154
8725,0.54453
8726,0.37669
8727,0.2476
8728,0.16206
8729,0.01554
8730,0.0
8731,0.0
8732,0.0
8733,0.0
8734,0.0
8735,0.0
8736,0.0
8737,0.0
8738,0.0
8739,0.0
8740,0.0
8741,0.0
8742,0.00185
8743,0.016460000000000002
8744,0.08739
8745,0.2457
8746,0.46007
8747,0.42963999999999997
8748,0.43218
8749,0.43335
8750,0.28252999999999995
8751,0.26839999999999997
8752,0.19788
8753,0.19565000000000002
8754,0.0
8755,0.0
8756,0.0
8757,0.0
8758,0.0
8759,0.0
