,pv_per_unit
0,0.0
1,0.0
2,0.0
3,0.0
4,0.0
5,0.0
6,0.0
7,0.0
8,0.0
9,0.0
10,0.0
11,0.00743
12,0.202
13,0.38122
14,0.57545
15,0.67634
16,0.73542
17,0.74321
18,0.70225
19,0.6202300000000001
20,0.47425
21,0.28497
22,0.07288
23,0.0
24,0.0
25,0.0
26,0.0
27,0.0
28,0.0
29,0.0
30,0.0
31,0.0
32,0.0
33,0.0
34,0.0
35,0.00786
36,0.18508000000000002
37,0.39935000000000004
38,0.5668500000000001
39,0.67334
40,0.729
41,0.73442
42,0.65923
43,0.6042799999999999
44,0.46678
45,0.28329000000000004
46,0.07513
47,0.0
48,0.0
49,0.0
50,0.0
51,0.0
52,0.0
53,0.0
54,0.0
55,0.0
56,0.0
57,0.0
58,0.0
59,0.006690000000000001
60,0.19572
61,0.3895
62,0.56184
63,0.67141
64,0.72648
65,0.7252799999999999
66,0.69971
67,0.61645
68,0.47878
69,0.28819
70,0.07719
71,0.0
72,0.0
73,0.0
74,0.0
75,0.0
76,0.0
77,0.0
78,0.0
79,0.0
80,0.0
81,0.0
82,0.0
83,0.00701
84,0.20535
85,0.41919999999999996
86,0.56531
87,0.67248
88,0.7307400000000001
89,0.7385700000000001
90,0.70085
91,0.61415
92,0.47596
93,0.28764999999999996
94,0.07826999999999999
95,0.0
96,0.0
97,0.0
98,0.0
99,0.0
100,0.0
101,0.0
102,0.0
103,0.0
104,0.0
105,0.0
106,0.0
107,0.00587
108,0.18059999999999998
109,0.40111
110,0.5417000000000001
111,0.63366
112,0.68772
113,0.71176
114,0.68864
115,0.58005
116,0.46832999999999997
117,0.28584
118,0.07805
119,0.0
120,0.0
121,0.0
122,0.0
123,0.0
124,0.0
125,0.0
126,0.0
127,0.0
128,0.0
129,0.0
130,0.0
131,0.00637
132,0.18928
133,0.3826
134,0.54818
135,0.59904
136,0.60785
137,0.68629
138,0.65538
139,0.57687
140,0.43627
141,0.25936000000000003
142,0.06577
143,0.0
144,0.0
145,0.0
146,0.0
147,0.0
148,0.0
149,0.0
150,0.0
151,0.0
152,0.0
153,0.0
154,0.0
155,0.0042699999999999995
156,0.15189
157,0.32029
158,0.45533999999999997
159,0.57775
160,0.57645
161,0.6381699999999999
162,0.50851
163,0.52404
164,0.41831999999999997
165,0.19063
166,0.05602
167,0.0
168,0.0
169,0.0
170,0.0
171,0.0
172,0.0
173,0.0
174,0.0
175,0.0
176,0.0
177,0.0
178,0.0
179,0.00597
180,0.129
181,0.22973
182,0.386
183,0.5711799999999999
184,0.53308
185,0.63074
186,0.6652899999999999
187,0.49001999999999996
188,0.43202999999999997
189,0.22638
190,0.03882
191,0.0
192,0.0
193,0.0
194,0.0
195,0.0
196,0.0
197,0.0
198,0.0
199,0.0
200,0.0
201,0.0
202,0.0
203,0.0025099999999999996
204,0.08902
205,0.14771
206,0.21272
207,0.27652
208,0.31812
209,0.46679000000000004
210,0.29745
211,0.29483
212,0.33403
213,0.21615
214,0.06376
215,0.0
216,0.0
217,0.0
218,0.0
219,0.0
220,0.0
221,0.0
222,0.0
223,0.0
224,0.0
225,0.0
226,0.0
227,0.0019
228,0.07422
229,0.23678
230,0.47644
231,0.47667000000000004
232,0.5541699999999999
233,0.6688999999999999
234,0.53565
235,0.55957
236,0.32465
237,0.18065
238,0.04543
239,0.0
240,0.0
241,0.0
242,0.0
243,0.0
244,0.0
245,0.0
246,0.0
247,0.0
248,0.0
249,0.0
250,0.0
251,0.00173
252,0.06519
253,0.16191
254,0.31303
255,0.5827100000000001
256,0.63715
257,0.60265
258,0.5629400000000001
259,0.5143300000000001
260,0.3477
261,0.22519999999999998
262,0.06273
263,0.0
264,0.0
265,0.0
266,0.0
267,0.0
268,0.0
269,0.0
270,0.0
271,0.0
272,0.0
273,0.0
274,0.0
275,0.00721
276,0.15791999999999998
277,0.32089999999999996
278,0.42883
279,0.6210800000000001
280,0.60681
281,0.6283
282,0.57431
283,0.57477
284,0.44348000000000004
285,0.26206
286,0.08016
287,0.0
288,0.0
289,0.0
290,0.0
291,0.0
292,0.0
293,0.0
294,0.0
295,0.0
296,0.0
297,0.0
298,0.0
299,0.00691
300,0.19041
301,0.39803
302,0.55245
303,0.66496
304,0.72082
305,0.64018
306,0.6517200000000001
307,0.53063
308,0.44997000000000004
309,0.29602
310,0.08846
311,0.0
312,0.0
313,0.0
314,0.0
315,0.0
316,0.0
317,0.0
318,0.0
319,0.0
320,0.0
321,0.0
322,0.0
323,0.00483
324,0.18996000000000002
325,0.39672
326,0.53474
327,0.63519
328,0.66743
329,0.70424
330,0.67655
331,0.5978600000000001
332,0.46816
333,0.28779000000000005
334,0.08877
335,0.0
336,0.0
337,0.0
338,0.0
339,0.0
340,0.0
341,0.0
342,0.0
343,0.0
344,0.0
345,0.0
346,0.0
347,0.00471
348,0.16085
349,0.29774
350,0.45816
351,0.47202
352,0.6506000000000001
353,0.6480499999999999
354,0.64678
355,0.59288
356,0.38088
357,0.24653999999999998
358,0.0803
359,0.0
360,0.0
361,0.0
362,0.0
363,0.0
364,0.0
365,0.0
366,0.0
367,0.0
368,0.0
369,0.0
370,0.0
371,0.0016200000000000001
372,0.07207
373,0.23632
374,0.43633
375,0.53922
376,0.5817100000000001
377,0.56943
378,0.55911
379,0.43855
380,0.38331
381,0.22250999999999999
382,0.04554
383,0.0
384,0.0
385,0.0
386,0.0
387,0.0
388,0.0
389,0.0
390,0.0
391,0.0
392,0.0
393,0.0
394,0.0
395,0.00165
396,0.057460000000000004
397,0.09154000000000001
398,0.19326
399,0.36939999999999995
400,0.3867
401,0.6193200000000001
402,0.55521
403,0.51695
404,0.32606999999999997
405,0.21669999999999998
406,0.048979999999999996
407,0.0
408,0.0
409,0.0
410,0.0
411,0.0
412,0.0
413,0.0
414,0.0
415,0.0
416,0.0
417,0.0
418,0.0
419,0.00076
420,0.12757
421,0.29593
422,0.41345
423,0.53476
424,0.6376900000000001
425,0.55683
426,0.6653600000000001
427,0.55706
428,0.44216
429,0.23197
430,0.05806
431,0.0
432,0.0
433,0.0
434,0.0
435,0.0
436,0.0
437,0.0
438,0.0
439,0.0
440,0.0
441,0.0
442,0.0
443,0.00047999999999999996
444,0.12649
445,0.17937
446,0.30387000000000003
447,0.53567
448,0.55798
449,0.66235
450,0.58111
451,0.50143
452,0.44305
453,0.25808
454,0.08592
455,0.0
456,0.0
457,0.0
458,0.0
459,0.0
460,0.0
461,0.0
462,0.0
463,0.0
464,0.0
465,0.0
466,0.0
467,0.00348
468,0.12012
469,0.23789
470,0.40562
471,0.44329
472,0.40214999999999995
473,0.56423
474,0.66459
475,0.55821
476,0.40288
477,0.25242
478,0.06683
479,0.0
480,0.0
481,0.0
482,0.0
483,0.0
484,0.0
485,0.0
486,0.0
487,0.0
488,0.0
489,0.0
490,0.0
491,0.0010400000000000001
492,0.09431
493,0.27463
494,0.43323
495,0.61646
496,0.6470199999999999
497,0.70075
498,0.6850599999999999
499,0.5512100000000001
500,0.41504
501,0.25704000000000005
502,0.08054
503,0.0
504,0.0
505,0.0
506,0.0
507,0.0
508,0.0
509,0.0
510,0.0
511,0.0
512,0.0
513,0.0
514,0.0
515,0.0029
516,0.14904
517,0.34618
518,0.5219
519,0.6392899999999999
520,0.66085
521,0.54875
522,0.53711
523,0.50114
524,0.39566
525,0.14196999999999999
526,0.051179999999999996
527,0.0
528,0.0
529,0.0
530,0.0
531,0.0
532,0.0
533,0.0
534,0.0
535,0.0
536,0.0
537,0.0
538,0.0
539,0.00332
540,0.11818000000000001
541,0.26105
542,0.33907
543,0.60084
544,0.67776
545,0.70672
546,0.63949
547,0.54607
548,0.33888
549,0.16297
550,0.054329999999999996
551,0.0
552,0.0
553,0.0
554,0.0
555,0.0
556,0.0
557,0.0
558,0.0
559,0.0
560,0.0
561,0.0
562,0.0
563,0.00264
564,0.14231
565,0.33156
566,0.49060000000000004
567,0.51783
568,0.57757
569,0.31207999999999997
570,0.47943
571,0.46931
572,0.30151999999999995
573,0.17327
574,0.05939
575,0.0
576,0.0
577,0.0
578,0.0
579,0.0
580,0.0
581,0.0
582,0.0
583,0.0
584,0.0
585,0.0
586,0.0
587,0.0036
588,0.08893000000000001
589,0.26885000000000003
590,0.36645999999999995
591,0.5639700000000001
592,0.6130800000000001
593,0.62459
594,0.45091000000000003
595,0.30682
596,0.33036
597,0.18027
598,0.0482
599,0.0
600,0.0
601,0.0
602,0.0
603,0.0
604,0.0
605,0.0
606,0.0
607,0.0
608,0.0
609,0.0
610,0.0
611,0.00121
612,0.07769
613,0.12348999999999999
614,0.30893
615,0.3866
616,0.58486
617,0.53899
618,0.48428
619,0.46568
620,0.26975
621,0.16612000000000002
622,0.03818
623,0.0
624,0.0
625,0.0
626,0.0
627,0.0
628,0.0
629,0.0
630,0.0
631,0.0
632,0.0
633,0.0
634,0.0
635,0.00417
636,0.10543000000000001
637,0.28733
638,0.38289
639,0.40967000000000003
640,0.41333
641,0.54689
642,0.50424
643,0.45176
644,0.39425
645,0.23987
646,0.07998000000000001
647,0.0
648,0.0
649,0.0
650,0.0
651,0.0
652,0.0
653,0.0
654,0.0
655,0.0
656,0.0
657,0.0
658,0.0
659,0.0025800000000000003
660,0.11016
661,0.2404
662,0.37686000000000003
663,0.4649
664,0.56974
665,0.59882
666,0.58375
667,0.48382
668,0.36882
669,0.27065
670,0.06527
671,0.0
672,0.0
673,0.0
674,0.0
675,0.0
676,0.0
677,0.0
678,0.0
679,0.0
680,0.0
681,0.0
682,0.0
683,0.00148
684,0.11812
685,0.27614999999999995
686,0.39694
687,0.51069
688,0.6508200000000001
689,0.64934
690,0.64102
691,0.47404
692,0.36494
693,0.24034
694,0.0773
695,0.0
696,0.0
697,0.0
698,0.0
699,0.0
700,0.0
701,0.0
702,0.0
703,0.0
704,0.0
705,0.0
706,0.0
707,0.00197
708,0.14368
709,0.33799
710,0.46163
711,0.51916
712,0.63916
713,0.67816
714,0.65454
715,0.5196000000000001
716,0.46062000000000003
717,0.28414
718,0.08741
719,0.0
720,0.0
721,0.0
722,0.0
723,0.0
724,0.0
725,0.0
726,0.0
727,0.0
728,0.0
729,0.0
730,0.0
731,0.00211
732,0.12451000000000001
733,0.24597999999999998
734,0.45208
735,0.44498000000000004
736,0.5584600000000001
737,0.5982999999999999
738,0.63974
739,0.53313
740,0.39773000000000003
741,0.27874
742,0.0767
743,0.0
744,0.0
745,0.0
746,0.0
747,0.0
748,0.0
749,0.0
750,0.0
751,0.0
752,0.0
753,0.0
754,0.0
755,0.00281
756,0.10107
757,0.13149
758,0.25175
759,0.25664
760,0.30191
761,0.36905
762,0.40354
763,0.37564
764,0.36249000000000003
765,0.24397
766,0.07895999999999999
767,0.0
768,0.0
769,0.0
770,0.0
771,0.0
772,0.0
773,0.0
774,0.0
775,0.0
776,0.0
777,0.0
778,0.0
779,0.00093
780,0.06818
781,0.21162999999999998
782,0.37951999999999997
783,0.30071
784,0.54892
785,0.43115
786,0.50639
787,0.48252
788,0.48052
789,0.25011
790,0.07739
791,0.0
792,0.0
793,0.0
794,0.0
795,0.0
796,0.0
797,0.0
798,0.0
799,0.0
800,0.0
801,0.0
802,0.0
803,0.00183
804,0.07046
805,0.11089
806,0.15982
807,0.16169999999999998
808,0.36134
809,0.47047000000000005
810,0.526
811,0.48160000000000003
812,0.40392
813,0.23576
814,0.056960000000000004
815,0.0
816,0.0
817,0.0
818,0.0
819,0.0
820,0.0
821,0.0
822,0.0
823,0.0
824,0.0
825,0.0
826,0.0
827,0.00037
828,0.05644
829,0.06312
830,0.15250999999999998
831,0.22677
832,0.25424
833,0.37063
834,0.54527
835,0.5624
836,0.36629
837,0.28282999999999997
838,0.08668000000000001
839,0.0
840,0.0
841,0.0
842,0.0
843,0.0
844,0.0
845,0.0
846,0.0
847,0.0
848,0.0
849,0.0
850,0.0
851,0.00421
852,0.12088
853,0.28857
854,0.41479000000000005
855,0.5031
856,0.5727000000000001
857,0.65003
858,0.68656
859,0.5624600000000001
860,0.38003
861,0.22243000000000002
862,0.05453
863,0.0
864,0.0
865,0.0
866,0.0
867,0.0
868,0.0
869,0.0
870,0.0
871,0.0
872,0.0
873,0.0
874,0.0
875,0.00276
876,0.05652
877,0.15508000000000002
878,0.21221
879,0.22653
880,0.25861
881,0.34795
882,0.12835
883,0.07612000000000001
884,0.09033
885,0.06275
886,0.0233
887,0.0
888,0.0
889,0.0
890,0.0
891,0.0
892,0.0
893,0.0
894,0.0
895,0.0
896,0.0
897,0.0
898,0.0
899,0.00126
900,0.05881
901,0.15094
902,0.21397
903,0.41670999999999997
904,0.36319999999999997
905,0.66444
906,0.6037100000000001
907,0.5099
908,0.39515
909,0.21763
910,0.07535
911,0.0
912,0.0
913,0.0
914,0.0
915,0.0
916,0.0
917,0.0
918,0.0
919,0.0
920,0.0
921,0.0
922,0.0
923,0.00273
924,0.16274
925,0.31201
926,0.50124
927,0.5842200000000001
928,0.6279199999999999
929,0.72034
930,0.64293
931,0.6218400000000001
932,0.4787
933,0.26641000000000004
934,0.09294
935,0.0
936,0.0
937,0.0
938,0.0
939,0.0
940,0.0
941,0.0
942,0.0
943,0.0
944,0.0
945,0.0
946,0.0
947,0.00272
948,0.08356999999999999
949,0.29294
950,0.41572000000000003
951,0.559
952,0.51487
953,0.65725
954,0.35317000000000004
955,0.44848000000000005
956,0.45836
957,0.26108
958,0.09836
959,0.0
960,0.0
961,0.0
962,0.0
963,0.0
964,0.0
965,0.0
966,0.0
967,0.0
968,0.0
969,0.0
970,0.0
971,0.00398
972,0.14936000000000002
973,0.34785000000000005
974,0.52323
975,0.63074
976,0.67099
977,0.67306
978,0.6373099999999999
979,0.50258
980,0.36960000000000004
981,0.21461000000000002
982,0.08509
983,0.0
984,0.0
985,0.0
986,0.0
987,0.0
988,0.0
989,0.0
990,0.0
991,0.0
992,0.0
993,0.0
994,0.0
995,0.00411
996,0.15399000000000002
997,0.36699
998,0.4899
999,0.61914
1000,0.6494500000000001
1001,0.55835
1002,0.64891
1003,0.5567799999999999
1004,0.41056
1005,0.21544
1006,0.06731000000000001
1007,0.0
1008,0.0
1009,0.0
1010,0.0
1011,0.0
1012,0.0
1013,0.0
1014,0.0
1015,0.0
1016,0.0
1017,0.0
1018,0.0
1019,0.00354
1020,0.16009
1021,0.31315
1022,0.49155
1023,0.6083500000000001
1024,0.6274500000000001
1025,0.5990800000000001
1026,0.624
1027,0.56129
1028,0.482
1029,0.29349000000000003
1030,0.0888
1031,0.0
1032,0.0
1033,0.0
1034,0.0
1035,0.0
1036,0.0
1037,0.0
1038,0.0
1039,0.0
1040,0.0
1041,0.0
1042,0.0
1043,0.00383
1044,0.10502
1045,0.22406
1046,0.37489
1047,0.46070999999999995
1048,0.7044199999999999
1049,0.59675
1050,0.58917
1051,0.45386000000000004
1052,0.42208999999999997
1053,0.27538999999999997
1054,0.08499
1055,0.0
1056,0.0
1057,0.0
1058,0.0
1059,0.0
1060,0.0
1061,0.0
1062,0.0
1063,0.0
1064,0.0
1065,0.0
1066,0.0
1067,0.0025499999999999997
1068,0.12543
1069,0.26891000000000004
1070,0.42554000000000003
1071,0.5551
1072,0.64765
1073,0.67915
1074,0.5688099999999999
1075,0.56811
1076,0.34161
1077,0.26726
1078,0.0928
1079,0.0
1080,0.0
1081,0.0
1082,0.0
1083,0.0
1084,0.0
1085,0.0
1086,0.0
1087,0.0
1088,0.0
1089,0.0
1090,0.0
1091,0.00294
1092,0.16913999999999998
1093,0.34852
1094,0.52411
1095,0.61602
1096,0.63736
1097,0.65923
1098,0.6809700000000001
1099,0.6084299999999999
1100,0.4804
1101,0.26762
1102,0.07937999999999999
1103,0.0
1104,0.0
1105,0.0
1106,0.0
1107,0.0
1108,0.0
1109,0.0
1110,0.0
1111,0.0
1112,0.0
1113,0.0
1114,0.0
1115,0.00479
1116,0.11326
1117,0.28229000000000004
1118,0.39259
1119,0.57009
1120,0.60782
1121,0.61591
1122,0.5874199999999999
1123,0.5351699999999999
1124,0.37304000000000004
1125,0.27109
1126,0.055
1127,0.0
1128,0.0
1129,0.0
1130,0.0
1131,0.0
1132,0.0
1133,0.0
1134,0.0
1135,0.0
1136,0.0
1137,0.0
1138,0.0
1139,0.0008399999999999999
1140,0.02501
1141,0.08356
1142,0.25853
1143,0.54832
1144,0.53124
1145,0.56743
1146,0.62139
1147,0.50945
1148,0.41796
1149,0.29857
1150,0.07831
1151,0.0
1152,0.0
1153,0.0
1154,0.0
1155,0.0
1156,0.0
1157,0.0
1158,0.0
1159,0.0
1160,0.0
1161,0.0
1162,0.0
1163,0.00233
1164,0.13168000000000002
1165,0.25348
1166,0.32409
1167,0.26786
1168,0.46513
1169,0.55231
1170,0.64344
1171,0.6090399999999999
1172,0.3987
1173,0.24916
1174,0.0544
1175,0.0
1176,0.0
1177,0.0
1178,0.0
1179,0.0
1180,0.0
1181,0.0
1182,0.0
1183,0.0
1184,0.0
1185,0.0
1186,0.0
1187,0.0
1188,0.03485
1189,0.14064
1190,0.1775
1191,0.15142
1192,0.25036
1193,0.26817
1194,0.61542
1195,0.5274099999999999
1196,0.4596
1197,0.29875999999999997
1198,0.08999
1199,0.0
1200,0.0
1201,0.0
1202,0.0
1203,0.0
1204,0.0
1205,0.0
1206,0.0
1207,0.0
1208,0.0
1209,0.0
1210,0.0
1211,0.00216
1212,0.11678
1213,0.27811
1214,0.41476999999999997
1215,0.5835
1216,0.633
1217,0.64427
1218,0.53431
1219,0.5671900000000001
1220,0.36384
1221,0.24358000000000002
1222,0.07515999999999999
1223,0.0
1224,0.0
1225,0.0
1226,0.0
1227,0.0
1228,0.0
1229,0.0
1230,0.0
1231,0.0
1232,0.0
1233,0.0
1234,0.0
1235,0.00408
1236,0.09766
1237,0.32436000000000004
1238,0.44537
1239,0.55988
1240,0.6423099999999999
1241,0.66164
1242,0.59
1243,0.51221
1244,0.3798
1245,0.25789
1246,0.07992
1247,0.0
1248,0.0
1249,0.0
1250,0.0
1251,0.0
1252,0.0
1253,0.0
1254,0.0
1255,0.0
1256,0.0
1257,0.0
1258,0.0
1259,0.00387
1260,0.14793
1261,0.36507
1262,0.50599
1263,0.5815499999999999
1264,0.6113
1265,0.51325
1266,0.45047000000000004
1267,0.28698
1268,0.38621
1269,0.13511
1270,0.04686
1271,0.0
1272,0.0
1273,0.0
1274,0.0
1275,0.0
1276,0.0
1277,0.0
1278,0.0
1279,0.0
1280,0.0
1281,0.0
1282,0.0
1283,0.0071200000000000005
1284,0.10923000000000001
1285,0.2032
1286,0.29049
1287,0.35055000000000003
1288,0.41247
1289,0.46957
1290,0.46172
1291,0.45692
1292,0.34531
1293,0.19366
1294,0.06864
1295,0.0
1296,0.0
1297,0.0
1298,0.0
1299,0.0
1300,0.0
1301,0.0
1302,0.0
1303,0.0
1304,0.0
1305,0.0
1306,0.0
1307,0.00618
1308,0.09470999999999999
1309,0.25161
1310,0.39782
1311,0.48444
1312,0.5076499999999999
1313,0.58001
1314,0.6088
1315,0.58725
1316,0.41781
1317,0.19951
1318,0.04504
1319,0.0
1320,0.0
1321,0.0
1322,0.0
1323,0.0
1324,0.0
1325,0.0
1326,0.0
1327,0.0
1328,0.0
1329,0.0
1330,0.0
1331,0.0026
1332,0.06819
1333,0.15987
1334,0.33374000000000004
1335,0.47270999999999996
1336,0.51537
1337,0.67475
1338,0.69627
1339,0.54042
1340,0.45650999999999997
1341,0.25329
1342,0.08619
1343,0.0
1344,0.0
1345,0.0
1346,0.0
1347,0.0
1348,0.0
1349,0.0
1350,0.0
1351,0.0
1352,0.0
1353,0.0
1354,0.0
1355,0.00131
1356,0.045450000000000004
1357,0.16348
1358,0.33508
1359,0.37432
1360,0.56101
1361,0.58751
1362,0.29504
1363,0.41847
1364,0.39538999999999996
1365,0.25922
1366,0.087
1367,0.0
1368,0.0
1369,0.0
1370,0.0
1371,0.0
1372,0.0
1373,0.0
1374,0.0
1375,0.0
1376,0.0
1377,0.0
1378,0.0
1379,0.00405
1380,0.15622999999999998
1381,0.32516
1382,0.50586
1383,0.65675
1384,0.7017
1385,0.71637
1386,0.70682
1387,0.5569
1388,0.35175
1389,0.24473
1390,0.09173999999999999
1391,0.0
1392,0.0
1393,0.0
1394,0.0
1395,0.0
1396,0.0
1397,0.0
1398,0.0
1399,0.0
1400,0.0
1401,0.0
1402,0.0
1403,0.00431
1404,0.1411
1405,0.35814999999999997
1406,0.46186
1407,0.45624000000000003
1408,0.69536
1409,0.54768
1410,0.59753
1411,0.53326
1412,0.41231
1413,0.19381
1414,0.07916
1415,0.0
1416,0.0
1417,0.0
1418,0.0
1419,0.0
1420,0.0
1421,0.0
1422,0.0
1423,0.0
1424,0.0
1425,0.0
1426,0.0
1427,0.00272
1428,0.12423999999999999
1429,0.29379
1430,0.42778
1431,0.42752999999999997
1432,0.6473099999999999
1433,0.56243
1434,0.60127
1435,0.48281999999999997
1436,0.36725
1437,0.23106000000000002
1438,0.05832
1439,0.0
1440,0.0
1441,0.0
1442,0.0
1443,0.0
1444,0.0
1445,0.0
1446,0.0
1447,0.0
1448,0.0
1449,0.0
1450,0.0
1451,0.00564
1452,0.13987
1453,0.32004000000000005
1454,0.50687
1455,0.5745
1456,0.56376
1457,0.38862
1458,0.41804
1459,0.34205
1460,0.27494999999999997
1461,0.1575
1462,0.06495999999999999
1463,0.0
1464,0.0
1465,0.0
1466,0.0
1467,0.0
1468,0.0
1469,0.0
1470,0.0
1471,0.0
1472,0.0
1473,0.0
1474,0.0
1475,0.00479
1476,0.13241
1477,0.30484
1478,0.4304
1479,0.60576
1480,0.72522
1481,0.6554800000000001
1482,0.64281
1483,0.44715
1484,0.32349
1485,0.15015
1486,0.05999
1487,0.0
1488,0.0
1489,0.0
1490,0.0
1491,0.0
1492,0.0
1493,0.0
1494,0.0
1495,0.0
1496,0.0
1497,0.0
1498,0.0
1499,0.00601
1500,0.15703999999999999
1501,0.33452
1502,0.5124
1503,0.57443
1504,0.68779
1505,0.66687
1506,0.6527999999999999
1507,0.5929800000000001
1508,0.45288999999999996
1509,0.28458999999999995
1510,0.0867
1511,0.0
1512,0.0
1513,0.0
1514,0.0
1515,0.0
1516,0.0
1517,0.0
1518,0.0
1519,0.0
1520,0.0
1521,0.0
1522,0.0
1523,0.00475
1524,0.10195
1525,0.20493
1526,0.33687
1527,0.47416
1528,0.54298
1529,0.49683999999999995
1530,0.5674
1531,0.48207
1532,0.40912
1533,0.27703
1534,0.07817
1535,0.0
1536,0.0
1537,0.0
1538,0.0
1539,0.0
1540,0.0
1541,0.0
1542,0.0
1543,0.0
1544,0.0
1545,0.0
1546,0.0
1547,0.00608
1548,0.12484999999999999
1549,0.24591
1550,0.45481
1551,0.52236
1552,0.55269
1553,0.5995
1554,0.65915
1555,0.4278
1556,0.42213
1557,0.25022
1558,0.08113
1559,0.0
1560,0.0
1561,0.0
1562,0.0
1563,0.0
1564,0.0
1565,0.0
1566,0.0
1567,0.0
1568,0.0
1569,0.0
1570,0.0
1571,0.00767
1572,0.14229
1573,0.27172
1574,0.4348
1575,0.6124299999999999
1576,0.64695
1577,0.6968799999999999
1578,0.61673
1579,0.5598200000000001
1580,0.43795
1581,0.26636000000000004
1582,0.08014
1583,0.0
1584,0.0
1585,0.0
1586,0.0
1587,0.0
1588,0.0
1589,0.0
1590,0.0
1591,0.0
1592,0.0
1593,0.0
1594,0.0
1595,0.00524
1596,0.14156
1597,0.26127
1598,0.43679
1599,0.5155299999999999
1600,0.55216
1601,0.51647
1602,0.6404
1603,0.5428
1604,0.46558999999999995
1605,0.2631
1606,0.08802
1607,0.0
1608,0.0
1609,0.0
1610,0.0
1611,0.0
1612,0.0
1613,0.0
1614,0.0
1615,0.0
1616,0.0
1617,0.0
1618,0.0
1619,0.00666
1620,0.13452
1621,0.238
1622,0.36121
1623,0.43653
1624,0.5619500000000001
1625,0.49505
1626,0.42908999999999997
1627,0.5010899999999999
1628,0.36594
1629,0.19796
1630,0.060950000000000004
1631,0.0
1632,0.0
1633,0.0
1634,0.0
1635,0.0
1636,0.0
1637,0.0
1638,0.0
1639,0.0
1640,0.0
1641,0.0
1642,0.0
1643,0.00412
1644,0.08068
1645,0.24447
1646,0.35383
1647,0.52858
1648,0.6503099999999999
1649,0.72196
1650,0.63973
1651,0.54777
1652,0.34444
1653,0.15450999999999998
1654,0.04827
1655,0.0
1656,0.0
1657,0.0
1658,0.0
1659,0.0
1660,0.0
1661,0.0
1662,0.0
1663,0.0
1664,0.0
1665,0.0
1666,0.0
1667,0.00504
1668,0.07770999999999999
1669,0.23098
1670,0.40732999999999997
1671,0.5369299999999999
1672,0.68813
1673,0.72476
1674,0.59639
1675,0.41169
1676,0.30641
1677,0.19279
1678,0.07248
1679,0.0
1680,0.0
1681,0.0
1682,0.0
1683,0.0
1684,0.0
1685,0.0
1686,0.0
1687,0.0
1688,0.0
1689,0.0
1690,0.0
1691,0.00635
1692,0.13623
1693,0.29693
1694,0.42512
1695,0.56841
1696,0.63689
1697,0.6490499999999999
1698,0.62062
1699,0.50237
1700,0.37405
1701,0.20678
1702,0.07127
1703,0.0
1704,0.0
1705,0.0
1706,0.0
1707,0.0
1708,0.0
1709,0.0
1710,0.0
1711,0.0
1712,0.0
1713,0.0
1714,0.0
1715,0.00553
1716,0.14690999999999999
1717,0.36063
1718,0.47366
1719,0.61982
1720,0.67655
1721,0.6297999999999999
1722,0.45315
1723,0.46093
1724,0.44879
1725,0.2311
1726,0.06055
1727,0.0
1728,0.0
1729,0.0
1730,0.0
1731,0.0
1732,0.0
1733,0.0
1734,0.0
1735,0.0
1736,0.0
1737,0.0
1738,0.0
1739,0.00873
1740,0.17937999999999998
1741,0.34998
1742,0.5397799999999999
1743,0.6415700000000001
1744,0.67787
1745,0.70177
1746,0.62105
1747,0.52659
1748,0.42756
1749,0.18922
1750,0.0591
1751,0.0
1752,0.0
1753,0.0
1754,0.0
1755,0.0
1756,0.0
1757,0.0
1758,0.0
1759,0.0
1760,0.0
1761,0.0
1762,0.0
1763,0.00463
1764,0.17871
1765,0.3495
1766,0.52171
1767,0.58208
1768,0.66752
1769,0.65474
1770,0.60137
1771,0.51242
1772,0.381
1773,0.247
1774,0.07658
1775,0.0
1776,0.0
1777,0.0
1778,0.0
1779,0.0
1780,0.0
1781,0.0
1782,0.0
1783,0.0
1784,0.0
1785,0.0
1786,0.0
1787,0.0062
1788,0.06718
1789,0.17623
1790,0.25426
1791,0.37533999999999995
1792,0.40077999999999997
1793,0.4878
1794,0.6576900000000001
1795,0.5405800000000001
1796,0.26958
1797,0.17454
1798,0.05374
1799,0.0
1800,0.0
1801,0.0
1802,0.0
1803,0.0
1804,0.0
1805,0.0
1806,0.0
1807,0.0
1808,0.0
1809,0.0
1810,0.0
1811,0.0009
1812,0.0155
1813,0.03065
1814,0.08745
1815,0.16326
1816,0.23481
1817,0.15277000000000002
1818,0.30311
1819,0.21691999999999997
1820,0.2316
1821,0.19391999999999998
1822,0.05615
1823,0.0
1824,0.0
1825,0.0
1826,0.0
1827,0.0
1828,0.0
1829,0.0
1830,0.0
1831,0.0
1832,0.0
1833,0.0
1834,0.0
1835,0.00378
1836,0.06786
1837,0.15046
1838,0.21585
1839,0.3418
1840,0.53267
1841,0.69939
1842,0.41783
1843,0.3963
1844,0.34717000000000003
1845,0.17095
1846,0.04352
1847,0.0
1848,0.0
1849,0.0
1850,0.0
1851,0.0
1852,0.0
1853,0.0
1854,0.0
1855,0.0
1856,0.0
1857,0.0
1858,0.0
1859,0.00704
1860,0.07478
1861,0.11245999999999999
1862,0.36611
1863,0.27706000000000003
1864,0.17028000000000001
1865,0.44754
1866,0.5159900000000001
1867,0.48987
1868,0.33199
1869,0.20397
1870,0.06545999999999999
1871,0.0
1872,0.0
1873,0.0
1874,0.0
1875,0.0
1876,0.0
1877,0.0
1878,0.0
1879,0.0
1880,0.0
1881,0.0
1882,0.0
1883,0.0060999999999999995
1884,0.04001
1885,0.08676
1886,0.15015
1887,0.14548
1888,0.25642000000000004
1889,0.53473
1890,0.5297000000000001
1891,0.5298099999999999
1892,0.33435000000000004
1893,0.19088999999999998
1894,0.05834
1895,0.0
1896,0.0
1897,0.0
1898,0.0
1899,0.0
1900,0.0
1901,0.0
1902,0.0
1903,0.0
1904,0.0
1905,0.0
1906,0.0
1907,0.00267
1908,0.14095
1909,0.24289
1910,0.43967
1911,0.6023
1912,0.70439
1913,0.64335
1914,0.63239
1915,0.56541
1916,0.40327999999999997
1917,0.26787
1918,0.06758
1919,0.0
1920,0.0
1921,0.0
1922,0.0
1923,0.0
1924,0.0
1925,0.0
1926,0.0
1927,0.0
1928,0.0
1929,0.0
1930,0.0
1931,0.00528
1932,0.13382
1933,0.3787
1934,0.47292
1935,0.62262
1936,0.62737
1937,0.5907
1938,0.50114
1939,0.47414
1940,0.35087
1941,0.182
1942,0.024739999999999998
1943,0.0
1944,0.0
1945,0.0
1946,0.0
1947,0.0
1948,0.0
1949,0.0
1950,0.0
1951,0.0
1952,0.0
1953,0.0
1954,0.0
1955,0.00443
1956,0.10367
1957,0.27203
1958,0.38482
1959,0.5302
1960,0.61422
1961,0.51152
1962,0.47683
1963,0.41986
1964,0.40882
1965,0.22501
1966,0.015349999999999999
1967,0.0
1968,0.0
1969,0.0
1970,0.0
1971,0.0
1972,0.0
1973,0.0
1974,0.0
1975,0.0
1976,0.0
1977,0.0
1978,0.0
1979,0.00763
1980,0.17731
1981,0.41161000000000003
1982,0.57108
1983,0.66431
1984,0.75473
1985,0.64373
1986,0.69035
1987,0.62129
1988,0.48066000000000003
1989,0.29052
1990,0.01916
1991,0.0
1992,0.0
1993,0.0
1994,0.0
1995,0.0
1996,0.0
1997,0.0
1998,0.0
1999,0.0
2000,0.0
2001,0.0
2002,0.0
2003,0.00623
2004,0.18891
2005,0.39233999999999997
2006,0.54791
2007,0.6677799999999999
2008,0.72533
2009,0.7096399999999999
2010,0.70927
2011,0.59181
2012,0.40632
2013,0.24353
2014,0.01769
2015,0.0
2016,0.0
2017,0.0
2018,0.0
2019,0.0
2020,0.0
2021,0.0
2022,0.0
2023,0.0
2024,0.0
2025,0.0
2026,0.0
2027,0.0064
2028,0.05125
2029,0.06858
2030,0.08989
2031,0.1021
2032,0.11218
2033,0.10545
2034,0.5496
2035,0.26629
2036,0.12214
2037,0.02392
2038,0.00455
2039,0.0
2040,0.0
2041,0.0
2042,0.0
2043,0.0
2044,0.0
2045,0.0
2046,0.0
2047,0.0
2048,0.0
2049,0.0
2050,0.0
2051,0.0056500000000000005
2052,0.15665
2053,0.37894
2054,0.5510900000000001
2055,0.66983
2056,0.6812999999999999
2057,0.65263
2058,0.68768
2059,0.47901
2060,0.29969
2061,0.19886
2062,0.016829999999999998
2063,0.0
2064,0.0
2065,0.0
2066,0.0
2067,0.0
2068,0.0
2069,0.0
2070,0.0
2071,0.0
2072,0.0
2073,0.0
2074,0.0
2075,0.0058
2076,0.14326
2077,0.32662
2078,0.45955
2079,0.5664600000000001
2080,0.57893
2081,0.52163
2082,0.52206
2083,0.50812
2084,0.46218
2085,0.22374000000000002
2086,0.02674
2087,0.0
2088,0.0
2089,0.0
2090,0.0
2091,0.0
2092,0.0
2093,0.0
2094,0.0
2095,0.0
2096,0.0
2097,0.0
2098,0.0
2099,0.00152
2100,0.10393000000000001
2101,0.12977
2102,0.2772
2103,0.5256900000000001
2104,0.59002
2105,0.60907
2106,0.53163
2107,0.45994999999999997
2108,0.40035000000000004
2109,0.23975
2110,0.032310000000000005
2111,0.0
2112,0.0
2113,0.0
2114,0.0
2115,0.0
2116,0.0
2117,0.0
2118,0.0
2119,0.0
2120,0.0
2121,0.0
2122,0.0
2123,0.0041600000000000005
2124,0.14244
2125,0.24853
2126,0.3817
2127,0.52039
2128,0.54025
2129,0.62107
2130,0.39387
2131,0.37110000000000004
2132,0.33446
2133,0.18731
2134,0.02969
2135,0.0
2136,0.0
2137,0.0
2138,0.0
2139,0.0
2140,0.0
2141,0.0
2142,0.0
2143,0.0
2144,0.0
2145,0.0
2146,0.0
2147,0.00395
2148,0.07012
2149,0.06805
2150,0.21627000000000002
2151,0.14393999999999998
2152,0.37427
2153,0.45049
2154,0.41723000000000005
2155,0.37511
2156,0.33514
2157,0.24466
2158,0.02664
2159,0.0
2160,0.0
2161,0.0
2162,0.0
2163,0.0
2164,0.0
2165,0.0
2166,0.0
2167,0.0
2168,0.0
2169,0.0
2170,0.0
2171,0.009460000000000001
2172,0.15796000000000002
2173,0.36732
2174,0.50064
2175,0.62258
2176,0.65452
2177,0.6754199999999999
2178,0.63495
2179,0.52455
2180,0.40143
2181,0.13678
2182,0.01618
2183,0.0
2184,0.0
2185,0.0
2186,0.0
2187,0.0
2188,0.0
2189,0.0
2190,0.0
2191,0.0
2192,0.0
2193,0.0
2194,0.0
2195,0.008150000000000001
2196,0.19084
2197,0.36008
2198,0.5552
2199,0.5698
2200,0.63317
2201,0.59486
2202,0.63328
2203,0.43354000000000004
2204,0.35202999999999995
2205,0.17331
2206,0.02066
2207,0.0
2208,0.0
2209,0.0
2210,0.0
2211,0.0
2212,0.0
2213,0.0
2214,0.0
2215,0.0
2216,0.0
2217,0.0
2218,0.0
2219,0.00645
2220,0.06275
2221,0.19065000000000001
2222,0.37515
2223,0.5942000000000001
2224,0.59403
2225,0.50513
2226,0.2933
2227,0.20222
2228,0.17533
2229,0.16907
2230,0.027719999999999998
2231,0.0
2232,0.0
2233,0.0
2234,0.0
2235,0.0
2236,0.0
2237,0.0
2238,0.0
2239,0.0
2240,0.0
2241,0.0
2242,0.0
2243,0.00835
2244,0.16357
2245,0.32247000000000003
2246,0.36346
2247,0.50844
2248,0.64418
2249,0.62575
2250,0.47226999999999997
2251,0.44145999999999996
2252,0.37626
2253,0.16697
2254,0.020370000000000003
2255,0.0
2256,0.0
2257,0.0
2258,0.0
2259,0.0
2260,0.0
2261,0.0
2262,0.0
2263,0.0
2264,0.0
2265,0.0
2266,0.0
2267,0.0104
2268,0.12076
2269,0.22501
2270,0.34857
2271,0.29924
2272,0.45923
2273,0.50251
2274,0.5716
2275,0.48663
2276,0.36815
2277,0.18156999999999998
2278,0.02096
2279,0.0
2280,0.0
2281,0.0
2282,0.0
2283,0.0
2284,0.0
2285,0.0
2286,0.0
2287,0.0
2288,0.0
2289,0.0
2290,0.0
2291,0.0004
2292,0.009089999999999999
2293,0.0348
2294,0.07943
2295,0.09779
2296,0.16188999999999998
2297,0.20069
2298,0.28872000000000003
2299,0.29242
2300,0.25051
2301,0.15982
2302,0.01457
2303,0.0
2304,0.0
2305,0.0
2306,0.0
2307,0.0
2308,0.0
2309,0.0
2310,0.0
2311,0.0
2312,0.0
2313,0.0
2314,0.0
2315,0.00195
2316,0.04596
2317,0.08508
2318,0.1556
2319,0.17194
2320,0.18234
2321,0.22187
2322,0.06809
2323,0.09902
2324,0.0833
2325,0.06816
2326,0.01192
2327,0.0
2328,0.0
2329,0.0
2330,0.0
2331,0.0
2332,0.0
2333,0.0
2334,0.0
2335,0.0
2336,0.0
2337,0.0
2338,0.0
2339,0.0
2340,0.01384
2341,0.02357
2342,0.03793
2343,0.03893
2344,0.06256
2345,0.11808
2346,0.19207
2347,0.31065
2348,0.26876
2349,0.13187000000000001
2350,0.01377
2351,0.0
2352,0.0
2353,0.0
2354,0.0
2355,0.0
2356,0.0
2357,0.0
2358,0.0
2359,0.0
2360,0.0
2361,0.0
2362,0.0
2363,0.00157
2364,0.08106000000000001
2365,0.10806
2366,0.11295999999999999
2367,0.07892
2368,0.14032
2369,0.09359999999999999
2370,0.23092
2371,0.22172999999999998
2372,0.13654
2373,0.17404
2374,0.01388
2375,0.0
2376,0.0
2377,0.0
2378,0.0
2379,0.0
2380,0.0
2381,0.0
2382,0.0
2383,0.0
2384,0.0
2385,0.0
2386,0.0
2387,0.00172
2388,0.01749
2389,0.07633
2390,0.02674
2391,0.09358
2392,0.10285
2393,0.17959999999999998
2394,0.22831
2395,0.37063
2396,0.30597
2397,0.19112
2398,0.02434
2399,0.0
2400,0.0
2401,0.0
2402,0.0
2403,0.0
2404,0.0
2405,0.0
2406,0.0
2407,0.0
2408,0.0
2409,0.0
2410,0.0
2411,0.00431
2412,0.06327
2413,0.14215
2414,0.43228
2415,0.39175
2416,0.5203099999999999
2417,0.52155
2418,0.45316
2419,0.31656
2420,0.23181000000000002
2421,0.13209
2422,0.02901
2423,0.0
2424,0.0
2425,0.0
2426,0.0
2427,0.0
2428,0.0
2429,0.0
2430,0.0
2431,0.0
2432,0.0
2433,0.0
2434,0.0
2435,0.00396
2436,0.10798
2437,0.22469999999999998
2438,0.36701999999999996
2439,0.5389700000000001
2440,0.54401
2441,0.38181
2442,0.45037
2443,0.50452
2444,0.2543
2445,0.14123
2446,0.01934
2447,0.0
2448,0.0
2449,0.0
2450,0.0
2451,0.0
2452,0.0
2453,0.0
2454,0.0
2455,0.0
2456,0.0
2457,0.0
2458,0.0
2459,0.00466
2460,0.03047
2461,0.0871
2462,0.09548000000000001
2463,0.11363
2464,0.16845
2465,0.43035
2466,0.30843
2467,0.41546
2468,0.32076
2469,0.18144
2470,0.02143
2471,0.0
2472,0.0
2473,0.0
2474,0.0
2475,0.0
2476,0.0
2477,0.0
2478,0.0
2479,0.0
2480,0.0
2481,0.0
2482,0.0
2483,0.01433
2484,0.12459999999999999
2485,0.24737
2486,0.38192000000000004
2487,0.46219
2488,0.35222000000000003
2489,0.36363
2490,0.48708999999999997
2491,0.32685000000000003
2492,0.22108
2493,0.17840999999999999
2494,0.031010000000000003
2495,0.0
2496,0.0
2497,0.0
2498,0.0
2499,0.0
2500,0.0
2501,0.0
2502,0.0
2503,0.0
2504,0.0
2505,0.0
2506,0.0
2507,0.00328
2508,0.026879999999999998
2509,0.11386
2510,0.30078
2511,0.44367
2512,0.58724
2513,0.63148
2514,0.53325
2515,0.54212
2516,0.38799
2517,0.19326
2518,0.02115
2519,0.0
2520,0.0
2521,0.0
2522,0.0
2523,0.0
2524,0.0
2525,0.0
2526,0.0
2527,0.0
2528,0.0
2529,0.0
2530,0.0
2531,0.01021
2532,0.13958
2533,0.26886
2534,0.4657
2535,0.46264
2536,0.5452899999999999
2537,0.4878
2538,0.58662
2539,0.52662
2540,0.38611
2541,0.1595
2542,0.01846
2543,0.0
2544,0.0
2545,0.0
2546,0.0
2547,0.0
2548,0.0
2549,0.0
2550,0.0
2551,0.0
2552,0.0
2553,0.0
2554,0.0
2555,0.013359999999999999
2556,0.0664
2557,0.21674000000000002
2558,0.30697
2559,0.42560000000000003
2560,0.63885
2561,0.6733899999999999
2562,0.55273
2563,0.45564
2564,0.40402
2565,0.24376
2566,0.02238
2567,0.0
2568,0.0
2569,0.0
2570,0.0
2571,0.0
2572,0.0
2573,0.0
2574,0.0
2575,0.0
2576,0.0
2577,0.0
2578,0.0
2579,0.00813
2580,0.14933000000000002
2581,0.29145
2582,0.38903
2583,0.47633
2584,0.60437
2585,0.57086
2586,0.45886
2587,0.42362
2588,0.24229
2589,0.18099
2590,0.02134
2591,0.0
2592,0.0
2593,0.0
2594,0.0
2595,0.0
2596,0.0
2597,0.0
2598,0.0
2599,0.0
2600,0.0
2601,0.0
2602,0.0
2603,0.00613
2604,0.07751000000000001
2605,0.13749
2606,0.14683000000000002
2607,0.17612
2608,0.32021
2609,0.34470999999999996
2610,0.38625
2611,0.30128
2612,0.21203
2613,0.14178
2614,0.02773
2615,0.0
2616,0.0
2617,0.0
2618,0.0
2619,0.0
2620,0.0
2621,0.0
2622,0.0
2623,0.0
2624,0.0
2625,0.0
2626,0.0
2627,0.00246
2628,0.14987999999999999
2629,0.36899
2630,0.51361
2631,0.6465299999999999
2632,0.7055499999999999
2633,0.63675
2634,0.62391
2635,0.54738
2636,0.34287
2637,0.19581
2638,0.018449999999999998
2639,0.0
2640,0.0
2641,0.0
2642,0.0
2643,0.0
2644,0.0
2645,0.0
2646,0.0
2647,0.0
2648,0.0
2649,0.0
2650,0.0
2651,0.01315
2652,0.19483
2653,0.39006
2654,0.5371900000000001
2655,0.63467
2656,0.65173
2657,0.59414
2658,0.5579400000000001
2659,0.49793
2660,0.35235
2661,0.21396
2662,0.01706
2663,0.0
2664,0.0
2665,0.0
2666,0.0
2667,0.0
2668,0.0
2669,0.0
2670,0.0
2671,0.0
2672,0.0
2673,0.0
2674,0.0
2675,0.01108
2676,0.09320999999999999
2677,0.18831
2678,0.30709
2679,0.42975
2680,0.34926
2681,0.46836
2682,0.45041000000000003
2683,0.53998
2684,0.43786
2685,0.23115
2686,0.01967
2687,0.0
2688,0.0
2689,0.0
2690,0.0
2691,0.0
2692,0.0
2693,0.0
2694,0.0
2695,0.0
2696,0.0
2697,0.0
2698,0.0
2699,0.00571
2700,0.15231
2701,0.26597000000000004
2702,0.32566
2703,0.46929000000000004
2704,0.5314500000000001
2705,0.65831
2706,0.60823
2707,0.52236
2708,0.37238
2709,0.20514
2710,0.01627
2711,0.0
2712,0.0
2713,0.0
2714,0.0
2715,0.0
2716,0.0
2717,0.0
2718,0.0
2719,0.0
2720,0.0
2721,0.0
2722,0.0
2723,0.005679999999999999
2724,0.08216
2725,0.14104
2726,0.34505
2727,0.42777
2728,0.5195599999999999
2729,0.40177999999999997
2730,0.35873
2731,0.34839
2732,0.26513
2733,0.11813
2734,0.02345
2735,0.0
2736,0.0
2737,0.0
2738,0.0
2739,0.0
2740,0.0
2741,0.0
2742,0.0
2743,0.0
2744,0.0
2745,0.0
2746,0.0
2747,0.0035099999999999997
2748,0.05205
2749,0.13077
2750,0.26744999999999997
2751,0.27873000000000003
2752,0.37324
2753,0.47954
2754,0.5874400000000001
2755,0.41255000000000003
2756,0.34179000000000004
2757,0.13294
2758,0.027219999999999998
2759,0.0
2760,0.0
2761,0.0
2762,0.0
2763,0.0
2764,0.0
2765,0.0
2766,0.0
2767,0.0
2768,0.0
2769,0.0
2770,0.0
2771,0.01444
2772,0.17452
2773,0.34508
2774,0.49489
2775,0.46057
2776,0.53113
2777,0.45389999999999997
2778,0.42142
2779,0.36841
2780,0.29144
2781,0.12678
2782,0.01954
2783,0.0
2784,0.0
2785,0.0
2786,0.0
2787,0.0
2788,0.0
2789,0.0
2790,0.0
2791,0.0
2792,0.0
2793,0.0
2794,0.0
2795,0.01684
2796,0.17395
2797,0.32383999999999996
2798,0.43151
2799,0.38641000000000003
2800,0.49043000000000003
2801,0.48239
2802,0.44189
2803,0.31592000000000003
2804,0.21105000000000002
2805,0.09429000000000001
2806,0.01507
2807,0.0
2808,0.0
2809,0.0
2810,0.0
2811,0.0
2812,0.0
2813,0.0
2814,0.0
2815,0.0
2816,0.0
2817,0.0
2818,0.0
2819,0.01249
2820,0.07623999999999999
2821,0.17986000000000002
2822,0.33459
2823,0.40435000000000004
2824,0.357
2825,0.28581
2826,0.30883
2827,0.14378
2828,0.19409
2829,0.08193
2830,0.008150000000000001
2831,0.0
2832,0.0
2833,0.0
2834,0.0
2835,0.0
2836,0.0
2837,0.0
2838,0.0
2839,0.0
2840,0.0
2841,0.0
2842,0.0
2843,0.00667
2844,0.07540999999999999
2845,0.19838
2846,0.30147
2847,0.26732999999999996
2848,0.27346
2849,0.46758
2850,0.36577
2851,0.50581
2852,0.40194
2853,0.20077
2854,0.013359999999999999
2855,0.0
2856,0.0
2857,0.0
2858,0.0
2859,0.0
2860,0.0
2861,0.0
2862,0.0
2863,0.0
2864,0.0
2865,0.0
2866,0.0
2867,0.018420000000000002
2868,0.09845000000000001
2869,0.26195999999999997
2870,0.40672
2871,0.44041
2872,0.44216
2873,0.51489
2874,0.47243999999999997
2875,0.37132
2876,0.24503
2877,0.18119
2878,0.020030000000000003
2879,0.0
2880,0.0
2881,0.0
2882,0.0
2883,0.0
2884,0.0
2885,0.0
2886,0.0
2887,0.0
2888,0.0
2889,0.0
2890,0.0
2891,0.016190000000000003
2892,0.13366
2893,0.31079
2894,0.48986
2895,0.5938300000000001
2896,0.57957
2897,0.6143500000000001
2898,0.40255
2899,0.44743
2900,0.34499
2901,0.12983
2902,0.01632
2903,0.0
2904,0.0
2905,0.0
2906,0.0
2907,0.0
2908,0.0
2909,0.0
2910,0.0
2911,0.0
2912,0.0
2913,0.0
2914,0.0
2915,0.00906
2916,0.08204
2917,0.16502
2918,0.27722
2919,0.34492
2920,0.38531
2921,0.50418
2922,0.55265
2923,0.46688
2924,0.31523
2925,0.13140000000000002
2926,0.00535
2927,0.0
2928,0.0
2929,0.0
2930,0.0
2931,0.0
2932,0.0
2933,0.0
2934,0.0
2935,0.0
2936,0.0
2937,0.0
2938,0.0
2939,0.019059999999999997
2940,0.11431999999999999
2941,0.3045
2942,0.33503
2943,0.33391000000000004
2944,0.28898
2945,0.33054
2946,0.31359
2947,0.33309
2948,0.28448
2949,0.14321
2950,0.02476
2951,0.0
2952,0.0
2953,0.0
2954,0.0
2955,0.0
2956,0.0
2957,0.0
2958,0.0
2959,0.0
2960,0.0
2961,0.0
2962,0.0
2963,0.01469
2964,0.09290999999999999
2965,0.15968000000000002
2966,0.31980000000000003
2967,0.40611
2968,0.32994
2969,0.38518
2970,0.47306
2971,0.46455
2972,0.30767
2973,0.13026
2974,0.01514
2975,0.0
2976,0.0
2977,0.0
2978,0.0
2979,0.0
2980,0.0
2981,0.0
2982,0.0
2983,0.0
2984,0.0
2985,0.0
2986,0.0
2987,0.0051600000000000005
2988,0.048170000000000004
2989,0.12869
2990,0.34441000000000005
2991,0.32777999999999996
2992,0.50693
2993,0.43987
2994,0.27826
2995,0.38374
2996,0.24226
2997,0.13013
2998,0.01666
2999,0.0
3000,0.0
3001,0.0
3002,0.0
3003,0.0
3004,0.0
3005,0.0
3006,0.0
3007,0.0
3008,0.0
3009,0.0
3010,0.0
3011,0.01582
3012,0.11652
3013,0.19022
3014,0.20993
3015,0.4477
3016,0.34275
3017,0.38227999999999995
3018,0.50799
3019,0.38717
3020,0.25111
3021,0.11266
3022,0.02264
3023,0.0
3024,0.0
3025,0.0
3026,0.0
3027,0.0
3028,0.0
3029,0.0
3030,0.0
3031,0.0
3032,0.0
3033,0.0
3034,0.0
3035,0.0172
3036,0.14246
3037,0.28697
3038,0.38765
3039,0.41191
3040,0.48896
3041,0.4103
3042,0.5425800000000001
3043,0.46929000000000004
3044,0.36562
3045,0.1468
3046,0.01235
3047,0.0
3048,0.0
3049,0.0
3050,0.0
3051,0.0
3052,0.0
3053,0.0
3054,0.0
3055,0.0
3056,0.0
3057,0.0
3058,0.0
3059,0.0069299999999999995
3060,0.13678
3061,0.26527
3062,0.38719
3063,0.55659
3064,0.57227
3065,0.5229199999999999
3066,0.41389
3067,0.36569
3068,0.18173
3069,0.14236000000000001
3070,0.01732
3071,0.0
3072,0.0
3073,0.0
3074,0.0
3075,0.0
3076,0.0
3077,0.0
3078,0.0
3079,0.0
3080,0.0
3081,0.0
3082,0.0
3083,0.01529
3084,0.13321
3085,0.2119
3086,0.25711
3087,0.34817000000000004
3088,0.32187
3089,0.31047
3090,0.2339
3091,0.24869
3092,0.15324000000000002
3093,0.09244
3094,0.01201
3095,0.0
3096,0.0
3097,0.0
3098,0.0
3099,0.0
3100,0.0
3101,0.0
3102,0.0
3103,0.0
3104,0.0
3105,0.0
3106,0.0
3107,0.004030000000000001
3108,0.03185
3109,0.1444
3110,0.07006
3111,0.10002
3112,0.28286
3113,0.39196
3114,0.34718
3115,0.32258
3116,0.23606
3117,0.13553
3118,0.01159
3119,0.0
3120,0.0
3121,0.0
3122,0.0
3123,0.0
3124,0.0
3125,0.0
3126,0.0
3127,0.0
3128,0.0
3129,0.0
3130,0.0
3131,0.0
3132,0.0076100000000000004
3133,0.01083
3134,0.0608
3135,0.0615
3136,0.05845
3137,0.06542
3138,0.033350000000000005
3139,0.049049999999999996
3140,0.03771
3141,0.03283
3142,0.0004
3143,0.0
3144,0.0
3145,0.0
3146,0.0
3147,0.0
3148,0.0
3149,0.0
3150,0.0
3151,0.0
3152,0.0
3153,0.0
3154,0.0
3155,0.0031
3156,0.045149999999999996
3157,0.08109000000000001
3158,0.14925
3159,0.23837
3160,0.35051
3161,0.34635000000000005
3162,0.21339
3163,0.21162
3164,0.1472
3165,0.07231
3166,0.01537
3167,0.0
3168,0.0
3169,0.0
3170,0.0
3171,0.0
3172,0.0
3173,0.0
3174,0.0
3175,0.0
3176,0.0
3177,0.0
3178,0.0
3179,0.009519999999999999
3180,0.09467
3181,0.19559
3182,0.27866
3183,0.25327
3184,0.35947
3185,0.26812
3186,0.19815
3187,0.28196
3188,0.13135
3189,0.10648
3190,0.007679999999999999
3191,0.0
3192,0.0
3193,0.0
3194,0.0
3195,0.0
3196,0.0
3197,0.0
3198,0.0
3199,0.0
3200,0.0
3201,0.0
3202,0.0
3203,0.00638
3204,0.06520999999999999
3205,0.19511
3206,0.45966
3207,0.51644
3208,0.5290199999999999
3209,0.54743
3210,0.54473
3211,0.34314999999999996
3212,0.28908
3213,0.15061000000000002
3214,0.018850000000000002
3215,0.0
3216,0.0
3217,0.0
3218,0.0
3219,0.0
3220,0.0
3221,0.0
3222,0.0
3223,0.0
3224,0.0
3225,0.0
3226,0.0
3227,0.00845
3228,0.12693000000000002
3229,0.22294
3230,0.39799
3231,0.52066
3232,0.54655
3233,0.48022000000000004
3234,0.5516599999999999
3235,0.40297000000000005
3236,0.30895999999999996
3237,0.14737999999999998
3238,0.01075
3239,0.0
3240,0.0
3241,0.0
3242,0.0
3243,0.0
3244,0.0
3245,0.0
3246,0.0
3247,0.0
3248,0.0
3249,0.0
3250,0.0
3251,0.00876
3252,0.09943
3253,0.14856
3254,0.24455000000000002
3255,0.30857
3256,0.18297
3257,0.39304
3258,0.37782
3259,0.39392
3260,0.26554
3261,0.17633000000000001
3262,0.01466
3263,0.0
3264,0.0
3265,0.0
3266,0.0
3267,0.0
3268,0.0
3269,0.0
3270,0.0
3271,0.0
3272,0.0
3273,0.0
3274,0.0
3275,0.00342
3276,0.12631
3277,0.18184
3278,0.26162
3279,0.33082
3280,0.29135
3281,0.36321
3282,0.41057
3283,0.36163999999999996
3284,0.21585
3285,0.14653
3286,0.01383
3287,0.0
3288,0.0
3289,0.0
3290,0.0
3291,0.0
3292,0.0
3293,0.0
3294,0.0
3295,0.0
3296,0.0
3297,0.0
3298,0.0
3299,0.0129
3300,0.14433
3301,0.28957
3302,0.45273
3303,0.50878
3304,0.5811799999999999
3305,0.47533
3306,0.51015
3307,0.34352999999999995
3308,0.30813
3309,0.13332
3310,0.02026
3311,0.0
3312,0.0
3313,0.0
3314,0.0
3315,0.0
3316,0.0
3317,0.0
3318,0.0
3319,0.0
3320,0.0
3321,0.0
3322,0.0
3323,0.011130000000000001
3324,0.12440000000000001
3325,0.25089
3326,0.36263
3327,0.48819999999999997
3328,0.40273000000000003
3329,0.45565
3330,0.41464
3331,0.37657
3332,0.29420999999999997
3333,0.15402000000000002
3334,0.02643
3335,0.0
3336,0.0
3337,0.0
3338,0.0
3339,0.0
3340,0.0
3341,0.0
3342,0.0
3343,0.0
3344,0.0
3345,0.0
3346,0.0
3347,0.016579999999999998
3348,0.12899000000000002
3349,0.23359
3350,0.3201
3351,0.38753
3352,0.49819
3353,0.43104000000000003
3354,0.43995999999999996
3355,0.34308
3356,0.22100999999999998
3357,0.18029
3358,0.02153
3359,0.0
3360,0.0
3361,0.0
3362,0.0
3363,0.0
3364,0.0
3365,0.0
3366,0.0
3367,0.0
3368,0.0
3369,0.0
3370,0.0
3371,0.01339
3372,0.12546
3373,0.26711
3374,0.25172
3375,0.40014
3376,0.37383999999999995
3377,0.26631
3378,0.40355
3379,0.43060000000000004
3380,0.26739999999999997
3381,0.13332
3382,0.01685
3383,0.0
3384,0.0
3385,0.0
3386,0.0
3387,0.0
3388,0.0
3389,0.0
3390,0.0
3391,0.0
3392,0.0
3393,0.0
3394,0.0
3395,0.01476
3396,0.14987999999999999
3397,0.32177
3398,0.47725
3399,0.56067
3400,0.60799
3401,0.58976
3402,0.45136000000000004
3403,0.28204
3404,0.24741
3405,0.12361
3406,0.01691
3407,0.0
3408,0.0
3409,0.0
3410,0.0
3411,0.0
3412,0.0
3413,0.0
3414,0.0
3415,0.0
3416,0.0
3417,0.0
3418,0.0
3419,0.013460000000000001
3420,0.1144
3421,0.20607
3422,0.33176
3423,0.44055
3424,0.40127999999999997
3425,0.51735
3426,0.41187
3427,0.34193
3428,0.23748
3429,0.09899
3430,0.02038
3431,0.0
3432,0.0
3433,0.0
3434,0.0
3435,0.0
3436,0.0
3437,0.0
3438,0.0
3439,0.0
3440,0.0
3441,0.0
3442,0.0
3443,0.00974
3444,0.08229
3445,0.18833000000000003
3446,0.28312
3447,0.46208
3448,0.57869
3449,0.5274800000000001
3450,0.35988
3451,0.29166000000000003
3452,0.26056
3453,0.11014
3454,0.02475
3455,0.0
3456,0.0
3457,0.0
3458,0.0
3459,0.0
3460,0.0
3461,0.0
3462,0.0
3463,0.0
3464,0.0
3465,0.0
3466,0.0
3467,0.005809999999999999
3468,0.08351
3469,0.16844
3470,0.3055
3471,0.24568
3472,0.18355000000000002
3473,0.19143000000000002
3474,0.43223
3475,0.42355000000000004
3476,0.24012999999999998
3477,0.12940000000000002
3478,0.01002
3479,0.0
3480,0.0
3481,0.0
3482,0.0
3483,0.0
3484,0.0
3485,0.0
3486,0.0
3487,0.0
3488,0.0
3489,0.0
3490,0.0
3491,0.00578
3492,0.06813
3493,0.22976
3494,0.24291
3495,0.21568
3496,0.36519999999999997
3497,0.34793999999999997
3498,0.19166
3499,0.17168
3500,0.062090000000000006
3501,0.0458
3502,0.00825
3503,0.0
3504,0.0
3505,0.0
3506,0.0
3507,0.0
3508,0.0
3509,0.0
3510,0.0
3511,0.0
3512,0.0
3513,0.0
3514,0.0
3515,0.008060000000000001
3516,0.0991
3517,0.19252
3518,0.23243
3519,0.15219
3520,0.20771
3521,0.31427999999999995
3522,0.39174000000000003
3523,0.34675
3524,0.16549
3525,0.10859999999999999
3526,0.02051
3527,0.0
3528,0.0
3529,0.0
3530,0.0
3531,0.0
3532,0.0
3533,0.0
3534,0.0
3535,0.0
3536,0.0
3537,0.0
3538,0.0
3539,0.020309999999999998
3540,0.12306
3541,0.2459
3542,0.32191000000000003
3543,0.39697000000000005
3544,0.32523
3545,0.37001
3546,0.52089
3547,0.45368
3548,0.26294999999999996
3549,0.15221
3550,0.01526
3551,0.0
3552,0.0
3553,0.0
3554,0.0
3555,0.0
3556,0.0
3557,0.0
3558,0.0
3559,0.0
3560,0.0
3561,0.0
3562,0.0
3563,0.006690000000000001
3564,0.09852
3565,0.31383999999999995
3566,0.46396
3567,0.5858099999999999
3568,0.61491
3569,0.52962
3570,0.38949
3571,0.34063
3572,0.25633
3573,0.19315000000000002
3574,0.01436
3575,0.0
3576,0.0
3577,0.0
3578,0.0
3579,0.0
3580,0.0
3581,0.0
3582,0.0
3583,0.0
3584,0.0
3585,0.0
3586,0.0
3587,0.0027400000000000002
3588,0.03446
3589,0.09085
3590,0.14172
3591,0.13779
3592,0.15238
3593,0.24392
3594,0.31544
3595,0.36167
3596,0.19324000000000002
3597,0.11438
3598,0.015220000000000001
3599,0.0
3600,0.0
3601,0.0
3602,0.0
3603,0.0
3604,0.0
3605,0.0
3606,0.0
3607,0.0
3608,0.0
3609,0.0
3610,0.0
3611,0.00868
3612,0.061950000000000005
3613,0.14601
3614,0.20437
3615,0.27758999999999995
3616,0.36745999999999995
3617,0.28802
3618,0.25576
3619,0.24887
3620,0.19209
3621,0.096
3622,0.01939
3623,0.0
3624,0.0
3625,0.0
3626,0.0
3627,0.0
3628,0.0
3629,0.0
3630,0.0
3631,0.0
3632,0.0
3633,0.0
3634,0.0
3635,0.0034300000000000003
3636,0.07406
3637,0.19027000000000002
3638,0.26214
3639,0.30739999999999995
3640,0.41218
3641,0.42186
3642,0.26612
3643,0.31835
3644,0.30055
3645,0.13897
3646,0.01272
3647,0.0
3648,0.0
3649,0.0
3650,0.0
3651,0.0
3652,0.0
3653,0.0
3654,0.0
3655,0.0
3656,0.0
3657,0.0
3658,0.0
3659,0.00688
3660,0.048479999999999995
3661,0.12906
3662,0.17224
3663,0.18037999999999998
3664,0.38158
3665,0.36936
3666,0.38195999999999997
3667,0.41397
3668,0.28496
3669,0.14461000000000002
3670,0.01643
3671,0.0
3672,0.0
3673,0.0
3674,0.0
3675,0.0
3676,0.0
3677,0.0
3678,0.0
3679,0.0
3680,0.0
3681,0.0
3682,0.0
3683,0.004059999999999999
3684,0.018879999999999997
3685,0.09440000000000001
3686,0.16108
3687,0.17239
3688,0.21741
3689,0.13842
3690,0.11756
3691,0.14489
3692,0.23072
3693,0.08026000000000001
3694,0.01684
3695,0.0
3696,0.0
3697,0.0
3698,0.0
3699,0.0
3700,0.0
3701,0.0
3702,0.0
3703,0.0
3704,0.0
3705,0.0
3706,0.0
3707,0.00244
3708,0.12957
3709,0.25352
3710,0.34370999999999996
3711,0.22228
3712,0.2774
3713,0.17236
3714,0.43342
3715,0.43242
3716,0.29227
3717,0.19025
3718,0.01476
3719,0.0
3720,0.0
3721,0.0
3722,0.0
3723,0.0
3724,0.0
3725,0.0
3726,0.0
3727,0.0
3728,0.0
3729,0.0
3730,0.0
3731,0.00764
3732,0.09668
3733,0.25471
3734,0.25943
3735,0.37918999999999997
3736,0.48398
3737,0.46347000000000005
3738,0.38513
3739,0.31185
3740,0.25295
3741,0.12836
3742,0.01315
3743,0.0
3744,0.0
3745,0.0
3746,0.0
3747,0.0
3748,0.0
3749,0.0
3750,0.0
3751,0.0
3752,0.0
3753,0.0
3754,0.0
3755,0.0083
3756,0.06495000000000001
3757,0.19813999999999998
3758,0.23018
3759,0.27937
3760,0.29289
3761,0.32544
3762,0.20433
3763,0.34582
3764,0.25569
3765,0.13046000000000002
3766,0.01585
3767,0.0
3768,0.0
3769,0.0
3770,0.0
3771,0.0
3772,0.0
3773,0.0
3774,0.0
3775,0.0
3776,0.0
3777,0.0
3778,0.0
3779,0.0024700000000000004
3780,0.037509999999999995
3781,0.12832
3782,0.11533
3783,0.16651
3784,0.34439
3785,0.40262
3786,0.49385
3787,0.47489
3788,0.32579
3789,0.17454
3790,0.01636
3791,0.0
3792,0.0
3793,0.0
3794,0.0
3795,0.0
3796,0.0
3797,0.0
3798,0.0
3799,0.0
3800,0.0
3801,0.0
3802,0.0
3803,0.00718
3804,0.12938
3805,0.233
3806,0.14506
3807,0.16294999999999998
3808,0.16396
3809,0.20231
3810,0.21076
3811,0.16472
3812,0.07045
3813,0.06679
3814,0.011609999999999999
3815,0.0
3816,0.0
3817,0.0
3818,0.0
3819,0.0
3820,0.0
3821,0.0
3822,0.0
3823,0.0
3824,0.0
3825,0.0
3826,0.0
3827,0.00598
3828,0.04844
3829,0.04499
3830,0.06197999999999999
3831,0.06945
3832,0.07661
3833,0.13313
3834,0.11376
3835,0.13807
3836,0.14661000000000002
3837,0.12359999999999999
3838,0.01248
3839,0.0
3840,0.0
3841,0.0
3842,0.0
3843,0.0
3844,0.0
3845,0.0
3846,0.0
3847,0.0
3848,0.0
3849,0.0
3850,0.0
3851,0.00373
3852,0.052219999999999996
3853,0.15505000000000002
3854,0.13349
3855,0.1191
3856,0.15016
3857,0.13893
3858,0.37939
3859,0.25406
3860,0.21594
3861,0.1468
3862,0.01075
3863,0.0
3864,0.0
3865,0.0
3866,0.0
3867,0.0
3868,0.0
3869,0.0
3870,0.0
3871,0.0
3872,0.0
3873,0.0
3874,0.0
3875,0.00431
3876,0.04373
3877,0.10108
3878,0.17095
3879,0.23391
3880,0.16974
3881,0.25307
3882,0.1286
3883,0.2002
3884,0.30066000000000004
3885,0.15693000000000001
3886,0.01528
3887,0.0
3888,0.0
3889,0.0
3890,0.0
3891,0.0
3892,0.0
3893,0.0
3894,0.0
3895,0.0
3896,0.0
3897,0.0
3898,0.0
3899,0.0016
3900,0.04796
3901,0.05647
3902,0.08957999999999999
3903,0.09038
3904,0.12406
3905,0.09795999999999999
3906,0.10455
3907,0.14628
3908,0.10748999999999999
3909,0.11292
3910,0.011619999999999998
3911,0.0
3912,0.0
3913,0.0
3914,0.0
3915,0.0
3916,0.0
3917,0.0
3918,0.0
3919,0.0
3920,0.0
3921,0.0
3922,0.0
3923,0.00512
3924,0.054060000000000004
3925,0.12321
3926,0.30992000000000003
3927,0.22719
3928,0.29056
3929,0.28749
3930,0.31044
3931,0.31254000000000004
3932,0.19469999999999998
3933,0.17081
3934,0.01609
3935,0.0
3936,0.0
3937,0.0
3938,0.0
3939,0.0
3940,0.0
3941,0.0
3942,0.0
3943,0.0
3944,0.0
3945,0.0
3946,0.0
3947,0.00818
3948,0.14209
3949,0.30760000000000004
3950,0.45199
3951,0.52362
3952,0.57596
3953,0.60972
3954,0.54512
3955,0.45901
3956,0.33282
3957,0.20815
3958,0.01964
3959,0.0
3960,0.0
3961,0.0
3962,0.0
3963,0.0
3964,0.0
3965,0.0
3966,0.0
3967,0.0
3968,0.0
3969,0.0
3970,0.0
3971,0.00449
3972,0.06042
3973,0.16349
3974,0.19942
3975,0.38097000000000003
3976,0.44822
3977,0.50237
3978,0.47464999999999996
3979,0.39982999999999996
3980,0.34751
3981,0.19353
3982,0.023170000000000003
3983,0.0
3984,0.0
3985,0.0
3986,0.0
3987,0.0
3988,0.0
3989,0.0
3990,0.0
3991,0.0
3992,0.0
3993,0.0
3994,0.0
3995,0.009519999999999999
3996,0.08134000000000001
3997,0.26537
3998,0.37667
3999,0.34634
4000,0.48639
4001,0.42795
4002,0.4875
4003,0.44227999999999995
4004,0.33458
4005,0.18166
4006,0.03027
4007,0.0
4008,0.0
4009,0.0
4010,0.0
4011,0.0
4012,0.0
4013,0.0
4014,0.0
4015,0.0
4016,0.0
4017,0.0
4018,0.0
4019,0.00801
4020,0.06772
4021,0.11785
4022,0.33769
4023,0.35611000000000004
4024,0.46764
4025,0.49119
4026,0.51075
4027,0.41929
4028,0.36738
4029,0.17218
4030,0.01368
4031,0.0
4032,0.0
4033,0.0
4034,0.0
4035,0.0
4036,0.0
4037,0.0
4038,0.0
4039,0.0
4040,0.0
4041,0.0
4042,0.0
4043,0.00872
4044,0.10299
4045,0.24642
4046,0.3314
4047,0.38706999999999997
4048,0.5252100000000001
4049,0.5561
4050,0.56664
4051,0.43177
4052,0.30922000000000005
4053,0.14952000000000001
4054,0.01989
4055,0.0
4056,0.0
4057,0.0
4058,0.0
4059,0.0
4060,0.0
4061,0.0
4062,0.0
4063,0.0
4064,0.0
4065,0.0
4066,0.0
4067,0.01268
4068,0.13046000000000002
4069,0.23478
4070,0.38768
4071,0.5216900000000001
4072,0.60552
4073,0.53918
4074,0.55391
4075,0.43845999999999996
4076,0.32233
4077,0.14865
4078,0.02203
4079,0.0
4080,0.0
4081,0.0
4082,0.0
4083,0.0
4084,0.0
4085,0.0
4086,0.0
4087,0.0
4088,0.0
4089,0.0
4090,0.0
4091,0.00643
4092,0.06017
4093,0.136
4094,0.23686000000000001
4095,0.33673000000000003
4096,0.40497000000000005
4097,0.42656
4098,0.28002999999999995
4099,0.19844
4100,0.14839
4101,0.10593000000000001
4102,0.03377
4103,0.0
4104,0.0
4105,0.0
4106,0.0
4107,0.0
4108,0.0
4109,0.0
4110,0.0
4111,0.0
4112,0.0
4113,0.0
4114,0.0
4115,0.01009
4116,0.093
4117,0.19832
4118,0.32904
4119,0.35824
4120,0.41508
4121,0.50452
4122,0.5488500000000001
4123,0.43621
4124,0.35026999999999997
4125,0.17723
4126,0.01772
4127,0.0
4128,0.0
4129,0.0
4130,0.0
4131,0.0
4132,0.0
4133,0.0
4134,0.0
4135,0.0
4136,0.0
4137,0.0
4138,0.0
4139,0.00915
4140,0.09592
4141,0.2918
4142,0.41122000000000003
4143,0.50664
4144,0.61466
4145,0.60385
4146,0.56323
4147,0.43513999999999997
4148,0.31583999999999995
4149,0.16236
4150,0.022789999999999998
4151,0.0
4152,0.0
4153,0.0
4154,0.0
4155,0.0
4156,0.0
4157,0.0
4158,0.0
4159,0.0
4160,0.0
4161,0.0
4162,0.0
4163,0.00863
4164,0.11909
4165,0.23034000000000002
4166,0.37845999999999996
4167,0.50254
4168,0.43754000000000004
4169,0.54079
4170,0.42392
4171,0.40062000000000003
4172,0.29208999999999996
4173,0.18872999999999998
4174,0.02368
4175,0.0
4176,0.0
4177,0.0
4178,0.0
4179,0.0
4180,0.0
4181,0.0
4182,0.0
4183,0.0
4184,0.0
4185,0.0
4186,0.0
4187,0.00878
4188,0.14654
4189,0.28711000000000003
4190,0.43195999999999996
4191,0.51041
4192,0.5695399999999999
4193,0.63928
4194,0.57613
4195,0.47523000000000004
4196,0.36556
4197,0.19527
4198,0.018699999999999998
4199,0.0
4200,0.0
4201,0.0
4202,0.0
4203,0.0
4204,0.0
4205,0.0
4206,0.0
4207,0.0
4208,0.0
4209,0.0
4210,0.0
4211,0.00802
4212,0.07547
4213,0.21313
4214,0.23809
4215,0.26522
4216,0.30104000000000003
4217,0.20426
4218,0.16077000000000002
4219,0.19951
4220,0.09390000000000001
4221,0.03435
4222,0.009859999999999999
4223,0.0
4224,0.0
4225,0.0
4226,0.0
4227,0.0
4228,0.0
4229,0.0
4230,0.0
4231,0.0
4232,0.0
4233,0.0
4234,0.0
4235,0.0048200000000000005
4236,0.06720999999999999
4237,0.16912
4238,0.19809000000000002
4239,0.20605
4240,0.08165
4241,0.27024000000000004
4242,0.0952
4243,0.23892
4244,0.1482
4245,0.08423
4246,0.02705
4247,0.0
4248,0.0
4249,0.0
4250,0.0
4251,0.0
4252,0.0
4253,0.0
4254,0.0
4255,0.0
4256,0.0
4257,0.0
4258,0.0
4259,0.0045899999999999995
4260,0.05242
4261,0.10402
4262,0.3221
4263,0.30377
4264,0.19616999999999998
4265,0.35893
4266,0.31301
4267,0.32133
4268,0.32342000000000004
4269,0.20987
4270,0.04108
4271,0.0
4272,0.0
4273,0.0
4274,0.0
4275,0.0
4276,0.0
4277,0.0
4278,0.0
4279,0.0
4280,0.0
4281,0.0
4282,0.0
4283,0.0065899999999999995
4284,0.09273
4285,0.16272
4286,0.2797
4287,0.24062999999999998
4288,0.32582
4289,0.19696
4290,0.20882
4291,0.16016999999999998
4292,0.18978
4293,0.16316999999999998
4294,0.03713
4295,0.0
4296,0.0
4297,0.0
4298,0.0
4299,0.0
4300,0.0
4301,0.0
4302,0.0
4303,0.0
4304,0.0
4305,0.0
4306,0.0
4307,0.00467
4308,0.06982
4309,0.20165
4310,0.28798
4311,0.14837
4312,0.12292
4313,0.11
4314,0.08583
4315,0.12249
4316,0.13885
4317,0.11155
4318,0.01852
4319,0.0
4320,0.0
4321,0.0
4322,0.0
4323,0.0
4324,0.0
4325,0.0
4326,0.0
4327,0.0
4328,0.0
4329,0.0
4330,0.0
4331,0.00511
4332,0.04963
4333,0.12588
4334,0.1265
4335,0.22903
4336,0.26006
4337,0.43409
4338,0.51583
4339,0.50436
4340,0.35041
4341,0.18700999999999998
4342,0.03253
4343,0.0
4344,0.0
4345,0.0
4346,0.0
4347,0.0
4348,0.0
4349,0.0
4350,0.0
4351,0.0
4352,0.0
4353,0.0
4354,0.0
4355,0.00182
4356,0.05475
4357,0.12866
4358,0.19938
4359,0.27173
4360,0.19941
4361,0.26676
4362,0.30629
4363,0.28876999999999997
4364,0.23937
4365,0.13078
4366,0.02143
4367,0.0
4368,0.0
4369,0.0
4370,0.0
4371,0.0
4372,0.0
4373,0.0
4374,0.0
4375,0.0
4376,0.0
4377,0.0
4378,0.0
4379,0.00064
4380,0.02114
4381,0.04209
4382,0.09445999999999999
4383,0.10808
4384,0.09207
4385,0.08681
4386,0.12612
4387,0.13898
4388,0.14478
4389,0.18777000000000002
4390,0.0352
4391,0.0
4392,0.0
4393,0.0
4394,0.0
4395,0.0
4396,0.0
4397,0.0
4398,0.0
4399,0.0
4400,0.0
4401,0.0
4402,0.0
4403,0.00555
4404,0.09425
4405,0.27451
4406,0.36476
4407,0.45438
4408,0.48823
4409,0.51638
4410,0.49037000000000003
4411,0.48044
4412,0.33411
4413,0.17615999999999998
4414,0.038189999999999995
4415,0.0
4416,0.0
4417,0.0
4418,0.0
4419,0.0
4420,0.0
4421,0.0
4422,0.0
4423,0.0
4424,0.0
4425,0.0
4426,0.0
4427,0.0028399999999999996
4428,0.04549
4429,0.13693
4430,0.12064
4431,0.22272
4432,0.27123
4433,0.30207999999999996
4434,0.20101
4435,0.30244
4436,0.18538
4437,0.16252
4438,0.047
4439,0.0
4440,0.0
4441,0.0
4442,0.0
4443,0.0
4444,0.0
4445,0.0
4446,0.0
4447,0.0
4448,0.0
4449,0.0
4450,0.0
4451,0.00615
4452,0.13531
4453,0.30460000000000004
4454,0.44809
4455,0.5453300000000001
4456,0.60141
4457,0.55659
4458,0.60523
4459,0.45882999999999996
4460,0.33023
4461,0.20454
4462,0.04784
4463,0.0
4464,0.0
4465,0.0
4466,0.0
4467,0.0
4468,0.0
4469,0.0
4470,0.0
4471,0.0
4472,0.0
4473,0.0
4474,0.0
4475,0.0057
4476,0.06253
4477,0.1242
4478,0.20607
4479,0.32711
4480,0.47176
4481,0.5189199999999999
4482,0.54361
4483,0.38215
4484,0.21885
4485,0.10772
4486,0.0308
4487,0.0
4488,0.0
4489,0.0
4490,0.0
4491,0.0
4492,0.0
4493,0.0
4494,0.0
4495,0.0
4496,0.0
4497,0.0
4498,0.0
4499,0.0108
4500,0.10317
4501,0.20419
4502,0.32617
4503,0.3937
4504,0.5408
4505,0.53786
4506,0.57517
4507,0.46606000000000003
4508,0.27629000000000004
4509,0.11508
4510,0.027530000000000002
4511,0.0
4512,0.0
4513,0.0
4514,0.0
4515,0.0
4516,0.0
4517,0.0
4518,0.0
4519,0.0
4520,0.0
4521,0.0
4522,0.0
4523,0.007030000000000001
4524,0.12537
4525,0.26902
4526,0.39986
4527,0.51358
4528,0.49441
4529,0.46835000000000004
4530,0.50944
4531,0.43901
4532,0.34478
4533,0.1544
4534,0.040490000000000005
4535,0.0
4536,0.0
4537,0.0
4538,0.0
4539,0.0
4540,0.0
4541,0.0
4542,0.0
4543,0.0
4544,0.0
4545,0.0
4546,0.0
4547,0.0030099999999999997
4548,0.05788
4549,0.11241
4550,0.07398
4551,0.11514
4552,0.15772999999999998
4553,0.2695
4554,0.38881
4555,0.39815
4556,0.3098
4557,0.18208000000000002
4558,0.03619
4559,0.0
4560,0.0
4561,0.0
4562,0.0
4563,0.0
4564,0.0
4565,0.0
4566,0.0
4567,0.0
4568,0.0
4569,0.0
4570,0.0
4571,0.00592
4572,0.08481999999999999
4573,0.19665000000000002
4574,0.12727
4575,0.09936
4576,0.1398
4577,0.15416999999999997
4578,0.33435000000000004
4579,0.32291000000000003
4580,0.28488
4581,0.17958000000000002
4582,0.045340000000000005
4583,0.0
4584,0.0
4585,0.0
4586,0.0
4587,0.0
4588,0.0
4589,0.0
4590,0.0
4591,0.0
4592,0.0
4593,0.0
4594,0.0
4595,0.00721
4596,0.10235999999999999
4597,0.26417
4598,0.26327
4599,0.31449
4600,0.44312
4601,0.42287
4602,0.44345999999999997
4603,0.38162999999999997
4604,0.28708
4605,0.17597
4606,0.02729
4607,0.0
4608,0.0
4609,0.0
4610,0.0
4611,0.0
4612,0.0
4613,0.0
4614,0.0
4615,0.0
4616,0.0
4617,0.0
4618,0.0
4619,0.0061200000000000004
4620,0.12608
4621,0.32127
4622,0.45602
4623,0.54691
4624,0.60581
4625,0.57813
4626,0.52671
4627,0.47331
4628,0.32245999999999997
4629,0.1601
4630,0.03779
4631,0.0
4632,0.0
4633,0.0
4634,0.0
4635,0.0
4636,0.0
4637,0.0
4638,0.0
4639,0.0
4640,0.0
4641,0.0
4642,0.0
4643,0.00764
4644,0.13219999999999998
4645,0.27283999999999997
4646,0.45257
4647,0.48713
4648,0.55538
4649,0.50645
4650,0.5437000000000001
4651,0.41486
4652,0.31854000000000005
4653,0.20742
4654,0.04435
4655,0.0
4656,0.0
4657,0.0
4658,0.0
4659,0.0
4660,0.0
4661,0.0
4662,0.0
4663,0.0
4664,0.0
4665,0.0
4666,0.0
4667,0.00835
4668,0.11865
4669,0.23046
4670,0.26838
4671,0.2873
4672,0.3588
4673,0.29732
4674,0.55776
4675,0.40068
4676,0.33923000000000003
4677,0.17396
4678,0.03772
4679,0.0
4680,0.0
4681,0.0
4682,0.0
4683,0.0
4684,0.0
4685,0.0
4686,0.0
4687,0.0
4688,0.0
4689,0.0
4690,0.0
4691,0.01051
4692,0.12440000000000001
4693,0.273
4694,0.36486
4695,0.45045999999999997
4696,0.51463
4697,0.50087
4698,0.49148000000000003
4699,0.40876999999999997
4700,0.33727999999999997
4701,0.15166
4702,0.02648
4703,0.0
4704,0.0
4705,0.0
4706,0.0
4707,0.0
4708,0.0
4709,0.0
4710,0.0
4711,0.0
4712,0.0
4713,0.0
4714,0.0
4715,0.00316
4716,0.03281
4717,0.08554
4718,0.10292
4719,0.17524
4720,0.21145
4721,0.1792
4722,0.32387
4723,0.2701
4724,0.24553999999999998
4725,0.1071
4726,0.04038
4727,0.0
4728,0.0
4729,0.0
4730,0.0
4731,0.0
4732,0.0
4733,0.0
4734,0.0
4735,0.0
4736,0.0
4737,0.0
4738,0.0
4739,0.0
4740,0.009859999999999999
4741,0.037590000000000005
4742,0.07981999999999999
4743,0.030850000000000002
4744,0.08771999999999999
4745,0.10482
4746,0.11864
4747,0.29208999999999996
4748,0.09245
4749,0.10305
4750,0.01517
4751,0.0
4752,0.0
4753,0.0
4754,0.0
4755,0.0
4756,0.0
4757,0.0
4758,0.0
4759,0.0
4760,0.0
4761,0.0
4762,0.0
4763,0.0
4764,0.00717
4765,0.01667
4766,0.02678
4767,0.06895
4768,0.061009999999999995
4769,0.15059999999999998
4770,0.17468999999999998
4771,0.26472
4772,0.16807
4773,0.12749
4774,0.035590000000000004
4775,0.0
4776,0.0
4777,0.0
4778,0.0
4779,0.0
4780,0.0
4781,0.0
4782,0.0
4783,0.0
4784,0.0
4785,0.0
4786,0.0
4787,0.00475
4788,0.08983
4789,0.25316
4790,0.26004
4791,0.27979000000000004
4792,0.26341000000000003
4793,0.2215
4794,0.14819
4795,0.048850000000000005
4796,0.0715
4797,0.01802
4798,0.00354
4799,0.0
4800,0.0
4801,0.0
4802,0.0
4803,0.0
4804,0.0
4805,0.0
4806,0.0
4807,0.0
4808,0.0
4809,0.0
4810,0.0
4811,0.00297
4812,0.09478
4813,0.27215
4814,0.34748
4815,0.44010000000000005
4816,0.45494999999999997
4817,0.5483
4818,0.46823000000000004
4819,0.45982999999999996
4820,0.33494999999999997
4821,0.19779
4822,0.05036
4823,0.0
4824,0.0
4825,0.0
4826,0.0
4827,0.0
4828,0.0
4829,0.0
4830,0.0
4831,0.0
4832,0.0
4833,0.0
4834,0.0
4835,0.0009699999999999999
4836,0.06528
4837,0.14205
4838,0.24121
4839,0.43278
4840,0.47702
4841,0.56767
4842,0.47549
4843,0.37911
4844,0.30173
4845,0.20978
4846,0.046799999999999994
4847,0.0
4848,0.0
4849,0.0
4850,0.0
4851,0.0
4852,0.0
4853,0.0
4854,0.0
4855,0.0
4856,0.0
4857,0.0
4858,0.0
4859,0.0077
4860,0.12585
4861,0.34414
4862,0.49181
4863,0.60196
4864,0.66132
4865,0.67404
4866,0.63413
4867,0.53859
4868,0.36037
4869,0.22408
4870,0.04876
4871,0.0
4872,0.0
4873,0.0
4874,0.0
4875,0.0
4876,0.0
4877,0.0
4878,0.0
4879,0.0
4880,0.0
4881,0.0
4882,0.0
4883,0.00463
4884,0.09971
4885,0.22461
4886,0.36488
4887,0.3093
4888,0.29219
4889,0.42022000000000004
4890,0.35760000000000003
4891,0.42178
4892,0.33192
4893,0.20996
4894,0.04899
4895,0.0
4896,0.0
4897,0.0
4898,0.0
4899,0.0
4900,0.0
4901,0.0
4902,0.0
4903,0.0
4904,0.0
4905,0.0
4906,0.0
4907,0.006
4908,0.11056
4909,0.26777999999999996
4910,0.40708999999999995
4911,0.33597000000000005
4912,0.33379000000000003
4913,0.30426
4914,0.35892
4915,0.2186
4916,0.31903
4917,0.19822
4918,0.04223
4919,0.0
4920,0.0
4921,0.0
4922,0.0
4923,0.0
4924,0.0
4925,0.0
4926,0.0
4927,0.0
4928,0.0
4929,0.0
4930,0.0
4931,0.00363
4932,0.09129000000000001
4933,0.20978
4934,0.11406999999999999
4935,0.26536000000000004
4936,0.42274
4937,0.45048
4938,0.39139999999999997
4939,0.38936000000000004
4940,0.3387
4941,0.19999
4942,0.05066
4943,0.0
4944,0.0
4945,0.0
4946,0.0
4947,0.0
4948,0.0
4949,0.0
4950,0.0
4951,0.0
4952,0.0
4953,0.0
4954,0.0
4955,0.00752
4956,0.12565
4957,0.24812
4958,0.25456
4959,0.29977
4960,0.38480000000000003
4961,0.46811
4962,0.5229400000000001
4963,0.36061
4964,0.2223
4965,0.14116
4966,0.039369999999999995
4967,0.0
4968,0.0
4969,0.0
4970,0.0
4971,0.0
4972,0.0
4973,0.0
4974,0.0
4975,0.0
4976,0.0
4977,0.0
4978,0.0
4979,0.00127
4980,0.04585
4981,0.052969999999999996
4982,0.13263
4983,0.08522
4984,0.11462
4985,0.09623000000000001
4986,0.12603
4987,0.11258
4988,0.06341
4989,0.05586
4990,0.01288
4991,0.0
4992,0.0
4993,0.0
4994,0.0
4995,0.0
4996,0.0
4997,0.0
4998,0.0
4999,0.0
5000,0.0
5001,0.0
5002,0.0
5003,0.00114
5004,0.04945
5005,0.13818
5006,0.29687
5007,0.36944
5008,0.44163
5009,0.38975
5010,0.5561200000000001
5011,0.42448
5012,0.28578
5013,0.13362000000000002
5014,0.038509999999999996
5015,0.0
5016,0.0
5017,0.0
5018,0.0
5019,0.0
5020,0.0
5021,0.0
5022,0.0
5023,0.0
5024,0.0
5025,0.0
5026,0.0
5027,0.0017800000000000001
5028,0.04373
5029,0.11705
5030,0.17493
5031,0.18678
5032,0.27499
5033,0.21897999999999998
5034,0.38388
5035,0.54191
5036,0.38999
5037,0.18819999999999998
5038,0.04865
5039,0.0
5040,0.0
5041,0.0
5042,0.0
5043,0.0
5044,0.0
5045,0.0
5046,0.0
5047,0.0
5048,0.0
5049,0.0
5050,0.0
5051,0.00454
5052,0.07814
5053,0.21399
5054,0.38529
5055,0.51035
5056,0.58839
5057,0.6104400000000001
5058,0.60434
5059,0.51909
5060,0.41392
5061,0.24351
5062,0.05722
5063,0.0
5064,0.0
5065,0.0
5066,0.0
5067,0.0
5068,0.0
5069,0.0
5070,0.0
5071,0.0
5072,0.0
5073,0.0
5074,0.0
5075,0.00632
5076,0.14601
5077,0.28672000000000003
5078,0.47972000000000004
5079,0.5245299999999999
5080,0.6264500000000001
5081,0.61645
5082,0.59127
5083,0.54085
5084,0.3882
5085,0.19226
5086,0.04704
5087,0.0
5088,0.0
5089,0.0
5090,0.0
5091,0.0
5092,0.0
5093,0.0
5094,0.0
5095,0.0
5096,0.0
5097,0.0
5098,0.0
5099,0.00874
5100,0.1429
5101,0.31659
5102,0.42836
5103,0.5361699999999999
5104,0.60138
5105,0.62548
5106,0.5007900000000001
5107,0.38462999999999997
5108,0.34418
5109,0.19807
5110,0.039549999999999995
5111,0.0
5112,0.0
5113,0.0
5114,0.0
5115,0.0
5116,0.0
5117,0.0
5118,0.0
5119,0.0
5120,0.0
5121,0.0
5122,0.0
5123,0.00583
5124,0.1072
5125,0.25341
5126,0.36327
5127,0.4058
5128,0.43019999999999997
5129,0.52361
5130,0.27157
5131,0.30735
5132,0.32702
5133,0.15953
5134,0.02966
5135,0.0
5136,0.0
5137,0.0
5138,0.0
5139,0.0
5140,0.0
5141,0.0
5142,0.0
5143,0.0
5144,0.0
5145,0.0
5146,0.0
5147,0.00328
5148,0.0725
5149,0.11316
5150,0.11923
5151,0.14348
5152,0.22919
5153,0.4039
5154,0.39603
5155,0.42951999999999996
5156,0.35693
5157,0.19854
5158,0.05321
5159,0.0
5160,0.0
5161,0.0
5162,0.0
5163,0.0
5164,0.0
5165,0.0
5166,0.0
5167,0.0
5168,0.0
5169,0.0
5170,0.0
5171,0.00636
5172,0.07717
5173,0.2511
5174,0.24672999999999998
5175,0.5179400000000001
5176,0.42907
5177,0.6012799999999999
5178,0.35008999999999996
5179,0.38625
5180,0.32332
5181,0.18278999999999998
5182,0.0475
5183,0.0
5184,0.0
5185,0.0
5186,0.0
5187,0.0
5188,0.0
5189,0.0
5190,0.0
5191,0.0
5192,0.0
5193,0.0
5194,0.0
5195,0.0018
5196,0.019829999999999997
5197,0.038579999999999996
5198,0.08219
5199,0.13059
5200,0.12356
5201,0.30689999999999995
5202,0.27876999999999996
5203,0.28074
5204,0.12840000000000001
5205,0.06378
5206,0.0091
5207,0.0
5208,0.0
5209,0.0
5210,0.0
5211,0.0
5212,0.0
5213,0.0
5214,0.0
5215,0.0
5216,0.0
5217,0.0
5218,0.0
5219,0.0
5220,0.037829999999999996
5221,0.028
5222,0.057479999999999996
5223,0.09218000000000001
5224,0.17777
5225,0.22252000000000002
5226,0.28297000000000005
5227,0.17833000000000002
5228,0.1242
5229,0.06039
5230,0.00967
5231,0.0
5232,0.0
5233,0.0
5234,0.0
5235,0.0
5236,0.0
5237,0.0
5238,0.0
5239,0.0
5240,0.0
5241,0.0
5242,0.0
5243,0.004719999999999999
5244,0.08801
5245,0.25842000000000004
5246,0.3403
5247,0.48452999999999996
5248,0.43506
5249,0.35549000000000003
5250,0.55263
5251,0.33327999999999997
5252,0.25897000000000003
5253,0.11575
5254,0.022269999999999998
5255,0.0
5256,0.0
5257,0.0
5258,0.0
5259,0.0
5260,0.0
5261,0.0
5262,0.0
5263,0.0
5264,0.0
5265,0.0
5266,0.0
5267,0.0039700000000000004
5268,0.09139
5269,0.12894
5270,0.21665
5271,0.25952
5272,0.13419999999999999
5273,0.13069
5274,0.36063999999999996
5275,0.27112
5276,0.29543
5277,0.09104999999999999
5278,0.01813
5279,0.0
5280,0.0
5281,0.0
5282,0.0
5283,0.0
5284,0.0
5285,0.0
5286,0.0
5287,0.0
5288,0.0
5289,0.0
5290,0.0
5291,0.00642
5292,0.14851
5293,0.32181
5294,0.50919
5295,0.59148
5296,0.6327200000000001
5297,0.6333
5298,0.5977899999999999
5299,0.48263
5300,0.34372
5301,0.19418000000000002
5302,0.041159999999999995
5303,0.0
5304,0.0
5305,0.0
5306,0.0
5307,0.0
5308,0.0
5309,0.0
5310,0.0
5311,0.0
5312,0.0
5313,0.0
5314,0.0
5315,0.00418
5316,0.06817000000000001
5317,0.09783
5318,0.13168000000000002
5319,0.26554
5320,0.38337
5321,0.31065
5322,0.42012
5323,0.42101
5324,0.25937
5325,0.19484
5326,0.02253
5327,0.0
5328,0.0
5329,0.0
5330,0.0
5331,0.0
5332,0.0
5333,0.0
5334,0.0
5335,0.0
5336,0.0
5337,0.0
5338,0.0
5339,0.0
5340,0.01305
5341,0.0793
5342,0.14746
5343,0.42565
5344,0.61049
5345,0.58629
5346,0.27922
5347,0.29994
5348,0.25003
5349,0.13763999999999998
5350,0.04786
5351,0.0
5352,0.0
5353,0.0
5354,0.0
5355,0.0
5356,0.0
5357,0.0
5358,0.0
5359,0.0
5360,0.0
5361,0.0
5362,0.0
5363,0.00487
5364,0.11774
5365,0.16763999999999998
5366,0.24209
5367,0.26127
5368,0.30647
5369,0.2419
5370,0.41558
5371,0.30999
5372,0.26950999999999997
5373,0.15699000000000002
5374,0.03939
5375,0.0
5376,0.0
5377,0.0
5378,0.0
5379,0.0
5380,0.0
5381,0.0
5382,0.0
5383,0.0
5384,0.0
5385,0.0
5386,0.0
5387,0.00151
5388,0.05669
5389,0.13005
5390,0.11006
5391,0.23233
5392,0.37579
5393,0.27061
5394,0.27108
5395,0.42844
5396,0.35431
5397,0.22644999999999998
5398,0.02565
5399,0.0
5400,0.0
5401,0.0
5402,0.0
5403,0.0
5404,0.0
5405,0.0
5406,0.0
5407,0.0
5408,0.0
5409,0.0
5410,0.0
5411,0.01497
5412,0.14674
5413,0.31235
5414,0.39566
5415,0.4377
5416,0.42222000000000004
5417,0.33576999999999996
5418,0.13635
5419,0.14969
5420,0.14488
5421,0.06135
5422,0.00916
5423,0.0
5424,0.0
5425,0.0
5426,0.0
5427,0.0
5428,0.0
5429,0.0
5430,0.0
5431,0.0
5432,0.0
5433,0.0
5434,0.0
5435,0.0008100000000000001
5436,0.05083
5437,0.23578
5438,0.39193
5439,0.50947
5440,0.49334
5441,0.37575
5442,0.37101
5443,0.20643999999999998
5444,0.07931
5445,0.030510000000000002
5446,0.008230000000000001
5447,0.0
5448,0.0
5449,0.0
5450,0.0
5451,0.0
5452,0.0
5453,0.0
5454,0.0
5455,0.0
5456,0.0
5457,0.0
5458,0.0
5459,0.00841
5460,0.15785
5461,0.33486
5462,0.49816000000000005
5463,0.56874
5464,0.6784199999999999
5465,0.68226
5466,0.63566
5467,0.50908
5468,0.38216
5469,0.19594999999999999
5470,0.02116
5471,0.0
5472,0.0
5473,0.0
5474,0.0
5475,0.0
5476,0.0
5477,0.0
5478,0.0
5479,0.0
5480,0.0
5481,0.0
5482,0.0
5483,0.01036
5484,0.15830000000000002
5485,0.28670999999999996
5486,0.42075999999999997
5487,0.52498
5488,0.54979
5489,0.57066
5490,0.591
5491,0.54006
5492,0.41920999999999997
5493,0.21885
5494,0.02176
5495,0.0
5496,0.0
5497,0.0
5498,0.0
5499,0.0
5500,0.0
5501,0.0
5502,0.0
5503,0.0
5504,0.0
5505,0.0
5506,0.0
5507,0.00903
5508,0.16461
5509,0.35868
5510,0.47336
5511,0.62033
5512,0.68757
5513,0.59425
5514,0.5431900000000001
5515,0.46622
5516,0.39504
5517,0.22811
5518,0.02018
5519,0.0
5520,0.0
5521,0.0
5522,0.0
5523,0.0
5524,0.0
5525,0.0
5526,0.0
5527,0.0
5528,0.0
5529,0.0
5530,0.0
5531,0.01001
5532,0.1418
5533,0.31156
5534,0.45089999999999997
5535,0.4682
5536,0.51687
5537,0.44608
5538,0.60005
5539,0.53527
5540,0.34231
5541,0.10260999999999999
5542,0.0149
5543,0.0
5544,0.0
5545,0.0
5546,0.0
5547,0.0
5548,0.0
5549,0.0
5550,0.0
5551,0.0
5552,0.0
5553,0.0
5554,0.0
5555,0.00656
5556,0.056119999999999996
5557,0.11163
5558,0.15152000000000002
5559,0.23324
5560,0.35581
5561,0.35475
5562,0.50154
5563,0.40467000000000003
5564,0.37767
5565,0.20837999999999998
5566,0.018949999999999998
5567,0.0
5568,0.0
5569,0.0
5570,0.0
5571,0.0
5572,0.0
5573,0.0
5574,0.0
5575,0.0
5576,0.0
5577,0.0
5578,0.0
5579,0.00903
5580,0.09431999999999999
5581,0.26208
5582,0.36772000000000005
5583,0.39086000000000004
5584,0.41764999999999997
5585,0.26762
5586,0.22457
5587,0.13538
5588,0.10675
5589,0.04088
5590,0.005719999999999999
5591,0.0
5592,0.0
5593,0.0
5594,0.0
5595,0.0
5596,0.0
5597,0.0
5598,0.0
5599,0.0
5600,0.0
5601,0.0
5602,0.0
5603,0.00787
5604,0.07831
5605,0.18562
5606,0.25932
5607,0.44072
5608,0.50174
5609,0.53826
5610,0.55022
5611,0.37945999999999996
5612,0.33774
5613,0.19285
5614,0.019629999999999998
5615,0.0
5616,0.0
5617,0.0
5618,0.0
5619,0.0
5620,0.0
5621,0.0
5622,0.0
5623,0.0
5624,0.0
5625,0.0
5626,0.0
5627,0.00929
5628,0.12554
5629,0.29797
5630,0.41620999999999997
5631,0.6209
5632,0.67149
5633,0.6222799999999999
5634,0.6251
5635,0.49804000000000004
5636,0.35922000000000004
5637,0.16847
5638,0.02102
5639,0.0
5640,0.0
5641,0.0
5642,0.0
5643,0.0
5644,0.0
5645,0.0
5646,0.0
5647,0.0
5648,0.0
5649,0.0
5650,0.0
5651,0.00911
5652,0.15262
5653,0.24996000000000002
5654,0.42967
5655,0.54039
5656,0.64576
5657,0.67108
5658,0.62819
5659,0.48141
5660,0.41268
5661,0.24636000000000002
5662,0.01718
5663,0.0
5664,0.0
5665,0.0
5666,0.0
5667,0.0
5668,0.0
5669,0.0
5670,0.0
5671,0.0
5672,0.0
5673,0.0
5674,0.0
5675,0.008029999999999999
5676,0.10108
5677,0.28108999999999995
5678,0.40717000000000003
5679,0.55347
5680,0.62638
5681,0.62867
5682,0.61184
5683,0.51438
5684,0.39643
5685,0.20767
5686,0.0171
5687,0.0
5688,0.0
5689,0.0
5690,0.0
5691,0.0
5692,0.0
5693,0.0
5694,0.0
5695,0.0
5696,0.0
5697,0.0
5698,0.0
5699,0.00646
5700,0.055909999999999994
5701,0.22761
5702,0.33926999999999996
5703,0.38506
5704,0.48902999999999996
5705,0.60153
5706,0.41607
5707,0.43347
5708,0.36560000000000004
5709,0.24275
5710,0.02428
5711,0.0
5712,0.0
5713,0.0
5714,0.0
5715,0.0
5716,0.0
5717,0.0
5718,0.0
5719,0.0
5720,0.0
5721,0.0
5722,0.0
5723,0.009519999999999999
5724,0.17027
5725,0.35598
5726,0.51006
5727,0.64306
5728,0.6999299999999999
5729,0.62587
5730,0.62398
5731,0.57066
5732,0.38695999999999997
5733,0.22743
5734,0.01551
5735,0.0
5736,0.0
5737,0.0
5738,0.0
5739,0.0
5740,0.0
5741,0.0
5742,0.0
5743,0.0
5744,0.0
5745,0.0
5746,0.0
5747,0.01008
5748,0.07991
5749,0.20402
5750,0.43573
5751,0.54631
5752,0.6938799999999999
5753,0.65546
5754,0.65175
5755,0.43754000000000004
5756,0.31453
5757,0.13162000000000001
5758,0.02117
5759,0.0
5760,0.0
5761,0.0
5762,0.0
5763,0.0
5764,0.0
5765,0.0
5766,0.0
5767,0.0
5768,0.0
5769,0.0
5770,0.0
5771,0.01142
5772,0.15450999999999998
5773,0.30044
5774,0.48822000000000004
5775,0.608
5776,0.6078600000000001
5777,0.63964
5778,0.6307999999999999
5779,0.45126
5780,0.32875
5781,0.13888999999999999
5782,0.026699999999999998
5783,0.0
5784,0.0
5785,0.0
5786,0.0
5787,0.0
5788,0.0
5789,0.0
5790,0.0
5791,0.0
5792,0.0
5793,0.0
5794,0.0
5795,0.01419
5796,0.18337
5797,0.33061
5798,0.45876999999999996
5799,0.54864
5800,0.52444
5801,0.51773
5802,0.53516
5803,0.55898
5804,0.3991
5805,0.21278
5806,0.0167
5807,0.0
5808,0.0
5809,0.0
5810,0.0
5811,0.0
5812,0.0
5813,0.0
5814,0.0
5815,0.0
5816,0.0
5817,0.0
5818,0.0
5819,0.00864
5820,0.10545
5821,0.29557
5822,0.29405000000000003
5823,0.44804
5824,0.64491
5825,0.59373
5826,0.62893
5827,0.48871
5828,0.37487
5829,0.19669
5830,0.02902
5831,0.0
5832,0.0
5833,0.0
5834,0.0
5835,0.0
5836,0.0
5837,0.0
5838,0.0
5839,0.0
5840,0.0
5841,0.0
5842,0.0
5843,0.01778
5844,0.14652
5845,0.32118
5846,0.44645999999999997
5847,0.45846
5848,0.48368
5849,0.45154
5850,0.46216
5851,0.44389
5852,0.27238
5853,0.17162
5854,0.02542
5855,0.0
5856,0.0
5857,0.0
5858,0.0
5859,0.0
5860,0.0
5861,0.0
5862,0.0
5863,0.0
5864,0.0
5865,0.0
5866,0.0
5867,0.015
5868,0.12126
5869,0.26991000000000004
5870,0.34117000000000003
5871,0.51047
5872,0.47301
5873,0.40997
5874,0.48311000000000004
5875,0.30433
5876,0.23203000000000001
5877,0.16568
5878,0.02605
5879,0.0
5880,0.0
5881,0.0
5882,0.0
5883,0.0
5884,0.0
5885,0.0
5886,0.0
5887,0.0
5888,0.0
5889,0.0
5890,0.0
5891,0.01039
5892,0.15794
5893,0.29849000000000003
5894,0.46205
5895,0.5992999999999999
5896,0.60121
5897,0.63649
5898,0.60538
5899,0.48757
5900,0.32547000000000004
5901,0.15594999999999998
5902,0.02571
5903,0.0
5904,0.0
5905,0.0
5906,0.0
5907,0.0
5908,0.0
5909,0.0
5910,0.0
5911,0.0
5912,0.0
5913,0.0
5914,0.0
5915,0.01617
5916,0.15393
5917,0.31389999999999996
5918,0.49191
5919,0.56872
5920,0.55829
5921,0.58129
5922,0.60215
5923,0.43832
5924,0.34846
5925,0.20737
5926,0.02206
5927,0.0
5928,0.0
5929,0.0
5930,0.0
5931,0.0
5932,0.0
5933,0.0
5934,0.0
5935,0.0
5936,0.0
5937,0.0
5938,0.0
5939,0.01114
5940,0.16563
5941,0.31785
5942,0.44109
5943,0.51827
5944,0.58739
5945,0.5672
5946,0.56953
5947,0.49351
5948,0.36113999999999996
5949,0.21515
5950,0.011130000000000001
5951,0.0
5952,0.0
5953,0.0
5954,0.0
5955,0.0
5956,0.0
5957,0.0
5958,0.0
5959,0.0
5960,0.0
5961,0.0
5962,0.0
5963,0.006889999999999999
5964,0.09958
5965,0.20093
5966,0.18214
5967,0.16141999999999998
5968,0.18481999999999998
5969,0.40326
5970,0.30267
5971,0.33502
5972,0.26574000000000003
5973,0.15968000000000002
5974,0.02586
5975,0.0
5976,0.0
5977,0.0
5978,0.0
5979,0.0
5980,0.0
5981,0.0
5982,0.0
5983,0.0
5984,0.0
5985,0.0
5986,0.0
5987,0.0162
5988,0.12068000000000001
5989,0.20161
5990,0.28616
5991,0.43431000000000003
5992,0.43283
5993,0.29404
5994,0.48851
5995,0.24549
5996,0.1574
5997,0.09684999999999999
5998,0.02277
5999,0.0
6000,0.0
6001,0.0
6002,0.0
6003,0.0
6004,0.0
6005,0.0
6006,0.0
6007,0.0
6008,0.0
6009,0.0
6010,0.0
6011,0.02176
6012,0.12988999999999998
6013,0.19058
6014,0.20657
6015,0.20088
6016,0.41722000000000004
6017,0.54439
6018,0.29429
6019,0.41406
6020,0.38693
6021,0.23839
6022,0.01349
6023,0.0
6024,0.0
6025,0.0
6026,0.0
6027,0.0
6028,0.0
6029,0.0
6030,0.0
6031,0.0
6032,0.0
6033,0.0
6034,0.0
6035,0.02388
6036,0.19178
6037,0.36845
6038,0.52849
6039,0.64449
6040,0.6923400000000001
6041,0.6698200000000001
6042,0.67879
6043,0.5460900000000001
6044,0.38675
6045,0.20473
6046,0.014029999999999999
6047,0.0
6048,0.0
6049,0.0
6050,0.0
6051,0.0
6052,0.0
6053,0.0
6054,0.0
6055,0.0
6056,0.0
6057,0.0
6058,0.0
6059,0.02622
6060,0.19196000000000002
6061,0.34254
6062,0.51964
6063,0.63287
6064,0.69728
6065,0.66867
6066,0.6559299999999999
6067,0.5346599999999999
6068,0.38389
6069,0.20136
6070,0.01173
6071,0.0
6072,0.0
6073,0.0
6074,0.0
6075,0.0
6076,0.0
6077,0.0
6078,0.0
6079,0.0
6080,0.0
6081,0.0
6082,0.0
6083,0.0253
6084,0.20606
6085,0.41214
6086,0.57212
6087,0.6666
6088,0.65744
6089,0.68336
6090,0.6110099999999999
6091,0.57171
6092,0.38438
6093,0.2047
6094,0.01554
6095,0.0
6096,0.0
6097,0.0
6098,0.0
6099,0.0
6100,0.0
6101,0.0
6102,0.0
6103,0.0
6104,0.0
6105,0.0
6106,0.0
6107,0.02818
6108,0.2134
6109,0.40484
6110,0.55226
6111,0.65435
6112,0.66276
6113,0.7022200000000001
6114,0.65527
6115,0.51691
6116,0.4328
6117,0.22908
6118,0.015050000000000001
6119,0.0
6120,0.0
6121,0.0
6122,0.0
6123,0.0
6124,0.0
6125,0.0
6126,0.0
6127,0.0
6128,0.0
6129,0.0
6130,0.0
6131,0.02889
6132,0.19913
6133,0.3693
6134,0.5241699999999999
6135,0.60664
6136,0.60082
6137,0.62137
6138,0.49073
6139,0.47376999999999997
6140,0.37342000000000003
6141,0.20721
6142,0.014199999999999999
6143,0.0
6144,0.0
6145,0.0
6146,0.0
6147,0.0
6148,0.0
6149,0.0
6150,0.0
6151,0.0
6152,0.0
6153,0.0
6154,0.0
6155,0.02086
6156,0.157
6157,0.32313
6158,0.48444
6159,0.5691499999999999
6160,0.6611699999999999
6161,0.65235
6162,0.59725
6163,0.47242
6164,0.26544
6165,0.17655
6166,0.015390000000000001
6167,0.0
6168,0.0
6169,0.0
6170,0.0
6171,0.0
6172,0.0
6173,0.0
6174,0.0
6175,0.0
6176,0.0
6177,0.0
6178,0.0
6179,0.02876
6180,0.21297
6181,0.35954
6182,0.53153
6183,0.66987
6184,0.7044400000000001
6185,0.66272
6186,0.54003
6187,0.40904
6188,0.35108
6189,0.1875
6190,0.01797
6191,0.0
6192,0.0
6193,0.0
6194,0.0
6195,0.0
6196,0.0
6197,0.0
6198,0.0
6199,0.0
6200,0.0
6201,0.0
6202,0.0
6203,0.0315
6204,0.19869
6205,0.34537
6206,0.50605
6207,0.5922000000000001
6208,0.65752
6209,0.70696
6210,0.6824600000000001
6211,0.54503
6212,0.43473
6213,0.21459
6214,0.01174
6215,0.0
6216,0.0
6217,0.0
6218,0.0
6219,0.0
6220,0.0
6221,0.0
6222,0.0
6223,0.0
6224,0.0
6225,0.0
6226,0.0
6227,0.03016
6228,0.18788999999999997
6229,0.37987
6230,0.5360499999999999
6231,0.6603
6232,0.68752
6233,0.6463099999999999
6234,0.59813
6235,0.46726999999999996
6236,0.28335000000000005
6237,0.13516
6238,0.02519
6239,0.0
6240,0.0
6241,0.0
6242,0.0
6243,0.0
6244,0.0
6245,0.0
6246,0.0
6247,0.0
6248,0.0
6249,0.0
6250,0.0
6251,0.02169
6252,0.20983000000000002
6253,0.37987
6254,0.39491000000000004
6255,0.47258999999999995
6256,0.6140399999999999
6257,0.71094
6258,0.59256
6259,0.49797
6260,0.37739999999999996
6261,0.23123
6262,0.01642
6263,0.0
6264,0.0
6265,0.0
6266,0.0
6267,0.0
6268,0.0
6269,0.0
6270,0.0
6271,0.0
6272,0.0
6273,0.0
6274,0.0
6275,0.02942
6276,0.18303
6277,0.33964
6278,0.44176
6279,0.5731
6280,0.62825
6281,0.67
6282,0.61601
6283,0.51014
6284,0.16125
6285,0.15356999999999998
6286,0.01314
6287,0.0
6288,0.0
6289,0.0
6290,0.0
6291,0.0
6292,0.0
6293,0.0
6294,0.0
6295,0.0
6296,0.0
6297,0.0
6298,0.0
6299,0.015550000000000001
6300,0.09065000000000001
6301,0.15869999999999998
6302,0.31687
6303,0.46212000000000003
6304,0.6051599999999999
6305,0.6794
6306,0.60081
6307,0.43204000000000004
6308,0.34628
6309,0.19224000000000002
6310,0.01134
6311,0.0
6312,0.0
6313,0.0
6314,0.0
6315,0.0
6316,0.0
6317,0.0
6318,0.0
6319,0.0
6320,0.0
6321,0.0
6322,0.0
6323,0.019870000000000002
6324,0.17721
6325,0.40075
6326,0.56649
6327,0.6121599999999999
6328,0.64788
6329,0.5512100000000001
6330,0.65924
6331,0.49998000000000004
6332,0.34557
6333,0.20591
6334,0.011630000000000001
6335,0.0
6336,0.0
6337,0.0
6338,0.0
6339,0.0
6340,0.0
6341,0.0
6342,0.0
6343,0.0
6344,0.0
6345,0.0
6346,0.0
6347,0.037079999999999995
6348,0.21391
6349,0.39838
6350,0.56121
6351,0.62383
6352,0.64023
6353,0.59937
6354,0.6738200000000001
6355,0.47266
6356,0.37056
6357,0.19538
6358,0.01245
6359,0.0
6360,0.0
6361,0.0
6362,0.0
6363,0.0
6364,0.0
6365,0.0
6366,0.0
6367,0.0
6368,0.0
6369,0.0
6370,0.0
6371,0.02922
6372,0.14356
6373,0.30507
6374,0.5336000000000001
6375,0.59234
6376,0.67343
6377,0.56492
6378,0.5569500000000001
6379,0.33796
6380,0.34643999999999997
6381,0.11256999999999999
6382,0.01528
6383,0.0
6384,0.0
6385,0.0
6386,0.0
6387,0.0
6388,0.0
6389,0.0
6390,0.0
6391,0.0
6392,0.0
6393,0.0
6394,0.0
6395,0.03598
6396,0.19504
6397,0.3882
6398,0.55904
6399,0.64463
6400,0.65696
6401,0.64188
6402,0.5758099999999999
6403,0.5196000000000001
6404,0.30305
6405,0.16472
6406,0.01088
6407,0.0
6408,0.0
6409,0.0
6410,0.0
6411,0.0
6412,0.0
6413,0.0
6414,0.0
6415,0.0
6416,0.0
6417,0.0
6418,0.0
6419,0.03622
6420,0.22781
6421,0.41093999999999997
6422,0.56335
6423,0.61018
6424,0.59424
6425,0.5650599999999999
6426,0.5965900000000001
6427,0.49068
6428,0.34936
6429,0.20137
6430,0.015220000000000001
6431,0.0
6432,0.0
6433,0.0
6434,0.0
6435,0.0
6436,0.0
6437,0.0
6438,0.0
6439,0.0
6440,0.0
6441,0.0
6442,0.0
6443,0.039009999999999996
6444,0.222
6445,0.41291
6446,0.59037
6447,0.68489
6448,0.71936
6449,0.6264
6450,0.6646
6451,0.5788099999999999
6452,0.4139
6453,0.17969
6454,0.01453
6455,0.0
6456,0.0
6457,0.0
6458,0.0
6459,0.0
6460,0.0
6461,0.0
6462,0.0
6463,0.0
6464,0.0
6465,0.0
6466,0.0
6467,0.04045
6468,0.23377
6469,0.43515
6470,0.55892
6471,0.66535
6472,0.6790700000000001
6473,0.68776
6474,0.5784900000000001
6475,0.52939
6476,0.31999
6477,0.1752
6478,0.020300000000000002
6479,0.0
6480,0.0
6481,0.0
6482,0.0
6483,0.0
6484,0.0
6485,0.0
6486,0.0
6487,0.0
6488,0.0
6489,0.0
6490,0.0
6491,0.03387
6492,0.21577000000000002
6493,0.39068
6494,0.5700700000000001
6495,0.67003
6496,0.71153
6497,0.5452
6498,0.5698
6499,0.43654000000000004
6500,0.25062
6501,0.08218
6502,0.013710000000000002
6503,0.0
6504,0.0
6505,0.0
6506,0.0
6507,0.0
6508,0.0
6509,0.0
6510,0.0
6511,0.0
6512,0.0
6513,0.0
6514,0.0
6515,0.03925
6516,0.225
6517,0.40688
6518,0.5899800000000001
6519,0.58126
6520,0.70787
6521,0.6926100000000001
6522,0.6379900000000001
6523,0.41746
6524,0.19083
6525,0.16784000000000002
6526,0.01176
6527,0.0
6528,0.0
6529,0.0
6530,0.0
6531,0.0
6532,0.0
6533,0.0
6534,0.0
6535,0.0
6536,0.0
6537,0.0
6538,0.0
6539,0.03814
6540,0.19066
6541,0.37198000000000003
6542,0.52597
6543,0.63671
6544,0.6959099999999999
6545,0.7095499999999999
6546,0.65501
6547,0.5016700000000001
6548,0.29228
6549,0.11753
6550,0.011210000000000001
6551,0.0
6552,0.0
6553,0.0
6554,0.0
6555,0.0
6556,0.0
6557,0.0
6558,0.0
6559,0.0
6560,0.0
6561,0.0
6562,0.0
6563,0.03939
6564,0.22053
6565,0.36028
6566,0.54143
6567,0.61148
6568,0.65747
6569,0.58902
6570,0.5814
6571,0.36981
6572,0.32824000000000003
6573,0.18221
6574,0.013519999999999999
6575,0.0
6576,0.0
6577,0.0
6578,0.0
6579,0.0
6580,0.0
6581,0.0
6582,0.0
6583,0.0
6584,0.0
6585,0.0
6586,0.0
6587,0.04337
6588,0.21836000000000003
6589,0.32012999999999997
6590,0.44769
6591,0.59245
6592,0.55672
6593,0.5591900000000001
6594,0.5108199999999999
6595,0.23868
6596,0.172
6597,0.10011
6598,0.01002
6599,0.0
6600,0.0
6601,0.0
6602,0.0
6603,0.0
6604,0.0
6605,0.0
6606,0.0
6607,0.0
6608,0.0
6609,0.0
6610,0.0
6611,0.04154
6612,0.21706
6613,0.37287
6614,0.5301
6615,0.59904
6616,0.59892
6617,0.6455599999999999
6618,0.42836
6619,0.47751
6620,0.27382
6621,0.09095
6622,0.0115
6623,0.0
6624,0.0
6625,0.0
6626,0.0
6627,0.0
6628,0.0
6629,0.0
6630,0.0
6631,0.0
6632,0.0
6633,0.0
6634,0.0
6635,0.00283
6636,0.00933
6637,0.01872
6638,0.07457
6639,0.2338
6640,0.08989
6641,0.10001
6642,0.34678
6643,0.33953
6644,0.27274
6645,0.12706
6646,0.0159
6647,0.0
6648,0.0
6649,0.0
6650,0.0
6651,0.0
6652,0.0
6653,0.0
6654,0.0
6655,0.0
6656,0.0
6657,0.0
6658,0.0
6659,0.02682
6660,0.15815
6661,0.31547000000000003
6662,0.49245999999999995
6663,0.45773
6664,0.583
6665,0.38214
6666,0.4776
6667,0.47941
6668,0.34543
6669,0.16524
6670,0.00442
6671,0.0
6672,0.0
6673,0.0
6674,0.0
6675,0.0
6676,0.0
6677,0.0
6678,0.0
6679,0.0
6680,0.0
6681,0.0
6682,0.0
6683,0.03471
6684,0.2329
6685,0.43237000000000003
6686,0.5925
6687,0.66218
6688,0.72705
6689,0.73161
6690,0.6839500000000001
6691,0.57993
6692,0.37937
6693,0.12774
6694,0.013179999999999999
6695,0.0
6696,0.0
6697,0.0
6698,0.0
6699,0.0
6700,0.0
6701,0.0
6702,0.0
6703,0.0
6704,0.0
6705,0.0
6706,0.0
6707,0.051340000000000004
6708,0.24758000000000002
6709,0.44927999999999996
6710,0.57989
6711,0.68186
6712,0.63947
6713,0.66679
6714,0.668
6715,0.56491
6716,0.41291
6717,0.19859000000000002
6718,0.00868
6719,0.0
6720,0.0
6721,0.0
6722,0.0
6723,0.0
6724,0.0
6725,0.0
6726,0.0
6727,0.0
6728,0.0
6729,0.0
6730,0.0
6731,0.03578
6732,0.11122
6733,0.26488
6734,0.52946
6735,0.56879
6736,0.69986
6737,0.57702
6738,0.52727
6739,0.46507
6740,0.30368
6741,0.18074
6742,0.0071200000000000005
6743,0.0
6744,0.0
6745,0.0
6746,0.0
6747,0.0
6748,0.0
6749,0.0
6750,0.0
6751,0.0
6752,0.0
6753,0.0
6754,0.0
6755,0.04492
6756,0.23365
6757,0.335
6758,0.38965
6759,0.50962
6760,0.57285
6761,0.5930700000000001
6762,0.5698
6763,0.44024
6764,0.3494
6765,0.15852000000000002
6766,0.01332
6767,0.0
6768,0.0
6769,0.0
6770,0.0
6771,0.0
6772,0.0
6773,0.0
6774,0.0
6775,0.0
6776,0.0
6777,0.0
6778,0.0
6779,0.04678
6780,0.21911000000000003
6781,0.391
6782,0.49833999999999995
6783,0.6164400000000001
6784,0.724
6785,0.66016
6786,0.58362
6787,0.49492
6788,0.30805
6789,0.14493
6790,0.00626
6791,0.0
6792,0.0
6793,0.0
6794,0.0
6795,0.0
6796,0.0
6797,0.0
6798,0.0
6799,0.0
6800,0.0
6801,0.0
6802,0.0
6803,0.05133
6804,0.20824
6805,0.40104
6806,0.5265
6807,0.60373
6808,0.56905
6809,0.65907
6810,0.6455
6811,0.43892000000000003
6812,0.38935000000000003
6813,0.19193000000000002
6814,0.0134
6815,0.0
6816,0.0
6817,0.0
6818,0.0
6819,0.0
6820,0.0
6821,0.0
6822,0.0
6823,0.0
6824,0.0
6825,0.0
6826,0.0
6827,0.03304
6828,0.19434
6829,0.37863
6830,0.47831999999999997
6831,0.63732
6832,0.6738200000000001
6833,0.65224
6834,0.6564
6835,0.45642
6836,0.31925
6837,0.16834
6838,0.0161
6839,0.0
6840,0.0
6841,0.0
6842,0.0
6843,0.0
6844,0.0
6845,0.0
6846,0.0
6847,0.0
6848,0.0
6849,0.0
6850,0.0
6851,0.05091
6852,0.22541999999999998
6853,0.42085
6854,0.52873
6855,0.67263
6856,0.69765
6857,0.67432
6858,0.62834
6859,0.45544999999999997
6860,0.31512
6861,0.17921
6862,0.01199
6863,0.0
6864,0.0
6865,0.0
6866,0.0
6867,0.0
6868,0.0
6869,0.0
6870,0.0
6871,0.0
6872,0.0
6873,0.0
6874,0.0
6875,0.05213
6876,0.23868
6877,0.4105
6878,0.49747
6879,0.64112
6880,0.65077
6881,0.6516000000000001
6882,0.6232300000000001
6883,0.5056499999999999
6884,0.36806
6885,0.16677
6886,0.014839999999999999
6887,0.0
6888,0.0
6889,0.0
6890,0.0
6891,0.0
6892,0.0
6893,0.0
6894,0.0
6895,0.0
6896,0.0
6897,0.0
6898,0.0
6899,0.04265
6900,0.16626
6901,0.36651
6902,0.43362
6903,0.50368
6904,0.6002000000000001
6905,0.64932
6906,0.6310800000000001
6907,0.5102
6908,0.34414
6909,0.14367
6910,0.0116
6911,0.0
6912,0.0
6913,0.0
6914,0.0
6915,0.0
6916,0.0
6917,0.0
6918,0.0
6919,0.0
6920,0.0
6921,0.0
6922,0.0
6923,0.030940000000000002
6924,0.12985
6925,0.23861000000000002
6926,0.36214999999999997
6927,0.48557
6928,0.57151
6929,0.5585
6930,0.60158
6931,0.5187
6932,0.29352999999999996
6933,0.13271
6934,0.009130000000000001
6935,0.0
6936,0.0
6937,0.0
6938,0.0
6939,0.0
6940,0.0
6941,0.0
6942,0.0
6943,0.0
6944,0.0
6945,0.0
6946,0.0
6947,0.02547
6948,0.11625
6949,0.19191
6950,0.28125
6951,0.34792
6952,0.50724
6953,0.52908
6954,0.58233
6955,0.51475
6956,0.30536
6957,0.15541
6958,0.01388
6959,0.0
6960,0.0
6961,0.0
6962,0.0
6963,0.0
6964,0.0
6965,0.0
6966,0.0
6967,0.0
6968,0.0
6969,0.0
6970,0.0
6971,0.05316
6972,0.21941999999999998
6973,0.39213
6974,0.51046
6975,0.63128
6976,0.66892
6977,0.56101
6978,0.4115
6979,0.37195999999999996
6980,0.34829000000000004
6981,0.16053
6982,0.00793
6983,0.0
6984,0.0
6985,0.0
6986,0.0
6987,0.0
6988,0.0
6989,0.0
6990,0.0
6991,0.0
6992,0.0
6993,0.0
6994,0.0
6995,0.0127
6996,0.10218
6997,0.26044
6998,0.29766000000000004
6999,0.40420999999999996
7000,0.38405
7001,0.52595
7002,0.49977999999999995
7003,0.28756
7004,0.18547
7005,0.07202
7006,0.011529999999999999
7007,0.0
7008,0.0
7009,0.0
7010,0.0
7011,0.0
7012,0.0
7013,0.0
7014,0.0
7015,0.0
7016,0.0
7017,0.0
7018,0.0
7019,0.0
7020,0.00653
7021,0.052649999999999995
7022,0.026359999999999998
7023,0.09747
7024,0.10357999999999999
7025,0.16638
7026,0.26936
7027,0.29823
7028,0.2395
7029,0.10127
7030,0.01115
7031,0.0
7032,0.0
7033,0.0
7034,0.0
7035,0.0
7036,0.0
7037,0.0
7038,0.0
7039,0.0
7040,0.0
7041,0.0
7042,0.0
7043,0.05219
7044,0.23843999999999999
7045,0.44336000000000003
7046,0.56053
7047,0.62783
7048,0.59036
7049,0.38715
7050,0.53974
7051,0.32618
7052,0.23006000000000001
7053,0.0952
7054,0.009210000000000001
7055,0.0
7056,0.0
7057,0.0
7058,0.0
7059,0.0
7060,0.0
7061,0.0
7062,0.0
7063,0.0
7064,0.0
7065,0.0
7066,0.0
7067,0.041659999999999996
7068,0.15799000000000002
7069,0.37151999999999996
7070,0.49825
7071,0.6451399999999999
7072,0.58861
7073,0.5796
7074,0.42402999999999996
7075,0.37977
7076,0.22781
7077,0.13688999999999998
7078,0.01
7079,0.0
7080,0.0
7081,0.0
7082,0.0
7083,0.0
7084,0.0
7085,0.0
7086,0.0
7087,0.0
7088,0.0
7089,0.0
7090,0.0
7091,0.05759
7092,0.25465
7093,0.41468
7094,0.58666
7095,0.64876
7096,0.6941900000000001
7097,0.57951
7098,0.57648
7099,0.38116
7100,0.28274
7101,0.12628
7102,0.01294
7103,0.0
7104,0.0
7105,0.0
7106,0.0
7107,0.0
7108,0.0
7109,0.0
7110,0.0
7111,0.0
7112,0.0
7113,0.0
7114,0.0
7115,0.046939999999999996
7116,0.13072
7117,0.31776
7118,0.5116499999999999
7119,0.61846
7120,0.59878
7121,0.51439
7122,0.49256
7123,0.35386
7124,0.16856000000000002
7125,0.11957
7126,0.013869999999999999
7127,0.0
7128,0.0
7129,0.0
7130,0.0
7131,0.0
7132,0.0
7133,0.0
7134,0.0
7135,0.0
7136,0.0
7137,0.0
7138,0.0
7139,0.047560000000000005
7140,0.22377
7141,0.32827999999999996
7142,0.4992
7143,0.59202
7144,0.5870700000000001
7145,0.4898
7146,0.47668
7147,0.32903
7148,0.14646
7149,0.07473
7150,0.00905
7151,0.0
7152,0.0
7153,0.0
7154,0.0
7155,0.0
7156,0.0
7157,0.0
7158,0.0
7159,0.0
7160,0.0
7161,0.0
7162,0.0
7163,0.02084
7164,0.12707
7165,0.16256
7166,0.1554
7167,0.17506
7168,0.23119
7169,0.26133
7170,0.51689
7171,0.37442000000000003
7172,0.2528
7173,0.12875999999999999
7174,0.00788
7175,0.0
7176,0.0
7177,0.0
7178,0.0
7179,0.0
7180,0.0
7181,0.0
7182,0.0
7183,0.0
7184,0.0
7185,0.0
7186,0.0
7187,0.04961
7188,0.2137
7189,0.38429
7190,0.47422000000000003
7191,0.50548
7192,0.49510000000000004
7193,0.47582
7194,0.56614
7195,0.48406
7196,0.28346
7197,0.14623
7198,0.0066
7199,0.0
7200,0.0
7201,0.0
7202,0.0
7203,0.0
7204,0.0
7205,0.0
7206,0.0
7207,0.0
7208,0.0
7209,0.0
7210,0.0
7211,0.00831
7212,0.06455
7213,0.09672
7214,0.20869
7215,0.4358
7216,0.51885
7217,0.5846
7218,0.56553
7219,0.4125
7220,0.25877
7221,0.07594
7222,0.007730000000000001
7223,0.0
7224,0.0
7225,0.0
7226,0.0
7227,0.0
7228,0.0
7229,0.0
7230,0.0
7231,0.0
7232,0.0
7233,0.0
7234,0.0
7235,0.047119999999999995
7236,0.22796
7237,0.36302999999999996
7238,0.5439700000000001
7239,0.5967100000000001
7240,0.43829
7241,0.47056
7242,0.46664999999999995
7243,0.31938
7244,0.28376
7245,0.14406
7246,0.0065899999999999995
7247,0.0
7248,0.0
7249,0.0
7250,0.0
7251,0.0
7252,0.0
7253,0.0
7254,0.0
7255,0.0
7256,0.0
7257,0.0
7258,0.0
7259,0.05375
7260,0.23411
7261,0.39794999999999997
7262,0.51224
7263,0.56814
7264,0.56374
7265,0.40516
7266,0.49738
7267,0.3727
7268,0.15596000000000002
7269,0.08084999999999999
7270,0.01196
7271,0.0
7272,0.0
7273,0.0
7274,0.0
7275,0.0
7276,0.0
7277,0.0
7278,0.0
7279,0.0
7280,0.0
7281,0.0
7282,0.0
7283,0.05493
7284,0.23012
7285,0.43919
7286,0.5461699999999999
7287,0.54874
7288,0.61839
7289,0.5257200000000001
7290,0.37838
7291,0.35126999999999997
7292,0.23884
7293,0.14221999999999999
7294,0.01165
7295,0.0
7296,0.0
7297,0.0
7298,0.0
7299,0.0
7300,0.0
7301,0.0
7302,0.0
7303,0.0
7304,0.0
7305,0.0
7306,0.0
7307,0.0030099999999999997
7308,0.02861
7309,0.08907999999999999
7310,0.1631
7311,0.39226
7312,0.48096
7313,0.58593
7314,0.444
7315,0.31883999999999996
7316,0.14999
7317,0.12934
7318,0.00741
7319,0.0
7320,0.0
7321,0.0
7322,0.0
7323,0.0
7324,0.0
7325,0.0
7326,0.0
7327,0.0
7328,0.0
7329,0.0
7330,0.0
7331,0.01916
7332,0.10786
7333,0.26087
7334,0.40920999999999996
7335,0.61888
7336,0.60217
7337,0.46764999999999995
7338,0.40337
7339,0.31766
7340,0.23441
7341,0.08459
7342,0.00753
7343,0.0
7344,0.0
7345,0.0
7346,0.0
7347,0.0
7348,0.0
7349,0.0
7350,0.0
7351,0.0
7352,0.0
7353,0.0
7354,0.0
7355,0.01995
7356,0.07206
7357,0.08101
7358,0.16403
7359,0.31961
7360,0.43132
7361,0.44767
7362,0.43482
7363,0.3003
7364,0.28642
7365,0.11545
7366,0.0089
7367,0.0
7368,0.0
7369,0.0
7370,0.0
7371,0.0
7372,0.0
7373,0.0
7374,0.0
7375,0.0
7376,0.0
7377,0.0
7378,0.0
7379,0.01604
7380,0.09531
7381,0.26327
7382,0.42304
7383,0.57155
7384,0.59462
7385,0.4678
7386,0.46461
7387,0.24608000000000002
7388,0.12655
7389,0.10815000000000001
7390,0.00758
7391,0.0
7392,0.0
7393,0.0
7394,0.0
7395,0.0
7396,0.0
7397,0.0
7398,0.0
7399,0.0
7400,0.0
7401,0.0
7402,0.0
7403,0.05582
7404,0.24725999999999998
7405,0.39142
7406,0.53838
7407,0.5249400000000001
7408,0.57685
7409,0.44583999999999996
7410,0.45273
7411,0.42651999999999995
7412,0.2231
7413,0.07501000000000001
7414,0.01059
7415,0.0
7416,0.0
7417,0.0
7418,0.0
7419,0.0
7420,0.0
7421,0.0
7422,0.0
7423,0.0
7424,0.0
7425,0.0
7426,0.0
7427,0.03052
7428,0.11193
7429,0.21136000000000002
7430,0.40764
7431,0.44345
7432,0.38131
7433,0.32791000000000003
7434,0.40641000000000005
7435,0.29496
7436,0.20254
7437,0.09498999999999999
7438,0.01094
7439,0.0
7440,0.0
7441,0.0
7442,0.0
7443,0.0
7444,0.0
7445,0.0
7446,0.0
7447,0.0
7448,0.0
7449,0.0
7450,0.0
7451,0.021
7452,0.12984
7453,0.09623999999999999
7454,0.18023
7455,0.18256999999999998
7456,0.30202999999999997
7457,0.30518
7458,0.49113999999999997
7459,0.28863
7460,0.27637
7461,0.09212000000000001
7462,0.00719
7463,0.0
7464,0.0
7465,0.0
7466,0.0
7467,0.0
7468,0.0
7469,0.0
7470,0.0
7471,0.0
7472,0.0
7473,0.0
7474,0.0
7475,0.04225
7476,0.21516
7477,0.38427
7478,0.43501999999999996
7479,0.5300199999999999
7480,0.59592
7481,0.48799000000000003
7482,0.41977
7483,0.33770999999999995
7484,0.16319
7485,0.08339
7486,0.00817
7487,0.0
7488,0.0
7489,0.0
7490,0.0
7491,0.0
7492,0.0
7493,0.0
7494,0.0
7495,0.0
7496,0.0
7497,0.0
7498,0.0
7499,0.00718
7500,0.0476
7501,0.18475
7502,0.27703
7503,0.2355
7504,0.31966
7505,0.25159
7506,0.33505
7507,0.31231
7508,0.2514
7509,0.11938
7510,0.00739
7511,0.0
7512,0.0
7513,0.0
7514,0.0
7515,0.0
7516,0.0
7517,0.0
7518,0.0
7519,0.0
7520,0.0
7521,0.0
7522,0.0
7523,0.03522
7524,0.08535
7525,0.21718
7526,0.37651
7527,0.57541
7528,0.5218700000000001
7529,0.58973
7530,0.46676
7531,0.38453
7532,0.29026
7533,0.1444
7534,0.00696
7535,0.0
7536,0.0
7537,0.0
7538,0.0
7539,0.0
7540,0.0
7541,0.0
7542,0.0
7543,0.0
7544,0.0
7545,0.0
7546,0.0
7547,0.03284
7548,0.09462999999999999
7549,0.26353
7550,0.33142
7551,0.48799000000000003
7552,0.48051
7553,0.46645
7554,0.55092
7555,0.35912
7556,0.29697
7557,0.10586
7558,0.00934
7559,0.0
7560,0.0
7561,0.0
7562,0.0
7563,0.0
7564,0.0
7565,0.0
7566,0.0
7567,0.0
7568,0.0
7569,0.0
7570,0.0
7571,0.048369999999999996
7572,0.21515
7573,0.34892
7574,0.40738
7575,0.58331
7576,0.52643
7577,0.55532
7578,0.53218
7579,0.53526
7580,0.36013999999999996
7581,0.17475
7582,0.00317
7583,0.0
7584,0.0
7585,0.0
7586,0.0
7587,0.0
7588,0.0
7589,0.0
7590,0.0
7591,0.0
7592,0.0
7593,0.0
7594,0.0
7595,0.03566
7596,0.11475
7597,0.27401
7598,0.33008
7599,0.36877
7600,0.34132999999999997
7601,0.38595999999999997
7602,0.39749
7603,0.37624
7604,0.31441
7605,0.09547
7606,0.0103
7607,0.0
7608,0.0
7609,0.0
7610,0.0
7611,0.0
7612,0.0
7613,0.0
7614,0.0
7615,0.0
7616,0.0
7617,0.0
7618,0.0
7619,0.03703
7620,0.17576
7621,0.35488
7622,0.33556
7623,0.30568
7624,0.41339
7625,0.49505
7626,0.41888
7627,0.40468
7628,0.28844
7629,0.13684000000000002
7630,0.01165
7631,0.0
7632,0.0
7633,0.0
7634,0.0
7635,0.0
7636,0.0
7637,0.0
7638,0.0
7639,0.0
7640,0.0
7641,0.0
7642,0.0
7643,0.0551
7644,0.22594999999999998
7645,0.36292
7646,0.47291000000000005
7647,0.46597000000000005
7648,0.67143
7649,0.60363
7650,0.41704
7651,0.36658999999999997
7652,0.19794
7653,0.07363
7654,0.0099
7655,0.0
7656,0.0
7657,0.0
7658,0.0
7659,0.0
7660,0.0
7661,0.0
7662,0.0
7663,0.0
7664,0.0
7665,0.0
7666,0.0
7667,0.05052
7668,0.22499
7669,0.3579
7670,0.49964
7671,0.53138
7672,0.6337200000000001
7673,0.37809
7674,0.34281
7675,0.29572000000000004
7676,0.25875
7677,0.10689
7678,0.00461
7679,0.0
7680,0.0
7681,0.0
7682,0.0
7683,0.0
7684,0.0
7685,0.0
7686,0.0
7687,0.0
7688,0.0
7689,0.0
7690,0.0
7691,0.02246
7692,0.15768000000000001
7693,0.23041999999999999
7694,0.40704
7695,0.48542
7696,0.42124
7697,0.35825
7698,0.39514
7699,0.4077
7700,0.27338
7701,0.12007
7702,0.01323
7703,0.0
7704,0.0
7705,0.0
7706,0.0
7707,0.0
7708,0.0
7709,0.0
7710,0.0
7711,0.0
7712,0.0
7713,0.0
7714,0.0
7715,0.04286
7716,0.19116
7717,0.3531
7718,0.47797
7719,0.5959
7720,0.61462
7721,0.56517
7722,0.55745
7723,0.32492000000000004
7724,0.27519
7725,0.1696
7726,0.00926
7727,0.0
7728,0.0
7729,0.0
7730,0.0
7731,0.0
7732,0.0
7733,0.0
7734,0.0
7735,0.0
7736,0.0
7737,0.0
7738,0.0
7739,0.028489999999999998
7740,0.10528
7741,0.28043
7742,0.45667
7743,0.53225
7744,0.54649
7745,0.5308099999999999
7746,0.58512
7747,0.42036
7748,0.22096000000000002
7749,0.098
7750,0.00884
7751,0.0
7752,0.0
7753,0.0
7754,0.0
7755,0.0
7756,0.0
7757,0.0
7758,0.0
7759,0.0
7760,0.0
7761,0.0
7762,0.0
7763,0.055049999999999995
7764,0.22422999999999998
7765,0.43224
7766,0.57611
7767,0.66944
7768,0.64779
7769,0.50192
7770,0.56186
7771,0.32794
7772,0.28226
7773,0.15641999999999998
7774,0.01133
7775,0.0
7776,0.0
7777,0.0
7778,0.0
7779,0.0
7780,0.0
7781,0.0
7782,0.0
7783,0.0
7784,0.0
7785,0.0
7786,0.0
7787,0.02486
7788,0.11373
7789,0.2396
7790,0.37697
7791,0.43331000000000003
7792,0.50481
7793,0.47197
7794,0.40463
7795,0.33914999999999995
7796,0.16356
7797,0.05182
7798,0.01044
7799,0.0
7800,0.0
7801,0.0
7802,0.0
7803,0.0
7804,0.0
7805,0.0
7806,0.0
7807,0.0
7808,0.0
7809,0.0
7810,0.0
7811,0.04002
7812,0.15913999999999998
7813,0.38624
7814,0.48595
7815,0.60727
7816,0.60815
7817,0.58461
7818,0.53234
7819,0.52267
7820,0.29963
7821,0.15935
7822,0.00945
7823,0.0
7824,0.0
7825,0.0
7826,0.0
7827,0.0
7828,0.0
7829,0.0
7830,0.0
7831,0.0
7832,0.0
7833,0.0
7834,0.0
7835,0.019289999999999998
7836,0.15916999999999998
7837,0.3009
7838,0.41296
7839,0.45376
7840,0.51863
7841,0.48346
7842,0.42186
7843,0.41276999999999997
7844,0.30072000000000004
7845,0.13728
7846,0.01589
7847,0.0
7848,0.0
7849,0.0
7850,0.0
7851,0.0
7852,0.0
7853,0.0
7854,0.0
7855,0.0
7856,0.0
7857,0.0
7858,0.0
7859,0.030420000000000003
7860,0.18588
7861,0.36146
7862,0.47489
7863,0.5189900000000001
7864,0.6697799999999999
7865,0.61017
7866,0.53647
7867,0.39209
7868,0.22168000000000002
7869,0.12258
7870,0.00859
7871,0.0
7872,0.0
7873,0.0
7874,0.0
7875,0.0
7876,0.0
7877,0.0
7878,0.0
7879,0.0
7880,0.0
7881,0.0
7882,0.0
7883,0.04378
7884,0.17836000000000002
7885,0.28117000000000003
7886,0.38072
7887,0.52258
7888,0.45359
7889,0.40752
7890,0.45385000000000003
7891,0.31285
7892,0.21322
7893,0.10678
7894,0.010960000000000001
7895,0.0
7896,0.0
7897,0.0
7898,0.0
7899,0.0
7900,0.0
7901,0.0
7902,0.0
7903,0.0
7904,0.0
7905,0.0
7906,0.0
7907,0.02879
7908,0.16311
7909,0.28731
7910,0.36521
7911,0.32299
7912,0.56767
7913,0.50062
7914,0.47422000000000003
7915,0.42651
7916,0.28187
7917,0.13957
7918,0.01059
7919,0.0
7920,0.0
7921,0.0
7922,0.0
7923,0.0
7924,0.0
7925,0.0
7926,0.0
7927,0.0
7928,0.0
7929,0.0
7930,0.0
7931,0.02533
7932,0.10679000000000001
7933,0.17622
7934,0.30291
7935,0.41668
7936,0.47735
7937,0.47656
7938,0.51723
7939,0.43612
7940,0.23446
7941,0.1176
7942,0.01317
7943,0.0
7944,0.0
7945,0.0
7946,0.0
7947,0.0
7948,0.0
7949,0.0
7950,0.0
7951,0.0
7952,0.0
7953,0.0
7954,0.0
7955,0.01738
7956,0.13557
7957,0.27862
7958,0.42033
7959,0.53051
7960,0.56984
7961,0.50587
7962,0.5717300000000001
7963,0.31955
7964,0.20471999999999999
7965,0.16035
7966,0.012960000000000001
7967,0.0
7968,0.0
7969,0.0
7970,0.0
7971,0.0
7972,0.0
7973,0.0
7974,0.0
7975,0.0
7976,0.0
7977,0.0
7978,0.0
7979,0.04051
7980,0.2273
7981,0.41001
7982,0.51644
7983,0.6007100000000001
7984,0.54326
7985,0.53642
7986,0.5799099999999999
7987,0.45148
7988,0.28801
7989,0.13441
7990,0.00919
7991,0.0
7992,0.0
7993,0.0
7994,0.0
7995,0.0
7996,0.0
7997,0.0
7998,0.0
7999,0.0
8000,0.0
8001,0.0
8002,0.0
8003,0.02546
8004,0.22016
8005,0.35557
8006,0.5142599999999999
8007,0.5863400000000001
8008,0.63319
8009,0.6407999999999999
8010,0.39722
8011,0.34826
8012,0.27392
8013,0.11114
8014,0.01525
8015,0.0
8016,0.0
8017,0.0
8018,0.0
8019,0.0
8020,0.0
8021,0.0
8022,0.0
8023,0.0
8024,0.0
8025,0.0
8026,0.0
8027,0.02894
8028,0.20842
8029,0.39555
8030,0.48451
8031,0.51024
8032,0.62436
8033,0.5891799999999999
8034,0.5027200000000001
8035,0.42106
8036,0.35845
8037,0.20433
8038,0.008919999999999999
8039,0.0
8040,0.0
8041,0.0
8042,0.0
8043,0.0
8044,0.0
8045,0.0
8046,0.0
8047,0.0
8048,0.0
8049,0.0
8050,0.0
8051,0.01177
8052,0.061579999999999996
8053,0.13723
8054,0.25088
8055,0.29306
8056,0.35529
8057,0.38205
8058,0.21671
8059,0.35105000000000003
8060,0.2307
8061,0.10447
8062,0.01244
8063,0.0
8064,0.0
8065,0.0
8066,0.0
8067,0.0
8068,0.0
8069,0.0
8070,0.0
8071,0.0
8072,0.0
8073,0.0
8074,0.0
8075,0.019469999999999998
8076,0.13268000000000002
8077,0.26732
8078,0.44961
8079,0.42442
8080,0.27196
8081,0.2231
8082,0.29542
8083,0.24572999999999998
8084,0.14125
8085,0.048479999999999995
8086,0.01139
8087,0.0
8088,0.0
8089,0.0
8090,0.0
8091,0.0
8092,0.0
8093,0.0
8094,0.0
8095,0.0
8096,0.0
8097,0.0
8098,0.0
8099,0.00839
8100,0.06277
8101,0.0838
8102,0.1825
8103,0.20416
8104,0.14577
8105,0.27047000000000004
8106,0.3389
8107,0.25318999999999997
8108,0.05054
8109,0.03793
8110,0.00549
8111,0.0
8112,0.0
8113,0.0
8114,0.0
8115,0.0
8116,0.0
8117,0.0
8118,0.0
8119,0.0
8120,0.0
8121,0.0
8122,0.0
8123,0.00884
8124,0.07322
8125,0.20077
8126,0.1968
8127,0.37188
8128,0.5568500000000001
8129,0.60042
8130,0.47525
8131,0.35635
8132,0.23726
8133,0.17593999999999999
8134,0.00966
8135,0.0
8136,0.0
8137,0.0
8138,0.0
8139,0.0
8140,0.0
8141,0.0
8142,0.0
8143,0.0
8144,0.0
8145,0.0
8146,0.0
8147,0.039049999999999994
8148,0.21833000000000002
8149,0.36401
8150,0.47412
8151,0.63013
8152,0.55077
8153,0.58656
8154,0.5984400000000001
8155,0.46867000000000003
8156,0.36701999999999996
8157,0.17131
8158,0.0125
8159,0.0
8160,0.0
8161,0.0
8162,0.0
8163,0.0
8164,0.0
8165,0.0
8166,0.0
8167,0.0
8168,0.0
8169,0.0
8170,0.0
8171,0.040100000000000004
8172,0.22275
8173,0.4134
8174,0.53973
8175,0.65812
8176,0.62506
8177,0.67986
8178,0.5916399999999999
8179,0.51667
8180,0.35224
8181,0.19202000000000002
8182,0.013130000000000001
8183,0.0
8184,0.0
8185,0.0
8186,0.0
8187,0.0
8188,0.0
8189,0.0
8190,0.0
8191,0.0
8192,0.0
8193,0.0
8194,0.0
8195,0.04001
8196,0.22657
8197,0.40114
8198,0.48134
8199,0.5212
8200,0.57559
8201,0.59476
8202,0.60048
8203,0.44249
8204,0.20859
8205,0.18238
8206,0.01069
8207,0.0
8208,0.0
8209,0.0
8210,0.0
8211,0.0
8212,0.0
8213,0.0
8214,0.0
8215,0.0
8216,0.0
8217,0.0
8218,0.0
8219,0.0329
8220,0.16903
8221,0.36156
8222,0.49761
8223,0.63675
8224,0.62285
8225,0.53969
8226,0.50573
8227,0.32487
8228,0.25958
8229,0.16169999999999998
8230,0.01548
8231,0.0
8232,0.0
8233,0.0
8234,0.0
8235,0.0
8236,0.0
8237,0.0
8238,0.0
8239,0.0
8240,0.0
8241,0.0
8242,0.0
8243,0.0361
8244,0.1977
8245,0.41262
8246,0.5478
8247,0.57241
8248,0.67501
8249,0.62527
8250,0.5959099999999999
8251,0.41702999999999996
8252,0.32508
8253,0.14311000000000001
8254,0.015210000000000001
8255,0.0
8256,0.0
8257,0.0
8258,0.0
8259,0.0
8260,0.0
8261,0.0
8262,0.0
8263,0.0
8264,0.0
8265,0.0
8266,0.0
8267,0.030019999999999998
8268,0.18674000000000002
8269,0.22031
8270,0.43639999999999995
8271,0.56692
8272,0.61679
8273,0.5368200000000001
8274,0.39415
8275,0.45266
8276,0.30110000000000003
8277,0.14453
8278,0.01298
8279,0.0
8280,0.0
8281,0.0
8282,0.0
8283,0.0
8284,0.0
8285,0.0
8286,0.0
8287,0.0
8288,0.0
8289,0.0
8290,0.0
8291,0.011699999999999999
8292,0.10823999999999999
8293,0.12556
8294,0.29922000000000004
8295,0.42743000000000003
8296,0.53399
8297,0.49421
8298,0.40932999999999997
8299,0.37063999999999997
8300,0.2998
8301,0.09423000000000001
8302,0.0144
8303,0.0
8304,0.0
8305,0.0
8306,0.0
8307,0.0
8308,0.0
8309,0.0
8310,0.0
8311,0.0
8312,0.0
8313,0.0
8314,0.0
8315,0.03562
8316,0.2034
8317,0.41614999999999996
8318,0.5581699999999999
8319,0.65213
8320,0.56931
8321,0.5192
8322,0.49372000000000005
8323,0.36757
8324,0.16616
8325,0.08186
8326,0.015210000000000001
8327,0.0
8328,0.0
8329,0.0
8330,0.0
8331,0.0
8332,0.0
8333,0.0
8334,0.0
8335,0.0
8336,0.0
8337,0.0
8338,0.0
8339,0.032049999999999995
8340,0.20588
8341,0.39436
8342,0.5557000000000001
8343,0.64532
8344,0.55772
8345,0.63015
8346,0.5421699999999999
8347,0.52773
8348,0.28794
8349,0.09301000000000001
8350,0.01323
8351,0.0
8352,0.0
8353,0.0
8354,0.0
8355,0.0
8356,0.0
8357,0.0
8358,0.0
8359,0.0
8360,0.0
8361,0.0
8362,0.0
8363,0.007679999999999999
8364,0.10726999999999999
8365,0.22083000000000003
8366,0.26323
8367,0.37681
8368,0.43319
8369,0.49291
8370,0.31065
8371,0.07132
8372,0.09147
8373,0.10129
8374,0.01199
8375,0.0
8376,0.0
8377,0.0
8378,0.0
8379,0.0
8380,0.0
8381,0.0
8382,0.0
8383,0.0
8384,0.0
8385,0.0
8386,0.0
8387,0.00977
8388,0.10407999999999999
8389,0.25544
8390,0.37101
8391,0.43307999999999996
8392,0.29007
8393,0.25941000000000003
8394,0.36733
8395,0.32287
8396,0.25849
8397,0.17122
8398,0.01383
8399,0.0
8400,0.0
8401,0.0
8402,0.0
8403,0.0
8404,0.0
8405,0.0
8406,0.0
8407,0.0
8408,0.0
8409,0.0
8410,0.0
8411,0.02543
8412,0.18794999999999998
8413,0.33368000000000003
8414,0.46114
8415,0.46266
8416,0.65807
8417,0.6779400000000001
8418,0.59105
8419,0.35693
8420,0.16403
8421,0.06129
8422,0.01253
8423,0.0
8424,0.0
8425,0.0
8426,0.0
8427,0.0
8428,0.0
8429,0.0
8430,0.0
8431,0.0
8432,0.0
8433,0.0
8434,0.0
8435,0.01288
8436,0.09073
8437,0.28172
8438,0.27925
8439,0.35479
8440,0.42131
8441,0.24417
8442,0.58431
8443,0.41069
8444,0.21694
8445,0.12267
8446,0.02136
8447,0.0
8448,0.0
8449,0.0
8450,0.0
8451,0.0
8452,0.0
8453,0.0
8454,0.0
8455,0.0
8456,0.0
8457,0.0
8458,0.0
8459,0.009470000000000001
8460,0.14263
8461,0.3173
8462,0.48382
8463,0.56214
8464,0.61145
8465,0.56351
8466,0.55151
8467,0.43543
8468,0.28351
8469,0.1082
8470,0.01598
8471,0.0
8472,0.0
8473,0.0
8474,0.0
8475,0.0
8476,0.0
8477,0.0
8478,0.0
8479,0.0
8480,0.0
8481,0.0
8482,0.0
8483,0.0061200000000000004
8484,0.16983
8485,0.35345
8486,0.46073000000000003
8487,0.54557
8488,0.5873999999999999
8489,0.6578200000000001
8490,0.5698200000000001
8491,0.39231
8492,0.23522
8493,0.17151
8494,0.02179
8495,0.0
8496,0.0
8497,0.0
8498,0.0
8499,0.0
8500,0.0
8501,0.0
8502,0.0
8503,0.0
8504,0.0
8505,0.0
8506,0.0
8507,0.00807
8508,0.20418
8509,0.39459
8510,0.53708
8511,0.63532
8512,0.63383
8513,0.5678200000000001
8514,0.59065
8515,0.46537
8516,0.3378
8517,0.21509999999999999
8518,0.01647
8519,0.0
8520,0.0
8521,0.0
8522,0.0
8523,0.0
8524,0.0
8525,0.0
8526,0.0
8527,0.0
8528,0.0
8529,0.0
8530,0.0
8531,0.01027
8532,0.14742
8533,0.36024
8534,0.49625
8535,0.58513
8536,0.70382
8537,0.68902
8538,0.59611
8539,0.49874
8540,0.32927
8541,0.15421
8542,0.02479
8543,0.0
8544,0.0
8545,0.0
8546,0.0
8547,0.0
8548,0.0
8549,0.0
8550,0.0
8551,0.0
8552,0.0
8553,0.0
8554,0.0
8555,0.011789999999999998
8556,0.17224
8557,0.38827999999999996
8558,0.47076999999999997
8559,0.46913
8560,0.63181
8561,0.55553
8562,0.58941
8563,0.5092
8564,0.29406
8565,0.19973
8566,0.01864
8567,0.0
8568,0.0
8569,0.0
8570,0.0
8571,0.0
8572,0.0
8573,0.0
8574,0.0
8575,0.0
8576,0.0
8577,0.0
8578,0.0
8579,0.012240000000000001
8580,0.18922999999999998
8581,0.35742
8582,0.46101
8583,0.56656
8584,0.6095499999999999
8585,0.45485000000000003
8586,0.5333600000000001
8587,0.36007
8588,0.27793
8589,0.11735
8590,0.01693
8591,0.0
8592,0.0
8593,0.0
8594,0.0
8595,0.0
8596,0.0
8597,0.0
8598,0.0
8599,0.0
8600,0.0
8601,0.0
8602,0.0
8603,0.006059999999999999
8604,0.14593
8605,0.23467
8606,0.40937
8607,0.47648
8608,0.61881
8609,0.6253500000000001
8610,0.59057
8611,0.47313
8612,0.35014999999999996
8613,0.18531
8614,0.01316
8615,0.0
8616,0.0
8617,0.0
8618,0.0
8619,0.0
8620,0.0
8621,0.0
8622,0.0
8623,0.0
8624,0.0
8625,0.0
8626,0.0
8627,0.00857
8628,0.09275
8629,0.14436000000000002
8630,0.32502
8631,0.29742
8632,0.36667
8633,0.53814
8634,0.57341
8635,0.39483999999999997
8636,0.24271
8637,0.19546
8638,0.03762
8639,0.0
8640,0.0
8641,0.0
8642,0.0
8643,0.0
8644,0.0
8645,0.0
8646,0.0
8647,0.0
8648,0.0
8649,0.0
8650,0.0
8651,0.00784
8652,0.18966
8653,0.34312
8654,0.49807
8655,0.5860599999999999
8656,0.63574
8657,0.69684
8658,0.58196
8659,0.56847
8660,0.39272
8661,0.20548
8662,0.046979999999999994
8663,0.0
8664,0.0
8665,0.0
8666,0.0
8667,0.0
8668,0.0
8669,0.0
8670,0.0
8671,0.0
8672,0.0
8673,0.0
8674,0.0
8675,0.010029999999999999
8676,0.09465000000000001
8677,0.16909
8678,0.32855
8679,0.55949
8680,0.57126
8681,0.57063
8682,0.45167
8683,0.47707
8684,0.3772
8685,0.16955
8686,0.03824
8687,0.0
8688,0.0
8689,0.0
8690,0.0
8691,0.0
8692,0.0
8693,0.0
8694,0.0
8695,0.0
8696,0.0
8697,0.0
8698,0.0
8699,0.01005
8700,0.07715000000000001
8701,0.15699000000000002
8702,0.35716000000000003
8703,0.37827
8704,0.5816399999999999
8705,0.56559
8706,0.59448
8707,0.44998
8708,0.33637
8709,0.167
8710,0.04009
8711,0.0
8712,0.0
8713,0.0
8714,0.0
8715,0.0
8716,0.0
8717,0.0
8718,0.0
8719,0.0
8720,0.0
8721,0.0
8722,0.0
8723,0.00496
8724,0.10048
8725,0.26732
8726,0.32521
8727,0.49667
8728,0.64991
8729,0.58582
8730,0.6393
8731,0.5105299999999999
8732,0.33922
8733,0.19708
8734,0.05183
8735,0.0
8736,0.0
8737,0.0
8738,0.0
8739,0.0
8740,0.0
8741,0.0
8742,0.0
8743,0.0
8744,0.0
8745,0.0
8746,0.0
8747,0.0025
8748,0.06442
8749,0.28072
8750,0.50151
8751,0.59268
8752,0.6371
8753,0.54775
8754,0.48329
8755,0.47213
8756,0.40305
8757,0.18109999999999998
8758,0.1701
8759,0.0
