,pv_per_unit
0,0.0
1,0.0
2,0.0
3,0.0
4,0.0
5,0.0
6,0.00317
7,0.03498
8,0.053630000000000004
9,0.06437000000000001
10,0.0704
11,0.0733
12,0.07249
13,0.06802
14,0.06484999999999999
15,0.06536
16,0.033409999999999995
17,0.0054800000000000005
18,0.0
19,0.0
20,0.0
21,0.0
22,0.0
23,0.0
24,0.0
25,0.0
26,0.0
27,0.0
28,0.0
29,0.0
30,0.00321
31,0.04318
32,0.07836
33,0.07206
34,0.07213
35,0.08056999999999999
36,0.09375
37,0.08133
38,0.07051
39,0.0869
40,0.05139
41,0.0072699999999999996
42,0.0
43,0.0
44,0.0
45,0.0
46,0.0
47,0.0
48,0.0
49,0.0
50,0.0
51,0.0
52,0.0
53,0.0
54,0.0030600000000000002
55,0.035590000000000004
56,0.05899
57,0.06581999999999999
58,0.07166
59,0.07418999999999999
60,0.07562999999999999
61,0.08896
62,0.08949
63,0.08669
64,0.03775
65,0.00566
66,0.0
67,0.0
68,0.0
69,0.0
70,0.0
71,0.0
72,0.0
73,0.0
74,0.0
75,0.0
76,0.0
77,0.0
78,0.00272
79,0.04162
80,0.08715
81,0.07673
82,0.07391
83,0.07698
84,0.08195000000000001
85,0.08988
86,0.07805
87,0.07153
88,0.0346
89,0.00519
90,0.0
91,0.0
92,0.0
93,0.0
94,0.0
95,0.0
96,0.0
97,0.0
98,0.0
99,0.0
100,0.0
101,0.0
102,0.0030099999999999997
103,0.04772
104,0.0824
105,0.07876999999999999
106,0.07845
107,0.08468
108,0.0859
109,0.09154000000000001
110,0.07751999999999999
111,0.07274
112,0.03658
113,0.00644
114,0.0
115,0.0
116,0.0
117,0.0
118,0.0
119,0.0
120,0.0
121,0.0
122,0.0
123,0.0
124,0.0
125,0.0
126,0.00229
127,0.047270000000000006
128,0.07662000000000001
129,0.10259
130,0.08120999999999999
131,0.07668000000000001
132,0.07731
133,0.08876
134,0.07326
135,0.0645
136,0.0378
137,0.0077599999999999995
138,0.0
139,0.0
140,0.0
141,0.0
142,0.0
143,0.0
144,0.0
145,0.0
146,0.0
147,0.0
148,0.0
149,0.0
150,0.00248
151,0.03533
152,0.0564
153,0.06528
154,0.07619
155,0.07762999999999999
156,0.08771999999999999
157,0.14387
158,0.07609
159,0.07867
160,0.03908
161,0.0058
162,0.0
163,0.0
164,0.0
165,0.0
166,0.0
167,0.0
168,0.0
169,0.0
170,0.0
171,0.0
172,0.0
173,0.0
174,0.0023799999999999997
175,0.034159999999999996
176,0.05568
177,0.06620000000000001
178,0.08929999999999999
179,0.07608
180,0.08679
181,0.07049
182,0.06508
183,0.0546
184,0.0385
185,0.00792
186,0.0
187,0.0
188,0.0
189,0.0
190,0.0
191,0.0
192,0.0
193,0.0
194,0.0
195,0.0
196,0.0
197,0.0
198,0.00232
199,0.03419
200,0.05414
201,0.06495999999999999
202,0.07165
203,0.07412
204,0.1022
205,0.16593
206,0.12727
207,0.07778
208,0.0495
209,0.0070999999999999995
210,0.0
211,0.0
212,0.0
213,0.0
214,0.0
215,0.0
216,0.0
217,0.0
218,0.0
219,0.0
220,0.0
221,0.0
222,0.0028399999999999996
223,0.038270000000000005
224,0.066
225,0.10318000000000001
226,0.09454000000000001
227,0.08068
228,0.10981999999999999
229,0.09309
230,0.09545999999999999
231,0.08948
232,0.062310000000000004
233,0.008039999999999999
234,0.0
235,0.0
236,0.0
237,0.0
238,0.0
239,0.0
240,0.0
241,0.0
242,0.0
243,0.0
244,0.0
245,0.0
246,0.00393
247,0.055049999999999995
248,0.08243
249,0.11952
250,0.08962
251,0.13191
252,0.10366
253,0.11289
254,0.07943
255,0.07196999999999999
256,0.03706
257,0.00868
258,0.0
259,0.0
260,0.0
261,0.0
262,0.0
263,0.0
264,0.0
265,0.0
266,0.0
267,0.0
268,0.0
269,0.0
270,0.00221
271,0.03484
272,0.054700000000000006
273,0.06775
274,0.07412
275,0.07978
276,0.07615000000000001
277,0.07829000000000001
278,0.0679
279,0.06372
280,0.052590000000000005
281,0.00939
282,0.0
283,0.0
284,0.0
285,0.0
286,0.0
287,0.0
288,0.0
289,0.0
290,0.0
291,0.0
292,0.0
293,0.0
294,0.00226
295,0.03462
296,0.05659
297,0.06581999999999999
298,0.07311
299,0.07603
300,0.07659999999999999
301,0.07601999999999999
302,0.07565000000000001
303,0.06651
304,0.03965
305,0.00973
306,0.0
307,0.0
308,0.0
309,0.0
310,0.0
311,0.0
312,0.0
313,0.0
314,0.0
315,0.0
316,0.0
317,0.0
318,0.0022400000000000002
319,0.034390000000000004
320,0.05478
321,0.06622
322,0.07221999999999999
323,0.07459
324,0.07769
325,0.08406999999999999
326,0.10936
327,0.09090000000000001
328,0.05063
329,0.00949
330,0.0
331,0.0
332,0.0
333,0.0
334,0.0
335,0.0
336,0.0
337,0.0
338,0.0
339,0.0
340,0.0
341,0.0
342,0.00207
343,0.03417
344,0.057280000000000005
345,0.06623
346,0.07286
347,0.076
348,0.07584
349,0.113
350,0.07252
351,0.05735
352,0.03732
353,0.009880000000000002
354,0.0
355,0.0
356,0.0
357,0.0
358,0.0
359,0.0
360,0.0
361,0.0
362,0.0
363,0.0
364,0.0
365,0.0
366,0.00206
367,0.03406
368,0.054509999999999996
369,0.06616
370,0.07301
371,0.07557
372,0.07547
373,0.07235
374,0.06627
375,0.05663
376,0.04099
377,0.01009
378,0.0
379,0.0
380,0.0
381,0.0
382,0.0
383,0.0
384,0.0
385,0.0
386,0.0
387,0.0
388,0.0
389,0.0
390,0.00219
391,0.03418
392,0.05485
393,0.06565
394,0.07251
395,0.08345999999999999
396,0.09059
397,0.07711
398,0.08399
399,0.06173
400,0.041960000000000004
401,0.0068
402,0.0
403,0.0
404,0.0
405,0.0
406,0.0
407,0.0
408,0.0
409,0.0
410,0.0
411,0.0
412,0.0
413,0.0
414,0.00202
415,0.03453
416,0.05536
417,0.06695000000000001
418,0.07372
419,0.07678
420,0.07618000000000001
421,0.07382
422,0.09223
423,0.07672
424,0.04564
425,0.01016
426,0.0
427,0.0
428,0.0
429,0.0
430,0.0
431,0.0
432,0.0
433,0.0
434,0.0
435,0.0
436,0.0
437,0.0
438,0.00197
439,0.03406
440,0.0554
441,0.06619
442,0.07485
443,0.07631
444,0.07639
445,0.07479000000000001
446,0.06666
447,0.0549
448,0.039240000000000004
449,0.00609
450,0.0
451,0.0
452,0.0
453,0.0
454,0.0
455,0.0
456,0.0
457,0.0
458,0.0
459,0.0
460,0.0
461,0.0
462,0.0019399999999999999
463,0.03406
464,0.05584
465,0.06639
466,0.07353
467,0.07623
468,0.07506
469,0.07322
470,0.06855
471,0.05702
472,0.04462
473,0.011380000000000001
474,0.0
475,0.0
476,0.0
477,0.0
478,0.0
479,0.0
480,0.0
481,0.0
482,0.0
483,0.0
484,0.0
485,0.0
486,0.0019199999999999998
487,0.0342
488,0.054990000000000004
489,0.06668
490,0.07354000000000001
491,0.07658
492,0.07658
493,0.14837
494,0.09824
495,0.07379999999999999
496,0.04814
497,0.01126
498,0.0
499,0.0
500,0.0
501,0.0
502,0.0
503,0.0
504,0.0
505,0.0
506,0.0
507,0.0
508,0.0
509,0.0
510,0.0018700000000000001
511,0.03546
512,0.05659
513,0.06976
514,0.07511
515,0.07865000000000001
516,0.07839
517,0.08343
518,0.07393000000000001
519,0.06815
520,0.03958
521,0.009380000000000001
522,0.0
523,0.0
524,0.0
525,0.0
526,0.0
527,0.0
528,0.0
529,0.0
530,0.0
531,0.0
532,0.0
533,0.0
534,0.00146
535,0.03296
536,0.07166
537,0.09187999999999999
538,0.11026999999999999
539,0.10779000000000001
540,0.08236
541,0.12037
542,0.0856
543,0.08043
544,0.046630000000000005
545,0.01211
546,0.0
547,0.0
548,0.0
549,0.0
550,0.0
551,0.0
552,0.0
553,0.0
554,0.0
555,0.0
556,0.0
557,0.0
558,0.00102
559,0.03427
560,0.08334
561,0.10246
562,0.10345
563,0.11192
564,0.14239
565,0.10562
566,0.08692
567,0.07493000000000001
568,0.045649999999999996
569,0.00886
570,0.0
571,0.0
572,0.0
573,0.0
574,0.0
575,0.0
576,0.0
577,0.0
578,0.0
579,0.0
580,0.0
581,0.0
582,0.00268
583,0.04722
584,0.08113
585,0.09309
586,0.11193
587,0.10013
588,0.12532
589,0.22721
590,0.13078
591,0.0873
592,0.04603
593,0.012
594,0.0
595,0.0
596,0.0
597,0.0
598,0.0
599,0.0
600,0.0
601,0.0
602,0.0
603,0.0
604,0.0
605,0.0
606,0.00265
607,0.04172
608,0.06906999999999999
609,0.08692
610,0.09397
611,0.12271
612,0.09609000000000001
613,0.11842
614,0.08658
615,0.06656000000000001
616,0.04229
617,0.00845
618,0.0
619,0.0
620,0.0
621,0.0
622,0.0
623,0.0
624,0.0
625,0.0
626,0.0
627,0.0
628,0.0
629,0.0
630,0.00189
631,0.03492
632,0.06418
633,0.07243000000000001
634,0.09393000000000001
635,0.09484999999999999
636,0.08502
637,0.06951
638,0.07208
639,0.06452
640,0.04932
641,0.0144
642,0.0
643,0.0
644,0.0
645,0.0
646,0.0
647,0.0
648,0.0
649,0.0
650,0.0
651,0.0
652,0.0
653,0.0
654,0.0019
655,0.03472
656,0.05684
657,0.06861
658,0.08154
659,0.081
660,0.08585
661,0.07914
662,0.07357999999999999
663,0.06321
664,0.05374
665,0.01384
666,0.0
667,0.0
668,0.0
669,0.0
670,0.0
671,0.0
672,0.0
673,0.0
674,0.0
675,0.0
676,0.0
677,0.0
678,0.00195
679,0.0357
680,0.05695
681,0.0694
682,0.07678
683,0.08055
684,0.09162000000000001
685,0.07726999999999999
686,0.07127
687,0.06155
688,0.04846
689,0.014060000000000001
690,0.0
691,0.0
692,0.0
693,0.0
694,0.0
695,0.0
696,0.0
697,0.0
698,0.0
699,0.0
700,0.0
701,0.0
702,0.00206
703,0.03504
704,0.05787
705,0.06892
706,0.07654999999999999
707,0.07920999999999999
708,0.08223
709,0.08977
710,0.08201
711,0.08801
712,0.04521
713,0.01304
714,0.0
715,0.0
716,0.0
717,0.0
718,0.0
719,0.0
720,0.0
721,0.0
722,0.0
723,0.0
724,0.0
725,0.0
726,0.0018700000000000001
727,0.03595
728,0.05926
729,0.07029
730,0.07742
731,0.08954000000000001
732,0.08351
733,0.11255
734,0.09054000000000001
735,0.06575
736,0.03556
737,0.01292
738,0.0
739,0.0
740,0.0
741,0.0
742,0.0
743,0.0
744,0.0
745,0.0
746,0.0
747,0.0
748,0.0
749,0.0
750,0.00189
751,0.03433
752,0.059539999999999996
753,0.0692
754,0.07625
755,0.07920999999999999
756,0.09553
757,0.09171
758,0.10638
759,0.07872
760,0.05878
761,0.01504
762,0.0
763,0.0
764,0.0
765,0.0
766,0.0
767,0.0
768,0.0
769,0.0
770,0.0
771,0.0
772,0.0
773,0.0
774,0.00198
775,0.0349
776,0.056670000000000005
777,0.06913
778,0.07547
779,0.07845999999999999
780,0.07844
781,0.06949
782,0.0746
783,0.06063
784,0.04488
785,0.01428
786,0.0
787,0.0
788,0.0
789,0.0
790,0.0
791,0.0
792,0.0
793,0.0
794,0.0
795,0.0
796,0.0
797,0.0
798,0.0020499999999999997
799,0.03527
800,0.05994
801,0.06977
802,0.07598999999999999
803,0.07901000000000001
804,0.07395
805,0.08703
806,0.11765
807,0.05774
808,0.04728
809,0.01559
810,0.0
811,0.0
812,0.0
813,0.0
814,0.0
815,0.0
816,0.0
817,0.0
818,0.0
819,0.0
820,0.0
821,0.0
822,0.00239
823,0.03868
824,0.06028
825,0.07459
826,0.07940000000000001
827,0.08445
828,0.08131000000000001
829,0.07911
830,0.09395
831,0.06461
832,0.05253
833,0.01645
834,0.0
835,0.0
836,0.0
837,0.0
838,0.0
839,0.0
840,0.0
841,0.0
842,0.0
843,0.0
844,0.0
845,0.0
846,0.00173
847,0.0385
848,0.05925
849,0.07317
850,0.10482
851,0.10047
852,0.14418
853,0.16012
854,0.11170999999999999
855,0.11528000000000001
856,0.04722
857,0.01158
858,0.0
859,0.0
860,0.0
861,0.0
862,0.0
863,0.0
864,0.0
865,0.0
866,0.0
867,0.0
868,0.0
869,0.0
870,0.00111
871,0.03483
872,0.08803
873,0.10029
874,0.10134
875,0.10656
876,0.1145
877,0.09608
878,0.13884
879,0.10088
880,0.05897
881,0.01494
882,0.0
883,0.0
884,0.0
885,0.0
886,0.0
887,0.0
888,0.0
889,0.0
890,0.0
891,0.0
892,0.0
893,0.0
894,0.0015
895,0.03218
896,0.0864
897,0.10242
898,0.17213
899,0.13172999999999999
900,0.12547
901,0.1173
902,0.08703
903,0.06326
904,0.04833
905,0.011380000000000001
906,0.0
907,0.0
908,0.0
909,0.0
910,0.0
911,0.0
912,0.0
913,0.0
914,0.0
915,0.0
916,0.0
917,0.0
918,0.00114
919,0.03614
920,0.07998000000000001
921,0.08027
922,0.10997
923,0.10798
924,0.10565000000000001
925,0.1128
926,0.10565000000000001
927,0.12217
928,0.08218
929,0.0143
930,0.0
931,0.0
932,0.0
933,0.0
934,0.0
935,0.0
936,0.0
937,0.0
938,0.0
939,0.0
940,0.0
941,0.0
942,0.00231
943,0.03639
944,0.061799999999999994
945,0.07608
946,0.07941
947,0.0942
948,0.09167
949,0.09672
950,0.13308
951,0.0863
952,0.04865
953,0.016300000000000002
954,0.0
955,0.0
956,0.0
957,0.0
958,0.0
959,0.0
960,0.0
961,0.0
962,0.0
963,0.0
964,0.0
965,0.0
966,0.00319
967,0.05219
968,0.08466
969,0.10353
970,0.11641
971,0.11859
972,0.14965
973,0.11789
974,0.1147
975,0.09713
976,0.05374
977,0.01367
978,0.0
979,0.0
980,0.0
981,0.0
982,0.0
983,0.0
984,0.0
985,0.0
986,0.0
987,0.0
988,0.0
989,0.0
990,0.0024700000000000004
991,0.0381
992,0.07645
993,0.08656
994,0.09839
995,0.09225
996,0.11598
997,0.17732
998,0.09329000000000001
999,0.10282
1000,0.05754
1001,0.018539999999999997
1002,0.0
1003,0.0
1004,0.0
1005,0.0
1006,0.0
1007,0.0
1008,0.0
1009,0.0
1010,0.0
1011,0.0
1012,0.0
1013,0.0
1014,0.00218
1015,0.037450000000000004
1016,0.059609999999999996
1017,0.07264
1018,0.07939
1019,0.09966
1020,0.07989
1021,0.10895
1022,0.10837000000000001
1023,0.06766
1024,0.05306
1025,0.01714
1026,0.0
1027,0.0
1028,0.0
1029,0.0
1030,0.0
1031,0.0
1032,0.0
1033,0.0
1034,0.0
1035,0.0
1036,0.0
1037,0.0
1038,0.00307
1039,0.04077
1040,0.06312
1041,0.08103
1042,0.11756
1043,0.09326999999999999
1044,0.1222
1045,0.10635
1046,0.13111
1047,0.0895
1048,0.04865
1049,0.01829
1050,0.0
1051,0.0
1052,0.0
1053,0.0
1054,0.0
1055,0.0
1056,0.0
1057,0.0
1058,0.0
1059,0.0
1060,0.0
1061,0.0
1062,0.00326
1063,0.05153
1064,0.09889
1065,0.12162
1066,0.18422999999999998
1067,0.14745
1068,0.13041999999999998
1069,0.17437
1070,0.11404
1071,0.08102
1072,0.046009999999999995
1073,0.01076
1074,0.0
1075,0.0
1076,0.0
1077,0.0
1078,0.0
1079,0.0
1080,0.0
1081,0.0
1082,0.0
1083,0.0
1084,0.0
1085,0.0
1086,0.00202
1087,0.04179
1088,0.07623
1089,0.1489
1090,0.14355
1091,0.09453
1092,0.11839
1093,0.18333000000000002
1094,0.13705
1095,0.12561
1096,0.06627
1097,0.01481
1098,0.0
1099,0.0
1100,0.0
1101,0.0
1102,0.0
1103,0.0
1104,0.0
1105,0.0
1106,0.0
1107,0.0
1108,0.0
1109,0.0
1110,0.0033900000000000002
1111,0.0415
1112,0.06865
1113,0.07415000000000001
1114,0.08526
1115,0.0853
1116,0.09379000000000001
1117,0.09944
1118,0.10165
1119,0.10762000000000001
1120,0.04734
1121,0.01043
1122,0.0
1123,0.0
1124,0.0
1125,0.0
1126,0.0
1127,0.0
1128,0.0
1129,0.0
1130,0.0
1131,0.0
1132,0.0
1133,0.0
1134,0.00152
1135,0.03486
1136,0.07737999999999999
1137,0.09976
1138,0.12648
1139,0.13708
1140,0.13153
1141,0.15178999999999998
1142,0.08539
1143,0.09074
1144,0.06001
1145,0.011640000000000001
1146,0.0
1147,0.0
1148,0.0
1149,0.0
1150,0.0
1151,0.0
1152,0.0
1153,0.0
1154,0.0
1155,0.0
1156,0.0
1157,0.0
1158,0.00349
1159,0.054439999999999995
1160,0.08395999999999999
1161,0.10624
1162,0.1082
1163,0.12323999999999999
1164,0.09604
1165,0.11466
1166,0.14981
1167,0.08609
1168,0.06269
1169,0.01905
1170,0.0
1171,0.0
1172,0.0
1173,0.0
1174,0.0
1175,0.0
1176,0.0
1177,0.0
1178,0.0
1179,0.0
1180,0.0
1181,0.0
1182,0.0034100000000000003
1183,0.03872
1184,0.06302
1185,0.07397
1186,0.07986
1187,0.08683
1188,0.08617
1189,0.0938
1190,0.07446
1191,0.05841
1192,0.05064
1193,0.01645
1194,0.0
1195,0.0
1196,0.0
1197,0.0
1198,0.0
1199,0.0
1200,0.0
1201,0.0
1202,0.0
1203,0.0
1204,0.0
1205,0.0
1206,0.00319
1207,0.03848
1208,0.06748
1209,0.07454999999999999
1210,0.08176
1211,0.08605
1212,0.09203
1213,0.11564
1214,0.1303
1215,0.09323999999999999
1216,0.07175
1217,0.01998
1218,0.0
1219,0.0
1220,0.0
1221,0.0
1222,0.0
1223,0.0
1224,0.0
1225,0.0
1226,0.0
1227,0.0
1228,0.0
1229,0.0
1230,0.0025800000000000003
1231,0.04161
1232,0.06171
1233,0.07504000000000001
1234,0.08111
1235,0.11123000000000001
1236,0.1012
1237,0.10937000000000001
1238,0.10649
1239,0.09171
1240,0.05356
1241,0.01744
1242,0.0
1243,0.0
1244,0.0
1245,0.0
1246,0.0
1247,0.0
1248,0.0
1249,0.0
1250,0.0
1251,0.0
1252,0.0
1253,0.0
1254,0.00275
1255,0.039799999999999995
1256,0.07073
1257,0.12868000000000002
1258,0.12040000000000001
1259,0.143
1260,0.12333
1261,0.16158
1262,0.16976
1263,0.11734
1264,0.07146
1265,0.01755
1266,0.0
1267,0.0
1268,0.0
1269,0.0
1270,0.0
1271,0.0
1272,0.0
1273,0.0
1274,0.0
1275,0.0
1276,0.0
1277,0.0
1278,0.00554
1279,0.05847
1280,0.10385
1281,0.13309
1282,0.14549
1283,0.18908000000000003
1284,0.15259999999999999
1285,0.14762999999999998
1286,0.14841
1287,0.10690999999999999
1288,0.06645999999999999
1289,0.02644
1290,0.0
1291,0.0
1292,0.0
1293,0.0
1294,0.0
1295,0.0
1296,0.0
1297,0.0
1298,0.0
1299,0.0
1300,0.0
1301,0.0
1302,0.0029500000000000004
1303,0.0465
1304,0.10266
1305,0.16779
1306,0.1333
1307,0.18728
1308,0.15175999999999998
1309,0.20163999999999999
1310,0.2054
1311,0.14799
1312,0.0747
1313,0.027829999999999997
1314,0.0
1315,0.0
1316,0.0
1317,0.0
1318,0.0
1319,0.0
1320,0.0
1321,0.0
1322,0.0
1323,0.0
1324,0.0
1325,0.0
1326,0.00561
1327,0.06692000000000001
1328,0.10665000000000001
1329,0.19409
1330,0.22277000000000002
1331,0.20174
1332,0.25657
1333,0.18866
1334,0.18600999999999998
1335,0.14446
1336,0.07912000000000001
1337,0.028579999999999998
1338,0.0
1339,0.0
1340,0.0
1341,0.0
1342,0.0
1343,0.0
1344,0.0
1345,0.0
1346,0.0
1347,0.0
1348,0.0
1349,0.0
1350,0.00518
1351,0.05343
1352,0.08316
1353,0.09913
1354,0.12601
1355,0.17889
1356,0.18924000000000002
1357,0.19983
1358,0.10176
1359,0.08719
1360,0.0592
1361,0.01426
1362,0.0
1363,0.0
1364,0.0
1365,0.0
1366,0.0
1367,0.0
1368,0.0
1369,0.0
1370,0.0
1371,0.0
1372,0.0
1373,0.0
1374,0.00415
1375,0.04872
1376,0.07817
1377,0.12812
1378,0.14343
1379,0.22841
1380,0.15115
1381,0.14896
1382,0.10624
1383,0.10522
1384,0.08106999999999999
1385,0.022170000000000002
1386,0.0
1387,0.0
1388,0.0
1389,0.0
1390,0.0
1391,0.0
1392,0.0
1393,0.0
1394,0.0
1395,0.0
1396,0.0
1397,0.0
1398,0.0057599999999999995
1399,0.05116
1400,0.09570999999999999
1401,0.14486000000000002
1402,0.16440000000000002
1403,0.15825999999999998
1404,0.13451
1405,0.10402
1406,0.09795000000000001
1407,0.10986
1408,0.05896
1409,0.015470000000000001
1410,0.0
1411,0.0
1412,0.0
1413,0.0
1414,0.0
1415,0.0
1416,0.0
1417,0.0
1418,0.0
1419,0.0
1420,0.0
1421,0.0
1422,0.00488
1423,0.047939999999999997
1424,0.08818000000000001
1425,0.09099
1426,0.09918
1427,0.10173
1428,0.09434000000000001
1429,0.10171
1430,0.10361
1431,0.06764
1432,0.03713
1433,0.0147
1434,0.0
1435,0.0
1436,0.0
1437,0.0
1438,0.0
1439,0.0
1440,0.0
1441,0.0
1442,0.0
1443,0.0
1444,0.0
1445,0.0
1446,0.0072
1447,0.05211
1448,0.07884999999999999
1449,0.11087999999999999
1450,0.11065000000000001
1451,0.11367000000000001
1452,0.17873
1453,0.17884
1454,0.17243
1455,0.12674
1456,0.06687
1457,0.02225
1458,0.0
1459,0.0
1460,0.0
1461,0.0
1462,0.0
1463,0.0
1464,0.0
1465,0.0
1466,0.0
1467,0.0
1468,0.0
1469,0.0
1470,0.00714
1471,0.07003
1472,0.1326
1473,0.19015
1474,0.27426999999999996
1475,0.25356
1476,0.21965
1477,0.15206999999999998
1478,0.08137
1479,0.13081
1480,0.08798
1481,0.02253
1482,0.0
1483,0.0
1484,0.0
1485,0.0
1486,0.0
1487,0.0
1488,0.0
1489,0.0
1490,0.0
1491,0.0
1492,0.0
1493,0.0
1494,0.00632
1495,0.06453
1496,0.0978
1497,0.16027000000000002
1498,0.1384
1499,0.217
1500,0.21486000000000002
1501,0.20718999999999999
1502,0.19537000000000002
1503,0.12819999999999998
1504,0.07912000000000001
1505,0.027030000000000002
1506,0.0
1507,0.0
1508,0.0
1509,0.0
1510,0.0
1511,0.0
1512,0.0
1513,0.0
1514,0.0
1515,0.0
1516,0.0
1517,0.0
1518,0.00754
1519,0.04514
1520,0.07753
1521,0.08954000000000001
1522,0.13926
1523,0.15222
1524,0.11992
1525,0.19494
1526,0.09784999999999999
1527,0.06959
1528,0.05906
1529,0.015380000000000001
1530,0.0
1531,0.0
1532,0.0
1533,0.0
1534,0.0
1535,0.0
1536,0.0
1537,0.0
1538,0.0
1539,0.0
1540,0.0
1541,0.0
1542,0.00276
1543,0.04471
1544,0.06817000000000001
1545,0.12395
1546,0.15641
1547,0.13487000000000002
1548,0.15296
1549,0.18971000000000002
1550,0.14704
1551,0.11675
1552,0.06297
1553,0.01634
1554,0.0
1555,0.0
1556,0.0
1557,0.0
1558,0.0
1559,0.0
1560,0.0
1561,0.0
1562,0.0
1563,0.0
1564,0.0
1565,0.0
1566,0.00522
1567,0.05192
1568,0.08059000000000001
1569,0.15327000000000002
1570,0.13387000000000002
1571,0.09570999999999999
1572,0.1706
1573,0.12372
1574,0.15405000000000002
1575,0.10514
1576,0.05527
1577,0.009630000000000001
1578,0.0
1579,0.0
1580,0.0
1581,0.0
1582,0.0
1583,0.0
1584,0.0
1585,0.0
1586,0.0
1587,0.0
1588,0.0
1589,0.0
1590,0.00562
1591,0.05736
1592,0.11158
1593,0.15613
1594,0.15683000000000002
1595,0.24131
1596,0.21558000000000002
1597,0.10828
1598,0.08893999999999999
1599,0.0853
1600,0.054380000000000005
1601,0.01523
1602,0.0
1603,0.0
1604,0.0
1605,0.0
1606,0.0
1607,0.0
1608,0.0
1609,0.0
1610,0.0
1611,0.0
1612,0.0
1613,0.0
1614,0.006059999999999999
1615,0.04333
1616,0.10557
1617,0.13774
1618,0.09545999999999999
1619,0.11585
1620,0.10095
1621,0.20079
1622,0.16351
1623,0.10513
1624,0.0585
1625,0.01676
1626,0.0
1627,0.0
1628,0.0
1629,0.0
1630,0.0
1631,0.0
1632,0.0
1633,0.0
1634,0.0
1635,0.0
1636,0.0
1637,0.0
1638,0.00542
1639,0.04951
1640,0.07114
1641,0.10046
1642,0.16206
1643,0.1115
1644,0.18018
1645,0.12556
1646,0.12548
1647,0.10398
1648,0.0571
1649,0.01889
1650,0.0
1651,0.0
1652,0.0
1653,0.0
1654,0.0
1655,0.0
1656,0.0
1657,0.0
1658,0.0
1659,0.0
1660,0.0
1661,0.0
1662,0.00951
1663,0.05472
1664,0.08627
1665,0.12158
1666,0.11963
1667,0.13884
1668,0.20022
1669,0.16775
1670,0.1876
1671,0.15375
1672,0.09703
1673,0.0229
1674,0.0
1675,0.0
1676,0.0
1677,0.0
1678,0.0
1679,0.0
1680,0.0
1681,0.0
1682,0.0
1683,0.0
1684,0.0
1685,0.0
1686,0.00557
1687,0.05411
1688,0.12108
1689,0.09945
1690,0.1646
1691,0.14381
1692,0.19758
1693,0.24077
1694,0.18008000000000002
1695,0.09881000000000001
1696,0.06543
1697,0.02061
1698,0.0
1699,0.0
1700,0.0
1701,0.0
1702,0.0
1703,0.0
1704,0.0
1705,0.0
1706,0.0
1707,0.0
1708,0.0
1709,0.0
1710,0.00474
1711,0.04603
1712,0.08020000000000001
1713,0.09837
1714,0.12090000000000001
1715,0.11425
1716,0.13561
1717,0.1135
1718,0.12258
1719,0.09838
1720,0.08489000000000001
1721,0.02199
1722,0.0
1723,0.0
1724,0.0
1725,0.0
1726,0.0
1727,0.0
1728,0.0
1729,0.0
1730,0.0
1731,0.0
1732,0.0
1733,0.0
1734,0.009089999999999999
1735,0.05497
1736,0.08187
1737,0.11895
1738,0.11003
1739,0.17853
1740,0.09702
1741,0.13076
1742,0.10693000000000001
1743,0.09922
1744,0.05831
1745,0.01507
1746,0.0
1747,0.0
1748,0.0
1749,0.0
1750,0.0
1751,0.0
1752,0.0
1753,0.0
1754,0.0
1755,0.0
1756,0.0
1757,0.0
1758,0.01143
1759,0.06419
1760,0.12178
1761,0.17901
1762,0.19058
1763,0.11827
1764,0.19266
1765,0.17677
1766,0.15677000000000002
1767,0.09786
1768,0.06591
1769,0.02289
1770,0.0
1771,0.0
1772,0.0
1773,0.0
1774,0.0
1775,0.0
1776,0.0
1777,0.0
1778,0.0
1779,0.0
1780,0.0
1781,0.0
1782,0.00591
1783,0.053020000000000005
1784,0.07908
1785,0.09529
1786,0.13583
1787,0.10563
1788,0.1034
1789,0.11183
1790,0.11381000000000001
1791,0.08366
1792,0.048670000000000005
1793,0.01264
1794,0.0
1795,0.0
1796,0.0
1797,0.0
1798,0.0
1799,0.0
1800,0.0
1801,0.0
1802,0.0
1803,0.0
1804,0.0
1805,0.0
1806,0.0129
1807,0.07108
1808,0.10732
1809,0.10858
1810,0.11431999999999999
1811,0.12546
1812,0.15829
1813,0.17486000000000002
1814,0.19311
1815,0.10251
1816,0.06605
1817,0.0212
1818,0.0
1819,0.0
1820,0.0
1821,0.0
1822,0.0
1823,0.0
1824,0.0
1825,0.0
1826,0.0
1827,0.0
1828,0.0
1829,0.0
1830,0.00641
1831,0.06720000000000001
1832,0.12838999999999998
1833,0.15765
1834,0.18707
1835,0.20962
1836,0.15297999999999998
1837,0.22050999999999998
1838,0.14642
1839,0.09184
1840,0.041049999999999996
1841,0.01706
1842,0.0
1843,0.0
1844,0.0
1845,0.0
1846,0.0
1847,0.0
1848,0.0
1849,0.0
1850,0.0
1851,0.0
1852,0.0
1853,0.0
1854,0.01058
1855,0.08072
1856,0.1574
1857,0.17996
1858,0.20708000000000001
1859,0.16641
1860,0.22951
1861,0.26881
1862,0.17073
1863,0.13876
1864,0.09791
1865,0.03311
1866,0.0
1867,0.0
1868,0.0
1869,0.0
1870,0.0
1871,0.0
1872,0.0
1873,0.0
1874,0.0
1875,0.0
1876,0.0
1877,0.0
1878,0.009859999999999999
1879,0.06905
1880,0.12627
1881,0.16179
1882,0.12855
1883,0.12962
1884,0.13019999999999998
1885,0.21569999999999998
1886,0.13241
1887,0.11522
1888,0.06956
1889,0.02716
1890,0.0
1891,0.0
1892,0.0
1893,0.0
1894,0.0
1895,0.0
1896,0.0
1897,0.0
1898,0.0
1899,0.0
1900,0.0
1901,0.0
1902,0.01234
1903,0.07361
1904,0.09178
1905,0.21419
1906,0.17081
1907,0.21253999999999998
1908,0.16318000000000002
1909,0.23216
1910,0.19913
1911,0.15131
1912,0.10127
1913,0.0275
1914,0.0
1915,0.0
1916,0.0
1917,0.0
1918,0.0
1919,0.0
1920,0.0
1921,0.0
1922,0.0
1923,0.0
1924,0.0
1925,0.0
1926,0.01157
1927,0.06802
1928,0.10426
1929,0.14292
1930,0.17029
1931,0.23753
1932,0.24615
1933,0.11683
1934,0.10833
1935,0.09733
1936,0.06564
1937,0.01726
1938,0.0
1939,0.0
1940,0.0
1941,0.0
1942,0.0
1943,0.0
1944,0.0
1945,0.0
1946,0.0
1947,0.0
1948,0.0
1949,0.0
1950,0.01326
1951,0.05013
1952,0.12293000000000001
1953,0.15644999999999998
1954,0.11444
1955,0.12081
1956,0.08824
1957,0.10842
1958,0.12326999999999999
1959,0.09786
1960,0.05575
1961,0.020829999999999998
1962,0.0
1963,0.0
1964,0.0
1965,0.0
1966,0.0
1967,0.0
1968,0.0
1969,0.0
1970,0.0
1971,0.0
1972,0.0
1973,0.0
1974,0.01079
1975,0.046590000000000006
1976,0.06576
1977,0.07622
1978,0.08275
1979,0.08795
1980,0.11144
1981,0.10983
1982,0.10735
1983,0.07931
1984,0.05391
1985,0.01941
1986,0.0
1987,0.0
1988,0.0
1989,0.0
1990,0.0
1991,0.0
1992,0.0
1993,0.0
1994,0.0
1995,0.0
1996,0.0
1997,0.0
1998,0.010960000000000001
1999,0.046310000000000004
2000,0.0594
2001,0.07579000000000001
2002,0.08258
2003,0.08731
2004,0.08334
2005,0.12016
2006,0.14867
2007,0.07202
2008,0.04172
2009,0.01451
2010,0.0
2011,0.0
2012,0.0
2013,0.0
2014,0.0
2015,0.0
2016,0.0
2017,0.0
2018,0.0
2019,0.0
2020,0.0
2021,0.0
2022,0.01145
2023,0.05447
2024,0.12068999999999999
2025,0.09519
2026,0.09109
2027,0.10278
2028,0.11842
2029,0.09651
2030,0.11824
2031,0.08306000000000001
2032,0.045149999999999996
2033,0.01534
2034,0.0
2035,0.0
2036,0.0
2037,0.0
2038,0.0
2039,0.0
2040,0.0
2041,0.0
2042,0.0
2043,0.0
2044,0.0
2045,0.0
2046,0.00936
2047,0.046990000000000004
2048,0.06327
2049,0.09675
2050,0.09752
2051,0.11091
2052,0.09678
2053,0.10948999999999999
2054,0.11395999999999999
2055,0.07031
2056,0.052219999999999996
2057,0.019510000000000003
2058,0.0
2059,0.0
2060,0.0
2061,0.0
2062,0.0
2063,0.0
2064,0.0
2065,0.0
2066,0.0
2067,0.0
2068,0.0
2069,0.0
2070,0.0119
2071,0.05168
2072,0.07104
2073,0.09622
2074,0.10179
2075,0.09508
2076,0.08943000000000001
2077,0.12533
2078,0.09192
2079,0.09198999999999999
2080,0.05892
2081,0.018179999999999998
2082,0.0
2083,0.0
2084,0.0
2085,0.0
2086,0.0
2087,0.0
2088,0.0
2089,0.0
2090,0.0
2091,0.0
2092,0.0
2093,0.0
2094,0.01165
2095,0.0492
2096,0.06301
2097,0.07696
2098,0.08663
2099,0.09397
2100,0.10188
2101,0.10809
2102,0.09370999999999999
2103,0.0915
2104,0.04377
2105,0.02014
2106,0.0
2107,0.0
2108,0.0
2109,0.0
2110,0.0
2111,0.0
2112,0.0
2113,0.0
2114,0.0
2115,0.0
2116,0.0
2117,0.0
2118,0.013349999999999999
2119,0.0504
2120,0.07301
2121,0.09931
2122,0.13513
2123,0.10653
2124,0.16006
2125,0.15783000000000003
2126,0.16329
2127,0.11323
2128,0.0425
2129,0.00844
2130,0.0
2131,0.0
2132,0.0
2133,0.0
2134,0.0
2135,0.0
2136,0.0
2137,0.0
2138,0.0
2139,0.0
2140,0.0
2141,0.0
2142,0.01846
2143,0.07834
2144,0.14052
2145,0.2185
2146,0.2662
2147,0.30485
2148,0.26932999999999996
2149,0.20656
2150,0.18706
2151,0.16116999999999998
2152,0.10528
2153,0.02776
2154,0.0
2155,0.0
2156,0.0
2157,0.0
2158,0.0
2159,0.0
2160,0.0
2161,0.0
2162,0.0
2163,0.0
2164,0.0
2165,0.0
2166,0.02093
2167,0.0813
2168,0.13329
2169,0.24944999999999998
2170,0.27651
2171,0.18891999999999998
2172,0.18268
2173,0.25038
2174,0.17523
2175,0.12448000000000001
2176,0.08176
2177,0.023239999999999997
2178,0.0
2179,0.0
2180,0.0
2181,0.0
2182,0.0
2183,0.0
2184,0.0
2185,0.0
2186,0.0
2187,0.0
2188,0.0
2189,0.0
2190,0.016149999999999998
2191,0.07278
2192,0.13153
2193,0.12794
2194,0.1235
2195,0.15908
2196,0.1449
2197,0.11513
2198,0.16603
2199,0.14174
2200,0.07332999999999999
2201,0.01921
2202,0.0
2203,0.0
2204,0.0
2205,0.0
2206,0.0
2207,0.0
2208,0.0
2209,0.0
2210,0.0
2211,0.0
2212,0.0
2213,0.0
2214,0.01777
2215,0.05788
2216,0.12544
2217,0.12638
2218,0.10734
2219,0.10632
2220,0.10995
2221,0.12849000000000002
2222,0.13773
2223,0.10055
2224,0.0731
2225,0.01599
2226,0.0
2227,0.0
2228,0.0
2229,0.0
2230,0.0
2231,0.0
2232,0.0
2233,0.0
2234,0.0
2235,0.0
2236,0.0
2237,0.0
2238,0.016730000000000002
2239,0.06676
2240,0.10497
2241,0.14941
2242,0.15474000000000002
2243,0.12136
2244,0.13878000000000001
2245,0.15936
2246,0.14931999999999998
2247,0.12535
2248,0.07676000000000001
2249,0.02608
2250,0.0
2251,0.0
2252,0.0
2253,0.0
2254,0.0
2255,0.0
2256,0.0
2257,0.0
2258,0.0
2259,0.0
2260,0.0
2261,0.0
2262,0.019850000000000003
2263,0.07101
2264,0.15192
2265,0.11115
2266,0.10978
2267,0.11364
2268,0.14761000000000002
2269,0.21243
2270,0.15882
2271,0.13407
2272,0.0916
2273,0.02038
2274,0.0
2275,0.0
2276,0.0
2277,0.0
2278,0.0
2279,0.0
2280,0.0
2281,0.0
2282,0.0
2283,0.0
2284,0.0
2285,0.0
2286,0.018420000000000002
2287,0.07612999999999999
2288,0.12772
2289,0.15522
2290,0.16125
2291,0.17865999999999999
2292,0.18450999999999998
2293,0.15026
2294,0.13021000000000002
2295,0.11437
2296,0.08220000000000001
2297,0.019969999999999998
2298,0.0
2299,0.0
2300,0.0
2301,0.0
2302,0.0
2303,0.0
2304,0.0
2305,0.0
2306,0.0
2307,0.0
2308,0.0
2309,0.0
2310,0.016370000000000003
2311,0.0643
2312,0.12563
2313,0.12140000000000001
2314,0.21169
2315,0.23342
2316,0.19709000000000002
2317,0.1351
2318,0.11223000000000001
2319,0.08627
2320,0.06462999999999999
2321,0.02222
2322,0.0
2323,0.0
2324,0.0
2325,0.0
2326,0.0
2327,0.0
2328,0.0
2329,0.0
2330,0.0
2331,0.0
2332,0.0
2333,0.0
2334,0.02492
2335,0.07418000000000001
2336,0.12855
2337,0.15669
2338,0.19434
2339,0.16931000000000002
2340,0.17754
2341,0.25730000000000003
2342,0.2104
2343,0.15535
2344,0.0809
2345,0.0268
2346,0.0
2347,0.0
2348,0.0
2349,0.0
2350,0.0
2351,0.0
2352,0.0
2353,0.0
2354,0.0
2355,0.0
2356,0.0
2357,0.0
2358,0.01638
2359,0.05242
2360,0.08555
2361,0.09836
2362,0.11422
2363,0.17576
2364,0.14475
2365,0.09042
2366,0.13379
2367,0.13824
2368,0.054880000000000005
2369,0.018539999999999997
2370,0.0
2371,0.0
2372,0.0
2373,0.0
2374,0.0
2375,0.0
2376,0.0
2377,0.0
2378,0.0
2379,0.0
2380,0.0
2381,0.0
2382,0.02282
2383,0.07264
2384,0.1285
2385,0.13426
2386,0.22135
2387,0.18024
2388,0.16405
2389,0.15202000000000002
2390,0.10890000000000001
2391,0.08174
2392,0.06292
2393,0.01253
2394,0.0
2395,0.0
2396,0.0
2397,0.0
2398,0.0
2399,0.0
2400,0.0
2401,0.0
2402,0.0
2403,0.0
2404,0.0
2405,0.0
2406,0.02069
2407,0.05869
2408,0.11972
2409,0.12538
2410,0.14113
2411,0.1655
2412,0.15653
2413,0.25241
2414,0.18047
2415,0.13462000000000002
2416,0.08195000000000001
2417,0.02571
2418,0.0
2419,0.0
2420,0.0
2421,0.0
2422,0.0
2423,0.0
2424,0.0
2425,0.0
2426,0.0
2427,0.0
2428,0.0
2429,0.0
2430,0.018359999999999998
2431,0.07239
2432,0.12012
2433,0.14884
2434,0.18752000000000002
2435,0.20602
2436,0.21112
2437,0.20807
2438,0.14276
2439,0.11026000000000001
2440,0.06426000000000001
2441,0.02171
2442,0.0
2443,0.0
2444,0.0
2445,0.0
2446,0.0
2447,0.0
2448,0.0
2449,0.0
2450,0.0
2451,0.0
2452,0.0
2453,0.0
2454,0.02467
2455,0.07013
2456,0.13265000000000002
2457,0.12922
2458,0.17421
2459,0.21389
2460,0.19921
2461,0.21756
2462,0.14849
2463,0.1338
2464,0.07033
2465,0.013609999999999999
2466,0.0
2467,0.0
2468,0.0
2469,0.0
2470,0.0
2471,0.0
2472,0.0
2473,0.0
2474,0.0
2475,0.0
2476,0.0
2477,0.0
2478,0.0222
2479,0.08475
2480,0.11242
2481,0.20368
2482,0.23591
2483,0.14881
2484,0.20286
2485,0.19795
2486,0.18264
2487,0.14744
2488,0.07415999999999999
2489,0.01679
2490,0.0
2491,0.0
2492,0.0
2493,0.0
2494,0.0
2495,0.0
2496,0.0
2497,0.0
2498,0.0
2499,0.0
2500,0.0
2501,0.0
2502,0.023010000000000003
2503,0.06714
2504,0.13651
2505,0.12362000000000001
2506,0.14087
2507,0.20055
2508,0.15475999999999998
2509,0.16127
2510,0.10333
2511,0.08802
2512,0.045840000000000006
2513,0.02283
2514,0.0
2515,0.0
2516,0.0
2517,0.0
2518,0.0
2519,0.0
2520,0.0
2521,0.0
2522,0.0
2523,0.0
2524,0.0
2525,0.0
2526,0.02172
2527,0.07296
2528,0.11197
2529,0.19878
2530,0.18005000000000002
2531,0.2006
2532,0.15344
2533,0.10102
2534,0.14851
2535,0.10612
2536,0.08047
2537,0.023940000000000003
2538,0.0
2539,0.0
2540,0.0
2541,0.0
2542,0.0
2543,0.0
2544,0.0
2545,0.0
2546,0.0
2547,0.0
2548,0.0
2549,0.0
2550,0.02934
2551,0.06091
2552,0.07381
2553,0.09509999999999999
2554,0.10754000000000001
2555,0.13852
2556,0.13584000000000002
2557,0.16276
2558,0.10278
2559,0.07728
2560,0.06035
2561,0.016739999999999998
2562,0.0
2563,0.0
2564,0.0
2565,0.0
2566,0.0
2567,0.0
2568,0.0
2569,0.0
2570,0.0
2571,0.0
2572,0.0
2573,0.0
2574,0.02684
2575,0.10522
2576,0.17949
2577,0.19849
2578,0.22985
2579,0.21406
2580,0.11978
2581,0.13026
2582,0.15422999999999998
2583,0.13541
2584,0.06178
2585,0.02183
2586,0.0
2587,0.0
2588,0.0
2589,0.0
2590,0.0
2591,0.0
2592,0.0
2593,0.0
2594,0.0
2595,0.0
2596,0.0
2597,0.0
2598,0.031670000000000004
2599,0.11764
2600,0.14871
2601,0.2089
2602,0.30357999999999996
2603,0.29654
2604,0.28081
2605,0.29721
2606,0.23452
2607,0.16885
2608,0.0792
2609,0.019940000000000003
2610,0.0
2611,0.0
2612,0.0
2613,0.0
2614,0.0
2615,0.0
2616,0.0
2617,0.0
2618,0.0
2619,0.0
2620,0.0
2621,0.0
2622,0.02776
2623,0.10377
2624,0.16738
2625,0.18775
2626,0.20327
2627,0.23041
2628,0.19111
2629,0.18919999999999998
2630,0.1729
2631,0.15997999999999998
2632,0.08606
2633,0.02865
2634,0.0
2635,0.0
2636,0.0
2637,0.0
2638,0.0
2639,0.0
2640,0.0
2641,0.0
2642,0.0
2643,0.0
2644,0.0
2645,0.0
2646,0.023219999999999998
2647,0.10234
2648,0.12697
2649,0.15031999999999998
2650,0.17884
2651,0.20498
2652,0.18071
2653,0.23907
2654,0.16813999999999998
2655,0.13473
2656,0.08156000000000001
2657,0.01466
2658,0.0
2659,0.0
2660,0.0
2661,0.0
2662,0.0
2663,0.0
2664,0.0
2665,0.0
2666,0.0
2667,0.0
2668,0.0
2669,0.0
2670,0.02653
2671,0.08761
2672,0.14951
2673,0.16515000000000002
2674,0.15478999999999998
2675,0.15378
2676,0.19594
2677,0.16695
2678,0.14387
2679,0.09431
2680,0.0466
2681,0.01672
2682,0.0
2683,0.0
2684,0.0
2685,0.0
2686,0.0
2687,0.0
2688,0.0
2689,0.0
2690,0.0
2691,0.0
2692,0.0
2693,0.0
2694,0.02182
2695,0.0708
2696,0.07762999999999999
2697,0.10125
2698,0.09319
2699,0.09947
2700,0.10567
2701,0.10512
2702,0.09963
2703,0.07623
2704,0.06046
2705,0.01832
2706,0.0
2707,0.0
2708,0.0
2709,0.0
2710,0.0
2711,0.0
2712,0.0
2713,0.0
2714,0.0
2715,0.0
2716,0.0
2717,0.0
2718,0.03566
2719,0.08363
2720,0.131
2721,0.13565
2722,0.18485
2723,0.16869
2724,0.1633
2725,0.15313
2726,0.13777
2727,0.11651
2728,0.05385
2729,0.01623
2730,0.0
2731,0.0
2732,0.0
2733,0.0
2734,0.0
2735,0.0
2736,0.0
2737,0.0
2738,0.0
2739,0.0
2740,0.0
2741,0.0
2742,0.00779
2743,0.05968
2744,0.14037
2745,0.14859999999999998
2746,0.24891
2747,0.23558
2748,0.24146
2749,0.26635000000000003
2750,0.1358
2751,0.17315
2752,0.07288
2753,0.02034
2754,0.0
2755,0.0
2756,0.0
2757,0.0
2758,0.0
2759,0.0
2760,0.0
2761,0.0
2762,0.0
2763,0.0
2764,0.0
2765,0.0
2766,0.02647
2767,0.07066
2768,0.07731
2769,0.15018
2770,0.18243
2771,0.21468
2772,0.22794999999999999
2773,0.24333000000000002
2774,0.19177000000000002
2775,0.11678
2776,0.031670000000000004
2777,0.004200000000000001
2778,0.0
2779,0.0
2780,0.0
2781,0.0
2782,0.0
2783,0.0
2784,0.0
2785,0.0
2786,0.0
2787,0.0
2788,0.0
2789,0.0
2790,0.01329
2791,0.08990999999999999
2792,0.09584000000000001
2793,0.16992
2794,0.20409
2795,0.24562
2796,0.23811000000000002
2797,0.16105
2798,0.15625999999999998
2799,0.13899
2800,0.08045999999999999
2801,0.018699999999999998
2802,0.0
2803,0.0
2804,0.0
2805,0.0
2806,0.0
2807,0.0
2808,0.0
2809,0.0
2810,0.0
2811,0.0
2812,0.0
2813,0.0
2814,0.0263
2815,0.08677
2816,0.09999
2817,0.15969999999999998
2818,0.19432
2819,0.27282
2820,0.25373
2821,0.23307
2822,0.16513999999999998
2823,0.13763999999999998
2824,0.07853
2825,0.02413
2826,0.0
2827,0.0
2828,0.0
2829,0.0
2830,0.0
2831,0.0
2832,0.0
2833,0.0
2834,0.0
2835,0.0
2836,0.0
2837,0.0
2838,0.02137
2839,0.07729000000000001
2840,0.12819
2841,0.19418000000000002
2842,0.22740000000000002
2843,0.23559
2844,0.2353
2845,0.18699000000000002
2846,0.21959
2847,0.14931
2848,0.09675
2849,0.02364
2850,0.0
2851,0.0
2852,0.0
2853,0.0
2854,0.0
2855,0.0
2856,0.0
2857,0.0
2858,0.0
2859,0.0
2860,0.0
2861,0.0
2862,0.027440000000000003
2863,0.05509
2864,0.10125
2865,0.14906
2866,0.21375
2867,0.18196
2868,0.2409
2869,0.18506
2870,0.17915
2871,0.10937000000000001
2872,0.05422
2873,0.02535
2874,0.0
2875,0.0
2876,0.0
2877,0.0
2878,0.0
2879,0.0
2880,0.0
2881,0.0
2882,0.0
2883,0.0
2884,0.0
2885,0.0
2886,0.023350000000000003
2887,0.05854
2888,0.12147
2889,0.1149
2890,0.11809
2891,0.10056999999999999
2892,0.10198
2893,0.15549000000000002
2894,0.1444
2895,0.08253
2896,0.05711
2897,0.019129999999999998
2898,0.0
2899,0.0
2900,0.0
2901,0.0
2902,0.0
2903,0.0
2904,0.0
2905,0.0
2906,0.0
2907,0.0
2908,0.0
2909,0.0
2910,0.0182
2911,0.06422
2912,0.12444
2913,0.14166
2914,0.2081
2915,0.20983000000000002
2916,0.17052
2917,0.15148
2918,0.18183000000000002
2919,0.12976
2920,0.07182
2921,0.015529999999999999
2922,0.0
2923,0.0
2924,0.0
2925,0.0
2926,0.0
2927,0.0
2928,0.0
2929,0.0
2930,0.0
2931,0.0
2932,0.0
2933,0.0
2934,0.0247
2935,0.07579000000000001
2936,0.13240000000000002
2937,0.16312000000000001
2938,0.18034999999999998
2939,0.27367
2940,0.25639
2941,0.19691999999999998
2942,0.16523
2943,0.15078999999999998
2944,0.07009
2945,0.02118
2946,0.0
2947,0.0
2948,0.0
2949,0.0
2950,0.0
2951,0.0
2952,0.0
2953,0.0
2954,0.0
2955,0.0
2956,0.0
2957,0.0
2958,0.01702
2959,0.06166
2960,0.12857
2961,0.14721
2962,0.16815
2963,0.18144
2964,0.13598
2965,0.18832
2966,0.11037000000000001
2967,0.08055
2968,0.05097
2969,0.01445
2970,0.0
2971,0.0
2972,0.0
2973,0.0
2974,0.0
2975,0.0
2976,0.0
2977,0.0
2978,0.0
2979,0.0
2980,0.0
2981,0.0
2982,0.02609
2983,0.06294
2984,0.08597
2985,0.12757
2986,0.13146000000000002
2987,0.10834
2988,0.12658
2989,0.12093000000000001
2990,0.10865000000000001
2991,0.14171
2992,0.0863
2993,0.02591
2994,0.0
2995,0.0
2996,0.0
2997,0.0
2998,0.0
2999,0.0
3000,0.0
3001,0.0
3002,0.0
3003,0.0
3004,0.0
3005,0.0
3006,0.03442
3007,0.08043
3008,0.11576
3009,0.12323999999999999
3010,0.15152000000000002
3011,0.15859
3012,0.14114
3013,0.16656
3014,0.19875
3015,0.17003000000000001
3016,0.08895
3017,0.02524
3018,0.0
3019,0.0
3020,0.0
3021,0.0
3022,0.0
3023,0.0
3024,0.0
3025,0.0
3026,0.0
3027,0.0
3028,0.0
3029,0.0
3030,0.03349
3031,0.07265
3032,0.11159999999999999
3033,0.19573
3034,0.17819
3035,0.28552
3036,0.11957999999999999
3037,0.11564
3038,0.09470999999999999
3039,0.09065999999999999
3040,0.04309
3041,0.01559
3042,0.0
3043,0.0
3044,0.0
3045,0.0
3046,0.0
3047,0.0
3048,0.0
3049,0.0
3050,0.0
3051,0.0
3052,0.0
3053,0.0
3054,0.023629999999999998
3055,0.0588
3056,0.06758
3057,0.11228
3058,0.10698
3059,0.10216
3060,0.11404
3061,0.1253
3062,0.15578999999999998
3063,0.08014
3064,0.04536
3065,0.02228
3066,0.0
3067,0.0
3068,0.0
3069,0.0
3070,0.0
3071,0.0
3072,0.0
3073,0.0
3074,0.0
3075,0.0
3076,0.0
3077,0.0
3078,0.0343
3079,0.10042
3080,0.16008
3081,0.19725
3082,0.23802
3083,0.18111000000000002
3084,0.19128
3085,0.28413
3086,0.20242
3087,0.09118000000000001
3088,0.06556999999999999
3089,0.024329999999999997
3090,0.0
3091,0.0
3092,0.0
3093,0.0
3094,0.0
3095,0.0
3096,0.0
3097,0.0
3098,0.0
3099,0.0
3100,0.0
3101,0.0
3102,0.03551
3103,0.08762
3104,0.13296
3105,0.17465
3106,0.19524
3107,0.1965
3108,0.2331
3109,0.23272
3110,0.18488
3111,0.14956999999999998
3112,0.07492
3113,0.022850000000000002
3114,0.0
3115,0.0
3116,0.0
3117,0.0
3118,0.0
3119,0.0
3120,0.0
3121,0.0
3122,0.0
3123,0.0
3124,0.0
3125,0.0
3126,0.0368
3127,0.1217
3128,0.18447999999999998
3129,0.21806999999999999
3130,0.15875
3131,0.14405
3132,0.13438999999999998
3133,0.18108000000000002
3134,0.15938
3135,0.11237
3136,0.107
3137,0.03364
3138,0.0
3139,0.0
3140,0.0
3141,0.0
3142,0.0
3143,0.0
3144,0.0
3145,0.0
3146,0.0
3147,0.0
3148,0.0
3149,0.0
3150,0.04761
3151,0.09218000000000001
3152,0.13453
3153,0.14830000000000002
3154,0.19603
3155,0.18002
3156,0.17507
3157,0.25589
3158,0.23534
3159,0.1746
3160,0.08821
3161,0.02309
3162,0.0
3163,0.0
3164,0.0
3165,0.0
3166,0.0
3167,0.0
3168,0.0
3169,0.0
3170,0.0
3171,0.0
3172,0.0
3173,0.0
3174,0.03411
3175,0.09877
3176,0.13637
3177,0.19216
3178,0.13427
3179,0.19311
3180,0.19297
3181,0.24403999999999998
3182,0.20739
3183,0.15186000000000002
3184,0.08792
3185,0.01289
3186,0.0
3187,0.0
3188,0.0
3189,0.0
3190,0.0
3191,0.0
3192,0.0
3193,0.0
3194,0.0
3195,0.0
3196,0.0
3197,0.0
3198,0.032600000000000004
3199,0.07285
3200,0.11783
3201,0.14786000000000002
3202,0.17689
3203,0.185
3204,0.10403
3205,0.21149
3206,0.22749
3207,0.08187
3208,0.03613
3209,0.01905
3210,0.0
3211,0.0
3212,0.0
3213,0.0
3214,0.0
3215,0.0
3216,0.0
3217,0.0
3218,0.0
3219,0.0
3220,0.0
3221,0.0
3222,0.03979
3223,0.10348
3224,0.13669
3225,0.2124
3226,0.23256
3227,0.26879000000000003
3228,0.28549
3229,0.28784
3230,0.24108000000000002
3231,0.14043
3232,0.08777
3233,0.02174
3234,0.0
3235,0.0
3236,0.0
3237,0.0
3238,0.0
3239,0.0
3240,0.0
3241,0.0
3242,0.0
3243,0.0
3244,0.0
3245,0.0
3246,0.03363
3247,0.06515
3248,0.10797
3249,0.2292
3250,0.15944999999999998
3251,0.13807
3252,0.18653
3253,0.15087
3254,0.15766
3255,0.11312
3256,0.06412000000000001
3257,0.01226
3258,0.0
3259,0.0
3260,0.0
3261,0.0
3262,0.0
3263,0.0
3264,0.0
3265,0.0
3266,0.0
3267,0.0
3268,0.0
3269,0.0
3270,0.032479999999999995
3271,0.07654000000000001
3272,0.11759
3273,0.15866999999999998
3274,0.1185
3275,0.14997
3276,0.14584
3277,0.13468
3278,0.10415
3279,0.08832999999999999
3280,0.06584999999999999
3281,0.02144
3282,0.0
3283,0.0
3284,0.0
3285,0.0
3286,0.0
3287,0.0
3288,0.0
3289,0.0
3290,0.0
3291,0.0
3292,0.0
3293,0.0
3294,0.032159999999999994
3295,0.09583
3296,0.09282
3297,0.14061
3298,0.14572
3299,0.14193
3300,0.15897
3301,0.15328
3302,0.13416
3303,0.09786
3304,0.061509999999999995
3305,0.02048
3306,0.0
3307,0.0
3308,0.0
3309,0.0
3310,0.0
3311,0.0
3312,0.0
3313,0.0
3314,0.0
3315,0.0
3316,0.0
3317,0.0
3318,0.02767
3319,0.10933
3320,0.16429
3321,0.21202000000000001
3322,0.28114
3323,0.22383
3324,0.2009
3325,0.20037
3326,0.15513
3327,0.11802
3328,0.07134
3329,0.01933
3330,0.0
3331,0.0
3332,0.0
3333,0.0
3334,0.0
3335,0.0
3336,0.0
3337,0.0
3338,0.0
3339,0.0
3340,0.0
3341,0.0
3342,0.00697
3343,0.033049999999999996
3344,0.12082999999999999
3345,0.18466
3346,0.19579
3347,0.22019999999999998
3348,0.21143
3349,0.16631
3350,0.09978000000000001
3351,0.08953
3352,0.03768
3353,0.013869999999999999
3354,0.0
3355,0.0
3356,0.0
3357,0.0
3358,0.0
3359,0.0
3360,0.0
3361,0.0
3362,0.0
3363,0.0
3364,0.0
3365,0.0
3366,0.01251
3367,0.060450000000000004
3368,0.14855000000000002
3369,0.14324
3370,0.20363
3371,0.17895
3372,0.26145999999999997
3373,0.2036
3374,0.17361000000000001
3375,0.14216
3376,0.04959
3377,0.019170000000000003
3378,0.0
3379,0.0
3380,0.0
3381,0.0
3382,0.0
3383,0.0
3384,0.0
3385,0.0
3386,0.0
3387,0.0
3388,0.0
3389,0.0
3390,0.024829999999999998
3391,0.07987000000000001
3392,0.10031999999999999
3393,0.14265
3394,0.18584
3395,0.18008000000000002
3396,0.13897
3397,0.14622
3398,0.16490000000000002
3399,0.12469
3400,0.052039999999999996
3401,0.017070000000000002
3402,0.0
3403,0.0
3404,0.0
3405,0.0
3406,0.0
3407,0.0
3408,0.0
3409,0.0
3410,0.0
3411,0.0
3412,0.0
3413,0.0
3414,0.02321
3415,0.07284
3416,0.12975
3417,0.19146000000000002
3418,0.18681999999999999
3419,0.15831
3420,0.12514
3421,0.16416
3422,0.15812
3423,0.07554999999999999
3424,0.06715
3425,0.027399999999999997
3426,0.0
3427,0.0
3428,0.0
3429,0.0
3430,0.0
3431,0.0
3432,0.0
3433,0.0
3434,0.0
3435,0.0
3436,0.0
3437,0.0
3438,0.02558
3439,0.08828
3440,0.14921
3441,0.15403999999999998
3442,0.17387
3443,0.19604
3444,0.11598
3445,0.18728999999999998
3446,0.17847
3447,0.08463
3448,0.0456
3449,0.019579999999999997
3450,0.0
3451,0.0
3452,0.0
3453,0.0
3454,0.0
3455,0.0
3456,0.0
3457,0.0
3458,0.0
3459,0.0
3460,0.0
3461,0.0
3462,0.03365
3463,0.06973
3464,0.14521
3465,0.22134
3466,0.24613
3467,0.28316
3468,0.25079
3469,0.25064
3470,0.24509
3471,0.15997
3472,0.08707
3473,0.02462
3474,0.0
3475,0.0
3476,0.0
3477,0.0
3478,0.0
3479,0.0
3480,0.0
3481,0.0
3482,0.0
3483,0.0
3484,0.0
3485,0.0
3486,0.016649999999999998
3487,0.059090000000000004
3488,0.1453
3489,0.2015
3490,0.20415
3491,0.28608999999999996
3492,0.25545
3493,0.245
3494,0.16403
3495,0.09817000000000001
3496,0.07789
3497,0.02528
3498,0.0
3499,0.0
3500,0.0
3501,0.0
3502,0.0
3503,0.0
3504,0.0
3505,0.0
3506,0.0
3507,0.0
3508,0.0
3509,0.0
3510,0.03723
3511,0.09404000000000001
3512,0.13638
3513,0.15124
3514,0.18708000000000002
3515,0.2345
3516,0.25073
3517,0.21908000000000002
3518,0.21925
3519,0.09207
3520,0.08628
3521,0.023329999999999997
3522,0.0
3523,0.0
3524,0.0
3525,0.0
3526,0.0
3527,0.0
3528,0.0
3529,0.0
3530,0.0
3531,0.0
3532,0.0
3533,0.0
3534,0.023399999999999997
3535,0.07224
3536,0.08694
3537,0.09209999999999999
3538,0.13674
3539,0.09828
3540,0.14557
3541,0.19066999999999998
3542,0.17107
3543,0.07817
3544,0.06364
3545,0.02955
3546,0.0
3547,0.0
3548,0.0
3549,0.0
3550,0.0
3551,0.0
3552,0.0
3553,0.0
3554,0.0
3555,0.0
3556,0.0
3557,0.0
3558,0.032600000000000004
3559,0.07901999999999999
3560,0.1013
3561,0.12642
3562,0.12735
3563,0.17093
3564,0.16585
3565,0.1032
3566,0.10211
3567,0.10563
3568,0.07626999999999999
3569,0.02428
3570,0.0
3571,0.0
3572,0.0
3573,0.0
3574,0.0
3575,0.0
3576,0.0
3577,0.0
3578,0.0
3579,0.0
3580,0.0
3581,0.0
3582,0.03864
3583,0.09905
3584,0.14208
3585,0.17771
3586,0.19422
3587,0.19288
3588,0.14709
3589,0.1709
3590,0.12375
3591,0.11725
3592,0.06502
3593,0.02237
3594,0.0
3595,0.0
3596,0.0
3597,0.0
3598,0.0
3599,0.0
3600,0.0
3601,0.0
3602,0.0
3603,0.0
3604,0.0
3605,0.0
3606,0.030289999999999997
3607,0.05098
3608,0.07102
3609,0.1775
3610,0.22763
3611,0.24487
3612,0.23956
3613,0.19695
3614,0.13939
3615,0.15378
3616,0.0729
3617,0.02923
3618,0.0
3619,0.0
3620,0.0
3621,0.0
3622,0.0
3623,0.0
3624,0.0
3625,0.0
3626,0.0
3627,0.0
3628,0.0
3629,0.0
3630,0.0354
3631,0.09733
3632,0.11417000000000001
3633,0.14675
3634,0.16154
3635,0.27021
3636,0.25219
3637,0.18718
3638,0.23009000000000002
3639,0.15064
3640,0.08654
3641,0.02791
3642,0.0
3643,0.0
3644,0.0
3645,0.0
3646,0.0
3647,0.0
3648,0.0
3649,0.0
3650,0.0
3651,0.0
3652,0.0
3653,0.0
3654,0.031030000000000002
3655,0.1037
3656,0.13992
3657,0.19434
3658,0.24157
3659,0.20882
3660,0.18987
3661,0.2726
3662,0.17109
3663,0.12665
3664,0.06559999999999999
3665,0.01844
3666,0.0
3667,0.0
3668,0.0
3669,0.0
3670,0.0
3671,0.0
3672,0.0
3673,0.0
3674,0.0
3675,0.0
3676,0.0
3677,0.0
3678,0.02649
3679,0.09643
3680,0.10497
3681,0.13075
3682,0.12054999999999999
3683,0.14527
3684,0.15265
3685,0.10633
3686,0.10337
3687,0.09137999999999999
3688,0.08209999999999999
3689,0.02221
3690,0.0
3691,0.0
3692,0.0
3693,0.0
3694,0.0
3695,0.0
3696,0.0
3697,0.0
3698,0.0
3699,0.0
3700,0.0
3701,0.0
3702,0.02497
3703,0.07770999999999999
3704,0.13151
3705,0.15505000000000002
3706,0.14993
3707,0.1235
3708,0.14786000000000002
3709,0.20578
3710,0.12703
3711,0.11069
3712,0.06374
3713,0.02801
3714,0.0
3715,0.0
3716,0.0
3717,0.0
3718,0.0
3719,0.0
3720,0.0
3721,0.0
3722,0.0
3723,0.0
3724,0.0
3725,0.0
3726,0.0264
3727,0.06694
3728,0.11858
3729,0.15693000000000001
3730,0.15606
3731,0.155
3732,0.17335
3733,0.15344
3734,0.11673
3735,0.16111
3736,0.09076000000000001
3737,0.03053
3738,0.0
3739,0.0
3740,0.0
3741,0.0
3742,0.0
3743,0.0
3744,0.0
3745,0.0
3746,0.0
3747,0.0
3748,0.0
3749,0.0
3750,0.02816
3751,0.08588
3752,0.10762999999999999
3753,0.14578
3754,0.17178
3755,0.1968
3756,0.26289999999999997
3757,0.22341999999999998
3758,0.21099
3759,0.16398
3760,0.10531
3761,0.03595
3762,0.0
3763,0.0
3764,0.0
3765,0.0
3766,0.0
3767,0.0
3768,0.0
3769,0.0
3770,0.0
3771,0.0
3772,0.0
3773,0.0
3774,0.04275
3775,0.10579000000000001
3776,0.17909
3777,0.20469
3778,0.24423
3779,0.293
3780,0.25809
3781,0.23506
3782,0.19641
3783,0.14659
3784,0.08336
3785,0.02076
3786,0.0
3787,0.0
3788,0.0
3789,0.0
3790,0.0
3791,0.0
3792,0.0
3793,0.0
3794,0.0
3795,0.0
3796,0.0
3797,0.0
3798,0.018600000000000002
3799,0.05938
3800,0.1226
3801,0.2201
3802,0.2815
3803,0.2954
3804,0.30651999999999996
3805,0.2647
3806,0.22877
3807,0.10312
3808,0.05093
3809,0.02023
3810,0.0
3811,0.0
3812,0.0
3813,0.0
3814,0.0
3815,0.0
3816,0.0
3817,0.0
3818,0.0
3819,0.0
3820,0.0
3821,0.0
3822,0.03494
3823,0.10525
3824,0.17321
3825,0.19568000000000002
3826,0.20311
3827,0.22409
3828,0.24023
3829,0.27674
3830,0.2086
3831,0.17038999999999999
3832,0.09567
3833,0.03169
3834,0.0
3835,0.0
3836,0.0
3837,0.0
3838,0.0
3839,0.0
3840,0.0
3841,0.0
3842,0.0
3843,0.0
3844,0.0
3845,0.0
3846,0.03452
3847,0.09028
3848,0.12145
3849,0.13757
3850,0.18544999999999998
3851,0.24549
3852,0.28028
3853,0.16138
3854,0.18774000000000002
3855,0.13944
3856,0.08956
3857,0.02794
3858,0.0
3859,0.0
3860,0.0
3861,0.0
3862,0.0
3863,0.0
3864,0.0
3865,0.0
3866,0.0
3867,0.0
3868,0.0
3869,0.0
3870,0.0324
3871,0.07433
3872,0.10282
3873,0.10737999999999999
3874,0.10858
3875,0.12571
3876,0.12082
3877,0.14821
3878,0.11176
3879,0.11248999999999999
3880,0.10022
3881,0.02492
3882,0.0
3883,0.0
3884,0.0
3885,0.0
3886,0.0
3887,0.0
3888,0.0
3889,0.0
3890,0.0
3891,0.0
3892,0.0
3893,0.0
3894,0.02557
3895,0.07003
3896,0.07908
3897,0.15408000000000002
3898,0.14409
3899,0.2132
3900,0.24649000000000001
3901,0.13078
3902,0.18215
3903,0.13653
3904,0.09623999999999999
3905,0.02887
3906,0.0
3907,0.0
3908,0.0
3909,0.0
3910,0.0
3911,0.0
3912,0.0
3913,0.0
3914,0.0
3915,0.0
3916,0.0
3917,0.0
3918,0.03162
3919,0.07658
3920,0.15966
3921,0.22005000000000002
3922,0.25552
3923,0.28624
3924,0.29313
3925,0.15681
3926,0.14831999999999998
3927,0.1554
3928,0.07834999999999999
3929,0.01528
3930,0.0
3931,0.0
3932,0.0
3933,0.0
3934,0.0
3935,0.0
3936,0.0
3937,0.0
3938,0.0
3939,0.0
3940,0.0
3941,0.0
3942,0.03084
3943,0.08926
3944,0.13513999999999998
3945,0.21802000000000002
3946,0.17667
3947,0.20083
3948,0.20887999999999998
3949,0.19523
3950,0.10554999999999999
3951,0.14846
3952,0.08048000000000001
3953,0.03016
3954,0.0
3955,0.0
3956,0.0
3957,0.0
3958,0.0
3959,0.0
3960,0.0
3961,0.0
3962,0.0
3963,0.0
3964,0.0
3965,0.0
3966,0.02878
3967,0.06705
3968,0.1323
3969,0.15397999999999998
3970,0.16842
3971,0.23137
3972,0.26556
3973,0.21957
3974,0.13322
3975,0.11867
3976,0.09433
3977,0.030600000000000002
3978,0.0
3979,0.0
3980,0.0
3981,0.0
3982,0.0
3983,0.0
3984,0.0
3985,0.0
3986,0.0
3987,0.0
3988,0.0
3989,0.0
3990,0.03087
3991,0.09808
3992,0.12372
3993,0.22744
3994,0.21331
3995,0.2389
3996,0.24062
3997,0.20017
3998,0.17947
3999,0.06808
4000,0.07488
4001,0.02807
4002,0.0
4003,0.0
4004,0.0
4005,0.0
4006,0.0
4007,0.0
4008,0.0
4009,0.0
4010,0.0
4011,0.0
4012,0.0
4013,0.0
4014,0.03853
4015,0.10701999999999999
4016,0.15711000000000003
4017,0.20453
4018,0.26162
4019,0.30427
4020,0.23073
4021,0.2297
4022,0.20677
4023,0.15056999999999998
4024,0.07454000000000001
4025,0.02498
4026,0.0
4027,0.0
4028,0.0
4029,0.0
4030,0.0
4031,0.0
4032,0.0
4033,0.0
4034,0.0
4035,0.0
4036,0.0
4037,0.0
4038,0.03588
4039,0.10031999999999999
4040,0.11202
4041,0.1574
4042,0.17272
4043,0.19946
4044,0.20537
4045,0.24227
4046,0.19004
4047,0.11635
4048,0.09465000000000001
4049,0.03364
4050,0.0
4051,0.0
4052,0.0
4053,0.0
4054,0.0
4055,0.0
4056,0.0
4057,0.0
4058,0.0
4059,0.0
4060,0.0
4061,0.0
4062,0.020989999999999998
4063,0.08499
4064,0.18192
4065,0.21072
4066,0.23489
4067,0.17787999999999998
4068,0.26087
4069,0.21733000000000002
4070,0.19035
4071,0.13973
4072,0.08278
4073,0.027260000000000003
4074,0.0
4075,0.0
4076,0.0
4077,0.0
4078,0.0
4079,0.0
4080,0.0
4081,0.0
4082,0.0
4083,0.0
4084,0.0
4085,0.0
4086,0.02462
4087,0.08996
4088,0.12966999999999998
4089,0.18243
4090,0.21922
4091,0.25038
4092,0.23475
4093,0.23355
4094,0.15806
4095,0.15206999999999998
4096,0.049640000000000004
4097,0.00942
4098,0.0
4099,0.0
4100,0.0
4101,0.0
4102,0.0
4103,0.0
4104,0.0
4105,0.0
4106,0.0
4107,0.0
4108,0.0
4109,0.0
4110,0.02471
4111,0.07386
4112,0.08388
4113,0.1267
4114,0.15831
4115,0.25244
4116,0.298
4117,0.20505
4118,0.11952
4119,0.14091
4120,0.09297
4121,0.03139
4122,0.0
4123,0.0
4124,0.0
4125,0.0
4126,0.0
4127,0.0
4128,0.0
4129,0.0
4130,0.0
4131,0.0
4132,0.0
4133,0.0
4134,0.02776
4135,0.10984000000000001
4136,0.16504
4137,0.20474
4138,0.2353
4139,0.25772
4140,0.23589
4141,0.24438
4142,0.17353
4143,0.10175
4144,0.05119
4145,0.03202
4146,0.0
4147,0.0
4148,0.0
4149,0.0
4150,0.0
4151,0.0
4152,0.0
4153,0.0
4154,0.0
4155,0.0
4156,0.0
4157,0.0
4158,0.02653
4159,0.05912
4160,0.10975
4161,0.12991999999999998
4162,0.17391
4163,0.16047
4164,0.15800999999999998
4165,0.17951
4166,0.13003
4167,0.14724
4168,0.08990999999999999
4169,0.03853
4170,0.0
4171,0.0
4172,0.0
4173,0.0
4174,0.0
4175,0.0
4176,0.0
4177,0.0
4178,0.0
4179,0.0
4180,0.0
4181,0.0
4182,0.019190000000000002
4183,0.08206000000000001
4184,0.12835
4185,0.16629
4186,0.16219999999999998
4187,0.16440000000000002
4188,0.13527
4189,0.12715
4190,0.18289
4191,0.15715
4192,0.10378
4193,0.03824
4194,0.0
4195,0.0
4196,0.0
4197,0.0
4198,0.0
4199,0.0
4200,0.0
4201,0.0
4202,0.0
4203,0.0
4204,0.0
4205,0.0
4206,0.02555
4207,0.06334000000000001
4208,0.08251
4209,0.1326
4210,0.17903
4211,0.13494
4212,0.11208
4213,0.25648000000000004
4214,0.17402
4215,0.06733
4216,0.09057
4217,0.03816
4218,0.0
4219,0.0
4220,0.0
4221,0.0
4222,0.0
4223,0.0
4224,0.0
4225,0.0
4226,0.0
4227,0.0
4228,0.0
4229,0.0
4230,0.02922
4231,0.09073
4232,0.15675
4233,0.23899
4234,0.25252
4235,0.15231
4236,0.21046
4237,0.23849
4238,0.19619
4239,0.1374
4240,0.10303
4241,0.030260000000000002
4242,0.0
4243,0.0
4244,0.0
4245,0.0
4246,0.0
4247,0.0
4248,0.0
4249,0.0
4250,0.0
4251,0.0
4252,0.0
4253,0.0
4254,0.00664
4255,0.039020000000000006
4256,0.053700000000000005
4257,0.14489
4258,0.26962
4259,0.29748
4260,0.27504
4261,0.25747000000000003
4262,0.21758000000000002
4263,0.09843
4264,0.05904
4265,0.02139
4266,0.0
4267,0.0
4268,0.0
4269,0.0
4270,0.0
4271,0.0
4272,0.0
4273,0.0
4274,0.0
4275,0.0
4276,0.0
4277,0.0
4278,0.02628
4279,0.07384
4280,0.12287000000000001
4281,0.15437
4282,0.19475
4283,0.14383
4284,0.16196000000000002
4285,0.19933
4286,0.19302
4287,0.17715999999999998
4288,0.07701000000000001
4289,0.033100000000000004
4290,0.0
4291,0.0
4292,0.0
4293,0.0
4294,0.0
4295,0.0
4296,0.0
4297,0.0
4298,0.0
4299,0.0
4300,0.0
4301,0.0
4302,0.02212
4303,0.055920000000000004
4304,0.10329
4305,0.11345999999999999
4306,0.10583
4307,0.15256
4308,0.19793
4309,0.19705
4310,0.18930000000000002
4311,0.15832
4312,0.08911
4313,0.03464
4314,0.0
4315,0.0
4316,0.0
4317,0.0
4318,0.0
4319,0.0
4320,0.0
4321,0.0
4322,0.0
4323,0.0
4324,0.0
4325,0.0
4326,0.03372
4327,0.08017
4328,0.14934
4329,0.18051
4330,0.19137
4331,0.16909
4332,0.17661000000000002
4333,0.21805000000000002
4334,0.13405
4335,0.16109
4336,0.08775
4337,0.02485
4338,0.0
4339,0.0
4340,0.0
4341,0.0
4342,0.0
4343,0.0
4344,0.0
4345,0.0
4346,0.0
4347,0.0
4348,0.0
4349,0.0
4350,0.02053
4351,0.07175
4352,0.06928
4353,0.10948000000000001
4354,0.1436
4355,0.20074
4356,0.23062
4357,0.23587
4358,0.24653
4359,0.13244999999999998
4360,0.08359
4361,0.02169
4362,0.0
4363,0.0
4364,0.0
4365,0.0
4366,0.0
4367,0.0
4368,0.0
4369,0.0
4370,0.0
4371,0.0
4372,0.0
4373,0.0
4374,0.02804
4375,0.10956
4376,0.16404
4377,0.23165
4378,0.19558
4379,0.22966
4380,0.30057999999999996
4381,0.19444999999999998
4382,0.17486000000000002
4383,0.15716999999999998
4384,0.08699
4385,0.026600000000000002
4386,0.0
4387,0.0
4388,0.0
4389,0.0
4390,0.0
4391,0.0
4392,0.0
4393,0.0
4394,0.0
4395,0.0
4396,0.0
4397,0.0
4398,0.014
4399,0.08819
4400,0.12899000000000002
4401,0.21353
4402,0.25514
4403,0.25382
4404,0.26627999999999996
4405,0.21091
4406,0.17251
4407,0.15955000000000003
4408,0.10373
4409,0.0324
4410,0.0
4411,0.0
4412,0.0
4413,0.0
4414,0.0
4415,0.0
4416,0.0
4417,0.0
4418,0.0
4419,0.0
4420,0.0
4421,0.0
4422,0.02804
4423,0.05993
4424,0.11287
4425,0.12940000000000002
4426,0.20305
4427,0.17579
4428,0.23101
4429,0.24177
4430,0.17936000000000002
4431,0.11003
4432,0.07415000000000001
4433,0.02081
4434,0.0
4435,0.0
4436,0.0
4437,0.0
4438,0.0
4439,0.0
4440,0.0
4441,0.0
4442,0.0
4443,0.0
4444,0.0
4445,0.0
4446,0.0207
4447,0.08335
4448,0.13746
4449,0.13475
4450,0.13527
4451,0.22002000000000002
4452,0.14793
4453,0.22804
4454,0.17052
4455,0.14699
4456,0.08855
4457,0.01095
4458,0.0
4459,0.0
4460,0.0
4461,0.0
4462,0.0
4463,0.0
4464,0.0
4465,0.0
4466,0.0
4467,0.0
4468,0.0
4469,0.0
4470,0.024460000000000003
4471,0.0564
4472,0.08879000000000001
4473,0.11093
4474,0.12771
4475,0.15987
4476,0.16506
4477,0.18966
4478,0.11728
4479,0.15712
4480,0.08488
4481,0.033
4482,0.0
4483,0.0
4484,0.0
4485,0.0
4486,0.0
4487,0.0
4488,0.0
4489,0.0
4490,0.0
4491,0.0
4492,0.0
4493,0.0
4494,0.023039999999999998
4495,0.06889
4496,0.11377
4497,0.14884999999999998
4498,0.13669
4499,0.17187
4500,0.17867
4501,0.27336
4502,0.19061
4503,0.13577
4504,0.10492
4505,0.03676
4506,0.0
4507,0.0
4508,0.0
4509,0.0
4510,0.0
4511,0.0
4512,0.0
4513,0.0
4514,0.0
4515,0.0
4516,0.0
4517,0.0
4518,0.024120000000000003
4519,0.08782999999999999
4520,0.15897999999999998
4521,0.23309
4522,0.2707
4523,0.25403
4524,0.16536
4525,0.29279
4526,0.20604
4527,0.17674
4528,0.0849
4529,0.026449999999999998
4530,0.0
4531,0.0
4532,0.0
4533,0.0
4534,0.0
4535,0.0
4536,0.0
4537,0.0
4538,0.0
4539,0.0
4540,0.0
4541,0.0
4542,0.0174
4543,0.05974
4544,0.07644
4545,0.15912
4546,0.18487
4547,0.18328
4548,0.21647
4549,0.20415
4550,0.20065
4551,0.13081
4552,0.07031
4553,0.039880000000000006
4554,0.0
4555,0.0
4556,0.0
4557,0.0
4558,0.0
4559,0.0
4560,0.0
4561,0.0
4562,0.0
4563,0.0
4564,0.0
4565,0.0
4566,0.019379999999999998
4567,0.04961
4568,0.07628
4569,0.1038
4570,0.10475
4571,0.13438999999999998
4572,0.18678999999999998
4573,0.1436
4574,0.16333
4575,0.15466
4576,0.09575
4577,0.03254
4578,0.0
4579,0.0
4580,0.0
4581,0.0
4582,0.0
4583,0.0
4584,0.0
4585,0.0
4586,0.0
4587,0.0
4588,0.0
4589,0.0
4590,0.019559999999999998
4591,0.077
4592,0.15508000000000002
4593,0.22115
4594,0.25353
4595,0.27215
4596,0.30407
4597,0.23037
4598,0.15397999999999998
4599,0.15665
4600,0.05504
4601,0.02376
4602,0.0
4603,0.0
4604,0.0
4605,0.0
4606,0.0
4607,0.0
4608,0.0
4609,0.0
4610,0.0
4611,0.0
4612,0.0
4613,0.0
4614,0.02809
4615,0.09587999999999999
4616,0.13041
4617,0.17526
4618,0.19115000000000001
4619,0.22422999999999998
4620,0.26236000000000004
4621,0.26941000000000004
4622,0.20737
4623,0.16481
4624,0.08511
4625,0.03616
4626,0.0
4627,0.0
4628,0.0
4629,0.0
4630,0.0
4631,0.0
4632,0.0
4633,0.0
4634,0.0
4635,0.0
4636,0.0
4637,0.0
4638,0.02086
4639,0.07434
4640,0.14196999999999999
4641,0.19715
4642,0.19341999999999998
4643,0.21556999999999998
4644,0.24211000000000002
4645,0.19216999999999998
4646,0.17165
4647,0.13176
4648,0.07017
4649,0.027960000000000002
4650,0.0
4651,0.0
4652,0.0
4653,0.0
4654,0.0
4655,0.0
4656,0.0
4657,0.0
4658,0.0
4659,0.0
4660,0.0
4661,0.0
4662,0.02484
4663,0.07931
4664,0.11045
4665,0.13865
4666,0.16729
4667,0.213
4668,0.22588
4669,0.21578999999999998
4670,0.18907
4671,0.15109
4672,0.08654
4673,0.01405
4674,0.0
4675,0.0
4676,0.0
4677,0.0
4678,0.0
4679,0.0
4680,0.0
4681,0.0
4682,0.0
4683,0.0
4684,0.0
4685,0.0
4686,0.026350000000000002
4687,0.08102
4688,0.12877000000000002
4689,0.18268
4690,0.22294
4691,0.23849
4692,0.18325999999999998
4693,0.23066
4694,0.18957
4695,0.07809999999999999
4696,0.038450000000000005
4697,0.0176
4698,0.0
4699,0.0
4700,0.0
4701,0.0
4702,0.0
4703,0.0
4704,0.0
4705,0.0
4706,0.0
4707,0.0
4708,0.0
4709,0.0
4710,0.01266
4711,0.059340000000000004
4712,0.10845999999999999
4713,0.19004
4714,0.2164
4715,0.25011
4716,0.20546
4717,0.20433
4718,0.16835
4719,0.17565
4720,0.06764
4721,0.01213
4722,0.0
4723,0.0
4724,0.0
4725,0.0
4726,0.0
4727,0.0
4728,0.0
4729,0.0
4730,0.0
4731,0.0
4732,0.0
4733,0.0
4734,0.01822
4735,0.08536
4736,0.16144
4737,0.17956999999999998
4738,0.23917
4739,0.24825
4740,0.24613
4741,0.26639999999999997
4742,0.21715
4743,0.1346
4744,0.04521
4745,0.009300000000000001
4746,0.0
4747,0.0
4748,0.0
4749,0.0
4750,0.0
4751,0.0
4752,0.0
4753,0.0
4754,0.0
4755,0.0
4756,0.0
4757,0.0
4758,0.02572
4759,0.0675
4760,0.0884
4761,0.16174000000000002
4762,0.20575
4763,0.16543
4764,0.15042
4765,0.22522
4766,0.11473
4767,0.1017
4768,0.06874
4769,0.03021
4770,0.0
4771,0.0
4772,0.0
4773,0.0
4774,0.0
4775,0.0
4776,0.0
4777,0.0
4778,0.0
4779,0.0
4780,0.0
4781,0.0
4782,0.02441
4783,0.08404
4784,0.11054
4785,0.16573
4786,0.19112
4787,0.19090000000000001
4788,0.17364
4789,0.17955000000000002
4790,0.19722
4791,0.17455
4792,0.09554
4793,0.03469
4794,0.0
4795,0.0
4796,0.0
4797,0.0
4798,0.0
4799,0.0
4800,0.0
4801,0.0
4802,0.0
4803,0.0
4804,0.0
4805,0.0
4806,0.0188
4807,0.06257
4808,0.11613
4809,0.09731999999999999
4810,0.11688
4811,0.12225
4812,0.18137999999999999
4813,0.18073
4814,0.15228999999999998
4815,0.14064
4816,0.08076
4817,0.03313
4818,0.0
4819,0.0
4820,0.0
4821,0.0
4822,0.0
4823,0.0
4824,0.0
4825,0.0
4826,0.0
4827,0.0
4828,0.0
4829,0.0
4830,0.023
4831,0.06979
4832,0.12789
4833,0.18727000000000002
4834,0.16724
4835,0.25906999999999997
4836,0.16922
4837,0.10864
4838,0.14391
4839,0.13929
4840,0.0626
4841,0.0178
4842,0.0
4843,0.0
4844,0.0
4845,0.0
4846,0.0
4847,0.0
4848,0.0
4849,0.0
4850,0.0
4851,0.0
4852,0.0
4853,0.0
4854,0.0277
4855,0.07736
4856,0.11508
4857,0.15563999999999997
4858,0.15762
4859,0.22249000000000002
4860,0.20823
4861,0.25034
4862,0.1866
4863,0.13582
4864,0.11281999999999999
4865,0.03867
4866,0.0
4867,0.0
4868,0.0
4869,0.0
4870,0.0
4871,0.0
4872,0.0
4873,0.0
4874,0.0
4875,0.0
4876,0.0
4877,0.0
4878,0.0206
4879,0.05532
4880,0.08543
4881,0.14147
4882,0.15043
4883,0.1472
4884,0.12843000000000002
4885,0.15317
4886,0.18291
4887,0.11456000000000001
4888,0.10044
4889,0.029769999999999998
4890,0.0
4891,0.0
4892,0.0
4893,0.0
4894,0.0
4895,0.0
4896,0.0
4897,0.0
4898,0.0
4899,0.0
4900,0.0
4901,0.0
4902,0.02534
4903,0.06431999999999999
4904,0.08370999999999999
4905,0.08131000000000001
4906,0.11090000000000001
4907,0.11882
4908,0.12621
4909,0.21078
4910,0.1678
4911,0.1467
4912,0.1009
4913,0.02862
4914,0.0
4915,0.0
4916,0.0
4917,0.0
4918,0.0
4919,0.0
4920,0.0
4921,0.0
4922,0.0
4923,0.0
4924,0.0
4925,0.0
4926,0.01638
4927,0.06845
4928,0.10351
4929,0.11134000000000001
4930,0.15694999999999998
4931,0.1729
4932,0.16312000000000001
4933,0.15494999999999998
4934,0.13483
4935,0.10435
4936,0.056350000000000004
4937,0.02603
4938,0.0
4939,0.0
4940,0.0
4941,0.0
4942,0.0
4943,0.0
4944,0.0
4945,0.0
4946,0.0
4947,0.0
4948,0.0
4949,0.0
4950,0.01434
4951,0.08662
4952,0.12315000000000001
4953,0.15941999999999998
4954,0.21725999999999998
4955,0.20443
4956,0.21184999999999998
4957,0.19766
4958,0.21775
4959,0.17543
4960,0.09966
4961,0.0384
4962,0.0
4963,0.0
4964,0.0
4965,0.0
4966,0.0
4967,0.0
4968,0.0
4969,0.0
4970,0.0
4971,0.0
4972,0.0
4973,0.0
4974,0.01765
4975,0.09637000000000001
4976,0.17326
4977,0.23397
4978,0.25052
4979,0.27382999999999996
4980,0.24537
4981,0.26788999999999996
4982,0.18372
4983,0.16335
4984,0.06858
4985,0.00917
4986,0.0
4987,0.0
4988,0.0
4989,0.0
4990,0.0
4991,0.0
4992,0.0
4993,0.0
4994,0.0
4995,0.0
4996,0.0
4997,0.0
4998,0.0155
4999,0.08249
5000,0.15941999999999998
5001,0.2296
5002,0.28366
5003,0.26446
5004,0.18975
5005,0.21762
5006,0.19746
5007,0.15572
5008,0.09619
5009,0.020300000000000002
5010,0.0
5011,0.0
5012,0.0
5013,0.0
5014,0.0
5015,0.0
5016,0.0
5017,0.0
5018,0.0
5019,0.0
5020,0.0
5021,0.0
5022,0.01767
5023,0.09648999999999999
5024,0.1363
5025,0.21174
5026,0.20219
5027,0.26559
5028,0.236
5029,0.23857
5030,0.21053
5031,0.15416999999999997
5032,0.09663
5033,0.031010000000000003
5034,0.0
5035,0.0
5036,0.0
5037,0.0
5038,0.0
5039,0.0
5040,0.0
5041,0.0
5042,0.0
5043,0.0
5044,0.0
5045,0.0
5046,0.0232
5047,0.08128
5048,0.13703
5049,0.20492
5050,0.16833
5051,0.13699
5052,0.12181
5053,0.13696
5054,0.1889
5055,0.1692
5056,0.09569
5057,0.02555
5058,0.0
5059,0.0
5060,0.0
5061,0.0
5062,0.0
5063,0.0
5064,0.0
5065,0.0
5066,0.0
5067,0.0
5068,0.0
5069,0.0
5070,0.026670000000000003
5071,0.08832999999999999
5072,0.15030000000000002
5073,0.19185
5074,0.16682
5075,0.22903
5076,0.14542
5077,0.23336
5078,0.21453999999999998
5079,0.15299000000000001
5080,0.09822
5081,0.037579999999999995
5082,0.0
5083,0.0
5084,0.0
5085,0.0
5086,0.0
5087,0.0
5088,0.0
5089,0.0
5090,0.0
5091,0.0
5092,0.0
5093,0.0
5094,0.018539999999999997
5095,0.0837
5096,0.10629000000000001
5097,0.15152000000000002
5098,0.19036
5099,0.21525
5100,0.22549
5101,0.19078
5102,0.19899
5103,0.10266
5104,0.09118000000000001
5105,0.02647
5106,0.0
5107,0.0
5108,0.0
5109,0.0
5110,0.0
5111,0.0
5112,0.0
5113,0.0
5114,0.0
5115,0.0
5116,0.0
5117,0.0
5118,0.02231
5119,0.08882
5120,0.13586
5121,0.17294
5122,0.13519
5123,0.15574000000000002
5124,0.15841999999999998
5125,0.21497999999999998
5126,0.16961
5127,0.15277000000000002
5128,0.09756000000000001
5129,0.02847
5130,0.0
5131,0.0
5132,0.0
5133,0.0
5134,0.0
5135,0.0
5136,0.0
5137,0.0
5138,0.0
5139,0.0
5140,0.0
5141,0.0
5142,0.023579999999999997
5143,0.09808
5144,0.15078999999999998
5145,0.21267
5146,0.1865
5147,0.2705
5148,0.2387
5149,0.27132
5150,0.18503999999999998
5151,0.08766
5152,0.06306
5153,0.013949999999999999
5154,0.0
5155,0.0
5156,0.0
5157,0.0
5158,0.0
5159,0.0
5160,0.0
5161,0.0
5162,0.0
5163,0.0
5164,0.0
5165,0.0
5166,0.01943
5167,0.09162000000000001
5168,0.18481
5169,0.19926
5170,0.21251
5171,0.21284
5172,0.26392000000000004
5173,0.21133000000000002
5174,0.23504
5175,0.19974
5176,0.0969
5177,0.023030000000000002
5178,0.0
5179,0.0
5180,0.0
5181,0.0
5182,0.0
5183,0.0
5184,0.0
5185,0.0
5186,0.0
5187,0.0
5188,0.0
5189,0.0
5190,0.0205
5191,0.06329
5192,0.06847
5193,0.07892
5194,0.09287999999999999
5195,0.14755000000000001
5196,0.17421
5197,0.19709000000000002
5198,0.2053
5199,0.13774
5200,0.09139
5201,0.02894
5202,0.0
5203,0.0
5204,0.0
5205,0.0
5206,0.0
5207,0.0
5208,0.0
5209,0.0
5210,0.0
5211,0.0
5212,0.0
5213,0.0
5214,0.019969999999999998
5215,0.07758
5216,0.17915
5217,0.18994
5218,0.25675
5219,0.28374
5220,0.18643
5221,0.26880000000000004
5222,0.25479
5223,0.14219
5224,0.05217
5225,0.028030000000000003
5226,0.0
5227,0.0
5228,0.0
5229,0.0
5230,0.0
5231,0.0
5232,0.0
5233,0.0
5234,0.0
5235,0.0
5236,0.0
5237,0.0
5238,0.01263
5239,0.08573
5240,0.13341999999999998
5241,0.24093
5242,0.25795999999999997
5243,0.30413
5244,0.24578999999999998
5245,0.2859
5246,0.16184
5247,0.11564
5248,0.10269
5249,0.03364
5250,0.0
5251,0.0
5252,0.0
5253,0.0
5254,0.0
5255,0.0
5256,0.0
5257,0.0
5258,0.0
5259,0.0
5260,0.0
5261,0.0
5262,0.022510000000000002
5263,0.08921
5264,0.13134
5265,0.16603
5266,0.21255000000000002
5267,0.22706
5268,0.19263999999999998
5269,0.23937999999999998
5270,0.17946
5271,0.13246
5272,0.08208
5273,0.026789999999999998
5274,0.0
5275,0.0
5276,0.0
5277,0.0
5278,0.0
5279,0.0
5280,0.0
5281,0.0
5282,0.0
5283,0.0
5284,0.0
5285,0.0
5286,0.016059999999999998
5287,0.07368999999999999
5288,0.09137999999999999
5289,0.13937
5290,0.12883
5291,0.13072
5292,0.19925
5293,0.24581
5294,0.24106
5295,0.13291999999999998
5296,0.054079999999999996
5297,0.024079999999999997
5298,0.0
5299,0.0
5300,0.0
5301,0.0
5302,0.0
5303,0.0
5304,0.0
5305,0.0
5306,0.0
5307,0.0
5308,0.0
5309,0.0
5310,0.02558
5311,0.08636
5312,0.09437999999999999
5313,0.15708000000000003
5314,0.15711000000000003
5315,0.19402
5316,0.28147000000000005
5317,0.21062999999999998
5318,0.18080000000000002
5319,0.15847999999999998
5320,0.07506
5321,0.020460000000000002
5322,0.0
5323,0.0
5324,0.0
5325,0.0
5326,0.0
5327,0.0
5328,0.0
5329,0.0
5330,0.0
5331,0.0
5332,0.0
5333,0.0
5334,0.016079999999999997
5335,0.07634
5336,0.16779
5337,0.19732
5338,0.25355
5339,0.22568000000000002
5340,0.22534
5341,0.26698
5342,0.23269
5343,0.12762
5344,0.07221999999999999
5345,0.01257
5346,0.0
5347,0.0
5348,0.0
5349,0.0
5350,0.0
5351,0.0
5352,0.0
5353,0.0
5354,0.0
5355,0.0
5356,0.0
5357,0.0
5358,0.01598
5359,0.08732
5360,0.17351
5361,0.22644999999999998
5362,0.2695
5363,0.23627
5364,0.23555
5365,0.20589
5366,0.15438
5367,0.10304
5368,0.06912
5369,0.023940000000000003
5370,0.0
5371,0.0
5372,0.0
5373,0.0
5374,0.0
5375,0.0
5376,0.0
5377,0.0
5378,0.0
5379,0.0
5380,0.0
5381,0.0
5382,0.02343
5383,0.10244
5384,0.17255
5385,0.22135
5386,0.25625
5387,0.25373
5388,0.25780000000000003
5389,0.27088999999999996
5390,0.23944
5391,0.1865
5392,0.05046
5393,0.02151
5394,0.0
5395,0.0
5396,0.0
5397,0.0
5398,0.0
5399,0.0
5400,0.0
5401,0.0
5402,0.0
5403,0.0
5404,0.0
5405,0.0
5406,0.02551
5407,0.0792
5408,0.12538
5409,0.13194
5410,0.16628
5411,0.17393
5412,0.16349
5413,0.22319999999999998
5414,0.19896
5415,0.122
5416,0.04475
5417,0.01815
5418,0.0
5419,0.0
5420,0.0
5421,0.0
5422,0.0
5423,0.0
5424,0.0
5425,0.0
5426,0.0
5427,0.0
5428,0.0
5429,0.0
5430,0.0161
5431,0.05173
5432,0.06799
5433,0.0933
5434,0.11206
5435,0.17493
5436,0.14393999999999998
5437,0.21836000000000003
5438,0.16885
5439,0.12612
5440,0.09540000000000001
5441,0.0335
5442,0.0
5443,0.0
5444,0.0
5445,0.0
5446,0.0
5447,0.0
5448,0.0
5449,0.0
5450,0.0
5451,0.0
5452,0.0
5453,0.0
5454,0.00526
5455,0.04996
5456,0.14208
5457,0.26527
5458,0.21828
5459,0.20681
5460,0.18765
5461,0.225
5462,0.14534
5463,0.13919
5464,0.09334
5465,0.02605
5466,0.0
5467,0.0
5468,0.0
5469,0.0
5470,0.0
5471,0.0
5472,0.0
5473,0.0
5474,0.0
5475,0.0
5476,0.0
5477,0.0
5478,0.01726
5479,0.08975
5480,0.16416
5481,0.16853
5482,0.18153
5483,0.21525999999999998
5484,0.25361
5485,0.26585000000000003
5486,0.25816
5487,0.18265
5488,0.08823
5489,0.02913
5490,0.0
5491,0.0
5492,0.0
5493,0.0
5494,0.0
5495,0.0
5496,0.0
5497,0.0
5498,0.0
5499,0.0
5500,0.0
5501,0.0
5502,0.02309
5503,0.07318999999999999
5504,0.0825
5505,0.14429
5506,0.18125
5507,0.25464
5508,0.2681
5509,0.30347
5510,0.25505
5511,0.1381
5512,0.09629
5513,0.01786
5514,0.0
5515,0.0
5516,0.0
5517,0.0
5518,0.0
5519,0.0
5520,0.0
5521,0.0
5522,0.0
5523,0.0
5524,0.0
5525,0.0
5526,0.019559999999999998
5527,0.07053
5528,0.1434
5529,0.16179
5530,0.23315
5531,0.2989
5532,0.25267
5533,0.25155
5534,0.19290000000000002
5535,0.12708
5536,0.0545
5537,0.011349999999999999
5538,0.0
5539,0.0
5540,0.0
5541,0.0
5542,0.0
5543,0.0
5544,0.0
5545,0.0
5546,0.0
5547,0.0
5548,0.0
5549,0.0
5550,0.02231
5551,0.08776
5552,0.10327
5553,0.17483
5554,0.17487
5555,0.18827000000000002
5556,0.27311
5557,0.22861
5558,0.20502
5559,0.13076
5560,0.08170000000000001
5561,0.02041
5562,0.0
5563,0.0
5564,0.0
5565,0.0
5566,0.0
5567,0.0
5568,0.0
5569,0.0
5570,0.0
5571,0.0
5572,0.0
5573,0.0
5574,0.0228
5575,0.08278
5576,0.12159
5577,0.14933000000000002
5578,0.16595
5579,0.21562
5580,0.30860000000000004
5581,0.20455
5582,0.18552000000000002
5583,0.10024
5584,0.05879
5585,0.0207
5586,0.0
5587,0.0
5588,0.0
5589,0.0
5590,0.0
5591,0.0
5592,0.0
5593,0.0
5594,0.0
5595,0.0
5596,0.0
5597,0.0
5598,0.02721
5599,0.08004
5600,0.14029
5601,0.20797
5602,0.24553
5603,0.25349
5604,0.30219
5605,0.23632
5606,0.19077000000000002
5607,0.16762
5608,0.09979
5609,0.0287
5610,0.0
5611,0.0
5612,0.0
5613,0.0
5614,0.0
5615,0.0
5616,0.0
5617,0.0
5618,0.0
5619,0.0
5620,0.0
5621,0.0
5622,0.02929
5623,0.09419
5624,0.11455
5625,0.14133
5626,0.16034
5627,0.24409
5628,0.26479
5629,0.25334
5630,0.23582
5631,0.17526
5632,0.10235
5633,0.033100000000000004
5634,0.0
5635,0.0
5636,0.0
5637,0.0
5638,0.0
5639,0.0
5640,0.0
5641,0.0
5642,0.0
5643,0.0
5644,0.0
5645,0.0
5646,0.017329999999999998
5647,0.09691
5648,0.16207
5649,0.18312
5650,0.24144
5651,0.25534
5652,0.26541000000000003
5653,0.29137
5654,0.244
5655,0.16468
5656,0.1018
5657,0.02556
5658,0.0
5659,0.0
5660,0.0
5661,0.0
5662,0.0
5663,0.0
5664,0.0
5665,0.0
5666,0.0
5667,0.0
5668,0.0
5669,0.0
5670,0.01298
5671,0.07587999999999999
5672,0.12334
5673,0.13255
5674,0.21228999999999998
5675,0.26061
5676,0.19856000000000001
5677,0.27655
5678,0.20702
5679,0.14959
5680,0.09514
5681,0.02131
5682,0.0
5683,0.0
5684,0.0
5685,0.0
5686,0.0
5687,0.0
5688,0.0
5689,0.0
5690,0.0
5691,0.0
5692,0.0
5693,0.0
5694,0.019030000000000002
5695,0.07733
5696,0.13593
5697,0.18012999999999998
5698,0.25677
5699,0.20223
5700,0.18953
5701,0.21866999999999998
5702,0.14522
5703,0.13505
5704,0.06853000000000001
5705,0.01299
5706,0.0
5707,0.0
5708,0.0
5709,0.0
5710,0.0
5711,0.0
5712,0.0
5713,0.0
5714,0.0
5715,0.0
5716,0.0
5717,0.0
5718,0.00309
5719,0.03879
5720,0.11120999999999999
5721,0.17815
5722,0.21800999999999998
5723,0.2377
5724,0.27319
5725,0.18988999999999998
5726,0.16494999999999999
5727,0.13719
5728,0.06161
5729,0.020210000000000002
5730,0.0
5731,0.0
5732,0.0
5733,0.0
5734,0.0
5735,0.0
5736,0.0
5737,0.0
5738,0.0
5739,0.0
5740,0.0
5741,0.0
5742,0.026199999999999998
5743,0.10212
5744,0.116
5745,0.13862
5746,0.13183
5747,0.14930000000000002
5748,0.19222999999999998
5749,0.20701
5750,0.19355
5751,0.11302
5752,0.08067
5753,0.02693
5754,0.0
5755,0.0
5756,0.0
5757,0.0
5758,0.0
5759,0.0
5760,0.0
5761,0.0
5762,0.0
5763,0.0
5764,0.0
5765,0.0
5766,0.02041
5767,0.05722
5768,0.08627
5769,0.13005
5770,0.12735
5771,0.16838
5772,0.16491999999999998
5773,0.25014
5774,0.22022999999999998
5775,0.15666999999999998
5776,0.08672
5777,0.02203
5778,0.0
5779,0.0
5780,0.0
5781,0.0
5782,0.0
5783,0.0
5784,0.0
5785,0.0
5786,0.0
5787,0.0
5788,0.0
5789,0.0
5790,0.027460000000000002
5791,0.07640999999999999
5792,0.09543
5793,0.1056
5794,0.23427
5795,0.19648
5796,0.1717
5797,0.15815
5798,0.21911000000000003
5799,0.15378999999999998
5800,0.06389
5801,0.01787
5802,0.0
5803,0.0
5804,0.0
5805,0.0
5806,0.0
5807,0.0
5808,0.0
5809,0.0
5810,0.0
5811,0.0
5812,0.0
5813,0.0
5814,0.0124
5815,0.06428
5816,0.13087000000000001
5817,0.2204
5818,0.21173
5819,0.28754
5820,0.28226
5821,0.1586
5822,0.17131
5823,0.12312999999999999
5824,0.07453
5825,0.01835
5826,0.0
5827,0.0
5828,0.0
5829,0.0
5830,0.0
5831,0.0
5832,0.0
5833,0.0
5834,0.0
5835,0.0
5836,0.0
5837,0.0
5838,0.0132
5839,0.05809
5840,0.17052
5841,0.22025
5842,0.26719
5843,0.21591
5844,0.20709
5845,0.16977
5846,0.17777
5847,0.1667
5848,0.08897
5849,0.02057
5850,0.0
5851,0.0
5852,0.0
5853,0.0
5854,0.0
5855,0.0
5856,0.0
5857,0.0
5858,0.0
5859,0.0
5860,0.0
5861,0.0
5862,0.027989999999999998
5863,0.11170999999999999
5864,0.12991999999999998
5865,0.1564
5866,0.23539
5867,0.26463
5868,0.27788
5869,0.24686000000000002
5870,0.18244
5871,0.18142
5872,0.09912
5873,0.02182
5874,0.0
5875,0.0
5876,0.0
5877,0.0
5878,0.0
5879,0.0
5880,0.0
5881,0.0
5882,0.0
5883,0.0
5884,0.0
5885,0.0
5886,0.0235
5887,0.09581
5888,0.12244
5889,0.12434
5890,0.14854
5891,0.24327000000000001
5892,0.27194
5893,0.20531
5894,0.23355
5895,0.15264
5896,0.07105
5897,0.01771
5898,0.0
5899,0.0
5900,0.0
5901,0.0
5902,0.0
5903,0.0
5904,0.0
5905,0.0
5906,0.0
5907,0.0
5908,0.0
5909,0.0
5910,0.023440000000000003
5911,0.07923000000000001
5912,0.10582
5913,0.12514
5914,0.1274
5915,0.24767
5916,0.2927
5917,0.19682
5918,0.20668
5919,0.11955
5920,0.07074
5921,0.016399999999999998
5922,0.0
5923,0.0
5924,0.0
5925,0.0
5926,0.0
5927,0.0
5928,0.0
5929,0.0
5930,0.0
5931,0.0
5932,0.0
5933,0.0
5934,0.01614
5935,0.09697
5936,0.1742
5937,0.238
5938,0.27494999999999997
5939,0.32155
5940,0.31033
5941,0.28562
5942,0.18342
5943,0.14855000000000002
5944,0.06
5945,0.02191
5946,0.0
5947,0.0
5948,0.0
5949,0.0
5950,0.0
5951,0.0
5952,0.0
5953,0.0
5954,0.0
5955,0.0
5956,0.0
5957,0.0
5958,0.01128
5959,0.054490000000000004
5960,0.12472
5961,0.18541999999999997
5962,0.13190000000000002
5963,0.16391999999999998
5964,0.14603
5965,0.17571
5966,0.15447
5967,0.09933
5968,0.05726
5969,0.01433
5970,0.0
5971,0.0
5972,0.0
5973,0.0
5974,0.0
5975,0.0
5976,0.0
5977,0.0
5978,0.0
5979,0.0
5980,0.0
5981,0.0
5982,0.03166
5983,0.08496
5984,0.14654
5985,0.17264
5986,0.221
5987,0.20225
5988,0.21935
5989,0.2325
5990,0.18494
5991,0.14529
5992,0.07911
5993,0.01554
5994,0.0
5995,0.0
5996,0.0
5997,0.0
5998,0.0
5999,0.0
6000,0.0
6001,0.0
6002,0.0
6003,0.0
6004,0.0
6005,0.0
6006,0.027030000000000002
6007,0.07562
6008,0.12944
6009,0.1446
6010,0.19706
6011,0.27197000000000005
6012,0.12766
6013,0.11129
6014,0.05792
6015,0.08436
6016,0.08753
6017,0.02109
6018,0.0
6019,0.0
6020,0.0
6021,0.0
6022,0.0
6023,0.0
6024,0.0
6025,0.0
6026,0.0
6027,0.0
6028,0.0
6029,0.0
6030,0.02616
6031,0.07705
6032,0.10864
6033,0.10008
6034,0.1389
6035,0.10661
6036,0.17848
6037,0.22513
6038,0.21377000000000002
6039,0.09328
6040,0.04445
6041,0.019059999999999997
6042,0.0
6043,0.0
6044,0.0
6045,0.0
6046,0.0
6047,0.0
6048,0.0
6049,0.0
6050,0.0
6051,0.0
6052,0.0
6053,0.0
6054,0.027620000000000002
6055,0.10465
6056,0.09577
6057,0.17995
6058,0.29127
6059,0.20977
6060,0.20385
6061,0.23638
6062,0.16658
6063,0.18158000000000002
6064,0.07103
6065,0.01211
6066,0.0
6067,0.0
6068,0.0
6069,0.0
6070,0.0
6071,0.0
6072,0.0
6073,0.0
6074,0.0
6075,0.0
6076,0.0
6077,0.0
6078,0.020550000000000002
6079,0.06581999999999999
6080,0.1008
6081,0.10845
6082,0.15168
6083,0.13194
6084,0.16846
6085,0.11888
6086,0.12071
6087,0.13182
6088,0.06702
6089,0.01295
6090,0.0
6091,0.0
6092,0.0
6093,0.0
6094,0.0
6095,0.0
6096,0.0
6097,0.0
6098,0.0
6099,0.0
6100,0.0
6101,0.0
6102,0.032170000000000004
6103,0.09768
6104,0.12408
6105,0.15416999999999997
6106,0.19640000000000002
6107,0.21249
6108,0.17491
6109,0.23251
6110,0.18722
6111,0.14662999999999998
6112,0.06945
6113,0.0178
6114,0.0
6115,0.0
6116,0.0
6117,0.0
6118,0.0
6119,0.0
6120,0.0
6121,0.0
6122,0.0
6123,0.0
6124,0.0
6125,0.0
6126,0.03083
6127,0.09233
6128,0.1277
6129,0.18341
6130,0.19491999999999998
6131,0.26924000000000003
6132,0.28841
6133,0.17413
6134,0.22225
6135,0.16137
6136,0.09509999999999999
6137,0.01453
6138,0.0
6139,0.0
6140,0.0
6141,0.0
6142,0.0
6143,0.0
6144,0.0
6145,0.0
6146,0.0
6147,0.0
6148,0.0
6149,0.0
6150,0.02966
6151,0.11126000000000001
6152,0.14765999999999999
6153,0.13681000000000001
6154,0.19494
6155,0.17281
6156,0.16469
6157,0.18444999999999998
6158,0.07836
6159,0.12115000000000001
6160,0.07103
6161,0.01165
6162,0.0
6163,0.0
6164,0.0
6165,0.0
6166,0.0
6167,0.0
6168,0.0
6169,0.0
6170,0.0
6171,0.0
6172,0.0
6173,0.0
6174,0.023059999999999997
6175,0.06813
6176,0.12795
6177,0.19473
6178,0.24533000000000002
6179,0.20902
6180,0.19065000000000001
6181,0.20235
6182,0.16957
6183,0.12868000000000002
6184,0.06951
6185,0.00941
6186,0.0
6187,0.0
6188,0.0
6189,0.0
6190,0.0
6191,0.0
6192,0.0
6193,0.0
6194,0.0
6195,0.0
6196,0.0
6197,0.0
6198,0.02002
6199,0.09534999999999999
6200,0.17491
6201,0.24336000000000002
6202,0.26537
6203,0.30242
6204,0.25461
6205,0.19299000000000002
6206,0.22094999999999998
6207,0.13452
6208,0.08123000000000001
6209,0.00974
6210,0.0
6211,0.0
6212,0.0
6213,0.0
6214,0.0
6215,0.0
6216,0.0
6217,0.0
6218,0.0
6219,0.0
6220,0.0
6221,0.0
6222,0.023239999999999997
6223,0.07573
6224,0.14598
6225,0.15012
6226,0.18850999999999998
6227,0.17153
6228,0.16062
6229,0.141
6230,0.17617
6231,0.11449
6232,0.06051
6233,0.00836
6234,0.0
6235,0.0
6236,0.0
6237,0.0
6238,0.0
6239,0.0
6240,0.0
6241,0.0
6242,0.0
6243,0.0
6244,0.0
6245,0.0
6246,0.020370000000000003
6247,0.06563
6248,0.12558
6249,0.16325
6250,0.26892
6251,0.22975
6252,0.26881
6253,0.249
6254,0.20883000000000002
6255,0.1443
6256,0.05732
6257,0.01279
6258,0.0
6259,0.0
6260,0.0
6261,0.0
6262,0.0
6263,0.0
6264,0.0
6265,0.0
6266,0.0
6267,0.0
6268,0.0
6269,0.0
6270,0.01849
6271,0.08893999999999999
6272,0.10027
6273,0.11915
6274,0.26805
6275,0.21101
6276,0.24035
6277,0.22522999999999999
6278,0.18808000000000002
6279,0.1264
6280,0.019690000000000003
6281,0.00692
6282,0.0
6283,0.0
6284,0.0
6285,0.0
6286,0.0
6287,0.0
6288,0.0
6289,0.0
6290,0.0
6291,0.0
6292,0.0
6293,0.0
6294,0.024050000000000002
6295,0.10571
6296,0.15502000000000002
6297,0.16325
6298,0.16473
6299,0.2336
6300,0.20514
6301,0.24344
6302,0.20233
6303,0.12875
6304,0.07801000000000001
6305,0.00821
6306,0.0
6307,0.0
6308,0.0
6309,0.0
6310,0.0
6311,0.0
6312,0.0
6313,0.0
6314,0.0
6315,0.0
6316,0.0
6317,0.0
6318,0.02562
6319,0.0895
6320,0.14564
6321,0.16269999999999998
6322,0.18878
6323,0.26035
6324,0.22184
6325,0.20055
6326,0.17557
6327,0.11052
6328,0.09447
6329,0.013789999999999998
6330,0.0
6331,0.0
6332,0.0
6333,0.0
6334,0.0
6335,0.0
6336,0.0
6337,0.0
6338,0.0
6339,0.0
6340,0.0
6341,0.0
6342,0.0222
6343,0.11838
6344,0.1687
6345,0.18661000000000003
6346,0.17556
6347,0.23745
6348,0.1733
6349,0.12515
6350,0.17648
6351,0.14576
6352,0.02825
6353,0.004
6354,0.0
6355,0.0
6356,0.0
6357,0.0
6358,0.0
6359,0.0
6360,0.0
6361,0.0
6362,0.0
6363,0.0
6364,0.0
6365,0.0
6366,0.017839999999999998
6367,0.09215999999999999
6368,0.12493000000000001
6369,0.21505000000000002
6370,0.17823
6371,0.20121
6372,0.25979
6373,0.21922999999999998
6374,0.17765999999999998
6375,0.14341
6376,0.07187
6377,0.0076
6378,0.0
6379,0.0
6380,0.0
6381,0.0
6382,0.0
6383,0.0
6384,0.0
6385,0.0
6386,0.0
6387,0.0
6388,0.0
6389,0.0
6390,0.027440000000000003
6391,0.10875
6392,0.16336
6393,0.21774000000000002
6394,0.17282
6395,0.20528
6396,0.23961000000000002
6397,0.21575999999999998
6398,0.16572
6399,0.15197999999999998
6400,0.06172
6401,0.0074199999999999995
6402,0.0
6403,0.0
6404,0.0
6405,0.0
6406,0.0
6407,0.0
6408,0.0
6409,0.0
6410,0.0
6411,0.0
6412,0.0
6413,0.0
6414,0.02168
6415,0.08932999999999999
6416,0.11044
6417,0.13616999999999999
6418,0.14284
6419,0.1512
6420,0.13516
6421,0.12925999999999999
6422,0.14481
6423,0.10593000000000001
6424,0.05535
6425,0.0037400000000000003
6426,0.0
6427,0.0
6428,0.0
6429,0.0
6430,0.0
6431,0.0
6432,0.0
6433,0.0
6434,0.0
6435,0.0
6436,0.0
6437,0.0
6438,0.02616
6439,0.08737
6440,0.11785999999999999
6441,0.145
6442,0.19325
6443,0.17952
6444,0.23335
6445,0.24700999999999998
6446,0.18516
6447,0.07437
6448,0.04305
6449,0.006809999999999999
6450,0.0
6451,0.0
6452,0.0
6453,0.0
6454,0.0
6455,0.0
6456,0.0
6457,0.0
6458,0.0
6459,0.0
6460,0.0
6461,0.0
6462,0.0114
6463,0.05731
6464,0.10493000000000001
6465,0.17787999999999998
6466,0.25127
6467,0.20427
6468,0.17818
6469,0.19569
6470,0.18142
6471,0.15206
6472,0.045939999999999995
6473,0.00468
6474,0.0
6475,0.0
6476,0.0
6477,0.0
6478,0.0
6479,0.0
6480,0.0
6481,0.0
6482,0.0
6483,0.0
6484,0.0
6485,0.0
6486,0.02224
6487,0.09215000000000001
6488,0.13152
6489,0.20521
6490,0.26521
6491,0.21628999999999998
6492,0.30443000000000003
6493,0.19446000000000002
6494,0.13778
6495,0.09212999999999999
6496,0.05797
6497,0.00525
6498,0.0
6499,0.0
6500,0.0
6501,0.0
6502,0.0
6503,0.0
6504,0.0
6505,0.0
6506,0.0
6507,0.0
6508,0.0
6509,0.0
6510,0.01988
6511,0.057390000000000004
6512,0.09171
6513,0.11441
6514,0.12618000000000001
6515,0.16186
6516,0.14396
6517,0.13334000000000001
6518,0.166
6519,0.11556999999999999
6520,0.05178
6521,0.01052
6522,0.0
6523,0.0
6524,0.0
6525,0.0
6526,0.0
6527,0.0
6528,0.0
6529,0.0
6530,0.0
6531,0.0
6532,0.0
6533,0.0
6534,0.02931
6535,0.09073
6536,0.12812
6537,0.17292
6538,0.13747
6539,0.18419999999999997
6540,0.21764
6541,0.24381
6542,0.19798
6543,0.08629
6544,0.06182
6545,0.0068200000000000005
6546,0.0
6547,0.0
6548,0.0
6549,0.0
6550,0.0
6551,0.0
6552,0.0
6553,0.0
6554,0.0
6555,0.0
6556,0.0
6557,0.0
6558,0.02252
6559,0.07445
6560,0.13909
6561,0.19109
6562,0.22891999999999998
6563,0.20617
6564,0.23257
6565,0.2041
6566,0.18484
6567,0.12487000000000001
6568,0.07617
6569,0.00842
6570,0.0
6571,0.0
6572,0.0
6573,0.0
6574,0.0
6575,0.0
6576,0.0
6577,0.0
6578,0.0
6579,0.0
6580,0.0
6581,0.0
6582,0.019030000000000002
6583,0.09262999999999999
6584,0.12115000000000001
6585,0.16181
6586,0.16932
6587,0.18431
6588,0.22272999999999998
6589,0.23205
6590,0.21708000000000002
6591,0.17672
6592,0.06743
6593,0.00281
6594,0.0
6595,0.0
6596,0.0
6597,0.0
6598,0.0
6599,0.0
6600,0.0
6601,0.0
6602,0.0
6603,0.0
6604,0.0
6605,0.0
6606,0.02867
6607,0.09270999999999999
6608,0.13549
6609,0.18979
6610,0.18566999999999997
6611,0.18353
6612,0.19079
6613,0.18616
6614,0.14899
6615,0.15663999999999997
6616,0.06745
6617,0.00818
6618,0.0
6619,0.0
6620,0.0
6621,0.0
6622,0.0
6623,0.0
6624,0.0
6625,0.0
6626,0.0
6627,0.0
6628,0.0
6629,0.0
6630,0.02524
6631,0.10039000000000001
6632,0.16566999999999998
6633,0.11569
6634,0.23566
6635,0.29575
6636,0.16341999999999998
6637,0.18375999999999998
6638,0.12654
6639,0.12893000000000002
6640,0.05704
6641,0.0071600000000000006
6642,0.0
6643,0.0
6644,0.0
6645,0.0
6646,0.0
6647,0.0
6648,0.0
6649,0.0
6650,0.0
6651,0.0
6652,0.0
6653,0.0
6654,0.02517
6655,0.0728
6656,0.08676
6657,0.11169
6658,0.15844
6659,0.08373
6660,0.19158
6661,0.23783
6662,0.17943
6663,0.1207
6664,0.05914
6665,0.0007700000000000001
6666,0.0
6667,0.0
6668,0.0
6669,0.0
6670,0.0
6671,0.0
6672,0.0
6673,0.0
6674,0.0
6675,0.0
6676,0.0
6677,0.0
6678,0.01359
6679,0.05651
6680,0.09125
6681,0.21469
6682,0.17306
6683,0.16263999999999998
6684,0.18627000000000002
6685,0.12554
6686,0.11270999999999999
6687,0.08131999999999999
6688,0.04596
6689,0.00547
6690,0.0
6691,0.0
6692,0.0
6693,0.0
6694,0.0
6695,0.0
6696,0.0
6697,0.0
6698,0.0
6699,0.0
6700,0.0
6701,0.0
6702,0.022609999999999998
6703,0.06164
6704,0.116
6705,0.14565
6706,0.1742
6707,0.24805000000000002
6708,0.15815
6709,0.18863999999999997
6710,0.14404
6711,0.0911
6712,0.04114
6713,0.00674
6714,0.0
6715,0.0
6716,0.0
6717,0.0
6718,0.0
6719,0.0
6720,0.0
6721,0.0
6722,0.0
6723,0.0
6724,0.0
6725,0.0
6726,0.02197
6727,0.061259999999999995
6728,0.08685999999999999
6729,0.11217
6730,0.13377
6731,0.13391
6732,0.15749000000000002
6733,0.10213
6734,0.10608
6735,0.08601
6736,0.03562
6737,0.00474
6738,0.0
6739,0.0
6740,0.0
6741,0.0
6742,0.0
6743,0.0
6744,0.0
6745,0.0
6746,0.0
6747,0.0
6748,0.0
6749,0.0
6750,0.027739999999999997
6751,0.0737
6752,0.13503
6753,0.19399
6754,0.14166
6755,0.17998
6756,0.23156000000000002
6757,0.20282
6758,0.15647
6759,0.13316
6760,0.07103
6761,0.00777
6762,0.0
6763,0.0
6764,0.0
6765,0.0
6766,0.0
6767,0.0
6768,0.0
6769,0.0
6770,0.0
6771,0.0
6772,0.0
6773,0.0
6774,0.019870000000000002
6775,0.06085
6776,0.09809
6777,0.09011
6778,0.13899
6779,0.12952000000000002
6780,0.141
6781,0.19413
6782,0.14658000000000002
6783,0.10484
6784,0.05874
6785,0.00561
6786,0.0
6787,0.0
6788,0.0
6789,0.0
6790,0.0
6791,0.0
6792,0.0
6793,0.0
6794,0.0
6795,0.0
6796,0.0
6797,0.0
6798,0.032310000000000005
6799,0.11364
6800,0.17042
6801,0.20011
6802,0.22362
6803,0.21763
6804,0.19540000000000002
6805,0.22366
6806,0.16178
6807,0.14333
6808,0.0493
6809,0.00217
6810,0.0
6811,0.0
6812,0.0
6813,0.0
6814,0.0
6815,0.0
6816,0.0
6817,0.0
6818,0.0
6819,0.0
6820,0.0
6821,0.0
6822,0.018609999999999998
6823,0.04643
6824,0.08084000000000001
6825,0.12383
6826,0.09819
6827,0.09234
6828,0.08488
6829,0.08985
6830,0.11522
6831,0.08961
6832,0.04875
6833,0.00497
6834,0.0
6835,0.0
6836,0.0
6837,0.0
6838,0.0
6839,0.0
6840,0.0
6841,0.0
6842,0.0
6843,0.0
6844,0.0
6845,0.0
6846,0.020309999999999998
6847,0.05967
6848,0.09967000000000001
6849,0.11978
6850,0.1494
6851,0.09653
6852,0.08804000000000001
6853,0.12071
6854,0.18553999999999998
6855,0.11023999999999999
6856,0.05818
6857,0.00442
6858,0.0
6859,0.0
6860,0.0
6861,0.0
6862,0.0
6863,0.0
6864,0.0
6865,0.0
6866,0.0
6867,0.0
6868,0.0
6869,0.0
6870,0.02275
6871,0.06397
6872,0.10276
6873,0.17712
6874,0.13825
6875,0.13003
6876,0.12495999999999999
6877,0.15196
6878,0.11986
6879,0.13038999999999998
6880,0.06706000000000001
6881,0.00216
6882,0.0
6883,0.0
6884,0.0
6885,0.0
6886,0.0
6887,0.0
6888,0.0
6889,0.0
6890,0.0
6891,0.0
6892,0.0
6893,0.0
6894,0.02628
6895,0.0711
6896,0.14968
6897,0.11911
6898,0.14486000000000002
6899,0.22575
6900,0.22172999999999998
6901,0.20773
6902,0.19729
6903,0.10589
6904,0.06399
6905,0.00512
6906,0.0
6907,0.0
6908,0.0
6909,0.0
6910,0.0
6911,0.0
6912,0.0
6913,0.0
6914,0.0
6915,0.0
6916,0.0
6917,0.0
6918,0.01485
6919,0.06513
6920,0.12353
6921,0.21283000000000002
6922,0.25291
6923,0.29164999999999996
6924,0.30018
6925,0.24286000000000002
6926,0.16662000000000002
6927,0.1166
6928,0.036469999999999995
6929,0.00125
6930,0.0
6931,0.0
6932,0.0
6933,0.0
6934,0.0
6935,0.0
6936,0.0
6937,0.0
6938,0.0
6939,0.0
6940,0.0
6941,0.0
6942,0.01026
6943,0.11073999999999999
6944,0.19703
6945,0.22284
6946,0.22838
6947,0.26149
6948,0.22175999999999998
6949,0.25925
6950,0.13987
6951,0.039270000000000006
6952,0.022
6953,0.0009599999999999999
6954,0.0
6955,0.0
6956,0.0
6957,0.0
6958,0.0
6959,0.0
6960,0.0
6961,0.0
6962,0.0
6963,0.0
6964,0.0
6965,0.0
6966,0.00283
6967,0.02504
6968,0.07438
6969,0.09643
6970,0.14595
6971,0.21344
6972,0.19871
6973,0.20001
6974,0.17264
6975,0.07692
6976,0.03385
6977,0.00141
6978,0.0
6979,0.0
6980,0.0
6981,0.0
6982,0.0
6983,0.0
6984,0.0
6985,0.0
6986,0.0
6987,0.0
6988,0.0
6989,0.0
6990,0.028329999999999998
6991,0.07501000000000001
6992,0.0835
6993,0.10141
6994,0.12742
6995,0.19969
6996,0.18209
6997,0.15925999999999998
6998,0.14669
6999,0.06929
7000,0.03832
7001,0.00227
7002,0.0
7003,0.0
7004,0.0
7005,0.0
7006,0.0
7007,0.0
7008,0.0
7009,0.0
7010,0.0
7011,0.0
7012,0.0
7013,0.0
7014,0.02497
7015,0.0728
7016,0.12347
7017,0.15117
7018,0.12442
7019,0.23758
7020,0.23045
7021,0.21464
7022,0.15355000000000002
7023,0.11417000000000001
7024,0.05719
7025,0.004200000000000001
7026,0.0
7027,0.0
7028,0.0
7029,0.0
7030,0.0
7031,0.0
7032,0.0
7033,0.0
7034,0.0
7035,0.0
7036,0.0
7037,0.0
7038,0.02034
7039,0.055380000000000006
7040,0.12179999999999999
7041,0.12695
7042,0.09365000000000001
7043,0.12721
7044,0.12599
7045,0.1973
7046,0.0942
7047,0.08796
7048,0.04784
7049,0.0025
7050,0.0
7051,0.0
7052,0.0
7053,0.0
7054,0.0
7055,0.0
7056,0.0
7057,0.0
7058,0.0
7059,0.0
7060,0.0
7061,0.0
7062,0.01767
7063,0.061649999999999996
7064,0.08488
7065,0.10034
7066,0.12944
7067,0.14049
7068,0.18644999999999998
7069,0.20137
7070,0.15682
7071,0.12048
7072,0.03579
7073,0.00281
7074,0.0
7075,0.0
7076,0.0
7077,0.0
7078,0.0
7079,0.0
7080,0.0
7081,0.0
7082,0.0
7083,0.0
7084,0.0
7085,0.0
7086,0.02146
7087,0.07697
7088,0.13187000000000001
7089,0.14867
7090,0.16272999999999999
7091,0.18422999999999998
7092,0.18716
7093,0.25836000000000003
7094,0.1785
7095,0.1065
7096,0.04317
7097,0.00174
7098,0.0
7099,0.0
7100,0.0
7101,0.0
7102,0.0
7103,0.0
7104,0.0
7105,0.0
7106,0.0
7107,0.0
7108,0.0
7109,0.0
7110,0.02022
7111,0.08213
7112,0.15655000000000002
7113,0.19791999999999998
7114,0.22175
7115,0.21489
7116,0.22193000000000002
7117,0.18975999999999998
7118,0.15996000000000002
7119,0.10699
7120,0.04412
7121,0.00184
7122,0.0
7123,0.0
7124,0.0
7125,0.0
7126,0.0
7127,0.0
7128,0.0
7129,0.0
7130,0.0
7131,0.0
7132,0.0
7133,0.0
7134,0.01682
7135,0.06394
7136,0.09693
7137,0.13678
7138,0.15239
7139,0.20143
7140,0.13204
7141,0.13213999999999998
7142,0.17553
7143,0.08416
7144,0.04126
7145,0.00323
7146,0.0
7147,0.0
7148,0.0
7149,0.0
7150,0.0
7151,0.0
7152,0.0
7153,0.0
7154,0.0
7155,0.0
7156,0.0
7157,0.0
7158,0.01843
7159,0.05607
7160,0.09301000000000001
7161,0.11069
7162,0.12201999999999999
7163,0.11679
7164,0.25982
7165,0.17628
7166,0.16813999999999998
7167,0.07356
7168,0.03448
7169,0.00155
7170,0.0
7171,0.0
7172,0.0
7173,0.0
7174,0.0
7175,0.0
7176,0.0
7177,0.0
7178,0.0
7179,0.0
7180,0.0
7181,0.0
7182,0.02066
7183,0.07440999999999999
7184,0.09934
7185,0.1365
7186,0.2147
7187,0.11514
7188,0.14362
7189,0.17054
7190,0.16257
7191,0.07687000000000001
7192,0.032600000000000004
7193,0.00233
7194,0.0
7195,0.0
7196,0.0
7197,0.0
7198,0.0
7199,0.0
7200,0.0
7201,0.0
7202,0.0
7203,0.0
7204,0.0
7205,0.0
7206,0.02698
7207,0.07614
7208,0.15713
7209,0.11787
7210,0.15178999999999998
7211,0.10689
7212,0.17487
7213,0.15822
7214,0.12068000000000001
7215,0.09459999999999999
7216,0.053450000000000004
7217,0.00196
7218,0.0
7219,0.0
7220,0.0
7221,0.0
7222,0.0
7223,0.0
7224,0.0
7225,0.0
7226,0.0
7227,0.0
7228,0.0
7229,0.0
7230,0.01414
7231,0.07382
7232,0.09215000000000001
7233,0.11705
7234,0.1502
7235,0.11706
7236,0.14921
7237,0.13384000000000001
7238,0.12265999999999999
7239,0.11355
7240,0.05262
7241,0.00333
7242,0.0
7243,0.0
7244,0.0
7245,0.0
7246,0.0
7247,0.0
7248,0.0
7249,0.0
7250,0.0
7251,0.0
7252,0.0
7253,0.0
7254,0.02447
7255,0.10647
7256,0.18672999999999998
7257,0.20708000000000001
7258,0.20903
7259,0.16776
7260,0.12549
7261,0.19636
7262,0.12849000000000002
7263,0.08573
7264,0.034
7265,0.00114
7266,0.0
7267,0.0
7268,0.0
7269,0.0
7270,0.0
7271,0.0
7272,0.0
7273,0.0
7274,0.0
7275,0.0
7276,0.0
7277,0.0
7278,0.01973
7279,0.06057
7280,0.13646
7281,0.11917
7282,0.12005
7283,0.17433
7284,0.19312
7285,0.16897
7286,0.11451
7287,0.08943000000000001
7288,0.04586
7289,0.00222
7290,0.0
7291,0.0
7292,0.0
7293,0.0
7294,0.0
7295,0.0
7296,0.0
7297,0.0
7298,0.0
7299,0.0
7300,0.0
7301,0.0
7302,0.02171
7303,0.05705
7304,0.12434999999999999
7305,0.13369999999999999
7306,0.09853
7307,0.10241
7308,0.13003
7309,0.1608
7310,0.14893
7311,0.0947
7312,0.032310000000000005
7313,0.00148
7314,0.0
7315,0.0
7316,0.0
7317,0.0
7318,0.0
7319,0.0
7320,0.0
7321,0.0
7322,0.0
7323,0.0
7324,0.0
7325,0.0
7326,0.019350000000000003
7327,0.0544
7328,0.13635
7329,0.17884999999999998
7330,0.23407
7331,0.24331999999999998
7332,0.20637
7333,0.23324
7334,0.16633
7335,0.11795
7336,0.04734
7337,0.00078
7338,0.0
7339,0.0
7340,0.0
7341,0.0
7342,0.0
7343,0.0
7344,0.0
7345,0.0
7346,0.0
7347,0.0
7348,0.0
7349,0.0
7350,0.0201
7351,0.08872
7352,0.12004000000000001
7353,0.12017
7354,0.14241
7355,0.17698
7356,0.12840000000000001
7357,0.19559
7358,0.16186
7359,0.037509999999999995
7360,0.03314
7361,0.00141
7362,0.0
7363,0.0
7364,0.0
7365,0.0
7366,0.0
7367,0.0
7368,0.0
7369,0.0
7370,0.0
7371,0.0
7372,0.0
7373,0.0
7374,0.02084
7375,0.07708
7376,0.15965000000000001
7377,0.15008000000000002
7378,0.23537
7379,0.23491
7380,0.19648
7381,0.16751
7382,0.17862999999999998
7383,0.09611
7384,0.028120000000000003
7385,0.0
7386,0.0
7387,0.0
7388,0.0
7389,0.0
7390,0.0
7391,0.0
7392,0.0
7393,0.0
7394,0.0
7395,0.0
7396,0.0
7397,0.0
7398,0.0089
7399,0.047939999999999997
7400,0.11118
7401,0.14438
7402,0.09837
7403,0.1031
7404,0.12742
7405,0.13136
7406,0.17776
7407,0.08757
7408,0.05715
7409,0.0017800000000000001
7410,0.0
7411,0.0
7412,0.0
7413,0.0
7414,0.0
7415,0.0
7416,0.0
7417,0.0
7418,0.0
7419,0.0
7420,0.0
7421,0.0
7422,0.006860000000000001
7423,0.05558
7424,0.09868
7425,0.15249000000000001
7426,0.1819
7427,0.22238
7428,0.21577000000000002
7429,0.08239
7430,0.08118
7431,0.09214
7432,0.020079999999999997
7433,0.00029
7434,0.0
7435,0.0
7436,0.0
7437,0.0
7438,0.0
7439,0.0
7440,0.0
7441,0.0
7442,0.0
7443,0.0
7444,0.0
7445,0.0
7446,0.02162
7447,0.08216
7448,0.10934
7449,0.09368000000000001
7450,0.18711000000000003
7451,0.23951
7452,0.14059
7453,0.18763999999999997
7454,0.09898
7455,0.06387
7456,0.0251
7457,0.00067
7458,0.0
7459,0.0
7460,0.0
7461,0.0
7462,0.0
7463,0.0
7464,0.0
7465,0.0
7466,0.0
7467,0.0
7468,0.0
7469,0.0
7470,0.01497
7471,0.06279
7472,0.10218
7473,0.15703999999999999
7474,0.22084
7475,0.14271
7476,0.20265
7477,0.17733000000000002
7478,0.12218000000000001
7479,0.09895999999999999
7480,0.03171
7481,0.00037
7482,0.0
7483,0.0
7484,0.0
7485,0.0
7486,0.0
7487,0.0
7488,0.0
7489,0.0
7490,0.0
7491,0.0
7492,0.0
7493,0.0
7494,0.02307
7495,0.09845000000000001
7496,0.15053
7497,0.21631999999999998
7498,0.24475
7499,0.24688
7500,0.23087
7501,0.21447
7502,0.16183
7503,0.10336
7504,0.04618
7505,0.00092
7506,0.0
7507,0.0
7508,0.0
7509,0.0
7510,0.0
7511,0.0
7512,0.0
7513,0.0
7514,0.0
7515,0.0
7516,0.0
7517,0.0
7518,0.02121
7519,0.09365000000000001
7520,0.13097
7521,0.18981
7522,0.18857
7523,0.18159999999999998
7524,0.25366
7525,0.16316
7526,0.15541999999999997
7527,0.1029
7528,0.04496
7529,0.00046
7530,0.0
7531,0.0
7532,0.0
7533,0.0
7534,0.0
7535,0.0
7536,0.0
7537,0.0
7538,0.0
7539,0.0
7540,0.0
7541,0.0
7542,0.02134
7543,0.07757
7544,0.15518
7545,0.17
7546,0.21819
7547,0.18547
7548,0.16262000000000001
7549,0.21295
7550,0.16915
7551,0.08679
7552,0.041979999999999996
7553,0.0014399999999999999
7554,0.0
7555,0.0
7556,0.0
7557,0.0
7558,0.0
7559,0.0
7560,0.0
7561,0.0
7562,0.0
7563,0.0
7564,0.0
7565,0.0
7566,0.01952
7567,0.08572
7568,0.13303
7569,0.1444
7570,0.24337
7571,0.26327
7572,0.22777
7573,0.16072
7574,0.12608
7575,0.08646
7576,0.044649999999999995
7577,0.00082
7578,0.0
7579,0.0
7580,0.0
7581,0.0
7582,0.0
7583,0.0
7584,0.0
7585,0.0
7586,0.0
7587,0.0
7588,0.0
7589,0.0
7590,0.01754
7591,0.09354000000000001
7592,0.13692
7593,0.22882
7594,0.21458000000000002
7595,0.23125
7596,0.11645
7597,0.13373
7598,0.10092
7599,0.07053
7600,0.02191
7601,0.0
7602,0.0
7603,0.0
7604,0.0
7605,0.0
7606,0.0
7607,0.0
7608,0.0
7609,0.0
7610,0.0
7611,0.0
7612,0.0
7613,0.0
7614,0.017410000000000002
7615,0.054990000000000004
7616,0.08589
7617,0.14161
7618,0.19168000000000002
7619,0.21281999999999998
7620,0.17079
7621,0.16166999999999998
7622,0.18712
7623,0.08647
7624,0.0405
7625,0.0007700000000000001
7626,0.0
7627,0.0
7628,0.0
7629,0.0
7630,0.0
7631,0.0
7632,0.0
7633,0.0
7634,0.0
7635,0.0
7636,0.0
7637,0.0
7638,0.01095
7639,0.06624
7640,0.09099
7641,0.11978
7642,0.19947
7643,0.17308
7644,0.22024000000000002
7645,0.15194
7646,0.1251
7647,0.0762
7648,0.03367
7649,0.00063
7650,0.0
7651,0.0
7652,0.0
7653,0.0
7654,0.0
7655,0.0
7656,0.0
7657,0.0
7658,0.0
7659,0.0
7660,0.0
7661,0.0
7662,0.01191
7663,0.0513
7664,0.07554000000000001
7665,0.11629
7666,0.16059
7667,0.14331
7668,0.1535
7669,0.14425
7670,0.09675
7671,0.0973
7672,0.03864
7673,0.00049
7674,0.0
7675,0.0
7676,0.0
7677,0.0
7678,0.0
7679,0.0
7680,0.0
7681,0.0
7682,0.0
7683,0.0
7684,0.0
7685,0.0
7686,0.01093
7687,0.05551
7688,0.09985
7689,0.0969
7690,0.17177
7691,0.18855000000000002
7692,0.18056
7693,0.20012
7694,0.17655
7695,0.08981
7696,0.03818
7697,0.00148
7698,0.0
7699,0.0
7700,0.0
7701,0.0
7702,0.0
7703,0.0
7704,0.0
7705,0.0
7706,0.0
7707,0.0
7708,0.0
7709,0.0
7710,0.01257
7711,0.046130000000000004
7712,0.10367
7713,0.13061
7714,0.12811
7715,0.15859
7716,0.18575
7717,0.13066
7718,0.14474
7719,0.12717
7720,0.04039
7721,0.0
7722,0.0
7723,0.0
7724,0.0
7725,0.0
7726,0.0
7727,0.0
7728,0.0
7729,0.0
7730,0.0
7731,0.0
7732,0.0
7733,0.0
7734,0.011550000000000001
7735,0.053200000000000004
7736,0.08104
7737,0.09864
7738,0.16154
7739,0.21547999999999998
7740,0.22250999999999999
7741,0.13732
7742,0.09762
7743,0.0857
7744,0.03064
7745,0.0005
7746,0.0
7747,0.0
7748,0.0
7749,0.0
7750,0.0
7751,0.0
7752,0.0
7753,0.0
7754,0.0
7755,0.0
7756,0.0
7757,0.0
7758,0.01351
7759,0.0514
7760,0.0846
7761,0.09729
7762,0.11408
7763,0.11663
7764,0.09337000000000001
7765,0.18565
7766,0.15462
7767,0.10704000000000001
7768,0.05096
7769,0.00191
7770,0.0
7771,0.0
7772,0.0
7773,0.0
7774,0.0
7775,0.0
7776,0.0
7777,0.0
7778,0.0
7779,0.0
7780,0.0
7781,0.0
7782,0.01575
7783,0.057210000000000004
7784,0.08622
7785,0.15847
7786,0.2043
7787,0.22582
7788,0.23911000000000002
7789,0.16943
7790,0.13191999999999998
7791,0.09508
7792,0.040909999999999995
7793,0.0015400000000000001
7794,0.0
7795,0.0
7796,0.0
7797,0.0
7798,0.0
7799,0.0
7800,0.0
7801,0.0
7802,0.0
7803,0.0
7804,0.0
7805,0.0
7806,0.01451
7807,0.07364
7808,0.12057999999999999
7809,0.16077000000000002
7810,0.12188
7811,0.12516
7812,0.13259
7813,0.14859
7814,0.11892
7815,0.08463
7816,0.04412
7817,0.0008100000000000001
7818,0.0
7819,0.0
7820,0.0
7821,0.0
7822,0.0
7823,0.0
7824,0.0
7825,0.0
7826,0.0
7827,0.0
7828,0.0
7829,0.0
7830,0.01059
7831,0.06528
7832,0.11629
7833,0.15580000000000002
7834,0.18872999999999998
7835,0.17823
7836,0.19447
7837,0.1414
7838,0.16453
7839,0.061829999999999996
7840,0.01456
7841,0.0
7842,0.0
7843,0.0
7844,0.0
7845,0.0
7846,0.0
7847,0.0
7848,0.0
7849,0.0
7850,0.0
7851,0.0
7852,0.0
7853,0.0
7854,0.00942
7855,0.054189999999999995
7856,0.08162
7857,0.10518000000000001
7858,0.15659
7859,0.15649000000000002
7860,0.1286
7861,0.14814
7862,0.10124
7863,0.07316
7864,0.04986
7865,0.0011200000000000001
7866,0.0
7867,0.0
7868,0.0
7869,0.0
7870,0.0
7871,0.0
7872,0.0
7873,0.0
7874,0.0
7875,0.0
7876,0.0
7877,0.0
7878,0.01059
7879,0.05114
7880,0.10476
7881,0.10646
7882,0.11278
7883,0.12259
7884,0.11468
7885,0.10037
7886,0.08026000000000001
7887,0.07292
7888,0.03537
7889,0.00109
7890,0.0
7891,0.0
7892,0.0
7893,0.0
7894,0.0
7895,0.0
7896,0.0
7897,0.0
7898,0.0
7899,0.0
7900,0.0
7901,0.0
7902,0.01035
7903,0.04338
7904,0.07848999999999999
7905,0.15672999999999998
7906,0.17527
7907,0.15728999999999999
7908,0.17018
7909,0.18974000000000002
7910,0.12171
7911,0.07609
7912,0.04219
7913,0.00073
7914,0.0
7915,0.0
7916,0.0
7917,0.0
7918,0.0
7919,0.0
7920,0.0
7921,0.0
7922,0.0
7923,0.0
7924,0.0
7925,0.0
7926,0.015439999999999999
7927,0.06093
7928,0.10989
7929,0.18158000000000002
7930,0.20706
7931,0.23531
7932,0.2226
7933,0.20593
7934,0.12771
7935,0.10676999999999999
7936,0.038869999999999995
7937,0.00066
7938,0.0
7939,0.0
7940,0.0
7941,0.0
7942,0.0
7943,0.0
7944,0.0
7945,0.0
7946,0.0
7947,0.0
7948,0.0
7949,0.0
7950,0.01728
7951,0.08249
7952,0.08838
7953,0.12348
7954,0.1455
7955,0.17057
7956,0.17464
7957,0.18271
7958,0.14797
7959,0.11816
7960,0.05043
7961,0.00202
7962,0.0
7963,0.0
7964,0.0
7965,0.0
7966,0.0
7967,0.0
7968,0.0
7969,0.0
7970,0.0
7971,0.0
7972,0.0
7973,0.0
7974,0.013
7975,0.05069
7976,0.11036
7977,0.11323
7978,0.12886
7979,0.15659
7980,0.14712999999999998
7981,0.14756
7982,0.09154000000000001
7983,0.08385
7984,0.03357
7985,0.00041
7986,0.0
7987,0.0
7988,0.0
7989,0.0
7990,0.0
7991,0.0
7992,0.0
7993,0.0
7994,0.0
7995,0.0
7996,0.0
7997,0.0
7998,0.01069
7999,0.08259999999999999
8000,0.13562000000000002
8001,0.17582
8002,0.16193000000000002
8003,0.14333
8004,0.18259999999999998
8005,0.17154
8006,0.08072
8007,0.10523
8008,0.05712
8009,0.0017900000000000001
8010,0.0
8011,0.0
8012,0.0
8013,0.0
8014,0.0
8015,0.0
8016,0.0
8017,0.0
8018,0.0
8019,0.0
8020,0.0
8021,0.0
8022,0.013890000000000001
8023,0.06258
8024,0.13563999999999998
8025,0.18487
8026,0.14728
8027,0.22974
8028,0.23418
8029,0.16691999999999999
8030,0.09761
8031,0.05219
8032,0.0165
8033,0.0
8034,0.0
8035,0.0
8036,0.0
8037,0.0
8038,0.0
8039,0.0
8040,0.0
8041,0.0
8042,0.0
8043,0.0
8044,0.0
8045,0.0
8046,0.01048
8047,0.08187
8048,0.09034
8049,0.10707
8050,0.17167
8051,0.23111
8052,0.19294999999999998
8053,0.13828000000000001
8054,0.11370000000000001
8055,0.04136
8056,0.030850000000000002
8057,0.001
8058,0.0
8059,0.0
8060,0.0
8061,0.0
8062,0.0
8063,0.0
8064,0.0
8065,0.0
8066,0.0
8067,0.0
8068,0.0
8069,0.0
8070,0.0
8071,0.0038399999999999997
8072,0.01723
8073,0.03547
8074,0.05654
8075,0.10715999999999999
8076,0.08779
8077,0.06079
8078,0.03314
8079,0.032420000000000004
8080,0.01046
8081,0.00046
8082,0.0
8083,0.0
8084,0.0
8085,0.0
8086,0.0
8087,0.0
8088,0.0
8089,0.0
8090,0.0
8091,0.0
8092,0.0
8093,0.0
8094,0.0008100000000000001
8095,0.01809
8096,0.05429
8097,0.10719
8098,0.14846
8099,0.18381999999999998
8100,0.13534000000000002
8101,0.15609
8102,0.11073999999999999
8103,0.08483
8104,0.0225
8105,0.00085
8106,0.0
8107,0.0
8108,0.0
8109,0.0
8110,0.0
8111,0.0
8112,0.0
8113,0.0
8114,0.0
8115,0.0
8116,0.0
8117,0.0
8118,0.00945
8119,0.06129
8120,0.08746999999999999
8121,0.0756
8122,0.08868000000000001
8123,0.11552
8124,0.12407
8125,0.16491
8126,0.11663
8127,0.09256
8128,0.03732
8129,0.00174
8130,0.0
8131,0.0
8132,0.0
8133,0.0
8134,0.0
8135,0.0
8136,0.0
8137,0.0
8138,0.0
8139,0.0
8140,0.0
8141,0.0
8142,0.00899
8143,0.05731
8144,0.10106
8145,0.09826
8146,0.09089
8147,0.08752
8148,0.08673
8149,0.12854
8150,0.10536
8151,0.10490000000000001
8152,0.045630000000000004
8153,0.00366
8154,0.0
8155,0.0
8156,0.0
8157,0.0
8158,0.0
8159,0.0
8160,0.0
8161,0.0
8162,0.0
8163,0.0
8164,0.0
8165,0.0
8166,0.00808
8167,0.03775
8168,0.11047
8169,0.1497
8170,0.19041
8171,0.15134999999999998
8172,0.11542
8173,0.15065
8174,0.11606
8175,0.095
8176,0.036469999999999995
8177,0.0
8178,0.0
8179,0.0
8180,0.0
8181,0.0
8182,0.0
8183,0.0
8184,0.0
8185,0.0
8186,0.0
8187,0.0
8188,0.0
8189,0.0
8190,0.00868
8191,0.06271
8192,0.12072
8193,0.17223
8194,0.24467
8195,0.2159
8196,0.22128
8197,0.21126
8198,0.17449
8199,0.10929000000000001
8200,0.04811
8201,0.00171
8202,0.0
8203,0.0
8204,0.0
8205,0.0
8206,0.0
8207,0.0
8208,0.0
8209,0.0
8210,0.0
8211,0.0
8212,0.0
8213,0.0
8214,0.00861
8215,0.0733
8216,0.13041999999999998
8217,0.19322999999999999
8218,0.17247
8219,0.17255
8220,0.14325
8221,0.20781
8222,0.14118
8223,0.07823999999999999
8224,0.05225
8225,0.00149
8226,0.0
8227,0.0
8228,0.0
8229,0.0
8230,0.0
8231,0.0
8232,0.0
8233,0.0
8234,0.0
8235,0.0
8236,0.0
8237,0.0
8238,0.00534
8239,0.05023
8240,0.14477
8241,0.16956
8242,0.21613
8243,0.26336000000000004
8244,0.23094
8245,0.24283000000000002
8246,0.19469
8247,0.10983
8248,0.05174
8249,0.0016200000000000001
8250,0.0
8251,0.0
8252,0.0
8253,0.0
8254,0.0
8255,0.0
8256,0.0
8257,0.0
8258,0.0
8259,0.0
8260,0.0
8261,0.0
8262,0.0077
8263,0.04504
8264,0.11695
8265,0.15319
8266,0.13516999999999998
8267,0.12244
8268,0.11937
8269,0.13241999999999998
8270,0.08174
8271,0.05814
8272,0.045079999999999995
8273,0.00281
8274,0.0
8275,0.0
8276,0.0
8277,0.0
8278,0.0
8279,0.0
8280,0.0
8281,0.0
8282,0.0
8283,0.0
8284,0.0
8285,0.0
8286,0.00623
8287,0.046549999999999994
8288,0.06092
8289,0.08664
8290,0.13232
8291,0.12134
8292,0.1095
8293,0.08724
8294,0.12940000000000002
8295,0.07765999999999999
8296,0.047799999999999995
8297,0.0024300000000000003
8298,0.0
8299,0.0
8300,0.0
8301,0.0
8302,0.0
8303,0.0
8304,0.0
8305,0.0
8306,0.0
8307,0.0
8308,0.0
8309,0.0
8310,0.0028799999999999997
8311,0.040159999999999994
8312,0.06073
8313,0.18621000000000001
8314,0.21196
8315,0.23417
8316,0.19607
8317,0.16735
8318,0.14928
8319,0.06765
8320,0.02845
8321,0.00093
8322,0.0
8323,0.0
8324,0.0
8325,0.0
8326,0.0
8327,0.0
8328,0.0
8329,0.0
8330,0.0
8331,0.0
8332,0.0
8333,0.0
8334,0.00085
8335,0.023780000000000003
8336,0.09085
8337,0.16153
8338,0.15430000000000002
8339,0.14740999999999999
8340,0.14779
8341,0.19754
8342,0.13997
8343,0.10704999999999999
8344,0.037579999999999995
8345,0.00235
8346,0.0
8347,0.0
8348,0.0
8349,0.0
8350,0.0
8351,0.0
8352,0.0
8353,0.0
8354,0.0
8355,0.0
8356,0.0
8357,0.0
8358,0.00333
8359,0.03393
8360,0.09828
8361,0.11534
8362,0.12978
8363,0.13815
8364,0.25338
8365,0.1449
8366,0.07264
8367,0.06275
8368,0.022269999999999998
8369,0.00088
8370,0.0
8371,0.0
8372,0.0
8373,0.0
8374,0.0
8375,0.0
8376,0.0
8377,0.0
8378,0.0
8379,0.0
8380,0.0
8381,0.0
8382,0.00652
8383,0.05063
8384,0.09652
8385,0.16132
8386,0.1232
8387,0.10703
8388,0.16163
8389,0.15569
8390,0.11637
8391,0.10262
8392,0.038509999999999996
8393,0.00325
8394,0.0
8395,0.0
8396,0.0
8397,0.0
8398,0.0
8399,0.0
8400,0.0
8401,0.0
8402,0.0
8403,0.0
8404,0.0
8405,0.0
8406,0.00566
8407,0.041280000000000004
8408,0.09534000000000001
8409,0.12599
8410,0.10633
8411,0.09617
8412,0.10979000000000001
8413,0.17193
8414,0.15084999999999998
8415,0.10806
8416,0.054130000000000005
8417,0.00367
8418,0.0
8419,0.0
8420,0.0
8421,0.0
8422,0.0
8423,0.0
8424,0.0
8425,0.0
8426,0.0
8427,0.0
8428,0.0
8429,0.0
8430,0.00711
8431,0.04286
8432,0.06963
8433,0.09376000000000001
8434,0.12548
8435,0.10614
8436,0.15680000000000002
8437,0.11765
8438,0.09290999999999999
8439,0.0653
8440,0.037340000000000005
8441,0.00422
8442,0.0
8443,0.0
8444,0.0
8445,0.0
8446,0.0
8447,0.0
8448,0.0
8449,0.0
8450,0.0
8451,0.0
8452,0.0
8453,0.0
8454,0.0036
8455,0.060950000000000004
8456,0.07126
8457,0.09962
8458,0.11859
8459,0.17031
8460,0.1534
8461,0.12575
8462,0.10357999999999999
8463,0.06953
8464,0.019649999999999997
8465,0.00152
8466,0.0
8467,0.0
8468,0.0
8469,0.0
8470,0.0
8471,0.0
8472,0.0
8473,0.0
8474,0.0
8475,0.0
8476,0.0
8477,0.0
8478,0.00373
8479,0.04507
8480,0.06799
8481,0.0867
8482,0.1285
8483,0.11065000000000001
8484,0.10117
8485,0.11886
8486,0.08056999999999999
8487,0.06408
8488,0.03454
8489,0.00325
8490,0.0
8491,0.0
8492,0.0
8493,0.0
8494,0.0
8495,0.0
8496,0.0
8497,0.0
8498,0.0
8499,0.0
8500,0.0
8501,0.0
8502,0.00507
8503,0.04399
8504,0.07803
8505,0.11611
8506,0.16316999999999998
8507,0.1182
8508,0.17797
8509,0.1504
8510,0.12394
8511,0.05874
8512,0.03468
8513,0.0027400000000000002
8514,0.0
8515,0.0
8516,0.0
8517,0.0
8518,0.0
8519,0.0
8520,0.0
8521,0.0
8522,0.0
8523,0.0
8524,0.0
8525,0.0
8526,0.005
8527,0.039549999999999995
8528,0.06998
8529,0.09562999999999999
8530,0.12129999999999999
8531,0.11320999999999999
8532,0.11270000000000001
8533,0.10288
8534,0.0883
8535,0.05711
8536,0.03932
8537,0.0032400000000000003
8538,0.0
8539,0.0
8540,0.0
8541,0.0
8542,0.0
8543,0.0
8544,0.0
8545,0.0
8546,0.0
8547,0.0
8548,0.0
8549,0.0
8550,0.00447
8551,0.040159999999999994
8552,0.09445999999999999
8553,0.11278
8554,0.11253
8555,0.09645999999999999
8556,0.09675
8557,0.12565
8558,0.09895
8559,0.06051
8560,0.0297
8561,0.00218
8562,0.0
8563,0.0
8564,0.0
8565,0.0
8566,0.0
8567,0.0
8568,0.0
8569,0.0
8570,0.0
8571,0.0
8572,0.0
8573,0.0
8574,0.00382
8575,0.041229999999999996
8576,0.07648999999999999
8577,0.08878
8578,0.083
8579,0.08881
8580,0.11152
8581,0.08715
8582,0.08277
8583,0.07819
8584,0.03811
8585,0.0029
8586,0.0
8587,0.0
8588,0.0
8589,0.0
8590,0.0
8591,0.0
8592,0.0
8593,0.0
8594,0.0
8595,0.0
8596,0.0
8597,0.0
8598,0.00461
8599,0.03693
8600,0.08264
8601,0.15663
8602,0.09992
8603,0.11699
8604,0.11719
8605,0.15469
8606,0.12699
8607,0.0864
8608,0.03359
8609,0.00318
8610,0.0
8611,0.0
8612,0.0
8613,0.0
8614,0.0
8615,0.0
8616,0.0
8617,0.0
8618,0.0
8619,0.0
8620,0.0
8621,0.0
8622,0.006030000000000001
8623,0.06849
8624,0.08538
8625,0.138
8626,0.11031999999999999
8627,0.12176000000000001
8628,0.11887
8629,0.09963
8630,0.17335
8631,0.0869
8632,0.039420000000000004
8633,0.00214
8634,0.0
8635,0.0
8636,0.0
8637,0.0
8638,0.0
8639,0.0
8640,0.0
8641,0.0
8642,0.0
8643,0.0
8644,0.0
8645,0.0
8646,0.00063
8647,0.04011
8648,0.09423999999999999
8649,0.18631999999999999
8650,0.2499
8651,0.25087
8652,0.22390000000000002
8653,0.18014
8654,0.10925
8655,0.0831
8656,0.04253
8657,0.004059999999999999
8658,0.0
8659,0.0
8660,0.0
8661,0.0
8662,0.0
8663,0.0
8664,0.0
8665,0.0
8666,0.0
8667,0.0
8668,0.0
8669,0.0
8670,0.0044
8671,0.05101
8672,0.10022
8673,0.14567
8674,0.21725
8675,0.19168000000000002
8676,0.1984
8677,0.09912
8678,0.07154
8679,0.05943
8680,0.04226
8681,0.005030000000000001
8682,0.0
8683,0.0
8684,0.0
8685,0.0
8686,0.0
8687,0.0
8688,0.0
8689,0.0
8690,0.0
8691,0.0
8692,0.0
8693,0.0
8694,0.00404
8695,0.039700000000000006
8696,0.06643
8697,0.06589
8698,0.07515000000000001
8699,0.08139
8700,0.114
8701,0.08724
8702,0.08754
8703,0.06397
8704,0.04145
8705,0.00556
8706,0.0
8707,0.0
8708,0.0
8709,0.0
8710,0.0
8711,0.0
8712,0.0
8713,0.0
8714,0.0
8715,0.0
8716,0.0
8717,0.0
8718,0.0054
8719,0.055740000000000005
8720,0.07962999999999999
8721,0.10961
8722,0.10493000000000001
8723,0.12429000000000001
8724,0.11846
8725,0.10689
8726,0.0751
8727,0.08114
8728,0.04987
8729,0.00577
8730,0.0
8731,0.0
8732,0.0
8733,0.0
8734,0.0
8735,0.0
8736,0.0
8737,0.0
8738,0.0
8739,0.0
8740,0.0
8741,0.0
8742,0.00326
8743,0.05312
8744,0.06982
8745,0.14024
8746,0.15527000000000002
8747,0.12219
8748,0.14568
8749,0.08506
8750,0.0867
8751,0.06643
8752,0.038149999999999996
8753,0.03829
8754,0.0
8755,0.0
8756,0.0
8757,0.0
8758,0.0
8759,0.0
