,pv_per_unit
0,0.0
1,0.0
2,0.0
3,0.0
4,0.0
5,0.0
6,0.02817
7,0.17543
8,0.31717
9,0.50326
10,0.55467
11,0.613
12,0.63209
13,0.51035
14,0.48629
15,0.32106
16,0.13948
17,0.00166
18,0.0
19,0.0
20,0.0
21,0.0
22,0.0
23,0.0
24,0.0
25,0.0
26,0.0
27,0.0
28,0.0
29,0.0
30,0.03648
31,0.19191999999999998
32,0.32794
33,0.50727
34,0.57005
35,0.6813400000000001
36,0.67148
37,0.6157999999999999
38,0.51029
39,0.30715
40,0.11871999999999999
41,0.00213
42,0.0
43,0.0
44,0.0
45,0.0
46,0.0
47,0.0
48,0.0
49,0.0
50,0.0
51,0.0
52,0.0
53,0.0
54,0.025070000000000002
55,0.17952
56,0.36736
57,0.45568000000000003
58,0.56188
59,0.60982
60,0.58881
61,0.54889
62,0.47904
63,0.30825
64,0.1258
65,0.0019199999999999998
66,0.0
67,0.0
68,0.0
69,0.0
70,0.0
71,0.0
72,0.0
73,0.0
74,0.0
75,0.0
76,0.0
77,0.0
78,0.03848
79,0.20037
80,0.33271
81,0.47487999999999997
82,0.6207999999999999
83,0.51695
84,0.60476
85,0.58833
86,0.47929
87,0.24899000000000002
88,0.11703
89,0.002
90,0.0
91,0.0
92,0.0
93,0.0
94,0.0
95,0.0
96,0.0
97,0.0
98,0.0
99,0.0
100,0.0
101,0.0
102,0.03083
103,0.1999
104,0.36457999999999996
105,0.55791
106,0.64527
107,0.68324
108,0.61338
109,0.58954
110,0.47706
111,0.33888999999999997
112,0.1361
113,0.0024500000000000004
114,0.0
115,0.0
116,0.0
117,0.0
118,0.0
119,0.0
120,0.0
121,0.0
122,0.0
123,0.0
124,0.0
125,0.0
126,0.01764
127,0.1378
128,0.26467
129,0.43787
130,0.54191
131,0.63255
132,0.662
133,0.5768
134,0.4634
135,0.21547
136,0.10586
137,0.0017800000000000001
138,0.0
139,0.0
140,0.0
141,0.0
142,0.0
143,0.0
144,0.0
145,0.0
146,0.0
147,0.0
148,0.0
149,0.0
150,0.02925
151,0.19965
152,0.36728
153,0.49331
154,0.5836399999999999
155,0.63244
156,0.65974
157,0.56511
158,0.42295
159,0.29273000000000005
160,0.11369
161,0.00281
162,0.0
163,0.0
164,0.0
165,0.0
166,0.0
167,0.0
168,0.0
169,0.0
170,0.0
171,0.0
172,0.0
173,0.0
174,0.0251
175,0.16151
176,0.37499
177,0.49665
178,0.5016499999999999
179,0.54043
180,0.53535
181,0.5493899999999999
182,0.47885
183,0.26400999999999997
184,0.13288
185,0.00252
186,0.0
187,0.0
188,0.0
189,0.0
190,0.0
191,0.0
192,0.0
193,0.0
194,0.0
195,0.0
196,0.0
197,0.0
198,0.027239999999999997
199,0.17890999999999999
200,0.29924
201,0.50676
202,0.45949
203,0.61209
204,0.61386
205,0.54588
206,0.42355000000000004
207,0.25453
208,0.11112999999999999
209,0.00171
210,0.0
211,0.0
212,0.0
213,0.0
214,0.0
215,0.0
216,0.0
217,0.0
218,0.0
219,0.0
220,0.0
221,0.0
222,0.02978
223,0.17106
224,0.3428
225,0.48771
226,0.54067
227,0.6542100000000001
228,0.67555
229,0.5975199999999999
230,0.41575
231,0.26396
232,0.10018
233,0.0035600000000000002
234,0.0
235,0.0
236,0.0
237,0.0
238,0.0
239,0.0
240,0.0
241,0.0
242,0.0
243,0.0
244,0.0
245,0.0
246,0.026420000000000003
247,0.19791999999999998
248,0.35885
249,0.50041
250,0.59485
251,0.6137100000000001
252,0.6031
253,0.5889
254,0.46795
255,0.32797000000000004
256,0.14546
257,0.008039999999999999
258,0.0
259,0.0
260,0.0
261,0.0
262,0.0
263,0.0
264,0.0
265,0.0
266,0.0
267,0.0
268,0.0
269,0.0
270,0.023420000000000003
271,0.16579
272,0.30221
273,0.32591000000000003
274,0.44997000000000004
275,0.5540900000000001
276,0.51548
277,0.48866000000000004
278,0.44537
279,0.29925999999999997
280,0.11375
281,0.00942
282,0.0
283,0.0
284,0.0
285,0.0
286,0.0
287,0.0
288,0.0
289,0.0
290,0.0
291,0.0
292,0.0
293,0.0
294,0.031219999999999998
295,0.21359
296,0.36977
297,0.5315700000000001
298,0.6291
299,0.64777
300,0.6945
301,0.61154
302,0.50237
303,0.31173
304,0.12279999999999999
305,0.0092
306,0.0
307,0.0
308,0.0
309,0.0
310,0.0
311,0.0
312,0.0
313,0.0
314,0.0
315,0.0
316,0.0
317,0.0
318,0.02854
319,0.16481
320,0.29892
321,0.48170999999999997
322,0.63087
323,0.62238
324,0.62149
325,0.62778
326,0.5065
327,0.33908
328,0.15578
329,0.00908
330,0.0
331,0.0
332,0.0
333,0.0
334,0.0
335,0.0
336,0.0
337,0.0
338,0.0
339,0.0
340,0.0
341,0.0
342,0.02943
343,0.16563
344,0.35375999999999996
345,0.5257200000000001
346,0.60521
347,0.5578099999999999
348,0.61097
349,0.57094
350,0.40196
351,0.24806
352,0.16325
353,0.01093
354,0.0
355,0.0
356,0.0
357,0.0
358,0.0
359,0.0
360,0.0
361,0.0
362,0.0
363,0.0
364,0.0
365,0.0
366,0.02732
367,0.2129
368,0.42544
369,0.52224
370,0.65497
371,0.6744600000000001
372,0.6868099999999999
373,0.62001
374,0.5066700000000001
375,0.27932999999999997
376,0.17583000000000001
377,0.01252
378,0.0
379,0.0
380,0.0
381,0.0
382,0.0
383,0.0
384,0.0
385,0.0
386,0.0
387,0.0
388,0.0
389,0.0
390,0.031149999999999997
391,0.19769
392,0.40684
393,0.52447
394,0.63932
395,0.68608
396,0.68229
397,0.63074
398,0.4834
399,0.36101
400,0.18028
401,0.01306
402,0.0
403,0.0
404,0.0
405,0.0
406,0.0
407,0.0
408,0.0
409,0.0
410,0.0
411,0.0
412,0.0
413,0.0
414,0.02178
415,0.19516
416,0.38683999999999996
417,0.53065
418,0.62297
419,0.6955399999999999
420,0.71009
421,0.64764
422,0.52154
423,0.3692
424,0.1676
425,0.013380000000000001
426,0.0
427,0.0
428,0.0
429,0.0
430,0.0
431,0.0
432,0.0
433,0.0
434,0.0
435,0.0
436,0.0
437,0.0
438,0.03244
439,0.18979
440,0.36013
441,0.5067
442,0.68802
443,0.66755
444,0.72178
445,0.60542
446,0.4865
447,0.33447000000000005
448,0.18280000000000002
449,0.0134
450,0.0
451,0.0
452,0.0
453,0.0
454,0.0
455,0.0
456,0.0
457,0.0
458,0.0
459,0.0
460,0.0
461,0.0
462,0.02975
463,0.17577
464,0.37462
465,0.40687
466,0.62333
467,0.60102
468,0.57171
469,0.50241
470,0.47361000000000003
471,0.36481
472,0.16987
473,0.01358
474,0.0
475,0.0
476,0.0
477,0.0
478,0.0
479,0.0
480,0.0
481,0.0
482,0.0
483,0.0
484,0.0
485,0.0
486,0.02186
487,0.18291
488,0.3777
489,0.52167
490,0.65486
491,0.71814
492,0.72565
493,0.6363300000000001
494,0.5166799999999999
495,0.36834
496,0.17635
497,0.01435
498,0.0
499,0.0
500,0.0
501,0.0
502,0.0
503,0.0
504,0.0
505,0.0
506,0.0
507,0.0
508,0.0
509,0.0
510,0.028480000000000002
511,0.18647999999999998
512,0.40548
513,0.45887
514,0.5780299999999999
515,0.63391
516,0.5366799999999999
517,0.5337000000000001
518,0.42701999999999996
519,0.29391
520,0.15841999999999998
521,0.01452
522,0.0
523,0.0
524,0.0
525,0.0
526,0.0
527,0.0
528,0.0
529,0.0
530,0.0
531,0.0
532,0.0
533,0.0
534,0.03108
535,0.20261
536,0.36336
537,0.55532
538,0.62749
539,0.6453099999999999
540,0.6204400000000001
541,0.63942
542,0.46951
543,0.32045
544,0.14115
545,0.01354
546,0.0
547,0.0
548,0.0
549,0.0
550,0.0
551,0.0
552,0.0
553,0.0
554,0.0
555,0.0
556,0.0
557,0.0
558,0.01752
559,0.14601
560,0.31097
561,0.54453
562,0.57394
563,0.56656
564,0.59382
565,0.61165
566,0.47970999999999997
567,0.32312
568,0.17261
569,0.013900000000000001
570,0.0
571,0.0
572,0.0
573,0.0
574,0.0
575,0.0
576,0.0
577,0.0
578,0.0
579,0.0
580,0.0
581,0.0
582,0.032310000000000005
583,0.2127
584,0.39194
585,0.55586
586,0.70773
587,0.75501
588,0.7462799999999999
589,0.69108
590,0.56602
591,0.3949
592,0.18396
593,0.01677
594,0.0
595,0.0
596,0.0
597,0.0
598,0.0
599,0.0
600,0.0
601,0.0
602,0.0
603,0.0
604,0.0
605,0.0
606,0.02092
607,0.16772
608,0.32617
609,0.49877999999999995
610,0.6245599999999999
611,0.70512
612,0.65722
613,0.65743
614,0.54104
615,0.39093
616,0.19616999999999998
617,0.01704
618,0.0
619,0.0
620,0.0
621,0.0
622,0.0
623,0.0
624,0.0
625,0.0
626,0.0
627,0.0
628,0.0
629,0.0
630,0.02352
631,0.18491
632,0.32815
633,0.49436
634,0.58375
635,0.67147
636,0.60764
637,0.60899
638,0.48755000000000004
639,0.3361
640,0.17321999999999999
641,0.01697
642,0.0
643,0.0
644,0.0
645,0.0
646,0.0
647,0.0
648,0.0
649,0.0
650,0.0
651,0.0
652,0.0
653,0.0
654,0.02716
655,0.18485
656,0.41572000000000003
657,0.59951
658,0.7095499999999999
659,0.77471
660,0.76827
661,0.667
662,0.5761799999999999
663,0.40386
664,0.18731
665,0.01757
666,0.0
667,0.0
668,0.0
669,0.0
670,0.0
671,0.0
672,0.0
673,0.0
674,0.0
675,0.0
676,0.0
677,0.0
678,0.02225
679,0.17331
680,0.37895999999999996
681,0.41735
682,0.5664600000000001
683,0.57697
684,0.66534
685,0.68562
686,0.5744199999999999
687,0.4028
688,0.20161
689,0.0184
690,0.0
691,0.0
692,0.0
693,0.0
694,0.0
695,0.0
696,0.0
697,0.0
698,0.0
699,0.0
700,0.0
701,0.0
702,0.026420000000000003
703,0.17193
704,0.32677
705,0.48434
706,0.66037
707,0.72957
708,0.74166
709,0.70359
710,0.59092
711,0.42282
712,0.20839
713,0.01909
714,0.0
715,0.0
716,0.0
717,0.0
718,0.0
719,0.0
720,0.0
721,0.0
722,0.0
723,0.0
724,0.0
725,0.0
726,0.02652
727,0.20449
728,0.40402
729,0.5639400000000001
730,0.6264500000000001
731,0.6994199999999999
732,0.69597
733,0.66008
734,0.53472
735,0.41337999999999997
736,0.20629
737,0.019170000000000003
738,0.0
739,0.0
740,0.0
741,0.0
742,0.0
743,0.0
744,0.0
745,0.0
746,0.0
747,0.0
748,0.0
749,0.0
750,0.02971
751,0.1754
752,0.38773
753,0.47175
754,0.57597
755,0.66083
756,0.69717
757,0.5610700000000001
758,0.47452
759,0.31389
760,0.17208
761,0.01758
762,0.0
763,0.0
764,0.0
765,0.0
766,0.0
767,0.0
768,0.0
769,0.0
770,0.0
771,0.0
772,0.0
773,0.0
774,0.02222
775,0.18572999999999998
776,0.40304
777,0.56592
778,0.6639299999999999
779,0.71394
780,0.7310800000000001
781,0.6992
782,0.58882
783,0.42222000000000004
784,0.21112
785,0.02022
786,0.0
787,0.0
788,0.0
789,0.0
790,0.0
791,0.0
792,0.0
793,0.0
794,0.0
795,0.0
796,0.0
797,0.0
798,0.02462
799,0.17776
800,0.40479000000000004
801,0.58721
802,0.6797300000000001
803,0.7402799999999999
804,0.73156
805,0.69023
806,0.5846699999999999
807,0.41026
808,0.20727
809,0.019780000000000002
810,0.0
811,0.0
812,0.0
813,0.0
814,0.0
815,0.0
816,0.0
817,0.0
818,0.0
819,0.0
820,0.0
821,0.0
822,0.020050000000000002
823,0.17217
824,0.37809
825,0.51083
826,0.643
827,0.71473
828,0.6484800000000001
829,0.6034400000000001
830,0.48581
831,0.30633
832,0.1495
833,0.015349999999999999
834,0.0
835,0.0
836,0.0
837,0.0
838,0.0
839,0.0
840,0.0
841,0.0
842,0.0
843,0.0
844,0.0
845,0.0
846,0.0238
847,0.18975
848,0.37645
849,0.5330199999999999
850,0.65064
851,0.6362300000000001
852,0.6792
853,0.5977
854,0.54943
855,0.38645
856,0.15683000000000002
857,0.01742
858,0.0
859,0.0
860,0.0
861,0.0
862,0.0
863,0.0
864,0.0
865,0.0
866,0.0
867,0.0
868,0.0
869,0.0
870,0.01843
871,0.17317
872,0.32703
873,0.49447
874,0.55531
875,0.65888
876,0.65815
877,0.61499
878,0.52276
879,0.37614
880,0.17629
881,0.01863
882,0.0
883,0.0
884,0.0
885,0.0
886,0.0
887,0.0
888,0.0
889,0.0
890,0.0
891,0.0
892,0.0
893,0.0
894,0.011720000000000001
895,0.14596
896,0.35334
897,0.48195
898,0.5721
899,0.60409
900,0.64442
901,0.5912999999999999
902,0.45263
903,0.33131
904,0.16312000000000001
905,0.018699999999999998
906,0.0
907,0.0
908,0.0
909,0.0
910,0.0
911,0.0
912,0.0
913,0.0
914,0.0
915,0.0
916,0.0
917,0.0
918,0.01632
919,0.18119
920,0.30411
921,0.52562
922,0.5718
923,0.60703
924,0.60672
925,0.55155
926,0.45488999999999996
927,0.30627
928,0.17038999999999999
929,0.018760000000000002
930,0.0
931,0.0
932,0.0
933,0.0
934,0.0
935,0.0
936,0.0
937,0.0
938,0.0
939,0.0
940,0.0
941,0.0
942,0.01746
943,0.14078
944,0.34911000000000003
945,0.48978
946,0.58613
947,0.66991
948,0.65387
949,0.62814
950,0.50829
951,0.33368000000000003
952,0.16936
953,0.01781
954,0.0
955,0.0
956,0.0
957,0.0
958,0.0
959,0.0
960,0.0
961,0.0
962,0.0
963,0.0
964,0.0
965,0.0
966,0.0215
967,0.18231
968,0.3669
969,0.5520499999999999
970,0.68029
971,0.7164299999999999
972,0.71994
973,0.64806
974,0.49592
975,0.36851
976,0.18722
977,0.01789
978,0.0
979,0.0
980,0.0
981,0.0
982,0.0
983,0.0
984,0.0
985,0.0
986,0.0
987,0.0
988,0.0
989,0.0
990,0.0205
991,0.17013999999999999
992,0.34575
993,0.47076
994,0.6484099999999999
995,0.70235
996,0.7047100000000001
997,0.60594
998,0.51811
999,0.36321
1000,0.19491999999999998
1001,0.02325
1002,0.0
1003,0.0
1004,0.0
1005,0.0
1006,0.0
1007,0.0
1008,0.0
1009,0.0
1010,0.0
1011,0.0
1012,0.0
1013,0.0
1014,0.0221
1015,0.1854
1016,0.31943
1017,0.49345
1018,0.59962
1019,0.6344
1020,0.6785
1021,0.49
1022,0.41267000000000004
1023,0.37085
1024,0.16157
1025,0.02452
1026,0.0
1027,0.0
1028,0.0
1029,0.0
1030,0.0
1031,0.0
1032,0.0
1033,0.0
1034,0.0
1035,0.0
1036,0.0
1037,0.0
1038,0.01071
1039,0.12875
1040,0.25418999999999997
1041,0.47856
1042,0.6369400000000001
1043,0.6400399999999999
1044,0.63539
1045,0.49860000000000004
1046,0.50144
1047,0.31858
1048,0.18291
1049,0.023399999999999997
1050,0.0
1051,0.0
1052,0.0
1053,0.0
1054,0.0
1055,0.0
1056,0.0
1057,0.0
1058,0.0
1059,0.0
1060,0.0
1061,0.0
1062,0.01675
1063,0.13493
1064,0.2804
1065,0.41481
1066,0.53614
1067,0.55131
1068,0.60663
1069,0.53918
1070,0.47274
1071,0.31424
1072,0.15982
1073,0.018510000000000002
1074,0.0
1075,0.0
1076,0.0
1077,0.0
1078,0.0
1079,0.0
1080,0.0
1081,0.0
1082,0.0
1083,0.0
1084,0.0
1085,0.0
1086,0.01483
1087,0.11263
1088,0.26424000000000003
1089,0.43763
1090,0.5155599999999999
1091,0.56338
1092,0.5665399999999999
1093,0.49633
1094,0.46188999999999997
1095,0.32905
1096,0.17253
1097,0.0217
1098,0.0
1099,0.0
1100,0.0
1101,0.0
1102,0.0
1103,0.0
1104,0.0
1105,0.0
1106,0.0
1107,0.0
1108,0.0
1109,0.0
1110,0.017920000000000002
1111,0.17224
1112,0.329
1113,0.41026999999999997
1114,0.45049
1115,0.45994
1116,0.5288099999999999
1117,0.47207
1118,0.49181
1119,0.39464
1120,0.20208
1121,0.02653
1122,0.0
1123,0.0
1124,0.0
1125,0.0
1126,0.0
1127,0.0
1128,0.0
1129,0.0
1130,0.0
1131,0.0
1132,0.0
1133,0.0
1134,0.028239999999999998
1135,0.19648
1136,0.41308
1137,0.5306799999999999
1138,0.65992
1139,0.7120700000000001
1140,0.76916
1141,0.72325
1142,0.6084299999999999
1143,0.43999
1144,0.22224000000000002
1145,0.02786
1146,0.0
1147,0.0
1148,0.0
1149,0.0
1150,0.0
1151,0.0
1152,0.0
1153,0.0
1154,0.0
1155,0.0
1156,0.0
1157,0.0
1158,0.0265
1159,0.16868
1160,0.37977999999999995
1161,0.54446
1162,0.55975
1163,0.66255
1164,0.6552899999999999
1165,0.65823
1166,0.58589
1167,0.37954000000000004
1168,0.21353999999999998
1169,0.02741
1170,0.0
1171,0.0
1172,0.0
1173,0.0
1174,0.0
1175,0.0
1176,0.0
1177,0.0
1178,0.0
1179,0.0
1180,0.0
1181,0.0
1182,0.02223
1183,0.21253
1184,0.41888
1185,0.5991799999999999
1186,0.68399
1187,0.77962
1188,0.76771
1189,0.7011000000000001
1190,0.5832999999999999
1191,0.42744
1192,0.2181
1193,0.02748
1194,0.0
1195,0.0
1196,0.0
1197,0.0
1198,0.0
1199,0.0
1200,0.0
1201,0.0
1202,0.0
1203,0.0
1204,0.0
1205,0.0
1206,0.016059999999999998
1207,0.16941
1208,0.3407
1209,0.54673
1210,0.6710900000000001
1211,0.65624
1212,0.68824
1213,0.59784
1214,0.47601
1215,0.39459
1216,0.20771
1217,0.026109999999999998
1218,0.0
1219,0.0
1220,0.0
1221,0.0
1222,0.0
1223,0.0
1224,0.0
1225,0.0
1226,0.0
1227,0.0
1228,0.0
1229,0.0
1230,0.03162
1231,0.2104
1232,0.35114
1233,0.59348
1234,0.74265
1235,0.78747
1236,0.7888200000000001
1237,0.7215900000000001
1238,0.60725
1239,0.43694
1240,0.2226
1241,0.02797
1242,0.0
1243,0.0
1244,0.0
1245,0.0
1246,0.0
1247,0.0
1248,0.0
1249,0.0
1250,0.0
1251,0.0
1252,0.0
1253,0.0
1254,0.02004
1255,0.20254
1256,0.39766
1257,0.50056
1258,0.61552
1259,0.6510900000000001
1260,0.75866
1261,0.66176
1262,0.59216
1263,0.43360000000000004
1264,0.21961000000000003
1265,0.027719999999999998
1266,0.0
1267,0.0
1268,0.0
1269,0.0
1270,0.0
1271,0.0
1272,0.0
1273,0.0
1274,0.0
1275,0.0
1276,0.0
1277,0.0
1278,0.02745
1279,0.20937
1280,0.36936
1281,0.53569
1282,0.55355
1283,0.6638
1284,0.78388
1285,0.72926
1286,0.60663
1287,0.43939999999999996
1288,0.22052000000000002
1289,0.02761
1290,0.0
1291,0.0
1292,0.0
1293,0.0
1294,0.0
1295,0.0
1296,0.0
1297,0.0
1298,0.0
1299,0.0
1300,0.0
1301,0.0
1302,0.02539
1303,0.19728
1304,0.33807
1305,0.50552
1306,0.57097
1307,0.61182
1308,0.55865
1309,0.65915
1310,0.56338
1311,0.37366000000000005
1312,0.21406999999999998
1313,0.027350000000000003
1314,0.0
1315,0.0
1316,0.0
1317,0.0
1318,0.0
1319,0.0
1320,0.0
1321,0.0
1322,0.0
1323,0.0
1324,0.0
1325,0.0
1326,0.02634
1327,0.18784
1328,0.40098
1329,0.54384
1330,0.53931
1331,0.6625
1332,0.56717
1333,0.5800599999999999
1334,0.48817
1335,0.36528
1336,0.16619
1337,0.02492
1338,0.0
1339,0.0
1340,0.0
1341,0.0
1342,0.0
1343,0.0
1344,0.0
1345,0.0
1346,0.0
1347,0.0
1348,0.0
1349,0.0
1350,0.02409
1351,0.18787
1352,0.35714999999999997
1353,0.5123300000000001
1354,0.64713
1355,0.51056
1356,0.5118199999999999
1357,0.41058
1358,0.37515
1359,0.33030000000000004
1360,0.17584
1361,0.0246
1362,0.0
1363,0.0
1364,0.0
1365,0.0
1366,0.0
1367,0.0
1368,0.0
1369,0.0
1370,0.0
1371,0.0
1372,0.0
1373,0.0
1374,0.03014
1375,0.19366999999999998
1376,0.36565
1377,0.52735
1378,0.6888500000000001
1379,0.7571
1380,0.71023
1381,0.62383
1382,0.54975
1383,0.42044
1384,0.21033000000000002
1385,0.02613
1386,0.0
1387,0.0
1388,0.0
1389,0.0
1390,0.0
1391,0.0
1392,0.0
1393,0.0
1394,0.0
1395,0.0
1396,0.0
1397,0.0
1398,0.032780000000000004
1399,0.20743
1400,0.35302
1401,0.49467
1402,0.48356
1403,0.58901
1404,0.64986
1405,0.6386799999999999
1406,0.56053
1407,0.40697000000000005
1408,0.20774
1409,0.02579
1410,0.0
1411,0.0
1412,0.0
1413,0.0
1414,0.0
1415,0.0
1416,0.0
1417,0.0
1418,0.0
1419,0.0
1420,0.0
1421,0.0
1422,0.01899
1423,0.19696
1424,0.34604
1425,0.48105000000000003
1426,0.60325
1427,0.65931
1428,0.6510199999999999
1429,0.67991
1430,0.55552
1431,0.37833
1432,0.21246
1433,0.026019999999999998
1434,0.0
1435,0.0
1436,0.0
1437,0.0
1438,0.0
1439,0.0
1440,0.0
1441,0.0
1442,0.0
1443,0.0
1444,0.0
1445,0.0
1446,0.02223
1447,0.17283
1448,0.28116
1449,0.42815
1450,0.49269
1451,0.57897
1452,0.6018300000000001
1453,0.65473
1454,0.55016
1455,0.42563999999999996
1456,0.21398
1457,0.02649
1458,0.0
1459,0.0
1460,0.0
1461,0.0
1462,0.0
1463,0.0
1464,0.0
1465,0.0
1466,0.0
1467,0.0
1468,0.0
1469,0.0
1470,0.02478
1471,0.18759
1472,0.2743
1473,0.41458
1474,0.36172000000000004
1475,0.40092
1476,0.47641
1477,0.41442
1478,0.49428
1479,0.2834
1480,0.13622
1481,0.02384
1482,0.0
1483,0.0
1484,0.0
1485,0.0
1486,0.0
1487,0.0
1488,0.0
1489,0.0
1490,0.0
1491,0.0
1492,0.0
1493,0.0
1494,0.02879
1495,0.21104
1496,0.36839999999999995
1497,0.53096
1498,0.63252
1499,0.61536
1500,0.63785
1501,0.6345299999999999
1502,0.53392
1503,0.39838
1504,0.15134999999999998
1505,0.02146
1506,0.0
1507,0.0
1508,0.0
1509,0.0
1510,0.0
1511,0.0
1512,0.0
1513,0.0
1514,0.0
1515,0.0
1516,0.0
1517,0.0
1518,0.0318
1519,0.19866999999999999
1520,0.30005000000000004
1521,0.28158999999999995
1522,0.38318
1523,0.34508
1524,0.48891
1525,0.29127
1526,0.27982999999999997
1527,0.22078
1528,0.14045
1529,0.02195
1530,0.0
1531,0.0
1532,0.0
1533,0.0
1534,0.0
1535,0.0
1536,0.0
1537,0.0
1538,0.0
1539,0.0
1540,0.0
1541,0.0
1542,0.02135
1543,0.15803999999999999
1544,0.33611
1545,0.45227
1546,0.58363
1547,0.6584500000000001
1548,0.59469
1549,0.44636000000000003
1550,0.36771
1551,0.32145999999999997
1552,0.15735
1553,0.023100000000000002
1554,0.0
1555,0.0
1556,0.0
1557,0.0
1558,0.0
1559,0.0
1560,0.0
1561,0.0
1562,0.0
1563,0.0
1564,0.0
1565,0.0
1566,0.02243
1567,0.18566999999999997
1568,0.32824000000000003
1569,0.47470999999999997
1570,0.39761
1571,0.55757
1572,0.53907
1573,0.6101
1574,0.4844
1575,0.36236
1576,0.20718999999999999
1577,0.024059999999999998
1578,0.0
1579,0.0
1580,0.0
1581,0.0
1582,0.0
1583,0.0
1584,0.0
1585,0.0
1586,0.0
1587,0.0
1588,0.0
1589,0.0
1590,0.02791
1591,0.15225
1592,0.34995
1593,0.47614
1594,0.48987
1595,0.48816000000000004
1596,0.44808
1597,0.46154
1598,0.48905
1599,0.35202999999999995
1600,0.16119
1601,0.02533
1602,0.0
1603,0.0
1604,0.0
1605,0.0
1606,0.0
1607,0.0
1608,0.0
1609,0.0
1610,0.0
1611,0.0
1612,0.0
1613,0.0
1614,0.02257
1615,0.15416
1616,0.26279
1617,0.28819
1618,0.56467
1619,0.51046
1620,0.55463
1621,0.43571
1622,0.34993
1623,0.2681
1624,0.1005
1625,0.011529999999999999
1626,0.0
1627,0.0
1628,0.0
1629,0.0
1630,0.0
1631,0.0
1632,0.0
1633,0.0
1634,0.0
1635,0.0
1636,0.0
1637,0.0
1638,0.020640000000000002
1639,0.12849000000000002
1640,0.21133000000000002
1641,0.23793999999999998
1642,0.34828
1643,0.45711
1644,0.45604
1645,0.24206
1646,0.24015999999999998
1647,0.18894
1648,0.08636
1649,0.015099999999999999
1650,0.0
1651,0.0
1652,0.0
1653,0.0
1654,0.0
1655,0.0
1656,0.0
1657,0.0
1658,0.0
1659,0.0
1660,0.0
1661,0.0
1662,0.04058
1663,0.18517
1664,0.35714999999999997
1665,0.47804
1666,0.55086
1667,0.5968600000000001
1668,0.5604600000000001
1669,0.55086
1670,0.39763
1671,0.29033
1672,0.16285
1673,0.023399999999999997
1674,0.0
1675,0.0
1676,0.0
1677,0.0
1678,0.0
1679,0.0
1680,0.0
1681,0.0
1682,0.0
1683,0.0
1684,0.0
1685,0.0
1686,0.03357
1687,0.20216
1688,0.36467
1689,0.5003
1690,0.59919
1691,0.55435
1692,0.57471
1693,0.45149
1694,0.40596
1695,0.25765
1696,0.08596
1697,0.00993
1698,0.0
1699,0.0
1700,0.0
1701,0.0
1702,0.0
1703,0.0
1704,0.0
1705,0.0
1706,0.0
1707,0.0
1708,0.0
1709,0.0
1710,0.02914
1711,0.15138
1712,0.34662
1713,0.47017000000000003
1714,0.61698
1715,0.6196900000000001
1716,0.61719
1717,0.5214
1718,0.46246
1719,0.30804000000000004
1720,0.15281999999999998
1721,0.02079
1722,0.0
1723,0.0
1724,0.0
1725,0.0
1726,0.0
1727,0.0
1728,0.0
1729,0.0
1730,0.0
1731,0.0
1732,0.0
1733,0.0
1734,0.02459
1735,0.14028
1736,0.23519
1737,0.33197000000000004
1738,0.47974
1739,0.5210199999999999
1740,0.58957
1741,0.4894
1742,0.44153
1743,0.29413
1744,0.12674
1745,0.01426
1746,0.0
1747,0.0
1748,0.0
1749,0.0
1750,0.0
1751,0.0
1752,0.0
1753,0.0
1754,0.0
1755,0.0
1756,0.0
1757,0.0
1758,0.045509999999999995
1759,0.24005
1760,0.39147000000000004
1761,0.56684
1762,0.70355
1763,0.7354400000000001
1764,0.71625
1765,0.64489
1766,0.48773
1767,0.38388
1768,0.18609
1769,0.02137
1770,0.0
1771,0.0
1772,0.0
1773,0.0
1774,0.0
1775,0.0
1776,0.0
1777,0.0
1778,0.0
1779,0.0
1780,0.0
1781,0.0
1782,0.04077
1783,0.19531
1784,0.37686000000000003
1785,0.53324
1786,0.6568099999999999
1787,0.74538
1788,0.74707
1789,0.68999
1790,0.5317200000000001
1791,0.39025
1792,0.18871000000000002
1793,0.019559999999999998
1794,0.0
1795,0.0
1796,0.0
1797,0.0
1798,0.0
1799,0.0
1800,0.0
1801,0.0
1802,0.0
1803,0.0
1804,0.0
1805,0.0
1806,0.02945
1807,0.18075
1808,0.36949
1809,0.53551
1810,0.66992
1811,0.62118
1812,0.61937
1813,0.50587
1814,0.45406
1815,0.31559
1816,0.1636
1817,0.02148
1818,0.0
1819,0.0
1820,0.0
1821,0.0
1822,0.0
1823,0.0
1824,0.0
1825,0.0
1826,0.0
1827,0.0
1828,0.0
1829,0.0
1830,0.03649
1831,0.23244
1832,0.42314999999999997
1833,0.59509
1834,0.7158
1835,0.74913
1836,0.7516
1837,0.68043
1838,0.5565399999999999
1839,0.39436
1840,0.19055000000000002
1841,0.019559999999999998
1842,0.0
1843,0.0
1844,0.0
1845,0.0
1846,0.0
1847,0.0
1848,0.0
1849,0.0
1850,0.0
1851,0.0
1852,0.0
1853,0.0
1854,0.056530000000000004
1855,0.25425
1856,0.44524
1857,0.61907
1858,0.69297
1859,0.7738200000000001
1860,0.77283
1861,0.70623
1862,0.5852200000000001
1863,0.41545
1864,0.20247
1865,0.02085
1866,0.0
1867,0.0
1868,0.0
1869,0.0
1870,0.0
1871,0.0
1872,0.0
1873,0.0
1874,0.0
1875,0.0
1876,0.0
1877,0.0
1878,0.04834
1879,0.22713
1880,0.44706
1881,0.62334
1882,0.74036
1883,0.76324
1884,0.77309
1885,0.7092200000000001
1886,0.58243
1887,0.4072
1888,0.1896
1889,0.020370000000000003
1890,0.0
1891,0.0
1892,0.0
1893,0.0
1894,0.0
1895,0.0
1896,0.0
1897,0.0
1898,0.0
1899,0.0
1900,0.0
1901,0.0
1902,0.04883
1903,0.19869
1904,0.38783999999999996
1905,0.5377000000000001
1906,0.63834
1907,0.6489199999999999
1908,0.75822
1909,0.60527
1910,0.5615800000000001
1911,0.40334
1912,0.19834000000000002
1913,0.01964
1914,0.0
1915,0.0
1916,0.0
1917,0.0
1918,0.0
1919,0.0
1920,0.0
1921,0.0
1922,0.0
1923,0.0
1924,0.0
1925,0.0
1926,0.055409999999999994
1927,0.24297
1928,0.3962
1929,0.43069999999999997
1930,0.62437
1931,0.61898
1932,0.67684
1933,0.54224
1934,0.45762
1935,0.30528
1936,0.15478999999999998
1937,0.01979
1938,0.0
1939,0.0
1940,0.0
1941,0.0
1942,0.0
1943,0.0
1944,0.0
1945,0.0
1946,0.0
1947,0.0
1948,0.0
1949,0.0
1950,0.04998
1951,0.22065
1952,0.44298000000000004
1953,0.5467000000000001
1954,0.63322
1955,0.74329
1956,0.68968
1957,0.68283
1958,0.55067
1959,0.37573
1960,0.18181
1961,0.01957
1962,0.0
1963,0.0
1964,0.0
1965,0.0
1966,0.0
1967,0.0
1968,0.0
1969,0.0
1970,0.0
1971,0.0
1972,0.0
1973,0.0
1974,0.03797
1975,0.23495
1976,0.43979
1977,0.52118
1978,0.66812
1979,0.71362
1980,0.7242999999999999
1981,0.65086
1982,0.53115
1983,0.34129000000000004
1984,0.18597999999999998
1985,0.01905
1986,0.0
1987,0.0
1988,0.0
1989,0.0
1990,0.0
1991,0.0
1992,0.0
1993,0.0
1994,0.0
1995,0.0
1996,0.0
1997,0.0
1998,0.04976
1999,0.25287
2000,0.38962
2001,0.58945
2002,0.6008300000000001
2003,0.6362899999999999
2004,0.72827
2005,0.6210800000000001
2006,0.5258400000000001
2007,0.37523
2008,0.18334
2009,0.01837
2010,0.0
2011,0.0
2012,0.0
2013,0.0
2014,0.0
2015,0.0
2016,0.0
2017,0.0
2018,0.0
2019,0.0
2020,0.0
2021,0.0
2022,0.05735
2023,0.23805
2024,0.46162000000000003
2025,0.63735
2026,0.72763
2027,0.7873600000000001
2028,0.76658
2029,0.6604800000000001
2030,0.5326799999999999
2031,0.38647000000000004
2032,0.17603
2033,0.01744
2034,0.0
2035,0.0
2036,0.0
2037,0.0
2038,0.0
2039,0.0
2040,0.0
2041,0.0
2042,0.0
2043,0.0
2044,0.0
2045,0.0
2046,0.05081
2047,0.21145
2048,0.38855
2049,0.41944
2050,0.53372
2051,0.6075499999999999
2052,0.5592999999999999
2053,0.59708
2054,0.43726
2055,0.36701
2056,0.14993
2057,0.01712
2058,0.0
2059,0.0
2060,0.0
2061,0.0
2062,0.0
2063,0.0
2064,0.0
2065,0.0
2066,0.0
2067,0.0
2068,0.0
2069,0.0
2070,0.045450000000000004
2071,0.21968000000000001
2072,0.43822000000000005
2073,0.52349
2074,0.6655800000000001
2075,0.64495
2076,0.69363
2077,0.59512
2078,0.45517
2079,0.35792
2080,0.15433000000000002
2081,0.0181
2082,0.0
2083,0.0
2084,0.0
2085,0.0
2086,0.0
2087,0.0
2088,0.0
2089,0.0
2090,0.0
2091,0.0
2092,0.0
2093,0.0
2094,0.047439999999999996
2095,0.19228
2096,0.4372
2097,0.544
2098,0.64942
2099,0.6565
2100,0.6819299999999999
2101,0.5593400000000001
2102,0.4163
2103,0.30075
2104,0.16867
2105,0.017410000000000002
2106,0.0
2107,0.0
2108,0.0
2109,0.0
2110,0.0
2111,0.0
2112,0.0
2113,0.0
2114,0.0
2115,0.0
2116,0.0
2117,0.0
2118,0.048729999999999996
2119,0.22605
2120,0.40203
2121,0.51091
2122,0.63524
2123,0.67457
2124,0.6362000000000001
2125,0.53286
2126,0.41975
2127,0.26256999999999997
2128,0.12447
2129,0.01388
2130,0.0
2131,0.0
2132,0.0
2133,0.0
2134,0.0
2135,0.0
2136,0.0
2137,0.0
2138,0.0
2139,0.0
2140,0.0
2141,0.0
2142,0.04629
2143,0.19593
2144,0.3594
2145,0.53567
2146,0.67776
2147,0.69294
2148,0.68251
2149,0.6389
2150,0.51286
2151,0.28746
2152,0.13892
2153,0.0124
2154,0.0
2155,0.0
2156,0.0
2157,0.0
2158,0.0
2159,0.0
2160,0.0
2161,0.0
2162,0.0
2163,0.0
2164,0.0
2165,0.0
2166,0.03896
2167,0.18831
2168,0.30544
2169,0.31948000000000004
2170,0.50495
2171,0.6194500000000001
2172,0.66242
2173,0.60456
2174,0.4753
2175,0.29982
2176,0.13843
2177,0.01532
2178,0.0
2179,0.0
2180,0.0
2181,0.0
2182,0.0
2183,0.0
2184,0.0
2185,0.0
2186,0.0
2187,0.0
2188,0.0
2189,0.0
2190,0.05403
2191,0.19831000000000001
2192,0.37657
2193,0.55331
2194,0.6117400000000001
2195,0.66426
2196,0.73407
2197,0.6360800000000001
2198,0.53801
2199,0.36727
2200,0.1554
2201,0.012960000000000001
2202,0.0
2203,0.0
2204,0.0
2205,0.0
2206,0.0
2207,0.0
2208,0.0
2209,0.0
2210,0.0
2211,0.0
2212,0.0
2213,0.0
2214,0.047409999999999994
2215,0.20535
2216,0.40958999999999995
2217,0.55886
2218,0.59061
2219,0.6305299999999999
2220,0.65727
2221,0.5721900000000001
2222,0.5369400000000001
2223,0.32449
2224,0.14615999999999998
2225,0.01431
2226,0.0
2227,0.0
2228,0.0
2229,0.0
2230,0.0
2231,0.0
2232,0.0
2233,0.0
2234,0.0
2235,0.0
2236,0.0
2237,0.0
2238,0.05331
2239,0.22547999999999999
2240,0.43691
2241,0.56549
2242,0.6655399999999999
2243,0.74181
2244,0.7002
2245,0.6051599999999999
2246,0.518
2247,0.36742
2248,0.17376
2249,0.01468
2250,0.0
2251,0.0
2252,0.0
2253,0.0
2254,0.0
2255,0.0
2256,0.0
2257,0.0
2258,0.0
2259,0.0
2260,0.0
2261,0.0
2262,0.05262
2263,0.16061
2264,0.38057
2265,0.48396
2266,0.5253099999999999
2267,0.67252
2268,0.6431399999999999
2269,0.5808099999999999
2270,0.5032300000000001
2271,0.29372000000000004
2272,0.16071000000000002
2273,0.013869999999999999
2274,0.0
2275,0.0
2276,0.0
2277,0.0
2278,0.0
2279,0.0
2280,0.0
2281,0.0
2282,0.0
2283,0.0
2284,0.0
2285,0.0
2286,0.048780000000000004
2287,0.24087
2288,0.39077
2289,0.49035
2290,0.6578999999999999
2291,0.6933400000000001
2292,0.64239
2293,0.5484600000000001
2294,0.48063
2295,0.32076
2296,0.13311
2297,0.01239
2298,0.0
2299,0.0
2300,0.0
2301,0.0
2302,0.0
2303,0.0
2304,0.0
2305,0.0
2306,0.0
2307,0.0
2308,0.0
2309,0.0
2310,0.04154
2311,0.22181
2312,0.35958
2313,0.57182
2314,0.6638999999999999
2315,0.70421
2316,0.68635
2317,0.54892
2318,0.4845
2319,0.3518
2320,0.141
2321,0.0089
2322,0.0
2323,0.0
2324,0.0
2325,0.0
2326,0.0
2327,0.0
2328,0.0
2329,0.0
2330,0.0
2331,0.0
2332,0.0
2333,0.0
2334,0.046579999999999996
2335,0.18694999999999998
2336,0.34693999999999997
2337,0.43569
2338,0.63751
2339,0.6356499999999999
2340,0.62833
2341,0.46117
2342,0.34364999999999996
2343,0.22982
2344,0.07640999999999999
2345,0.00809
2346,0.0
2347,0.0
2348,0.0
2349,0.0
2350,0.0
2351,0.0
2352,0.0
2353,0.0
2354,0.0
2355,0.0
2356,0.0
2357,0.0
2358,0.05702
2359,0.24563
2360,0.41314999999999996
2361,0.50537
2362,0.60887
2363,0.7047599999999999
2364,0.71249
2365,0.56262
2366,0.48374
2367,0.28598
2368,0.11234999999999999
2369,0.0092
2370,0.0
2371,0.0
2372,0.0
2373,0.0
2374,0.0
2375,0.0
2376,0.0
2377,0.0
2378,0.0
2379,0.0
2380,0.0
2381,0.0
2382,0.0591
2383,0.2241
2384,0.3926
2385,0.54325
2386,0.6311
2387,0.70735
2388,0.6596000000000001
2389,0.59635
2390,0.48046
2391,0.30919
2392,0.15905000000000002
2393,0.01222
2394,0.0
2395,0.0
2396,0.0
2397,0.0
2398,0.0
2399,0.0
2400,0.0
2401,0.0
2402,0.0
2403,0.0
2404,0.0
2405,0.0
2406,0.05951
2407,0.20513
2408,0.36428
2409,0.50175
2410,0.6016900000000001
2411,0.6397999999999999
2412,0.67651
2413,0.5597000000000001
2414,0.4799
2415,0.23176
2416,0.12124
2417,0.01497
2418,0.0
2419,0.0
2420,0.0
2421,0.0
2422,0.0
2423,0.0
2424,0.0
2425,0.0
2426,0.0
2427,0.0
2428,0.0
2429,0.0
2430,0.05694
2431,0.21292
2432,0.32888
2433,0.42079
2434,0.48456
2435,0.57412
2436,0.64464
2437,0.49179
2438,0.40902
2439,0.24164
2440,0.12229000000000001
2441,0.01797
2442,0.0
2443,0.0
2444,0.0
2445,0.0
2446,0.0
2447,0.0
2448,0.0
2449,0.0
2450,0.0
2451,0.0
2452,0.0
2453,0.0
2454,0.06214
2455,0.20605
2456,0.40214
2457,0.51863
2458,0.6415
2459,0.70801
2460,0.7173099999999999
2461,0.65758
2462,0.5486
2463,0.34358
2464,0.16948
2465,0.01325
2466,0.0
2467,0.0
2468,0.0
2469,0.0
2470,0.0
2471,0.0
2472,0.0
2473,0.0
2474,0.0
2475,0.0
2476,0.0
2477,0.0
2478,0.05081
2479,0.21853
2480,0.41264
2481,0.48651
2482,0.62251
2483,0.7067100000000001
2484,0.7084400000000001
2485,0.66586
2486,0.53879
2487,0.35687
2488,0.17134
2489,0.012539999999999999
2490,0.0
2491,0.0
2492,0.0
2493,0.0
2494,0.0
2495,0.0
2496,0.0
2497,0.0
2498,0.0
2499,0.0
2500,0.0
2501,0.0
2502,0.07238
2503,0.24317
2504,0.43025
2505,0.56333
2506,0.68052
2507,0.71949
2508,0.70536
2509,0.61226
2510,0.52885
2511,0.33200999999999997
2512,0.14219
2513,0.01557
2514,0.0
2515,0.0
2516,0.0
2517,0.0
2518,0.0
2519,0.0
2520,0.0
2521,0.0
2522,0.0
2523,0.0
2524,0.0
2525,0.0
2526,0.05664
2527,0.20829
2528,0.37572000000000005
2529,0.44706
2530,0.49625
2531,0.50428
2532,0.5718300000000001
2533,0.49486
2534,0.39357
2535,0.26443
2536,0.1192
2537,0.01559
2538,0.0
2539,0.0
2540,0.0
2541,0.0
2542,0.0
2543,0.0
2544,0.0
2545,0.0
2546,0.0
2547,0.0
2548,0.0
2549,0.0
2550,0.057030000000000004
2551,0.20088999999999999
2552,0.30569999999999997
2553,0.53526
2554,0.65486
2555,0.68474
2556,0.5595399999999999
2557,0.53492
2558,0.43036
2559,0.30456
2560,0.14043
2561,0.01921
2562,0.0
2563,0.0
2564,0.0
2565,0.0
2566,0.0
2567,0.0
2568,0.0
2569,0.0
2570,0.0
2571,0.0
2572,0.0
2573,0.0
2574,0.07098
2575,0.25114
2576,0.42885
2577,0.59392
2578,0.6794600000000001
2579,0.69797
2580,0.6708200000000001
2581,0.61721
2582,0.49081
2583,0.32353
2584,0.14958000000000002
2585,0.01599
2586,0.0
2587,0.0
2588,0.0
2589,0.0
2590,0.0
2591,0.0
2592,0.0
2593,0.0
2594,0.0
2595,0.0
2596,0.0
2597,0.0
2598,0.07142
2599,0.24211000000000002
2600,0.44648000000000004
2601,0.5922000000000001
2602,0.67495
2603,0.63664
2604,0.5867
2605,0.57033
2606,0.46411
2607,0.34612
2608,0.15821000000000002
2609,0.0124
2610,0.0
2611,0.0
2612,0.0
2613,0.0
2614,0.0
2615,0.0
2616,0.0
2617,0.0
2618,0.0
2619,0.0
2620,0.0
2621,0.0
2622,0.060700000000000004
2623,0.21991
2624,0.39426
2625,0.48631
2626,0.5274800000000001
2627,0.5604
2628,0.59099
2629,0.53358
2630,0.45115
2631,0.30269999999999997
2632,0.15537
2633,0.01137
2634,0.0
2635,0.0
2636,0.0
2637,0.0
2638,0.0
2639,0.0
2640,0.0
2641,0.0
2642,0.0
2643,0.0
2644,0.0
2645,0.0
2646,0.07218000000000001
2647,0.23707
2648,0.42131
2649,0.54849
2650,0.61554
2651,0.6201
2652,0.5115299999999999
2653,0.5680700000000001
2654,0.43418
2655,0.32127
2656,0.1472
2657,0.01468
2658,0.0
2659,0.0
2660,0.0
2661,0.0
2662,0.0
2663,0.0
2664,0.0
2665,0.0
2666,0.0
2667,0.0
2668,0.0
2669,0.0
2670,0.03878
2671,0.15016
2672,0.24047
2673,0.40264
2674,0.54788
2675,0.58436
2676,0.5856
2677,0.54877
2678,0.42717
2679,0.28302999999999995
2680,0.12723
2681,0.01309
2682,0.0
2683,0.0
2684,0.0
2685,0.0
2686,0.0
2687,0.0
2688,0.0
2689,0.0
2690,0.0
2691,0.0
2692,0.0
2693,0.0
2694,0.06309000000000001
2695,0.25938
2696,0.42774
2697,0.51802
2698,0.53869
2699,0.61049
2700,0.59081
2701,0.47972000000000004
2702,0.35791
2703,0.27949
2704,0.13087000000000001
2705,0.01139
2706,0.0
2707,0.0
2708,0.0
2709,0.0
2710,0.0
2711,0.0
2712,0.0
2713,0.0
2714,0.0
2715,0.0
2716,0.0
2717,0.0
2718,0.062340000000000007
2719,0.22199000000000002
2720,0.41461000000000003
2721,0.53623
2722,0.62652
2723,0.65163
2724,0.61742
2725,0.5885
2726,0.48917
2727,0.29325
2728,0.13581000000000001
2729,0.01072
2730,0.0
2731,0.0
2732,0.0
2733,0.0
2734,0.0
2735,0.0
2736,0.0
2737,0.0
2738,0.0
2739,0.0
2740,0.0
2741,0.0
2742,0.0741
2743,0.28193
2744,0.45571
2745,0.60211
2746,0.61785
2747,0.67063
2748,0.6165499999999999
2749,0.55329
2750,0.43536
2751,0.32771
2752,0.12608
2753,0.007719999999999999
2754,0.0
2755,0.0
2756,0.0
2757,0.0
2758,0.0
2759,0.0
2760,0.0
2761,0.0
2762,0.0
2763,0.0
2764,0.0
2765,0.0
2766,0.0751
2767,0.2546
2768,0.44405
2769,0.58417
2770,0.6265499999999999
2771,0.65318
2772,0.67061
2773,0.59028
2774,0.43522000000000005
2775,0.29824
2776,0.12712
2777,0.01057
2778,0.0
2779,0.0
2780,0.0
2781,0.0
2782,0.0
2783,0.0
2784,0.0
2785,0.0
2786,0.0
2787,0.0
2788,0.0
2789,0.0
2790,0.07912000000000001
2791,0.26025
2792,0.43751
2793,0.5818099999999999
2794,0.68551
2795,0.63225
2796,0.58292
2797,0.56616
2798,0.38192000000000004
2799,0.26054
2800,0.12108
2801,0.011550000000000001
2802,0.0
2803,0.0
2804,0.0
2805,0.0
2806,0.0
2807,0.0
2808,0.0
2809,0.0
2810,0.0
2811,0.0
2812,0.0
2813,0.0
2814,0.06255
2815,0.23712
2816,0.38110000000000005
2817,0.51135
2818,0.62593
2819,0.6145900000000001
2820,0.5859800000000001
2821,0.5554600000000001
2822,0.36088
2823,0.2004
2824,0.09458
2825,0.01669
2826,0.0
2827,0.0
2828,0.0
2829,0.0
2830,0.0
2831,0.0
2832,0.0
2833,0.0
2834,0.0
2835,0.0
2836,0.0
2837,0.0
2838,0.04407
2839,0.1192
2840,0.25587
2841,0.29046
2842,0.43994
2843,0.40682999999999997
2844,0.5720599999999999
2845,0.5629400000000001
2846,0.45288
2847,0.27941000000000005
2848,0.09759999999999999
2849,0.016640000000000002
2850,0.0
2851,0.0
2852,0.0
2853,0.0
2854,0.0
2855,0.0
2856,0.0
2857,0.0
2858,0.0
2859,0.0
2860,0.0
2861,0.0
2862,0.06363
2863,0.22826
2864,0.3397
2865,0.41494
2866,0.5557000000000001
2867,0.60923
2868,0.58368
2869,0.48113
2870,0.37178
2871,0.18044
2872,0.10821
2873,0.01678
2874,0.0
2875,0.0
2876,0.0
2877,0.0
2878,0.0
2879,0.0
2880,0.0
2881,0.0
2882,0.0
2883,0.0
2884,0.0
2885,0.0
2886,0.06314
2887,0.22957
2888,0.32153
2889,0.52775
2890,0.62975
2891,0.6808200000000001
2892,0.6622100000000001
2893,0.6303099999999999
2894,0.46598
2895,0.34188999999999997
2896,0.14956
2897,0.01272
2898,0.0
2899,0.0
2900,0.0
2901,0.0
2902,0.0
2903,0.0
2904,0.0
2905,0.0
2906,0.0
2907,0.0
2908,0.0
2909,0.0
2910,0.07429999999999999
2911,0.26482
2912,0.43013
2913,0.5987
2914,0.6860499999999999
2915,0.6970599999999999
2916,0.70453
2917,0.62186
2918,0.50729
2919,0.33942
2920,0.14956999999999998
2921,0.0101
2922,0.0
2923,0.0
2924,0.0
2925,0.0
2926,0.0
2927,0.0
2928,0.0
2929,0.0
2930,0.0
2931,0.0
2932,0.0
2933,0.0
2934,0.09373000000000001
2935,0.28311000000000003
2936,0.48701
2937,0.62263
2938,0.70213
2939,0.73393
2940,0.69757
2941,0.63986
2942,0.5122899999999999
2943,0.34501
2944,0.15146
2945,0.01009
2946,0.0
2947,0.0
2948,0.0
2949,0.0
2950,0.0
2951,0.0
2952,0.0
2953,0.0
2954,0.0
2955,0.0
2956,0.0
2957,0.0
2958,0.09161
2959,0.28864
2960,0.47520999999999997
2961,0.60936
2962,0.6940299999999999
2963,0.7219099999999999
2964,0.70109
2965,0.62234
2966,0.5022300000000001
2967,0.32455
2968,0.14822
2969,0.01427
2970,0.0
2971,0.0
2972,0.0
2973,0.0
2974,0.0
2975,0.0
2976,0.0
2977,0.0
2978,0.0
2979,0.0
2980,0.0
2981,0.0
2982,0.09081
2983,0.26672
2984,0.44839999999999997
2985,0.53379
2986,0.67883
2987,0.7216699999999999
2988,0.6954400000000001
2989,0.63398
2990,0.51092
2991,0.34351
2992,0.14912
2993,0.01084
2994,0.0
2995,0.0
2996,0.0
2997,0.0
2998,0.0
2999,0.0
3000,0.0
3001,0.0
3002,0.0
3003,0.0
3004,0.0
3005,0.0
3006,0.08039
3007,0.2225
3008,0.40939
3009,0.57421
3010,0.65671
3011,0.72392
3012,0.68783
3013,0.63821
3014,0.51547
3015,0.35014999999999996
3016,0.15030000000000002
3017,0.010039999999999999
3018,0.0
3019,0.0
3020,0.0
3021,0.0
3022,0.0
3023,0.0
3024,0.0
3025,0.0
3026,0.0
3027,0.0
3028,0.0
3029,0.0
3030,0.07043
3031,0.23712
3032,0.40812
3033,0.51742
3034,0.6371
3035,0.6962200000000001
3036,0.64278
3037,0.59027
3038,0.48911
3039,0.31219
3040,0.14252
3041,0.01305
3042,0.0
3043,0.0
3044,0.0
3045,0.0
3046,0.0
3047,0.0
3048,0.0
3049,0.0
3050,0.0
3051,0.0
3052,0.0
3053,0.0
3054,0.05797
3055,0.24763
3056,0.3743
3057,0.45788999999999996
3058,0.6237699999999999
3059,0.64652
3060,0.62822
3061,0.6110399999999999
3062,0.48886
3063,0.31154000000000004
3064,0.13318000000000002
3065,0.01134
3066,0.0
3067,0.0
3068,0.0
3069,0.0
3070,0.0
3071,0.0
3072,0.0
3073,0.0
3074,0.0
3075,0.0
3076,0.0
3077,0.0
3078,0.07991
3079,0.25569
3080,0.39625
3081,0.53401
3082,0.5821900000000001
3083,0.6103500000000001
3084,0.5530900000000001
3085,0.46852999999999995
3086,0.39559
3087,0.20296
3088,0.09826
3089,0.01397
3090,0.0
3091,0.0
3092,0.0
3093,0.0
3094,0.0
3095,0.0
3096,0.0
3097,0.0
3098,0.0
3099,0.0
3100,0.0
3101,0.0
3102,0.05743
3103,0.18012999999999998
3104,0.24209
3105,0.25138
3106,0.31449
3107,0.529
3108,0.50389
3109,0.40658
3110,0.34358
3111,0.21259999999999998
3112,0.09741
3113,0.01921
3114,0.0
3115,0.0
3116,0.0
3117,0.0
3118,0.0
3119,0.0
3120,0.0
3121,0.0
3122,0.0
3123,0.0
3124,0.0
3125,0.0
3126,0.0837
3127,0.25489
3128,0.42484
3129,0.5835
3130,0.6493
3131,0.6729299999999999
3132,0.6332899999999999
3133,0.59508
3134,0.45412
3135,0.29137
3136,0.12698
3137,0.00958
3138,0.0
3139,0.0
3140,0.0
3141,0.0
3142,0.0
3143,0.0
3144,0.0
3145,0.0
3146,0.0
3147,0.0
3148,0.0
3149,0.0
3150,0.06625
3151,0.23748
3152,0.39896
3153,0.48508
3154,0.548
3155,0.6830499999999999
3156,0.67464
3157,0.6023
3158,0.48185
3159,0.32644999999999996
3160,0.14726
3161,0.01034
3162,0.0
3163,0.0
3164,0.0
3165,0.0
3166,0.0
3167,0.0
3168,0.0
3169,0.0
3170,0.0
3171,0.0
3172,0.0
3173,0.0
3174,0.06822
3175,0.23016999999999999
3176,0.40897
3177,0.40064
3178,0.56737
3179,0.63809
3180,0.6461699999999999
3181,0.5640499999999999
3182,0.44616
3183,0.26087
3184,0.12303
3185,0.011349999999999999
3186,0.0
3187,0.0
3188,0.0
3189,0.0
3190,0.0
3191,0.0
3192,0.0
3193,0.0
3194,0.0
3195,0.0
3196,0.0
3197,0.0
3198,0.08245000000000001
3199,0.24127
3200,0.40556
3201,0.48186
3202,0.54826
3203,0.5052
3204,0.51895
3205,0.47769
3206,0.3921
3207,0.27482
3208,0.11728
3209,0.019420000000000003
3210,0.0
3211,0.0
3212,0.0
3213,0.0
3214,0.0
3215,0.0
3216,0.0
3217,0.0
3218,0.0
3219,0.0
3220,0.0
3221,0.0
3222,0.055049999999999995
3223,0.1656
3224,0.32448
3225,0.3944
3226,0.43826
3227,0.50322
3228,0.48945
3229,0.5443600000000001
3230,0.44094
3231,0.26427999999999996
3232,0.12318000000000001
3233,0.01264
3234,0.0
3235,0.0
3236,0.0
3237,0.0
3238,0.0
3239,0.0
3240,0.0
3241,0.0
3242,0.0
3243,0.0
3244,0.0
3245,0.0
3246,0.038009999999999995
3247,0.15847
3248,0.25912
3249,0.30046
3250,0.41964999999999997
3251,0.46397000000000005
3252,0.35352999999999996
3253,0.38271
3254,0.30365
3255,0.14958000000000002
3256,0.0875
3257,0.01304
3258,0.0
3259,0.0
3260,0.0
3261,0.0
3262,0.0
3263,0.0
3264,0.0
3265,0.0
3266,0.0
3267,0.0
3268,0.0
3269,0.0
3270,0.056049999999999996
3271,0.16791999999999999
3272,0.30876
3273,0.41764999999999997
3274,0.46288999999999997
3275,0.52552
3276,0.54374
3277,0.48908999999999997
3278,0.42306
3279,0.28967000000000004
3280,0.11152
3281,0.01235
3282,0.0
3283,0.0
3284,0.0
3285,0.0
3286,0.0
3287,0.0
3288,0.0
3289,0.0
3290,0.0
3291,0.0
3292,0.0
3293,0.0
3294,0.06466
3295,0.22407
3296,0.37349
3297,0.45966
3298,0.5740700000000001
3299,0.64723
3300,0.65786
3301,0.58726
3302,0.45755
3303,0.31291
3304,0.12095
3305,0.01064
3306,0.0
3307,0.0
3308,0.0
3309,0.0
3310,0.0
3311,0.0
3312,0.0
3313,0.0
3314,0.0
3315,0.0
3316,0.0
3317,0.0
3318,0.06086
3319,0.20695
3320,0.29005000000000003
3321,0.47308
3322,0.5330199999999999
3323,0.5995499999999999
3324,0.62442
3325,0.53604
3326,0.39368000000000003
3327,0.27426999999999996
3328,0.12025
3329,0.01602
3330,0.0
3331,0.0
3332,0.0
3333,0.0
3334,0.0
3335,0.0
3336,0.0
3337,0.0
3338,0.0
3339,0.0
3340,0.0
3341,0.0
3342,0.06692000000000001
3343,0.20297
3344,0.24018
3345,0.40396
3346,0.60772
3347,0.65442
3348,0.60854
3349,0.52249
3350,0.41652
3351,0.27429000000000003
3352,0.10286
3353,0.01864
3354,0.0
3355,0.0
3356,0.0
3357,0.0
3358,0.0
3359,0.0
3360,0.0
3361,0.0
3362,0.0
3363,0.0
3364,0.0
3365,0.0
3366,0.07812999999999999
3367,0.20104
3368,0.34308
3369,0.37155
3370,0.46474
3371,0.57745
3372,0.55395
3373,0.48887
3374,0.39914
3375,0.20136
3376,0.07495
3377,0.014839999999999999
3378,0.0
3379,0.0
3380,0.0
3381,0.0
3382,0.0
3383,0.0
3384,0.0
3385,0.0
3386,0.0
3387,0.0
3388,0.0
3389,0.0
3390,0.05107
3391,0.21902000000000002
3392,0.3182
3393,0.436
3394,0.52507
3395,0.59678
3396,0.57998
3397,0.5290900000000001
3398,0.41201
3399,0.27235000000000004
3400,0.10681
3401,0.00937
3402,0.0
3403,0.0
3404,0.0
3405,0.0
3406,0.0
3407,0.0
3408,0.0
3409,0.0
3410,0.0
3411,0.0
3412,0.0
3413,0.0
3414,0.07862000000000001
3415,0.24837
3416,0.40002
3417,0.49833999999999995
3418,0.55448
3419,0.61766
3420,0.62573
3421,0.52665
3422,0.40766
3423,0.26371
3424,0.09625
3425,0.011810000000000001
3426,0.0
3427,0.0
3428,0.0
3429,0.0
3430,0.0
3431,0.0
3432,0.0
3433,0.0
3434,0.0
3435,0.0
3436,0.0
3437,0.0
3438,0.05597
3439,0.20493
3440,0.36938
3441,0.4702
3442,0.58475
3443,0.65359
3444,0.61095
3445,0.45904
3446,0.32324
3447,0.17006
3448,0.08618
3449,0.01551
3450,0.0
3451,0.0
3452,0.0
3453,0.0
3454,0.0
3455,0.0
3456,0.0
3457,0.0
3458,0.0
3459,0.0
3460,0.0
3461,0.0
3462,0.05864
3463,0.15581
3464,0.27879000000000004
3465,0.38663
3466,0.48216000000000003
3467,0.50433
3468,0.46482
3469,0.32221
3470,0.27504
3471,0.12840000000000001
3472,0.055200000000000006
3473,0.00883
3474,0.0
3475,0.0
3476,0.0
3477,0.0
3478,0.0
3479,0.0
3480,0.0
3481,0.0
3482,0.0
3483,0.0
3484,0.0
3485,0.0
3486,0.031100000000000003
3487,0.12071
3488,0.25505
3489,0.34464
3490,0.48644
3491,0.46041000000000004
3492,0.44886000000000004
3493,0.34867000000000004
3494,0.25167
3495,0.16798
3496,0.08008
3497,0.01864
3498,0.0
3499,0.0
3500,0.0
3501,0.0
3502,0.0
3503,0.0
3504,0.0
3505,0.0
3506,0.0
3507,0.0
3508,0.0
3509,0.0
3510,0.05939
3511,0.16716999999999999
3512,0.25935
3513,0.42679
3514,0.5805
3515,0.54473
3516,0.5786100000000001
3517,0.50614
3518,0.42739
3519,0.23363
3520,0.09969
3521,0.01557
3522,0.0
3523,0.0
3524,0.0
3525,0.0
3526,0.0
3527,0.0
3528,0.0
3529,0.0
3530,0.0
3531,0.0
3532,0.0
3533,0.0
3534,0.06678
3535,0.19602
3536,0.36263999999999996
3537,0.4526
3538,0.5571799999999999
3539,0.62964
3540,0.64361
3541,0.5784900000000001
3542,0.39501
3543,0.27412000000000003
3544,0.11812
3545,0.015189999999999999
3546,0.0
3547,0.0
3548,0.0
3549,0.0
3550,0.0
3551,0.0
3552,0.0
3553,0.0
3554,0.0
3555,0.0
3556,0.0
3557,0.0
3558,0.07487
3559,0.25353
3560,0.40694
3561,0.52146
3562,0.53877
3563,0.53806
3564,0.55063
3565,0.45609
3566,0.36043000000000003
3567,0.20808000000000001
3568,0.11086
3569,0.01409
3570,0.0
3571,0.0
3572,0.0
3573,0.0
3574,0.0
3575,0.0
3576,0.0
3577,0.0
3578,0.0
3579,0.0
3580,0.0
3581,0.0
3582,0.06728
3583,0.2176
3584,0.38015
3585,0.52049
3586,0.5448099999999999
3587,0.5260900000000001
3588,0.54579
3589,0.44966
3590,0.30106
3591,0.17917
3592,0.09497
3593,0.014410000000000001
3594,0.0
3595,0.0
3596,0.0
3597,0.0
3598,0.0
3599,0.0
3600,0.0
3601,0.0
3602,0.0
3603,0.0
3604,0.0
3605,0.0
3606,0.065
3607,0.22702
3608,0.32099
3609,0.44377
3610,0.56829
3611,0.6317699999999999
3612,0.57325
3613,0.5433600000000001
3614,0.35314
3615,0.22477
3616,0.08061
3617,0.01293
3618,0.0
3619,0.0
3620,0.0
3621,0.0
3622,0.0
3623,0.0
3624,0.0
3625,0.0
3626,0.0
3627,0.0
3628,0.0
3629,0.0
3630,0.03618
3631,0.15228999999999998
3632,0.36037
3633,0.5230199999999999
3634,0.54763
3635,0.51944
3636,0.5384099999999999
3637,0.5132899999999999
3638,0.39157
3639,0.25401
3640,0.11299
3641,0.013890000000000001
3642,0.0
3643,0.0
3644,0.0
3645,0.0
3646,0.0
3647,0.0
3648,0.0
3649,0.0
3650,0.0
3651,0.0
3652,0.0
3653,0.0
3654,0.07645
3655,0.23709
3656,0.39585000000000004
3657,0.5012099999999999
3658,0.60017
3659,0.62267
3660,0.55363
3661,0.44135
3662,0.28697
3663,0.25306
3664,0.13361
3665,0.01819
3666,0.0
3667,0.0
3668,0.0
3669,0.0
3670,0.0
3671,0.0
3672,0.0
3673,0.0
3674,0.0
3675,0.0
3676,0.0
3677,0.0
3678,0.08031
3679,0.2509
3680,0.4193
3681,0.5432
3682,0.59214
3683,0.5688799999999999
3684,0.6236499999999999
3685,0.58031
3686,0.46359
3687,0.26574000000000003
3688,0.10387
3689,0.01499
3690,0.0
3691,0.0
3692,0.0
3693,0.0
3694,0.0
3695,0.0
3696,0.0
3697,0.0
3698,0.0
3699,0.0
3700,0.0
3701,0.0
3702,0.07216
3703,0.22032
3704,0.3982
3705,0.53549
3706,0.60784
3707,0.5695800000000001
3708,0.56604
3709,0.47351
3710,0.32631
3711,0.19608
3712,0.10776000000000001
3713,0.026940000000000002
3714,0.0
3715,0.0
3716,0.0
3717,0.0
3718,0.0
3719,0.0
3720,0.0
3721,0.0
3722,0.0
3723,0.0
3724,0.0
3725,0.0
3726,0.07214
3727,0.22194999999999998
3728,0.36868
3729,0.50749
3730,0.5400900000000001
3731,0.53996
3732,0.54791
3733,0.48874
3734,0.35231
3735,0.19081
3736,0.08102
3737,0.019260000000000003
3738,0.0
3739,0.0
3740,0.0
3741,0.0
3742,0.0
3743,0.0
3744,0.0
3745,0.0
3746,0.0
3747,0.0
3748,0.0
3749,0.0
3750,0.06362
3751,0.20852
3752,0.39046
3753,0.43877999999999995
3754,0.54231
3755,0.61918
3756,0.56953
3757,0.48187
3758,0.37579
3759,0.20496
3760,0.09556999999999999
3761,0.02102
3762,0.0
3763,0.0
3764,0.0
3765,0.0
3766,0.0
3767,0.0
3768,0.0
3769,0.0
3770,0.0
3771,0.0
3772,0.0
3773,0.0
3774,0.055659999999999994
3775,0.17931999999999998
3776,0.3354
3777,0.51271
3778,0.61363
3779,0.5432899999999999
3780,0.60104
3781,0.51934
3782,0.42005000000000003
3783,0.27246
3784,0.13058
3785,0.01447
3786,0.0
3787,0.0
3788,0.0
3789,0.0
3790,0.0
3791,0.0
3792,0.0
3793,0.0
3794,0.0
3795,0.0
3796,0.0
3797,0.0
3798,0.07812000000000001
3799,0.23618
3800,0.39519
3801,0.51515
3802,0.58086
3803,0.62727
3804,0.53734
3805,0.40143
3806,0.19465000000000002
3807,0.18506
3808,0.06483
3809,0.015
3810,0.0
3811,0.0
3812,0.0
3813,0.0
3814,0.0
3815,0.0
3816,0.0
3817,0.0
3818,0.0
3819,0.0
3820,0.0
3821,0.0
3822,0.07205
3823,0.23676
3824,0.37232
3825,0.45618000000000003
3826,0.55353
3827,0.61695
3828,0.57565
3829,0.49642000000000003
3830,0.3527
3831,0.24836000000000003
3832,0.1195
3833,0.01302
3834,0.0
3835,0.0
3836,0.0
3837,0.0
3838,0.0
3839,0.0
3840,0.0
3841,0.0
3842,0.0
3843,0.0
3844,0.0
3845,0.0
3846,0.05275
3847,0.18837
3848,0.33447000000000005
3849,0.50613
3850,0.57933
3851,0.5923200000000001
3852,0.56337
3853,0.5198400000000001
3854,0.41291
3855,0.23222
3856,0.08576
3857,0.01409
3858,0.0
3859,0.0
3860,0.0
3861,0.0
3862,0.0
3863,0.0
3864,0.0
3865,0.0
3866,0.0
3867,0.0
3868,0.0
3869,0.0
3870,0.06536
3871,0.21641
3872,0.38850999999999997
3873,0.48791
3874,0.57931
3875,0.64601
3876,0.63321
3877,0.54207
3878,0.43956
3879,0.27362000000000003
3880,0.139
3881,0.01607
3882,0.0
3883,0.0
3884,0.0
3885,0.0
3886,0.0
3887,0.0
3888,0.0
3889,0.0
3890,0.0
3891,0.0
3892,0.0
3893,0.0
3894,0.07178
3895,0.23217
3896,0.39533999999999997
3897,0.54965
3898,0.5964700000000001
3899,0.64748
3900,0.61027
3901,0.5648500000000001
3902,0.42707
3903,0.29708999999999997
3904,0.13571
3905,0.02212
3906,0.0
3907,0.0
3908,0.0
3909,0.0
3910,0.0
3911,0.0
3912,0.0
3913,0.0
3914,0.0
3915,0.0
3916,0.0
3917,0.0
3918,0.06637
3919,0.22135
3920,0.37291
3921,0.48055000000000003
3922,0.5169600000000001
3923,0.63002
3924,0.5159400000000001
3925,0.57086
3926,0.46336
3927,0.29489
3928,0.13881
3929,0.02047
3930,0.0
3931,0.0
3932,0.0
3933,0.0
3934,0.0
3935,0.0
3936,0.0
3937,0.0
3938,0.0
3939,0.0
3940,0.0
3941,0.0
3942,0.06433
3943,0.22505
3944,0.36427
3945,0.53703
3946,0.63866
3947,0.65963
3948,0.64207
3949,0.55173
3950,0.44880000000000003
3951,0.31015
3952,0.12916999999999998
3953,0.016300000000000002
3954,0.0
3955,0.0
3956,0.0
3957,0.0
3958,0.0
3959,0.0
3960,0.0
3961,0.0
3962,0.0
3963,0.0
3964,0.0
3965,0.0
3966,0.07049
3967,0.22679
3968,0.36424
3969,0.47737
3970,0.5827100000000001
3971,0.58677
3972,0.6183099999999999
3973,0.55923
3974,0.42824
3975,0.26042000000000004
3976,0.12459
3977,0.02757
3978,0.0
3979,0.0
3980,0.0
3981,0.0
3982,0.0
3983,0.0
3984,0.0
3985,0.0
3986,0.0
3987,0.0
3988,0.0
3989,0.0
3990,0.06645000000000001
3991,0.22496000000000002
3992,0.36554000000000003
3993,0.53501
3994,0.59833
3995,0.67738
3996,0.6452100000000001
3997,0.5495099999999999
3998,0.43849
3999,0.27882999999999997
4000,0.11689
4001,0.02897
4002,0.0
4003,0.0
4004,0.0
4005,0.0
4006,0.0
4007,0.0
4008,0.0
4009,0.0
4010,0.0
4011,0.0
4012,0.0
4013,0.0
4014,0.03642
4015,0.14037
4016,0.24342
4017,0.42271
4018,0.5502
4019,0.5946
4020,0.6110399999999999
4021,0.49093000000000003
4022,0.31501
4023,0.18644999999999998
4024,0.07748000000000001
4025,0.02237
4026,0.0
4027,0.0
4028,0.0
4029,0.0
4030,0.0
4031,0.0
4032,0.0
4033,0.0
4034,0.0
4035,0.0
4036,0.0
4037,0.0
4038,0.06114
4039,0.22884000000000002
4040,0.38743
4041,0.4507
4042,0.60765
4043,0.63915
4044,0.61399
4045,0.53812
4046,0.45012
4047,0.28752999999999995
4048,0.14097
4049,0.02432
4050,0.0
4051,0.0
4052,0.0
4053,0.0
4054,0.0
4055,0.0
4056,0.0
4057,0.0
4058,0.0
4059,0.0
4060,0.0
4061,0.0
4062,0.07375
4063,0.25324
4064,0.42763
4065,0.54575
4066,0.63409
4067,0.6528400000000001
4068,0.62861
4069,0.54872
4070,0.4129
4071,0.28414999999999996
4072,0.13118000000000002
4073,0.01844
4074,0.0
4075,0.0
4076,0.0
4077,0.0
4078,0.0
4079,0.0
4080,0.0
4081,0.0
4082,0.0
4083,0.0
4084,0.0
4085,0.0
4086,0.0699
4087,0.25538
4088,0.42988
4089,0.5603899999999999
4090,0.64125
4091,0.67638
4092,0.6455
4093,0.55923
4094,0.42671
4095,0.281
4096,0.12997999999999998
4097,0.01507
4098,0.0
4099,0.0
4100,0.0
4101,0.0
4102,0.0
4103,0.0
4104,0.0
4105,0.0
4106,0.0
4107,0.0
4108,0.0
4109,0.0
4110,0.07163
4111,0.25128
4112,0.41522000000000003
4113,0.5493899999999999
4114,0.62949
4115,0.66038
4116,0.65183
4117,0.5625800000000001
4118,0.47047000000000005
4119,0.31323
4120,0.14522
4121,0.01601
4122,0.0
4123,0.0
4124,0.0
4125,0.0
4126,0.0
4127,0.0
4128,0.0
4129,0.0
4130,0.0
4131,0.0
4132,0.0
4133,0.0
4134,0.060899999999999996
4135,0.23197
4136,0.3987
4137,0.51171
4138,0.6369900000000001
4139,0.67245
4140,0.64528
4141,0.55692
4142,0.48743000000000003
4143,0.31565
4144,0.14767
4145,0.01453
4146,0.0
4147,0.0
4148,0.0
4149,0.0
4150,0.0
4151,0.0
4152,0.0
4153,0.0
4154,0.0
4155,0.0
4156,0.0
4157,0.0
4158,0.06886
4159,0.23907
4160,0.41870999999999997
4161,0.5527000000000001
4162,0.62814
4163,0.66389
4164,0.61911
4165,0.58633
4166,0.43668
4167,0.29552999999999996
4168,0.14478
4169,0.015880000000000002
4170,0.0
4171,0.0
4172,0.0
4173,0.0
4174,0.0
4175,0.0
4176,0.0
4177,0.0
4178,0.0
4179,0.0
4180,0.0
4181,0.0
4182,0.05902
4183,0.18587
4184,0.34397000000000005
4185,0.44595
4186,0.5224099999999999
4187,0.5619299999999999
4188,0.5945900000000001
4189,0.56159
4190,0.38512
4191,0.30621
4192,0.13572
4193,0.02232
4194,0.0
4195,0.0
4196,0.0
4197,0.0
4198,0.0
4199,0.0
4200,0.0
4201,0.0
4202,0.0
4203,0.0
4204,0.0
4205,0.0
4206,0.06409999999999999
4207,0.22061
4208,0.38611
4209,0.45952
4210,0.47913
4211,0.57682
4212,0.54425
4213,0.4233
4214,0.27711
4215,0.13004
4216,0.08336
4217,0.01444
4218,0.0
4219,0.0
4220,0.0
4221,0.0
4222,0.0
4223,0.0
4224,0.0
4225,0.0
4226,0.0
4227,0.0
4228,0.0
4229,0.0
4230,0.0389
4231,0.11243
4232,0.22991999999999999
4233,0.41216
4234,0.46535000000000004
4235,0.57194
4236,0.57701
4237,0.58377
4238,0.44989999999999997
4239,0.27763
4240,0.11170999999999999
4241,0.02172
4242,0.0
4243,0.0
4244,0.0
4245,0.0
4246,0.0
4247,0.0
4248,0.0
4249,0.0
4250,0.0
4251,0.0
4252,0.0
4253,0.0
4254,0.055600000000000004
4255,0.20369
4256,0.32462
4257,0.51744
4258,0.56484
4259,0.65189
4260,0.64723
4261,0.5299299999999999
4262,0.33016
4263,0.28573000000000004
4264,0.12782
4265,0.02089
4266,0.0
4267,0.0
4268,0.0
4269,0.0
4270,0.0
4271,0.0
4272,0.0
4273,0.0
4274,0.0
4275,0.0
4276,0.0
4277,0.0
4278,0.06437000000000001
4279,0.2248
4280,0.39147000000000004
4281,0.50948
4282,0.58986
4283,0.6384500000000001
4284,0.64763
4285,0.5501699999999999
4286,0.43435
4287,0.29673
4288,0.15344999999999998
4289,0.03073
4290,0.0
4291,0.0
4292,0.0
4293,0.0
4294,0.0
4295,0.0
4296,0.0
4297,0.0
4298,0.0
4299,0.0
4300,0.0
4301,0.0
4302,0.05978
4303,0.18583000000000002
4304,0.29046
4305,0.4803
4306,0.6081
4307,0.61842
4308,0.59685
4309,0.5397799999999999
4310,0.34320999999999996
4311,0.18838999999999997
4312,0.10517
4313,0.027260000000000003
4314,0.0
4315,0.0
4316,0.0
4317,0.0
4318,0.0
4319,0.0
4320,0.0
4321,0.0
4322,0.0
4323,0.0
4324,0.0
4325,0.0
4326,0.0654
4327,0.21655000000000002
4328,0.39866
4329,0.52181
4330,0.588
4331,0.61656
4332,0.5866
4333,0.51007
4334,0.41194
4335,0.22349000000000002
4336,0.12513
4337,0.03166
4338,0.0
4339,0.0
4340,0.0
4341,0.0
4342,0.0
4343,0.0
4344,0.0
4345,0.0
4346,0.0
4347,0.0
4348,0.0
4349,0.0
4350,0.06661
4351,0.24140999999999999
4352,0.39909
4353,0.54201
4354,0.62551
4355,0.64452
4356,0.63613
4357,0.57604
4358,0.44980000000000003
4359,0.30816000000000004
4360,0.13538
4361,0.02023
4362,0.0
4363,0.0
4364,0.0
4365,0.0
4366,0.0
4367,0.0
4368,0.0
4369,0.0
4370,0.0
4371,0.0
4372,0.0
4373,0.0
4374,0.06282
4375,0.21338
4376,0.37689999999999996
4377,0.46628
4378,0.57487
4379,0.59721
4380,0.53764
4381,0.47802
4382,0.39264
4383,0.23191
4384,0.1232
4385,0.0202
4386,0.0
4387,0.0
4388,0.0
4389,0.0
4390,0.0
4391,0.0
4392,0.0
4393,0.0
4394,0.0
4395,0.0
4396,0.0
4397,0.0
4398,0.06091
4399,0.21358000000000002
4400,0.38782
4401,0.52904
4402,0.56302
4403,0.63664
4404,0.59717
4405,0.58137
4406,0.47833
4407,0.33648
4408,0.15806
4409,0.01712
4410,0.0
4411,0.0
4412,0.0
4413,0.0
4414,0.0
4415,0.0
4416,0.0
4417,0.0
4418,0.0
4419,0.0
4420,0.0
4421,0.0
4422,0.06662
4423,0.24342
4424,0.38933
4425,0.55733
4426,0.62038
4427,0.66883
4428,0.66467
4429,0.58761
4430,0.47258
4431,0.32233999999999996
4432,0.15588
4433,0.02614
4434,0.0
4435,0.0
4436,0.0
4437,0.0
4438,0.0
4439,0.0
4440,0.0
4441,0.0
4442,0.0
4443,0.0
4444,0.0
4445,0.0
4446,0.060759999999999995
4447,0.1961
4448,0.34852999999999995
4449,0.44939999999999997
4450,0.44633999999999996
4451,0.5473600000000001
4452,0.49563
4453,0.44909
4454,0.31835
4455,0.21253999999999998
4456,0.08995
4457,0.02205
4458,0.0
4459,0.0
4460,0.0
4461,0.0
4462,0.0
4463,0.0
4464,0.0
4465,0.0
4466,0.0
4467,0.0
4468,0.0
4469,0.0
4470,0.04623
4471,0.14467
4472,0.24589
4473,0.42068
4474,0.50248
4475,0.47685
4476,0.5222899999999999
4477,0.40741000000000005
4478,0.23099
4479,0.19523
4480,0.09456999999999999
4481,0.02176
4482,0.0
4483,0.0
4484,0.0
4485,0.0
4486,0.0
4487,0.0
4488,0.0
4489,0.0
4490,0.0
4491,0.0
4492,0.0
4493,0.0
4494,0.06017
4495,0.21393
4496,0.36539
4497,0.50433
4498,0.6146699999999999
4499,0.6740700000000001
4500,0.6496799999999999
4501,0.59538
4502,0.49401999999999996
4503,0.33208
4504,0.16153
4505,0.027
4506,0.0
4507,0.0
4508,0.0
4509,0.0
4510,0.0
4511,0.0
4512,0.0
4513,0.0
4514,0.0
4515,0.0
4516,0.0
4517,0.0
4518,0.05689
4519,0.20625
4520,0.362
4521,0.41984
4522,0.60049
4523,0.63066
4524,0.6233200000000001
4525,0.50963
4526,0.41247
4527,0.29047
4528,0.13476
4529,0.02961
4530,0.0
4531,0.0
4532,0.0
4533,0.0
4534,0.0
4535,0.0
4536,0.0
4537,0.0
4538,0.0
4539,0.0
4540,0.0
4541,0.0
4542,0.05083
4543,0.16219999999999998
4544,0.32966
4545,0.48647
4546,0.46414999999999995
4547,0.62897
4548,0.58685
4549,0.5370199999999999
4550,0.42598
4551,0.31618999999999997
4552,0.15699000000000002
4553,0.02761
4554,0.0
4555,0.0
4556,0.0
4557,0.0
4558,0.0
4559,0.0
4560,0.0
4561,0.0
4562,0.0
4563,0.0
4564,0.0
4565,0.0
4566,0.060719999999999996
4567,0.21857
4568,0.40673000000000004
4569,0.53728
4570,0.63525
4571,0.68968
4572,0.65924
4573,0.59597
4574,0.47587
4575,0.30922000000000005
4576,0.15472999999999998
4577,0.02432
4578,0.0
4579,0.0
4580,0.0
4581,0.0
4582,0.0
4583,0.0
4584,0.0
4585,0.0
4586,0.0
4587,0.0
4588,0.0
4589,0.0
4590,0.04838
4591,0.2015
4592,0.35925
4593,0.46973000000000004
4594,0.61849
4595,0.64136
4596,0.57887
4597,0.52667
4598,0.44891000000000003
4599,0.30119
4600,0.13955
4601,0.0217
4602,0.0
4603,0.0
4604,0.0
4605,0.0
4606,0.0
4607,0.0
4608,0.0
4609,0.0
4610,0.0
4611,0.0
4612,0.0
4613,0.0
4614,0.05932
4615,0.20952
4616,0.32323
4617,0.4785
4618,0.58974
4619,0.61641
4620,0.643
4621,0.57625
4622,0.483
4623,0.28442
4624,0.1436
4625,0.02157
4626,0.0
4627,0.0
4628,0.0
4629,0.0
4630,0.0
4631,0.0
4632,0.0
4633,0.0
4634,0.0
4635,0.0
4636,0.0
4637,0.0
4638,0.061259999999999995
4639,0.23745
4640,0.40639
4641,0.53591
4642,0.6155900000000001
4643,0.65618
4644,0.64025
4645,0.5819500000000001
4646,0.4566
4647,0.31801999999999997
4648,0.15131999999999998
4649,0.023350000000000003
4650,0.0
4651,0.0
4652,0.0
4653,0.0
4654,0.0
4655,0.0
4656,0.0
4657,0.0
4658,0.0
4659,0.0
4660,0.0
4661,0.0
4662,0.05733
4663,0.23565
4664,0.38826
4665,0.55944
4666,0.6310800000000001
4667,0.65407
4668,0.6680900000000001
4669,0.60138
4670,0.44068999999999997
4671,0.29831
4672,0.13917
4673,0.02553
4674,0.0
4675,0.0
4676,0.0
4677,0.0
4678,0.0
4679,0.0
4680,0.0
4681,0.0
4682,0.0
4683,0.0
4684,0.0
4685,0.0
4686,0.04303
4687,0.18938
4688,0.33081
4689,0.42655
4690,0.57466
4691,0.61277
4692,0.63819
4693,0.58284
4694,0.38531
4695,0.27281
4696,0.12897
4697,0.02522
4698,0.0
4699,0.0
4700,0.0
4701,0.0
4702,0.0
4703,0.0
4704,0.0
4705,0.0
4706,0.0
4707,0.0
4708,0.0
4709,0.0
4710,0.053759999999999995
4711,0.19945
4712,0.32452
4713,0.42884
4714,0.58769
4715,0.62172
4716,0.57323
4717,0.5473
4718,0.40185000000000004
4719,0.27704
4720,0.10634
4721,0.01676
4722,0.0
4723,0.0
4724,0.0
4725,0.0
4726,0.0
4727,0.0
4728,0.0
4729,0.0
4730,0.0
4731,0.0
4732,0.0
4733,0.0
4734,0.05975
4735,0.21972
4736,0.35989
4737,0.55118
4738,0.6355299999999999
4739,0.68015
4740,0.66531
4741,0.62314
4742,0.50731
4743,0.34243
4744,0.17194
4745,0.020579999999999998
4746,0.0
4747,0.0
4748,0.0
4749,0.0
4750,0.0
4751,0.0
4752,0.0
4753,0.0
4754,0.0
4755,0.0
4756,0.0
4757,0.0
4758,0.05167
4759,0.21130000000000002
4760,0.35176999999999997
4761,0.49056
4762,0.61845
4763,0.64395
4764,0.6341
4765,0.56612
4766,0.40013
4767,0.23972
4768,0.11481999999999999
4769,0.02196
4770,0.0
4771,0.0
4772,0.0
4773,0.0
4774,0.0
4775,0.0
4776,0.0
4777,0.0
4778,0.0
4779,0.0
4780,0.0
4781,0.0
4782,0.05927
4783,0.24246
4784,0.3955
4785,0.51886
4786,0.63407
4787,0.68311
4788,0.67013
4789,0.61548
4790,0.48939
4791,0.34134
4792,0.16965
4793,0.02157
4794,0.0
4795,0.0
4796,0.0
4797,0.0
4798,0.0
4799,0.0
4800,0.0
4801,0.0
4802,0.0
4803,0.0
4804,0.0
4805,0.0
4806,0.05935
4807,0.24491
4808,0.42308
4809,0.54023
4810,0.62042
4811,0.66307
4812,0.63634
4813,0.56496
4814,0.43065
4815,0.31067
4816,0.15603999999999998
4817,0.02299
4818,0.0
4819,0.0
4820,0.0
4821,0.0
4822,0.0
4823,0.0
4824,0.0
4825,0.0
4826,0.0
4827,0.0
4828,0.0
4829,0.0
4830,0.05656
4831,0.2371
4832,0.41208
4833,0.50592
4834,0.63551
4835,0.6666599999999999
4836,0.63019
4837,0.6008300000000001
4838,0.44645
4839,0.30676
4840,0.13397
4841,0.02241
4842,0.0
4843,0.0
4844,0.0
4845,0.0
4846,0.0
4847,0.0
4848,0.0
4849,0.0
4850,0.0
4851,0.0
4852,0.0
4853,0.0
4854,0.054770000000000006
4855,0.21500999999999998
4856,0.39672
4857,0.49592
4858,0.58023
4859,0.6424500000000001
4860,0.58573
4861,0.57068
4862,0.45233999999999996
4863,0.3128
4864,0.13006
4865,0.023629999999999998
4866,0.0
4867,0.0
4868,0.0
4869,0.0
4870,0.0
4871,0.0
4872,0.0
4873,0.0
4874,0.0
4875,0.0
4876,0.0
4877,0.0
4878,0.04272
4879,0.13769
4880,0.3465
4881,0.41119
4882,0.48288
4883,0.5339299999999999
4884,0.52506
4885,0.37729
4886,0.28475
4887,0.18284999999999998
4888,0.08502
4889,0.02795
4890,0.0
4891,0.0
4892,0.0
4893,0.0
4894,0.0
4895,0.0
4896,0.0
4897,0.0
4898,0.0
4899,0.0
4900,0.0
4901,0.0
4902,0.057890000000000004
4903,0.22647
4904,0.39672
4905,0.5454600000000001
4906,0.60752
4907,0.69453
4908,0.65623
4909,0.5822200000000001
4910,0.46036
4911,0.29777
4912,0.15588999999999997
4913,0.025589999999999998
4914,0.0
4915,0.0
4916,0.0
4917,0.0
4918,0.0
4919,0.0
4920,0.0
4921,0.0
4922,0.0
4923,0.0
4924,0.0
4925,0.0
4926,0.05457
4927,0.22240000000000001
4928,0.39638
4929,0.5308099999999999
4930,0.63185
4931,0.6445
4932,0.6289
4933,0.58505
4934,0.4899
4935,0.33782999999999996
4936,0.16509000000000001
4937,0.02543
4938,0.0
4939,0.0
4940,0.0
4941,0.0
4942,0.0
4943,0.0
4944,0.0
4945,0.0
4946,0.0
4947,0.0
4948,0.0
4949,0.0
4950,0.053880000000000004
4951,0.20693
4952,0.37677999999999995
4953,0.50471
4954,0.5999
4955,0.65786
4956,0.6354099999999999
4957,0.56717
4958,0.38959
4959,0.27036
4960,0.09634999999999999
4961,0.0157
4962,0.0
4963,0.0
4964,0.0
4965,0.0
4966,0.0
4967,0.0
4968,0.0
4969,0.0
4970,0.0
4971,0.0
4972,0.0
4973,0.0
4974,0.05575
4975,0.20896
4976,0.3614
4977,0.45156999999999997
4978,0.55318
4979,0.5649
4980,0.57557
4981,0.50596
4982,0.38247000000000003
4983,0.13608
4984,0.05316
4985,0.01899
4986,0.0
4987,0.0
4988,0.0
4989,0.0
4990,0.0
4991,0.0
4992,0.0
4993,0.0
4994,0.0
4995,0.0
4996,0.0
4997,0.0
4998,0.053149999999999996
4999,0.21956
5000,0.38664
5001,0.51828
5002,0.6411699999999999
5003,0.66599
5004,0.6679700000000001
5005,0.53227
5006,0.45918000000000003
5007,0.32323
5008,0.15234
5009,0.02587
5010,0.0
5011,0.0
5012,0.0
5013,0.0
5014,0.0
5015,0.0
5016,0.0
5017,0.0
5018,0.0
5019,0.0
5020,0.0
5021,0.0
5022,0.05607
5023,0.23621999999999999
5024,0.38927
5025,0.5405800000000001
5026,0.59642
5027,0.6548999999999999
5028,0.6632899999999999
5029,0.62863
5030,0.4898
5031,0.35195
5032,0.16885
5033,0.02597
5034,0.0
5035,0.0
5036,0.0
5037,0.0
5038,0.0
5039,0.0
5040,0.0
5041,0.0
5042,0.0
5043,0.0
5044,0.0
5045,0.0
5046,0.05611
5047,0.19911
5048,0.41193
5049,0.54075
5050,0.6287999999999999
5051,0.66371
5052,0.65643
5053,0.55586
5054,0.43937
5055,0.254
5056,0.11115
5057,0.023960000000000002
5058,0.0
5059,0.0
5060,0.0
5061,0.0
5062,0.0
5063,0.0
5064,0.0
5065,0.0
5066,0.0
5067,0.0
5068,0.0
5069,0.0
5070,0.05102
5071,0.20823
5072,0.33432
5073,0.48782
5074,0.55463
5075,0.58826
5076,0.5874299999999999
5077,0.54316
5078,0.42656
5079,0.28070999999999996
5080,0.09956999999999999
5081,0.01679
5082,0.0
5083,0.0
5084,0.0
5085,0.0
5086,0.0
5087,0.0
5088,0.0
5089,0.0
5090,0.0
5091,0.0
5092,0.0
5093,0.0
5094,0.05843
5095,0.23511
5096,0.40925
5097,0.5475800000000001
5098,0.62763
5099,0.6612
5100,0.64085
5101,0.58782
5102,0.46732
5103,0.33957
5104,0.14193
5105,0.019760000000000003
5106,0.0
5107,0.0
5108,0.0
5109,0.0
5110,0.0
5111,0.0
5112,0.0
5113,0.0
5114,0.0
5115,0.0
5116,0.0
5117,0.0
5118,0.0633
5119,0.24974000000000002
5120,0.43251999999999996
5121,0.54937
5122,0.64779
5123,0.67561
5124,0.6349199999999999
5125,0.57852
5126,0.49049
5127,0.34064
5128,0.15647
5129,0.02079
5130,0.0
5131,0.0
5132,0.0
5133,0.0
5134,0.0
5135,0.0
5136,0.0
5137,0.0
5138,0.0
5139,0.0
5140,0.0
5141,0.0
5142,0.05958
5143,0.24444
5144,0.42765
5145,0.5561900000000001
5146,0.66567
5147,0.67212
5148,0.69528
5149,0.62762
5150,0.5119
5151,0.34826999999999997
5152,0.17083
5153,0.019829999999999997
5154,0.0
5155,0.0
5156,0.0
5157,0.0
5158,0.0
5159,0.0
5160,0.0
5161,0.0
5162,0.0
5163,0.0
5164,0.0
5165,0.0
5166,0.059590000000000004
5167,0.23417
5168,0.40423000000000003
5169,0.54403
5170,0.65613
5171,0.68969
5172,0.68348
5173,0.61738
5174,0.50071
5175,0.34957
5176,0.17082
5177,0.02243
5178,0.0
5179,0.0
5180,0.0
5181,0.0
5182,0.0
5183,0.0
5184,0.0
5185,0.0
5186,0.0
5187,0.0
5188,0.0
5189,0.0
5190,0.05074
5191,0.19008
5192,0.36619999999999997
5193,0.49158999999999997
5194,0.61538
5195,0.66911
5196,0.6439199999999999
5197,0.56808
5198,0.46769
5199,0.33438
5200,0.15061000000000002
5201,0.02484
5202,0.0
5203,0.0
5204,0.0
5205,0.0
5206,0.0
5207,0.0
5208,0.0
5209,0.0
5210,0.0
5211,0.0
5212,0.0
5213,0.0
5214,0.0554
5215,0.21722
5216,0.39641000000000004
5217,0.5247
5218,0.63693
5219,0.68509
5220,0.6721699999999999
5221,0.5885900000000001
5222,0.46695
5223,0.30813999999999997
5224,0.14508000000000001
5225,0.018170000000000002
5226,0.0
5227,0.0
5228,0.0
5229,0.0
5230,0.0
5231,0.0
5232,0.0
5233,0.0
5234,0.0
5235,0.0
5236,0.0
5237,0.0
5238,0.06149
5239,0.21202000000000001
5240,0.38694
5241,0.5298200000000001
5242,0.64716
5243,0.67641
5244,0.63989
5245,0.5912200000000001
5246,0.5000899999999999
5247,0.30757999999999996
5248,0.13368
5249,0.01676
5250,0.0
5251,0.0
5252,0.0
5253,0.0
5254,0.0
5255,0.0
5256,0.0
5257,0.0
5258,0.0
5259,0.0
5260,0.0
5261,0.0
5262,0.06104
5263,0.23033
5264,0.40143
5265,0.49724
5266,0.63074
5267,0.68977
5268,0.67651
5269,0.60403
5270,0.47397
5271,0.30131
5272,0.13867
5273,0.019379999999999998
5274,0.0
5275,0.0
5276,0.0
5277,0.0
5278,0.0
5279,0.0
5280,0.0
5281,0.0
5282,0.0
5283,0.0
5284,0.0
5285,0.0
5286,0.06154
5287,0.22372999999999998
5288,0.36907
5289,0.54262
5290,0.5986699999999999
5291,0.65683
5292,0.6660499999999999
5293,0.62641
5294,0.49291
5295,0.29262
5296,0.13713999999999998
5297,0.02148
5298,0.0
5299,0.0
5300,0.0
5301,0.0
5302,0.0
5303,0.0
5304,0.0
5305,0.0
5306,0.0
5307,0.0
5308,0.0
5309,0.0
5310,0.06296
5311,0.24008000000000002
5312,0.39988999999999997
5313,0.51876
5314,0.63027
5315,0.52854
5316,0.5522400000000001
5317,0.59041
5318,0.47941
5319,0.28824
5320,0.11284000000000001
5321,0.01989
5322,0.0
5323,0.0
5324,0.0
5325,0.0
5326,0.0
5327,0.0
5328,0.0
5329,0.0
5330,0.0
5331,0.0
5332,0.0
5333,0.0
5334,0.06069
5335,0.24319
5336,0.42861
5337,0.55238
5338,0.6548099999999999
5339,0.69816
5340,0.6720700000000001
5341,0.6203099999999999
5342,0.32971
5343,0.27520999999999995
5344,0.141
5345,0.01696
5346,0.0
5347,0.0
5348,0.0
5349,0.0
5350,0.0
5351,0.0
5352,0.0
5353,0.0
5354,0.0
5355,0.0
5356,0.0
5357,0.0
5358,0.06384000000000001
5359,0.21968000000000001
5360,0.42360000000000003
5361,0.51683
5362,0.6735099999999999
5363,0.7230599999999999
5364,0.6727799999999999
5365,0.6443300000000001
5366,0.489
5367,0.34698
5368,0.1655
5369,0.018789999999999998
5370,0.0
5371,0.0
5372,0.0
5373,0.0
5374,0.0
5375,0.0
5376,0.0
5377,0.0
5378,0.0
5379,0.0
5380,0.0
5381,0.0
5382,0.05663
5383,0.21891
5384,0.38064
5385,0.54222
5386,0.64622
5387,0.60037
5388,0.62926
5389,0.56223
5390,0.43686
5391,0.24215
5392,0.1052
5393,0.020649999999999998
5394,0.0
5395,0.0
5396,0.0
5397,0.0
5398,0.0
5399,0.0
5400,0.0
5401,0.0
5402,0.0
5403,0.0
5404,0.0
5405,0.0
5406,0.05467
5407,0.18566999999999997
5408,0.36847
5409,0.53991
5410,0.6029
5411,0.67453
5412,0.6391100000000001
5413,0.60309
5414,0.42994
5415,0.28991
5416,0.15012999999999999
5417,0.01911
5418,0.0
5419,0.0
5420,0.0
5421,0.0
5422,0.0
5423,0.0
5424,0.0
5425,0.0
5426,0.0
5427,0.0
5428,0.0
5429,0.0
5430,0.05146
5431,0.23023
5432,0.42175
5433,0.5463899999999999
5434,0.6761
5435,0.69808
5436,0.6819700000000001
5437,0.5919099999999999
5438,0.51595
5439,0.34698
5440,0.16207
5441,0.01667
5442,0.0
5443,0.0
5444,0.0
5445,0.0
5446,0.0
5447,0.0
5448,0.0
5449,0.0
5450,0.0
5451,0.0
5452,0.0
5453,0.0
5454,0.057210000000000004
5455,0.20959999999999998
5456,0.38603
5457,0.53267
5458,0.64736
5459,0.65612
5460,0.63052
5461,0.54834
5462,0.47243999999999997
5463,0.3044
5464,0.13209
5465,0.020149999999999998
5466,0.0
5467,0.0
5468,0.0
5469,0.0
5470,0.0
5471,0.0
5472,0.0
5473,0.0
5474,0.0
5475,0.0
5476,0.0
5477,0.0
5478,0.05157
5479,0.20923
5480,0.40157
5481,0.55328
5482,0.6091
5483,0.62238
5484,0.66555
5485,0.47928
5486,0.30779
5487,0.19275
5488,0.08298
5489,0.02141
5490,0.0
5491,0.0
5492,0.0
5493,0.0
5494,0.0
5495,0.0
5496,0.0
5497,0.0
5498,0.0
5499,0.0
5500,0.0
5501,0.0
5502,0.06669
5503,0.23522
5504,0.43382
5505,0.53286
5506,0.6397999999999999
5507,0.61313
5508,0.6645700000000001
5509,0.6034299999999999
5510,0.40862
5511,0.29684
5512,0.14941
5513,0.02032
5514,0.0
5515,0.0
5516,0.0
5517,0.0
5518,0.0
5519,0.0
5520,0.0
5521,0.0
5522,0.0
5523,0.0
5524,0.0
5525,0.0
5526,0.06039
5527,0.22426
5528,0.38324
5529,0.47714999999999996
5530,0.5058
5531,0.6291100000000001
5532,0.6601699999999999
5533,0.52896
5534,0.44181
5535,0.32979
5536,0.13626
5537,0.01719
5538,0.0
5539,0.0
5540,0.0
5541,0.0
5542,0.0
5543,0.0
5544,0.0
5545,0.0
5546,0.0
5547,0.0
5548,0.0
5549,0.0
5550,0.060880000000000004
5551,0.25089
5552,0.40088
5553,0.54577
5554,0.61022
5555,0.6724600000000001
5556,0.567
5557,0.45097000000000004
5558,0.38609
5559,0.26067
5560,0.11952
5561,0.013779999999999999
5562,0.0
5563,0.0
5564,0.0
5565,0.0
5566,0.0
5567,0.0
5568,0.0
5569,0.0
5570,0.0
5571,0.0
5572,0.0
5573,0.0
5574,0.0545
5575,0.21894999999999998
5576,0.30967
5577,0.42819999999999997
5578,0.47456
5579,0.55724
5580,0.58941
5581,0.32711
5582,0.35161000000000003
5583,0.24564
5584,0.10662
5585,0.01799
5586,0.0
5587,0.0
5588,0.0
5589,0.0
5590,0.0
5591,0.0
5592,0.0
5593,0.0
5594,0.0
5595,0.0
5596,0.0
5597,0.0
5598,0.054869999999999995
5599,0.20532
5600,0.33066
5601,0.49201999999999996
5602,0.5903200000000001
5603,0.6001299999999999
5604,0.4604
5605,0.42287
5606,0.2543
5607,0.12508
5608,0.049280000000000004
5609,0.00512
5610,0.0
5611,0.0
5612,0.0
5613,0.0
5614,0.0
5615,0.0
5616,0.0
5617,0.0
5618,0.0
5619,0.0
5620,0.0
5621,0.0
5622,0.03656
5623,0.15944
5624,0.1702
5625,0.391
5626,0.47348
5627,0.52324
5628,0.5948300000000001
5629,0.47536
5630,0.35764999999999997
5631,0.17338
5632,0.10139
5633,0.019620000000000002
5634,0.0
5635,0.0
5636,0.0
5637,0.0
5638,0.0
5639,0.0
5640,0.0
5641,0.0
5642,0.0
5643,0.0
5644,0.0
5645,0.0
5646,0.06351
5647,0.23605
5648,0.41931
5649,0.49565
5650,0.59109
5651,0.57533
5652,0.55041
5653,0.5720299999999999
5654,0.51094
5655,0.32847000000000004
5656,0.15728999999999999
5657,0.01563
5658,0.0
5659,0.0
5660,0.0
5661,0.0
5662,0.0
5663,0.0
5664,0.0
5665,0.0
5666,0.0
5667,0.0
5668,0.0
5669,0.0
5670,0.07033
5671,0.23892
5672,0.42288
5673,0.5493300000000001
5674,0.58936
5675,0.63927
5676,0.6815399999999999
5677,0.54637
5678,0.50407
5679,0.35192
5680,0.15562
5681,0.01261
5682,0.0
5683,0.0
5684,0.0
5685,0.0
5686,0.0
5687,0.0
5688,0.0
5689,0.0
5690,0.0
5691,0.0
5692,0.0
5693,0.0
5694,0.06999
5695,0.2485
5696,0.40162
5697,0.53806
5698,0.59996
5699,0.56576
5700,0.5876399999999999
5701,0.4977
5702,0.36813999999999997
5703,0.26779000000000003
5704,0.10928
5705,0.01297
5706,0.0
5707,0.0
5708,0.0
5709,0.0
5710,0.0
5711,0.0
5712,0.0
5713,0.0
5714,0.0
5715,0.0
5716,0.0
5717,0.0
5718,0.06969
5719,0.26323
5720,0.44059
5721,0.5766
5722,0.6014400000000001
5723,0.6079600000000001
5724,0.6339
5725,0.62914
5726,0.49757999999999997
5727,0.30869
5728,0.11044
5729,0.01581
5730,0.0
5731,0.0
5732,0.0
5733,0.0
5734,0.0
5735,0.0
5736,0.0
5737,0.0
5738,0.0
5739,0.0
5740,0.0
5741,0.0
5742,0.07379999999999999
5743,0.2719
5744,0.44912
5745,0.58551
5746,0.6659299999999999
5747,0.68036
5748,0.67844
5749,0.64901
5750,0.42401
5751,0.32083999999999996
5752,0.13288
5753,0.01256
5754,0.0
5755,0.0
5756,0.0
5757,0.0
5758,0.0
5759,0.0
5760,0.0
5761,0.0
5762,0.0
5763,0.0
5764,0.0
5765,0.0
5766,0.06904
5767,0.25630000000000003
5768,0.40684
5769,0.55374
5770,0.66626
5771,0.71004
5772,0.68884
5773,0.6314099999999999
5774,0.45666
5775,0.29367000000000004
5776,0.15516
5777,0.00949
5778,0.0
5779,0.0
5780,0.0
5781,0.0
5782,0.0
5783,0.0
5784,0.0
5785,0.0
5786,0.0
5787,0.0
5788,0.0
5789,0.0
5790,0.07514
5791,0.27381
5792,0.44916
5793,0.59366
5794,0.6931499999999999
5795,0.7277100000000001
5796,0.70951
5797,0.63289
5798,0.51289
5799,0.33292
5800,0.13475
5801,0.01154
5802,0.0
5803,0.0
5804,0.0
5805,0.0
5806,0.0
5807,0.0
5808,0.0
5809,0.0
5810,0.0
5811,0.0
5812,0.0
5813,0.0
5814,0.07396
5815,0.28075
5816,0.456
5817,0.60562
5818,0.69369
5819,0.71876
5820,0.69562
5821,0.63067
5822,0.42692
5823,0.3311
5824,0.13047
5825,0.0115
5826,0.0
5827,0.0
5828,0.0
5829,0.0
5830,0.0
5831,0.0
5832,0.0
5833,0.0
5834,0.0
5835,0.0
5836,0.0
5837,0.0
5838,0.07343999999999999
5839,0.25636000000000003
5840,0.44737
5841,0.5687000000000001
5842,0.6791799999999999
5843,0.69129
5844,0.66564
5845,0.60666
5846,0.49661
5847,0.29094
5848,0.15152000000000002
5849,0.01094
5850,0.0
5851,0.0
5852,0.0
5853,0.0
5854,0.0
5855,0.0
5856,0.0
5857,0.0
5858,0.0
5859,0.0
5860,0.0
5861,0.0
5862,0.06318
5863,0.24963
5864,0.31139
5865,0.46373000000000003
5866,0.56049
5867,0.7060299999999999
5868,0.6447
5869,0.60056
5870,0.41688
5871,0.29819999999999997
5872,0.09936
5873,0.013890000000000001
5874,0.0
5875,0.0
5876,0.0
5877,0.0
5878,0.0
5879,0.0
5880,0.0
5881,0.0
5882,0.0
5883,0.0
5884,0.0
5885,0.0
5886,0.06294
5887,0.27163
5888,0.45272
5889,0.5606
5890,0.6449
5891,0.64528
5892,0.65055
5893,0.5836
5894,0.37265
5895,0.19819
5896,0.08211
5897,0.01159
5898,0.0
5899,0.0
5900,0.0
5901,0.0
5902,0.0
5903,0.0
5904,0.0
5905,0.0
5906,0.0
5907,0.0
5908,0.0
5909,0.0
5910,0.07705
5911,0.25375
5912,0.4018
5913,0.52427
5914,0.63907
5915,0.5924400000000001
5916,0.6571
5917,0.60641
5918,0.40805
5919,0.25981
5920,0.11669
5921,0.009720000000000001
5922,0.0
5923,0.0
5924,0.0
5925,0.0
5926,0.0
5927,0.0
5928,0.0
5929,0.0
5930,0.0
5931,0.0
5932,0.0
5933,0.0
5934,0.06968
5935,0.23294
5936,0.37291
5937,0.56537
5938,0.63119
5939,0.69762
5940,0.68575
5941,0.5578099999999999
5942,0.46469
5943,0.3102
5944,0.14606
5945,0.008289999999999999
5946,0.0
5947,0.0
5948,0.0
5949,0.0
5950,0.0
5951,0.0
5952,0.0
5953,0.0
5954,0.0
5955,0.0
5956,0.0
5957,0.0
5958,0.06988
5959,0.25339
5960,0.38348000000000004
5961,0.52178
5962,0.6173
5963,0.6666599999999999
5964,0.6674
5965,0.5570499999999999
5966,0.43697
5967,0.25872
5968,0.11693
5969,0.00747
5970,0.0
5971,0.0
5972,0.0
5973,0.0
5974,0.0
5975,0.0
5976,0.0
5977,0.0
5978,0.0
5979,0.0
5980,0.0
5981,0.0
5982,0.06711
5983,0.23314
5984,0.42688
5985,0.5864299999999999
5986,0.64273
5987,0.7205900000000001
5988,0.6988
5989,0.60898
5990,0.46056
5991,0.27729000000000004
5992,0.13855
5993,0.00827
5994,0.0
5995,0.0
5996,0.0
5997,0.0
5998,0.0
5999,0.0
6000,0.0
6001,0.0
6002,0.0
6003,0.0
6004,0.0
6005,0.0
6006,0.06247
6007,0.22172999999999998
6008,0.37775
6009,0.55543
6010,0.63851
6011,0.63009
6012,0.65403
6013,0.6269
6014,0.48723
6015,0.34907
6016,0.14568
6017,0.00816
6018,0.0
6019,0.0
6020,0.0
6021,0.0
6022,0.0
6023,0.0
6024,0.0
6025,0.0
6026,0.0
6027,0.0
6028,0.0
6029,0.0
6030,0.07086
6031,0.23057
6032,0.36473
6033,0.5348200000000001
6034,0.63561
6035,0.66254
6036,0.57464
6037,0.48217000000000004
6038,0.37686000000000003
6039,0.22456
6040,0.08581
6041,0.011380000000000001
6042,0.0
6043,0.0
6044,0.0
6045,0.0
6046,0.0
6047,0.0
6048,0.0
6049,0.0
6050,0.0
6051,0.0
6052,0.0
6053,0.0
6054,0.029670000000000002
6055,0.13891
6056,0.31895999999999997
6057,0.41824
6058,0.47064
6059,0.37533999999999995
6060,0.45785000000000003
6061,0.33544999999999997
6062,0.31638
6063,0.18637
6064,0.10189
6065,0.00545
6066,0.0
6067,0.0
6068,0.0
6069,0.0
6070,0.0
6071,0.0
6072,0.0
6073,0.0
6074,0.0
6075,0.0
6076,0.0
6077,0.0
6078,0.07508
6079,0.23317
6080,0.42185
6081,0.49724
6082,0.6043099999999999
6083,0.6088300000000001
6084,0.62299
6085,0.53619
6086,0.43298000000000003
6087,0.31359
6088,0.1298
6089,0.00348
6090,0.0
6091,0.0
6092,0.0
6093,0.0
6094,0.0
6095,0.0
6096,0.0
6097,0.0
6098,0.0
6099,0.0
6100,0.0
6101,0.0
6102,0.08245000000000001
6103,0.26029
6104,0.44001
6105,0.59401
6106,0.62075
6107,0.6685800000000001
6108,0.5786399999999999
6109,0.56653
6110,0.4571
6111,0.23626
6112,0.13682
6113,0.0042699999999999995
6114,0.0
6115,0.0
6116,0.0
6117,0.0
6118,0.0
6119,0.0
6120,0.0
6121,0.0
6122,0.0
6123,0.0
6124,0.0
6125,0.0
6126,0.08228
6127,0.26187
6128,0.43715
6129,0.53546
6130,0.60887
6131,0.64526
6132,0.6595700000000001
6133,0.60937
6134,0.47318
6135,0.30639999999999995
6136,0.11195999999999999
6137,0.00554
6138,0.0
6139,0.0
6140,0.0
6141,0.0
6142,0.0
6143,0.0
6144,0.0
6145,0.0
6146,0.0
6147,0.0
6148,0.0
6149,0.0
6150,0.08181999999999999
6151,0.26769
6152,0.39973000000000003
6153,0.59649
6154,0.64259
6155,0.63859
6156,0.6462100000000001
6157,0.5981000000000001
6158,0.49760000000000004
6159,0.3206
6160,0.13146000000000002
6161,0.00226
6162,0.0
6163,0.0
6164,0.0
6165,0.0
6166,0.0
6167,0.0
6168,0.0
6169,0.0
6170,0.0
6171,0.0
6172,0.0
6173,0.0
6174,0.08446
6175,0.27941000000000005
6176,0.41243
6177,0.53812
6178,0.65218
6179,0.68102
6180,0.67213
6181,0.58263
6182,0.43656
6183,0.28464999999999996
6184,0.08242000000000001
6185,0.00362
6186,0.0
6187,0.0
6188,0.0
6189,0.0
6190,0.0
6191,0.0
6192,0.0
6193,0.0
6194,0.0
6195,0.0
6196,0.0
6197,0.0
6198,0.0179
6199,0.13932
6200,0.20512
6201,0.28232999999999997
6202,0.5255700000000001
6203,0.6144299999999999
6204,0.56649
6205,0.42536
6206,0.35637
6207,0.2549
6208,0.08727
6209,0.00878
6210,0.0
6211,0.0
6212,0.0
6213,0.0
6214,0.0
6215,0.0
6216,0.0
6217,0.0
6218,0.0
6219,0.0
6220,0.0
6221,0.0
6222,0.07114
6223,0.23084
6224,0.39182
6225,0.51811
6226,0.5698200000000001
6227,0.6078600000000001
6228,0.62798
6229,0.53995
6230,0.43447
6231,0.26985000000000003
6232,0.10856
6233,0.00816
6234,0.0
6235,0.0
6236,0.0
6237,0.0
6238,0.0
6239,0.0
6240,0.0
6241,0.0
6242,0.0
6243,0.0
6244,0.0
6245,0.0
6246,0.05221
6247,0.13981
6248,0.2722
6249,0.39006
6250,0.49297
6251,0.60197
6252,0.53691
6253,0.39767
6254,0.30915
6255,0.1606
6256,0.06618
6257,0.00651
6258,0.0
6259,0.0
6260,0.0
6261,0.0
6262,0.0
6263,0.0
6264,0.0
6265,0.0
6266,0.0
6267,0.0
6268,0.0
6269,0.0
6270,0.04319
6271,0.18524000000000002
6272,0.35032
6273,0.52854
6274,0.6089199999999999
6275,0.65081
6276,0.6422100000000001
6277,0.57872
6278,0.46451
6279,0.28469
6280,0.1192
6281,0.0051600000000000005
6282,0.0
6283,0.0
6284,0.0
6285,0.0
6286,0.0
6287,0.0
6288,0.0
6289,0.0
6290,0.0
6291,0.0
6292,0.0
6293,0.0
6294,0.08597
6295,0.25881
6296,0.43099
6297,0.5637300000000001
6298,0.6811799999999999
6299,0.74023
6300,0.7223099999999999
6301,0.638
6302,0.46929000000000004
6303,0.3286
6304,0.13855
6305,0.0019299999999999999
6306,0.0
6307,0.0
6308,0.0
6309,0.0
6310,0.0
6311,0.0
6312,0.0
6313,0.0
6314,0.0
6315,0.0
6316,0.0
6317,0.0
6318,0.09021
6319,0.26792
6320,0.39875
6321,0.53825
6322,0.6771699999999999
6323,0.72874
6324,0.68872
6325,0.6389400000000001
6326,0.49136
6327,0.30065
6328,0.11877
6329,0.00231
6330,0.0
6331,0.0
6332,0.0
6333,0.0
6334,0.0
6335,0.0
6336,0.0
6337,0.0
6338,0.0
6339,0.0
6340,0.0
6341,0.0
6342,0.08393
6343,0.23825
6344,0.46382999999999996
6345,0.61607
6346,0.63918
6347,0.70586
6348,0.62548
6349,0.62693
6350,0.47147
6351,0.27952
6352,0.10528
6353,0.00517
6354,0.0
6355,0.0
6356,0.0
6357,0.0
6358,0.0
6359,0.0
6360,0.0
6361,0.0
6362,0.0
6363,0.0
6364,0.0
6365,0.0
6366,0.0819
6367,0.26427
6368,0.45193
6369,0.53667
6370,0.63866
6371,0.6719400000000001
6372,0.6141599999999999
6373,0.54737
6374,0.39838
6375,0.20789
6376,0.07987000000000001
6377,0.0050999999999999995
6378,0.0
6379,0.0
6380,0.0
6381,0.0
6382,0.0
6383,0.0
6384,0.0
6385,0.0
6386,0.0
6387,0.0
6388,0.0
6389,0.0
6390,0.062189999999999995
6391,0.20251
6392,0.36313
6393,0.5089
6394,0.5346000000000001
6395,0.52238
6396,0.5561799999999999
6397,0.39897000000000005
6398,0.27891000000000005
6399,0.19144
6400,0.09
6401,0.00604
6402,0.0
6403,0.0
6404,0.0
6405,0.0
6406,0.0
6407,0.0
6408,0.0
6409,0.0
6410,0.0
6411,0.0
6412,0.0
6413,0.0
6414,0.10144
6415,0.30813999999999997
6416,0.44912
6417,0.62578
6418,0.70656
6419,0.73351
6420,0.62483
6421,0.63487
6422,0.51041
6423,0.32848
6424,0.12351000000000001
6425,0.00122
6426,0.0
6427,0.0
6428,0.0
6429,0.0
6430,0.0
6431,0.0
6432,0.0
6433,0.0
6434,0.0
6435,0.0
6436,0.0
6437,0.0
6438,0.08715
6439,0.28492
6440,0.44442000000000004
6441,0.54816
6442,0.6291100000000001
6443,0.6884199999999999
6444,0.67996
6445,0.493
6446,0.39651
6447,0.25823
6448,0.08278
6449,0.00199
6450,0.0
6451,0.0
6452,0.0
6453,0.0
6454,0.0
6455,0.0
6456,0.0
6457,0.0
6458,0.0
6459,0.0
6460,0.0
6461,0.0
6462,0.08606
6463,0.30201
6464,0.48539
6465,0.6052000000000001
6466,0.61788
6467,0.6949500000000001
6468,0.65679
6469,0.64164
6470,0.51461
6471,0.33100999999999997
6472,0.12900999999999999
6473,0.0007700000000000001
6474,0.0
6475,0.0
6476,0.0
6477,0.0
6478,0.0
6479,0.0
6480,0.0
6481,0.0
6482,0.0
6483,0.0
6484,0.0
6485,0.0
6486,0.1018
6487,0.29975
6488,0.47981
6489,0.6329400000000001
6490,0.6781
6491,0.70433
6492,0.69156
6493,0.6100399999999999
6494,0.38329
6495,0.31575
6496,0.11861
6497,0.00068
6498,0.0
6499,0.0
6500,0.0
6501,0.0
6502,0.0
6503,0.0
6504,0.0
6505,0.0
6506,0.0
6507,0.0
6508,0.0
6509,0.0
6510,0.09642
6511,0.30052999999999996
6512,0.45988999999999997
6513,0.60939
6514,0.69726
6515,0.7111900000000001
6516,0.66848
6517,0.56099
6518,0.41386
6519,0.18041
6520,0.06317
6521,0.00467
6522,0.0
6523,0.0
6524,0.0
6525,0.0
6526,0.0
6527,0.0
6528,0.0
6529,0.0
6530,0.0
6531,0.0
6532,0.0
6533,0.0
6534,0.09439
6535,0.26212
6536,0.39929000000000003
6537,0.441
6538,0.54763
6539,0.5355
6540,0.44295999999999996
6541,0.42944
6542,0.25504
6543,0.12189
6544,0.06853000000000001
6545,0.00432
6546,0.0
6547,0.0
6548,0.0
6549,0.0
6550,0.0
6551,0.0
6552,0.0
6553,0.0
6554,0.0
6555,0.0
6556,0.0
6557,0.0
6558,0.09403
6559,0.26650999999999997
6560,0.41498
6561,0.5651499999999999
6562,0.67028
6563,0.6712
6564,0.61037
6565,0.55952
6566,0.37595999999999996
6567,0.1555
6568,0.06602
6569,0.00239
6570,0.0
6571,0.0
6572,0.0
6573,0.0
6574,0.0
6575,0.0
6576,0.0
6577,0.0
6578,0.0
6579,0.0
6580,0.0
6581,0.0
6582,0.09428
6583,0.2922
6584,0.46987
6585,0.57438
6586,0.6861499999999999
6587,0.68189
6588,0.66625
6589,0.58969
6590,0.43948000000000004
6591,0.22918
6592,0.06055
6593,0.00364
6594,0.0
6595,0.0
6596,0.0
6597,0.0
6598,0.0
6599,0.0
6600,0.0
6601,0.0
6602,0.0
6603,0.0
6604,0.0
6605,0.0
6606,0.06787
6607,0.26292000000000004
6608,0.42698
6609,0.5630700000000001
6610,0.61827
6611,0.70164
6612,0.6424
6613,0.6127
6614,0.45777999999999996
6615,0.28007
6616,0.09029999999999999
6617,0.00229
6618,0.0
6619,0.0
6620,0.0
6621,0.0
6622,0.0
6623,0.0
6624,0.0
6625,0.0
6626,0.0
6627,0.0
6628,0.0
6629,0.0
6630,0.05783
6631,0.19366999999999998
6632,0.44160000000000005
6633,0.5975199999999999
6634,0.58573
6635,0.64622
6636,0.6147400000000001
6637,0.48824
6638,0.20058
6639,0.11736
6640,0.0282
6641,0.00182
6642,0.0
6643,0.0
6644,0.0
6645,0.0
6646,0.0
6647,0.0
6648,0.0
6649,0.0
6650,0.0
6651,0.0
6652,0.0
6653,0.0
6654,0.06583
6655,0.22019999999999998
6656,0.40784
6657,0.51889
6658,0.49369
6659,0.58982
6660,0.51485
6661,0.2734
6662,0.31144
6663,0.15088
6664,0.07608
6665,0.0007
6666,0.0
6667,0.0
6668,0.0
6669,0.0
6670,0.0
6671,0.0
6672,0.0
6673,0.0
6674,0.0
6675,0.0
6676,0.0
6677,0.0
6678,0.0507
6679,0.18446
6680,0.41622000000000003
6681,0.56157
6682,0.6512100000000001
6683,0.58548
6684,0.54708
6685,0.5639700000000001
6686,0.4327
6687,0.22466
6688,0.08846
6689,0.00204
6690,0.0
6691,0.0
6692,0.0
6693,0.0
6694,0.0
6695,0.0
6696,0.0
6697,0.0
6698,0.0
6699,0.0
6700,0.0
6701,0.0
6702,0.09734999999999999
6703,0.26905
6704,0.468
6705,0.55141
6706,0.6479600000000001
6707,0.65154
6708,0.63325
6709,0.5415399999999999
6710,0.43786
6711,0.27283999999999997
6712,0.10587
6713,0.00232
6714,0.0
6715,0.0
6716,0.0
6717,0.0
6718,0.0
6719,0.0
6720,0.0
6721,0.0
6722,0.0
6723,0.0
6724,0.0
6725,0.0
6726,0.10414
6727,0.30795
6728,0.46525
6729,0.60061
6730,0.6390399999999999
6731,0.6299
6732,0.6260800000000001
6733,0.50284
6734,0.42546
6735,0.2084
6736,0.10026
6737,0.0011799999999999998
6738,0.0
6739,0.0
6740,0.0
6741,0.0
6742,0.0
6743,0.0
6744,0.0
6745,0.0
6746,0.0
6747,0.0
6748,0.0
6749,0.0
6750,0.08475
6751,0.2817
6752,0.43777
6753,0.55138
6754,0.62127
6755,0.62251
6756,0.61551
6757,0.55438
6758,0.39826
6759,0.27018000000000003
6760,0.07787999999999999
6761,0.0008
6762,0.0
6763,0.0
6764,0.0
6765,0.0
6766,0.0
6767,0.0
6768,0.0
6769,0.0
6770,0.0
6771,0.0
6772,0.0
6773,0.0
6774,0.08242000000000001
6775,0.28036
6776,0.3964
6777,0.50528
6778,0.6498200000000001
6779,0.66286
6780,0.68275
6781,0.63218
6782,0.50529
6783,0.29889
6784,0.1008
6785,0.00123
6786,0.0
6787,0.0
6788,0.0
6789,0.0
6790,0.0
6791,0.0
6792,0.0
6793,0.0
6794,0.0
6795,0.0
6796,0.0
6797,0.0
6798,0.056549999999999996
6799,0.22419999999999998
6800,0.32185
6801,0.44777
6802,0.48957
6803,0.66022
6804,0.60642
6805,0.57196
6806,0.45731
6807,0.2553
6808,0.07490999999999999
6809,7.000000000000001e-05
6810,0.0
6811,0.0
6812,0.0
6813,0.0
6814,0.0
6815,0.0
6816,0.0
6817,0.0
6818,0.0
6819,0.0
6820,0.0
6821,0.0
6822,0.09684999999999999
6823,0.2474
6824,0.44892000000000004
6825,0.53949
6826,0.6831699999999999
6827,0.61165
6828,0.6623600000000001
6829,0.60148
6830,0.37863
6831,0.25892000000000004
6832,0.08213
6833,0.00038
6834,0.0
6835,0.0
6836,0.0
6837,0.0
6838,0.0
6839,0.0
6840,0.0
6841,0.0
6842,0.0
6843,0.0
6844,0.0
6845,0.0
6846,0.0777
6847,0.25936000000000003
6848,0.40366
6849,0.5786100000000001
6850,0.68899
6851,0.6465599999999999
6852,0.65828
6853,0.54937
6854,0.40347000000000005
6855,0.2979
6856,0.08591
6857,0.00017999999999999998
6858,0.0
6859,0.0
6860,0.0
6861,0.0
6862,0.0
6863,0.0
6864,0.0
6865,0.0
6866,0.0
6867,0.0
6868,0.0
6869,0.0
6870,0.0841
6871,0.23845
6872,0.47252
6873,0.5461
6874,0.57288
6875,0.58612
6876,0.52288
6877,0.3962
6878,0.30478
6879,0.19128
6880,0.07282
6881,0.00044
6882,0.0
6883,0.0
6884,0.0
6885,0.0
6886,0.0
6887,0.0
6888,0.0
6889,0.0
6890,0.0
6891,0.0
6892,0.0
6893,0.0
6894,0.09778
6895,0.29574
6896,0.47719
6897,0.55557
6898,0.57775
6899,0.61052
6900,0.57838
6901,0.54959
6902,0.38456999999999997
6903,0.2329
6904,0.0704
6905,0.0
6906,0.0
6907,0.0
6908,0.0
6909,0.0
6910,0.0
6911,0.0
6912,0.0
6913,0.0
6914,0.0
6915,0.0
6916,0.0
6917,0.0
6918,0.04057
6919,0.14941
6920,0.34843999999999997
6921,0.46794
6922,0.57617
6923,0.5965499999999999
6924,0.6275
6925,0.45217
6926,0.25337
6927,0.15636000000000003
6928,0.05929
6929,0.0
6930,0.0
6931,0.0
6932,0.0
6933,0.0
6934,0.0
6935,0.0
6936,0.0
6937,0.0
6938,0.0
6939,0.0
6940,0.0
6941,0.0
6942,0.08302
6943,0.27526999999999996
6944,0.36418
6945,0.49094
6946,0.52744
6947,0.5395800000000001
6948,0.47739
6949,0.50231
6950,0.3507
6951,0.2394
6952,0.07535
6953,0.0
6954,0.0
6955,0.0
6956,0.0
6957,0.0
6958,0.0
6959,0.0
6960,0.0
6961,0.0
6962,0.0
6963,0.0
6964,0.0
6965,0.0
6966,0.08889
6967,0.28691
6968,0.46958999999999995
6969,0.51546
6970,0.68847
6971,0.6566900000000001
6972,0.67886
6973,0.59434
6974,0.4744
6975,0.28426999999999997
6976,0.10811
6977,0.0
6978,0.0
6979,0.0
6980,0.0
6981,0.0
6982,0.0
6983,0.0
6984,0.0
6985,0.0
6986,0.0
6987,0.0
6988,0.0
6989,0.0
6990,0.09231
6991,0.28319
6992,0.49034
6993,0.57521
6994,0.6854
6995,0.7162200000000001
6996,0.6375700000000001
6997,0.58813
6998,0.4566
6999,0.27612000000000003
7000,0.08735
7001,0.0
7002,0.0
7003,0.0
7004,0.0
7005,0.0
7006,0.0
7007,0.0
7008,0.0
7009,0.0
7010,0.0
7011,0.0
7012,0.0
7013,0.0
7014,0.08376
7015,0.25655
7016,0.42618
7017,0.51086
7018,0.52952
7019,0.59016
7020,0.58458
7021,0.47551
7022,0.34126999999999996
7023,0.19772
7024,0.06003
7025,0.0
7026,0.0
7027,0.0
7028,0.0
7029,0.0
7030,0.0
7031,0.0
7032,0.0
7033,0.0
7034,0.0
7035,0.0
7036,0.0
7037,0.0
7038,0.04771
7039,0.1936
7040,0.40881
7041,0.56036
7042,0.6164400000000001
7043,0.65352
7044,0.6717000000000001
7045,0.46705
7046,0.32309
7047,0.20113
7048,0.07053
7049,0.0
7050,0.0
7051,0.0
7052,0.0
7053,0.0
7054,0.0
7055,0.0
7056,0.0
7057,0.0
7058,0.0
7059,0.0
7060,0.0
7061,0.0
7062,0.10582
7063,0.2964
7064,0.43975
7065,0.5324500000000001
7066,0.5854199999999999
7067,0.5852200000000001
7068,0.5571
7069,0.48177
7070,0.31668
7071,0.19774
7072,0.07496
7073,0.0
7074,0.0
7075,0.0
7076,0.0
7077,0.0
7078,0.0
7079,0.0
7080,0.0
7081,0.0
7082,0.0
7083,0.0
7084,0.0
7085,0.0
7086,0.10373
7087,0.30782
7088,0.50161
7089,0.59841
7090,0.66959
7091,0.67569
7092,0.65388
7093,0.54808
7094,0.37213
7095,0.20656
7096,0.06655
7097,0.0
7098,0.0
7099,0.0
7100,0.0
7101,0.0
7102,0.0
7103,0.0
7104,0.0
7105,0.0
7106,0.0
7107,0.0
7108,0.0
7109,0.0
7110,0.09836
7111,0.30048
7112,0.45156
7113,0.52064
7114,0.6365599999999999
7115,0.5806399999999999
7116,0.56668
7117,0.52095
7118,0.37068
7119,0.19486
7120,0.056549999999999996
7121,0.0
7122,0.0
7123,0.0
7124,0.0
7125,0.0
7126,0.0
7127,0.0
7128,0.0
7129,0.0
7130,0.0
7131,0.0
7132,0.0
7133,0.0
7134,0.01841
7135,0.17026
7136,0.34131
7137,0.42961
7138,0.47216
7139,0.51575
7140,0.41084
7141,0.49369
7142,0.28186
7143,0.11468
7144,0.03032
7145,0.0
7146,0.0
7147,0.0
7148,0.0
7149,0.0
7150,0.0
7151,0.0
7152,0.0
7153,0.0
7154,0.0
7155,0.0
7156,0.0
7157,0.0
7158,0.06692000000000001
7159,0.19912
7160,0.38101999999999997
7161,0.50055
7162,0.52449
7163,0.53832
7164,0.4224
7165,0.31210000000000004
7166,0.21999000000000002
7167,0.10823999999999999
7168,0.02118
7169,0.0
7170,0.0
7171,0.0
7172,0.0
7173,0.0
7174,0.0
7175,0.0
7176,0.0
7177,0.0
7178,0.0
7179,0.0
7180,0.0
7181,0.0
7182,0.04119
7183,0.15811
7184,0.30369
7185,0.36879
7186,0.38672
7187,0.31803
7188,0.26344999999999996
7189,0.30177
7190,0.2042
7191,0.12208
7192,0.02499
7193,0.0
7194,0.0
7195,0.0
7196,0.0
7197,0.0
7198,0.0
7199,0.0
7200,0.0
7201,0.0
7202,0.0
7203,0.0
7204,0.0
7205,0.0
7206,0.01794
7207,0.07984000000000001
7208,0.23387
7209,0.26429
7210,0.3663
7211,0.41957
7212,0.39077
7213,0.36141
7214,0.22313999999999998
7215,0.1154
7216,0.03772
7217,0.0
7218,0.0
7219,0.0
7220,0.0
7221,0.0
7222,0.0
7223,0.0
7224,0.0
7225,0.0
7226,0.0
7227,0.0
7228,0.0
7229,0.0
7230,0.023100000000000002
7231,0.12816999999999998
7232,0.17886000000000002
7233,0.17778
7234,0.26679
7235,0.23737
7236,0.2546
7237,0.31422000000000005
7238,0.30255
7239,0.18669999999999998
7240,0.045450000000000004
7241,0.0
7242,0.0
7243,0.0
7244,0.0
7245,0.0
7246,0.0
7247,0.0
7248,0.0
7249,0.0
7250,0.0
7251,0.0
7252,0.0
7253,0.0
7254,0.10341
7255,0.28328
7256,0.43128
7257,0.54322
7258,0.6451399999999999
7259,0.6550199999999999
7260,0.63801
7261,0.51146
7262,0.32739999999999997
7263,0.19938999999999998
7264,0.06519
7265,0.0
7266,0.0
7267,0.0
7268,0.0
7269,0.0
7270,0.0
7271,0.0
7272,0.0
7273,0.0
7274,0.0
7275,0.0
7276,0.0
7277,0.0
7278,0.07876000000000001
7279,0.21944999999999998
7280,0.34531
7281,0.43695
7282,0.5174
7283,0.64275
7284,0.59875
7285,0.51415
7286,0.38303
7287,0.21568
7288,0.05978
7289,0.0
7290,0.0
7291,0.0
7292,0.0
7293,0.0
7294,0.0
7295,0.0
7296,0.0
7297,0.0
7298,0.0
7299,0.0
7300,0.0
7301,0.0
7302,0.05707
7303,0.19441
7304,0.35760000000000003
7305,0.44411
7306,0.53847
7307,0.45767
7308,0.41936
7309,0.38018
7310,0.17231
7311,0.07598
7312,0.03823
7313,0.0
7314,0.0
7315,0.0
7316,0.0
7317,0.0
7318,0.0
7319,0.0
7320,0.0
7321,0.0
7322,0.0
7323,0.0
7324,0.0
7325,0.0
7326,0.08466
7327,0.24664
7328,0.49906
7329,0.57228
7330,0.51627
7331,0.50036
7332,0.35852999999999996
7333,0.41979
7334,0.31076
7335,0.08613
7336,0.053450000000000004
7337,0.0
7338,0.0
7339,0.0
7340,0.0
7341,0.0
7342,0.0
7343,0.0
7344,0.0
7345,0.0
7346,0.0
7347,0.0
7348,0.0
7349,0.0
7350,0.10043
7351,0.25468999999999997
7352,0.44994999999999996
7353,0.52752
7354,0.58733
7355,0.5912200000000001
7356,0.62636
7357,0.5278999999999999
7358,0.38838
7359,0.21456
7360,0.07324
7361,0.0
7362,0.0
7363,0.0
7364,0.0
7365,0.0
7366,0.0
7367,0.0
7368,0.0
7369,0.0
7370,0.0
7371,0.0
7372,0.0
7373,0.0
7374,0.08419
7375,0.25879
7376,0.43869
7377,0.5903099999999999
7378,0.62989
7379,0.66165
7380,0.6002000000000001
7381,0.52255
7382,0.39991000000000004
7383,0.26168
7384,0.07983
7385,0.0
7386,0.0
7387,0.0
7388,0.0
7389,0.0
7390,0.0
7391,0.0
7392,0.0
7393,0.0
7394,0.0
7395,0.0
7396,0.0
7397,0.0
7398,0.07606
7399,0.20384
7400,0.361
7401,0.47827
7402,0.5416
7403,0.63915
7404,0.58102
7405,0.49529
7406,0.34376
7407,0.16494999999999999
7408,0.04144
7409,0.0
7410,0.0
7411,0.0
7412,0.0
7413,0.0
7414,0.0
7415,0.0
7416,0.0
7417,0.0
7418,0.0
7419,0.0
7420,0.0
7421,0.0
7422,0.0706
7423,0.25823
7424,0.43205
7425,0.50397
7426,0.51378
7427,0.58723
7428,0.5655800000000001
7429,0.39592
7430,0.35694
7431,0.17784
7432,0.05518
7433,0.0
7434,0.0
7435,0.0
7436,0.0
7437,0.0
7438,0.0
7439,0.0
7440,0.0
7441,0.0
7442,0.0
7443,0.0
7444,0.0
7445,0.0
7446,0.06959
7447,0.22049000000000002
7448,0.41545
7449,0.50999
7450,0.62451
7451,0.6361100000000001
7452,0.64642
7453,0.52463
7454,0.39061
7455,0.23028
7456,0.04418
7457,0.0
7458,0.0
7459,0.0
7460,0.0
7461,0.0
7462,0.0
7463,0.0
7464,0.0
7465,0.0
7466,0.0
7467,0.0
7468,0.0
7469,0.0
7470,0.08567
7471,0.29102999999999996
7472,0.4571
7473,0.55244
7474,0.56136
7475,0.64761
7476,0.59202
7477,0.49337000000000003
7478,0.36441
7479,0.20596
7480,0.03718
7481,0.0
7482,0.0
7483,0.0
7484,0.0
7485,0.0
7486,0.0
7487,0.0
7488,0.0
7489,0.0
7490,0.0
7491,0.0
7492,0.0
7493,0.0
7494,0.07922
7495,0.29592
7496,0.44307
7497,0.56711
7498,0.607
7499,0.62385
7500,0.63293
7501,0.55606
7502,0.43955
7503,0.23738
7504,0.07798000000000001
7505,0.0
7506,0.0
7507,0.0
7508,0.0
7509,0.0
7510,0.0
7511,0.0
7512,0.0
7513,0.0
7514,0.0
7515,0.0
7516,0.0
7517,0.0
7518,0.08872
7519,0.27118000000000003
7520,0.44872
7521,0.50557
7522,0.6187699999999999
7523,0.63528
7524,0.6196
7525,0.58899
7526,0.37772
7527,0.23106000000000002
7528,0.07626999999999999
7529,0.0
7530,0.0
7531,0.0
7532,0.0
7533,0.0
7534,0.0
7535,0.0
7536,0.0
7537,0.0
7538,0.0
7539,0.0
7540,0.0
7541,0.0
7542,0.08181999999999999
7543,0.27138999999999996
7544,0.45756
7545,0.5619500000000001
7546,0.62528
7547,0.6528099999999999
7548,0.60045
7549,0.53942
7550,0.37393
7551,0.23485
7552,0.06979
7553,0.0
7554,0.0
7555,0.0
7556,0.0
7557,0.0
7558,0.0
7559,0.0
7560,0.0
7561,0.0
7562,0.0
7563,0.0
7564,0.0
7565,0.0
7566,0.0681
7567,0.25921
7568,0.32324
7569,0.40602
7570,0.53407
7571,0.5955
7572,0.5708200000000001
7573,0.41581999999999997
7574,0.34116
7575,0.21434999999999998
7576,0.04224
7577,0.0
7578,0.0
7579,0.0
7580,0.0
7581,0.0
7582,0.0
7583,0.0
7584,0.0
7585,0.0
7586,0.0
7587,0.0
7588,0.0
7589,0.0
7590,0.06426000000000001
7591,0.27191000000000004
7592,0.43249
7593,0.55314
7594,0.61933
7595,0.68877
7596,0.61288
7597,0.57282
7598,0.41264999999999996
7599,0.18518
7600,0.06784
7601,0.0
7602,0.0
7603,0.0
7604,0.0
7605,0.0
7606,0.0
7607,0.0
7608,0.0
7609,0.0
7610,0.0
7611,0.0
7612,0.0
7613,0.0
7614,0.06638
7615,0.26114
7616,0.4053
7617,0.50752
7618,0.5833200000000001
7619,0.6625599999999999
7620,0.55498
7621,0.559
7622,0.43638
7623,0.26472
7624,0.08161
7625,0.0
7626,0.0
7627,0.0
7628,0.0
7629,0.0
7630,0.0
7631,0.0
7632,0.0
7633,0.0
7634,0.0
7635,0.0
7636,0.0
7637,0.0
7638,0.06275
7639,0.21375999999999998
7640,0.29958999999999997
7641,0.45524000000000003
7642,0.5277200000000001
7643,0.61758
7644,0.53435
7645,0.4595
7646,0.32614
7647,0.17078
7648,0.05404
7649,0.0
7650,0.0
7651,0.0
7652,0.0
7653,0.0
7654,0.0
7655,0.0
7656,0.0
7657,0.0
7658,0.0
7659,0.0
7660,0.0
7661,0.0
7662,0.04176
7663,0.17502
7664,0.28561000000000003
7665,0.42860000000000004
7666,0.5165599999999999
7667,0.49745
7668,0.47152999999999995
7669,0.44098000000000004
7670,0.32539999999999997
7671,0.21525999999999998
7672,0.05411
7673,0.0
7674,0.0
7675,0.0
7676,0.0
7677,0.0
7678,0.0
7679,0.0
7680,0.0
7681,0.0
7682,0.0
7683,0.0
7684,0.0
7685,0.0
7686,0.07906999999999999
7687,0.25862999999999997
7688,0.40187
7689,0.54835
7690,0.66212
7691,0.64389
7692,0.6412
7693,0.57065
7694,0.40251
7695,0.22609
7696,0.06931999999999999
7697,0.0
7698,0.0
7699,0.0
7700,0.0
7701,0.0
7702,0.0
7703,0.0
7704,0.0
7705,0.0
7706,0.0
7707,0.0
7708,0.0
7709,0.0
7710,0.07386
7711,0.23247
7712,0.35456
7713,0.49585
7714,0.5375
7715,0.5003500000000001
7716,0.49617
7717,0.37379
7718,0.3524
7719,0.18703999999999998
7720,0.05772
7721,0.0
7722,0.0
7723,0.0
7724,0.0
7725,0.0
7726,0.0
7727,0.0
7728,0.0
7729,0.0
7730,0.0
7731,0.0
7732,0.0
7733,0.0
7734,0.01718
7735,0.08127
7736,0.24652000000000002
7737,0.35395
7738,0.34199
7739,0.34964
7740,0.34720999999999996
7741,0.3476
7742,0.24752000000000002
7743,0.0706
7744,0.01604
7745,0.0
7746,0.0
7747,0.0
7748,0.0
7749,0.0
7750,0.0
7751,0.0
7752,0.0
7753,0.0
7754,0.0
7755,0.0
7756,0.0
7757,0.0
7758,0.03977
7759,0.17363
7760,0.38399
7761,0.45918000000000003
7762,0.53511
7763,0.5521699999999999
7764,0.55672
7765,0.53972
7766,0.33304
7767,0.22194999999999998
7768,0.07829000000000001
7769,0.0
7770,0.0
7771,0.0
7772,0.0
7773,0.0
7774,0.0
7775,0.0
7776,0.0
7777,0.0
7778,0.0
7779,0.0
7780,0.0
7781,0.0
7782,0.07690999999999999
7783,0.2681
7784,0.46826999999999996
7785,0.55821
7786,0.61248
7787,0.66403
7788,0.652
7789,0.55426
7790,0.364
7791,0.20512
7792,0.045450000000000004
7793,0.0
7794,0.0
7795,0.0
7796,0.0
7797,0.0
7798,0.0
7799,0.0
7800,0.0
7801,0.0
7802,0.0
7803,0.0
7804,0.0
7805,0.0
7806,0.053689999999999995
7807,0.21708000000000002
7808,0.33838
7809,0.48156
7810,0.45749
7811,0.57614
7812,0.55825
7813,0.38115
7814,0.24549
7815,0.14244
7816,0.04231
7817,0.0
7818,0.0
7819,0.0
7820,0.0
7821,0.0
7822,0.0
7823,0.0
7824,0.0
7825,0.0
7826,0.0
7827,0.0
7828,0.0
7829,0.0
7830,0.09412000000000001
7831,0.30695
7832,0.43147
7833,0.59741
7834,0.68157
7835,0.69531
7836,0.66169
7837,0.59233
7838,0.45571
7839,0.2975
7840,0.09087999999999999
7841,0.0
7842,0.0
7843,0.0
7844,0.0
7845,0.0
7846,0.0
7847,0.0
7848,0.0
7849,0.0
7850,0.0
7851,0.0
7852,0.0
7853,0.0
7854,0.07257
7855,0.23940999999999998
7856,0.38973
7857,0.55936
7858,0.63244
7859,0.67873
7860,0.67914
7861,0.50757
7862,0.46405
7863,0.28516
7864,0.09856999999999999
7865,0.0
7866,0.0
7867,0.0
7868,0.0
7869,0.0
7870,0.0
7871,0.0
7872,0.0
7873,0.0
7874,0.0
7875,0.0
7876,0.0
7877,0.0
7878,0.07881
7879,0.24672999999999998
7880,0.43762
7881,0.5428200000000001
7882,0.62203
7883,0.7219099999999999
7884,0.68433
7885,0.56041
7886,0.46462
7887,0.29369999999999996
7888,0.09345999999999999
7889,0.0
7890,0.0
7891,0.0
7892,0.0
7893,0.0
7894,0.0
7895,0.0
7896,0.0
7897,0.0
7898,0.0
7899,0.0
7900,0.0
7901,0.0
7902,0.08369
7903,0.28874
7904,0.45792
7905,0.57666
7906,0.68325
7907,0.72921
7908,0.6802699999999999
7909,0.6005199999999999
7910,0.47328
7911,0.27744
7912,0.09445999999999999
7913,0.0
7914,0.0
7915,0.0
7916,0.0
7917,0.0
7918,0.0
7919,0.0
7920,0.0
7921,0.0
7922,0.0
7923,0.0
7924,0.0
7925,0.0
7926,0.07335
7927,0.23107
7928,0.42149000000000003
7929,0.58421
7930,0.64747
7931,0.63434
7932,0.65698
7933,0.6191599999999999
7934,0.48435
7935,0.24588
7936,0.09906999999999999
7937,0.0
7938,0.0
7939,0.0
7940,0.0
7941,0.0
7942,0.0
7943,0.0
7944,0.0
7945,0.0
7946,0.0
7947,0.0
7948,0.0
7949,0.0
7950,0.07893
7951,0.25795999999999997
7952,0.39492
7953,0.55896
7954,0.62448
7955,0.70056
7956,0.66527
7957,0.5667300000000001
7958,0.43583999999999995
7959,0.28985
7960,0.09917000000000001
7961,0.0
7962,0.0
7963,0.0
7964,0.0
7965,0.0
7966,0.0
7967,0.0
7968,0.0
7969,0.0
7970,0.0
7971,0.0
7972,0.0
7973,0.0
7974,0.07465000000000001
7975,0.27706000000000003
7976,0.43106
7977,0.58263
7978,0.6576900000000001
7979,0.71253
7980,0.67108
7981,0.56967
7982,0.4678
7983,0.29883
7984,0.10308
7985,0.0
7986,0.0
7987,0.0
7988,0.0
7989,0.0
7990,0.0
7991,0.0
7992,0.0
7993,0.0
7994,0.0
7995,0.0
7996,0.0
7997,0.0
7998,0.07937999999999999
7999,0.25512
8000,0.38044
8001,0.55357
8002,0.64713
8003,0.69276
8004,0.63838
8005,0.5510499999999999
8006,0.47704
8007,0.2842
8008,0.09931999999999999
8009,0.0
8010,0.0
8011,0.0
8012,0.0
8013,0.0
8014,0.0
8015,0.0
8016,0.0
8017,0.0
8018,0.0
8019,0.0
8020,0.0
8021,0.0
8022,0.07812000000000001
8023,0.26473
8024,0.41112
8025,0.60854
8026,0.70829
8027,0.73198
8028,0.71662
8029,0.63732
8030,0.50336
8031,0.3201
8032,0.11044
8033,0.0
8034,0.0
8035,0.0
8036,0.0
8037,0.0
8038,0.0
8039,0.0
8040,0.0
8041,0.0
8042,0.0
8043,0.0
8044,0.0
8045,0.0
8046,0.07131
8047,0.29258999999999996
8048,0.43619
8049,0.55133
8050,0.69296
8051,0.67976
8052,0.70313
8053,0.61848
8054,0.49571
8055,0.31273
8056,0.10991
8057,0.0
8058,0.0
8059,0.0
8060,0.0
8061,0.0
8062,0.0
8063,0.0
8064,0.0
8065,0.0
8066,0.0
8067,0.0
8068,0.0
8069,0.0
8070,0.07015
8071,0.28043
8072,0.47129000000000004
8073,0.57487
8074,0.6985800000000001
8075,0.70975
8076,0.69348
8077,0.59302
8078,0.47458999999999996
8079,0.27672
8080,0.10844
8081,0.0
8082,0.0
8083,0.0
8084,0.0
8085,0.0
8086,0.0
8087,0.0
8088,0.0
8089,0.0
8090,0.0
8091,0.0
8092,0.0
8093,0.0
8094,0.08525
8095,0.27663
8096,0.47981
8097,0.57716
8098,0.6890599999999999
8099,0.69537
8100,0.70587
8101,0.58082
8102,0.48766000000000004
8103,0.30687000000000003
8104,0.10593999999999999
8105,0.0
8106,0.0
8107,0.0
8108,0.0
8109,0.0
8110,0.0
8111,0.0
8112,0.0
8113,0.0
8114,0.0
8115,0.0
8116,0.0
8117,0.0
8118,0.07138
8119,0.27503
8120,0.37806
8121,0.57365
8122,0.68999
8123,0.66531
8124,0.67008
8125,0.6166699999999999
8126,0.47112
8127,0.30509
8128,0.10775
8129,0.0
8130,0.0
8131,0.0
8132,0.0
8133,0.0
8134,0.0
8135,0.0
8136,0.0
8137,0.0
8138,0.0
8139,0.0
8140,0.0
8141,0.0
8142,0.06365
8143,0.25241
8144,0.4124
8145,0.47902
8146,0.67723
8147,0.71804
8148,0.68352
8149,0.60368
8150,0.48701
8151,0.32147000000000003
8152,0.11604
8153,0.0
8154,0.0
8155,0.0
8156,0.0
8157,0.0
8158,0.0
8159,0.0
8160,0.0
8161,0.0
8162,0.0
8163,0.0
8164,0.0
8165,0.0
8166,0.05953
8167,0.24928999999999998
8168,0.36016000000000004
8169,0.53725
8170,0.6245299999999999
8171,0.63844
8172,0.61094
8173,0.57037
8174,0.43503
8175,0.21592
8176,0.09884
8177,0.0
8178,0.0
8179,0.0
8180,0.0
8181,0.0
8182,0.0
8183,0.0
8184,0.0
8185,0.0
8186,0.0
8187,0.0
8188,0.0
8189,0.0
8190,0.06494
8191,0.22751
8192,0.43139999999999995
8193,0.48175
8194,0.56701
8195,0.51815
8196,0.62807
8197,0.44433999999999996
8198,0.406
8199,0.28816
8200,0.08659
8201,0.0
8202,0.0
8203,0.0
8204,0.0
8205,0.0
8206,0.0
8207,0.0
8208,0.0
8209,0.0
8210,0.0
8211,0.0
8212,0.0
8213,0.0
8214,0.06048
8215,0.22005000000000002
8216,0.36652999999999997
8217,0.54999
8218,0.60987
8219,0.67875
8220,0.66585
8221,0.59794
8222,0.44704
8223,0.30163999999999996
8224,0.10809
8225,0.0
8226,0.0
8227,0.0
8228,0.0
8229,0.0
8230,0.0
8231,0.0
8232,0.0
8233,0.0
8234,0.0
8235,0.0
8236,0.0
8237,0.0
8238,0.05586
8239,0.24834
8240,0.37692000000000003
8241,0.53695
8242,0.6160599999999999
8243,0.67961
8244,0.6346900000000001
8245,0.56164
8246,0.44531
8247,0.28995
8248,0.10034
8249,0.0
8250,0.0
8251,0.0
8252,0.0
8253,0.0
8254,0.0
8255,0.0
8256,0.0
8257,0.0
8258,0.0
8259,0.0
8260,0.0
8261,0.0
8262,0.05102
8263,0.24728
8264,0.37215
8265,0.49809
8266,0.65506
8267,0.63518
8268,0.64847
8269,0.6245299999999999
8270,0.49749
8271,0.32433999999999996
8272,0.11621
8273,0.0
8274,0.0
8275,0.0
8276,0.0
8277,0.0
8278,0.0
8279,0.0
8280,0.0
8281,0.0
8282,0.0
8283,0.0
8284,0.0
8285,0.0
8286,0.05033
8287,0.21459999999999999
8288,0.40532999999999997
8289,0.5443300000000001
8290,0.67368
8291,0.70451
8292,0.64409
8293,0.56697
8294,0.49669
8295,0.31654000000000004
8296,0.1158
8297,0.0
8298,0.0
8299,0.0
8300,0.0
8301,0.0
8302,0.0
8303,0.0
8304,0.0
8305,0.0
8306,0.0
8307,0.0
8308,0.0
8309,0.0
8310,0.04854
8311,0.21112999999999998
8312,0.37407
8313,0.53237
8314,0.5222
8315,0.59037
8316,0.55231
8317,0.42625
8318,0.37306
8319,0.26689999999999997
8320,0.08565
8321,0.0
8322,0.0
8323,0.0
8324,0.0
8325,0.0
8326,0.0
8327,0.0
8328,0.0
8329,0.0
8330,0.0
8331,0.0
8332,0.0
8333,0.0
8334,0.03004
8335,0.15299000000000001
8336,0.28004
8337,0.34179000000000004
8338,0.46311
8339,0.5928300000000001
8340,0.56125
8341,0.52501
8342,0.42607
8343,0.27982
8344,0.09865
8345,0.0
8346,0.0
8347,0.0
8348,0.0
8349,0.0
8350,0.0
8351,0.0
8352,0.0
8353,0.0
8354,0.0
8355,0.0
8356,0.0
8357,0.0
8358,0.02135
8359,0.12384999999999999
8360,0.28048
8361,0.41204
8362,0.55728
8363,0.63218
8364,0.59737
8365,0.52926
8366,0.42339
8367,0.27514
8368,0.09942000000000001
8369,0.0
8370,0.0
8371,0.0
8372,0.0
8373,0.0
8374,0.0
8375,0.0
8376,0.0
8377,0.0
8378,0.0
8379,0.0
8380,0.0
8381,0.0
8382,0.04857
8383,0.20085
8384,0.33326999999999996
8385,0.51012
8386,0.58166
8387,0.6164700000000001
8388,0.5968600000000001
8389,0.5571799999999999
8390,0.44577999999999995
8391,0.25221
8392,0.082
8393,0.0
8394,0.0
8395,0.0
8396,0.0
8397,0.0
8398,0.0
8399,0.0
8400,0.0
8401,0.0
8402,0.0
8403,0.0
8404,0.0
8405,0.0
8406,0.03459
8407,0.2022
8408,0.31673
8409,0.52964
8410,0.64188
8411,0.68679
8412,0.60576
8413,0.51938
8414,0.3943
8415,0.24678999999999998
8416,0.09336
8417,0.0
8418,0.0
8419,0.0
8420,0.0
8421,0.0
8422,0.0
8423,0.0
8424,0.0
8425,0.0
8426,0.0
8427,0.0
8428,0.0
8429,0.0
8430,0.047240000000000004
8431,0.22075
8432,0.42228
8433,0.53801
8434,0.63086
8435,0.67665
8436,0.5782200000000001
8437,0.55128
8438,0.40173000000000003
8439,0.27463
8440,0.09691
8441,0.0
8442,0.0
8443,0.0
8444,0.0
8445,0.0
8446,0.0
8447,0.0
8448,0.0
8449,0.0
8450,0.0
8451,0.0
8452,0.0
8453,0.0
8454,0.04598
8455,0.20723
8456,0.34882
8457,0.47551
8458,0.56445
8459,0.63728
8460,0.61717
8461,0.53935
8462,0.45418000000000003
8463,0.28039
8464,0.10983
8465,0.0
8466,0.0
8467,0.0
8468,0.0
8469,0.0
8470,0.0
8471,0.0
8472,0.0
8473,0.0
8474,0.0
8475,0.0
8476,0.0
8477,0.0
8478,0.04169
8479,0.21928999999999998
8480,0.31529
8481,0.51727
8482,0.61219
8483,0.66331
8484,0.66132
8485,0.55432
8486,0.39112
8487,0.25825
8488,0.10740999999999999
8489,0.0
8490,0.0
8491,0.0
8492,0.0
8493,0.0
8494,0.0
8495,0.0
8496,0.0
8497,0.0
8498,0.0
8499,0.0
8500,0.0
8501,0.0
8502,0.04325
8503,0.23599
8504,0.34963
8505,0.38243
8506,0.58368
8507,0.5536599999999999
8508,0.51071
8509,0.36688
8510,0.30985
8511,0.20347
8512,0.10393000000000001
8513,0.0
8514,0.0
8515,0.0
8516,0.0
8517,0.0
8518,0.0
8519,0.0
8520,0.0
8521,0.0
8522,0.0
8523,0.0
8524,0.0
8525,0.0
8526,0.038149999999999996
8527,0.18422999999999998
8528,0.36778
8529,0.48216000000000003
8530,0.6030599999999999
8531,0.4076
8532,0.6028
8533,0.47737999999999997
8534,0.36689
8535,0.29220999999999997
8536,0.09295
8537,0.0
8538,0.0
8539,0.0
8540,0.0
8541,0.0
8542,0.0
8543,0.0
8544,0.0
8545,0.0
8546,0.0
8547,0.0
8548,0.0
8549,0.0
8550,0.03059
8551,0.15246
8552,0.29808
8553,0.4546
8554,0.52776
8555,0.60165
8556,0.61405
8557,0.54828
8558,0.39911
8559,0.28685000000000005
8560,0.10708
8561,0.00046
8562,0.0
8563,0.0
8564,0.0
8565,0.0
8566,0.0
8567,0.0
8568,0.0
8569,0.0
8570,0.0
8571,0.0
8572,0.0
8573,0.0
8574,0.02434
8575,0.15580000000000002
8576,0.24424
8577,0.44118999999999997
8578,0.5367999999999999
8579,0.5717000000000001
8580,0.5209400000000001
8581,0.48825
8582,0.41208
8583,0.22801
8584,0.09056
8585,0.00017999999999999998
8586,0.0
8587,0.0
8588,0.0
8589,0.0
8590,0.0
8591,0.0
8592,0.0
8593,0.0
8594,0.0
8595,0.0
8596,0.0
8597,0.0
8598,0.0352
8599,0.17137
8600,0.31477999999999995
8601,0.43160000000000004
8602,0.52525
8603,0.5129900000000001
8604,0.53175
8605,0.43217
8606,0.34516
8607,0.23513
8608,0.10002
8609,0.00028000000000000003
8610,0.0
8611,0.0
8612,0.0
8613,0.0
8614,0.0
8615,0.0
8616,0.0
8617,0.0
8618,0.0
8619,0.0
8620,0.0
8621,0.0
8622,0.03155
8623,0.18655000000000002
8624,0.33299
8625,0.5207
8626,0.51525
8627,0.57668
8628,0.5129
8629,0.49833
8630,0.39226
8631,0.26380000000000003
8632,0.09673999999999999
8633,0.0005200000000000001
8634,0.0
8635,0.0
8636,0.0
8637,0.0
8638,0.0
8639,0.0
8640,0.0
8641,0.0
8642,0.0
8643,0.0
8644,0.0
8645,0.0
8646,0.034409999999999996
8647,0.18769999999999998
8648,0.35908
8649,0.49903
8650,0.59784
8651,0.5373600000000001
8652,0.6325
8653,0.48688
8654,0.43833
8655,0.28851
8656,0.12850999999999999
8657,0.00098
8658,0.0
8659,0.0
8660,0.0
8661,0.0
8662,0.0
8663,0.0
8664,0.0
8665,0.0
8666,0.0
8667,0.0
8668,0.0
8669,0.0
8670,0.03484
8671,0.19888999999999998
8672,0.37933
8673,0.48758999999999997
8674,0.5818099999999999
8675,0.51327
8676,0.58858
8677,0.52389
8678,0.43692000000000003
8679,0.27488
8680,0.10464
8681,0.0010400000000000001
8682,0.0
8683,0.0
8684,0.0
8685,0.0
8686,0.0
8687,0.0
8688,0.0
8689,0.0
8690,0.0
8691,0.0
8692,0.0
8693,0.0
8694,0.03271
8695,0.15986
8696,0.33056
8697,0.5041100000000001
8698,0.54152
8699,0.5898300000000001
8700,0.54801
8701,0.4995
8702,0.40995
8703,0.275
8704,0.11909
8705,0.0014
8706,0.0
8707,0.0
8708,0.0
8709,0.0
8710,0.0
8711,0.0
8712,0.0
8713,0.0
8714,0.0
8715,0.0
8716,0.0
8717,0.0
8718,0.013730000000000001
8719,0.09129000000000001
8720,0.34739
8721,0.49860000000000004
8722,0.54614
8723,0.52925
8724,0.5562
8725,0.5189199999999999
8726,0.43767
8727,0.26179
8728,0.12795
8729,0.00139
8730,0.0
8731,0.0
8732,0.0
8733,0.0
8734,0.0
8735,0.0
8736,0.0
8737,0.0
8738,0.0
8739,0.0
8740,0.0
8741,0.0
8742,0.037380000000000004
8743,0.19843
8744,0.4033
8745,0.5532999999999999
8746,0.5740700000000001
8747,0.6386499999999999
8748,0.56835
8749,0.48921
8750,0.37347
8751,0.24058000000000002
8752,0.11344
8753,0.02662
8754,0.0
8755,0.0
8756,0.0
8757,0.0
8758,0.0
8759,0.0
