,pv_per_unit
0,0.0
1,0.0
2,0.0
3,0.0
4,0.0
5,0.0
6,0.0029300000000000003
7,0.18631
8,0.37512
9,0.55637
10,0.6440499999999999
11,0.7204400000000001
12,0.70062
13,0.6694
14,0.5030899999999999
15,0.36713
16,0.16538
17,0.01251
18,0.0
19,0.0
20,0.0
21,0.0
22,0.0
23,0.0
24,0.0
25,0.0
26,0.0
27,0.0
28,0.0
29,0.0
30,0.00368
31,0.23987999999999998
32,0.44962
33,0.58221
34,0.6856
35,0.6967899999999999
36,0.6603300000000001
37,0.6666
38,0.53959
39,0.36913
40,0.16493
41,0.01271
42,0.0
43,0.0
44,0.0
45,0.0
46,0.0
47,0.0
48,0.0
49,0.0
50,0.0
51,0.0
52,0.0
53,0.0
54,0.00297
55,0.23979
56,0.43775
57,0.56779
58,0.68357
59,0.72535
60,0.72411
61,0.6414099999999999
62,0.54811
63,0.35677
64,0.14744
65,0.01382
66,0.0
67,0.0
68,0.0
69,0.0
70,0.0
71,0.0
72,0.0
73,0.0
74,0.0
75,0.0
76,0.0
77,0.0
78,0.00314
79,0.24306
80,0.44987
81,0.57394
82,0.6718
83,0.7300099999999999
84,0.69156
85,0.5796
86,0.45727999999999996
87,0.37101999999999996
88,0.15458000000000002
89,0.00974
90,0.0
91,0.0
92,0.0
93,0.0
94,0.0
95,0.0
96,0.0
97,0.0
98,0.0
99,0.0
100,0.0
101,0.0
102,0.00312
103,0.2398
104,0.44980000000000003
105,0.5487000000000001
106,0.7024
107,0.7318
108,0.71101
109,0.65607
110,0.48239
111,0.36616000000000004
112,0.18022
113,0.01488
114,0.0
115,0.0
116,0.0
117,0.0
118,0.0
119,0.0
120,0.0
121,0.0
122,0.0
123,0.0
124,0.0
125,0.0
126,0.00259
127,0.19773
128,0.36817
129,0.46744
130,0.64465
131,0.6910499999999999
132,0.6547999999999999
133,0.67288
134,0.54836
135,0.40182999999999996
136,0.19074000000000002
137,0.01577
138,0.0
139,0.0
140,0.0
141,0.0
142,0.0
143,0.0
144,0.0
145,0.0
146,0.0
147,0.0
148,0.0
149,0.0
150,0.0029500000000000004
151,0.2394
152,0.45055
153,0.60421
154,0.69975
155,0.74714
156,0.73649
157,0.6892699999999999
158,0.53083
159,0.40882
160,0.18388
161,0.01472
162,0.0
163,0.0
164,0.0
165,0.0
166,0.0
167,0.0
168,0.0
169,0.0
170,0.0
171,0.0
172,0.0
173,0.0
174,0.00277
175,0.23752
176,0.45058
177,0.60248
178,0.69835
179,0.75037
180,0.7397999999999999
181,0.64916
182,0.55925
183,0.38847000000000004
184,0.18175999999999998
185,0.01477
186,0.0
187,0.0
188,0.0
189,0.0
190,0.0
191,0.0
192,0.0
193,0.0
194,0.0
195,0.0
196,0.0
197,0.0
198,0.00244
199,0.18708000000000002
200,0.3703
201,0.48452999999999996
202,0.49636
203,0.70204
204,0.71308
205,0.67577
206,0.5403300000000001
207,0.35287999999999997
208,0.16836
209,0.01427
210,0.0
211,0.0
212,0.0
213,0.0
214,0.0
215,0.0
216,0.0
217,0.0
218,0.0
219,0.0
220,0.0
221,0.0
222,0.00269
223,0.22000999999999998
224,0.44314
225,0.52065
226,0.61151
227,0.67528
228,0.61842
229,0.65647
230,0.53307
231,0.39312
232,0.20184
233,0.01772
234,0.0
235,0.0
236,0.0
237,0.0
238,0.0
239,0.0
240,0.0
241,0.0
242,0.0
243,0.0
244,0.0
245,0.0
246,0.00275
247,0.23795
248,0.45216
249,0.6155700000000001
250,0.7210700000000001
251,0.77215
252,0.7654
253,0.70469
254,0.5831799999999999
255,0.4153
256,0.19574
257,0.01884
258,0.0
259,0.0
260,0.0
261,0.0
262,0.0
263,0.0
264,0.0
265,0.0
266,0.0
267,0.0
268,0.0
269,0.0
270,0.00259
271,0.23161
272,0.44441
273,0.6056699999999999
274,0.7166699999999999
275,0.7659
276,0.7616799999999999
277,0.7086399999999999
278,0.5907
279,0.41661000000000004
280,0.2063
281,0.019420000000000003
282,0.0
283,0.0
284,0.0
285,0.0
286,0.0
287,0.0
288,0.0
289,0.0
290,0.0
291,0.0
292,0.0
293,0.0
294,0.00222
295,0.22846
296,0.44680000000000003
297,0.60012
298,0.7012
299,0.75267
300,0.7543200000000001
301,0.67143
302,0.54615
303,0.35425
304,0.19286
305,0.01898
306,0.0
307,0.0
308,0.0
309,0.0
310,0.0
311,0.0
312,0.0
313,0.0
314,0.0
315,0.0
316,0.0
317,0.0
318,0.00198
319,0.19992
320,0.43362
321,0.5971599999999999
322,0.7020700000000001
323,0.73907
324,0.7189800000000001
325,0.6186200000000001
326,0.4918
327,0.3409
328,0.19946
329,0.01742
330,0.0
331,0.0
332,0.0
333,0.0
334,0.0
335,0.0
336,0.0
337,0.0
338,0.0
339,0.0
340,0.0
341,0.0
342,0.00239
343,0.21531999999999998
344,0.43297
345,0.5928
346,0.64919
347,0.75025
348,0.7349
349,0.6785800000000001
350,0.5419400000000001
351,0.39912000000000003
352,0.19177000000000002
353,0.019940000000000003
354,0.0
355,0.0
356,0.0
357,0.0
358,0.0
359,0.0
360,0.0
361,0.0
362,0.0
363,0.0
364,0.0
365,0.0
366,0.00242
367,0.22613
368,0.43963
369,0.59272
370,0.69289
371,0.74985
372,0.76051
373,0.65989
374,0.53039
375,0.37471
376,0.20324
377,0.019370000000000002
378,0.0
379,0.0
380,0.0
381,0.0
382,0.0
383,0.0
384,0.0
385,0.0
386,0.0
387,0.0
388,0.0
389,0.0
390,0.00234
391,0.22428
392,0.43715
393,0.59568
394,0.6903400000000001
395,0.72887
396,0.71389
397,0.65513
398,0.5576
399,0.37675
400,0.18772999999999998
401,0.02056
402,0.0
403,0.0
404,0.0
405,0.0
406,0.0
407,0.0
408,0.0
409,0.0
410,0.0
411,0.0
412,0.0
413,0.0
414,0.00218
415,0.21266
416,0.42302999999999996
417,0.59603
418,0.6602100000000001
419,0.75139
420,0.7138300000000001
421,0.65299
422,0.5661
423,0.41332
424,0.20548
425,0.02121
426,0.0
427,0.0
428,0.0
429,0.0
430,0.0
431,0.0
432,0.0
433,0.0
434,0.0
435,0.0
436,0.0
437,0.0
438,0.00184
439,0.21467
440,0.4403
441,0.5935199999999999
442,0.6901499999999999
443,0.74794
444,0.7512300000000001
445,0.64908
446,0.5275299999999999
447,0.39138999999999996
448,0.17369
449,0.01715
450,0.0
451,0.0
452,0.0
453,0.0
454,0.0
455,0.0
456,0.0
457,0.0
458,0.0
459,0.0
460,0.0
461,0.0
462,0.00191
463,0.1978
464,0.43413999999999997
465,0.59226
466,0.70025
467,0.76024
468,0.76278
469,0.69376
470,0.57499
471,0.38427
472,0.19405
473,0.02256
474,0.0
475,0.0
476,0.0
477,0.0
478,0.0
479,0.0
480,0.0
481,0.0
482,0.0
483,0.0
484,0.0
485,0.0
486,0.00222
487,0.22011
488,0.43904000000000004
489,0.5937899999999999
490,0.6919500000000001
491,0.76007
492,0.75871
493,0.701
494,0.5548200000000001
495,0.38958
496,0.19322999999999999
497,0.022109999999999998
498,0.0
499,0.0
500,0.0
501,0.0
502,0.0
503,0.0
504,0.0
505,0.0
506,0.0
507,0.0
508,0.0
509,0.0
510,0.0020800000000000003
511,0.22093000000000002
512,0.43399
513,0.59841
514,0.7091799999999999
515,0.75198
516,0.74938
517,0.66441
518,0.53215
519,0.38530000000000003
520,0.1866
521,0.02066
522,0.0
523,0.0
524,0.0
525,0.0
526,0.0
527,0.0
528,0.0
529,0.0
530,0.0
531,0.0
532,0.0
533,0.0
534,0.00127
535,0.2
536,0.40622
537,0.53044
538,0.65319
539,0.75991
540,0.75686
541,0.63964
542,0.5368200000000001
543,0.35204
544,0.17043
545,0.02585
546,0.0
547,0.0
548,0.0
549,0.0
550,0.0
551,0.0
552,0.0
553,0.0
554,0.0
555,0.0
556,0.0
557,0.0
558,0.00199
559,0.17640999999999998
560,0.40532
561,0.56304
562,0.69494
563,0.6721
564,0.7486799999999999
565,0.64135
566,0.56099
567,0.38397000000000003
568,0.18697999999999998
569,0.026719999999999997
570,0.0
571,0.0
572,0.0
573,0.0
574,0.0
575,0.0
576,0.0
577,0.0
578,0.0
579,0.0
580,0.0
581,0.0
582,0.0018700000000000001
583,0.12818000000000002
584,0.34983
585,0.56826
586,0.67922
587,0.63412
588,0.61352
589,0.66362
590,0.57253
591,0.3553
592,0.18134
593,0.02121
594,0.0
595,0.0
596,0.0
597,0.0
598,0.0
599,0.0
600,0.0
601,0.0
602,0.0
603,0.0
604,0.0
605,0.0
606,0.00217
607,0.21974000000000002
608,0.43489999999999995
609,0.60015
610,0.68099
611,0.76366
612,0.72311
613,0.65853
614,0.56709
615,0.40702
616,0.18858000000000003
617,0.027379999999999998
618,0.0
619,0.0
620,0.0
621,0.0
622,0.0
623,0.0
624,0.0
625,0.0
626,0.0
627,0.0
628,0.0
629,0.0
630,0.00215
631,0.22281
632,0.43889999999999996
633,0.5942000000000001
634,0.70497
635,0.76321
636,0.75789
637,0.65342
638,0.5202
639,0.36138
640,0.17715
641,0.02797
642,0.0
643,0.0
644,0.0
645,0.0
646,0.0
647,0.0
648,0.0
649,0.0
650,0.0
651,0.0
652,0.0
653,0.0
654,0.00212
655,0.2166
656,0.43629
657,0.59749
658,0.68863
659,0.76925
660,0.77158
661,0.69911
662,0.55963
663,0.34113
664,0.17471
665,0.031219999999999998
666,0.0
667,0.0
668,0.0
669,0.0
670,0.0
671,0.0
672,0.0
673,0.0
674,0.0
675,0.0
676,0.0
677,0.0
678,0.0020299999999999997
679,0.21059999999999998
680,0.4175
681,0.57145
682,0.70631
683,0.75349
684,0.72836
685,0.7010599999999999
686,0.5343600000000001
687,0.3798
688,0.17378
689,0.03022
690,0.0
691,0.0
692,0.0
693,0.0
694,0.0
695,0.0
696,0.0
697,0.0
698,0.0
699,0.0
700,0.0
701,0.0
702,0.00195
703,0.21639
704,0.43012
705,0.5846399999999999
706,0.65363
707,0.76201
708,0.76651
709,0.6853400000000001
710,0.5316799999999999
711,0.40037
712,0.1787
713,0.03028
714,0.0
715,0.0
716,0.0
717,0.0
718,0.0
719,0.0
720,0.0
721,0.0
722,0.0
723,0.0
724,0.0
725,0.0
726,0.00221
727,0.21534999999999999
728,0.44074
729,0.59202
730,0.7073400000000001
731,0.7649600000000001
732,0.74752
733,0.6625700000000001
734,0.59576
735,0.39537
736,0.18979
737,0.03456
738,0.0
739,0.0
740,0.0
741,0.0
742,0.0
743,0.0
744,0.0
745,0.0
746,0.0
747,0.0
748,0.0
749,0.0
750,0.00228
751,0.21547
752,0.43106
753,0.5899500000000001
754,0.72592
755,0.7692100000000001
756,0.76198
757,0.70221
758,0.59039
759,0.42983
760,0.20844
761,0.032299999999999995
762,0.0
763,0.0
764,0.0
765,0.0
766,0.0
767,0.0
768,0.0
769,0.0
770,0.0
771,0.0
772,0.0
773,0.0
774,0.0024100000000000002
775,0.19676
776,0.38316
777,0.60315
778,0.70032
779,0.7574099999999999
780,0.7713300000000001
781,0.69367
782,0.54684
783,0.41749
784,0.21680000000000002
785,0.03344
786,0.0
787,0.0
788,0.0
789,0.0
790,0.0
791,0.0
792,0.0
793,0.0
794,0.0
795,0.0
796,0.0
797,0.0
798,0.00207
799,0.20309
800,0.42364999999999997
801,0.56626
802,0.69966
803,0.74685
804,0.72015
805,0.64812
806,0.5122000000000001
807,0.39547000000000004
808,0.17675
809,0.02922
810,0.0
811,0.0
812,0.0
813,0.0
814,0.0
815,0.0
816,0.0
817,0.0
818,0.0
819,0.0
820,0.0
821,0.0
822,0.0025299999999999997
823,0.21236000000000002
824,0.42982
825,0.5790299999999999
826,0.65151
827,0.75419
828,0.74898
829,0.6064400000000001
830,0.56144
831,0.38105
832,0.19444999999999998
833,0.03338
834,0.0
835,0.0
836,0.0
837,0.0
838,0.0
839,0.0
840,0.0
841,0.0
842,0.0
843,0.0
844,0.0
845,0.0
846,0.00202
847,0.15449000000000002
848,0.29732
849,0.5757000000000001
850,0.62226
851,0.7347899999999999
852,0.69708
853,0.55118
854,0.49681000000000003
855,0.34147000000000005
856,0.19213999999999998
857,0.03361
858,0.0
859,0.0
860,0.0
861,0.0
862,0.0
863,0.0
864,0.0
865,0.0
866,0.0
867,0.0
868,0.0
869,0.0
870,0.00217
871,0.15428
872,0.36921
873,0.44427999999999995
874,0.57198
875,0.55324
876,0.7010599999999999
877,0.62352
878,0.41231
879,0.34136
880,0.16588
881,0.03282
882,0.0
883,0.0
884,0.0
885,0.0
886,0.0
887,0.0
888,0.0
889,0.0
890,0.0
891,0.0
892,0.0
893,0.0
894,0.00189
895,0.21444
896,0.39944
897,0.56659
898,0.70033
899,0.70926
900,0.75451
901,0.65703
902,0.50631
903,0.31489
904,0.17808000000000002
905,0.03215
906,0.0
907,0.0
908,0.0
909,0.0
910,0.0
911,0.0
912,0.0
913,0.0
914,0.0
915,0.0
916,0.0
917,0.0
918,0.00277
919,0.21043
920,0.36695
921,0.5151
922,0.69549
923,0.74899
924,0.73303
925,0.65983
926,0.5340900000000001
927,0.40087
928,0.21168
929,0.036289999999999996
930,0.0
931,0.0
932,0.0
933,0.0
934,0.0
935,0.0
936,0.0
937,0.0
938,0.0
939,0.0
940,0.0
941,0.0
942,0.00271
943,0.17223
944,0.37626
945,0.52631
946,0.60452
947,0.55972
948,0.60445
949,0.6062799999999999
950,0.47534
951,0.35594
952,0.19476
953,0.03536
954,0.0
955,0.0
956,0.0
957,0.0
958,0.0
959,0.0
960,0.0
961,0.0
962,0.0
963,0.0
964,0.0
965,0.0
966,0.00237
967,0.15186000000000002
968,0.31304000000000004
969,0.36122000000000004
970,0.47092
971,0.44018999999999997
972,0.42885
973,0.5861900000000001
974,0.47004
975,0.39359
976,0.21349
977,0.02901
978,0.0
979,0.0
980,0.0
981,0.0
982,0.0
983,0.0
984,0.0
985,0.0
986,0.0
987,0.0
988,0.0
989,0.0
990,0.00231
991,0.21503
992,0.4248
993,0.60222
994,0.6946100000000001
995,0.7750499999999999
996,0.7373
997,0.6898
998,0.53324
999,0.43123
1000,0.2084
1001,0.03314
1002,0.0
1003,0.0
1004,0.0
1005,0.0
1006,0.0
1007,0.0
1008,0.0
1009,0.0
1010,0.0
1011,0.0
1012,0.0
1013,0.0
1014,0.0024
1015,0.19433
1016,0.35552
1017,0.56748
1018,0.67506
1019,0.7658200000000001
1020,0.72333
1021,0.59427
1022,0.56209
1023,0.31465
1024,0.23016999999999999
1025,0.03656
1026,0.0
1027,0.0
1028,0.0
1029,0.0
1030,0.0
1031,0.0
1032,0.0
1033,0.0
1034,0.0
1035,0.0
1036,0.0
1037,0.0
1038,0.00333
1039,0.22796
1040,0.44989
1041,0.6073500000000001
1042,0.71425
1043,0.7711399999999999
1044,0.78843
1045,0.71326
1046,0.59514
1047,0.42405000000000004
1048,0.2016
1049,0.03204
1050,0.0
1051,0.0
1052,0.0
1053,0.0
1054,0.0
1055,0.0
1056,0.0
1057,0.0
1058,0.0
1059,0.0
1060,0.0
1061,0.0
1062,0.00346
1063,0.22937000000000002
1064,0.44203
1065,0.6060800000000001
1066,0.71662
1067,0.76334
1068,0.77581
1069,0.70608
1070,0.6044700000000001
1071,0.40681
1072,0.21846000000000002
1073,0.03772
1074,0.0
1075,0.0
1076,0.0
1077,0.0
1078,0.0
1079,0.0
1080,0.0
1081,0.0
1082,0.0
1083,0.0
1084,0.0
1085,0.0
1086,0.0035
1087,0.22135
1088,0.43894
1089,0.56301
1090,0.69201
1091,0.74622
1092,0.7486799999999999
1093,0.6572100000000001
1094,0.56484
1095,0.39698
1096,0.19003
1097,0.03379
1098,0.0
1099,0.0
1100,0.0
1101,0.0
1102,0.0
1103,0.0
1104,0.0
1105,0.0
1106,0.0
1107,0.0
1108,0.0
1109,0.0
1110,0.0031
1111,0.18208000000000002
1112,0.40618
1113,0.5873999999999999
1114,0.64362
1115,0.7291
1116,0.72254
1117,0.59254
1118,0.49911
1119,0.35237999999999997
1120,0.13674
1121,0.03012
1122,0.0
1123,0.0
1124,0.0
1125,0.0
1126,0.0
1127,0.0
1128,0.0
1129,0.0
1130,0.0
1131,0.0
1132,0.0
1133,0.0
1134,0.00204
1135,0.19186
1136,0.38744999999999996
1137,0.57817
1138,0.5831900000000001
1139,0.66902
1140,0.7243099999999999
1141,0.6092000000000001
1142,0.57794
1143,0.38580000000000003
1144,0.22171000000000002
1145,0.03592
1146,0.0
1147,0.0
1148,0.0
1149,0.0
1150,0.0
1151,0.0
1152,0.0
1153,0.0
1154,0.0
1155,0.0
1156,0.0
1157,0.0
1158,0.0024500000000000004
1159,0.15502000000000002
1160,0.37107
1161,0.5304800000000001
1162,0.68422
1163,0.75083
1164,0.7839700000000001
1165,0.63947
1166,0.62138
1167,0.42695
1168,0.23693999999999998
1169,0.03352
1170,0.0
1171,0.0
1172,0.0
1173,0.0
1174,0.0
1175,0.0
1176,0.0
1177,0.0
1178,0.0
1179,0.0
1180,0.0
1181,0.0
1182,0.00317
1183,0.20204
1184,0.37956
1185,0.55279
1186,0.66272
1187,0.7394400000000001
1188,0.75134
1189,0.68908
1190,0.6020800000000001
1191,0.40047000000000005
1192,0.19655
1193,0.03633
1194,0.0
1195,0.0
1196,0.0
1197,0.0
1198,0.0
1199,0.0
1200,0.0
1201,0.0
1202,0.0
1203,0.0
1204,0.0
1205,0.0
1206,0.00404
1207,0.21258000000000002
1208,0.43576
1209,0.58473
1210,0.72187
1211,0.76697
1212,0.77535
1213,0.70792
1214,0.58769
1215,0.40911000000000003
1216,0.22103
1217,0.03541
1218,0.0
1219,0.0
1220,0.0
1221,0.0
1222,0.0
1223,0.0
1224,0.0
1225,0.0
1226,0.0
1227,0.0
1228,0.0
1229,0.0
1230,0.00377
1231,0.23035
1232,0.44773
1233,0.61383
1234,0.7239500000000001
1235,0.7834800000000001
1236,0.79259
1237,0.67712
1238,0.57472
1239,0.43697
1240,0.22591
1241,0.0363
1242,0.0
1243,0.0
1244,0.0
1245,0.0
1246,0.0
1247,0.0
1248,0.0
1249,0.0
1250,0.0
1251,0.0
1252,0.0
1253,0.0
1254,0.0042699999999999995
1255,0.22607
1256,0.44203
1257,0.60881
1258,0.7031799999999999
1259,0.77224
1260,0.7702899999999999
1261,0.72721
1262,0.53519
1263,0.41299
1264,0.22075
1265,0.0364
1266,0.0
1267,0.0
1268,0.0
1269,0.0
1270,0.0
1271,0.0
1272,0.0
1273,0.0
1274,0.0
1275,0.0
1276,0.0
1277,0.0
1278,0.0044599999999999996
1279,0.22025
1280,0.426
1281,0.6025499999999999
1282,0.7283
1283,0.78183
1284,0.77098
1285,0.66135
1286,0.5479299999999999
1287,0.34104
1288,0.20865
1289,0.036359999999999996
1290,0.0
1291,0.0
1292,0.0
1293,0.0
1294,0.0
1295,0.0
1296,0.0
1297,0.0
1298,0.0
1299,0.0
1300,0.0
1301,0.0
1302,0.03664
1303,0.23028
1304,0.42874
1305,0.57427
1306,0.71656
1307,0.77771
1308,0.77923
1309,0.63115
1310,0.52747
1311,0.32788999999999996
1312,0.19378
1313,0.03288
1314,0.0
1315,0.0
1316,0.0
1317,0.0
1318,0.0
1319,0.0
1320,0.0
1321,0.0
1322,0.0
1323,0.0
1324,0.0
1325,0.0
1326,0.03582
1327,0.21765
1328,0.44033
1329,0.58314
1330,0.69616
1331,0.74046
1332,0.75485
1333,0.6957000000000001
1334,0.5395399999999999
1335,0.39782999999999996
1336,0.19441
1337,0.03374
1338,0.0
1339,0.0
1340,0.0
1341,0.0
1342,0.0
1343,0.0
1344,0.0
1345,0.0
1346,0.0
1347,0.0
1348,0.0
1349,0.0
1350,0.03643
1351,0.23269
1352,0.44212
1353,0.6050599999999999
1354,0.7105
1355,0.7488400000000001
1356,0.71401
1357,0.6206799999999999
1358,0.50273
1359,0.38593
1360,0.21642
1361,0.03214
1362,0.0
1363,0.0
1364,0.0
1365,0.0
1366,0.0
1367,0.0
1368,0.0
1369,0.0
1370,0.0
1371,0.0
1372,0.0
1373,0.0
1374,0.03494
1375,0.22616
1376,0.44198000000000004
1377,0.59539
1378,0.68832
1379,0.75491
1380,0.7394700000000001
1381,0.57625
1382,0.46964
1383,0.37325
1384,0.21281
1385,0.03365
1386,0.0
1387,0.0
1388,0.0
1389,0.0
1390,0.0
1391,0.0
1392,0.0
1393,0.0
1394,0.0
1395,0.0
1396,0.0
1397,0.0
1398,0.0334
1399,0.22631
1400,0.44168
1401,0.60133
1402,0.70469
1403,0.76046
1404,0.7641100000000001
1405,0.59457
1406,0.5503899999999999
1407,0.37637
1408,0.17904
1409,0.02847
1410,0.0
1411,0.0
1412,0.0
1413,0.0
1414,0.0
1415,0.0
1416,0.0
1417,0.0
1418,0.0
1419,0.0
1420,0.0
1421,0.0
1422,0.0145
1423,0.14662999999999998
1424,0.31395
1425,0.47306
1426,0.6295299999999999
1427,0.6756599999999999
1428,0.71182
1429,0.51328
1430,0.48714999999999997
1431,0.31812999999999997
1432,0.102
1433,0.02096
1434,0.0
1435,0.0
1436,0.0
1437,0.0
1438,0.0
1439,0.0
1440,0.0
1441,0.0
1442,0.0
1443,0.0
1444,0.0
1445,0.0
1446,0.032170000000000004
1447,0.2024
1448,0.41645
1449,0.4718
1450,0.52911
1451,0.6675
1452,0.62999
1453,0.54884
1454,0.42958999999999997
1455,0.21180000000000002
1456,0.1448
1457,0.03309
1458,0.0
1459,0.0
1460,0.0
1461,0.0
1462,0.0
1463,0.0
1464,0.0
1465,0.0
1466,0.0
1467,0.0
1468,0.0
1469,0.0
1470,0.02194
1471,0.14902
1472,0.27832999999999997
1473,0.45726999999999995
1474,0.59036
1475,0.63007
1476,0.6333099999999999
1477,0.5464600000000001
1478,0.42894
1479,0.17897
1480,0.10626000000000001
1481,0.03
1482,0.0
1483,0.0
1484,0.0
1485,0.0
1486,0.0
1487,0.0
1488,0.0
1489,0.0
1490,0.0
1491,0.0
1492,0.0
1493,0.0
1494,0.02919
1495,0.22611
1496,0.44523
1497,0.56464
1498,0.69612
1499,0.76
1500,0.78203
1501,0.59881
1502,0.46526999999999996
1503,0.36436
1504,0.18224
1505,0.03096
1506,0.0
1507,0.0
1508,0.0
1509,0.0
1510,0.0
1511,0.0
1512,0.0
1513,0.0
1514,0.0
1515,0.0
1516,0.0
1517,0.0
1518,0.025
1519,0.18671000000000001
1520,0.40186
1521,0.52603
1522,0.6506900000000001
1523,0.65351
1524,0.67241
1525,0.61177
1526,0.52711
1527,0.35384
1528,0.17677
1529,0.03615
1530,0.0
1531,0.0
1532,0.0
1533,0.0
1534,0.0
1535,0.0
1536,0.0
1537,0.0
1538,0.0
1539,0.0
1540,0.0
1541,0.0
1542,0.026600000000000002
1543,0.19827
1544,0.34956
1545,0.55904
1546,0.682
1547,0.6798
1548,0.7025800000000001
1549,0.39481
1550,0.30675
1551,0.18155000000000002
1552,0.12406
1553,0.02899
1554,0.0
1555,0.0
1556,0.0
1557,0.0
1558,0.0
1559,0.0
1560,0.0
1561,0.0
1562,0.0
1563,0.0
1564,0.0
1565,0.0
1566,0.01697
1567,0.1021
1568,0.25235
1569,0.39465
1570,0.59613
1571,0.68787
1572,0.6692100000000001
1573,0.5422899999999999
1574,0.339
1575,0.29775999999999997
1576,0.14485
1577,0.02649
1578,0.0
1579,0.0
1580,0.0
1581,0.0
1582,0.0
1583,0.0
1584,0.0
1585,0.0
1586,0.0
1587,0.0
1588,0.0
1589,0.0
1590,0.02287
1591,0.19776
1592,0.39003
1593,0.56723
1594,0.6406900000000001
1595,0.76503
1596,0.74638
1597,0.6100399999999999
1598,0.51549
1599,0.37245999999999996
1600,0.16648
1601,0.03156
1602,0.0
1603,0.0
1604,0.0
1605,0.0
1606,0.0
1607,0.0
1608,0.0
1609,0.0
1610,0.0
1611,0.0
1612,0.0
1613,0.0
1614,0.035859999999999996
1615,0.18868000000000001
1616,0.42751999999999996
1617,0.50974
1618,0.7311799999999999
1619,0.78108
1620,0.75427
1621,0.66479
1622,0.51623
1623,0.3495
1624,0.18836000000000003
1625,0.02948
1626,0.0
1627,0.0
1628,0.0
1629,0.0
1630,0.0
1631,0.0
1632,0.0
1633,0.0
1634,0.0
1635,0.0
1636,0.0
1637,0.0
1638,0.032380000000000006
1639,0.22728
1640,0.38863
1641,0.59677
1642,0.7021000000000001
1643,0.72957
1644,0.7436799999999999
1645,0.6452100000000001
1646,0.5416799999999999
1647,0.34674
1648,0.20946
1649,0.030879999999999998
1650,0.0
1651,0.0
1652,0.0
1653,0.0
1654,0.0
1655,0.0
1656,0.0
1657,0.0
1658,0.0
1659,0.0
1660,0.0
1661,0.0
1662,0.03498
1663,0.22257
1664,0.43957999999999997
1665,0.59726
1666,0.72268
1667,0.7175499999999999
1668,0.7487999999999999
1669,0.64437
1670,0.52267
1671,0.38355
1672,0.19584000000000001
1673,0.02961
1674,0.0
1675,0.0
1676,0.0
1677,0.0
1678,0.0
1679,0.0
1680,0.0
1681,0.0
1682,0.0
1683,0.0
1684,0.0
1685,0.0
1686,0.026850000000000002
1687,0.19471
1688,0.38273
1689,0.5266799999999999
1690,0.6202799999999999
1691,0.71656
1692,0.72174
1693,0.57924
1694,0.50054
1695,0.36356
1696,0.17748
1697,0.02619
1698,0.0
1699,0.0
1700,0.0
1701,0.0
1702,0.0
1703,0.0
1704,0.0
1705,0.0
1706,0.0
1707,0.0
1708,0.0
1709,0.0
1710,0.01439
1711,0.13941
1712,0.28306
1713,0.38639999999999997
1714,0.57898
1715,0.5736100000000001
1716,0.58954
1717,0.51219
1718,0.44719
1719,0.31105
1720,0.18119
1721,0.03426
1722,0.0
1723,0.0
1724,0.0
1725,0.0
1726,0.0
1727,0.0
1728,0.0
1729,0.0
1730,0.0
1731,0.0
1732,0.0
1733,0.0
1734,0.01383
1735,0.11089
1736,0.26816
1737,0.43675
1738,0.45896
1739,0.65838
1740,0.60349
1741,0.5977899999999999
1742,0.41681999999999997
1743,0.39387
1744,0.18273
1745,0.032049999999999995
1746,0.0
1747,0.0
1748,0.0
1749,0.0
1750,0.0
1751,0.0
1752,0.0
1753,0.0
1754,0.0
1755,0.0
1756,0.0
1757,0.0
1758,0.03293
1759,0.19362000000000001
1760,0.36342
1761,0.56359
1762,0.70687
1763,0.77059
1764,0.62502
1765,0.59361
1766,0.54303
1767,0.34192
1768,0.17898
1769,0.032990000000000005
1770,0.0
1771,0.0
1772,0.0
1773,0.0
1774,0.0
1775,0.0
1776,0.0
1777,0.0
1778,0.0
1779,0.0
1780,0.0
1781,0.0
1782,0.02952
1783,0.21365
1784,0.41305000000000003
1785,0.57632
1786,0.6955800000000001
1787,0.66137
1788,0.77499
1789,0.61346
1790,0.50404
1791,0.37949
1792,0.17690999999999998
1793,0.02979
1794,0.0
1795,0.0
1796,0.0
1797,0.0
1798,0.0
1799,0.0
1800,0.0
1801,0.0
1802,0.0
1803,0.0
1804,0.0
1805,0.0
1806,0.030289999999999997
1807,0.17155
1808,0.37553
1809,0.57274
1810,0.64967
1811,0.75459
1812,0.71588
1813,0.64874
1814,0.53147
1815,0.36043000000000003
1816,0.18469999999999998
1817,0.030850000000000002
1818,0.0
1819,0.0
1820,0.0
1821,0.0
1822,0.0
1823,0.0
1824,0.0
1825,0.0
1826,0.0
1827,0.0
1828,0.0
1829,0.0
1830,0.02875
1831,0.13205
1832,0.30656
1833,0.48051
1834,0.50437
1835,0.5986699999999999
1836,0.51223
1837,0.40899
1838,0.34493
1839,0.30221
1840,0.14729
1841,0.0337
1842,0.0
1843,0.0
1844,0.0
1845,0.0
1846,0.0
1847,0.0
1848,0.0
1849,0.0
1850,0.0
1851,0.0
1852,0.0
1853,0.0
1854,0.02368
1855,0.15455000000000002
1856,0.29158
1857,0.48966000000000004
1858,0.5600700000000001
1859,0.6623600000000001
1860,0.38725
1861,0.46181
1862,0.45305
1863,0.29425
1864,0.16701
1865,0.0258
1866,0.0
1867,0.0
1868,0.0
1869,0.0
1870,0.0
1871,0.0
1872,0.0
1873,0.0
1874,0.0
1875,0.0
1876,0.0
1877,0.0
1878,0.03579
1879,0.1856
1880,0.37766000000000005
1881,0.43605
1882,0.57945
1883,0.68068
1884,0.65791
1885,0.58936
1886,0.42987000000000003
1887,0.33432
1888,0.16344
1889,0.02598
1890,0.0
1891,0.0
1892,0.0
1893,0.0
1894,0.0
1895,0.0
1896,0.0
1897,0.0
1898,0.0
1899,0.0
1900,0.0
1901,0.0
1902,0.019399999999999997
1903,0.14912999999999998
1904,0.32704
1905,0.40508999999999995
1906,0.59362
1907,0.64532
1908,0.6682400000000001
1909,0.55976
1910,0.48521
1911,0.34879000000000004
1912,0.16978000000000001
1913,0.025160000000000002
1914,0.0
1915,0.0
1916,0.0
1917,0.0
1918,0.0
1919,0.0
1920,0.0
1921,0.0
1922,0.0
1923,0.0
1924,0.0
1925,0.0
1926,0.01626
1927,0.11451
1928,0.27524
1929,0.3498
1930,0.58593
1931,0.63709
1932,0.63906
1933,0.54262
1934,0.4525
1935,0.27338
1936,0.15659
1937,0.02923
1938,0.0
1939,0.0
1940,0.0
1941,0.0
1942,0.0
1943,0.0
1944,0.0
1945,0.0
1946,0.0
1947,0.0
1948,0.0
1949,0.0
1950,0.037450000000000004
1951,0.19252
1952,0.37631
1953,0.44982
1954,0.57052
1955,0.653
1956,0.5412100000000001
1957,0.45357
1958,0.40014999999999995
1959,0.31291
1960,0.15587
1961,0.02302
1962,0.0
1963,0.0
1964,0.0
1965,0.0
1966,0.0
1967,0.0
1968,0.0
1969,0.0
1970,0.0
1971,0.0
1972,0.0
1973,0.0
1974,0.04387
1975,0.23243
1976,0.4204
1977,0.57773
1978,0.6819400000000001
1979,0.69194
1980,0.69226
1981,0.64967
1982,0.49599
1983,0.33447000000000005
1984,0.16882
1985,0.02419
1986,0.0
1987,0.0
1988,0.0
1989,0.0
1990,0.0
1991,0.0
1992,0.0
1993,0.0
1994,0.0
1995,0.0
1996,0.0
1997,0.0
1998,0.038189999999999995
1999,0.24268
2000,0.43695
2001,0.57013
2002,0.66844
2003,0.69788
2004,0.68945
2005,0.59434
2006,0.34964999999999996
2007,0.26524000000000003
2008,0.12824000000000002
2009,0.02895
2010,0.0
2011,0.0
2012,0.0
2013,0.0
2014,0.0
2015,0.0
2016,0.0
2017,0.0
2018,0.0
2019,0.0
2020,0.0
2021,0.0
2022,0.04757
2023,0.22963999999999998
2024,0.37863
2025,0.5398200000000001
2026,0.62321
2027,0.70265
2028,0.70729
2029,0.62167
2030,0.50143
2031,0.33709
2032,0.17879
2033,0.026850000000000002
2034,0.0
2035,0.0
2036,0.0
2037,0.0
2038,0.0
2039,0.0
2040,0.0
2041,0.0
2042,0.0
2043,0.0
2044,0.0
2045,0.0
2046,0.040920000000000005
2047,0.19338999999999998
2048,0.41872000000000004
2049,0.59456
2050,0.68743
2051,0.75307
2052,0.7312000000000001
2053,0.6109199999999999
2054,0.5395
2055,0.38426
2056,0.18081999999999998
2057,0.027239999999999997
2058,0.0
2059,0.0
2060,0.0
2061,0.0
2062,0.0
2063,0.0
2064,0.0
2065,0.0
2066,0.0
2067,0.0
2068,0.0
2069,0.0
2070,0.026760000000000003
2071,0.15413
2072,0.33687
2073,0.52299
2074,0.6724199999999999
2075,0.7640800000000001
2076,0.72434
2077,0.68565
2078,0.52306
2079,0.36023
2080,0.17366
2081,0.02209
2082,0.0
2083,0.0
2084,0.0
2085,0.0
2086,0.0
2087,0.0
2088,0.0
2089,0.0
2090,0.0
2091,0.0
2092,0.0
2093,0.0
2094,0.05447
2095,0.24893
2096,0.47313
2097,0.57743
2098,0.66657
2099,0.67188
2100,0.7103400000000001
2101,0.53624
2102,0.47444
2103,0.31449
2104,0.16366
2105,0.02902
2106,0.0
2107,0.0
2108,0.0
2109,0.0
2110,0.0
2111,0.0
2112,0.0
2113,0.0
2114,0.0
2115,0.0
2116,0.0
2117,0.0
2118,0.04657
2119,0.21719
2120,0.42268
2121,0.58627
2122,0.65222
2123,0.75274
2124,0.74424
2125,0.67201
2126,0.55563
2127,0.34226
2128,0.1659
2129,0.02903
2130,0.0
2131,0.0
2132,0.0
2133,0.0
2134,0.0
2135,0.0
2136,0.0
2137,0.0
2138,0.0
2139,0.0
2140,0.0
2141,0.0
2142,0.0445
2143,0.25102
2144,0.42104
2145,0.55822
2146,0.69213
2147,0.72426
2148,0.74264
2149,0.57799
2150,0.46502
2151,0.31025
2152,0.09731999999999999
2153,0.02606
2154,0.0
2155,0.0
2156,0.0
2157,0.0
2158,0.0
2159,0.0
2160,0.0
2161,0.0
2162,0.0
2163,0.0
2164,0.0
2165,0.0
2166,0.05647
2167,0.24292
2168,0.43877999999999995
2169,0.60324
2170,0.70453
2171,0.72933
2172,0.75536
2173,0.68516
2174,0.53573
2175,0.37254000000000004
2176,0.18437
2177,0.02197
2178,0.0
2179,0.0
2180,0.0
2181,0.0
2182,0.0
2183,0.0
2184,0.0
2185,0.0
2186,0.0
2187,0.0
2188,0.0
2189,0.0
2190,0.04904
2191,0.24696
2192,0.4541
2193,0.56492
2194,0.66051
2195,0.70801
2196,0.65051
2197,0.60246
2198,0.46789
2199,0.27283999999999997
2200,0.12527
2201,0.03019
2202,0.0
2203,0.0
2204,0.0
2205,0.0
2206,0.0
2207,0.0
2208,0.0
2209,0.0
2210,0.0
2211,0.0
2212,0.0
2213,0.0
2214,0.036340000000000004
2215,0.17865
2216,0.39482
2217,0.5142599999999999
2218,0.5957899999999999
2219,0.7040299999999999
2220,0.69664
2221,0.57828
2222,0.53149
2223,0.31076
2224,0.16466
2225,0.03178
2226,0.0
2227,0.0
2228,0.0
2229,0.0
2230,0.0
2231,0.0
2232,0.0
2233,0.0
2234,0.0
2235,0.0
2236,0.0
2237,0.0
2238,0.04188
2239,0.15668
2240,0.36947
2241,0.44395
2242,0.62
2243,0.70623
2244,0.65838
2245,0.55799
2246,0.47099
2247,0.32572
2248,0.16978000000000001
2249,0.01933
2250,0.0
2251,0.0
2252,0.0
2253,0.0
2254,0.0
2255,0.0
2256,0.0
2257,0.0
2258,0.0
2259,0.0
2260,0.0
2261,0.0
2262,0.05662
2263,0.24918
2264,0.40408
2265,0.5810299999999999
2266,0.65407
2267,0.68491
2268,0.6283200000000001
2269,0.59609
2270,0.42142
2271,0.30627
2272,0.13438
2273,0.023870000000000002
2274,0.0
2275,0.0
2276,0.0
2277,0.0
2278,0.0
2279,0.0
2280,0.0
2281,0.0
2282,0.0
2283,0.0
2284,0.0
2285,0.0
2286,0.0564
2287,0.19634000000000001
2288,0.39914
2289,0.54837
2290,0.5993099999999999
2291,0.6792
2292,0.7016699999999999
2293,0.59474
2294,0.5322
2295,0.32776
2296,0.1405
2297,0.019059999999999997
2298,0.0
2299,0.0
2300,0.0
2301,0.0
2302,0.0
2303,0.0
2304,0.0
2305,0.0
2306,0.0
2307,0.0
2308,0.0
2309,0.0
2310,0.05276
2311,0.19951
2312,0.47597
2313,0.5867899999999999
2314,0.68667
2315,0.73597
2316,0.72748
2317,0.6216499999999999
2318,0.53055
2319,0.3173
2320,0.1747
2321,0.01831
2322,0.0
2323,0.0
2324,0.0
2325,0.0
2326,0.0
2327,0.0
2328,0.0
2329,0.0
2330,0.0
2331,0.0
2332,0.0
2333,0.0
2334,0.03135
2335,0.18774000000000002
2336,0.38101
2337,0.56304
2338,0.6901
2339,0.73077
2340,0.65242
2341,0.6335
2342,0.54273
2343,0.35905000000000004
2344,0.17325
2345,0.01804
2346,0.0
2347,0.0
2348,0.0
2349,0.0
2350,0.0
2351,0.0
2352,0.0
2353,0.0
2354,0.0
2355,0.0
2356,0.0
2357,0.0
2358,0.053
2359,0.23314
2360,0.41699
2361,0.58741
2362,0.66771
2363,0.73094
2364,0.7062999999999999
2365,0.64697
2366,0.55
2367,0.36595999999999995
2368,0.15991999999999998
2369,0.01604
2370,0.0
2371,0.0
2372,0.0
2373,0.0
2374,0.0
2375,0.0
2376,0.0
2377,0.0
2378,0.0
2379,0.0
2380,0.0
2381,0.0
2382,0.05913
2383,0.24237
2384,0.43986000000000003
2385,0.5767899999999999
2386,0.6882699999999999
2387,0.63791
2388,0.69477
2389,0.60972
2390,0.44449
2391,0.30431
2392,0.16319999999999998
2393,0.02113
2394,0.0
2395,0.0
2396,0.0
2397,0.0
2398,0.0
2399,0.0
2400,0.0
2401,0.0
2402,0.0
2403,0.0
2404,0.0
2405,0.0
2406,0.05833
2407,0.23435
2408,0.42798
2409,0.5482400000000001
2410,0.6709700000000001
2411,0.7245499999999999
2412,0.70796
2413,0.629
2414,0.46449
2415,0.35910000000000003
2416,0.15547999999999998
2417,0.01804
2418,0.0
2419,0.0
2420,0.0
2421,0.0
2422,0.0
2423,0.0
2424,0.0
2425,0.0
2426,0.0
2427,0.0
2428,0.0
2429,0.0
2430,0.054880000000000005
2431,0.21893
2432,0.37104000000000004
2433,0.57723
2434,0.61674
2435,0.69729
2436,0.6920599999999999
2437,0.59541
2438,0.50094
2439,0.35106
2440,0.17137
2441,0.020120000000000002
2442,0.0
2443,0.0
2444,0.0
2445,0.0
2446,0.0
2447,0.0
2448,0.0
2449,0.0
2450,0.0
2451,0.0
2452,0.0
2453,0.0
2454,0.06067
2455,0.2547
2456,0.44295999999999996
2457,0.5953200000000001
2458,0.68
2459,0.70294
2460,0.62863
2461,0.60576
2462,0.48151
2463,0.34757
2464,0.16509000000000001
2465,0.02655
2466,0.0
2467,0.0
2468,0.0
2469,0.0
2470,0.0
2471,0.0
2472,0.0
2473,0.0
2474,0.0
2475,0.0
2476,0.0
2477,0.0
2478,0.056409999999999995
2479,0.23625
2480,0.39838999999999997
2481,0.5407799999999999
2482,0.64612
2483,0.65922
2484,0.6311
2485,0.53283
2486,0.43931
2487,0.28754
2488,0.15166
2489,0.02922
2490,0.0
2491,0.0
2492,0.0
2493,0.0
2494,0.0
2495,0.0
2496,0.0
2497,0.0
2498,0.0
2499,0.0
2500,0.0
2501,0.0
2502,0.04378
2503,0.22854
2504,0.38780000000000003
2505,0.47987
2506,0.6101599999999999
2507,0.55041
2508,0.6172799999999999
2509,0.5208200000000001
2510,0.35837
2511,0.25178
2512,0.10413
2513,0.03006
2514,0.0
2515,0.0
2516,0.0
2517,0.0
2518,0.0
2519,0.0
2520,0.0
2521,0.0
2522,0.0
2523,0.0
2524,0.0
2525,0.0
2526,0.04313
2527,0.19433
2528,0.40176999999999996
2529,0.51006
2530,0.63862
2531,0.62749
2532,0.63264
2533,0.53149
2534,0.3649
2535,0.28267000000000003
2536,0.13821
2537,0.03377
2538,0.0
2539,0.0
2540,0.0
2541,0.0
2542,0.0
2543,0.0
2544,0.0
2545,0.0
2546,0.0
2547,0.0
2548,0.0
2549,0.0
2550,0.06678
2551,0.25694
2552,0.41666000000000003
2553,0.5144299999999999
2554,0.6201
2555,0.67102
2556,0.6209600000000001
2557,0.52873
2558,0.39874
2559,0.28518
2560,0.12129000000000001
2561,0.0346
2562,0.0
2563,0.0
2564,0.0
2565,0.0
2566,0.0
2567,0.0
2568,0.0
2569,0.0
2570,0.0
2571,0.0
2572,0.0
2573,0.0
2574,0.03282
2575,0.216
2576,0.38223
2577,0.45753
2578,0.6009099999999999
2579,0.6020399999999999
2580,0.65075
2581,0.49651999999999996
2582,0.33094
2583,0.22906
2584,0.10715999999999999
2585,0.02453
2586,0.0
2587,0.0
2588,0.0
2589,0.0
2590,0.0
2591,0.0
2592,0.0
2593,0.0
2594,0.0
2595,0.0
2596,0.0
2597,0.0
2598,0.04312
2599,0.15578999999999998
2600,0.30843
2601,0.45912000000000003
2602,0.4928
2603,0.5438500000000001
2604,0.49799
2605,0.40198
2606,0.31039999999999995
2607,0.11783
2608,0.07873999999999999
2609,0.01235
2610,0.0
2611,0.0
2612,0.0
2613,0.0
2614,0.0
2615,0.0
2616,0.0
2617,0.0
2618,0.0
2619,0.0
2620,0.0
2621,0.0
2622,0.0487
2623,0.18694999999999998
2624,0.20245
2625,0.40385000000000004
2626,0.38245
2627,0.46031
2628,0.43327
2629,0.43144
2630,0.35264
2631,0.24972999999999998
2632,0.12209
2633,0.02278
2634,0.0
2635,0.0
2636,0.0
2637,0.0
2638,0.0
2639,0.0
2640,0.0
2641,0.0
2642,0.0
2643,0.0
2644,0.0
2645,0.0
2646,0.057210000000000004
2647,0.23763
2648,0.42799
2649,0.48498
2650,0.62782
2651,0.61866
2652,0.6568200000000001
2653,0.50337
2654,0.48791
2655,0.30376
2656,0.13749
2657,0.01657
2658,0.0
2659,0.0
2660,0.0
2661,0.0
2662,0.0
2663,0.0
2664,0.0
2665,0.0
2666,0.0
2667,0.0
2668,0.0
2669,0.0
2670,0.0636
2671,0.26819
2672,0.44144
2673,0.5984400000000001
2674,0.6667799999999999
2675,0.6597799999999999
2676,0.61971
2677,0.48807
2678,0.42548
2679,0.33166
2680,0.13792
2681,0.01585
2682,0.0
2683,0.0
2684,0.0
2685,0.0
2686,0.0
2687,0.0
2688,0.0
2689,0.0
2690,0.0
2691,0.0
2692,0.0
2693,0.0
2694,0.06848
2695,0.2514
2696,0.42052999999999996
2697,0.57617
2698,0.6467999999999999
2699,0.63393
2700,0.60261
2701,0.53642
2702,0.45473
2703,0.32994
2704,0.13082
2705,0.01245
2706,0.0
2707,0.0
2708,0.0
2709,0.0
2710,0.0
2711,0.0
2712,0.0
2713,0.0
2714,0.0
2715,0.0
2716,0.0
2717,0.0
2718,0.047189999999999996
2719,0.189
2720,0.39447000000000004
2721,0.4794
2722,0.63661
2723,0.6970299999999999
2724,0.66189
2725,0.53189
2726,0.43891
2727,0.30336
2728,0.13207
2729,0.01669
2730,0.0
2731,0.0
2732,0.0
2733,0.0
2734,0.0
2735,0.0
2736,0.0
2737,0.0
2738,0.0
2739,0.0
2740,0.0
2741,0.0
2742,0.06927
2743,0.26476
2744,0.44652
2745,0.5690599999999999
2746,0.6759299999999999
2747,0.6271100000000001
2748,0.5698
2749,0.57466
2750,0.4806
2751,0.34398
2752,0.14024
2753,0.01474
2754,0.0
2755,0.0
2756,0.0
2757,0.0
2758,0.0
2759,0.0
2760,0.0
2761,0.0
2762,0.0
2763,0.0
2764,0.0
2765,0.0
2766,0.04879
2767,0.24015999999999998
2768,0.38339999999999996
2769,0.5400900000000001
2770,0.63758
2771,0.69278
2772,0.6319400000000001
2773,0.54569
2774,0.4138
2775,0.30469999999999997
2776,0.15766999999999998
2777,0.01753
2778,0.0
2779,0.0
2780,0.0
2781,0.0
2782,0.0
2783,0.0
2784,0.0
2785,0.0
2786,0.0
2787,0.0
2788,0.0
2789,0.0
2790,0.05009
2791,0.22375
2792,0.35768
2793,0.52104
2794,0.63242
2795,0.71014
2796,0.67228
2797,0.5492400000000001
2798,0.4638
2799,0.31971
2800,0.14526
2801,0.02067
2802,0.0
2803,0.0
2804,0.0
2805,0.0
2806,0.0
2807,0.0
2808,0.0
2809,0.0
2810,0.0
2811,0.0
2812,0.0
2813,0.0
2814,0.05467
2815,0.23011
2816,0.31789999999999996
2817,0.5138400000000001
2818,0.62329
2819,0.56211
2820,0.56955
2821,0.50298
2822,0.41738
2823,0.30605
2824,0.14651
2825,0.0188
2826,0.0
2827,0.0
2828,0.0
2829,0.0
2830,0.0
2831,0.0
2832,0.0
2833,0.0
2834,0.0
2835,0.0
2836,0.0
2837,0.0
2838,0.06039
2839,0.25356
2840,0.43579
2841,0.48769999999999997
2842,0.6381
2843,0.65774
2844,0.60175
2845,0.57288
2846,0.45438
2847,0.31668999999999997
2848,0.14722
2849,0.018449999999999998
2850,0.0
2851,0.0
2852,0.0
2853,0.0
2854,0.0
2855,0.0
2856,0.0
2857,0.0
2858,0.0
2859,0.0
2860,0.0
2861,0.0
2862,0.04759
2863,0.18830000000000002
2864,0.3205
2865,0.44615
2866,0.5719299999999999
2867,0.5754600000000001
2868,0.62087
2869,0.47657
2870,0.45095999999999997
2871,0.30473
2872,0.1414
2873,0.014240000000000001
2874,0.0
2875,0.0
2876,0.0
2877,0.0
2878,0.0
2879,0.0
2880,0.0
2881,0.0
2882,0.0
2883,0.0
2884,0.0
2885,0.0
2886,0.06670999999999999
2887,0.18769
2888,0.3805
2889,0.49312
2890,0.57899
2891,0.58098
2892,0.6076
2893,0.42071
2894,0.38154000000000005
2895,0.25833999999999996
2896,0.11807
2897,0.028149999999999998
2898,0.0
2899,0.0
2900,0.0
2901,0.0
2902,0.0
2903,0.0
2904,0.0
2905,0.0
2906,0.0
2907,0.0
2908,0.0
2909,0.0
2910,0.038340000000000006
2911,0.07427
2912,0.154
2913,0.27523000000000003
2914,0.23621
2915,0.38125
2916,0.41675999999999996
2917,0.11677
2918,0.18366
2919,0.15674000000000002
2920,0.05804
2921,0.01308
2922,0.0
2923,0.0
2924,0.0
2925,0.0
2926,0.0
2927,0.0
2928,0.0
2929,0.0
2930,0.0
2931,0.0
2932,0.0
2933,0.0
2934,0.03997
2935,0.21741
2936,0.32847000000000004
2937,0.51145
2938,0.6207699999999999
2939,0.62397
2940,0.59325
2941,0.56511
2942,0.41704
2943,0.27918
2944,0.10051
2945,0.015470000000000001
2946,0.0
2947,0.0
2948,0.0
2949,0.0
2950,0.0
2951,0.0
2952,0.0
2953,0.0
2954,0.0
2955,0.0
2956,0.0
2957,0.0
2958,0.06584000000000001
2959,0.25185
2960,0.40999
2961,0.52506
2962,0.55632
2963,0.6234400000000001
2964,0.6215900000000001
2965,0.59788
2966,0.49557999999999996
2967,0.31917
2968,0.14695
2969,0.01528
2970,0.0
2971,0.0
2972,0.0
2973,0.0
2974,0.0
2975,0.0
2976,0.0
2977,0.0
2978,0.0
2979,0.0
2980,0.0
2981,0.0
2982,0.057280000000000005
2983,0.22666999999999998
2984,0.37194
2985,0.48363999999999996
2986,0.59997
2987,0.61251
2988,0.65562
2989,0.5336799999999999
2990,0.44515
2991,0.30318
2992,0.12764
2993,0.01882
2994,0.0
2995,0.0
2996,0.0
2997,0.0
2998,0.0
2999,0.0
3000,0.0
3001,0.0
3002,0.0
3003,0.0
3004,0.0
3005,0.0
3006,0.05814
3007,0.20739
3008,0.37009
3009,0.48789
3010,0.55416
3011,0.58226
3012,0.67143
3013,0.50011
3014,0.46014
3015,0.31736000000000003
3016,0.14022
3017,0.02063
3018,0.0
3019,0.0
3020,0.0
3021,0.0
3022,0.0
3023,0.0
3024,0.0
3025,0.0
3026,0.0
3027,0.0
3028,0.0
3029,0.0
3030,0.057409999999999996
3031,0.18758000000000002
3032,0.32469
3033,0.5233
3034,0.60323
3035,0.6950299999999999
3036,0.60089
3037,0.51932
3038,0.46664999999999995
3039,0.31045999999999996
3040,0.13996
3041,0.01622
3042,0.0
3043,0.0
3044,0.0
3045,0.0
3046,0.0
3047,0.0
3048,0.0
3049,0.0
3050,0.0
3051,0.0
3052,0.0
3053,0.0
3054,0.0549
3055,0.24058000000000002
3056,0.40424
3057,0.54387
3058,0.63391
3059,0.6484800000000001
3060,0.66515
3061,0.5656
3062,0.47154
3063,0.31906
3064,0.13705
3065,0.01537
3066,0.0
3067,0.0
3068,0.0
3069,0.0
3070,0.0
3071,0.0
3072,0.0
3073,0.0
3074,0.0
3075,0.0
3076,0.0
3077,0.0
3078,0.06883
3079,0.22486
3080,0.36979
3081,0.47151
3082,0.51783
3083,0.46702999999999995
3084,0.5137999999999999
3085,0.35431999999999997
3086,0.22129
3087,0.10102
3088,0.02573
3089,0.012039999999999999
3090,0.0
3091,0.0
3092,0.0
3093,0.0
3094,0.0
3095,0.0
3096,0.0
3097,0.0
3098,0.0
3099,0.0
3100,0.0
3101,0.0
3102,0.0431
3103,0.12688
3104,0.27948
3105,0.33997000000000005
3106,0.46642
3107,0.4988
3108,0.43975
3109,0.51951
3110,0.45592
3111,0.25598
3112,0.12677
3113,0.032549999999999996
3114,0.0
3115,0.0
3116,0.0
3117,0.0
3118,0.0
3119,0.0
3120,0.0
3121,0.0
3122,0.0
3123,0.0
3124,0.0
3125,0.0
3126,0.06203
3127,0.21653
3128,0.38456
3129,0.50412
3130,0.57687
3131,0.6183
3132,0.6095900000000001
3133,0.5253
3134,0.4072
3135,0.3058
3136,0.13903000000000001
3137,0.022850000000000002
3138,0.0
3139,0.0
3140,0.0
3141,0.0
3142,0.0
3143,0.0
3144,0.0
3145,0.0
3146,0.0
3147,0.0
3148,0.0
3149,0.0
3150,0.06859
3151,0.26261
3152,0.41247
3153,0.48475
3154,0.61914
3155,0.50103
3156,0.6106900000000001
3157,0.53313
3158,0.44727999999999996
3159,0.30376
3160,0.13388999999999998
3161,0.01339
3162,0.0
3163,0.0
3164,0.0
3165,0.0
3166,0.0
3167,0.0
3168,0.0
3169,0.0
3170,0.0
3171,0.0
3172,0.0
3173,0.0
3174,0.07437
3175,0.26641000000000004
3176,0.45327
3177,0.5829500000000001
3178,0.66855
3179,0.6649400000000001
3180,0.67328
3181,0.5512999999999999
3182,0.49816000000000005
3183,0.31007999999999997
3184,0.13221
3185,0.012960000000000001
3186,0.0
3187,0.0
3188,0.0
3189,0.0
3190,0.0
3191,0.0
3192,0.0
3193,0.0
3194,0.0
3195,0.0
3196,0.0
3197,0.0
3198,0.06861
3199,0.26188
3200,0.38677999999999996
3201,0.51001
3202,0.58224
3203,0.65884
3204,0.65746
3205,0.59236
3206,0.44618
3207,0.30797
3208,0.12997999999999998
3209,0.01766
3210,0.0
3211,0.0
3212,0.0
3213,0.0
3214,0.0
3215,0.0
3216,0.0
3217,0.0
3218,0.0
3219,0.0
3220,0.0
3221,0.0
3222,0.05312
3223,0.22105000000000002
3224,0.41261000000000003
3225,0.45901
3226,0.6167999999999999
3227,0.6586000000000001
3228,0.65043
3229,0.37297
3230,0.32431
3231,0.26480000000000004
3232,0.11766
3233,0.02984
3234,0.0
3235,0.0
3236,0.0
3237,0.0
3238,0.0
3239,0.0
3240,0.0
3241,0.0
3242,0.0
3243,0.0
3244,0.0
3245,0.0
3246,0.06483
3247,0.22827
3248,0.34367000000000003
3249,0.4452
3250,0.56837
3251,0.59751
3252,0.48941
3253,0.50326
3254,0.36339
3255,0.16887
3256,0.09355
3257,0.016050000000000002
3258,0.0
3259,0.0
3260,0.0
3261,0.0
3262,0.0
3263,0.0
3264,0.0
3265,0.0
3266,0.0
3267,0.0
3268,0.0
3269,0.0
3270,0.030100000000000002
3271,0.14226
3272,0.21137
3273,0.43954000000000004
3274,0.46292
3275,0.46773000000000003
3276,0.44647000000000003
3277,0.40886
3278,0.28712
3279,0.16469999999999999
3280,0.11736
3281,0.02647
3282,0.0
3283,0.0
3284,0.0
3285,0.0
3286,0.0
3287,0.0
3288,0.0
3289,0.0
3290,0.0
3291,0.0
3292,0.0
3293,0.0
3294,0.06608
3295,0.23383
3296,0.39232
3297,0.4909
3298,0.60074
3299,0.63182
3300,0.62097
3301,0.59256
3302,0.40157
3303,0.2734
3304,0.13099
3305,0.02856
3306,0.0
3307,0.0
3308,0.0
3309,0.0
3310,0.0
3311,0.0
3312,0.0
3313,0.0
3314,0.0
3315,0.0
3316,0.0
3317,0.0
3318,0.05852
3319,0.21931
3320,0.39141000000000004
3321,0.5253099999999999
3322,0.56586
3323,0.59314
3324,0.5769299999999999
3325,0.51802
3326,0.28178
3327,0.17169
3328,0.06559000000000001
3329,0.013630000000000001
3330,0.0
3331,0.0
3332,0.0
3333,0.0
3334,0.0
3335,0.0
3336,0.0
3337,0.0
3338,0.0
3339,0.0
3340,0.0
3341,0.0
3342,0.04237
3343,0.13213999999999998
3344,0.31551
3345,0.41247
3346,0.50072
3347,0.4745
3348,0.44543
3349,0.32356999999999997
3350,0.24678
3351,0.13888999999999999
3352,0.044270000000000004
3353,0.00652
3354,0.0
3355,0.0
3356,0.0
3357,0.0
3358,0.0
3359,0.0
3360,0.0
3361,0.0
3362,0.0
3363,0.0
3364,0.0
3365,0.0
3366,0.03459
3367,0.09320999999999999
3368,0.19409
3369,0.30484
3370,0.43209
3371,0.45482
3372,0.37827
3373,0.45148
3374,0.34939
3375,0.15413
3376,0.05834
3377,0.02398
3378,0.0
3379,0.0
3380,0.0
3381,0.0
3382,0.0
3383,0.0
3384,0.0
3385,0.0
3386,0.0
3387,0.0
3388,0.0
3389,0.0
3390,0.03893
3391,0.14264
3392,0.25862999999999997
3393,0.29635
3394,0.37936000000000003
3395,0.38277999999999995
3396,0.3692
3397,0.47081
3398,0.27104
3399,0.22998
3400,0.07517
3401,0.01019
3402,0.0
3403,0.0
3404,0.0
3405,0.0
3406,0.0
3407,0.0
3408,0.0
3409,0.0
3410,0.0
3411,0.0
3412,0.0
3413,0.0
3414,0.04992
3415,0.11284000000000001
3416,0.24248
3417,0.38609
3418,0.5271399999999999
3419,0.5734
3420,0.5741799999999999
3421,0.40442
3422,0.38204000000000005
3423,0.29619
3424,0.11494
3425,0.028
3426,0.0
3427,0.0
3428,0.0
3429,0.0
3430,0.0
3431,0.0
3432,0.0
3433,0.0
3434,0.0
3435,0.0
3436,0.0
3437,0.0
3438,0.036520000000000004
3439,0.15012
3440,0.31888
3441,0.40026999999999996
3442,0.43697
3443,0.5664
3444,0.53387
3445,0.43751999999999996
3446,0.30537000000000003
3447,0.11534
3448,0.06943
3449,0.01597
3450,0.0
3451,0.0
3452,0.0
3453,0.0
3454,0.0
3455,0.0
3456,0.0
3457,0.0
3458,0.0
3459,0.0
3460,0.0
3461,0.0
3462,0.05418
3463,0.18558000000000002
3464,0.34487
3465,0.48861
3466,0.60402
3467,0.6456799999999999
3468,0.60539
3469,0.56871
3470,0.44603
3471,0.27217
3472,0.1243
3473,0.016190000000000003
3474,0.0
3475,0.0
3476,0.0
3477,0.0
3478,0.0
3479,0.0
3480,0.0
3481,0.0
3482,0.0
3483,0.0
3484,0.0
3485,0.0
3486,0.06953
3487,0.24406
3488,0.37574
3489,0.5053
3490,0.58085
3491,0.59113
3492,0.60529
3493,0.53426
3494,0.42139
3495,0.26997000000000004
3496,0.13784
3497,0.02178
3498,0.0
3499,0.0
3500,0.0
3501,0.0
3502,0.0
3503,0.0
3504,0.0
3505,0.0
3506,0.0
3507,0.0
3508,0.0
3509,0.0
3510,0.05858
3511,0.22791999999999998
3512,0.30507
3513,0.39773000000000003
3514,0.5474600000000001
3515,0.51002
3516,0.56292
3517,0.55375
3518,0.40002
3519,0.27629000000000004
3520,0.1156
3521,0.01734
3522,0.0
3523,0.0
3524,0.0
3525,0.0
3526,0.0
3527,0.0
3528,0.0
3529,0.0
3530,0.0
3531,0.0
3532,0.0
3533,0.0
3534,0.04939
3535,0.17268
3536,0.22765000000000002
3537,0.37009
3538,0.45015
3539,0.48155000000000003
3540,0.58187
3541,0.48133
3542,0.40032
3543,0.20728
3544,0.13597
3545,0.023940000000000003
3546,0.0
3547,0.0
3548,0.0
3549,0.0
3550,0.0
3551,0.0
3552,0.0
3553,0.0
3554,0.0
3555,0.0
3556,0.0
3557,0.0
3558,0.0495
3559,0.12777
3560,0.26229
3561,0.30999
3562,0.38324
3563,0.3543
3564,0.33576999999999996
3565,0.38471
3566,0.34906
3567,0.234
3568,0.11854
3569,0.02773
3570,0.0
3571,0.0
3572,0.0
3573,0.0
3574,0.0
3575,0.0
3576,0.0
3577,0.0
3578,0.0
3579,0.0
3580,0.0
3581,0.0
3582,0.05088
3583,0.15954
3584,0.34557
3585,0.47008
3586,0.5678300000000001
3587,0.5864
3588,0.47579000000000005
3589,0.42737
3590,0.37955
3591,0.27697000000000005
3592,0.12509
3593,0.02949
3594,0.0
3595,0.0
3596,0.0
3597,0.0
3598,0.0
3599,0.0
3600,0.0
3601,0.0
3602,0.0
3603,0.0
3604,0.0
3605,0.0
3606,0.03968
3607,0.13738
3608,0.25196
3609,0.37799
3610,0.41881
3611,0.5308099999999999
3612,0.50683
3613,0.30388
3614,0.22200999999999999
3615,0.16053
3616,0.10189
3617,0.02389
3618,0.0
3619,0.0
3620,0.0
3621,0.0
3622,0.0
3623,0.0
3624,0.0
3625,0.0
3626,0.0
3627,0.0
3628,0.0
3629,0.0
3630,0.00373
3631,0.01681
3632,0.05862
3633,0.12006
3634,0.17417
3635,0.21261000000000002
3636,0.24287999999999998
3637,0.3492
3638,0.25313
3639,0.23056000000000001
3640,0.10614
3641,0.027190000000000002
3642,0.0
3643,0.0
3644,0.0
3645,0.0
3646,0.0
3647,0.0
3648,0.0
3649,0.0
3650,0.0
3651,0.0
3652,0.0
3653,0.0
3654,0.06132
3655,0.21431999999999998
3656,0.3494
3657,0.50789
3658,0.59666
3659,0.637
3660,0.5680299999999999
3661,0.51481
3662,0.41273000000000004
3663,0.23821
3664,0.11816
3665,0.02067
3666,0.0
3667,0.0
3668,0.0
3669,0.0
3670,0.0
3671,0.0
3672,0.0
3673,0.0
3674,0.0
3675,0.0
3676,0.0
3677,0.0
3678,0.06444
3679,0.22905
3680,0.39188999999999996
3681,0.53813
3682,0.6300800000000001
3683,0.6582
3684,0.6018
3685,0.5362899999999999
3686,0.45649
3687,0.30672000000000005
3688,0.11692
3689,0.01523
3690,0.0
3691,0.0
3692,0.0
3693,0.0
3694,0.0
3695,0.0
3696,0.0
3697,0.0
3698,0.0
3699,0.0
3700,0.0
3701,0.0
3702,0.05432
3703,0.21643
3704,0.39557
3705,0.53531
3706,0.6075900000000001
3707,0.62426
3708,0.62325
3709,0.5229400000000001
3710,0.4432
3711,0.27362000000000003
3712,0.11328
3713,0.01307
3714,0.0
3715,0.0
3716,0.0
3717,0.0
3718,0.0
3719,0.0
3720,0.0
3721,0.0
3722,0.0
3723,0.0
3724,0.0
3725,0.0
3726,0.057909999999999996
3727,0.22809000000000001
3728,0.39852
3729,0.51588
3730,0.5509299999999999
3731,0.58117
3732,0.5901900000000001
3733,0.45148
3734,0.44251999999999997
3735,0.27529000000000003
3736,0.1206
3737,0.022
3738,0.0
3739,0.0
3740,0.0
3741,0.0
3742,0.0
3743,0.0
3744,0.0
3745,0.0
3746,0.0
3747,0.0
3748,0.0
3749,0.0
3750,0.02027
3751,0.19124000000000002
3752,0.31345
3753,0.47468
3754,0.57628
3755,0.60468
3756,0.53235
3757,0.50737
3758,0.40698
3759,0.1774
3760,0.08947
3761,0.01856
3762,0.0
3763,0.0
3764,0.0
3765,0.0
3766,0.0
3767,0.0
3768,0.0
3769,0.0
3770,0.0
3771,0.0
3772,0.0
3773,0.0
3774,0.041890000000000004
3775,0.17849
3776,0.36549
3777,0.4747
3778,0.57526
3779,0.6120099999999999
3780,0.5591499999999999
3781,0.56038
3782,0.41481999999999997
3783,0.3005
3784,0.13384000000000001
3785,0.03135
3786,0.0
3787,0.0
3788,0.0
3789,0.0
3790,0.0
3791,0.0
3792,0.0
3793,0.0
3794,0.0
3795,0.0
3796,0.0
3797,0.0
3798,0.06305
3799,0.22616999999999998
3800,0.4053
3801,0.5462100000000001
3802,0.511
3803,0.5847
3804,0.54657
3805,0.49609
3806,0.37924
3807,0.1891
3808,0.09370999999999999
3809,0.03757
3810,0.0
3811,0.0
3812,0.0
3813,0.0
3814,0.0
3815,0.0
3816,0.0
3817,0.0
3818,0.0
3819,0.0
3820,0.0
3821,0.0
3822,0.05615
3823,0.19191
3824,0.34712
3825,0.44419
3826,0.53295
3827,0.53498
3828,0.5569400000000001
3829,0.33116
3830,0.17396999999999999
3831,0.1428
3832,0.09384
3833,0.03997
3834,0.0
3835,0.0
3836,0.0
3837,0.0
3838,0.0
3839,0.0
3840,0.0
3841,0.0
3842,0.0
3843,0.0
3844,0.0
3845,0.0
3846,0.05285
3847,0.19419
3848,0.34081
3849,0.47587999999999997
3850,0.44972
3851,0.48678
3852,0.46637
3853,0.14011
3854,0.1702
3855,0.2017
3856,0.13686
3857,0.037880000000000004
3858,0.0
3859,0.0
3860,0.0
3861,0.0
3862,0.0
3863,0.0
3864,0.0
3865,0.0
3866,0.0
3867,0.0
3868,0.0
3869,0.0
3870,0.06167
3871,0.19958
3872,0.34249
3873,0.4325
3874,0.497
3875,0.58602
3876,0.5552
3877,0.18999000000000002
3878,0.1492
3879,0.12315000000000001
3880,0.07590999999999999
3881,0.02117
3882,0.0
3883,0.0
3884,0.0
3885,0.0
3886,0.0
3887,0.0
3888,0.0
3889,0.0
3890,0.0
3891,0.0
3892,0.0
3893,0.0
3894,0.03437
3895,0.13495
3896,0.2164
3897,0.35157
3898,0.44109
3899,0.54469
3900,0.47324
3901,0.45356
3902,0.36847
3903,0.18847999999999998
3904,0.09284999999999999
3905,0.01148
3906,0.0
3907,0.0
3908,0.0
3909,0.0
3910,0.0
3911,0.0
3912,0.0
3913,0.0
3914,0.0
3915,0.0
3916,0.0
3917,0.0
3918,0.044829999999999995
3919,0.18118
3920,0.32838
3921,0.38502
3922,0.5325599999999999
3923,0.55908
3924,0.5159
3925,0.5265
3926,0.38581
3927,0.26897000000000004
3928,0.10121
3929,0.02985
3930,0.0
3931,0.0
3932,0.0
3933,0.0
3934,0.0
3935,0.0
3936,0.0
3937,0.0
3938,0.0
3939,0.0
3940,0.0
3941,0.0
3942,0.052469999999999996
3943,0.21562
3944,0.31845
3945,0.45103
3946,0.5493899999999999
3947,0.58682
3948,0.58202
3949,0.39116
3950,0.2512
3951,0.10725
3952,0.05636
3953,0.022359999999999998
3954,0.0
3955,0.0
3956,0.0
3957,0.0
3958,0.0
3959,0.0
3960,0.0
3961,0.0
3962,0.0
3963,0.0
3964,0.0
3965,0.0
3966,0.02135
3967,0.05589
3968,0.12261
3969,0.26931
3970,0.37204000000000004
3971,0.50598
3972,0.52373
3973,0.5142599999999999
3974,0.40012000000000003
3975,0.26029
3976,0.13575
3977,0.033
3978,0.0
3979,0.0
3980,0.0
3981,0.0
3982,0.0
3983,0.0
3984,0.0
3985,0.0
3986,0.0
3987,0.0
3988,0.0
3989,0.0
3990,0.04945
3991,0.19006
3992,0.35394
3993,0.46954
3994,0.59146
3995,0.57411
3996,0.568
3997,0.46401
3998,0.31225
3999,0.19156
4000,0.09294
4001,0.03211
4002,0.0
4003,0.0
4004,0.0
4005,0.0
4006,0.0
4007,0.0
4008,0.0
4009,0.0
4010,0.0
4011,0.0
4012,0.0
4013,0.0
4014,0.051840000000000004
4015,0.15725
4016,0.30143000000000003
4017,0.38605
4018,0.55861
4019,0.5588200000000001
4020,0.54331
4021,0.5384099999999999
4022,0.29628
4023,0.26747000000000004
4024,0.13953
4025,0.02541
4026,0.0
4027,0.0
4028,0.0
4029,0.0
4030,0.0
4031,0.0
4032,0.0
4033,0.0
4034,0.0
4035,0.0
4036,0.0
4037,0.0
4038,0.03411
4039,0.16472
4040,0.33466
4041,0.44155
4042,0.5474199999999999
4043,0.59765
4044,0.5945199999999999
4045,0.5796
4046,0.44566
4047,0.29924
4048,0.14141
4049,0.01759
4050,0.0
4051,0.0
4052,0.0
4053,0.0
4054,0.0
4055,0.0
4056,0.0
4057,0.0
4058,0.0
4059,0.0
4060,0.0
4061,0.0
4062,0.05196
4063,0.20055
4064,0.37639
4065,0.47576999999999997
4066,0.53607
4067,0.57798
4068,0.5483300000000001
4069,0.37963
4070,0.25645999999999997
4071,0.24935
4072,0.13963
4073,0.02466
4074,0.0
4075,0.0
4076,0.0
4077,0.0
4078,0.0
4079,0.0
4080,0.0
4081,0.0
4082,0.0
4083,0.0
4084,0.0
4085,0.0
4086,0.0356
4087,0.17632
4088,0.29613999999999996
4089,0.41152
4090,0.5122899999999999
4091,0.56667
4092,0.52958
4093,0.5176799999999999
4094,0.42847
4095,0.28324
4096,0.13525
4097,0.02113
4098,0.0
4099,0.0
4100,0.0
4101,0.0
4102,0.0
4103,0.0
4104,0.0
4105,0.0
4106,0.0
4107,0.0
4108,0.0
4109,0.0
4110,0.04028
4111,0.11539
4112,0.20085
4113,0.38861
4114,0.42254
4115,0.36519999999999997
4116,0.32445
4117,0.37707999999999997
4118,0.23133
4119,0.15313
4120,0.13641999999999999
4121,0.033460000000000004
4122,0.0
4123,0.0
4124,0.0
4125,0.0
4126,0.0
4127,0.0
4128,0.0
4129,0.0
4130,0.0
4131,0.0
4132,0.0
4133,0.0
4134,0.046759999999999996
4135,0.15080000000000002
4136,0.37126
4137,0.5344
4138,0.60736
4139,0.6320399999999999
4140,0.62797
4141,0.58761
4142,0.4588
4143,0.28175
4144,0.13605
4145,0.04111
4146,0.0
4147,0.0
4148,0.0
4149,0.0
4150,0.0
4151,0.0
4152,0.0
4153,0.0
4154,0.0
4155,0.0
4156,0.0
4157,0.0
4158,0.05731
4159,0.19155
4160,0.35305000000000003
4161,0.37699
4162,0.49212
4163,0.53432
4164,0.53065
4165,0.46175
4166,0.3986
4167,0.24366
4168,0.14124
4169,0.03886
4170,0.0
4171,0.0
4172,0.0
4173,0.0
4174,0.0
4175,0.0
4176,0.0
4177,0.0
4178,0.0
4179,0.0
4180,0.0
4181,0.0
4182,0.04415
4183,0.14662999999999998
4184,0.28264999999999996
4185,0.40625
4186,0.48068
4187,0.5238400000000001
4188,0.42175
4189,0.39603
4190,0.22441999999999998
4191,0.20551
4192,0.0871
4193,0.03485
4194,0.0
4195,0.0
4196,0.0
4197,0.0
4198,0.0
4199,0.0
4200,0.0
4201,0.0
4202,0.0
4203,0.0
4204,0.0
4205,0.0
4206,0.02785
4207,0.11844
4208,0.29737
4209,0.41487999999999997
4210,0.51275
4211,0.5251
4212,0.53318
4213,0.48913
4214,0.31261
4215,0.21606
4216,0.11352
4217,0.04313
4218,0.0
4219,0.0
4220,0.0
4221,0.0
4222,0.0
4223,0.0
4224,0.0
4225,0.0
4226,0.0
4227,0.0
4228,0.0
4229,0.0
4230,0.05479
4231,0.20275
4232,0.38297000000000003
4233,0.49633
4234,0.5707899999999999
4235,0.6103099999999999
4236,0.63549
4237,0.50508
4238,0.45454
4239,0.27238
4240,0.13641
4241,0.03473
4242,0.0
4243,0.0
4244,0.0
4245,0.0
4246,0.0
4247,0.0
4248,0.0
4249,0.0
4250,0.0
4251,0.0
4252,0.0
4253,0.0
4254,0.05077
4255,0.19791
4256,0.32080000000000003
4257,0.48745
4258,0.50428
4259,0.55686
4260,0.51169
4261,0.46422
4262,0.34585000000000005
4263,0.1739
4264,0.06445999999999999
4265,0.014289999999999999
4266,0.0
4267,0.0
4268,0.0
4269,0.0
4270,0.0
4271,0.0
4272,0.0
4273,0.0
4274,0.0
4275,0.0
4276,0.0
4277,0.0
4278,0.04064
4279,0.13078
4280,0.20886000000000002
4281,0.31019
4282,0.4777
4283,0.50056
4284,0.47848
4285,0.36369999999999997
4286,0.29648
4287,0.22297
4288,0.11649
4289,0.02784
4290,0.0
4291,0.0
4292,0.0
4293,0.0
4294,0.0
4295,0.0
4296,0.0
4297,0.0
4298,0.0
4299,0.0
4300,0.0
4301,0.0
4302,0.031059999999999997
4303,0.07162
4304,0.14607
4305,0.19438
4306,0.38685
4307,0.41802999999999996
4308,0.36184
4309,0.32595999999999997
4310,0.22811
4311,0.22153
4312,0.12833
4313,0.032
4314,0.0
4315,0.0
4316,0.0
4317,0.0
4318,0.0
4319,0.0
4320,0.0
4321,0.0
4322,0.0
4323,0.0
4324,0.0
4325,0.0
4326,0.05157
4327,0.18001
4328,0.34474
4329,0.44514
4330,0.55652
4331,0.55475
4332,0.59956
4333,0.40013
4334,0.29795
4335,0.12422
4336,0.08328
4337,0.02973
4338,0.0
4339,0.0
4340,0.0
4341,0.0
4342,0.0
4343,0.0
4344,0.0
4345,0.0
4346,0.0
4347,0.0
4348,0.0
4349,0.0
4350,0.040600000000000004
4351,0.17611000000000002
4352,0.31266000000000005
4353,0.45326
4354,0.48727
4355,0.57611
4356,0.5455
4357,0.44783
4358,0.34770999999999996
4359,0.21346
4360,0.11881
4361,0.03203
4362,0.0
4363,0.0
4364,0.0
4365,0.0
4366,0.0
4367,0.0
4368,0.0
4369,0.0
4370,0.0
4371,0.0
4372,0.0
4373,0.0
4374,0.03724
4375,0.18946000000000002
4376,0.34058999999999995
4377,0.43075
4378,0.55951
4379,0.6055499999999999
4380,0.6103500000000001
4381,0.5301
4382,0.44425
4383,0.22404
4384,0.14223
4385,0.022109999999999998
4386,0.0
4387,0.0
4388,0.0
4389,0.0
4390,0.0
4391,0.0
4392,0.0
4393,0.0
4394,0.0
4395,0.0
4396,0.0
4397,0.0
4398,0.040409999999999995
4399,0.17606
4400,0.33532999999999996
4401,0.42741
4402,0.51087
4403,0.5985499999999999
4404,0.56288
4405,0.48324
4406,0.35975999999999997
4407,0.30795999999999996
4408,0.14784
4409,0.02367
4410,0.0
4411,0.0
4412,0.0
4413,0.0
4414,0.0
4415,0.0
4416,0.0
4417,0.0
4418,0.0
4419,0.0
4420,0.0
4421,0.0
4422,0.037079999999999995
4423,0.14262
4424,0.36363999999999996
4425,0.46724
4426,0.5575399999999999
4427,0.55706
4428,0.53474
4429,0.49077
4430,0.3937
4431,0.11672
4432,0.09334999999999999
4433,0.02129
4434,0.0
4435,0.0
4436,0.0
4437,0.0
4438,0.0
4439,0.0
4440,0.0
4441,0.0
4442,0.0
4443,0.0
4444,0.0
4445,0.0
4446,0.03821
4447,0.15118
4448,0.31595
4449,0.39976
4450,0.39026
4451,0.52925
4452,0.53944
4453,0.50533
4454,0.38913
4455,0.29033
4456,0.13972
4457,0.027350000000000003
4458,0.0
4459,0.0
4460,0.0
4461,0.0
4462,0.0
4463,0.0
4464,0.0
4465,0.0
4466,0.0
4467,0.0
4468,0.0
4469,0.0
4470,0.04876
4471,0.20143
4472,0.37565
4473,0.53067
4474,0.5728
4475,0.6571
4476,0.6329
4477,0.56208
4478,0.4709
4479,0.33052
4480,0.15509
4481,0.02872
4482,0.0
4483,0.0
4484,0.0
4485,0.0
4486,0.0
4487,0.0
4488,0.0
4489,0.0
4490,0.0
4491,0.0
4492,0.0
4493,0.0
4494,0.04902
4495,0.20890999999999998
4496,0.36511
4497,0.49826
4498,0.56596
4499,0.61895
4500,0.53941
4501,0.5013
4502,0.36668
4503,0.21291
4504,0.10443000000000001
4505,0.03971
4506,0.0
4507,0.0
4508,0.0
4509,0.0
4510,0.0
4511,0.0
4512,0.0
4513,0.0
4514,0.0
4515,0.0
4516,0.0
4517,0.0
4518,0.039299999999999995
4519,0.14293
4520,0.26750999999999997
4521,0.38766
4522,0.48838
4523,0.49544
4524,0.5264500000000001
4525,0.44253
4526,0.25615
4527,0.13774
4528,0.08089
4529,0.03351
4530,0.0
4531,0.0
4532,0.0
4533,0.0
4534,0.0
4535,0.0
4536,0.0
4537,0.0
4538,0.0
4539,0.0
4540,0.0
4541,0.0
4542,0.047420000000000004
4543,0.19818
4544,0.28656
4545,0.43586
4546,0.50018
4547,0.53083
4548,0.44723
4549,0.43944
4550,0.38531
4551,0.2528
4552,0.15081999999999998
4553,0.026510000000000002
4554,0.0
4555,0.0
4556,0.0
4557,0.0
4558,0.0
4559,0.0
4560,0.0
4561,0.0
4562,0.0
4563,0.0
4564,0.0
4565,0.0
4566,0.03953
4567,0.21719
4568,0.38469
4569,0.48749000000000003
4570,0.55811
4571,0.6258400000000001
4572,0.6171
4573,0.56003
4574,0.45271
4575,0.2916
4576,0.15469
4577,0.03523
4578,0.0
4579,0.0
4580,0.0
4581,0.0
4582,0.0
4583,0.0
4584,0.0
4585,0.0
4586,0.0
4587,0.0
4588,0.0
4589,0.0
4590,0.03357
4591,0.14467
4592,0.32491000000000003
4593,0.38412999999999997
4594,0.53338
4595,0.61848
4596,0.57305
4597,0.49853
4598,0.44266
4599,0.27657
4600,0.14316
4601,0.026690000000000002
4602,0.0
4603,0.0
4604,0.0
4605,0.0
4606,0.0
4607,0.0
4608,0.0
4609,0.0
4610,0.0
4611,0.0
4612,0.0
4613,0.0
4614,0.04075
4615,0.19388999999999998
4616,0.35431
4617,0.4767
4618,0.57997
4619,0.61978
4620,0.5974299999999999
4621,0.54307
4622,0.43647
4623,0.3195
4624,0.14674
4625,0.02854
4626,0.0
4627,0.0
4628,0.0
4629,0.0
4630,0.0
4631,0.0
4632,0.0
4633,0.0
4634,0.0
4635,0.0
4636,0.0
4637,0.0
4638,0.04683
4639,0.21422999999999998
4640,0.35154
4641,0.477
4642,0.5600499999999999
4643,0.5610599999999999
4644,0.59999
4645,0.5271399999999999
4646,0.31032
4647,0.29493
4648,0.141
4649,0.02693
4650,0.0
4651,0.0
4652,0.0
4653,0.0
4654,0.0
4655,0.0
4656,0.0
4657,0.0
4658,0.0
4659,0.0
4660,0.0
4661,0.0
4662,0.045829999999999996
4663,0.20367
4664,0.36075
4665,0.51723
4666,0.58461
4667,0.6260800000000001
4668,0.66771
4669,0.59146
4670,0.48102999999999996
4671,0.32741000000000003
4672,0.15749000000000002
4673,0.02838
4674,0.0
4675,0.0
4676,0.0
4677,0.0
4678,0.0
4679,0.0
4680,0.0
4681,0.0
4682,0.0
4683,0.0
4684,0.0
4685,0.0
4686,0.044270000000000004
4687,0.21500999999999998
4688,0.30871
4689,0.46537
4690,0.54507
4691,0.6287699999999999
4692,0.55098
4693,0.47463
4694,0.37444
4695,0.26122
4696,0.12554
4697,0.039490000000000004
4698,0.0
4699,0.0
4700,0.0
4701,0.0
4702,0.0
4703,0.0
4704,0.0
4705,0.0
4706,0.0
4707,0.0
4708,0.0
4709,0.0
4710,0.04507
4711,0.18205000000000002
4712,0.28602999999999995
4713,0.39653
4714,0.43139999999999995
4715,0.49899
4716,0.39818000000000003
4717,0.38917
4718,0.31286
4719,0.24152
4720,0.14037
4721,0.046009999999999995
4722,0.0
4723,0.0
4724,0.0
4725,0.0
4726,0.0
4727,0.0
4728,0.0
4729,0.0
4730,0.0
4731,0.0
4732,0.0
4733,0.0
4734,0.047659999999999994
4735,0.17989
4736,0.36401999999999995
4737,0.46558
4738,0.5452100000000001
4739,0.57408
4740,0.62
4741,0.58835
4742,0.45956
4743,0.34286
4744,0.16441999999999998
4745,0.02687
4746,0.0
4747,0.0
4748,0.0
4749,0.0
4750,0.0
4751,0.0
4752,0.0
4753,0.0
4754,0.0
4755,0.0
4756,0.0
4757,0.0
4758,0.04573
4759,0.197
4760,0.34532999999999997
4761,0.44782
4762,0.57339
4763,0.614
4764,0.6558999999999999
4765,0.5367000000000001
4766,0.40257
4767,0.28445
4768,0.14859
4769,0.03638
4770,0.0
4771,0.0
4772,0.0
4773,0.0
4774,0.0
4775,0.0
4776,0.0
4777,0.0
4778,0.0
4779,0.0
4780,0.0
4781,0.0
4782,0.04028
4783,0.16809000000000002
4784,0.33732999999999996
4785,0.46514
4786,0.53264
4787,0.60457
4788,0.55231
4789,0.51518
4790,0.40455
4791,0.25089
4792,0.15378
4793,0.027059999999999997
4794,0.0
4795,0.0
4796,0.0
4797,0.0
4798,0.0
4799,0.0
4800,0.0
4801,0.0
4802,0.0
4803,0.0
4804,0.0
4805,0.0
4806,0.03804
4807,0.20345
4808,0.32844999999999996
4809,0.50399
4810,0.52913
4811,0.63544
4812,0.6447
4813,0.51564
4814,0.36378
4815,0.2534
4816,0.12128
4817,0.02533
4818,0.0
4819,0.0
4820,0.0
4821,0.0
4822,0.0
4823,0.0
4824,0.0
4825,0.0
4826,0.0
4827,0.0
4828,0.0
4829,0.0
4830,0.04667
4831,0.20651
4832,0.3866
4833,0.47975999999999996
4834,0.5561499999999999
4835,0.6376499999999999
4836,0.62342
4837,0.5529400000000001
4838,0.42318
4839,0.28512
4840,0.15955000000000003
4841,0.03658
4842,0.0
4843,0.0
4844,0.0
4845,0.0
4846,0.0
4847,0.0
4848,0.0
4849,0.0
4850,0.0
4851,0.0
4852,0.0
4853,0.0
4854,0.03297
4855,0.15245
4856,0.27486
4857,0.3922
4858,0.49589
4859,0.60826
4860,0.59876
4861,0.54818
4862,0.44277
4863,0.27609
4864,0.14717
4865,0.02777
4866,0.0
4867,0.0
4868,0.0
4869,0.0
4870,0.0
4871,0.0
4872,0.0
4873,0.0
4874,0.0
4875,0.0
4876,0.0
4877,0.0
4878,0.04278
4879,0.151
4880,0.24862
4881,0.46492
4882,0.56059
4883,0.51873
4884,0.5214099999999999
4885,0.47468
4886,0.41529000000000005
4887,0.29327
4888,0.15732
4889,0.03598
4890,0.0
4891,0.0
4892,0.0
4893,0.0
4894,0.0
4895,0.0
4896,0.0
4897,0.0
4898,0.0
4899,0.0
4900,0.0
4901,0.0
4902,0.04458
4903,0.16971
4904,0.36667
4905,0.50752
4906,0.59715
4907,0.63993
4908,0.63947
4909,0.58911
4910,0.48594
4911,0.31707
4912,0.14326
4913,0.032869999999999996
4914,0.0
4915,0.0
4916,0.0
4917,0.0
4918,0.0
4919,0.0
4920,0.0
4921,0.0
4922,0.0
4923,0.0
4924,0.0
4925,0.0
4926,0.04854
4927,0.19676
4928,0.35308999999999996
4929,0.38705
4930,0.53019
4931,0.55449
4932,0.57324
4933,0.57085
4934,0.43813
4935,0.28391000000000005
4936,0.15243
4937,0.03721
4938,0.0
4939,0.0
4940,0.0
4941,0.0
4942,0.0
4943,0.0
4944,0.0
4945,0.0
4946,0.0
4947,0.0
4948,0.0
4949,0.0
4950,0.03331
4951,0.15336000000000002
4952,0.19898
4953,0.32552
4954,0.38971
4955,0.42052999999999996
4956,0.52878
4957,0.55984
4958,0.42524
4959,0.29497
4960,0.15242
4961,0.038189999999999995
4962,0.0
4963,0.0
4964,0.0
4965,0.0
4966,0.0
4967,0.0
4968,0.0
4969,0.0
4970,0.0
4971,0.0
4972,0.0
4973,0.0
4974,0.02157
4975,0.1509
4976,0.29205000000000003
4977,0.44248000000000004
4978,0.5554
4979,0.5952200000000001
4980,0.55711
4981,0.50802
4982,0.41284
4983,0.26458
4984,0.12815000000000001
4985,0.04261
4986,0.0
4987,0.0
4988,0.0
4989,0.0
4990,0.0
4991,0.0
4992,0.0
4993,0.0
4994,0.0
4995,0.0
4996,0.0
4997,0.0
4998,0.037689999999999994
4999,0.21076
5000,0.39532999999999996
5001,0.5111600000000001
5002,0.59564
5003,0.64525
5004,0.63249
5005,0.56851
5006,0.44462
5007,0.27218000000000003
5008,0.14285
5009,0.01847
5010,0.0
5011,0.0
5012,0.0
5013,0.0
5014,0.0
5015,0.0
5016,0.0
5017,0.0
5018,0.0
5019,0.0
5020,0.0
5021,0.0
5022,0.04392
5023,0.18669
5024,0.36496
5025,0.50993
5026,0.5850299999999999
5027,0.62417
5028,0.58199
5029,0.56656
5030,0.37457999999999997
5031,0.28288
5032,0.14936000000000002
5033,0.02797
5034,0.0
5035,0.0
5036,0.0
5037,0.0
5038,0.0
5039,0.0
5040,0.0
5041,0.0
5042,0.0
5043,0.0
5044,0.0
5045,0.0
5046,0.03935
5047,0.19172999999999998
5048,0.34825
5049,0.44533
5050,0.41389
5051,0.54415
5052,0.57068
5053,0.53927
5054,0.43642000000000003
5055,0.31708
5056,0.12608
5057,0.021
5058,0.0
5059,0.0
5060,0.0
5061,0.0
5062,0.0
5063,0.0
5064,0.0
5065,0.0
5066,0.0
5067,0.0
5068,0.0
5069,0.0
5070,0.00872
5071,0.05046
5072,0.27976999999999996
5073,0.36698000000000003
5074,0.45108
5075,0.55255
5076,0.59558
5077,0.46033999999999997
5078,0.40326
5079,0.22258
5080,0.12497
5081,0.03449
5082,0.0
5083,0.0
5084,0.0
5085,0.0
5086,0.0
5087,0.0
5088,0.0
5089,0.0
5090,0.0
5091,0.0
5092,0.0
5093,0.0
5094,0.03147
5095,0.12267
5096,0.19762000000000002
5097,0.39015
5098,0.47375
5099,0.41969999999999996
5100,0.45112
5101,0.41452999999999995
5102,0.25877
5103,0.18647999999999998
5104,0.08106999999999999
5105,0.02423
5106,0.0
5107,0.0
5108,0.0
5109,0.0
5110,0.0
5111,0.0
5112,0.0
5113,0.0
5114,0.0
5115,0.0
5116,0.0
5117,0.0
5118,0.03528
5119,0.16316999999999998
5120,0.25724
5121,0.43812
5122,0.5407799999999999
5123,0.49609
5124,0.6255700000000001
5125,0.43544
5126,0.36689
5127,0.1976
5128,0.12916
5129,0.04316
5130,0.0
5131,0.0
5132,0.0
5133,0.0
5134,0.0
5135,0.0
5136,0.0
5137,0.0
5138,0.0
5139,0.0
5140,0.0
5141,0.0
5142,0.0294
5143,0.13856
5144,0.34070999999999996
5145,0.47508
5146,0.53452
5147,0.63228
5148,0.5843400000000001
5149,0.5316000000000001
5150,0.42852999999999997
5151,0.27803
5152,0.11286
5153,0.02997
5154,0.0
5155,0.0
5156,0.0
5157,0.0
5158,0.0
5159,0.0
5160,0.0
5161,0.0
5162,0.0
5163,0.0
5164,0.0
5165,0.0
5166,0.04011
5167,0.14830000000000002
5168,0.28617000000000004
5169,0.38506999999999997
5170,0.6165900000000001
5171,0.6727000000000001
5172,0.64846
5173,0.5490900000000001
5174,0.47757
5175,0.32963
5176,0.16505
5177,0.04776
5178,0.0
5179,0.0
5180,0.0
5181,0.0
5182,0.0
5183,0.0
5184,0.0
5185,0.0
5186,0.0
5187,0.0
5188,0.0
5189,0.0
5190,0.04636
5191,0.17709
5192,0.34673000000000004
5193,0.46244999999999997
5194,0.5435599999999999
5195,0.65161
5196,0.65923
5197,0.59373
5198,0.48866000000000004
5199,0.32223
5200,0.16718
5201,0.02736
5202,0.0
5203,0.0
5204,0.0
5205,0.0
5206,0.0
5207,0.0
5208,0.0
5209,0.0
5210,0.0
5211,0.0
5212,0.0
5213,0.0
5214,0.03814
5215,0.23174
5216,0.40237
5217,0.55379
5218,0.63889
5219,0.68326
5220,0.66967
5221,0.5911799999999999
5222,0.49019999999999997
5223,0.33712000000000003
5224,0.16668
5225,0.0376
5226,0.0
5227,0.0
5228,0.0
5229,0.0
5230,0.0
5231,0.0
5232,0.0
5233,0.0
5234,0.0
5235,0.0
5236,0.0
5237,0.0
5238,0.03713
5239,0.14731
5240,0.34548
5241,0.46249
5242,0.5797
5243,0.65734
5244,0.61684
5245,0.56476
5246,0.38127
5247,0.30257
5248,0.15597
5249,0.034140000000000004
5250,0.0
5251,0.0
5252,0.0
5253,0.0
5254,0.0
5255,0.0
5256,0.0
5257,0.0
5258,0.0
5259,0.0
5260,0.0
5261,0.0
5262,0.01072
5263,0.08439
5264,0.21781999999999999
5265,0.3752
5266,0.51687
5267,0.50275
5268,0.49386
5269,0.44811
5270,0.34172
5271,0.21147
5272,0.10758
5273,0.02708
5274,0.0
5275,0.0
5276,0.0
5277,0.0
5278,0.0
5279,0.0
5280,0.0
5281,0.0
5282,0.0
5283,0.0
5284,0.0
5285,0.0
5286,0.01497
5287,0.10069
5288,0.16897
5289,0.23746
5290,0.37577
5291,0.3448
5292,0.47864999999999996
5293,0.36545
5294,0.29270999999999997
5295,0.20815999999999998
5296,0.09544
5297,0.03363
5298,0.0
5299,0.0
5300,0.0
5301,0.0
5302,0.0
5303,0.0
5304,0.0
5305,0.0
5306,0.0
5307,0.0
5308,0.0
5309,0.0
5310,0.00704
5311,0.06323
5312,0.06715
5313,0.10068
5314,0.16709000000000002
5315,0.24589
5316,0.31389999999999996
5317,0.48101
5318,0.35154
5319,0.23376
5320,0.10765000000000001
5321,0.02419
5322,0.0
5323,0.0
5324,0.0
5325,0.0
5326,0.0
5327,0.0
5328,0.0
5329,0.0
5330,0.0
5331,0.0
5332,0.0
5333,0.0
5334,0.017
5335,0.07529000000000001
5336,0.24888
5337,0.41366
5338,0.5105299999999999
5339,0.52138
5340,0.4044
5341,0.38950999999999997
5342,0.29286
5343,0.17708000000000002
5344,0.08328
5345,0.02459
5346,0.0
5347,0.0
5348,0.0
5349,0.0
5350,0.0
5351,0.0
5352,0.0
5353,0.0
5354,0.0
5355,0.0
5356,0.0
5357,0.0
5358,0.01247
5359,0.07462
5360,0.09318000000000001
5361,0.14646
5362,0.36155000000000004
5363,0.33841000000000004
5364,0.45355
5365,0.38398000000000004
5366,0.32012
5367,0.24483000000000002
5368,0.11716
5369,0.017920000000000002
5370,0.0
5371,0.0
5372,0.0
5373,0.0
5374,0.0
5375,0.0
5376,0.0
5377,0.0
5378,0.0
5379,0.0
5380,0.0
5381,0.0
5382,0.0337
5383,0.11354
5384,0.29338
5385,0.42807999999999996
5386,0.5164099999999999
5387,0.52274
5388,0.46574
5389,0.33482999999999996
5390,0.33097000000000004
5391,0.2366
5392,0.08753
5393,0.019219999999999998
5394,0.0
5395,0.0
5396,0.0
5397,0.0
5398,0.0
5399,0.0
5400,0.0
5401,0.0
5402,0.0
5403,0.0
5404,0.0
5405,0.0
5406,0.04564
5407,0.2317
5408,0.41112
5409,0.54849
5410,0.6375599999999999
5411,0.6605800000000001
5412,0.6062799999999999
5413,0.556
5414,0.45071
5415,0.3384
5416,0.16049000000000002
5417,0.01866
5418,0.0
5419,0.0
5420,0.0
5421,0.0
5422,0.0
5423,0.0
5424,0.0
5425,0.0
5426,0.0
5427,0.0
5428,0.0
5429,0.0
5430,0.05151
5431,0.22294999999999998
5432,0.40142
5433,0.5675399999999999
5434,0.62358
5435,0.66926
5436,0.6291100000000001
5437,0.58438
5438,0.45436
5439,0.23364
5440,0.10734
5441,0.0288
5442,0.0
5443,0.0
5444,0.0
5445,0.0
5446,0.0
5447,0.0
5448,0.0
5449,0.0
5450,0.0
5451,0.0
5452,0.0
5453,0.0
5454,0.02614
5455,0.12115000000000001
5456,0.29714999999999997
5457,0.40186
5458,0.41399
5459,0.45561
5460,0.41754
5461,0.37833999999999995
5462,0.23473
5463,0.15302000000000002
5464,0.08133
5465,0.03444
5466,0.0
5467,0.0
5468,0.0
5469,0.0
5470,0.0
5471,0.0
5472,0.0
5473,0.0
5474,0.0
5475,0.0
5476,0.0
5477,0.0
5478,0.04415
5479,0.13675
5480,0.31024
5481,0.50742
5482,0.56174
5483,0.58105
5484,0.5209199999999999
5485,0.43501999999999996
5486,0.2726
5487,0.20196
5488,0.08725
5489,0.03467
5490,0.0
5491,0.0
5492,0.0
5493,0.0
5494,0.0
5495,0.0
5496,0.0
5497,0.0
5498,0.0
5499,0.0
5500,0.0
5501,0.0
5502,0.025589999999999998
5503,0.09918
5504,0.2333
5505,0.36483
5506,0.50317
5507,0.5577000000000001
5508,0.56262
5509,0.46616
5510,0.37754000000000004
5511,0.26947000000000004
5512,0.09556999999999999
5513,0.02513
5514,0.0
5515,0.0
5516,0.0
5517,0.0
5518,0.0
5519,0.0
5520,0.0
5521,0.0
5522,0.0
5523,0.0
5524,0.0
5525,0.0
5526,0.03407
5527,0.16633
5528,0.29819999999999997
5529,0.46256
5530,0.53759
5531,0.6158899999999999
5532,0.55876
5533,0.45285000000000003
5534,0.33468000000000003
5535,0.16873
5536,0.06816
5537,0.01251
5538,0.0
5539,0.0
5540,0.0
5541,0.0
5542,0.0
5543,0.0
5544,0.0
5545,0.0
5546,0.0
5547,0.0
5548,0.0
5549,0.0
5550,0.039259999999999996
5551,0.17063
5552,0.38111
5553,0.5238200000000001
5554,0.5825
5555,0.56374
5556,0.52665
5557,0.44665
5558,0.28318
5559,0.14667
5560,0.08857
5561,0.01899
5562,0.0
5563,0.0
5564,0.0
5565,0.0
5566,0.0
5567,0.0
5568,0.0
5569,0.0
5570,0.0
5571,0.0
5572,0.0
5573,0.0
5574,0.04582
5575,0.18803
5576,0.38256
5577,0.5342899999999999
5578,0.5601499999999999
5579,0.61697
5580,0.52886
5581,0.50422
5582,0.32053
5583,0.15128
5584,0.12312999999999999
5585,0.02116
5586,0.0
5587,0.0
5588,0.0
5589,0.0
5590,0.0
5591,0.0
5592,0.0
5593,0.0
5594,0.0
5595,0.0
5596,0.0
5597,0.0
5598,0.04347
5599,0.18122
5600,0.36254000000000003
5601,0.47746
5602,0.6368400000000001
5603,0.67
5604,0.62206
5605,0.47670999999999997
5606,0.46976999999999997
5607,0.31751
5608,0.15990000000000001
5609,0.027719999999999998
5610,0.0
5611,0.0
5612,0.0
5613,0.0
5614,0.0
5615,0.0
5616,0.0
5617,0.0
5618,0.0
5619,0.0
5620,0.0
5621,0.0
5622,0.052
5623,0.2335
5624,0.34608999999999995
5625,0.52871
5626,0.60936
5627,0.6463
5628,0.58277
5629,0.5975199999999999
5630,0.48396
5631,0.3296
5632,0.13917
5633,0.01936
5634,0.0
5635,0.0
5636,0.0
5637,0.0
5638,0.0
5639,0.0
5640,0.0
5641,0.0
5642,0.0
5643,0.0
5644,0.0
5645,0.0
5646,0.03368
5647,0.11617
5648,0.21512
5649,0.43731
5650,0.46875
5651,0.6107
5652,0.63821
5653,0.44339999999999996
5654,0.35378
5655,0.26632
5656,0.10858
5657,0.0192
5658,0.0
5659,0.0
5660,0.0
5661,0.0
5662,0.0
5663,0.0
5664,0.0
5665,0.0
5666,0.0
5667,0.0
5668,0.0
5669,0.0
5670,0.052649999999999995
5671,0.20898
5672,0.33693
5673,0.51158
5674,0.54795
5675,0.62614
5676,0.58861
5677,0.49659
5678,0.25051
5679,0.18284
5680,0.08803
5681,0.02401
5682,0.0
5683,0.0
5684,0.0
5685,0.0
5686,0.0
5687,0.0
5688,0.0
5689,0.0
5690,0.0
5691,0.0
5692,0.0
5693,0.0
5694,0.05206
5695,0.24642
5696,0.4043
5697,0.43394
5698,0.5987899999999999
5699,0.59977
5700,0.5740299999999999
5701,0.44287
5702,0.25606
5703,0.22213
5704,0.10145
5705,0.024399999999999998
5706,0.0
5707,0.0
5708,0.0
5709,0.0
5710,0.0
5711,0.0
5712,0.0
5713,0.0
5714,0.0
5715,0.0
5716,0.0
5717,0.0
5718,0.02402
5719,0.11485
5720,0.21727000000000002
5721,0.38913
5722,0.5131100000000001
5723,0.54657
5724,0.55868
5725,0.36811
5726,0.26483999999999996
5727,0.18725
5728,0.0767
5729,0.01428
5730,0.0
5731,0.0
5732,0.0
5733,0.0
5734,0.0
5735,0.0
5736,0.0
5737,0.0
5738,0.0
5739,0.0
5740,0.0
5741,0.0
5742,0.05396
5743,0.21569999999999998
5744,0.38639999999999997
5745,0.51562
5746,0.59894
5747,0.62187
5748,0.59026
5749,0.5278400000000001
5750,0.37712
5751,0.061939999999999995
5752,0.09676
5753,0.019129999999999998
5754,0.0
5755,0.0
5756,0.0
5757,0.0
5758,0.0
5759,0.0
5760,0.0
5761,0.0
5762,0.0
5763,0.0
5764,0.0
5765,0.0
5766,0.05695
5767,0.18422999999999998
5768,0.3999
5769,0.44633
5770,0.61061
5771,0.61454
5772,0.61983
5773,0.50229
5774,0.21613
5775,0.19516999999999998
5776,0.08487
5777,0.018690000000000002
5778,0.0
5779,0.0
5780,0.0
5781,0.0
5782,0.0
5783,0.0
5784,0.0
5785,0.0
5786,0.0
5787,0.0
5788,0.0
5789,0.0
5790,0.0114
5791,0.08148999999999999
5792,0.28569
5793,0.27531
5794,0.45573
5795,0.4913
5796,0.52235
5797,0.48781
5798,0.39304
5799,0.26758
5800,0.14324
5801,0.02525
5802,0.0
5803,0.0
5804,0.0
5805,0.0
5806,0.0
5807,0.0
5808,0.0
5809,0.0
5810,0.0
5811,0.0
5812,0.0
5813,0.0
5814,0.04109
5815,0.15187
5816,0.31333999999999995
5817,0.45613
5818,0.55584
5819,0.6294
5820,0.6117
5821,0.5530499999999999
5822,0.40106
5823,0.19416
5824,0.12182
5825,0.01973
5826,0.0
5827,0.0
5828,0.0
5829,0.0
5830,0.0
5831,0.0
5832,0.0
5833,0.0
5834,0.0
5835,0.0
5836,0.0
5837,0.0
5838,0.05841
5839,0.22429
5840,0.39748
5841,0.48498
5842,0.64166
5843,0.63151
5844,0.61898
5845,0.45012
5846,0.36915
5847,0.20828
5848,0.12418000000000001
5849,0.02527
5850,0.0
5851,0.0
5852,0.0
5853,0.0
5854,0.0
5855,0.0
5856,0.0
5857,0.0
5858,0.0
5859,0.0
5860,0.0
5861,0.0
5862,0.03614
5863,0.15030000000000002
5864,0.29067000000000004
5865,0.4322
5866,0.53291
5867,0.6283500000000001
5868,0.64974
5869,0.56177
5870,0.36116000000000004
5871,0.23501
5872,0.09537999999999999
5873,0.01687
5874,0.0
5875,0.0
5876,0.0
5877,0.0
5878,0.0
5879,0.0
5880,0.0
5881,0.0
5882,0.0
5883,0.0
5884,0.0
5885,0.0
5886,0.04758
5887,0.18977000000000002
5888,0.31677
5889,0.47579000000000005
5890,0.61287
5891,0.69144
5892,0.65946
5893,0.48474
5894,0.31164
5895,0.20646
5896,0.07645
5897,0.00881
5898,0.0
5899,0.0
5900,0.0
5901,0.0
5902,0.0
5903,0.0
5904,0.0
5905,0.0
5906,0.0
5907,0.0
5908,0.0
5909,0.0
5910,0.00992
5911,0.06369
5912,0.08499
5913,0.13752
5914,0.25456
5915,0.48985
5916,0.45315
5917,0.5125700000000001
5918,0.43714
5919,0.28546
5920,0.13895
5921,0.01604
5922,0.0
5923,0.0
5924,0.0
5925,0.0
5926,0.0
5927,0.0
5928,0.0
5929,0.0
5930,0.0
5931,0.0
5932,0.0
5933,0.0
5934,0.06502
5935,0.26647000000000004
5936,0.41914999999999997
5937,0.48638
5938,0.59116
5939,0.64142
5940,0.6145700000000001
5941,0.47872000000000003
5942,0.42421
5943,0.24577000000000002
5944,0.10492
5945,0.01367
5946,0.0
5947,0.0
5948,0.0
5949,0.0
5950,0.0
5951,0.0
5952,0.0
5953,0.0
5954,0.0
5955,0.0
5956,0.0
5957,0.0
5958,0.03865
5959,0.13983
5960,0.29725
5961,0.39306
5962,0.6249600000000001
5963,0.6545599999999999
5964,0.53252
5965,0.4113
5966,0.29136
5967,0.19386
5968,0.08323
5969,0.011689999999999999
5970,0.0
5971,0.0
5972,0.0
5973,0.0
5974,0.0
5975,0.0
5976,0.0
5977,0.0
5978,0.0
5979,0.0
5980,0.0
5981,0.0
5982,0.03979
5983,0.21056999999999998
5984,0.36502999999999997
5985,0.41119
5986,0.53095
5987,0.49218
5988,0.49097
5989,0.46307
5990,0.33620999999999995
5991,0.20484
5992,0.11771
5993,0.01853
5994,0.0
5995,0.0
5996,0.0
5997,0.0
5998,0.0
5999,0.0
6000,0.0
6001,0.0
6002,0.0
6003,0.0
6004,0.0
6005,0.0
6006,0.05261
6007,0.24281
6008,0.42475999999999997
6009,0.55838
6010,0.6357999999999999
6011,0.53218
6012,0.64812
6013,0.5356000000000001
6014,0.38729
6015,0.22424000000000002
6016,0.10343000000000001
6017,0.01711
6018,0.0
6019,0.0
6020,0.0
6021,0.0
6022,0.0
6023,0.0
6024,0.0
6025,0.0
6026,0.0
6027,0.0
6028,0.0
6029,0.0
6030,0.05974
6031,0.22022999999999998
6032,0.25106
6033,0.44382
6034,0.53907
6035,0.5853700000000001
6036,0.5105
6037,0.36789
6038,0.30845
6039,0.22862000000000002
6040,0.08114
6041,0.00929
6042,0.0
6043,0.0
6044,0.0
6045,0.0
6046,0.0
6047,0.0
6048,0.0
6049,0.0
6050,0.0
6051,0.0
6052,0.0
6053,0.0
6054,0.05771
6055,0.26131
6056,0.44333999999999996
6057,0.5671900000000001
6058,0.61253
6059,0.6514099999999999
6060,0.66428
6061,0.50622
6062,0.44587
6063,0.30410000000000004
6064,0.11942
6065,0.01304
6066,0.0
6067,0.0
6068,0.0
6069,0.0
6070,0.0
6071,0.0
6072,0.0
6073,0.0
6074,0.0
6075,0.0
6076,0.0
6077,0.0
6078,0.04879
6079,0.21075
6080,0.36535
6081,0.46153
6082,0.5394500000000001
6083,0.63935
6084,0.59826
6085,0.44311
6086,0.34191000000000005
6087,0.32604
6088,0.13218000000000002
6089,0.01048
6090,0.0
6091,0.0
6092,0.0
6093,0.0
6094,0.0
6095,0.0
6096,0.0
6097,0.0
6098,0.0
6099,0.0
6100,0.0
6101,0.0
6102,0.03753
6103,0.16388999999999998
6104,0.35461000000000004
6105,0.5036499999999999
6106,0.5887
6107,0.55671
6108,0.6102000000000001
6109,0.5800599999999999
6110,0.47985
6111,0.31605
6112,0.12737
6113,0.01471
6114,0.0
6115,0.0
6116,0.0
6117,0.0
6118,0.0
6119,0.0
6120,0.0
6121,0.0
6122,0.0
6123,0.0
6124,0.0
6125,0.0
6126,0.0505
6127,0.21587
6128,0.42657999999999996
6129,0.51275
6130,0.63126
6131,0.6846599999999999
6132,0.62282
6133,0.5875900000000001
6134,0.46568
6135,0.30622000000000005
6136,0.12267
6137,0.01117
6138,0.0
6139,0.0
6140,0.0
6141,0.0
6142,0.0
6143,0.0
6144,0.0
6145,0.0
6146,0.0
6147,0.0
6148,0.0
6149,0.0
6150,0.04498
6151,0.18219
6152,0.23252
6153,0.22594999999999998
6154,0.45539999999999997
6155,0.48571
6156,0.50168
6157,0.50839
6158,0.42085
6159,0.2655
6160,0.12523
6161,0.01221
6162,0.0
6163,0.0
6164,0.0
6165,0.0
6166,0.0
6167,0.0
6168,0.0
6169,0.0
6170,0.0
6171,0.0
6172,0.0
6173,0.0
6174,0.06823
6175,0.2455
6176,0.46297000000000005
6177,0.57604
6178,0.6647000000000001
6179,0.69521
6180,0.67472
6181,0.5821900000000001
6182,0.419
6183,0.25238
6184,0.10923000000000001
6185,0.01812
6186,0.0
6187,0.0
6188,0.0
6189,0.0
6190,0.0
6191,0.0
6192,0.0
6193,0.0
6194,0.0
6195,0.0
6196,0.0
6197,0.0
6198,0.04051
6199,0.21875999999999998
6200,0.39812000000000003
6201,0.51919
6202,0.54702
6203,0.6279
6204,0.63558
6205,0.57364
6206,0.32227
6207,0.14823
6208,0.06687
6209,0.00898
6210,0.0
6211,0.0
6212,0.0
6213,0.0
6214,0.0
6215,0.0
6216,0.0
6217,0.0
6218,0.0
6219,0.0
6220,0.0
6221,0.0
6222,0.04457
6223,0.22116999999999998
6224,0.33182999999999996
6225,0.50716
6226,0.61702
6227,0.67518
6228,0.69653
6229,0.51524
6230,0.47232
6231,0.2783
6232,0.13361
6233,0.01048
6234,0.0
6235,0.0
6236,0.0
6237,0.0
6238,0.0
6239,0.0
6240,0.0
6241,0.0
6242,0.0
6243,0.0
6244,0.0
6245,0.0
6246,0.0632
6247,0.20681
6248,0.31994
6249,0.38168
6250,0.5802999999999999
6251,0.59038
6252,0.56759
6253,0.53862
6254,0.36110000000000003
6255,0.24987
6256,0.11892
6257,0.01
6258,0.0
6259,0.0
6260,0.0
6261,0.0
6262,0.0
6263,0.0
6264,0.0
6265,0.0
6266,0.0
6267,0.0
6268,0.0
6269,0.0
6270,0.01299
6271,0.0989
6272,0.27182
6273,0.38292000000000004
6274,0.50947
6275,0.47116
6276,0.43162
6277,0.41928
6278,0.26974000000000004
6279,0.1724
6280,0.08645
6281,0.008230000000000001
6282,0.0
6283,0.0
6284,0.0
6285,0.0
6286,0.0
6287,0.0
6288,0.0
6289,0.0
6290,0.0
6291,0.0
6292,0.0
6293,0.0
6294,0.07962000000000001
6295,0.27431
6296,0.45882
6297,0.5408099999999999
6298,0.63648
6299,0.66987
6300,0.6402599999999999
6301,0.5831900000000001
6302,0.42172000000000004
6303,0.23918
6304,0.13038
6305,0.0096
6306,0.0
6307,0.0
6308,0.0
6309,0.0
6310,0.0
6311,0.0
6312,0.0
6313,0.0
6314,0.0
6315,0.0
6316,0.0
6317,0.0
6318,0.0838
6319,0.29829
6320,0.48014
6321,0.62499
6322,0.6991900000000001
6323,0.73003
6324,0.6927300000000001
6325,0.52904
6326,0.5106499999999999
6327,0.3368
6328,0.12884
6329,0.0029500000000000004
6330,0.0
6331,0.0
6332,0.0
6333,0.0
6334,0.0
6335,0.0
6336,0.0
6337,0.0
6338,0.0
6339,0.0
6340,0.0
6341,0.0
6342,0.08227
6343,0.29423
6344,0.42782
6345,0.52285
6346,0.6383
6347,0.7273
6348,0.6739299999999999
6349,0.58292
6350,0.44138
6351,0.26849
6352,0.11073000000000001
6353,0.011689999999999999
6354,0.0
6355,0.0
6356,0.0
6357,0.0
6358,0.0
6359,0.0
6360,0.0
6361,0.0
6362,0.0
6363,0.0
6364,0.0
6365,0.0
6366,0.059
6367,0.26587
6368,0.46735000000000004
6369,0.56112
6370,0.64722
6371,0.6564
6372,0.6780700000000001
6373,0.56347
6374,0.43122000000000005
6375,0.27931
6376,0.11420999999999999
6377,0.00762
6378,0.0
6379,0.0
6380,0.0
6381,0.0
6382,0.0
6383,0.0
6384,0.0
6385,0.0
6386,0.0
6387,0.0
6388,0.0
6389,0.0
6390,0.0391
6391,0.17439
6392,0.24958000000000002
6393,0.44695999999999997
6394,0.5609
6395,0.595
6396,0.6264299999999999
6397,0.54887
6398,0.37411
6399,0.24412
6400,0.06455
6401,0.00819
6402,0.0
6403,0.0
6404,0.0
6405,0.0
6406,0.0
6407,0.0
6408,0.0
6409,0.0
6410,0.0
6411,0.0
6412,0.0
6413,0.0
6414,0.08512
6415,0.28626999999999997
6416,0.45976
6417,0.53363
6418,0.59609
6419,0.59454
6420,0.377
6421,0.27849
6422,0.32094
6423,0.23652
6424,0.10733
6425,0.01201
6426,0.0
6427,0.0
6428,0.0
6429,0.0
6430,0.0
6431,0.0
6432,0.0
6433,0.0
6434,0.0
6435,0.0
6436,0.0
6437,0.0
6438,0.0037
6439,0.03289
6440,0.13633
6441,0.28452
6442,0.36728
6443,0.40432
6444,0.5470900000000001
6445,0.16340000000000002
6446,0.08867
6447,0.05521
6448,0.04829
6449,0.006679999999999999
6450,0.0
6451,0.0
6452,0.0
6453,0.0
6454,0.0
6455,0.0
6456,0.0
6457,0.0
6458,0.0
6459,0.0
6460,0.0
6461,0.0
6462,0.03774
6463,0.16847
6464,0.26383999999999996
6465,0.28548
6466,0.36617
6467,0.51185
6468,0.56545
6469,0.54341
6470,0.36213999999999996
6471,0.16427
6472,0.02634
6473,0.00426
6474,0.0
6475,0.0
6476,0.0
6477,0.0
6478,0.0
6479,0.0
6480,0.0
6481,0.0
6482,0.0
6483,0.0
6484,0.0
6485,0.0
6486,0.02215
6487,0.11939
6488,0.24428
6489,0.46482999999999997
6490,0.49495999999999996
6491,0.59285
6492,0.6041
6493,0.19029
6494,0.10987999999999999
6495,0.12687
6496,0.06966
6497,0.008960000000000001
6498,0.0
6499,0.0
6500,0.0
6501,0.0
6502,0.0
6503,0.0
6504,0.0
6505,0.0
6506,0.0
6507,0.0
6508,0.0
6509,0.0
6510,0.03842
6511,0.21372
6512,0.40023000000000003
6513,0.5222100000000001
6514,0.47351
6515,0.54491
6516,0.55444
6517,0.51928
6518,0.34243
6519,0.17817
6520,0.08835
6521,0.0069299999999999995
6522,0.0
6523,0.0
6524,0.0
6525,0.0
6526,0.0
6527,0.0
6528,0.0
6529,0.0
6530,0.0
6531,0.0
6532,0.0
6533,0.0
6534,0.03188
6535,0.199
6536,0.32067
6537,0.515
6538,0.59117
6539,0.65012
6540,0.6406799999999999
6541,0.5649299999999999
6542,0.40820999999999996
6543,0.21278999999999998
6544,0.08055
6545,0.00594
6546,0.0
6547,0.0
6548,0.0
6549,0.0
6550,0.0
6551,0.0
6552,0.0
6553,0.0
6554,0.0
6555,0.0
6556,0.0
6557,0.0
6558,0.03385
6559,0.18093
6560,0.33987
6561,0.46995
6562,0.60465
6563,0.56935
6564,0.51637
6565,0.34632
6566,0.24606999999999998
6567,0.15755000000000002
6568,0.09029000000000001
6569,0.008060000000000001
6570,0.0
6571,0.0
6572,0.0
6573,0.0
6574,0.0
6575,0.0
6576,0.0
6577,0.0
6578,0.0
6579,0.0
6580,0.0
6581,0.0
6582,0.08853
6583,0.25297
6584,0.39517
6585,0.60261
6586,0.60827
6587,0.70389
6588,0.67713
6589,0.58887
6590,0.45402
6591,0.27818
6592,0.11858
6593,0.00166
6594,0.0
6595,0.0
6596,0.0
6597,0.0
6598,0.0
6599,0.0
6600,0.0
6601,0.0
6602,0.0
6603,0.0
6604,0.0
6605,0.0
6606,0.09003
6607,0.26183999999999996
6608,0.46381
6609,0.6124299999999999
6610,0.67418
6611,0.6709299999999999
6612,0.63186
6613,0.603
6614,0.42337
6615,0.26493
6616,0.07920999999999999
6617,0.00463
6618,0.0
6619,0.0
6620,0.0
6621,0.0
6622,0.0
6623,0.0
6624,0.0
6625,0.0
6626,0.0
6627,0.0
6628,0.0
6629,0.0
6630,0.01719
6631,0.09813
6632,0.23818999999999999
6633,0.41296
6634,0.54349
6635,0.53207
6636,0.5004
6637,0.18236000000000002
6638,0.1196
6639,0.12367
6640,0.02711
6641,0.00364
6642,0.0
6643,0.0
6644,0.0
6645,0.0
6646,0.0
6647,0.0
6648,0.0
6649,0.0
6650,0.0
6651,0.0
6652,0.0
6653,0.0
6654,0.03871
6655,0.13668
6656,0.28379000000000004
6657,0.27870999999999996
6658,0.33388
6659,0.42635
6660,0.48334
6661,0.456
6662,0.35032
6663,0.24408000000000002
6664,0.11737
6665,0.00734
6666,0.0
6667,0.0
6668,0.0
6669,0.0
6670,0.0
6671,0.0
6672,0.0
6673,0.0
6674,0.0
6675,0.0
6676,0.0
6677,0.0
6678,0.07962999999999999
6679,0.27829000000000004
6680,0.48224
6681,0.62934
6682,0.69686
6683,0.6916599999999999
6684,0.6837000000000001
6685,0.6262300000000001
6686,0.49281
6687,0.27446
6688,0.11727
6689,0.00579
6690,0.0
6691,0.0
6692,0.0
6693,0.0
6694,0.0
6695,0.0
6696,0.0
6697,0.0
6698,0.0
6699,0.0
6700,0.0
6701,0.0
6702,0.061649999999999996
6703,0.16543
6704,0.36301
6705,0.46238
6706,0.54898
6707,0.57163
6708,0.52758
6709,0.37971
6710,0.24097
6711,0.2056
6712,0.0719
6713,0.00638
6714,0.0
6715,0.0
6716,0.0
6717,0.0
6718,0.0
6719,0.0
6720,0.0
6721,0.0
6722,0.0
6723,0.0
6724,0.0
6725,0.0
6726,0.06894
6727,0.23867
6728,0.42805
6729,0.5184
6730,0.56786
6731,0.61061
6732,0.52432
6733,0.38239
6734,0.24174
6735,0.09209999999999999
6736,0.03345
6737,0.0034
6738,0.0
6739,0.0
6740,0.0
6741,0.0
6742,0.0
6743,0.0
6744,0.0
6745,0.0
6746,0.0
6747,0.0
6748,0.0
6749,0.0
6750,0.06544
6751,0.23366
6752,0.42847
6753,0.59461
6754,0.65962
6755,0.72076
6756,0.6639400000000001
6757,0.57199
6758,0.44533999999999996
6759,0.29418
6760,0.09936
6761,0.00457
6762,0.0
6763,0.0
6764,0.0
6765,0.0
6766,0.0
6767,0.0
6768,0.0
6769,0.0
6770,0.0
6771,0.0
6772,0.0
6773,0.0
6774,0.046979999999999994
6775,0.14817
6776,0.14821
6777,0.16069999999999998
6778,0.16201
6779,0.18209999999999998
6780,0.19113999999999998
6781,0.3276
6782,0.28438
6783,0.22036
6784,0.08533
6785,0.005690000000000001
6786,0.0
6787,0.0
6788,0.0
6789,0.0
6790,0.0
6791,0.0
6792,0.0
6793,0.0
6794,0.0
6795,0.0
6796,0.0
6797,0.0
6798,0.0185
6799,0.11635
6800,0.25539
6801,0.34564
6802,0.35745
6803,0.38816
6804,0.4234
6805,0.33362
6806,0.32155
6807,0.18932
6808,0.07658
6809,0.00425
6810,0.0
6811,0.0
6812,0.0
6813,0.0
6814,0.0
6815,0.0
6816,0.0
6817,0.0
6818,0.0
6819,0.0
6820,0.0
6821,0.0
6822,0.08781
6823,0.30878
6824,0.49157
6825,0.60145
6826,0.64455
6827,0.6987599999999999
6828,0.59561
6829,0.58708
6830,0.41869
6831,0.23918
6832,0.08551
6833,0.0039900000000000005
6834,0.0
6835,0.0
6836,0.0
6837,0.0
6838,0.0
6839,0.0
6840,0.0
6841,0.0
6842,0.0
6843,0.0
6844,0.0
6845,0.0
6846,0.03132
6847,0.11797
6848,0.25735
6849,0.37993
6850,0.4005
6851,0.58415
6852,0.59626
6853,0.32639999999999997
6854,0.2233
6855,0.10316
6856,0.061520000000000005
6857,0.0037400000000000003
6858,0.0
6859,0.0
6860,0.0
6861,0.0
6862,0.0
6863,0.0
6864,0.0
6865,0.0
6866,0.0
6867,0.0
6868,0.0
6869,0.0
6870,0.05603
6871,0.19781
6872,0.34385000000000004
6873,0.37307
6874,0.53999
6875,0.61519
6876,0.51581
6877,0.39912000000000003
6878,0.3033
6879,0.19691
6880,0.06942
6881,0.00298
6882,0.0
6883,0.0
6884,0.0
6885,0.0
6886,0.0
6887,0.0
6888,0.0
6889,0.0
6890,0.0
6891,0.0
6892,0.0
6893,0.0
6894,0.037020000000000004
6895,0.24577000000000002
6896,0.41864999999999997
6897,0.58262
6898,0.6627000000000001
6899,0.68172
6900,0.64566
6901,0.57759
6902,0.3743
6903,0.13329
6904,0.05944
6905,0.0023799999999999997
6906,0.0
6907,0.0
6908,0.0
6909,0.0
6910,0.0
6911,0.0
6912,0.0
6913,0.0
6914,0.0
6915,0.0
6916,0.0
6917,0.0
6918,0.0096
6919,0.11588
6920,0.18927000000000002
6921,0.34542
6922,0.59654
6923,0.68364
6924,0.6133500000000001
6925,0.27756000000000003
6926,0.14011
6927,0.056060000000000006
6928,0.016890000000000002
6929,0.0011200000000000001
6930,0.0
6931,0.0
6932,0.0
6933,0.0
6934,0.0
6935,0.0
6936,0.0
6937,0.0
6938,0.0
6939,0.0
6940,0.0
6941,0.0
6942,0.08191
6943,0.24334999999999998
6944,0.40942
6945,0.4929
6946,0.65296
6947,0.6792
6948,0.63482
6949,0.5498099999999999
6950,0.37745
6951,0.1028
6952,0.06828000000000001
6953,0.00326
6954,0.0
6955,0.0
6956,0.0
6957,0.0
6958,0.0
6959,0.0
6960,0.0
6961,0.0
6962,0.0
6963,0.0
6964,0.0
6965,0.0
6966,0.09747
6967,0.29592
6968,0.49799
6969,0.61073
6970,0.65911
6971,0.65923
6972,0.57663
6973,0.59273
6974,0.48067000000000004
6975,0.29420999999999997
6976,0.11771
6977,0.0037099999999999998
6978,0.0
6979,0.0
6980,0.0
6981,0.0
6982,0.0
6983,0.0
6984,0.0
6985,0.0
6986,0.0
6987,0.0
6988,0.0
6989,0.0
6990,0.09728
6991,0.29452
6992,0.48752999999999996
6993,0.6147999999999999
6994,0.65277
6995,0.70554
6996,0.6688500000000001
6997,0.48164
6998,0.26188
6999,0.10382
7000,0.04593
7001,0.00041999999999999996
7002,0.0
7003,0.0
7004,0.0
7005,0.0
7006,0.0
7007,0.0
7008,0.0
7009,0.0
7010,0.0
7011,0.0
7012,0.0
7013,0.0
7014,0.08054
7015,0.24245
7016,0.38195999999999997
7017,0.53613
7018,0.5947100000000001
7019,0.6406499999999999
7020,0.62006
7021,0.47956
7022,0.29386
7023,0.18568
7024,0.07238
7025,0.00311
7026,0.0
7027,0.0
7028,0.0
7029,0.0
7030,0.0
7031,0.0
7032,0.0
7033,0.0
7034,0.0
7035,0.0
7036,0.0
7037,0.0
7038,0.02585
7039,0.13666999999999999
7040,0.22290000000000001
7041,0.38205
7042,0.53228
7043,0.5608500000000001
7044,0.50966
7045,0.40523000000000003
7046,0.29349000000000003
7047,0.11952
7048,0.047920000000000004
7049,0.00246
7050,0.0
7051,0.0
7052,0.0
7053,0.0
7054,0.0
7055,0.0
7056,0.0
7057,0.0
7058,0.0
7059,0.0
7060,0.0
7061,0.0
7062,0.027149999999999997
7063,0.15518
7064,0.28907
7065,0.42563999999999996
7066,0.42121
7067,0.43892000000000003
7068,0.45891000000000004
7069,0.26129
7070,0.27005
7071,0.12725
7072,0.044969999999999996
7073,0.00078
7074,0.0
7075,0.0
7076,0.0
7077,0.0
7078,0.0
7079,0.0
7080,0.0
7081,0.0
7082,0.0
7083,0.0
7084,0.0
7085,0.0
7086,0.03302
7087,0.18278
7088,0.32729
7089,0.46505
7090,0.57627
7091,0.6951
7092,0.65224
7093,0.5871799999999999
7094,0.36252999999999996
7095,0.25881
7096,0.09908
7097,0.0039
7098,0.0
7099,0.0
7100,0.0
7101,0.0
7102,0.0
7103,0.0
7104,0.0
7105,0.0
7106,0.0
7107,0.0
7108,0.0
7109,0.0
7110,0.08184000000000001
7111,0.25472
7112,0.46792
7113,0.5140399999999999
7114,0.61734
7115,0.62688
7116,0.4466
7117,0.55341
7118,0.36484
7119,0.21524000000000001
7120,0.07019
7121,0.00277
7122,0.0
7123,0.0
7124,0.0
7125,0.0
7126,0.0
7127,0.0
7128,0.0
7129,0.0
7130,0.0
7131,0.0
7132,0.0
7133,0.0
7134,0.06616
7135,0.29560000000000003
7136,0.48685
7137,0.59481
7138,0.64746
7139,0.6798099999999999
7140,0.63881
7141,0.62486
7142,0.49760000000000004
7143,0.26708
7144,0.10723999999999999
7145,0.00202
7146,0.0
7147,0.0
7148,0.0
7149,0.0
7150,0.0
7151,0.0
7152,0.0
7153,0.0
7154,0.0
7155,0.0
7156,0.0
7157,0.0
7158,0.06826
7159,0.25679
7160,0.40388999999999997
7161,0.48919999999999997
7162,0.62126
7163,0.69337
7164,0.63309
7165,0.4679
7166,0.42705
7167,0.284
7168,0.09458
7169,0.00186
7170,0.0
7171,0.0
7172,0.0
7173,0.0
7174,0.0
7175,0.0
7176,0.0
7177,0.0
7178,0.0
7179,0.0
7180,0.0
7181,0.0
7182,0.09344
7183,0.26302
7184,0.30139
7185,0.45095999999999997
7186,0.50922
7187,0.6851900000000001
7188,0.65565
7189,0.5950700000000001
7190,0.37187
7191,0.21389
7192,0.07547
7193,0.00182
7194,0.0
7195,0.0
7196,0.0
7197,0.0
7198,0.0
7199,0.0
7200,0.0
7201,0.0
7202,0.0
7203,0.0
7204,0.0
7205,0.0
7206,0.052
7207,0.23539
7208,0.37367
7209,0.59101
7210,0.63271
7211,0.65113
7212,0.6104400000000001
7213,0.51249
7214,0.41346
7215,0.24911000000000003
7216,0.08287
7217,0.00147
7218,0.0
7219,0.0
7220,0.0
7221,0.0
7222,0.0
7223,0.0
7224,0.0
7225,0.0
7226,0.0
7227,0.0
7228,0.0
7229,0.0
7230,0.05987
7231,0.2527
7232,0.48960000000000004
7233,0.60614
7234,0.6774
7235,0.71882
7236,0.6881799999999999
7237,0.55761
7238,0.50197
7239,0.29502
7240,0.09774
7241,0.0014
7242,0.0
7243,0.0
7244,0.0
7245,0.0
7246,0.0
7247,0.0
7248,0.0
7249,0.0
7250,0.0
7251,0.0
7252,0.0
7253,0.0
7254,0.08043
7255,0.14724
7256,0.40029000000000003
7257,0.49119999999999997
7258,0.6151599999999999
7259,0.70433
7260,0.6324299999999999
7261,0.57192
7262,0.47333
7263,0.16615
7264,0.08606
7265,0.00103
7266,0.0
7267,0.0
7268,0.0
7269,0.0
7270,0.0
7271,0.0
7272,0.0
7273,0.0
7274,0.0
7275,0.0
7276,0.0
7277,0.0
7278,0.07684
7279,0.26118
7280,0.43579
7281,0.60335
7282,0.6552100000000001
7283,0.67962
7284,0.68521
7285,0.6043999999999999
7286,0.38126
7287,0.24796
7288,0.09370999999999999
7289,0.0013700000000000001
7290,0.0
7291,0.0
7292,0.0
7293,0.0
7294,0.0
7295,0.0
7296,0.0
7297,0.0
7298,0.0
7299,0.0
7300,0.0
7301,0.0
7302,0.06299
7303,0.24711000000000002
7304,0.38394
7305,0.44977999999999996
7306,0.53091
7307,0.58476
7308,0.54857
7309,0.36828
7310,0.26479
7311,0.1388
7312,0.04455
7313,0.0007700000000000001
7314,0.0
7315,0.0
7316,0.0
7317,0.0
7318,0.0
7319,0.0
7320,0.0
7321,0.0
7322,0.0
7323,0.0
7324,0.0
7325,0.0
7326,0.07072
7327,0.25815
7328,0.47036
7329,0.5327200000000001
7330,0.63993
7331,0.64779
7332,0.6212000000000001
7333,0.41367000000000004
7334,0.27932999999999997
7335,0.17787
7336,0.09897
7337,0.0009699999999999999
7338,0.0
7339,0.0
7340,0.0
7341,0.0
7342,0.0
7343,0.0
7344,0.0
7345,0.0
7346,0.0
7347,0.0
7348,0.0
7349,0.0
7350,0.0621
7351,0.15659
7352,0.31482
7353,0.61065
7354,0.67006
7355,0.6431399999999999
7356,0.62294
7357,0.49313999999999997
7358,0.34743999999999997
7359,0.11239
7360,0.046340000000000006
7361,0.00109
7362,0.0
7363,0.0
7364,0.0
7365,0.0
7366,0.0
7367,0.0
7368,0.0
7369,0.0
7370,0.0
7371,0.0
7372,0.0
7373,0.0
7374,0.06612
7375,0.2695
7376,0.38283999999999996
7377,0.51786
7378,0.60688
7379,0.62475
7380,0.50137
7381,0.46487
7382,0.26907
7383,0.15294999999999997
7384,0.03484
7385,0.00037
7386,0.0
7387,0.0
7388,0.0
7389,0.0
7390,0.0
7391,0.0
7392,0.0
7393,0.0
7394,0.0
7395,0.0
7396,0.0
7397,0.0
7398,0.036899999999999995
7399,0.14166
7400,0.3044
7401,0.35594
7402,0.5500700000000001
7403,0.61168
7404,0.60121
7405,0.43244
7406,0.40224
7407,0.26406999999999997
7408,0.07223
7409,0.0005600000000000001
7410,0.0
7411,0.0
7412,0.0
7413,0.0
7414,0.0
7415,0.0
7416,0.0
7417,0.0
7418,0.0
7419,0.0
7420,0.0
7421,0.0
7422,0.06947
7423,0.27252
7424,0.31095999999999996
7425,0.46596
7426,0.42634
7427,0.5544
7428,0.58841
7429,0.52263
7430,0.39174000000000003
7431,0.23405
7432,0.08526
7433,0.00131
7434,0.0
7435,0.0
7436,0.0
7437,0.0
7438,0.0
7439,0.0
7440,0.0
7441,0.0
7442,0.0
7443,0.0
7444,0.0
7445,0.0
7446,0.00466
7447,0.05726
7448,0.10552
7449,0.20266
7450,0.32706999999999997
7451,0.47864
7452,0.28258
7453,0.25329
7454,0.14753
7455,0.09784999999999999
7456,0.03979
7457,0.0
7458,0.0
7459,0.0
7460,0.0
7461,0.0
7462,0.0
7463,0.0
7464,0.0
7465,0.0
7466,0.0
7467,0.0
7468,0.0
7469,0.0
7470,0.03204
7471,0.13504
7472,0.28852
7473,0.34218
7474,0.41046
7475,0.418
7476,0.39851
7477,0.46766
7478,0.38833
7479,0.14119
7480,0.046700000000000005
7481,0.0
7482,0.0
7483,0.0
7484,0.0
7485,0.0
7486,0.0
7487,0.0
7488,0.0
7489,0.0
7490,0.0
7491,0.0
7492,0.0
7493,0.0
7494,0.10181
7495,0.31105
7496,0.47856
7497,0.61851
7498,0.66106
7499,0.6851799999999999
7500,0.6568200000000001
7501,0.5225700000000001
7502,0.43139
7503,0.25575
7504,0.05443
7505,0.0
7506,0.0
7507,0.0
7508,0.0
7509,0.0
7510,0.0
7511,0.0
7512,0.0
7513,0.0
7514,0.0
7515,0.0
7516,0.0
7517,0.0
7518,0.04684000000000001
7519,0.18271
7520,0.33416
7521,0.38206
7522,0.51715
7523,0.36688
7524,0.49654000000000004
7525,0.52552
7526,0.36837000000000003
7527,0.27905
7528,0.0984
7529,0.0
7530,0.0
7531,0.0
7532,0.0
7533,0.0
7534,0.0
7535,0.0
7536,0.0
7537,0.0
7538,0.0
7539,0.0
7540,0.0
7541,0.0
7542,0.08416
7543,0.25177
7544,0.42917
7545,0.50452
7546,0.6023
7547,0.6886599999999999
7548,0.67588
7549,0.61263
7550,0.45970999999999995
7551,0.30810000000000004
7552,0.10427
7553,0.0
7554,0.0
7555,0.0
7556,0.0
7557,0.0
7558,0.0
7559,0.0
7560,0.0
7561,0.0
7562,0.0
7563,0.0
7564,0.0
7565,0.0
7566,0.08618
7567,0.31851999999999997
7568,0.50111
7569,0.62798
7570,0.68333
7571,0.72324
7572,0.67247
7573,0.61407
7574,0.45322
7575,0.29973
7576,0.1042
7577,0.0
7578,0.0
7579,0.0
7580,0.0
7581,0.0
7582,0.0
7583,0.0
7584,0.0
7585,0.0
7586,0.0
7587,0.0
7588,0.0
7589,0.0
7590,0.07244
7591,0.24974000000000002
7592,0.40904
7593,0.57792
7594,0.63019
7595,0.65308
7596,0.61612
7597,0.54873
7598,0.41622000000000003
7599,0.21763
7600,0.06620999999999999
7601,0.0
7602,0.0
7603,0.0
7604,0.0
7605,0.0
7606,0.0
7607,0.0
7608,0.0
7609,0.0
7610,0.0
7611,0.0
7612,0.0
7613,0.0
7614,0.05193
7615,0.21187
7616,0.35628
7617,0.48446
7618,0.6316499999999999
7619,0.44474
7620,0.43165
7621,0.43049
7622,0.39886
7623,0.21771000000000001
7624,0.07678
7625,0.0
7626,0.0
7627,0.0
7628,0.0
7629,0.0
7630,0.0
7631,0.0
7632,0.0
7633,0.0
7634,0.0
7635,0.0
7636,0.0
7637,0.0
7638,0.05835
7639,0.22597
7640,0.31579
7641,0.45058
7642,0.5453600000000001
7643,0.67213
7644,0.5199400000000001
7645,0.42323
7646,0.36369999999999997
7647,0.24309999999999998
7648,0.07127
7649,0.0
7650,0.0
7651,0.0
7652,0.0
7653,0.0
7654,0.0
7655,0.0
7656,0.0
7657,0.0
7658,0.0
7659,0.0
7660,0.0
7661,0.0
7662,0.09626
7663,0.30267
7664,0.46679000000000004
7665,0.60066
7666,0.6664500000000001
7667,0.68384
7668,0.63482
7669,0.5718
7670,0.35593
7671,0.22869
7672,0.07845
7673,0.0
7674,0.0
7675,0.0
7676,0.0
7677,0.0
7678,0.0
7679,0.0
7680,0.0
7681,0.0
7682,0.0
7683,0.0
7684,0.0
7685,0.0
7686,0.08599
7687,0.28152
7688,0.44312999999999997
7689,0.58614
7690,0.69316
7691,0.70943
7692,0.69314
7693,0.55725
7694,0.4417
7695,0.29381
7696,0.09565
7697,0.0
7698,0.0
7699,0.0
7700,0.0
7701,0.0
7702,0.0
7703,0.0
7704,0.0
7705,0.0
7706,0.0
7707,0.0
7708,0.0
7709,0.0
7710,0.07454000000000001
7711,0.26597000000000004
7712,0.31439
7713,0.49883999999999995
7714,0.57831
7715,0.60915
7716,0.6517999999999999
7717,0.5621
7718,0.43532
7719,0.31188
7720,0.11548
7721,0.0
7722,0.0
7723,0.0
7724,0.0
7725,0.0
7726,0.0
7727,0.0
7728,0.0
7729,0.0
7730,0.0
7731,0.0
7732,0.0
7733,0.0
7734,0.0876
7735,0.26369
7736,0.41399
7737,0.57927
7738,0.62947
7739,0.6820499999999999
7740,0.6333799999999999
7741,0.5591499999999999
7742,0.39635000000000004
7743,0.26049
7744,0.08466
7745,0.0
7746,0.0
7747,0.0
7748,0.0
7749,0.0
7750,0.0
7751,0.0
7752,0.0
7753,0.0
7754,0.0
7755,0.0
7756,0.0
7757,0.0
7758,0.09236
7759,0.26543
7760,0.49086
7761,0.58902
7762,0.6647799999999999
7763,0.71645
7764,0.59209
7765,0.52027
7766,0.40858999999999995
7767,0.21065
7768,0.08668000000000001
7769,0.0
7770,0.0
7771,0.0
7772,0.0
7773,0.0
7774,0.0
7775,0.0
7776,0.0
7777,0.0
7778,0.0
7779,0.0
7780,0.0
7781,0.0
7782,0.06711
7783,0.25774
7784,0.43084
7785,0.5879099999999999
7786,0.65901
7787,0.6214500000000001
7788,0.62805
7789,0.53298
7790,0.4651
7791,0.26988999999999996
7792,0.10357999999999999
7793,0.0
7794,0.0
7795,0.0
7796,0.0
7797,0.0
7798,0.0
7799,0.0
7800,0.0
7801,0.0
7802,0.0
7803,0.0
7804,0.0
7805,0.0
7806,0.0677
7807,0.18031
7808,0.32266
7809,0.47398
7810,0.57705
7811,0.6842999999999999
7812,0.67612
7813,0.6125
7814,0.44863
7815,0.27548
7816,0.11376
7817,0.0
7818,0.0
7819,0.0
7820,0.0
7821,0.0
7822,0.0
7823,0.0
7824,0.0
7825,0.0
7826,0.0
7827,0.0
7828,0.0
7829,0.0
7830,0.04808
7831,0.13041
7832,0.23063999999999998
7833,0.33605
7834,0.53615
7835,0.52949
7836,0.51752
7837,0.5747599999999999
7838,0.41301
7839,0.26081
7840,0.09887
7841,0.0
7842,0.0
7843,0.0
7844,0.0
7845,0.0
7846,0.0
7847,0.0
7848,0.0
7849,0.0
7850,0.0
7851,0.0
7852,0.0
7853,0.0
7854,0.05232
7855,0.16721
7856,0.36064999999999997
7857,0.49873
7858,0.64686
7859,0.57392
7860,0.52374
7861,0.48516000000000004
7862,0.29622000000000004
7863,0.16704
7864,0.05822
7865,0.0
7866,0.0
7867,0.0
7868,0.0
7869,0.0
7870,0.0
7871,0.0
7872,0.0
7873,0.0
7874,0.0
7875,0.0
7876,0.0
7877,0.0
7878,0.06147
7879,0.22987
7880,0.41376999999999997
7881,0.5739099999999999
7882,0.57236
7883,0.65686
7884,0.6236499999999999
7885,0.47657
7886,0.42357999999999996
7887,0.23691
7888,0.0828
7889,0.0
7890,0.0
7891,0.0
7892,0.0
7893,0.0
7894,0.0
7895,0.0
7896,0.0
7897,0.0
7898,0.0
7899,0.0
7900,0.0
7901,0.0
7902,0.06656999999999999
7903,0.27224
7904,0.36046
7905,0.49291
7906,0.56467
7907,0.67277
7908,0.5885900000000001
7909,0.5797899999999999
7910,0.44617
7911,0.26343
7912,0.09929
7913,0.0
7914,0.0
7915,0.0
7916,0.0
7917,0.0
7918,0.0
7919,0.0
7920,0.0
7921,0.0
7922,0.0
7923,0.0
7924,0.0
7925,0.0
7926,0.06071
7927,0.20492
7928,0.41086
7929,0.50678
7930,0.59268
7931,0.56487
7932,0.68222
7933,0.49417
7934,0.32763
7935,0.25716
7936,0.08181999999999999
7937,0.00092
7938,0.0
7939,0.0
7940,0.0
7941,0.0
7942,0.0
7943,0.0
7944,0.0
7945,0.0
7946,0.0
7947,0.0
7948,0.0
7949,0.0
7950,0.0742
7951,0.26106
7952,0.40670999999999996
7953,0.4746
7954,0.62048
7955,0.6868099999999999
7956,0.61317
7957,0.50383
7958,0.39949
7959,0.2735
7960,0.1047
7961,0.00078
7962,0.0
7963,0.0
7964,0.0
7965,0.0
7966,0.0
7967,0.0
7968,0.0
7969,0.0
7970,0.0
7971,0.0
7972,0.0
7973,0.0
7974,0.0501
7975,0.2557
7976,0.38822
7977,0.57902
7978,0.68638
7979,0.69123
7980,0.61314
7981,0.50885
7982,0.45994999999999997
7983,0.3009
7984,0.11206
7985,0.00026000000000000003
7986,0.0
7987,0.0
7988,0.0
7989,0.0
7990,0.0
7991,0.0
7992,0.0
7993,0.0
7994,0.0
7995,0.0
7996,0.0
7997,0.0
7998,0.08891
7999,0.29127
8000,0.39986
8001,0.62402
8002,0.6372899999999999
8003,0.6698500000000001
8004,0.6840700000000001
8005,0.53392
8006,0.45159
8007,0.31264
8008,0.08416
8009,0.00046
8010,0.0
8011,0.0
8012,0.0
8013,0.0
8014,0.0
8015,0.0
8016,0.0
8017,0.0
8018,0.0
8019,0.0
8020,0.0
8021,0.0
8022,0.08349
8023,0.29604
8024,0.47231
8025,0.60302
8026,0.65759
8027,0.678
8028,0.65525
8029,0.5767899999999999
8030,0.47182
8031,0.2864
8032,0.12259
8033,0.00068
8034,0.0
8035,0.0
8036,0.0
8037,0.0
8038,0.0
8039,0.0
8040,0.0
8041,0.0
8042,0.0
8043,0.0
8044,0.0
8045,0.0
8046,0.06672
8047,0.26466
8048,0.46020999999999995
8049,0.5498200000000001
8050,0.69989
8051,0.68877
8052,0.64348
8053,0.59623
8054,0.48258
8055,0.29168
8056,0.11581999999999999
8057,0.00108
8058,0.0
8059,0.0
8060,0.0
8061,0.0
8062,0.0
8063,0.0
8064,0.0
8065,0.0
8066,0.0
8067,0.0
8068,0.0
8069,0.0
8070,0.0569
8071,0.2048
8072,0.44051999999999997
8073,0.59074
8074,0.67349
8075,0.6817300000000001
8076,0.64424
8077,0.54784
8078,0.39105
8079,0.21203999999999998
8080,0.055009999999999996
8081,0.00189
8082,0.0
8083,0.0
8084,0.0
8085,0.0
8086,0.0
8087,0.0
8088,0.0
8089,0.0
8090,0.0
8091,0.0
8092,0.0
8093,0.0
8094,0.03935
8095,0.1998
8096,0.34997
8097,0.5185700000000001
8098,0.63139
8099,0.6487999999999999
8100,0.6166200000000001
8101,0.5455399999999999
8102,0.40042
8103,0.251
8104,0.09237000000000001
8105,0.0020499999999999997
8106,0.0
8107,0.0
8108,0.0
8109,0.0
8110,0.0
8111,0.0
8112,0.0
8113,0.0
8114,0.0
8115,0.0
8116,0.0
8117,0.0
8118,0.05814
8119,0.18394
8120,0.43111
8121,0.54327
8122,0.67448
8123,0.66551
8124,0.60073
8125,0.56699
8126,0.42291
8127,0.29614999999999997
8128,0.12383
8129,0.00133
8130,0.0
8131,0.0
8132,0.0
8133,0.0
8134,0.0
8135,0.0
8136,0.0
8137,0.0
8138,0.0
8139,0.0
8140,0.0
8141,0.0
8142,0.04575
8143,0.20803
8144,0.38783
8145,0.54367
8146,0.65335
8147,0.70989
8148,0.66001
8149,0.5300499999999999
8150,0.40401
8151,0.27770999999999996
8152,0.12922999999999998
8153,0.00156
8154,0.0
8155,0.0
8156,0.0
8157,0.0
8158,0.0
8159,0.0
8160,0.0
8161,0.0
8162,0.0
8163,0.0
8164,0.0
8165,0.0
8166,0.06720000000000001
8167,0.24159
8168,0.38633999999999996
8169,0.55018
8170,0.62634
8171,0.62526
8172,0.6890299999999999
8173,0.54606
8174,0.44457
8175,0.32400999999999996
8176,0.12723
8177,0.00135
8178,0.0
8179,0.0
8180,0.0
8181,0.0
8182,0.0
8183,0.0
8184,0.0
8185,0.0
8186,0.0
8187,0.0
8188,0.0
8189,0.0
8190,0.04957
8191,0.23073
8192,0.27381
8193,0.52199
8194,0.6515
8195,0.70098
8196,0.62973
8197,0.61638
8198,0.47768
8199,0.32404
8200,0.11638
8201,0.00115
8202,0.0
8203,0.0
8204,0.0
8205,0.0
8206,0.0
8207,0.0
8208,0.0
8209,0.0
8210,0.0
8211,0.0
8212,0.0
8213,0.0
8214,0.06185
8215,0.24459999999999998
8216,0.45016
8217,0.5463899999999999
8218,0.65252
8219,0.6948300000000001
8220,0.66704
8221,0.58885
8222,0.45380000000000004
8223,0.31739
8224,0.12321
8225,0.0014199999999999998
8226,0.0
8227,0.0
8228,0.0
8229,0.0
8230,0.0
8231,0.0
8232,0.0
8233,0.0
8234,0.0
8235,0.0
8236,0.0
8237,0.0
8238,0.0624
8239,0.25874
8240,0.44892000000000004
8241,0.58836
8242,0.66406
8243,0.71087
8244,0.65843
8245,0.6234500000000001
8246,0.49907
8247,0.28172
8248,0.10572
8249,0.00175
8250,0.0
8251,0.0
8252,0.0
8253,0.0
8254,0.0
8255,0.0
8256,0.0
8257,0.0
8258,0.0
8259,0.0
8260,0.0
8261,0.0
8262,0.05796
8263,0.22776
8264,0.43806
8265,0.5377799999999999
8266,0.66391
8267,0.6675399999999999
8268,0.5861900000000001
8269,0.53631
8270,0.42241
8271,0.28704
8272,0.11148999999999999
8273,0.0016799999999999999
8274,0.0
8275,0.0
8276,0.0
8277,0.0
8278,0.0
8279,0.0
8280,0.0
8281,0.0
8282,0.0
8283,0.0
8284,0.0
8285,0.0
8286,0.06795
8287,0.24936000000000003
8288,0.44127999999999995
8289,0.56686
8290,0.5798
8291,0.6153099999999999
8292,0.68786
8293,0.63386
8294,0.51867
8295,0.32944999999999997
8296,0.14318
8297,0.00195
8298,0.0
8299,0.0
8300,0.0
8301,0.0
8302,0.0
8303,0.0
8304,0.0
8305,0.0
8306,0.0
8307,0.0
8308,0.0
8309,0.0
8310,0.052270000000000004
8311,0.20697
8312,0.43186
8313,0.6040099999999999
8314,0.67301
8315,0.63634
8316,0.61614
8317,0.42304
8318,0.44355
8319,0.23878
8320,0.12737
8321,0.0037
8322,0.0
8323,0.0
8324,0.0
8325,0.0
8326,0.0
8327,0.0
8328,0.0
8329,0.0
8330,0.0
8331,0.0
8332,0.0
8333,0.0
8334,0.030359999999999998
8335,0.15322
8336,0.23971
8337,0.39659
8338,0.49269999999999997
8339,0.47908
8340,0.53462
8341,0.44101
8342,0.39150999999999997
8343,0.20404
8344,0.10238
8345,0.00342
8346,0.0
8347,0.0
8348,0.0
8349,0.0
8350,0.0
8351,0.0
8352,0.0
8353,0.0
8354,0.0
8355,0.0
8356,0.0
8357,0.0
8358,0.05507
8359,0.26926
8360,0.42683
8361,0.57362
8362,0.6675800000000001
8363,0.6682
8364,0.67674
8365,0.59946
8366,0.41491
8367,0.25792000000000004
8368,0.08381
8369,0.0024
8370,0.0
8371,0.0
8372,0.0
8373,0.0
8374,0.0
8375,0.0
8376,0.0
8377,0.0
8378,0.0
8379,0.0
8380,0.0
8381,0.0
8382,0.0281
8383,0.17173
8384,0.35577
8385,0.53491
8386,0.63488
8387,0.57929
8388,0.54228
8389,0.53708
8390,0.46682999999999997
8391,0.31454000000000004
8392,0.11571
8393,0.00328
8394,0.0
8395,0.0
8396,0.0
8397,0.0
8398,0.0
8399,0.0
8400,0.0
8401,0.0
8402,0.0
8403,0.0
8404,0.0
8405,0.0
8406,0.03519
8407,0.16813
8408,0.30032
8409,0.54701
8410,0.6468200000000001
8411,0.64336
8412,0.66308
8413,0.5501
8414,0.37551999999999996
8415,0.24913
8416,0.10525
8417,0.00391
8418,0.0
8419,0.0
8420,0.0
8421,0.0
8422,0.0
8423,0.0
8424,0.0
8425,0.0
8426,0.0
8427,0.0
8428,0.0
8429,0.0
8430,0.01564
8431,0.10596
8432,0.18453
8433,0.4254
8434,0.63398
8435,0.68006
8436,0.51876
8437,0.46182
8438,0.46432
8439,0.26211
8440,0.11672
8441,0.00163
8442,0.0
8443,0.0
8444,0.0
8445,0.0
8446,0.0
8447,0.0
8448,0.0
8449,0.0
8450,0.0
8451,0.0
8452,0.0
8453,0.0
8454,0.048780000000000004
8455,0.15833000000000003
8456,0.27205
8457,0.40737
8458,0.57948
8459,0.65388
8460,0.64765
8461,0.6103999999999999
8462,0.43927
8463,0.2999
8464,0.1462
8465,0.00227
8466,0.0
8467,0.0
8468,0.0
8469,0.0
8470,0.0
8471,0.0
8472,0.0
8473,0.0
8474,0.0
8475,0.0
8476,0.0
8477,0.0
8478,0.05568
8479,0.22393000000000002
8480,0.41996
8481,0.5309400000000001
8482,0.58465
8483,0.6631699999999999
8484,0.67083
8485,0.66995
8486,0.55116
8487,0.35744
8488,0.14118
8489,0.0030600000000000002
8490,0.0
8491,0.0
8492,0.0
8493,0.0
8494,0.0
8495,0.0
8496,0.0
8497,0.0
8498,0.0
8499,0.0
8500,0.0
8501,0.0
8502,0.05414
8503,0.27073
8504,0.45312
8505,0.54531
8506,0.699
8507,0.70205
8508,0.64816
8509,0.60975
8510,0.5577300000000001
8511,0.36128
8512,0.15708000000000003
8513,0.00314
8514,0.0
8515,0.0
8516,0.0
8517,0.0
8518,0.0
8519,0.0
8520,0.0
8521,0.0
8522,0.0
8523,0.0
8524,0.0
8525,0.0
8526,0.05882
8527,0.27351
8528,0.47663
8529,0.62175
8530,0.70863
8531,0.7251599999999999
8532,0.7273
8533,0.67976
8534,0.53353
8535,0.33558
8536,0.15650999999999998
8537,0.0024700000000000004
8538,0.0
8539,0.0
8540,0.0
8541,0.0
8542,0.0
8543,0.0
8544,0.0
8545,0.0
8546,0.0
8547,0.0
8548,0.0
8549,0.0
8550,0.06417
8551,0.26699
8552,0.46577999999999997
8553,0.6214299999999999
8554,0.69553
8555,0.7386900000000001
8556,0.71469
8557,0.65961
8558,0.54202
8559,0.34416
8560,0.16004
8561,0.00337
8562,0.0
8563,0.0
8564,0.0
8565,0.0
8566,0.0
8567,0.0
8568,0.0
8569,0.0
8570,0.0
8571,0.0
8572,0.0
8573,0.0
8574,0.0597
8575,0.23605
8576,0.46015
8577,0.5844600000000001
8578,0.70962
8579,0.7575599999999999
8580,0.73325
8581,0.59992
8582,0.51223
8583,0.37382
8584,0.17319
8585,0.00327
8586,0.0
8587,0.0
8588,0.0
8589,0.0
8590,0.0
8591,0.0
8592,0.0
8593,0.0
8594,0.0
8595,0.0
8596,0.0
8597,0.0
8598,0.0587
8599,0.25341
8600,0.47172000000000003
8601,0.60057
8602,0.70051
8603,0.71133
8604,0.7169500000000001
8605,0.6445
8606,0.5288099999999999
8607,0.38143
8608,0.1589
8609,0.0037099999999999998
8610,0.0
8611,0.0
8612,0.0
8613,0.0
8614,0.0
8615,0.0
8616,0.0
8617,0.0
8618,0.0
8619,0.0
8620,0.0
8621,0.0
8622,0.05664
8623,0.25442
8624,0.45259
8625,0.5912200000000001
8626,0.67611
8627,0.7144400000000001
8628,0.6998300000000001
8629,0.65212
8630,0.51403
8631,0.34476
8632,0.15561000000000003
8633,0.009529999999999999
8634,0.0
8635,0.0
8636,0.0
8637,0.0
8638,0.0
8639,0.0
8640,0.0
8641,0.0
8642,0.0
8643,0.0
8644,0.0
8645,0.0
8646,0.06063
8647,0.25532
8648,0.45566
8649,0.59482
8650,0.68779
8651,0.74376
8652,0.7316900000000001
8653,0.6614800000000001
8654,0.53291
8655,0.34808
8656,0.16949
8657,0.0101
8658,0.0
8659,0.0
8660,0.0
8661,0.0
8662,0.0
8663,0.0
8664,0.0
8665,0.0
8666,0.0
8667,0.0
8668,0.0
8669,0.0
8670,0.05643
8671,0.25169
8672,0.45114
8673,0.60436
8674,0.7088
8675,0.74319
8676,0.73985
8677,0.66925
8678,0.5466799999999999
8679,0.3688
8680,0.17056
8681,0.010289999999999999
8682,0.0
8683,0.0
8684,0.0
8685,0.0
8686,0.0
8687,0.0
8688,0.0
8689,0.0
8690,0.0
8691,0.0
8692,0.0
8693,0.0
8694,0.00325
8695,0.22828
8696,0.38936000000000004
8697,0.5015
8698,0.59745
8699,0.6970599999999999
8700,0.73139
8701,0.6452
8702,0.52119
8703,0.36998000000000003
8704,0.15571000000000002
8705,0.01093
8706,0.0
8707,0.0
8708,0.0
8709,0.0
8710,0.0
8711,0.0
8712,0.0
8713,0.0
8714,0.0
8715,0.0
8716,0.0
8717,0.0
8718,0.0036
8719,0.25086
8720,0.44894
8721,0.60639
8722,0.69956
8723,0.74464
8724,0.7410399999999999
8725,0.6548999999999999
8726,0.5314099999999999
8727,0.32688
8728,0.16147999999999998
8729,0.01115
8730,0.0
8731,0.0
8732,0.0
8733,0.0
8734,0.0
8735,0.0
8736,0.0
8737,0.0
8738,0.0
8739,0.0
8740,0.0
8741,0.0
8742,0.00285
8743,0.22862000000000002
8744,0.43027
8745,0.60702
8746,0.64666
8747,0.70012
8748,0.72175
8749,0.55322
8750,0.44399
8751,0.33803
8752,0.1559
8753,0.04247
8754,0.0
8755,0.0
8756,0.0
8757,0.0
8758,0.0
8759,0.0
