,pv_per_unit
0,0.0
1,0.0
2,0.0
3,0.0
4,0.0
5,0.0
6,0.00378
7,0.13599
8,0.31161
9,0.39144999999999996
10,0.56749
11,0.61476
12,0.6675599999999999
13,0.5380499999999999
14,0.41245
15,0.30348
16,0.1505
17,0.00874
18,0.0
19,0.0
20,0.0
21,0.0
22,0.0
23,0.0
24,0.0
25,0.0
26,0.0
27,0.0
28,0.0
29,0.0
30,0.00354
31,0.20544
32,0.37369
33,0.54347
34,0.6116
35,0.7146399999999999
36,0.69202
37,0.55871
38,0.46916
39,0.31444
40,0.14635
41,0.00793
42,0.0
43,0.0
44,0.0
45,0.0
46,0.0
47,0.0
48,0.0
49,0.0
50,0.0
51,0.0
52,0.0
53,0.0
54,0.0030600000000000002
55,0.22878
56,0.44172
57,0.59417
58,0.68809
59,0.72633
60,0.73245
61,0.63402
62,0.54207
63,0.36415
64,0.16746
65,0.01102
66,0.0
67,0.0
68,0.0
69,0.0
70,0.0
71,0.0
72,0.0
73,0.0
74,0.0
75,0.0
76,0.0
77,0.0
78,0.00316
79,0.23788
80,0.43931
81,0.5875199999999999
82,0.68271
83,0.72454
84,0.71737
85,0.6594800000000001
86,0.53396
87,0.37233999999999995
88,0.17749
89,0.01311
90,0.0
91,0.0
92,0.0
93,0.0
94,0.0
95,0.0
96,0.0
97,0.0
98,0.0
99,0.0
100,0.0
101,0.0
102,0.00317
103,0.22807
104,0.43383
105,0.587
106,0.68359
107,0.73542
108,0.69894
109,0.6685800000000001
110,0.52313
111,0.35369
112,0.17064
113,0.01341
114,0.0
115,0.0
116,0.0
117,0.0
118,0.0
119,0.0
120,0.0
121,0.0
122,0.0
123,0.0
124,0.0
125,0.0
126,0.00285
127,0.23082
128,0.43748000000000004
129,0.5843200000000001
130,0.6540900000000001
131,0.69274
132,0.75589
133,0.64774
134,0.5525
135,0.36751999999999996
136,0.17385
137,0.014060000000000001
138,0.0
139,0.0
140,0.0
141,0.0
142,0.0
143,0.0
144,0.0
145,0.0
146,0.0
147,0.0
148,0.0
149,0.0
150,0.00277
151,0.22075999999999998
152,0.41729
153,0.53376
154,0.6869500000000001
155,0.7101799999999999
156,0.70709
157,0.6429400000000001
158,0.5274099999999999
159,0.29213
160,0.17476
161,0.01275
162,0.0
163,0.0
164,0.0
165,0.0
166,0.0
167,0.0
168,0.0
169,0.0
170,0.0
171,0.0
172,0.0
173,0.0
174,0.0028399999999999996
175,0.23176
176,0.43942000000000003
177,0.58311
178,0.68691
179,0.7067100000000001
180,0.67183
181,0.67565
182,0.55757
183,0.39363
184,0.18566
185,0.01442
186,0.0
187,0.0
188,0.0
189,0.0
190,0.0
191,0.0
192,0.0
193,0.0
194,0.0
195,0.0
196,0.0
197,0.0
198,0.00276
199,0.22369999999999998
200,0.44427
201,0.5761499999999999
202,0.7086699999999999
203,0.71933
204,0.7534500000000001
205,0.6801200000000001
206,0.5443300000000001
207,0.36989
208,0.1865
209,0.015130000000000001
210,0.0
211,0.0
212,0.0
213,0.0
214,0.0
215,0.0
216,0.0
217,0.0
218,0.0
219,0.0
220,0.0
221,0.0
222,0.00271
223,0.23452
224,0.44285
225,0.56343
226,0.6101
227,0.62393
228,0.7035399999999999
229,0.6760700000000001
230,0.51528
231,0.36857
232,0.16991
233,0.01692
234,0.0
235,0.0
236,0.0
237,0.0
238,0.0
239,0.0
240,0.0
241,0.0
242,0.0
243,0.0
244,0.0
245,0.0
246,0.0016
247,0.18221
248,0.31027
249,0.47986
250,0.6266900000000001
251,0.64351
252,0.61921
253,0.6991799999999999
254,0.56455
255,0.3464
256,0.19225
257,0.01775
258,0.0
259,0.0
260,0.0
261,0.0
262,0.0
263,0.0
264,0.0
265,0.0
266,0.0
267,0.0
268,0.0
269,0.0
270,0.00252
271,0.23392
272,0.44383999999999996
273,0.59484
274,0.67608
275,0.74693
276,0.7423099999999999
277,0.69311
278,0.51302
279,0.36241
280,0.17815
281,0.016649999999999998
282,0.0
283,0.0
284,0.0
285,0.0
286,0.0
287,0.0
288,0.0
289,0.0
290,0.0
291,0.0
292,0.0
293,0.0
294,0.00257
295,0.23182
296,0.43666000000000005
297,0.5779299999999999
298,0.70104
299,0.76738
300,0.7592899999999999
301,0.70462
302,0.56917
303,0.41714999999999997
304,0.20214
305,0.01857
306,0.0
307,0.0
308,0.0
309,0.0
310,0.0
311,0.0
312,0.0
313,0.0
314,0.0
315,0.0
316,0.0
317,0.0
318,0.00248
319,0.23253000000000001
320,0.43449
321,0.60521
322,0.71056
323,0.76536
324,0.76702
325,0.70574
326,0.55616
327,0.39925
328,0.19088999999999998
329,0.019190000000000002
330,0.0
331,0.0
332,0.0
333,0.0
334,0.0
335,0.0
336,0.0
337,0.0
338,0.0
339,0.0
340,0.0
341,0.0
342,0.00248
343,0.21224
344,0.43648000000000003
345,0.5756
346,0.6649700000000001
347,0.72734
348,0.69348
349,0.68511
350,0.5534600000000001
351,0.39414
352,0.1814
353,0.01871
354,0.0
355,0.0
356,0.0
357,0.0
358,0.0
359,0.0
360,0.0
361,0.0
362,0.0
363,0.0
364,0.0
365,0.0
366,0.00133
367,0.21636000000000002
368,0.39820999999999995
369,0.56643
370,0.67664
371,0.7413200000000001
372,0.7443200000000001
373,0.65055
374,0.57938
375,0.41174
376,0.19611
377,0.020050000000000002
378,0.0
379,0.0
380,0.0
381,0.0
382,0.0
383,0.0
384,0.0
385,0.0
386,0.0
387,0.0
388,0.0
389,0.0
390,0.00227
391,0.22163999999999998
392,0.40743
393,0.5952999999999999
394,0.6594
395,0.76042
396,0.755
397,0.69041
398,0.58757
399,0.37926
400,0.18671000000000001
401,0.019399999999999997
402,0.0
403,0.0
404,0.0
405,0.0
406,0.0
407,0.0
408,0.0
409,0.0
410,0.0
411,0.0
412,0.0
413,0.0
414,0.0023
415,0.22466
416,0.44018
417,0.59196
418,0.71114
419,0.7634
420,0.75975
421,0.67225
422,0.50851
423,0.41107
424,0.17718
425,0.01839
426,0.0
427,0.0
428,0.0
429,0.0
430,0.0
431,0.0
432,0.0
433,0.0
434,0.0
435,0.0
436,0.0
437,0.0
438,0.0022299999999999998
439,0.21978
440,0.43844
441,0.5989500000000001
442,0.6665599999999999
443,0.7565299999999999
444,0.7484
445,0.6388400000000001
446,0.49536
447,0.33049
448,0.16053
449,0.01909
450,0.0
451,0.0
452,0.0
453,0.0
454,0.0
455,0.0
456,0.0
457,0.0
458,0.0
459,0.0
460,0.0
461,0.0
462,0.00176
463,0.21023
464,0.39675
465,0.51378
466,0.58053
467,0.67391
468,0.68886
469,0.6396799999999999
470,0.5435599999999999
471,0.36207999999999996
472,0.15708000000000003
473,0.01675
474,0.0
475,0.0
476,0.0
477,0.0
478,0.0
479,0.0
480,0.0
481,0.0
482,0.0
483,0.0
484,0.0
485,0.0
486,0.00222
487,0.13901
488,0.36541
489,0.46691000000000005
490,0.58388
491,0.59486
492,0.5783200000000001
493,0.56836
494,0.40207
495,0.30693
496,0.166
497,0.02038
498,0.0
499,0.0
500,0.0
501,0.0
502,0.0
503,0.0
504,0.0
505,0.0
506,0.0
507,0.0
508,0.0
509,0.0
510,0.0020299999999999997
511,0.11289
512,0.23345
513,0.43695
514,0.5678300000000001
515,0.6106699999999999
516,0.5941000000000001
517,0.55465
518,0.5168400000000001
519,0.33736
520,0.18597999999999998
521,0.0224
522,0.0
523,0.0
524,0.0
525,0.0
526,0.0
527,0.0
528,0.0
529,0.0
530,0.0
531,0.0
532,0.0
533,0.0
534,0.00222
535,0.10192
536,0.30695
537,0.49245
538,0.5900700000000001
539,0.6369900000000001
540,0.69657
541,0.63827
542,0.51481
543,0.36146
544,0.18371
545,0.02312
546,0.0
547,0.0
548,0.0
549,0.0
550,0.0
551,0.0
552,0.0
553,0.0
554,0.0
555,0.0
556,0.0
557,0.0
558,0.0016799999999999999
559,0.20203
560,0.39087
561,0.55972
562,0.65318
563,0.66196
564,0.71021
565,0.64448
566,0.49302999999999997
567,0.37237
568,0.16282
569,0.0257
570,0.0
571,0.0
572,0.0
573,0.0
574,0.0
575,0.0
576,0.0
577,0.0
578,0.0
579,0.0
580,0.0
581,0.0
582,0.002
583,0.19653
584,0.39171
585,0.52032
586,0.64093
587,0.6902699999999999
588,0.6535700000000001
589,0.6492
590,0.56187
591,0.30484
592,0.18663999999999997
593,0.02359
594,0.0
595,0.0
596,0.0
597,0.0
598,0.0
599,0.0
600,0.0
601,0.0
602,0.0
603,0.0
604,0.0
605,0.0
606,0.0018
607,0.18856
608,0.38012999999999997
609,0.51437
610,0.57278
611,0.6047
612,0.67074
613,0.501
614,0.5061100000000001
615,0.32774000000000003
616,0.19094999999999998
617,0.02298
618,0.0
619,0.0
620,0.0
621,0.0
622,0.0
623,0.0
624,0.0
625,0.0
626,0.0
627,0.0
628,0.0
629,0.0
630,0.00234
631,0.16805
632,0.36281
633,0.5494600000000001
634,0.6010700000000001
635,0.6861799999999999
636,0.67374
637,0.6424500000000001
638,0.54503
639,0.38442000000000004
640,0.18347
641,0.02871
642,0.0
643,0.0
644,0.0
645,0.0
646,0.0
647,0.0
648,0.0
649,0.0
650,0.0
651,0.0
652,0.0
653,0.0
654,0.00206
655,0.20489
656,0.39632999999999996
657,0.55336
658,0.6275700000000001
659,0.65565
660,0.6340399999999999
661,0.65722
662,0.5042300000000001
663,0.38856
664,0.20378
665,0.02743
666,0.0
667,0.0
668,0.0
669,0.0
670,0.0
671,0.0
672,0.0
673,0.0
674,0.0
675,0.0
676,0.0
677,0.0
678,0.00226
679,0.19424
680,0.39115
681,0.56652
682,0.5882999999999999
683,0.66074
684,0.6516799999999999
685,0.6385
686,0.5433600000000001
687,0.40169
688,0.19030000000000002
689,0.02608
690,0.0
691,0.0
692,0.0
693,0.0
694,0.0
695,0.0
696,0.0
697,0.0
698,0.0
699,0.0
700,0.0
701,0.0
702,0.00216
703,0.21419
704,0.42438
705,0.5770599999999999
706,0.6764600000000001
707,0.73054
708,0.7357100000000001
709,0.67371
710,0.55013
711,0.4075
712,0.19086
713,0.026850000000000002
714,0.0
715,0.0
716,0.0
717,0.0
718,0.0
719,0.0
720,0.0
721,0.0
722,0.0
723,0.0
724,0.0
725,0.0
726,0.0019199999999999998
727,0.21284
728,0.4348
729,0.59938
730,0.70327
731,0.7583799999999999
732,0.76971
733,0.6502100000000001
734,0.56653
735,0.41081
736,0.20823
737,0.02896
738,0.0
739,0.0
740,0.0
741,0.0
742,0.0
743,0.0
744,0.0
745,0.0
746,0.0
747,0.0
748,0.0
749,0.0
750,0.0022
751,0.21186000000000002
752,0.41967000000000004
753,0.58738
754,0.69372
755,0.74511
756,0.74697
757,0.6917300000000001
758,0.5590499999999999
759,0.37283999999999995
760,0.20499
761,0.02914
762,0.0
763,0.0
764,0.0
765,0.0
766,0.0
767,0.0
768,0.0
769,0.0
770,0.0
771,0.0
772,0.0
773,0.0
774,0.00218
775,0.17398
776,0.41084
777,0.5896
778,0.69247
779,0.72993
780,0.7133700000000001
781,0.65106
782,0.5695
783,0.37313999999999997
784,0.18061000000000002
785,0.0329
786,0.0
787,0.0
788,0.0
789,0.0
790,0.0
791,0.0
792,0.0
793,0.0
794,0.0
795,0.0
796,0.0
797,0.0
798,0.00328
799,0.17812999999999998
800,0.42192
801,0.5621499999999999
802,0.69921
803,0.7659199999999999
804,0.7679400000000001
805,0.6663300000000001
806,0.5688500000000001
807,0.40576999999999996
808,0.20318
809,0.03458
810,0.0
811,0.0
812,0.0
813,0.0
814,0.0
815,0.0
816,0.0
817,0.0
818,0.0
819,0.0
820,0.0
821,0.0
822,0.00234
823,0.20805
824,0.42839
825,0.59303
826,0.703
827,0.7504500000000001
828,0.7584500000000001
829,0.7249099999999999
830,0.6043999999999999
831,0.43156
832,0.19741999999999998
833,0.03517
834,0.0
835,0.0
836,0.0
837,0.0
838,0.0
839,0.0
840,0.0
841,0.0
842,0.0
843,0.0
844,0.0
845,0.0
846,0.0038799999999999998
847,0.209
848,0.42008999999999996
849,0.59238
850,0.68596
851,0.75718
852,0.7593099999999999
853,0.72703
854,0.60907
855,0.44288
856,0.22885
857,0.03593
858,0.0
859,0.0
860,0.0
861,0.0
862,0.0
863,0.0
864,0.0
865,0.0
866,0.0
867,0.0
868,0.0
869,0.0
870,0.00257
871,0.2181
872,0.43416000000000005
873,0.59572
874,0.69986
875,0.75295
876,0.76198
877,0.71146
878,0.6056
879,0.44267
880,0.23207
881,0.03625
882,0.0
883,0.0
884,0.0
885,0.0
886,0.0
887,0.0
888,0.0
889,0.0
890,0.0
891,0.0
892,0.0
893,0.0
894,0.00276
895,0.22009
896,0.42802999999999997
897,0.58478
898,0.6867300000000001
899,0.74373
900,0.75879
901,0.71369
902,0.6021
903,0.44903
904,0.2289
905,0.03686
906,0.0
907,0.0
908,0.0
909,0.0
910,0.0
911,0.0
912,0.0
913,0.0
914,0.0
915,0.0
916,0.0
917,0.0
918,0.00276
919,0.21784
920,0.43341
921,0.5964700000000001
922,0.7034600000000001
923,0.7667999999999999
924,0.77874
925,0.69929
926,0.59474
927,0.42728
928,0.22594
929,0.03511
930,0.0
931,0.0
932,0.0
933,0.0
934,0.0
935,0.0
936,0.0
937,0.0
938,0.0
939,0.0
940,0.0
941,0.0
942,0.00292
943,0.21968000000000001
944,0.43457999999999997
945,0.60004
946,0.71816
947,0.7743300000000001
948,0.78238
949,0.72261
950,0.56733
951,0.40779000000000004
952,0.18468
953,0.036109999999999996
954,0.0
955,0.0
956,0.0
957,0.0
958,0.0
959,0.0
960,0.0
961,0.0
962,0.0
963,0.0
964,0.0
965,0.0
966,0.00297
967,0.22377
968,0.44512999999999997
969,0.61523
970,0.72609
971,0.78054
972,0.78399
973,0.72468
974,0.61976
975,0.44919
976,0.23499
977,0.037399999999999996
978,0.0
979,0.0
980,0.0
981,0.0
982,0.0
983,0.0
984,0.0
985,0.0
986,0.0
987,0.0
988,0.0
989,0.0
990,0.00302
991,0.22041
992,0.43595
993,0.6047
994,0.71641
995,0.76764
996,0.7816900000000001
997,0.7239099999999999
998,0.58459
999,0.40337
1000,0.22431
1001,0.03726
1002,0.0
1003,0.0
1004,0.0
1005,0.0
1006,0.0
1007,0.0
1008,0.0
1009,0.0
1010,0.0
1011,0.0
1012,0.0
1013,0.0
1014,0.00312
1015,0.22099000000000002
1016,0.44060000000000005
1017,0.6044700000000001
1018,0.72272
1019,0.7790199999999999
1020,0.77936
1021,0.6931799999999999
1022,0.6097
1023,0.42108
1024,0.20034
1025,0.03588
1026,0.0
1027,0.0
1028,0.0
1029,0.0
1030,0.0
1031,0.0
1032,0.0
1033,0.0
1034,0.0
1035,0.0
1036,0.0
1037,0.0
1038,0.00297
1039,0.22113
1040,0.44625
1041,0.58816
1042,0.71425
1043,0.76202
1044,0.69339
1045,0.7003400000000001
1046,0.56632
1047,0.3752
1048,0.22256
1049,0.03685
1050,0.0
1051,0.0
1052,0.0
1053,0.0
1054,0.0
1055,0.0
1056,0.0
1057,0.0
1058,0.0
1059,0.0
1060,0.0
1061,0.0
1062,0.0034
1063,0.22488999999999998
1064,0.43368
1065,0.61646
1066,0.71653
1067,0.78166
1068,0.7455
1069,0.7234299999999999
1070,0.51859
1071,0.36006
1072,0.21318
1073,0.033030000000000004
1074,0.0
1075,0.0
1076,0.0
1077,0.0
1078,0.0
1079,0.0
1080,0.0
1081,0.0
1082,0.0
1083,0.0
1084,0.0
1085,0.0
1086,0.0032
1087,0.22443000000000002
1088,0.43389999999999995
1089,0.61097
1090,0.715
1091,0.77109
1092,0.78187
1093,0.7304400000000001
1094,0.5605
1095,0.38362
1096,0.20027
1097,0.036
1098,0.0
1099,0.0
1100,0.0
1101,0.0
1102,0.0
1103,0.0
1104,0.0
1105,0.0
1106,0.0
1107,0.0
1108,0.0
1109,0.0
1110,0.00348
1111,0.21997
1112,0.44561
1113,0.60229
1114,0.73317
1115,0.78435
1116,0.78515
1117,0.69612
1118,0.59663
1119,0.40662
1120,0.19053
1121,0.02984
1122,0.0
1123,0.0
1124,0.0
1125,0.0
1126,0.0
1127,0.0
1128,0.0
1129,0.0
1130,0.0
1131,0.0
1132,0.0
1133,0.0
1134,0.00322
1135,0.16466999999999998
1136,0.40773000000000004
1137,0.39352
1138,0.66332
1139,0.73249
1140,0.70768
1141,0.56771
1142,0.47431
1143,0.38799
1144,0.18744
1145,0.03179
1146,0.0
1147,0.0
1148,0.0
1149,0.0
1150,0.0
1151,0.0
1152,0.0
1153,0.0
1154,0.0
1155,0.0
1156,0.0
1157,0.0
1158,0.00262
1159,0.20607
1160,0.40948
1161,0.53452
1162,0.66755
1163,0.69463
1164,0.74152
1165,0.68604
1166,0.60997
1167,0.40249
1168,0.21578
1169,0.03638
1170,0.0
1171,0.0
1172,0.0
1173,0.0
1174,0.0
1175,0.0
1176,0.0
1177,0.0
1178,0.0
1179,0.0
1180,0.0
1181,0.0
1182,0.00401
1183,0.22205000000000003
1184,0.44818
1185,0.61529
1186,0.72163
1187,0.78455
1188,0.78714
1189,0.72063
1190,0.5661499999999999
1191,0.39861
1192,0.2205
1193,0.03676
1194,0.0
1195,0.0
1196,0.0
1197,0.0
1198,0.0
1199,0.0
1200,0.0
1201,0.0
1202,0.0
1203,0.0
1204,0.0
1205,0.0
1206,0.0039
1207,0.22788999999999998
1208,0.44487
1209,0.59051
1210,0.68987
1211,0.75862
1212,0.74814
1213,0.7040299999999999
1214,0.51215
1215,0.35276
1216,0.20506
1217,0.032
1218,0.0
1219,0.0
1220,0.0
1221,0.0
1222,0.0
1223,0.0
1224,0.0
1225,0.0
1226,0.0
1227,0.0
1228,0.0
1229,0.0
1230,0.004200000000000001
1231,0.21246
1232,0.39827999999999997
1233,0.57324
1234,0.64943
1235,0.74279
1236,0.74541
1237,0.6830499999999999
1238,0.56263
1239,0.41462
1240,0.21722
1241,0.03519
1242,0.0
1243,0.0
1244,0.0
1245,0.0
1246,0.0
1247,0.0
1248,0.0
1249,0.0
1250,0.0
1251,0.0
1252,0.0
1253,0.0
1254,0.00329
1255,0.16666
1256,0.32562
1257,0.518
1258,0.65466
1259,0.64723
1260,0.70088
1261,0.59349
1262,0.5682
1263,0.39705
1264,0.19691
1265,0.0365
1266,0.0
1267,0.0
1268,0.0
1269,0.0
1270,0.0
1271,0.0
1272,0.0
1273,0.0
1274,0.0
1275,0.0
1276,0.0
1277,0.0
1278,0.00414
1279,0.19372999999999999
1280,0.39438
1281,0.53774
1282,0.67916
1283,0.77178
1284,0.75386
1285,0.64765
1286,0.5445800000000001
1287,0.39517
1288,0.19582
1289,0.033100000000000004
1290,0.0
1291,0.0
1292,0.0
1293,0.0
1294,0.0
1295,0.0
1296,0.0
1297,0.0
1298,0.0
1299,0.0
1300,0.0
1301,0.0
1302,0.02527
1303,0.21434
1304,0.44611
1305,0.6143
1306,0.70516
1307,0.77038
1308,0.7356
1309,0.7014
1310,0.59564
1311,0.43401999999999996
1312,0.22743
1313,0.03289
1314,0.0
1315,0.0
1316,0.0
1317,0.0
1318,0.0
1319,0.0
1320,0.0
1321,0.0
1322,0.0
1323,0.0
1324,0.0
1325,0.0
1326,0.03423
1327,0.19432
1328,0.41734
1329,0.59702
1330,0.70348
1331,0.72254
1332,0.7465
1333,0.66667
1334,0.5669
1335,0.38201
1336,0.20354
1337,0.02619
1338,0.0
1339,0.0
1340,0.0
1341,0.0
1342,0.0
1343,0.0
1344,0.0
1345,0.0
1346,0.0
1347,0.0
1348,0.0
1349,0.0
1350,0.02949
1351,0.19603
1352,0.41225
1353,0.58877
1354,0.6611699999999999
1355,0.68928
1356,0.72576
1357,0.61381
1358,0.5472400000000001
1359,0.38606
1360,0.185
1361,0.03573
1362,0.0
1363,0.0
1364,0.0
1365,0.0
1366,0.0
1367,0.0
1368,0.0
1369,0.0
1370,0.0
1371,0.0
1372,0.0
1373,0.0
1374,0.03413
1375,0.21102
1376,0.41785
1377,0.58489
1378,0.6696799999999999
1379,0.73514
1380,0.71941
1381,0.6551
1382,0.54995
1383,0.41001
1384,0.20592
1385,0.033710000000000004
1386,0.0
1387,0.0
1388,0.0
1389,0.0
1390,0.0
1391,0.0
1392,0.0
1393,0.0
1394,0.0
1395,0.0
1396,0.0
1397,0.0
1398,0.02708
1399,0.22169999999999998
1400,0.43401999999999996
1401,0.6165499999999999
1402,0.73072
1403,0.77432
1404,0.6811200000000001
1405,0.62111
1406,0.5207200000000001
1407,0.38143
1408,0.19049000000000002
1409,0.03394
1410,0.0
1411,0.0
1412,0.0
1413,0.0
1414,0.0
1415,0.0
1416,0.0
1417,0.0
1418,0.0
1419,0.0
1420,0.0
1421,0.0
1422,0.03567
1423,0.24154
1424,0.46013
1425,0.62376
1426,0.73087
1427,0.7895599999999999
1428,0.8009299999999999
1429,0.72727
1430,0.58177
1431,0.44473
1432,0.22466
1433,0.03409
1434,0.0
1435,0.0
1436,0.0
1437,0.0
1438,0.0
1439,0.0
1440,0.0
1441,0.0
1442,0.0
1443,0.0
1444,0.0
1445,0.0
1446,0.03564
1447,0.23646
1448,0.45480000000000004
1449,0.62056
1450,0.72256
1451,0.78307
1452,0.78263
1453,0.7066
1454,0.60523
1455,0.41252999999999995
1456,0.2256
1457,0.03566
1458,0.0
1459,0.0
1460,0.0
1461,0.0
1462,0.0
1463,0.0
1464,0.0
1465,0.0
1466,0.0
1467,0.0
1468,0.0
1469,0.0
1470,0.03592
1471,0.23653
1472,0.45659
1473,0.62005
1474,0.72396
1475,0.7797999999999999
1476,0.7869299999999999
1477,0.68161
1478,0.58304
1479,0.42108
1480,0.21866999999999998
1481,0.03656
1482,0.0
1483,0.0
1484,0.0
1485,0.0
1486,0.0
1487,0.0
1488,0.0
1489,0.0
1490,0.0
1491,0.0
1492,0.0
1493,0.0
1494,0.03725
1495,0.24156
1496,0.45794
1497,0.62039
1498,0.72822
1499,0.78295
1500,0.79312
1501,0.70739
1502,0.54152
1503,0.38580000000000003
1504,0.22124000000000002
1505,0.033479999999999996
1506,0.0
1507,0.0
1508,0.0
1509,0.0
1510,0.0
1511,0.0
1512,0.0
1513,0.0
1514,0.0
1515,0.0
1516,0.0
1517,0.0
1518,0.037399999999999996
1519,0.24156
1520,0.45329
1521,0.62513
1522,0.7327400000000001
1523,0.78575
1524,0.79477
1525,0.7458400000000001
1526,0.61812
1527,0.43807
1528,0.22434
1529,0.0346
1530,0.0
1531,0.0
1532,0.0
1533,0.0
1534,0.0
1535,0.0
1536,0.0
1537,0.0
1538,0.0
1539,0.0
1540,0.0
1541,0.0
1542,0.037590000000000005
1543,0.24328999999999998
1544,0.4604
1545,0.62315
1546,0.7294400000000001
1547,0.7827799999999999
1548,0.79035
1549,0.73426
1550,0.61475
1551,0.43639999999999995
1552,0.21500999999999998
1553,0.03462
1554,0.0
1555,0.0
1556,0.0
1557,0.0
1558,0.0
1559,0.0
1560,0.0
1561,0.0
1562,0.0
1563,0.0
1564,0.0
1565,0.0
1566,0.03767
1567,0.24330000000000002
1568,0.45668000000000003
1569,0.6232000000000001
1570,0.72397
1571,0.7810900000000001
1572,0.76312
1573,0.69028
1574,0.54103
1575,0.41069
1576,0.20781
1577,0.027960000000000002
1578,0.0
1579,0.0
1580,0.0
1581,0.0
1582,0.0
1583,0.0
1584,0.0
1585,0.0
1586,0.0
1587,0.0
1588,0.0
1589,0.0
1590,0.03234
1591,0.23813
1592,0.45030000000000003
1593,0.6349
1594,0.74374
1595,0.78037
1596,0.76195
1597,0.71609
1598,0.48771
1599,0.36756
1600,0.21302000000000001
1601,0.03384
1602,0.0
1603,0.0
1604,0.0
1605,0.0
1606,0.0
1607,0.0
1608,0.0
1609,0.0
1610,0.0
1611,0.0
1612,0.0
1613,0.0
1614,0.03947
1615,0.22598
1616,0.47138
1617,0.6398400000000001
1618,0.7474
1619,0.80492
1620,0.79825
1621,0.7357
1622,0.59113
1623,0.42767
1624,0.22021000000000002
1625,0.03367
1626,0.0
1627,0.0
1628,0.0
1629,0.0
1630,0.0
1631,0.0
1632,0.0
1633,0.0
1634,0.0
1635,0.0
1636,0.0
1637,0.0
1638,0.038880000000000005
1639,0.24913
1640,0.45092000000000004
1641,0.6103
1642,0.71811
1643,0.77901
1644,0.78247
1645,0.6909299999999999
1646,0.57064
1647,0.39546
1648,0.19475
1649,0.03683
1650,0.0
1651,0.0
1652,0.0
1653,0.0
1654,0.0
1655,0.0
1656,0.0
1657,0.0
1658,0.0
1659,0.0
1660,0.0
1661,0.0
1662,0.03254
1663,0.21949000000000002
1664,0.43338
1665,0.59386
1666,0.69594
1667,0.74751
1668,0.7727
1669,0.62961
1670,0.56725
1671,0.41635
1672,0.20215
1673,0.03214
1674,0.0
1675,0.0
1676,0.0
1677,0.0
1678,0.0
1679,0.0
1680,0.0
1681,0.0
1682,0.0
1683,0.0
1684,0.0
1685,0.0
1686,0.02785
1687,0.22238999999999998
1688,0.44306
1689,0.5917899999999999
1690,0.67279
1691,0.75258
1692,0.69986
1693,0.62263
1694,0.58458
1695,0.42302
1696,0.21159
1697,0.03126
1698,0.0
1699,0.0
1700,0.0
1701,0.0
1702,0.0
1703,0.0
1704,0.0
1705,0.0
1706,0.0
1707,0.0
1708,0.0
1709,0.0
1710,0.0394
1711,0.19455
1712,0.44437
1713,0.61909
1714,0.72196
1715,0.76798
1716,0.75703
1717,0.71954
1718,0.56316
1719,0.39855
1720,0.19713999999999998
1721,0.03183
1722,0.0
1723,0.0
1724,0.0
1725,0.0
1726,0.0
1727,0.0
1728,0.0
1729,0.0
1730,0.0
1731,0.0
1732,0.0
1733,0.0
1734,0.03946
1735,0.25125
1736,0.46174
1737,0.63451
1738,0.73898
1739,0.78991
1740,0.7709199999999999
1741,0.6963400000000001
1742,0.59793
1743,0.40906
1744,0.20303
1745,0.02994
1746,0.0
1747,0.0
1748,0.0
1749,0.0
1750,0.0
1751,0.0
1752,0.0
1753,0.0
1754,0.0
1755,0.0
1756,0.0
1757,0.0
1758,0.040479999999999995
1759,0.22891
1760,0.45691000000000004
1761,0.6150399999999999
1762,0.73289
1763,0.7446799999999999
1764,0.7706799999999999
1765,0.6839400000000001
1766,0.55653
1767,0.39352
1768,0.1991
1769,0.028820000000000002
1770,0.0
1771,0.0
1772,0.0
1773,0.0
1774,0.0
1775,0.0
1776,0.0
1777,0.0
1778,0.0
1779,0.0
1780,0.0
1781,0.0
1782,0.03864
1783,0.214
1784,0.42761
1785,0.60838
1786,0.6855399999999999
1787,0.7940499999999999
1788,0.78066
1789,0.6871799999999999
1790,0.55812
1791,0.43188
1792,0.20997
1793,0.03009
1794,0.0
1795,0.0
1796,0.0
1797,0.0
1798,0.0
1799,0.0
1800,0.0
1801,0.0
1802,0.0
1803,0.0
1804,0.0
1805,0.0
1806,0.04131
1807,0.25768
1808,0.47499
1809,0.63234
1810,0.74802
1811,0.7994
1812,0.77288
1813,0.71227
1814,0.53265
1815,0.38176
1816,0.18413
1817,0.02947
1818,0.0
1819,0.0
1820,0.0
1821,0.0
1822,0.0
1823,0.0
1824,0.0
1825,0.0
1826,0.0
1827,0.0
1828,0.0
1829,0.0
1830,0.042140000000000004
1831,0.25526
1832,0.43945
1833,0.57933
1834,0.73641
1835,0.7912100000000001
1836,0.79184
1837,0.71724
1838,0.5929800000000001
1839,0.41889
1840,0.21663
1841,0.02817
1842,0.0
1843,0.0
1844,0.0
1845,0.0
1846,0.0
1847,0.0
1848,0.0
1849,0.0
1850,0.0
1851,0.0
1852,0.0
1853,0.0
1854,0.04317
1855,0.25987
1856,0.47368
1857,0.63559
1858,0.74422
1859,0.79259
1860,0.7879400000000001
1861,0.73388
1862,0.58704
1863,0.43391
1864,0.21716999999999997
1865,0.028329999999999998
1866,0.0
1867,0.0
1868,0.0
1869,0.0
1870,0.0
1871,0.0
1872,0.0
1873,0.0
1874,0.0
1875,0.0
1876,0.0
1877,0.0
1878,0.04236
1879,0.24567
1880,0.44771
1881,0.62998
1882,0.72454
1883,0.6402100000000001
1884,0.6829299999999999
1885,0.61097
1886,0.5090899999999999
1887,0.39555
1888,0.17719
1889,0.02481
1890,0.0
1891,0.0
1892,0.0
1893,0.0
1894,0.0
1895,0.0
1896,0.0
1897,0.0
1898,0.0
1899,0.0
1900,0.0
1901,0.0
1902,0.04372
1903,0.23645
1904,0.43864
1905,0.60917
1906,0.72475
1907,0.7285
1908,0.7445700000000001
1909,0.67475
1910,0.5611
1911,0.42901
1912,0.20981
1913,0.027129999999999998
1914,0.0
1915,0.0
1916,0.0
1917,0.0
1918,0.0
1919,0.0
1920,0.0
1921,0.0
1922,0.0
1923,0.0
1924,0.0
1925,0.0
1926,0.053630000000000004
1927,0.26154
1928,0.4808
1929,0.63998
1930,0.7229500000000001
1931,0.7738400000000001
1932,0.78291
1933,0.7111799999999999
1934,0.57782
1935,0.4322
1936,0.21017
1937,0.025
1938,0.0
1939,0.0
1940,0.0
1941,0.0
1942,0.0
1943,0.0
1944,0.0
1945,0.0
1946,0.0
1947,0.0
1948,0.0
1949,0.0
1950,0.05268
1951,0.26709
1952,0.45462
1953,0.6246499999999999
1954,0.70698
1955,0.7797799999999999
1956,0.77863
1957,0.71888
1958,0.55511
1959,0.38766
1960,0.21225
1961,0.02463
1962,0.0
1963,0.0
1964,0.0
1965,0.0
1966,0.0
1967,0.0
1968,0.0
1969,0.0
1970,0.0
1971,0.0
1972,0.0
1973,0.0
1974,0.05342
1975,0.26203
1976,0.46914999999999996
1977,0.62326
1978,0.7279500000000001
1979,0.77328
1980,0.746
1981,0.6676
1982,0.5386599999999999
1983,0.37875
1984,0.19846
1985,0.024460000000000003
1986,0.0
1987,0.0
1988,0.0
1989,0.0
1990,0.0
1991,0.0
1992,0.0
1993,0.0
1994,0.0
1995,0.0
1996,0.0
1997,0.0
1998,0.054060000000000004
1999,0.26347000000000004
2000,0.46752999999999995
2001,0.62358
2002,0.69517
2003,0.7595
2004,0.76193
2005,0.6933400000000001
2006,0.5316799999999999
2007,0.37755
2008,0.20162
2009,0.02454
2010,0.0
2011,0.0
2012,0.0
2013,0.0
2014,0.0
2015,0.0
2016,0.0
2017,0.0
2018,0.0
2019,0.0
2020,0.0
2021,0.0
2022,0.05274
2023,0.25569
2024,0.4627
2025,0.59935
2026,0.70236
2027,0.76206
2028,0.7463200000000001
2029,0.66738
2030,0.57094
2031,0.40219
2032,0.20488
2033,0.023649999999999997
2034,0.0
2035,0.0
2036,0.0
2037,0.0
2038,0.0
2039,0.0
2040,0.0
2041,0.0
2042,0.0
2043,0.0
2044,0.0
2045,0.0
2046,0.0572
2047,0.26763
2048,0.46942
2049,0.6162799999999999
2050,0.70872
2051,0.75599
2052,0.7396900000000001
2053,0.6566900000000001
2054,0.54471
2055,0.39842
2056,0.19669999999999999
2057,0.02028
2058,0.0
2059,0.0
2060,0.0
2061,0.0
2062,0.0
2063,0.0
2064,0.0
2065,0.0
2066,0.0
2067,0.0
2068,0.0
2069,0.0
2070,0.054810000000000005
2071,0.25243
2072,0.46976999999999997
2073,0.62991
2074,0.74127
2075,0.78986
2076,0.78638
2077,0.72326
2078,0.60439
2079,0.42056
2080,0.20926
2081,0.023329999999999997
2082,0.0
2083,0.0
2084,0.0
2085,0.0
2086,0.0
2087,0.0
2088,0.0
2089,0.0
2090,0.0
2091,0.0
2092,0.0
2093,0.0
2094,0.05928
2095,0.27259
2096,0.44704
2097,0.6266
2098,0.73063
2099,0.77931
2100,0.7855700000000001
2101,0.72322
2102,0.59748
2103,0.42366000000000004
2104,0.2044
2105,0.02281
2106,0.0
2107,0.0
2108,0.0
2109,0.0
2110,0.0
2111,0.0
2112,0.0
2113,0.0
2114,0.0
2115,0.0
2116,0.0
2117,0.0
2118,0.05944
2119,0.2732
2120,0.46882
2121,0.61926
2122,0.71348
2123,0.76423
2124,0.74072
2125,0.68916
2126,0.54944
2127,0.39398
2128,0.19131
2129,0.02106
2130,0.0
2131,0.0
2132,0.0
2133,0.0
2134,0.0
2135,0.0
2136,0.0
2137,0.0
2138,0.0
2139,0.0
2140,0.0
2141,0.0
2142,0.05275
2143,0.26815
2144,0.46857
2145,0.61624
2146,0.71139
2147,0.72988
2148,0.7143999999999999
2149,0.6140599999999999
2150,0.51249
2151,0.31310000000000004
2152,0.1569
2153,0.0214
2154,0.0
2155,0.0
2156,0.0
2157,0.0
2158,0.0
2159,0.0
2160,0.0
2161,0.0
2162,0.0
2163,0.0
2164,0.0
2165,0.0
2166,0.044539999999999996
2167,0.22044
2168,0.39431
2169,0.53019
2170,0.63739
2171,0.68598
2172,0.6188899999999999
2173,0.47716000000000003
2174,0.37277
2175,0.30907
2176,0.14302
2177,0.024399999999999998
2178,0.0
2179,0.0
2180,0.0
2181,0.0
2182,0.0
2183,0.0
2184,0.0
2185,0.0
2186,0.0
2187,0.0
2188,0.0
2189,0.0
2190,0.03318
2191,0.17956999999999998
2192,0.34072
2193,0.42019
2194,0.56477
2195,0.6368400000000001
2196,0.66076
2197,0.51476
2198,0.51683
2199,0.35472000000000004
2200,0.15797
2201,0.01898
2202,0.0
2203,0.0
2204,0.0
2205,0.0
2206,0.0
2207,0.0
2208,0.0
2209,0.0
2210,0.0
2211,0.0
2212,0.0
2213,0.0
2214,0.0526
2215,0.23697
2216,0.37313
2217,0.5542999999999999
2218,0.71428
2219,0.76407
2220,0.74638
2221,0.6720900000000001
2222,0.53184
2223,0.38883
2224,0.15731
2225,0.01993
2226,0.0
2227,0.0
2228,0.0
2229,0.0
2230,0.0
2231,0.0
2232,0.0
2233,0.0
2234,0.0
2235,0.0
2236,0.0
2237,0.0
2238,0.04933
2239,0.26258
2240,0.46608
2241,0.6098600000000001
2242,0.70669
2243,0.76185
2244,0.73117
2245,0.65307
2246,0.51439
2247,0.36741
2248,0.15900999999999998
2249,0.019059999999999997
2250,0.0
2251,0.0
2252,0.0
2253,0.0
2254,0.0
2255,0.0
2256,0.0
2257,0.0
2258,0.0
2259,0.0
2260,0.0
2261,0.0
2262,0.05122
2263,0.24543
2264,0.4428
2265,0.59669
2266,0.70853
2267,0.7674099999999999
2268,0.62915
2269,0.63316
2270,0.5426799999999999
2271,0.36012
2272,0.1716
2273,0.0215
2274,0.0
2275,0.0
2276,0.0
2277,0.0
2278,0.0
2279,0.0
2280,0.0
2281,0.0
2282,0.0
2283,0.0
2284,0.0
2285,0.0
2286,0.0564
2287,0.23348
2288,0.42837000000000003
2289,0.5601900000000001
2290,0.68108
2291,0.70498
2292,0.66818
2293,0.5760700000000001
2294,0.4731
2295,0.31227999999999995
2296,0.15050999999999998
2297,0.02375
2298,0.0
2299,0.0
2300,0.0
2301,0.0
2302,0.0
2303,0.0
2304,0.0
2305,0.0
2306,0.0
2307,0.0
2308,0.0
2309,0.0
2310,0.05143
2311,0.23226
2312,0.45273
2313,0.5675800000000001
2314,0.70133
2315,0.7186
2316,0.69332
2317,0.5667000000000001
2318,0.50519
2319,0.35176999999999997
2320,0.15919999999999998
2321,0.02138
2322,0.0
2323,0.0
2324,0.0
2325,0.0
2326,0.0
2327,0.0
2328,0.0
2329,0.0
2330,0.0
2331,0.0
2332,0.0
2333,0.0
2334,0.05829
2335,0.25215
2336,0.40343
2337,0.57389
2338,0.65697
2339,0.70468
2340,0.67214
2341,0.65875
2342,0.5406799999999999
2343,0.37301999999999996
2344,0.17368
2345,0.01982
2346,0.0
2347,0.0
2348,0.0
2349,0.0
2350,0.0
2351,0.0
2352,0.0
2353,0.0
2354,0.0
2355,0.0
2356,0.0
2357,0.0
2358,0.057390000000000004
2359,0.22669
2360,0.40508
2361,0.5799
2362,0.66918
2363,0.69363
2364,0.69611
2365,0.60153
2366,0.51193
2367,0.32829
2368,0.1663
2369,0.0171
2370,0.0
2371,0.0
2372,0.0
2373,0.0
2374,0.0
2375,0.0
2376,0.0
2377,0.0
2378,0.0
2379,0.0
2380,0.0
2381,0.0
2382,0.06012
2383,0.24642
2384,0.46345
2385,0.56641
2386,0.6569299999999999
2387,0.7324299999999999
2388,0.69074
2389,0.6108
2390,0.49922000000000005
2391,0.36013999999999996
2392,0.15988999999999998
2393,0.01794
2394,0.0
2395,0.0
2396,0.0
2397,0.0
2398,0.0
2399,0.0
2400,0.0
2401,0.0
2402,0.0
2403,0.0
2404,0.0
2405,0.0
2406,0.06056
2407,0.21206
2408,0.41116
2409,0.55723
2410,0.68789
2411,0.69221
2412,0.6275599999999999
2413,0.51954
2414,0.49533
2415,0.3317
2416,0.16888
2417,0.020980000000000002
2418,0.0
2419,0.0
2420,0.0
2421,0.0
2422,0.0
2423,0.0
2424,0.0
2425,0.0
2426,0.0
2427,0.0
2428,0.0
2429,0.0
2430,0.031030000000000002
2431,0.12718000000000002
2432,0.24819
2433,0.46003
2434,0.56943
2435,0.71047
2436,0.71825
2437,0.56155
2438,0.50345
2439,0.32848
2440,0.17078
2441,0.02014
2442,0.0
2443,0.0
2444,0.0
2445,0.0
2446,0.0
2447,0.0
2448,0.0
2449,0.0
2450,0.0
2451,0.0
2452,0.0
2453,0.0
2454,0.05318
2455,0.18589
2456,0.38276
2457,0.5064
2458,0.64334
2459,0.68377
2460,0.68855
2461,0.5820599999999999
2462,0.46698
2463,0.28082
2464,0.15372999999999998
2465,0.02183
2466,0.0
2467,0.0
2468,0.0
2469,0.0
2470,0.0
2471,0.0
2472,0.0
2473,0.0
2474,0.0
2475,0.0
2476,0.0
2477,0.0
2478,0.061380000000000004
2479,0.24861000000000003
2480,0.42363999999999996
2481,0.50883
2482,0.63847
2483,0.665
2484,0.5814900000000001
2485,0.61017
2486,0.44775
2487,0.31274
2488,0.13216
2489,0.01754
2490,0.0
2491,0.0
2492,0.0
2493,0.0
2494,0.0
2495,0.0
2496,0.0
2497,0.0
2498,0.0
2499,0.0
2500,0.0
2501,0.0
2502,0.05546
2503,0.17535
2504,0.34947
2505,0.56429
2506,0.6077400000000001
2507,0.7059
2508,0.6194500000000001
2509,0.5142100000000001
2510,0.45289999999999997
2511,0.26121
2512,0.15221
2513,0.01549
2514,0.0
2515,0.0
2516,0.0
2517,0.0
2518,0.0
2519,0.0
2520,0.0
2521,0.0
2522,0.0
2523,0.0
2524,0.0
2525,0.0
2526,0.06442
2527,0.25463
2528,0.45274000000000003
2529,0.56513
2530,0.6329400000000001
2531,0.72329
2532,0.68057
2533,0.60529
2534,0.47075
2535,0.31533999999999995
2536,0.16929
2537,0.016390000000000002
2538,0.0
2539,0.0
2540,0.0
2541,0.0
2542,0.0
2543,0.0
2544,0.0
2545,0.0
2546,0.0
2547,0.0
2548,0.0
2549,0.0
2550,0.07149
2551,0.27886
2552,0.46888
2553,0.60521
2554,0.69698
2555,0.7473200000000001
2556,0.7159800000000001
2557,0.63775
2558,0.51075
2559,0.31457
2560,0.13944
2561,0.01482
2562,0.0
2563,0.0
2564,0.0
2565,0.0
2566,0.0
2567,0.0
2568,0.0
2569,0.0
2570,0.0
2571,0.0
2572,0.0
2573,0.0
2574,0.06836
2575,0.28047000000000005
2576,0.45731
2577,0.58548
2578,0.68449
2579,0.71353
2580,0.71109
2581,0.5967
2582,0.49435
2583,0.33509
2584,0.16688
2585,0.013130000000000001
2586,0.0
2587,0.0
2588,0.0
2589,0.0
2590,0.0
2591,0.0
2592,0.0
2593,0.0
2594,0.0
2595,0.0
2596,0.0
2597,0.0
2598,0.05826
2599,0.22798
2600,0.34625
2601,0.505
2602,0.60346
2603,0.64201
2604,0.59211
2605,0.5415099999999999
2606,0.39061
2607,0.25904000000000005
2608,0.11945
2609,0.023739999999999997
2610,0.0
2611,0.0
2612,0.0
2613,0.0
2614,0.0
2615,0.0
2616,0.0
2617,0.0
2618,0.0
2619,0.0
2620,0.0
2621,0.0
2622,0.06620000000000001
2623,0.22531
2624,0.40731
2625,0.55914
2626,0.66276
2627,0.62478
2628,0.6187
2629,0.5326900000000001
2630,0.43182
2631,0.26552
2632,0.10101
2633,0.02266
2634,0.0
2635,0.0
2636,0.0
2637,0.0
2638,0.0
2639,0.0
2640,0.0
2641,0.0
2642,0.0
2643,0.0
2644,0.0
2645,0.0
2646,0.05442
2647,0.25743
2648,0.44462999999999997
2649,0.54457
2650,0.65734
2651,0.71346
2652,0.6402899999999999
2653,0.6106
2654,0.42499000000000003
2655,0.30671
2656,0.13803
2657,0.019399999999999997
2658,0.0
2659,0.0
2660,0.0
2661,0.0
2662,0.0
2663,0.0
2664,0.0
2665,0.0
2666,0.0
2667,0.0
2668,0.0
2669,0.0
2670,0.05085
2671,0.21218
2672,0.37063999999999997
2673,0.53486
2674,0.57
2675,0.64391
2676,0.55125
2677,0.53413
2678,0.41216
2679,0.28475
2680,0.12778
2681,0.0233
2682,0.0
2683,0.0
2684,0.0
2685,0.0
2686,0.0
2687,0.0
2688,0.0
2689,0.0
2690,0.0
2691,0.0
2692,0.0
2693,0.0
2694,0.04496
2695,0.15396
2696,0.20604
2697,0.44156
2698,0.53626
2699,0.6459
2700,0.59274
2701,0.6021299999999999
2702,0.50469
2703,0.31997000000000003
2704,0.13705
2705,0.01589
2706,0.0
2707,0.0
2708,0.0
2709,0.0
2710,0.0
2711,0.0
2712,0.0
2713,0.0
2714,0.0
2715,0.0
2716,0.0
2717,0.0
2718,0.05001
2719,0.13744
2720,0.30534
2721,0.38189999999999996
2722,0.51547
2723,0.5978
2724,0.62088
2725,0.63688
2726,0.47983
2727,0.32086000000000003
2728,0.15128999999999998
2729,0.01509
2730,0.0
2731,0.0
2732,0.0
2733,0.0
2734,0.0
2735,0.0
2736,0.0
2737,0.0
2738,0.0
2739,0.0
2740,0.0
2741,0.0
2742,0.04607
2743,0.22788
2744,0.42507
2745,0.59485
2746,0.6335299999999999
2747,0.68024
2748,0.6674
2749,0.59582
2750,0.49091
2751,0.28955000000000003
2752,0.15907
2753,0.01494
2754,0.0
2755,0.0
2756,0.0
2757,0.0
2758,0.0
2759,0.0
2760,0.0
2761,0.0
2762,0.0
2763,0.0
2764,0.0
2765,0.0
2766,0.07246999999999999
2767,0.27484
2768,0.44151
2769,0.5869800000000001
2770,0.66192
2771,0.7237100000000001
2772,0.68687
2773,0.58561
2774,0.48729
2775,0.32127
2776,0.13728
2777,0.013349999999999999
2778,0.0
2779,0.0
2780,0.0
2781,0.0
2782,0.0
2783,0.0
2784,0.0
2785,0.0
2786,0.0
2787,0.0
2788,0.0
2789,0.0
2790,0.06956999999999999
2791,0.2655
2792,0.44556999999999997
2793,0.5664199999999999
2794,0.67176
2795,0.72839
2796,0.6744600000000001
2797,0.6213500000000001
2798,0.52474
2799,0.32794
2800,0.15888999999999998
2801,0.017920000000000002
2802,0.0
2803,0.0
2804,0.0
2805,0.0
2806,0.0
2807,0.0
2808,0.0
2809,0.0
2810,0.0
2811,0.0
2812,0.0
2813,0.0
2814,0.0695
2815,0.2702
2816,0.41486
2817,0.5484
2818,0.68398
2819,0.7120599999999999
2820,0.66131
2821,0.59863
2822,0.48204
2823,0.32994
2824,0.15425999999999998
2825,0.015380000000000001
2826,0.0
2827,0.0
2828,0.0
2829,0.0
2830,0.0
2831,0.0
2832,0.0
2833,0.0
2834,0.0
2835,0.0
2836,0.0
2837,0.0
2838,0.07096
2839,0.25011
2840,0.42117
2841,0.53434
2842,0.59837
2843,0.63634
2844,0.60436
2845,0.53887
2846,0.35845
2847,0.29170999999999997
2848,0.13797
2849,0.02901
2850,0.0
2851,0.0
2852,0.0
2853,0.0
2854,0.0
2855,0.0
2856,0.0
2857,0.0
2858,0.0
2859,0.0
2860,0.0
2861,0.0
2862,0.06114
2863,0.22390000000000002
2864,0.35856
2865,0.5392
2866,0.5884400000000001
2867,0.6004400000000001
2868,0.5526599999999999
2869,0.5752
2870,0.37827
2871,0.2727
2872,0.10243000000000001
2873,0.02172
2874,0.0
2875,0.0
2876,0.0
2877,0.0
2878,0.0
2879,0.0
2880,0.0
2881,0.0
2882,0.0
2883,0.0
2884,0.0
2885,0.0
2886,0.04514
2887,0.14221999999999999
2888,0.32076
2889,0.43269
2890,0.5395700000000001
2891,0.60998
2892,0.5339400000000001
2893,0.52474
2894,0.4279
2895,0.23668
2896,0.11464
2897,0.02965
2898,0.0
2899,0.0
2900,0.0
2901,0.0
2902,0.0
2903,0.0
2904,0.0
2905,0.0
2906,0.0
2907,0.0
2908,0.0
2909,0.0
2910,0.05422
2911,0.2424
2912,0.42784
2913,0.5791900000000001
2914,0.6552899999999999
2915,0.6891799999999999
2916,0.67723
2917,0.5686599999999999
2918,0.4143
2919,0.31594
2920,0.13881
2921,0.01798
2922,0.0
2923,0.0
2924,0.0
2925,0.0
2926,0.0
2927,0.0
2928,0.0
2929,0.0
2930,0.0
2931,0.0
2932,0.0
2933,0.0
2934,0.054340000000000006
2935,0.21691
2936,0.31953
2937,0.5344
2938,0.59741
2939,0.6487
2940,0.6414500000000001
2941,0.51446
2942,0.39669
2943,0.26339
2944,0.12046
2945,0.027149999999999997
2946,0.0
2947,0.0
2948,0.0
2949,0.0
2950,0.0
2951,0.0
2952,0.0
2953,0.0
2954,0.0
2955,0.0
2956,0.0
2957,0.0
2958,0.02674
2959,0.1421
2960,0.25376
2961,0.43045
2962,0.45461
2963,0.5096499999999999
2964,0.42637
2965,0.41855000000000003
2966,0.30889
2967,0.18084999999999998
2968,0.1165
2969,0.0289
2970,0.0
2971,0.0
2972,0.0
2973,0.0
2974,0.0
2975,0.0
2976,0.0
2977,0.0
2978,0.0
2979,0.0
2980,0.0
2981,0.0
2982,0.04009
2983,0.14059
2984,0.30038
2985,0.44882
2986,0.48410000000000003
2987,0.54769
2988,0.63416
2989,0.5477799999999999
2990,0.44672
2991,0.28936
2992,0.11467000000000001
2993,0.02076
2994,0.0
2995,0.0
2996,0.0
2997,0.0
2998,0.0
2999,0.0
3000,0.0
3001,0.0
3002,0.0
3003,0.0
3004,0.0
3005,0.0
3006,0.044270000000000004
3007,0.14561000000000002
3008,0.30376
3009,0.40347000000000005
3010,0.37004000000000004
3011,0.34049
3012,0.41424
3013,0.52413
3014,0.42587
3015,0.29469
3016,0.12613
3017,0.0253
3018,0.0
3019,0.0
3020,0.0
3021,0.0
3022,0.0
3023,0.0
3024,0.0
3025,0.0
3026,0.0
3027,0.0
3028,0.0
3029,0.0
3030,0.036590000000000004
3031,0.10878
3032,0.21758000000000002
3033,0.35002
3034,0.44063
3035,0.51447
3036,0.56004
3037,0.5431900000000001
3038,0.46237
3039,0.28139
3040,0.10762999999999999
3041,0.027120000000000002
3042,0.0
3043,0.0
3044,0.0
3045,0.0
3046,0.0
3047,0.0
3048,0.0
3049,0.0
3050,0.0
3051,0.0
3052,0.0
3053,0.0
3054,0.06038
3055,0.23689
3056,0.42475999999999997
3057,0.5461699999999999
3058,0.58187
3059,0.5336799999999999
3060,0.53896
3061,0.53544
3062,0.42047
3063,0.29098
3064,0.12849000000000002
3065,0.02607
3066,0.0
3067,0.0
3068,0.0
3069,0.0
3070,0.0
3071,0.0
3072,0.0
3073,0.0
3074,0.0
3075,0.0
3076,0.0
3077,0.0
3078,0.07124
3079,0.25554
3080,0.39536
3081,0.5398999999999999
3082,0.6254
3083,0.61118
3084,0.62658
3085,0.5318099999999999
3086,0.41186
3087,0.29664999999999997
3088,0.10189
3089,0.01909
3090,0.0
3091,0.0
3092,0.0
3093,0.0
3094,0.0
3095,0.0
3096,0.0
3097,0.0
3098,0.0
3099,0.0
3100,0.0
3101,0.0
3102,0.06433
3103,0.24228
3104,0.42187
3105,0.53054
3106,0.57563
3107,0.67843
3108,0.6227699999999999
3109,0.52867
3110,0.40519
3111,0.27425
3112,0.1124
3113,0.01685
3114,0.0
3115,0.0
3116,0.0
3117,0.0
3118,0.0
3119,0.0
3120,0.0
3121,0.0
3122,0.0
3123,0.0
3124,0.0
3125,0.0
3126,0.06927
3127,0.24475999999999998
3128,0.41337999999999997
3129,0.5047699999999999
3130,0.5858300000000001
3131,0.63421
3132,0.5561799999999999
3133,0.52086
3134,0.41407
3135,0.25433
3136,0.11952
3137,0.015449999999999998
3138,0.0
3139,0.0
3140,0.0
3141,0.0
3142,0.0
3143,0.0
3144,0.0
3145,0.0
3146,0.0
3147,0.0
3148,0.0
3149,0.0
3150,0.06341
3151,0.23077
3152,0.40095
3153,0.51154
3154,0.56699
3155,0.5584
3156,0.57099
3157,0.49645999999999996
3158,0.348
3159,0.24938999999999997
3160,0.10815000000000001
3161,0.026699999999999998
3162,0.0
3163,0.0
3164,0.0
3165,0.0
3166,0.0
3167,0.0
3168,0.0
3169,0.0
3170,0.0
3171,0.0
3172,0.0
3173,0.0
3174,0.0475
3175,0.15328999999999998
3176,0.36694
3177,0.4012
3178,0.5577799999999999
3179,0.57528
3180,0.52373
3181,0.45557
3182,0.32022
3183,0.25352
3184,0.10018
3185,0.02583
3186,0.0
3187,0.0
3188,0.0
3189,0.0
3190,0.0
3191,0.0
3192,0.0
3193,0.0
3194,0.0
3195,0.0
3196,0.0
3197,0.0
3198,0.059340000000000004
3199,0.21144
3200,0.33096
3201,0.29373
3202,0.40519
3203,0.42589
3204,0.48905
3205,0.58911
3206,0.47797
3207,0.32405
3208,0.13595
3209,0.01715
3210,0.0
3211,0.0
3212,0.0
3213,0.0
3214,0.0
3215,0.0
3216,0.0
3217,0.0
3218,0.0
3219,0.0
3220,0.0
3221,0.0
3222,0.06434999999999999
3223,0.25695999999999997
3224,0.42857
3225,0.54837
3226,0.60463
3227,0.6602
3228,0.6386900000000001
3229,0.55262
3230,0.468
3231,0.28955000000000003
3232,0.13637
3233,0.01465
3234,0.0
3235,0.0
3236,0.0
3237,0.0
3238,0.0
3239,0.0
3240,0.0
3241,0.0
3242,0.0
3243,0.0
3244,0.0
3245,0.0
3246,0.06687
3247,0.23197
3248,0.38258
3249,0.50327
3250,0.57049
3251,0.5673400000000001
3252,0.5962000000000001
3253,0.51019
3254,0.37248000000000003
3255,0.2741
3256,0.13344
3257,0.032490000000000005
3258,0.0
3259,0.0
3260,0.0
3261,0.0
3262,0.0
3263,0.0
3264,0.0
3265,0.0
3266,0.0
3267,0.0
3268,0.0
3269,0.0
3270,0.036590000000000004
3271,0.16046000000000002
3272,0.36377
3273,0.51438
3274,0.5644199999999999
3275,0.58052
3276,0.54004
3277,0.42243
3278,0.25006
3279,0.19882
3280,0.12162
3281,0.02466
3282,0.0
3283,0.0
3284,0.0
3285,0.0
3286,0.0
3287,0.0
3288,0.0
3289,0.0
3290,0.0
3291,0.0
3292,0.0
3293,0.0
3294,0.06518
3295,0.23341
3296,0.39686
3297,0.48164999999999997
3298,0.51524
3299,0.62576
3300,0.61015
3301,0.47636
3302,0.45032
3303,0.29087999999999997
3304,0.1146
3305,0.02159
3306,0.0
3307,0.0
3308,0.0
3309,0.0
3310,0.0
3311,0.0
3312,0.0
3313,0.0
3314,0.0
3315,0.0
3316,0.0
3317,0.0
3318,0.03712
3319,0.13671
3320,0.27954
3321,0.40872
3322,0.4517
3323,0.44816
3324,0.2313
3325,0.367
3326,0.29195
3327,0.20418
3328,0.08574
3329,0.02207
3330,0.0
3331,0.0
3332,0.0
3333,0.0
3334,0.0
3335,0.0
3336,0.0
3337,0.0
3338,0.0
3339,0.0
3340,0.0
3341,0.0
3342,0.05958
3343,0.22826
3344,0.38861
3345,0.50801
3346,0.6041
3347,0.6207699999999999
3348,0.60911
3349,0.5570900000000001
3350,0.45135000000000003
3351,0.30004000000000003
3352,0.12208
3353,0.015880000000000002
3354,0.0
3355,0.0
3356,0.0
3357,0.0
3358,0.0
3359,0.0
3360,0.0
3361,0.0
3362,0.0
3363,0.0
3364,0.0
3365,0.0
3366,0.056659999999999995
3367,0.23942
3368,0.404
3369,0.55311
3370,0.61511
3371,0.6645700000000001
3372,0.62687
3373,0.56277
3374,0.45633999999999997
3375,0.29966000000000004
3376,0.13523
3377,0.01307
3378,0.0
3379,0.0
3380,0.0
3381,0.0
3382,0.0
3383,0.0
3384,0.0
3385,0.0
3386,0.0
3387,0.0
3388,0.0
3389,0.0
3390,0.07066
3391,0.25196
3392,0.43413999999999997
3393,0.5471
3394,0.62013
3395,0.6537000000000001
3396,0.6366900000000001
3397,0.5496
3398,0.47174
3399,0.2908
3400,0.13447
3401,0.02442
3402,0.0
3403,0.0
3404,0.0
3405,0.0
3406,0.0
3407,0.0
3408,0.0
3409,0.0
3410,0.0
3411,0.0
3412,0.0
3413,0.0
3414,0.06562
3415,0.14312
3416,0.29874
3417,0.40386
3418,0.48957999999999996
3419,0.43776
3420,0.5205700000000001
3421,0.47024
3422,0.44248000000000004
3423,0.25014
3424,0.11561
3425,0.02323
3426,0.0
3427,0.0
3428,0.0
3429,0.0
3430,0.0
3431,0.0
3432,0.0
3433,0.0
3434,0.0
3435,0.0
3436,0.0
3437,0.0
3438,0.06941
3439,0.25064
3440,0.42146
3441,0.48285
3442,0.60856
3443,0.64151
3444,0.5825499999999999
3445,0.5338999999999999
3446,0.41306
3447,0.25427
3448,0.13373
3449,0.019030000000000002
3450,0.0
3451,0.0
3452,0.0
3453,0.0
3454,0.0
3455,0.0
3456,0.0
3457,0.0
3458,0.0
3459,0.0
3460,0.0
3461,0.0
3462,0.06752
3463,0.22916999999999998
3464,0.39959
3465,0.52761
3466,0.6082799999999999
3467,0.61437
3468,0.56547
3469,0.51278
3470,0.41452
3471,0.24689
3472,0.10805
3473,0.01503
3474,0.0
3475,0.0
3476,0.0
3477,0.0
3478,0.0
3479,0.0
3480,0.0
3481,0.0
3482,0.0
3483,0.0
3484,0.0
3485,0.0
3486,0.06391
3487,0.22218000000000002
3488,0.35162
3489,0.46708999999999995
3490,0.5290199999999999
3491,0.5743400000000001
3492,0.5201699999999999
3493,0.49257999999999996
3494,0.42202
3495,0.3034
3496,0.13977
3497,0.01948
3498,0.0
3499,0.0
3500,0.0
3501,0.0
3502,0.0
3503,0.0
3504,0.0
3505,0.0
3506,0.0
3507,0.0
3508,0.0
3509,0.0
3510,0.03055
3511,0.18318
3512,0.35608999999999996
3513,0.44574
3514,0.48521
3515,0.54506
3516,0.5842200000000001
3517,0.51425
3518,0.34870999999999996
3519,0.30929
3520,0.11234000000000001
3521,0.0197
3522,0.0
3523,0.0
3524,0.0
3525,0.0
3526,0.0
3527,0.0
3528,0.0
3529,0.0
3530,0.0
3531,0.0
3532,0.0
3533,0.0
3534,0.04639
3535,0.15952000000000002
3536,0.31989999999999996
3537,0.40544
3538,0.54476
3539,0.59154
3540,0.5309299999999999
3541,0.48813
3542,0.36389
3543,0.17186
3544,0.04516
3545,0.01616
3546,0.0
3547,0.0
3548,0.0
3549,0.0
3550,0.0
3551,0.0
3552,0.0
3553,0.0
3554,0.0
3555,0.0
3556,0.0
3557,0.0
3558,0.05852
3559,0.20674
3560,0.28424
3561,0.39008
3562,0.51283
3563,0.59153
3564,0.56331
3565,0.41368
3566,0.39394
3567,0.25205
3568,0.10989
3569,0.02121
3570,0.0
3571,0.0
3572,0.0
3573,0.0
3574,0.0
3575,0.0
3576,0.0
3577,0.0
3578,0.0
3579,0.0
3580,0.0
3581,0.0
3582,0.013859999999999999
3583,0.054119999999999994
3584,0.09625
3585,0.06674
3586,0.13628
3587,0.14349
3588,0.2873
3589,0.38306
3590,0.18828
3591,0.169
3592,0.05557
3593,0.019710000000000002
3594,0.0
3595,0.0
3596,0.0
3597,0.0
3598,0.0
3599,0.0
3600,0.0
3601,0.0
3602,0.0
3603,0.0
3604,0.0
3605,0.0
3606,0.04543
3607,0.14986000000000002
3608,0.26209
3609,0.30855
3610,0.51295
3611,0.514
3612,0.54961
3613,0.48606
3614,0.40536
3615,0.23776
3616,0.07343999999999999
3617,0.01293
3618,0.0
3619,0.0
3620,0.0
3621,0.0
3622,0.0
3623,0.0
3624,0.0
3625,0.0
3626,0.0
3627,0.0
3628,0.0
3629,0.0
3630,0.03587
3631,0.14792
3632,0.21366
3633,0.39377
3634,0.49056
3635,0.53537
3636,0.55264
3637,0.56911
3638,0.40009
3639,0.30559
3640,0.1323
3641,0.01509
3642,0.0
3643,0.0
3644,0.0
3645,0.0
3646,0.0
3647,0.0
3648,0.0
3649,0.0
3650,0.0
3651,0.0
3652,0.0
3653,0.0
3654,0.03591
3655,0.15353
3656,0.26777
3657,0.51818
3658,0.57377
3659,0.56491
3660,0.57824
3661,0.4526
3662,0.38905
3663,0.25695
3664,0.11957
3665,0.02591
3666,0.0
3667,0.0
3668,0.0
3669,0.0
3670,0.0
3671,0.0
3672,0.0
3673,0.0
3674,0.0
3675,0.0
3676,0.0
3677,0.0
3678,0.0503
3679,0.21315
3680,0.33391000000000004
3681,0.50885
3682,0.56938
3683,0.58138
3684,0.5669099999999999
3685,0.5542699999999999
3686,0.45869
3687,0.29885
3688,0.11944
3689,0.01846
3690,0.0
3691,0.0
3692,0.0
3693,0.0
3694,0.0
3695,0.0
3696,0.0
3697,0.0
3698,0.0
3699,0.0
3700,0.0
3701,0.0
3702,0.04969
3703,0.20013999999999998
3704,0.37223
3705,0.53071
3706,0.59833
3707,0.6112799999999999
3708,0.6191
3709,0.51485
3710,0.44736000000000004
3711,0.28748
3712,0.1366
3713,0.0145
3714,0.0
3715,0.0
3716,0.0
3717,0.0
3718,0.0
3719,0.0
3720,0.0
3721,0.0
3722,0.0
3723,0.0
3724,0.0
3725,0.0
3726,0.05792
3727,0.21073
3728,0.41681999999999997
3729,0.52228
3730,0.5288999999999999
3731,0.53299
3732,0.57757
3733,0.49052999999999997
3734,0.40319
3735,0.26006999999999997
3736,0.1441
3737,0.01718
3738,0.0
3739,0.0
3740,0.0
3741,0.0
3742,0.0
3743,0.0
3744,0.0
3745,0.0
3746,0.0
3747,0.0
3748,0.0
3749,0.0
3750,0.05119
3751,0.21902000000000002
3752,0.3319
3753,0.36569999999999997
3754,0.49212
3755,0.49962
3756,0.56429
3757,0.50204
3758,0.35798
3759,0.25457
3760,0.12699
3761,0.02466
3762,0.0
3763,0.0
3764,0.0
3765,0.0
3766,0.0
3767,0.0
3768,0.0
3769,0.0
3770,0.0
3771,0.0
3772,0.0
3773,0.0
3774,0.058
3775,0.23251
3776,0.40001
3777,0.47499
3778,0.58814
3779,0.61112
3780,0.54225
3781,0.50231
3782,0.39884
3783,0.27602
3784,0.13609000000000002
3785,0.027690000000000003
3786,0.0
3787,0.0
3788,0.0
3789,0.0
3790,0.0
3791,0.0
3792,0.0
3793,0.0
3794,0.0
3795,0.0
3796,0.0
3797,0.0
3798,0.055630000000000006
3799,0.20072
3800,0.34302999999999995
3801,0.50184
3802,0.5572699999999999
3803,0.6284099999999999
3804,0.52855
3805,0.53214
3806,0.38437
3807,0.25999
3808,0.10759
3809,0.01975
3810,0.0
3811,0.0
3812,0.0
3813,0.0
3814,0.0
3815,0.0
3816,0.0
3817,0.0
3818,0.0
3819,0.0
3820,0.0
3821,0.0
3822,0.0649
3823,0.22827
3824,0.27574
3825,0.49586
3826,0.5760599999999999
3827,0.57545
3828,0.5100899999999999
3829,0.47817000000000004
3830,0.36018
3831,0.17686000000000002
3832,0.11059000000000001
3833,0.03229
3834,0.0
3835,0.0
3836,0.0
3837,0.0
3838,0.0
3839,0.0
3840,0.0
3841,0.0
3842,0.0
3843,0.0
3844,0.0
3845,0.0
3846,0.00828
3847,0.03455
3848,0.11793000000000001
3849,0.09182
3850,0.09018999999999999
3851,0.10904000000000001
3852,0.1688
3853,0.184
3854,0.18099
3855,0.12254000000000001
3856,0.08983
3857,0.0308
3858,0.0
3859,0.0
3860,0.0
3861,0.0
3862,0.0
3863,0.0
3864,0.0
3865,0.0
3866,0.0
3867,0.0
3868,0.0
3869,0.0
3870,0.046619999999999995
3871,0.20956
3872,0.31742000000000004
3873,0.46092
3874,0.52525
3875,0.6112799999999999
3876,0.59584
3877,0.47573000000000004
3878,0.37089999999999995
3879,0.29604
3880,0.1273
3881,0.02985
3882,0.0
3883,0.0
3884,0.0
3885,0.0
3886,0.0
3887,0.0
3888,0.0
3889,0.0
3890,0.0
3891,0.0
3892,0.0
3893,0.0
3894,0.060399999999999995
3895,0.24162
3896,0.40938
3897,0.5458
3898,0.60729
3899,0.62315
3900,0.57727
3901,0.50316
3902,0.36869999999999997
3903,0.23544
3904,0.12841999999999998
3905,0.02662
3906,0.0
3907,0.0
3908,0.0
3909,0.0
3910,0.0
3911,0.0
3912,0.0
3913,0.0
3914,0.0
3915,0.0
3916,0.0
3917,0.0
3918,0.04573
3919,0.21816
3920,0.40095
3921,0.47766000000000003
3922,0.5317999999999999
3923,0.61705
3924,0.57136
3925,0.54026
3926,0.46404
3927,0.31193
3928,0.12129000000000001
3929,0.01747
3930,0.0
3931,0.0
3932,0.0
3933,0.0
3934,0.0
3935,0.0
3936,0.0
3937,0.0
3938,0.0
3939,0.0
3940,0.0
3941,0.0
3942,0.04969
3943,0.21352000000000002
3944,0.38767
3945,0.47334
3946,0.56383
3947,0.6111599999999999
3948,0.6088
3949,0.51967
3950,0.3038
3951,0.24165
3952,0.11456999999999999
3953,0.02189
3954,0.0
3955,0.0
3956,0.0
3957,0.0
3958,0.0
3959,0.0
3960,0.0
3961,0.0
3962,0.0
3963,0.0
3964,0.0
3965,0.0
3966,0.019149999999999997
3967,0.12757
3968,0.16465000000000002
3969,0.30543
3970,0.38665
3971,0.49434
3972,0.40325
3973,0.43389
3974,0.35075
3975,0.22216
3976,0.11048999999999999
3977,0.03593
3978,0.0
3979,0.0
3980,0.0
3981,0.0
3982,0.0
3983,0.0
3984,0.0
3985,0.0
3986,0.0
3987,0.0
3988,0.0
3989,0.0
3990,0.04229
3991,0.20701
3992,0.3443
3993,0.46329000000000004
3994,0.56061
3995,0.59904
3996,0.55806
3997,0.41756
3998,0.39003
3999,0.25844
4000,0.12539
4001,0.03429
4002,0.0
4003,0.0
4004,0.0
4005,0.0
4006,0.0
4007,0.0
4008,0.0
4009,0.0
4010,0.0
4011,0.0
4012,0.0
4013,0.0
4014,0.04793
4015,0.16649
4016,0.28975
4017,0.42228
4018,0.52143
4019,0.51432
4020,0.55649
4021,0.48031999999999997
4022,0.42317
4023,0.28402
4024,0.12829
4025,0.019960000000000002
4026,0.0
4027,0.0
4028,0.0
4029,0.0
4030,0.0
4031,0.0
4032,0.0
4033,0.0
4034,0.0
4035,0.0
4036,0.0
4037,0.0
4038,0.0538
4039,0.19909000000000002
4040,0.35775
4041,0.47348
4042,0.41835
4043,0.41376
4044,0.48067000000000004
4045,0.53031
4046,0.41618
4047,0.26841000000000004
4048,0.13322
4049,0.034210000000000004
4050,0.0
4051,0.0
4052,0.0
4053,0.0
4054,0.0
4055,0.0
4056,0.0
4057,0.0
4058,0.0
4059,0.0
4060,0.0
4061,0.0
4062,0.04514
4063,0.16768
4064,0.3093
4065,0.43404000000000004
4066,0.47834
4067,0.54923
4068,0.53239
4069,0.54311
4070,0.3703
4071,0.25393
4072,0.12631
4073,0.03558
4074,0.0
4075,0.0
4076,0.0
4077,0.0
4078,0.0
4079,0.0
4080,0.0
4081,0.0
4082,0.0
4083,0.0
4084,0.0
4085,0.0
4086,0.02097
4087,0.04432
4088,0.20388
4089,0.28164
4090,0.39726
4091,0.44554000000000005
4092,0.48542
4093,0.48636
4094,0.26138
4095,0.14531
4096,0.09175
4097,0.0371
4098,0.0
4099,0.0
4100,0.0
4101,0.0
4102,0.0
4103,0.0
4104,0.0
4105,0.0
4106,0.0
4107,0.0
4108,0.0
4109,0.0
4110,0.05411
4111,0.2137
4112,0.38048000000000004
4113,0.45917
4114,0.55191
4115,0.58093
4116,0.49812
4117,0.55084
4118,0.36841
4119,0.19201
4120,0.08791
4121,0.01413
4122,0.0
4123,0.0
4124,0.0
4125,0.0
4126,0.0
4127,0.0
4128,0.0
4129,0.0
4130,0.0
4131,0.0
4132,0.0
4133,0.0
4134,0.054920000000000004
4135,0.23124
4136,0.40586
4137,0.49527
4138,0.6116900000000001
4139,0.6252000000000001
4140,0.63998
4141,0.5514
4142,0.44737
4143,0.28831
4144,0.13792
4145,0.02569
4146,0.0
4147,0.0
4148,0.0
4149,0.0
4150,0.0
4151,0.0
4152,0.0
4153,0.0
4154,0.0
4155,0.0
4156,0.0
4157,0.0
4158,0.0572
4159,0.22512000000000001
4160,0.3907
4161,0.47089
4162,0.60582
4163,0.6304099999999999
4164,0.62826
4165,0.52936
4166,0.48844
4167,0.31573
4168,0.15024
4169,0.018699999999999998
4170,0.0
4171,0.0
4172,0.0
4173,0.0
4174,0.0
4175,0.0
4176,0.0
4177,0.0
4178,0.0
4179,0.0
4180,0.0
4181,0.0
4182,0.05525
4183,0.22636
4184,0.39956
4185,0.51975
4186,0.59421
4187,0.6374299999999999
4188,0.59856
4189,0.59441
4190,0.49534
4191,0.33394
4192,0.13137000000000001
4193,0.018539999999999997
4194,0.0
4195,0.0
4196,0.0
4197,0.0
4198,0.0
4199,0.0
4200,0.0
4201,0.0
4202,0.0
4203,0.0
4204,0.0
4205,0.0
4206,0.05679
4207,0.23354
4208,0.37992000000000004
4209,0.5035
4210,0.5636599999999999
4211,0.62986
4212,0.67003
4213,0.6109600000000001
4214,0.50098
4215,0.33956000000000003
4216,0.15677000000000002
4217,0.019760000000000003
4218,0.0
4219,0.0
4220,0.0
4221,0.0
4222,0.0
4223,0.0
4224,0.0
4225,0.0
4226,0.0
4227,0.0
4228,0.0
4229,0.0
4230,0.02921
4231,0.13188999999999998
4232,0.16372
4233,0.21422
4234,0.41996
4235,0.33283999999999997
4236,0.39582
4237,0.46244
4238,0.28020999999999996
4239,0.25596
4240,0.10039000000000001
4241,0.04315
4242,0.0
4243,0.0
4244,0.0
4245,0.0
4246,0.0
4247,0.0
4248,0.0
4249,0.0
4250,0.0
4251,0.0
4252,0.0
4253,0.0
4254,0.03161
4255,0.10006999999999999
4256,0.27269
4257,0.40502
4258,0.43971
4259,0.49329
4260,0.48589
4261,0.41773000000000005
4262,0.29783
4263,0.21568
4264,0.13717
4265,0.03425
4266,0.0
4267,0.0
4268,0.0
4269,0.0
4270,0.0
4271,0.0
4272,0.0
4273,0.0
4274,0.0
4275,0.0
4276,0.0
4277,0.0
4278,0.04158
4279,0.17663
4280,0.36883
4281,0.4637
4282,0.58088
4283,0.6116699999999999
4284,0.63129
4285,0.45683999999999997
4286,0.31829
4287,0.18869
4288,0.032369999999999996
4289,0.00309
4290,0.0
4291,0.0
4292,0.0
4293,0.0
4294,0.0
4295,0.0
4296,0.0
4297,0.0
4298,0.0
4299,0.0
4300,0.0
4301,0.0
4302,0.03598
4303,0.13613
4304,0.28414
4305,0.31017
4306,0.42561
4307,0.54967
4308,0.53725
4309,0.57347
4310,0.49218
4311,0.31256
4312,0.15253999999999998
4313,0.03393
4314,0.0
4315,0.0
4316,0.0
4317,0.0
4318,0.0
4319,0.0
4320,0.0
4321,0.0
4322,0.0
4323,0.0
4324,0.0
4325,0.0
4326,0.03357
4327,0.16046000000000002
4328,0.32125
4329,0.45764
4330,0.58209
4331,0.60778
4332,0.6052000000000001
4333,0.57216
4334,0.41892
4335,0.29977
4336,0.15091
4337,0.02457
4338,0.0
4339,0.0
4340,0.0
4341,0.0
4342,0.0
4343,0.0
4344,0.0
4345,0.0
4346,0.0
4347,0.0
4348,0.0
4349,0.0
4350,0.04779
4351,0.17895
4352,0.35052
4353,0.46303
4354,0.5483
4355,0.56517
4356,0.54712
4357,0.42227
4358,0.31165
4359,0.22503
4360,0.13635
4361,0.03471
4362,0.0
4363,0.0
4364,0.0
4365,0.0
4366,0.0
4367,0.0
4368,0.0
4369,0.0
4370,0.0
4371,0.0
4372,0.0
4373,0.0
4374,0.03872
4375,0.11238
4376,0.32556999999999997
4377,0.418
4378,0.50951
4379,0.51132
4380,0.38338
4381,0.2906
4382,0.28476
4383,0.17151
4384,0.0805
4385,0.03692
4386,0.0
4387,0.0
4388,0.0
4389,0.0
4390,0.0
4391,0.0
4392,0.0
4393,0.0
4394,0.0
4395,0.0
4396,0.0
4397,0.0
4398,0.041210000000000004
4399,0.13335
4400,0.25017
4401,0.43943
4402,0.5139199999999999
4403,0.56787
4404,0.595
4405,0.55344
4406,0.34712
4407,0.22907
4408,0.10406
4409,0.03415
4410,0.0
4411,0.0
4412,0.0
4413,0.0
4414,0.0
4415,0.0
4416,0.0
4417,0.0
4418,0.0
4419,0.0
4420,0.0
4421,0.0
4422,0.04984
4423,0.20992
4424,0.37275
4425,0.50618
4426,0.538
4427,0.58299
4428,0.5397000000000001
4429,0.50991
4430,0.37331
4431,0.17083
4432,0.09586
4433,0.0325
4434,0.0
4435,0.0
4436,0.0
4437,0.0
4438,0.0
4439,0.0
4440,0.0
4441,0.0
4442,0.0
4443,0.0
4444,0.0
4445,0.0
4446,0.033530000000000004
4447,0.15831
4448,0.2998
4449,0.45732999999999996
4450,0.54231
4451,0.56975
4452,0.59438
4453,0.5063799999999999
4454,0.42055000000000003
4455,0.27738
4456,0.12481999999999999
4457,0.03653
4458,0.0
4459,0.0
4460,0.0
4461,0.0
4462,0.0
4463,0.0
4464,0.0
4465,0.0
4466,0.0
4467,0.0
4468,0.0
4469,0.0
4470,0.04051
4471,0.19205
4472,0.25736000000000003
4473,0.45002
4474,0.5195700000000001
4475,0.60387
4476,0.59397
4477,0.45567
4478,0.4367
4479,0.24642
4480,0.10266
4481,0.040310000000000006
4482,0.0
4483,0.0
4484,0.0
4485,0.0
4486,0.0
4487,0.0
4488,0.0
4489,0.0
4490,0.0
4491,0.0
4492,0.0
4493,0.0
4494,0.03517
4495,0.14822
4496,0.22118000000000002
4497,0.33208
4498,0.40818
4499,0.48036
4500,0.34270999999999996
4501,0.34107
4502,0.26209
4503,0.127
4504,0.05734
4505,0.03369
4506,0.0
4507,0.0
4508,0.0
4509,0.0
4510,0.0
4511,0.0
4512,0.0
4513,0.0
4514,0.0
4515,0.0
4516,0.0
4517,0.0
4518,0.015
4519,0.07862000000000001
4520,0.18875
4521,0.30412
4522,0.45358
4523,0.58617
4524,0.48913999999999996
4525,0.48302
4526,0.31318
4527,0.21249
4528,0.09799
4529,0.02853
4530,0.0
4531,0.0
4532,0.0
4533,0.0
4534,0.0
4535,0.0
4536,0.0
4537,0.0
4538,0.0
4539,0.0
4540,0.0
4541,0.0
4542,0.04725
4543,0.20225
4544,0.38031
4545,0.52664
4546,0.57317
4547,0.60021
4548,0.50915
4549,0.50834
4550,0.45962000000000003
4551,0.30932
4552,0.14949
4553,0.02502
4554,0.0
4555,0.0
4556,0.0
4557,0.0
4558,0.0
4559,0.0
4560,0.0
4561,0.0
4562,0.0
4563,0.0
4564,0.0
4565,0.0
4566,0.04167
4567,0.18356999999999998
4568,0.39464
4569,0.46826999999999996
4570,0.58209
4571,0.5892000000000001
4572,0.64101
4573,0.49484
4574,0.41278
4575,0.26085
4576,0.13338
4577,0.03641
4578,0.0
4579,0.0
4580,0.0
4581,0.0
4582,0.0
4583,0.0
4584,0.0
4585,0.0
4586,0.0
4587,0.0
4588,0.0
4589,0.0
4590,0.03499
4591,0.12444
4592,0.18205000000000002
4593,0.22779
4594,0.38564
4595,0.43139999999999995
4596,0.47434
4597,0.24594
4598,0.23761000000000002
4599,0.10928
4600,0.09036
4601,0.030760000000000003
4602,0.0
4603,0.0
4604,0.0
4605,0.0
4606,0.0
4607,0.0
4608,0.0
4609,0.0
4610,0.0
4611,0.0
4612,0.0
4613,0.0
4614,0.03337
4615,0.11605
4616,0.25919
4617,0.42682
4618,0.49301
4619,0.4598
4620,0.47368
4621,0.44106
4622,0.31599
4623,0.23575
4624,0.13972
4625,0.03836
4626,0.0
4627,0.0
4628,0.0
4629,0.0
4630,0.0
4631,0.0
4632,0.0
4633,0.0
4634,0.0
4635,0.0
4636,0.0
4637,0.0
4638,0.03394
4639,0.17595
4640,0.31049
4641,0.46862
4642,0.60468
4643,0.59621
4644,0.5549700000000001
4645,0.55086
4646,0.30656
4647,0.28356
4648,0.14712
4649,0.02548
4650,0.0
4651,0.0
4652,0.0
4653,0.0
4654,0.0
4655,0.0
4656,0.0
4657,0.0
4658,0.0
4659,0.0
4660,0.0
4661,0.0
4662,0.04491
4663,0.16513
4664,0.34086
4665,0.47641
4666,0.54024
4667,0.5686100000000001
4668,0.57097
4669,0.5127200000000001
4670,0.36744
4671,0.272
4672,0.14586000000000002
4673,0.04647
4674,0.0
4675,0.0
4676,0.0
4677,0.0
4678,0.0
4679,0.0
4680,0.0
4681,0.0
4682,0.0
4683,0.0
4684,0.0
4685,0.0
4686,0.03251
4687,0.16197999999999999
4688,0.34282999999999997
4689,0.49021
4690,0.58127
4691,0.63786
4692,0.6405
4693,0.6088300000000001
4694,0.47164999999999996
4695,0.3227
4696,0.15947999999999998
4697,0.030010000000000002
4698,0.0
4699,0.0
4700,0.0
4701,0.0
4702,0.0
4703,0.0
4704,0.0
4705,0.0
4706,0.0
4707,0.0
4708,0.0
4709,0.0
4710,0.04575
4711,0.20111
4712,0.33644
4713,0.53295
4714,0.61637
4715,0.63316
4716,0.60899
4717,0.55986
4718,0.43319
4719,0.28217000000000003
4720,0.13931
4721,0.03669
4722,0.0
4723,0.0
4724,0.0
4725,0.0
4726,0.0
4727,0.0
4728,0.0
4729,0.0
4730,0.0
4731,0.0
4732,0.0
4733,0.0
4734,0.047979999999999995
4735,0.21916
4736,0.36965
4737,0.50863
4738,0.61834
4739,0.6458200000000001
4740,0.63588
4741,0.5408999999999999
4742,0.38777
4743,0.24546
4744,0.1328
4745,0.040619999999999996
4746,0.0
4747,0.0
4748,0.0
4749,0.0
4750,0.0
4751,0.0
4752,0.0
4753,0.0
4754,0.0
4755,0.0
4756,0.0
4757,0.0
4758,0.045700000000000005
4759,0.20225
4760,0.38106
4761,0.52859
4762,0.60956
4763,0.64415
4764,0.47402999999999995
4765,0.46844
4766,0.36729
4767,0.27417
4768,0.151
4769,0.037700000000000004
4770,0.0
4771,0.0
4772,0.0
4773,0.0
4774,0.0
4775,0.0
4776,0.0
4777,0.0
4778,0.0
4779,0.0
4780,0.0
4781,0.0
4782,0.04516
4783,0.1524
4784,0.21913
4785,0.48013
4786,0.59734
4787,0.6327699999999999
4788,0.6256
4789,0.55333
4790,0.39705
4791,0.18959
4792,0.09444
4793,0.03091
4794,0.0
4795,0.0
4796,0.0
4797,0.0
4798,0.0
4799,0.0
4800,0.0
4801,0.0
4802,0.0
4803,0.0
4804,0.0
4805,0.0
4806,0.04467
4807,0.18975999999999998
4808,0.18985
4809,0.29724
4810,0.5291399999999999
4811,0.6117999999999999
4812,0.59937
4813,0.53434
4814,0.33905
4815,0.24803
4816,0.12403
4817,0.04118
4818,0.0
4819,0.0
4820,0.0
4821,0.0
4822,0.0
4823,0.0
4824,0.0
4825,0.0
4826,0.0
4827,0.0
4828,0.0
4829,0.0
4830,0.01456
4831,0.13193000000000002
4832,0.26329
4833,0.30671
4834,0.50158
4835,0.49660000000000004
4836,0.56468
4837,0.40143
4838,0.27475
4839,0.19451
4840,0.0644
4841,0.01989
4842,0.0
4843,0.0
4844,0.0
4845,0.0
4846,0.0
4847,0.0
4848,0.0
4849,0.0
4850,0.0
4851,0.0
4852,0.0
4853,0.0
4854,0.030879999999999998
4855,0.12082999999999999
4856,0.29861
4857,0.38904
4858,0.49775
4859,0.5727000000000001
4860,0.6094700000000001
4861,0.54864
4862,0.36288
4863,0.22783
4864,0.10898999999999999
4865,0.036969999999999996
4866,0.0
4867,0.0
4868,0.0
4869,0.0
4870,0.0
4871,0.0
4872,0.0
4873,0.0
4874,0.0
4875,0.0
4876,0.0
4877,0.0
4878,0.024550000000000002
4879,0.14569
4880,0.33919
4881,0.38085
4882,0.54728
4883,0.5268400000000001
4884,0.4858
4885,0.50747
4886,0.3788
4887,0.27482
4888,0.10969
4889,0.03474
4890,0.0
4891,0.0
4892,0.0
4893,0.0
4894,0.0
4895,0.0
4896,0.0
4897,0.0
4898,0.0
4899,0.0
4900,0.0
4901,0.0
4902,0.03158
4903,0.12822
4904,0.27903
4905,0.42832
4906,0.452
4907,0.5921900000000001
4908,0.48314
4909,0.48396
4910,0.34008999999999995
4911,0.17066
4912,0.10956
4913,0.03229
4914,0.0
4915,0.0
4916,0.0
4917,0.0
4918,0.0
4919,0.0
4920,0.0
4921,0.0
4922,0.0
4923,0.0
4924,0.0
4925,0.0
4926,0.03222
4927,0.16423
4928,0.20389
4929,0.32880000000000004
4930,0.44235
4931,0.47393
4932,0.55292
4933,0.41191
4934,0.29786
4935,0.2186
4936,0.13534000000000002
4937,0.036270000000000004
4938,0.0
4939,0.0
4940,0.0
4941,0.0
4942,0.0
4943,0.0
4944,0.0
4945,0.0
4946,0.0
4947,0.0
4948,0.0
4949,0.0
4950,0.03674
4951,0.19726
4952,0.30575
4953,0.43823
4954,0.5171
4955,0.5771499999999999
4956,0.49235
4957,0.51513
4958,0.41479000000000005
4959,0.2324
4960,0.10096
4961,0.04532
4962,0.0
4963,0.0
4964,0.0
4965,0.0
4966,0.0
4967,0.0
4968,0.0
4969,0.0
4970,0.0
4971,0.0
4972,0.0
4973,0.0
4974,0.04582
4975,0.22748
4976,0.40713
4977,0.5258999999999999
4978,0.5738099999999999
4979,0.6011
4980,0.5836399999999999
4981,0.54473
4982,0.38544
4983,0.25481
4984,0.14465999999999998
4985,0.04437
4986,0.0
4987,0.0
4988,0.0
4989,0.0
4990,0.0
4991,0.0
4992,0.0
4993,0.0
4994,0.0
4995,0.0
4996,0.0
4997,0.0
4998,0.04492
4999,0.20585
5000,0.32385
5001,0.40584
5002,0.49987
5003,0.53371
5004,0.56592
5005,0.49425
5006,0.31657
5007,0.15972999999999998
5008,0.09158
5009,0.028149999999999998
5010,0.0
5011,0.0
5012,0.0
5013,0.0
5014,0.0
5015,0.0
5016,0.0
5017,0.0
5018,0.0
5019,0.0
5020,0.0
5021,0.0
5022,0.04433
5023,0.18841999999999998
5024,0.33261
5025,0.49298000000000003
5026,0.55883
5027,0.51351
5028,0.54672
5029,0.53254
5030,0.40223000000000003
5031,0.28742
5032,0.16343000000000002
5033,0.028730000000000002
5034,0.0
5035,0.0
5036,0.0
5037,0.0
5038,0.0
5039,0.0
5040,0.0
5041,0.0
5042,0.0
5043,0.0
5044,0.0
5045,0.0
5046,0.036109999999999996
5047,0.15474000000000002
5048,0.33520999999999995
5049,0.45837
5050,0.59703
5051,0.64381
5052,0.63513
5053,0.51169
5054,0.38305
5055,0.27795
5056,0.13621
5057,0.0327
5058,0.0
5059,0.0
5060,0.0
5061,0.0
5062,0.0
5063,0.0
5064,0.0
5065,0.0
5066,0.0
5067,0.0
5068,0.0
5069,0.0
5070,0.04321
5071,0.22177000000000002
5072,0.38208
5073,0.51306
5074,0.59521
5075,0.5334500000000001
5076,0.57139
5077,0.5261699999999999
5078,0.38911
5079,0.25983999999999996
5080,0.09820999999999999
5081,0.03148
5082,0.0
5083,0.0
5084,0.0
5085,0.0
5086,0.0
5087,0.0
5088,0.0
5089,0.0
5090,0.0
5091,0.0
5092,0.0
5093,0.0
5094,0.046049999999999994
5095,0.21131999999999998
5096,0.39601
5097,0.52963
5098,0.5710299999999999
5099,0.63085
5100,0.64015
5101,0.53951
5102,0.43002999999999997
5103,0.30627
5104,0.15863
5105,0.028239999999999998
5106,0.0
5107,0.0
5108,0.0
5109,0.0
5110,0.0
5111,0.0
5112,0.0
5113,0.0
5114,0.0
5115,0.0
5116,0.0
5117,0.0
5118,0.03643
5119,0.18928
5120,0.36461
5121,0.53876
5122,0.60675
5123,0.64525
5124,0.56035
5125,0.56388
5126,0.41489
5127,0.2787
5128,0.12040000000000001
5129,0.02739
5130,0.0
5131,0.0
5132,0.0
5133,0.0
5134,0.0
5135,0.0
5136,0.0
5137,0.0
5138,0.0
5139,0.0
5140,0.0
5141,0.0
5142,0.041909999999999996
5143,0.19306
5144,0.34539
5145,0.47161000000000003
5146,0.5872
5147,0.64798
5148,0.59605
5149,0.43252999999999997
5150,0.30911
5151,0.16911
5152,0.06745
5153,0.02152
5154,0.0
5155,0.0
5156,0.0
5157,0.0
5158,0.0
5159,0.0
5160,0.0
5161,0.0
5162,0.0
5163,0.0
5164,0.0
5165,0.0
5166,0.017920000000000002
5167,0.09140000000000001
5168,0.22213999999999998
5169,0.50174
5170,0.57314
5171,0.6030599999999999
5172,0.58697
5173,0.48099000000000003
5174,0.36933
5175,0.2499
5176,0.10179
5177,0.04059
5178,0.0
5179,0.0
5180,0.0
5181,0.0
5182,0.0
5183,0.0
5184,0.0
5185,0.0
5186,0.0
5187,0.0
5188,0.0
5189,0.0
5190,0.02875
5191,0.09829
5192,0.21212
5193,0.39444
5194,0.46756
5195,0.55203
5196,0.55115
5197,0.39744
5198,0.30262
5199,0.09469
5200,0.09348000000000001
5201,0.03204
5202,0.0
5203,0.0
5204,0.0
5205,0.0
5206,0.0
5207,0.0
5208,0.0
5209,0.0
5210,0.0
5211,0.0
5212,0.0
5213,0.0
5214,0.02528
5215,0.11273999999999999
5216,0.23903
5217,0.34135000000000004
5218,0.43060000000000004
5219,0.48752999999999996
5220,0.40198
5221,0.39413
5222,0.32483
5223,0.23459
5224,0.09564
5225,0.0367
5226,0.0
5227,0.0
5228,0.0
5229,0.0
5230,0.0
5231,0.0
5232,0.0
5233,0.0
5234,0.0
5235,0.0
5236,0.0
5237,0.0
5238,0.03307
5239,0.15578999999999998
5240,0.2978
5241,0.45353
5242,0.55431
5243,0.6347
5244,0.6558099999999999
5245,0.51667
5246,0.38539999999999996
5247,0.21481999999999998
5248,0.11209000000000001
5249,0.029
5250,0.0
5251,0.0
5252,0.0
5253,0.0
5254,0.0
5255,0.0
5256,0.0
5257,0.0
5258,0.0
5259,0.0
5260,0.0
5261,0.0
5262,0.046049999999999994
5263,0.20642
5264,0.38941000000000003
5265,0.52815
5266,0.6074299999999999
5267,0.64736
5268,0.6076699999999999
5269,0.59149
5270,0.48656
5271,0.28476999999999997
5272,0.09954
5273,0.03272
5274,0.0
5275,0.0
5276,0.0
5277,0.0
5278,0.0
5279,0.0
5280,0.0
5281,0.0
5282,0.0
5283,0.0
5284,0.0
5285,0.0
5286,0.041890000000000004
5287,0.19352
5288,0.37348000000000003
5289,0.49954000000000004
5290,0.47687999999999997
5291,0.47879
5292,0.53115
5293,0.41263
5294,0.31842000000000004
5295,0.26377999999999996
5296,0.12818000000000002
5297,0.017329999999999998
5298,0.0
5299,0.0
5300,0.0
5301,0.0
5302,0.0
5303,0.0
5304,0.0
5305,0.0
5306,0.0
5307,0.0
5308,0.0
5309,0.0
5310,0.0465
5311,0.1884
5312,0.36643000000000003
5313,0.42094
5314,0.46947000000000005
5315,0.5539299999999999
5316,0.55298
5317,0.47447
5318,0.37665
5319,0.27602
5320,0.1395
5321,0.03004
5322,0.0
5323,0.0
5324,0.0
5325,0.0
5326,0.0
5327,0.0
5328,0.0
5329,0.0
5330,0.0
5331,0.0
5332,0.0
5333,0.0
5334,0.04425
5335,0.18369
5336,0.30088
5337,0.39302
5338,0.51249
5339,0.56499
5340,0.59478
5341,0.5411900000000001
5342,0.38239
5343,0.19937
5344,0.12739
5345,0.026690000000000002
5346,0.0
5347,0.0
5348,0.0
5349,0.0
5350,0.0
5351,0.0
5352,0.0
5353,0.0
5354,0.0
5355,0.0
5356,0.0
5357,0.0
5358,0.03244
5359,0.16015000000000001
5360,0.32817
5361,0.50374
5362,0.59729
5363,0.6235299999999999
5364,0.5979099999999999
5365,0.5216799999999999
5366,0.45494
5367,0.31081
5368,0.15424000000000002
5369,0.031100000000000003
5370,0.0
5371,0.0
5372,0.0
5373,0.0
5374,0.0
5375,0.0
5376,0.0
5377,0.0
5378,0.0
5379,0.0
5380,0.0
5381,0.0
5382,0.04987
5383,0.18816
5384,0.35672000000000004
5385,0.45127999999999996
5386,0.54528
5387,0.55757
5388,0.55184
5389,0.50739
5390,0.35529
5391,0.21061000000000002
5392,0.13162000000000001
5393,0.03644
5394,0.0
5395,0.0
5396,0.0
5397,0.0
5398,0.0
5399,0.0
5400,0.0
5401,0.0
5402,0.0
5403,0.0
5404,0.0
5405,0.0
5406,0.02271
5407,0.12251000000000001
5408,0.26508
5409,0.32461
5410,0.48439
5411,0.52761
5412,0.5235700000000001
5413,0.51278
5414,0.40776
5415,0.28924
5416,0.14063
5417,0.03431
5418,0.0
5419,0.0
5420,0.0
5421,0.0
5422,0.0
5423,0.0
5424,0.0
5425,0.0
5426,0.0
5427,0.0
5428,0.0
5429,0.0
5430,0.02068
5431,0.08815
5432,0.27420999999999995
5433,0.29841
5434,0.44535
5435,0.56699
5436,0.49936
5437,0.4502
5438,0.36901999999999996
5439,0.29214999999999997
5440,0.12448000000000001
5441,0.02554
5442,0.0
5443,0.0
5444,0.0
5445,0.0
5446,0.0
5447,0.0
5448,0.0
5449,0.0
5450,0.0
5451,0.0
5452,0.0
5453,0.0
5454,0.00891
5455,0.10455
5456,0.23008
5457,0.30925
5458,0.48349000000000003
5459,0.57131
5460,0.49915
5461,0.47293
5462,0.36745
5463,0.24556999999999998
5464,0.13397
5465,0.02998
5466,0.0
5467,0.0
5468,0.0
5469,0.0
5470,0.0
5471,0.0
5472,0.0
5473,0.0
5474,0.0
5475,0.0
5476,0.0
5477,0.0
5478,0.04068
5479,0.20112
5480,0.34068
5481,0.45315
5482,0.35097
5483,0.39855
5484,0.39435000000000003
5485,0.3383
5486,0.24112999999999998
5487,0.11751
5488,0.08191
5489,0.022699999999999998
5490,0.0
5491,0.0
5492,0.0
5493,0.0
5494,0.0
5495,0.0
5496,0.0
5497,0.0
5498,0.0
5499,0.0
5500,0.0
5501,0.0
5502,0.03686
5503,0.15646000000000002
5504,0.30910000000000004
5505,0.45156
5506,0.53692
5507,0.51558
5508,0.46257
5509,0.40836
5510,0.28364999999999996
5511,0.12607
5512,0.07654999999999999
5513,0.02519
5514,0.0
5515,0.0
5516,0.0
5517,0.0
5518,0.0
5519,0.0
5520,0.0
5521,0.0
5522,0.0
5523,0.0
5524,0.0
5525,0.0
5526,0.02205
5527,0.07793000000000001
5528,0.19777
5529,0.3624
5530,0.52654
5531,0.57711
5532,0.50778
5533,0.34199
5534,0.37577999999999995
5535,0.12751
5536,0.06354
5537,0.0235
5538,0.0
5539,0.0
5540,0.0
5541,0.0
5542,0.0
5543,0.0
5544,0.0
5545,0.0
5546,0.0
5547,0.0
5548,0.0
5549,0.0
5550,0.02494
5551,0.16174000000000002
5552,0.19059
5553,0.4156
5554,0.50457
5555,0.51943
5556,0.52236
5557,0.48143
5558,0.27635000000000004
5559,0.22422
5560,0.14127
5561,0.02542
5562,0.0
5563,0.0
5564,0.0
5565,0.0
5566,0.0
5567,0.0
5568,0.0
5569,0.0
5570,0.0
5571,0.0
5572,0.0
5573,0.0
5574,0.05136
5575,0.21511000000000002
5576,0.37028
5577,0.46132
5578,0.58151
5579,0.6555700000000001
5580,0.56708
5581,0.58785
5582,0.46104
5583,0.29369
5584,0.13451
5585,0.01686
5586,0.0
5587,0.0
5588,0.0
5589,0.0
5590,0.0
5591,0.0
5592,0.0
5593,0.0
5594,0.0
5595,0.0
5596,0.0
5597,0.0
5598,0.01464
5599,0.06121
5600,0.21618
5601,0.3994
5602,0.49457
5603,0.49181
5604,0.59093
5605,0.48984
5606,0.41657
5607,0.21569999999999998
5608,0.10603
5609,0.02844
5610,0.0
5611,0.0
5612,0.0
5613,0.0
5614,0.0
5615,0.0
5616,0.0
5617,0.0
5618,0.0
5619,0.0
5620,0.0
5621,0.0
5622,0.046270000000000006
5623,0.22415000000000002
5624,0.4052
5625,0.5176799999999999
5626,0.6324500000000001
5627,0.66507
5628,0.5907100000000001
5629,0.54487
5630,0.28425
5631,0.18275999999999998
5632,0.08658
5633,0.019309999999999997
5634,0.0
5635,0.0
5636,0.0
5637,0.0
5638,0.0
5639,0.0
5640,0.0
5641,0.0
5642,0.0
5643,0.0
5644,0.0
5645,0.0
5646,0.05425
5647,0.23632
5648,0.37668
5649,0.5032099999999999
5650,0.54504
5651,0.60888
5652,0.5814199999999999
5653,0.51247
5654,0.3959
5655,0.23457
5656,0.13723
5657,0.030359999999999998
5658,0.0
5659,0.0
5660,0.0
5661,0.0
5662,0.0
5663,0.0
5664,0.0
5665,0.0
5666,0.0
5667,0.0
5668,0.0
5669,0.0
5670,0.02616
5671,0.10604999999999999
5672,0.22847
5673,0.26387
5674,0.37792000000000003
5675,0.51488
5676,0.49977
5677,0.43735
5678,0.28442
5679,0.15727000000000002
5680,0.06861
5681,0.01082
5682,0.0
5683,0.0
5684,0.0
5685,0.0
5686,0.0
5687,0.0
5688,0.0
5689,0.0
5690,0.0
5691,0.0
5692,0.0
5693,0.0
5694,0.02684
5695,0.15405000000000002
5696,0.27561
5697,0.37963
5698,0.53743
5699,0.6043200000000001
5700,0.60082
5701,0.45705
5702,0.35394
5703,0.15686000000000003
5704,0.07598
5705,0.01771
5706,0.0
5707,0.0
5708,0.0
5709,0.0
5710,0.0
5711,0.0
5712,0.0
5713,0.0
5714,0.0
5715,0.0
5716,0.0
5717,0.0
5718,0.0376
5719,0.19963999999999998
5720,0.36149000000000003
5721,0.43975
5722,0.52183
5723,0.55068
5724,0.59861
5725,0.52798
5726,0.43695999999999996
5727,0.31836000000000003
5728,0.15005000000000002
5729,0.01563
5730,0.0
5731,0.0
5732,0.0
5733,0.0
5734,0.0
5735,0.0
5736,0.0
5737,0.0
5738,0.0
5739,0.0
5740,0.0
5741,0.0
5742,0.04178
5743,0.23569
5744,0.35972000000000004
5745,0.5159199999999999
5746,0.54365
5747,0.59702
5748,0.59536
5749,0.5462400000000001
5750,0.39556
5751,0.29081999999999997
5752,0.10954000000000001
5753,0.01131
5754,0.0
5755,0.0
5756,0.0
5757,0.0
5758,0.0
5759,0.0
5760,0.0
5761,0.0
5762,0.0
5763,0.0
5764,0.0
5765,0.0
5766,0.033170000000000005
5767,0.182
5768,0.31223
5769,0.47487
5770,0.6154299999999999
5771,0.67137
5772,0.65955
5773,0.50752
5774,0.3932
5775,0.27155
5776,0.10751999999999999
5777,0.01504
5778,0.0
5779,0.0
5780,0.0
5781,0.0
5782,0.0
5783,0.0
5784,0.0
5785,0.0
5786,0.0
5787,0.0
5788,0.0
5789,0.0
5790,0.04481
5791,0.21186000000000002
5792,0.38964
5793,0.5007900000000001
5794,0.5671
5795,0.63854
5796,0.5707000000000001
5797,0.53525
5798,0.42528
5799,0.25782
5800,0.15575999999999998
5801,0.01838
5802,0.0
5803,0.0
5804,0.0
5805,0.0
5806,0.0
5807,0.0
5808,0.0
5809,0.0
5810,0.0
5811,0.0
5812,0.0
5813,0.0
5814,0.038700000000000005
5815,0.12669
5816,0.29338
5817,0.45198
5818,0.5858099999999999
5819,0.65308
5820,0.62738
5821,0.55984
5822,0.4387
5823,0.24449
5824,0.12196
5825,0.02452
5826,0.0
5827,0.0
5828,0.0
5829,0.0
5830,0.0
5831,0.0
5832,0.0
5833,0.0
5834,0.0
5835,0.0
5836,0.0
5837,0.0
5838,0.0634
5839,0.25241
5840,0.41948
5841,0.55602
5842,0.64479
5843,0.66496
5844,0.61397
5845,0.55444
5846,0.39792
5847,0.29325999999999997
5848,0.13638999999999998
5849,0.021
5850,0.0
5851,0.0
5852,0.0
5853,0.0
5854,0.0
5855,0.0
5856,0.0
5857,0.0
5858,0.0
5859,0.0
5860,0.0
5861,0.0
5862,0.01751
5863,0.12789
5864,0.23855
5865,0.44799
5866,0.5937
5867,0.45133999999999996
5868,0.53195
5869,0.43201
5870,0.38754
5871,0.2159
5872,0.13453
5873,0.022719999999999997
5874,0.0
5875,0.0
5876,0.0
5877,0.0
5878,0.0
5879,0.0
5880,0.0
5881,0.0
5882,0.0
5883,0.0
5884,0.0
5885,0.0
5886,0.03095
5887,0.15650999999999998
5888,0.28981
5889,0.46905
5890,0.6243500000000001
5891,0.67687
5892,0.65701
5893,0.53131
5894,0.37541
5895,0.20505
5896,0.10675
5897,0.01785
5898,0.0
5899,0.0
5900,0.0
5901,0.0
5902,0.0
5903,0.0
5904,0.0
5905,0.0
5906,0.0
5907,0.0
5908,0.0
5909,0.0
5910,0.053079999999999995
5911,0.22590000000000002
5912,0.36082
5913,0.45045999999999997
5914,0.60163
5915,0.55006
5916,0.6784
5917,0.48652999999999996
5918,0.42585
5919,0.23265
5920,0.051590000000000004
5921,0.011779999999999999
5922,0.0
5923,0.0
5924,0.0
5925,0.0
5926,0.0
5927,0.0
5928,0.0
5929,0.0
5930,0.0
5931,0.0
5932,0.0
5933,0.0
5934,0.06559000000000001
5935,0.25381
5936,0.44015
5937,0.58712
5938,0.68201
5939,0.70704
5940,0.6560499999999999
5941,0.57669
5942,0.47094
5943,0.27236
5944,0.10726999999999999
5945,0.0195
5946,0.0
5947,0.0
5948,0.0
5949,0.0
5950,0.0
5951,0.0
5952,0.0
5953,0.0
5954,0.0
5955,0.0
5956,0.0
5957,0.0
5958,0.05808
5959,0.18591999999999997
5960,0.34123000000000003
5961,0.49249
5962,0.60781
5963,0.67037
5964,0.64652
5965,0.56516
5966,0.44159
5967,0.30126
5968,0.12342
5969,0.01495
5970,0.0
5971,0.0
5972,0.0
5973,0.0
5974,0.0
5975,0.0
5976,0.0
5977,0.0
5978,0.0
5979,0.0
5980,0.0
5981,0.0
5982,0.041280000000000004
5983,0.20655
5984,0.40274
5985,0.48152999999999996
5986,0.60878
5987,0.65849
5988,0.62958
5989,0.50081
5990,0.34961000000000003
5991,0.24969
5992,0.13194999999999998
5993,0.01755
5994,0.0
5995,0.0
5996,0.0
5997,0.0
5998,0.0
5999,0.0
6000,0.0
6001,0.0
6002,0.0
6003,0.0
6004,0.0
6005,0.0
6006,0.022539999999999998
6007,0.18361000000000002
6008,0.34235000000000004
6009,0.36674
6010,0.47174
6011,0.5280499999999999
6012,0.60021
6013,0.51602
6014,0.38537
6015,0.29207
6016,0.13728
6017,0.016
6018,0.0
6019,0.0
6020,0.0
6021,0.0
6022,0.0
6023,0.0
6024,0.0
6025,0.0
6026,0.0
6027,0.0
6028,0.0
6029,0.0
6030,0.04625
6031,0.16894
6032,0.26208
6033,0.499
6034,0.5979099999999999
6035,0.63951
6036,0.64703
6037,0.55971
6038,0.36012
6039,0.20917
6040,0.08990000000000001
6041,0.019579999999999997
6042,0.0
6043,0.0
6044,0.0
6045,0.0
6046,0.0
6047,0.0
6048,0.0
6049,0.0
6050,0.0
6051,0.0
6052,0.0
6053,0.0
6054,0.06298
6055,0.26116
6056,0.39781
6057,0.5838
6058,0.6745099999999999
6059,0.68572
6060,0.68274
6061,0.61966
6062,0.48319999999999996
6063,0.25917
6064,0.12874000000000002
6065,0.01626
6066,0.0
6067,0.0
6068,0.0
6069,0.0
6070,0.0
6071,0.0
6072,0.0
6073,0.0
6074,0.0
6075,0.0
6076,0.0
6077,0.0
6078,0.06048
6079,0.26472
6080,0.45085000000000003
6081,0.57208
6082,0.67955
6083,0.67171
6084,0.56557
6085,0.50385
6086,0.37301999999999996
6087,0.22594999999999998
6088,0.13213999999999998
6089,0.01898
6090,0.0
6091,0.0
6092,0.0
6093,0.0
6094,0.0
6095,0.0
6096,0.0
6097,0.0
6098,0.0
6099,0.0
6100,0.0
6101,0.0
6102,0.038729999999999994
6103,0.14432
6104,0.30995999999999996
6105,0.5095500000000001
6106,0.59245
6107,0.65058
6108,0.67092
6109,0.58848
6110,0.43887
6111,0.17798
6112,0.039130000000000005
6113,0.00858
6114,0.0
6115,0.0
6116,0.0
6117,0.0
6118,0.0
6119,0.0
6120,0.0
6121,0.0
6122,0.0
6123,0.0
6124,0.0
6125,0.0
6126,0.06444
6127,0.28338
6128,0.46298
6129,0.5801799999999999
6130,0.62678
6131,0.67815
6132,0.63816
6133,0.47934
6134,0.275
6135,0.17518
6136,0.0746
6137,0.013099999999999999
6138,0.0
6139,0.0
6140,0.0
6141,0.0
6142,0.0
6143,0.0
6144,0.0
6145,0.0
6146,0.0
6147,0.0
6148,0.0
6149,0.0
6150,0.04152
6151,0.26916
6152,0.47511000000000003
6153,0.5841900000000001
6154,0.66492
6155,0.64561
6156,0.57711
6157,0.5307000000000001
6158,0.40982999999999997
6159,0.27147000000000004
6160,0.11094
6161,0.015449999999999998
6162,0.0
6163,0.0
6164,0.0
6165,0.0
6166,0.0
6167,0.0
6168,0.0
6169,0.0
6170,0.0
6171,0.0
6172,0.0
6173,0.0
6174,0.05786
6175,0.2494
6176,0.38206
6177,0.46891000000000005
6178,0.52715
6179,0.48287
6180,0.50313
6181,0.30291
6182,0.13434000000000001
6183,0.14067
6184,0.08151
6185,0.020149999999999998
6186,0.0
6187,0.0
6188,0.0
6189,0.0
6190,0.0
6191,0.0
6192,0.0
6193,0.0
6194,0.0
6195,0.0
6196,0.0
6197,0.0
6198,0.07132
6199,0.2782
6200,0.4427
6201,0.5388999999999999
6202,0.60562
6203,0.67644
6204,0.59668
6205,0.51242
6206,0.39127
6207,0.23173
6208,0.11693
6209,0.01462
6210,0.0
6211,0.0
6212,0.0
6213,0.0
6214,0.0
6215,0.0
6216,0.0
6217,0.0
6218,0.0
6219,0.0
6220,0.0
6221,0.0
6222,0.04476
6223,0.25
6224,0.42344
6225,0.55648
6226,0.6606799999999999
6227,0.67155
6228,0.6560499999999999
6229,0.59893
6230,0.4395
6231,0.26538999999999996
6232,0.10106
6233,0.011269999999999999
6234,0.0
6235,0.0
6236,0.0
6237,0.0
6238,0.0
6239,0.0
6240,0.0
6241,0.0
6242,0.0
6243,0.0
6244,0.0
6245,0.0
6246,0.06903000000000001
6247,0.14522
6248,0.25503
6249,0.38977
6250,0.5070899999999999
6251,0.63774
6252,0.6308400000000001
6253,0.43024
6254,0.34302
6255,0.20419
6256,0.10298
6257,0.01082
6258,0.0
6259,0.0
6260,0.0
6261,0.0
6262,0.0
6263,0.0
6264,0.0
6265,0.0
6266,0.0
6267,0.0
6268,0.0
6269,0.0
6270,0.045450000000000004
6271,0.17073
6272,0.36981
6273,0.51407
6274,0.6445299999999999
6275,0.69594
6276,0.6434500000000001
6277,0.52654
6278,0.3177
6279,0.21572999999999998
6280,0.1017
6281,0.010320000000000001
6282,0.0
6283,0.0
6284,0.0
6285,0.0
6286,0.0
6287,0.0
6288,0.0
6289,0.0
6290,0.0
6291,0.0
6292,0.0
6293,0.0
6294,0.06697
6295,0.23077
6296,0.44821
6297,0.56349
6298,0.60509
6299,0.62742
6300,0.53872
6301,0.5191699999999999
6302,0.34386
6303,0.22675
6304,0.09269
6305,0.01051
6306,0.0
6307,0.0
6308,0.0
6309,0.0
6310,0.0
6311,0.0
6312,0.0
6313,0.0
6314,0.0
6315,0.0
6316,0.0
6317,0.0
6318,0.048229999999999995
6319,0.16096000000000002
6320,0.33367
6321,0.48531
6322,0.52138
6323,0.67796
6324,0.6211599999999999
6325,0.5934400000000001
6326,0.37045999999999996
6327,0.25114
6328,0.10975
6329,0.01112
6330,0.0
6331,0.0
6332,0.0
6333,0.0
6334,0.0
6335,0.0
6336,0.0
6337,0.0
6338,0.0
6339,0.0
6340,0.0
6341,0.0
6342,0.06748
6343,0.24403999999999998
6344,0.44739
6345,0.59945
6346,0.6817000000000001
6347,0.6869299999999999
6348,0.65526
6349,0.51351
6350,0.43601999999999996
6351,0.32518
6352,0.13349
6353,0.00421
6354,0.0
6355,0.0
6356,0.0
6357,0.0
6358,0.0
6359,0.0
6360,0.0
6361,0.0
6362,0.0
6363,0.0
6364,0.0
6365,0.0
6366,0.07486
6367,0.29307
6368,0.45103
6369,0.5823200000000001
6370,0.66487
6371,0.68757
6372,0.6326499999999999
6373,0.55351
6374,0.35593
6375,0.23588
6376,0.08689
6377,0.01086
6378,0.0
6379,0.0
6380,0.0
6381,0.0
6382,0.0
6383,0.0
6384,0.0
6385,0.0
6386,0.0
6387,0.0
6388,0.0
6389,0.0
6390,0.0347
6391,0.21481
6392,0.31953
6393,0.42105000000000004
6394,0.39913
6395,0.58657
6396,0.46597000000000005
6397,0.46285000000000004
6398,0.40741000000000005
6399,0.17316
6400,0.10879000000000001
6401,0.0099
6402,0.0
6403,0.0
6404,0.0
6405,0.0
6406,0.0
6407,0.0
6408,0.0
6409,0.0
6410,0.0
6411,0.0
6412,0.0
6413,0.0
6414,0.055549999999999995
6415,0.15846000000000002
6416,0.22919
6417,0.4027
6418,0.50148
6419,0.5346900000000001
6420,0.50105
6421,0.45983999999999997
6422,0.38589999999999997
6423,0.22340000000000002
6424,0.08070000000000001
6425,0.01056
6426,0.0
6427,0.0
6428,0.0
6429,0.0
6430,0.0
6431,0.0
6432,0.0
6433,0.0
6434,0.0
6435,0.0
6436,0.0
6437,0.0
6438,0.036770000000000004
6439,0.15478
6440,0.36095
6441,0.43594
6442,0.58227
6443,0.51318
6444,0.56894
6445,0.4895
6446,0.35398
6447,0.22107
6448,0.09436
6449,0.0081
6450,0.0
6451,0.0
6452,0.0
6453,0.0
6454,0.0
6455,0.0
6456,0.0
6457,0.0
6458,0.0
6459,0.0
6460,0.0
6461,0.0
6462,0.06835
6463,0.13813
6464,0.235
6465,0.44645
6466,0.48337
6467,0.50734
6468,0.433
6469,0.33856
6470,0.2465
6471,0.10623
6472,0.0825
6473,0.00827
6474,0.0
6475,0.0
6476,0.0
6477,0.0
6478,0.0
6479,0.0
6480,0.0
6481,0.0
6482,0.0
6483,0.0
6484,0.0
6485,0.0
6486,0.038149999999999996
6487,0.1795
6488,0.24975999999999998
6489,0.29852
6490,0.43352999999999997
6491,0.54022
6492,0.5564199999999999
6493,0.49645999999999996
6494,0.41185000000000005
6495,0.23392
6496,0.08627
6497,0.0096
6498,0.0
6499,0.0
6500,0.0
6501,0.0
6502,0.0
6503,0.0
6504,0.0
6505,0.0
6506,0.0
6507,0.0
6508,0.0
6509,0.0
6510,0.0983
6511,0.29235
6512,0.49663
6513,0.60697
6514,0.6496900000000001
6515,0.6550499999999999
6516,0.67335
6517,0.60538
6518,0.49054000000000003
6519,0.31306
6520,0.11405
6521,0.0034300000000000003
6522,0.0
6523,0.0
6524,0.0
6525,0.0
6526,0.0
6527,0.0
6528,0.0
6529,0.0
6530,0.0
6531,0.0
6532,0.0
6533,0.0
6534,0.05153
6535,0.20677
6536,0.38214
6537,0.44768
6538,0.59977
6539,0.47589
6540,0.48256
6541,0.42372000000000004
6542,0.39531
6543,0.23613
6544,0.11915
6545,0.00923
6546,0.0
6547,0.0
6548,0.0
6549,0.0
6550,0.0
6551,0.0
6552,0.0
6553,0.0
6554,0.0
6555,0.0
6556,0.0
6557,0.0
6558,0.057210000000000004
6559,0.24214
6560,0.36027
6561,0.45502
6562,0.58101
6563,0.64024
6564,0.60377
6565,0.59262
6566,0.33168000000000003
6567,0.19978
6568,0.07834999999999999
6569,0.00544
6570,0.0
6571,0.0
6572,0.0
6573,0.0
6574,0.0
6575,0.0
6576,0.0
6577,0.0
6578,0.0
6579,0.0
6580,0.0
6581,0.0
6582,0.06786
6583,0.18882
6584,0.39012
6585,0.33934
6586,0.43341
6587,0.61281
6588,0.5229199999999999
6589,0.45053
6590,0.2529
6591,0.21267
6592,0.10562
6593,0.006809999999999999
6594,0.0
6595,0.0
6596,0.0
6597,0.0
6598,0.0
6599,0.0
6600,0.0
6601,0.0
6602,0.0
6603,0.0
6604,0.0
6605,0.0
6606,0.02612
6607,0.16166
6608,0.32559
6609,0.44850999999999996
6610,0.65501
6611,0.57547
6612,0.6433099999999999
6613,0.44525
6614,0.33792
6615,0.14383
6616,0.03245
6617,0.00073
6618,0.0
6619,0.0
6620,0.0
6621,0.0
6622,0.0
6623,0.0
6624,0.0
6625,0.0
6626,0.0
6627,0.0
6628,0.0
6629,0.0
6630,0.016239999999999997
6631,0.07533
6632,0.21422999999999998
6633,0.40620999999999996
6634,0.49504000000000004
6635,0.56255
6636,0.48358
6637,0.41645
6638,0.35728
6639,0.18308000000000002
6640,0.06873
6641,0.0062
6642,0.0
6643,0.0
6644,0.0
6645,0.0
6646,0.0
6647,0.0
6648,0.0
6649,0.0
6650,0.0
6651,0.0
6652,0.0
6653,0.0
6654,0.03144
6655,0.24530000000000002
6656,0.47663
6657,0.5630599999999999
6658,0.6153099999999999
6659,0.68776
6660,0.66638
6661,0.62674
6662,0.42747
6663,0.31094
6664,0.11856
6665,0.0035499999999999998
6666,0.0
6667,0.0
6668,0.0
6669,0.0
6670,0.0
6671,0.0
6672,0.0
6673,0.0
6674,0.0
6675,0.0
6676,0.0
6677,0.0
6678,0.045579999999999996
6679,0.20051
6680,0.43465
6681,0.56853
6682,0.66046
6683,0.7077899999999999
6684,0.65798
6685,0.57577
6686,0.44282
6687,0.26442
6688,0.1005
6689,0.00762
6690,0.0
6691,0.0
6692,0.0
6693,0.0
6694,0.0
6695,0.0
6696,0.0
6697,0.0
6698,0.0
6699,0.0
6700,0.0
6701,0.0
6702,0.10008
6703,0.31491
6704,0.511
6705,0.63282
6706,0.69441
6707,0.70674
6708,0.7030299999999999
6709,0.62151
6710,0.49167
6711,0.26816
6712,0.11871
6713,0.00323
6714,0.0
6715,0.0
6716,0.0
6717,0.0
6718,0.0
6719,0.0
6720,0.0
6721,0.0
6722,0.0
6723,0.0
6724,0.0
6725,0.0
6726,0.009869999999999999
6727,0.07751000000000001
6728,0.23316
6729,0.38474
6730,0.4626
6731,0.5533899999999999
6732,0.54346
6733,0.6091
6734,0.43451
6735,0.23266
6736,0.10937999999999999
6737,0.00704
6738,0.0
6739,0.0
6740,0.0
6741,0.0
6742,0.0
6743,0.0
6744,0.0
6745,0.0
6746,0.0
6747,0.0
6748,0.0
6749,0.0
6750,0.09717
6751,0.31532
6752,0.49277
6753,0.61907
6754,0.68808
6755,0.66979
6756,0.6292300000000001
6757,0.51825
6758,0.36266000000000004
6759,0.27963
6760,0.10681
6761,0.006849999999999999
6762,0.0
6763,0.0
6764,0.0
6765,0.0
6766,0.0
6767,0.0
6768,0.0
6769,0.0
6770,0.0
6771,0.0
6772,0.0
6773,0.0
6774,0.08443
6775,0.22928
6776,0.41189
6777,0.6007100000000001
6778,0.62952
6779,0.7120299999999999
6780,0.52483
6781,0.5668300000000001
6782,0.34508
6783,0.2692
6784,0.11662
6785,0.00312
6786,0.0
6787,0.0
6788,0.0
6789,0.0
6790,0.0
6791,0.0
6792,0.0
6793,0.0
6794,0.0
6795,0.0
6796,0.0
6797,0.0
6798,0.10511
6799,0.30852999999999997
6800,0.42417
6801,0.58968
6802,0.6598999999999999
6803,0.6934400000000001
6804,0.61287
6805,0.5882000000000001
6806,0.38337
6807,0.26088
6808,0.09467
6809,0.00543
6810,0.0
6811,0.0
6812,0.0
6813,0.0
6814,0.0
6815,0.0
6816,0.0
6817,0.0
6818,0.0
6819,0.0
6820,0.0
6821,0.0
6822,0.062189999999999995
6823,0.22741
6824,0.44229
6825,0.5408099999999999
6826,0.64693
6827,0.65064
6828,0.53374
6829,0.5748300000000001
6830,0.39342
6831,0.26685000000000003
6832,0.10129
6833,0.00426
6834,0.0
6835,0.0
6836,0.0
6837,0.0
6838,0.0
6839,0.0
6840,0.0
6841,0.0
6842,0.0
6843,0.0
6844,0.0
6845,0.0
6846,0.04856
6847,0.151
6848,0.22896
6849,0.39549
6850,0.46279000000000003
6851,0.45264
6852,0.56484
6853,0.40393
6854,0.30695
6855,0.22446000000000002
6856,0.05654
6857,0.00354
6858,0.0
6859,0.0
6860,0.0
6861,0.0
6862,0.0
6863,0.0
6864,0.0
6865,0.0
6866,0.0
6867,0.0
6868,0.0
6869,0.0
6870,0.02533
6871,0.16262000000000001
6872,0.22112
6873,0.32431
6874,0.4466
6875,0.51588
6876,0.49011
6877,0.41952999999999996
6878,0.33127999999999996
6879,0.11586
6880,0.054060000000000004
6881,0.00136
6882,0.0
6883,0.0
6884,0.0
6885,0.0
6886,0.0
6887,0.0
6888,0.0
6889,0.0
6890,0.0
6891,0.0
6892,0.0
6893,0.0
6894,0.10093
6895,0.30878
6896,0.44905
6897,0.55596
6898,0.66591
6899,0.69151
6900,0.6851900000000001
6901,0.61815
6902,0.46044999999999997
6903,0.33551
6904,0.11789
6905,0.00346
6906,0.0
6907,0.0
6908,0.0
6909,0.0
6910,0.0
6911,0.0
6912,0.0
6913,0.0
6914,0.0
6915,0.0
6916,0.0
6917,0.0
6918,0.08548
6919,0.28626
6920,0.50178
6921,0.60609
6922,0.68561
6923,0.69333
6924,0.7147899999999999
6925,0.60573
6926,0.50175
6927,0.29629
6928,0.12136
6929,0.00333
6930,0.0
6931,0.0
6932,0.0
6933,0.0
6934,0.0
6935,0.0
6936,0.0
6937,0.0
6938,0.0
6939,0.0
6940,0.0
6941,0.0
6942,0.060469999999999996
6943,0.16785
6944,0.36357999999999996
6945,0.4447
6946,0.58101
6947,0.62414
6948,0.52562
6949,0.50559
6950,0.3398
6951,0.14658000000000002
6952,0.0768
6953,0.00592
6954,0.0
6955,0.0
6956,0.0
6957,0.0
6958,0.0
6959,0.0
6960,0.0
6961,0.0
6962,0.0
6963,0.0
6964,0.0
6965,0.0
6966,0.08037000000000001
6967,0.19967
6968,0.34976999999999997
6969,0.36407999999999996
6970,0.45982999999999996
6971,0.51246
6972,0.46422
6973,0.52001
6974,0.32938
6975,0.2317
6976,0.08798
6977,0.0034300000000000003
6978,0.0
6979,0.0
6980,0.0
6981,0.0
6982,0.0
6983,0.0
6984,0.0
6985,0.0
6986,0.0
6987,0.0
6988,0.0
6989,0.0
6990,0.09004999999999999
6991,0.22243000000000002
6992,0.35118
6993,0.50234
6994,0.60429
6995,0.6349400000000001
6996,0.51125
6997,0.5780700000000001
6998,0.49485
6999,0.32304
7000,0.09914
7001,0.00186
7002,0.0
7003,0.0
7004,0.0
7005,0.0
7006,0.0
7007,0.0
7008,0.0
7009,0.0
7010,0.0
7011,0.0
7012,0.0
7013,0.0
7014,0.06669
7015,0.19013999999999998
7016,0.34795
7017,0.5658500000000001
7018,0.67616
7019,0.65331
7020,0.6285
7021,0.54255
7022,0.41173000000000004
7023,0.17023
7024,0.04186
7025,0.00246
7026,0.0
7027,0.0
7028,0.0
7029,0.0
7030,0.0
7031,0.0
7032,0.0
7033,0.0
7034,0.0
7035,0.0
7036,0.0
7037,0.0
7038,0.07361
7039,0.26073
7040,0.47473000000000004
7041,0.5654
7042,0.63339
7043,0.66979
7044,0.62989
7045,0.52447
7046,0.4555
7047,0.25883
7048,0.10196
7049,0.00206
7050,0.0
7051,0.0
7052,0.0
7053,0.0
7054,0.0
7055,0.0
7056,0.0
7057,0.0
7058,0.0
7059,0.0
7060,0.0
7061,0.0
7062,0.09808
7063,0.25199
7064,0.45698
7065,0.54625
7066,0.64754
7067,0.6879700000000001
7068,0.64777
7069,0.56335
7070,0.45675
7071,0.28006
7072,0.07634
7073,0.00256
7074,0.0
7075,0.0
7076,0.0
7077,0.0
7078,0.0
7079,0.0
7080,0.0
7081,0.0
7082,0.0
7083,0.0
7084,0.0
7085,0.0
7086,0.09643
7087,0.29334
7088,0.41606
7089,0.57075
7090,0.64778
7091,0.62038
7092,0.57152
7093,0.31071
7094,0.15247
7095,0.1613
7096,0.07667
7097,0.00327
7098,0.0
7099,0.0
7100,0.0
7101,0.0
7102,0.0
7103,0.0
7104,0.0
7105,0.0
7106,0.0
7107,0.0
7108,0.0
7109,0.0
7110,0.03817
7111,0.09454000000000001
7112,0.25485
7113,0.31439999999999996
7114,0.52887
7115,0.53899
7116,0.51632
7117,0.41664
7118,0.27988999999999997
7119,0.10086
7120,0.04548
7121,0.00195
7122,0.0
7123,0.0
7124,0.0
7125,0.0
7126,0.0
7127,0.0
7128,0.0
7129,0.0
7130,0.0
7131,0.0
7132,0.0
7133,0.0
7134,0.06693
7135,0.24822999999999998
7136,0.30410000000000004
7137,0.37293
7138,0.42183
7139,0.50219
7140,0.47214
7141,0.44283999999999996
7142,0.33343
7143,0.20124
7144,0.08449
7145,0.00289
7146,0.0
7147,0.0
7148,0.0
7149,0.0
7150,0.0
7151,0.0
7152,0.0
7153,0.0
7154,0.0
7155,0.0
7156,0.0
7157,0.0
7158,0.1017
7159,0.30086
7160,0.40684
7161,0.62439
7162,0.6637799999999999
7163,0.6334299999999999
7164,0.67534
7165,0.59511
7166,0.4245
7167,0.30027
7168,0.09208
7169,0.0011799999999999998
7170,0.0
7171,0.0
7172,0.0
7173,0.0
7174,0.0
7175,0.0
7176,0.0
7177,0.0
7178,0.0
7179,0.0
7180,0.0
7181,0.0
7182,0.07973000000000001
7183,0.31858
7184,0.47904
7185,0.61705
7186,0.6991499999999999
7187,0.70348
7188,0.65916
7189,0.55499
7190,0.46601
7191,0.31157999999999997
7192,0.11214
7193,0.0013700000000000001
7194,0.0
7195,0.0
7196,0.0
7197,0.0
7198,0.0
7199,0.0
7200,0.0
7201,0.0
7202,0.0
7203,0.0
7204,0.0
7205,0.0
7206,0.10232
7207,0.29839
7208,0.4727
7209,0.62294
7210,0.6879299999999999
7211,0.65446
7212,0.6572100000000001
7213,0.5504199999999999
7214,0.30551999999999996
7215,0.18603999999999998
7216,0.06358
7217,0.00233
7218,0.0
7219,0.0
7220,0.0
7221,0.0
7222,0.0
7223,0.0
7224,0.0
7225,0.0
7226,0.0
7227,0.0
7228,0.0
7229,0.0
7230,0.02888
7231,0.09564
7232,0.37013
7233,0.49389
7234,0.59236
7235,0.5919
7236,0.62512
7237,0.51043
7238,0.40268
7239,0.2174
7240,0.0605
7241,0.00101
7242,0.0
7243,0.0
7244,0.0
7245,0.0
7246,0.0
7247,0.0
7248,0.0
7249,0.0
7250,0.0
7251,0.0
7252,0.0
7253,0.0
7254,0.05897
7255,0.15421
7256,0.24051
7257,0.29725
7258,0.50014
7259,0.61458
7260,0.54918
7261,0.52327
7262,0.3422
7263,0.1829
7264,0.08187
7265,0.00185
7266,0.0
7267,0.0
7268,0.0
7269,0.0
7270,0.0
7271,0.0
7272,0.0
7273,0.0
7274,0.0
7275,0.0
7276,0.0
7277,0.0
7278,0.016280000000000003
7279,0.11734
7280,0.29542
7281,0.44823
7282,0.46861
7283,0.5652200000000001
7284,0.46229000000000003
7285,0.49449
7286,0.25809
7287,0.1525
7288,0.04897
7289,0.00074
7290,0.0
7291,0.0
7292,0.0
7293,0.0
7294,0.0
7295,0.0
7296,0.0
7297,0.0
7298,0.0
7299,0.0
7300,0.0
7301,0.0
7302,0.00853
7303,0.0451
7304,0.08678
7305,0.22056
7306,0.42802999999999997
7307,0.44371
7308,0.32644
7309,0.325
7310,0.26904
7311,0.18365
7312,0.04467
7313,0.0
7314,0.0
7315,0.0
7316,0.0
7317,0.0
7318,0.0
7319,0.0
7320,0.0
7321,0.0
7322,0.0
7323,0.0
7324,0.0
7325,0.0
7326,0.09362999999999999
7327,0.27256
7328,0.48587
7329,0.59772
7330,0.68979
7331,0.54408
7332,0.56078
7333,0.48997
7334,0.31088
7335,0.25799
7336,0.09368000000000001
7337,0.0005600000000000001
7338,0.0
7339,0.0
7340,0.0
7341,0.0
7342,0.0
7343,0.0
7344,0.0
7345,0.0
7346,0.0
7347,0.0
7348,0.0
7349,0.0
7350,0.06
7351,0.2586
7352,0.44832
7353,0.5555800000000001
7354,0.60175
7355,0.55104
7356,0.48647
7357,0.5494600000000001
7358,0.3902
7359,0.24309
7360,0.09259
7361,0.0017800000000000001
7362,0.0
7363,0.0
7364,0.0
7365,0.0
7366,0.0
7367,0.0
7368,0.0
7369,0.0
7370,0.0
7371,0.0
7372,0.0
7373,0.0
7374,0.05534
7375,0.16637000000000002
7376,0.33788
7377,0.38811
7378,0.5847899999999999
7379,0.57616
7380,0.60678
7381,0.50128
7382,0.38906999999999997
7383,0.23022
7384,0.07993
7385,0.00182
7386,0.0
7387,0.0
7388,0.0
7389,0.0
7390,0.0
7391,0.0
7392,0.0
7393,0.0
7394,0.0
7395,0.0
7396,0.0
7397,0.0
7398,0.05299
7399,0.15416
7400,0.26205
7401,0.39455
7402,0.48916000000000004
7403,0.57928
7404,0.56694
7405,0.49285
7406,0.37968999999999997
7407,0.09014
7408,0.03379
7409,0.00064
7410,0.0
7411,0.0
7412,0.0
7413,0.0
7414,0.0
7415,0.0
7416,0.0
7417,0.0
7418,0.0
7419,0.0
7420,0.0
7421,0.0
7422,0.0056
7423,0.07063
7424,0.19434
7425,0.20815
7426,0.26675
7427,0.37062
7428,0.40492
7429,0.37262
7430,0.2275
7431,0.07545
7432,0.03736
7433,0.0005600000000000001
7434,0.0
7435,0.0
7436,0.0
7437,0.0
7438,0.0
7439,0.0
7440,0.0
7441,0.0
7442,0.0
7443,0.0
7444,0.0
7445,0.0
7446,0.08143
7447,0.29396
7448,0.44018999999999997
7449,0.58673
7450,0.60548
7451,0.59734
7452,0.64554
7453,0.49101999999999996
7454,0.35048
7455,0.21008000000000002
7456,0.10104
7457,0.0
7458,0.0
7459,0.0
7460,0.0
7461,0.0
7462,0.0
7463,0.0
7464,0.0
7465,0.0
7466,0.0
7467,0.0
7468,0.0
7469,0.0
7470,0.07867
7471,0.27111
7472,0.47014
7473,0.5933099999999999
7474,0.5582999999999999
7475,0.5752
7476,0.6494800000000001
7477,0.5067699999999999
7478,0.36260000000000003
7479,0.21409999999999998
7480,0.08728
7481,0.0
7482,0.0
7483,0.0
7484,0.0
7485,0.0
7486,0.0
7487,0.0
7488,0.0
7489,0.0
7490,0.0
7491,0.0
7492,0.0
7493,0.0
7494,0.06584999999999999
7495,0.26981
7496,0.35397
7497,0.5153300000000001
7498,0.64552
7499,0.58456
7500,0.6036699999999999
7501,0.54688
7502,0.31419
7503,0.18333000000000002
7504,0.05339
7505,0.0
7506,0.0
7507,0.0
7508,0.0
7509,0.0
7510,0.0
7511,0.0
7512,0.0
7513,0.0
7514,0.0
7515,0.0
7516,0.0
7517,0.0
7518,0.07204
7519,0.26275
7520,0.40051
7521,0.49476
7522,0.5590499999999999
7523,0.5600599999999999
7524,0.58139
7525,0.45125
7526,0.34799
7527,0.22200999999999999
7528,0.0571
7529,0.0
7530,0.0
7531,0.0
7532,0.0
7533,0.0
7534,0.0
7535,0.0
7536,0.0
7537,0.0
7538,0.0
7539,0.0
7540,0.0
7541,0.0
7542,0.06189
7543,0.21065
7544,0.39672
7545,0.47308999999999996
7546,0.55047
7547,0.55318
7548,0.54812
7549,0.45509
7550,0.33312
7551,0.18835
7552,0.06784
7553,0.0
7554,0.0
7555,0.0
7556,0.0
7557,0.0
7558,0.0
7559,0.0
7560,0.0
7561,0.0
7562,0.0
7563,0.0
7564,0.0
7565,0.0
7566,0.04802
7567,0.19021000000000002
7568,0.40513
7569,0.53701
7570,0.65276
7571,0.60594
7572,0.57386
7573,0.51115
7574,0.44374
7575,0.2718
7576,0.08774
7577,0.0
7578,0.0
7579,0.0
7580,0.0
7581,0.0
7582,0.0
7583,0.0
7584,0.0
7585,0.0
7586,0.0
7587,0.0
7588,0.0
7589,0.0
7590,0.05711
7591,0.18333000000000002
7592,0.38275
7593,0.53876
7594,0.62666
7595,0.5378
7596,0.54052
7597,0.48164999999999997
7598,0.33212
7599,0.17953
7600,0.06343
7601,0.0
7602,0.0
7603,0.0
7604,0.0
7605,0.0
7606,0.0
7607,0.0
7608,0.0
7609,0.0
7610,0.0
7611,0.0
7612,0.0
7613,0.0
7614,0.0034500000000000004
7615,0.03419
7616,0.09246
7617,0.13166
7618,0.21184
7619,0.23646999999999999
7620,0.24473
7621,0.1186
7622,0.04847
7623,0.048600000000000004
7624,0.02782
7625,0.0
7626,0.0
7627,0.0
7628,0.0
7629,0.0
7630,0.0
7631,0.0
7632,0.0
7633,0.0
7634,0.0
7635,0.0
7636,0.0
7637,0.0
7638,0.01435
7639,0.08444
7640,0.25434
7641,0.40287
7642,0.49248000000000003
7643,0.49979
7644,0.48
7645,0.50736
7646,0.38406999999999997
7647,0.22919
7648,0.09542
7649,0.0
7650,0.0
7651,0.0
7652,0.0
7653,0.0
7654,0.0
7655,0.0
7656,0.0
7657,0.0
7658,0.0
7659,0.0
7660,0.0
7661,0.0
7662,0.09022
7663,0.30565
7664,0.44731
7665,0.51117
7666,0.6314099999999999
7667,0.6471
7668,0.67335
7669,0.55871
7670,0.41996
7671,0.27598
7672,0.07859999999999999
7673,0.0
7674,0.0
7675,0.0
7676,0.0
7677,0.0
7678,0.0
7679,0.0
7680,0.0
7681,0.0
7682,0.0
7683,0.0
7684,0.0
7685,0.0
7686,0.0076100000000000004
7687,0.09465000000000001
7688,0.18525999999999998
7689,0.33072
7690,0.35151
7691,0.43653
7692,0.45658
7693,0.37154000000000004
7694,0.22658
7695,0.14285
7696,0.02918
7697,0.0
7698,0.0
7699,0.0
7700,0.0
7701,0.0
7702,0.0
7703,0.0
7704,0.0
7705,0.0
7706,0.0
7707,0.0
7708,0.0
7709,0.0
7710,0.03787
7711,0.16995
7712,0.19211
7713,0.34129000000000004
7714,0.48029
7715,0.44499
7716,0.29317000000000004
7717,0.47451
7718,0.34286
7719,0.22333
7720,0.07789
7721,0.0
7722,0.0
7723,0.0
7724,0.0
7725,0.0
7726,0.0
7727,0.0
7728,0.0
7729,0.0
7730,0.0
7731,0.0
7732,0.0
7733,0.0
7734,0.06963
7735,0.26298
7736,0.36386
7737,0.5641799999999999
7738,0.6462100000000001
7739,0.62586
7740,0.64615
7741,0.51274
7742,0.39746
7743,0.25084
7744,0.08929000000000001
7745,0.0
7746,0.0
7747,0.0
7748,0.0
7749,0.0
7750,0.0
7751,0.0
7752,0.0
7753,0.0
7754,0.0
7755,0.0
7756,0.0
7757,0.0
7758,0.07041
7759,0.21728
7760,0.41328
7761,0.5622
7762,0.5867899999999999
7763,0.64103
7764,0.62672
7765,0.51589
7766,0.37738
7767,0.20166
7768,0.05985
7769,0.0
7770,0.0
7771,0.0
7772,0.0
7773,0.0
7774,0.0
7775,0.0
7776,0.0
7777,0.0
7778,0.0
7779,0.0
7780,0.0
7781,0.0
7782,0.04979
7783,0.24806999999999998
7784,0.4315
7785,0.5819500000000001
7786,0.66295
7787,0.6651900000000001
7788,0.62187
7789,0.37524
7790,0.19316
7791,0.14475
7792,0.05064
7793,0.0
7794,0.0
7795,0.0
7796,0.0
7797,0.0
7798,0.0
7799,0.0
7800,0.0
7801,0.0
7802,0.0
7803,0.0
7804,0.0
7805,0.0
7806,0.04809
7807,0.18350999999999998
7808,0.29234
7809,0.44032
7810,0.56963
7811,0.5348200000000001
7812,0.6092000000000001
7813,0.49445
7814,0.36768
7815,0.24572999999999998
7816,0.08326
7817,0.0
7818,0.0
7819,0.0
7820,0.0
7821,0.0
7822,0.0
7823,0.0
7824,0.0
7825,0.0
7826,0.0
7827,0.0
7828,0.0
7829,0.0
7830,0.07864
7831,0.28108999999999995
7832,0.46019
7833,0.56855
7834,0.65552
7835,0.68744
7836,0.6467
7837,0.58599
7838,0.464
7839,0.29601
7840,0.10635
7841,0.0
7842,0.0
7843,0.0
7844,0.0
7845,0.0
7846,0.0
7847,0.0
7848,0.0
7849,0.0
7850,0.0
7851,0.0
7852,0.0
7853,0.0
7854,0.0619
7855,0.23766
7856,0.35518
7857,0.58128
7858,0.5614199999999999
7859,0.51824
7860,0.5102099999999999
7861,0.59533
7862,0.45544999999999997
7863,0.26843
7864,0.08264
7865,0.0
7866,0.0
7867,0.0
7868,0.0
7869,0.0
7870,0.0
7871,0.0
7872,0.0
7873,0.0
7874,0.0
7875,0.0
7876,0.0
7877,0.0
7878,0.06313
7879,0.16987
7880,0.43404000000000004
7881,0.5346900000000001
7882,0.64759
7883,0.70257
7884,0.6686799999999999
7885,0.49489
7886,0.35833
7887,0.25564
7888,0.07848999999999999
7889,0.0
7890,0.0
7891,0.0
7892,0.0
7893,0.0
7894,0.0
7895,0.0
7896,0.0
7897,0.0
7898,0.0
7899,0.0
7900,0.0
7901,0.0
7902,0.055
7903,0.24128
7904,0.45467
7905,0.56171
7906,0.62467
7907,0.63738
7908,0.6147
7909,0.55232
7910,0.37438
7911,0.27767000000000003
7912,0.10986
7913,0.0
7914,0.0
7915,0.0
7916,0.0
7917,0.0
7918,0.0
7919,0.0
7920,0.0
7921,0.0
7922,0.0
7923,0.0
7924,0.0
7925,0.0
7926,0.06107
7927,0.22538
7928,0.4432
7929,0.5727300000000001
7930,0.53374
7931,0.49601
7932,0.55937
7933,0.51388
7934,0.41042
7935,0.29539
7936,0.09336
7937,0.00076
7938,0.0
7939,0.0
7940,0.0
7941,0.0
7942,0.0
7943,0.0
7944,0.0
7945,0.0
7946,0.0
7947,0.0
7948,0.0
7949,0.0
7950,0.060719999999999996
7951,0.23635
7952,0.33146
7953,0.44702
7954,0.43904000000000004
7955,0.38853
7956,0.39765
7957,0.51822
7958,0.43051999999999996
7959,0.28323000000000004
7960,0.10181
7961,0.0007099999999999999
7962,0.0
7963,0.0
7964,0.0
7965,0.0
7966,0.0
7967,0.0
7968,0.0
7969,0.0
7970,0.0
7971,0.0
7972,0.0
7973,0.0
7974,0.0515
7975,0.21001
7976,0.35405000000000003
7977,0.51887
7978,0.5163099999999999
7979,0.57108
7980,0.6244500000000001
7981,0.60903
7982,0.41202999999999995
7983,0.25055
7984,0.10132
7985,0.00127
7986,0.0
7987,0.0
7988,0.0
7989,0.0
7990,0.0
7991,0.0
7992,0.0
7993,0.0
7994,0.0
7995,0.0
7996,0.0
7997,0.0
7998,0.05935
7999,0.18938
8000,0.33684
8001,0.5445599999999999
8002,0.67144
8003,0.6872999999999999
8004,0.62391
8005,0.54064
8006,0.35586
8007,0.2022
8008,0.08404
8009,0.00172
8010,0.0
8011,0.0
8012,0.0
8013,0.0
8014,0.0
8015,0.0
8016,0.0
8017,0.0
8018,0.0
8019,0.0
8020,0.0
8021,0.0
8022,0.01598
8023,0.16101
8024,0.30423
8025,0.48447
8026,0.49462
8027,0.3999
8028,0.45771
8029,0.24806
8030,0.18863
8031,0.108
8032,0.03889
8033,0.00063
8034,0.0
8035,0.0
8036,0.0
8037,0.0
8038,0.0
8039,0.0
8040,0.0
8041,0.0
8042,0.0
8043,0.0
8044,0.0
8045,0.0
8046,0.01316
8047,0.10861
8048,0.16584000000000002
8049,0.22347999999999998
8050,0.33135000000000003
8051,0.3895
8052,0.46619
8053,0.55388
8054,0.30105
8055,0.22916999999999998
8056,0.07297
8057,0.0011799999999999998
8058,0.0
8059,0.0
8060,0.0
8061,0.0
8062,0.0
8063,0.0
8064,0.0
8065,0.0
8066,0.0
8067,0.0
8068,0.0
8069,0.0
8070,0.03427
8071,0.14443999999999999
8072,0.2083
8073,0.47762
8074,0.46257
8075,0.48622000000000004
8076,0.48371
8077,0.50213
8078,0.4288
8079,0.22753
8080,0.10823
8081,0.00078
8082,0.0
8083,0.0
8084,0.0
8085,0.0
8086,0.0
8087,0.0
8088,0.0
8089,0.0
8090,0.0
8091,0.0
8092,0.0
8093,0.0
8094,0.07696
8095,0.26677
8096,0.45904
8097,0.56191
8098,0.61586
8099,0.70801
8100,0.6357999999999999
8101,0.59104
8102,0.4056
8103,0.30997
8104,0.12498000000000001
8105,0.00132
8106,0.0
8107,0.0
8108,0.0
8109,0.0
8110,0.0
8111,0.0
8112,0.0
8113,0.0
8114,0.0
8115,0.0
8116,0.0
8117,0.0
8118,0.08012999999999999
8119,0.29542
8120,0.47243
8121,0.56083
8122,0.6797799999999999
8123,0.71168
8124,0.7130700000000001
8125,0.62781
8126,0.49317
8127,0.31949
8128,0.12431
8129,0.00108
8130,0.0
8131,0.0
8132,0.0
8133,0.0
8134,0.0
8135,0.0
8136,0.0
8137,0.0
8138,0.0
8139,0.0
8140,0.0
8141,0.0
8142,0.07547
8143,0.28864
8144,0.47917000000000004
8145,0.6071
8146,0.6876599999999999
8147,0.72414
8148,0.7054199999999999
8149,0.6311
8150,0.49698000000000003
8151,0.32552
8152,0.11159999999999999
8153,0.00133
8154,0.0
8155,0.0
8156,0.0
8157,0.0
8158,0.0
8159,0.0
8160,0.0
8161,0.0
8162,0.0
8163,0.0
8164,0.0
8165,0.0
8166,0.02782
8167,0.18681
8168,0.36049000000000003
8169,0.5395800000000001
8170,0.61182
8171,0.6566900000000001
8172,0.56965
8173,0.5481900000000001
8174,0.38818
8175,0.25512
8176,0.10948999999999999
8177,0.0017900000000000001
8178,0.0
8179,0.0
8180,0.0
8181,0.0
8182,0.0
8183,0.0
8184,0.0
8185,0.0
8186,0.0
8187,0.0
8188,0.0
8189,0.0
8190,0.05086
8191,0.23198
8192,0.42588
8193,0.60351
8194,0.67699
8195,0.67983
8196,0.69443
8197,0.57077
8198,0.44122
8199,0.25224
8200,0.08622
8201,0.0011200000000000001
8202,0.0
8203,0.0
8204,0.0
8205,0.0
8206,0.0
8207,0.0
8208,0.0
8209,0.0
8210,0.0
8211,0.0
8212,0.0
8213,0.0
8214,0.02985
8215,0.18761000000000003
8216,0.41201
8217,0.48188
8218,0.5974700000000001
8219,0.67025
8220,0.5458500000000001
8221,0.5809500000000001
8222,0.44994
8223,0.23918999999999999
8224,0.08126
8225,0.00176
8226,0.0
8227,0.0
8228,0.0
8229,0.0
8230,0.0
8231,0.0
8232,0.0
8233,0.0
8234,0.0
8235,0.0
8236,0.0
8237,0.0
8238,0.04937
8239,0.22799
8240,0.38412
8241,0.54861
8242,0.64124
8243,0.68561
8244,0.58951
8245,0.61358
8246,0.49615
8247,0.28032
8248,0.09234999999999999
8249,0.0009
8250,0.0
8251,0.0
8252,0.0
8253,0.0
8254,0.0
8255,0.0
8256,0.0
8257,0.0
8258,0.0
8259,0.0
8260,0.0
8261,0.0
8262,0.066
8263,0.27226999999999996
8264,0.46967000000000003
8265,0.6015199999999999
8266,0.64876
8267,0.63491
8268,0.57002
8269,0.61456
8270,0.48245
8271,0.31860000000000005
8272,0.1347
8273,0.0013
8274,0.0
8275,0.0
8276,0.0
8277,0.0
8278,0.0
8279,0.0
8280,0.0
8281,0.0
8282,0.0
8283,0.0
8284,0.0
8285,0.0
8286,0.07094
8287,0.28145
8288,0.47776
8289,0.6164299999999999
8290,0.69078
8291,0.72001
8292,0.68972
8293,0.62238
8294,0.49626
8295,0.33462000000000003
8296,0.13444
8297,0.00182
8298,0.0
8299,0.0
8300,0.0
8301,0.0
8302,0.0
8303,0.0
8304,0.0
8305,0.0
8306,0.0
8307,0.0
8308,0.0
8309,0.0
8310,0.06915
8311,0.2789
8312,0.47264999999999996
8313,0.61378
8314,0.68071
8315,0.69569
8316,0.69989
8317,0.63828
8318,0.52
8319,0.28232
8320,0.13988
8321,0.00219
8322,0.0
8323,0.0
8324,0.0
8325,0.0
8326,0.0
8327,0.0
8328,0.0
8329,0.0
8330,0.0
8331,0.0
8332,0.0
8333,0.0
8334,0.07097
8335,0.28162
8336,0.47724
8337,0.60433
8338,0.68824
8339,0.7216699999999999
8340,0.70697
8341,0.64118
8342,0.5288999999999999
8343,0.33814
8344,0.14243
8345,0.00181
8346,0.0
8347,0.0
8348,0.0
8349,0.0
8350,0.0
8351,0.0
8352,0.0
8353,0.0
8354,0.0
8355,0.0
8356,0.0
8357,0.0
8358,0.06434000000000001
8359,0.24115999999999999
8360,0.39377999999999996
8361,0.6028
8362,0.68006
8363,0.70882
8364,0.71547
8365,0.59708
8366,0.46664999999999995
8367,0.29843000000000003
8368,0.13556
8369,0.00148
8370,0.0
8371,0.0
8372,0.0
8373,0.0
8374,0.0
8375,0.0
8376,0.0
8377,0.0
8378,0.0
8379,0.0
8380,0.0
8381,0.0
8382,0.055310000000000005
8383,0.22865
8384,0.40774
8385,0.46026
8386,0.6450499999999999
8387,0.6775599999999999
8388,0.6014299999999999
8389,0.55768
8390,0.42321
8391,0.26542
8392,0.12751
8393,0.0014299999999999998
8394,0.0
8395,0.0
8396,0.0
8397,0.0
8398,0.0
8399,0.0
8400,0.0
8401,0.0
8402,0.0
8403,0.0
8404,0.0
8405,0.0
8406,0.04575
8407,0.23709
8408,0.40396
8409,0.53295
8410,0.56348
8411,0.6270399999999999
8412,0.6758200000000001
8413,0.60678
8414,0.49572000000000005
8415,0.28428
8416,0.12696
8417,0.0015
8418,0.0
8419,0.0
8420,0.0
8421,0.0
8422,0.0
8423,0.0
8424,0.0
8425,0.0
8426,0.0
8427,0.0
8428,0.0
8429,0.0
8430,0.055299999999999995
8431,0.2546
8432,0.38789
8433,0.52603
8434,0.57917
8435,0.6748099999999999
8436,0.67175
8437,0.58894
8438,0.47761000000000003
8439,0.28891
8440,0.13659000000000002
8441,0.00227
8442,0.0
8443,0.0
8444,0.0
8445,0.0
8446,0.0
8447,0.0
8448,0.0
8449,0.0
8450,0.0
8451,0.0
8452,0.0
8453,0.0
8454,0.055630000000000006
8455,0.2037
8456,0.38089999999999996
8457,0.46161
8458,0.5130800000000001
8459,0.5509299999999999
8460,0.53876
8461,0.55132
8462,0.48758999999999997
8463,0.29319
8464,0.13282
8465,0.0024
8466,0.0
8467,0.0
8468,0.0
8469,0.0
8470,0.0
8471,0.0
8472,0.0
8473,0.0
8474,0.0
8475,0.0
8476,0.0
8477,0.0
8478,0.04729
8479,0.23318
8480,0.40593
8481,0.57887
8482,0.64613
8483,0.6930599999999999
8484,0.58002
8485,0.5869800000000001
8486,0.49406
8487,0.26016
8488,0.13708
8489,0.00259
8490,0.0
8491,0.0
8492,0.0
8493,0.0
8494,0.0
8495,0.0
8496,0.0
8497,0.0
8498,0.0
8499,0.0
8500,0.0
8501,0.0
8502,0.05749
8503,0.26583999999999997
8504,0.45957
8505,0.6039
8506,0.6761
8507,0.7161799999999999
8508,0.69298
8509,0.65865
8510,0.48181999999999997
8511,0.33067
8512,0.15409
8513,0.00307
8514,0.0
8515,0.0
8516,0.0
8517,0.0
8518,0.0
8519,0.0
8520,0.0
8521,0.0
8522,0.0
8523,0.0
8524,0.0
8525,0.0
8526,0.06007
8527,0.25316
8528,0.45755
8529,0.6071
8530,0.68544
8531,0.72926
8532,0.71287
8533,0.64997
8534,0.52319
8535,0.34983
8536,0.15822
8537,0.00237
8538,0.0
8539,0.0
8540,0.0
8541,0.0
8542,0.0
8543,0.0
8544,0.0
8545,0.0
8546,0.0
8547,0.0
8548,0.0
8549,0.0
8550,0.0541
8551,0.23621
8552,0.36998000000000003
8553,0.5411699999999999
8554,0.63179
8555,0.65199
8556,0.68577
8557,0.54964
8558,0.42647
8559,0.32581
8560,0.12456
8561,0.00352
8562,0.0
8563,0.0
8564,0.0
8565,0.0
8566,0.0
8567,0.0
8568,0.0
8569,0.0
8570,0.0
8571,0.0
8572,0.0
8573,0.0
8574,0.05258
8575,0.23433
8576,0.40475
8577,0.56222
8578,0.6317999999999999
8579,0.64626
8580,0.6535
8581,0.63823
8582,0.47988
8583,0.2932
8584,0.15741
8585,0.00359
8586,0.0
8587,0.0
8588,0.0
8589,0.0
8590,0.0
8591,0.0
8592,0.0
8593,0.0
8594,0.0
8595,0.0
8596,0.0
8597,0.0
8598,0.0501
8599,0.25895
8600,0.4169
8601,0.59762
8602,0.66306
8603,0.71851
8604,0.71512
8605,0.64478
8606,0.52444
8607,0.35513
8608,0.15469999999999998
8609,0.00367
8610,0.0
8611,0.0
8612,0.0
8613,0.0
8614,0.0
8615,0.0
8616,0.0
8617,0.0
8618,0.0
8619,0.0
8620,0.0
8621,0.0
8622,0.04683
8623,0.20821
8624,0.30069999999999997
8625,0.51871
8626,0.62489
8627,0.6512899999999999
8628,0.66455
8629,0.60588
8630,0.42857999999999996
8631,0.33619
8632,0.16443000000000002
8633,0.009210000000000001
8634,0.0
8635,0.0
8636,0.0
8637,0.0
8638,0.0
8639,0.0
8640,0.0
8641,0.0
8642,0.0
8643,0.0
8644,0.0
8645,0.0
8646,0.04539
8647,0.2303
8648,0.44612999999999997
8649,0.58478
8650,0.6387
8651,0.70643
8652,0.68752
8653,0.5775399999999999
8654,0.5157200000000001
8655,0.29974
8656,0.14828
8657,0.00791
8658,0.0
8659,0.0
8660,0.0
8661,0.0
8662,0.0
8663,0.0
8664,0.0
8665,0.0
8666,0.0
8667,0.0
8668,0.0
8669,0.0
8670,0.041299999999999996
8671,0.17948
8672,0.40193
8673,0.5478
8674,0.6437999999999999
8675,0.66801
8676,0.64001
8677,0.59204
8678,0.44158
8679,0.32245999999999997
8680,0.14739
8681,0.00808
8682,0.0
8683,0.0
8684,0.0
8685,0.0
8686,0.0
8687,0.0
8688,0.0
8689,0.0
8690,0.0
8691,0.0
8692,0.0
8693,0.0
8694,0.00428
8695,0.20459
8696,0.41564999999999996
8697,0.53239
8698,0.61775
8699,0.70413
8700,0.70725
8701,0.59301
8702,0.52877
8703,0.34714999999999996
8704,0.14292
8705,0.009630000000000001
8706,0.0
8707,0.0
8708,0.0
8709,0.0
8710,0.0
8711,0.0
8712,0.0
8713,0.0
8714,0.0
8715,0.0
8716,0.0
8717,0.0
8718,0.00294
8719,0.1963
8720,0.39738
8721,0.56477
8722,0.66814
8723,0.70715
8724,0.6738500000000001
8725,0.6029500000000001
8726,0.48916000000000004
8727,0.31351999999999997
8728,0.1364
8729,0.01131
8730,0.0
8731,0.0
8732,0.0
8733,0.0
8734,0.0
8735,0.0
8736,0.0
8737,0.0
8738,0.0
8739,0.0
8740,0.0
8741,0.0
8742,0.00346
8743,0.24581
8744,0.4265
8745,0.58654
8746,0.69297
8747,0.74354
8748,0.7417
8749,0.66385
8750,0.52337
8751,0.37022000000000005
8752,0.15963999999999998
8753,0.03593
8754,0.0
8755,0.0
8756,0.0
8757,0.0
8758,0.0
8759,0.0
