,pv_per_unit
0,0.0
1,0.0
2,0.0
3,0.0
4,0.0
5,0.0
6,0.03059
7,0.20498
8,0.37859
9,0.51686
10,0.62949
11,0.6848500000000001
12,0.64518
13,0.59954
14,0.5293
15,0.34218
16,0.19608
17,0.01088
18,0.0
19,0.0
20,0.0
21,0.0
22,0.0
23,0.0
24,0.0
25,0.0
26,0.0
27,0.0
28,0.0
29,0.0
30,0.04394
31,0.25662
32,0.44645999999999997
33,0.59864
34,0.69696
35,0.7370800000000001
36,0.7172799999999999
37,0.61191
38,0.48369
39,0.34087
40,0.18188
41,0.009130000000000001
42,0.0
43,0.0
44,0.0
45,0.0
46,0.0
47,0.0
48,0.0
49,0.0
50,0.0
51,0.0
52,0.0
53,0.0
54,0.02797
55,0.16423
56,0.36813
57,0.51493
58,0.62113
59,0.68574
60,0.67914
61,0.6095499999999999
62,0.42641
63,0.38479
64,0.18697
65,0.010039999999999999
66,0.0
67,0.0
68,0.0
69,0.0
70,0.0
71,0.0
72,0.0
73,0.0
74,0.0
75,0.0
76,0.0
77,0.0
78,0.0289
79,0.15478
80,0.31211
81,0.40205
82,0.58161
83,0.58788
84,0.5853400000000001
85,0.4084
86,0.40725
87,0.31521
88,0.15697
89,0.008119999999999999
90,0.0
91,0.0
92,0.0
93,0.0
94,0.0
95,0.0
96,0.0
97,0.0
98,0.0
99,0.0
100,0.0
101,0.0
102,0.00478
103,0.054700000000000006
104,0.15483000000000002
105,0.27338999999999997
106,0.49526
107,0.61313
108,0.48198
109,0.43447
110,0.42388
111,0.21969999999999998
112,0.06417
113,0.0076100000000000004
114,0.0
115,0.0
116,0.0
117,0.0
118,0.0
119,0.0
120,0.0
121,0.0
122,0.0
123,0.0
124,0.0
125,0.0
126,0.0281
127,0.15841999999999998
128,0.29669999999999996
129,0.46201
130,0.60449
131,0.67729
132,0.63121
133,0.51181
134,0.42477
135,0.27083999999999997
136,0.14511000000000002
137,0.01816
138,0.0
139,0.0
140,0.0
141,0.0
142,0.0
143,0.0
144,0.0
145,0.0
146,0.0
147,0.0
148,0.0
149,0.0
150,0.02546
151,0.15785
152,0.29424
153,0.45114
154,0.29664999999999997
155,0.39271
156,0.35531
157,0.5096499999999999
158,0.35566000000000003
159,0.28696
160,0.15419999999999998
161,0.0176
162,0.0
163,0.0
164,0.0
165,0.0
166,0.0
167,0.0
168,0.0
169,0.0
170,0.0
171,0.0
172,0.0
173,0.0
174,0.02468
175,0.16652
176,0.27126
177,0.49071
178,0.53683
179,0.69676
180,0.5532699999999999
181,0.5282
182,0.38877
183,0.29572000000000004
184,0.144
185,0.01661
186,0.0
187,0.0
188,0.0
189,0.0
190,0.0
191,0.0
192,0.0
193,0.0
194,0.0
195,0.0
196,0.0
197,0.0
198,0.037899999999999996
199,0.19887
200,0.39423
201,0.47345
202,0.59253
203,0.63913
204,0.6591
205,0.63128
206,0.5216900000000001
207,0.35270999999999997
208,0.20506
209,0.02447
210,0.0
211,0.0
212,0.0
213,0.0
214,0.0
215,0.0
216,0.0
217,0.0
218,0.0
219,0.0
220,0.0
221,0.0
222,0.03275
223,0.16566999999999998
224,0.364
225,0.51325
226,0.63114
227,0.63446
228,0.55884
229,0.5282899999999999
230,0.47458
231,0.30031
232,0.18919999999999998
233,0.031129999999999998
234,0.0
235,0.0
236,0.0
237,0.0
238,0.0
239,0.0
240,0.0
241,0.0
242,0.0
243,0.0
244,0.0
245,0.0
246,0.02678
247,0.19837
248,0.38706999999999997
249,0.53276
250,0.51779
251,0.64722
252,0.56897
253,0.50011
254,0.48201
255,0.30341
256,0.17229
257,0.02716
258,0.0
259,0.0
260,0.0
261,0.0
262,0.0
263,0.0
264,0.0
265,0.0
266,0.0
267,0.0
268,0.0
269,0.0
270,0.01945
271,0.15347
272,0.35498
273,0.42969999999999997
274,0.59446
275,0.63522
276,0.60819
277,0.52819
278,0.45781
279,0.34326
280,0.20582
281,0.03218
282,0.0
283,0.0
284,0.0
285,0.0
286,0.0
287,0.0
288,0.0
289,0.0
290,0.0
291,0.0
292,0.0
293,0.0
294,0.03628
295,0.22358
296,0.39203
297,0.43698000000000004
298,0.62346
299,0.6504
300,0.61501
301,0.6009800000000001
302,0.5215599999999999
303,0.3963
304,0.22200999999999999
305,0.03485
306,0.0
307,0.0
308,0.0
309,0.0
310,0.0
311,0.0
312,0.0
313,0.0
314,0.0
315,0.0
316,0.0
317,0.0
318,0.03496
319,0.23815999999999998
320,0.41156
321,0.4925
322,0.5575399999999999
323,0.61927
324,0.67722
325,0.5976
326,0.51548
327,0.3742
328,0.18681
329,0.03343
330,0.0
331,0.0
332,0.0
333,0.0
334,0.0
335,0.0
336,0.0
337,0.0
338,0.0
339,0.0
340,0.0
341,0.0
342,0.03327
343,0.21497
344,0.37286
345,0.51813
346,0.5851799999999999
347,0.6073099999999999
348,0.64986
349,0.49997
350,0.4825
351,0.32725
352,0.1751
353,0.0305
354,0.0
355,0.0
356,0.0
357,0.0
358,0.0
359,0.0
360,0.0
361,0.0
362,0.0
363,0.0
364,0.0
365,0.0
366,0.019960000000000002
367,0.14488
368,0.27513
369,0.42077
370,0.52026
371,0.5146799999999999
372,0.63148
373,0.60156
374,0.50541
375,0.34402
376,0.19252
377,0.03033
378,0.0
379,0.0
380,0.0
381,0.0
382,0.0
383,0.0
384,0.0
385,0.0
386,0.0
387,0.0
388,0.0
389,0.0
390,0.024
391,0.18469999999999998
392,0.31187
393,0.25747000000000003
394,0.37915
395,0.36637000000000003
396,0.50812
397,0.5846399999999999
398,0.5281699999999999
399,0.35736
400,0.18838
401,0.03319
402,0.0
403,0.0
404,0.0
405,0.0
406,0.0
407,0.0
408,0.0
409,0.0
410,0.0
411,0.0
412,0.0
413,0.0
414,0.019850000000000003
415,0.17269
416,0.32693
417,0.45855
418,0.5839099999999999
419,0.68917
420,0.6720499999999999
421,0.5241399999999999
422,0.49355
423,0.40613
424,0.20319
425,0.03724
426,0.0
427,0.0
428,0.0
429,0.0
430,0.0
431,0.0
432,0.0
433,0.0
434,0.0
435,0.0
436,0.0
437,0.0
438,0.02542
439,0.18788
440,0.4088
441,0.54241
442,0.62003
443,0.65473
444,0.62624
445,0.59042
446,0.51004
447,0.38967
448,0.22411
449,0.03681
450,0.0
451,0.0
452,0.0
453,0.0
454,0.0
455,0.0
456,0.0
457,0.0
458,0.0
459,0.0
460,0.0
461,0.0
462,0.016890000000000002
463,0.14109
464,0.29102
465,0.43774
466,0.55862
467,0.6465700000000001
468,0.51428
469,0.50998
470,0.37956
471,0.29002999999999995
472,0.19562000000000002
473,0.03552
474,0.0
475,0.0
476,0.0
477,0.0
478,0.0
479,0.0
480,0.0
481,0.0
482,0.0
483,0.0
484,0.0
485,0.0
486,0.02282
487,0.21709
488,0.38755
489,0.5452899999999999
490,0.66515
491,0.71386
492,0.6461399999999999
493,0.6464
494,0.53698
495,0.36337
496,0.16691999999999999
497,0.039369999999999995
498,0.0
499,0.0
500,0.0
501,0.0
502,0.0
503,0.0
504,0.0
505,0.0
506,0.0
507,0.0
508,0.0
509,0.0
510,0.02951
511,0.19061
512,0.32885000000000003
513,0.49754000000000004
514,0.53914
515,0.62705
516,0.63814
517,0.42789
518,0.37768
519,0.3785
520,0.19893
521,0.03792
522,0.0
523,0.0
524,0.0
525,0.0
526,0.0
527,0.0
528,0.0
529,0.0
530,0.0
531,0.0
532,0.0
533,0.0
534,0.01651
535,0.10869
536,0.28878
537,0.39332
538,0.40088999999999997
539,0.5345700000000001
540,0.64406
541,0.47826
542,0.41836
543,0.30421
544,0.13596
545,0.030690000000000002
546,0.0
547,0.0
548,0.0
549,0.0
550,0.0
551,0.0
552,0.0
553,0.0
554,0.0
555,0.0
556,0.0
557,0.0
558,0.01918
559,0.18949000000000002
560,0.29810000000000003
561,0.46226
562,0.53904
563,0.59621
564,0.54845
565,0.24839
566,0.29320999999999997
567,0.20073
568,0.07879000000000001
569,0.02305
570,0.0
571,0.0
572,0.0
573,0.0
574,0.0
575,0.0
576,0.0
577,0.0
578,0.0
579,0.0
580,0.0
581,0.0
582,0.01796
583,0.14316
584,0.23755
585,0.42873
586,0.45275
587,0.52623
588,0.66154
589,0.53838
590,0.49645999999999996
591,0.37609
592,0.15628
593,0.03301
594,0.0
595,0.0
596,0.0
597,0.0
598,0.0
599,0.0
600,0.0
601,0.0
602,0.0
603,0.0
604,0.0
605,0.0
606,0.011439999999999999
607,0.09822
608,0.22831
609,0.16049000000000002
610,0.29899000000000003
611,0.31262
612,0.58646
613,0.48047
614,0.40823000000000004
615,0.28893
616,0.16936
617,0.0299
618,0.0
619,0.0
620,0.0
621,0.0
622,0.0
623,0.0
624,0.0
625,0.0
626,0.0
627,0.0
628,0.0
629,0.0
630,0.00811
631,0.08161
632,0.25569
633,0.34181
634,0.41131
635,0.40166
636,0.44806999999999997
637,0.53407
638,0.28542
639,0.29104
640,0.1383
641,0.02411
642,0.0
643,0.0
644,0.0
645,0.0
646,0.0
647,0.0
648,0.0
649,0.0
650,0.0
651,0.0
652,0.0
653,0.0
654,0.02442
655,0.16383
656,0.26953
657,0.30386
658,0.37243
659,0.55848
660,0.5895199999999999
661,0.57547
662,0.54242
663,0.32911
664,0.16719
665,0.0304
666,0.0
667,0.0
668,0.0
669,0.0
670,0.0
671,0.0
672,0.0
673,0.0
674,0.0
675,0.0
676,0.0
677,0.0
678,0.01273
679,0.09290000000000001
680,0.33206
681,0.46376
682,0.37172000000000005
683,0.42807999999999996
684,0.43733
685,0.41735
686,0.37372000000000005
687,0.34246
688,0.18012999999999998
689,0.037079999999999995
690,0.0
691,0.0
692,0.0
693,0.0
694,0.0
695,0.0
696,0.0
697,0.0
698,0.0
699,0.0
700,0.0
701,0.0
702,0.019969999999999998
703,0.131
704,0.23138999999999998
705,0.27823000000000003
706,0.37063999999999997
707,0.47508999999999996
708,0.58816
709,0.42104
710,0.54187
711,0.39744999999999997
712,0.20923
713,0.03735
714,0.0
715,0.0
716,0.0
717,0.0
718,0.0
719,0.0
720,0.0
721,0.0
722,0.0
723,0.0
724,0.0
725,0.0
726,0.01576
727,0.155
728,0.35706
729,0.44672
730,0.5649500000000001
731,0.68579
732,0.6214299999999999
733,0.5678200000000001
734,0.53624
735,0.35628
736,0.18286000000000002
737,0.03405
738,0.0
739,0.0
740,0.0
741,0.0
742,0.0
743,0.0
744,0.0
745,0.0
746,0.0
747,0.0
748,0.0
749,0.0
750,0.01394
751,0.12897999999999998
752,0.24731
753,0.43083
754,0.5536599999999999
755,0.53743
756,0.50076
757,0.32677
758,0.45494
759,0.32548
760,0.20241
761,0.039
762,0.0
763,0.0
764,0.0
765,0.0
766,0.0
767,0.0
768,0.0
769,0.0
770,0.0
771,0.0
772,0.0
773,0.0
774,0.02441
775,0.20235
776,0.32650999999999997
777,0.44241
778,0.5536599999999999
779,0.6304500000000001
780,0.65532
781,0.5581699999999999
782,0.44874
783,0.29435
784,0.19371000000000002
785,0.0371
786,0.0
787,0.0
788,0.0
789,0.0
790,0.0
791,0.0
792,0.0
793,0.0
794,0.0
795,0.0
796,0.0
797,0.0
798,0.01093
799,0.10472
800,0.23561
801,0.31544
802,0.31059
803,0.50245
804,0.55451
805,0.53984
806,0.45403
807,0.36942
808,0.21302000000000001
809,0.01832
810,0.0
811,0.0
812,0.0
813,0.0
814,0.0
815,0.0
816,0.0
817,0.0
818,0.0
819,0.0
820,0.0
821,0.0
822,0.0129
823,0.11801
824,0.29632
825,0.4496
826,0.52135
827,0.35728
828,0.54264
829,0.43302999999999997
830,0.40743
831,0.23793999999999998
832,0.10254
833,0.02364
834,0.0
835,0.0
836,0.0
837,0.0
838,0.0
839,0.0
840,0.0
841,0.0
842,0.0
843,0.0
844,0.0
845,0.0
846,0.00916
847,0.10959999999999999
848,0.21061000000000002
849,0.29564
850,0.43018
851,0.52843
852,0.49456
853,0.4845
854,0.33418000000000003
855,0.24865
856,0.10079
857,0.01986
858,0.0
859,0.0
860,0.0
861,0.0
862,0.0
863,0.0
864,0.0
865,0.0
866,0.0
867,0.0
868,0.0
869,0.0
870,0.00758
871,0.09419
872,0.19635
873,0.32658
874,0.46936
875,0.68801
876,0.70566
877,0.5004
878,0.47139
879,0.36526
880,0.21808000000000002
881,0.04457
882,0.0
883,0.0
884,0.0
885,0.0
886,0.0
887,0.0
888,0.0
889,0.0
890,0.0
891,0.0
892,0.0
893,0.0
894,0.02093
895,0.18133000000000002
896,0.33708
897,0.45792
898,0.5754400000000001
899,0.6531
900,0.67965
901,0.6713
902,0.51558
903,0.40147000000000005
904,0.21323
905,0.0415
906,0.0
907,0.0
908,0.0
909,0.0
910,0.0
911,0.0
912,0.0
913,0.0
914,0.0
915,0.0
916,0.0
917,0.0
918,0.01443
919,0.144
920,0.24877000000000002
921,0.43524
922,0.50539
923,0.5678099999999999
924,0.6445
925,0.6139199999999999
926,0.29173000000000004
927,0.27376
928,0.17081
929,0.038799999999999994
930,0.0
931,0.0
932,0.0
933,0.0
934,0.0
935,0.0
936,0.0
937,0.0
938,0.0
939,0.0
940,0.0
941,0.0
942,0.01816
943,0.16486
944,0.35043
945,0.5270199999999999
946,0.64593
947,0.70465
948,0.66386
949,0.6657000000000001
950,0.54652
951,0.39935000000000004
952,0.20507
953,0.0441
954,0.0
955,0.0
956,0.0
957,0.0
958,0.0
959,0.0
960,0.0
961,0.0
962,0.0
963,0.0
964,0.0
965,0.0
966,0.0192
967,0.17111
968,0.37351999999999996
969,0.5242100000000001
970,0.66361
971,0.6999
972,0.64815
973,0.66189
974,0.53188
975,0.44598000000000004
976,0.25889999999999996
977,0.04765
978,0.0
979,0.0
980,0.0
981,0.0
982,0.0
983,0.0
984,0.0
985,0.0
986,0.0
987,0.0
988,0.0
989,0.0
990,0.022010000000000002
991,0.17168
992,0.34258999999999995
993,0.45236000000000004
994,0.55171
995,0.61953
996,0.6545700000000001
997,0.54107
998,0.55702
999,0.44244
1000,0.22419999999999998
1001,0.048369999999999996
1002,0.0
1003,0.0
1004,0.0
1005,0.0
1006,0.0
1007,0.0
1008,0.0
1009,0.0
1010,0.0
1011,0.0
1012,0.0
1013,0.0
1014,0.00958
1015,0.11159000000000001
1016,0.32076
1017,0.44856999999999997
1018,0.54149
1019,0.5546599999999999
1020,0.63847
1021,0.63671
1022,0.47376
1023,0.30489
1024,0.18684
1025,0.036
1026,0.0
1027,0.0
1028,0.0
1029,0.0
1030,0.0
1031,0.0
1032,0.0
1033,0.0
1034,0.0
1035,0.0
1036,0.0
1037,0.0
1038,0.01142
1039,0.13369
1040,0.29763999999999996
1041,0.43051
1042,0.55674
1043,0.6651699999999999
1044,0.6218899999999999
1045,0.6096
1046,0.56364
1047,0.41954
1048,0.1973
1049,0.04777
1050,0.0
1051,0.0
1052,0.0
1053,0.0
1054,0.0
1055,0.0
1056,0.0
1057,0.0
1058,0.0
1059,0.0
1060,0.0
1061,0.0
1062,0.02149
1063,0.17912999999999998
1064,0.36997
1065,0.574
1066,0.7097899999999999
1067,0.5805800000000001
1068,0.72269
1069,0.6725800000000001
1070,0.55886
1071,0.44845
1072,0.23918999999999999
1073,0.048549999999999996
1074,0.0
1075,0.0
1076,0.0
1077,0.0
1078,0.0
1079,0.0
1080,0.0
1081,0.0
1082,0.0
1083,0.0
1084,0.0
1085,0.0
1086,0.0285
1087,0.21775
1088,0.43192
1089,0.58784
1090,0.70935
1091,0.76842
1092,0.77966
1093,0.7189500000000001
1094,0.58772
1095,0.44615
1096,0.24516
1097,0.04436
1098,0.0
1099,0.0
1100,0.0
1101,0.0
1102,0.0
1103,0.0
1104,0.0
1105,0.0
1106,0.0
1107,0.0
1108,0.0
1109,0.0
1110,0.02644
1111,0.23457
1112,0.42602999999999996
1113,0.5753400000000001
1114,0.66763
1115,0.75609
1116,0.71463
1117,0.62195
1118,0.50978
1119,0.424
1120,0.23815
1121,0.045939999999999995
1122,0.0
1123,0.0
1124,0.0
1125,0.0
1126,0.0
1127,0.0
1128,0.0
1129,0.0
1130,0.0
1131,0.0
1132,0.0
1133,0.0
1134,0.02671
1135,0.23856
1136,0.41381999999999997
1137,0.56186
1138,0.66496
1139,0.68896
1140,0.6585599999999999
1141,0.62706
1142,0.52904
1143,0.43279
1144,0.22684
1145,0.04765
1146,0.0
1147,0.0
1148,0.0
1149,0.0
1150,0.0
1151,0.0
1152,0.0
1153,0.0
1154,0.0
1155,0.0
1156,0.0
1157,0.0
1158,0.02302
1159,0.1695
1160,0.32459
1161,0.45600999999999997
1162,0.52298
1163,0.61766
1164,0.6124400000000001
1165,0.56278
1166,0.49227
1167,0.33884
1168,0.15669999999999998
1169,0.03385
1170,0.0
1171,0.0
1172,0.0
1173,0.0
1174,0.0
1175,0.0
1176,0.0
1177,0.0
1178,0.0
1179,0.0
1180,0.0
1181,0.0
1182,0.00667
1183,0.10887999999999999
1184,0.25136000000000003
1185,0.47020999999999996
1186,0.48212
1187,0.41644
1188,0.49736
1189,0.23432
1190,0.28642
1191,0.21838999999999997
1192,0.12852000000000002
1193,0.02444
1194,0.0
1195,0.0
1196,0.0
1197,0.0
1198,0.0
1199,0.0
1200,0.0
1201,0.0
1202,0.0
1203,0.0
1204,0.0
1205,0.0
1206,0.00757
1207,0.07908
1208,0.10085
1209,0.25873
1210,0.30067
1211,0.36891
1212,0.482
1213,0.39253
1214,0.35489
1215,0.27019
1216,0.14709999999999998
1217,0.03798
1218,0.0
1219,0.0
1220,0.0
1221,0.0
1222,0.0
1223,0.0
1224,0.0
1225,0.0
1226,0.0
1227,0.0
1228,0.0
1229,0.0
1230,0.024050000000000002
1231,0.20163999999999999
1232,0.42801999999999996
1233,0.56644
1234,0.6902
1235,0.56489
1236,0.64149
1237,0.52778
1238,0.44498000000000004
1239,0.33743
1240,0.23547
1241,0.04664
1242,0.0
1243,0.0
1244,0.0
1245,0.0
1246,0.0
1247,0.0
1248,0.0
1249,0.0
1250,0.0
1251,0.0
1252,0.0
1253,0.0
1254,0.02501
1255,0.20509
1256,0.39108
1257,0.6036900000000001
1258,0.67201
1259,0.6899299999999999
1260,0.75351
1261,0.69539
1262,0.5321699999999999
1263,0.42487
1264,0.24080000000000001
1265,0.05105
1266,0.0
1267,0.0
1268,0.0
1269,0.0
1270,0.0
1271,0.0
1272,0.0
1273,0.0
1274,0.0
1275,0.0
1276,0.0
1277,0.0
1278,0.02729
1279,0.19116999999999998
1280,0.35678
1281,0.46196
1282,0.61501
1283,0.69287
1284,0.68376
1285,0.6111
1286,0.5017900000000001
1287,0.403
1288,0.23003
1289,0.040100000000000004
1290,0.0
1291,0.0
1292,0.0
1293,0.0
1294,0.0
1295,0.0
1296,0.0
1297,0.0
1298,0.0
1299,0.0
1300,0.0
1301,0.0
1302,0.024120000000000003
1303,0.21175
1304,0.41443
1305,0.53571
1306,0.5988600000000001
1307,0.71256
1308,0.6603
1309,0.6137100000000001
1310,0.5223300000000001
1311,0.41463
1312,0.24739
1313,0.04186
1314,0.0
1315,0.0
1316,0.0
1317,0.0
1318,0.0
1319,0.0
1320,0.0
1321,0.0
1322,0.0
1323,0.0
1324,0.0
1325,0.0
1326,0.02388
1327,0.21537
1328,0.39887
1329,0.5511
1330,0.6955800000000001
1331,0.72016
1332,0.7345700000000001
1333,0.67296
1334,0.59678
1335,0.37895999999999996
1336,0.17542
1337,0.03347
1338,0.0
1339,0.0
1340,0.0
1341,0.0
1342,0.0
1343,0.0
1344,0.0
1345,0.0
1346,0.0
1347,0.0
1348,0.0
1349,0.0
1350,0.02445
1351,0.21044
1352,0.40416
1353,0.5603400000000001
1354,0.66291
1355,0.6912
1356,0.65526
1357,0.43797
1358,0.41558
1359,0.28705
1360,0.1861
1361,0.04374
1362,0.0
1363,0.0
1364,0.0
1365,0.0
1366,0.0
1367,0.0
1368,0.0
1369,0.0
1370,0.0
1371,0.0
1372,0.0
1373,0.0
1374,0.02472
1375,0.20906
1376,0.3384
1377,0.46111
1378,0.57288
1379,0.54012
1380,0.63725
1381,0.5281699999999999
1382,0.46536
1383,0.31201
1384,0.18553999999999998
1385,0.04218
1386,0.0
1387,0.0
1388,0.0
1389,0.0
1390,0.0
1391,0.0
1392,0.0
1393,0.0
1394,0.0
1395,0.0
1396,0.0
1397,0.0
1398,0.01767
1399,0.13872
1400,0.2881
1401,0.48524
1402,0.4952
1403,0.6301599999999999
1404,0.56565
1405,0.51277
1406,0.47105
1407,0.31269
1408,0.19
1409,0.033159999999999995
1410,0.0
1411,0.0
1412,0.0
1413,0.0
1414,0.0
1415,0.0
1416,0.0
1417,0.0
1418,0.0
1419,0.0
1420,0.0
1421,0.0
1422,0.01704
1423,0.16605
1424,0.30228
1425,0.44083
1426,0.49418
1427,0.5735800000000001
1428,0.6371
1429,0.59076
1430,0.45957
1431,0.34166
1432,0.19166
1433,0.03463
1434,0.0
1435,0.0
1436,0.0
1437,0.0
1438,0.0
1439,0.0
1440,0.0
1441,0.0
1442,0.0
1443,0.0
1444,0.0
1445,0.0
1446,0.02305
1447,0.18216
1448,0.33164
1449,0.44486000000000003
1450,0.55304
1451,0.67967
1452,0.65122
1453,0.5980800000000001
1454,0.50919
1455,0.33857
1456,0.19961
1457,0.03667
1458,0.0
1459,0.0
1460,0.0
1461,0.0
1462,0.0
1463,0.0
1464,0.0
1465,0.0
1466,0.0
1467,0.0
1468,0.0
1469,0.0
1470,0.01648
1471,0.15569
1472,0.35434
1473,0.48158999999999996
1474,0.51406
1475,0.6588999999999999
1476,0.62759
1477,0.5708799999999999
1478,0.50083
1479,0.36613999999999997
1480,0.21105000000000002
1481,0.03311
1482,0.0
1483,0.0
1484,0.0
1485,0.0
1486,0.0
1487,0.0
1488,0.0
1489,0.0
1490,0.0
1491,0.0
1492,0.0
1493,0.0
1494,0.02105
1495,0.18515
1496,0.32880000000000004
1497,0.49288
1498,0.6303300000000001
1499,0.68174
1500,0.64001
1501,0.51801
1502,0.44956
1503,0.35208999999999996
1504,0.20923
1505,0.04208
1506,0.0
1507,0.0
1508,0.0
1509,0.0
1510,0.0
1511,0.0
1512,0.0
1513,0.0
1514,0.0
1515,0.0
1516,0.0
1517,0.0
1518,0.01507
1519,0.11531
1520,0.31355
1521,0.40741000000000005
1522,0.47574
1523,0.44614
1524,0.5527799999999999
1525,0.42765
1526,0.4377
1527,0.36383
1528,0.18730000000000002
1529,0.0332
1530,0.0
1531,0.0
1532,0.0
1533,0.0
1534,0.0
1535,0.0
1536,0.0
1537,0.0
1538,0.0
1539,0.0
1540,0.0
1541,0.0
1542,0.00227
1543,0.06458
1544,0.13963
1545,0.24888
1546,0.22573
1547,0.23948
1548,0.21731999999999999
1549,0.41458
1550,0.36177
1551,0.2995
1552,0.21192
1553,0.03469
1554,0.0
1555,0.0
1556,0.0
1557,0.0
1558,0.0
1559,0.0
1560,0.0
1561,0.0
1562,0.0
1563,0.0
1564,0.0
1565,0.0
1566,0.02081
1567,0.15666999999999998
1568,0.28441000000000005
1569,0.37347
1570,0.36813999999999997
1571,0.52123
1572,0.37201999999999996
1573,0.33363
1574,0.44144
1575,0.32549
1576,0.16702
1577,0.03041
1578,0.0
1579,0.0
1580,0.0
1581,0.0
1582,0.0
1583,0.0
1584,0.0
1585,0.0
1586,0.0
1587,0.0
1588,0.0
1589,0.0
1590,0.018789999999999998
1591,0.1215
1592,0.24481999999999998
1593,0.33388
1594,0.29663
1595,0.35461000000000004
1596,0.47432
1597,0.33173
1598,0.28525
1599,0.38112999999999997
1600,0.2125
1601,0.03624
1602,0.0
1603,0.0
1604,0.0
1605,0.0
1606,0.0
1607,0.0
1608,0.0
1609,0.0
1610,0.0
1611,0.0
1612,0.0
1613,0.0
1614,0.0061600000000000005
1615,0.04341
1616,0.16851
1617,0.21649000000000002
1618,0.2052
1619,0.39814
1620,0.30179
1621,0.25577
1622,0.30704000000000004
1623,0.34332
1624,0.16678
1625,0.023039999999999998
1626,0.0
1627,0.0
1628,0.0
1629,0.0
1630,0.0
1631,0.0
1632,0.0
1633,0.0
1634,0.0
1635,0.0
1636,0.0
1637,0.0
1638,0.029769999999999998
1639,0.15137
1640,0.2936
1641,0.45786
1642,0.6372000000000001
1643,0.61176
1644,0.64246
1645,0.5274500000000001
1646,0.5482400000000001
1647,0.34463
1648,0.15661000000000003
1649,0.0282
1650,0.0
1651,0.0
1652,0.0
1653,0.0
1654,0.0
1655,0.0
1656,0.0
1657,0.0
1658,0.0
1659,0.0
1660,0.0
1661,0.0
1662,0.030010000000000002
1663,0.15516
1664,0.29362
1665,0.31192000000000003
1666,0.36225999999999997
1667,0.46094
1668,0.5686
1669,0.45122
1670,0.47664999999999996
1671,0.35655000000000003
1672,0.18028
1673,0.02262
1674,0.0
1675,0.0
1676,0.0
1677,0.0
1678,0.0
1679,0.0
1680,0.0
1681,0.0
1682,0.0
1683,0.0
1684,0.0
1685,0.0
1686,0.03509
1687,0.20945
1688,0.40095
1689,0.5578200000000001
1690,0.6324500000000001
1691,0.6475700000000001
1692,0.67326
1693,0.57605
1694,0.43528
1695,0.32824000000000003
1696,0.14472
1697,0.02618
1698,0.0
1699,0.0
1700,0.0
1701,0.0
1702,0.0
1703,0.0
1704,0.0
1705,0.0
1706,0.0
1707,0.0
1708,0.0
1709,0.0
1710,0.01739
1711,0.10742
1712,0.28072
1713,0.44431
1714,0.42747
1715,0.47742
1716,0.60405
1717,0.52958
1718,0.44763
1719,0.34426
1720,0.14753
1721,0.01419
1722,0.0
1723,0.0
1724,0.0
1725,0.0
1726,0.0
1727,0.0
1728,0.0
1729,0.0
1730,0.0
1731,0.0
1732,0.0
1733,0.0
1734,0.00625
1735,0.051770000000000004
1736,0.13853000000000001
1737,0.30998000000000003
1738,0.38267
1739,0.49177
1740,0.57873
1741,0.31777
1742,0.25804000000000005
1743,0.25534
1744,0.19255
1745,0.03354
1746,0.0
1747,0.0
1748,0.0
1749,0.0
1750,0.0
1751,0.0
1752,0.0
1753,0.0
1754,0.0
1755,0.0
1756,0.0
1757,0.0
1758,0.02534
1759,0.14399
1760,0.29358
1761,0.4148
1762,0.517
1763,0.59404
1764,0.6162000000000001
1765,0.55506
1766,0.47839
1767,0.36415
1768,0.18836000000000003
1769,0.031030000000000002
1770,0.0
1771,0.0
1772,0.0
1773,0.0
1774,0.0
1775,0.0
1776,0.0
1777,0.0
1778,0.0
1779,0.0
1780,0.0
1781,0.0
1782,0.03253
1783,0.14715999999999999
1784,0.31671
1785,0.47082999999999997
1786,0.60012
1787,0.6353300000000001
1788,0.67963
1789,0.5838099999999999
1790,0.46496
1791,0.30501999999999996
1792,0.12778
1793,0.01716
1794,0.0
1795,0.0
1796,0.0
1797,0.0
1798,0.0
1799,0.0
1800,0.0
1801,0.0
1802,0.0
1803,0.0
1804,0.0
1805,0.0
1806,0.0105
1807,0.10868000000000001
1808,0.25339
1809,0.23155
1810,0.3533
1811,0.44304000000000004
1812,0.51689
1813,0.53201
1814,0.5152
1815,0.33355
1816,0.15356
1817,0.02085
1818,0.0
1819,0.0
1820,0.0
1821,0.0
1822,0.0
1823,0.0
1824,0.0
1825,0.0
1826,0.0
1827,0.0
1828,0.0
1829,0.0
1830,0.02574
1831,0.15387
1832,0.26239
1833,0.41333
1834,0.43495
1835,0.44025
1836,0.56302
1837,0.35752
1838,0.46932
1839,0.32129
1840,0.19553
1841,0.03419
1842,0.0
1843,0.0
1844,0.0
1845,0.0
1846,0.0
1847,0.0
1848,0.0
1849,0.0
1850,0.0
1851,0.0
1852,0.0
1853,0.0
1854,0.04
1855,0.21624000000000002
1856,0.36479
1857,0.43279
1858,0.499
1859,0.54373
1860,0.55814
1861,0.57196
1862,0.44349
1863,0.34267000000000003
1864,0.19516
1865,0.02137
1866,0.0
1867,0.0
1868,0.0
1869,0.0
1870,0.0
1871,0.0
1872,0.0
1873,0.0
1874,0.0
1875,0.0
1876,0.0
1877,0.0
1878,0.03393
1879,0.19137
1880,0.37731
1881,0.47347
1882,0.59825
1883,0.67395
1884,0.6354099999999999
1885,0.47874
1886,0.49006
1887,0.31339
1888,0.15471000000000001
1889,0.027039999999999998
1890,0.0
1891,0.0
1892,0.0
1893,0.0
1894,0.0
1895,0.0
1896,0.0
1897,0.0
1898,0.0
1899,0.0
1900,0.0
1901,0.0
1902,0.0195
1903,0.06586
1904,0.18578
1905,0.19169
1906,0.23373
1907,0.27970999999999996
1908,0.23556
1909,0.33026
1910,0.31005
1911,0.27597000000000005
1912,0.16582
1913,0.02843
1914,0.0
1915,0.0
1916,0.0
1917,0.0
1918,0.0
1919,0.0
1920,0.0
1921,0.0
1922,0.0
1923,0.0
1924,0.0
1925,0.0
1926,0.02084
1927,0.1251
1928,0.27824
1929,0.29756
1930,0.41337999999999997
1931,0.55071
1932,0.5475599999999999
1933,0.31883
1934,0.27138
1935,0.18869999999999998
1936,0.08245000000000001
1937,0.014199999999999999
1938,0.0
1939,0.0
1940,0.0
1941,0.0
1942,0.0
1943,0.0
1944,0.0
1945,0.0
1946,0.0
1947,0.0
1948,0.0
1949,0.0
1950,0.0208
1951,0.12047
1952,0.21661000000000002
1953,0.41444
1954,0.49072000000000005
1955,0.56626
1956,0.69845
1957,0.57885
1958,0.48983
1959,0.35299
1960,0.16376
1961,0.02573
1962,0.0
1963,0.0
1964,0.0
1965,0.0
1966,0.0
1967,0.0
1968,0.0
1969,0.0
1970,0.0
1971,0.0
1972,0.0
1973,0.0
1974,0.018760000000000002
1975,0.13166999999999998
1976,0.25599
1977,0.34147000000000005
1978,0.44853
1979,0.49391
1980,0.48478
1981,0.52716
1982,0.48211000000000004
1983,0.35017000000000004
1984,0.15205000000000002
1985,0.019
1986,0.0
1987,0.0
1988,0.0
1989,0.0
1990,0.0
1991,0.0
1992,0.0
1993,0.0
1994,0.0
1995,0.0
1996,0.0
1997,0.0
1998,0.01302
1999,0.12079000000000001
2000,0.25618
2001,0.40396
2002,0.49113999999999997
2003,0.5898300000000001
2004,0.56144
2005,0.45976
2006,0.43512
2007,0.32159
2008,0.15733000000000003
2009,0.0254
2010,0.0
2011,0.0
2012,0.0
2013,0.0
2014,0.0
2015,0.0
2016,0.0
2017,0.0
2018,0.0
2019,0.0
2020,0.0
2021,0.0
2022,0.026699999999999998
2023,0.14193
2024,0.17442
2025,0.27370999999999995
2026,0.36661
2027,0.46758
2028,0.54888
2029,0.54127
2030,0.48247
2031,0.2924
2032,0.1385
2033,0.02503
2034,0.0
2035,0.0
2036,0.0
2037,0.0
2038,0.0
2039,0.0
2040,0.0
2041,0.0
2042,0.0
2043,0.0
2044,0.0
2045,0.0
2046,0.02514
2047,0.16202
2048,0.27827999999999997
2049,0.4678
2050,0.53712
2051,0.55453
2052,0.49339999999999995
2053,0.50181
2054,0.47214
2055,0.32637
2056,0.12627
2057,0.02019
2058,0.0
2059,0.0
2060,0.0
2061,0.0
2062,0.0
2063,0.0
2064,0.0
2065,0.0
2066,0.0
2067,0.0
2068,0.0
2069,0.0
2070,0.02182
2071,0.06242
2072,0.12408
2073,0.25601
2074,0.32330000000000003
2075,0.30132
2076,0.48969999999999997
2077,0.5569500000000001
2078,0.48081999999999997
2079,0.37789999999999996
2080,0.17276
2081,0.0228
2082,0.0
2083,0.0
2084,0.0
2085,0.0
2086,0.0
2087,0.0
2088,0.0
2089,0.0
2090,0.0
2091,0.0
2092,0.0
2093,0.0
2094,0.02658
2095,0.13661
2096,0.23018
2097,0.22243000000000002
2098,0.36271
2099,0.42717
2100,0.57223
2101,0.55952
2102,0.50671
2103,0.34308
2104,0.17877
2105,0.02092
2106,0.0
2107,0.0
2108,0.0
2109,0.0
2110,0.0
2111,0.0
2112,0.0
2113,0.0
2114,0.0
2115,0.0
2116,0.0
2117,0.0
2118,0.047270000000000006
2119,0.20696
2120,0.43824
2121,0.592
2122,0.69712
2123,0.74959
2124,0.6276900000000001
2125,0.60176
2126,0.50162
2127,0.39861
2128,0.21330000000000002
2129,0.02612
2130,0.0
2131,0.0
2132,0.0
2133,0.0
2134,0.0
2135,0.0
2136,0.0
2137,0.0
2138,0.0
2139,0.0
2140,0.0
2141,0.0
2142,0.049460000000000004
2143,0.25311
2144,0.41891
2145,0.59035
2146,0.68233
2147,0.7051000000000001
2148,0.6847300000000001
2149,0.58831
2150,0.43279
2151,0.36772000000000005
2152,0.2001
2153,0.02532
2154,0.0
2155,0.0
2156,0.0
2157,0.0
2158,0.0
2159,0.0
2160,0.0
2161,0.0
2162,0.0
2163,0.0
2164,0.0
2165,0.0
2166,0.04268
2167,0.21129
2168,0.39239999999999997
2169,0.5482899999999999
2170,0.59739
2171,0.60054
2172,0.5991599999999999
2173,0.56064
2174,0.4845
2175,0.30534
2176,0.16841
2177,0.01307
2178,0.0
2179,0.0
2180,0.0
2181,0.0
2182,0.0
2183,0.0
2184,0.0
2185,0.0
2186,0.0
2187,0.0
2188,0.0
2189,0.0
2190,0.019710000000000002
2191,0.1157
2192,0.26786
2193,0.40582999999999997
2194,0.4968
2195,0.5968300000000001
2196,0.64785
2197,0.51878
2198,0.44556
2199,0.2807
2200,0.14778
2201,0.016980000000000002
2202,0.0
2203,0.0
2204,0.0
2205,0.0
2206,0.0
2207,0.0
2208,0.0
2209,0.0
2210,0.0
2211,0.0
2212,0.0
2213,0.0
2214,0.02886
2215,0.14557
2216,0.33217
2217,0.34957
2218,0.40973000000000004
2219,0.44747000000000003
2220,0.5473300000000001
2221,0.51703
2222,0.41267000000000004
2223,0.28066
2224,0.11668
2225,0.01455
2226,0.0
2227,0.0
2228,0.0
2229,0.0
2230,0.0
2231,0.0
2232,0.0
2233,0.0
2234,0.0
2235,0.0
2236,0.0
2237,0.0
2238,0.019739999999999997
2239,0.12085
2240,0.23452
2241,0.26065
2242,0.32201
2243,0.46932
2244,0.42875
2245,0.47324
2246,0.36819999999999997
2247,0.28558
2248,0.12498000000000001
2249,0.02183
2250,0.0
2251,0.0
2252,0.0
2253,0.0
2254,0.0
2255,0.0
2256,0.0
2257,0.0
2258,0.0
2259,0.0
2260,0.0
2261,0.0
2262,0.01866
2263,0.09726
2264,0.18142
2265,0.26723
2266,0.35149
2267,0.41273000000000004
2268,0.26664
2269,0.40854
2270,0.43589999999999995
2271,0.32553
2272,0.14348
2273,0.02081
2274,0.0
2275,0.0
2276,0.0
2277,0.0
2278,0.0
2279,0.0
2280,0.0
2281,0.0
2282,0.0
2283,0.0
2284,0.0
2285,0.0
2286,0.038740000000000004
2287,0.18691
2288,0.37719
2289,0.45875
2290,0.57123
2291,0.5821900000000001
2292,0.5683400000000001
2293,0.5342899999999999
2294,0.41894
2295,0.28189
2296,0.11148000000000001
2297,0.01007
2298,0.0
2299,0.0
2300,0.0
2301,0.0
2302,0.0
2303,0.0
2304,0.0
2305,0.0
2306,0.0
2307,0.0
2308,0.0
2309,0.0
2310,0.02649
2311,0.09233
2312,0.22396000000000002
2313,0.28012
2314,0.40343
2315,0.5350199999999999
2316,0.47328
2317,0.48744
2318,0.42989
2319,0.2713
2320,0.127
2321,0.01498
2322,0.0
2323,0.0
2324,0.0
2325,0.0
2326,0.0
2327,0.0
2328,0.0
2329,0.0
2330,0.0
2331,0.0
2332,0.0
2333,0.0
2334,0.04739
2335,0.21022
2336,0.38906
2337,0.45622
2338,0.59515
2339,0.6080599999999999
2340,0.5586
2341,0.50781
2342,0.46776
2343,0.31336
2344,0.14364
2345,0.016640000000000002
2346,0.0
2347,0.0
2348,0.0
2349,0.0
2350,0.0
2351,0.0
2352,0.0
2353,0.0
2354,0.0
2355,0.0
2356,0.0
2357,0.0
2358,0.05048
2359,0.23331
2360,0.39215
2361,0.51983
2362,0.64627
2363,0.5724199999999999
2364,0.64148
2365,0.60327
2366,0.49469
2367,0.34946
2368,0.16575
2369,0.01662
2370,0.0
2371,0.0
2372,0.0
2373,0.0
2374,0.0
2375,0.0
2376,0.0
2377,0.0
2378,0.0
2379,0.0
2380,0.0
2381,0.0
2382,0.04174
2383,0.25241
2384,0.41498
2385,0.55192
2386,0.60529
2387,0.66288
2388,0.5864199999999999
2389,0.5523899999999999
2390,0.42205000000000004
2391,0.26173
2392,0.13708
2393,0.01837
2394,0.0
2395,0.0
2396,0.0
2397,0.0
2398,0.0
2399,0.0
2400,0.0
2401,0.0
2402,0.0
2403,0.0
2404,0.0
2405,0.0
2406,0.0464
2407,0.22429
2408,0.39254
2409,0.51483
2410,0.58298
2411,0.61974
2412,0.6082799999999999
2413,0.51141
2414,0.41452999999999995
2415,0.22832
2416,0.13243000000000002
2417,0.013619999999999998
2418,0.0
2419,0.0
2420,0.0
2421,0.0
2422,0.0
2423,0.0
2424,0.0
2425,0.0
2426,0.0
2427,0.0
2428,0.0
2429,0.0
2430,0.03253
2431,0.19638999999999998
2432,0.23821
2433,0.3058
2434,0.5027900000000001
2435,0.56626
2436,0.55235
2437,0.47629000000000005
2438,0.34336
2439,0.21543
2440,0.10098
2441,0.01
2442,0.0
2443,0.0
2444,0.0
2445,0.0
2446,0.0
2447,0.0
2448,0.0
2449,0.0
2450,0.0
2451,0.0
2452,0.0
2453,0.0
2454,0.038729999999999994
2455,0.17987999999999998
2456,0.32579
2457,0.49841
2458,0.6318400000000001
2459,0.61754
2460,0.60554
2461,0.55801
2462,0.38285
2463,0.13219
2464,0.039240000000000004
2465,0.00774
2466,0.0
2467,0.0
2468,0.0
2469,0.0
2470,0.0
2471,0.0
2472,0.0
2473,0.0
2474,0.0
2475,0.0
2476,0.0
2477,0.0
2478,0.03542
2479,0.15458000000000002
2480,0.28046
2481,0.38692000000000004
2482,0.50304
2483,0.52555
2484,0.38829
2485,0.3648
2486,0.29231999999999997
2487,0.22008000000000003
2488,0.06378
2489,0.00795
2490,0.0
2491,0.0
2492,0.0
2493,0.0
2494,0.0
2495,0.0
2496,0.0
2497,0.0
2498,0.0
2499,0.0
2500,0.0
2501,0.0
2502,0.01936
2503,0.13393
2504,0.28837999999999997
2505,0.45556
2506,0.55847
2507,0.5546
2508,0.52339
2509,0.50606
2510,0.39332
2511,0.33024000000000003
2512,0.1529
2513,0.0123
2514,0.0
2515,0.0
2516,0.0
2517,0.0
2518,0.0
2519,0.0
2520,0.0
2521,0.0
2522,0.0
2523,0.0
2524,0.0
2525,0.0
2526,0.04248
2527,0.17505
2528,0.32697000000000004
2529,0.49976
2530,0.49633999999999995
2531,0.58557
2532,0.53775
2533,0.53627
2534,0.42672000000000004
2535,0.18815
2536,0.07701000000000001
2537,0.01492
2538,0.0
2539,0.0
2540,0.0
2541,0.0
2542,0.0
2543,0.0
2544,0.0
2545,0.0
2546,0.0
2547,0.0
2548,0.0
2549,0.0
2550,0.01943
2551,0.0932
2552,0.21965
2553,0.20273
2554,0.49537
2555,0.55748
2556,0.45798
2557,0.52306
2558,0.42907999999999996
2559,0.25498
2560,0.10132
2561,0.01287
2562,0.0
2563,0.0
2564,0.0
2565,0.0
2566,0.0
2567,0.0
2568,0.0
2569,0.0
2570,0.0
2571,0.0
2572,0.0
2573,0.0
2574,0.04266
2575,0.15383000000000002
2576,0.30739
2577,0.46608
2578,0.57286
2579,0.45791000000000004
2580,0.57814
2581,0.35608999999999996
2582,0.42954000000000003
2583,0.32650999999999997
2584,0.13419
2585,0.00886
2586,0.0
2587,0.0
2588,0.0
2589,0.0
2590,0.0
2591,0.0
2592,0.0
2593,0.0
2594,0.0
2595,0.0
2596,0.0
2597,0.0
2598,0.02691
2599,0.15284
2600,0.26923
2601,0.31047
2602,0.50927
2603,0.42877
2604,0.58309
2605,0.48184
2606,0.39044999999999996
2607,0.24639
2608,0.1071
2609,0.00974
2610,0.0
2611,0.0
2612,0.0
2613,0.0
2614,0.0
2615,0.0
2616,0.0
2617,0.0
2618,0.0
2619,0.0
2620,0.0
2621,0.0
2622,0.02949
2623,0.16494999999999999
2624,0.29377
2625,0.37899
2626,0.51551
2627,0.6038
2628,0.53608
2629,0.42132
2630,0.31617
2631,0.18209999999999998
2632,0.12714
2633,0.01583
2634,0.0
2635,0.0
2636,0.0
2637,0.0
2638,0.0
2639,0.0
2640,0.0
2641,0.0
2642,0.0
2643,0.0
2644,0.0
2645,0.0
2646,0.038700000000000005
2647,0.12584
2648,0.30194
2649,0.32426
2650,0.27948
2651,0.43128
2652,0.56486
2653,0.48305000000000003
2654,0.32317
2655,0.26037
2656,0.13085
2657,0.013689999999999999
2658,0.0
2659,0.0
2660,0.0
2661,0.0
2662,0.0
2663,0.0
2664,0.0
2665,0.0
2666,0.0
2667,0.0
2668,0.0
2669,0.0
2670,0.02607
2671,0.09844
2672,0.16309
2673,0.26815
2674,0.29061000000000003
2675,0.42325
2676,0.51446
2677,0.46834
2678,0.43245999999999996
2679,0.28408999999999995
2680,0.12186
2681,0.01322
2682,0.0
2683,0.0
2684,0.0
2685,0.0
2686,0.0
2687,0.0
2688,0.0
2689,0.0
2690,0.0
2691,0.0
2692,0.0
2693,0.0
2694,0.01713
2695,0.03384
2696,0.05991
2697,0.16878
2698,0.29741
2699,0.38022
2700,0.58884
2701,0.20509
2702,0.26558
2703,0.15933
2704,0.09325
2705,0.01516
2706,0.0
2707,0.0
2708,0.0
2709,0.0
2710,0.0
2711,0.0
2712,0.0
2713,0.0
2714,0.0
2715,0.0
2716,0.0
2717,0.0
2718,0.03517
2719,0.11694
2720,0.25743
2721,0.24234999999999998
2722,0.33669
2723,0.36068
2724,0.49498000000000003
2725,0.37207999999999997
2726,0.33157
2727,0.26756
2728,0.1413
2729,0.01461
2730,0.0
2731,0.0
2732,0.0
2733,0.0
2734,0.0
2735,0.0
2736,0.0
2737,0.0
2738,0.0
2739,0.0
2740,0.0
2741,0.0
2742,0.054509999999999996
2743,0.23678
2744,0.31660000000000005
2745,0.51578
2746,0.51313
2747,0.60699
2748,0.59185
2749,0.58613
2750,0.46585000000000004
2751,0.2795
2752,0.14027
2753,0.01245
2754,0.0
2755,0.0
2756,0.0
2757,0.0
2758,0.0
2759,0.0
2760,0.0
2761,0.0
2762,0.0
2763,0.0
2764,0.0
2765,0.0
2766,0.024730000000000002
2767,0.0638
2768,0.17887
2769,0.33916
2770,0.40756
2771,0.46932999999999997
2772,0.57463
2773,0.54584
2774,0.41943
2775,0.28614
2776,0.11982
2777,0.00722
2778,0.0
2779,0.0
2780,0.0
2781,0.0
2782,0.0
2783,0.0
2784,0.0
2785,0.0
2786,0.0
2787,0.0
2788,0.0
2789,0.0
2790,0.009710000000000002
2791,0.05053
2792,0.08792
2793,0.10956999999999999
2794,0.14771
2795,0.22855
2796,0.26032
2797,0.42751
2798,0.36515
2799,0.23962999999999998
2800,0.11999
2801,0.0103
2802,0.0
2803,0.0
2804,0.0
2805,0.0
2806,0.0
2807,0.0
2808,0.0
2809,0.0
2810,0.0
2811,0.0
2812,0.0
2813,0.0
2814,0.04865
2815,0.21853999999999998
2816,0.33659
2817,0.48402
2818,0.55213
2819,0.54053
2820,0.5395800000000001
2821,0.33063
2822,0.24078
2823,0.19591
2824,0.08566
2825,0.0064800000000000005
2826,0.0
2827,0.0
2828,0.0
2829,0.0
2830,0.0
2831,0.0
2832,0.0
2833,0.0
2834,0.0
2835,0.0
2836,0.0
2837,0.0
2838,0.02198
2839,0.09608
2840,0.19116
2841,0.34411
2842,0.44673
2843,0.42665
2844,0.39476999999999995
2845,0.45088
2846,0.23155
2847,0.20476
2848,0.06494
2849,0.013529999999999999
2850,0.0
2851,0.0
2852,0.0
2853,0.0
2854,0.0
2855,0.0
2856,0.0
2857,0.0
2858,0.0
2859,0.0
2860,0.0
2861,0.0
2862,0.03756
2863,0.13955
2864,0.20599
2865,0.34517000000000003
2866,0.40496
2867,0.30522000000000005
2868,0.49374
2869,0.32403
2870,0.20773
2871,0.23585
2872,0.09204000000000001
2873,0.01311
2874,0.0
2875,0.0
2876,0.0
2877,0.0
2878,0.0
2879,0.0
2880,0.0
2881,0.0
2882,0.0
2883,0.0
2884,0.0
2885,0.0
2886,0.032659999999999995
2887,0.16615
2888,0.33546
2889,0.47052999999999995
2890,0.52837
2891,0.5255599999999999
2892,0.40958999999999995
2893,0.47134
2894,0.36277
2895,0.19503
2896,0.11688
2897,0.012240000000000001
2898,0.0
2899,0.0
2900,0.0
2901,0.0
2902,0.0
2903,0.0
2904,0.0
2905,0.0
2906,0.0
2907,0.0
2908,0.0
2909,0.0
2910,0.02937
2911,0.16936
2912,0.33149
2913,0.35335
2914,0.42372000000000004
2915,0.42081
2916,0.4736
2917,0.42138
2918,0.38171
2919,0.24622999999999998
2920,0.09547
2921,0.01467
2922,0.0
2923,0.0
2924,0.0
2925,0.0
2926,0.0
2927,0.0
2928,0.0
2929,0.0
2930,0.0
2931,0.0
2932,0.0
2933,0.0
2934,0.02656
2935,0.11503000000000001
2936,0.25487
2937,0.31563
2938,0.45567
2939,0.43428
2940,0.51367
2941,0.32479
2942,0.24321
2943,0.12122
2944,0.06025
2945,0.00819
2946,0.0
2947,0.0
2948,0.0
2949,0.0
2950,0.0
2951,0.0
2952,0.0
2953,0.0
2954,0.0
2955,0.0
2956,0.0
2957,0.0
2958,0.02002
2959,0.1166
2960,0.2064
2961,0.32239999999999996
2962,0.48281999999999997
2963,0.4809
2964,0.45627
2965,0.39198
2966,0.30167
2967,0.22338999999999998
2968,0.07504000000000001
2969,0.00827
2970,0.0
2971,0.0
2972,0.0
2973,0.0
2974,0.0
2975,0.0
2976,0.0
2977,0.0
2978,0.0
2979,0.0
2980,0.0
2981,0.0
2982,0.0423
2983,0.17165
2984,0.26511
2985,0.31475
2986,0.3803
2987,0.35429
2988,0.33585000000000004
2989,0.5017900000000001
2990,0.36732
2991,0.20867
2992,0.09676
2993,0.01117
2994,0.0
2995,0.0
2996,0.0
2997,0.0
2998,0.0
2999,0.0
3000,0.0
3001,0.0
3002,0.0
3003,0.0
3004,0.0
3005,0.0
3006,0.04387
3007,0.17106
3008,0.27869
3009,0.50025
3010,0.51839
3011,0.6271100000000001
3012,0.57478
3013,0.44583999999999996
3014,0.34668
3015,0.20672
3016,0.07163
3017,0.006809999999999999
3018,0.0
3019,0.0
3020,0.0
3021,0.0
3022,0.0
3023,0.0
3024,0.0
3025,0.0
3026,0.0
3027,0.0
3028,0.0
3029,0.0
3030,0.018789999999999998
3031,0.08505
3032,0.18977000000000002
3033,0.31042000000000003
3034,0.37119
3035,0.26406
3036,0.42593000000000003
3037,0.20017
3038,0.22561
3039,0.1691
3040,0.09192
3041,0.00959
3042,0.0
3043,0.0
3044,0.0
3045,0.0
3046,0.0
3047,0.0
3048,0.0
3049,0.0
3050,0.0
3051,0.0
3052,0.0
3053,0.0
3054,0.047450000000000006
3055,0.18666999999999997
3056,0.30607999999999996
3057,0.2382
3058,0.32119
3059,0.39604
3060,0.37824
3061,0.33346
3062,0.33544999999999997
3063,0.20379
3064,0.06839
3065,0.01182
3066,0.0
3067,0.0
3068,0.0
3069,0.0
3070,0.0
3071,0.0
3072,0.0
3073,0.0
3074,0.0
3075,0.0
3076,0.0
3077,0.0
3078,0.013689999999999999
3079,0.09217
3080,0.11108
3081,0.18311000000000002
3082,0.16562000000000002
3083,0.18345
3084,0.17315
3085,0.3855
3086,0.23078
3087,0.14083
3088,0.06709
3089,0.00746
3090,0.0
3091,0.0
3092,0.0
3093,0.0
3094,0.0
3095,0.0
3096,0.0
3097,0.0
3098,0.0
3099,0.0
3100,0.0
3101,0.0
3102,0.020059999999999998
3103,0.061340000000000006
3104,0.16168000000000002
3105,0.1866
3106,0.18231
3107,0.2305
3108,0.38385
3109,0.20175
3110,0.25242
3111,0.20412
3112,0.10668000000000001
3113,0.00949
3114,0.0
3115,0.0
3116,0.0
3117,0.0
3118,0.0
3119,0.0
3120,0.0
3121,0.0
3122,0.0
3123,0.0
3124,0.0
3125,0.0
3126,0.0166
3127,0.09404000000000001
3128,0.17377
3129,0.33031
3130,0.42094
3131,0.41487
3132,0.34144
3133,0.45494999999999997
3134,0.32857
3135,0.14908000000000002
3136,0.08386
3137,0.01018
3138,0.0
3139,0.0
3140,0.0
3141,0.0
3142,0.0
3143,0.0
3144,0.0
3145,0.0
3146,0.0
3147,0.0
3148,0.0
3149,0.0
3150,0.05518
3151,0.22022
3152,0.38160000000000005
3153,0.39203
3154,0.45518000000000003
3155,0.50105
3156,0.43126
3157,0.43854000000000004
3158,0.34788
3159,0.27343
3160,0.10845999999999999
3161,0.009949999999999999
3162,0.0
3163,0.0
3164,0.0
3165,0.0
3166,0.0
3167,0.0
3168,0.0
3169,0.0
3170,0.0
3171,0.0
3172,0.0
3173,0.0
3174,0.04969
3175,0.21052
3176,0.34866
3177,0.46955
3178,0.58831
3179,0.59278
3180,0.5640299999999999
3181,0.58485
3182,0.45077
3183,0.23775
3184,0.13006
3185,0.00674
3186,0.0
3187,0.0
3188,0.0
3189,0.0
3190,0.0
3191,0.0
3192,0.0
3193,0.0
3194,0.0
3195,0.0
3196,0.0
3197,0.0
3198,0.05638
3199,0.24463
3200,0.42313
3201,0.5289299999999999
3202,0.64589
3203,0.6015499999999999
3204,0.63376
3205,0.53525
3206,0.45100999999999997
3207,0.29974
3208,0.12453
3209,0.00802
3210,0.0
3211,0.0
3212,0.0
3213,0.0
3214,0.0
3215,0.0
3216,0.0
3217,0.0
3218,0.0
3219,0.0
3220,0.0
3221,0.0
3222,0.016370000000000003
3223,0.07059
3224,0.15177000000000002
3225,0.1995
3226,0.31045999999999996
3227,0.52377
3228,0.48391
3229,0.42997
3230,0.3753
3231,0.21318
3232,0.08672
3233,0.00749
3234,0.0
3235,0.0
3236,0.0
3237,0.0
3238,0.0
3239,0.0
3240,0.0
3241,0.0
3242,0.0
3243,0.0
3244,0.0
3245,0.0
3246,0.0426
3247,0.14668
3248,0.19263
3249,0.21094
3250,0.31348000000000004
3251,0.27337
3252,0.28168
3253,0.16534000000000001
3254,0.21037
3255,0.12762
3256,0.05497
3257,0.00649
3258,0.0
3259,0.0
3260,0.0
3261,0.0
3262,0.0
3263,0.0
3264,0.0
3265,0.0
3266,0.0
3267,0.0
3268,0.0
3269,0.0
3270,0.030600000000000002
3271,0.17016
3272,0.3397
3273,0.39693
3274,0.46891000000000005
3275,0.45292
3276,0.48947
3277,0.2995
3278,0.19188
3279,0.18936
3280,0.10679000000000001
3281,0.00996
3282,0.0
3283,0.0
3284,0.0
3285,0.0
3286,0.0
3287,0.0
3288,0.0
3289,0.0
3290,0.0
3291,0.0
3292,0.0
3293,0.0
3294,0.03621
3295,0.17374
3296,0.28369
3297,0.37509
3298,0.49877
3299,0.37327
3300,0.44568
3301,0.32661
3302,0.31927
3303,0.2611
3304,0.13644
3305,0.010289999999999999
3306,0.0
3307,0.0
3308,0.0
3309,0.0
3310,0.0
3311,0.0
3312,0.0
3313,0.0
3314,0.0
3315,0.0
3316,0.0
3317,0.0
3318,0.04417
3319,0.19568000000000002
3320,0.31316000000000005
3321,0.38911
3322,0.46398
3323,0.5484600000000001
3324,0.56051
3325,0.30326
3326,0.20524
3327,0.18880000000000002
3328,0.09209
3329,0.01228
3330,0.0
3331,0.0
3332,0.0
3333,0.0
3334,0.0
3335,0.0
3336,0.0
3337,0.0
3338,0.0
3339,0.0
3340,0.0
3341,0.0
3342,0.04333
3343,0.152
3344,0.33264
3345,0.42845999999999995
3346,0.53354
3347,0.5562699999999999
3348,0.50768
3349,0.53769
3350,0.39688999999999997
3351,0.27054
3352,0.10514
3353,0.009210000000000001
3354,0.0
3355,0.0
3356,0.0
3357,0.0
3358,0.0
3359,0.0
3360,0.0
3361,0.0
3362,0.0
3363,0.0
3364,0.0
3365,0.0
3366,0.05151
3367,0.21674000000000002
3368,0.39993
3369,0.52291
3370,0.5854600000000001
3371,0.62146
3372,0.6624099999999999
3373,0.5424800000000001
3374,0.44908
3375,0.29935
3376,0.14474
3377,0.00863
3378,0.0
3379,0.0
3380,0.0
3381,0.0
3382,0.0
3383,0.0
3384,0.0
3385,0.0
3386,0.0
3387,0.0
3388,0.0
3389,0.0
3390,0.06405
3391,0.26342000000000004
3392,0.44368
3393,0.5750299999999999
3394,0.58861
3395,0.65024
3396,0.6185900000000001
3397,0.52665
3398,0.47622000000000003
3399,0.34767000000000003
3400,0.15865
3401,0.00984
3402,0.0
3403,0.0
3404,0.0
3405,0.0
3406,0.0
3407,0.0
3408,0.0
3409,0.0
3410,0.0
3411,0.0
3412,0.0
3413,0.0
3414,0.05946
3415,0.23899
3416,0.40311
3417,0.53769
3418,0.53895
3419,0.47573000000000004
3420,0.49785
3421,0.44676
3422,0.36207
3423,0.19188
3424,0.089
3425,0.0092
3426,0.0
3427,0.0
3428,0.0
3429,0.0
3430,0.0
3431,0.0
3432,0.0
3433,0.0
3434,0.0
3435,0.0
3436,0.0
3437,0.0
3438,0.02489
3439,0.06742000000000001
3440,0.12073
3441,0.15014
3442,0.2521
3443,0.23821
3444,0.23367
3445,0.16238999999999998
3446,0.1677
3447,0.17643999999999999
3448,0.07972
3449,0.00333
3450,0.0
3451,0.0
3452,0.0
3453,0.0
3454,0.0
3455,0.0
3456,0.0
3457,0.0
3458,0.0
3459,0.0
3460,0.0
3461,0.0
3462,0.00651
3463,0.01774
3464,0.030690000000000002
3465,0.0432
3466,0.034659999999999996
3467,0.05102
3468,0.0731
3469,0.15518
3470,0.18753
3471,0.14428
3472,0.04955
3473,0.00464
3474,0.0
3475,0.0
3476,0.0
3477,0.0
3478,0.0
3479,0.0
3480,0.0
3481,0.0
3482,0.0
3483,0.0
3484,0.0
3485,0.0
3486,0.013269999999999999
3487,0.05532
3488,0.09652
3489,0.12298999999999999
3490,0.17364
3491,0.31755
3492,0.18422999999999998
3493,0.26787
3494,0.18330000000000002
3495,0.11219
3496,0.07006
3497,0.00833
3498,0.0
3499,0.0
3500,0.0
3501,0.0
3502,0.0
3503,0.0
3504,0.0
3505,0.0
3506,0.0
3507,0.0
3508,0.0
3509,0.0
3510,0.01119
3511,0.07298
3512,0.1003
3513,0.29668
3514,0.29781
3515,0.43255
3516,0.39614
3517,0.34506
3518,0.39849
3519,0.31501999999999997
3520,0.12890000000000001
3521,0.009349999999999999
3522,0.0
3523,0.0
3524,0.0
3525,0.0
3526,0.0
3527,0.0
3528,0.0
3529,0.0
3530,0.0
3531,0.0
3532,0.0
3533,0.0
3534,0.046630000000000005
3535,0.19411
3536,0.2746
3537,0.30206
3538,0.37716000000000005
3539,0.44494
3540,0.47351
3541,0.47672000000000003
3542,0.39652
3543,0.2859
3544,0.13579
3545,0.00845
3546,0.0
3547,0.0
3548,0.0
3549,0.0
3550,0.0
3551,0.0
3552,0.0
3553,0.0
3554,0.0
3555,0.0
3556,0.0
3557,0.0
3558,0.0557
3559,0.19174000000000002
3560,0.31927999999999995
3561,0.4058
3562,0.51127
3563,0.51092
3564,0.54928
3565,0.51488
3566,0.3974
3567,0.2646
3568,0.08398
3569,0.00739
3570,0.0
3571,0.0
3572,0.0
3573,0.0
3574,0.0
3575,0.0
3576,0.0
3577,0.0
3578,0.0
3579,0.0
3580,0.0
3581,0.0
3582,0.04045
3583,0.18489
3584,0.24819
3585,0.34691000000000005
3586,0.44533
3587,0.48552
3588,0.46341000000000004
3589,0.39077
3590,0.38506999999999997
3591,0.26780000000000004
3592,0.1085
3593,0.0038799999999999998
3594,0.0
3595,0.0
3596,0.0
3597,0.0
3598,0.0
3599,0.0
3600,0.0
3601,0.0
3602,0.0
3603,0.0
3604,0.0
3605,0.0
3606,0.03462
3607,0.12226999999999999
3608,0.21624000000000002
3609,0.32587
3610,0.34018
3611,0.4619
3612,0.4481
3613,0.29094
3614,0.30551
3615,0.25161
3616,0.12605
3617,0.009130000000000001
3618,0.0
3619,0.0
3620,0.0
3621,0.0
3622,0.0
3623,0.0
3624,0.0
3625,0.0
3626,0.0
3627,0.0
3628,0.0
3629,0.0
3630,0.03304
3631,0.14246999999999999
3632,0.08856
3633,0.13491
3634,0.19561
3635,0.10507
3636,0.32194
3637,0.21176
3638,0.16778
3639,0.18030000000000002
3640,0.08355
3641,0.01526
3642,0.0
3643,0.0
3644,0.0
3645,0.0
3646,0.0
3647,0.0
3648,0.0
3649,0.0
3650,0.0
3651,0.0
3652,0.0
3653,0.0
3654,0.04045
3655,0.19808
3656,0.34063
3657,0.41041000000000005
3658,0.50886
3659,0.5579500000000001
3660,0.57636
3661,0.50384
3662,0.34117000000000003
3663,0.2374
3664,0.1231
3665,0.00904
3666,0.0
3667,0.0
3668,0.0
3669,0.0
3670,0.0
3671,0.0
3672,0.0
3673,0.0
3674,0.0
3675,0.0
3676,0.0
3677,0.0
3678,0.04045
3679,0.18736000000000003
3680,0.32368
3681,0.37245
3682,0.45674000000000003
3683,0.40059
3684,0.40776
3685,0.47167000000000003
3686,0.40017
3687,0.24197
3688,0.11014
3689,0.01123
3690,0.0
3691,0.0
3692,0.0
3693,0.0
3694,0.0
3695,0.0
3696,0.0
3697,0.0
3698,0.0
3699,0.0
3700,0.0
3701,0.0
3702,0.02852
3703,0.08694
3704,0.19013999999999998
3705,0.35711000000000004
3706,0.41389
3707,0.5469299999999999
3708,0.40061
3709,0.27858
3710,0.36334
3711,0.21173
3712,0.0862
3713,0.01193
3714,0.0
3715,0.0
3716,0.0
3717,0.0
3718,0.0
3719,0.0
3720,0.0
3721,0.0
3722,0.0
3723,0.0
3724,0.0
3725,0.0
3726,0.032130000000000006
3727,0.12244
3728,0.18587
3729,0.32064
3730,0.40384
3731,0.52951
3732,0.53242
3733,0.40099
3734,0.41863
3735,0.18209
3736,0.1134
3737,0.0126
3738,0.0
3739,0.0
3740,0.0
3741,0.0
3742,0.0
3743,0.0
3744,0.0
3745,0.0
3746,0.0
3747,0.0
3748,0.0
3749,0.0
3750,0.03202
3751,0.17046
3752,0.23051
3753,0.36334
3754,0.39676
3755,0.41807
3756,0.4052
3757,0.24239
3758,0.27669
3759,0.24037
3760,0.10561
3761,0.01668
3762,0.0
3763,0.0
3764,0.0
3765,0.0
3766,0.0
3767,0.0
3768,0.0
3769,0.0
3770,0.0
3771,0.0
3772,0.0
3773,0.0
3774,0.03766
3775,0.18627000000000002
3776,0.37576
3777,0.46176999999999996
3778,0.55598
3779,0.47562
3780,0.57755
3781,0.45871
3782,0.41106
3783,0.27259
3784,0.11982999999999999
3785,0.01474
3786,0.0
3787,0.0
3788,0.0
3789,0.0
3790,0.0
3791,0.0
3792,0.0
3793,0.0
3794,0.0
3795,0.0
3796,0.0
3797,0.0
3798,0.02249
3799,0.10649
3800,0.2401
3801,0.25497
3802,0.25930000000000003
3803,0.27492
3804,0.26886
3805,0.25445
3806,0.20172
3807,0.11657
3808,0.06107
3809,0.01309
3810,0.0
3811,0.0
3812,0.0
3813,0.0
3814,0.0
3815,0.0
3816,0.0
3817,0.0
3818,0.0
3819,0.0
3820,0.0
3821,0.0
3822,0.03601
3823,0.1343
3824,0.19399
3825,0.31545
3826,0.37235
3827,0.45586
3828,0.6012799999999999
3829,0.36676
3830,0.31486000000000003
3831,0.19091
3832,0.09606999999999999
3833,0.013210000000000001
3834,0.0
3835,0.0
3836,0.0
3837,0.0
3838,0.0
3839,0.0
3840,0.0
3841,0.0
3842,0.0
3843,0.0
3844,0.0
3845,0.0
3846,0.04226
3847,0.1628
3848,0.31645
3849,0.42987000000000003
3850,0.50532
3851,0.56939
3852,0.55779
3853,0.46357
3854,0.35666000000000003
3855,0.25971
3856,0.12718000000000002
3857,0.01141
3858,0.0
3859,0.0
3860,0.0
3861,0.0
3862,0.0
3863,0.0
3864,0.0
3865,0.0
3866,0.0
3867,0.0
3868,0.0
3869,0.0
3870,0.045899999999999996
3871,0.19313
3872,0.37939
3873,0.47885
3874,0.56328
3875,0.46875
3876,0.56709
3877,0.48683
3878,0.36124
3879,0.20635
3880,0.09658
3881,0.011439999999999999
3882,0.0
3883,0.0
3884,0.0
3885,0.0
3886,0.0
3887,0.0
3888,0.0
3889,0.0
3890,0.0
3891,0.0
3892,0.0
3893,0.0
3894,0.023690000000000003
3895,0.12908
3896,0.28318
3897,0.39099
3898,0.46662
3899,0.54298
3900,0.49632
3901,0.44883
3902,0.38600999999999996
3903,0.17421999999999999
3904,0.0686
3905,0.01358
3906,0.0
3907,0.0
3908,0.0
3909,0.0
3910,0.0
3911,0.0
3912,0.0
3913,0.0
3914,0.0
3915,0.0
3916,0.0
3917,0.0
3918,0.027309999999999997
3919,0.12190999999999999
3920,0.33058
3921,0.2759
3922,0.46501
3923,0.48192
3924,0.53126
3925,0.51452
3926,0.29568
3927,0.2571
3928,0.13356
3929,0.01103
3930,0.0
3931,0.0
3932,0.0
3933,0.0
3934,0.0
3935,0.0
3936,0.0
3937,0.0
3938,0.0
3939,0.0
3940,0.0
3941,0.0
3942,0.0314
3943,0.16216
3944,0.30641
3945,0.43592000000000003
3946,0.31842000000000004
3947,0.42807
3948,0.46526
3949,0.36651999999999996
3950,0.31507999999999997
3951,0.22533
3952,0.10496
3953,0.015460000000000002
3954,0.0
3955,0.0
3956,0.0
3957,0.0
3958,0.0
3959,0.0
3960,0.0
3961,0.0
3962,0.0
3963,0.0
3964,0.0
3965,0.0
3966,0.02274
3967,0.14002
3968,0.1667
3969,0.28012
3970,0.26935000000000003
3971,0.48413999999999996
3972,0.47261000000000003
3973,0.29685
3974,0.30887
3975,0.17727
3976,0.06670000000000001
3977,0.00708
3978,0.0
3979,0.0
3980,0.0
3981,0.0
3982,0.0
3983,0.0
3984,0.0
3985,0.0
3986,0.0
3987,0.0
3988,0.0
3989,0.0
3990,0.03464
3991,0.15158000000000002
3992,0.26488
3993,0.30993
3994,0.40568
3995,0.34593
3996,0.47908999999999996
3997,0.30621
3998,0.38342000000000004
3999,0.24453
4000,0.08977
4001,0.01283
4002,0.0
4003,0.0
4004,0.0
4005,0.0
4006,0.0
4007,0.0
4008,0.0
4009,0.0
4010,0.0
4011,0.0
4012,0.0
4013,0.0
4014,0.02186
4015,0.06713
4016,0.18593
4017,0.18757
4018,0.09628
4019,0.1485
4020,0.19527
4021,0.11688
4022,0.08478
4023,0.09755
4024,0.08541
4025,0.01423
4026,0.0
4027,0.0
4028,0.0
4029,0.0
4030,0.0
4031,0.0
4032,0.0
4033,0.0
4034,0.0
4035,0.0
4036,0.0
4037,0.0
4038,0.03449
4039,0.14168
4040,0.29601
4041,0.45742
4042,0.48056
4043,0.57711
4044,0.50594
4045,0.23826
4046,0.22897
4047,0.2427
4048,0.12987
4049,0.0219
4050,0.0
4051,0.0
4052,0.0
4053,0.0
4054,0.0
4055,0.0
4056,0.0
4057,0.0
4058,0.0
4059,0.0
4060,0.0
4061,0.0
4062,0.02392
4063,0.14144
4064,0.28504
4065,0.44662999999999997
4066,0.44112
4067,0.45293
4068,0.44206
4069,0.5383
4070,0.43474
4071,0.30463999999999997
4072,0.12487000000000001
4073,0.01503
4074,0.0
4075,0.0
4076,0.0
4077,0.0
4078,0.0
4079,0.0
4080,0.0
4081,0.0
4082,0.0
4083,0.0
4084,0.0
4085,0.0
4086,0.01762
4087,0.10048
4088,0.20608
4089,0.32719
4090,0.33018000000000003
4091,0.42561
4092,0.40952
4093,0.43689
4094,0.24298
4095,0.21194
4096,0.08563
4097,0.0109
4098,0.0
4099,0.0
4100,0.0
4101,0.0
4102,0.0
4103,0.0
4104,0.0
4105,0.0
4106,0.0
4107,0.0
4108,0.0
4109,0.0
4110,0.01626
4111,0.09179999999999999
4112,0.20398
4113,0.24199
4114,0.36986
4115,0.46484
4116,0.4689
4117,0.46772
4118,0.44283
4119,0.2864
4120,0.14440999999999998
4121,0.014150000000000001
4122,0.0
4123,0.0
4124,0.0
4125,0.0
4126,0.0
4127,0.0
4128,0.0
4129,0.0
4130,0.0
4131,0.0
4132,0.0
4133,0.0
4134,0.02501
4135,0.14562999999999998
4136,0.23266
4137,0.3087
4138,0.3827
4139,0.43655
4140,0.43836
4141,0.49610000000000004
4142,0.35978
4143,0.26756
4144,0.13457
4145,0.0143
4146,0.0
4147,0.0
4148,0.0
4149,0.0
4150,0.0
4151,0.0
4152,0.0
4153,0.0
4154,0.0
4155,0.0
4156,0.0
4157,0.0
4158,0.02416
4159,0.12459
4160,0.31321
4161,0.32613
4162,0.48969999999999997
4163,0.45397000000000004
4164,0.56743
4165,0.51401
4166,0.45082
4167,0.29454
4168,0.11821
4169,0.0107
4170,0.0
4171,0.0
4172,0.0
4173,0.0
4174,0.0
4175,0.0
4176,0.0
4177,0.0
4178,0.0
4179,0.0
4180,0.0
4181,0.0
4182,0.04275
4183,0.21622
4184,0.37991
4185,0.45272
4186,0.59314
4187,0.6124400000000001
4188,0.57613
4189,0.52488
4190,0.45137
4191,0.31139
4192,0.12631
4193,0.013439999999999999
4194,0.0
4195,0.0
4196,0.0
4197,0.0
4198,0.0
4199,0.0
4200,0.0
4201,0.0
4202,0.0
4203,0.0
4204,0.0
4205,0.0
4206,0.029920000000000002
4207,0.15766999999999998
4208,0.21283000000000002
4209,0.29928
4210,0.29621
4211,0.47661000000000003
4212,0.42792
4213,0.365
4214,0.24383000000000002
4215,0.15644999999999998
4216,0.11771
4217,0.01754
4218,0.0
4219,0.0
4220,0.0
4221,0.0
4222,0.0
4223,0.0
4224,0.0
4225,0.0
4226,0.0
4227,0.0
4228,0.0
4229,0.0
4230,0.030760000000000003
4231,0.16199000000000002
4232,0.30532
4233,0.34069
4234,0.50022
4235,0.39562
4236,0.49224
4237,0.41287
4238,0.4139
4239,0.22793
4240,0.13861
4241,0.01724
4242,0.0
4243,0.0
4244,0.0
4245,0.0
4246,0.0
4247,0.0
4248,0.0
4249,0.0
4250,0.0
4251,0.0
4252,0.0
4253,0.0
4254,0.01954
4255,0.1413
4256,0.2785
4257,0.29729
4258,0.30842
4259,0.29831
4260,0.33351
4261,0.43818
4262,0.35569
4263,0.28196
4264,0.12117
4265,0.01667
4266,0.0
4267,0.0
4268,0.0
4269,0.0
4270,0.0
4271,0.0
4272,0.0
4273,0.0
4274,0.0
4275,0.0
4276,0.0
4277,0.0
4278,0.014289999999999999
4279,0.0625
4280,0.15187
4281,0.1243
4282,0.15879
4283,0.20084
4284,0.35249
4285,0.40601
4286,0.33321
4287,0.25782
4288,0.11181999999999999
4289,0.01678
4290,0.0
4291,0.0
4292,0.0
4293,0.0
4294,0.0
4295,0.0
4296,0.0
4297,0.0
4298,0.0
4299,0.0
4300,0.0
4301,0.0
4302,0.009710000000000002
4303,0.08094
4304,0.09711
4305,0.08512
4306,0.17258
4307,0.13379
4308,0.19501
4309,0.33387
4310,0.32807
4311,0.27675
4312,0.1318
4313,0.01557
4314,0.0
4315,0.0
4316,0.0
4317,0.0
4318,0.0
4319,0.0
4320,0.0
4321,0.0
4322,0.0
4323,0.0
4324,0.0
4325,0.0
4326,0.023510000000000003
4327,0.16096000000000002
4328,0.25985
4329,0.24749000000000002
4330,0.36688
4331,0.4628
4332,0.40968
4333,0.45511
4334,0.3511
4335,0.23882
4336,0.13776
4337,0.01271
4338,0.0
4339,0.0
4340,0.0
4341,0.0
4342,0.0
4343,0.0
4344,0.0
4345,0.0
4346,0.0
4347,0.0
4348,0.0
4349,0.0
4350,0.00756
4351,0.05877
4352,0.15613999999999997
4353,0.29881
4354,0.22272999999999998
4355,0.24074
4356,0.31171
4357,0.50343
4358,0.40276999999999996
4359,0.29761000000000004
4360,0.11456000000000001
4361,0.0178
4362,0.0
4363,0.0
4364,0.0
4365,0.0
4366,0.0
4367,0.0
4368,0.0
4369,0.0
4370,0.0
4371,0.0
4372,0.0
4373,0.0
4374,0.01102
4375,0.06542
4376,0.10224
4377,0.2803
4378,0.40182999999999996
4379,0.49347
4380,0.47938
4381,0.35863999999999996
4382,0.35852999999999996
4383,0.21158000000000002
4384,0.12057999999999999
4385,0.02178
4386,0.0
4387,0.0
4388,0.0
4389,0.0
4390,0.0
4391,0.0
4392,0.0
4393,0.0
4394,0.0
4395,0.0
4396,0.0
4397,0.0
4398,0.011210000000000001
4399,0.0423
4400,0.08342000000000001
4401,0.08848
4402,0.11909
4403,0.06899
4404,0.06681999999999999
4405,0.09323999999999999
4406,0.07425
4407,0.11942
4408,0.053950000000000005
4409,0.00707
4410,0.0
4411,0.0
4412,0.0
4413,0.0
4414,0.0
4415,0.0
4416,0.0
4417,0.0
4418,0.0
4419,0.0
4420,0.0
4421,0.0
4422,0.01812
4423,0.07848999999999999
4424,0.23619
4425,0.20745
4426,0.25074
4427,0.26494
4428,0.31127999999999995
4429,0.26143
4430,0.26314
4431,0.14507
4432,0.09570999999999999
4433,0.019379999999999998
4434,0.0
4435,0.0
4436,0.0
4437,0.0
4438,0.0
4439,0.0
4440,0.0
4441,0.0
4442,0.0
4443,0.0
4444,0.0
4445,0.0
4446,0.01027
4447,0.04675
4448,0.07667
4449,0.09544
4450,0.11079
4451,0.15077000000000002
4452,0.12575
4453,0.09915
4454,0.0703
4455,0.08761
4456,0.045759999999999995
4457,0.00628
4458,0.0
4459,0.0
4460,0.0
4461,0.0
4462,0.0
4463,0.0
4464,0.0
4465,0.0
4466,0.0
4467,0.0
4468,0.0
4469,0.0
4470,0.01945
4471,0.08467
4472,0.16773
4473,0.24086000000000002
4474,0.33298
4475,0.25398
4476,0.37045999999999996
4477,0.29091
4478,0.2661
4479,0.12151999999999999
4480,0.06313
4481,0.01014
4482,0.0
4483,0.0
4484,0.0
4485,0.0
4486,0.0
4487,0.0
4488,0.0
4489,0.0
4490,0.0
4491,0.0
4492,0.0
4493,0.0
4494,0.008400000000000001
4495,0.027260000000000003
4496,0.11845
4497,0.1814
4498,0.22447999999999999
4499,0.32489999999999997
4500,0.40073000000000003
4501,0.43225
4502,0.36427
4503,0.26297000000000004
4504,0.14878
4505,0.01933
4506,0.0
4507,0.0
4508,0.0
4509,0.0
4510,0.0
4511,0.0
4512,0.0
4513,0.0
4514,0.0
4515,0.0
4516,0.0
4517,0.0
4518,0.01988
4519,0.11618
4520,0.24004
4521,0.42246
4522,0.42777
4523,0.5172100000000001
4524,0.50788
4525,0.52366
4526,0.38518
4527,0.2562
4528,0.14937999999999999
4529,0.02155
4530,0.0
4531,0.0
4532,0.0
4533,0.0
4534,0.0
4535,0.0
4536,0.0
4537,0.0
4538,0.0
4539,0.0
4540,0.0
4541,0.0
4542,0.02535
4543,0.10553
4544,0.24974000000000002
4545,0.3147
4546,0.42194
4547,0.5249400000000001
4548,0.50551
4549,0.45477
4550,0.38621
4551,0.29225
4552,0.1444
4553,0.019129999999999998
4554,0.0
4555,0.0
4556,0.0
4557,0.0
4558,0.0
4559,0.0
4560,0.0
4561,0.0
4562,0.0
4563,0.0
4564,0.0
4565,0.0
4566,0.02966
4567,0.12193000000000001
4568,0.21361000000000002
4569,0.27066
4570,0.20339
4571,0.39042
4572,0.35468
4573,0.40636
4574,0.37923
4575,0.27094999999999997
4576,0.15230000000000002
4577,0.02499
4578,0.0
4579,0.0
4580,0.0
4581,0.0
4582,0.0
4583,0.0
4584,0.0
4585,0.0
4586,0.0
4587,0.0
4588,0.0
4589,0.0
4590,0.02177
4591,0.10719
4592,0.14187
4593,0.27392
4594,0.29116000000000003
4595,0.34613
4596,0.41835
4597,0.39189999999999997
4598,0.41764
4599,0.3175
4600,0.15361000000000002
4601,0.01964
4602,0.0
4603,0.0
4604,0.0
4605,0.0
4606,0.0
4607,0.0
4608,0.0
4609,0.0
4610,0.0
4611,0.0
4612,0.0
4613,0.0
4614,0.020980000000000002
4615,0.15039
4616,0.26825
4617,0.37282
4618,0.47995
4619,0.57894
4620,0.56939
4621,0.42607999999999996
4622,0.33896
4623,0.27944
4624,0.10686
4625,0.01872
4626,0.0
4627,0.0
4628,0.0
4629,0.0
4630,0.0
4631,0.0
4632,0.0
4633,0.0
4634,0.0
4635,0.0
4636,0.0
4637,0.0
4638,0.02379
4639,0.09556999999999999
4640,0.21674000000000002
4641,0.29823
4642,0.48069
4643,0.45562
4644,0.47076
4645,0.49001
4646,0.41751
4647,0.32377
4648,0.15912
4649,0.02115
4650,0.0
4651,0.0
4652,0.0
4653,0.0
4654,0.0
4655,0.0
4656,0.0
4657,0.0
4658,0.0
4659,0.0
4660,0.0
4661,0.0
4662,0.02354
4663,0.114
4664,0.22006
4665,0.31374
4666,0.39417
4667,0.42585
4668,0.35786
4669,0.51687
4670,0.41958
4671,0.2811
4672,0.11339
4673,0.0147
4674,0.0
4675,0.0
4676,0.0
4677,0.0
4678,0.0
4679,0.0
4680,0.0
4681,0.0
4682,0.0
4683,0.0
4684,0.0
4685,0.0
4686,0.01807
4687,0.07440999999999999
4688,0.11234999999999999
4689,0.06444
4690,0.1435
4691,0.17354
4692,0.19283
4693,0.08584
4694,0.15916
4695,0.21023
4696,0.10344
4697,0.011349999999999999
4698,0.0
4699,0.0
4700,0.0
4701,0.0
4702,0.0
4703,0.0
4704,0.0
4705,0.0
4706,0.0
4707,0.0
4708,0.0
4709,0.0
4710,0.01586
4711,0.09481
4712,0.07911
4713,0.15753
4714,0.17178
4715,0.17421999999999999
4716,0.15721000000000002
4717,0.20282
4718,0.29792
4719,0.21029
4720,0.11462
4721,0.01359
4722,0.0
4723,0.0
4724,0.0
4725,0.0
4726,0.0
4727,0.0
4728,0.0
4729,0.0
4730,0.0
4731,0.0
4732,0.0
4733,0.0
4734,0.00207
4735,0.01506
4736,0.02686
4737,0.018670000000000003
4738,0.05312
4739,0.11795
4740,0.18869999999999998
4741,0.12481999999999999
4742,0.10706
4743,0.06689
4744,0.06023
4745,0.00878
4746,0.0
4747,0.0
4748,0.0
4749,0.0
4750,0.0
4751,0.0
4752,0.0
4753,0.0
4754,0.0
4755,0.0
4756,0.0
4757,0.0
4758,0.01048
4759,0.04009
4760,0.08774
4761,0.11810999999999999
4762,0.18631
4763,0.2032
4764,0.21345
4765,0.15743000000000001
4766,0.09451999999999999
4767,0.1057
4768,0.03156
4769,0.0032400000000000003
4770,0.0
4771,0.0
4772,0.0
4773,0.0
4774,0.0
4775,0.0
4776,0.0
4777,0.0
4778,0.0
4779,0.0
4780,0.0
4781,0.0
4782,0.00373
4783,0.02014
4784,0.03269
4785,0.07315
4786,0.06693
4787,0.08156999999999999
4788,0.05249
4789,0.07275
4790,0.0565
4791,0.05904
4792,0.04664
4793,0.00836
4794,0.0
4795,0.0
4796,0.0
4797,0.0
4798,0.0
4799,0.0
4800,0.0
4801,0.0
4802,0.0
4803,0.0
4804,0.0
4805,0.0
4806,0.01033
4807,0.060969999999999996
4808,0.2007
4809,0.22836
4810,0.33281
4811,0.34643999999999997
4812,0.24005
4813,0.40466
4814,0.38072
4815,0.30732
4816,0.16854
4817,0.02488
4818,0.0
4819,0.0
4820,0.0
4821,0.0
4822,0.0
4823,0.0
4824,0.0
4825,0.0
4826,0.0
4827,0.0
4828,0.0
4829,0.0
4830,0.00441
4831,0.04957
4832,0.08206999999999999
4833,0.06865
4834,0.1067
4835,0.11716
4836,0.14291
4837,0.13946
4838,0.08515
4839,0.11102
4840,0.12025
4841,0.0315
4842,0.0
4843,0.0
4844,0.0
4845,0.0
4846,0.0
4847,0.0
4848,0.0
4849,0.0
4850,0.0
4851,0.0
4852,0.0
4853,0.0
4854,0.02727
4855,0.13485
4856,0.23053
4857,0.17093
4858,0.30041
4859,0.28737999999999997
4860,0.38898
4861,0.37612
4862,0.26967
4863,0.27672
4864,0.12233
4865,0.027030000000000002
4866,0.0
4867,0.0
4868,0.0
4869,0.0
4870,0.0
4871,0.0
4872,0.0
4873,0.0
4874,0.0
4875,0.0
4876,0.0
4877,0.0
4878,0.01359
4879,0.045
4880,0.16546
4881,0.13155
4882,0.2026
4883,0.24004
4884,0.29493
4885,0.35144
4886,0.20027
4887,0.2246
4888,0.13097999999999999
4889,0.02436
4890,0.0
4891,0.0
4892,0.0
4893,0.0
4894,0.0
4895,0.0
4896,0.0
4897,0.0
4898,0.0
4899,0.0
4900,0.0
4901,0.0
4902,0.0261
4903,0.12151999999999999
4904,0.22416999999999998
4905,0.35102
4906,0.34276
4907,0.41370999999999997
4908,0.44179
4909,0.39854
4910,0.14458000000000001
4911,0.11864
4912,0.08011
4913,0.00786
4914,0.0
4915,0.0
4916,0.0
4917,0.0
4918,0.0
4919,0.0
4920,0.0
4921,0.0
4922,0.0
4923,0.0
4924,0.0
4925,0.0
4926,0.01644
4927,0.11701
4928,0.23739
4929,0.45468000000000003
4930,0.54347
4931,0.6078600000000001
4932,0.52688
4933,0.5248400000000001
4934,0.32262
4935,0.23344
4936,0.14675
4937,0.02678
4938,0.0
4939,0.0
4940,0.0
4941,0.0
4942,0.0
4943,0.0
4944,0.0
4945,0.0
4946,0.0
4947,0.0
4948,0.0
4949,0.0
4950,0.03849
4951,0.21472
4952,0.38369
4953,0.53188
4954,0.62101
4955,0.6465299999999999
4956,0.60768
4957,0.55763
4958,0.47398
4959,0.28775
4960,0.15475999999999998
4961,0.02092
4962,0.0
4963,0.0
4964,0.0
4965,0.0
4966,0.0
4967,0.0
4968,0.0
4969,0.0
4970,0.0
4971,0.0
4972,0.0
4973,0.0
4974,0.03567
4975,0.20236
4976,0.3644
4977,0.4774
4978,0.5383600000000001
4979,0.56253
4980,0.50145
4981,0.5111600000000001
4982,0.38277999999999995
4983,0.28981999999999997
4984,0.13372
4985,0.02302
4986,0.0
4987,0.0
4988,0.0
4989,0.0
4990,0.0
4991,0.0
4992,0.0
4993,0.0
4994,0.0
4995,0.0
4996,0.0
4997,0.0
4998,0.02828
4999,0.13062
5000,0.19416999999999998
5001,0.13051
5002,0.1388
5003,0.11931
5004,0.19536
5005,0.25697000000000003
5006,0.25661
5007,0.22666
5008,0.17452
5009,0.028489999999999998
5010,0.0
5011,0.0
5012,0.0
5013,0.0
5014,0.0
5015,0.0
5016,0.0
5017,0.0
5018,0.0
5019,0.0
5020,0.0
5021,0.0
5022,0.023870000000000002
5023,0.14443999999999999
5024,0.30215
5025,0.41117000000000004
5026,0.50182
5027,0.6170800000000001
5028,0.61494
5029,0.45577999999999996
5030,0.40924
5031,0.26261
5032,0.12559
5033,0.02542
5034,0.0
5035,0.0
5036,0.0
5037,0.0
5038,0.0
5039,0.0
5040,0.0
5041,0.0
5042,0.0
5043,0.0
5044,0.0
5045,0.0
5046,0.038810000000000004
5047,0.22250999999999999
5048,0.39512
5049,0.51832
5050,0.62287
5051,0.66264
5052,0.66738
5053,0.61138
5054,0.48802999999999996
5055,0.34482
5056,0.13901
5057,0.02204
5058,0.0
5059,0.0
5060,0.0
5061,0.0
5062,0.0
5063,0.0
5064,0.0
5065,0.0
5066,0.0
5067,0.0
5068,0.0
5069,0.0
5070,0.03264
5071,0.1725
5072,0.33453
5073,0.47070999999999996
5074,0.51097
5075,0.38987
5076,0.4863
5077,0.50108
5078,0.37891
5079,0.2856
5080,0.15791999999999998
5081,0.023399999999999997
5082,0.0
5083,0.0
5084,0.0
5085,0.0
5086,0.0
5087,0.0
5088,0.0
5089,0.0
5090,0.0
5091,0.0
5092,0.0
5093,0.0
5094,0.023129999999999998
5095,0.13632
5096,0.30641
5097,0.31645
5098,0.4506
5099,0.5207200000000001
5100,0.5237200000000001
5101,0.55632
5102,0.43711
5103,0.30115
5104,0.08554
5105,0.0213
5106,0.0
5107,0.0
5108,0.0
5109,0.0
5110,0.0
5111,0.0
5112,0.0
5113,0.0
5114,0.0
5115,0.0
5116,0.0
5117,0.0
5118,0.030760000000000003
5119,0.15352000000000002
5120,0.28647
5121,0.38631
5122,0.48862
5123,0.49895999999999996
5124,0.48712
5125,0.58414
5126,0.4664
5127,0.31841
5128,0.14006
5129,0.02066
5130,0.0
5131,0.0
5132,0.0
5133,0.0
5134,0.0
5135,0.0
5136,0.0
5137,0.0
5138,0.0
5139,0.0
5140,0.0
5141,0.0
5142,0.03468
5143,0.16373
5144,0.39377999999999996
5145,0.47773000000000004
5146,0.52518
5147,0.6014299999999999
5148,0.60953
5149,0.58649
5150,0.49957
5151,0.33803
5152,0.15371
5153,0.01891
5154,0.0
5155,0.0
5156,0.0
5157,0.0
5158,0.0
5159,0.0
5160,0.0
5161,0.0
5162,0.0
5163,0.0
5164,0.0
5165,0.0
5166,0.0286
5167,0.15812
5168,0.29661000000000004
5169,0.45704
5170,0.52507
5171,0.6500900000000001
5172,0.58415
5173,0.44605
5174,0.44997000000000004
5175,0.28883
5176,0.12379000000000001
5177,0.01923
5178,0.0
5179,0.0
5180,0.0
5181,0.0
5182,0.0
5183,0.0
5184,0.0
5185,0.0
5186,0.0
5187,0.0
5188,0.0
5189,0.0
5190,0.02957
5191,0.19772
5192,0.38700999999999997
5193,0.48976
5194,0.56813
5195,0.63181
5196,0.59035
5197,0.51124
5198,0.48134
5199,0.34424
5200,0.17017
5201,0.02036
5202,0.0
5203,0.0
5204,0.0
5205,0.0
5206,0.0
5207,0.0
5208,0.0
5209,0.0
5210,0.0
5211,0.0
5212,0.0
5213,0.0
5214,0.030690000000000002
5215,0.20154
5216,0.35969
5217,0.47833
5218,0.52215
5219,0.4437
5220,0.58028
5221,0.52425
5222,0.40511
5223,0.27805
5224,0.15797
5225,0.02173
5226,0.0
5227,0.0
5228,0.0
5229,0.0
5230,0.0
5231,0.0
5232,0.0
5233,0.0
5234,0.0
5235,0.0
5236,0.0
5237,0.0
5238,0.02332
5239,0.13472
5240,0.29646
5241,0.42263
5242,0.52892
5243,0.4573
5244,0.5590599999999999
5245,0.50948
5246,0.43241
5247,0.26725
5248,0.1305
5249,0.01657
5250,0.0
5251,0.0
5252,0.0
5253,0.0
5254,0.0
5255,0.0
5256,0.0
5257,0.0
5258,0.0
5259,0.0
5260,0.0
5261,0.0
5262,0.027440000000000003
5263,0.12273999999999999
5264,0.3018
5265,0.4023
5266,0.51466
5267,0.5046700000000001
5268,0.48746
5269,0.48810000000000003
5270,0.4057
5271,0.30433
5272,0.14332
5273,0.023780000000000003
5274,0.0
5275,0.0
5276,0.0
5277,0.0
5278,0.0
5279,0.0
5280,0.0
5281,0.0
5282,0.0
5283,0.0
5284,0.0
5285,0.0
5286,0.03918
5287,0.22129
5288,0.39162
5289,0.50751
5290,0.54
5291,0.59505
5292,0.56579
5293,0.57508
5294,0.48084
5295,0.31193
5296,0.12465000000000001
5297,0.02154
5298,0.0
5299,0.0
5300,0.0
5301,0.0
5302,0.0
5303,0.0
5304,0.0
5305,0.0
5306,0.0
5307,0.0
5308,0.0
5309,0.0
5310,0.03545
5311,0.204
5312,0.31347
5313,0.43517
5314,0.48529
5315,0.51015
5316,0.51089
5317,0.46325
5318,0.38641000000000003
5319,0.27538
5320,0.10793000000000001
5321,0.02111
5322,0.0
5323,0.0
5324,0.0
5325,0.0
5326,0.0
5327,0.0
5328,0.0
5329,0.0
5330,0.0
5331,0.0
5332,0.0
5333,0.0
5334,0.023440000000000003
5335,0.15237
5336,0.29225
5337,0.27969
5338,0.25899
5339,0.35152999999999995
5340,0.51787
5341,0.4541
5342,0.37736000000000003
5343,0.28464999999999996
5344,0.13899
5345,0.02511
5346,0.0
5347,0.0
5348,0.0
5349,0.0
5350,0.0
5351,0.0
5352,0.0
5353,0.0
5354,0.0
5355,0.0
5356,0.0
5357,0.0
5358,0.02863
5359,0.17754
5360,0.3431
5361,0.4668
5362,0.55841
5363,0.65135
5364,0.62776
5365,0.51324
5366,0.42328
5367,0.29081
5368,0.10951999999999999
5369,0.01511
5370,0.0
5371,0.0
5372,0.0
5373,0.0
5374,0.0
5375,0.0
5376,0.0
5377,0.0
5378,0.0
5379,0.0
5380,0.0
5381,0.0
5382,0.02981
5383,0.17284
5384,0.30223
5385,0.38221
5386,0.45367
5387,0.49842000000000003
5388,0.57599
5389,0.41647
5390,0.35643
5391,0.21589
5392,0.11623
5393,0.01661
5394,0.0
5395,0.0
5396,0.0
5397,0.0
5398,0.0
5399,0.0
5400,0.0
5401,0.0
5402,0.0
5403,0.0
5404,0.0
5405,0.0
5406,0.03669
5407,0.20852
5408,0.32293
5409,0.47606
5410,0.5858099999999999
5411,0.5219400000000001
5412,0.51967
5413,0.5690599999999999
5414,0.49476
5415,0.3519
5416,0.1416
5417,0.019600000000000003
5418,0.0
5419,0.0
5420,0.0
5421,0.0
5422,0.0
5423,0.0
5424,0.0
5425,0.0
5426,0.0
5427,0.0
5428,0.0
5429,0.0
5430,0.0229
5431,0.11749
5432,0.20605
5433,0.327
5434,0.40502
5435,0.47489
5436,0.561
5437,0.58041
5438,0.45321
5439,0.30869
5440,0.16335
5441,0.02062
5442,0.0
5443,0.0
5444,0.0
5445,0.0
5446,0.0
5447,0.0
5448,0.0
5449,0.0
5450,0.0
5451,0.0
5452,0.0
5453,0.0
5454,0.02154
5455,0.11003
5456,0.16208
5457,0.23975
5458,0.34894
5459,0.45031
5460,0.47024
5461,0.5531200000000001
5462,0.30344
5463,0.24949000000000002
5464,0.10335
5465,0.01946
5466,0.0
5467,0.0
5468,0.0
5469,0.0
5470,0.0
5471,0.0
5472,0.0
5473,0.0
5474,0.0
5475,0.0
5476,0.0
5477,0.0
5478,0.03866
5479,0.199
5480,0.32117
5481,0.50027
5482,0.5278400000000001
5483,0.49357999999999996
5484,0.5744
5485,0.54516
5486,0.38161
5487,0.24667
5488,0.10516
5489,0.01754
5490,0.0
5491,0.0
5492,0.0
5493,0.0
5494,0.0
5495,0.0
5496,0.0
5497,0.0
5498,0.0
5499,0.0
5500,0.0
5501,0.0
5502,0.0285
5503,0.15258000000000002
5504,0.25316
5505,0.39525
5506,0.48591
5507,0.54611
5508,0.57062
5509,0.53769
5510,0.43826
5511,0.27781
5512,0.10193
5513,0.01348
5514,0.0
5515,0.0
5516,0.0
5517,0.0
5518,0.0
5519,0.0
5520,0.0
5521,0.0
5522,0.0
5523,0.0
5524,0.0
5525,0.0
5526,0.030920000000000003
5527,0.17187
5528,0.33276
5529,0.44316
5530,0.54973
5531,0.45787
5532,0.63581
5533,0.43486
5534,0.36288
5535,0.28508
5536,0.13494
5537,0.015349999999999999
5538,0.0
5539,0.0
5540,0.0
5541,0.0
5542,0.0
5543,0.0
5544,0.0
5545,0.0
5546,0.0
5547,0.0
5548,0.0
5549,0.0
5550,0.03915999999999999
5551,0.20367
5552,0.36433
5553,0.45685000000000003
5554,0.57171
5555,0.55641
5556,0.55399
5557,0.58369
5558,0.43691
5559,0.29757
5560,0.15272
5561,0.01307
5562,0.0
5563,0.0
5564,0.0
5565,0.0
5566,0.0
5567,0.0
5568,0.0
5569,0.0
5570,0.0
5571,0.0
5572,0.0
5573,0.0
5574,0.030760000000000003
5575,0.13546
5576,0.21246
5577,0.3614
5578,0.42095
5579,0.54344
5580,0.5401900000000001
5581,0.5239
5582,0.45474000000000003
5583,0.35
5584,0.12795
5585,0.012240000000000001
5586,0.0
5587,0.0
5588,0.0
5589,0.0
5590,0.0
5591,0.0
5592,0.0
5593,0.0
5594,0.0
5595,0.0
5596,0.0
5597,0.0
5598,0.037939999999999995
5599,0.2092
5600,0.40356000000000003
5601,0.53696
5602,0.63634
5603,0.64411
5604,0.6637000000000001
5605,0.57571
5606,0.43612
5607,0.32673
5608,0.13358
5609,0.00857
5610,0.0
5611,0.0
5612,0.0
5613,0.0
5614,0.0
5615,0.0
5616,0.0
5617,0.0
5618,0.0
5619,0.0
5620,0.0
5621,0.0
5622,0.03939
5623,0.21785
5624,0.40808999999999995
5625,0.50107
5626,0.5845499999999999
5627,0.5405800000000001
5628,0.55065
5629,0.5021100000000001
5630,0.42384
5631,0.31826
5632,0.13998
5633,0.00866
5634,0.0
5635,0.0
5636,0.0
5637,0.0
5638,0.0
5639,0.0
5640,0.0
5641,0.0
5642,0.0
5643,0.0
5644,0.0
5645,0.0
5646,0.04703
5647,0.24637
5648,0.41951
5649,0.54396
5650,0.51355
5651,0.63215
5652,0.56013
5653,0.56064
5654,0.40369
5655,0.29771
5656,0.11885
5657,0.0075
5658,0.0
5659,0.0
5660,0.0
5661,0.0
5662,0.0
5663,0.0
5664,0.0
5665,0.0
5666,0.0
5667,0.0
5668,0.0
5669,0.0
5670,0.04446
5671,0.22728
5672,0.37453
5673,0.52258
5674,0.54198
5675,0.62766
5676,0.60202
5677,0.5140399999999999
5678,0.4899
5679,0.31043
5680,0.13928000000000001
5681,0.01219
5682,0.0
5683,0.0
5684,0.0
5685,0.0
5686,0.0
5687,0.0
5688,0.0
5689,0.0
5690,0.0
5691,0.0
5692,0.0
5693,0.0
5694,0.04306
5695,0.20015
5696,0.33791000000000004
5697,0.43843
5698,0.60554
5699,0.6022000000000001
5700,0.5277000000000001
5701,0.54153
5702,0.4417
5703,0.29378
5704,0.11305
5705,0.01166
5706,0.0
5707,0.0
5708,0.0
5709,0.0
5710,0.0
5711,0.0
5712,0.0
5713,0.0
5714,0.0
5715,0.0
5716,0.0
5717,0.0
5718,0.04304
5719,0.21912
5720,0.38858
5721,0.5205
5722,0.63754
5723,0.65019
5724,0.64967
5725,0.62913
5726,0.48835
5727,0.35035000000000005
5728,0.17643999999999999
5729,0.011349999999999999
5730,0.0
5731,0.0
5732,0.0
5733,0.0
5734,0.0
5735,0.0
5736,0.0
5737,0.0
5738,0.0
5739,0.0
5740,0.0
5741,0.0
5742,0.03681
5743,0.19641
5744,0.39413
5745,0.53025
5746,0.63398
5747,0.6067
5748,0.58482
5749,0.56865
5750,0.43594
5751,0.32115
5752,0.15349000000000002
5753,0.01097
5754,0.0
5755,0.0
5756,0.0
5757,0.0
5758,0.0
5759,0.0
5760,0.0
5761,0.0
5762,0.0
5763,0.0
5764,0.0
5765,0.0
5766,0.03781
5767,0.15833000000000003
5768,0.33164
5769,0.40688
5770,0.45644999999999997
5771,0.44233999999999996
5772,0.39902
5773,0.45100999999999997
5774,0.43589
5775,0.32093
5776,0.12940000000000002
5777,0.01102
5778,0.0
5779,0.0
5780,0.0
5781,0.0
5782,0.0
5783,0.0
5784,0.0
5785,0.0
5786,0.0
5787,0.0
5788,0.0
5789,0.0
5790,0.040299999999999996
5791,0.18314
5792,0.37445999999999996
5793,0.44247000000000003
5794,0.5676599999999999
5795,0.5627300000000001
5796,0.66232
5797,0.49241
5798,0.36817
5799,0.32661
5800,0.13865
5801,0.0178
5802,0.0
5803,0.0
5804,0.0
5805,0.0
5806,0.0
5807,0.0
5808,0.0
5809,0.0
5810,0.0
5811,0.0
5812,0.0
5813,0.0
5814,0.05435
5815,0.23548
5816,0.41061000000000003
5817,0.53846
5818,0.58029
5819,0.67255
5820,0.61246
5821,0.6015199999999999
5822,0.49186
5823,0.34457
5824,0.14801
5825,0.00948
5826,0.0
5827,0.0
5828,0.0
5829,0.0
5830,0.0
5831,0.0
5832,0.0
5833,0.0
5834,0.0
5835,0.0
5836,0.0
5837,0.0
5838,0.05382
5839,0.23461
5840,0.4179
5841,0.5739
5842,0.6493300000000001
5843,0.71799
5844,0.652
5845,0.62873
5846,0.48957999999999996
5847,0.3409
5848,0.14814
5849,0.011
5850,0.0
5851,0.0
5852,0.0
5853,0.0
5854,0.0
5855,0.0
5856,0.0
5857,0.0
5858,0.0
5859,0.0
5860,0.0
5861,0.0
5862,0.055729999999999995
5863,0.24132
5864,0.44756
5865,0.57488
5866,0.61556
5867,0.62362
5868,0.68839
5869,0.58061
5870,0.49095999999999995
5871,0.32458
5872,0.13412000000000002
5873,0.00879
5874,0.0
5875,0.0
5876,0.0
5877,0.0
5878,0.0
5879,0.0
5880,0.0
5881,0.0
5882,0.0
5883,0.0
5884,0.0
5885,0.0
5886,0.047159999999999994
5887,0.215
5888,0.36386
5889,0.50276
5890,0.59178
5891,0.63225
5892,0.65811
5893,0.6100399999999999
5894,0.47901
5895,0.31594
5896,0.16054
5897,0.0096
5898,0.0
5899,0.0
5900,0.0
5901,0.0
5902,0.0
5903,0.0
5904,0.0
5905,0.0
5906,0.0
5907,0.0
5908,0.0
5909,0.0
5910,0.05015
5911,0.24681999999999998
5912,0.41208
5913,0.53171
5914,0.63907
5915,0.60537
5916,0.61348
5917,0.5993099999999999
5918,0.5101600000000001
5919,0.31616000000000005
5920,0.11348
5921,0.01374
5922,0.0
5923,0.0
5924,0.0
5925,0.0
5926,0.0
5927,0.0
5928,0.0
5929,0.0
5930,0.0
5931,0.0
5932,0.0
5933,0.0
5934,0.05627
5935,0.20646
5936,0.40863
5937,0.5307799999999999
5938,0.51849
5939,0.58476
5940,0.54091
5941,0.468
5942,0.36957999999999996
5943,0.25565
5944,0.08369
5945,0.01191
5946,0.0
5947,0.0
5948,0.0
5949,0.0
5950,0.0
5951,0.0
5952,0.0
5953,0.0
5954,0.0
5955,0.0
5956,0.0
5957,0.0
5958,0.04599
5959,0.19213999999999998
5960,0.33967
5961,0.47911000000000004
5962,0.5414500000000001
5963,0.6435700000000001
5964,0.49648000000000003
5965,0.5326000000000001
5966,0.46717000000000003
5967,0.33124000000000003
5968,0.1144
5969,0.008289999999999999
5970,0.0
5971,0.0
5972,0.0
5973,0.0
5974,0.0
5975,0.0
5976,0.0
5977,0.0
5978,0.0
5979,0.0
5980,0.0
5981,0.0
5982,0.0479
5983,0.19455
5984,0.37833999999999995
5985,0.46946
5986,0.49339999999999995
5987,0.56455
5988,0.48284
5989,0.43382
5990,0.41564999999999996
5991,0.26583999999999997
5992,0.11762
5993,0.00729
5994,0.0
5995,0.0
5996,0.0
5997,0.0
5998,0.0
5999,0.0
6000,0.0
6001,0.0
6002,0.0
6003,0.0
6004,0.0
6005,0.0
6006,0.05291
6007,0.23061
6008,0.36404000000000003
6009,0.458
6010,0.58017
6011,0.5652200000000001
6012,0.5793400000000001
6013,0.55314
6014,0.47174
6015,0.31841
6016,0.11131999999999999
6017,0.01456
6018,0.0
6019,0.0
6020,0.0
6021,0.0
6022,0.0
6023,0.0
6024,0.0
6025,0.0
6026,0.0
6027,0.0
6028,0.0
6029,0.0
6030,0.05029
6031,0.21069
6032,0.34323000000000004
6033,0.48577
6034,0.58881
6035,0.6415
6036,0.55955
6037,0.5684400000000001
6038,0.44304000000000004
6039,0.32445
6040,0.14417
6041,0.0089
6042,0.0
6043,0.0
6044,0.0
6045,0.0
6046,0.0
6047,0.0
6048,0.0
6049,0.0
6050,0.0
6051,0.0
6052,0.0
6053,0.0
6054,0.06352000000000001
6055,0.21808000000000002
6056,0.39676999999999996
6057,0.54535
6058,0.63924
6059,0.65026
6060,0.62666
6061,0.60026
6062,0.50092
6063,0.34077999999999997
6064,0.15381999999999998
6065,0.00521
6066,0.0
6067,0.0
6068,0.0
6069,0.0
6070,0.0
6071,0.0
6072,0.0
6073,0.0
6074,0.0
6075,0.0
6076,0.0
6077,0.0
6078,0.03525
6079,0.17812999999999998
6080,0.26649
6081,0.41379000000000005
6082,0.50554
6083,0.61919
6084,0.58975
6085,0.60172
6086,0.46995
6087,0.35475999999999996
6088,0.15758000000000003
6089,0.0108
6090,0.0
6091,0.0
6092,0.0
6093,0.0
6094,0.0
6095,0.0
6096,0.0
6097,0.0
6098,0.0
6099,0.0
6100,0.0
6101,0.0
6102,0.05068
6103,0.20236
6104,0.39483999999999997
6105,0.50301
6106,0.5361
6107,0.45066
6108,0.45796
6109,0.46199
6110,0.37354000000000004
6111,0.26092000000000004
6112,0.1098
6113,0.00933
6114,0.0
6115,0.0
6116,0.0
6117,0.0
6118,0.0
6119,0.0
6120,0.0
6121,0.0
6122,0.0
6123,0.0
6124,0.0
6125,0.0
6126,0.03522
6127,0.15137
6128,0.28695
6129,0.44926
6130,0.50364
6131,0.5259199999999999
6132,0.59684
6133,0.58456
6134,0.42064999999999997
6135,0.32767
6136,0.15924000000000002
6137,0.009609999999999999
6138,0.0
6139,0.0
6140,0.0
6141,0.0
6142,0.0
6143,0.0
6144,0.0
6145,0.0
6146,0.0
6147,0.0
6148,0.0
6149,0.0
6150,0.05609
6151,0.23886000000000002
6152,0.39163
6153,0.5104
6154,0.5907899999999999
6155,0.68249
6156,0.64924
6157,0.57785
6158,0.48631
6159,0.34229000000000004
6160,0.14682
6161,0.00507
6162,0.0
6163,0.0
6164,0.0
6165,0.0
6166,0.0
6167,0.0
6168,0.0
6169,0.0
6170,0.0
6171,0.0
6172,0.0
6173,0.0
6174,0.06398
6175,0.23957
6176,0.45755
6177,0.58569
6178,0.69055
6179,0.65001
6180,0.63436
6181,0.43627
6182,0.41507
6183,0.27496
6184,0.14655
6185,0.01285
6186,0.0
6187,0.0
6188,0.0
6189,0.0
6190,0.0
6191,0.0
6192,0.0
6193,0.0
6194,0.0
6195,0.0
6196,0.0
6197,0.0
6198,0.06776
6199,0.2776
6200,0.42711
6201,0.56804
6202,0.5641799999999999
6203,0.5669299999999999
6204,0.66108
6205,0.35287
6206,0.42387
6207,0.33375
6208,0.15338
6209,0.008320000000000001
6210,0.0
6211,0.0
6212,0.0
6213,0.0
6214,0.0
6215,0.0
6216,0.0
6217,0.0
6218,0.0
6219,0.0
6220,0.0
6221,0.0
6222,0.05335
6223,0.22313
6224,0.33826999999999996
6225,0.35362
6226,0.29224
6227,0.3727
6228,0.54308
6229,0.55275
6230,0.47295
6231,0.28687999999999997
6232,0.11808
6233,0.00538
6234,0.0
6235,0.0
6236,0.0
6237,0.0
6238,0.0
6239,0.0
6240,0.0
6241,0.0
6242,0.0
6243,0.0
6244,0.0
6245,0.0
6246,0.05421
6247,0.24643
6248,0.36413999999999996
6249,0.44118
6250,0.49733
6251,0.5666
6252,0.6215599999999999
6253,0.49745999999999996
6254,0.47225
6255,0.34867000000000004
6256,0.1455
6257,0.00846
6258,0.0
6259,0.0
6260,0.0
6261,0.0
6262,0.0
6263,0.0
6264,0.0
6265,0.0
6266,0.0
6267,0.0
6268,0.0
6269,0.0
6270,0.05708
6271,0.19594
6272,0.33949
6273,0.52691
6274,0.54513
6275,0.58462
6276,0.5567300000000001
6277,0.5935199999999999
6278,0.47851
6279,0.28794
6280,0.09190000000000001
6281,0.005889999999999999
6282,0.0
6283,0.0
6284,0.0
6285,0.0
6286,0.0
6287,0.0
6288,0.0
6289,0.0
6290,0.0
6291,0.0
6292,0.0
6293,0.0
6294,0.06297
6295,0.25363
6296,0.46820999999999996
6297,0.6106900000000001
6298,0.65537
6299,0.6943400000000001
6300,0.7039099999999999
6301,0.6164400000000001
6302,0.53526
6303,0.37115
6304,0.16806000000000001
6305,0.005809999999999999
6306,0.0
6307,0.0
6308,0.0
6309,0.0
6310,0.0
6311,0.0
6312,0.0
6313,0.0
6314,0.0
6315,0.0
6316,0.0
6317,0.0
6318,0.08044
6319,0.29698
6320,0.4629
6321,0.5860299999999999
6322,0.6669299999999999
6323,0.6836599999999999
6324,0.6759
6325,0.5999099999999999
6326,0.47695
6327,0.33636
6328,0.12
6329,0.00626
6330,0.0
6331,0.0
6332,0.0
6333,0.0
6334,0.0
6335,0.0
6336,0.0
6337,0.0
6338,0.0
6339,0.0
6340,0.0
6341,0.0
6342,0.08209999999999999
6343,0.30122000000000004
6344,0.48234
6345,0.58963
6346,0.6725399999999999
6347,0.7351
6348,0.7087
6349,0.57225
6350,0.49853
6351,0.29383
6352,0.13046000000000002
6353,0.00424
6354,0.0
6355,0.0
6356,0.0
6357,0.0
6358,0.0
6359,0.0
6360,0.0
6361,0.0
6362,0.0
6363,0.0
6364,0.0
6365,0.0
6366,0.05281
6367,0.18200999999999998
6368,0.37777999999999995
6369,0.47414
6370,0.50794
6371,0.5950700000000001
6372,0.64719
6373,0.5701799999999999
6374,0.47546
6375,0.32573
6376,0.13296
6377,0.00449
6378,0.0
6379,0.0
6380,0.0
6381,0.0
6382,0.0
6383,0.0
6384,0.0
6385,0.0
6386,0.0
6387,0.0
6388,0.0
6389,0.0
6390,0.06288
6391,0.17496
6392,0.30654000000000003
6393,0.34926999999999997
6394,0.46577999999999997
6395,0.5235299999999999
6396,0.6133500000000001
6397,0.44875
6398,0.43475
6399,0.31721
6400,0.13654
6401,0.00943
6402,0.0
6403,0.0
6404,0.0
6405,0.0
6406,0.0
6407,0.0
6408,0.0
6409,0.0
6410,0.0
6411,0.0
6412,0.0
6413,0.0
6414,0.06385
6415,0.22922
6416,0.41822000000000004
6417,0.58021
6418,0.63488
6419,0.38491000000000003
6420,0.5806699999999999
6421,0.6005199999999999
6422,0.40893
6423,0.26341000000000003
6424,0.12417
6425,0.0058
6426,0.0
6427,0.0
6428,0.0
6429,0.0
6430,0.0
6431,0.0
6432,0.0
6433,0.0
6434,0.0
6435,0.0
6436,0.0
6437,0.0
6438,0.07864
6439,0.26200999999999997
6440,0.44566
6441,0.5979099999999999
6442,0.68421
6443,0.71341
6444,0.5765
6445,0.57411
6446,0.48352999999999996
6447,0.30673
6448,0.1205
6449,0.00438
6450,0.0
6451,0.0
6452,0.0
6453,0.0
6454,0.0
6455,0.0
6456,0.0
6457,0.0
6458,0.0
6459,0.0
6460,0.0
6461,0.0
6462,0.07811
6463,0.27382
6464,0.34729000000000004
6465,0.48425
6466,0.59121
6467,0.7033200000000001
6468,0.6596900000000001
6469,0.59648
6470,0.44725
6471,0.35284
6472,0.15042
6473,0.00361
6474,0.0
6475,0.0
6476,0.0
6477,0.0
6478,0.0
6479,0.0
6480,0.0
6481,0.0
6482,0.0
6483,0.0
6484,0.0
6485,0.0
6486,0.08847
6487,0.26925
6488,0.43533
6489,0.54544
6490,0.62585
6491,0.61378
6492,0.5207
6493,0.58547
6494,0.4733
6495,0.31097
6496,0.1347
6497,0.00428
6498,0.0
6499,0.0
6500,0.0
6501,0.0
6502,0.0
6503,0.0
6504,0.0
6505,0.0
6506,0.0
6507,0.0
6508,0.0
6509,0.0
6510,0.06305
6511,0.19798
6512,0.31727999999999995
6513,0.49831
6514,0.57601
6515,0.58749
6516,0.6733899999999999
6517,0.57336
6518,0.44931
6519,0.30106
6520,0.1275
6521,0.00519
6522,0.0
6523,0.0
6524,0.0
6525,0.0
6526,0.0
6527,0.0
6528,0.0
6529,0.0
6530,0.0
6531,0.0
6532,0.0
6533,0.0
6534,0.06453
6535,0.24606999999999998
6536,0.39582999999999996
6537,0.53073
6538,0.5903200000000001
6539,0.67831
6540,0.71473
6541,0.5430900000000001
6542,0.49368
6543,0.32337
6544,0.10278
6545,0.0067
6546,0.0
6547,0.0
6548,0.0
6549,0.0
6550,0.0
6551,0.0
6552,0.0
6553,0.0
6554,0.0
6555,0.0
6556,0.0
6557,0.0
6558,0.02974
6559,0.06262
6560,0.20036
6561,0.22743
6562,0.39093
6563,0.55295
6564,0.48863999999999996
6565,0.54755
6566,0.41920999999999997
6567,0.28596
6568,0.11921
6569,0.0048
6570,0.0
6571,0.0
6572,0.0
6573,0.0
6574,0.0
6575,0.0
6576,0.0
6577,0.0
6578,0.0
6579,0.0
6580,0.0
6581,0.0
6582,0.049229999999999996
6583,0.18683000000000002
6584,0.34432999999999997
6585,0.40252
6586,0.33806
6587,0.47656
6588,0.55338
6589,0.49268
6590,0.42437
6591,0.24645
6592,0.09918
6593,0.0032400000000000003
6594,0.0
6595,0.0
6596,0.0
6597,0.0
6598,0.0
6599,0.0
6600,0.0
6601,0.0
6602,0.0
6603,0.0
6604,0.0
6605,0.0
6606,0.04718
6607,0.18569999999999998
6608,0.27104
6609,0.33582
6610,0.48364999999999997
6611,0.53077
6612,0.5619
6613,0.52795
6614,0.39951
6615,0.22924
6616,0.09056
6617,0.00415
6618,0.0
6619,0.0
6620,0.0
6621,0.0
6622,0.0
6623,0.0
6624,0.0
6625,0.0
6626,0.0
6627,0.0
6628,0.0
6629,0.0
6630,0.054299999999999994
6631,0.18387
6632,0.32088
6633,0.47952
6634,0.49447
6635,0.4716
6636,0.45412
6637,0.46896
6638,0.38303
6639,0.24562
6640,0.07658
6641,0.00666
6642,0.0
6643,0.0
6644,0.0
6645,0.0
6646,0.0
6647,0.0
6648,0.0
6649,0.0
6650,0.0
6651,0.0
6652,0.0
6653,0.0
6654,0.0841
6655,0.28674
6656,0.39794999999999997
6657,0.5522100000000001
6658,0.64232
6659,0.6281100000000001
6660,0.59677
6661,0.53149
6662,0.35266000000000003
6663,0.26379
6664,0.13122
6665,0.00299
6666,0.0
6667,0.0
6668,0.0
6669,0.0
6670,0.0
6671,0.0
6672,0.0
6673,0.0
6674,0.0
6675,0.0
6676,0.0
6677,0.0
6678,0.09526000000000001
6679,0.30643
6680,0.45809
6681,0.59133
6682,0.64239
6683,0.60834
6684,0.60374
6685,0.59861
6686,0.50519
6687,0.31211
6688,0.12837
6689,0.00378
6690,0.0
6691,0.0
6692,0.0
6693,0.0
6694,0.0
6695,0.0
6696,0.0
6697,0.0
6698,0.0
6699,0.0
6700,0.0
6701,0.0
6702,0.07747
6703,0.17668
6704,0.28881999999999997
6705,0.43307999999999996
6706,0.52009
6707,0.62276
6708,0.67659
6709,0.49512
6710,0.46582999999999997
6711,0.34204
6712,0.13002
6713,0.00369
6714,0.0
6715,0.0
6716,0.0
6717,0.0
6718,0.0
6719,0.0
6720,0.0
6721,0.0
6722,0.0
6723,0.0
6724,0.0
6725,0.0
6726,0.049409999999999996
6727,0.18750999999999998
6728,0.29543
6729,0.39847000000000005
6730,0.48038
6731,0.61105
6732,0.62374
6733,0.57702
6734,0.45825
6735,0.32395
6736,0.12308
6737,0.00368
6738,0.0
6739,0.0
6740,0.0
6741,0.0
6742,0.0
6743,0.0
6744,0.0
6745,0.0
6746,0.0
6747,0.0
6748,0.0
6749,0.0
6750,0.08094
6751,0.25046
6752,0.47196
6753,0.49557999999999996
6754,0.62491
6755,0.69492
6756,0.55957
6757,0.6040800000000001
6758,0.44692000000000004
6759,0.27638999999999997
6760,0.09794
6761,0.00475
6762,0.0
6763,0.0
6764,0.0
6765,0.0
6766,0.0
6767,0.0
6768,0.0
6769,0.0
6770,0.0
6771,0.0
6772,0.0
6773,0.0
6774,0.05072
6775,0.23932
6776,0.40643
6777,0.42724
6778,0.5421900000000001
6779,0.5795
6780,0.70485
6781,0.60524
6782,0.40135000000000004
6783,0.23072
6784,0.09753
6785,0.00342
6786,0.0
6787,0.0
6788,0.0
6789,0.0
6790,0.0
6791,0.0
6792,0.0
6793,0.0
6794,0.0
6795,0.0
6796,0.0
6797,0.0
6798,0.07582
6799,0.24659999999999999
6800,0.36052
6801,0.5093
6802,0.57869
6803,0.60926
6804,0.5961900000000001
6805,0.53225
6806,0.40637
6807,0.32553
6808,0.10865000000000001
6809,0.0052699999999999995
6810,0.0
6811,0.0
6812,0.0
6813,0.0
6814,0.0
6815,0.0
6816,0.0
6817,0.0
6818,0.0
6819,0.0
6820,0.0
6821,0.0
6822,0.07198
6823,0.24927000000000002
6824,0.35329
6825,0.53319
6826,0.6295299999999999
6827,0.63818
6828,0.54961
6829,0.50768
6830,0.42251
6831,0.2851
6832,0.10149
6833,0.0028799999999999997
6834,0.0
6835,0.0
6836,0.0
6837,0.0
6838,0.0
6839,0.0
6840,0.0
6841,0.0
6842,0.0
6843,0.0
6844,0.0
6845,0.0
6846,0.02958
6847,0.17615
6848,0.30354000000000003
6849,0.39325
6850,0.45230000000000004
6851,0.49418
6852,0.49069
6853,0.55075
6854,0.38448000000000004
6855,0.25468999999999997
6856,0.07507
6857,0.00433
6858,0.0
6859,0.0
6860,0.0
6861,0.0
6862,0.0
6863,0.0
6864,0.0
6865,0.0
6866,0.0
6867,0.0
6868,0.0
6869,0.0
6870,0.09187999999999999
6871,0.30110000000000003
6872,0.4577
6873,0.56935
6874,0.67563
6875,0.6909099999999999
6876,0.62425
6877,0.5671499999999999
6878,0.40295
6879,0.27038
6880,0.09981
6881,0.0037400000000000003
6882,0.0
6883,0.0
6884,0.0
6885,0.0
6886,0.0
6887,0.0
6888,0.0
6889,0.0
6890,0.0
6891,0.0
6892,0.0
6893,0.0
6894,0.05446
6895,0.23664
6896,0.41852999999999996
6897,0.41536
6898,0.4634
6899,0.41016
6900,0.51705
6901,0.5759299999999999
6902,0.43747
6903,0.27352
6904,0.10114
6905,0.00357
6906,0.0
6907,0.0
6908,0.0
6909,0.0
6910,0.0
6911,0.0
6912,0.0
6913,0.0
6914,0.0
6915,0.0
6916,0.0
6917,0.0
6918,0.06276
6919,0.22711
6920,0.4609
6921,0.61676
6922,0.67877
6923,0.67565
6924,0.56899
6925,0.50506
6926,0.36531
6927,0.25417
6928,0.08940000000000001
6929,0.0035
6930,0.0
6931,0.0
6932,0.0
6933,0.0
6934,0.0
6935,0.0
6936,0.0
6937,0.0
6938,0.0
6939,0.0
6940,0.0
6941,0.0
6942,0.02001
6943,0.06909
6944,0.16009
6945,0.26380000000000003
6946,0.44233
6947,0.56824
6948,0.6401399999999999
6949,0.50695
6950,0.36418
6951,0.28708
6952,0.10596
6953,0.00219
6954,0.0
6955,0.0
6956,0.0
6957,0.0
6958,0.0
6959,0.0
6960,0.0
6961,0.0
6962,0.0
6963,0.0
6964,0.0
6965,0.0
6966,0.08614
6967,0.29636
6968,0.46067
6969,0.52091
6970,0.62042
6971,0.5895499999999999
6972,0.60073
6973,0.5696100000000001
6974,0.42675
6975,0.19618
6976,0.09398000000000001
6977,0.00195
6978,0.0
6979,0.0
6980,0.0
6981,0.0
6982,0.0
6983,0.0
6984,0.0
6985,0.0
6986,0.0
6987,0.0
6988,0.0
6989,0.0
6990,0.07891
6991,0.23973
6992,0.39230000000000004
6993,0.57882
6994,0.58646
6995,0.62826
6996,0.56447
6997,0.46586
6998,0.32469
6999,0.20499
7000,0.05321
7001,0.00235
7002,0.0
7003,0.0
7004,0.0
7005,0.0
7006,0.0
7007,0.0
7008,0.0
7009,0.0
7010,0.0
7011,0.0
7012,0.0
7013,0.0
7014,0.04593
7015,0.12584
7016,0.13418
7017,0.09497
7018,0.14094
7019,0.31564
7020,0.41733
7021,0.34072
7022,0.29752999999999996
7023,0.14315
7024,0.05071
7025,0.0015400000000000001
7026,0.0
7027,0.0
7028,0.0
7029,0.0
7030,0.0
7031,0.0
7032,0.0
7033,0.0
7034,0.0
7035,0.0
7036,0.0
7037,0.0
7038,0.05608
7039,0.169
7040,0.26842
7041,0.34824
7042,0.54311
7043,0.46266
7044,0.5092300000000001
7045,0.47328
7046,0.36745
7047,0.24668
7048,0.06961
7049,0.0015300000000000001
7050,0.0
7051,0.0
7052,0.0
7053,0.0
7054,0.0
7055,0.0
7056,0.0
7057,0.0
7058,0.0
7059,0.0
7060,0.0
7061,0.0
7062,0.08702
7063,0.31548000000000004
7064,0.4754
7065,0.5379700000000001
7066,0.61097
7067,0.45376
7068,0.4875
7069,0.50442
7070,0.31627
7071,0.26650999999999997
7072,0.1143
7073,0.00273
7074,0.0
7075,0.0
7076,0.0
7077,0.0
7078,0.0
7079,0.0
7080,0.0
7081,0.0
7082,0.0
7083,0.0
7084,0.0
7085,0.0
7086,0.09248999999999999
7087,0.25297
7088,0.35176999999999997
7089,0.46998
7090,0.46732999999999997
7091,0.53887
7092,0.48336
7093,0.39285000000000003
7094,0.29481999999999997
7095,0.16846
7096,0.06989
7097,0.00262
7098,0.0
7099,0.0
7100,0.0
7101,0.0
7102,0.0
7103,0.0
7104,0.0
7105,0.0
7106,0.0
7107,0.0
7108,0.0
7109,0.0
7110,0.08004
7111,0.29929
7112,0.47189
7113,0.6217699999999999
7114,0.68812
7115,0.70804
7116,0.6932699999999999
7117,0.5829
7118,0.42286
7119,0.26248
7120,0.095
7121,0.00254
7122,0.0
7123,0.0
7124,0.0
7125,0.0
7126,0.0
7127,0.0
7128,0.0
7129,0.0
7130,0.0
7131,0.0
7132,0.0
7133,0.0
7134,0.10499
7135,0.33676
7136,0.51816
7137,0.58899
7138,0.6917300000000001
7139,0.6761900000000001
7140,0.68343
7141,0.60492
7142,0.50174
7143,0.34608
7144,0.12597
7145,0.00146
7146,0.0
7147,0.0
7148,0.0
7149,0.0
7150,0.0
7151,0.0
7152,0.0
7153,0.0
7154,0.0
7155,0.0
7156,0.0
7157,0.0
7158,0.09715
7159,0.28847
7160,0.47599
7161,0.6060800000000001
7162,0.57551
7163,0.63326
7164,0.61119
7165,0.46202
7166,0.43115
7167,0.26295999999999997
7168,0.10931
7169,0.0035299999999999997
7170,0.0
7171,0.0
7172,0.0
7173,0.0
7174,0.0
7175,0.0
7176,0.0
7177,0.0
7178,0.0
7179,0.0
7180,0.0
7181,0.0
7182,0.08974
7183,0.27144
7184,0.44595
7185,0.58808
7186,0.68155
7187,0.66227
7188,0.65863
7189,0.59204
7190,0.42643000000000003
7191,0.30968
7192,0.11746
7193,0.0024300000000000003
7194,0.0
7195,0.0
7196,0.0
7197,0.0
7198,0.0
7199,0.0
7200,0.0
7201,0.0
7202,0.0
7203,0.0
7204,0.0
7205,0.0
7206,0.09301000000000001
7207,0.2824
7208,0.44312999999999997
7209,0.58363
7210,0.6585
7211,0.47631
7212,0.62283
7213,0.54506
7214,0.45333
7215,0.30317
7216,0.12854
7217,0.00189
7218,0.0
7219,0.0
7220,0.0
7221,0.0
7222,0.0
7223,0.0
7224,0.0
7225,0.0
7226,0.0
7227,0.0
7228,0.0
7229,0.0
7230,0.09904
7231,0.27607
7232,0.47182
7233,0.59573
7234,0.65546
7235,0.58809
7236,0.6411100000000001
7237,0.56778
7238,0.45319
7239,0.29395
7240,0.10574
7241,0.00196
7242,0.0
7243,0.0
7244,0.0
7245,0.0
7246,0.0
7247,0.0
7248,0.0
7249,0.0
7250,0.0
7251,0.0
7252,0.0
7253,0.0
7254,0.10161
7255,0.30844
7256,0.49715
7257,0.63251
7258,0.6466900000000001
7259,0.70501
7260,0.66472
7261,0.5456599999999999
7262,0.42945
7263,0.27444
7264,0.10356
7265,0.00248
7266,0.0
7267,0.0
7268,0.0
7269,0.0
7270,0.0
7271,0.0
7272,0.0
7273,0.0
7274,0.0
7275,0.0
7276,0.0
7277,0.0
7278,0.04671
7279,0.20702
7280,0.28814
7281,0.50987
7282,0.53522
7283,0.56428
7284,0.5077699999999999
7285,0.31685
7286,0.27475
7287,0.15985
7288,0.05763
7289,0.00246
7290,0.0
7291,0.0
7292,0.0
7293,0.0
7294,0.0
7295,0.0
7296,0.0
7297,0.0
7298,0.0
7299,0.0
7300,0.0
7301,0.0
7302,0.10371999999999999
7303,0.29893000000000003
7304,0.44913
7305,0.49798000000000003
7306,0.63566
7307,0.57205
7308,0.62975
7309,0.5265700000000001
7310,0.35887
7311,0.20397
7312,0.07223
7313,0.00082
7314,0.0
7315,0.0
7316,0.0
7317,0.0
7318,0.0
7319,0.0
7320,0.0
7321,0.0
7322,0.0
7323,0.0
7324,0.0
7325,0.0
7326,0.10901999999999999
7327,0.31544
7328,0.48366000000000003
7329,0.517
7330,0.61512
7331,0.642
7332,0.5671
7333,0.56008
7334,0.47214999999999996
7335,0.32199
7336,0.13112000000000001
7337,0.0015
7338,0.0
7339,0.0
7340,0.0
7341,0.0
7342,0.0
7343,0.0
7344,0.0
7345,0.0
7346,0.0
7347,0.0
7348,0.0
7349,0.0
7350,0.09037
7351,0.2993
7352,0.44672
7353,0.5847
7354,0.67979
7355,0.69551
7356,0.65442
7357,0.6120599999999999
7358,0.49951999999999996
7359,0.28313
7360,0.13416999999999998
7361,0.00227
7362,0.0
7363,0.0
7364,0.0
7365,0.0
7366,0.0
7367,0.0
7368,0.0
7369,0.0
7370,0.0
7371,0.0
7372,0.0
7373,0.0
7374,0.12404000000000001
7375,0.3418
7376,0.50502
7377,0.5834
7378,0.62973
7379,0.6695599999999999
7380,0.68103
7381,0.5328099999999999
7382,0.45747000000000004
7383,0.33555
7384,0.13119
7385,0.00163
7386,0.0
7387,0.0
7388,0.0
7389,0.0
7390,0.0
7391,0.0
7392,0.0
7393,0.0
7394,0.0
7395,0.0
7396,0.0
7397,0.0
7398,0.082
7399,0.27169
7400,0.40814
7401,0.44539999999999996
7402,0.49405
7403,0.64402
7404,0.5594600000000001
7405,0.49535
7406,0.42911
7407,0.28508
7408,0.1047
7409,0.0030299999999999997
7410,0.0
7411,0.0
7412,0.0
7413,0.0
7414,0.0
7415,0.0
7416,0.0
7417,0.0
7418,0.0
7419,0.0
7420,0.0
7421,0.0
7422,0.0428
7423,0.16061
7424,0.29677
7425,0.45126
7426,0.55215
7427,0.5730599999999999
7428,0.5849
7429,0.52344
7430,0.4162
7431,0.25461
7432,0.07425
7433,0.0015
7434,0.0
7435,0.0
7436,0.0
7437,0.0
7438,0.0
7439,0.0
7440,0.0
7441,0.0
7442,0.0
7443,0.0
7444,0.0
7445,0.0
7446,0.10488
7447,0.30189
7448,0.49793
7449,0.57916
7450,0.6592899999999999
7451,0.69547
7452,0.68724
7453,0.54475
7454,0.45896
7455,0.25357
7456,0.11948
7457,0.0009699999999999999
7458,0.0
7459,0.0
7460,0.0
7461,0.0
7462,0.0
7463,0.0
7464,0.0
7465,0.0
7466,0.0
7467,0.0
7468,0.0
7469,0.0
7470,0.046990000000000004
7471,0.17675
7472,0.33849
7473,0.38036000000000003
7474,0.50593
7475,0.54816
7476,0.38938
7477,0.34482
7478,0.30666000000000004
7479,0.21549000000000001
7480,0.05697
7481,0.0015
7482,0.0
7483,0.0
7484,0.0
7485,0.0
7486,0.0
7487,0.0
7488,0.0
7489,0.0
7490,0.0
7491,0.0
7492,0.0
7493,0.0
7494,0.07933
7495,0.21982
7496,0.35141
7497,0.44324
7498,0.55737
7499,0.52307
7500,0.5154
7501,0.51187
7502,0.42987000000000003
7503,0.25629
7504,0.08967
7505,0.0019199999999999998
7506,0.0
7507,0.0
7508,0.0
7509,0.0
7510,0.0
7511,0.0
7512,0.0
7513,0.0
7514,0.0
7515,0.0
7516,0.0
7517,0.0
7518,0.09411
7519,0.28652999999999995
7520,0.47113
7521,0.54808
7522,0.57516
7523,0.49158999999999997
7524,0.49333
7525,0.37747
7526,0.22566999999999998
7527,0.17830000000000001
7528,0.0721
7529,0.00289
7530,0.0
7531,0.0
7532,0.0
7533,0.0
7534,0.0
7535,0.0
7536,0.0
7537,0.0
7538,0.0
7539,0.0
7540,0.0
7541,0.0
7542,0.11056999999999999
7543,0.33071
7544,0.50111
7545,0.62301
7546,0.6868
7547,0.6723899999999999
7548,0.66786
7549,0.59962
7550,0.44769
7551,0.31155
7552,0.09972
7553,0.0014
7554,0.0
7555,0.0
7556,0.0
7557,0.0
7558,0.0
7559,0.0
7560,0.0
7561,0.0
7562,0.0
7563,0.0
7564,0.0
7565,0.0
7566,0.03137
7567,0.14349
7568,0.22044
7569,0.19002000000000002
7570,0.26150999999999996
7571,0.20858000000000002
7572,0.24058000000000002
7573,0.36635
7574,0.30256
7575,0.18462
7576,0.07755
7577,0.00206
7578,0.0
7579,0.0
7580,0.0
7581,0.0
7582,0.0
7583,0.0
7584,0.0
7585,0.0
7586,0.0
7587,0.0
7588,0.0
7589,0.0
7590,0.06420999999999999
7591,0.23322
7592,0.44127
7593,0.52397
7594,0.62002
7595,0.63552
7596,0.56102
7597,0.30641
7598,0.29173000000000004
7599,0.17969
7600,0.09173
7601,0.0013700000000000001
7602,0.0
7603,0.0
7604,0.0
7605,0.0
7606,0.0
7607,0.0
7608,0.0
7609,0.0
7610,0.0
7611,0.0
7612,0.0
7613,0.0
7614,0.046060000000000004
7615,0.21215
7616,0.28438
7617,0.45855
7618,0.52335
7619,0.39594999999999997
7620,0.41587
7621,0.35404
7622,0.21885
7623,0.13038999999999998
7624,0.049890000000000004
7625,0.00152
7626,0.0
7627,0.0
7628,0.0
7629,0.0
7630,0.0
7631,0.0
7632,0.0
7633,0.0
7634,0.0
7635,0.0
7636,0.0
7637,0.0
7638,0.0030800000000000003
7639,0.02905
7640,0.0729
7641,0.13572
7642,0.26683999999999997
7643,0.18312
7644,0.2184
7645,0.2841
7646,0.30413999999999997
7647,0.19062
7648,0.08541
7649,0.00123
7650,0.0
7651,0.0
7652,0.0
7653,0.0
7654,0.0
7655,0.0
7656,0.0
7657,0.0
7658,0.0
7659,0.0
7660,0.0
7661,0.0
7662,0.047369999999999995
7663,0.15006
7664,0.2417
7665,0.50844
7666,0.59953
7667,0.6156
7668,0.61403
7669,0.48663999999999996
7670,0.34935000000000005
7671,0.18599000000000002
7672,0.06699
7673,0.0015300000000000001
7674,0.0
7675,0.0
7676,0.0
7677,0.0
7678,0.0
7679,0.0
7680,0.0
7681,0.0
7682,0.0
7683,0.0
7684,0.0
7685,0.0
7686,0.07640999999999999
7687,0.26071
7688,0.40147000000000005
7689,0.49632
7690,0.42955
7691,0.42033
7692,0.45843
7693,0.39648
7694,0.31657
7695,0.21780000000000002
7696,0.08189
7697,0.00313
7698,0.0
7699,0.0
7700,0.0
7701,0.0
7702,0.0
7703,0.0
7704,0.0
7705,0.0
7706,0.0
7707,0.0
7708,0.0
7709,0.0
7710,0.0717
7711,0.22124000000000002
7712,0.40238999999999997
7713,0.51671
7714,0.62207
7715,0.65328
7716,0.64824
7717,0.50482
7718,0.40012000000000003
7719,0.22966999999999999
7720,0.11697
7721,0.00161
7722,0.0
7723,0.0
7724,0.0
7725,0.0
7726,0.0
7727,0.0
7728,0.0
7729,0.0
7730,0.0
7731,0.0
7732,0.0
7733,0.0
7734,0.08042
7735,0.28452
7736,0.40918
7737,0.51816
7738,0.50456
7739,0.51734
7740,0.39881
7741,0.5127200000000001
7742,0.41927
7743,0.27607
7744,0.1296
7745,0.0017900000000000001
7746,0.0
7747,0.0
7748,0.0
7749,0.0
7750,0.0
7751,0.0
7752,0.0
7753,0.0
7754,0.0
7755,0.0
7756,0.0
7757,0.0
7758,0.037380000000000004
7759,0.16036
7760,0.25582
7761,0.53583
7762,0.60224
7763,0.63862
7764,0.55538
7765,0.58724
7766,0.42752999999999997
7767,0.26527
7768,0.12420999999999999
7769,0.00204
7770,0.0
7771,0.0
7772,0.0
7773,0.0
7774,0.0
7775,0.0
7776,0.0
7777,0.0
7778,0.0
7779,0.0
7780,0.0
7781,0.0
7782,0.06462999999999999
7783,0.23276
7784,0.46588
7785,0.5658
7786,0.65118
7787,0.61545
7788,0.56836
7789,0.51612
7790,0.40381
7791,0.23356
7792,0.0831
7793,0.00266
7794,0.0
7795,0.0
7796,0.0
7797,0.0
7798,0.0
7799,0.0
7800,0.0
7801,0.0
7802,0.0
7803,0.0
7804,0.0
7805,0.0
7806,0.08946
7807,0.26732
7808,0.48575
7809,0.58196
7810,0.67171
7811,0.62878
7812,0.5882200000000001
7813,0.55404
7814,0.43198000000000003
7815,0.29727
7816,0.10773
7817,0.00182
7818,0.0
7819,0.0
7820,0.0
7821,0.0
7822,0.0
7823,0.0
7824,0.0
7825,0.0
7826,0.0
7827,0.0
7828,0.0
7829,0.0
7830,0.0953
7831,0.303
7832,0.45380000000000004
7833,0.5567300000000001
7834,0.65551
7835,0.67925
7836,0.6949099999999999
7837,0.5381699999999999
7838,0.45489999999999997
7839,0.27111
7840,0.13158
7841,0.0020099999999999996
7842,0.0
7843,0.0
7844,0.0
7845,0.0
7846,0.0
7847,0.0
7848,0.0
7849,0.0
7850,0.0
7851,0.0
7852,0.0
7853,0.0
7854,0.07909999999999999
7855,0.23789
7856,0.42926
7857,0.54727
7858,0.6157
7859,0.63886
7860,0.63188
7861,0.50519
7862,0.38873
7863,0.24244
7864,0.08703
7865,0.00394
7866,0.0
7867,0.0
7868,0.0
7869,0.0
7870,0.0
7871,0.0
7872,0.0
7873,0.0
7874,0.0
7875,0.0
7876,0.0
7877,0.0
7878,0.05128
7879,0.23397
7880,0.41962
7881,0.49715
7882,0.55683
7883,0.5982999999999999
7884,0.5880700000000001
7885,0.55812
7886,0.40452
7887,0.28334
7888,0.11921999999999999
7889,0.00322
7890,0.0
7891,0.0
7892,0.0
7893,0.0
7894,0.0
7895,0.0
7896,0.0
7897,0.0
7898,0.0
7899,0.0
7900,0.0
7901,0.0
7902,0.06422
7903,0.17448
7904,0.32017
7905,0.46969
7906,0.57535
7907,0.67457
7908,0.59516
7909,0.56036
7910,0.44337
7911,0.25512
7912,0.09686
7913,0.00382
7914,0.0
7915,0.0
7916,0.0
7917,0.0
7918,0.0
7919,0.0
7920,0.0
7921,0.0
7922,0.0
7923,0.0
7924,0.0
7925,0.0
7926,0.049030000000000004
7927,0.18412
7928,0.39348
7929,0.45788
7930,0.5973200000000001
7931,0.65144
7932,0.6469199999999999
7933,0.48523
7934,0.38921
7935,0.28161
7936,0.10689
7937,0.00222
7938,0.0
7939,0.0
7940,0.0
7941,0.0
7942,0.0
7943,0.0
7944,0.0
7945,0.0
7946,0.0
7947,0.0
7948,0.0
7949,0.0
7950,0.05084
7951,0.25822
7952,0.42849
7953,0.58026
7954,0.59349
7955,0.6336799999999999
7956,0.6517200000000001
7957,0.43449
7958,0.44672
7959,0.27081
7960,0.10789
7961,0.0023599999999999997
7962,0.0
7963,0.0
7964,0.0
7965,0.0
7966,0.0
7967,0.0
7968,0.0
7969,0.0
7970,0.0
7971,0.0
7972,0.0
7973,0.0
7974,0.0856
7975,0.246
7976,0.38248000000000004
7977,0.50641
7978,0.55814
7979,0.69975
7980,0.65776
7981,0.50675
7982,0.37482
7983,0.24312
7984,0.10779000000000001
7985,0.00248
7986,0.0
7987,0.0
7988,0.0
7989,0.0
7990,0.0
7991,0.0
7992,0.0
7993,0.0
7994,0.0
7995,0.0
7996,0.0
7997,0.0
7998,0.09147
7999,0.29422000000000004
8000,0.43277
8001,0.51998
8002,0.5819
8003,0.6092799999999999
8004,0.55767
8005,0.53576
8006,0.45966
8007,0.32942
8008,0.13083
8009,0.00221
8010,0.0
8011,0.0
8012,0.0
8013,0.0
8014,0.0
8015,0.0
8016,0.0
8017,0.0
8018,0.0
8019,0.0
8020,0.0
8021,0.0
8022,0.08163
8023,0.25662
8024,0.46764999999999995
8025,0.52975
8026,0.6097400000000001
8027,0.6196200000000001
8028,0.6606799999999999
8029,0.5809099999999999
8030,0.49136
8031,0.29897
8032,0.13327
8033,0.00211
8034,0.0
8035,0.0
8036,0.0
8037,0.0
8038,0.0
8039,0.0
8040,0.0
8041,0.0
8042,0.0
8043,0.0
8044,0.0
8045,0.0
8046,0.07553
8047,0.2331
8048,0.42295
8049,0.5375700000000001
8050,0.64273
8051,0.67377
8052,0.65523
8053,0.5614
8054,0.44625
8055,0.29363
8056,0.13555
8057,0.0023799999999999997
8058,0.0
8059,0.0
8060,0.0
8061,0.0
8062,0.0
8063,0.0
8064,0.0
8065,0.0
8066,0.0
8067,0.0
8068,0.0
8069,0.0
8070,0.09306
8071,0.30759
8072,0.47206
8073,0.5458500000000001
8074,0.64364
8075,0.5945499999999999
8076,0.61397
8077,0.54431
8078,0.43866000000000005
8079,0.30257
8080,0.10926999999999999
8081,0.0027
8082,0.0
8083,0.0
8084,0.0
8085,0.0
8086,0.0
8087,0.0
8088,0.0
8089,0.0
8090,0.0
8091,0.0
8092,0.0
8093,0.0
8094,0.0515
8095,0.1699
8096,0.35898
8097,0.43981
8098,0.50584
8099,0.56401
8100,0.5117200000000001
8101,0.36067
8102,0.27223
8103,0.22749
8104,0.09226999999999999
8105,0.00281
8106,0.0
8107,0.0
8108,0.0
8109,0.0
8110,0.0
8111,0.0
8112,0.0
8113,0.0
8114,0.0
8115,0.0
8116,0.0
8117,0.0
8118,0.052090000000000004
8119,0.18856
8120,0.31862
8121,0.36318
8122,0.59226
8123,0.53915
8124,0.57772
8125,0.41839
8126,0.36175999999999997
8127,0.23195
8128,0.11971
8129,0.0035099999999999997
8130,0.0
8131,0.0
8132,0.0
8133,0.0
8134,0.0
8135,0.0
8136,0.0
8137,0.0
8138,0.0
8139,0.0
8140,0.0
8141,0.0
8142,0.05948
8143,0.22805
8144,0.35956
8145,0.44068999999999997
8146,0.43409
8147,0.40299
8148,0.48901
8149,0.5481900000000001
8150,0.42928
8151,0.29572000000000004
8152,0.11356999999999999
8153,0.00299
8154,0.0
8155,0.0
8156,0.0
8157,0.0
8158,0.0
8159,0.0
8160,0.0
8161,0.0
8162,0.0
8163,0.0
8164,0.0
8165,0.0
8166,0.0501
8167,0.18472999999999998
8168,0.1693
8169,0.31932
8170,0.42726
8171,0.27976999999999996
8172,0.39681
8173,0.35337999999999997
8174,0.32611
8175,0.21639
8176,0.09214
8177,0.00418
8178,0.0
8179,0.0
8180,0.0
8181,0.0
8182,0.0
8183,0.0
8184,0.0
8185,0.0
8186,0.0
8187,0.0
8188,0.0
8189,0.0
8190,0.07873000000000001
8191,0.27902
8192,0.45597000000000004
8193,0.56563
8194,0.67143
8195,0.68367
8196,0.66177
8197,0.6224
8198,0.47662
8199,0.28101
8200,0.12359999999999999
8201,0.00326
8202,0.0
8203,0.0
8204,0.0
8205,0.0
8206,0.0
8207,0.0
8208,0.0
8209,0.0
8210,0.0
8211,0.0
8212,0.0
8213,0.0
8214,0.07740000000000001
8215,0.26233999999999996
8216,0.41483
8217,0.48702999999999996
8218,0.6216799999999999
8219,0.67023
8220,0.6147999999999999
8221,0.59687
8222,0.4634
8223,0.22494
8224,0.14009
8225,0.0025
8226,0.0
8227,0.0
8228,0.0
8229,0.0
8230,0.0
8231,0.0
8232,0.0
8233,0.0
8234,0.0
8235,0.0
8236,0.0
8237,0.0
8238,0.06082
8239,0.24591
8240,0.41307
8241,0.51085
8242,0.62794
8243,0.6327699999999999
8244,0.64147
8245,0.5328099999999999
8246,0.47693
8247,0.29964999999999997
8248,0.13136
8249,0.00426
8250,0.0
8251,0.0
8252,0.0
8253,0.0
8254,0.0
8255,0.0
8256,0.0
8257,0.0
8258,0.0
8259,0.0
8260,0.0
8261,0.0
8262,0.06171
8263,0.21249
8264,0.36918
8265,0.45264
8266,0.49668
8267,0.58757
8268,0.5699299999999999
8269,0.45344999999999996
8270,0.38750999999999997
8271,0.21608000000000002
8272,0.10443999999999999
8273,0.0038799999999999998
8274,0.0
8275,0.0
8276,0.0
8277,0.0
8278,0.0
8279,0.0
8280,0.0
8281,0.0
8282,0.0
8283,0.0
8284,0.0
8285,0.0
8286,0.02452
8287,0.15683000000000002
8288,0.37318
8289,0.51474
8290,0.54224
8291,0.62913
8292,0.48
8293,0.51247
8294,0.40011
8295,0.24588
8296,0.07873999999999999
8297,0.00557
8298,0.0
8299,0.0
8300,0.0
8301,0.0
8302,0.0
8303,0.0
8304,0.0
8305,0.0
8306,0.0
8307,0.0
8308,0.0
8309,0.0
8310,0.049280000000000004
8311,0.20815
8312,0.385
8313,0.49868
8314,0.6164400000000001
8315,0.61598
8316,0.64419
8317,0.4793
8318,0.34891
8319,0.32016
8320,0.13616999999999999
8321,0.00417
8322,0.0
8323,0.0
8324,0.0
8325,0.0
8326,0.0
8327,0.0
8328,0.0
8329,0.0
8330,0.0
8331,0.0
8332,0.0
8333,0.0
8334,0.039979999999999995
8335,0.16953000000000001
8336,0.32786000000000004
8337,0.41829
8338,0.46994
8339,0.57375
8340,0.52828
8341,0.5092099999999999
8342,0.42993000000000003
8343,0.29383
8344,0.09459000000000001
8345,0.00248
8346,0.0
8347,0.0
8348,0.0
8349,0.0
8350,0.0
8351,0.0
8352,0.0
8353,0.0
8354,0.0
8355,0.0
8356,0.0
8357,0.0
8358,0.016489999999999998
8359,0.10138
8360,0.15167
8361,0.28019
8362,0.32417
8363,0.48714999999999997
8364,0.573
8365,0.52011
8366,0.46029000000000003
8367,0.26485000000000003
8368,0.14281
8369,0.00376
8370,0.0
8371,0.0
8372,0.0
8373,0.0
8374,0.0
8375,0.0
8376,0.0
8377,0.0
8378,0.0
8379,0.0
8380,0.0
8381,0.0
8382,0.07934000000000001
8383,0.30563
8384,0.47275
8385,0.62064
8386,0.68598
8387,0.66514
8388,0.67676
8389,0.57601
8390,0.48170999999999997
8391,0.35251
8392,0.17827
8393,0.005019999999999999
8394,0.0
8395,0.0
8396,0.0
8397,0.0
8398,0.0
8399,0.0
8400,0.0
8401,0.0
8402,0.0
8403,0.0
8404,0.0
8405,0.0
8406,0.07401
8407,0.28807
8408,0.47506
8409,0.5834600000000001
8410,0.66053
8411,0.70225
8412,0.66371
8413,0.57968
8414,0.49431
8415,0.34072
8416,0.1179
8417,0.00436
8418,0.0
8419,0.0
8420,0.0
8421,0.0
8422,0.0
8423,0.0
8424,0.0
8425,0.0
8426,0.0
8427,0.0
8428,0.0
8429,0.0
8430,0.05784
8431,0.26398
8432,0.44501
8433,0.58282
8434,0.69314
8435,0.695
8436,0.67944
8437,0.60564
8438,0.47420999999999996
8439,0.34634
8440,0.1633
8441,0.00501
8442,0.0
8443,0.0
8444,0.0
8445,0.0
8446,0.0
8447,0.0
8448,0.0
8449,0.0
8450,0.0
8451,0.0
8452,0.0
8453,0.0
8454,0.07353
8455,0.2827
8456,0.45011
8457,0.5710599999999999
8458,0.6663600000000001
8459,0.70174
8460,0.60464
8461,0.59115
8462,0.50141
8463,0.33285000000000003
8464,0.15356999999999998
8465,0.00756
8466,0.0
8467,0.0
8468,0.0
8469,0.0
8470,0.0
8471,0.0
8472,0.0
8473,0.0
8474,0.0
8475,0.0
8476,0.0
8477,0.0
8478,0.07061
8479,0.28039
8480,0.45876999999999996
8481,0.6095
8482,0.68253
8483,0.69212
8484,0.6455299999999999
8485,0.57926
8486,0.43913
8487,0.35919999999999996
8488,0.16854
8489,0.0052
8490,0.0
8491,0.0
8492,0.0
8493,0.0
8494,0.0
8495,0.0
8496,0.0
8497,0.0
8498,0.0
8499,0.0
8500,0.0
8501,0.0
8502,0.03093
8503,0.1674
8504,0.30751
8505,0.46535000000000004
8506,0.48718
8507,0.47184
8508,0.53718
8509,0.5216799999999999
8510,0.46746
8511,0.25367
8512,0.13901
8513,0.00758
8514,0.0
8515,0.0
8516,0.0
8517,0.0
8518,0.0
8519,0.0
8520,0.0
8521,0.0
8522,0.0
8523,0.0
8524,0.0
8525,0.0
8526,0.022510000000000002
8527,0.12040000000000001
8528,0.17179
8529,0.26283
8530,0.19024000000000002
8531,0.18941999999999998
8532,0.2848
8533,0.22274000000000002
8534,0.21144
8535,0.21001
8536,0.11569
8537,0.00841
8538,0.0
8539,0.0
8540,0.0
8541,0.0
8542,0.0
8543,0.0
8544,0.0
8545,0.0
8546,0.0
8547,0.0
8548,0.0
8549,0.0
8550,0.050159999999999996
8551,0.21118
8552,0.41404
8553,0.38723
8554,0.5146900000000001
8555,0.518
8556,0.5615399999999999
8557,0.45808
8558,0.44226
8559,0.25561
8560,0.12226999999999999
8561,0.00891
8562,0.0
8563,0.0
8564,0.0
8565,0.0
8566,0.0
8567,0.0
8568,0.0
8569,0.0
8570,0.0
8571,0.0
8572,0.0
8573,0.0
8574,0.056780000000000004
8575,0.25077
8576,0.3454
8577,0.50956
8578,0.61334
8579,0.66799
8580,0.58002
8581,0.4627
8582,0.37805
8583,0.25304
8584,0.10915000000000001
8585,0.00922
8586,0.0
8587,0.0
8588,0.0
8589,0.0
8590,0.0
8591,0.0
8592,0.0
8593,0.0
8594,0.0
8595,0.0
8596,0.0
8597,0.0
8598,0.05201
8599,0.2407
8600,0.41657
8601,0.53487
8602,0.63076
8603,0.6570499999999999
8604,0.63588
8605,0.58002
8606,0.48382
8607,0.30023
8608,0.14325
8609,0.00707
8610,0.0
8611,0.0
8612,0.0
8613,0.0
8614,0.0
8615,0.0
8616,0.0
8617,0.0
8618,0.0
8619,0.0
8620,0.0
8621,0.0
8622,0.05033
8623,0.22628
8624,0.37987
8625,0.46444
8626,0.62746
8627,0.6872999999999999
8628,0.5574
8629,0.56148
8630,0.40843
8631,0.34984
8632,0.13344
8633,0.00635
8634,0.0
8635,0.0
8636,0.0
8637,0.0
8638,0.0
8639,0.0
8640,0.0
8641,0.0
8642,0.0
8643,0.0
8644,0.0
8645,0.0
8646,0.048549999999999996
8647,0.22147999999999998
8648,0.42157
8649,0.55255
8650,0.63502
8651,0.6772699999999999
8652,0.6041
8653,0.5480900000000001
8654,0.46511
8655,0.37686000000000003
8656,0.17396999999999999
8657,0.00724
8658,0.0
8659,0.0
8660,0.0
8661,0.0
8662,0.0
8663,0.0
8664,0.0
8665,0.0
8666,0.0
8667,0.0
8668,0.0
8669,0.0
8670,0.039810000000000005
8671,0.18791
8672,0.37031000000000003
8673,0.5461
8674,0.55333
8675,0.54285
8676,0.59782
8677,0.6093
8678,0.49012
8679,0.31527
8680,0.15119
8681,0.00507
8682,0.0
8683,0.0
8684,0.0
8685,0.0
8686,0.0
8687,0.0
8688,0.0
8689,0.0
8690,0.0
8691,0.0
8692,0.0
8693,0.0
8694,0.04496
8695,0.19859000000000002
8696,0.41105
8697,0.47334
8698,0.53335
8699,0.55808
8700,0.58263
8701,0.536
8702,0.46804
8703,0.32347000000000004
8704,0.1849
8705,0.00438
8706,0.0
8707,0.0
8708,0.0
8709,0.0
8710,0.0
8711,0.0
8712,0.0
8713,0.0
8714,0.0
8715,0.0
8716,0.0
8717,0.0
8718,0.048100000000000004
8719,0.20739
8720,0.42257
8721,0.54591
8722,0.5417799999999999
8723,0.6354
8724,0.54606
8725,0.5397799999999999
8726,0.44472
8727,0.34964
8728,0.16272999999999999
8729,0.00539
8730,0.0
8731,0.0
8732,0.0
8733,0.0
8734,0.0
8735,0.0
8736,0.0
8737,0.0
8738,0.0
8739,0.0
8740,0.0
8741,0.0
8742,0.05389
8743,0.24699000000000002
8744,0.41413
8745,0.54784
8746,0.61787
8747,0.5828099999999999
8748,0.55728
8749,0.58172
8750,0.47661000000000003
8751,0.3472
8752,0.16708
8753,0.04899
8754,0.0
8755,0.0
8756,0.0
8757,0.0
8758,0.0
8759,0.0
