,pv_per_unit
0,0.0
1,0.0
2,0.0
3,0.0
4,0.0
5,0.0
6,0.00458
7,0.048369999999999996
8,0.07701999999999999
9,0.10132
10,0.18547
11,0.12938999999999998
12,0.16535
13,0.1381
14,0.09375
15,0.06626
16,0.06665
17,0.01217
18,0.0
19,0.0
20,0.0
21,0.0
22,0.0
23,0.0
24,0.0
25,0.0
26,0.0
27,0.0
28,0.0
29,0.0
30,0.00654
31,0.06382
32,0.09312000000000001
33,0.136
34,0.19132
35,0.18721000000000002
36,0.15306
37,0.14829
38,0.15684
39,0.13041
40,0.06353
41,0.0159
42,0.0
43,0.0
44,0.0
45,0.0
46,0.0
47,0.0
48,0.0
49,0.0
50,0.0
51,0.0
52,0.0
53,0.0
54,0.0023599999999999997
55,0.04294
56,0.09036
57,0.20256
58,0.26354
59,0.18680000000000002
60,0.20723
61,0.18043
62,0.19372
63,0.10371999999999999
64,0.0603
65,0.00643
66,0.0
67,0.0
68,0.0
69,0.0
70,0.0
71,0.0
72,0.0
73,0.0
74,0.0
75,0.0
76,0.0
77,0.0
78,0.004889999999999999
79,0.045649999999999996
80,0.08415
81,0.11270999999999999
82,0.1222
83,0.22447999999999999
84,0.19695
85,0.19986
86,0.11837
87,0.07751999999999999
88,0.04329
89,0.01668
90,0.0
91,0.0
92,0.0
93,0.0
94,0.0
95,0.0
96,0.0
97,0.0
98,0.0
99,0.0
100,0.0
101,0.0
102,0.00433
103,0.047420000000000004
104,0.07243000000000001
105,0.09556999999999999
106,0.10275
107,0.08454
108,0.15418
109,0.16799
110,0.14174
111,0.10434
112,0.04532
113,0.01811
114,0.0
115,0.0
116,0.0
117,0.0
118,0.0
119,0.0
120,0.0
121,0.0
122,0.0
123,0.0
124,0.0
125,0.0
126,0.00218
127,0.03074
128,0.0837
129,0.11985
130,0.11762
131,0.21087
132,0.1997
133,0.21259
134,0.21363
135,0.13546
136,0.07539
137,0.01957
138,0.0
139,0.0
140,0.0
141,0.0
142,0.0
143,0.0
144,0.0
145,0.0
146,0.0
147,0.0
148,0.0
149,0.0
150,0.0037400000000000003
151,0.04753
152,0.09293000000000001
153,0.16658
154,0.14981
155,0.18159
156,0.22685
157,0.13775
158,0.16288
159,0.11084999999999999
160,0.04579
161,0.01434
162,0.0
163,0.0
164,0.0
165,0.0
166,0.0
167,0.0
168,0.0
169,0.0
170,0.0
171,0.0
172,0.0
173,0.0
174,0.00471
175,0.047939999999999997
176,0.08252
177,0.10075
178,0.19483
179,0.18778999999999998
180,0.17998
181,0.195
182,0.21017
183,0.14995
184,0.06189
185,0.01431
186,0.0
187,0.0
188,0.0
189,0.0
190,0.0
191,0.0
192,0.0
193,0.0
194,0.0
195,0.0
196,0.0
197,0.0
198,0.00155
199,0.04096
200,0.07110999999999999
201,0.15936
202,0.20992
203,0.26144
204,0.24839
205,0.13681000000000001
206,0.16928
207,0.1277
208,0.06288
209,0.00828
210,0.0
211,0.0
212,0.0
213,0.0
214,0.0
215,0.0
216,0.0
217,0.0
218,0.0
219,0.0
220,0.0
221,0.0
222,0.0
223,0.009089999999999999
224,0.03534
225,0.11095000000000001
226,0.12018000000000001
227,0.17364
228,0.25418999999999997
229,0.15468
230,0.11564
231,0.13002
232,0.06748
233,0.01644
234,0.0
235,0.0
236,0.0
237,0.0
238,0.0
239,0.0
240,0.0
241,0.0
242,0.0
243,0.0
244,0.0
245,0.0
246,0.005059999999999999
247,0.07787999999999999
248,0.12018000000000001
249,0.17943
250,0.15959
251,0.10445
252,0.16278
253,0.19247999999999998
254,0.16704
255,0.10540000000000001
256,0.07114
257,0.023030000000000002
258,0.0
259,0.0
260,0.0
261,0.0
262,0.0
263,0.0
264,0.0
265,0.0
266,0.0
267,0.0
268,0.0
269,0.0
270,0.005
271,0.06388
272,0.16891
273,0.25146
274,0.28648
275,0.26857
276,0.27338
277,0.20854
278,0.15619
279,0.1748
280,0.08872
281,0.02087
282,0.0
283,0.0
284,0.0
285,0.0
286,0.0
287,0.0
288,0.0
289,0.0
290,0.0
291,0.0
292,0.0
293,0.0
294,0.00467
295,0.06459999999999999
296,0.11434
297,0.14684999999999998
298,0.19177000000000002
299,0.2164
300,0.21359999999999998
301,0.2238
302,0.15363
303,0.13428
304,0.07271
305,0.013890000000000001
306,0.0
307,0.0
308,0.0
309,0.0
310,0.0
311,0.0
312,0.0
313,0.0
314,0.0
315,0.0
316,0.0
317,0.0
318,0.00393
319,0.07035
320,0.10491
321,0.09275
322,0.16007
323,0.21935
324,0.24924000000000002
325,0.13203
326,0.15253
327,0.09164
328,0.060899999999999996
329,0.01715
330,0.0
331,0.0
332,0.0
333,0.0
334,0.0
335,0.0
336,0.0
337,0.0
338,0.0
339,0.0
340,0.0
341,0.0
342,0.0011899999999999999
343,0.04506
344,0.15145
345,0.12605
346,0.23626
347,0.27171
348,0.26273
349,0.26577999999999996
350,0.22904
351,0.15099
352,0.11776
353,0.02138
354,0.0
355,0.0
356,0.0
357,0.0
358,0.0
359,0.0
360,0.0
361,0.0
362,0.0
363,0.0
364,0.0
365,0.0
366,0.00331
367,0.04822
368,0.08255
369,0.11728
370,0.10901999999999999
371,0.10704000000000001
372,0.15802000000000002
373,0.11902
374,0.19613999999999998
375,0.12588
376,0.08647
377,0.02062
378,0.0
379,0.0
380,0.0
381,0.0
382,0.0
383,0.0
384,0.0
385,0.0
386,0.0
387,0.0
388,0.0
389,0.0
390,0.00522
391,0.07429999999999999
392,0.14287
393,0.15853
394,0.19127000000000002
395,0.15026
396,0.1665
397,0.20672
398,0.21342
399,0.14448
400,0.0489
401,0.023600000000000003
402,0.0
403,0.0
404,0.0
405,0.0
406,0.0
407,0.0
408,0.0
409,0.0
410,0.0
411,0.0
412,0.0
413,0.0
414,0.00526
415,0.05189
416,0.09157
417,0.12877000000000002
418,0.12028
419,0.14956
420,0.14259
421,0.18425999999999998
422,0.17218
423,0.13623
424,0.06094
425,0.01445
426,0.0
427,0.0
428,0.0
429,0.0
430,0.0
431,0.0
432,0.0
433,0.0
434,0.0
435,0.0
436,0.0
437,0.0
438,0.00309
439,0.04095
440,0.10197
441,0.12053
442,0.17447
443,0.23188
444,0.25881
445,0.20274
446,0.18368
447,0.14345
448,0.07870999999999999
449,0.01821
450,0.0
451,0.0
452,0.0
453,0.0
454,0.0
455,0.0
456,0.0
457,0.0
458,0.0
459,0.0
460,0.0
461,0.0
462,0.00066
463,0.0288
464,0.05965
465,0.12524
466,0.15950999999999999
467,0.1761
468,0.222
469,0.2104
470,0.20256
471,0.10575
472,0.07354000000000001
473,0.01912
474,0.0
475,0.0
476,0.0
477,0.0
478,0.0
479,0.0
480,0.0
481,0.0
482,0.0
483,0.0
484,0.0
485,0.0
486,0.0029
487,0.06364
488,0.13004
489,0.17934
490,0.16290000000000002
491,0.22015
492,0.23018
493,0.21303
494,0.16454
495,0.10593000000000001
496,0.0576
497,0.0111
498,0.0
499,0.0
500,0.0
501,0.0
502,0.0
503,0.0
504,0.0
505,0.0
506,0.0
507,0.0
508,0.0
509,0.0
510,0.00365
511,0.048060000000000005
512,0.10808
513,0.12283
514,0.11173999999999999
515,0.12598
516,0.18630000000000002
517,0.13703
518,0.20269
519,0.11272
520,0.09565
521,0.022690000000000002
522,0.0
523,0.0
524,0.0
525,0.0
526,0.0
527,0.0
528,0.0
529,0.0
530,0.0
531,0.0
532,0.0
533,0.0
534,0.00444
535,0.051590000000000004
536,0.07353
537,0.11907999999999999
538,0.11153
539,0.1145
540,0.08709
541,0.16301
542,0.1201
543,0.08184999999999999
544,0.06668
545,0.03288
546,0.0
547,0.0
548,0.0
549,0.0
550,0.0
551,0.0
552,0.0
553,0.0
554,0.0
555,0.0
556,0.0
557,0.0
558,0.00474
559,0.061270000000000005
560,0.08725
561,0.12866
562,0.14592
563,0.15292
564,0.1566
565,0.26033
566,0.11387
567,0.14855000000000002
568,0.09353
569,0.02893
570,0.0
571,0.0
572,0.0
573,0.0
574,0.0
575,0.0
576,0.0
577,0.0
578,0.0
579,0.0
580,0.0
581,0.0
582,0.00433
583,0.053630000000000004
584,0.10138
585,0.10106
586,0.13294
587,0.12373999999999999
588,0.15787
589,0.10418000000000001
590,0.11499
591,0.11697
592,0.07346
593,0.030920000000000003
594,0.0
595,0.0
596,0.0
597,0.0
598,0.0
599,0.0
600,0.0
601,0.0
602,0.0
603,0.0
604,0.0
605,0.0
606,0.00131
607,0.046299999999999994
608,0.09676
609,0.19551
610,0.24004
611,0.31329
612,0.27236
613,0.12295
614,0.14555
615,0.14274
616,0.06678
617,0.03055
618,0.0
619,0.0
620,0.0
621,0.0
622,0.0
623,0.0
624,0.0
625,0.0
626,0.0
627,0.0
628,0.0
629,0.0
630,0.0038399999999999997
631,0.062310000000000004
632,0.09831000000000001
633,0.18825
634,0.20957
635,0.20343
636,0.2273
637,0.12164
638,0.15756
639,0.10626999999999999
640,0.06503
641,0.02837
642,0.0
643,0.0
644,0.0
645,0.0
646,0.0
647,0.0
648,0.0
649,0.0
650,0.0
651,0.0
652,0.0
653,0.0
654,0.00185
655,0.03651
656,0.07859000000000001
657,0.11026000000000001
658,0.11134000000000001
659,0.17374
660,0.12489
661,0.1155
662,0.0709
663,0.0836
664,0.05215
665,0.02386
666,0.0
667,0.0
668,0.0
669,0.0
670,0.0
671,0.0
672,0.0
673,0.0
674,0.0
675,0.0
676,0.0
677,0.0
678,0.00376
679,0.05665
680,0.09547
681,0.11261
682,0.13052
683,0.15506
684,0.20255
685,0.19157
686,0.12333
687,0.12082
688,0.06531999999999999
689,0.025070000000000002
690,0.0
691,0.0
692,0.0
693,0.0
694,0.0
695,0.0
696,0.0
697,0.0
698,0.0
699,0.0
700,0.0
701,0.0
702,0.00487
703,0.061840000000000006
704,0.10498
705,0.11605
706,0.17174
707,0.27898
708,0.25485
709,0.20205
710,0.1787
711,0.136
712,0.09287999999999999
713,0.03661
714,0.0
715,0.0
716,0.0
717,0.0
718,0.0
719,0.0
720,0.0
721,0.0
722,0.0
723,0.0
724,0.0
725,0.0
726,0.00029
727,0.02557
728,0.04491
729,0.08879000000000001
730,0.239
731,0.22265000000000001
732,0.23679
733,0.25552
734,0.2324
735,0.17308
736,0.12006
737,0.03524
738,0.0
739,0.0
740,0.0
741,0.0
742,0.0
743,0.0
744,0.0
745,0.0
746,0.0
747,0.0
748,0.0
749,0.0
750,0.00327
751,0.04582
752,0.06705
753,0.06755
754,0.11298
755,0.07145
756,0.07456
757,0.09653
758,0.1098
759,0.05828
760,0.06252
761,0.02188
762,0.0
763,0.0
764,0.0
765,0.0
766,0.0
767,0.0
768,0.0
769,0.0
770,0.0
771,0.0
772,0.0
773,0.0
774,0.00145
775,0.04368
776,0.0775
777,0.11343
778,0.12032
779,0.19535
780,0.19281
781,0.12533
782,0.10011
783,0.13503
784,0.07956
785,0.028390000000000002
786,0.0
787,0.0
788,0.0
789,0.0
790,0.0
791,0.0
792,0.0
793,0.0
794,0.0
795,0.0
796,0.0
797,0.0
798,0.0033900000000000002
799,0.04076
800,0.09158
801,0.10944
802,0.16309
803,0.13792
804,0.1822
805,0.17804
806,0.1946
807,0.14757
808,0.06308
809,0.02465
810,0.0
811,0.0
812,0.0
813,0.0
814,0.0
815,0.0
816,0.0
817,0.0
818,0.0
819,0.0
820,0.0
821,0.0
822,0.00322
823,0.06291
824,0.0837
825,0.12874000000000002
826,0.17437
827,0.21843
828,0.22856
829,0.14633000000000002
830,0.21484
831,0.12259
832,0.08609
833,0.02915
834,0.0
835,0.0
836,0.0
837,0.0
838,0.0
839,0.0
840,0.0
841,0.0
842,0.0
843,0.0
844,0.0
845,0.0
846,0.00451
847,0.07123
848,0.11644
849,0.11773
850,0.09090999999999999
851,0.08561
852,0.14132
853,0.17285
854,0.15633000000000002
855,0.13731000000000002
856,0.08735
857,0.020239999999999998
858,0.0
859,0.0
860,0.0
861,0.0
862,0.0
863,0.0
864,0.0
865,0.0
866,0.0
867,0.0
868,0.0
869,0.0
870,0.00363
871,0.05947
872,0.1097
873,0.12322
874,0.12290999999999999
875,0.11323
876,0.1669
877,0.14615999999999998
878,0.19124000000000002
879,0.15012999999999999
880,0.07293000000000001
881,0.02437
882,0.0
883,0.0
884,0.0
885,0.0
886,0.0
887,0.0
888,0.0
889,0.0
890,0.0
891,0.0
892,0.0
893,0.0
894,0.00468
895,0.06622
896,0.09054999999999999
897,0.07858
898,0.13234
899,0.14916
900,0.16571
901,0.25691
902,0.20172
903,0.1354
904,0.09415000000000001
905,0.02535
906,0.0
907,0.0
908,0.0
909,0.0
910,0.0
911,0.0
912,0.0
913,0.0
914,0.0
915,0.0
916,0.0
917,0.0
918,0.00076
919,0.026879999999999998
920,0.12315999999999999
921,0.20446
922,0.25869
923,0.31257
924,0.23743999999999998
925,0.23036
926,0.21400999999999998
927,0.15084999999999998
928,0.07522
929,0.027379999999999998
930,0.0
931,0.0
932,0.0
933,0.0
934,0.0
935,0.0
936,0.0
937,0.0
938,0.0
939,0.0
940,0.0
941,0.0
942,0.0023599999999999997
943,0.04461
944,0.11370999999999999
945,0.1672
946,0.19125
947,0.19947
948,0.16894
949,0.18217
950,0.21446
951,0.14051
952,0.09033
953,0.02673
954,0.0
955,0.0
956,0.0
957,0.0
958,0.0
959,0.0
960,0.0
961,0.0
962,0.0
963,0.0
964,0.0
965,0.0
966,0.00344
967,0.06909
968,0.12579
969,0.18575
970,0.18599000000000002
971,0.16921
972,0.13034
973,0.17632
974,0.17465
975,0.15059999999999998
976,0.08399
977,0.02091
978,0.0
979,0.0
980,0.0
981,0.0
982,0.0
983,0.0
984,0.0
985,0.0
986,0.0
987,0.0
988,0.0
989,0.0
990,0.00309
991,0.04958
992,0.07377
993,0.12440000000000001
994,0.20957
995,0.18471
996,0.21844
997,0.24079
998,0.18869999999999998
999,0.14665
1000,0.09351999999999999
1001,0.02497
1002,0.0
1003,0.0
1004,0.0
1005,0.0
1006,0.0
1007,0.0
1008,0.0
1009,0.0
1010,0.0
1011,0.0
1012,0.0
1013,0.0
1014,0.00228
1015,0.05391
1016,0.15328999999999998
1017,0.20557
1018,0.23998
1019,0.31245999999999996
1020,0.22535
1021,0.2736
1022,0.17122
1023,0.18841
1024,0.08008
1025,0.01835
1026,0.0
1027,0.0
1028,0.0
1029,0.0
1030,0.0
1031,0.0
1032,0.0
1033,0.0
1034,0.0
1035,0.0
1036,0.0
1037,0.0
1038,0.00483
1039,0.07043
1040,0.13663
1041,0.18441
1042,0.23255
1043,0.23852
1044,0.17972
1045,0.15559
1046,0.16523
1047,0.10536
1048,0.10452
1049,0.02034
1050,0.0
1051,0.0
1052,0.0
1053,0.0
1054,0.0
1055,0.0
1056,0.0
1057,0.0
1058,0.0
1059,0.0
1060,0.0
1061,0.0
1062,0.0024300000000000003
1063,0.04783
1064,0.11495999999999999
1065,0.13923
1066,0.20839
1067,0.21472
1068,0.26388
1069,0.2702
1070,0.15975999999999999
1071,0.1151
1072,0.08279
1073,0.02106
1074,0.0
1075,0.0
1076,0.0
1077,0.0
1078,0.0
1079,0.0
1080,0.0
1081,0.0
1082,0.0
1083,0.0
1084,0.0
1085,0.0
1086,0.00115
1087,0.04625
1088,0.0892
1089,0.09720000000000001
1090,0.17059
1091,0.15938
1092,0.26319
1093,0.17492
1094,0.17933000000000002
1095,0.11422
1096,0.05069
1097,0.02625
1098,0.0
1099,0.0
1100,0.0
1101,0.0
1102,0.0
1103,0.0
1104,0.0
1105,0.0
1106,0.0
1107,0.0
1108,0.0
1109,0.0
1110,0.0009
1111,0.03617
1112,0.10848000000000001
1113,0.14159
1114,0.12972
1115,0.18546
1116,0.21828
1117,0.18471
1118,0.17976
1119,0.11481999999999999
1120,0.06935
1121,0.01654
1122,0.0
1123,0.0
1124,0.0
1125,0.0
1126,0.0
1127,0.0
1128,0.0
1129,0.0
1130,0.0
1131,0.0
1132,0.0
1133,0.0
1134,0.0018700000000000001
1135,0.04079
1136,0.10122
1137,0.10815000000000001
1138,0.129
1139,0.15688
1140,0.1265
1141,0.12688
1142,0.14529
1143,0.11217
1144,0.05767
1145,0.02262
1146,0.0
1147,0.0
1148,0.0
1149,0.0
1150,0.0
1151,0.0
1152,0.0
1153,0.0
1154,0.0
1155,0.0
1156,0.0
1157,0.0
1158,0.0014299999999999998
1159,0.04525
1160,0.07754000000000001
1161,0.15836
1162,0.16296000000000002
1163,0.19306
1164,0.16721
1165,0.1795
1166,0.14463
1167,0.13971
1168,0.09849
1169,0.0157
1170,0.0
1171,0.0
1172,0.0
1173,0.0
1174,0.0
1175,0.0
1176,0.0
1177,0.0
1178,0.0
1179,0.0
1180,0.0
1181,0.0
1182,0.00259
1183,0.03347
1184,0.11687
1185,0.1664
1186,0.15632
1187,0.14523
1188,0.23908000000000001
1189,0.24103
1190,0.17946
1191,0.13525
1192,0.0729
1193,0.02386
1194,0.0
1195,0.0
1196,0.0
1197,0.0
1198,0.0
1199,0.0
1200,0.0
1201,0.0
1202,0.0
1203,0.0
1204,0.0
1205,0.0
1206,0.00276
1207,0.03098
1208,0.05063
1209,0.08206000000000001
1210,0.1361
1211,0.14072
1212,0.26222
1213,0.19372
1214,0.19166
1215,0.14858000000000002
1216,0.07795
1217,0.00897
1218,0.0
1219,0.0
1220,0.0
1221,0.0
1222,0.0
1223,0.0
1224,0.0
1225,0.0
1226,0.0
1227,0.0
1228,0.0
1229,0.0
1230,0.00174
1231,0.0303
1232,0.10657
1233,0.11716
1234,0.21364
1235,0.17886000000000002
1236,0.18715
1237,0.23266
1238,0.13495
1239,0.11116
1240,0.07981
1241,0.027829999999999997
1242,0.0
1243,0.0
1244,0.0
1245,0.0
1246,0.0
1247,0.0
1248,0.0
1249,0.0
1250,0.0
1251,0.0
1252,0.0
1253,0.0
1254,0.0
1255,0.02413
1256,0.05239
1257,0.07895999999999999
1258,0.20726
1259,0.15991999999999998
1260,0.21295
1261,0.16498
1262,0.11985
1263,0.08037000000000001
1264,0.07648999999999999
1265,0.02256
1266,0.0
1267,0.0
1268,0.0
1269,0.0
1270,0.0
1271,0.0
1272,0.0
1273,0.0
1274,0.0
1275,0.0
1276,0.0
1277,0.0
1278,0.00337
1279,0.03886
1280,0.10013
1281,0.08214
1282,0.20036
1283,0.25113
1284,0.19327
1285,0.16922
1286,0.15547999999999998
1287,0.10101
1288,0.07829000000000001
1289,0.030780000000000002
1290,0.0
1291,0.0
1292,0.0
1293,0.0
1294,0.0
1295,0.0
1296,0.0
1297,0.0
1298,0.0
1299,0.0
1300,0.0
1301,0.0
1302,0.00425
1303,0.049909999999999996
1304,0.09719
1305,0.09373999999999999
1306,0.14156
1307,0.1475
1308,0.11204
1309,0.08681
1310,0.14113
1311,0.08866
1312,0.06668
1313,0.02896
1314,0.0
1315,0.0
1316,0.0
1317,0.0
1318,0.0
1319,0.0
1320,0.0
1321,0.0
1322,0.0
1323,0.0
1324,0.0
1325,0.0
1326,0.0011200000000000001
1327,0.03816
1328,0.08707
1329,0.11724
1330,0.17947
1331,0.19277
1332,0.21365
1333,0.15785
1334,0.13219
1335,0.09983
1336,0.07175
1337,0.01617
1338,0.0
1339,0.0
1340,0.0
1341,0.0
1342,0.0
1343,0.0
1344,0.0
1345,0.0
1346,0.0
1347,0.0
1348,0.0
1349,0.0
1350,0.004030000000000001
1351,0.0712
1352,0.08724
1353,0.10136
1354,0.10821
1355,0.17158
1356,0.17704
1357,0.12395
1358,0.10882
1359,0.10192
1360,0.08602
1361,0.022170000000000002
1362,0.0
1363,0.0
1364,0.0
1365,0.0
1366,0.0
1367,0.0
1368,0.0
1369,0.0
1370,0.0
1371,0.0
1372,0.0
1373,0.0
1374,0.00562
1375,0.04951
1376,0.08886
1377,0.1379
1378,0.11154
1379,0.15675
1380,0.09945
1381,0.14931999999999998
1382,0.14743
1383,0.12683
1384,0.08689
1385,0.04375
1386,0.0
1387,0.0
1388,0.0
1389,0.0
1390,0.0
1391,0.0
1392,0.0
1393,0.0
1394,0.0
1395,0.0
1396,0.0
1397,0.0
1398,0.00418
1399,0.04144
1400,0.09048
1401,0.11359999999999999
1402,0.1128
1403,0.12982
1404,0.21493
1405,0.1775
1406,0.13481
1407,0.16272999999999999
1408,0.08675
1409,0.03811
1410,0.0
1411,0.0
1412,0.0
1413,0.0
1414,0.0
1415,0.0
1416,0.0
1417,0.0
1418,0.0
1419,0.0
1420,0.0
1421,0.0
1422,0.00271
1423,0.03766
1424,0.11577
1425,0.12287999999999999
1426,0.15003999999999998
1427,0.21805000000000002
1428,0.30192
1429,0.24788
1430,0.19278
1431,0.17297
1432,0.08393
1433,0.02011
1434,0.0
1435,0.0
1436,0.0
1437,0.0
1438,0.0
1439,0.0
1440,0.0
1441,0.0
1442,0.0
1443,0.0
1444,0.0
1445,0.0
1446,0.00323
1447,0.05712
1448,0.09984
1449,0.12373999999999999
1450,0.14042
1451,0.22903
1452,0.14945
1453,0.22308
1454,0.17577
1455,0.13334000000000001
1456,0.07991
1457,0.0305
1458,0.0
1459,0.0
1460,0.0
1461,0.0
1462,0.0
1463,0.0
1464,0.0
1465,0.0
1466,0.0
1467,0.0
1468,0.0
1469,0.0
1470,0.00307
1471,0.04865
1472,0.08515
1473,0.16441
1474,0.18430000000000002
1475,0.24863
1476,0.18443
1477,0.24908000000000002
1478,0.21752000000000002
1479,0.16625
1480,0.11061
1481,0.032229999999999995
1482,0.0
1483,0.0
1484,0.0
1485,0.0
1486,0.0
1487,0.0
1488,0.0
1489,0.0
1490,0.0
1491,0.0
1492,0.0
1493,0.0
1494,0.00171
1495,0.04899
1496,0.08575
1497,0.13763
1498,0.2109
1499,0.21477000000000002
1500,0.23918999999999999
1501,0.22679
1502,0.20236
1503,0.1626
1504,0.06346
1505,0.02509
1506,0.0
1507,0.0
1508,0.0
1509,0.0
1510,0.0
1511,0.0
1512,0.0
1513,0.0
1514,0.0
1515,0.0
1516,0.0
1517,0.0
1518,0.00088
1519,0.03131
1520,0.0937
1521,0.08226
1522,0.14582
1523,0.22326
1524,0.19118000000000002
1525,0.21744999999999998
1526,0.17414
1527,0.12568000000000001
1528,0.07141
1529,0.0256
1530,0.0
1531,0.0
1532,0.0
1533,0.0
1534,0.0
1535,0.0
1536,0.0
1537,0.0
1538,0.0
1539,0.0
1540,0.0
1541,0.0
1542,0.00382
1543,0.05447
1544,0.13767
1545,0.17959
1546,0.18534
1547,0.24543
1548,0.253
1549,0.31359
1550,0.23531
1551,0.09736
1552,0.07503
1553,0.027579999999999997
1554,0.0
1555,0.0
1556,0.0
1557,0.0
1558,0.0
1559,0.0
1560,0.0
1561,0.0
1562,0.0
1563,0.0
1564,0.0
1565,0.0
1566,0.0
1567,0.01721
1568,0.05303
1569,0.11469
1570,0.07004
1571,0.07496
1572,0.047170000000000004
1573,0.21735
1574,0.19961
1575,0.19333
1576,0.12153
1577,0.02809
1578,0.0
1579,0.0
1580,0.0
1581,0.0
1582,0.0
1583,0.0
1584,0.0
1585,0.0
1586,0.0
1587,0.0
1588,0.0
1589,0.0
1590,0.00331
1591,0.07922
1592,0.15909
1593,0.18073
1594,0.21972999999999998
1595,0.17712999999999998
1596,0.16022999999999998
1597,0.12913999999999998
1598,0.21045
1599,0.11098999999999999
1600,0.06941
1601,0.01115
1602,0.0
1603,0.0
1604,0.0
1605,0.0
1606,0.0
1607,0.0
1608,0.0
1609,0.0
1610,0.0
1611,0.0
1612,0.0
1613,0.0
1614,0.0
1615,0.00539
1616,0.03971
1617,0.10467
1618,0.11087999999999999
1619,0.14776
1620,0.17298
1621,0.18893000000000001
1622,0.13684000000000002
1623,0.11358
1624,0.06686
1625,0.02105
1626,0.0
1627,0.0
1628,0.0
1629,0.0
1630,0.0
1631,0.0
1632,0.0
1633,0.0
1634,0.0
1635,0.0
1636,0.0
1637,0.0
1638,0.00743
1639,0.05083
1640,0.12323999999999999
1641,0.16843
1642,0.11362
1643,0.2068
1644,0.16237000000000001
1645,0.20491
1646,0.2064
1647,0.12753
1648,0.09232
1649,0.027690000000000003
1650,0.0
1651,0.0
1652,0.0
1653,0.0
1654,0.0
1655,0.0
1656,0.0
1657,0.0
1658,0.0
1659,0.0
1660,0.0
1661,0.0
1662,0.0
1663,0.01731
1664,0.04231
1665,0.10579999999999999
1666,0.14131
1667,0.15972
1668,0.10204
1669,0.17822
1670,0.18997999999999998
1671,0.10671
1672,0.06523000000000001
1673,0.02056
1674,0.0
1675,0.0
1676,0.0
1677,0.0
1678,0.0
1679,0.0
1680,0.0
1681,0.0
1682,0.0
1683,0.0
1684,0.0
1685,0.0
1686,0.0066
1687,0.0742
1688,0.14162
1689,0.1664
1690,0.19549
1691,0.21278999999999998
1692,0.28485000000000005
1693,0.28772000000000003
1694,0.27218000000000003
1695,0.1489
1696,0.10288
1697,0.031120000000000002
1698,0.0
1699,0.0
1700,0.0
1701,0.0
1702,0.0
1703,0.0
1704,0.0
1705,0.0
1706,0.0
1707,0.0
1708,0.0
1709,0.0
1710,0.00588
1711,0.04531
1712,0.13356
1713,0.20905
1714,0.18656999999999999
1715,0.2968
1716,0.30074
1717,0.16194999999999998
1718,0.17561000000000002
1719,0.14629
1720,0.09968
1721,0.018699999999999998
1722,0.0
1723,0.0
1724,0.0
1725,0.0
1726,0.0
1727,0.0
1728,0.0
1729,0.0
1730,0.0
1731,0.0
1732,0.0
1733,0.0
1734,0.00873
1735,0.06781999999999999
1736,0.12651
1737,0.1318
1738,0.17671
1739,0.19341999999999998
1740,0.29558
1741,0.20546
1742,0.1687
1743,0.12089
1744,0.08968000000000001
1745,0.0221
1746,0.0
1747,0.0
1748,0.0
1749,0.0
1750,0.0
1751,0.0
1752,0.0
1753,0.0
1754,0.0
1755,0.0
1756,0.0
1757,0.0
1758,0.0030299999999999997
1759,0.03644
1760,0.08011
1761,0.19669
1762,0.20638
1763,0.22894
1764,0.20133
1765,0.22632
1766,0.20063999999999999
1767,0.19263999999999998
1768,0.08574
1769,0.03164
1770,0.0
1771,0.0
1772,0.0
1773,0.0
1774,0.0
1775,0.0
1776,0.0
1777,0.0
1778,0.0
1779,0.0
1780,0.0
1781,0.0
1782,0.00404
1783,0.05896
1784,0.11372
1785,0.18841999999999998
1786,0.15940000000000001
1787,0.15716999999999998
1788,0.18400999999999998
1789,0.20159
1790,0.19486
1791,0.14404
1792,0.10984999999999999
1793,0.026510000000000002
1794,0.0
1795,0.0
1796,0.0
1797,0.0
1798,0.0
1799,0.0
1800,0.0
1801,0.0
1802,0.0
1803,0.0
1804,0.0
1805,0.0
1806,0.0072
1807,0.06395
1808,0.09284
1809,0.12642
1810,0.10255
1811,0.13566999999999999
1812,0.16677
1813,0.19566
1814,0.15480000000000002
1815,0.16097999999999998
1816,0.039630000000000006
1817,0.02237
1818,0.0
1819,0.0
1820,0.0
1821,0.0
1822,0.0
1823,0.0
1824,0.0
1825,0.0
1826,0.0
1827,0.0
1828,0.0
1829,0.0
1830,0.00623
1831,0.03315
1832,0.09097
1833,0.13147999999999999
1834,0.16305
1835,0.22347999999999998
1836,0.23352
1837,0.21584
1838,0.19591
1839,0.11415
1840,0.11574
1841,0.030690000000000002
1842,0.0
1843,0.0
1844,0.0
1845,0.0
1846,0.0
1847,0.0
1848,0.0
1849,0.0
1850,0.0
1851,0.0
1852,0.0
1853,0.0
1854,0.00824
1855,0.08644
1856,0.0927
1857,0.07214
1858,0.07062
1859,0.13515
1860,0.18309
1861,0.23128
1862,0.16538
1863,0.17709
1864,0.07412
1865,0.02576
1866,0.0
1867,0.0
1868,0.0
1869,0.0
1870,0.0
1871,0.0
1872,0.0
1873,0.0
1874,0.0
1875,0.0
1876,0.0
1877,0.0
1878,0.0089
1879,0.06518
1880,0.14072
1881,0.09081
1882,0.13273
1883,0.17086
1884,0.28986
1885,0.23743999999999998
1886,0.18078999999999998
1887,0.14717
1888,0.06396
1889,0.020370000000000003
1890,0.0
1891,0.0
1892,0.0
1893,0.0
1894,0.0
1895,0.0
1896,0.0
1897,0.0
1898,0.0
1899,0.0
1900,0.0
1901,0.0
1902,0.010369999999999999
1903,0.08045999999999999
1904,0.09115999999999999
1905,0.09209
1906,0.10771
1907,0.15794
1908,0.11516
1909,0.15935
1910,0.20664
1911,0.13141999999999998
1912,0.0839
1913,0.02953
1914,0.0
1915,0.0
1916,0.0
1917,0.0
1918,0.0
1919,0.0
1920,0.0
1921,0.0
1922,0.0
1923,0.0
1924,0.0
1925,0.0
1926,0.01106
1927,0.08653
1928,0.14657
1929,0.13946
1930,0.18941
1931,0.18128
1932,0.16012
1933,0.1695
1934,0.1683
1935,0.14064
1936,0.07786
1937,0.01252
1938,0.0
1939,0.0
1940,0.0
1941,0.0
1942,0.0
1943,0.0
1944,0.0
1945,0.0
1946,0.0
1947,0.0
1948,0.0
1949,0.0
1950,0.009689999999999999
1951,0.06032
1952,0.17475
1953,0.15827000000000002
1954,0.16633
1955,0.17256
1956,0.21631999999999998
1957,0.21412
1958,0.2199
1959,0.17071
1960,0.09708
1961,0.02091
1962,0.0
1963,0.0
1964,0.0
1965,0.0
1966,0.0
1967,0.0
1968,0.0
1969,0.0
1970,0.0
1971,0.0
1972,0.0
1973,0.0
1974,0.00423
1975,0.05824
1976,0.10172
1977,0.13731000000000002
1978,0.14675
1979,0.18987
1980,0.20896
1981,0.23292
1982,0.21248
1983,0.13313999999999998
1984,0.05796
1985,0.0067
1986,0.0
1987,0.0
1988,0.0
1989,0.0
1990,0.0
1991,0.0
1992,0.0
1993,0.0
1994,0.0
1995,0.0
1996,0.0
1997,0.0
1998,0.00411
1999,0.04109
2000,0.10237
2001,0.13568
2002,0.14203
2003,0.1714
2004,0.22574
2005,0.15130000000000002
2006,0.2037
2007,0.11749
2008,0.07757
2009,0.01815
2010,0.0
2011,0.0
2012,0.0
2013,0.0
2014,0.0
2015,0.0
2016,0.0
2017,0.0
2018,0.0
2019,0.0
2020,0.0
2021,0.0
2022,0.008320000000000001
2023,0.06775
2024,0.09748
2025,0.12459
2026,0.18449000000000002
2027,0.18728999999999998
2028,0.29957
2029,0.18975
2030,0.24065999999999999
2031,0.11241
2032,0.05718
2033,0.0076100000000000004
2034,0.0
2035,0.0
2036,0.0
2037,0.0
2038,0.0
2039,0.0
2040,0.0
2041,0.0
2042,0.0
2043,0.0
2044,0.0
2045,0.0
2046,0.007980000000000001
2047,0.07228
2048,0.13763
2049,0.19783
2050,0.25703
2051,0.27677999999999997
2052,0.27388999999999997
2053,0.14273
2054,0.15647
2055,0.12407
2056,0.05662
2057,0.02976
2058,0.0
2059,0.0
2060,0.0
2061,0.0
2062,0.0
2063,0.0
2064,0.0
2065,0.0
2066,0.0
2067,0.0
2068,0.0
2069,0.0
2070,0.00544
2071,0.05296
2072,0.09253
2073,0.11991
2074,0.10884999999999999
2075,0.1785
2076,0.21095
2077,0.15963
2078,0.2056
2079,0.11191
2080,0.09204999999999999
2081,0.0162
2082,0.0
2083,0.0
2084,0.0
2085,0.0
2086,0.0
2087,0.0
2088,0.0
2089,0.0
2090,0.0
2091,0.0
2092,0.0
2093,0.0
2094,0.006549999999999999
2095,0.06222
2096,0.11218
2097,0.19577
2098,0.20398
2099,0.20116
2100,0.24418
2101,0.13005
2102,0.16088
2103,0.13183
2104,0.08502
2105,0.018969999999999997
2106,0.0
2107,0.0
2108,0.0
2109,0.0
2110,0.0
2111,0.0
2112,0.0
2113,0.0
2114,0.0
2115,0.0
2116,0.0
2117,0.0
2118,0.010320000000000001
2119,0.0663
2120,0.15816999999999998
2121,0.14235
2122,0.13435
2123,0.13815
2124,0.15209
2125,0.19911
2126,0.18543
2127,0.13244
2128,0.08179
2129,0.023649999999999997
2130,0.0
2131,0.0
2132,0.0
2133,0.0
2134,0.0
2135,0.0
2136,0.0
2137,0.0
2138,0.0
2139,0.0
2140,0.0
2141,0.0
2142,0.011609999999999999
2143,0.06827
2144,0.10225
2145,0.14205
2146,0.10864
2147,0.17962
2148,0.27259
2149,0.21173
2150,0.23405
2151,0.13103
2152,0.08463
2153,0.019289999999999998
2154,0.0
2155,0.0
2156,0.0
2157,0.0
2158,0.0
2159,0.0
2160,0.0
2161,0.0
2162,0.0
2163,0.0
2164,0.0
2165,0.0
2166,0.01191
2167,0.06361
2168,0.10603
2169,0.15636000000000003
2170,0.15904
2171,0.11275
2172,0.13315000000000002
2173,0.11878
2174,0.20326
2175,0.08875
2176,0.04981
2177,0.01039
2178,0.0
2179,0.0
2180,0.0
2181,0.0
2182,0.0
2183,0.0
2184,0.0
2185,0.0
2186,0.0
2187,0.0
2188,0.0
2189,0.0
2190,0.00722
2191,0.06262
2192,0.13781000000000002
2193,0.14955000000000002
2194,0.2099
2195,0.2501
2196,0.24206
2197,0.21374
2198,0.20029
2199,0.11887
2200,0.06381
2201,0.02132
2202,0.0
2203,0.0
2204,0.0
2205,0.0
2206,0.0
2207,0.0
2208,0.0
2209,0.0
2210,0.0
2211,0.0
2212,0.0
2213,0.0
2214,0.01376
2215,0.07687999999999999
2216,0.12611
2217,0.19413999999999998
2218,0.26438
2219,0.20273
2220,0.22429
2221,0.21936000000000003
2222,0.21148
2223,0.10382999999999999
2224,0.07981999999999999
2225,0.02062
2226,0.0
2227,0.0
2228,0.0
2229,0.0
2230,0.0
2231,0.0
2232,0.0
2233,0.0
2234,0.0
2235,0.0
2236,0.0
2237,0.0
2238,0.00948
2239,0.08228
2240,0.15037
2241,0.19665000000000002
2242,0.28435000000000005
2243,0.32233999999999996
2244,0.23763
2245,0.24735
2246,0.1767
2247,0.13306
2248,0.07148
2249,0.019530000000000002
2250,0.0
2251,0.0
2252,0.0
2253,0.0
2254,0.0
2255,0.0
2256,0.0
2257,0.0
2258,0.0
2259,0.0
2260,0.0
2261,0.0
2262,0.01238
2263,0.06283
2264,0.08702
2265,0.09012
2266,0.10357
2267,0.15384
2268,0.14411000000000002
2269,0.26386000000000004
2270,0.23425
2271,0.17549
2272,0.11103
2273,0.02854
2274,0.0
2275,0.0
2276,0.0
2277,0.0
2278,0.0
2279,0.0
2280,0.0
2281,0.0
2282,0.0
2283,0.0
2284,0.0
2285,0.0
2286,0.00786
2287,0.07027
2288,0.13786
2289,0.17872
2290,0.27004
2291,0.22899
2292,0.30505
2293,0.15122
2294,0.10078
2295,0.08621
2296,0.038189999999999995
2297,0.00174
2298,0.0
2299,0.0
2300,0.0
2301,0.0
2302,0.0
2303,0.0
2304,0.0
2305,0.0
2306,0.0
2307,0.0
2308,0.0
2309,0.0
2310,0.00813
2311,0.04846
2312,0.10306
2313,0.15131
2314,0.21728999999999998
2315,0.1426
2316,0.19033
2317,0.18166
2318,0.18234
2319,0.13673
2320,0.07332
2321,0.020460000000000002
2322,0.0
2323,0.0
2324,0.0
2325,0.0
2326,0.0
2327,0.0
2328,0.0
2329,0.0
2330,0.0
2331,0.0
2332,0.0
2333,0.0
2334,0.01581
2335,0.08839
2336,0.14061
2337,0.18377000000000002
2338,0.21633000000000002
2339,0.14425
2340,0.15603
2341,0.09076999999999999
2342,0.10157
2343,0.08579
2344,0.052270000000000004
2345,0.02132
2346,0.0
2347,0.0
2348,0.0
2349,0.0
2350,0.0
2351,0.0
2352,0.0
2353,0.0
2354,0.0
2355,0.0
2356,0.0
2357,0.0
2358,0.00901
2359,0.0498
2360,0.08134000000000001
2361,0.08974
2362,0.14543999999999999
2363,0.11731
2364,0.15209999999999999
2365,0.17046
2366,0.13921
2367,0.13501
2368,0.07755
2369,0.01476
2370,0.0
2371,0.0
2372,0.0
2373,0.0
2374,0.0
2375,0.0
2376,0.0
2377,0.0
2378,0.0
2379,0.0
2380,0.0
2381,0.0
2382,0.01034
2383,0.07184
2384,0.10753
2385,0.15727000000000002
2386,0.18743
2387,0.23326
2388,0.24694999999999998
2389,0.22859000000000002
2390,0.22506
2391,0.18758000000000002
2392,0.09409999999999999
2393,0.02461
2394,0.0
2395,0.0
2396,0.0
2397,0.0
2398,0.0
2399,0.0
2400,0.0
2401,0.0
2402,0.0
2403,0.0
2404,0.0
2405,0.0
2406,0.00718
2407,0.06168
2408,0.08898
2409,0.14158
2410,0.19121000000000002
2411,0.15641999999999998
2412,0.15367
2413,0.24706999999999998
2414,0.23667
2415,0.12639
2416,0.09315999999999999
2417,0.02377
2418,0.0
2419,0.0
2420,0.0
2421,0.0
2422,0.0
2423,0.0
2424,0.0
2425,0.0
2426,0.0
2427,0.0
2428,0.0
2429,0.0
2430,0.00782
2431,0.04086
2432,0.13792
2433,0.14432
2434,0.16535
2435,0.20859
2436,0.17337
2437,0.12828
2438,0.15425
2439,0.12376000000000001
2440,0.07851000000000001
2441,0.02089
2442,0.0
2443,0.0
2444,0.0
2445,0.0
2446,0.0
2447,0.0
2448,0.0
2449,0.0
2450,0.0
2451,0.0
2452,0.0
2453,0.0
2454,0.01076
2455,0.09043999999999999
2456,0.18228
2457,0.21413
2458,0.29543
2459,0.29678
2460,0.24642
2461,0.22291
2462,0.19291999999999998
2463,0.15121
2464,0.08261
2465,0.02867
2466,0.0
2467,0.0
2468,0.0
2469,0.0
2470,0.0
2471,0.0
2472,0.0
2473,0.0
2474,0.0
2475,0.0
2476,0.0
2477,0.0
2478,0.016399999999999998
2479,0.08423
2480,0.17223
2481,0.2505
2482,0.17805
2483,0.16444
2484,0.17107
2485,0.29999000000000003
2486,0.21237
2487,0.1618
2488,0.06669
2489,0.027149999999999997
2490,0.0
2491,0.0
2492,0.0
2493,0.0
2494,0.0
2495,0.0
2496,0.0
2497,0.0
2498,0.0
2499,0.0
2500,0.0
2501,0.0
2502,0.023440000000000003
2503,0.09565
2504,0.18819999999999998
2505,0.22275999999999999
2506,0.26747000000000004
2507,0.23967
2508,0.18599000000000002
2509,0.25941000000000003
2510,0.18757
2511,0.11599
2512,0.06240999999999999
2513,0.01872
2514,0.0
2515,0.0
2516,0.0
2517,0.0
2518,0.0
2519,0.0
2520,0.0
2521,0.0
2522,0.0
2523,0.0
2524,0.0
2525,0.0
2526,0.0077800000000000005
2527,0.07238
2528,0.11785
2529,0.15719999999999998
2530,0.22225999999999999
2531,0.26376
2532,0.33655
2533,0.14517
2534,0.09761
2535,0.04642
2536,0.01445
2537,0.00181
2538,0.0
2539,0.0
2540,0.0
2541,0.0
2542,0.0
2543,0.0
2544,0.0
2545,0.0
2546,0.0
2547,0.0
2548,0.0
2549,0.0
2550,0.01332
2551,0.09570999999999999
2552,0.15168
2553,0.18065
2554,0.2117
2555,0.27754
2556,0.2154
2557,0.25968
2558,0.18728999999999998
2559,0.1205
2560,0.05983
2561,0.011529999999999999
2562,0.0
2563,0.0
2564,0.0
2565,0.0
2566,0.0
2567,0.0
2568,0.0
2569,0.0
2570,0.0
2571,0.0
2572,0.0
2573,0.0
2574,0.02023
2575,0.10568999999999999
2576,0.16169
2577,0.1446
2578,0.23096
2579,0.1961
2580,0.30138
2581,0.16306
2582,0.17341
2583,0.13129
2584,0.07019
2585,0.01575
2586,0.0
2587,0.0
2588,0.0
2589,0.0
2590,0.0
2591,0.0
2592,0.0
2593,0.0
2594,0.0
2595,0.0
2596,0.0
2597,0.0
2598,0.01
2599,0.07054
2600,0.08752
2601,0.13219999999999998
2602,0.09409999999999999
2603,0.09311
2604,0.11782
2605,0.11814
2606,0.10078
2607,0.11678
2608,0.07586
2609,0.02431
2610,0.0
2611,0.0
2612,0.0
2613,0.0
2614,0.0
2615,0.0
2616,0.0
2617,0.0
2618,0.0
2619,0.0
2620,0.0
2621,0.0
2622,0.01126
2623,0.08738
2624,0.12143000000000001
2625,0.074
2626,0.07302
2627,0.08988
2628,0.06576
2629,0.16516
2630,0.16469
2631,0.10457999999999999
2632,0.05829
2633,0.00983
2634,0.0
2635,0.0
2636,0.0
2637,0.0
2638,0.0
2639,0.0
2640,0.0
2641,0.0
2642,0.0
2643,0.0
2644,0.0
2645,0.0
2646,0.00235
2647,0.02921
2648,0.09577
2649,0.10145
2650,0.14622
2651,0.16281
2652,0.22288999999999998
2653,0.23513
2654,0.15794999999999998
2655,0.14337
2656,0.07929
2657,0.02119
2658,0.0
2659,0.0
2660,0.0
2661,0.0
2662,0.0
2663,0.0
2664,0.0
2665,0.0
2666,0.0
2667,0.0
2668,0.0
2669,0.0
2670,0.0052
2671,0.02945
2672,0.08463
2673,0.12539
2674,0.16995
2675,0.21212999999999999
2676,0.22482
2677,0.28863
2678,0.2383
2679,0.19669999999999999
2680,0.07438
2681,0.0195
2682,0.0
2683,0.0
2684,0.0
2685,0.0
2686,0.0
2687,0.0
2688,0.0
2689,0.0
2690,0.0
2691,0.0
2692,0.0
2693,0.0
2694,0.0075899999999999995
2695,0.07306
2696,0.15234999999999999
2697,0.24631
2698,0.29287
2699,0.29428
2700,0.32647000000000004
2701,0.23666
2702,0.19597
2703,0.12502
2704,0.07933
2705,0.015269999999999999
2706,0.0
2707,0.0
2708,0.0
2709,0.0
2710,0.0
2711,0.0
2712,0.0
2713,0.0
2714,0.0
2715,0.0
2716,0.0
2717,0.0
2718,0.01759
2719,0.09334999999999999
2720,0.1183
2721,0.16013999999999998
2722,0.13337000000000002
2723,0.18152000000000001
2724,0.25753
2725,0.32175
2726,0.1961
2727,0.11914
2728,0.07612000000000001
2729,0.015460000000000002
2730,0.0
2731,0.0
2732,0.0
2733,0.0
2734,0.0
2735,0.0
2736,0.0
2737,0.0
2738,0.0
2739,0.0
2740,0.0
2741,0.0
2742,0.02404
2743,0.09237000000000001
2744,0.15194
2745,0.09478
2746,0.11345000000000001
2747,0.12420999999999999
2748,0.21428
2749,0.15565
2750,0.14226
2751,0.1436
2752,0.10232
2753,0.0169
2754,0.0
2755,0.0
2756,0.0
2757,0.0
2758,0.0
2759,0.0
2760,0.0
2761,0.0
2762,0.0
2763,0.0
2764,0.0
2765,0.0
2766,0.02278
2767,0.07178
2768,0.09218000000000001
2769,0.10618000000000001
2770,0.13638
2771,0.11677
2772,0.11548
2773,0.22041999999999998
2774,0.12896000000000002
2775,0.11319
2776,0.08389
2777,0.02238
2778,0.0
2779,0.0
2780,0.0
2781,0.0
2782,0.0
2783,0.0
2784,0.0
2785,0.0
2786,0.0
2787,0.0
2788,0.0
2789,0.0
2790,0.0128
2791,0.07054
2792,0.09320999999999999
2793,0.08498
2794,0.15367
2795,0.19588999999999998
2796,0.12533
2797,0.18492
2798,0.10968000000000001
2799,0.08861
2800,0.06665
2801,0.01693
2802,0.0
2803,0.0
2804,0.0
2805,0.0
2806,0.0
2807,0.0
2808,0.0
2809,0.0
2810,0.0
2811,0.0
2812,0.0
2813,0.0
2814,0.009470000000000001
2815,0.028489999999999998
2816,0.05645
2817,0.15599000000000002
2818,0.15187
2819,0.19158
2820,0.14867
2821,0.14787
2822,0.20072
2823,0.15478999999999998
2824,0.09031
2825,0.01205
2826,0.0
2827,0.0
2828,0.0
2829,0.0
2830,0.0
2831,0.0
2832,0.0
2833,0.0
2834,0.0
2835,0.0
2836,0.0
2837,0.0
2838,0.01767
2839,0.05862
2840,0.11031
2841,0.16613999999999998
2842,0.18600999999999998
2843,0.20323
2844,0.24856999999999999
2845,0.25668
2846,0.18094
2847,0.13241
2848,0.05891
2849,0.013609999999999999
2850,0.0
2851,0.0
2852,0.0
2853,0.0
2854,0.0
2855,0.0
2856,0.0
2857,0.0
2858,0.0
2859,0.0
2860,0.0
2861,0.0
2862,0.018609999999999998
2863,0.07102
2864,0.0978
2865,0.13294
2866,0.15808000000000003
2867,0.26194
2868,0.3068
2869,0.21797
2870,0.16685
2871,0.12862
2872,0.08173
2873,0.02149
2874,0.0
2875,0.0
2876,0.0
2877,0.0
2878,0.0
2879,0.0
2880,0.0
2881,0.0
2882,0.0
2883,0.0
2884,0.0
2885,0.0
2886,0.01418
2887,0.06761
2888,0.09464
2889,0.13508
2890,0.11331000000000001
2891,0.10740999999999999
2892,0.18988
2893,0.15341
2894,0.21469
2895,0.13083
2896,0.07175
2897,0.01234
2898,0.0
2899,0.0
2900,0.0
2901,0.0
2902,0.0
2903,0.0
2904,0.0
2905,0.0
2906,0.0
2907,0.0
2908,0.0
2909,0.0
2910,0.02209
2911,0.08123000000000001
2912,0.09828
2913,0.08378000000000001
2914,0.09911
2915,0.09469
2916,0.09423000000000001
2917,0.15730000000000002
2918,0.12783
2919,0.11453
2920,0.08419
2921,0.019710000000000002
2922,0.0
2923,0.0
2924,0.0
2925,0.0
2926,0.0
2927,0.0
2928,0.0
2929,0.0
2930,0.0
2931,0.0
2932,0.0
2933,0.0
2934,0.01688
2935,0.06118
2936,0.09384
2937,0.09376999999999999
2938,0.08528
2939,0.09924
2940,0.1157
2941,0.19147
2942,0.22928
2943,0.14662999999999998
2944,0.07409
2945,0.02011
2946,0.0
2947,0.0
2948,0.0
2949,0.0
2950,0.0
2951,0.0
2952,0.0
2953,0.0
2954,0.0
2955,0.0
2956,0.0
2957,0.0
2958,0.02872
2959,0.10291
2960,0.07823000000000001
2961,0.08463
2962,0.10087
2963,0.11377
2964,0.12799
2965,0.15314
2966,0.16823
2967,0.1183
2968,0.08484
2969,0.02004
2970,0.0
2971,0.0
2972,0.0
2973,0.0
2974,0.0
2975,0.0
2976,0.0
2977,0.0
2978,0.0
2979,0.0
2980,0.0
2981,0.0
2982,0.0208
2983,0.10308
2984,0.10712
2985,0.17552
2986,0.1746
2987,0.14789
2988,0.22244
2989,0.22376
2990,0.19391
2991,0.18103
2992,0.09952
2993,0.02316
2994,0.0
2995,0.0
2996,0.0
2997,0.0
2998,0.0
2999,0.0
3000,0.0
3001,0.0
3002,0.0
3003,0.0
3004,0.0
3005,0.0
3006,0.02325
3007,0.11238
3008,0.19141999999999998
3009,0.23957
3010,0.27493
3011,0.2558
3012,0.19138999999999998
3013,0.2622
3014,0.1451
3015,0.12774
3016,0.03496
3017,0.01011
3018,0.0
3019,0.0
3020,0.0
3021,0.0
3022,0.0
3023,0.0
3024,0.0
3025,0.0
3026,0.0
3027,0.0
3028,0.0
3029,0.0
3030,0.0111
3031,0.07708
3032,0.14659
3033,0.23958000000000002
3034,0.19432
3035,0.22447999999999999
3036,0.26783999999999997
3037,0.15494
3038,0.15536000000000003
3039,0.16334
3040,0.061939999999999995
3041,0.01832
3042,0.0
3043,0.0
3044,0.0
3045,0.0
3046,0.0
3047,0.0
3048,0.0
3049,0.0
3050,0.0
3051,0.0
3052,0.0
3053,0.0
3054,0.01534
3055,0.08931
3056,0.13477
3057,0.15428
3058,0.19845
3059,0.13041
3060,0.15725999999999998
3061,0.18487
3062,0.19154
3063,0.17388
3064,0.10271
3065,0.01706
3066,0.0
3067,0.0
3068,0.0
3069,0.0
3070,0.0
3071,0.0
3072,0.0
3073,0.0
3074,0.0
3075,0.0
3076,0.0
3077,0.0
3078,0.01661
3079,0.10920999999999999
3080,0.19646
3081,0.19038
3082,0.19011
3083,0.21588
3084,0.26568
3085,0.2535
3086,0.22355
3087,0.17723
3088,0.09916
3089,0.022629999999999997
3090,0.0
3091,0.0
3092,0.0
3093,0.0
3094,0.0
3095,0.0
3096,0.0
3097,0.0
3098,0.0
3099,0.0
3100,0.0
3101,0.0
3102,0.00741
3103,0.052590000000000005
3104,0.07536
3105,0.08226
3106,0.07686
3107,0.09365000000000001
3108,0.18078999999999998
3109,0.25409
3110,0.17735
3111,0.14112
3112,0.07862000000000001
3113,0.02019
3114,0.0
3115,0.0
3116,0.0
3117,0.0
3118,0.0
3119,0.0
3120,0.0
3121,0.0
3122,0.0
3123,0.0
3124,0.0
3125,0.0
3126,0.01526
3127,0.09813
3128,0.1201
3129,0.18930000000000002
3130,0.20451
3131,0.2317
3132,0.20151
3133,0.22653
3134,0.22038999999999997
3135,0.08066
3136,0.062130000000000005
3137,0.01291
3138,0.0
3139,0.0
3140,0.0
3141,0.0
3142,0.0
3143,0.0
3144,0.0
3145,0.0
3146,0.0
3147,0.0
3148,0.0
3149,0.0
3150,0.02255
3151,0.07055
3152,0.13002
3153,0.19093000000000002
3154,0.18478
3155,0.24269
3156,0.25312
3157,0.14249
3158,0.20667
3159,0.11089
3160,0.061869999999999994
3161,0.01056
3162,0.0
3163,0.0
3164,0.0
3165,0.0
3166,0.0
3167,0.0
3168,0.0
3169,0.0
3170,0.0
3171,0.0
3172,0.0
3173,0.0
3174,0.012150000000000001
3175,0.06620000000000001
3176,0.10690000000000001
3177,0.20595
3178,0.2339
3179,0.20959
3180,0.26026
3181,0.21850999999999998
3182,0.19193000000000002
3183,0.12367
3184,0.0728
3185,0.02159
3186,0.0
3187,0.0
3188,0.0
3189,0.0
3190,0.0
3191,0.0
3192,0.0
3193,0.0
3194,0.0
3195,0.0
3196,0.0
3197,0.0
3198,0.00256
3199,0.047159999999999994
3200,0.08402
3201,0.11456999999999999
3202,0.14618
3203,0.15934
3204,0.28933
3205,0.21506
3206,0.21534
3207,0.09508
3208,0.06694
3209,0.0156
3210,0.0
3211,0.0
3212,0.0
3213,0.0
3214,0.0
3215,0.0
3216,0.0
3217,0.0
3218,0.0
3219,0.0
3220,0.0
3221,0.0
3222,0.01236
3223,0.08042
3224,0.14327
3225,0.22399000000000002
3226,0.20987999999999998
3227,0.26862
3228,0.18547
3229,0.17413
3230,0.21331999999999998
3231,0.04789
3232,0.04355
3233,0.00649
3234,0.0
3235,0.0
3236,0.0
3237,0.0
3238,0.0
3239,0.0
3240,0.0
3241,0.0
3242,0.0
3243,0.0
3244,0.0
3245,0.0
3246,0.00697
3247,0.06357
3248,0.16168000000000002
3249,0.22569
3250,0.27503
3251,0.27641000000000004
3252,0.2879
3253,0.23456
3254,0.21416
3255,0.1427
3256,0.06055
3257,0.01796
3258,0.0
3259,0.0
3260,0.0
3261,0.0
3262,0.0
3263,0.0
3264,0.0
3265,0.0
3266,0.0
3267,0.0
3268,0.0
3269,0.0
3270,0.02116
3271,0.0541
3272,0.08318
3273,0.10961
3274,0.15475999999999998
3275,0.08561
3276,0.08998
3277,0.12011
3278,0.11431999999999999
3279,0.09067
3280,0.07229000000000001
3281,0.022940000000000002
3282,0.0
3283,0.0
3284,0.0
3285,0.0
3286,0.0
3287,0.0
3288,0.0
3289,0.0
3290,0.0
3291,0.0
3292,0.0
3293,0.0
3294,0.016309999999999998
3295,0.04668
3296,0.077
3297,0.06129
3298,0.09038
3299,0.09527
3300,0.10038
3301,0.14451
3302,0.07565000000000001
3303,0.11195000000000001
3304,0.07099
3305,0.01618
3306,0.0
3307,0.0
3308,0.0
3309,0.0
3310,0.0
3311,0.0
3312,0.0
3313,0.0
3314,0.0
3315,0.0
3316,0.0
3317,0.0
3318,0.02223
3319,0.11136
3320,0.15292
3321,0.13806000000000002
3322,0.10054
3323,0.16573
3324,0.26431
3325,0.2333
3326,0.19397
3327,0.13102
3328,0.09207
3329,0.01982
3330,0.0
3331,0.0
3332,0.0
3333,0.0
3334,0.0
3335,0.0
3336,0.0
3337,0.0
3338,0.0
3339,0.0
3340,0.0
3341,0.0
3342,0.009810000000000001
3343,0.06456
3344,0.11565
3345,0.18616999999999997
3346,0.27620999999999996
3347,0.28139
3348,0.25424
3349,0.23339
3350,0.20715
3351,0.08817
3352,0.0492
3353,0.01139
3354,0.0
3355,0.0
3356,0.0
3357,0.0
3358,0.0
3359,0.0
3360,0.0
3361,0.0
3362,0.0
3363,0.0
3364,0.0
3365,0.0
3366,0.0065
3367,0.06322
3368,0.07262
3369,0.14597
3370,0.21373
3371,0.12986
3372,0.31277999999999995
3373,0.12799
3374,0.21368
3375,0.11942
3376,0.08117
3377,0.013710000000000002
3378,0.0
3379,0.0
3380,0.0
3381,0.0
3382,0.0
3383,0.0
3384,0.0
3385,0.0
3386,0.0
3387,0.0
3388,0.0
3389,0.0
3390,0.0018
3391,0.01543
3392,0.07557
3393,0.11777
3394,0.23474
3395,0.2727
3396,0.18903
3397,0.12996000000000002
3398,0.16858
3399,0.08129
3400,0.08954999999999999
3401,0.015130000000000001
3402,0.0
3403,0.0
3404,0.0
3405,0.0
3406,0.0
3407,0.0
3408,0.0
3409,0.0
3410,0.0
3411,0.0
3412,0.0
3413,0.0
3414,0.00045
3415,0.01168
3416,0.04607
3417,0.12049
3418,0.18768
3419,0.15797999999999998
3420,0.3029
3421,0.14227
3422,0.09558
3423,0.11739
3424,0.04804
3425,0.01236
3426,0.0
3427,0.0
3428,0.0
3429,0.0
3430,0.0
3431,0.0
3432,0.0
3433,0.0
3434,0.0
3435,0.0
3436,0.0
3437,0.0
3438,0.01905
3439,0.060770000000000005
3440,0.10039000000000001
3441,0.12512
3442,0.15409
3443,0.10926000000000001
3444,0.15603
3445,0.13441999999999998
3446,0.13484000000000002
3447,0.09467
3448,0.069
3449,0.01754
3450,0.0
3451,0.0
3452,0.0
3453,0.0
3454,0.0
3455,0.0
3456,0.0
3457,0.0
3458,0.0
3459,0.0
3460,0.0
3461,0.0
3462,0.00813
3463,0.06273
3464,0.05589
3465,0.1707
3466,0.24528
3467,0.25293
3468,0.20948
3469,0.26021
3470,0.20589
3471,0.127
3472,0.0688
3473,0.013810000000000001
3474,0.0
3475,0.0
3476,0.0
3477,0.0
3478,0.0
3479,0.0
3480,0.0
3481,0.0
3482,0.0
3483,0.0
3484,0.0
3485,0.0
3486,0.012060000000000001
3487,0.056600000000000004
3488,0.11417000000000001
3489,0.13798
3490,0.1672
3491,0.16605
3492,0.26389999999999997
3493,0.24743
3494,0.16088999999999998
3495,0.09666
3496,0.06962
3497,0.01271
3498,0.0
3499,0.0
3500,0.0
3501,0.0
3502,0.0
3503,0.0
3504,0.0
3505,0.0
3506,0.0
3507,0.0
3508,0.0
3509,0.0
3510,0.011640000000000001
3511,0.06708
3512,0.09256
3513,0.10499
3514,0.10091
3515,0.15672
3516,0.13616999999999999
3517,0.13168000000000002
3518,0.16672
3519,0.12236
3520,0.08818000000000001
3521,0.0176
3522,0.0
3523,0.0
3524,0.0
3525,0.0
3526,0.0
3527,0.0
3528,0.0
3529,0.0
3530,0.0
3531,0.0
3532,0.0
3533,0.0
3534,0.01303
3535,0.04721
3536,0.07147
3537,0.15771000000000002
3538,0.18784
3539,0.21181999999999998
3540,0.20512
3541,0.21089
3542,0.20538
3543,0.13964
3544,0.08611
3545,0.02511
3546,0.0
3547,0.0
3548,0.0
3549,0.0
3550,0.0
3551,0.0
3552,0.0
3553,0.0
3554,0.0
3555,0.0
3556,0.0
3557,0.0
3558,0.01503
3559,0.0572
3560,0.12434
3561,0.09278
3562,0.15930000000000002
3563,0.15419
3564,0.19966
3565,0.25188
3566,0.14571
3567,0.11111
3568,0.053770000000000005
3569,0.01129
3570,0.0
3571,0.0
3572,0.0
3573,0.0
3574,0.0
3575,0.0
3576,0.0
3577,0.0
3578,0.0
3579,0.0
3580,0.0
3581,0.0
3582,0.00982
3583,0.06744
3584,0.07454000000000001
3585,0.1545
3586,0.17288
3587,0.16831000000000002
3588,0.2095
3589,0.13486
3590,0.18791999999999998
3591,0.1402
3592,0.06458
3593,0.027559999999999998
3594,0.0
3595,0.0
3596,0.0
3597,0.0
3598,0.0
3599,0.0
3600,0.0
3601,0.0
3602,0.0
3603,0.0
3604,0.0
3605,0.0
3606,0.00917
3607,0.07662000000000001
3608,0.12072
3609,0.14815
3610,0.24863
3611,0.31285
3612,0.25776
3613,0.24913
3614,0.2085
3615,0.10497
3616,0.08258
3617,0.01852
3618,0.0
3619,0.0
3620,0.0
3621,0.0
3622,0.0
3623,0.0
3624,0.0
3625,0.0
3626,0.0
3627,0.0
3628,0.0
3629,0.0
3630,0.004860000000000001
3631,0.044109999999999996
3632,0.11055
3633,0.11895
3634,0.21059
3635,0.21108000000000002
3636,0.17398
3637,0.23585
3638,0.15730000000000002
3639,0.10273
3640,0.05603
3641,0.01591
3642,0.0
3643,0.0
3644,0.0
3645,0.0
3646,0.0
3647,0.0
3648,0.0
3649,0.0
3650,0.0
3651,0.0
3652,0.0
3653,0.0
3654,0.00437
3655,0.07261
3656,0.15425999999999998
3657,0.1732
3658,0.24415
3659,0.28839
3660,0.27847000000000005
3661,0.25795999999999997
3662,0.23156000000000002
3663,0.14421
3664,0.08264
3665,0.02497
3666,0.0
3667,0.0
3668,0.0
3669,0.0
3670,0.0
3671,0.0
3672,0.0
3673,0.0
3674,0.0
3675,0.0
3676,0.0
3677,0.0
3678,0.01235
3679,0.04945
3680,0.08223
3681,0.11573
3682,0.21638
3683,0.17685
3684,0.21603
3685,0.151
3686,0.13004
3687,0.14289
3688,0.0496
3689,0.0167
3690,0.0
3691,0.0
3692,0.0
3693,0.0
3694,0.0
3695,0.0
3696,0.0
3697,0.0
3698,0.0
3699,0.0
3700,0.0
3701,0.0
3702,0.02166
3703,0.07145
3704,0.1752
3705,0.21283000000000002
3706,0.24836000000000003
3707,0.16319
3708,0.27863
3709,0.25264
3710,0.16507
3711,0.13907
3712,0.06873
3713,0.02417
3714,0.0
3715,0.0
3716,0.0
3717,0.0
3718,0.0
3719,0.0
3720,0.0
3721,0.0
3722,0.0
3723,0.0
3724,0.0
3725,0.0
3726,0.02312
3727,0.0935
3728,0.12888
3729,0.15833000000000003
3730,0.17999
3731,0.13982
3732,0.12075
3733,0.19238
3734,0.25045
3735,0.10632
3736,0.06588
3737,0.02009
3738,0.0
3739,0.0
3740,0.0
3741,0.0
3742,0.0
3743,0.0
3744,0.0
3745,0.0
3746,0.0
3747,0.0
3748,0.0
3749,0.0
3750,0.01148
3751,0.060829999999999995
3752,0.10970999999999999
3753,0.16065000000000002
3754,0.15991
3755,0.20532
3756,0.26150999999999996
3757,0.15897
3758,0.16032
3759,0.09526000000000001
3760,0.09136
3761,0.00899
3762,0.0
3763,0.0
3764,0.0
3765,0.0
3766,0.0
3767,0.0
3768,0.0
3769,0.0
3770,0.0
3771,0.0
3772,0.0
3773,0.0
3774,0.0127
3775,0.06536
3776,0.10959
3777,0.11791
3778,0.12373999999999999
3779,0.24259
3780,0.24097
3781,0.27349
3782,0.16373
3783,0.11923
3784,0.06873
3785,0.0245
3786,0.0
3787,0.0
3788,0.0
3789,0.0
3790,0.0
3791,0.0
3792,0.0
3793,0.0
3794,0.0
3795,0.0
3796,0.0
3797,0.0
3798,0.018609999999999998
3799,0.06232
3800,0.10457
3801,0.11517000000000001
3802,0.17001
3803,0.24083000000000002
3804,0.2615
3805,0.22732
3806,0.21428999999999998
3807,0.17245
3808,0.06612
3809,0.01905
3810,0.0
3811,0.0
3812,0.0
3813,0.0
3814,0.0
3815,0.0
3816,0.0
3817,0.0
3818,0.0
3819,0.0
3820,0.0
3821,0.0
3822,0.01572
3823,0.09021
3824,0.10542
3825,0.12938
3826,0.18547
3827,0.19621
3828,0.21130000000000002
3829,0.19511
3830,0.1874
3831,0.14517
3832,0.07121
3833,0.02079
3834,0.0
3835,0.0
3836,0.0
3837,0.0
3838,0.0
3839,0.0
3840,0.0
3841,0.0
3842,0.0
3843,0.0
3844,0.0
3845,0.0
3846,0.013349999999999999
3847,0.06904
3848,0.09431
3849,0.10967
3850,0.07614
3851,0.12539
3852,0.21903
3853,0.17152
3854,0.17651
3855,0.13997
3856,0.07475
3857,0.02019
3858,0.0
3859,0.0
3860,0.0
3861,0.0
3862,0.0
3863,0.0
3864,0.0
3865,0.0
3866,0.0
3867,0.0
3868,0.0
3869,0.0
3870,0.020149999999999998
3871,0.07745999999999999
3872,0.12052
3873,0.15103
3874,0.10661
3875,0.08904999999999999
3876,0.08319
3877,0.09387000000000001
3878,0.13093000000000002
3879,0.09613
3880,0.06897
3881,0.02463
3882,0.0
3883,0.0
3884,0.0
3885,0.0
3886,0.0
3887,0.0
3888,0.0
3889,0.0
3890,0.0
3891,0.0
3892,0.0
3893,0.0
3894,0.018690000000000002
3895,0.07305
3896,0.11816
3897,0.09812
3898,0.19765
3899,0.21243
3900,0.13011
3901,0.13858
3902,0.14367
3903,0.14025
3904,0.08599
3905,0.023
3906,0.0
3907,0.0
3908,0.0
3909,0.0
3910,0.0
3911,0.0
3912,0.0
3913,0.0
3914,0.0
3915,0.0
3916,0.0
3917,0.0
3918,0.02308
3919,0.09820999999999999
3920,0.17543
3921,0.21422999999999998
3922,0.26311
3923,0.24731999999999998
3924,0.20455
3925,0.16187
3926,0.15685
3927,0.15572
3928,0.09368000000000001
3929,0.02169
3930,0.0
3931,0.0
3932,0.0
3933,0.0
3934,0.0
3935,0.0
3936,0.0
3937,0.0
3938,0.0
3939,0.0
3940,0.0
3941,0.0
3942,0.01763
3943,0.09975
3944,0.18678999999999998
3945,0.17715999999999998
3946,0.24389
3947,0.29411000000000004
3948,0.30178
3949,0.20013999999999998
3950,0.17538
3951,0.12623
3952,0.09315000000000001
3953,0.02023
3954,0.0
3955,0.0
3956,0.0
3957,0.0
3958,0.0
3959,0.0
3960,0.0
3961,0.0
3962,0.0
3963,0.0
3964,0.0
3965,0.0
3966,0.01236
3967,0.08946
3968,0.1355
3969,0.19128
3970,0.19277
3971,0.19907
3972,0.18874000000000002
3973,0.21368
3974,0.21919999999999998
3975,0.12006
3976,0.07679000000000001
3977,0.01157
3978,0.0
3979,0.0
3980,0.0
3981,0.0
3982,0.0
3983,0.0
3984,0.0
3985,0.0
3986,0.0
3987,0.0
3988,0.0
3989,0.0
3990,0.01486
3991,0.08331999999999999
3992,0.16232
3993,0.18453
3994,0.17465
3995,0.21599000000000002
3996,0.27986
3997,0.15431999999999998
3998,0.17912999999999998
3999,0.1221
4000,0.09222
4001,0.015710000000000002
4002,0.0
4003,0.0
4004,0.0
4005,0.0
4006,0.0
4007,0.0
4008,0.0
4009,0.0
4010,0.0
4011,0.0
4012,0.0
4013,0.0
4014,0.022359999999999998
4015,0.09576000000000001
4016,0.14459
4017,0.19436
4018,0.24027
4019,0.27114
4020,0.28684
4021,0.22946
4022,0.2236
4023,0.11163
4024,0.09337000000000001
4025,0.019370000000000002
4026,0.0
4027,0.0
4028,0.0
4029,0.0
4030,0.0
4031,0.0
4032,0.0
4033,0.0
4034,0.0
4035,0.0
4036,0.0
4037,0.0
4038,0.018269999999999998
4039,0.08807999999999999
4040,0.17115
4041,0.22778
4042,0.27666
4043,0.33638
4044,0.33275
4045,0.27969
4046,0.20714
4047,0.15582
4048,0.12445
4049,0.0409
4050,0.0
4051,0.0
4052,0.0
4053,0.0
4054,0.0
4055,0.0
4056,0.0
4057,0.0
4058,0.0
4059,0.0
4060,0.0
4061,0.0
4062,0.01201
4063,0.04844
4064,0.05361
4065,0.06302
4066,0.06417
4067,0.07185
4068,0.07715000000000001
4069,0.11072
4070,0.07923000000000001
4071,0.08279
4072,0.04111
4073,0.019940000000000003
4074,0.0
4075,0.0
4076,0.0
4077,0.0
4078,0.0
4079,0.0
4080,0.0
4081,0.0
4082,0.0
4083,0.0
4084,0.0
4085,0.0
4086,0.00974
4087,0.08884
4088,0.08914
4089,0.08322
4090,0.10718000000000001
4091,0.11069
4092,0.139
4093,0.159
4094,0.17446
4095,0.10278
4096,0.0878
4097,0.0218
4098,0.0
4099,0.0
4100,0.0
4101,0.0
4102,0.0
4103,0.0
4104,0.0
4105,0.0
4106,0.0
4107,0.0
4108,0.0
4109,0.0
4110,0.01459
4111,0.09071
4112,0.0907
4113,0.09097
4114,0.14281
4115,0.08887
4116,0.16016
4117,0.19091999999999998
4118,0.18669999999999998
4119,0.12082
4120,0.08005
4121,0.01819
4122,0.0
4123,0.0
4124,0.0
4125,0.0
4126,0.0
4127,0.0
4128,0.0
4129,0.0
4130,0.0
4131,0.0
4132,0.0
4133,0.0
4134,0.01858
4135,0.07526999999999999
4136,0.16936
4137,0.201
4138,0.23693
4139,0.26380000000000003
4140,0.29771
4141,0.20707
4142,0.18437
4143,0.15399000000000002
4144,0.06086
4145,0.01438
4146,0.0
4147,0.0
4148,0.0
4149,0.0
4150,0.0
4151,0.0
4152,0.0
4153,0.0
4154,0.0
4155,0.0
4156,0.0
4157,0.0
4158,0.00352
4159,0.04019
4160,0.08387
4161,0.15428
4162,0.19338999999999998
4163,0.27067
4164,0.26708
4165,0.21614
4166,0.18188
4167,0.14746
4168,0.10497
4169,0.03014
4170,0.0
4171,0.0
4172,0.0
4173,0.0
4174,0.0
4175,0.0
4176,0.0
4177,0.0
4178,0.0
4179,0.0
4180,0.0
4181,0.0
4182,0.0174
4183,0.0953
4184,0.14268
4185,0.18600999999999998
4186,0.17146
4187,0.15441
4188,0.18130000000000002
4189,0.17162
4190,0.22413999999999998
4191,0.11896999999999999
4192,0.09831000000000001
4193,0.027120000000000002
4194,0.0
4195,0.0
4196,0.0
4197,0.0
4198,0.0
4199,0.0
4200,0.0
4201,0.0
4202,0.0
4203,0.0
4204,0.0
4205,0.0
4206,0.00264
4207,0.02619
4208,0.06199
4209,0.05662
4210,0.14154
4211,0.17255
4212,0.22394
4213,0.24048
4214,0.18339
4215,0.14779
4216,0.08775
4217,0.02486
4218,0.0
4219,0.0
4220,0.0
4221,0.0
4222,0.0
4223,0.0
4224,0.0
4225,0.0
4226,0.0
4227,0.0
4228,0.0
4229,0.0
4230,0.01059
4231,0.08614
4232,0.13172999999999999
4233,0.13706000000000002
4234,0.22682
4235,0.25215
4236,0.29147
4237,0.22305
4238,0.18356999999999998
4239,0.1755
4240,0.0755
4241,0.02248
4242,0.0
4243,0.0
4244,0.0
4245,0.0
4246,0.0
4247,0.0
4248,0.0
4249,0.0
4250,0.0
4251,0.0
4252,0.0
4253,0.0
4254,0.01993
4255,0.10662
4256,0.15103
4257,0.13338999999999998
4258,0.15197
4259,0.12104000000000001
4260,0.17
4261,0.20159
4262,0.21953999999999999
4263,0.13411
4264,0.07636
4265,0.03047
4266,0.0
4267,0.0
4268,0.0
4269,0.0
4270,0.0
4271,0.0
4272,0.0
4273,0.0
4274,0.0
4275,0.0
4276,0.0
4277,0.0
4278,0.01442
4279,0.08119
4280,0.09489
4281,0.10415
4282,0.13391
4283,0.10628
4284,0.12156
4285,0.15941
4286,0.17884999999999998
4287,0.14753
4288,0.09333
4289,0.0249
4290,0.0
4291,0.0
4292,0.0
4293,0.0
4294,0.0
4295,0.0
4296,0.0
4297,0.0
4298,0.0
4299,0.0
4300,0.0
4301,0.0
4302,0.00985
4303,0.0441
4304,0.06349
4305,0.0715
4306,0.11489
4307,0.10703
4308,0.15092
4309,0.11942
4310,0.11281999999999999
4311,0.09179000000000001
4312,0.05869
4313,0.02111
4314,0.0
4315,0.0
4316,0.0
4317,0.0
4318,0.0
4319,0.0
4320,0.0
4321,0.0
4322,0.0
4323,0.0
4324,0.0
4325,0.0
4326,0.01107
4327,0.0619
4328,0.10186
4329,0.12641
4330,0.16379
4331,0.21888999999999997
4332,0.23582
4333,0.27414
4334,0.22258
4335,0.14053
4336,0.07219
4337,0.014369999999999999
4338,0.0
4339,0.0
4340,0.0
4341,0.0
4342,0.0
4343,0.0
4344,0.0
4345,0.0
4346,0.0
4347,0.0
4348,0.0
4349,0.0
4350,0.01438
4351,0.09096
4352,0.14543
4353,0.16168000000000002
4354,0.17072
4355,0.18737
4356,0.18536000000000002
4357,0.17631
4358,0.15725
4359,0.10679000000000001
4360,0.08752
4361,0.02901
4362,0.0
4363,0.0
4364,0.0
4365,0.0
4366,0.0
4367,0.0
4368,0.0
4369,0.0
4370,0.0
4371,0.0
4372,0.0
4373,0.0
4374,0.01056
4375,0.07734
4376,0.13172
4377,0.18666
4378,0.17827
4379,0.21696000000000001
4380,0.18794999999999998
4381,0.22996
4382,0.22238999999999998
4383,0.07343000000000001
4384,0.06054
4385,0.01656
4386,0.0
4387,0.0
4388,0.0
4389,0.0
4390,0.0
4391,0.0
4392,0.0
4393,0.0
4394,0.0
4395,0.0
4396,0.0
4397,0.0
4398,0.012230000000000001
4399,0.06536
4400,0.092
4401,0.10276
4402,0.10626000000000001
4403,0.16431
4404,0.18825999999999998
4405,0.21759
4406,0.21411000000000002
4407,0.1565
4408,0.06993
4409,0.01911
4410,0.0
4411,0.0
4412,0.0
4413,0.0
4414,0.0
4415,0.0
4416,0.0
4417,0.0
4418,0.0
4419,0.0
4420,0.0
4421,0.0
4422,0.01523
4423,0.07334
4424,0.10689
4425,0.12569
4426,0.15362
4427,0.16272999999999999
4428,0.19381
4429,0.23949
4430,0.13955
4431,0.09948
4432,0.10334
4433,0.02502
4434,0.0
4435,0.0
4436,0.0
4437,0.0
4438,0.0
4439,0.0
4440,0.0
4441,0.0
4442,0.0
4443,0.0
4444,0.0
4445,0.0
4446,0.01376
4447,0.06997
4448,0.09713
4449,0.11984
4450,0.14171
4451,0.21671
4452,0.16274
4453,0.23381
4454,0.20018
4455,0.12458
4456,0.07845999999999999
4457,0.02505
4458,0.0
4459,0.0
4460,0.0
4461,0.0
4462,0.0
4463,0.0
4464,0.0
4465,0.0
4466,0.0
4467,0.0
4468,0.0
4469,0.0
4470,0.01607
4471,0.06544
4472,0.11513
4473,0.18891999999999998
4474,0.24122
4475,0.30223
4476,0.32105
4477,0.19899
4478,0.15991
4479,0.15625999999999998
4480,0.06408
4481,0.01305
4482,0.0
4483,0.0
4484,0.0
4485,0.0
4486,0.0
4487,0.0
4488,0.0
4489,0.0
4490,0.0
4491,0.0
4492,0.0
4493,0.0
4494,0.00701
4495,0.0729
4496,0.11524
4497,0.16708
4498,0.19435
4499,0.19259
4500,0.22665000000000002
4501,0.21497999999999998
4502,0.18415
4503,0.11636
4504,0.05687
4505,0.02401
4506,0.0
4507,0.0
4508,0.0
4509,0.0
4510,0.0
4511,0.0
4512,0.0
4513,0.0
4514,0.0
4515,0.0
4516,0.0
4517,0.0
4518,0.009130000000000001
4519,0.062299999999999994
4520,0.10575
4521,0.11796
4522,0.08006999999999999
4523,0.14131
4524,0.1824
4525,0.19452
4526,0.18444999999999998
4527,0.16009
4528,0.07936
4529,0.02354
4530,0.0
4531,0.0
4532,0.0
4533,0.0
4534,0.0
4535,0.0
4536,0.0
4537,0.0
4538,0.0
4539,0.0
4540,0.0
4541,0.0
4542,0.01072
4543,0.06954
4544,0.11437
4545,0.16526
4546,0.23598
4547,0.23092
4548,0.21878999999999998
4549,0.19024000000000002
4550,0.21343
4551,0.12794
4552,0.0867
4553,0.01575
4554,0.0
4555,0.0
4556,0.0
4557,0.0
4558,0.0
4559,0.0
4560,0.0
4561,0.0
4562,0.0
4563,0.0
4564,0.0
4565,0.0
4566,0.01159
4567,0.04273
4568,0.05866
4569,0.06652
4570,0.08083
4571,0.13297
4572,0.12583
4573,0.19636
4574,0.19563
4575,0.12552
4576,0.05735
4577,0.02477
4578,0.0
4579,0.0
4580,0.0
4581,0.0
4582,0.0
4583,0.0
4584,0.0
4585,0.0
4586,0.0
4587,0.0
4588,0.0
4589,0.0
4590,0.015359999999999999
4591,0.06498999999999999
4592,0.08968000000000001
4593,0.10643000000000001
4594,0.10341
4595,0.1357
4596,0.17993
4597,0.11938
4598,0.2316
4599,0.17012
4600,0.07167
4601,0.023239999999999997
4602,0.0
4603,0.0
4604,0.0
4605,0.0
4606,0.0
4607,0.0
4608,0.0
4609,0.0
4610,0.0
4611,0.0
4612,0.0
4613,0.0
4614,0.011179999999999999
4615,0.06562
4616,0.09309999999999999
4617,0.10346999999999999
4618,0.09727
4619,0.10565000000000001
4620,0.10183
4621,0.14027
4622,0.15344
4623,0.11783
4624,0.10197
4625,0.023620000000000002
4626,0.0
4627,0.0
4628,0.0
4629,0.0
4630,0.0
4631,0.0
4632,0.0
4633,0.0
4634,0.0
4635,0.0
4636,0.0
4637,0.0
4638,0.01357
4639,0.07742
4640,0.11877
4641,0.10706
4642,0.18456
4643,0.21104
4644,0.24847999999999998
4645,0.10808
4646,0.12563
4647,0.0902
4648,0.07696
4649,0.02907
4650,0.0
4651,0.0
4652,0.0
4653,0.0
4654,0.0
4655,0.0
4656,0.0
4657,0.0
4658,0.0
4659,0.0
4660,0.0
4661,0.0
4662,0.01471
4663,0.06570999999999999
4664,0.15852000000000002
4665,0.2071
4666,0.28331
4667,0.31581
4668,0.28556
4669,0.18897
4670,0.21318
4671,0.10698
4672,0.06973
4673,0.01954
4674,0.0
4675,0.0
4676,0.0
4677,0.0
4678,0.0
4679,0.0
4680,0.0
4681,0.0
4682,0.0
4683,0.0
4684,0.0
4685,0.0
4686,0.011720000000000001
4687,0.08751
4688,0.1393
4689,0.13601
4690,0.215
4691,0.22718
4692,0.27005
4693,0.21593
4694,0.13378
4695,0.163
4696,0.09548000000000001
4697,0.02321
4698,0.0
4699,0.0
4700,0.0
4701,0.0
4702,0.0
4703,0.0
4704,0.0
4705,0.0
4706,0.0
4707,0.0
4708,0.0
4709,0.0
4710,0.01025
4711,0.05139
4712,0.09533
4713,0.15262
4714,0.16786
4715,0.23375
4716,0.20784
4717,0.24161000000000002
4718,0.17901
4719,0.12622
4720,0.08709
4721,0.02375
4722,0.0
4723,0.0
4724,0.0
4725,0.0
4726,0.0
4727,0.0
4728,0.0
4729,0.0
4730,0.0
4731,0.0
4732,0.0
4733,0.0
4734,0.01507
4735,0.09670999999999999
4736,0.16254
4737,0.1584
4738,0.196
4739,0.16152
4740,0.20301
4741,0.16741
4742,0.21722999999999998
4743,0.1659
4744,0.11056
4745,0.03071
4746,0.0
4747,0.0
4748,0.0
4749,0.0
4750,0.0
4751,0.0
4752,0.0
4753,0.0
4754,0.0
4755,0.0
4756,0.0
4757,0.0
4758,0.01443
4759,0.08672
4760,0.12125
4761,0.09733
4762,0.13176
4763,0.12487999999999999
4764,0.12131
4765,0.13862
4766,0.14565
4767,0.18325
4768,0.09416
4769,0.0435
4770,0.0
4771,0.0
4772,0.0
4773,0.0
4774,0.0
4775,0.0
4776,0.0
4777,0.0
4778,0.0
4779,0.0
4780,0.0
4781,0.0
4782,0.01047
4783,0.056729999999999996
4784,0.06191
4785,0.07297
4786,0.13079
4787,0.08662
4788,0.12395
4789,0.13941
4790,0.0882
4791,0.07753
4792,0.06283
4793,0.023829999999999997
4794,0.0
4795,0.0
4796,0.0
4797,0.0
4798,0.0
4799,0.0
4800,0.0
4801,0.0
4802,0.0
4803,0.0
4804,0.0
4805,0.0
4806,0.01077
4807,0.05837
4808,0.07597
4809,0.09793
4810,0.09709000000000001
4811,0.1369
4812,0.12174
4813,0.12822
4814,0.14477
4815,0.10695
4816,0.055310000000000005
4817,0.02622
4818,0.0
4819,0.0
4820,0.0
4821,0.0
4822,0.0
4823,0.0
4824,0.0
4825,0.0
4826,0.0
4827,0.0
4828,0.0
4829,0.0
4830,0.00741
4831,0.09119
4832,0.15408000000000002
4833,0.22190000000000001
4834,0.25404
4835,0.30657
4836,0.33845
4837,0.21225
4838,0.19809000000000002
4839,0.08623
4840,0.06712
4841,0.011460000000000001
4842,0.0
4843,0.0
4844,0.0
4845,0.0
4846,0.0
4847,0.0
4848,0.0
4849,0.0
4850,0.0
4851,0.0
4852,0.0
4853,0.0
4854,0.014060000000000001
4855,0.06307
4856,0.14179
4857,0.22663
4858,0.2127
4859,0.27808999999999995
4860,0.28484
4861,0.24872999999999998
4862,0.21672
4863,0.16241999999999998
4864,0.06888
4865,0.01468
4866,0.0
4867,0.0
4868,0.0
4869,0.0
4870,0.0
4871,0.0
4872,0.0
4873,0.0
4874,0.0
4875,0.0
4876,0.0
4877,0.0
4878,0.01491
4879,0.05958
4880,0.12679
4881,0.20179
4882,0.26435000000000003
4883,0.30587000000000003
4884,0.30777
4885,0.24324
4886,0.21427000000000002
4887,0.14953999999999998
4888,0.09284999999999999
4889,0.026600000000000002
4890,0.0
4891,0.0
4892,0.0
4893,0.0
4894,0.0
4895,0.0
4896,0.0
4897,0.0
4898,0.0
4899,0.0
4900,0.0
4901,0.0
4902,0.01253
4903,0.09379000000000001
4904,0.1268
4905,0.18433000000000002
4906,0.21513
4907,0.20632
4908,0.28631
4909,0.28282
4910,0.26345999999999997
4911,0.19678
4912,0.1165
4913,0.03744
4914,0.0
4915,0.0
4916,0.0
4917,0.0
4918,0.0
4919,0.0
4920,0.0
4921,0.0
4922,0.0
4923,0.0
4924,0.0
4925,0.0
4926,0.01257
4927,0.08626
4928,0.14316
4929,0.21347
4930,0.26453
4931,0.24805000000000002
4932,0.21475999999999998
4933,0.27745
4934,0.22628
4935,0.12649
4936,0.0846
4937,0.01824
4938,0.0
4939,0.0
4940,0.0
4941,0.0
4942,0.0
4943,0.0
4944,0.0
4945,0.0
4946,0.0
4947,0.0
4948,0.0
4949,0.0
4950,0.00348
4951,0.046079999999999996
4952,0.13719
4953,0.19655
4954,0.21306
4955,0.21325
4956,0.27287
4957,0.27016
4958,0.22541
4959,0.17626
4960,0.09284
4961,0.02142
4962,0.0
4963,0.0
4964,0.0
4965,0.0
4966,0.0
4967,0.0
4968,0.0
4969,0.0
4970,0.0
4971,0.0
4972,0.0
4973,0.0
4974,0.00902
4975,0.05122
4976,0.07581
4977,0.11702
4978,0.15037
4979,0.17748
4980,0.21484
4981,0.20337
4982,0.18114
4983,0.17176
4984,0.12189
4985,0.02952
4986,0.0
4987,0.0
4988,0.0
4989,0.0
4990,0.0
4991,0.0
4992,0.0
4993,0.0
4994,0.0
4995,0.0
4996,0.0
4997,0.0
4998,0.0134
4999,0.06720000000000001
5000,0.1391
5001,0.19028
5002,0.28322
5003,0.3183
5004,0.2251
5005,0.18515
5006,0.18481999999999998
5007,0.13693
5008,0.08785
5009,0.02554
5010,0.0
5011,0.0
5012,0.0
5013,0.0
5014,0.0
5015,0.0
5016,0.0
5017,0.0
5018,0.0
5019,0.0
5020,0.0
5021,0.0
5022,0.00598
5023,0.08066
5024,0.15378999999999998
5025,0.21384
5026,0.18669
5027,0.16566
5028,0.20856
5029,0.26186000000000004
5030,0.22487000000000001
5031,0.15169
5032,0.07942
5033,0.02798
5034,0.0
5035,0.0
5036,0.0
5037,0.0
5038,0.0
5039,0.0
5040,0.0
5041,0.0
5042,0.0
5043,0.0
5044,0.0
5045,0.0
5046,0.01226
5047,0.07937999999999999
5048,0.13437000000000002
5049,0.22463999999999998
5050,0.26608
5051,0.26803
5052,0.28516
5053,0.24997999999999998
5054,0.23434
5055,0.14529
5056,0.08319
5057,0.032240000000000005
5058,0.0
5059,0.0
5060,0.0
5061,0.0
5062,0.0
5063,0.0
5064,0.0
5065,0.0
5066,0.0
5067,0.0
5068,0.0
5069,0.0
5070,0.01602
5071,0.0838
5072,0.13107
5073,0.23233
5074,0.21988
5075,0.23542
5076,0.26861
5077,0.23185
5078,0.21015
5079,0.15306999999999998
5080,0.08247
5081,0.024239999999999998
5082,0.0
5083,0.0
5084,0.0
5085,0.0
5086,0.0
5087,0.0
5088,0.0
5089,0.0
5090,0.0
5091,0.0
5092,0.0
5093,0.0
5094,0.01098
5095,0.08701
5096,0.1046
5097,0.16307
5098,0.18439
5099,0.16779
5100,0.19043000000000002
5101,0.19938
5102,0.13486
5103,0.11164
5104,0.08059000000000001
5105,0.03615
5106,0.0
5107,0.0
5108,0.0
5109,0.0
5110,0.0
5111,0.0
5112,0.0
5113,0.0
5114,0.0
5115,0.0
5116,0.0
5117,0.0
5118,0.01413
5119,0.05561
5120,0.09397
5121,0.12821000000000002
5122,0.14175
5123,0.13269
5124,0.12832
5125,0.10125
5126,0.11609
5127,0.12114
5128,0.09140999999999999
5129,0.040979999999999996
5130,0.0
5131,0.0
5132,0.0
5133,0.0
5134,0.0
5135,0.0
5136,0.0
5137,0.0
5138,0.0
5139,0.0
5140,0.0
5141,0.0
5142,0.01247
5143,0.08999
5144,0.10890000000000001
5145,0.11111
5146,0.16076
5147,0.21178999999999998
5148,0.13733
5149,0.21618
5150,0.17178
5151,0.11109999999999999
5152,0.04403
5153,0.017
5154,0.0
5155,0.0
5156,0.0
5157,0.0
5158,0.0
5159,0.0
5160,0.0
5161,0.0
5162,0.0
5163,0.0
5164,0.0
5165,0.0
5166,0.00744
5167,0.06887
5168,0.14325
5169,0.18375999999999998
5170,0.17695
5171,0.17026
5172,0.18947999999999998
5173,0.18231
5174,0.15735
5175,0.10654999999999999
5176,0.08709
5177,0.03135
5178,0.0
5179,0.0
5180,0.0
5181,0.0
5182,0.0
5183,0.0
5184,0.0
5185,0.0
5186,0.0
5187,0.0
5188,0.0
5189,0.0
5190,0.00904
5191,0.07437
5192,0.15947
5193,0.199
5194,0.21916
5195,0.23645
5196,0.2714
5197,0.13729
5198,0.15491999999999997
5199,0.15034999999999998
5200,0.10269
5201,0.03134
5202,0.0
5203,0.0
5204,0.0
5205,0.0
5206,0.0
5207,0.0
5208,0.0
5209,0.0
5210,0.0
5211,0.0
5212,0.0
5213,0.0
5214,0.01191
5215,0.09284999999999999
5216,0.17147
5217,0.22969
5218,0.25927
5219,0.32051
5220,0.28205
5221,0.26073
5222,0.22481
5223,0.08698
5224,0.06817000000000001
5225,0.023510000000000003
5226,0.0
5227,0.0
5228,0.0
5229,0.0
5230,0.0
5231,0.0
5232,0.0
5233,0.0
5234,0.0
5235,0.0
5236,0.0
5237,0.0
5238,0.011710000000000002
5239,0.08354
5240,0.16915
5241,0.18
5242,0.26089999999999997
5243,0.33877999999999997
5244,0.30701
5245,0.26205
5246,0.23385
5247,0.15937
5248,0.10006
5249,0.02633
5250,0.0
5251,0.0
5252,0.0
5253,0.0
5254,0.0
5255,0.0
5256,0.0
5257,0.0
5258,0.0
5259,0.0
5260,0.0
5261,0.0
5262,0.01843
5263,0.08935
5264,0.12728
5265,0.20706
5266,0.18955000000000002
5267,0.20536000000000001
5268,0.17459
5269,0.15758000000000003
5270,0.15487
5271,0.13276
5272,0.10263
5273,0.03155
5274,0.0
5275,0.0
5276,0.0
5277,0.0
5278,0.0
5279,0.0
5280,0.0
5281,0.0
5282,0.0
5283,0.0
5284,0.0
5285,0.0
5286,0.01326
5287,0.07806
5288,0.11112000000000001
5289,0.10127
5290,0.14412
5291,0.18075
5292,0.24528
5293,0.21716999999999997
5294,0.16506
5295,0.11133
5296,0.10873000000000001
5297,0.023559999999999998
5298,0.0
5299,0.0
5300,0.0
5301,0.0
5302,0.0
5303,0.0
5304,0.0
5305,0.0
5306,0.0
5307,0.0
5308,0.0
5309,0.0
5310,0.01295
5311,0.08286
5312,0.10588
5313,0.09333
5314,0.11288
5315,0.14779
5316,0.13837
5317,0.15386000000000002
5318,0.15422999999999998
5319,0.10553
5320,0.08606
5321,0.03043
5322,0.0
5323,0.0
5324,0.0
5325,0.0
5326,0.0
5327,0.0
5328,0.0
5329,0.0
5330,0.0
5331,0.0
5332,0.0
5333,0.0
5334,0.01091
5335,0.06488
5336,0.09106
5337,0.08862
5338,0.17636000000000002
5339,0.21966999999999998
5340,0.17502
5341,0.25219
5342,0.23541
5343,0.13929
5344,0.10072
5345,0.02674
5346,0.0
5347,0.0
5348,0.0
5349,0.0
5350,0.0
5351,0.0
5352,0.0
5353,0.0
5354,0.0
5355,0.0
5356,0.0
5357,0.0
5358,0.01334
5359,0.057659999999999996
5360,0.12065000000000001
5361,0.17681
5362,0.23274
5363,0.30769
5364,0.29829
5365,0.20886000000000002
5366,0.23105
5367,0.18148
5368,0.08988
5369,0.030109999999999998
5370,0.0
5371,0.0
5372,0.0
5373,0.0
5374,0.0
5375,0.0
5376,0.0
5377,0.0
5378,0.0
5379,0.0
5380,0.0
5381,0.0
5382,0.00598
5383,0.053700000000000005
5384,0.11234999999999999
5385,0.21169
5386,0.19272999999999998
5387,0.24999000000000002
5388,0.24075
5389,0.29133
5390,0.17292
5391,0.12067
5392,0.07508
5393,0.03222
5394,0.0
5395,0.0
5396,0.0
5397,0.0
5398,0.0
5399,0.0
5400,0.0
5401,0.0
5402,0.0
5403,0.0
5404,0.0
5405,0.0
5406,0.0132
5407,0.09328
5408,0.12628
5409,0.22121000000000002
5410,0.23219
5411,0.23892
5412,0.14812999999999998
5413,0.19169999999999998
5414,0.15918000000000002
5415,0.15688999999999997
5416,0.07984000000000001
5417,0.03083
5418,0.0
5419,0.0
5420,0.0
5421,0.0
5422,0.0
5423,0.0
5424,0.0
5425,0.0
5426,0.0
5427,0.0
5428,0.0
5429,0.0
5430,0.00541
5431,0.039229999999999994
5432,0.0627
5433,0.09663
5434,0.13561
5435,0.26803
5436,0.22494
5437,0.28998
5438,0.26067
5439,0.18312
5440,0.10598
5441,0.031030000000000002
5442,0.0
5443,0.0
5444,0.0
5445,0.0
5446,0.0
5447,0.0
5448,0.0
5449,0.0
5450,0.0
5451,0.0
5452,0.0
5453,0.0
5454,0.01022
5455,0.054
5456,0.10733
5457,0.15
5458,0.14859
5459,0.22913999999999998
5460,0.28143
5461,0.15874000000000002
5462,0.21411000000000002
5463,0.12558
5464,0.07740000000000001
5465,0.0127
5466,0.0
5467,0.0
5468,0.0
5469,0.0
5470,0.0
5471,0.0
5472,0.0
5473,0.0
5474,0.0
5475,0.0
5476,0.0
5477,0.0
5478,0.01297
5479,0.053950000000000005
5480,0.10801999999999999
5481,0.10937000000000001
5482,0.16407
5483,0.15959
5484,0.15292
5485,0.15230000000000002
5486,0.16126
5487,0.16973
5488,0.08574
5489,0.015359999999999999
5490,0.0
5491,0.0
5492,0.0
5493,0.0
5494,0.0
5495,0.0
5496,0.0
5497,0.0
5498,0.0
5499,0.0
5500,0.0
5501,0.0
5502,0.01604
5503,0.08037000000000001
5504,0.16218000000000002
5505,0.19597
5506,0.19886
5507,0.23283
5508,0.26353
5509,0.2057
5510,0.17869
5511,0.16886
5512,0.09054000000000001
5513,0.03721
5514,0.0
5515,0.0
5516,0.0
5517,0.0
5518,0.0
5519,0.0
5520,0.0
5521,0.0
5522,0.0
5523,0.0
5524,0.0
5525,0.0
5526,0.00942
5527,0.07573
5528,0.11997
5529,0.20702
5530,0.26285000000000003
5531,0.24580000000000002
5532,0.14442
5533,0.21366
5534,0.12226999999999999
5535,0.14355
5536,0.08376
5537,0.03583
5538,0.0
5539,0.0
5540,0.0
5541,0.0
5542,0.0
5543,0.0
5544,0.0
5545,0.0
5546,0.0
5547,0.0
5548,0.0
5549,0.0
5550,0.00741
5551,0.06537000000000001
5552,0.17036
5553,0.19759000000000002
5554,0.16657
5555,0.19696
5556,0.23741
5557,0.24930000000000002
5558,0.20285
5559,0.13692
5560,0.06656000000000001
5561,0.013699999999999999
5562,0.0
5563,0.0
5564,0.0
5565,0.0
5566,0.0
5567,0.0
5568,0.0
5569,0.0
5570,0.0
5571,0.0
5572,0.0
5573,0.0
5574,0.01105
5575,0.06788
5576,0.09133
5577,0.11472
5578,0.16834
5579,0.24099
5580,0.21533000000000002
5581,0.25254
5582,0.22327000000000002
5583,0.17498
5584,0.057659999999999996
5585,0.01957
5586,0.0
5587,0.0
5588,0.0
5589,0.0
5590,0.0
5591,0.0
5592,0.0
5593,0.0
5594,0.0
5595,0.0
5596,0.0
5597,0.0
5598,0.00016
5599,0.009380000000000001
5600,0.052219999999999996
5601,0.06275
5602,0.10182
5603,0.15749000000000002
5604,0.14358
5605,0.14518
5606,0.16558
5607,0.06586
5608,0.0583
5609,0.01678
5610,0.0
5611,0.0
5612,0.0
5613,0.0
5614,0.0
5615,0.0
5616,0.0
5617,0.0
5618,0.0
5619,0.0
5620,0.0
5621,0.0
5622,0.00893
5623,0.047009999999999996
5624,0.11119
5625,0.13817
5626,0.19648
5627,0.21475999999999998
5628,0.16432
5629,0.18249
5630,0.16187
5631,0.16304
5632,0.08006999999999999
5633,0.02146
5634,0.0
5635,0.0
5636,0.0
5637,0.0
5638,0.0
5639,0.0
5640,0.0
5641,0.0
5642,0.0
5643,0.0
5644,0.0
5645,0.0
5646,0.00925
5647,0.04854
5648,0.08309
5649,0.12816999999999998
5650,0.1762
5651,0.12832
5652,0.13447
5653,0.14958000000000002
5654,0.09009
5655,0.10176
5656,0.08206000000000001
5657,0.029670000000000002
5658,0.0
5659,0.0
5660,0.0
5661,0.0
5662,0.0
5663,0.0
5664,0.0
5665,0.0
5666,0.0
5667,0.0
5668,0.0
5669,0.0
5670,0.01307
5671,0.06199
5672,0.08713
5673,0.08775
5674,0.09318000000000001
5675,0.13661
5676,0.14143
5677,0.20858000000000002
5678,0.14271999999999999
5679,0.1373
5680,0.07623
5681,0.02438
5682,0.0
5683,0.0
5684,0.0
5685,0.0
5686,0.0
5687,0.0
5688,0.0
5689,0.0
5690,0.0
5691,0.0
5692,0.0
5693,0.0
5694,0.01393
5695,0.054799999999999995
5696,0.06853000000000001
5697,0.0814
5698,0.08364
5699,0.10948999999999999
5700,0.087
5701,0.13988
5702,0.11066
5703,0.07244
5704,0.07427
5705,0.02723
5706,0.0
5707,0.0
5708,0.0
5709,0.0
5710,0.0
5711,0.0
5712,0.0
5713,0.0
5714,0.0
5715,0.0
5716,0.0
5717,0.0
5718,0.011529999999999999
5719,0.046
5720,0.06472
5721,0.06925
5722,0.08904000000000001
5723,0.09828
5724,0.10598
5725,0.13736
5726,0.18631
5727,0.12176999999999999
5728,0.0717
5729,0.00914
5730,0.0
5731,0.0
5732,0.0
5733,0.0
5734,0.0
5735,0.0
5736,0.0
5737,0.0
5738,0.0
5739,0.0
5740,0.0
5741,0.0
5742,0.01053
5743,0.05084
5744,0.08294
5745,0.10821
5746,0.10936
5747,0.13132
5748,0.12137
5749,0.15446000000000001
5750,0.15164
5751,0.12666
5752,0.06609999999999999
5753,0.027780000000000003
5754,0.0
5755,0.0
5756,0.0
5757,0.0
5758,0.0
5759,0.0
5760,0.0
5761,0.0
5762,0.0
5763,0.0
5764,0.0
5765,0.0
5766,0.014039999999999999
5767,0.06495000000000001
5768,0.10495
5769,0.09084
5770,0.13468
5771,0.16659000000000002
5772,0.18291
5773,0.21683000000000002
5774,0.17884999999999998
5775,0.12063
5776,0.08276
5777,0.033600000000000005
5778,0.0
5779,0.0
5780,0.0
5781,0.0
5782,0.0
5783,0.0
5784,0.0
5785,0.0
5786,0.0
5787,0.0
5788,0.0
5789,0.0
5790,0.01332
5791,0.05274
5792,0.09172
5793,0.12891999999999998
5794,0.11841
5795,0.08662
5796,0.1115
5797,0.16926
5798,0.08791
5799,0.11109000000000001
5800,0.09458
5801,0.0207
5802,0.0
5803,0.0
5804,0.0
5805,0.0
5806,0.0
5807,0.0
5808,0.0
5809,0.0
5810,0.0
5811,0.0
5812,0.0
5813,0.0
5814,0.01354
5815,0.07337
5816,0.14378
5817,0.20885
5818,0.18372999999999998
5819,0.17845
5820,0.15344
5821,0.21637
5822,0.2288
5823,0.1827
5824,0.11408
5825,0.03031
5826,0.0
5827,0.0
5828,0.0
5829,0.0
5830,0.0
5831,0.0
5832,0.0
5833,0.0
5834,0.0
5835,0.0
5836,0.0
5837,0.0
5838,0.01507
5839,0.05779
5840,0.07487
5841,0.08708
5842,0.14498
5843,0.18333000000000002
5844,0.13237000000000002
5845,0.11804
5846,0.17705
5847,0.09140000000000001
5848,0.08867
5849,0.018879999999999997
5850,0.0
5851,0.0
5852,0.0
5853,0.0
5854,0.0
5855,0.0
5856,0.0
5857,0.0
5858,0.0
5859,0.0
5860,0.0
5861,0.0
5862,0.0010400000000000001
5863,0.03936
5864,0.14358
5865,0.19854
5866,0.31333999999999995
5867,0.30949
5868,0.33882999999999996
5869,0.27543
5870,0.25
5871,0.12753
5872,0.09287000000000001
5873,0.026260000000000002
5874,0.0
5875,0.0
5876,0.0
5877,0.0
5878,0.0
5879,0.0
5880,0.0
5881,0.0
5882,0.0
5883,0.0
5884,0.0
5885,0.0
5886,0.0154
5887,0.09232
5888,0.12382
5889,0.14539
5890,0.06437999999999999
5891,0.06956999999999999
5892,0.14682
5893,0.18753
5894,0.21361000000000002
5895,0.16604
5896,0.06033
5897,0.02727
5898,0.0
5899,0.0
5900,0.0
5901,0.0
5902,0.0
5903,0.0
5904,0.0
5905,0.0
5906,0.0
5907,0.0
5908,0.0
5909,0.0
5910,0.01425
5911,0.09409999999999999
5912,0.15497999999999998
5913,0.16437000000000002
5914,0.14368999999999998
5915,0.2027
5916,0.20921
5917,0.15547999999999998
5918,0.25836000000000003
5919,0.08781
5920,0.07499
5921,0.0154
5922,0.0
5923,0.0
5924,0.0
5925,0.0
5926,0.0
5927,0.0
5928,0.0
5929,0.0
5930,0.0
5931,0.0
5932,0.0
5933,0.0
5934,0.013779999999999999
5935,0.07484
5936,0.12865000000000001
5937,0.09443
5938,0.16599
5939,0.14683000000000002
5940,0.15266
5941,0.1585
5942,0.16672
5943,0.12683
5944,0.06375
5945,0.01719
5946,0.0
5947,0.0
5948,0.0
5949,0.0
5950,0.0
5951,0.0
5952,0.0
5953,0.0
5954,0.0
5955,0.0
5956,0.0
5957,0.0
5958,0.01529
5959,0.05998
5960,0.10424
5961,0.08159999999999999
5962,0.14703
5963,0.15506
5964,0.20067
5965,0.13817
5966,0.12726
5967,0.1303
5968,0.06398
5969,0.019100000000000002
5970,0.0
5971,0.0
5972,0.0
5973,0.0
5974,0.0
5975,0.0
5976,0.0
5977,0.0
5978,0.0
5979,0.0
5980,0.0
5981,0.0
5982,0.01357
5983,0.07062
5984,0.17005
5985,0.23602
5986,0.26508
5987,0.30369
5988,0.28208
5989,0.17387
5990,0.18524000000000002
5991,0.16867
5992,0.06822
5993,0.02461
5994,0.0
5995,0.0
5996,0.0
5997,0.0
5998,0.0
5999,0.0
6000,0.0
6001,0.0
6002,0.0
6003,0.0
6004,0.0
6005,0.0
6006,0.0218
6007,0.08361
6008,0.09703
6009,0.08625
6010,0.1313
6011,0.15693000000000001
6012,0.16
6013,0.15297999999999998
6014,0.16013999999999998
6015,0.18691999999999998
6016,0.08728
6017,0.0166
6018,0.0
6019,0.0
6020,0.0
6021,0.0
6022,0.0
6023,0.0
6024,0.0
6025,0.0
6026,0.0
6027,0.0
6028,0.0
6029,0.0
6030,0.009810000000000001
6031,0.08091
6032,0.15438
6033,0.25873
6034,0.2925
6035,0.28034
6036,0.24875999999999998
6037,0.28694
6038,0.27235000000000004
6039,0.13654
6040,0.09054000000000001
6041,0.017329999999999998
6042,0.0
6043,0.0
6044,0.0
6045,0.0
6046,0.0
6047,0.0
6048,0.0
6049,0.0
6050,0.0
6051,0.0
6052,0.0
6053,0.0
6054,0.02067
6055,0.09642
6056,0.14125
6057,0.1973
6058,0.18875999999999998
6059,0.27537
6060,0.31886000000000003
6061,0.28605
6062,0.23244
6063,0.12996000000000002
6064,0.08553
6065,0.013380000000000001
6066,0.0
6067,0.0
6068,0.0
6069,0.0
6070,0.0
6071,0.0
6072,0.0
6073,0.0
6074,0.0
6075,0.0
6076,0.0
6077,0.0
6078,0.02078
6079,0.10859
6080,0.19448
6081,0.20675
6082,0.18962
6083,0.19355
6084,0.25466
6085,0.23927
6086,0.24161000000000002
6087,0.12123
6088,0.07568000000000001
6089,0.015099999999999999
6090,0.0
6091,0.0
6092,0.0
6093,0.0
6094,0.0
6095,0.0
6096,0.0
6097,0.0
6098,0.0
6099,0.0
6100,0.0
6101,0.0
6102,0.02044
6103,0.09491
6104,0.10773999999999999
6105,0.12249
6106,0.08447
6107,0.12588
6108,0.1795
6109,0.22953
6110,0.08263
6111,0.11104
6112,0.06743
6113,0.01667
6114,0.0
6115,0.0
6116,0.0
6117,0.0
6118,0.0
6119,0.0
6120,0.0
6121,0.0
6122,0.0
6123,0.0
6124,0.0
6125,0.0
6126,0.00914
6127,0.02788
6128,0.05046
6129,0.07412
6130,0.08873
6131,0.18284
6132,0.23793999999999998
6133,0.17751
6134,0.20008
6135,0.12744
6136,0.06941
6137,0.00897
6138,0.0
6139,0.0
6140,0.0
6141,0.0
6142,0.0
6143,0.0
6144,0.0
6145,0.0
6146,0.0
6147,0.0
6148,0.0
6149,0.0
6150,0.01977
6151,0.08502
6152,0.10515000000000001
6153,0.13179
6154,0.12498999999999999
6155,0.15452000000000002
6156,0.19611
6157,0.22102000000000002
6158,0.16991
6159,0.15672
6160,0.07166
6161,0.01339
6162,0.0
6163,0.0
6164,0.0
6165,0.0
6166,0.0
6167,0.0
6168,0.0
6169,0.0
6170,0.0
6171,0.0
6172,0.0
6173,0.0
6174,0.020980000000000002
6175,0.0879
6176,0.09373000000000001
6177,0.13054
6178,0.24841999999999997
6179,0.2998
6180,0.28604
6181,0.31118
6182,0.23395
6183,0.1931
6184,0.10339
6185,0.02332
6186,0.0
6187,0.0
6188,0.0
6189,0.0
6190,0.0
6191,0.0
6192,0.0
6193,0.0
6194,0.0
6195,0.0
6196,0.0
6197,0.0
6198,0.0257
6199,0.09477
6200,0.15418
6201,0.17201
6202,0.18733000000000002
6203,0.29146
6204,0.22009
6205,0.24581
6206,0.15091
6207,0.14868
6208,0.07887999999999999
6209,0.01297
6210,0.0
6211,0.0
6212,0.0
6213,0.0
6214,0.0
6215,0.0
6216,0.0
6217,0.0
6218,0.0
6219,0.0
6220,0.0
6221,0.0
6222,0.02072
6223,0.06967
6224,0.08463
6225,0.09949
6226,0.11084999999999999
6227,0.11689
6228,0.12938
6229,0.19372999999999999
6230,0.20091
6231,0.16943
6232,0.08147
6233,0.02216
6234,0.0
6235,0.0
6236,0.0
6237,0.0
6238,0.0
6239,0.0
6240,0.0
6241,0.0
6242,0.0
6243,0.0
6244,0.0
6245,0.0
6246,0.013779999999999999
6247,0.06071
6248,0.09240999999999999
6249,0.09565
6250,0.09895999999999999
6251,0.08774
6252,0.10552
6253,0.2369
6254,0.20884
6255,0.13594
6256,0.07228
6257,0.01047
6258,0.0
6259,0.0
6260,0.0
6261,0.0
6262,0.0
6263,0.0
6264,0.0
6265,0.0
6266,0.0
6267,0.0
6268,0.0
6269,0.0
6270,0.02281
6271,0.060840000000000005
6272,0.07862999999999999
6273,0.07245
6274,0.10726000000000001
6275,0.08669
6276,0.13079
6277,0.13749
6278,0.19575
6279,0.1715
6280,0.08288
6281,0.010119999999999999
6282,0.0
6283,0.0
6284,0.0
6285,0.0
6286,0.0
6287,0.0
6288,0.0
6289,0.0
6290,0.0
6291,0.0
6292,0.0
6293,0.0
6294,0.01548
6295,0.06288
6296,0.12676
6297,0.09082
6298,0.13434000000000001
6299,0.17177
6300,0.2246
6301,0.14053
6302,0.20934
6303,0.15528999999999998
6304,0.06801
6305,0.011630000000000001
6306,0.0
6307,0.0
6308,0.0
6309,0.0
6310,0.0
6311,0.0
6312,0.0
6313,0.0
6314,0.0
6315,0.0
6316,0.0
6317,0.0
6318,0.01507
6319,0.06774
6320,0.06993
6321,0.0635
6322,0.09119
6323,0.11072
6324,0.12588
6325,0.16440000000000002
6326,0.18177000000000001
6327,0.13826
6328,0.05973
6329,0.01685
6330,0.0
6331,0.0
6332,0.0
6333,0.0
6334,0.0
6335,0.0
6336,0.0
6337,0.0
6338,0.0
6339,0.0
6340,0.0
6341,0.0
6342,0.00415
6343,0.0313
6344,0.10873000000000001
6345,0.10553
6346,0.29458
6347,0.28382
6348,0.25244
6349,0.2119
6350,0.16221000000000002
6351,0.13296
6352,0.07212
6353,0.019600000000000003
6354,0.0
6355,0.0
6356,0.0
6357,0.0
6358,0.0
6359,0.0
6360,0.0
6361,0.0
6362,0.0
6363,0.0
6364,0.0
6365,0.0
6366,0.00793
6367,0.08213
6368,0.07277
6369,0.08985
6370,0.12695
6371,0.21761000000000003
6372,0.19496
6373,0.25522
6374,0.22755
6375,0.11462
6376,0.05995
6377,0.013609999999999999
6378,0.0
6379,0.0
6380,0.0
6381,0.0
6382,0.0
6383,0.0
6384,0.0
6385,0.0
6386,0.0
6387,0.0
6388,0.0
6389,0.0
6390,0.016550000000000002
6391,0.05657
6392,0.046549999999999994
6393,0.06884
6394,0.04021
6395,0.07818000000000001
6396,0.1815
6397,0.15243
6398,0.2211
6399,0.15415
6400,0.07773000000000001
6401,0.01383
6402,0.0
6403,0.0
6404,0.0
6405,0.0
6406,0.0
6407,0.0
6408,0.0
6409,0.0
6410,0.0
6411,0.0
6412,0.0
6413,0.0
6414,0.02214
6415,0.08857999999999999
6416,0.13418
6417,0.13872
6418,0.10756
6419,0.1128
6420,0.26208
6421,0.24724000000000002
6422,0.23025
6423,0.15583000000000002
6424,0.06412999999999999
6425,0.01268
6426,0.0
6427,0.0
6428,0.0
6429,0.0
6430,0.0
6431,0.0
6432,0.0
6433,0.0
6434,0.0
6435,0.0
6436,0.0
6437,0.0
6438,0.02637
6439,0.0835
6440,0.10937000000000001
6441,0.11408
6442,0.18347
6443,0.21958000000000003
6444,0.24187999999999998
6445,0.19302
6446,0.17501
6447,0.13694
6448,0.05978
6449,0.00713
6450,0.0
6451,0.0
6452,0.0
6453,0.0
6454,0.0
6455,0.0
6456,0.0
6457,0.0
6458,0.0
6459,0.0
6460,0.0
6461,0.0
6462,0.019760000000000003
6463,0.0507
6464,0.07215
6465,0.06391
6466,0.07398
6467,0.08184000000000001
6468,0.11178
6469,0.176
6470,0.11251
6471,0.11284999999999999
6472,0.08042
6473,0.01298
6474,0.0
6475,0.0
6476,0.0
6477,0.0
6478,0.0
6479,0.0
6480,0.0
6481,0.0
6482,0.0
6483,0.0
6484,0.0
6485,0.0
6486,0.00271
6487,0.03471
6488,0.03599
6489,0.04122
6490,0.11452
6491,0.09915
6492,0.16609000000000002
6493,0.22569
6494,0.24727000000000002
6495,0.16155
6496,0.07940000000000001
6497,0.01134
6498,0.0
6499,0.0
6500,0.0
6501,0.0
6502,0.0
6503,0.0
6504,0.0
6505,0.0
6506,0.0
6507,0.0
6508,0.0
6509,0.0
6510,0.012320000000000001
6511,0.06461
6512,0.09383
6513,0.10790999999999999
6514,0.11953
6515,0.19733
6516,0.12781
6517,0.18518
6518,0.11238
6519,0.11498
6520,0.0685
6521,0.00911
6522,0.0
6523,0.0
6524,0.0
6525,0.0
6526,0.0
6527,0.0
6528,0.0
6529,0.0
6530,0.0
6531,0.0
6532,0.0
6533,0.0
6534,0.01905
6535,0.0619
6536,0.08043
6537,0.07858
6538,0.12097
6539,0.17621
6540,0.29392
6541,0.23006000000000001
6542,0.20711000000000002
6543,0.13635
6544,0.09441
6545,0.0124
6546,0.0
6547,0.0
6548,0.0
6549,0.0
6550,0.0
6551,0.0
6552,0.0
6553,0.0
6554,0.0
6555,0.0
6556,0.0
6557,0.0
6558,0.00323
6559,0.04684000000000001
6560,0.12196
6561,0.21805000000000002
6562,0.24011000000000002
6563,0.28686
6564,0.29223000000000005
6565,0.27772
6566,0.23853
6567,0.13586
6568,0.053200000000000004
6569,0.010119999999999999
6570,0.0
6571,0.0
6572,0.0
6573,0.0
6574,0.0
6575,0.0
6576,0.0
6577,0.0
6578,0.0
6579,0.0
6580,0.0
6581,0.0
6582,0.004690000000000001
6583,0.01719
6584,0.15069
6585,0.25688
6586,0.11862
6587,0.30699
6588,0.10133
6589,0.29312
6590,0.18031
6591,0.15203999999999998
6592,0.06817000000000001
6593,0.01325
6594,0.0
6595,0.0
6596,0.0
6597,0.0
6598,0.0
6599,0.0
6600,0.0
6601,0.0
6602,0.0
6603,0.0
6604,0.0
6605,0.0
6606,0.011009999999999999
6607,0.07737999999999999
6608,0.12912
6609,0.23033
6610,0.23556
6611,0.21191
6612,0.28513
6613,0.21778
6614,0.21617
6615,0.16326
6616,0.055560000000000005
6617,0.004
6618,0.0
6619,0.0
6620,0.0
6621,0.0
6622,0.0
6623,0.0
6624,0.0
6625,0.0
6626,0.0
6627,0.0
6628,0.0
6629,0.0
6630,0.00528
6631,0.07483
6632,0.14614
6633,0.21644999999999998
6634,0.20795
6635,0.18711000000000003
6636,0.23706
6637,0.24812
6638,0.2012
6639,0.15921000000000002
6640,0.08308
6641,0.007019999999999999
6642,0.0
6643,0.0
6644,0.0
6645,0.0
6646,0.0
6647,0.0
6648,0.0
6649,0.0
6650,0.0
6651,0.0
6652,0.0
6653,0.0
6654,0.02491
6655,0.09445999999999999
6656,0.12921000000000002
6657,0.14771
6658,0.16513999999999998
6659,0.22021000000000002
6660,0.21897
6661,0.26525
6662,0.2349
6663,0.14409
6664,0.07318999999999999
6665,0.01074
6666,0.0
6667,0.0
6668,0.0
6669,0.0
6670,0.0
6671,0.0
6672,0.0
6673,0.0
6674,0.0
6675,0.0
6676,0.0
6677,0.0
6678,0.018260000000000002
6679,0.07488
6680,0.06670999999999999
6681,0.08288
6682,0.08513
6683,0.102
6684,0.13169
6685,0.16738999999999998
6686,0.16652
6687,0.09869
6688,0.05695
6689,0.0108
6690,0.0
6691,0.0
6692,0.0
6693,0.0
6694,0.0
6695,0.0
6696,0.0
6697,0.0
6698,0.0
6699,0.0
6700,0.0
6701,0.0
6702,0.02871
6703,0.09386
6704,0.14301
6705,0.17151
6706,0.21819
6707,0.12143999999999999
6708,0.14014
6709,0.20498
6710,0.20047
6711,0.11885
6712,0.05767
6713,0.01063
6714,0.0
6715,0.0
6716,0.0
6717,0.0
6718,0.0
6719,0.0
6720,0.0
6721,0.0
6722,0.0
6723,0.0
6724,0.0
6725,0.0
6726,0.0058200000000000005
6727,0.02469
6728,0.11505
6729,0.16662000000000002
6730,0.18077000000000001
6731,0.22328
6732,0.26891000000000004
6733,0.23837
6734,0.18924000000000002
6735,0.14472
6736,0.08225
6737,0.01126
6738,0.0
6739,0.0
6740,0.0
6741,0.0
6742,0.0
6743,0.0
6744,0.0
6745,0.0
6746,0.0
6747,0.0
6748,0.0
6749,0.0
6750,0.02604
6751,0.07231
6752,0.08077
6753,0.10599
6754,0.13888999999999999
6755,0.20063
6756,0.17941
6757,0.16562000000000002
6758,0.19752
6759,0.12162
6760,0.07817
6761,0.01305
6762,0.0
6763,0.0
6764,0.0
6765,0.0
6766,0.0
6767,0.0
6768,0.0
6769,0.0
6770,0.0
6771,0.0
6772,0.0
6773,0.0
6774,0.023239999999999997
6775,0.06769
6776,0.11652
6777,0.11164
6778,0.21497999999999998
6779,0.182
6780,0.14702
6781,0.17632
6782,0.12440999999999999
6783,0.11914
6784,0.06842000000000001
6785,0.00845
6786,0.0
6787,0.0
6788,0.0
6789,0.0
6790,0.0
6791,0.0
6792,0.0
6793,0.0
6794,0.0
6795,0.0
6796,0.0
6797,0.0
6798,0.00939
6799,0.03732
6800,0.02283
6801,0.032479999999999995
6802,0.03359
6803,0.10413
6804,0.23201
6805,0.27686
6806,0.23897
6807,0.19486
6808,0.09687
6809,0.0152
6810,0.0
6811,0.0
6812,0.0
6813,0.0
6814,0.0
6815,0.0
6816,0.0
6817,0.0
6818,0.0
6819,0.0
6820,0.0
6821,0.0
6822,0.009130000000000001
6823,0.04088
6824,0.06591
6825,0.11494
6826,0.10725
6827,0.17653
6828,0.25795999999999997
6829,0.13219999999999998
6830,0.1466
6831,0.1456
6832,0.08287
6833,0.00793
6834,0.0
6835,0.0
6836,0.0
6837,0.0
6838,0.0
6839,0.0
6840,0.0
6841,0.0
6842,0.0
6843,0.0
6844,0.0
6845,0.0
6846,0.02026
6847,0.06118
6848,0.08231999999999999
6849,0.08147
6850,0.10836
6851,0.12937
6852,0.14108
6853,0.26733999999999997
6854,0.22131
6855,0.13122999999999999
6856,0.06116
6857,0.0025800000000000003
6858,0.0
6859,0.0
6860,0.0
6861,0.0
6862,0.0
6863,0.0
6864,0.0
6865,0.0
6866,0.0
6867,0.0
6868,0.0
6869,0.0
6870,0.01775
6871,0.04446
6872,0.10909
6873,0.21703999999999998
6874,0.28499
6875,0.22806
6876,0.20462
6877,0.21496
6878,0.13019999999999998
6879,0.15456999999999999
6880,0.05938
6881,0.006
6882,0.0
6883,0.0
6884,0.0
6885,0.0
6886,0.0
6887,0.0
6888,0.0
6889,0.0
6890,0.0
6891,0.0
6892,0.0
6893,0.0
6894,0.01504
6895,0.10485
6896,0.15421
6897,0.18450999999999998
6898,0.27032
6899,0.25651999999999997
6900,0.22716999999999998
6901,0.24645
6902,0.17797
6903,0.11109000000000001
6904,0.07102
6905,0.00805
6906,0.0
6907,0.0
6908,0.0
6909,0.0
6910,0.0
6911,0.0
6912,0.0
6913,0.0
6914,0.0
6915,0.0
6916,0.0
6917,0.0
6918,0.03003
6919,0.09958
6920,0.07081
6921,0.21991
6922,0.22291
6923,0.26644999999999996
6924,0.28368
6925,0.27312000000000003
6926,0.15774000000000002
6927,0.14103
6928,0.06382
6929,0.00845
6930,0.0
6931,0.0
6932,0.0
6933,0.0
6934,0.0
6935,0.0
6936,0.0
6937,0.0
6938,0.0
6939,0.0
6940,0.0
6941,0.0
6942,0.02111
6943,0.07343999999999999
6944,0.14768
6945,0.23097
6946,0.25153
6947,0.18072
6948,0.18916
6949,0.12323
6950,0.13788
6951,0.09068999999999999
6952,0.06153
6953,0.00404
6954,0.0
6955,0.0
6956,0.0
6957,0.0
6958,0.0
6959,0.0
6960,0.0
6961,0.0
6962,0.0
6963,0.0
6964,0.0
6965,0.0
6966,0.00383
6967,0.01828
6968,0.10987999999999999
6969,0.13693
6970,0.33077999999999996
6971,0.29479
6972,0.29494
6973,0.23553
6974,0.17314
6975,0.15728999999999999
6976,0.09467
6977,0.009609999999999999
6978,0.0
6979,0.0
6980,0.0
6981,0.0
6982,0.0
6983,0.0
6984,0.0
6985,0.0
6986,0.0
6987,0.0
6988,0.0
6989,0.0
6990,0.00642
6991,0.03125
6992,0.077
6993,0.18450999999999998
6994,0.24515
6995,0.23607
6996,0.27736
6997,0.291
6998,0.20177
6999,0.114
7000,0.061799999999999994
7001,0.0076100000000000004
7002,0.0
7003,0.0
7004,0.0
7005,0.0
7006,0.0
7007,0.0
7008,0.0
7009,0.0
7010,0.0
7011,0.0
7012,0.0
7013,0.0
7014,0.0
7015,0.01331
7016,0.024329999999999997
7017,0.033549999999999996
7018,0.15603999999999998
7019,0.17336000000000001
7020,0.24228
7021,0.18859
7022,0.19335
7023,0.15058000000000002
7024,0.08262
7025,0.0077
7026,0.0
7027,0.0
7028,0.0
7029,0.0
7030,0.0
7031,0.0
7032,0.0
7033,0.0
7034,0.0
7035,0.0
7036,0.0
7037,0.0
7038,0.0338
7039,0.09345999999999999
7040,0.1145
7041,0.099
7042,0.15456
7043,0.19046000000000002
7044,0.18985
7045,0.26122
7046,0.2026
7047,0.12382
7048,0.05009
7049,0.00984
7050,0.0
7051,0.0
7052,0.0
7053,0.0
7054,0.0
7055,0.0
7056,0.0
7057,0.0
7058,0.0
7059,0.0
7060,0.0
7061,0.0
7062,0.02014
7063,0.06282
7064,0.14248
7065,0.11223999999999999
7066,0.19413999999999998
7067,0.26786
7068,0.24314
7069,0.21631
7070,0.16061
7071,0.10348
7072,0.07522
7073,0.00874
7074,0.0
7075,0.0
7076,0.0
7077,0.0
7078,0.0
7079,0.0
7080,0.0
7081,0.0
7082,0.0
7083,0.0
7084,0.0
7085,0.0
7086,0.0246
7087,0.07515000000000001
7088,0.09633
7089,0.0783
7090,0.08331999999999999
7091,0.12319
7092,0.17868
7093,0.25443
7094,0.205
7095,0.14728
7096,0.053079999999999995
7097,0.00704
7098,0.0
7099,0.0
7100,0.0
7101,0.0
7102,0.0
7103,0.0
7104,0.0
7105,0.0
7106,0.0
7107,0.0
7108,0.0
7109,0.0
7110,0.01508
7111,0.038090000000000006
7112,0.047560000000000005
7113,0.09390000000000001
7114,0.14162
7115,0.16351
7116,0.16541
7117,0.2248
7118,0.20107
7119,0.13044999999999998
7120,0.05042
7121,0.00531
7122,0.0
7123,0.0
7124,0.0
7125,0.0
7126,0.0
7127,0.0
7128,0.0
7129,0.0
7130,0.0
7131,0.0
7132,0.0
7133,0.0
7134,0.02932
7135,0.07157
7136,0.10364
7137,0.1237
7138,0.10362
7139,0.15886
7140,0.22372999999999998
7141,0.21328
7142,0.17484
7143,0.08567
7144,0.044109999999999996
7145,0.00317
7146,0.0
7147,0.0
7148,0.0
7149,0.0
7150,0.0
7151,0.0
7152,0.0
7153,0.0
7154,0.0
7155,0.0
7156,0.0
7157,0.0
7158,0.01704
7159,0.055130000000000005
7160,0.16383
7161,0.18506
7162,0.23933000000000001
7163,0.24173
7164,0.21145
7165,0.22309
7166,0.21597999999999998
7167,0.03583
7168,0.03198
7169,0.00145
7170,0.0
7171,0.0
7172,0.0
7173,0.0
7174,0.0
7175,0.0
7176,0.0
7177,0.0
7178,0.0
7179,0.0
7180,0.0
7181,0.0
7182,0.0039900000000000005
7183,0.03872
7184,0.06781000000000001
7185,0.10668000000000001
7186,0.17571
7187,0.20745
7188,0.18030000000000002
7189,0.23567
7190,0.15516
7191,0.08249
7192,0.03194
7193,2.9999999999999997e-05
7194,0.0
7195,0.0
7196,0.0
7197,0.0
7198,0.0
7199,0.0
7200,0.0
7201,0.0
7202,0.0
7203,0.0
7204,0.0
7205,0.0
7206,0.012060000000000001
7207,0.08728
7208,0.1422
7209,0.17822
7210,0.13334000000000001
7211,0.2695
7212,0.23999
7213,0.29845
7214,0.20934999999999998
7215,0.13658
7216,0.05497
7217,0.01042
7218,0.0
7219,0.0
7220,0.0
7221,0.0
7222,0.0
7223,0.0
7224,0.0
7225,0.0
7226,0.0
7227,0.0
7228,0.0
7229,0.0
7230,0.0213
7231,0.09179000000000001
7232,0.17497
7233,0.19449
7234,0.27529000000000003
7235,0.27793
7236,0.179
7237,0.17016
7238,0.12138
7239,0.09465000000000001
7240,0.062340000000000007
7241,0.00886
7242,0.0
7243,0.0
7244,0.0
7245,0.0
7246,0.0
7247,0.0
7248,0.0
7249,0.0
7250,0.0
7251,0.0
7252,0.0
7253,0.0
7254,0.02817
7255,0.08823
7256,0.15250999999999998
7257,0.17163
7258,0.27492
7259,0.17428
7260,0.12495999999999999
7261,0.27076999999999996
7262,0.21434
7263,0.11489
7264,0.07324
7265,0.00754
7266,0.0
7267,0.0
7268,0.0
7269,0.0
7270,0.0
7271,0.0
7272,0.0
7273,0.0
7274,0.0
7275,0.0
7276,0.0
7277,0.0
7278,0.01209
7279,0.053270000000000005
7280,0.09714
7281,0.14671
7282,0.15334
7283,0.23714
7284,0.24095
7285,0.12986
7286,0.15024
7287,0.12251000000000001
7288,0.06301
7289,0.00886
7290,0.0
7291,0.0
7292,0.0
7293,0.0
7294,0.0
7295,0.0
7296,0.0
7297,0.0
7298,0.0
7299,0.0
7300,0.0
7301,0.0
7302,0.03199
7303,0.11513
7304,0.16353
7305,0.10809
7306,0.15988999999999998
7307,0.11133
7308,0.11784
7309,0.18309
7310,0.15312
7311,0.07457
7312,0.04521
7313,0.0015300000000000001
7314,0.0
7315,0.0
7316,0.0
7317,0.0
7318,0.0
7319,0.0
7320,0.0
7321,0.0
7322,0.0
7323,0.0
7324,0.0
7325,0.0
7326,0.013269999999999999
7327,0.05007
7328,0.09386
7329,0.14489
7330,0.18962
7331,0.18755000000000002
7332,0.17384
7333,0.11422
7334,0.1369
7335,0.07349
7336,0.039060000000000004
7337,0.00705
7338,0.0
7339,0.0
7340,0.0
7341,0.0
7342,0.0
7343,0.0
7344,0.0
7345,0.0
7346,0.0
7347,0.0
7348,0.0
7349,0.0
7350,0.02027
7351,0.07362
7352,0.11899
7353,0.09913
7354,0.14846
7355,0.15636000000000003
7356,0.14026
7357,0.18743
7358,0.13834
7359,0.12121
7360,0.05111
7361,0.00637
7362,0.0
7363,0.0
7364,0.0
7365,0.0
7366,0.0
7367,0.0
7368,0.0
7369,0.0
7370,0.0
7371,0.0
7372,0.0
7373,0.0
7374,0.0083
7375,0.0663
7376,0.11553000000000001
7377,0.13072999999999999
7378,0.12697
7379,0.20366
7380,0.22431
7381,0.17377
7382,0.16285
7383,0.13756000000000002
7384,0.05007
7385,0.00538
7386,0.0
7387,0.0
7388,0.0
7389,0.0
7390,0.0
7391,0.0
7392,0.0
7393,0.0
7394,0.0
7395,0.0
7396,0.0
7397,0.0
7398,0.0228
7399,0.072
7400,0.14416
7401,0.12337999999999999
7402,0.17344
7403,0.15300999999999998
7404,0.20653
7405,0.1711
7406,0.14939
7407,0.09386
7408,0.0442
7409,0.0043
7410,0.0
7411,0.0
7412,0.0
7413,0.0
7414,0.0
7415,0.0
7416,0.0
7417,0.0
7418,0.0
7419,0.0
7420,0.0
7421,0.0
7422,0.01676
7423,0.04646
7424,0.06634000000000001
7425,0.07775
7426,0.06948
7427,0.1178
7428,0.21359999999999998
7429,0.25509
7430,0.21893
7431,0.13641999999999999
7432,0.04819
7433,0.00511
7434,0.0
7435,0.0
7436,0.0
7437,0.0
7438,0.0
7439,0.0
7440,0.0
7441,0.0
7442,0.0
7443,0.0
7444,0.0
7445,0.0
7446,0.01791
7447,0.05798
7448,0.07336
7449,0.10734
7450,0.20088
7451,0.14709
7452,0.19747
7453,0.18233000000000002
7454,0.18747
7455,0.16115000000000002
7456,0.07474
7457,0.0054800000000000005
7458,0.0
7459,0.0
7460,0.0
7461,0.0
7462,0.0
7463,0.0
7464,0.0
7465,0.0
7466,0.0
7467,0.0
7468,0.0
7469,0.0
7470,0.01645
7471,0.06831
7472,0.13429
7473,0.13013
7474,0.17145
7475,0.22103
7476,0.16259
7477,0.27918
7478,0.23821
7479,0.12478
7480,0.07856
7481,0.00792
7482,0.0
7483,0.0
7484,0.0
7485,0.0
7486,0.0
7487,0.0
7488,0.0
7489,0.0
7490,0.0
7491,0.0
7492,0.0
7493,0.0
7494,0.02785
7495,0.11316
7496,0.12996000000000002
7497,0.23588
7498,0.29761000000000004
7499,0.32422
7500,0.29547
7501,0.24734
7502,0.19374
7503,0.11073999999999999
7504,0.07498
7505,0.00931
7506,0.0
7507,0.0
7508,0.0
7509,0.0
7510,0.0
7511,0.0
7512,0.0
7513,0.0
7514,0.0
7515,0.0
7516,0.0
7517,0.0
7518,0.006
7519,0.08556
7520,0.11320999999999999
7521,0.16836
7522,0.27408
7523,0.31632
7524,0.29325999999999997
7525,0.27958
7526,0.18874000000000002
7527,0.16013
7528,0.06401000000000001
7529,0.0062900000000000005
7530,0.0
7531,0.0
7532,0.0
7533,0.0
7534,0.0
7535,0.0
7536,0.0
7537,0.0
7538,0.0
7539,0.0
7540,0.0
7541,0.0
7542,0.0257
7543,0.09412999999999999
7544,0.14529
7545,0.22983
7546,0.2879
7547,0.2558
7548,0.33292
7549,0.21697
7550,0.17757
7551,0.11937
7552,0.032240000000000005
7553,0.00348
7554,0.0
7555,0.0
7556,0.0
7557,0.0
7558,0.0
7559,0.0
7560,0.0
7561,0.0
7562,0.0
7563,0.0
7564,0.0
7565,0.0
7566,0.0048200000000000005
7567,0.055049999999999995
7568,0.1153
7569,0.24863
7570,0.29917
7571,0.34998
7572,0.29246
7573,0.24187999999999998
7574,0.18672
7575,0.12791
7576,0.07064
7577,0.00445
7578,0.0
7579,0.0
7580,0.0
7581,0.0
7582,0.0
7583,0.0
7584,0.0
7585,0.0
7586,0.0
7587,0.0
7588,0.0
7589,0.0
7590,0.01167
7591,0.07327
7592,0.11642
7593,0.12638
7594,0.16165000000000002
7595,0.16040000000000001
7596,0.16526
7597,0.17401
7598,0.11869
7599,0.10476
7600,0.054810000000000005
7601,0.00431
7602,0.0
7603,0.0
7604,0.0
7605,0.0
7606,0.0
7607,0.0
7608,0.0
7609,0.0
7610,0.0
7611,0.0
7612,0.0
7613,0.0
7614,0.023829999999999997
7615,0.06354
7616,0.08301
7617,0.08672
7618,0.08476
7619,0.16213
7620,0.13577
7621,0.172
7622,0.1598
7623,0.10836
7624,0.05811
7625,0.00729
7626,0.0
7627,0.0
7628,0.0
7629,0.0
7630,0.0
7631,0.0
7632,0.0
7633,0.0
7634,0.0
7635,0.0
7636,0.0
7637,0.0
7638,0.01081
7639,0.03487
7640,0.06901
7641,0.05665
7642,0.06306
7643,0.03281
7644,0.02892
7645,0.27648
7646,0.19972
7647,0.08179
7648,0.07682
7649,0.005889999999999999
7650,0.0
7651,0.0
7652,0.0
7653,0.0
7654,0.0
7655,0.0
7656,0.0
7657,0.0
7658,0.0
7659,0.0
7660,0.0
7661,0.0
7662,0.026879999999999998
7663,0.09667
7664,0.056240000000000005
7665,0.061340000000000006
7666,0.10072
7667,0.13528
7668,0.15216
7669,0.12643000000000001
7670,0.1429
7671,0.07137
7672,0.046880000000000005
7673,0.004889999999999999
7674,0.0
7675,0.0
7676,0.0
7677,0.0
7678,0.0
7679,0.0
7680,0.0
7681,0.0
7682,0.0
7683,0.0
7684,0.0
7685,0.0
7686,0.01866
7687,0.0699
7688,0.09783
7689,0.13153
7690,0.11573
7691,0.07131
7692,0.17981
7693,0.11706
7694,0.09744
7695,0.10275
7696,0.0357
7697,0.00795
7698,0.0
7699,0.0
7700,0.0
7701,0.0
7702,0.0
7703,0.0
7704,0.0
7705,0.0
7706,0.0
7707,0.0
7708,0.0
7709,0.0
7710,0.0
7711,0.00608
7712,0.03442
7713,0.09123
7714,0.14529
7715,0.14846
7716,0.12688
7717,0.24027
7718,0.13275
7719,0.13088999999999998
7720,0.056409999999999995
7721,0.00792
7722,0.0
7723,0.0
7724,0.0
7725,0.0
7726,0.0
7727,0.0
7728,0.0
7729,0.0
7730,0.0
7731,0.0
7732,0.0
7733,0.0
7734,0.01998
7735,0.06492
7736,0.09340000000000001
7737,0.12078
7738,0.13166999999999998
7739,0.10834
7740,0.15837
7741,0.15940000000000001
7742,0.10081999999999999
7743,0.08584
7744,0.04428
7745,0.00315
7746,0.0
7747,0.0
7748,0.0
7749,0.0
7750,0.0
7751,0.0
7752,0.0
7753,0.0
7754,0.0
7755,0.0
7756,0.0
7757,0.0
7758,0.011009999999999999
7759,0.052520000000000004
7760,0.12644
7761,0.14097
7762,0.1216
7763,0.138
7764,0.18433000000000002
7765,0.16387000000000002
7766,0.12534
7767,0.10574
7768,0.054799999999999995
7769,0.0029500000000000004
7770,0.0
7771,0.0
7772,0.0
7773,0.0
7774,0.0
7775,0.0
7776,0.0
7777,0.0
7778,0.0
7779,0.0
7780,0.0
7781,0.0
7782,0.00994
7783,0.08756
7784,0.14633000000000002
7785,0.15978
7786,0.20668
7787,0.15684
7788,0.20202
7789,0.18318
7790,0.16094
7791,0.15424000000000002
7792,0.05774
7793,0.004860000000000001
7794,0.0
7795,0.0
7796,0.0
7797,0.0
7798,0.0
7799,0.0
7800,0.0
7801,0.0
7802,0.0
7803,0.0
7804,0.0
7805,0.0
7806,0.01773
7807,0.07208
7808,0.10586
7809,0.18478999999999998
7810,0.14502
7811,0.16896
7812,0.10981999999999999
7813,0.19227
7814,0.11861
7815,0.08311
7816,0.06262
7817,0.0044
7818,0.0
7819,0.0
7820,0.0
7821,0.0
7822,0.0
7823,0.0
7824,0.0
7825,0.0
7826,0.0
7827,0.0
7828,0.0
7829,0.0
7830,0.02153
7831,0.08
7832,0.09686
7833,0.14033
7834,0.17889
7835,0.24194
7836,0.21784
7837,0.13451
7838,0.11886
7839,0.11556
7840,0.07887000000000001
7841,0.00869
7842,0.0
7843,0.0
7844,0.0
7845,0.0
7846,0.0
7847,0.0
7848,0.0
7849,0.0
7850,0.0
7851,0.0
7852,0.0
7853,0.0
7854,0.02496
7855,0.0854
7856,0.13575
7857,0.14079
7858,0.16241999999999998
7859,0.18546
7860,0.2268
7861,0.12247
7862,0.15093
7863,0.09145
7864,0.04095
7865,0.00508
7866,0.0
7867,0.0
7868,0.0
7869,0.0
7870,0.0
7871,0.0
7872,0.0
7873,0.0
7874,0.0
7875,0.0
7876,0.0
7877,0.0
7878,0.011949999999999999
7879,0.07805
7880,0.15585
7881,0.2127
7882,0.14912
7883,0.15935
7884,0.26206999999999997
7885,0.23187
7886,0.16883
7887,0.07942
7888,0.04083
7889,0.0069500000000000004
7890,0.0
7891,0.0
7892,0.0
7893,0.0
7894,0.0
7895,0.0
7896,0.0
7897,0.0
7898,0.0
7899,0.0
7900,0.0
7901,0.0
7902,0.017920000000000002
7903,0.08897
7904,0.09201000000000001
7905,0.11963
7906,0.10013
7907,0.11515
7908,0.11816
7909,0.1709
7910,0.16468
7911,0.10812999999999999
7912,0.0601
7913,0.00897
7914,0.0
7915,0.0
7916,0.0
7917,0.0
7918,0.0
7919,0.0
7920,0.0
7921,0.0
7922,0.0
7923,0.0
7924,0.0
7925,0.0
7926,0.01815
7927,0.05253
7928,0.07026
7929,0.07786
7930,0.09226000000000001
7931,0.10694
7932,0.10904000000000001
7933,0.15434
7934,0.14226
7935,0.11739
7936,0.06543
7937,0.012960000000000001
7938,0.0
7939,0.0
7940,0.0
7941,0.0
7942,0.0
7943,0.0
7944,0.0
7945,0.0
7946,0.0
7947,0.0
7948,0.0
7949,0.0
7950,0.02723
7951,0.10855
7952,0.15503999999999998
7953,0.16749
7954,0.18334999999999999
7955,0.27658
7956,0.29696
7957,0.24581999999999998
7958,0.21709
7959,0.09063
7960,0.06254
7961,0.0095
7962,0.0
7963,0.0
7964,0.0
7965,0.0
7966,0.0
7967,0.0
7968,0.0
7969,0.0
7970,0.0
7971,0.0
7972,0.0
7973,0.0
7974,0.02454
7975,0.09743
7976,0.17718
7977,0.24694999999999998
7978,0.27123
7979,0.30495999999999995
7980,0.26832
7981,0.18797
7982,0.15868000000000002
7983,0.12095
7984,0.04682
7985,0.00501
7986,0.0
7987,0.0
7988,0.0
7989,0.0
7990,0.0
7991,0.0
7992,0.0
7993,0.0
7994,0.0
7995,0.0
7996,0.0
7997,0.0
7998,0.01684
7999,0.08331999999999999
8000,0.11248999999999999
8001,0.0863
8002,0.14318999999999998
8003,0.08761
8004,0.10314
8005,0.10851000000000001
8006,0.08437
8007,0.06802
8008,0.03725
8009,0.00753
8010,0.0
8011,0.0
8012,0.0
8013,0.0
8014,0.0
8015,0.0
8016,0.0
8017,0.0
8018,0.0
8019,0.0
8020,0.0
8021,0.0
8022,0.01202
8023,0.07357
8024,0.10382
8025,0.12896000000000002
8026,0.16522
8027,0.20823
8028,0.16634000000000002
8029,0.1575
8030,0.15461000000000003
8031,0.12472
8032,0.07425
8033,0.01018
8034,0.0
8035,0.0
8036,0.0
8037,0.0
8038,0.0
8039,0.0
8040,0.0
8041,0.0
8042,0.0
8043,0.0
8044,0.0
8045,0.0
8046,0.01423
8047,0.04579
8048,0.061759999999999995
8049,0.09195
8050,0.09776
8051,0.15972
8052,0.15816
8053,0.11527
8054,0.15111000000000002
8055,0.09770000000000001
8056,0.07468000000000001
8057,0.0076500000000000005
8058,0.0
8059,0.0
8060,0.0
8061,0.0
8062,0.0
8063,0.0
8064,0.0
8065,0.0
8066,0.0
8067,0.0
8068,0.0
8069,0.0
8070,0.012150000000000001
8071,0.06257
8072,0.09948
8073,0.14121
8074,0.19473
8075,0.15033000000000002
8076,0.15858
8077,0.13059
8078,0.09169
8079,0.07706
8080,0.04347
8081,0.00528
8082,0.0
8083,0.0
8084,0.0
8085,0.0
8086,0.0
8087,0.0
8088,0.0
8089,0.0
8090,0.0
8091,0.0
8092,0.0
8093,0.0
8094,0.015460000000000002
8095,0.0958
8096,0.10773
8097,0.15245
8098,0.20078000000000001
8099,0.22496000000000002
8100,0.2455
8101,0.15314
8102,0.16744
8103,0.13748
8104,0.04807
8105,0.00579
8106,0.0
8107,0.0
8108,0.0
8109,0.0
8110,0.0
8111,0.0
8112,0.0
8113,0.0
8114,0.0
8115,0.0
8116,0.0
8117,0.0
8118,0.0134
8119,0.06966
8120,0.11824
8121,0.13939
8122,0.14802
8123,0.13745
8124,0.26466
8125,0.20962999999999998
8126,0.25765
8127,0.15536000000000003
8128,0.08496
8129,0.00902
8130,0.0
8131,0.0
8132,0.0
8133,0.0
8134,0.0
8135,0.0
8136,0.0
8137,0.0
8138,0.0
8139,0.0
8140,0.0
8141,0.0
8142,0.0027400000000000002
8143,0.04704
8144,0.11752
8145,0.21685
8146,0.23223
8147,0.30557999999999996
8148,0.26185
8149,0.25482
8150,0.14
8151,0.09939
8152,0.06414
8153,0.0023799999999999997
8154,0.0
8155,0.0
8156,0.0
8157,0.0
8158,0.0
8159,0.0
8160,0.0
8161,0.0
8162,0.0
8163,0.0
8164,0.0
8165,0.0
8166,0.011619999999999998
8167,0.06363
8168,0.09489
8169,0.17822
8170,0.21324
8171,0.17833000000000002
8172,0.15153
8173,0.18819999999999998
8174,0.15775
8175,0.09944
8176,0.06182
8177,0.00379
8178,0.0
8179,0.0
8180,0.0
8181,0.0
8182,0.0
8183,0.0
8184,0.0
8185,0.0
8186,0.0
8187,0.0
8188,0.0
8189,0.0
8190,0.0099
8191,0.0533
8192,0.09536
8193,0.09384999999999999
8194,0.11627
8195,0.11871999999999999
8196,0.15381
8197,0.14074
8198,0.20261
8199,0.13066999999999998
8200,0.07145
8201,0.00622
8202,0.0
8203,0.0
8204,0.0
8205,0.0
8206,0.0
8207,0.0
8208,0.0
8209,0.0
8210,0.0
8211,0.0
8212,0.0
8213,0.0
8214,0.01576
8215,0.0737
8216,0.10840999999999999
8217,0.09011
8218,0.10967
8219,0.17324
8220,0.14555
8221,0.18572
8222,0.13902
8223,0.10712
8224,0.06078
8225,0.00869
8226,0.0
8227,0.0
8228,0.0
8229,0.0
8230,0.0
8231,0.0
8232,0.0
8233,0.0
8234,0.0
8235,0.0
8236,0.0
8237,0.0
8238,0.0162
8239,0.09778
8240,0.1408
8241,0.21674000000000002
8242,0.15904
8243,0.17628
8244,0.29055000000000003
8245,0.26189999999999997
8246,0.18481
8247,0.09901
8248,0.028120000000000003
8249,0.00783
8250,0.0
8251,0.0
8252,0.0
8253,0.0
8254,0.0
8255,0.0
8256,0.0
8257,0.0
8258,0.0
8259,0.0
8260,0.0
8261,0.0
8262,0.02097
8263,0.09162999999999999
8264,0.17331
8265,0.1856
8266,0.14471
8267,0.246
8268,0.27947000000000005
8269,0.1674
8270,0.13536
8271,0.12516
8272,0.05374
8273,0.008029999999999999
8274,0.0
8275,0.0
8276,0.0
8277,0.0
8278,0.0
8279,0.0
8280,0.0
8281,0.0
8282,0.0
8283,0.0
8284,0.0
8285,0.0
8286,0.01838
8287,0.10756
8288,0.17207
8289,0.204
8290,0.25672
8291,0.24496
8292,0.22936
8293,0.11824
8294,0.12373
8295,0.07511
8296,0.08206999999999999
8297,0.00501
8298,0.0
8299,0.0
8300,0.0
8301,0.0
8302,0.0
8303,0.0
8304,0.0
8305,0.0
8306,0.0
8307,0.0
8308,0.0
8309,0.0
8310,0.01016
8311,0.06756999999999999
8312,0.15403999999999998
8313,0.22382
8314,0.29932
8315,0.21322
8316,0.21183000000000002
8317,0.24155000000000001
8318,0.21467
8319,0.14322
8320,0.07958
8321,0.01416
8322,0.0
8323,0.0
8324,0.0
8325,0.0
8326,0.0
8327,0.0
8328,0.0
8329,0.0
8330,0.0
8331,0.0
8332,0.0
8333,0.0
8334,0.01461
8335,0.060759999999999995
8336,0.10536
8337,0.15281999999999998
8338,0.1071
8339,0.1232
8340,0.1512
8341,0.21980000000000002
8342,0.16627
8343,0.09397
8344,0.05817
8345,0.01056
8346,0.0
8347,0.0
8348,0.0
8349,0.0
8350,0.0
8351,0.0
8352,0.0
8353,0.0
8354,0.0
8355,0.0
8356,0.0
8357,0.0
8358,0.0067800000000000004
8359,0.06331
8360,0.09841
8361,0.147
8362,0.17448
8363,0.28198
8364,0.2845
8365,0.1429
8366,0.10553
8367,0.07044
8368,0.02983
8369,0.0016
8370,0.0
8371,0.0
8372,0.0
8373,0.0
8374,0.0
8375,0.0
8376,0.0
8377,0.0
8378,0.0
8379,0.0
8380,0.0
8381,0.0
8382,0.00242
8383,0.02981
8384,0.07147
8385,0.14041
8386,0.09478
8387,0.15115
8388,0.21694999999999998
8389,0.26725
8390,0.15047
8391,0.07859999999999999
8392,0.04586
8393,0.00817
8394,0.0
8395,0.0
8396,0.0
8397,0.0
8398,0.0
8399,0.0
8400,0.0
8401,0.0
8402,0.0
8403,0.0
8404,0.0
8405,0.0
8406,0.00754
8407,0.07046
8408,0.14274
8409,0.19301
8410,0.19094
8411,0.22141
8412,0.25771
8413,0.25477
8414,0.2081
8415,0.1495
8416,0.07219
8417,0.0049900000000000005
8418,0.0
8419,0.0
8420,0.0
8421,0.0
8422,0.0
8423,0.0
8424,0.0
8425,0.0
8426,0.0
8427,0.0
8428,0.0
8429,0.0
8430,0.012150000000000001
8431,0.057890000000000004
8432,0.09255
8433,0.13022
8434,0.13828000000000001
8435,0.14427
8436,0.12802000000000002
8437,0.23759
8438,0.22341
8439,0.10029
8440,0.09117
8441,0.015220000000000001
8442,0.0
8443,0.0
8444,0.0
8445,0.0
8446,0.0
8447,0.0
8448,0.0
8449,0.0
8450,0.0
8451,0.0
8452,0.0
8453,0.0
8454,0.00552
8455,0.038439999999999995
8456,0.09406
8457,0.11918000000000001
8458,0.14185
8459,0.1031
8460,0.17459
8461,0.16724
8462,0.17605
8463,0.08646
8464,0.07490000000000001
8465,0.00873
8466,0.0
8467,0.0
8468,0.0
8469,0.0
8470,0.0
8471,0.0
8472,0.0
8473,0.0
8474,0.0
8475,0.0
8476,0.0
8477,0.0
8478,0.00917
8479,0.0649
8480,0.10426
8481,0.15006999999999998
8482,0.16405
8483,0.16155
8484,0.15333000000000002
8485,0.13468
8486,0.14726
8487,0.08771999999999999
8488,0.07362
8489,0.01175
8490,0.0
8491,0.0
8492,0.0
8493,0.0
8494,0.0
8495,0.0
8496,0.0
8497,0.0
8498,0.0
8499,0.0
8500,0.0
8501,0.0
8502,0.00525
8503,0.05215
8504,0.08945
8505,0.16606
8506,0.11023999999999999
8507,0.16521
8508,0.16838
8509,0.16646
8510,0.12298
8511,0.11284999999999999
8512,0.08888
8513,0.01695
8514,0.0
8515,0.0
8516,0.0
8517,0.0
8518,0.0
8519,0.0
8520,0.0
8521,0.0
8522,0.0
8523,0.0
8524,0.0
8525,0.0
8526,0.01226
8527,0.09595999999999999
8528,0.15847999999999998
8529,0.20665
8530,0.28026
8531,0.30007
8532,0.23005
8533,0.2008
8534,0.17589
8535,0.17471
8536,0.04467
8537,0.01018
8538,0.0
8539,0.0
8540,0.0
8541,0.0
8542,0.0
8543,0.0
8544,0.0
8545,0.0
8546,0.0
8547,0.0
8548,0.0
8549,0.0
8550,0.00848
8551,0.05846
8552,0.14792
8553,0.19379
8554,0.23618
8555,0.29275
8556,0.2842
8557,0.13579
8558,0.14207
8559,0.07292
8560,0.0501
8561,0.016079999999999997
8562,0.0
8563,0.0
8564,0.0
8565,0.0
8566,0.0
8567,0.0
8568,0.0
8569,0.0
8570,0.0
8571,0.0
8572,0.0
8573,0.0
8574,0.00916
8575,0.05861
8576,0.07798000000000001
8577,0.1007
8578,0.10311
8579,0.13471
8580,0.09394
8581,0.10767
8582,0.16912
8583,0.11592
8584,0.03726
8585,0.013009999999999999
8586,0.0
8587,0.0
8588,0.0
8589,0.0
8590,0.0
8591,0.0
8592,0.0
8593,0.0
8594,0.0
8595,0.0
8596,0.0
8597,0.0
8598,0.0061600000000000005
8599,0.05299
8600,0.09723000000000001
8601,0.16337000000000002
8602,0.2268
8603,0.21002
8604,0.23283
8605,0.26923
8606,0.23467
8607,0.17078
8608,0.060020000000000004
8609,0.011009999999999999
8610,0.0
8611,0.0
8612,0.0
8613,0.0
8614,0.0
8615,0.0
8616,0.0
8617,0.0
8618,0.0
8619,0.0
8620,0.0
8621,0.0
8622,0.00078
8623,0.019559999999999998
8624,0.07129
8625,0.12178
8626,0.23509
8627,0.21395
8628,0.28431
8629,0.25457
8630,0.21905000000000002
8631,0.14028
8632,0.057909999999999996
8633,0.01354
8634,0.0
8635,0.0
8636,0.0
8637,0.0
8638,0.0
8639,0.0
8640,0.0
8641,0.0
8642,0.0
8643,0.0
8644,0.0
8645,0.0
8646,0.00426
8647,0.03624
8648,0.11355
8649,0.11231000000000001
8650,0.14611000000000002
8651,0.12929
8652,0.17695
8653,0.18709
8654,0.15358000000000002
8655,0.06717000000000001
8656,0.062490000000000004
8657,0.00819
8658,0.0
8659,0.0
8660,0.0
8661,0.0
8662,0.0
8663,0.0
8664,0.0
8665,0.0
8666,0.0
8667,0.0
8668,0.0
8669,0.0
8670,0.0029
8671,0.03882
8672,0.08314
8673,0.1439
8674,0.19154
8675,0.19322999999999999
8676,0.22933
8677,0.18478
8678,0.17365
8679,0.11327
8680,0.07658
8681,0.01747
8682,0.0
8683,0.0
8684,0.0
8685,0.0
8686,0.0
8687,0.0
8688,0.0
8689,0.0
8690,0.0
8691,0.0
8692,0.0
8693,0.0
8694,0.00392
8695,0.030670000000000003
8696,0.11478000000000001
8697,0.11237
8698,0.13661
8699,0.15688
8700,0.16335
8701,0.103
8702,0.14690999999999999
8703,0.09667
8704,0.06409000000000001
8705,0.00696
8706,0.0
8707,0.0
8708,0.0
8709,0.0
8710,0.0
8711,0.0
8712,0.0
8713,0.0
8714,0.0
8715,0.0
8716,0.0
8717,0.0
8718,0.00601
8719,0.054950000000000006
8720,0.10228
8721,0.15221
8722,0.19944
8723,0.14440999999999998
8724,0.125
8725,0.15769999999999998
8726,0.14648
8727,0.0938
8728,0.05279
8729,0.01069
8730,0.0
8731,0.0
8732,0.0
8733,0.0
8734,0.0
8735,0.0
8736,0.0
8737,0.0
8738,0.0
8739,0.0
8740,0.0
8741,0.0
8742,0.0074
8743,0.07056
8744,0.10413
8745,0.07868
8746,0.10246
8747,0.1265
8748,0.13506
8749,0.17739
8750,0.12287000000000001
8751,0.1517
8752,0.09344
8753,0.09375
8754,0.0
8755,0.0
8756,0.0
8757,0.0
8758,0.0
8759,0.0
