,pv_per_unit
0,0.0
1,0.0
2,0.0
3,0.0
4,0.0
5,0.0
6,0.01461
7,0.14024
8,0.36169999999999997
9,0.48958999999999997
10,0.5144299999999999
11,0.4697
12,0.5215
13,0.6005900000000001
14,0.48629
15,0.29434
16,0.13958
17,0.01245
18,0.0
19,0.0
20,0.0
21,0.0
22,0.0
23,0.0
24,0.0
25,0.0
26,0.0
27,0.0
28,0.0
29,0.0
30,0.02307
31,0.16738999999999998
32,0.29633
33,0.27823000000000003
34,0.42529
35,0.49889999999999995
36,0.5418099999999999
37,0.48160000000000003
38,0.45508
39,0.26641000000000004
40,0.12168000000000001
41,0.012960000000000001
42,0.0
43,0.0
44,0.0
45,0.0
46,0.0
47,0.0
48,0.0
49,0.0
50,0.0
51,0.0
52,0.0
53,0.0
54,0.028390000000000002
55,0.22219
56,0.38092000000000004
57,0.5372100000000001
58,0.6213500000000001
59,0.66769
60,0.6272000000000001
61,0.64202
62,0.47595
63,0.37465
64,0.17836000000000002
65,0.007980000000000001
66,0.0
67,0.0
68,0.0
69,0.0
70,0.0
71,0.0
72,0.0
73,0.0
74,0.0
75,0.0
76,0.0
77,0.0
78,0.02727
79,0.19275
80,0.39642
81,0.5535
82,0.6695599999999999
83,0.65078
84,0.6855399999999999
85,0.59373
86,0.48438
87,0.29574
88,0.16977
89,0.00764
90,0.0
91,0.0
92,0.0
93,0.0
94,0.0
95,0.0
96,0.0
97,0.0
98,0.0
99,0.0
100,0.0
101,0.0
102,0.02207
103,0.18681
104,0.37439
105,0.5153099999999999
106,0.59257
107,0.6455700000000001
108,0.5965199999999999
109,0.6269199999999999
110,0.51734
111,0.35342
112,0.17653
113,0.008289999999999999
114,0.0
115,0.0
116,0.0
117,0.0
118,0.0
119,0.0
120,0.0
121,0.0
122,0.0
123,0.0
124,0.0
125,0.0
126,0.020370000000000003
127,0.15672
128,0.30751
129,0.47248
130,0.5468500000000001
131,0.55196
132,0.5879500000000001
133,0.48020999999999997
134,0.45630000000000004
135,0.32233
136,0.15844
137,0.022690000000000002
138,0.0
139,0.0
140,0.0
141,0.0
142,0.0
143,0.0
144,0.0
145,0.0
146,0.0
147,0.0
148,0.0
149,0.0
150,0.009380000000000001
151,0.09437999999999999
152,0.22046000000000002
153,0.33585000000000004
154,0.41997
155,0.42616000000000004
156,0.43288
157,0.48437
158,0.5039399999999999
159,0.31351999999999997
160,0.18064
161,0.03208
162,0.0
163,0.0
164,0.0
165,0.0
166,0.0
167,0.0
168,0.0
169,0.0
170,0.0
171,0.0
172,0.0
173,0.0
174,0.01341
175,0.109
176,0.12185
177,0.28986
178,0.44099
179,0.43024
180,0.5776399999999999
181,0.6079600000000001
182,0.50596
183,0.33601
184,0.16977
185,0.024149999999999998
186,0.0
187,0.0
188,0.0
189,0.0
190,0.0
191,0.0
192,0.0
193,0.0
194,0.0
195,0.0
196,0.0
197,0.0
198,0.00878
199,0.09003
200,0.11014
201,0.15731
202,0.21025
203,0.37045
204,0.53999
205,0.49354000000000003
206,0.38862
207,0.244
208,0.09881999999999999
209,0.01878
210,0.0
211,0.0
212,0.0
213,0.0
214,0.0
215,0.0
216,0.0
217,0.0
218,0.0
219,0.0
220,0.0
221,0.0
222,0.00831
223,0.06583
224,0.20151
225,0.29369
226,0.25739
227,0.37349
228,0.36415
229,0.50382
230,0.41925
231,0.28961000000000003
232,0.17446
233,0.03707
234,0.0
235,0.0
236,0.0
237,0.0
238,0.0
239,0.0
240,0.0
241,0.0
242,0.0
243,0.0
244,0.0
245,0.0
246,0.00471
247,0.05892
248,0.14564
249,0.20519
250,0.19041
251,0.24381
252,0.33879000000000004
253,0.59762
254,0.46169
255,0.35507
256,0.16324
257,0.03251
258,0.0
259,0.0
260,0.0
261,0.0
262,0.0
263,0.0
264,0.0
265,0.0
266,0.0
267,0.0
268,0.0
269,0.0
270,0.01282
271,0.11865
272,0.26433999999999996
273,0.40211
274,0.45327999999999996
275,0.55287
276,0.48162
277,0.49019999999999997
278,0.5283300000000001
279,0.351
280,0.16534000000000001
281,0.023739999999999997
282,0.0
283,0.0
284,0.0
285,0.0
286,0.0
287,0.0
288,0.0
289,0.0
290,0.0
291,0.0
292,0.0
293,0.0
294,0.019600000000000003
295,0.12562
296,0.28535000000000005
297,0.44114
298,0.59058
299,0.57013
300,0.60675
301,0.53662
302,0.45998
303,0.28158999999999995
304,0.15581
305,0.019190000000000002
306,0.0
307,0.0
308,0.0
309,0.0
310,0.0
311,0.0
312,0.0
313,0.0
314,0.0
315,0.0
316,0.0
317,0.0
318,0.01772
319,0.13059
320,0.27119
321,0.42852999999999997
322,0.5429700000000001
323,0.60076
324,0.6212000000000001
325,0.43178
326,0.32488
327,0.17237
328,0.15112
329,0.0272
330,0.0
331,0.0
332,0.0
333,0.0
334,0.0
335,0.0
336,0.0
337,0.0
338,0.0
339,0.0
340,0.0
341,0.0
342,0.019260000000000003
343,0.15106
344,0.34549
345,0.48738
346,0.48562
347,0.5621799999999999
348,0.62702
349,0.55545
350,0.47708
351,0.31725
352,0.18593
353,0.02972
354,0.0
355,0.0
356,0.0
357,0.0
358,0.0
359,0.0
360,0.0
361,0.0
362,0.0
363,0.0
364,0.0
365,0.0
366,0.015189999999999999
367,0.15214
368,0.24858000000000002
369,0.32402
370,0.46985000000000005
371,0.47681999999999997
372,0.46575
373,0.57756
374,0.44481
375,0.3431
376,0.13852
377,0.02282
378,0.0
379,0.0
380,0.0
381,0.0
382,0.0
383,0.0
384,0.0
385,0.0
386,0.0
387,0.0
388,0.0
389,0.0
390,0.02078
391,0.20029
392,0.40606
393,0.54155
394,0.5161100000000001
395,0.5649299999999999
396,0.59421
397,0.39563
398,0.50399
399,0.38732
400,0.15687
401,0.024300000000000002
402,0.0
403,0.0
404,0.0
405,0.0
406,0.0
407,0.0
408,0.0
409,0.0
410,0.0
411,0.0
412,0.0
413,0.0
414,0.01303
415,0.14051
416,0.22313
417,0.2881
418,0.33155
419,0.40291000000000005
420,0.58687
421,0.66162
422,0.5569400000000001
423,0.36617
424,0.17027
425,0.03401
426,0.0
427,0.0
428,0.0
429,0.0
430,0.0
431,0.0
432,0.0
433,0.0
434,0.0
435,0.0
436,0.0
437,0.0
438,0.01659
439,0.16511
440,0.27171
441,0.35101
442,0.46117
443,0.49767
444,0.5928300000000001
445,0.59782
446,0.43485
447,0.35625999999999997
448,0.21878
449,0.04036
450,0.0
451,0.0
452,0.0
453,0.0
454,0.0
455,0.0
456,0.0
457,0.0
458,0.0
459,0.0
460,0.0
461,0.0
462,0.018
463,0.12875
464,0.28948
465,0.42979
466,0.44174
467,0.60791
468,0.63513
469,0.51842
470,0.48825999999999997
471,0.33329000000000003
472,0.16487000000000002
473,0.036
474,0.0
475,0.0
476,0.0
477,0.0
478,0.0
479,0.0
480,0.0
481,0.0
482,0.0
483,0.0
484,0.0
485,0.0
486,0.015009999999999999
487,0.14917
488,0.35861000000000004
489,0.54447
490,0.64963
491,0.64766
492,0.6202300000000001
493,0.5659099999999999
494,0.43739
495,0.35845
496,0.20983000000000002
497,0.04256
498,0.0
499,0.0
500,0.0
501,0.0
502,0.0
503,0.0
504,0.0
505,0.0
506,0.0
507,0.0
508,0.0
509,0.0
510,0.016210000000000002
511,0.13931
512,0.33747000000000005
513,0.35278
514,0.53807
515,0.65877
516,0.65558
517,0.58773
518,0.47293
519,0.36811
520,0.22055000000000002
521,0.04275
522,0.0
523,0.0
524,0.0
525,0.0
526,0.0
527,0.0
528,0.0
529,0.0
530,0.0
531,0.0
532,0.0
533,0.0
534,0.01811
535,0.1971
536,0.38580000000000003
537,0.51576
538,0.64352
539,0.7122999999999999
540,0.6686
541,0.64608
542,0.5340900000000001
543,0.39483999999999997
544,0.22002000000000002
545,0.04403
546,0.0
547,0.0
548,0.0
549,0.0
550,0.0
551,0.0
552,0.0
553,0.0
554,0.0
555,0.0
556,0.0
557,0.0
558,0.01878
559,0.18029
560,0.40879000000000004
561,0.54803
562,0.65586
563,0.6822999999999999
564,0.6735599999999999
565,0.60473
566,0.53984
567,0.39113
568,0.23806
569,0.05632
570,0.0
571,0.0
572,0.0
573,0.0
574,0.0
575,0.0
576,0.0
577,0.0
578,0.0
579,0.0
580,0.0
581,0.0
582,0.01729
583,0.19365000000000002
584,0.37533
585,0.53749
586,0.6367999999999999
587,0.6781699999999999
588,0.62338
589,0.56114
590,0.51722
591,0.37102999999999997
592,0.23959
593,0.05518
594,0.0
595,0.0
596,0.0
597,0.0
598,0.0
599,0.0
600,0.0
601,0.0
602,0.0
603,0.0
604,0.0
605,0.0
606,0.01599
607,0.17961000000000002
608,0.3845
609,0.52028
610,0.6257999999999999
611,0.67614
612,0.6755399999999999
613,0.5911000000000001
614,0.51203
615,0.28643
616,0.22838999999999998
617,0.04722
618,0.0
619,0.0
620,0.0
621,0.0
622,0.0
623,0.0
624,0.0
625,0.0
626,0.0
627,0.0
628,0.0
629,0.0
630,0.01392
631,0.14016
632,0.33009
633,0.45654
634,0.5884199999999999
635,0.60435
636,0.56688
637,0.59078
638,0.47274
639,0.28017000000000003
640,0.21434999999999998
641,0.03735
642,0.0
643,0.0
644,0.0
645,0.0
646,0.0
647,0.0
648,0.0
649,0.0
650,0.0
651,0.0
652,0.0
653,0.0
654,0.01514
655,0.18123
656,0.31783
657,0.45919
658,0.60452
659,0.6147999999999999
660,0.54926
661,0.5122899999999999
662,0.46728
663,0.30160000000000003
664,0.17708000000000002
665,0.02842
666,0.0
667,0.0
668,0.0
669,0.0
670,0.0
671,0.0
672,0.0
673,0.0
674,0.0
675,0.0
676,0.0
677,0.0
678,0.01436
679,0.17537
680,0.36637000000000003
681,0.49763
682,0.6206900000000001
683,0.62114
684,0.64652
685,0.6534800000000001
686,0.47939
687,0.37393
688,0.15063
689,0.04038
690,0.0
691,0.0
692,0.0
693,0.0
694,0.0
695,0.0
696,0.0
697,0.0
698,0.0
699,0.0
700,0.0
701,0.0
702,0.01453
703,0.16831000000000002
704,0.33297000000000004
705,0.48871
706,0.54206
707,0.56323
708,0.54962
709,0.44082
710,0.3262
711,0.24868
712,0.09789
713,0.023969999999999998
714,0.0
715,0.0
716,0.0
717,0.0
718,0.0
719,0.0
720,0.0
721,0.0
722,0.0
723,0.0
724,0.0
725,0.0
726,0.01579
727,0.16243000000000002
728,0.25084
729,0.41716000000000003
730,0.5089
731,0.5956699999999999
732,0.6226499999999999
733,0.68428
734,0.56277
735,0.40194
736,0.23449
737,0.0572
738,0.0
739,0.0
740,0.0
741,0.0
742,0.0
743,0.0
744,0.0
745,0.0
746,0.0
747,0.0
748,0.0
749,0.0
750,0.01563
751,0.18297
752,0.35641
753,0.51479
754,0.59581
755,0.51232
756,0.58592
757,0.59529
758,0.39948
759,0.30841
760,0.18694999999999998
761,0.047939999999999997
762,0.0
763,0.0
764,0.0
765,0.0
766,0.0
767,0.0
768,0.0
769,0.0
770,0.0
771,0.0
772,0.0
773,0.0
774,0.01413
775,0.14646
776,0.36967
777,0.49605
778,0.63419
779,0.61905
780,0.59013
781,0.50226
782,0.31522
783,0.26688999999999996
784,0.14905000000000002
785,0.033979999999999996
786,0.0
787,0.0
788,0.0
789,0.0
790,0.0
791,0.0
792,0.0
793,0.0
794,0.0
795,0.0
796,0.0
797,0.0
798,0.00444
799,0.05899
800,0.12918000000000002
801,0.14357
802,0.25856999999999997
803,0.44959
804,0.50501
805,0.44918
806,0.42162
807,0.38241
808,0.21319
809,0.04213
810,0.0
811,0.0
812,0.0
813,0.0
814,0.0
815,0.0
816,0.0
817,0.0
818,0.0
819,0.0
820,0.0
821,0.0
822,0.0
823,0.015609999999999999
824,0.03681
825,0.07825
826,0.16337000000000002
827,0.40873000000000004
828,0.52953
829,0.51495
830,0.34856
831,0.34962
832,0.16504
833,0.02793
834,0.0
835,0.0
836,0.0
837,0.0
838,0.0
839,0.0
840,0.0
841,0.0
842,0.0
843,0.0
844,0.0
845,0.0
846,0.00302
847,0.07109
848,0.15769
849,0.20257
850,0.31111
851,0.40395
852,0.6139199999999999
853,0.46025
854,0.33774
855,0.20781
856,0.12373
857,0.01245
858,0.0
859,0.0
860,0.0
861,0.0
862,0.0
863,0.0
864,0.0
865,0.0
866,0.0
867,0.0
868,0.0
869,0.0
870,0.00362
871,0.06595999999999999
872,0.14965
873,0.3958
874,0.49506
875,0.65388
876,0.60253
877,0.65634
878,0.32694999999999996
879,0.27487
880,0.16371
881,0.046119999999999994
882,0.0
883,0.0
884,0.0
885,0.0
886,0.0
887,0.0
888,0.0
889,0.0
890,0.0
891,0.0
892,0.0
893,0.0
894,0.0062699999999999995
895,0.11004000000000001
896,0.24032
897,0.37591
898,0.43323
899,0.4126
900,0.39605
901,0.24847999999999998
902,0.38719
903,0.29377
904,0.06261
905,0.00767
906,0.0
907,0.0
908,0.0
909,0.0
910,0.0
911,0.0
912,0.0
913,0.0
914,0.0
915,0.0
916,0.0
917,0.0
918,0.00451
919,0.09359
920,0.21118
921,0.40211
922,0.51683
923,0.5890599999999999
924,0.56824
925,0.57768
926,0.47642
927,0.4
928,0.20658
929,0.046869999999999995
930,0.0
931,0.0
932,0.0
933,0.0
934,0.0
935,0.0
936,0.0
937,0.0
938,0.0
939,0.0
940,0.0
941,0.0
942,0.01236
943,0.16458
944,0.34543
945,0.44611
946,0.61721
947,0.70285
948,0.72457
949,0.71657
950,0.56337
951,0.36933
952,0.24353
953,0.05059
954,0.0
955,0.0
956,0.0
957,0.0
958,0.0
959,0.0
960,0.0
961,0.0
962,0.0
963,0.0
964,0.0
965,0.0
966,0.01214
967,0.16563
968,0.37807
969,0.54206
970,0.62764
971,0.75029
972,0.65654
973,0.69126
974,0.54349
975,0.38489999999999996
976,0.25225
977,0.06877
978,0.0
979,0.0
980,0.0
981,0.0
982,0.0
983,0.0
984,0.0
985,0.0
986,0.0
987,0.0
988,0.0
989,0.0
990,0.01325
991,0.19919
992,0.37760000000000005
993,0.50099
994,0.6236
995,0.58553
996,0.61258
997,0.6526799999999999
998,0.45624000000000003
999,0.33673000000000003
1000,0.25989
1001,0.06086
1002,0.0
1003,0.0
1004,0.0
1005,0.0
1006,0.0
1007,0.0
1008,0.0
1009,0.0
1010,0.0
1011,0.0
1012,0.0
1013,0.0
1014,0.015550000000000001
1015,0.1876
1016,0.39865
1017,0.53907
1018,0.64034
1019,0.68835
1020,0.6423
1021,0.6154700000000001
1022,0.56135
1023,0.39848
1024,0.24012
1025,0.05738
1026,0.0
1027,0.0
1028,0.0
1029,0.0
1030,0.0
1031,0.0
1032,0.0
1033,0.0
1034,0.0
1035,0.0
1036,0.0
1037,0.0
1038,0.01114
1039,0.14296999999999999
1040,0.31935
1041,0.4131
1042,0.5845199999999999
1043,0.6267999999999999
1044,0.50366
1045,0.44767
1046,0.28176
1047,0.16069
1048,0.07173
1049,0.02674
1050,0.0
1051,0.0
1052,0.0
1053,0.0
1054,0.0
1055,0.0
1056,0.0
1057,0.0
1058,0.0
1059,0.0
1060,0.0
1061,0.0
1062,0.0045
1063,0.0883
1064,0.22058000000000003
1065,0.38927999999999996
1066,0.52822
1067,0.53892
1068,0.51525
1069,0.40182
1070,0.32153
1071,0.22481
1072,0.12947
1073,0.01574
1074,0.0
1075,0.0
1076,0.0
1077,0.0
1078,0.0
1079,0.0
1080,0.0
1081,0.0
1082,0.0
1083,0.0
1084,0.0
1085,0.0
1086,0.00457
1087,0.06493
1088,0.22572
1089,0.33156
1090,0.42951
1091,0.56851
1092,0.41442
1093,0.36435
1094,0.2878
1095,0.19634000000000001
1096,0.14446
1097,0.02852
1098,0.0
1099,0.0
1100,0.0
1101,0.0
1102,0.0
1103,0.0
1104,0.0
1105,0.0
1106,0.0
1107,0.0
1108,0.0
1109,0.0
1110,0.008119999999999999
1111,0.10944
1112,0.11782
1113,0.30961
1114,0.36547
1115,0.37291
1116,0.4393
1117,0.47514
1118,0.45763
1119,0.35193
1120,0.19407
1121,0.04814
1122,0.0
1123,0.0
1124,0.0
1125,0.0
1126,0.0
1127,0.0
1128,0.0
1129,0.0
1130,0.0
1131,0.0
1132,0.0
1133,0.0
1134,0.00708
1135,0.07715000000000001
1136,0.1628
1137,0.19586
1138,0.29313
1139,0.44775
1140,0.30974
1141,0.5046
1142,0.42992
1143,0.37522000000000005
1144,0.22108
1145,0.03375
1146,0.0
1147,0.0
1148,0.0
1149,0.0
1150,0.0
1151,0.0
1152,0.0
1153,0.0
1154,0.0
1155,0.0
1156,0.0
1157,0.0
1158,0.00381
1159,0.05944
1160,0.15952000000000002
1161,0.22493000000000002
1162,0.37622000000000005
1163,0.40049
1164,0.44074
1165,0.38406
1166,0.40808
1167,0.33074000000000003
1168,0.17166
1169,0.03028
1170,0.0
1171,0.0
1172,0.0
1173,0.0
1174,0.0
1175,0.0
1176,0.0
1177,0.0
1178,0.0
1179,0.0
1180,0.0
1181,0.0
1182,0.00136
1183,0.055189999999999996
1184,0.14998
1185,0.33949
1186,0.42171
1187,0.54534
1188,0.51131
1189,0.36956
1190,0.34112
1191,0.28212
1192,0.11691
1193,0.01177
1194,0.0
1195,0.0
1196,0.0
1197,0.0
1198,0.0
1199,0.0
1200,0.0
1201,0.0
1202,0.0
1203,0.0
1204,0.0
1205,0.0
1206,0.01051
1207,0.13155
1208,0.26330000000000003
1209,0.45700999999999997
1210,0.58425
1211,0.63575
1212,0.61852
1213,0.56465
1214,0.47386
1215,0.32949
1216,0.14478
1217,0.054479999999999994
1218,0.0
1219,0.0
1220,0.0
1221,0.0
1222,0.0
1223,0.0
1224,0.0
1225,0.0
1226,0.0
1227,0.0
1228,0.0
1229,0.0
1230,0.00471
1231,0.10848000000000001
1232,0.25832
1233,0.35491
1234,0.55349
1235,0.67835
1236,0.64439
1237,0.674
1238,0.5262100000000001
1239,0.43695
1240,0.23516
1241,0.039630000000000006
1242,0.0
1243,0.0
1244,0.0
1245,0.0
1246,0.0
1247,0.0
1248,0.0
1249,0.0
1250,0.0
1251,0.0
1252,0.0
1253,0.0
1254,0.004940000000000001
1255,0.07992
1256,0.21305000000000002
1257,0.48662
1258,0.55177
1259,0.58836
1260,0.59199
1261,0.6639299999999999
1262,0.4108
1263,0.34892
1264,0.18380000000000002
1265,0.026879999999999998
1266,0.0
1267,0.0
1268,0.0
1269,0.0
1270,0.0
1271,0.0
1272,0.0
1273,0.0
1274,0.0
1275,0.0
1276,0.0
1277,0.0
1278,0.0026
1279,0.07887999999999999
1280,0.20521999999999999
1281,0.29773
1282,0.46516
1283,0.46156
1284,0.47902
1285,0.35810000000000003
1286,0.39694999999999997
1287,0.2505
1288,0.16374
1289,0.02612
1290,0.0
1291,0.0
1292,0.0
1293,0.0
1294,0.0
1295,0.0
1296,0.0
1297,0.0
1298,0.0
1299,0.0
1300,0.0
1301,0.0
1302,0.00271
1303,0.05101
1304,0.07434
1305,0.16361
1306,0.33459
1307,0.41062
1308,0.32219
1309,0.3693
1310,0.27397000000000005
1311,0.32814
1312,0.21938999999999997
1313,0.04201
1314,0.0
1315,0.0
1316,0.0
1317,0.0
1318,0.0
1319,0.0
1320,0.0
1321,0.0
1322,0.0
1323,0.0
1324,0.0
1325,0.0
1326,0.00414
1327,0.023329999999999997
1328,0.05218
1329,0.06665
1330,0.26075
1331,0.52158
1332,0.55649
1333,0.4392
1334,0.4305
1335,0.37169
1336,0.21505000000000002
1337,0.053090000000000005
1338,0.0
1339,0.0
1340,0.0
1341,0.0
1342,0.0
1343,0.0
1344,0.0
1345,0.0
1346,0.0
1347,0.0
1348,0.0
1349,0.0
1350,0.00694
1351,0.08059999999999999
1352,0.19993
1353,0.26419
1354,0.3915
1355,0.37938
1356,0.41779
1357,0.45456
1358,0.28214999999999996
1359,0.24459
1360,0.16086
1361,0.03351
1362,0.0
1363,0.0
1364,0.0
1365,0.0
1366,0.0
1367,0.0
1368,0.0
1369,0.0
1370,0.0
1371,0.0
1372,0.0
1373,0.0
1374,0.01
1375,0.08668000000000001
1376,0.1752
1377,0.25234
1378,0.29291
1379,0.46949
1380,0.60336
1381,0.49782
1382,0.46911
1383,0.29922000000000004
1384,0.19988999999999998
1385,0.0497
1386,0.0
1387,0.0
1388,0.0
1389,0.0
1390,0.0
1391,0.0
1392,0.0
1393,0.0
1394,0.0
1395,0.0
1396,0.0
1397,0.0
1398,0.00729
1399,0.11087000000000001
1400,0.19059
1401,0.40347000000000005
1402,0.46523000000000003
1403,0.5278200000000001
1404,0.5248200000000001
1405,0.48354
1406,0.31059
1407,0.23141
1408,0.09107
1409,0.02321
1410,0.0
1411,0.0
1412,0.0
1413,0.0
1414,0.0
1415,0.0
1416,0.0
1417,0.0
1418,0.0
1419,0.0
1420,0.0
1421,0.0
1422,0.00626
1423,0.07295
1424,0.18787
1425,0.23362
1426,0.3048
1427,0.22286
1428,0.28404
1429,0.42502
1430,0.43589
1431,0.29078
1432,0.13943
1433,0.03048
1434,0.0
1435,0.0
1436,0.0
1437,0.0
1438,0.0
1439,0.0
1440,0.0
1441,0.0
1442,0.0
1443,0.0
1444,0.0
1445,0.0
1446,0.01087
1447,0.09334999999999999
1448,0.23452
1449,0.31989
1450,0.5307000000000001
1451,0.53312
1452,0.6037100000000001
1453,0.52191
1454,0.46151
1455,0.35254
1456,0.17035
1457,0.03232
1458,0.0
1459,0.0
1460,0.0
1461,0.0
1462,0.0
1463,0.0
1464,0.0
1465,0.0
1466,0.0
1467,0.0
1468,0.0
1469,0.0
1470,0.008400000000000001
1471,0.11704
1472,0.21575
1473,0.38107
1474,0.40749
1475,0.32509
1476,0.43124
1477,0.42673
1478,0.40954
1479,0.22024000000000002
1480,0.12872
1481,0.047240000000000004
1482,0.0
1483,0.0
1484,0.0
1485,0.0
1486,0.0
1487,0.0
1488,0.0
1489,0.0
1490,0.0
1491,0.0
1492,0.0
1493,0.0
1494,0.01294
1495,0.11472
1496,0.27094999999999997
1497,0.42934
1498,0.55464
1499,0.69209
1500,0.6501699999999999
1501,0.56424
1502,0.35731999999999997
1503,0.29408999999999996
1504,0.18756
1505,0.04517
1506,0.0
1507,0.0
1508,0.0
1509,0.0
1510,0.0
1511,0.0
1512,0.0
1513,0.0
1514,0.0
1515,0.0
1516,0.0
1517,0.0
1518,0.01574
1519,0.16285
1520,0.33794
1521,0.51501
1522,0.6087100000000001
1523,0.61751
1524,0.6499299999999999
1525,0.28848
1526,0.23835
1527,0.27056
1528,0.14834
1529,0.028640000000000002
1530,0.0
1531,0.0
1532,0.0
1533,0.0
1534,0.0
1535,0.0
1536,0.0
1537,0.0
1538,0.0
1539,0.0
1540,0.0
1541,0.0
1542,0.008490000000000001
1543,0.09554
1544,0.15084999999999998
1545,0.20181
1546,0.33268000000000003
1547,0.25924
1548,0.44714
1549,0.61423
1550,0.52375
1551,0.40926999999999997
1552,0.1982
1553,0.04372
1554,0.0
1555,0.0
1556,0.0
1557,0.0
1558,0.0
1559,0.0
1560,0.0
1561,0.0
1562,0.0
1563,0.0
1564,0.0
1565,0.0
1566,0.0030299999999999997
1567,0.0965
1568,0.30110000000000003
1569,0.40745
1570,0.57121
1571,0.6266499999999999
1572,0.64279
1573,0.56839
1574,0.45957
1575,0.40177999999999997
1576,0.23386
1577,0.05197
1578,0.0
1579,0.0
1580,0.0
1581,0.0
1582,0.0
1583,0.0
1584,0.0
1585,0.0
1586,0.0
1587,0.0
1588,0.0
1589,0.0
1590,0.0152
1591,0.15369
1592,0.27832999999999997
1593,0.36925
1594,0.25601999999999997
1595,0.49007
1596,0.60517
1597,0.39716
1598,0.38881
1599,0.31117
1600,0.14343
1601,0.02655
1602,0.0
1603,0.0
1604,0.0
1605,0.0
1606,0.0
1607,0.0
1608,0.0
1609,0.0
1610,0.0
1611,0.0
1612,0.0
1613,0.0
1614,0.01813
1615,0.16877
1616,0.38844
1617,0.50071
1618,0.60423
1619,0.65731
1620,0.62521
1621,0.55831
1622,0.52044
1623,0.37051999999999996
1624,0.24087
1625,0.05095
1626,0.0
1627,0.0
1628,0.0
1629,0.0
1630,0.0
1631,0.0
1632,0.0
1633,0.0
1634,0.0
1635,0.0
1636,0.0
1637,0.0
1638,0.02432
1639,0.20456
1640,0.38399
1641,0.54915
1642,0.63824
1643,0.57652
1644,0.57938
1645,0.49448000000000003
1646,0.47011000000000003
1647,0.34858
1648,0.23578
1649,0.04888
1650,0.0
1651,0.0
1652,0.0
1653,0.0
1654,0.0
1655,0.0
1656,0.0
1657,0.0
1658,0.0
1659,0.0
1660,0.0
1661,0.0
1662,0.02523
1663,0.20028
1664,0.37031000000000003
1665,0.53804
1666,0.6159199999999999
1667,0.69686
1668,0.522
1669,0.5196799999999999
1670,0.44383
1671,0.36585
1672,0.21647
1673,0.04693
1674,0.0
1675,0.0
1676,0.0
1677,0.0
1678,0.0
1679,0.0
1680,0.0
1681,0.0
1682,0.0
1683,0.0
1684,0.0
1685,0.0
1686,0.023239999999999997
1687,0.21492
1688,0.40403
1689,0.57148
1690,0.66967
1691,0.7035
1692,0.6813400000000001
1693,0.6374500000000001
1694,0.54238
1695,0.42324
1696,0.25859
1697,0.057210000000000004
1698,0.0
1699,0.0
1700,0.0
1701,0.0
1702,0.0
1703,0.0
1704,0.0
1705,0.0
1706,0.0
1707,0.0
1708,0.0
1709,0.0
1710,0.02736
1711,0.22786
1712,0.43071
1713,0.58662
1714,0.6911
1715,0.71201
1716,0.6222000000000001
1717,0.57049
1718,0.523
1719,0.39417
1720,0.22303
1721,0.038439999999999995
1722,0.0
1723,0.0
1724,0.0
1725,0.0
1726,0.0
1727,0.0
1728,0.0
1729,0.0
1730,0.0
1731,0.0
1732,0.0
1733,0.0
1734,0.021
1735,0.19233
1736,0.3654
1737,0.53013
1738,0.62802
1739,0.6981
1740,0.66943
1741,0.67787
1742,0.55063
1743,0.40211
1744,0.23127
1745,0.052450000000000004
1746,0.0
1747,0.0
1748,0.0
1749,0.0
1750,0.0
1751,0.0
1752,0.0
1753,0.0
1754,0.0
1755,0.0
1756,0.0
1757,0.0
1758,0.023829999999999997
1759,0.19007
1760,0.33172
1761,0.48024
1762,0.57424
1763,0.60768
1764,0.59851
1765,0.5890599999999999
1766,0.4947
1767,0.36337
1768,0.20484
1769,0.03922
1770,0.0
1771,0.0
1772,0.0
1773,0.0
1774,0.0
1775,0.0
1776,0.0
1777,0.0
1778,0.0
1779,0.0
1780,0.0
1781,0.0
1782,0.02019
1783,0.17293
1784,0.27724
1785,0.49016000000000004
1786,0.59046
1787,0.64748
1788,0.67283
1789,0.67402
1790,0.5779099999999999
1791,0.44564
1792,0.2364
1793,0.03904
1794,0.0
1795,0.0
1796,0.0
1797,0.0
1798,0.0
1799,0.0
1800,0.0
1801,0.0
1802,0.0
1803,0.0
1804,0.0
1805,0.0
1806,0.02792
1807,0.22878
1808,0.42562
1809,0.57452
1810,0.53147
1811,0.62687
1812,0.6541699999999999
1813,0.60988
1814,0.5521699999999999
1815,0.40774
1816,0.2324
1817,0.04029
1818,0.0
1819,0.0
1820,0.0
1821,0.0
1822,0.0
1823,0.0
1824,0.0
1825,0.0
1826,0.0
1827,0.0
1828,0.0
1829,0.0
1830,0.022789999999999998
1831,0.1462
1832,0.30589999999999995
1833,0.47413
1834,0.45133999999999996
1835,0.5762200000000001
1836,0.56731
1837,0.5664600000000001
1838,0.42191
1839,0.22337
1840,0.124
1841,0.02594
1842,0.0
1843,0.0
1844,0.0
1845,0.0
1846,0.0
1847,0.0
1848,0.0
1849,0.0
1850,0.0
1851,0.0
1852,0.0
1853,0.0
1854,0.01558
1855,0.14906999999999998
1856,0.30679
1857,0.41106
1858,0.47308
1859,0.44183999999999996
1860,0.49195
1861,0.48097
1862,0.41737
1863,0.33165
1864,0.18525999999999998
1865,0.038579999999999996
1866,0.0
1867,0.0
1868,0.0
1869,0.0
1870,0.0
1871,0.0
1872,0.0
1873,0.0
1874,0.0
1875,0.0
1876,0.0
1877,0.0
1878,0.02414
1879,0.17787
1880,0.34788
1881,0.49789999999999995
1882,0.61019
1883,0.65363
1884,0.6925800000000001
1885,0.52543
1886,0.32577999999999996
1887,0.29835
1888,0.13413999999999998
1889,0.027809999999999998
1890,0.0
1891,0.0
1892,0.0
1893,0.0
1894,0.0
1895,0.0
1896,0.0
1897,0.0
1898,0.0
1899,0.0
1900,0.0
1901,0.0
1902,0.02348
1903,0.16674
1904,0.36378
1905,0.5220499999999999
1906,0.57532
1907,0.5794400000000001
1908,0.6365700000000001
1909,0.51115
1910,0.42654000000000003
1911,0.33293
1912,0.17522
1913,0.04147
1914,0.0
1915,0.0
1916,0.0
1917,0.0
1918,0.0
1919,0.0
1920,0.0
1921,0.0
1922,0.0
1923,0.0
1924,0.0
1925,0.0
1926,0.02355
1927,0.15736
1928,0.34154
1929,0.44327
1930,0.57993
1931,0.59585
1932,0.66712
1933,0.57402
1934,0.5346799999999999
1935,0.38395
1936,0.21302000000000001
1937,0.03318
1938,0.0
1939,0.0
1940,0.0
1941,0.0
1942,0.0
1943,0.0
1944,0.0
1945,0.0
1946,0.0
1947,0.0
1948,0.0
1949,0.0
1950,0.02862
1951,0.17165
1952,0.34552999999999995
1953,0.49719
1954,0.61381
1955,0.67779
1956,0.5299299999999999
1957,0.51152
1958,0.37799
1959,0.23484
1960,0.08987
1961,0.01557
1962,0.0
1963,0.0
1964,0.0
1965,0.0
1966,0.0
1967,0.0
1968,0.0
1969,0.0
1970,0.0
1971,0.0
1972,0.0
1973,0.0
1974,0.01728
1975,0.12382
1976,0.20518
1977,0.36733
1978,0.5328200000000001
1979,0.5541699999999999
1980,0.36574
1981,0.427
1982,0.3915
1983,0.25745
1984,0.18719
1985,0.01939
1986,0.0
1987,0.0
1988,0.0
1989,0.0
1990,0.0
1991,0.0
1992,0.0
1993,0.0
1994,0.0
1995,0.0
1996,0.0
1997,0.0
1998,0.02196
1999,0.16536
2000,0.22536
2001,0.42218
2002,0.49359
2003,0.49372000000000005
2004,0.53444
2005,0.47796
2006,0.47981
2007,0.31683999999999996
2008,0.15874000000000002
2009,0.020980000000000002
2010,0.0
2011,0.0
2012,0.0
2013,0.0
2014,0.0
2015,0.0
2016,0.0
2017,0.0
2018,0.0
2019,0.0
2020,0.0
2021,0.0
2022,0.020329999999999997
2023,0.15027000000000001
2024,0.30752999999999997
2025,0.41994
2026,0.55357
2027,0.47828
2028,0.63571
2029,0.49855
2030,0.32112
2031,0.20872
2032,0.10926000000000001
2033,0.011859999999999999
2034,0.0
2035,0.0
2036,0.0
2037,0.0
2038,0.0
2039,0.0
2040,0.0
2041,0.0
2042,0.0
2043,0.0
2044,0.0
2045,0.0
2046,0.018179999999999998
2047,0.16362000000000002
2048,0.32075
2049,0.42557999999999996
2050,0.4947
2051,0.43633999999999995
2052,0.56077
2053,0.56201
2054,0.36263999999999996
2055,0.21919999999999998
2056,0.13018000000000002
2057,0.019850000000000003
2058,0.0
2059,0.0
2060,0.0
2061,0.0
2062,0.0
2063,0.0
2064,0.0
2065,0.0
2066,0.0
2067,0.0
2068,0.0
2069,0.0
2070,0.00841
2071,0.03555
2072,0.13087000000000001
2073,0.18991
2074,0.2292
2075,0.21212999999999999
2076,0.19038
2077,0.29131
2078,0.26327
2079,0.17324
2080,0.036719999999999996
2081,0.00408
2082,0.0
2083,0.0
2084,0.0
2085,0.0
2086,0.0
2087,0.0
2088,0.0
2089,0.0
2090,0.0
2091,0.0
2092,0.0
2093,0.0
2094,0.006809999999999999
2095,0.05217
2096,0.1026
2097,0.20699
2098,0.23818999999999999
2099,0.36137
2100,0.38774000000000003
2101,0.32461
2102,0.28516
2103,0.2559
2104,0.10975
2105,0.02648
2106,0.0
2107,0.0
2108,0.0
2109,0.0
2110,0.0
2111,0.0
2112,0.0
2113,0.0
2114,0.0
2115,0.0
2116,0.0
2117,0.0
2118,0.02885
2119,0.14661000000000002
2120,0.26917
2121,0.48183
2122,0.52835
2123,0.6031
2124,0.57786
2125,0.56535
2126,0.43686
2127,0.32097000000000003
2128,0.1556
2129,0.02904
2130,0.0
2131,0.0
2132,0.0
2133,0.0
2134,0.0
2135,0.0
2136,0.0
2137,0.0
2138,0.0
2139,0.0
2140,0.0
2141,0.0
2142,0.02163
2143,0.12093000000000001
2144,0.23893999999999999
2145,0.35705000000000003
2146,0.42372000000000004
2147,0.54649
2148,0.57382
2149,0.38715
2150,0.28729000000000005
2151,0.19113999999999998
2152,0.05853
2153,0.00554
2154,0.0
2155,0.0
2156,0.0
2157,0.0
2158,0.0
2159,0.0
2160,0.0
2161,0.0
2162,0.0
2163,0.0
2164,0.0
2165,0.0
2166,0.01314
2167,0.11209000000000001
2168,0.3008
2169,0.34258
2170,0.37427
2171,0.53528
2172,0.50527
2173,0.47533
2174,0.33092
2175,0.21224
2176,0.13051
2177,0.020399999999999998
2178,0.0
2179,0.0
2180,0.0
2181,0.0
2182,0.0
2183,0.0
2184,0.0
2185,0.0
2186,0.0
2187,0.0
2188,0.0
2189,0.0
2190,0.01319
2191,0.05027
2192,0.10335
2193,0.20886000000000002
2194,0.23875
2195,0.32888999999999996
2196,0.40967000000000003
2197,0.34876999999999997
2198,0.41911000000000004
2199,0.29857
2200,0.14021
2201,0.02264
2202,0.0
2203,0.0
2204,0.0
2205,0.0
2206,0.0
2207,0.0
2208,0.0
2209,0.0
2210,0.0
2211,0.0
2212,0.0
2213,0.0
2214,0.02467
2215,0.16388999999999998
2216,0.28475
2217,0.40029000000000003
2218,0.52311
2219,0.55434
2220,0.52197
2221,0.33224000000000004
2222,0.32162
2223,0.28476
2224,0.13497
2225,0.01863
2226,0.0
2227,0.0
2228,0.0
2229,0.0
2230,0.0
2231,0.0
2232,0.0
2233,0.0
2234,0.0
2235,0.0
2236,0.0
2237,0.0
2238,0.02506
2239,0.13684000000000002
2240,0.31841
2241,0.38856
2242,0.37551999999999996
2243,0.36705
2244,0.41801
2245,0.54969
2246,0.24130000000000001
2247,0.19313999999999998
2248,0.06727
2249,0.00521
2250,0.0
2251,0.0
2252,0.0
2253,0.0
2254,0.0
2255,0.0
2256,0.0
2257,0.0
2258,0.0
2259,0.0
2260,0.0
2261,0.0
2262,0.01756
2263,0.11033
2264,0.23603
2265,0.30471
2266,0.41023000000000004
2267,0.47696
2268,0.5354
2269,0.43891
2270,0.29008
2271,0.2833
2272,0.07515000000000001
2273,0.00661
2274,0.0
2275,0.0
2276,0.0
2277,0.0
2278,0.0
2279,0.0
2280,0.0
2281,0.0
2282,0.0
2283,0.0
2284,0.0
2285,0.0
2286,0.01083
2287,0.02401
2288,0.0683
2289,0.07144
2290,0.17937999999999998
2291,0.29563
2292,0.32045999999999997
2293,0.23199
2294,0.1928
2295,0.19644999999999999
2296,0.11918000000000001
2297,0.01964
2298,0.0
2299,0.0
2300,0.0
2301,0.0
2302,0.0
2303,0.0
2304,0.0
2305,0.0
2306,0.0
2307,0.0
2308,0.0
2309,0.0
2310,0.030449999999999998
2311,0.1268
2312,0.24896000000000001
2313,0.39659
2314,0.4537
2315,0.58457
2316,0.62251
2317,0.45824000000000004
2318,0.39576
2319,0.27707
2320,0.13282
2321,0.01328
2322,0.0
2323,0.0
2324,0.0
2325,0.0
2326,0.0
2327,0.0
2328,0.0
2329,0.0
2330,0.0
2331,0.0
2332,0.0
2333,0.0
2334,0.03166
2335,0.16938999999999999
2336,0.26014
2337,0.34991
2338,0.43357999999999997
2339,0.53267
2340,0.44465
2341,0.40820999999999996
2342,0.28761000000000003
2343,0.15272999999999998
2344,0.0869
2345,0.00736
2346,0.0
2347,0.0
2348,0.0
2349,0.0
2350,0.0
2351,0.0
2352,0.0
2353,0.0
2354,0.0
2355,0.0
2356,0.0
2357,0.0
2358,0.02105
2359,0.060149999999999995
2360,0.13591999999999999
2361,0.24821000000000001
2362,0.29902999999999996
2363,0.42633
2364,0.53987
2365,0.6179
2366,0.47157
2367,0.32061
2368,0.16013999999999998
2369,0.013099999999999999
2370,0.0
2371,0.0
2372,0.0
2373,0.0
2374,0.0
2375,0.0
2376,0.0
2377,0.0
2378,0.0
2379,0.0
2380,0.0
2381,0.0
2382,0.01964
2383,0.13716
2384,0.25981
2385,0.353
2386,0.41242
2387,0.59394
2388,0.59761
2389,0.2048
2390,0.1651
2391,0.19978
2392,0.11591
2393,0.01753
2394,0.0
2395,0.0
2396,0.0
2397,0.0
2398,0.0
2399,0.0
2400,0.0
2401,0.0
2402,0.0
2403,0.0
2404,0.0
2405,0.0
2406,0.034409999999999996
2407,0.17668
2408,0.32101
2409,0.44318
2410,0.5598
2411,0.37475
2412,0.38994
2413,0.49810000000000004
2414,0.48569999999999997
2415,0.31621
2416,0.12977
2417,0.01764
2418,0.0
2419,0.0
2420,0.0
2421,0.0
2422,0.0
2423,0.0
2424,0.0
2425,0.0
2426,0.0
2427,0.0
2428,0.0
2429,0.0
2430,0.038310000000000004
2431,0.20008
2432,0.33071
2433,0.44266
2434,0.5895499999999999
2435,0.50543
2436,0.40935000000000005
2437,0.52396
2438,0.44099
2439,0.2948
2440,0.14871
2441,0.01089
2442,0.0
2443,0.0
2444,0.0
2445,0.0
2446,0.0
2447,0.0
2448,0.0
2449,0.0
2450,0.0
2451,0.0
2452,0.0
2453,0.0
2454,0.02554
2455,0.11348
2456,0.26971
2457,0.36208999999999997
2458,0.34774
2459,0.49251999999999996
2460,0.42874
2461,0.5142
2462,0.25016
2463,0.21259999999999998
2464,0.11056
2465,0.012039999999999999
2466,0.0
2467,0.0
2468,0.0
2469,0.0
2470,0.0
2471,0.0
2472,0.0
2473,0.0
2474,0.0
2475,0.0
2476,0.0
2477,0.0
2478,0.004200000000000001
2479,0.032619999999999996
2480,0.14021
2481,0.27757
2482,0.30801999999999996
2483,0.27318000000000003
2484,0.29412
2485,0.2617
2486,0.16025999999999999
2487,0.11284000000000001
2488,0.0528
2489,0.00574
2490,0.0
2491,0.0
2492,0.0
2493,0.0
2494,0.0
2495,0.0
2496,0.0
2497,0.0
2498,0.0
2499,0.0
2500,0.0
2501,0.0
2502,0.02419
2503,0.10719
2504,0.22499
2505,0.38994999999999996
2506,0.45674000000000003
2507,0.55601
2508,0.55195
2509,0.59546
2510,0.47684
2511,0.35572000000000004
2512,0.12329999999999999
2513,0.01394
2514,0.0
2515,0.0
2516,0.0
2517,0.0
2518,0.0
2519,0.0
2520,0.0
2521,0.0
2522,0.0
2523,0.0
2524,0.0
2525,0.0
2526,0.03251
2527,0.21167
2528,0.34256
2529,0.5323
2530,0.61494
2531,0.65923
2532,0.5685800000000001
2533,0.51
2534,0.44642000000000004
2535,0.34158
2536,0.17541
2537,0.015519999999999999
2538,0.0
2539,0.0
2540,0.0
2541,0.0
2542,0.0
2543,0.0
2544,0.0
2545,0.0
2546,0.0
2547,0.0
2548,0.0
2549,0.0
2550,0.00584
2551,0.03829
2552,0.12882
2553,0.19488
2554,0.20974
2555,0.28384
2556,0.20953
2557,0.19832
2558,0.22299000000000002
2559,0.14782
2560,0.12692
2561,0.01219
2562,0.0
2563,0.0
2564,0.0
2565,0.0
2566,0.0
2567,0.0
2568,0.0
2569,0.0
2570,0.0
2571,0.0
2572,0.0
2573,0.0
2574,0.01517
2575,0.06448999999999999
2576,0.13191999999999998
2577,0.14543999999999999
2578,0.27532999999999996
2579,0.23396
2580,0.34698
2581,0.42129
2582,0.24805000000000002
2583,0.12934
2584,0.06246
2585,0.00442
2586,0.0
2587,0.0
2588,0.0
2589,0.0
2590,0.0
2591,0.0
2592,0.0
2593,0.0
2594,0.0
2595,0.0
2596,0.0
2597,0.0
2598,0.007549999999999999
2599,0.03243
2600,0.16999
2601,0.36977
2602,0.35189
2603,0.49959
2604,0.46631
2605,0.18369
2606,0.16758
2607,0.18619999999999998
2608,0.12325
2609,0.01865
2610,0.0
2611,0.0
2612,0.0
2613,0.0
2614,0.0
2615,0.0
2616,0.0
2617,0.0
2618,0.0
2619,0.0
2620,0.0
2621,0.0
2622,0.02151
2623,0.08394
2624,0.15500999999999998
2625,0.21328999999999998
2626,0.25727
2627,0.44686000000000003
2628,0.51305
2629,0.44149
2630,0.20528
2631,0.14548
2632,0.13015000000000002
2633,0.0148
2634,0.0
2635,0.0
2636,0.0
2637,0.0
2638,0.0
2639,0.0
2640,0.0
2641,0.0
2642,0.0
2643,0.0
2644,0.0
2645,0.0
2646,0.02491
2647,0.17934999999999998
2648,0.37782
2649,0.43801999999999996
2650,0.5309400000000001
2651,0.5465099999999999
2652,0.63249
2653,0.30458999999999997
2654,0.26574000000000003
2655,0.22000999999999998
2656,0.11678
2657,0.011710000000000002
2658,0.0
2659,0.0
2660,0.0
2661,0.0
2662,0.0
2663,0.0
2664,0.0
2665,0.0
2666,0.0
2667,0.0
2668,0.0
2669,0.0
2670,0.02022
2671,0.10675
2672,0.20427
2673,0.3496
2674,0.45683999999999997
2675,0.34674
2676,0.41731
2677,0.21201
2678,0.25068
2679,0.12140999999999999
2680,0.06942
2681,0.00337
2682,0.0
2683,0.0
2684,0.0
2685,0.0
2686,0.0
2687,0.0
2688,0.0
2689,0.0
2690,0.0
2691,0.0
2692,0.0
2693,0.0
2694,0.02637
2695,0.16133
2696,0.38492000000000004
2697,0.5225599999999999
2698,0.62325
2699,0.61072
2700,0.59841
2701,0.62005
2702,0.45963
2703,0.34734
2704,0.15605000000000002
2705,0.013519999999999999
2706,0.0
2707,0.0
2708,0.0
2709,0.0
2710,0.0
2711,0.0
2712,0.0
2713,0.0
2714,0.0
2715,0.0
2716,0.0
2717,0.0
2718,0.04193
2719,0.21674000000000002
2720,0.3911
2721,0.50737
2722,0.61481
2723,0.64949
2724,0.63109
2725,0.57039
2726,0.45796
2727,0.31082
2728,0.13865
2729,0.01399
2730,0.0
2731,0.0
2732,0.0
2733,0.0
2734,0.0
2735,0.0
2736,0.0
2737,0.0
2738,0.0
2739,0.0
2740,0.0
2741,0.0
2742,0.04255
2743,0.16236
2744,0.28258
2745,0.30878
2746,0.37895999999999996
2747,0.5116700000000001
2748,0.53728
2749,0.56478
2750,0.39696
2751,0.34870999999999996
2752,0.1414
2753,0.01466
2754,0.0
2755,0.0
2756,0.0
2757,0.0
2758,0.0
2759,0.0
2760,0.0
2761,0.0
2762,0.0
2763,0.0
2764,0.0
2765,0.0
2766,0.02032
2767,0.08328
2768,0.18012999999999998
2769,0.22802
2770,0.30195
2771,0.39116
2772,0.41808999999999996
2773,0.35158999999999996
2774,0.35995
2775,0.17292
2776,0.1057
2777,0.01542
2778,0.0
2779,0.0
2780,0.0
2781,0.0
2782,0.0
2783,0.0
2784,0.0
2785,0.0
2786,0.0
2787,0.0
2788,0.0
2789,0.0
2790,0.0367
2791,0.14483000000000001
2792,0.12326999999999999
2793,0.18047
2794,0.32545999999999997
2795,0.44189999999999996
2796,0.43533999999999995
2797,0.13182
2798,0.18212
2799,0.17613
2800,0.10825
2801,0.01211
2802,0.0
2803,0.0
2804,0.0
2805,0.0
2806,0.0
2807,0.0
2808,0.0
2809,0.0
2810,0.0
2811,0.0
2812,0.0
2813,0.0
2814,0.020390000000000002
2815,0.06946
2816,0.18237
2817,0.09101000000000001
2818,0.10951999999999999
2819,0.17581
2820,0.23054
2821,0.5726100000000001
2822,0.44021
2823,0.3618
2824,0.18412
2825,0.00939
2826,0.0
2827,0.0
2828,0.0
2829,0.0
2830,0.0
2831,0.0
2832,0.0
2833,0.0
2834,0.0
2835,0.0
2836,0.0
2837,0.0
2838,0.03785
2839,0.14606
2840,0.21531
2841,0.3092
2842,0.28024
2843,0.20316
2844,0.20029
2845,0.21158000000000002
2846,0.24642
2847,0.24875999999999998
2848,0.13613
2849,0.00731
2850,0.0
2851,0.0
2852,0.0
2853,0.0
2854,0.0
2855,0.0
2856,0.0
2857,0.0
2858,0.0
2859,0.0
2860,0.0
2861,0.0
2862,0.03261
2863,0.14906
2864,0.32489999999999997
2865,0.28012
2866,0.33372
2867,0.25729
2868,0.22207
2869,0.22805
2870,0.24262999999999998
2871,0.2854
2872,0.14874
2873,0.014060000000000001
2874,0.0
2875,0.0
2876,0.0
2877,0.0
2878,0.0
2879,0.0
2880,0.0
2881,0.0
2882,0.0
2883,0.0
2884,0.0
2885,0.0
2886,0.03153
2887,0.1422
2888,0.25681
2889,0.34366
2890,0.49713
2891,0.53918
2892,0.47970999999999997
2893,0.36569
2894,0.45605
2895,0.36663
2896,0.19262
2897,0.011
2898,0.0
2899,0.0
2900,0.0
2901,0.0
2902,0.0
2903,0.0
2904,0.0
2905,0.0
2906,0.0
2907,0.0
2908,0.0
2909,0.0
2910,0.018699999999999998
2911,0.11341
2912,0.19593
2913,0.33701
2914,0.40304
2915,0.54472
2916,0.63093
2917,0.53214
2918,0.45679000000000003
2919,0.36249000000000003
2920,0.11819
2921,0.01247
2922,0.0
2923,0.0
2924,0.0
2925,0.0
2926,0.0
2927,0.0
2928,0.0
2929,0.0
2930,0.0
2931,0.0
2932,0.0
2933,0.0
2934,0.03154
2935,0.13074000000000002
2936,0.34349
2937,0.27026999999999995
2938,0.30778
2939,0.49116000000000004
2940,0.34048
2941,0.42219
2942,0.36184
2943,0.26823
2944,0.13125
2945,0.00908
2946,0.0
2947,0.0
2948,0.0
2949,0.0
2950,0.0
2951,0.0
2952,0.0
2953,0.0
2954,0.0
2955,0.0
2956,0.0
2957,0.0
2958,0.009699999999999999
2959,0.0442
2960,0.11672
2961,0.14493
2962,0.25861
2963,0.26083
2964,0.31345999999999996
2965,0.2944
2966,0.23697
2967,0.18556999999999998
2968,0.061810000000000004
2969,0.01205
2970,0.0
2971,0.0
2972,0.0
2973,0.0
2974,0.0
2975,0.0
2976,0.0
2977,0.0
2978,0.0
2979,0.0
2980,0.0
2981,0.0
2982,0.032409999999999994
2983,0.14193
2984,0.27413
2985,0.29358
2986,0.27511
2987,0.39829000000000003
2988,0.53126
2989,0.28161
2990,0.32637
2991,0.21846000000000002
2992,0.0832
2993,0.013720000000000001
2994,0.0
2995,0.0
2996,0.0
2997,0.0
2998,0.0
2999,0.0
3000,0.0
3001,0.0
3002,0.0
3003,0.0
3004,0.0
3005,0.0
3006,0.01443
3007,0.08781
3008,0.16355
3009,0.21853
3010,0.23201
3011,0.26277
3012,0.27786
3013,0.21850999999999998
3014,0.24026
3015,0.22041
3016,0.08972
3017,0.00664
3018,0.0
3019,0.0
3020,0.0
3021,0.0
3022,0.0
3023,0.0
3024,0.0
3025,0.0
3026,0.0
3027,0.0
3028,0.0
3029,0.0
3030,0.01813
3031,0.09679
3032,0.10948000000000001
3033,0.22459
3034,0.48844
3035,0.61822
3036,0.61323
3037,0.59262
3038,0.39922
3039,0.24198
3040,0.10274
3041,0.00985
3042,0.0
3043,0.0
3044,0.0
3045,0.0
3046,0.0
3047,0.0
3048,0.0
3049,0.0
3050,0.0
3051,0.0
3052,0.0
3053,0.0
3054,0.00438
3055,0.040740000000000005
3056,0.032990000000000005
3057,0.0456
3058,0.07174
3059,0.07762999999999999
3060,0.15838
3061,0.55687
3062,0.47629000000000005
3063,0.28814
3064,0.11331999999999999
3065,0.011300000000000001
3066,0.0
3067,0.0
3068,0.0
3069,0.0
3070,0.0
3071,0.0
3072,0.0
3073,0.0
3074,0.0
3075,0.0
3076,0.0
3077,0.0
3078,0.01264
3079,0.05331
3080,0.11771
3081,0.20795
3082,0.28535000000000005
3083,0.26794999999999997
3084,0.41424
3085,0.50602
3086,0.43743
3087,0.29254
3088,0.15233000000000002
3089,0.01017
3090,0.0
3091,0.0
3092,0.0
3093,0.0
3094,0.0
3095,0.0
3096,0.0
3097,0.0
3098,0.0
3099,0.0
3100,0.0
3101,0.0
3102,0.03207
3103,0.15687
3104,0.24099
3105,0.31201999999999996
3106,0.27776999999999996
3107,0.36737000000000003
3108,0.42697
3109,0.36436
3110,0.31272000000000005
3111,0.24040999999999998
3112,0.12559
3113,0.011800000000000001
3114,0.0
3115,0.0
3116,0.0
3117,0.0
3118,0.0
3119,0.0
3120,0.0
3121,0.0
3122,0.0
3123,0.0
3124,0.0
3125,0.0
3126,0.019
3127,0.12959
3128,0.19998
3129,0.33908
3130,0.38892000000000004
3131,0.31404000000000004
3132,0.5199199999999999
3133,0.54226
3134,0.39363
3135,0.3221
3136,0.13972
3137,0.01066
3138,0.0
3139,0.0
3140,0.0
3141,0.0
3142,0.0
3143,0.0
3144,0.0
3145,0.0
3146,0.0
3147,0.0
3148,0.0
3149,0.0
3150,0.03997
3151,0.17640999999999998
3152,0.25376
3153,0.38038
3154,0.43313
3155,0.38142000000000004
3156,0.53154
3157,0.55349
3158,0.48077
3159,0.34624
3160,0.13679
3161,0.01002
3162,0.0
3163,0.0
3164,0.0
3165,0.0
3166,0.0
3167,0.0
3168,0.0
3169,0.0
3170,0.0
3171,0.0
3172,0.0
3173,0.0
3174,0.0014399999999999999
3175,0.01573
3176,0.04202
3177,0.08075
3178,0.09415000000000001
3179,0.15056
3180,0.25732
3181,0.45721
3182,0.29502999999999996
3183,0.19884000000000002
3184,0.08618
3185,0.011699999999999999
3186,0.0
3187,0.0
3188,0.0
3189,0.0
3190,0.0
3191,0.0
3192,0.0
3193,0.0
3194,0.0
3195,0.0
3196,0.0
3197,0.0
3198,0.027219999999999998
3199,0.14440999999999998
3200,0.22308
3201,0.34088999999999997
3202,0.47517000000000004
3203,0.48299000000000003
3204,0.48504
3205,0.35813
3206,0.36112
3207,0.30345
3208,0.14549
3209,0.00968
3210,0.0
3211,0.0
3212,0.0
3213,0.0
3214,0.0
3215,0.0
3216,0.0
3217,0.0
3218,0.0
3219,0.0
3220,0.0
3221,0.0
3222,0.02375
3223,0.11701
3224,0.19577
3225,0.29283
3226,0.35106
3227,0.355
3228,0.35656
3229,0.47935
3230,0.42708999999999997
3231,0.25927999999999995
3232,0.10109
3233,0.008140000000000001
3234,0.0
3235,0.0
3236,0.0
3237,0.0
3238,0.0
3239,0.0
3240,0.0
3241,0.0
3242,0.0
3243,0.0
3244,0.0
3245,0.0
3246,0.04114
3247,0.21097
3248,0.37931
3249,0.45456
3250,0.55606
3251,0.6237
3252,0.55831
3253,0.5614
3254,0.43215
3255,0.26812
3256,0.12469
3257,0.012060000000000001
3258,0.0
3259,0.0
3260,0.0
3261,0.0
3262,0.0
3263,0.0
3264,0.0
3265,0.0
3266,0.0
3267,0.0
3268,0.0
3269,0.0
3270,0.02922
3271,0.16093000000000002
3272,0.21268
3273,0.24218
3274,0.29364
3275,0.39287
3276,0.56957
3277,0.47993
3278,0.42660000000000003
3279,0.28170999999999996
3280,0.13635
3281,0.01499
3282,0.0
3283,0.0
3284,0.0
3285,0.0
3286,0.0
3287,0.0
3288,0.0
3289,0.0
3290,0.0
3291,0.0
3292,0.0
3293,0.0
3294,0.028239999999999998
3295,0.13363
3296,0.22008000000000003
3297,0.25236000000000003
3298,0.34491000000000005
3299,0.56874
3300,0.56267
3301,0.4104
3302,0.31010000000000004
3303,0.20626
3304,0.09231
3305,0.01342
3306,0.0
3307,0.0
3308,0.0
3309,0.0
3310,0.0
3311,0.0
3312,0.0
3313,0.0
3314,0.0
3315,0.0
3316,0.0
3317,0.0
3318,0.03608
3319,0.16240000000000002
3320,0.26663
3321,0.372
3322,0.46861
3323,0.35883
3324,0.4274
3325,0.48247
3326,0.38219
3327,0.22597
3328,0.09292
3329,0.01549
3330,0.0
3331,0.0
3332,0.0
3333,0.0
3334,0.0
3335,0.0
3336,0.0
3337,0.0
3338,0.0
3339,0.0
3340,0.0
3341,0.0
3342,0.039060000000000004
3343,0.15528999999999998
3344,0.2647
3345,0.35644
3346,0.50827
3347,0.41817000000000004
3348,0.40762
3349,0.49975
3350,0.34835000000000005
3351,0.20073
3352,0.09861
3353,0.0077599999999999995
3354,0.0
3355,0.0
3356,0.0
3357,0.0
3358,0.0
3359,0.0
3360,0.0
3361,0.0
3362,0.0
3363,0.0
3364,0.0
3365,0.0
3366,0.01495
3367,0.0892
3368,0.17118
3369,0.25342
3370,0.26300999999999997
3371,0.30721
3372,0.43263999999999997
3373,0.5365599999999999
3374,0.37892000000000003
3375,0.25114
3376,0.08913
3377,0.00973
3378,0.0
3379,0.0
3380,0.0
3381,0.0
3382,0.0
3383,0.0
3384,0.0
3385,0.0
3386,0.0
3387,0.0
3388,0.0
3389,0.0
3390,0.03318
3391,0.10639
3392,0.25766
3393,0.36979
3394,0.4382
3395,0.4928
3396,0.449
3397,0.55568
3398,0.42021
3399,0.3247
3400,0.13835
3401,0.00819
3402,0.0
3403,0.0
3404,0.0
3405,0.0
3406,0.0
3407,0.0
3408,0.0
3409,0.0
3410,0.0
3411,0.0
3412,0.0
3413,0.0
3414,0.01383
3415,0.07009
3416,0.10719
3417,0.21139
3418,0.30375
3419,0.18268
3420,0.08471
3421,0.28437
3422,0.30031
3423,0.13388
3424,0.05129
3425,0.00965
3426,0.0
3427,0.0
3428,0.0
3429,0.0
3430,0.0
3431,0.0
3432,0.0
3433,0.0
3434,0.0
3435,0.0
3436,0.0
3437,0.0
3438,0.03306
3439,0.17078
3440,0.33236
3441,0.43706
3442,0.5358999999999999
3443,0.58836
3444,0.5380900000000001
3445,0.11305
3446,0.14715999999999999
3447,0.14801
3448,0.03968
3449,0.00249
3450,0.0
3451,0.0
3452,0.0
3453,0.0
3454,0.0
3455,0.0
3456,0.0
3457,0.0
3458,0.0
3459,0.0
3460,0.0
3461,0.0
3462,0.011460000000000001
3463,0.07675
3464,0.12656
3465,0.29102999999999996
3466,0.39082
3467,0.36563999999999997
3468,0.33669
3469,0.50835
3470,0.33932
3471,0.27076
3472,0.09376999999999999
3473,0.006059999999999999
3474,0.0
3475,0.0
3476,0.0
3477,0.0
3478,0.0
3479,0.0
3480,0.0
3481,0.0
3482,0.0
3483,0.0
3484,0.0
3485,0.0
3486,0.01599
3487,0.10241
3488,0.14429
3489,0.17463
3490,0.38489
3491,0.39564
3492,0.59476
3493,0.38994999999999996
3494,0.31610000000000005
3495,0.20667
3496,0.09592
3497,0.01097
3498,0.0
3499,0.0
3500,0.0
3501,0.0
3502,0.0
3503,0.0
3504,0.0
3505,0.0
3506,0.0
3507,0.0
3508,0.0
3509,0.0
3510,0.03646
3511,0.17215
3512,0.30807999999999996
3513,0.47575
3514,0.46679000000000004
3515,0.40948
3516,0.54057
3517,0.37660000000000005
3518,0.34575
3519,0.22646
3520,0.07506
3521,0.01041
3522,0.0
3523,0.0
3524,0.0
3525,0.0
3526,0.0
3527,0.0
3528,0.0
3529,0.0
3530,0.0
3531,0.0
3532,0.0
3533,0.0
3534,0.00536
3535,0.03082
3536,0.04572
3537,0.05522
3538,0.09287999999999999
3539,0.09604
3540,0.1021
3541,0.39421
3542,0.34154
3543,0.21459999999999999
3544,0.12853
3545,0.01543
3546,0.0
3547,0.0
3548,0.0
3549,0.0
3550,0.0
3551,0.0
3552,0.0
3553,0.0
3554,0.0
3555,0.0
3556,0.0
3557,0.0
3558,0.03553
3559,0.20067
3560,0.36554000000000003
3561,0.49957
3562,0.56309
3563,0.54465
3564,0.46192
3565,0.44737
3566,0.2814
3567,0.24009
3568,0.10318000000000001
3569,0.012039999999999999
3570,0.0
3571,0.0
3572,0.0
3573,0.0
3574,0.0
3575,0.0
3576,0.0
3577,0.0
3578,0.0
3579,0.0
3580,0.0
3581,0.0
3582,0.0346
3583,0.15603999999999998
3584,0.31504000000000004
3585,0.45095999999999997
3586,0.35760000000000003
3587,0.45944
3588,0.47281
3589,0.51876
3590,0.41956
3591,0.31292000000000003
3592,0.12752
3593,0.011300000000000001
3594,0.0
3595,0.0
3596,0.0
3597,0.0
3598,0.0
3599,0.0
3600,0.0
3601,0.0
3602,0.0
3603,0.0
3604,0.0
3605,0.0
3606,0.02489
3607,0.12622
3608,0.23484
3609,0.24026
3610,0.21981
3611,0.42857999999999996
3612,0.53876
3613,0.5541900000000001
3614,0.43347
3615,0.22846
3616,0.11093
3617,0.01209
3618,0.0
3619,0.0
3620,0.0
3621,0.0
3622,0.0
3623,0.0
3624,0.0
3625,0.0
3626,0.0
3627,0.0
3628,0.0
3629,0.0
3630,0.032490000000000005
3631,0.14523
3632,0.25645999999999997
3633,0.39212
3634,0.48116000000000003
3635,0.5893400000000001
3636,0.57335
3637,0.27188
3638,0.35585
3639,0.23468
3640,0.09617
3641,0.01431
3642,0.0
3643,0.0
3644,0.0
3645,0.0
3646,0.0
3647,0.0
3648,0.0
3649,0.0
3650,0.0
3651,0.0
3652,0.0
3653,0.0
3654,0.03165
3655,0.16766999999999999
3656,0.30671
3657,0.43707
3658,0.49229
3659,0.5452400000000001
3660,0.54711
3661,0.25558000000000003
3662,0.40862
3663,0.3416
3664,0.13072999999999999
3665,0.009460000000000001
3666,0.0
3667,0.0
3668,0.0
3669,0.0
3670,0.0
3671,0.0
3672,0.0
3673,0.0
3674,0.0
3675,0.0
3676,0.0
3677,0.0
3678,0.02076
3679,0.09645999999999999
3680,0.2692
3681,0.34632
3682,0.46886
3683,0.44435
3684,0.35
3685,0.5177200000000001
3686,0.42223
3687,0.26219
3688,0.14356
3689,0.0148
3690,0.0
3691,0.0
3692,0.0
3693,0.0
3694,0.0
3695,0.0
3696,0.0
3697,0.0
3698,0.0
3699,0.0
3700,0.0
3701,0.0
3702,0.0257
3703,0.08031
3704,0.1191
3705,0.20052
3706,0.25872
3707,0.30011
3708,0.36851
3709,0.37989999999999996
3710,0.2879
3711,0.14868
3712,0.09653
3713,0.01467
3714,0.0
3715,0.0
3716,0.0
3717,0.0
3718,0.0
3719,0.0
3720,0.0
3721,0.0
3722,0.0
3723,0.0
3724,0.0
3725,0.0
3726,0.0074
3727,0.0519
3728,0.09112999999999999
3729,0.09592
3730,0.16849
3731,0.13084
3732,0.12451000000000001
3733,0.19619
3734,0.14004
3735,0.14859999999999998
3736,0.08101
3737,0.015519999999999999
3738,0.0
3739,0.0
3740,0.0
3741,0.0
3742,0.0
3743,0.0
3744,0.0
3745,0.0
3746,0.0
3747,0.0
3748,0.0
3749,0.0
3750,0.03009
3751,0.12561
3752,0.21702000000000002
3753,0.34082
3754,0.3826
3755,0.48416000000000003
3756,0.47814999999999996
3757,0.26866
3758,0.26189999999999997
3759,0.22608
3760,0.09813
3761,0.015449999999999998
3762,0.0
3763,0.0
3764,0.0
3765,0.0
3766,0.0
3767,0.0
3768,0.0
3769,0.0
3770,0.0
3771,0.0
3772,0.0
3773,0.0
3774,0.03692
3775,0.19803
3776,0.32789999999999997
3777,0.45161
3778,0.51854
3779,0.61241
3780,0.50806
3781,0.25693
3782,0.37019
3783,0.3389
3784,0.17219
3785,0.01907
3786,0.0
3787,0.0
3788,0.0
3789,0.0
3790,0.0
3791,0.0
3792,0.0
3793,0.0
3794,0.0
3795,0.0
3796,0.0
3797,0.0
3798,0.010289999999999999
3799,0.06335
3800,0.12068999999999999
3801,0.27705
3802,0.10556
3803,0.21087
3804,0.32594
3805,0.49795
3806,0.402
3807,0.24311000000000002
3808,0.11388
3809,0.01844
3810,0.0
3811,0.0
3812,0.0
3813,0.0
3814,0.0
3815,0.0
3816,0.0
3817,0.0
3818,0.0
3819,0.0
3820,0.0
3821,0.0
3822,0.01286
3823,0.02906
3824,0.04793
3825,0.12465000000000001
3826,0.17108
3827,0.12684
3828,0.27525
3829,0.25899
3830,0.1515
3831,0.13923
3832,0.06693
3833,0.00859
3834,0.0
3835,0.0
3836,0.0
3837,0.0
3838,0.0
3839,0.0
3840,0.0
3841,0.0
3842,0.0
3843,0.0
3844,0.0
3845,0.0
3846,0.00671
3847,0.08064
3848,0.12706
3849,0.23804
3850,0.2538
3851,0.35839
3852,0.49607999999999997
3853,0.36093000000000003
3854,0.22168000000000002
3855,0.12237
3856,0.0438
3857,0.0081
3858,0.0
3859,0.0
3860,0.0
3861,0.0
3862,0.0
3863,0.0
3864,0.0
3865,0.0
3866,0.0
3867,0.0
3868,0.0
3869,0.0
3870,0.00868
3871,0.05399
3872,0.08141
3873,0.12896000000000002
3874,0.15832
3875,0.18706
3876,0.19103
3877,0.17523
3878,0.30581
3879,0.12409999999999999
3880,0.08285
3881,0.01251
3882,0.0
3883,0.0
3884,0.0
3885,0.0
3886,0.0
3887,0.0
3888,0.0
3889,0.0
3890,0.0
3891,0.0
3892,0.0
3893,0.0
3894,0.020210000000000002
3895,0.07968
3896,0.15353999999999998
3897,0.15719
3898,0.17545
3899,0.28607
3900,0.34097000000000005
3901,0.47070999999999996
3902,0.42862
3903,0.29181
3904,0.16494
3905,0.01871
3906,0.0
3907,0.0
3908,0.0
3909,0.0
3910,0.0
3911,0.0
3912,0.0
3913,0.0
3914,0.0
3915,0.0
3916,0.0
3917,0.0
3918,0.01474
3919,0.11649
3920,0.21202000000000001
3921,0.21209999999999998
3922,0.26843
3923,0.38259
3924,0.32447000000000004
3925,0.50213
3926,0.14811000000000002
3927,0.13248
3928,0.044539999999999996
3929,0.00897
3930,0.0
3931,0.0
3932,0.0
3933,0.0
3934,0.0
3935,0.0
3936,0.0
3937,0.0
3938,0.0
3939,0.0
3940,0.0
3941,0.0
3942,0.00901
3943,0.04247
3944,0.10335
3945,0.17937999999999998
3946,0.33024000000000003
3947,0.34022
3948,0.44337
3949,0.27669
3950,0.23599
3951,0.21444
3952,0.11005
3953,0.0212
3954,0.0
3955,0.0
3956,0.0
3957,0.0
3958,0.0
3959,0.0
3960,0.0
3961,0.0
3962,0.0
3963,0.0
3964,0.0
3965,0.0
3966,0.00635
3967,0.05237
3968,0.08654
3969,0.18636000000000003
3970,0.19681
3971,0.23746
3972,0.25490999999999997
3973,0.09343000000000001
3974,0.31395999999999996
3975,0.26142000000000004
3976,0.15059999999999998
3977,0.01692
3978,0.0
3979,0.0
3980,0.0
3981,0.0
3982,0.0
3983,0.0
3984,0.0
3985,0.0
3986,0.0
3987,0.0
3988,0.0
3989,0.0
3990,0.003
3991,0.02509
3992,0.13382
3993,0.08327
3994,0.14146
3995,0.15203999999999998
3996,0.25216
3997,0.31477
3998,0.21567
3999,0.16794
4000,0.09831000000000001
4001,0.01033
4002,0.0
4003,0.0
4004,0.0
4005,0.0
4006,0.0
4007,0.0
4008,0.0
4009,0.0
4010,0.0
4011,0.0
4012,0.0
4013,0.0
4014,0.0030299999999999997
4015,0.04089
4016,0.11864
4017,0.05182
4018,0.1468
4019,0.11220999999999999
4020,0.26087
4021,0.33632999999999996
4022,0.31627
4023,0.23423
4024,0.12315000000000001
4025,0.013210000000000001
4026,0.0
4027,0.0
4028,0.0
4029,0.0
4030,0.0
4031,0.0
4032,0.0
4033,0.0
4034,0.0
4035,0.0
4036,0.0
4037,0.0
4038,0.0099
4039,0.03996
4040,0.06794
4041,0.07217
4042,0.1026
4043,0.13665
4044,0.11564
4045,0.21503999999999998
4046,0.29955000000000004
4047,0.10384
4048,0.05738
4049,0.00523
4050,0.0
4051,0.0
4052,0.0
4053,0.0
4054,0.0
4055,0.0
4056,0.0
4057,0.0
4058,0.0
4059,0.0
4060,0.0
4061,0.0
4062,0.0123
4063,0.04943
4064,0.10870999999999999
4065,0.19121000000000002
4066,0.2736
4067,0.30715
4068,0.24988
4069,0.28529000000000004
4070,0.22216
4071,0.14409
4072,0.055600000000000004
4073,0.004900000000000001
4074,0.0
4075,0.0
4076,0.0
4077,0.0
4078,0.0
4079,0.0
4080,0.0
4081,0.0
4082,0.0
4083,0.0
4084,0.0
4085,0.0
4086,0.020210000000000002
4087,0.14674
4088,0.263
4089,0.38319
4090,0.38577
4091,0.25275
4092,0.30509
4093,0.21489
4094,0.12866
4095,0.11984
4096,0.06514
4097,0.01063
4098,0.0
4099,0.0
4100,0.0
4101,0.0
4102,0.0
4103,0.0
4104,0.0
4105,0.0
4106,0.0
4107,0.0
4108,0.0
4109,0.0
4110,0.00824
4111,0.06795999999999999
4112,0.18888999999999997
4113,0.31287
4114,0.33138999999999996
4115,0.50468
4116,0.56013
4117,0.09425
4118,0.18828999999999999
4119,0.1901
4120,0.12267
4121,0.01542
4122,0.0
4123,0.0
4124,0.0
4125,0.0
4126,0.0
4127,0.0
4128,0.0
4129,0.0
4130,0.0
4131,0.0
4132,0.0
4133,0.0
4134,0.02478
4135,0.15028999999999998
4136,0.28482
4137,0.34845
4138,0.47779000000000005
4139,0.51076
4140,0.46492
4141,0.05392
4142,0.20911000000000002
4143,0.14422
4144,0.16158
4145,0.027690000000000003
4146,0.0
4147,0.0
4148,0.0
4149,0.0
4150,0.0
4151,0.0
4152,0.0
4153,0.0
4154,0.0
4155,0.0
4156,0.0
4157,0.0
4158,0.02969
4159,0.16578
4160,0.20890999999999998
4161,0.30701
4162,0.42302
4163,0.43993
4164,0.55812
4165,0.30623
4166,0.40395
4167,0.31733
4168,0.15250999999999998
4169,0.01758
4170,0.0
4171,0.0
4172,0.0
4173,0.0
4174,0.0
4175,0.0
4176,0.0
4177,0.0
4178,0.0
4179,0.0
4180,0.0
4181,0.0
4182,0.027329999999999997
4183,0.1437
4184,0.19013
4185,0.28152
4186,0.22812000000000002
4187,0.40095
4188,0.38730000000000003
4189,0.37341
4190,0.38182
4191,0.3009
4192,0.17233
4193,0.02223
4194,0.0
4195,0.0
4196,0.0
4197,0.0
4198,0.0
4199,0.0
4200,0.0
4201,0.0
4202,0.0
4203,0.0
4204,0.0
4205,0.0
4206,0.01752
4207,0.11393
4208,0.23883000000000001
4209,0.36413999999999996
4210,0.39536
4211,0.22740000000000002
4212,0.4727
4213,0.48585
4214,0.32838999999999996
4215,0.31880000000000003
4216,0.14759999999999998
4217,0.01465
4218,0.0
4219,0.0
4220,0.0
4221,0.0
4222,0.0
4223,0.0
4224,0.0
4225,0.0
4226,0.0
4227,0.0
4228,0.0
4229,0.0
4230,0.00954
4231,0.05859
4232,0.05237
4233,0.20098
4234,0.20121
4235,0.22066999999999998
4236,0.30015
4237,0.10962999999999999
4238,0.27712
4239,0.311
4240,0.15628999999999998
4241,0.02237
4242,0.0
4243,0.0
4244,0.0
4245,0.0
4246,0.0
4247,0.0
4248,0.0
4249,0.0
4250,0.0
4251,0.0
4252,0.0
4253,0.0
4254,0.018670000000000003
4255,0.13244
4256,0.19085
4257,0.27537
4258,0.31366000000000005
4259,0.33877999999999997
4260,0.47298
4261,0.19526
4262,0.42431
4263,0.27272
4264,0.13594
4265,0.01753
4266,0.0
4267,0.0
4268,0.0
4269,0.0
4270,0.0
4271,0.0
4272,0.0
4273,0.0
4274,0.0
4275,0.0
4276,0.0
4277,0.0
4278,0.01418
4279,0.0585
4280,0.07078
4281,0.19388
4282,0.29406
4283,0.28446
4284,0.24247
4285,0.06331
4286,0.05849
4287,0.04132
4288,0.027510000000000003
4289,0.010539999999999999
4290,0.0
4291,0.0
4292,0.0
4293,0.0
4294,0.0
4295,0.0
4296,0.0
4297,0.0
4298,0.0
4299,0.0
4300,0.0
4301,0.0
4302,0.012029999999999999
4303,0.07690999999999999
4304,0.15877000000000002
4305,0.31751999999999997
4306,0.48706
4307,0.5576
4308,0.59042
4309,0.51802
4310,0.44364
4311,0.29788
4312,0.1669
4313,0.0246
4314,0.0
4315,0.0
4316,0.0
4317,0.0
4318,0.0
4319,0.0
4320,0.0
4321,0.0
4322,0.0
4323,0.0
4324,0.0
4325,0.0
4326,0.03148
4327,0.10396
4328,0.25259
4329,0.38761
4330,0.46094999999999997
4331,0.46920999999999996
4332,0.44480000000000003
4333,0.1761
4334,0.16541
4335,0.15322999999999998
4336,0.11363
4337,0.0242
4338,0.0
4339,0.0
4340,0.0
4341,0.0
4342,0.0
4343,0.0
4344,0.0
4345,0.0
4346,0.0
4347,0.0
4348,0.0
4349,0.0
4350,0.026600000000000002
4351,0.13325
4352,0.25454
4353,0.32874000000000003
4354,0.41101
4355,0.46179000000000003
4356,0.48396
4357,0.52246
4358,0.49651999999999996
4359,0.35896
4360,0.1884
4361,0.026719999999999997
4362,0.0
4363,0.0
4364,0.0
4365,0.0
4366,0.0
4367,0.0
4368,0.0
4369,0.0
4370,0.0
4371,0.0
4372,0.0
4373,0.0
4374,0.01782
4375,0.12988
4376,0.24277
4377,0.39206
4378,0.41825
4379,0.54622
4380,0.56378
4381,0.50093
4382,0.41126
4383,0.25833
4384,0.13608
4385,0.0253
4386,0.0
4387,0.0
4388,0.0
4389,0.0
4390,0.0
4391,0.0
4392,0.0
4393,0.0
4394,0.0
4395,0.0
4396,0.0
4397,0.0
4398,0.01832
4399,0.12278
4400,0.1713
4401,0.28516
4402,0.34482
4403,0.41241
4404,0.4317
4405,0.18675
4406,0.16813
4407,0.08374
4408,0.0597
4409,0.01151
4410,0.0
4411,0.0
4412,0.0
4413,0.0
4414,0.0
4415,0.0
4416,0.0
4417,0.0
4418,0.0
4419,0.0
4420,0.0
4421,0.0
4422,0.00239
4423,0.027620000000000002
4424,0.07473
4425,0.16621
4426,0.24749000000000002
4427,0.30971
4428,0.29462
4429,0.35882
4430,0.38397000000000003
4431,0.3277
4432,0.15477000000000002
4433,0.02305
4434,0.0
4435,0.0
4436,0.0
4437,0.0
4438,0.0
4439,0.0
4440,0.0
4441,0.0
4442,0.0
4443,0.0
4444,0.0
4445,0.0
4446,0.02069
4447,0.11662
4448,0.23915
4449,0.26368
4450,0.36061
4451,0.42633
4452,0.29460000000000003
4453,0.51907
4454,0.45724000000000004
4455,0.3068
4456,0.16322
4457,0.020059999999999998
4458,0.0
4459,0.0
4460,0.0
4461,0.0
4462,0.0
4463,0.0
4464,0.0
4465,0.0
4466,0.0
4467,0.0
4468,0.0
4469,0.0
4470,0.02112
4471,0.1211
4472,0.20159
4473,0.15774000000000002
4474,0.12077
4475,0.20897
4476,0.33566
4477,0.054079999999999996
4478,0.08993999999999999
4479,0.06867
4480,0.07252
4481,0.011890000000000001
4482,0.0
4483,0.0
4484,0.0
4485,0.0
4486,0.0
4487,0.0
4488,0.0
4489,0.0
4490,0.0
4491,0.0
4492,0.0
4493,0.0
4494,0.00539
4495,0.03582
4496,0.12434
4497,0.11195000000000001
4498,0.1707
4499,0.21202000000000001
4500,0.15003
4501,0.25512999999999997
4502,0.21371
4503,0.17395
4504,0.03781
4505,0.01208
4506,0.0
4507,0.0
4508,0.0
4509,0.0
4510,0.0
4511,0.0
4512,0.0
4513,0.0
4514,0.0
4515,0.0
4516,0.0
4517,0.0
4518,0.020980000000000002
4519,0.15366
4520,0.25142
4521,0.35613
4522,0.39775
4523,0.52291
4524,0.48458999999999997
4525,0.52685
4526,0.47913
4527,0.32767
4528,0.18156999999999998
4529,0.02308
4530,0.0
4531,0.0
4532,0.0
4533,0.0
4534,0.0
4535,0.0
4536,0.0
4537,0.0
4538,0.0
4539,0.0
4540,0.0
4541,0.0
4542,0.00945
4543,0.05485
4544,0.09384999999999999
4545,0.2009
4546,0.25077
4547,0.20431
4548,0.32994
4549,0.42292
4550,0.41337999999999997
4551,0.32031
4552,0.17406
4553,0.03064
4554,0.0
4555,0.0
4556,0.0
4557,0.0
4558,0.0
4559,0.0
4560,0.0
4561,0.0
4562,0.0
4563,0.0
4564,0.0
4565,0.0
4566,0.01073
4567,0.0945
4568,0.18419999999999997
4569,0.21302000000000001
4570,0.24376
4571,0.38294
4572,0.37560000000000004
4573,0.34217000000000003
4574,0.34023000000000003
4575,0.29960000000000003
4576,0.17381
4577,0.03146
4578,0.0
4579,0.0
4580,0.0
4581,0.0
4582,0.0
4583,0.0
4584,0.0
4585,0.0
4586,0.0
4587,0.0
4588,0.0
4589,0.0
4590,0.01677
4591,0.09212000000000001
4592,0.18231
4593,0.28134
4594,0.37353
4595,0.41622000000000003
4596,0.27743
4597,0.28549
4598,0.29223000000000005
4599,0.2725
4600,0.16237000000000001
4601,0.02379
4602,0.0
4603,0.0
4604,0.0
4605,0.0
4606,0.0
4607,0.0
4608,0.0
4609,0.0
4610,0.0
4611,0.0
4612,0.0
4613,0.0
4614,0.00549
4615,0.03157
4616,0.07065
4617,0.14058
4618,0.26483
4619,0.23585
4620,0.35064999999999996
4621,0.10421
4622,0.15344
4623,0.16673
4624,0.09954
4625,0.01625
4626,0.0
4627,0.0
4628,0.0
4629,0.0
4630,0.0
4631,0.0
4632,0.0
4633,0.0
4634,0.0
4635,0.0
4636,0.0
4637,0.0
4638,0.01537
4639,0.05796
4640,0.20211
4641,0.13722
4642,0.23564
4643,0.29688
4644,0.4258
4645,0.11441
4646,0.14577
4647,0.16458
4648,0.09148
4649,0.030100000000000002
4650,0.0
4651,0.0
4652,0.0
4653,0.0
4654,0.0
4655,0.0
4656,0.0
4657,0.0
4658,0.0
4659,0.0
4660,0.0
4661,0.0
4662,0.01476
4663,0.09704
4664,0.2057
4665,0.27864999999999995
4666,0.29882
4667,0.42652999999999996
4668,0.45697000000000004
4669,0.52866
4670,0.45267
4671,0.33251
4672,0.16541
4673,0.03025
4674,0.0
4675,0.0
4676,0.0
4677,0.0
4678,0.0
4679,0.0
4680,0.0
4681,0.0
4682,0.0
4683,0.0
4684,0.0
4685,0.0
4686,0.015179999999999999
4687,0.14405
4688,0.26291000000000003
4689,0.37162
4690,0.50643
4691,0.5430900000000001
4692,0.51349
4693,0.44733
4694,0.44164
4695,0.30242
4696,0.14537
4697,0.02816
4698,0.0
4699,0.0
4700,0.0
4701,0.0
4702,0.0
4703,0.0
4704,0.0
4705,0.0
4706,0.0
4707,0.0
4708,0.0
4709,0.0
4710,0.01503
4711,0.13893
4712,0.26658
4713,0.37774
4714,0.48874
4715,0.57505
4716,0.51837
4717,0.20137
4718,0.20258
4719,0.20141
4720,0.12426000000000001
4721,0.016980000000000002
4722,0.0
4723,0.0
4724,0.0
4725,0.0
4726,0.0
4727,0.0
4728,0.0
4729,0.0
4730,0.0
4731,0.0
4732,0.0
4733,0.0
4734,0.011380000000000001
4735,0.10485
4736,0.13926
4737,0.14064
4738,0.14654
4739,0.1615
4740,0.22886
4741,0.12928
4742,0.21430000000000002
4743,0.16688
4744,0.08501
4745,0.00916
4746,0.0
4747,0.0
4748,0.0
4749,0.0
4750,0.0
4751,0.0
4752,0.0
4753,0.0
4754,0.0
4755,0.0
4756,0.0
4757,0.0
4758,0.02095
4759,0.16319999999999998
4760,0.30841
4761,0.40947
4762,0.54457
4763,0.5895900000000001
4764,0.64195
4765,0.26327
4766,0.16838999999999998
4767,0.11939
4768,0.047909999999999994
4769,0.00653
4770,0.0
4771,0.0
4772,0.0
4773,0.0
4774,0.0
4775,0.0
4776,0.0
4777,0.0
4778,0.0
4779,0.0
4780,0.0
4781,0.0
4782,0.01393
4783,0.11405
4784,0.23734
4785,0.31304000000000004
4786,0.47717000000000004
4787,0.44110000000000005
4788,0.45674000000000003
4789,0.09591
4790,0.14503
4791,0.09331
4792,0.06818
4793,0.01769
4794,0.0
4795,0.0
4796,0.0
4797,0.0
4798,0.0
4799,0.0
4800,0.0
4801,0.0
4802,0.0
4803,0.0
4804,0.0
4805,0.0
4806,0.01748
4807,0.14777
4808,0.31875
4809,0.43894
4810,0.53906
4811,0.57626
4812,0.56332
4813,0.24797999999999998
4814,0.17419
4815,0.053380000000000004
4816,0.05091
4817,0.02017
4818,0.0
4819,0.0
4820,0.0
4821,0.0
4822,0.0
4823,0.0
4824,0.0
4825,0.0
4826,0.0
4827,0.0
4828,0.0
4829,0.0
4830,0.01282
4831,0.06391
4832,0.20693999999999999
4833,0.23534
4834,0.25947000000000003
4835,0.18087
4836,0.18455000000000002
4837,0.15775
4838,0.29364
4839,0.22396000000000002
4840,0.08645
4841,0.00876
4842,0.0
4843,0.0
4844,0.0
4845,0.0
4846,0.0
4847,0.0
4848,0.0
4849,0.0
4850,0.0
4851,0.0
4852,0.0
4853,0.0
4854,0.019219999999999998
4855,0.10288
4856,0.25472
4857,0.35337999999999997
4858,0.43756
4859,0.53007
4860,0.56196
4861,0.50046
4862,0.377
4863,0.30295
4864,0.12664
4865,0.02573
4866,0.0
4867,0.0
4868,0.0
4869,0.0
4870,0.0
4871,0.0
4872,0.0
4873,0.0
4874,0.0
4875,0.0
4876,0.0
4877,0.0
4878,0.009699999999999999
4879,0.06132
4880,0.15538999999999997
4881,0.23953
4882,0.36669
4883,0.44848000000000005
4884,0.43226
4885,0.49417
4886,0.46482999999999997
4887,0.3497
4888,0.16461
4889,0.02894
4890,0.0
4891,0.0
4892,0.0
4893,0.0
4894,0.0
4895,0.0
4896,0.0
4897,0.0
4898,0.0
4899,0.0
4900,0.0
4901,0.0
4902,0.00228
4903,0.02148
4904,0.05354
4905,0.07808
4906,0.15927000000000002
4907,0.14643
4908,0.12146
4909,0.18606
4910,0.39135000000000003
4911,0.33709
4912,0.20334
4913,0.027149999999999997
4914,0.0
4915,0.0
4916,0.0
4917,0.0
4918,0.0
4919,0.0
4920,0.0
4921,0.0
4922,0.0
4923,0.0
4924,0.0
4925,0.0
4926,0.01834
4927,0.15230000000000002
4928,0.3397
4929,0.46191000000000004
4930,0.52471
4931,0.49379
4932,0.44530000000000003
4933,0.26477
4934,0.46105
4935,0.28997
4936,0.1535
4937,0.02018
4938,0.0
4939,0.0
4940,0.0
4941,0.0
4942,0.0
4943,0.0
4944,0.0
4945,0.0
4946,0.0
4947,0.0
4948,0.0
4949,0.0
4950,0.00743
4951,0.08214
4952,0.14577
4953,0.16247
4954,0.19899
4955,0.43751999999999996
4956,0.32639
4957,0.36392
4958,0.29752
4959,0.21902000000000002
4960,0.09856000000000001
4961,0.01682
4962,0.0
4963,0.0
4964,0.0
4965,0.0
4966,0.0
4967,0.0
4968,0.0
4969,0.0
4970,0.0
4971,0.0
4972,0.0
4973,0.0
4974,0.0019299999999999999
4975,0.08299
4976,0.17901
4977,0.15975
4978,0.29689
4979,0.44701
4980,0.35823
4981,0.42307
4982,0.33118000000000003
4983,0.22913
4984,0.05173
4985,0.007030000000000001
4986,0.0
4987,0.0
4988,0.0
4989,0.0
4990,0.0
4991,0.0
4992,0.0
4993,0.0
4994,0.0
4995,0.0
4996,0.0
4997,0.0
4998,0.02028
4999,0.13313999999999998
5000,0.21912
5001,0.39597000000000004
5002,0.5438200000000001
5003,0.5949800000000001
5004,0.6001599999999999
5005,0.08415
5006,0.23333
5007,0.17807
5008,0.14329
5009,0.03603
5010,0.0
5011,0.0
5012,0.0
5013,0.0
5014,0.0
5015,0.0
5016,0.0
5017,0.0
5018,0.0
5019,0.0
5020,0.0
5021,0.0
5022,0.01098
5023,0.07787000000000001
5024,0.16174000000000002
5025,0.22851
5026,0.30971
5027,0.32280000000000003
5028,0.34387
5029,0.57968
5030,0.45223
5031,0.3449
5032,0.18128999999999998
5033,0.03429
5034,0.0
5035,0.0
5036,0.0
5037,0.0
5038,0.0
5039,0.0
5040,0.0
5041,0.0
5042,0.0
5043,0.0
5044,0.0
5045,0.0
5046,0.02299
5047,0.17045
5048,0.31944
5049,0.46229000000000003
5050,0.56857
5051,0.6525
5052,0.6296
5053,0.46789
5054,0.4724
5055,0.32464
5056,0.15803
5057,0.023710000000000002
5058,0.0
5059,0.0
5060,0.0
5061,0.0
5062,0.0
5063,0.0
5064,0.0
5065,0.0
5066,0.0
5067,0.0
5068,0.0
5069,0.0
5070,0.02804
5071,0.15356
5072,0.18453
5073,0.24669999999999997
5074,0.17759
5075,0.19352
5076,0.24521
5077,0.1988
5078,0.23075
5079,0.13465
5080,0.04262
5081,0.00882
5082,0.0
5083,0.0
5084,0.0
5085,0.0
5086,0.0
5087,0.0
5088,0.0
5089,0.0
5090,0.0
5091,0.0
5092,0.0
5093,0.0
5094,0.01062
5095,0.08453000000000001
5096,0.21346
5097,0.21187
5098,0.24001
5099,0.26412
5100,0.2368
5101,0.12988
5102,0.21201
5103,0.13628
5104,0.0551
5105,0.01228
5106,0.0
5107,0.0
5108,0.0
5109,0.0
5110,0.0
5111,0.0
5112,0.0
5113,0.0
5114,0.0
5115,0.0
5116,0.0
5117,0.0
5118,0.02416
5119,0.17735
5120,0.33843
5121,0.47199
5122,0.56767
5123,0.633
5124,0.57205
5125,0.5598200000000001
5126,0.5290499999999999
5127,0.38837
5128,0.20652
5129,0.03517
5130,0.0
5131,0.0
5132,0.0
5133,0.0
5134,0.0
5135,0.0
5136,0.0
5137,0.0
5138,0.0
5139,0.0
5140,0.0
5141,0.0
5142,0.02511
5143,0.18027
5144,0.37039999999999995
5145,0.43905
5146,0.56328
5147,0.6517999999999999
5148,0.6431
5149,0.53467
5150,0.42519
5151,0.31013
5152,0.14597
5153,0.03293
5154,0.0
5155,0.0
5156,0.0
5157,0.0
5158,0.0
5159,0.0
5160,0.0
5161,0.0
5162,0.0
5163,0.0
5164,0.0
5165,0.0
5166,0.01924
5167,0.15184
5168,0.33625
5169,0.36284
5170,0.47324
5171,0.53725
5172,0.54425
5173,0.21709
5174,0.24519
5175,0.19957
5176,0.09615
5177,0.02435
5178,0.0
5179,0.0
5180,0.0
5181,0.0
5182,0.0
5183,0.0
5184,0.0
5185,0.0
5186,0.0
5187,0.0
5188,0.0
5189,0.0
5190,0.01209
5191,0.061090000000000005
5192,0.24403
5193,0.41225
5194,0.40316
5195,0.59266
5196,0.6194700000000001
5197,0.57189
5198,0.43355
5199,0.31933999999999996
5200,0.19207
5201,0.032420000000000004
5202,0.0
5203,0.0
5204,0.0
5205,0.0
5206,0.0
5207,0.0
5208,0.0
5209,0.0
5210,0.0
5211,0.0
5212,0.0
5213,0.0
5214,0.01459
5215,0.12068999999999999
5216,0.28922000000000003
5217,0.44359
5218,0.58335
5219,0.58043
5220,0.5827899999999999
5221,0.54302
5222,0.46162000000000003
5223,0.39309
5224,0.19202000000000002
5225,0.02838
5226,0.0
5227,0.0
5228,0.0
5229,0.0
5230,0.0
5231,0.0
5232,0.0
5233,0.0
5234,0.0
5235,0.0
5236,0.0
5237,0.0
5238,0.02257
5239,0.12
5240,0.29451
5241,0.38214
5242,0.36361
5243,0.56398
5244,0.51904
5245,0.20686000000000002
5246,0.20625
5247,0.20316
5248,0.13809
5249,0.02488
5250,0.0
5251,0.0
5252,0.0
5253,0.0
5254,0.0
5255,0.0
5256,0.0
5257,0.0
5258,0.0
5259,0.0
5260,0.0
5261,0.0
5262,0.01966
5263,0.12390000000000001
5264,0.25358
5265,0.36656
5266,0.34581
5267,0.41822000000000004
5268,0.54708
5269,0.27216
5270,0.16932
5271,0.13792
5272,0.17756
5273,0.03376
5274,0.0
5275,0.0
5276,0.0
5277,0.0
5278,0.0
5279,0.0
5280,0.0
5281,0.0
5282,0.0
5283,0.0
5284,0.0
5285,0.0
5286,0.016050000000000002
5287,0.14535
5288,0.27373000000000003
5289,0.28625
5290,0.42319999999999997
5291,0.32717
5292,0.31295
5293,0.09212000000000001
5294,0.26906
5295,0.27373000000000003
5296,0.13479
5297,0.02568
5298,0.0
5299,0.0
5300,0.0
5301,0.0
5302,0.0
5303,0.0
5304,0.0
5305,0.0
5306,0.0
5307,0.0
5308,0.0
5309,0.0
5310,0.02652
5311,0.19475
5312,0.38099
5313,0.51041
5314,0.6245700000000001
5315,0.6480499999999999
5316,0.64628
5317,0.57826
5318,0.45471
5319,0.34314999999999996
5320,0.18946000000000002
5321,0.029920000000000002
5322,0.0
5323,0.0
5324,0.0
5325,0.0
5326,0.0
5327,0.0
5328,0.0
5329,0.0
5330,0.0
5331,0.0
5332,0.0
5333,0.0
5334,0.021929999999999998
5335,0.17638
5336,0.35902999999999996
5337,0.49271
5338,0.5921799999999999
5339,0.5937100000000001
5340,0.59957
5341,0.46022
5342,0.43963
5343,0.35073000000000004
5344,0.15838999999999998
5345,0.02809
5346,0.0
5347,0.0
5348,0.0
5349,0.0
5350,0.0
5351,0.0
5352,0.0
5353,0.0
5354,0.0
5355,0.0
5356,0.0
5357,0.0
5358,0.01573
5359,0.10937999999999999
5360,0.25833
5361,0.21585
5362,0.46875
5363,0.31293
5364,0.39475
5365,0.18506999999999998
5366,0.25317
5367,0.26602
5368,0.16878
5369,0.02664
5370,0.0
5371,0.0
5372,0.0
5373,0.0
5374,0.0
5375,0.0
5376,0.0
5377,0.0
5378,0.0
5379,0.0
5380,0.0
5381,0.0
5382,0.00691
5383,0.05195
5384,0.17459
5385,0.25457
5386,0.36773
5387,0.37365
5388,0.33025
5389,0.26006999999999997
5390,0.36745
5391,0.31947000000000003
5392,0.17764
5393,0.032560000000000006
5394,0.0
5395,0.0
5396,0.0
5397,0.0
5398,0.0
5399,0.0
5400,0.0
5401,0.0
5402,0.0
5403,0.0
5404,0.0
5405,0.0
5406,0.01549
5407,0.09167
5408,0.16482
5409,0.20748
5410,0.36848000000000003
5411,0.31663
5412,0.26108
5413,0.16285
5414,0.24946000000000002
5415,0.33775
5416,0.17987
5417,0.03621
5418,0.0
5419,0.0
5420,0.0
5421,0.0
5422,0.0
5423,0.0
5424,0.0
5425,0.0
5426,0.0
5427,0.0
5428,0.0
5429,0.0
5430,0.02488
5431,0.16594
5432,0.31893
5433,0.466
5434,0.56586
5435,0.58778
5436,0.57032
5437,0.59281
5438,0.47884
5439,0.35952999999999996
5440,0.17759
5441,0.02743
5442,0.0
5443,0.0
5444,0.0
5445,0.0
5446,0.0
5447,0.0
5448,0.0
5449,0.0
5450,0.0
5451,0.0
5452,0.0
5453,0.0
5454,0.03211
5455,0.22319999999999998
5456,0.41008
5457,0.5479700000000001
5458,0.63758
5459,0.6355700000000001
5460,0.65977
5461,0.57792
5462,0.45708
5463,0.30437000000000003
5464,0.19476
5465,0.01
5466,0.0
5467,0.0
5468,0.0
5469,0.0
5470,0.0
5471,0.0
5472,0.0
5473,0.0
5474,0.0
5475,0.0
5476,0.0
5477,0.0
5478,0.013890000000000001
5479,0.08763
5480,0.24351
5481,0.35838
5482,0.5361699999999999
5483,0.5431699999999999
5484,0.60464
5485,0.52155
5486,0.42655
5487,0.34828
5488,0.15853
5489,0.012039999999999999
5490,0.0
5491,0.0
5492,0.0
5493,0.0
5494,0.0
5495,0.0
5496,0.0
5497,0.0
5498,0.0
5499,0.0
5500,0.0
5501,0.0
5502,0.02519
5503,0.10189
5504,0.14303
5505,0.31577999999999995
5506,0.32314
5507,0.37485
5508,0.46488999999999997
5509,0.23147
5510,0.31944
5511,0.32345
5512,0.201
5513,0.013810000000000001
5514,0.0
5515,0.0
5516,0.0
5517,0.0
5518,0.0
5519,0.0
5520,0.0
5521,0.0
5522,0.0
5523,0.0
5524,0.0
5525,0.0
5526,0.02789
5527,0.19265000000000002
5528,0.37872
5529,0.50962
5530,0.55202
5531,0.66435
5532,0.60562
5533,0.47384
5534,0.45461
5535,0.37117
5536,0.19728
5537,0.01383
5538,0.0
5539,0.0
5540,0.0
5541,0.0
5542,0.0
5543,0.0
5544,0.0
5545,0.0
5546,0.0
5547,0.0
5548,0.0
5549,0.0
5550,0.03032
5551,0.19606
5552,0.35705000000000003
5553,0.44275
5554,0.5884400000000001
5555,0.63761
5556,0.62822
5557,0.34978
5558,0.43043
5559,0.35893
5560,0.18267
5561,0.01343
5562,0.0
5563,0.0
5564,0.0
5565,0.0
5566,0.0
5567,0.0
5568,0.0
5569,0.0
5570,0.0
5571,0.0
5572,0.0
5573,0.0
5574,0.0099
5575,0.04467
5576,0.15899000000000002
5577,0.25974
5578,0.34884
5579,0.37618
5580,0.40796
5581,0.48217000000000004
5582,0.50066
5583,0.34981
5584,0.17953
5585,0.01131
5586,0.0
5587,0.0
5588,0.0
5589,0.0
5590,0.0
5591,0.0
5592,0.0
5593,0.0
5594,0.0
5595,0.0
5596,0.0
5597,0.0
5598,0.01739
5599,0.09283
5600,0.18483000000000002
5601,0.2047
5602,0.31181
5603,0.41993
5604,0.3965
5605,0.21911000000000003
5606,0.25203
5607,0.08444
5608,0.09473999999999999
5609,0.01165
5610,0.0
5611,0.0
5612,0.0
5613,0.0
5614,0.0
5615,0.0
5616,0.0
5617,0.0
5618,0.0
5619,0.0
5620,0.0
5621,0.0
5622,0.032420000000000004
5623,0.18700999999999998
5624,0.33573000000000003
5625,0.50404
5626,0.54176
5627,0.62389
5628,0.65301
5629,0.43875
5630,0.36335
5631,0.27267
5632,0.17728
5633,0.014199999999999999
5634,0.0
5635,0.0
5636,0.0
5637,0.0
5638,0.0
5639,0.0
5640,0.0
5641,0.0
5642,0.0
5643,0.0
5644,0.0
5645,0.0
5646,0.023809999999999998
5647,0.18109
5648,0.3486
5649,0.51742
5650,0.61766
5651,0.6954400000000001
5652,0.6745
5653,0.58163
5654,0.44752
5655,0.35443
5656,0.18844999999999998
5657,0.01582
5658,0.0
5659,0.0
5660,0.0
5661,0.0
5662,0.0
5663,0.0
5664,0.0
5665,0.0
5666,0.0
5667,0.0
5668,0.0
5669,0.0
5670,0.02653
5671,0.17321
5672,0.32480000000000003
5673,0.38198000000000004
5674,0.56216
5675,0.55813
5676,0.45619
5677,0.13094999999999998
5678,0.15362
5679,0.24847
5680,0.08567
5681,0.00614
5682,0.0
5683,0.0
5684,0.0
5685,0.0
5686,0.0
5687,0.0
5688,0.0
5689,0.0
5690,0.0
5691,0.0
5692,0.0
5693,0.0
5694,0.033460000000000004
5695,0.21937
5696,0.37488
5697,0.5408200000000001
5698,0.56487
5699,0.56129
5700,0.63832
5701,0.44201999999999997
5702,0.46651
5703,0.33679000000000003
5704,0.17989
5705,0.00957
5706,0.0
5707,0.0
5708,0.0
5709,0.0
5710,0.0
5711,0.0
5712,0.0
5713,0.0
5714,0.0
5715,0.0
5716,0.0
5717,0.0
5718,0.022920000000000003
5719,0.11587
5720,0.22771
5721,0.19656
5722,0.25177
5723,0.3725
5724,0.25099
5725,0.32752
5726,0.38739999999999997
5727,0.32006
5728,0.15946000000000002
5729,0.00893
5730,0.0
5731,0.0
5732,0.0
5733,0.0
5734,0.0
5735,0.0
5736,0.0
5737,0.0
5738,0.0
5739,0.0
5740,0.0
5741,0.0
5742,0.013269999999999999
5743,0.09237999999999999
5744,0.15193
5745,0.27244999999999997
5746,0.35570999999999997
5747,0.28547
5748,0.34098
5749,0.21168
5750,0.36957999999999996
5751,0.35198
5752,0.15509
5753,0.01188
5754,0.0
5755,0.0
5756,0.0
5757,0.0
5758,0.0
5759,0.0
5760,0.0
5761,0.0
5762,0.0
5763,0.0
5764,0.0
5765,0.0
5766,0.00375
5767,0.04629
5768,0.10085
5769,0.21669999999999998
5770,0.48047
5771,0.40526999999999996
5772,0.46588
5773,0.17663
5774,0.21040999999999999
5775,0.25037
5776,0.11766
5777,0.0107
5778,0.0
5779,0.0
5780,0.0
5781,0.0
5782,0.0
5783,0.0
5784,0.0
5785,0.0
5786,0.0
5787,0.0
5788,0.0
5789,0.0
5790,0.033600000000000005
5791,0.14993
5792,0.31777999999999995
5793,0.37206
5794,0.35431
5795,0.39653
5796,0.47514
5797,0.50115
5798,0.48858999999999997
5799,0.38321
5800,0.18802000000000002
5801,0.01099
5802,0.0
5803,0.0
5804,0.0
5805,0.0
5806,0.0
5807,0.0
5808,0.0
5809,0.0
5810,0.0
5811,0.0
5812,0.0
5813,0.0
5814,0.03025
5815,0.18616
5816,0.36124
5817,0.53886
5818,0.64774
5819,0.6484099999999999
5820,0.6242000000000001
5821,0.43698000000000004
5822,0.42813
5823,0.36311
5824,0.18059999999999998
5825,0.01298
5826,0.0
5827,0.0
5828,0.0
5829,0.0
5830,0.0
5831,0.0
5832,0.0
5833,0.0
5834,0.0
5835,0.0
5836,0.0
5837,0.0
5838,0.03582
5839,0.22451
5840,0.41456
5841,0.55928
5842,0.64822
5843,0.67322
5844,0.6811499999999999
5845,0.56525
5846,0.5333
5847,0.36818
5848,0.19436
5849,0.01039
5850,0.0
5851,0.0
5852,0.0
5853,0.0
5854,0.0
5855,0.0
5856,0.0
5857,0.0
5858,0.0
5859,0.0
5860,0.0
5861,0.0
5862,0.0422
5863,0.20853
5864,0.38474
5865,0.50545
5866,0.55277
5867,0.58826
5868,0.61019
5869,0.5295599999999999
5870,0.43638
5871,0.37803
5872,0.20172
5873,0.01294
5874,0.0
5875,0.0
5876,0.0
5877,0.0
5878,0.0
5879,0.0
5880,0.0
5881,0.0
5882,0.0
5883,0.0
5884,0.0
5885,0.0
5886,0.040299999999999996
5887,0.19254
5888,0.33469
5889,0.4047
5890,0.48041
5891,0.5770599999999999
5892,0.52259
5893,0.58223
5894,0.47668
5895,0.35011000000000003
5896,0.17622
5897,0.00651
5898,0.0
5899,0.0
5900,0.0
5901,0.0
5902,0.0
5903,0.0
5904,0.0
5905,0.0
5906,0.0
5907,0.0
5908,0.0
5909,0.0
5910,0.02035
5911,0.09786
5912,0.26497000000000004
5913,0.39915
5914,0.51947
5915,0.65651
5916,0.60446
5917,0.52512
5918,0.37864
5919,0.28812
5920,0.16181
5921,0.00654
5922,0.0
5923,0.0
5924,0.0
5925,0.0
5926,0.0
5927,0.0
5928,0.0
5929,0.0
5930,0.0
5931,0.0
5932,0.0
5933,0.0
5934,0.02493
5935,0.14567
5936,0.30827
5937,0.45283999999999996
5938,0.51781
5939,0.40661
5940,0.5382
5941,0.45965
5942,0.46170999999999995
5943,0.33652
5944,0.14856
5945,0.01221
5946,0.0
5947,0.0
5948,0.0
5949,0.0
5950,0.0
5951,0.0
5952,0.0
5953,0.0
5954,0.0
5955,0.0
5956,0.0
5957,0.0
5958,0.023219999999999998
5959,0.05116
5960,0.16598
5961,0.28797
5962,0.48301
5963,0.64035
5964,0.66355
5965,0.47426
5966,0.38881
5967,0.29961
5968,0.13294
5969,0.00588
5970,0.0
5971,0.0
5972,0.0
5973,0.0
5974,0.0
5975,0.0
5976,0.0
5977,0.0
5978,0.0
5979,0.0
5980,0.0
5981,0.0
5982,0.013099999999999999
5983,0.07948999999999999
5984,0.15128
5985,0.30292
5986,0.35863
5987,0.49931
5988,0.45638999999999996
5989,0.40138
5990,0.44498000000000004
5991,0.37503
5992,0.14615
5993,0.01159
5994,0.0
5995,0.0
5996,0.0
5997,0.0
5998,0.0
5999,0.0
6000,0.0
6001,0.0
6002,0.0
6003,0.0
6004,0.0
6005,0.0
6006,0.03631
6007,0.16533
6008,0.34252999999999995
6009,0.45913
6010,0.525
6011,0.57212
6012,0.58825
6013,0.3971
6014,0.39583999999999997
6015,0.36821
6016,0.18324000000000001
6017,0.00954
6018,0.0
6019,0.0
6020,0.0
6021,0.0
6022,0.0
6023,0.0
6024,0.0
6025,0.0
6026,0.0
6027,0.0
6028,0.0
6029,0.0
6030,0.049229999999999996
6031,0.23935
6032,0.41752999999999996
6033,0.57209
6034,0.65531
6035,0.68974
6036,0.67562
6037,0.5378999999999999
6038,0.43074
6039,0.31438
6040,0.13874
6041,0.00675
6042,0.0
6043,0.0
6044,0.0
6045,0.0
6046,0.0
6047,0.0
6048,0.0
6049,0.0
6050,0.0
6051,0.0
6052,0.0
6053,0.0
6054,0.04942
6055,0.24880000000000002
6056,0.43592000000000003
6057,0.5567300000000001
6058,0.6158899999999999
6059,0.6471
6060,0.60105
6061,0.15758000000000003
6062,0.34528
6063,0.35026
6064,0.20871
6065,0.00879
6066,0.0
6067,0.0
6068,0.0
6069,0.0
6070,0.0
6071,0.0
6072,0.0
6073,0.0
6074,0.0
6075,0.0
6076,0.0
6077,0.0
6078,0.028730000000000002
6079,0.12931
6080,0.20959999999999998
6081,0.25207
6082,0.43869
6083,0.48602999999999996
6084,0.45364
6085,0.11238
6086,0.34374
6087,0.36032
6088,0.15896000000000002
6089,0.00907
6090,0.0
6091,0.0
6092,0.0
6093,0.0
6094,0.0
6095,0.0
6096,0.0
6097,0.0
6098,0.0
6099,0.0
6100,0.0
6101,0.0
6102,0.036289999999999996
6103,0.2044
6104,0.33202
6105,0.46105
6106,0.60078
6107,0.68955
6108,0.6582899999999999
6109,0.65601
6110,0.48683
6111,0.3375
6112,0.17561000000000002
6113,0.008960000000000001
6114,0.0
6115,0.0
6116,0.0
6117,0.0
6118,0.0
6119,0.0
6120,0.0
6121,0.0
6122,0.0
6123,0.0
6124,0.0
6125,0.0
6126,0.0277
6127,0.15115
6128,0.32593
6129,0.2863
6130,0.35454
6131,0.4532
6132,0.42932
6133,0.47929
6134,0.38811
6135,0.30904000000000004
6136,0.11445999999999999
6137,0.00584
6138,0.0
6139,0.0
6140,0.0
6141,0.0
6142,0.0
6143,0.0
6144,0.0
6145,0.0
6146,0.0
6147,0.0
6148,0.0
6149,0.0
6150,0.05367
6151,0.21936000000000003
6152,0.33732999999999996
6153,0.49807999999999997
6154,0.45707
6155,0.51518
6156,0.49941
6157,0.31077999999999995
6158,0.1894
6159,0.22602
6160,0.10221
6161,0.011619999999999998
6162,0.0
6163,0.0
6164,0.0
6165,0.0
6166,0.0
6167,0.0
6168,0.0
6169,0.0
6170,0.0
6171,0.0
6172,0.0
6173,0.0
6174,0.048170000000000004
6175,0.18614
6176,0.36089
6177,0.46482
6178,0.54768
6179,0.47589
6180,0.30745
6181,0.23176
6182,0.17337
6183,0.11208
6184,0.05647
6185,0.00532
6186,0.0
6187,0.0
6188,0.0
6189,0.0
6190,0.0
6191,0.0
6192,0.0
6193,0.0
6194,0.0
6195,0.0
6196,0.0
6197,0.0
6198,0.02188
6199,0.12115000000000001
6200,0.256
6201,0.34332
6202,0.46544
6203,0.6313200000000001
6204,0.65806
6205,0.63052
6206,0.52164
6207,0.36373
6208,0.18646000000000001
6209,0.00529
6210,0.0
6211,0.0
6212,0.0
6213,0.0
6214,0.0
6215,0.0
6216,0.0
6217,0.0
6218,0.0
6219,0.0
6220,0.0
6221,0.0
6222,0.06222
6223,0.26636000000000004
6224,0.45032
6225,0.57148
6226,0.65297
6227,0.62401
6228,0.70299
6229,0.56716
6230,0.48033
6231,0.3257
6232,0.08565
6233,0.0059900000000000005
6234,0.0
6235,0.0
6236,0.0
6237,0.0
6238,0.0
6239,0.0
6240,0.0
6241,0.0
6242,0.0
6243,0.0
6244,0.0
6245,0.0
6246,0.05899
6247,0.25797000000000003
6248,0.44244
6249,0.56701
6250,0.65222
6251,0.65154
6252,0.6638999999999999
6253,0.57886
6254,0.50255
6255,0.33964999999999995
6256,0.16735
6257,0.0076100000000000004
6258,0.0
6259,0.0
6260,0.0
6261,0.0
6262,0.0
6263,0.0
6264,0.0
6265,0.0
6266,0.0
6267,0.0
6268,0.0
6269,0.0
6270,0.047850000000000004
6271,0.25422
6272,0.34182999999999997
6273,0.53738
6274,0.61005
6275,0.6118300000000001
6276,0.65562
6277,0.5426
6278,0.43466000000000005
6279,0.32333
6280,0.18325999999999998
6281,0.00561
6282,0.0
6283,0.0
6284,0.0
6285,0.0
6286,0.0
6287,0.0
6288,0.0
6289,0.0
6290,0.0
6291,0.0
6292,0.0
6293,0.0
6294,0.06420000000000001
6295,0.27779000000000004
6296,0.46411
6297,0.58077
6298,0.6821699999999999
6299,0.7104199999999999
6300,0.6708500000000001
6301,0.62234
6302,0.49156
6303,0.36882
6304,0.19590000000000002
6305,0.00583
6306,0.0
6307,0.0
6308,0.0
6309,0.0
6310,0.0
6311,0.0
6312,0.0
6313,0.0
6314,0.0
6315,0.0
6316,0.0
6317,0.0
6318,0.06514
6319,0.25756999999999997
6320,0.43211
6321,0.54142
6322,0.6108899999999999
6323,0.58821
6324,0.66539
6325,0.58872
6326,0.48183
6327,0.35328
6328,0.15940000000000001
6329,0.006889999999999999
6330,0.0
6331,0.0
6332,0.0
6333,0.0
6334,0.0
6335,0.0
6336,0.0
6337,0.0
6338,0.0
6339,0.0
6340,0.0
6341,0.0
6342,0.04339
6343,0.25261
6344,0.41545
6345,0.5754900000000001
6346,0.57009
6347,0.52055
6348,0.51685
6349,0.52807
6350,0.47362
6351,0.3455
6352,0.12365000000000001
6353,0.00767
6354,0.0
6355,0.0
6356,0.0
6357,0.0
6358,0.0
6359,0.0
6360,0.0
6361,0.0
6362,0.0
6363,0.0
6364,0.0
6365,0.0
6366,0.0533
6367,0.20664
6368,0.34045
6369,0.39016
6370,0.49633
6371,0.54503
6372,0.67587
6373,0.60023
6374,0.49063999999999997
6375,0.3217
6376,0.15644
6377,0.00398
6378,0.0
6379,0.0
6380,0.0
6381,0.0
6382,0.0
6383,0.0
6384,0.0
6385,0.0
6386,0.0
6387,0.0
6388,0.0
6389,0.0
6390,0.06375
6391,0.25703
6392,0.45877999999999997
6393,0.5555
6394,0.67375
6395,0.6926
6396,0.49985
6397,0.6305499999999999
6398,0.44248000000000004
6399,0.35733
6400,0.15178999999999998
6401,0.0070599999999999994
6402,0.0
6403,0.0
6404,0.0
6405,0.0
6406,0.0
6407,0.0
6408,0.0
6409,0.0
6410,0.0
6411,0.0
6412,0.0
6413,0.0
6414,0.062020000000000006
6415,0.22235
6416,0.44837
6417,0.51955
6418,0.63395
6419,0.68177
6420,0.63818
6421,0.51871
6422,0.49860000000000004
6423,0.37659
6424,0.18415
6425,0.00524
6426,0.0
6427,0.0
6428,0.0
6429,0.0
6430,0.0
6431,0.0
6432,0.0
6433,0.0
6434,0.0
6435,0.0
6436,0.0
6437,0.0
6438,0.04206
6439,0.20299
6440,0.29756
6441,0.4992
6442,0.6210800000000001
6443,0.6699400000000001
6444,0.69014
6445,0.38698
6446,0.44095
6447,0.35602999999999996
6448,0.1698
6449,0.004889999999999999
6450,0.0
6451,0.0
6452,0.0
6453,0.0
6454,0.0
6455,0.0
6456,0.0
6457,0.0
6458,0.0
6459,0.0
6460,0.0
6461,0.0
6462,0.03764
6463,0.10855
6464,0.19277
6465,0.28464
6466,0.34402999999999995
6467,0.35599000000000003
6468,0.23581
6469,0.48632
6470,0.41829
6471,0.33002
6472,0.17824
6473,0.0052
6474,0.0
6475,0.0
6476,0.0
6477,0.0
6478,0.0
6479,0.0
6480,0.0
6481,0.0
6482,0.0
6483,0.0
6484,0.0
6485,0.0
6486,0.06991
6487,0.27407
6488,0.44468
6489,0.5987100000000001
6490,0.66169
6491,0.7107
6492,0.6319199999999999
6493,0.6304299999999999
6494,0.45604
6495,0.25102
6496,0.13321
6497,0.0051600000000000005
6498,0.0
6499,0.0
6500,0.0
6501,0.0
6502,0.0
6503,0.0
6504,0.0
6505,0.0
6506,0.0
6507,0.0
6508,0.0
6509,0.0
6510,0.06738
6511,0.27175
6512,0.47528
6513,0.58493
6514,0.64181
6515,0.69557
6516,0.64398
6517,0.65042
6518,0.5112300000000001
6519,0.34484
6520,0.12029000000000001
6521,0.00656
6522,0.0
6523,0.0
6524,0.0
6525,0.0
6526,0.0
6527,0.0
6528,0.0
6529,0.0
6530,0.0
6531,0.0
6532,0.0
6533,0.0
6534,0.06768
6535,0.25694
6536,0.42554000000000003
6537,0.5853400000000001
6538,0.67825
6539,0.6216799999999999
6540,0.46081
6541,0.52419
6542,0.40464999999999995
6543,0.33258
6544,0.13002
6545,0.004719999999999999
6546,0.0
6547,0.0
6548,0.0
6549,0.0
6550,0.0
6551,0.0
6552,0.0
6553,0.0
6554,0.0
6555,0.0
6556,0.0
6557,0.0
6558,0.062310000000000004
6559,0.25216
6560,0.41248
6561,0.5634199999999999
6562,0.61148
6563,0.55984
6564,0.5826699999999999
6565,0.57197
6566,0.46720999999999996
6567,0.29831
6568,0.13678
6569,0.00246
6570,0.0
6571,0.0
6572,0.0
6573,0.0
6574,0.0
6575,0.0
6576,0.0
6577,0.0
6578,0.0
6579,0.0
6580,0.0
6581,0.0
6582,0.02518
6583,0.15322999999999998
6584,0.28441000000000005
6585,0.29663
6586,0.42811
6587,0.45144999999999996
6588,0.59272
6589,0.60981
6590,0.48120999999999997
6591,0.27841000000000005
6592,0.12337000000000001
6593,0.0051600000000000005
6594,0.0
6595,0.0
6596,0.0
6597,0.0
6598,0.0
6599,0.0
6600,0.0
6601,0.0
6602,0.0
6603,0.0
6604,0.0
6605,0.0
6606,0.02305
6607,0.15583000000000002
6608,0.26306
6609,0.33994
6610,0.44213
6611,0.45452
6612,0.55941
6613,0.58317
6614,0.22601
6615,0.27767000000000003
6616,0.10592
6617,0.00335
6618,0.0
6619,0.0
6620,0.0
6621,0.0
6622,0.0
6623,0.0
6624,0.0
6625,0.0
6626,0.0
6627,0.0
6628,0.0
6629,0.0
6630,0.044
6631,0.21858000000000002
6632,0.3331
6633,0.48278
6634,0.61791
6635,0.63287
6636,0.6249
6637,0.6521
6638,0.49687
6639,0.3206
6640,0.14264
6641,0.00392
6642,0.0
6643,0.0
6644,0.0
6645,0.0
6646,0.0
6647,0.0
6648,0.0
6649,0.0
6650,0.0
6651,0.0
6652,0.0
6653,0.0
6654,0.06196
6655,0.26314
6656,0.35254
6657,0.45253
6658,0.45506
6659,0.46356
6660,0.47702
6661,0.5029100000000001
6662,0.38783999999999996
6663,0.26444
6664,0.1225
6665,0.00453
6666,0.0
6667,0.0
6668,0.0
6669,0.0
6670,0.0
6671,0.0
6672,0.0
6673,0.0
6674,0.0
6675,0.0
6676,0.0
6677,0.0
6678,0.01711
6679,0.08342000000000001
6680,0.17818
6681,0.35242
6682,0.22685
6683,0.26341000000000003
6684,0.20701
6685,0.41187999999999997
6686,0.37887
6687,0.2147
6688,0.07995000000000001
6689,0.00321
6690,0.0
6691,0.0
6692,0.0
6693,0.0
6694,0.0
6695,0.0
6696,0.0
6697,0.0
6698,0.0
6699,0.0
6700,0.0
6701,0.0
6702,0.05035
6703,0.17997
6704,0.3305
6705,0.48308999999999996
6706,0.5868099999999999
6707,0.61222
6708,0.53634
6709,0.57927
6710,0.45143
6711,0.30983
6712,0.11841
6713,0.00299
6714,0.0
6715,0.0
6716,0.0
6717,0.0
6718,0.0
6719,0.0
6720,0.0
6721,0.0
6722,0.0
6723,0.0
6724,0.0
6725,0.0
6726,0.07692
6727,0.24665
6728,0.37742000000000003
6729,0.59974
6730,0.6634500000000001
6731,0.64708
6732,0.63771
6733,0.63838
6734,0.39193
6735,0.30635
6736,0.11605
6737,0.0027
6738,0.0
6739,0.0
6740,0.0
6741,0.0
6742,0.0
6743,0.0
6744,0.0
6745,0.0
6746,0.0
6747,0.0
6748,0.0
6749,0.0
6750,0.08034000000000001
6751,0.27192
6752,0.46931
6753,0.59989
6754,0.68257
6755,0.7091900000000001
6756,0.64967
6757,0.5758099999999999
6758,0.42519
6759,0.27498
6760,0.10914
6761,0.005809999999999999
6762,0.0
6763,0.0
6764,0.0
6765,0.0
6766,0.0
6767,0.0
6768,0.0
6769,0.0
6770,0.0
6771,0.0
6772,0.0
6773,0.0
6774,0.05828
6775,0.23926
6776,0.35916000000000003
6777,0.33754
6778,0.38430000000000003
6779,0.32517
6780,0.346
6781,0.48695
6782,0.37416000000000005
6783,0.22741999999999998
6784,0.08365
6785,0.0044599999999999996
6786,0.0
6787,0.0
6788,0.0
6789,0.0
6790,0.0
6791,0.0
6792,0.0
6793,0.0
6794,0.0
6795,0.0
6796,0.0
6797,0.0
6798,0.009890000000000001
6799,0.04297
6800,0.1114
6801,0.18772999999999998
6802,0.12798
6803,0.21521
6804,0.26193
6805,0.31793
6806,0.35817
6807,0.28752999999999995
6808,0.13827
6809,0.00435
6810,0.0
6811,0.0
6812,0.0
6813,0.0
6814,0.0
6815,0.0
6816,0.0
6817,0.0
6818,0.0
6819,0.0
6820,0.0
6821,0.0
6822,0.03488
6823,0.1696
6824,0.25871
6825,0.32197000000000003
6826,0.29247
6827,0.28495
6828,0.5355599999999999
6829,0.30939999999999995
6830,0.24847
6831,0.2681
6832,0.0697
6833,0.00391
6834,0.0
6835,0.0
6836,0.0
6837,0.0
6838,0.0
6839,0.0
6840,0.0
6841,0.0
6842,0.0
6843,0.0
6844,0.0
6845,0.0
6846,0.04496
6847,0.12031
6848,0.17395
6849,0.26083999999999996
6850,0.31933999999999996
6851,0.44262999999999997
6852,0.53107
6853,0.19829
6854,0.15703
6855,0.1139
6856,0.06768
6857,0.0035299999999999997
6858,0.0
6859,0.0
6860,0.0
6861,0.0
6862,0.0
6863,0.0
6864,0.0
6865,0.0
6866,0.0
6867,0.0
6868,0.0
6869,0.0
6870,0.03843
6871,0.14626
6872,0.27549
6873,0.39289999999999997
6874,0.427
6875,0.43542000000000003
6876,0.51102
6877,0.3951
6878,0.37989999999999996
6879,0.27714
6880,0.11383
6881,0.00307
6882,0.0
6883,0.0
6884,0.0
6885,0.0
6886,0.0
6887,0.0
6888,0.0
6889,0.0
6890,0.0
6891,0.0
6892,0.0
6893,0.0
6894,0.056549999999999996
6895,0.21637
6896,0.29017000000000004
6897,0.372
6898,0.34875
6899,0.53472
6900,0.43237000000000003
6901,0.43327
6902,0.36872000000000005
6903,0.21933000000000002
6904,0.08793000000000001
6905,0.00396
6906,0.0
6907,0.0
6908,0.0
6909,0.0
6910,0.0
6911,0.0
6912,0.0
6913,0.0
6914,0.0
6915,0.0
6916,0.0
6917,0.0
6918,0.07375
6919,0.23701
6920,0.46464999999999995
6921,0.55462
6922,0.6712
6923,0.6778500000000001
6924,0.65839
6925,0.61514
6926,0.47814
6927,0.31167
6928,0.12965000000000002
6929,0.00438
6930,0.0
6931,0.0
6932,0.0
6933,0.0
6934,0.0
6935,0.0
6936,0.0
6937,0.0
6938,0.0
6939,0.0
6940,0.0
6941,0.0
6942,0.08365
6943,0.29747
6944,0.49977999999999995
6945,0.59073
6946,0.68457
6947,0.69241
6948,0.69053
6949,0.5824600000000001
6950,0.5159900000000001
6951,0.3175
6952,0.13688
6953,0.0028399999999999996
6954,0.0
6955,0.0
6956,0.0
6957,0.0
6958,0.0
6959,0.0
6960,0.0
6961,0.0
6962,0.0
6963,0.0
6964,0.0
6965,0.0
6966,0.08907
6967,0.29766000000000004
6968,0.46798
6969,0.59124
6970,0.61317
6971,0.62227
6972,0.60097
6973,0.57543
6974,0.44753
6975,0.31675
6976,0.14181
6977,0.004030000000000001
6978,0.0
6979,0.0
6980,0.0
6981,0.0
6982,0.0
6983,0.0
6984,0.0
6985,0.0
6986,0.0
6987,0.0
6988,0.0
6989,0.0
6990,0.0172
6991,0.05218
6992,0.16957
6993,0.27292
6994,0.35701
6995,0.36211
6996,0.38867
6997,0.37009
6998,0.39491000000000004
6999,0.21015999999999999
7000,0.09953000000000001
7001,0.00276
7002,0.0
7003,0.0
7004,0.0
7005,0.0
7006,0.0
7007,0.0
7008,0.0
7009,0.0
7010,0.0
7011,0.0
7012,0.0
7013,0.0
7014,0.03406
7015,0.11289
7016,0.18718
7017,0.2717
7018,0.33655
7019,0.434
7020,0.51439
7021,0.45874000000000004
7022,0.33494
7023,0.16897
7024,0.050320000000000004
7025,0.0
7026,0.0
7027,0.0
7028,0.0
7029,0.0
7030,0.0
7031,0.0
7032,0.0
7033,0.0
7034,0.0
7035,0.0
7036,0.0
7037,0.0
7038,0.01732
7039,0.04693
7040,0.11267
7041,0.18155000000000002
7042,0.18422999999999998
7043,0.22278
7044,0.3459
7045,0.43751999999999996
7046,0.27870999999999996
7047,0.17254
7048,0.09781000000000001
7049,0.00182
7050,0.0
7051,0.0
7052,0.0
7053,0.0
7054,0.0
7055,0.0
7056,0.0
7057,0.0
7058,0.0
7059,0.0
7060,0.0
7061,0.0
7062,0.03688
7063,0.11506999999999999
7064,0.12535
7065,0.231
7066,0.21205000000000002
7067,0.3222
7068,0.35548
7069,0.42479
7070,0.23437
7071,0.12136
7072,0.04783
7073,0.00098
7074,0.0
7075,0.0
7076,0.0
7077,0.0
7078,0.0
7079,0.0
7080,0.0
7081,0.0
7082,0.0
7083,0.0
7084,0.0
7085,0.0
7086,0.0015300000000000001
7087,0.0081
7088,0.06472
7089,0.22904
7090,0.44730000000000003
7091,0.53786
7092,0.56699
7093,0.32644999999999996
7094,0.23812
7095,0.19194999999999998
7096,0.09022
7097,0.00207
7098,0.0
7099,0.0
7100,0.0
7101,0.0
7102,0.0
7103,0.0
7104,0.0
7105,0.0
7106,0.0
7107,0.0
7108,0.0
7109,0.0
7110,0.05022
7111,0.15106
7112,0.2008
7113,0.29618
7114,0.27154
7115,0.33967
7116,0.3629
7117,0.53046
7118,0.35313
7119,0.1661
7120,0.08253
7121,0.0022299999999999998
7122,0.0
7123,0.0
7124,0.0
7125,0.0
7126,0.0
7127,0.0
7128,0.0
7129,0.0
7130,0.0
7131,0.0
7132,0.0
7133,0.0
7134,0.02023
7135,0.06752
7136,0.11685
7137,0.12537
7138,0.23092
7139,0.29801
7140,0.39411
7141,0.39306
7142,0.22551
7143,0.18481
7144,0.06562
7145,0.0033599999999999997
7146,0.0
7147,0.0
7148,0.0
7149,0.0
7150,0.0
7151,0.0
7152,0.0
7153,0.0
7154,0.0
7155,0.0
7156,0.0
7157,0.0
7158,0.07144
7159,0.16766
7160,0.19541
7161,0.1894
7162,0.30182
7163,0.28057
7164,0.51425
7165,0.4909
7166,0.39494999999999997
7167,0.31217
7168,0.1264
7169,0.00175
7170,0.0
7171,0.0
7172,0.0
7173,0.0
7174,0.0
7175,0.0
7176,0.0
7177,0.0
7178,0.0
7179,0.0
7180,0.0
7181,0.0
7182,0.04826
7183,0.17693
7184,0.34511000000000003
7185,0.34114
7186,0.30227
7187,0.41764999999999997
7188,0.57827
7189,0.57294
7190,0.49245
7191,0.32964
7192,0.12161
7193,0.00287
7194,0.0
7195,0.0
7196,0.0
7197,0.0
7198,0.0
7199,0.0
7200,0.0
7201,0.0
7202,0.0
7203,0.0
7204,0.0
7205,0.0
7206,0.10136
7207,0.31283999999999995
7208,0.50144
7209,0.62687
7210,0.68269
7211,0.71578
7212,0.6722
7213,0.58485
7214,0.45774000000000004
7215,0.35755000000000003
7216,0.14884
7217,0.00228
7218,0.0
7219,0.0
7220,0.0
7221,0.0
7222,0.0
7223,0.0
7224,0.0
7225,0.0
7226,0.0
7227,0.0
7228,0.0
7229,0.0
7230,0.07354999999999999
7231,0.22012
7232,0.37285
7233,0.46053
7234,0.5399299999999999
7235,0.69374
7236,0.71251
7237,0.60421
7238,0.53285
7239,0.33423
7240,0.13134
7241,0.00234
7242,0.0
7243,0.0
7244,0.0
7245,0.0
7246,0.0
7247,0.0
7248,0.0
7249,0.0
7250,0.0
7251,0.0
7252,0.0
7253,0.0
7254,0.07462
7255,0.29558
7256,0.46436
7257,0.5321699999999999
7258,0.6619400000000001
7259,0.70101
7260,0.64549
7261,0.55003
7262,0.52977
7263,0.35431
7264,0.16779
7265,0.0016899999999999999
7266,0.0
7267,0.0
7268,0.0
7269,0.0
7270,0.0
7271,0.0
7272,0.0
7273,0.0
7274,0.0
7275,0.0
7276,0.0
7277,0.0
7278,0.05719
7279,0.19548
7280,0.31621
7281,0.46003
7282,0.5076700000000001
7283,0.64483
7284,0.52288
7285,0.51915
7286,0.4547
7287,0.28029000000000004
7288,0.07437
7289,0.0020800000000000003
7290,0.0
7291,0.0
7292,0.0
7293,0.0
7294,0.0
7295,0.0
7296,0.0
7297,0.0
7298,0.0
7299,0.0
7300,0.0
7301,0.0
7302,0.07597
7303,0.25730000000000003
7304,0.41249
7305,0.48851999999999995
7306,0.6291
7307,0.5435399999999999
7308,0.38527
7309,0.53483
7310,0.44701
7311,0.30631
7312,0.14115
7313,0.0011899999999999999
7314,0.0
7315,0.0
7316,0.0
7317,0.0
7318,0.0
7319,0.0
7320,0.0
7321,0.0
7322,0.0
7323,0.0
7324,0.0
7325,0.0
7326,0.01813
7327,0.10098
7328,0.19871
7329,0.24866999999999997
7330,0.21659
7331,0.48663999999999996
7332,0.54843
7333,0.53846
7334,0.43322000000000005
7335,0.32306
7336,0.10540000000000001
7337,0.002
7338,0.0
7339,0.0
7340,0.0
7341,0.0
7342,0.0
7343,0.0
7344,0.0
7345,0.0
7346,0.0
7347,0.0
7348,0.0
7349,0.0
7350,0.06741
7351,0.23434
7352,0.41433
7353,0.54277
7354,0.6404
7355,0.64746
7356,0.65877
7357,0.51466
7358,0.36152
7359,0.25046
7360,0.12035
7361,0.0020099999999999996
7362,0.0
7363,0.0
7364,0.0
7365,0.0
7366,0.0
7367,0.0
7368,0.0
7369,0.0
7370,0.0
7371,0.0
7372,0.0
7373,0.0
7374,0.08238
7375,0.2943
7376,0.44595999999999997
7377,0.5938
7378,0.5959500000000001
7379,0.72807
7380,0.66422
7381,0.5771799999999999
7382,0.42416000000000004
7383,0.31659
7384,0.14844
7385,0.00161
7386,0.0
7387,0.0
7388,0.0
7389,0.0
7390,0.0
7391,0.0
7392,0.0
7393,0.0
7394,0.0
7395,0.0
7396,0.0
7397,0.0
7398,0.06595000000000001
7399,0.23728
7400,0.36741
7401,0.50485
7402,0.51322
7403,0.47713
7404,0.41222000000000003
7405,0.43925
7406,0.24825
7407,0.1673
7408,0.0995
7409,0.00232
7410,0.0
7411,0.0
7412,0.0
7413,0.0
7414,0.0
7415,0.0
7416,0.0
7417,0.0
7418,0.0
7419,0.0
7420,0.0
7421,0.0
7422,0.06846
7423,0.27017
7424,0.41763
7425,0.55118
7426,0.59896
7427,0.58072
7428,0.52103
7429,0.47397
7430,0.45045999999999997
7431,0.33077999999999996
7432,0.1017
7433,0.00183
7434,0.0
7435,0.0
7436,0.0
7437,0.0
7438,0.0
7439,0.0
7440,0.0
7441,0.0
7442,0.0
7443,0.0
7444,0.0
7445,0.0
7446,0.0338
7447,0.1685
7448,0.40508
7449,0.5143099999999999
7450,0.35396
7451,0.5702200000000001
7452,0.51008
7453,0.44771
7454,0.20807
7455,0.22991999999999999
7456,0.07225
7457,0.001
7458,0.0
7459,0.0
7460,0.0
7461,0.0
7462,0.0
7463,0.0
7464,0.0
7465,0.0
7466,0.0
7467,0.0
7468,0.0
7469,0.0
7470,0.06321
7471,0.21756
7472,0.39662000000000003
7473,0.35267000000000004
7474,0.47512
7475,0.42969999999999997
7476,0.53077
7477,0.48074
7478,0.45588
7479,0.26856
7480,0.08344
7481,0.0021000000000000003
7482,0.0
7483,0.0
7484,0.0
7485,0.0
7486,0.0
7487,0.0
7488,0.0
7489,0.0
7490,0.0
7491,0.0
7492,0.0
7493,0.0
7494,0.00619
7495,0.027600000000000003
7496,0.03261
7497,0.03105
7498,0.02234
7499,0.0157
7500,0.10845
7501,0.40806
7502,0.34608999999999995
7503,0.25889999999999996
7504,0.07574
7505,0.00148
7506,0.0
7507,0.0
7508,0.0
7509,0.0
7510,0.0
7511,0.0
7512,0.0
7513,0.0
7514,0.0
7515,0.0
7516,0.0
7517,0.0
7518,0.02334
7519,0.13553
7520,0.24561000000000002
7521,0.30701
7522,0.46628
7523,0.50011
7524,0.57209
7525,0.41374
7526,0.36169
7527,0.21019
7528,0.07091
7529,0.00098
7530,0.0
7531,0.0
7532,0.0
7533,0.0
7534,0.0
7535,0.0
7536,0.0
7537,0.0
7538,0.0
7539,0.0
7540,0.0
7541,0.0
7542,0.08078
7543,0.27455
7544,0.38697000000000004
7545,0.49621
7546,0.53384
7547,0.54938
7548,0.5396
7549,0.48496
7550,0.41576
7551,0.24103
7552,0.09222
7553,0.00209
7554,0.0
7555,0.0
7556,0.0
7557,0.0
7558,0.0
7559,0.0
7560,0.0
7561,0.0
7562,0.0
7563,0.0
7564,0.0
7565,0.0
7566,0.07647
7567,0.20079
7568,0.31488
7569,0.4914
7570,0.54527
7571,0.5879099999999999
7572,0.5827
7573,0.5497000000000001
7574,0.37166000000000005
7575,0.25657
7576,0.13088999999999998
7577,0.002
7578,0.0
7579,0.0
7580,0.0
7581,0.0
7582,0.0
7583,0.0
7584,0.0
7585,0.0
7586,0.0
7587,0.0
7588,0.0
7589,0.0
7590,0.07237
7591,0.24004
7592,0.46214
7593,0.5707300000000001
7594,0.58853
7595,0.7123200000000001
7596,0.6402100000000001
7597,0.6020399999999999
7598,0.51519
7599,0.35220999999999997
7600,0.15578
7601,0.00348
7602,0.0
7603,0.0
7604,0.0
7605,0.0
7606,0.0
7607,0.0
7608,0.0
7609,0.0
7610,0.0
7611,0.0
7612,0.0
7613,0.0
7614,0.09537999999999999
7615,0.31260000000000004
7616,0.47089
7617,0.62252
7618,0.6983400000000001
7619,0.6820900000000001
7620,0.69999
7621,0.63082
7622,0.45400999999999997
7623,0.33288
7624,0.16213999999999998
7625,0.00166
7626,0.0
7627,0.0
7628,0.0
7629,0.0
7630,0.0
7631,0.0
7632,0.0
7633,0.0
7634,0.0
7635,0.0
7636,0.0
7637,0.0
7638,0.062259999999999996
7639,0.17483
7640,0.33551
7641,0.42994
7642,0.57494
7643,0.50093
7644,0.5894199999999999
7645,0.54276
7646,0.40196
7647,0.29362
7648,0.08479
7649,0.0013700000000000001
7650,0.0
7651,0.0
7652,0.0
7653,0.0
7654,0.0
7655,0.0
7656,0.0
7657,0.0
7658,0.0
7659,0.0
7660,0.0
7661,0.0
7662,0.03694
7663,0.15575999999999998
7664,0.28714999999999996
7665,0.38908
7666,0.48336
7667,0.5138400000000001
7668,0.60622
7669,0.50441
7670,0.42467
7671,0.25366
7672,0.09855
7673,0.0011
7674,0.0
7675,0.0
7676,0.0
7677,0.0
7678,0.0
7679,0.0
7680,0.0
7681,0.0
7682,0.0
7683,0.0
7684,0.0
7685,0.0
7686,0.0435
7687,0.15197999999999998
7688,0.29266000000000003
7689,0.40358
7690,0.41204
7691,0.43988
7692,0.48568
7693,0.5388099999999999
7694,0.49151
7695,0.28270999999999996
7696,0.09068000000000001
7697,0.00061
7698,0.0
7699,0.0
7700,0.0
7701,0.0
7702,0.0
7703,0.0
7704,0.0
7705,0.0
7706,0.0
7707,0.0
7708,0.0
7709,0.0
7710,0.03031
7711,0.11203
7712,0.17012
7713,0.30195
7714,0.36069999999999997
7715,0.55247
7716,0.63183
7717,0.5250499999999999
7718,0.46044999999999997
7719,0.2781
7720,0.13961
7721,0.0018
7722,0.0
7723,0.0
7724,0.0
7725,0.0
7726,0.0
7727,0.0
7728,0.0
7729,0.0
7730,0.0
7731,0.0
7732,0.0
7733,0.0
7734,0.06833
7735,0.25046
7736,0.36763999999999997
7737,0.43377
7738,0.53839
7739,0.56198
7740,0.6317699999999999
7741,0.56139
7742,0.44798000000000004
7743,0.33561
7744,0.14971
7745,0.0021000000000000003
7746,0.0
7747,0.0
7748,0.0
7749,0.0
7750,0.0
7751,0.0
7752,0.0
7753,0.0
7754,0.0
7755,0.0
7756,0.0
7757,0.0
7758,0.03872
7759,0.17094
7760,0.31514
7761,0.41279000000000005
7762,0.48812
7763,0.58351
7764,0.60119
7765,0.62403
7766,0.49672000000000005
7767,0.34470999999999996
7768,0.14269
7769,0.0017800000000000001
7770,0.0
7771,0.0
7772,0.0
7773,0.0
7774,0.0
7775,0.0
7776,0.0
7777,0.0
7778,0.0
7779,0.0
7780,0.0
7781,0.0
7782,0.07026
7783,0.24202
7784,0.42036
7785,0.55751
7786,0.6426499999999999
7787,0.63813
7788,0.6889299999999999
7789,0.5915499999999999
7790,0.45296
7791,0.328
7792,0.12686
7793,0.00254
7794,0.0
7795,0.0
7796,0.0
7797,0.0
7798,0.0
7799,0.0
7800,0.0
7801,0.0
7802,0.0
7803,0.0
7804,0.0
7805,0.0
7806,0.06035
7807,0.21447
7808,0.38729
7809,0.58073
7810,0.65476
7811,0.67887
7812,0.62358
7813,0.38516
7814,0.25019
7815,0.23525
7816,0.07575
7817,0.00246
7818,0.0
7819,0.0
7820,0.0
7821,0.0
7822,0.0
7823,0.0
7824,0.0
7825,0.0
7826,0.0
7827,0.0
7828,0.0
7829,0.0
7830,0.047119999999999995
7831,0.18591999999999997
7832,0.22138
7833,0.29632
7834,0.33864999999999995
7835,0.51361
7836,0.42066000000000003
7837,0.37172000000000005
7838,0.18362
7839,0.10649
7840,0.06613
7841,0.00031
7842,0.0
7843,0.0
7844,0.0
7845,0.0
7846,0.0
7847,0.0
7848,0.0
7849,0.0
7850,0.0
7851,0.0
7852,0.0
7853,0.0
7854,0.02952
7855,0.12007
7856,0.2884
7857,0.47957
7858,0.46111
7859,0.51606
7860,0.45621
7861,0.43337
7862,0.30361
7863,0.23609
7864,0.10864
7865,0.00269
7866,0.0
7867,0.0
7868,0.0
7869,0.0
7870,0.0
7871,0.0
7872,0.0
7873,0.0
7874,0.0
7875,0.0
7876,0.0
7877,0.0
7878,0.05328
7879,0.19799
7880,0.34295
7881,0.41535
7882,0.53401
7883,0.46181
7884,0.48491
7885,0.49113999999999997
7886,0.36505
7887,0.25129
7888,0.09361
7889,0.00287
7890,0.0
7891,0.0
7892,0.0
7893,0.0
7894,0.0
7895,0.0
7896,0.0
7897,0.0
7898,0.0
7899,0.0
7900,0.0
7901,0.0
7902,0.0718
7903,0.24686000000000002
7904,0.44109
7905,0.57167
7906,0.65818
7907,0.65024
7908,0.66527
7909,0.63454
7910,0.51316
7911,0.30893
7912,0.13138999999999998
7913,0.0017
7914,0.0
7915,0.0
7916,0.0
7917,0.0
7918,0.0
7919,0.0
7920,0.0
7921,0.0
7922,0.0
7923,0.0
7924,0.0
7925,0.0
7926,0.05684
7927,0.20105
7928,0.38975
7929,0.48394
7930,0.5307200000000001
7931,0.55798
7932,0.56821
7933,0.40106
7934,0.28808999999999996
7935,0.23115
7936,0.10711
7937,0.00296
7938,0.0
7939,0.0
7940,0.0
7941,0.0
7942,0.0
7943,0.0
7944,0.0
7945,0.0
7946,0.0
7947,0.0
7948,0.0
7949,0.0
7950,0.0444
7951,0.15156
7952,0.31414
7953,0.42627
7954,0.53752
7955,0.60336
7956,0.63897
7957,0.44621
7958,0.37383
7959,0.23358
7960,0.07904000000000001
7961,0.00279
7962,0.0
7963,0.0
7964,0.0
7965,0.0
7966,0.0
7967,0.0
7968,0.0
7969,0.0
7970,0.0
7971,0.0
7972,0.0
7973,0.0
7974,0.04096
7975,0.17207
7976,0.36138
7977,0.43185
7978,0.56817
7979,0.66574
7980,0.59333
7981,0.51949
7982,0.4595
7983,0.31565
7984,0.12219
7985,0.00229
7986,0.0
7987,0.0
7988,0.0
7989,0.0
7990,0.0
7991,0.0
7992,0.0
7993,0.0
7994,0.0
7995,0.0
7996,0.0
7997,0.0
7998,0.05353
7999,0.1983
8000,0.32171
8001,0.41364999999999996
8002,0.50533
8003,0.56409
8004,0.56913
8005,0.4736
8006,0.38181
8007,0.24721
8008,0.11893000000000001
8009,0.00093
8010,0.0
8011,0.0
8012,0.0
8013,0.0
8014,0.0
8015,0.0
8016,0.0
8017,0.0
8018,0.0
8019,0.0
8020,0.0
8021,0.0
8022,0.02105
8023,0.11384
8024,0.21125
8025,0.2435
8026,0.35417000000000004
8027,0.46201
8028,0.52884
8029,0.43049
8030,0.45879000000000003
8031,0.27737
8032,0.08965000000000001
8033,0.00172
8034,0.0
8035,0.0
8036,0.0
8037,0.0
8038,0.0
8039,0.0
8040,0.0
8041,0.0
8042,0.0
8043,0.0
8044,0.0
8045,0.0
8046,0.03518
8047,0.20338
8048,0.33664
8049,0.42224
8050,0.59448
8051,0.58087
8052,0.50951
8053,0.39002
8054,0.40874
8055,0.23158
8056,0.09875
8057,0.0021000000000000003
8058,0.0
8059,0.0
8060,0.0
8061,0.0
8062,0.0
8063,0.0
8064,0.0
8065,0.0
8066,0.0
8067,0.0
8068,0.0
8069,0.0
8070,0.02445
8071,0.11626
8072,0.16478
8073,0.17418
8074,0.40889
8075,0.48038
8076,0.45694999999999997
8077,0.4035
8078,0.36043000000000003
8079,0.20954
8080,0.14381
8081,0.0015
8082,0.0
8083,0.0
8084,0.0
8085,0.0
8086,0.0
8087,0.0
8088,0.0
8089,0.0
8090,0.0
8091,0.0
8092,0.0
8093,0.0
8094,0.00916
8095,0.08990999999999999
8096,0.17093
8097,0.31660000000000005
8098,0.47078
8099,0.40711
8100,0.50758
8101,0.53586
8102,0.44994
8103,0.22306
8104,0.06785
8105,0.0020299999999999997
8106,0.0
8107,0.0
8108,0.0
8109,0.0
8110,0.0
8111,0.0
8112,0.0
8113,0.0
8114,0.0
8115,0.0
8116,0.0
8117,0.0
8118,0.02594
8119,0.14354
8120,0.27175
8121,0.43305
8122,0.53755
8123,0.5681799999999999
8124,0.5238700000000001
8125,0.4697
8126,0.3673
8127,0.20962
8128,0.10642
8129,0.00147
8130,0.0
8131,0.0
8132,0.0
8133,0.0
8134,0.0
8135,0.0
8136,0.0
8137,0.0
8138,0.0
8139,0.0
8140,0.0
8141,0.0
8142,0.05534
8143,0.16077000000000002
8144,0.31373
8145,0.31544
8146,0.36905
8147,0.3434
8148,0.40829000000000004
8149,0.44299
8150,0.38119
8151,0.27416
8152,0.11337
8153,0.00184
8154,0.0
8155,0.0
8156,0.0
8157,0.0
8158,0.0
8159,0.0
8160,0.0
8161,0.0
8162,0.0
8163,0.0
8164,0.0
8165,0.0
8166,0.055560000000000005
8167,0.20976
8168,0.41541
8169,0.57138
8170,0.63512
8171,0.64938
8172,0.63875
8173,0.50707
8174,0.48258
8175,0.34695
8176,0.14912999999999998
8177,0.00222
8178,0.0
8179,0.0
8180,0.0
8181,0.0
8182,0.0
8183,0.0
8184,0.0
8185,0.0
8186,0.0
8187,0.0
8188,0.0
8189,0.0
8190,0.06824
8191,0.26854
8192,0.41689
8193,0.58553
8194,0.6733300000000001
8195,0.68435
8196,0.6179199999999999
8197,0.6319400000000001
8198,0.49532
8199,0.33047000000000004
8200,0.1432
8201,0.00381
8202,0.0
8203,0.0
8204,0.0
8205,0.0
8206,0.0
8207,0.0
8208,0.0
8209,0.0
8210,0.0
8211,0.0
8212,0.0
8213,0.0
8214,0.06493
8215,0.27787
8216,0.44804
8217,0.5698099999999999
8218,0.62938
8219,0.64651
8220,0.58997
8221,0.60723
8222,0.45475
8223,0.34619
8224,0.16085
8225,0.0025499999999999997
8226,0.0
8227,0.0
8228,0.0
8229,0.0
8230,0.0
8231,0.0
8232,0.0
8233,0.0
8234,0.0
8235,0.0
8236,0.0
8237,0.0
8238,0.06037
8239,0.24145
8240,0.4352
8241,0.51802
8242,0.63315
8243,0.6560900000000001
8244,0.67953
8245,0.60472
8246,0.53232
8247,0.35292
8248,0.1805
8249,0.00357
8250,0.0
8251,0.0
8252,0.0
8253,0.0
8254,0.0
8255,0.0
8256,0.0
8257,0.0
8258,0.0
8259,0.0
8260,0.0
8261,0.0
8262,0.04353
8263,0.14906
8264,0.3182
8265,0.32464
8266,0.38823
8267,0.47681999999999997
8268,0.61638
8269,0.58066
8270,0.31229
8271,0.22168000000000002
8272,0.11164
8273,0.00367
8274,0.0
8275,0.0
8276,0.0
8277,0.0
8278,0.0
8279,0.0
8280,0.0
8281,0.0
8282,0.0
8283,0.0
8284,0.0
8285,0.0
8286,0.05156
8287,0.21778
8288,0.35913999999999996
8289,0.41763
8290,0.5395599999999999
8291,0.56396
8292,0.5934400000000001
8293,0.57359
8294,0.45369
8295,0.34658
8296,0.17318
8297,0.00321
8298,0.0
8299,0.0
8300,0.0
8301,0.0
8302,0.0
8303,0.0
8304,0.0
8305,0.0
8306,0.0
8307,0.0
8308,0.0
8309,0.0
8310,0.04979
8311,0.22605
8312,0.39014
8313,0.43304000000000004
8314,0.42044
8315,0.5951900000000001
8316,0.55541
8317,0.57929
8318,0.4041
8319,0.22876
8320,0.13438
8321,0.00335
8322,0.0
8323,0.0
8324,0.0
8325,0.0
8326,0.0
8327,0.0
8328,0.0
8329,0.0
8330,0.0
8331,0.0
8332,0.0
8333,0.0
8334,0.028829999999999998
8335,0.14196999999999999
8336,0.33373
8337,0.49847
8338,0.54712
8339,0.45363
8340,0.57972
8341,0.6004400000000001
8342,0.48928
8343,0.28702
8344,0.13075
8345,0.0054800000000000005
8346,0.0
8347,0.0
8348,0.0
8349,0.0
8350,0.0
8351,0.0
8352,0.0
8353,0.0
8354,0.0
8355,0.0
8356,0.0
8357,0.0
8358,0.04692
8359,0.22507
8360,0.40075
8361,0.5619
8362,0.56063
8363,0.6427
8364,0.6451
8365,0.62011
8366,0.46062000000000003
8367,0.28202999999999995
8368,0.15465
8369,0.0052
8370,0.0
8371,0.0
8372,0.0
8373,0.0
8374,0.0
8375,0.0
8376,0.0
8377,0.0
8378,0.0
8379,0.0
8380,0.0
8381,0.0
8382,0.055799999999999995
8383,0.24466
8384,0.43686
8385,0.5892999999999999
8386,0.57074
8387,0.60837
8388,0.59629
8389,0.57288
8390,0.49709
8391,0.34167000000000003
8392,0.18616999999999997
8393,0.00419
8394,0.0
8395,0.0
8396,0.0
8397,0.0
8398,0.0
8399,0.0
8400,0.0
8401,0.0
8402,0.0
8403,0.0
8404,0.0
8405,0.0
8406,0.05565
8407,0.23556
8408,0.38772
8409,0.56189
8410,0.6363300000000001
8411,0.67816
8412,0.58065
8413,0.46793
8414,0.37687
8415,0.33703
8416,0.1437
8417,0.00441
8418,0.0
8419,0.0
8420,0.0
8421,0.0
8422,0.0
8423,0.0
8424,0.0
8425,0.0
8426,0.0
8427,0.0
8428,0.0
8429,0.0
8430,0.01388
8431,0.03635
8432,0.12149
8433,0.19
8434,0.09847
8435,0.24930000000000002
8436,0.24713
8437,0.35764
8438,0.3267
8439,0.26713
8440,0.13907
8441,0.00588
8442,0.0
8443,0.0
8444,0.0
8445,0.0
8446,0.0
8447,0.0
8448,0.0
8449,0.0
8450,0.0
8451,0.0
8452,0.0
8453,0.0
8454,0.015380000000000001
8455,0.10543999999999999
8456,0.21871000000000002
8457,0.3752
8458,0.40814
8459,0.60799
8460,0.6256799999999999
8461,0.58957
8462,0.5159400000000001
8463,0.3965
8464,0.20439
8465,0.00532
8466,0.0
8467,0.0
8468,0.0
8469,0.0
8470,0.0
8471,0.0
8472,0.0
8473,0.0
8474,0.0
8475,0.0
8476,0.0
8477,0.0
8478,0.04525
8479,0.23045
8480,0.39522
8481,0.52304
8482,0.6426900000000001
8483,0.6728
8484,0.6596900000000001
8485,0.6221
8486,0.54085
8487,0.35893
8488,0.20915
8489,0.0044800000000000005
8490,0.0
8491,0.0
8492,0.0
8493,0.0
8494,0.0
8495,0.0
8496,0.0
8497,0.0
8498,0.0
8499,0.0
8500,0.0
8501,0.0
8502,0.03993
8503,0.20934
8504,0.35117000000000004
8505,0.52039
8506,0.5508500000000001
8507,0.6148899999999999
8508,0.60112
8509,0.61122
8510,0.49822000000000005
8511,0.38617
8512,0.16388999999999998
8513,0.00646
8514,0.0
8515,0.0
8516,0.0
8517,0.0
8518,0.0
8519,0.0
8520,0.0
8521,0.0
8522,0.0
8523,0.0
8524,0.0
8525,0.0
8526,0.039560000000000005
8527,0.2073
8528,0.42392
8529,0.5668099999999999
8530,0.6062000000000001
8531,0.64293
8532,0.58028
8533,0.59247
8534,0.49259
8535,0.32395
8536,0.16896
8537,0.00866
8538,0.0
8539,0.0
8540,0.0
8541,0.0
8542,0.0
8543,0.0
8544,0.0
8545,0.0
8546,0.0
8547,0.0
8548,0.0
8549,0.0
8550,0.03993
8551,0.23485
8552,0.39694999999999997
8553,0.5699099999999999
8554,0.64164
8555,0.68322
8556,0.6524800000000001
8557,0.6355299999999999
8558,0.51295
8559,0.3917
8560,0.19015
8561,0.00532
8562,0.0
8563,0.0
8564,0.0
8565,0.0
8566,0.0
8567,0.0
8568,0.0
8569,0.0
8570,0.0
8571,0.0
8572,0.0
8573,0.0
8574,0.041960000000000004
8575,0.22318000000000002
8576,0.36379
8577,0.46454
8578,0.61639
8579,0.6905800000000001
8580,0.64487
8581,0.65746
8582,0.46297000000000005
8583,0.34933
8584,0.16041
8585,0.00588
8586,0.0
8587,0.0
8588,0.0
8589,0.0
8590,0.0
8591,0.0
8592,0.0
8593,0.0
8594,0.0
8595,0.0
8596,0.0
8597,0.0
8598,0.03946
8599,0.20729
8600,0.38777999999999996
8601,0.50158
8602,0.6425700000000001
8603,0.70885
8604,0.70301
8605,0.64535
8606,0.36683
8607,0.32164
8608,0.15638999999999997
8609,0.00808
8610,0.0
8611,0.0
8612,0.0
8613,0.0
8614,0.0
8615,0.0
8616,0.0
8617,0.0
8618,0.0
8619,0.0
8620,0.0
8621,0.0
8622,0.04304
8623,0.21330000000000002
8624,0.385
8625,0.51934
8626,0.5841900000000001
8627,0.5961000000000001
8628,0.54492
8629,0.48217000000000004
8630,0.5104
8631,0.28462
8632,0.1658
8633,0.00801
8634,0.0
8635,0.0
8636,0.0
8637,0.0
8638,0.0
8639,0.0
8640,0.0
8641,0.0
8642,0.0
8643,0.0
8644,0.0
8645,0.0
8646,0.02025
8647,0.12049
8648,0.23346
8649,0.28808999999999996
8650,0.4809
8651,0.46196
8652,0.5426799999999999
8653,0.5012099999999999
8654,0.49788
8655,0.30457999999999996
8656,0.19963999999999998
8657,0.0076500000000000005
8658,0.0
8659,0.0
8660,0.0
8661,0.0
8662,0.0
8663,0.0
8664,0.0
8665,0.0
8666,0.0
8667,0.0
8668,0.0
8669,0.0
8670,0.03995
8671,0.22300999999999999
8672,0.42132
8673,0.50642
8674,0.6391
8675,0.69923
8676,0.6473300000000001
8677,0.54713
8678,0.51903
8679,0.4124
8680,0.21287999999999999
8681,0.0069900000000000006
8682,0.0
8683,0.0
8684,0.0
8685,0.0
8686,0.0
8687,0.0
8688,0.0
8689,0.0
8690,0.0
8691,0.0
8692,0.0
8693,0.0
8694,0.03857
8695,0.20868
8696,0.40563
8697,0.4815
8698,0.65539
8699,0.69086
8700,0.7049
8701,0.31844
8702,0.40704
8703,0.35743
8704,0.2194
8705,0.00679
8706,0.0
8707,0.0
8708,0.0
8709,0.0
8710,0.0
8711,0.0
8712,0.0
8713,0.0
8714,0.0
8715,0.0
8716,0.0
8717,0.0
8718,0.04036
8719,0.23096
8720,0.42916000000000004
8721,0.58904
8722,0.67723
8723,0.69451
8724,0.72811
8725,0.65718
8726,0.55065
8727,0.38229
8728,0.21794999999999998
8729,0.00705
8730,0.0
8731,0.0
8732,0.0
8733,0.0
8734,0.0
8735,0.0
8736,0.0
8737,0.0
8738,0.0
8739,0.0
8740,0.0
8741,0.0
8742,0.02943
8743,0.2033
8744,0.35108999999999996
8745,0.5461699999999999
8746,0.63239
8747,0.61063
8748,0.5742200000000001
8749,0.41529000000000005
8750,0.33009
8751,0.23279
8752,0.17169
8753,0.04138
8754,0.0
8755,0.0
8756,0.0
8757,0.0
8758,0.0
8759,0.0
