,pv_per_unit
0,0.0
1,0.0
2,0.0
3,0.0
4,0.0
5,0.0
6,0.00264
7,0.2117
8,0.38621
9,0.55079
10,0.66304
11,0.6195
12,0.68252
13,0.5922000000000001
14,0.47552
15,0.34887999999999997
16,0.15271
17,0.01421
18,0.0
19,0.0
20,0.0
21,0.0
22,0.0
23,0.0
24,0.0
25,0.0
26,0.0
27,0.0
28,0.0
29,0.0
30,0.0034500000000000004
31,0.21550999999999998
32,0.43428
33,0.5894400000000001
34,0.68896
35,0.73191
36,0.75351
37,0.57704
38,0.50933
39,0.3148
40,0.14453
41,0.01566
42,0.0
43,0.0
44,0.0
45,0.0
46,0.0
47,0.0
48,0.0
49,0.0
50,0.0
51,0.0
52,0.0
53,0.0
54,0.00249
55,0.20775
56,0.40376
57,0.47545
58,0.68351
59,0.67241
60,0.65727
61,0.61926
62,0.46181
63,0.33966
64,0.17172
65,0.01396
66,0.0
67,0.0
68,0.0
69,0.0
70,0.0
71,0.0
72,0.0
73,0.0
74,0.0
75,0.0
76,0.0
77,0.0
78,0.00273
79,0.22778
80,0.41572000000000003
81,0.5415599999999999
82,0.60177
83,0.73512
84,0.65173
85,0.6452899999999999
86,0.50827
87,0.3266
88,0.15314
89,0.01597
90,0.0
91,0.0
92,0.0
93,0.0
94,0.0
95,0.0
96,0.0
97,0.0
98,0.0
99,0.0
100,0.0
101,0.0
102,0.00304
103,0.23811000000000002
104,0.44512
105,0.59814
106,0.6976
107,0.72763
108,0.73103
109,0.66143
110,0.5256799999999999
111,0.38418
112,0.18568
113,0.01814
114,0.0
115,0.0
116,0.0
117,0.0
118,0.0
119,0.0
120,0.0
121,0.0
122,0.0
123,0.0
124,0.0
125,0.0
126,0.00422
127,0.21941999999999998
128,0.43131
129,0.57698
130,0.68491
131,0.73848
132,0.71792
133,0.65851
134,0.55026
135,0.39294999999999997
136,0.17643
137,0.01783
138,0.0
139,0.0
140,0.0
141,0.0
142,0.0
143,0.0
144,0.0
145,0.0
146,0.0
147,0.0
148,0.0
149,0.0
150,0.00335
151,0.22222
152,0.42499000000000003
153,0.573
154,0.64508
155,0.70561
156,0.7104400000000001
157,0.67134
158,0.5342100000000001
159,0.34458999999999995
160,0.18247
161,0.01822
162,0.0
163,0.0
164,0.0
165,0.0
166,0.0
167,0.0
168,0.0
169,0.0
170,0.0
171,0.0
172,0.0
173,0.0
174,0.0030499999999999998
175,0.18483000000000002
176,0.42608999999999997
177,0.5179199999999999
178,0.61453
179,0.7112200000000001
180,0.67791
181,0.65826
182,0.52019
183,0.32632
184,0.18462
185,0.01862
186,0.0
187,0.0
188,0.0
189,0.0
190,0.0
191,0.0
192,0.0
193,0.0
194,0.0
195,0.0
196,0.0
197,0.0
198,0.00269
199,0.1102
200,0.2409
201,0.44891000000000003
202,0.5347999999999999
203,0.5662699999999999
204,0.56475
205,0.48739
206,0.33098
207,0.23277
208,0.10238
209,0.013009999999999999
210,0.0
211,0.0
212,0.0
213,0.0
214,0.0
215,0.0
216,0.0
217,0.0
218,0.0
219,0.0
220,0.0
221,0.0
222,0.00213
223,0.13851
224,0.3466
225,0.48704000000000003
226,0.61856
227,0.6192000000000001
228,0.56984
229,0.62514
230,0.49601
231,0.36419
232,0.17665
233,0.01804
234,0.0
235,0.0
236,0.0
237,0.0
238,0.0
239,0.0
240,0.0
241,0.0
242,0.0
243,0.0
244,0.0
245,0.0
246,0.0025299999999999997
247,0.20366
248,0.38362
249,0.47964
250,0.6822699999999999
251,0.6809700000000001
252,0.71625
253,0.647
254,0.5340499999999999
255,0.33518000000000003
256,0.17053000000000001
257,0.016649999999999998
258,0.0
259,0.0
260,0.0
261,0.0
262,0.0
263,0.0
264,0.0
265,0.0
266,0.0
267,0.0
268,0.0
269,0.0
270,0.00232
271,0.21527000000000002
272,0.43093
273,0.53492
274,0.68831
275,0.75366
276,0.7434400000000001
277,0.69804
278,0.5724
279,0.38593
280,0.19646
281,0.02185
282,0.0
283,0.0
284,0.0
285,0.0
286,0.0
287,0.0
288,0.0
289,0.0
290,0.0
291,0.0
292,0.0
293,0.0
294,0.0024300000000000003
295,0.2223
296,0.42319999999999997
297,0.5848300000000001
298,0.6820700000000001
299,0.7347100000000001
300,0.73798
301,0.65995
302,0.56345
303,0.37927999999999995
304,0.19699
305,0.02124
306,0.0
307,0.0
308,0.0
309,0.0
310,0.0
311,0.0
312,0.0
313,0.0
314,0.0
315,0.0
316,0.0
317,0.0
318,0.00239
319,0.21853999999999998
320,0.42244
321,0.57841
322,0.67925
323,0.7293
324,0.7337400000000001
325,0.6760499999999999
326,0.55987
327,0.39509
328,0.17809
329,0.020829999999999998
330,0.0
331,0.0
332,0.0
333,0.0
334,0.0
335,0.0
336,0.0
337,0.0
338,0.0
339,0.0
340,0.0
341,0.0
342,0.00311
343,0.19785
344,0.41516000000000003
345,0.56678
346,0.67514
347,0.73409
348,0.70758
349,0.6472
350,0.5369400000000001
351,0.38855
352,0.19278
353,0.0223
354,0.0
355,0.0
356,0.0
357,0.0
358,0.0
359,0.0
360,0.0
361,0.0
362,0.0
363,0.0
364,0.0
365,0.0
366,0.00226
367,0.20632
368,0.41719
369,0.56676
370,0.6506000000000001
371,0.70133
372,0.67064
373,0.6407
374,0.45733999999999997
375,0.39405
376,0.17609
377,0.02152
378,0.0
379,0.0
380,0.0
381,0.0
382,0.0
383,0.0
384,0.0
385,0.0
386,0.0
387,0.0
388,0.0
389,0.0
390,0.0024100000000000002
391,0.21093
392,0.42726
393,0.5807599999999999
394,0.68412
395,0.7355499999999999
396,0.74378
397,0.68896
398,0.5684400000000001
399,0.38475
400,0.20366
401,0.0248
402,0.0
403,0.0
404,0.0
405,0.0
406,0.0
407,0.0
408,0.0
409,0.0
410,0.0
411,0.0
412,0.0
413,0.0
414,0.0025499999999999997
415,0.20952
416,0.42339
417,0.5922200000000001
418,0.69859
419,0.74873
420,0.75038
421,0.6602899999999999
422,0.5639299999999999
423,0.42046
424,0.21359999999999998
425,0.02537
426,0.0
427,0.0
428,0.0
429,0.0
430,0.0
431,0.0
432,0.0
433,0.0
434,0.0
435,0.0
436,0.0
437,0.0
438,0.00226
439,0.2145
440,0.43288
441,0.59508
442,0.70132
443,0.75644
444,0.75724
445,0.70172
446,0.59187
447,0.42994
448,0.21787
449,0.02576
450,0.0
451,0.0
452,0.0
453,0.0
454,0.0
455,0.0
456,0.0
457,0.0
458,0.0
459,0.0
460,0.0
461,0.0
462,0.00226
463,0.21882
464,0.4382
465,0.60462
466,0.71246
467,0.7509600000000001
468,0.76274
469,0.70357
470,0.56413
471,0.39782999999999996
472,0.20099
473,0.02543
474,0.0
475,0.0
476,0.0
477,0.0
478,0.0
479,0.0
480,0.0
481,0.0
482,0.0
483,0.0
484,0.0
485,0.0
486,0.0020499999999999997
487,0.20707
488,0.43357999999999997
489,0.5968600000000001
490,0.70569
491,0.76605
492,0.7590800000000001
493,0.6615700000000001
494,0.5839
495,0.38399
496,0.22071000000000002
497,0.02625
498,0.0
499,0.0
500,0.0
501,0.0
502,0.0
503,0.0
504,0.0
505,0.0
506,0.0
507,0.0
508,0.0
509,0.0
510,0.00217
511,0.21552000000000002
512,0.42957
513,0.58877
514,0.6931900000000001
515,0.74506
516,0.74164
517,0.68045
518,0.58435
519,0.39196
520,0.21079
521,0.028050000000000002
522,0.0
523,0.0
524,0.0
525,0.0
526,0.0
527,0.0
528,0.0
529,0.0
530,0.0
531,0.0
532,0.0
533,0.0
534,0.00221
535,0.21456
536,0.42507
537,0.58451
538,0.69235
539,0.74713
540,0.75683
541,0.70704
542,0.55364
543,0.39733999999999997
544,0.19931000000000001
545,0.032100000000000004
546,0.0
547,0.0
548,0.0
549,0.0
550,0.0
551,0.0
552,0.0
553,0.0
554,0.0
555,0.0
556,0.0
557,0.0
558,0.0021000000000000003
559,0.21472999999999998
560,0.4317
561,0.59508
562,0.69639
563,0.75751
564,0.7564500000000001
565,0.7070599999999999
566,0.53616
567,0.38256
568,0.19066999999999998
569,0.03406
570,0.0
571,0.0
572,0.0
573,0.0
574,0.0
575,0.0
576,0.0
577,0.0
578,0.0
579,0.0
580,0.0
581,0.0
582,0.00207
583,0.21184999999999998
584,0.41476
585,0.57827
586,0.68341
587,0.72461
588,0.72525
589,0.69732
590,0.51539
591,0.36521
592,0.19479
593,0.03183
594,0.0
595,0.0
596,0.0
597,0.0
598,0.0
599,0.0
600,0.0
601,0.0
602,0.0
603,0.0
604,0.0
605,0.0
606,0.00272
607,0.21012
608,0.43512
609,0.60227
610,0.71549
611,0.77266
612,0.77671
613,0.72192
614,0.6071
615,0.4393
616,0.21336000000000002
617,0.035840000000000004
618,0.0
619,0.0
620,0.0
621,0.0
622,0.0
623,0.0
624,0.0
625,0.0
626,0.0
627,0.0
628,0.0
629,0.0
630,0.00424
631,0.16813
632,0.35508999999999996
633,0.50954
634,0.61097
635,0.68743
636,0.7068099999999999
637,0.6932999999999999
638,0.58515
639,0.42619
640,0.20993
641,0.03555
642,0.0
643,0.0
644,0.0
645,0.0
646,0.0
647,0.0
648,0.0
649,0.0
650,0.0
651,0.0
652,0.0
653,0.0
654,0.0022
655,0.20526
656,0.43024
657,0.6006900000000001
658,0.7116
659,0.77148
660,0.77644
661,0.69626
662,0.5552999999999999
663,0.40499
664,0.21447999999999998
665,0.03649
666,0.0
667,0.0
668,0.0
669,0.0
670,0.0
671,0.0
672,0.0
673,0.0
674,0.0
675,0.0
676,0.0
677,0.0
678,0.0025
679,0.20754
680,0.4294
681,0.61034
682,0.72322
683,0.78461
684,0.79322
685,0.72797
686,0.61586
687,0.44527
688,0.23053
689,0.03604
690,0.0
691,0.0
692,0.0
693,0.0
694,0.0
695,0.0
696,0.0
697,0.0
698,0.0
699,0.0
700,0.0
701,0.0
702,0.00225
703,0.21494
704,0.43772000000000005
705,0.59274
706,0.71668
707,0.7805599999999999
708,0.78188
709,0.7304400000000001
710,0.61605
711,0.44845999999999997
712,0.23534
713,0.038380000000000004
714,0.0
715,0.0
716,0.0
717,0.0
718,0.0
719,0.0
720,0.0
721,0.0
722,0.0
723,0.0
724,0.0
725,0.0
726,0.00239
727,0.21766
728,0.43798000000000004
729,0.60357
730,0.71139
731,0.76683
732,0.77528
733,0.69948
734,0.56171
735,0.41254
736,0.23237
737,0.038630000000000005
738,0.0
739,0.0
740,0.0
741,0.0
742,0.0
743,0.0
744,0.0
745,0.0
746,0.0
747,0.0
748,0.0
749,0.0
750,0.00226
751,0.20967
752,0.40386
753,0.58609
754,0.69112
755,0.7416
756,0.7527200000000001
757,0.5512999999999999
758,0.52328
759,0.3867
760,0.20421
761,0.02566
762,0.0
763,0.0
764,0.0
765,0.0
766,0.0
767,0.0
768,0.0
769,0.0
770,0.0
771,0.0
772,0.0
773,0.0
774,0.00228
775,0.18215
776,0.37592000000000003
777,0.49873
778,0.67262
779,0.7419199999999999
780,0.74586
781,0.67953
782,0.5781799999999999
783,0.40932999999999997
784,0.21205000000000002
785,0.03639
786,0.0
787,0.0
788,0.0
789,0.0
790,0.0
791,0.0
792,0.0
793,0.0
794,0.0
795,0.0
796,0.0
797,0.0
798,0.00259
799,0.19290000000000002
800,0.4145
801,0.60757
802,0.71375
803,0.77316
804,0.7776900000000001
805,0.7024600000000001
806,0.56259
807,0.41118
808,0.22169999999999998
809,0.0362
810,0.0
811,0.0
812,0.0
813,0.0
814,0.0
815,0.0
816,0.0
817,0.0
818,0.0
819,0.0
820,0.0
821,0.0
822,0.0025
823,0.20914
824,0.4357
825,0.58497
826,0.71272
827,0.74238
828,0.7730499999999999
829,0.6977300000000001
830,0.60961
831,0.42751
832,0.22191
833,0.0352
834,0.0
835,0.0
836,0.0
837,0.0
838,0.0
839,0.0
840,0.0
841,0.0
842,0.0
843,0.0
844,0.0
845,0.0
846,0.0024300000000000003
847,0.21009999999999998
848,0.41819
849,0.57951
850,0.6765
851,0.7503099999999999
852,0.7533500000000001
853,0.6633300000000001
854,0.55822
855,0.42349000000000003
856,0.19441999999999998
857,0.03743
858,0.0
859,0.0
860,0.0
861,0.0
862,0.0
863,0.0
864,0.0
865,0.0
866,0.0
867,0.0
868,0.0
869,0.0
870,0.0025800000000000003
871,0.21021
872,0.4253
873,0.59181
874,0.70329
875,0.75876
876,0.76924
877,0.66927
878,0.5750299999999999
879,0.37849
880,0.19758
881,0.03222
882,0.0
883,0.0
884,0.0
885,0.0
886,0.0
887,0.0
888,0.0
889,0.0
890,0.0
891,0.0
892,0.0
893,0.0
894,0.00264
895,0.21243
896,0.42786
897,0.5504600000000001
898,0.70713
899,0.765
900,0.77708
901,0.7153999999999999
902,0.60515
903,0.42798
904,0.22203
905,0.039740000000000004
906,0.0
907,0.0
908,0.0
909,0.0
910,0.0
911,0.0
912,0.0
913,0.0
914,0.0
915,0.0
916,0.0
917,0.0
918,0.00271
919,0.21006
920,0.42927
921,0.5971599999999999
922,0.70949
923,0.76651
924,0.77435
925,0.7095
926,0.58284
927,0.4058
928,0.20154
929,0.03829
930,0.0
931,0.0
932,0.0
933,0.0
934,0.0
935,0.0
936,0.0
937,0.0
938,0.0
939,0.0
940,0.0
941,0.0
942,0.00294
943,0.21383000000000002
944,0.43299
945,0.6015900000000001
946,0.70853
947,0.76607
948,0.7811
949,0.7167899999999999
950,0.58786
951,0.43127
952,0.2258
953,0.038869999999999995
954,0.0
955,0.0
956,0.0
957,0.0
958,0.0
959,0.0
960,0.0
961,0.0
962,0.0
963,0.0
964,0.0
965,0.0
966,0.00281
967,0.19197
968,0.33509
969,0.53352
970,0.67143
971,0.72545
972,0.7185900000000001
973,0.65474
974,0.5381699999999999
975,0.41658
976,0.21938999999999997
977,0.0339
978,0.0
979,0.0
980,0.0
981,0.0
982,0.0
983,0.0
984,0.0
985,0.0
986,0.0
987,0.0
988,0.0
989,0.0
990,0.0029300000000000003
991,0.18722
992,0.41907
993,0.58661
994,0.7119099999999999
995,0.7646000000000001
996,0.7685599999999999
997,0.69889
998,0.54447
999,0.43019999999999997
1000,0.18956
1001,0.03606
1002,0.0
1003,0.0
1004,0.0
1005,0.0
1006,0.0
1007,0.0
1008,0.0
1009,0.0
1010,0.0
1011,0.0
1012,0.0
1013,0.0
1014,0.00264
1015,0.19157
1016,0.37151
1017,0.5687000000000001
1018,0.6984600000000001
1019,0.75011
1020,0.73812
1021,0.6129
1022,0.53832
1023,0.41544
1024,0.18391
1025,0.03792
1026,0.0
1027,0.0
1028,0.0
1029,0.0
1030,0.0
1031,0.0
1032,0.0
1033,0.0
1034,0.0
1035,0.0
1036,0.0
1037,0.0
1038,0.00256
1039,0.10973999999999999
1040,0.24927000000000002
1041,0.39191000000000004
1042,0.6514500000000001
1043,0.7125
1044,0.71677
1045,0.68361
1046,0.55745
1047,0.39681
1048,0.1817
1049,0.03619
1050,0.0
1051,0.0
1052,0.0
1053,0.0
1054,0.0
1055,0.0
1056,0.0
1057,0.0
1058,0.0
1059,0.0
1060,0.0
1061,0.0
1062,0.00281
1063,0.16274
1064,0.34212
1065,0.5346000000000001
1066,0.6080800000000001
1067,0.69953
1068,0.69727
1069,0.66614
1070,0.58658
1071,0.35693
1072,0.21684
1073,0.03606
1074,0.0
1075,0.0
1076,0.0
1077,0.0
1078,0.0
1079,0.0
1080,0.0
1081,0.0
1082,0.0
1083,0.0
1084,0.0
1085,0.0
1086,0.00359
1087,0.21168
1088,0.41628
1089,0.5781799999999999
1090,0.68668
1091,0.73413
1092,0.7271
1093,0.6255299999999999
1094,0.48497
1095,0.39366
1096,0.20887999999999998
1097,0.03786
1098,0.0
1099,0.0
1100,0.0
1101,0.0
1102,0.0
1103,0.0
1104,0.0
1105,0.0
1106,0.0
1107,0.0
1108,0.0
1109,0.0
1110,0.0036
1111,0.21281
1112,0.39966
1113,0.57816
1114,0.6916599999999999
1115,0.70539
1116,0.74134
1117,0.62407
1118,0.5502
1119,0.41566000000000003
1120,0.21825999999999998
1121,0.038450000000000005
1122,0.0
1123,0.0
1124,0.0
1125,0.0
1126,0.0
1127,0.0
1128,0.0
1129,0.0
1130,0.0
1131,0.0
1132,0.0
1133,0.0
1134,0.00166
1135,0.15030000000000002
1136,0.28991
1137,0.49815
1138,0.61373
1139,0.71177
1140,0.6736
1141,0.60337
1142,0.5369299999999999
1143,0.37013
1144,0.20453
1145,0.040170000000000004
1146,0.0
1147,0.0
1148,0.0
1149,0.0
1150,0.0
1151,0.0
1152,0.0
1153,0.0
1154,0.0
1155,0.0
1156,0.0
1157,0.0
1158,0.0038900000000000002
1159,0.21743
1160,0.39867
1161,0.5639400000000001
1162,0.6949
1163,0.73627
1164,0.75861
1165,0.71029
1166,0.5470499999999999
1167,0.40945
1168,0.22188
1169,0.03565
1170,0.0
1171,0.0
1172,0.0
1173,0.0
1174,0.0
1175,0.0
1176,0.0
1177,0.0
1178,0.0
1179,0.0
1180,0.0
1181,0.0
1182,0.00367
1183,0.21072
1184,0.42728
1185,0.54072
1186,0.66188
1187,0.70365
1188,0.6675599999999999
1189,0.65499
1190,0.57513
1191,0.40892
1192,0.2291
1193,0.03995
1194,0.0
1195,0.0
1196,0.0
1197,0.0
1198,0.0
1199,0.0
1200,0.0
1201,0.0
1202,0.0
1203,0.0
1204,0.0
1205,0.0
1206,0.004200000000000001
1207,0.22659
1208,0.44511
1209,0.60109
1210,0.6794199999999999
1211,0.73649
1212,0.7294400000000001
1213,0.6541399999999999
1214,0.53883
1215,0.39969
1216,0.21075
1217,0.03681
1218,0.0
1219,0.0
1220,0.0
1221,0.0
1222,0.0
1223,0.0
1224,0.0
1225,0.0
1226,0.0
1227,0.0
1228,0.0
1229,0.0
1230,0.00302
1231,0.21868
1232,0.42407999999999996
1233,0.60503
1234,0.71099
1235,0.7637200000000001
1236,0.7614299999999999
1237,0.70769
1238,0.52766
1239,0.36797
1240,0.21733000000000002
1241,0.03491
1242,0.0
1243,0.0
1244,0.0
1245,0.0
1246,0.0
1247,0.0
1248,0.0
1249,0.0
1250,0.0
1251,0.0
1252,0.0
1253,0.0
1254,0.00425
1255,0.19788999999999998
1256,0.40303
1257,0.60334
1258,0.71616
1259,0.75524
1260,0.79038
1261,0.60712
1262,0.58405
1263,0.37001
1264,0.22211
1265,0.040350000000000004
1266,0.0
1267,0.0
1268,0.0
1269,0.0
1270,0.0
1271,0.0
1272,0.0
1273,0.0
1274,0.0
1275,0.0
1276,0.0
1277,0.0
1278,0.0046
1279,0.2288
1280,0.44697000000000003
1281,0.60484
1282,0.71348
1283,0.76339
1284,0.77234
1285,0.71572
1286,0.5904400000000001
1287,0.39875
1288,0.23325
1289,0.039479999999999994
1290,0.0
1291,0.0
1292,0.0
1293,0.0
1294,0.0
1295,0.0
1296,0.0
1297,0.0
1298,0.0
1299,0.0
1300,0.0
1301,0.0
1302,0.03354
1303,0.23063999999999998
1304,0.45187
1305,0.62124
1306,0.7319199999999999
1307,0.79183
1308,0.79137
1309,0.73517
1310,0.6293200000000001
1311,0.40875
1312,0.22587000000000002
1313,0.03282
1314,0.0
1315,0.0
1316,0.0
1317,0.0
1318,0.0
1319,0.0
1320,0.0
1321,0.0
1322,0.0
1323,0.0
1324,0.0
1325,0.0
1326,0.03309
1327,0.23066
1328,0.45294
1329,0.6198400000000001
1330,0.72875
1331,0.78573
1332,0.8017799999999999
1333,0.68826
1334,0.57978
1335,0.42025
1336,0.21637
1337,0.03301
1338,0.0
1339,0.0
1340,0.0
1341,0.0
1342,0.0
1343,0.0
1344,0.0
1345,0.0
1346,0.0
1347,0.0
1348,0.0
1349,0.0
1350,0.02891
1351,0.19548
1352,0.40847
1353,0.58297
1354,0.67536
1355,0.78384
1356,0.74056
1357,0.5322100000000001
1358,0.50438
1359,0.39523
1360,0.21903999999999998
1361,0.0339
1362,0.0
1363,0.0
1364,0.0
1365,0.0
1366,0.0
1367,0.0
1368,0.0
1369,0.0
1370,0.0
1371,0.0
1372,0.0
1373,0.0
1374,0.02951
1375,0.22161
1376,0.39548
1377,0.59573
1378,0.70196
1379,0.74862
1380,0.7681
1381,0.72112
1382,0.52367
1383,0.43394
1384,0.22422999999999998
1385,0.04015
1386,0.0
1387,0.0
1388,0.0
1389,0.0
1390,0.0
1391,0.0
1392,0.0
1393,0.0
1394,0.0
1395,0.0
1396,0.0
1397,0.0
1398,0.03404
1399,0.23513
1400,0.45095999999999997
1401,0.6282000000000001
1402,0.72917
1403,0.7778400000000001
1404,0.80264
1405,0.71005
1406,0.5808300000000001
1407,0.42988
1408,0.23434
1409,0.03823
1410,0.0
1411,0.0
1412,0.0
1413,0.0
1414,0.0
1415,0.0
1416,0.0
1417,0.0
1418,0.0
1419,0.0
1420,0.0
1421,0.0
1422,0.03259
1423,0.22705
1424,0.43413999999999997
1425,0.60585
1426,0.6683
1427,0.76804
1428,0.75999
1429,0.67296
1430,0.5679299999999999
1431,0.44033
1432,0.23649
1433,0.036
1434,0.0
1435,0.0
1436,0.0
1437,0.0
1438,0.0
1439,0.0
1440,0.0
1441,0.0
1442,0.0
1443,0.0
1444,0.0
1445,0.0
1446,0.03585
1447,0.24321
1448,0.46351
1449,0.6310800000000001
1450,0.74314
1451,0.80212
1452,0.80862
1453,0.75476
1454,0.63498
1455,0.46129000000000003
1456,0.24493
1457,0.04039
1458,0.0
1459,0.0
1460,0.0
1461,0.0
1462,0.0
1463,0.0
1464,0.0
1465,0.0
1466,0.0
1467,0.0
1468,0.0
1469,0.0
1470,0.03426
1471,0.24121
1472,0.46266
1473,0.62903
1474,0.73342
1475,0.78703
1476,0.7933
1477,0.7425900000000001
1478,0.6314500000000001
1479,0.46162000000000003
1480,0.24418
1481,0.040369999999999996
1482,0.0
1483,0.0
1484,0.0
1485,0.0
1486,0.0
1487,0.0
1488,0.0
1489,0.0
1490,0.0
1491,0.0
1492,0.0
1493,0.0
1494,0.03537
1495,0.23568
1496,0.45813
1497,0.62012
1498,0.72588
1499,0.7820499999999999
1500,0.79349
1501,0.7447999999999999
1502,0.6302300000000001
1503,0.40707
1504,0.22602
1505,0.032170000000000004
1506,0.0
1507,0.0
1508,0.0
1509,0.0
1510,0.0
1511,0.0
1512,0.0
1513,0.0
1514,0.0
1515,0.0
1516,0.0
1517,0.0
1518,0.03461
1519,0.23396
1520,0.46007
1521,0.6219
1522,0.7277
1523,0.78467
1524,0.78432
1525,0.7263200000000001
1526,0.5737599999999999
1527,0.40163
1528,0.22418000000000002
1529,0.038840000000000006
1530,0.0
1531,0.0
1532,0.0
1533,0.0
1534,0.0
1535,0.0
1536,0.0
1537,0.0
1538,0.0
1539,0.0
1540,0.0
1541,0.0
1542,0.03485
1543,0.2361
1544,0.45399
1545,0.59775
1546,0.7181799999999999
1547,0.77332
1548,0.77452
1549,0.70788
1550,0.58899
1551,0.40044
1552,0.23406
1553,0.03447
1554,0.0
1555,0.0
1556,0.0
1557,0.0
1558,0.0
1559,0.0
1560,0.0
1561,0.0
1562,0.0
1563,0.0
1564,0.0
1565,0.0
1566,0.0339
1567,0.21499000000000001
1568,0.45311
1569,0.5686
1570,0.7365900000000001
1571,0.78452
1572,0.71321
1573,0.70135
1574,0.5621
1575,0.38889
1576,0.20568999999999998
1577,0.036289999999999996
1578,0.0
1579,0.0
1580,0.0
1581,0.0
1582,0.0
1583,0.0
1584,0.0
1585,0.0
1586,0.0
1587,0.0
1588,0.0
1589,0.0
1590,0.02861
1591,0.16009
1592,0.37541
1593,0.48677
1594,0.60003
1595,0.73029
1596,0.6606000000000001
1597,0.64222
1598,0.48114
1599,0.38209
1600,0.19785
1601,0.03567
1602,0.0
1603,0.0
1604,0.0
1605,0.0
1606,0.0
1607,0.0
1608,0.0
1609,0.0
1610,0.0
1611,0.0
1612,0.0
1613,0.0
1614,0.02179
1615,0.16876
1616,0.36444
1617,0.53638
1618,0.62218
1619,0.6994900000000001
1620,0.69123
1621,0.6939299999999999
1622,0.58151
1623,0.39514
1624,0.189
1625,0.036
1626,0.0
1627,0.0
1628,0.0
1629,0.0
1630,0.0
1631,0.0
1632,0.0
1633,0.0
1634,0.0
1635,0.0
1636,0.0
1637,0.0
1638,0.026199999999999998
1639,0.1986
1640,0.43604000000000004
1641,0.61601
1642,0.71399
1643,0.70259
1644,0.7868099999999999
1645,0.71761
1646,0.5745
1647,0.40537
1648,0.23148
1649,0.037520000000000005
1650,0.0
1651,0.0
1652,0.0
1653,0.0
1654,0.0
1655,0.0
1656,0.0
1657,0.0
1658,0.0
1659,0.0
1660,0.0
1661,0.0
1662,0.031149999999999997
1663,0.22651
1664,0.42261000000000004
1665,0.59512
1666,0.7062200000000001
1667,0.6860599999999999
1668,0.7370399999999999
1669,0.6164400000000001
1670,0.52416
1671,0.34798
1672,0.21353999999999998
1673,0.03133
1674,0.0
1675,0.0
1676,0.0
1677,0.0
1678,0.0
1679,0.0
1680,0.0
1681,0.0
1682,0.0
1683,0.0
1684,0.0
1685,0.0
1686,0.033479999999999996
1687,0.22122
1688,0.38389
1689,0.5147200000000001
1690,0.615
1691,0.59397
1692,0.65865
1693,0.49294
1694,0.51789
1695,0.35120999999999997
1696,0.20818
1697,0.03208
1698,0.0
1699,0.0
1700,0.0
1701,0.0
1702,0.0
1703,0.0
1704,0.0
1705,0.0
1706,0.0
1707,0.0
1708,0.0
1709,0.0
1710,0.02565
1711,0.20042
1712,0.38894
1713,0.52562
1714,0.64255
1715,0.74015
1716,0.75927
1717,0.61603
1718,0.55577
1719,0.38823
1720,0.22177000000000002
1721,0.03089
1722,0.0
1723,0.0
1724,0.0
1725,0.0
1726,0.0
1727,0.0
1728,0.0
1729,0.0
1730,0.0
1731,0.0
1732,0.0
1733,0.0
1734,0.03254
1735,0.21585
1736,0.45768000000000003
1737,0.61698
1738,0.7245499999999999
1739,0.7426799999999999
1740,0.78234
1741,0.71811
1742,0.59156
1743,0.37466000000000005
1744,0.21123
1745,0.02962
1746,0.0
1747,0.0
1748,0.0
1749,0.0
1750,0.0
1751,0.0
1752,0.0
1753,0.0
1754,0.0
1755,0.0
1756,0.0
1757,0.0
1758,0.03779
1759,0.24761000000000002
1760,0.43373
1761,0.6027899999999999
1762,0.68284
1763,0.6761900000000001
1764,0.75186
1765,0.71014
1766,0.56213
1767,0.41416000000000003
1768,0.21981
1769,0.03031
1770,0.0
1771,0.0
1772,0.0
1773,0.0
1774,0.0
1775,0.0
1776,0.0
1777,0.0
1778,0.0
1779,0.0
1780,0.0
1781,0.0
1782,0.02872
1783,0.22385
1784,0.44899
1785,0.62515
1786,0.7143200000000001
1787,0.7644
1788,0.72537
1789,0.65262
1790,0.56225
1791,0.39412
1792,0.20849
1793,0.02643
1794,0.0
1795,0.0
1796,0.0
1797,0.0
1798,0.0
1799,0.0
1800,0.0
1801,0.0
1802,0.0
1803,0.0
1804,0.0
1805,0.0
1806,0.025070000000000002
1807,0.1681
1808,0.31931
1809,0.46272
1810,0.60334
1811,0.71
1812,0.72292
1813,0.64883
1814,0.42538
1815,0.34984
1816,0.20969
1817,0.03043
1818,0.0
1819,0.0
1820,0.0
1821,0.0
1822,0.0
1823,0.0
1824,0.0
1825,0.0
1826,0.0
1827,0.0
1828,0.0
1829,0.0
1830,0.03588
1831,0.20715
1832,0.40978
1833,0.51703
1834,0.6544
1835,0.6633300000000001
1836,0.67301
1837,0.6661900000000001
1838,0.4978
1839,0.34357
1840,0.18419999999999997
1841,0.03146
1842,0.0
1843,0.0
1844,0.0
1845,0.0
1846,0.0
1847,0.0
1848,0.0
1849,0.0
1850,0.0
1851,0.0
1852,0.0
1853,0.0
1854,0.02686
1855,0.1739
1856,0.37542000000000003
1857,0.5361
1858,0.53507
1859,0.56443
1860,0.6856599999999999
1861,0.5956
1862,0.511
1863,0.3413
1864,0.19015
1865,0.02472
1866,0.0
1867,0.0
1868,0.0
1869,0.0
1870,0.0
1871,0.0
1872,0.0
1873,0.0
1874,0.0
1875,0.0
1876,0.0
1877,0.0
1878,0.026920000000000003
1879,0.20126
1880,0.4017
1881,0.5047900000000001
1882,0.68238
1883,0.72329
1884,0.68644
1885,0.6904199999999999
1886,0.51277
1887,0.37051999999999996
1888,0.19574
1889,0.03479
1890,0.0
1891,0.0
1892,0.0
1893,0.0
1894,0.0
1895,0.0
1896,0.0
1897,0.0
1898,0.0
1899,0.0
1900,0.0
1901,0.0
1902,0.041659999999999996
1903,0.25488
1904,0.46144
1905,0.6174299999999999
1906,0.71905
1907,0.73538
1908,0.7064900000000001
1909,0.65559
1910,0.5263
1911,0.38211
1912,0.1896
1913,0.02638
1914,0.0
1915,0.0
1916,0.0
1917,0.0
1918,0.0
1919,0.0
1920,0.0
1921,0.0
1922,0.0
1923,0.0
1924,0.0
1925,0.0
1926,0.04575
1927,0.24786000000000002
1928,0.45557
1929,0.60819
1930,0.7005399999999999
1931,0.74961
1932,0.67322
1933,0.64263
1934,0.56667
1935,0.34134
1936,0.2039
1937,0.03016
1938,0.0
1939,0.0
1940,0.0
1941,0.0
1942,0.0
1943,0.0
1944,0.0
1945,0.0
1946,0.0
1947,0.0
1948,0.0
1949,0.0
1950,0.03165
1951,0.19387000000000001
1952,0.35771
1953,0.49609
1954,0.7012
1955,0.6471399999999999
1956,0.66571
1957,0.6638200000000001
1958,0.5278099999999999
1959,0.30433
1960,0.17003000000000001
1961,0.026
1962,0.0
1963,0.0
1964,0.0
1965,0.0
1966,0.0
1967,0.0
1968,0.0
1969,0.0
1970,0.0
1971,0.0
1972,0.0
1973,0.0
1974,0.04387
1975,0.23897
1976,0.45329
1977,0.56272
1978,0.70913
1979,0.75014
1980,0.76988
1981,0.62512
1982,0.57374
1983,0.39148
1984,0.20352
1985,0.027800000000000002
1986,0.0
1987,0.0
1988,0.0
1989,0.0
1990,0.0
1991,0.0
1992,0.0
1993,0.0
1994,0.0
1995,0.0
1996,0.0
1997,0.0
1998,0.04446
1999,0.19466
2000,0.24403
2001,0.36433
2002,0.53618
2003,0.68763
2004,0.6850599999999999
2005,0.65918
2006,0.54308
2007,0.35607
2008,0.20589
2009,0.02734
2010,0.0
2011,0.0
2012,0.0
2013,0.0
2014,0.0
2015,0.0
2016,0.0
2017,0.0
2018,0.0
2019,0.0
2020,0.0
2021,0.0
2022,0.047270000000000006
2023,0.24982
2024,0.46569
2025,0.6291100000000001
2026,0.72533
2027,0.76302
2028,0.77631
2029,0.64747
2030,0.55168
2031,0.39169
2032,0.19887
2033,0.023289999999999998
2034,0.0
2035,0.0
2036,0.0
2037,0.0
2038,0.0
2039,0.0
2040,0.0
2041,0.0
2042,0.0
2043,0.0
2044,0.0
2045,0.0
2046,0.04294
2047,0.24368
2048,0.44416
2049,0.6110399999999999
2050,0.7336900000000001
2051,0.7431
2052,0.72989
2053,0.68426
2054,0.5725800000000001
2055,0.34512
2056,0.17751
2057,0.02478
2058,0.0
2059,0.0
2060,0.0
2061,0.0
2062,0.0
2063,0.0
2064,0.0
2065,0.0
2066,0.0
2067,0.0
2068,0.0
2069,0.0
2070,0.047229999999999994
2071,0.23684
2072,0.43891
2073,0.57251
2074,0.71887
2075,0.7526499999999999
2076,0.77255
2077,0.6869700000000001
2078,0.5671799999999999
2079,0.38975
2080,0.15744
2081,0.027059999999999997
2082,0.0
2083,0.0
2084,0.0
2085,0.0
2086,0.0
2087,0.0
2088,0.0
2089,0.0
2090,0.0
2091,0.0
2092,0.0
2093,0.0
2094,0.052719999999999996
2095,0.26788999999999996
2096,0.46120999999999995
2097,0.58674
2098,0.68052
2099,0.73505
2100,0.70685
2101,0.6653300000000001
2102,0.5642
2103,0.38258
2104,0.16225
2105,0.022850000000000002
2106,0.0
2107,0.0
2108,0.0
2109,0.0
2110,0.0
2111,0.0
2112,0.0
2113,0.0
2114,0.0
2115,0.0
2116,0.0
2117,0.0
2118,0.0522
2119,0.25345
2120,0.43577999999999995
2121,0.53237
2122,0.6489
2123,0.7333200000000001
2124,0.76267
2125,0.6518999999999999
2126,0.5505599999999999
2127,0.3546
2128,0.19163
2129,0.028030000000000003
2130,0.0
2131,0.0
2132,0.0
2133,0.0
2134,0.0
2135,0.0
2136,0.0
2137,0.0
2138,0.0
2139,0.0
2140,0.0
2141,0.0
2142,0.02625
2143,0.21775999999999998
2144,0.38698
2145,0.61468
2146,0.71211
2147,0.76221
2148,0.7705
2149,0.7061000000000001
2150,0.53735
2151,0.32377999999999996
2152,0.14848
2153,0.027809999999999998
2154,0.0
2155,0.0
2156,0.0
2157,0.0
2158,0.0
2159,0.0
2160,0.0
2161,0.0
2162,0.0
2163,0.0
2164,0.0
2165,0.0
2166,0.04372
2167,0.18117
2168,0.38053
2169,0.5186000000000001
2170,0.6167
2171,0.63191
2172,0.66335
2173,0.59315
2174,0.50301
2175,0.3237
2176,0.16336
2177,0.02875
2178,0.0
2179,0.0
2180,0.0
2181,0.0
2182,0.0
2183,0.0
2184,0.0
2185,0.0
2186,0.0
2187,0.0
2188,0.0
2189,0.0
2190,0.01859
2191,0.14399
2192,0.22569999999999998
2193,0.42557
2194,0.5615800000000001
2195,0.52389
2196,0.60807
2197,0.51091
2198,0.41752
2199,0.2315
2200,0.09924
2201,0.03127
2202,0.0
2203,0.0
2204,0.0
2205,0.0
2206,0.0
2207,0.0
2208,0.0
2209,0.0
2210,0.0
2211,0.0
2212,0.0
2213,0.0
2214,0.02225
2215,0.14103
2216,0.28397
2217,0.43122000000000005
2218,0.46572
2219,0.55186
2220,0.63089
2221,0.49048
2222,0.39165
2223,0.21068
2224,0.09766
2225,0.02056
2226,0.0
2227,0.0
2228,0.0
2229,0.0
2230,0.0
2231,0.0
2232,0.0
2233,0.0
2234,0.0
2235,0.0
2236,0.0
2237,0.0
2238,0.04488
2239,0.20566
2240,0.41199
2241,0.56023
2242,0.6999
2243,0.72223
2244,0.69669
2245,0.57909
2246,0.40767000000000003
2247,0.36604000000000003
2248,0.16438
2249,0.02429
2250,0.0
2251,0.0
2252,0.0
2253,0.0
2254,0.0
2255,0.0
2256,0.0
2257,0.0
2258,0.0
2259,0.0
2260,0.0
2261,0.0
2262,0.03878
2263,0.1767
2264,0.32762
2265,0.4357
2266,0.5645399999999999
2267,0.68776
2268,0.6809
2269,0.61005
2270,0.45499
2271,0.30018
2272,0.13297
2273,0.02352
2274,0.0
2275,0.0
2276,0.0
2277,0.0
2278,0.0
2279,0.0
2280,0.0
2281,0.0
2282,0.0
2283,0.0
2284,0.0
2285,0.0
2286,0.02377
2287,0.11362
2288,0.18569999999999998
2289,0.29052
2290,0.45483999999999997
2291,0.46097000000000005
2292,0.4617
2293,0.4992
2294,0.39998
2295,0.26915
2296,0.12179000000000001
2297,0.02391
2298,0.0
2299,0.0
2300,0.0
2301,0.0
2302,0.0
2303,0.0
2304,0.0
2305,0.0
2306,0.0
2307,0.0
2308,0.0
2309,0.0
2310,0.02619
2311,0.11976
2312,0.19898
2313,0.28681
2314,0.39752
2315,0.29228
2316,0.35014
2317,0.41481
2318,0.31994
2319,0.21744999999999998
2320,0.10558
2321,0.02096
2322,0.0
2323,0.0
2324,0.0
2325,0.0
2326,0.0
2327,0.0
2328,0.0
2329,0.0
2330,0.0
2331,0.0
2332,0.0
2333,0.0
2334,0.03741
2335,0.1625
2336,0.27482
2337,0.35652999999999996
2338,0.37749
2339,0.45606
2340,0.4581
2341,0.46895
2342,0.34985000000000005
2343,0.16797
2344,0.12440000000000001
2345,0.02213
2346,0.0
2347,0.0
2348,0.0
2349,0.0
2350,0.0
2351,0.0
2352,0.0
2353,0.0
2354,0.0
2355,0.0
2356,0.0
2357,0.0
2358,0.015349999999999999
2359,0.05771
2360,0.19341
2361,0.26652
2362,0.38981
2363,0.45579000000000003
2364,0.45261
2365,0.38145
2366,0.29534
2367,0.25156
2368,0.11898
2369,0.01878
2370,0.0
2371,0.0
2372,0.0
2373,0.0
2374,0.0
2375,0.0
2376,0.0
2377,0.0
2378,0.0
2379,0.0
2380,0.0
2381,0.0
2382,0.0303
2383,0.19555
2384,0.35964999999999997
2385,0.49594
2386,0.61802
2387,0.65876
2388,0.52224
2389,0.57687
2390,0.3974
2391,0.24245
2392,0.12835
2393,0.0158
2394,0.0
2395,0.0
2396,0.0
2397,0.0
2398,0.0
2399,0.0
2400,0.0
2401,0.0
2402,0.0
2403,0.0
2404,0.0
2405,0.0
2406,0.052469999999999996
2407,0.22586
2408,0.36839999999999995
2409,0.5562999999999999
2410,0.5936
2411,0.6835
2412,0.67728
2413,0.6089600000000001
2414,0.47408999999999996
2415,0.26677999999999996
2416,0.12211
2417,0.029679999999999998
2418,0.0
2419,0.0
2420,0.0
2421,0.0
2422,0.0
2423,0.0
2424,0.0
2425,0.0
2426,0.0
2427,0.0
2428,0.0
2429,0.0
2430,0.06044
2431,0.25927
2432,0.445
2433,0.59162
2434,0.68747
2435,0.6945
2436,0.67976
2437,0.61073
2438,0.41819
2439,0.24830000000000002
2440,0.09659999999999999
2441,0.01991
2442,0.0
2443,0.0
2444,0.0
2445,0.0
2446,0.0
2447,0.0
2448,0.0
2449,0.0
2450,0.0
2451,0.0
2452,0.0
2453,0.0
2454,0.04109
2455,0.20877
2456,0.37425
2457,0.53998
2458,0.6050399999999999
2459,0.64812
2460,0.6468400000000001
2461,0.50959
2462,0.47258999999999995
2463,0.30002
2464,0.1519
2465,0.024079999999999997
2466,0.0
2467,0.0
2468,0.0
2469,0.0
2470,0.0
2471,0.0
2472,0.0
2473,0.0
2474,0.0
2475,0.0
2476,0.0
2477,0.0
2478,0.053810000000000004
2479,0.23933000000000001
2480,0.40386
2481,0.57753
2482,0.66061
2483,0.6703600000000001
2484,0.67057
2485,0.51212
2486,0.37563
2487,0.23641
2488,0.09698000000000001
2489,0.02116
2490,0.0
2491,0.0
2492,0.0
2493,0.0
2494,0.0
2495,0.0
2496,0.0
2497,0.0
2498,0.0
2499,0.0
2500,0.0
2501,0.0
2502,0.04504
2503,0.1757
2504,0.30804000000000004
2505,0.43983999999999995
2506,0.56201
2507,0.5886
2508,0.56796
2509,0.47402
2510,0.43543
2511,0.27782
2512,0.14178
2513,0.02653
2514,0.0
2515,0.0
2516,0.0
2517,0.0
2518,0.0
2519,0.0
2520,0.0
2521,0.0
2522,0.0
2523,0.0
2524,0.0
2525,0.0
2526,0.01682
2527,0.10361
2528,0.20922
2529,0.41668
2530,0.46826999999999996
2531,0.5466599999999999
2532,0.5545399999999999
2533,0.47952999999999996
2534,0.41814
2535,0.18875999999999998
2536,0.06423000000000001
2537,0.01492
2538,0.0
2539,0.0
2540,0.0
2541,0.0
2542,0.0
2543,0.0
2544,0.0
2545,0.0
2546,0.0
2547,0.0
2548,0.0
2549,0.0
2550,0.05815
2551,0.21506
2552,0.34057
2553,0.44282
2554,0.5577300000000001
2555,0.5046499999999999
2556,0.54857
2557,0.47288
2558,0.39564
2559,0.24189
2560,0.12494
2561,0.0318
2562,0.0
2563,0.0
2564,0.0
2565,0.0
2566,0.0
2567,0.0
2568,0.0
2569,0.0
2570,0.0
2571,0.0
2572,0.0
2573,0.0
2574,0.04603
2575,0.15435
2576,0.27242
2577,0.49813
2578,0.5605
2579,0.63118
2580,0.61426
2581,0.47356
2582,0.33626999999999996
2583,0.26938
2584,0.10294
2585,0.02336
2586,0.0
2587,0.0
2588,0.0
2589,0.0
2590,0.0
2591,0.0
2592,0.0
2593,0.0
2594,0.0
2595,0.0
2596,0.0
2597,0.0
2598,0.05916
2599,0.22858
2600,0.38892000000000004
2601,0.49006
2602,0.59678
2603,0.66938
2604,0.58763
2605,0.62888
2606,0.52007
2607,0.32086000000000003
2608,0.15461000000000003
2609,0.019489999999999997
2610,0.0
2611,0.0
2612,0.0
2613,0.0
2614,0.0
2615,0.0
2616,0.0
2617,0.0
2618,0.0
2619,0.0
2620,0.0
2621,0.0
2622,0.06012
2623,0.26047000000000003
2624,0.43789
2625,0.57124
2626,0.64985
2627,0.69537
2628,0.70912
2629,0.6484800000000001
2630,0.48327
2631,0.35343
2632,0.17134
2633,0.018260000000000002
2634,0.0
2635,0.0
2636,0.0
2637,0.0
2638,0.0
2639,0.0
2640,0.0
2641,0.0
2642,0.0
2643,0.0
2644,0.0
2645,0.0
2646,0.04894
2647,0.22657
2648,0.43281000000000003
2649,0.54224
2650,0.66323
2651,0.66253
2652,0.62266
2653,0.50626
2654,0.47664
2655,0.31089
2656,0.14205
2657,0.0161
2658,0.0
2659,0.0
2660,0.0
2661,0.0
2662,0.0
2663,0.0
2664,0.0
2665,0.0
2666,0.0
2667,0.0
2668,0.0
2669,0.0
2670,0.06492
2671,0.26621
2672,0.45233999999999996
2673,0.59516
2674,0.67577
2675,0.6929
2676,0.69969
2677,0.64888
2678,0.45244999999999996
2679,0.36383
2680,0.14558000000000001
2681,0.01277
2682,0.0
2683,0.0
2684,0.0
2685,0.0
2686,0.0
2687,0.0
2688,0.0
2689,0.0
2690,0.0
2691,0.0
2692,0.0
2693,0.0
2694,0.05851
2695,0.25056
2696,0.43191
2697,0.54931
2698,0.63628
2699,0.66001
2700,0.6860299999999999
2701,0.63507
2702,0.44761
2703,0.33536
2704,0.15958
2705,0.01488
2706,0.0
2707,0.0
2708,0.0
2709,0.0
2710,0.0
2711,0.0
2712,0.0
2713,0.0
2714,0.0
2715,0.0
2716,0.0
2717,0.0
2718,0.044840000000000005
2719,0.17755
2720,0.37061
2721,0.37757
2722,0.41768
2723,0.53472
2724,0.61846
2725,0.43899
2726,0.41089
2727,0.29435
2728,0.13415000000000002
2729,0.01465
2730,0.0
2731,0.0
2732,0.0
2733,0.0
2734,0.0
2735,0.0
2736,0.0
2737,0.0
2738,0.0
2739,0.0
2740,0.0
2741,0.0
2742,0.06383
2743,0.24994999999999998
2744,0.41585
2745,0.57992
2746,0.63076
2747,0.7112200000000001
2748,0.6583600000000001
2749,0.5312899999999999
2750,0.30183
2751,0.24799000000000002
2752,0.13362000000000002
2753,0.02945
2754,0.0
2755,0.0
2756,0.0
2757,0.0
2758,0.0
2759,0.0
2760,0.0
2761,0.0
2762,0.0
2763,0.0
2764,0.0
2765,0.0
2766,0.047880000000000006
2767,0.21559
2768,0.39147000000000004
2769,0.56563
2770,0.64077
2771,0.55569
2772,0.59782
2773,0.46087
2774,0.40367000000000003
2775,0.28726
2776,0.14317
2777,0.02218
2778,0.0
2779,0.0
2780,0.0
2781,0.0
2782,0.0
2783,0.0
2784,0.0
2785,0.0
2786,0.0
2787,0.0
2788,0.0
2789,0.0
2790,0.05571
2791,0.20615
2792,0.38442000000000004
2793,0.54099
2794,0.64918
2795,0.70366
2796,0.59447
2797,0.59373
2798,0.5247200000000001
2799,0.3435
2800,0.15827000000000002
2801,0.01684
2802,0.0
2803,0.0
2804,0.0
2805,0.0
2806,0.0
2807,0.0
2808,0.0
2809,0.0
2810,0.0
2811,0.0
2812,0.0
2813,0.0
2814,0.04174
2815,0.20185
2816,0.37185
2817,0.47906
2818,0.60187
2819,0.67511
2820,0.59177
2821,0.48245
2822,0.34514999999999996
2823,0.19666999999999998
2824,0.11773
2825,0.017
2826,0.0
2827,0.0
2828,0.0
2829,0.0
2830,0.0
2831,0.0
2832,0.0
2833,0.0
2834,0.0
2835,0.0
2836,0.0
2837,0.0
2838,0.04858
2839,0.18334
2840,0.35901
2841,0.50506
2842,0.63664
2843,0.64815
2844,0.6774600000000001
2845,0.53225
2846,0.50082
2847,0.34457
2848,0.15463
2849,0.01468
2850,0.0
2851,0.0
2852,0.0
2853,0.0
2854,0.0
2855,0.0
2856,0.0
2857,0.0
2858,0.0
2859,0.0
2860,0.0
2861,0.0
2862,0.06476000000000001
2863,0.24007
2864,0.42746
2865,0.5621499999999999
2866,0.56865
2867,0.6869700000000001
2868,0.66646
2869,0.56309
2870,0.50368
2871,0.30389
2872,0.14727
2873,0.02038
2874,0.0
2875,0.0
2876,0.0
2877,0.0
2878,0.0
2879,0.0
2880,0.0
2881,0.0
2882,0.0
2883,0.0
2884,0.0
2885,0.0
2886,0.04906
2887,0.20201
2888,0.33505
2889,0.47156
2890,0.63158
2891,0.65354
2892,0.56299
2893,0.56402
2894,0.45842
2895,0.29493
2896,0.14841
2897,0.016980000000000002
2898,0.0
2899,0.0
2900,0.0
2901,0.0
2902,0.0
2903,0.0
2904,0.0
2905,0.0
2906,0.0
2907,0.0
2908,0.0
2909,0.0
2910,0.0648
2911,0.23288
2912,0.40647000000000005
2913,0.54077
2914,0.5834600000000001
2915,0.66059
2916,0.62285
2917,0.54759
2918,0.42025
2919,0.29697
2920,0.14072
2921,0.02146
2922,0.0
2923,0.0
2924,0.0
2925,0.0
2926,0.0
2927,0.0
2928,0.0
2929,0.0
2930,0.0
2931,0.0
2932,0.0
2933,0.0
2934,0.047049999999999995
2935,0.15938
2936,0.27688999999999997
2937,0.45758
2938,0.56113
2939,0.54195
2940,0.52918
2941,0.525
2942,0.4507
2943,0.28438
2944,0.13499
2945,0.01959
2946,0.0
2947,0.0
2948,0.0
2949,0.0
2950,0.0
2951,0.0
2952,0.0
2953,0.0
2954,0.0
2955,0.0
2956,0.0
2957,0.0
2958,0.04167
2959,0.17394
2960,0.2708
2961,0.45829000000000003
2962,0.41618
2963,0.42869
2964,0.39048
2965,0.50056
2966,0.39594999999999997
2967,0.23512
2968,0.11859
2969,0.02954
2970,0.0
2971,0.0
2972,0.0
2973,0.0
2974,0.0
2975,0.0
2976,0.0
2977,0.0
2978,0.0
2979,0.0
2980,0.0
2981,0.0
2982,0.06584999999999999
2983,0.21930000000000002
2984,0.36282
2985,0.50647
2986,0.59738
2987,0.59942
2988,0.60629
2989,0.52255
2990,0.46288
2991,0.24653999999999998
2992,0.11231000000000001
2993,0.03158
2994,0.0
2995,0.0
2996,0.0
2997,0.0
2998,0.0
2999,0.0
3000,0.0
3001,0.0
3002,0.0
3003,0.0
3004,0.0
3005,0.0
3006,0.05775
3007,0.16024000000000002
3008,0.28775
3009,0.49295999999999995
3010,0.46802999999999995
3011,0.60433
3012,0.5580499999999999
3013,0.4176
3014,0.35806
3015,0.19949
3016,0.12102
3017,0.02126
3018,0.0
3019,0.0
3020,0.0
3021,0.0
3022,0.0
3023,0.0
3024,0.0
3025,0.0
3026,0.0
3027,0.0
3028,0.0
3029,0.0
3030,0.03885
3031,0.19096000000000002
3032,0.37107
3033,0.40398
3034,0.5480499999999999
3035,0.61014
3036,0.52928
3037,0.5894299999999999
3038,0.3697
3039,0.26355
3040,0.12087
3041,0.019899999999999998
3042,0.0
3043,0.0
3044,0.0
3045,0.0
3046,0.0
3047,0.0
3048,0.0
3049,0.0
3050,0.0
3051,0.0
3052,0.0
3053,0.0
3054,0.05608
3055,0.17661000000000002
3056,0.37871
3057,0.5206000000000001
3058,0.60102
3059,0.66332
3060,0.56884
3061,0.5751900000000001
3062,0.48648
3063,0.35163
3064,0.14643
3065,0.02168
3066,0.0
3067,0.0
3068,0.0
3069,0.0
3070,0.0
3071,0.0
3072,0.0
3073,0.0
3074,0.0
3075,0.0
3076,0.0
3077,0.0
3078,0.05109
3079,0.20627
3080,0.38316
3081,0.48385
3082,0.52428
3083,0.63107
3084,0.62799
3085,0.5557300000000001
3086,0.42061000000000004
3087,0.24358000000000002
3088,0.09021
3089,0.02553
3090,0.0
3091,0.0
3092,0.0
3093,0.0
3094,0.0
3095,0.0
3096,0.0
3097,0.0
3098,0.0
3099,0.0
3100,0.0
3101,0.0
3102,0.05778
3103,0.23286
3104,0.40801
3105,0.54391
3106,0.63732
3107,0.5861900000000001
3108,0.60939
3109,0.5183300000000001
3110,0.4285
3111,0.26446
3112,0.12739
3113,0.030690000000000002
3114,0.0
3115,0.0
3116,0.0
3117,0.0
3118,0.0
3119,0.0
3120,0.0
3121,0.0
3122,0.0
3123,0.0
3124,0.0
3125,0.0
3126,0.05656
3127,0.22157
3128,0.40693
3129,0.5173099999999999
3130,0.56162
3131,0.6186
3132,0.62702
3133,0.5985900000000001
3134,0.50783
3135,0.33149
3136,0.13881
3137,0.015560000000000001
3138,0.0
3139,0.0
3140,0.0
3141,0.0
3142,0.0
3143,0.0
3144,0.0
3145,0.0
3146,0.0
3147,0.0
3148,0.0
3149,0.0
3150,0.05697
3151,0.20739
3152,0.33948
3153,0.43901999999999997
3154,0.51983
3155,0.59529
3156,0.56028
3157,0.51788
3158,0.44724
3159,0.2936
3160,0.12440999999999999
3161,0.02191
3162,0.0
3163,0.0
3164,0.0
3165,0.0
3166,0.0
3167,0.0
3168,0.0
3169,0.0
3170,0.0
3171,0.0
3172,0.0
3173,0.0
3174,0.05885
3175,0.22254
3176,0.41224
3177,0.5477799999999999
3178,0.63235
3179,0.6877300000000001
3180,0.6684500000000001
3181,0.6204700000000001
3182,0.4596
3183,0.30356
3184,0.14246
3185,0.01653
3186,0.0
3187,0.0
3188,0.0
3189,0.0
3190,0.0
3191,0.0
3192,0.0
3193,0.0
3194,0.0
3195,0.0
3196,0.0
3197,0.0
3198,0.06788
3199,0.23152
3200,0.44261
3201,0.50771
3202,0.60196
3203,0.69021
3204,0.67144
3205,0.5510499999999999
3206,0.48728
3207,0.32838
3208,0.14183
3209,0.01774
3210,0.0
3211,0.0
3212,0.0
3213,0.0
3214,0.0
3215,0.0
3216,0.0
3217,0.0
3218,0.0
3219,0.0
3220,0.0
3221,0.0
3222,0.07002
3223,0.25988
3224,0.42739
3225,0.56747
3226,0.64852
3227,0.67162
3228,0.64747
3229,0.61314
3230,0.46666
3231,0.32780000000000004
3232,0.14676
3233,0.01572
3234,0.0
3235,0.0
3236,0.0
3237,0.0
3238,0.0
3239,0.0
3240,0.0
3241,0.0
3242,0.0
3243,0.0
3244,0.0
3245,0.0
3246,0.056780000000000004
3247,0.22849
3248,0.3514
3249,0.46787
3250,0.50775
3251,0.50143
3252,0.57272
3253,0.43607999999999997
3254,0.31477999999999995
3255,0.27467
3256,0.1262
3257,0.02503
3258,0.0
3259,0.0
3260,0.0
3261,0.0
3262,0.0
3263,0.0
3264,0.0
3265,0.0
3266,0.0
3267,0.0
3268,0.0
3269,0.0
3270,0.053090000000000005
3271,0.16516999999999998
3272,0.31127999999999995
3273,0.41958
3274,0.46931
3275,0.5344
3276,0.60161
3277,0.47798
3278,0.30335
3279,0.18245
3280,0.08913
3281,0.027370000000000002
3282,0.0
3283,0.0
3284,0.0
3285,0.0
3286,0.0
3287,0.0
3288,0.0
3289,0.0
3290,0.0
3291,0.0
3292,0.0
3293,0.0
3294,0.039619999999999995
3295,0.13769
3296,0.28974
3297,0.36922000000000005
3298,0.43360000000000004
3299,0.5222899999999999
3300,0.46001
3301,0.37327999999999995
3302,0.25558000000000003
3303,0.21496
3304,0.09562000000000001
3305,0.020329999999999997
3306,0.0
3307,0.0
3308,0.0
3309,0.0
3310,0.0
3311,0.0
3312,0.0
3313,0.0
3314,0.0
3315,0.0
3316,0.0
3317,0.0
3318,0.06451000000000001
3319,0.23729
3320,0.39404
3321,0.49954000000000004
3322,0.5969
3323,0.62874
3324,0.63725
3325,0.57341
3326,0.46244
3327,0.29567
3328,0.14296999999999999
3329,0.01218
3330,0.0
3331,0.0
3332,0.0
3333,0.0
3334,0.0
3335,0.0
3336,0.0
3337,0.0
3338,0.0
3339,0.0
3340,0.0
3341,0.0
3342,0.06168
3343,0.22047999999999998
3344,0.39625
3345,0.5520499999999999
3346,0.61946
3347,0.65946
3348,0.63887
3349,0.56514
3350,0.47931
3351,0.31864
3352,0.13171000000000002
3353,0.02101
3354,0.0
3355,0.0
3356,0.0
3357,0.0
3358,0.0
3359,0.0
3360,0.0
3361,0.0
3362,0.0
3363,0.0
3364,0.0
3365,0.0
3366,0.06653
3367,0.23649
3368,0.41611000000000004
3369,0.5462899999999999
3370,0.6176699999999999
3371,0.64473
3372,0.60527
3373,0.55883
3374,0.45091000000000003
3375,0.30548000000000003
3376,0.13378
3377,0.024390000000000002
3378,0.0
3379,0.0
3380,0.0
3381,0.0
3382,0.0
3383,0.0
3384,0.0
3385,0.0
3386,0.0
3387,0.0
3388,0.0
3389,0.0
3390,0.05613
3391,0.20925
3392,0.38105
3393,0.45572
3394,0.50825
3395,0.62517
3396,0.46857
3397,0.42386
3398,0.25866
3399,0.20237
3400,0.12767
3401,0.02496
3402,0.0
3403,0.0
3404,0.0
3405,0.0
3406,0.0
3407,0.0
3408,0.0
3409,0.0
3410,0.0
3411,0.0
3412,0.0
3413,0.0
3414,0.023100000000000002
3415,0.0867
3416,0.291
3417,0.33071
3418,0.54765
3419,0.5750599999999999
3420,0.50526
3421,0.52758
3422,0.44889999999999997
3423,0.31065
3424,0.14540999999999998
3425,0.031239999999999997
3426,0.0
3427,0.0
3428,0.0
3429,0.0
3430,0.0
3431,0.0
3432,0.0
3433,0.0
3434,0.0
3435,0.0
3436,0.0
3437,0.0
3438,0.040850000000000004
3439,0.15988999999999998
3440,0.27222
3441,0.3333
3442,0.51811
3443,0.57711
3444,0.61584
3445,0.47451
3446,0.41775
3447,0.26559
3448,0.13224
3449,0.02152
3450,0.0
3451,0.0
3452,0.0
3453,0.0
3454,0.0
3455,0.0
3456,0.0
3457,0.0
3458,0.0
3459,0.0
3460,0.0
3461,0.0
3462,0.047979999999999995
3463,0.19565000000000002
3464,0.26126
3465,0.40026
3466,0.42088
3467,0.3173
3468,0.34357
3469,0.38694
3470,0.21415
3471,0.22041
3472,0.08487
3473,0.01068
3474,0.0
3475,0.0
3476,0.0
3477,0.0
3478,0.0
3479,0.0
3480,0.0
3481,0.0
3482,0.0
3483,0.0
3484,0.0
3485,0.0
3486,0.04899
3487,0.1152
3488,0.22577
3489,0.21813
3490,0.17143
3491,0.38702
3492,0.43743
3493,0.5599400000000001
3494,0.47856
3495,0.32747000000000004
3496,0.14679
3497,0.01328
3498,0.0
3499,0.0
3500,0.0
3501,0.0
3502,0.0
3503,0.0
3504,0.0
3505,0.0
3506,0.0
3507,0.0
3508,0.0
3509,0.0
3510,0.061329999999999996
3511,0.21803
3512,0.37321
3513,0.51506
3514,0.6089
3515,0.60634
3516,0.60995
3517,0.5744
3518,0.42013
3519,0.30713
3520,0.13591999999999999
3521,0.01787
3522,0.0
3523,0.0
3524,0.0
3525,0.0
3526,0.0
3527,0.0
3528,0.0
3529,0.0
3530,0.0
3531,0.0
3532,0.0
3533,0.0
3534,0.042409999999999996
3535,0.13
3536,0.34004
3537,0.30826
3538,0.12994999999999998
3539,0.49698000000000003
3540,0.29249
3541,0.43929
3542,0.26862
3543,0.14352
3544,0.07039
3545,0.02082
3546,0.0
3547,0.0
3548,0.0
3549,0.0
3550,0.0
3551,0.0
3552,0.0
3553,0.0
3554,0.0
3555,0.0
3556,0.0
3557,0.0
3558,0.04093
3559,0.18244
3560,0.35092
3561,0.3932
3562,0.44694
3563,0.5434500000000001
3564,0.4727
3565,0.45129
3566,0.34587
3567,0.19103
3568,0.07965000000000001
3569,0.024730000000000002
3570,0.0
3571,0.0
3572,0.0
3573,0.0
3574,0.0
3575,0.0
3576,0.0
3577,0.0
3578,0.0
3579,0.0
3580,0.0
3581,0.0
3582,0.046439999999999995
3583,0.15956
3584,0.26591000000000004
3585,0.36832
3586,0.46057
3587,0.5777899999999999
3588,0.49761
3589,0.5498200000000001
3590,0.38449
3591,0.30831000000000003
3592,0.11899
3593,0.02441
3594,0.0
3595,0.0
3596,0.0
3597,0.0
3598,0.0
3599,0.0
3600,0.0
3601,0.0
3602,0.0
3603,0.0
3604,0.0
3605,0.0
3606,0.05331
3607,0.20990999999999999
3608,0.36916000000000004
3609,0.47689
3610,0.6013
3611,0.5768
3612,0.60315
3613,0.55453
3614,0.4171
3615,0.29386
3616,0.14364
3617,0.02961
3618,0.0
3619,0.0
3620,0.0
3621,0.0
3622,0.0
3623,0.0
3624,0.0
3625,0.0
3626,0.0
3627,0.0
3628,0.0
3629,0.0
3630,0.04378
3631,0.13811
3632,0.21075
3633,0.31273
3634,0.43585
3635,0.42868
3636,0.44695999999999997
3637,0.30274
3638,0.27582
3639,0.18328999999999998
3640,0.10875
3641,0.02544
3642,0.0
3643,0.0
3644,0.0
3645,0.0
3646,0.0
3647,0.0
3648,0.0
3649,0.0
3650,0.0
3651,0.0
3652,0.0
3653,0.0
3654,0.04567
3655,0.16234
3656,0.26612
3657,0.32705
3658,0.31554000000000004
3659,0.36061
3660,0.31382
3661,0.41175
3662,0.22603
3663,0.095
3664,0.07148
3665,0.027350000000000003
3666,0.0
3667,0.0
3668,0.0
3669,0.0
3670,0.0
3671,0.0
3672,0.0
3673,0.0
3674,0.0
3675,0.0
3676,0.0
3677,0.0
3678,0.04492
3679,0.16544999999999999
3680,0.29975
3681,0.43169
3682,0.50222
3683,0.46976999999999997
3684,0.51754
3685,0.44441
3686,0.29657
3687,0.24002
3688,0.13019999999999998
3689,0.03655
3690,0.0
3691,0.0
3692,0.0
3693,0.0
3694,0.0
3695,0.0
3696,0.0
3697,0.0
3698,0.0
3699,0.0
3700,0.0
3701,0.0
3702,0.06056
3703,0.21838
3704,0.35505000000000003
3705,0.45329
3706,0.5504
3707,0.56414
3708,0.5383600000000001
3709,0.40370999999999996
3710,0.37939999999999996
3711,0.243
3712,0.09090999999999999
3713,0.01811
3714,0.0
3715,0.0
3716,0.0
3717,0.0
3718,0.0
3719,0.0
3720,0.0
3721,0.0
3722,0.0
3723,0.0
3724,0.0
3725,0.0
3726,0.05727
3727,0.23091
3728,0.39521
3729,0.50037
3730,0.57052
3731,0.5967899999999999
3732,0.5705
3733,0.50255
3734,0.36911
3735,0.21381
3736,0.13975
3737,0.025070000000000002
3738,0.0
3739,0.0
3740,0.0
3741,0.0
3742,0.0
3743,0.0
3744,0.0
3745,0.0
3746,0.0
3747,0.0
3748,0.0
3749,0.0
3750,0.0523
3751,0.15043
3752,0.32776
3753,0.4174
3754,0.43647
3755,0.38889999999999997
3756,0.35044
3757,0.33888
3758,0.34299
3759,0.24269
3760,0.12217
3761,0.0281
3762,0.0
3763,0.0
3764,0.0
3765,0.0
3766,0.0
3767,0.0
3768,0.0
3769,0.0
3770,0.0
3771,0.0
3772,0.0
3773,0.0
3774,0.01794
3775,0.07407
3776,0.14968
3777,0.18639
3778,0.27276
3779,0.27129000000000003
3780,0.22354
3781,0.23178
3782,0.16612000000000002
3783,0.08845
3784,0.08595
3785,0.01199
3786,0.0
3787,0.0
3788,0.0
3789,0.0
3790,0.0
3791,0.0
3792,0.0
3793,0.0
3794,0.0
3795,0.0
3796,0.0
3797,0.0
3798,0.02444
3799,0.09854
3800,0.17617
3801,0.29058999999999996
3802,0.29921
3803,0.44683
3804,0.41852999999999996
3805,0.3762
3806,0.24645
3807,0.11301
3808,0.09211
3809,0.02493
3810,0.0
3811,0.0
3812,0.0
3813,0.0
3814,0.0
3815,0.0
3816,0.0
3817,0.0
3818,0.0
3819,0.0
3820,0.0
3821,0.0
3822,0.048299999999999996
3823,0.16913999999999998
3824,0.31676
3825,0.39126
3826,0.43289
3827,0.45614
3828,0.48881
3829,0.31792000000000004
3830,0.17832
3831,0.09037
3832,0.04961
3833,0.01651
3834,0.0
3835,0.0
3836,0.0
3837,0.0
3838,0.0
3839,0.0
3840,0.0
3841,0.0
3842,0.0
3843,0.0
3844,0.0
3845,0.0
3846,0.04889
3847,0.19311
3848,0.33948
3849,0.47681999999999997
3850,0.59339
3851,0.58408
3852,0.54562
3853,0.52224
3854,0.34851
3855,0.22959000000000002
3856,0.11420999999999999
3857,0.02357
3858,0.0
3859,0.0
3860,0.0
3861,0.0
3862,0.0
3863,0.0
3864,0.0
3865,0.0
3866,0.0
3867,0.0
3868,0.0
3869,0.0
3870,0.05343
3871,0.22109
3872,0.39975
3873,0.52778
3874,0.6021799999999999
3875,0.61476
3876,0.57162
3877,0.53391
3878,0.41484
3879,0.25058
3880,0.14068
3881,0.02271
3882,0.0
3883,0.0
3884,0.0
3885,0.0
3886,0.0
3887,0.0
3888,0.0
3889,0.0
3890,0.0
3891,0.0
3892,0.0
3893,0.0
3894,0.04375
3895,0.20127
3896,0.34781
3897,0.45968000000000003
3898,0.57498
3899,0.60526
3900,0.5506599999999999
3901,0.45744
3902,0.29979
3903,0.10836
3904,0.060649999999999996
3905,0.03191
3906,0.0
3907,0.0
3908,0.0
3909,0.0
3910,0.0
3911,0.0
3912,0.0
3913,0.0
3914,0.0
3915,0.0
3916,0.0
3917,0.0
3918,0.0453
3919,0.18886
3920,0.29641
3921,0.36383
3922,0.46951
3923,0.52361
3924,0.53335
3925,0.40597000000000005
3926,0.20466
3927,0.23879
3928,0.13819
3929,0.0224
3930,0.0
3931,0.0
3932,0.0
3933,0.0
3934,0.0
3935,0.0
3936,0.0
3937,0.0
3938,0.0
3939,0.0
3940,0.0
3941,0.0
3942,0.02927
3943,0.14991
3944,0.34345
3945,0.40375
3946,0.52734
3947,0.5532699999999999
3948,0.5391900000000001
3949,0.5175299999999999
3950,0.36884
3951,0.19056
3952,0.10208
3953,0.0237
3954,0.0
3955,0.0
3956,0.0
3957,0.0
3958,0.0
3959,0.0
3960,0.0
3961,0.0
3962,0.0
3963,0.0
3964,0.0
3965,0.0
3966,0.05114
3967,0.1986
3968,0.36096
3969,0.48163
3970,0.53352
3971,0.58312
3972,0.5564199999999999
3973,0.49789
3974,0.41139
3975,0.24258000000000002
3976,0.08626
3977,0.03139
3978,0.0
3979,0.0
3980,0.0
3981,0.0
3982,0.0
3983,0.0
3984,0.0
3985,0.0
3986,0.0
3987,0.0
3988,0.0
3989,0.0
3990,0.05221
3991,0.21878999999999998
3992,0.38195999999999997
3993,0.48999000000000004
3994,0.54114
3995,0.596
3996,0.6011299999999999
3997,0.40643
3998,0.41506
3999,0.26298
4000,0.1333
4001,0.025070000000000002
4002,0.0
4003,0.0
4004,0.0
4005,0.0
4006,0.0
4007,0.0
4008,0.0
4009,0.0
4010,0.0
4011,0.0
4012,0.0
4013,0.0
4014,0.03984
4015,0.21343
4016,0.28458
4017,0.39832
4018,0.50966
4019,0.52059
4020,0.39937
4021,0.50604
4022,0.40737
4023,0.29954000000000003
4024,0.14768
4025,0.03628
4026,0.0
4027,0.0
4028,0.0
4029,0.0
4030,0.0
4031,0.0
4032,0.0
4033,0.0
4034,0.0
4035,0.0
4036,0.0
4037,0.0
4038,0.023530000000000002
4039,0.13169
4040,0.28698
4041,0.38259
4042,0.48699000000000003
4043,0.42169
4044,0.44236000000000003
4045,0.26765
4046,0.30212
4047,0.23815999999999998
4048,0.11866
4049,0.0352
4050,0.0
4051,0.0
4052,0.0
4053,0.0
4054,0.0
4055,0.0
4056,0.0
4057,0.0
4058,0.0
4059,0.0
4060,0.0
4061,0.0
4062,0.04266
4063,0.19008
4064,0.35458999999999996
4065,0.46511
4066,0.58988
4067,0.63981
4068,0.61072
4069,0.57533
4070,0.39132
4071,0.21592
4072,0.12679
4073,0.02048
4074,0.0
4075,0.0
4076,0.0
4077,0.0
4078,0.0
4079,0.0
4080,0.0
4081,0.0
4082,0.0
4083,0.0
4084,0.0
4085,0.0
4086,0.05398
4087,0.2021
4088,0.37107
4089,0.47363
4090,0.5761499999999999
4091,0.56201
4092,0.56109
4093,0.5492
4094,0.40798
4095,0.29146
4096,0.12123
4097,0.03997
4098,0.0
4099,0.0
4100,0.0
4101,0.0
4102,0.0
4103,0.0
4104,0.0
4105,0.0
4106,0.0
4107,0.0
4108,0.0
4109,0.0
4110,0.0347
4111,0.09759000000000001
4112,0.22103
4113,0.30883
4114,0.33573000000000003
4115,0.40205
4116,0.49257
4117,0.40361
4118,0.36807
4119,0.23557
4120,0.09948
4121,0.02063
4122,0.0
4123,0.0
4124,0.0
4125,0.0
4126,0.0
4127,0.0
4128,0.0
4129,0.0
4130,0.0
4131,0.0
4132,0.0
4133,0.0
4134,0.04068
4135,0.14382
4136,0.33114
4137,0.43299
4138,0.45677999999999996
4139,0.49591
4140,0.48907999999999996
4141,0.46087
4142,0.29768
4143,0.22531
4144,0.1067
4145,0.02907
4146,0.0
4147,0.0
4148,0.0
4149,0.0
4150,0.0
4151,0.0
4152,0.0
4153,0.0
4154,0.0
4155,0.0
4156,0.0
4157,0.0
4158,0.03669
4159,0.19055000000000002
4160,0.33529000000000003
4161,0.48728
4162,0.57309
4163,0.5469700000000001
4164,0.5925499999999999
4165,0.54677
4166,0.33627999999999997
4167,0.24562
4168,0.13831
4169,0.03721
4170,0.0
4171,0.0
4172,0.0
4173,0.0
4174,0.0
4175,0.0
4176,0.0
4177,0.0
4178,0.0
4179,0.0
4180,0.0
4181,0.0
4182,0.045520000000000005
4183,0.15144
4184,0.29058999999999996
4185,0.31672
4186,0.40211
4187,0.49334
4188,0.48108999999999996
4189,0.28604
4190,0.21096
4191,0.13937
4192,0.04473
4193,0.01772
4194,0.0
4195,0.0
4196,0.0
4197,0.0
4198,0.0
4199,0.0
4200,0.0
4201,0.0
4202,0.0
4203,0.0
4204,0.0
4205,0.0
4206,0.05113
4207,0.19921
4208,0.37739
4209,0.48969999999999997
4210,0.5892200000000001
4211,0.58826
4212,0.6107
4213,0.56311
4214,0.44177999999999995
4215,0.25471
4216,0.10539
4217,0.030260000000000002
4218,0.0
4219,0.0
4220,0.0
4221,0.0
4222,0.0
4223,0.0
4224,0.0
4225,0.0
4226,0.0
4227,0.0
4228,0.0
4229,0.0
4230,0.0409
4231,0.14962
4232,0.19203
4233,0.39619
4234,0.51161
4235,0.4766
4236,0.51836
4237,0.53511
4238,0.43662
4239,0.30395
4240,0.12437000000000001
4241,0.03692
4242,0.0
4243,0.0
4244,0.0
4245,0.0
4246,0.0
4247,0.0
4248,0.0
4249,0.0
4250,0.0
4251,0.0
4252,0.0
4253,0.0
4254,0.026879999999999998
4255,0.09323999999999999
4256,0.21691
4257,0.39761
4258,0.41139
4259,0.51184
4260,0.47898
4261,0.44287
4262,0.3557
4263,0.22391999999999998
4264,0.12994
4265,0.039509999999999997
4266,0.0
4267,0.0
4268,0.0
4269,0.0
4270,0.0
4271,0.0
4272,0.0
4273,0.0
4274,0.0
4275,0.0
4276,0.0
4277,0.0
4278,0.05028
4279,0.22184
4280,0.38876
4281,0.48307
4282,0.53207
4283,0.57085
4284,0.57325
4285,0.4721
4286,0.34878
4287,0.20875
4288,0.13691
4289,0.03841
4290,0.0
4291,0.0
4292,0.0
4293,0.0
4294,0.0
4295,0.0
4296,0.0
4297,0.0
4298,0.0
4299,0.0
4300,0.0
4301,0.0
4302,0.04704
4303,0.21738
4304,0.37404000000000004
4305,0.5130800000000001
4306,0.59792
4307,0.6546900000000001
4308,0.60309
4309,0.5922999999999999
4310,0.43129
4311,0.33579000000000003
4312,0.1453
4313,0.01846
4314,0.0
4315,0.0
4316,0.0
4317,0.0
4318,0.0
4319,0.0
4320,0.0
4321,0.0
4322,0.0
4323,0.0
4324,0.0
4325,0.0
4326,0.030969999999999998
4327,0.18822999999999998
4328,0.34434
4329,0.48331
4330,0.58753
4331,0.6086699999999999
4332,0.61134
4333,0.48264999999999997
4334,0.34673000000000004
4335,0.26006
4336,0.14855000000000002
4337,0.02447
4338,0.0
4339,0.0
4340,0.0
4341,0.0
4342,0.0
4343,0.0
4344,0.0
4345,0.0
4346,0.0
4347,0.0
4348,0.0
4349,0.0
4350,0.03932
4351,0.20504
4352,0.32608
4353,0.48992
4354,0.57153
4355,0.5722999999999999
4356,0.5889500000000001
4357,0.50504
4358,0.37462
4359,0.24224
4360,0.10983
4361,0.02354
4362,0.0
4363,0.0
4364,0.0
4365,0.0
4366,0.0
4367,0.0
4368,0.0
4369,0.0
4370,0.0
4371,0.0
4372,0.0
4373,0.0
4374,0.046549999999999994
4375,0.15996000000000002
4376,0.28168
4377,0.42652999999999996
4378,0.5096700000000001
4379,0.56571
4380,0.51849
4381,0.44876
4382,0.28286
4383,0.12052
4384,0.07332999999999999
4385,0.04102
4386,0.0
4387,0.0
4388,0.0
4389,0.0
4390,0.0
4391,0.0
4392,0.0
4393,0.0
4394,0.0
4395,0.0
4396,0.0
4397,0.0
4398,0.04199
4399,0.14555
4400,0.31733
4401,0.42525
4402,0.54155
4403,0.58486
4404,0.55932
4405,0.41425
4406,0.2572
4407,0.15587
4408,0.09687
4409,0.027129999999999998
4410,0.0
4411,0.0
4412,0.0
4413,0.0
4414,0.0
4415,0.0
4416,0.0
4417,0.0
4418,0.0
4419,0.0
4420,0.0
4421,0.0
4422,0.02984
4423,0.13668
4424,0.26794
4425,0.43961
4426,0.5201399999999999
4427,0.5754
4428,0.51402
4429,0.45277999999999996
4430,0.36245
4431,0.22047
4432,0.10001
4433,0.03271
4434,0.0
4435,0.0
4436,0.0
4437,0.0
4438,0.0
4439,0.0
4440,0.0
4441,0.0
4442,0.0
4443,0.0
4444,0.0
4445,0.0
4446,0.04139
4447,0.18001
4448,0.34681
4449,0.45727999999999996
4450,0.49174
4451,0.6134400000000001
4452,0.6067100000000001
4453,0.5142
4454,0.42469999999999997
4455,0.30567
4456,0.1505
4457,0.0258
4458,0.0
4459,0.0
4460,0.0
4461,0.0
4462,0.0
4463,0.0
4464,0.0
4465,0.0
4466,0.0
4467,0.0
4468,0.0
4469,0.0
4470,0.040729999999999995
4471,0.21005000000000001
4472,0.38616
4473,0.48935
4474,0.57699
4475,0.56321
4476,0.6264299999999999
4477,0.5714400000000001
4478,0.3578
4479,0.27613
4480,0.13348
4481,0.027100000000000003
4482,0.0
4483,0.0
4484,0.0
4485,0.0
4486,0.0
4487,0.0
4488,0.0
4489,0.0
4490,0.0
4491,0.0
4492,0.0
4493,0.0
4494,0.03792
4495,0.19901
4496,0.38162999999999997
4497,0.52316
4498,0.5764199999999999
4499,0.61188
4500,0.55821
4501,0.56244
4502,0.44877999999999996
4503,0.31183999999999995
4504,0.16172
4505,0.02682
4506,0.0
4507,0.0
4508,0.0
4509,0.0
4510,0.0
4511,0.0
4512,0.0
4513,0.0
4514,0.0
4515,0.0
4516,0.0
4517,0.0
4518,0.03464
4519,0.17244
4520,0.34074
4521,0.39686
4522,0.44616
4523,0.55214
4524,0.51846
4525,0.5365700000000001
4526,0.40519
4527,0.31345
4528,0.13824
4529,0.0391
4530,0.0
4531,0.0
4532,0.0
4533,0.0
4534,0.0
4535,0.0
4536,0.0
4537,0.0
4538,0.0
4539,0.0
4540,0.0
4541,0.0
4542,0.048240000000000005
4543,0.18902000000000002
4544,0.37483
4545,0.50944
4546,0.64239
4547,0.6465299999999999
4548,0.63593
4549,0.57973
4550,0.47188
4551,0.29608999999999996
4552,0.14331
4553,0.040310000000000006
4554,0.0
4555,0.0
4556,0.0
4557,0.0
4558,0.0
4559,0.0
4560,0.0
4561,0.0
4562,0.0
4563,0.0
4564,0.0
4565,0.0
4566,0.02915
4567,0.11358
4568,0.06258
4569,0.13240000000000002
4570,0.13809
4571,0.26066
4572,0.31792000000000004
4573,0.34012
4574,0.34461
4575,0.21480000000000002
4576,0.08532
4577,0.02844
4578,0.0
4579,0.0
4580,0.0
4581,0.0
4582,0.0
4583,0.0
4584,0.0
4585,0.0
4586,0.0
4587,0.0
4588,0.0
4589,0.0
4590,0.03331
4591,0.13561
4592,0.21936000000000003
4593,0.28048
4594,0.38821
4595,0.42639
4596,0.44815
4597,0.39976999999999996
4598,0.3743
4599,0.24947999999999998
4600,0.13516
4601,0.04218
4602,0.0
4603,0.0
4604,0.0
4605,0.0
4606,0.0
4607,0.0
4608,0.0
4609,0.0
4610,0.0
4611,0.0
4612,0.0
4613,0.0
4614,0.045590000000000006
4615,0.21443
4616,0.37949
4617,0.49029
4618,0.60087
4619,0.6446799999999999
4620,0.6001799999999999
4621,0.60111
4622,0.46461
4623,0.31626
4624,0.16762
4625,0.033100000000000004
4626,0.0
4627,0.0
4628,0.0
4629,0.0
4630,0.0
4631,0.0
4632,0.0
4633,0.0
4634,0.0
4635,0.0
4636,0.0
4637,0.0
4638,0.04259
4639,0.20113
4640,0.36444
4641,0.46608999999999995
4642,0.56449
4643,0.6205700000000001
4644,0.62361
4645,0.50585
4646,0.39097000000000004
4647,0.28356
4648,0.16709000000000002
4649,0.03263
4650,0.0
4651,0.0
4652,0.0
4653,0.0
4654,0.0
4655,0.0
4656,0.0
4657,0.0
4658,0.0
4659,0.0
4660,0.0
4661,0.0
4662,0.02379
4663,0.11420999999999999
4664,0.18727000000000002
4665,0.30161
4666,0.32447000000000004
4667,0.36122000000000004
4668,0.4805
4669,0.57978
4670,0.48932
4671,0.32566
4672,0.15414
4673,0.02671
4674,0.0
4675,0.0
4676,0.0
4677,0.0
4678,0.0
4679,0.0
4680,0.0
4681,0.0
4682,0.0
4683,0.0
4684,0.0
4685,0.0
4686,0.04476
4687,0.21077
4688,0.38527
4689,0.49583999999999995
4690,0.59139
4691,0.59478
4692,0.54122
4693,0.40758
4694,0.34779000000000004
4695,0.26675
4696,0.14512
4697,0.045340000000000005
4698,0.0
4699,0.0
4700,0.0
4701,0.0
4702,0.0
4703,0.0
4704,0.0
4705,0.0
4706,0.0
4707,0.0
4708,0.0
4709,0.0
4710,0.03347
4711,0.12841999999999998
4712,0.32347000000000004
4713,0.41620999999999997
4714,0.5281399999999999
4715,0.5877899999999999
4716,0.46419
4717,0.47464999999999996
4718,0.37504000000000004
4719,0.20309
4720,0.12543
4721,0.04094
4722,0.0
4723,0.0
4724,0.0
4725,0.0
4726,0.0
4727,0.0
4728,0.0
4729,0.0
4730,0.0
4731,0.0
4732,0.0
4733,0.0
4734,0.03704
4735,0.16432
4736,0.28376
4737,0.45915
4738,0.49373
4739,0.5182599999999999
4740,0.6020399999999999
4741,0.48428
4742,0.39399
4743,0.24197
4744,0.12636
4745,0.03279
4746,0.0
4747,0.0
4748,0.0
4749,0.0
4750,0.0
4751,0.0
4752,0.0
4753,0.0
4754,0.0
4755,0.0
4756,0.0
4757,0.0
4758,0.03741
4759,0.20355
4760,0.34755
4761,0.42414999999999997
4762,0.57328
4763,0.64363
4764,0.60997
4765,0.52963
4766,0.40732999999999997
4767,0.34385000000000004
4768,0.16316999999999998
4769,0.03131
4770,0.0
4771,0.0
4772,0.0
4773,0.0
4774,0.0
4775,0.0
4776,0.0
4777,0.0
4778,0.0
4779,0.0
4780,0.0
4781,0.0
4782,0.04275
4783,0.21066
4784,0.37933
4785,0.51879
4786,0.5989099999999999
4787,0.62909
4788,0.61573
4789,0.57792
4790,0.49466000000000004
4791,0.32524000000000003
4792,0.16351
4793,0.023370000000000002
4794,0.0
4795,0.0
4796,0.0
4797,0.0
4798,0.0
4799,0.0
4800,0.0
4801,0.0
4802,0.0
4803,0.0
4804,0.0
4805,0.0
4806,0.04071
4807,0.18091
4808,0.35966000000000004
4809,0.50751
4810,0.58654
4811,0.61833
4812,0.60652
4813,0.6083
4814,0.48018
4815,0.34312
4816,0.16228
4817,0.04047
4818,0.0
4819,0.0
4820,0.0
4821,0.0
4822,0.0
4823,0.0
4824,0.0
4825,0.0
4826,0.0
4827,0.0
4828,0.0
4829,0.0
4830,0.039490000000000004
4831,0.22309
4832,0.40619
4833,0.5199400000000001
4834,0.6469
4835,0.67947
4836,0.69736
4837,0.56897
4838,0.46684
4839,0.29882
4840,0.16007
4841,0.0245
4842,0.0
4843,0.0
4844,0.0
4845,0.0
4846,0.0
4847,0.0
4848,0.0
4849,0.0
4850,0.0
4851,0.0
4852,0.0
4853,0.0
4854,0.04394
4855,0.21822999999999998
4856,0.40026
4857,0.49551999999999996
4858,0.60557
4859,0.60191
4860,0.61351
4861,0.5553400000000001
4862,0.35558999999999996
4863,0.36484
4864,0.16591999999999998
4865,0.033
4866,0.0
4867,0.0
4868,0.0
4869,0.0
4870,0.0
4871,0.0
4872,0.0
4873,0.0
4874,0.0
4875,0.0
4876,0.0
4877,0.0
4878,0.04015
4879,0.19022
4880,0.32498
4881,0.48558
4882,0.51086
4883,0.53408
4884,0.5940599999999999
4885,0.54075
4886,0.44408
4887,0.33843
4888,0.14683000000000002
4889,0.02698
4890,0.0
4891,0.0
4892,0.0
4893,0.0
4894,0.0
4895,0.0
4896,0.0
4897,0.0
4898,0.0
4899,0.0
4900,0.0
4901,0.0
4902,0.031100000000000003
4903,0.14425
4904,0.31735
4905,0.45118
4906,0.52677
4907,0.48498
4908,0.49761
4909,0.44794
4910,0.38389
4911,0.23393
4912,0.12841
4913,0.02985
4914,0.0
4915,0.0
4916,0.0
4917,0.0
4918,0.0
4919,0.0
4920,0.0
4921,0.0
4922,0.0
4923,0.0
4924,0.0
4925,0.0
4926,0.01718
4927,0.11636
4928,0.18931
4929,0.26868000000000003
4930,0.20755
4931,0.2612
4932,0.26480000000000004
4933,0.28902999999999995
4934,0.23704
4935,0.16037
4936,0.08769
4937,0.031420000000000003
4938,0.0
4939,0.0
4940,0.0
4941,0.0
4942,0.0
4943,0.0
4944,0.0
4945,0.0
4946,0.0
4947,0.0
4948,0.0
4949,0.0
4950,0.032189999999999996
4951,0.12428
4952,0.25456
4953,0.39077
4954,0.51593
4955,0.5579
4956,0.53535
4957,0.48421
4958,0.35783
4959,0.2403
4960,0.11946
4961,0.04471
4962,0.0
4963,0.0
4964,0.0
4965,0.0
4966,0.0
4967,0.0
4968,0.0
4969,0.0
4970,0.0
4971,0.0
4972,0.0
4973,0.0
4974,0.032600000000000004
4975,0.12004000000000001
4976,0.29539
4977,0.42269999999999996
4978,0.5227
4979,0.42037
4980,0.35017000000000004
4981,0.34152
4982,0.28476
4983,0.16645
4984,0.10873000000000001
4985,0.02767
4986,0.0
4987,0.0
4988,0.0
4989,0.0
4990,0.0
4991,0.0
4992,0.0
4993,0.0
4994,0.0
4995,0.0
4996,0.0
4997,0.0
4998,0.039200000000000006
4999,0.19584000000000001
5000,0.38045
5001,0.5137999999999999
5002,0.61215
5003,0.64487
5004,0.65075
5005,0.50718
5006,0.5150399999999999
5007,0.34104
5008,0.17198
5009,0.027039999999999998
5010,0.0
5011,0.0
5012,0.0
5013,0.0
5014,0.0
5015,0.0
5016,0.0
5017,0.0
5018,0.0
5019,0.0
5020,0.0
5021,0.0
5022,0.04314
5023,0.21488
5024,0.38209
5025,0.53198
5026,0.62715
5027,0.66849
5028,0.6617000000000001
5029,0.60489
5030,0.45182
5031,0.30262
5032,0.13449
5033,0.03721
5034,0.0
5035,0.0
5036,0.0
5037,0.0
5038,0.0
5039,0.0
5040,0.0
5041,0.0
5042,0.0
5043,0.0
5044,0.0
5045,0.0
5046,0.03846
5047,0.16756000000000001
5048,0.23435
5049,0.43824
5050,0.5546599999999999
5051,0.54648
5052,0.59101
5053,0.45198
5054,0.37832
5055,0.2383
5056,0.10790000000000001
5057,0.03847
5058,0.0
5059,0.0
5060,0.0
5061,0.0
5062,0.0
5063,0.0
5064,0.0
5065,0.0
5066,0.0
5067,0.0
5068,0.0
5069,0.0
5070,0.02919
5071,0.15765
5072,0.38094
5073,0.52277
5074,0.62733
5075,0.64863
5076,0.5648500000000001
5077,0.60514
5078,0.46132999999999996
5079,0.27856000000000003
5080,0.16393000000000002
5081,0.027690000000000003
5082,0.0
5083,0.0
5084,0.0
5085,0.0
5086,0.0
5087,0.0
5088,0.0
5089,0.0
5090,0.0
5091,0.0
5092,0.0
5093,0.0
5094,0.04185
5095,0.20847
5096,0.35635
5097,0.52377
5098,0.61505
5099,0.6426799999999999
5100,0.60193
5101,0.5776
5102,0.50519
5103,0.3425
5104,0.16025999999999999
5105,0.03721
5106,0.0
5107,0.0
5108,0.0
5109,0.0
5110,0.0
5111,0.0
5112,0.0
5113,0.0
5114,0.0
5115,0.0
5116,0.0
5117,0.0
5118,0.03995
5119,0.16135
5120,0.26233999999999996
5121,0.27805
5122,0.34897
5123,0.4775
5124,0.49757999999999997
5125,0.40479000000000004
5126,0.31672
5127,0.18769999999999998
5128,0.07366
5129,0.03135
5130,0.0
5131,0.0
5132,0.0
5133,0.0
5134,0.0
5135,0.0
5136,0.0
5137,0.0
5138,0.0
5139,0.0
5140,0.0
5141,0.0
5142,0.02526
5143,0.12971000000000002
5144,0.32666
5145,0.49541
5146,0.5029100000000001
5147,0.44039999999999996
5148,0.4122
5149,0.46776
5150,0.36299000000000003
5151,0.29392
5152,0.13878000000000001
5153,0.03463
5154,0.0
5155,0.0
5156,0.0
5157,0.0
5158,0.0
5159,0.0
5160,0.0
5161,0.0
5162,0.0
5163,0.0
5164,0.0
5165,0.0
5166,0.01787
5167,0.10834999999999999
5168,0.17214
5169,0.35001
5170,0.24373
5171,0.45194
5172,0.5402
5173,0.42658999999999997
5174,0.46707
5175,0.27306
5176,0.1351
5177,0.03882
5178,0.0
5179,0.0
5180,0.0
5181,0.0
5182,0.0
5183,0.0
5184,0.0
5185,0.0
5186,0.0
5187,0.0
5188,0.0
5189,0.0
5190,0.02843
5191,0.19787000000000002
5192,0.36633
5193,0.53688
5194,0.65538
5195,0.69608
5196,0.6840900000000001
5197,0.55559
5198,0.47987
5199,0.32485
5200,0.16488
5201,0.0263
5202,0.0
5203,0.0
5204,0.0
5205,0.0
5206,0.0
5207,0.0
5208,0.0
5209,0.0
5210,0.0
5211,0.0
5212,0.0
5213,0.0
5214,0.046049999999999994
5215,0.20568
5216,0.38217
5217,0.51655
5218,0.5853700000000001
5219,0.65225
5220,0.63062
5221,0.54286
5222,0.41170999999999996
5223,0.30865
5224,0.14408
5225,0.038520000000000006
5226,0.0
5227,0.0
5228,0.0
5229,0.0
5230,0.0
5231,0.0
5232,0.0
5233,0.0
5234,0.0
5235,0.0
5236,0.0
5237,0.0
5238,0.035840000000000004
5239,0.17462
5240,0.31745
5241,0.43463
5242,0.5017
5243,0.56869
5244,0.5307200000000001
5245,0.54804
5246,0.29011000000000003
5247,0.20944
5248,0.11366
5249,0.03669
5250,0.0
5251,0.0
5252,0.0
5253,0.0
5254,0.0
5255,0.0
5256,0.0
5257,0.0
5258,0.0
5259,0.0
5260,0.0
5261,0.0
5262,0.02588
5263,0.11564
5264,0.21994
5265,0.3442
5266,0.5480900000000001
5267,0.60087
5268,0.55568
5269,0.48178
5270,0.41162
5271,0.27746
5272,0.12343000000000001
5273,0.03995
5274,0.0
5275,0.0
5276,0.0
5277,0.0
5278,0.0
5279,0.0
5280,0.0
5281,0.0
5282,0.0
5283,0.0
5284,0.0
5285,0.0
5286,0.04675
5287,0.21024
5288,0.41358
5289,0.5462
5290,0.57963
5291,0.58697
5292,0.63634
5293,0.5727300000000001
5294,0.48949000000000004
5295,0.35564999999999997
5296,0.14262
5297,0.02519
5298,0.0
5299,0.0
5300,0.0
5301,0.0
5302,0.0
5303,0.0
5304,0.0
5305,0.0
5306,0.0
5307,0.0
5308,0.0
5309,0.0
5310,0.046630000000000005
5311,0.21630000000000002
5312,0.3902
5313,0.51887
5314,0.61772
5315,0.70124
5316,0.66789
5317,0.5662
5318,0.45303
5319,0.28045
5320,0.12541
5321,0.03892
5322,0.0
5323,0.0
5324,0.0
5325,0.0
5326,0.0
5327,0.0
5328,0.0
5329,0.0
5330,0.0
5331,0.0
5332,0.0
5333,0.0
5334,0.039299999999999995
5335,0.16419999999999998
5336,0.36354000000000003
5337,0.47455
5338,0.5693400000000001
5339,0.61924
5340,0.48148
5341,0.42969999999999997
5342,0.32474000000000003
5343,0.23559
5344,0.10878
5345,0.0223
5346,0.0
5347,0.0
5348,0.0
5349,0.0
5350,0.0
5351,0.0
5352,0.0
5353,0.0
5354,0.0
5355,0.0
5356,0.0
5357,0.0
5358,0.04428
5359,0.18378999999999998
5360,0.38485
5361,0.43810000000000004
5362,0.61093
5363,0.61629
5364,0.6179
5365,0.53177
5366,0.36769
5367,0.29647
5368,0.1721
5369,0.0339
5370,0.0
5371,0.0
5372,0.0
5373,0.0
5374,0.0
5375,0.0
5376,0.0
5377,0.0
5378,0.0
5379,0.0
5380,0.0
5381,0.0
5382,0.03498
5383,0.18361000000000002
5384,0.33269
5385,0.36119
5386,0.459
5387,0.54501
5388,0.49838
5389,0.52907
5390,0.34195
5391,0.20934999999999998
5392,0.09391
5393,0.02632
5394,0.0
5395,0.0
5396,0.0
5397,0.0
5398,0.0
5399,0.0
5400,0.0
5401,0.0
5402,0.0
5403,0.0
5404,0.0
5405,0.0
5406,0.013619999999999998
5407,0.0925
5408,0.20156
5409,0.40648
5410,0.50274
5411,0.62421
5412,0.58977
5413,0.50675
5414,0.28589
5415,0.21309999999999998
5416,0.08243
5417,0.02471
5418,0.0
5419,0.0
5420,0.0
5421,0.0
5422,0.0
5423,0.0
5424,0.0
5425,0.0
5426,0.0
5427,0.0
5428,0.0
5429,0.0
5430,0.01936
5431,0.12765
5432,0.22365000000000002
5433,0.24739
5434,0.29731
5435,0.25723
5436,0.4056
5437,0.48058999999999996
5438,0.38147000000000003
5439,0.24749000000000002
5440,0.14472
5441,0.03064
5442,0.0
5443,0.0
5444,0.0
5445,0.0
5446,0.0
5447,0.0
5448,0.0
5449,0.0
5450,0.0
5451,0.0
5452,0.0
5453,0.0
5454,0.04256
5455,0.21040999999999999
5456,0.31071
5457,0.5436799999999999
5458,0.5467799999999999
5459,0.6506900000000001
5460,0.6354500000000001
5461,0.46201
5462,0.36227
5463,0.21677000000000002
5464,0.1092
5465,0.01515
5466,0.0
5467,0.0
5468,0.0
5469,0.0
5470,0.0
5471,0.0
5472,0.0
5473,0.0
5474,0.0
5475,0.0
5476,0.0
5477,0.0
5478,0.03293
5479,0.16166999999999998
5480,0.31309
5481,0.44339999999999996
5482,0.60666
5483,0.52276
5484,0.53998
5485,0.43709
5486,0.37544
5487,0.21311000000000002
5488,0.11062000000000001
5489,0.0195
5490,0.0
5491,0.0
5492,0.0
5493,0.0
5494,0.0
5495,0.0
5496,0.0
5497,0.0
5498,0.0
5499,0.0
5500,0.0
5501,0.0
5502,0.03428
5503,0.12455
5504,0.32639999999999997
5505,0.46368
5506,0.5455099999999999
5507,0.5610499999999999
5508,0.53399
5509,0.50857
5510,0.33074000000000003
5511,0.20937999999999998
5512,0.11026999999999999
5513,0.02575
5514,0.0
5515,0.0
5516,0.0
5517,0.0
5518,0.0
5519,0.0
5520,0.0
5521,0.0
5522,0.0
5523,0.0
5524,0.0
5525,0.0
5526,0.03885
5527,0.14058
5528,0.32824000000000003
5529,0.47499
5530,0.61776
5531,0.6761900000000001
5532,0.49219999999999997
5533,0.39446
5534,0.39019
5535,0.21117
5536,0.11489
5537,0.02321
5538,0.0
5539,0.0
5540,0.0
5541,0.0
5542,0.0
5543,0.0
5544,0.0
5545,0.0
5546,0.0
5547,0.0
5548,0.0
5549,0.0
5550,0.00884
5551,0.048310000000000006
5552,0.13981
5553,0.26248
5554,0.38941000000000003
5555,0.47731999999999997
5556,0.48939
5557,0.56698
5558,0.41694
5559,0.29627
5560,0.11742
5561,0.03048
5562,0.0
5563,0.0
5564,0.0
5565,0.0
5566,0.0
5567,0.0
5568,0.0
5569,0.0
5570,0.0
5571,0.0
5572,0.0
5573,0.0
5574,0.04591
5575,0.23876
5576,0.41807
5577,0.53915
5578,0.63224
5579,0.663
5580,0.6438200000000001
5581,0.5712
5582,0.48005000000000003
5583,0.29262
5584,0.15828
5585,0.027370000000000002
5586,0.0
5587,0.0
5588,0.0
5589,0.0
5590,0.0
5591,0.0
5592,0.0
5593,0.0
5594,0.0
5595,0.0
5596,0.0
5597,0.0
5598,0.03989
5599,0.19274000000000002
5600,0.34232
5601,0.54338
5602,0.6409
5603,0.68124
5604,0.68341
5605,0.61497
5606,0.47281
5607,0.30224
5608,0.13981
5609,0.032560000000000006
5610,0.0
5611,0.0
5612,0.0
5613,0.0
5614,0.0
5615,0.0
5616,0.0
5617,0.0
5618,0.0
5619,0.0
5620,0.0
5621,0.0
5622,0.055159999999999994
5623,0.23671999999999999
5624,0.38333999999999996
5625,0.5606
5626,0.621
5627,0.6748500000000001
5628,0.60784
5629,0.5568500000000001
5630,0.45005
5631,0.31375
5632,0.13016999999999998
5633,0.028829999999999998
5634,0.0
5635,0.0
5636,0.0
5637,0.0
5638,0.0
5639,0.0
5640,0.0
5641,0.0
5642,0.0
5643,0.0
5644,0.0
5645,0.0
5646,0.02252
5647,0.13997
5648,0.23403
5649,0.27677999999999997
5650,0.40487
5651,0.36307
5652,0.23179
5653,0.24053
5654,0.19929
5655,0.06887
5656,0.023969999999999998
5657,0.00677
5658,0.0
5659,0.0
5660,0.0
5661,0.0
5662,0.0
5663,0.0
5664,0.0
5665,0.0
5666,0.0
5667,0.0
5668,0.0
5669,0.0
5670,0.01961
5671,0.06619
5672,0.09864
5673,0.15041
5674,0.25992000000000004
5675,0.29723
5676,0.35707
5677,0.23815
5678,0.21580000000000002
5679,0.18389
5680,0.09275
5681,0.02615
5682,0.0
5683,0.0
5684,0.0
5685,0.0
5686,0.0
5687,0.0
5688,0.0
5689,0.0
5690,0.0
5691,0.0
5692,0.0
5693,0.0
5694,0.049
5695,0.19688999999999998
5696,0.39409
5697,0.5425099999999999
5698,0.6109
5699,0.56987
5700,0.5997100000000001
5701,0.56816
5702,0.36699
5703,0.23122
5704,0.11089
5705,0.030350000000000002
5706,0.0
5707,0.0
5708,0.0
5709,0.0
5710,0.0
5711,0.0
5712,0.0
5713,0.0
5714,0.0
5715,0.0
5716,0.0
5717,0.0
5718,0.04978
5719,0.20896
5720,0.35985
5721,0.48601
5722,0.40688
5723,0.5187999999999999
5724,0.52515
5725,0.5576599999999999
5726,0.44856999999999997
5727,0.27713
5728,0.1527
5729,0.02007
5730,0.0
5731,0.0
5732,0.0
5733,0.0
5734,0.0
5735,0.0
5736,0.0
5737,0.0
5738,0.0
5739,0.0
5740,0.0
5741,0.0
5742,0.05024
5743,0.23341
5744,0.37925
5745,0.54032
5746,0.65684
5747,0.6447999999999999
5748,0.65106
5749,0.61236
5750,0.42277
5751,0.34286
5752,0.14915
5753,0.02823
5754,0.0
5755,0.0
5756,0.0
5757,0.0
5758,0.0
5759,0.0
5760,0.0
5761,0.0
5762,0.0
5763,0.0
5764,0.0
5765,0.0
5766,0.05646
5767,0.23912
5768,0.41462
5769,0.57264
5770,0.63402
5771,0.64803
5772,0.60233
5773,0.54189
5774,0.47997
5775,0.29116000000000003
5776,0.15700999999999998
5777,0.02572
5778,0.0
5779,0.0
5780,0.0
5781,0.0
5782,0.0
5783,0.0
5784,0.0
5785,0.0
5786,0.0
5787,0.0
5788,0.0
5789,0.0
5790,0.01221
5791,0.06409999999999999
5792,0.11634
5793,0.28282
5794,0.26709
5795,0.34086
5796,0.23482
5797,0.30921
5798,0.31905
5799,0.1423
5800,0.06747
5801,0.01216
5802,0.0
5803,0.0
5804,0.0
5805,0.0
5806,0.0
5807,0.0
5808,0.0
5809,0.0
5810,0.0
5811,0.0
5812,0.0
5813,0.0
5814,0.01305
5815,0.09778
5816,0.21358000000000002
5817,0.10686
5818,0.13669
5819,0.17615
5820,0.16316999999999998
5821,0.13498
5822,0.10283
5823,0.07189
5824,0.03996
5825,0.01068
5826,0.0
5827,0.0
5828,0.0
5829,0.0
5830,0.0
5831,0.0
5832,0.0
5833,0.0
5834,0.0
5835,0.0
5836,0.0
5837,0.0
5838,0.05268
5839,0.19000999999999998
5840,0.29986
5841,0.44258
5842,0.49111
5843,0.55286
5844,0.54052
5845,0.5630299999999999
5846,0.34275
5847,0.27986
5848,0.13497
5849,0.01995
5850,0.0
5851,0.0
5852,0.0
5853,0.0
5854,0.0
5855,0.0
5856,0.0
5857,0.0
5858,0.0
5859,0.0
5860,0.0
5861,0.0
5862,0.04554
5863,0.19575
5864,0.37894
5865,0.42152999999999996
5866,0.43948000000000004
5867,0.57278
5868,0.53438
5869,0.54331
5870,0.43359
5871,0.25111
5872,0.14539
5873,0.0258
5874,0.0
5875,0.0
5876,0.0
5877,0.0
5878,0.0
5879,0.0
5880,0.0
5881,0.0
5882,0.0
5883,0.0
5884,0.0
5885,0.0
5886,0.05042
5887,0.24209
5888,0.41920999999999997
5889,0.56071
5890,0.625
5891,0.66103
5892,0.62946
5893,0.53283
5894,0.32844999999999996
5895,0.21044
5896,0.08871
5897,0.01795
5898,0.0
5899,0.0
5900,0.0
5901,0.0
5902,0.0
5903,0.0
5904,0.0
5905,0.0
5906,0.0
5907,0.0
5908,0.0
5909,0.0
5910,0.03025
5911,0.17881
5912,0.32174
5913,0.51131
5914,0.5574
5915,0.60539
5916,0.6127999999999999
5917,0.54844
5918,0.44699
5919,0.21949000000000002
5920,0.10502
5921,0.02518
5922,0.0
5923,0.0
5924,0.0
5925,0.0
5926,0.0
5927,0.0
5928,0.0
5929,0.0
5930,0.0
5931,0.0
5932,0.0
5933,0.0
5934,0.01943
5935,0.10651000000000001
5936,0.20358
5937,0.29491
5938,0.24547
5939,0.30901
5940,0.33873000000000003
5941,0.34828
5942,0.26687
5943,0.09949
5944,0.07342
5945,0.00818
5946,0.0
5947,0.0
5948,0.0
5949,0.0
5950,0.0
5951,0.0
5952,0.0
5953,0.0
5954,0.0
5955,0.0
5956,0.0
5957,0.0
5958,0.02901
5959,0.17796
5960,0.33619
5961,0.43138
5962,0.62334
5963,0.65006
5964,0.57287
5965,0.5536599999999999
5966,0.3529
5967,0.202
5968,0.07205
5969,0.0184
5970,0.0
5971,0.0
5972,0.0
5973,0.0
5974,0.0
5975,0.0
5976,0.0
5977,0.0
5978,0.0
5979,0.0
5980,0.0
5981,0.0
5982,0.03404
5983,0.10532
5984,0.15650999999999998
5985,0.27735000000000004
5986,0.39294
5987,0.46776999999999996
5988,0.41174
5989,0.43787
5990,0.34164999999999995
5991,0.14027
5992,0.09164
5993,0.01993
5994,0.0
5995,0.0
5996,0.0
5997,0.0
5998,0.0
5999,0.0
6000,0.0
6001,0.0
6002,0.0
6003,0.0
6004,0.0
6005,0.0
6006,0.05104
6007,0.20618999999999998
6008,0.38445
6009,0.31307999999999997
6010,0.4049
6011,0.31060000000000004
6012,0.40799
6013,0.57394
6014,0.46438
6015,0.29408999999999996
6016,0.10639
6017,0.017079999999999998
6018,0.0
6019,0.0
6020,0.0
6021,0.0
6022,0.0
6023,0.0
6024,0.0
6025,0.0
6026,0.0
6027,0.0
6028,0.0
6029,0.0
6030,0.05079
6031,0.18412
6032,0.43460000000000004
6033,0.49528
6034,0.5922000000000001
6035,0.60192
6036,0.54731
6037,0.54402
6038,0.42148
6039,0.24544
6040,0.1157
6041,0.01487
6042,0.0
6043,0.0
6044,0.0
6045,0.0
6046,0.0
6047,0.0
6048,0.0
6049,0.0
6050,0.0
6051,0.0
6052,0.0
6053,0.0
6054,0.052469999999999996
6055,0.26071
6056,0.44483999999999996
6057,0.5776100000000001
6058,0.6494099999999999
6059,0.64779
6060,0.56498
6061,0.60575
6062,0.47592
6063,0.34126
6064,0.14993
6065,0.009089999999999999
6066,0.0
6067,0.0
6068,0.0
6069,0.0
6070,0.0
6071,0.0
6072,0.0
6073,0.0
6074,0.0
6075,0.0
6076,0.0
6077,0.0
6078,0.0504
6079,0.20921
6080,0.41420999999999997
6081,0.52106
6082,0.61981
6083,0.67192
6084,0.46414999999999995
6085,0.54252
6086,0.33881
6087,0.15755000000000002
6088,0.06754
6089,0.01533
6090,0.0
6091,0.0
6092,0.0
6093,0.0
6094,0.0
6095,0.0
6096,0.0
6097,0.0
6098,0.0
6099,0.0
6100,0.0
6101,0.0
6102,0.04179
6103,0.19797
6104,0.34618
6105,0.40345
6106,0.38095999999999997
6107,0.44377
6108,0.47708999999999996
6109,0.24023
6110,0.13288999999999998
6111,0.09562000000000001
6112,0.05342
6113,0.016980000000000002
6114,0.0
6115,0.0
6116,0.0
6117,0.0
6118,0.0
6119,0.0
6120,0.0
6121,0.0
6122,0.0
6123,0.0
6124,0.0
6125,0.0
6126,0.040170000000000004
6127,0.18064
6128,0.35445
6129,0.5182599999999999
6130,0.5296000000000001
6131,0.49365
6132,0.37557
6133,0.38545999999999997
6134,0.30836
6135,0.17875
6136,0.112
6137,0.01653
6138,0.0
6139,0.0
6140,0.0
6141,0.0
6142,0.0
6143,0.0
6144,0.0
6145,0.0
6146,0.0
6147,0.0
6148,0.0
6149,0.0
6150,0.049159999999999995
6151,0.1467
6152,0.35152
6153,0.49361
6154,0.55086
6155,0.5985199999999999
6156,0.60534
6157,0.50878
6158,0.38582
6159,0.17576
6160,0.08009000000000001
6161,0.01176
6162,0.0
6163,0.0
6164,0.0
6165,0.0
6166,0.0
6167,0.0
6168,0.0
6169,0.0
6170,0.0
6171,0.0
6172,0.0
6173,0.0
6174,0.04234
6175,0.12074
6176,0.36136
6177,0.55574
6178,0.63239
6179,0.67
6180,0.65987
6181,0.51978
6182,0.44858
6183,0.22681
6184,0.10625
6185,0.01255
6186,0.0
6187,0.0
6188,0.0
6189,0.0
6190,0.0
6191,0.0
6192,0.0
6193,0.0
6194,0.0
6195,0.0
6196,0.0
6197,0.0
6198,0.06603
6199,0.21478999999999998
6200,0.39913
6201,0.52347
6202,0.639
6203,0.71148
6204,0.64495
6205,0.5587300000000001
6206,0.44914
6207,0.28967000000000004
6208,0.14251
6209,0.01805
6210,0.0
6211,0.0
6212,0.0
6213,0.0
6214,0.0
6215,0.0
6216,0.0
6217,0.0
6218,0.0
6219,0.0
6220,0.0
6221,0.0
6222,0.06764
6223,0.26158
6224,0.43349
6225,0.5760700000000001
6226,0.67735
6227,0.64197
6228,0.6143500000000001
6229,0.5247999999999999
6230,0.44268
6231,0.28298
6232,0.14243
6233,0.01025
6234,0.0
6235,0.0
6236,0.0
6237,0.0
6238,0.0
6239,0.0
6240,0.0
6241,0.0
6242,0.0
6243,0.0
6244,0.0
6245,0.0
6246,0.07376
6247,0.27497000000000005
6248,0.45566
6249,0.61537
6250,0.60772
6251,0.69102
6252,0.5760299999999999
6253,0.5042300000000001
6254,0.39735000000000004
6255,0.29367000000000004
6256,0.11924
6257,0.01597
6258,0.0
6259,0.0
6260,0.0
6261,0.0
6262,0.0
6263,0.0
6264,0.0
6265,0.0
6266,0.0
6267,0.0
6268,0.0
6269,0.0
6270,0.02409
6271,0.15536000000000003
6272,0.33644999999999997
6273,0.53683
6274,0.60765
6275,0.6752999999999999
6276,0.65388
6277,0.53779
6278,0.40835000000000005
6279,0.22053
6280,0.10920999999999999
6281,0.010369999999999999
6282,0.0
6283,0.0
6284,0.0
6285,0.0
6286,0.0
6287,0.0
6288,0.0
6289,0.0
6290,0.0
6291,0.0
6292,0.0
6293,0.0
6294,0.05955
6295,0.19266
6296,0.26983999999999997
6297,0.47674
6298,0.5966699999999999
6299,0.5715800000000001
6300,0.5290199999999999
6301,0.46313
6302,0.34389
6303,0.20261
6304,0.10479999999999999
6305,0.013380000000000001
6306,0.0
6307,0.0
6308,0.0
6309,0.0
6310,0.0
6311,0.0
6312,0.0
6313,0.0
6314,0.0
6315,0.0
6316,0.0
6317,0.0
6318,0.05472
6319,0.25203
6320,0.39606
6321,0.55765
6322,0.6008600000000001
6323,0.54443
6324,0.41706
6325,0.35995
6326,0.26024
6327,0.19413999999999998
6328,0.08445
6329,0.011640000000000001
6330,0.0
6331,0.0
6332,0.0
6333,0.0
6334,0.0
6335,0.0
6336,0.0
6337,0.0
6338,0.0
6339,0.0
6340,0.0
6341,0.0
6342,0.04697
6343,0.09645000000000001
6344,0.22063999999999998
6345,0.27629000000000004
6346,0.42483
6347,0.48404
6348,0.49002999999999997
6349,0.42301
6350,0.36060000000000003
6351,0.23242
6352,0.11417000000000001
6353,0.01099
6354,0.0
6355,0.0
6356,0.0
6357,0.0
6358,0.0
6359,0.0
6360,0.0
6361,0.0
6362,0.0
6363,0.0
6364,0.0
6365,0.0
6366,0.02419
6367,0.11164
6368,0.3087
6369,0.29837
6370,0.46131
6371,0.42598
6372,0.45227
6373,0.40896
6374,0.31792000000000004
6375,0.16783
6376,0.10373
6377,0.01394
6378,0.0
6379,0.0
6380,0.0
6381,0.0
6382,0.0
6383,0.0
6384,0.0
6385,0.0
6386,0.0
6387,0.0
6388,0.0
6389,0.0
6390,0.047909999999999994
6391,0.19582
6392,0.31877999999999995
6393,0.49773
6394,0.55979
6395,0.49177
6396,0.61595
6397,0.43683
6398,0.33599
6399,0.25578
6400,0.08204
6401,0.01238
6402,0.0
6403,0.0
6404,0.0
6405,0.0
6406,0.0
6407,0.0
6408,0.0
6409,0.0
6410,0.0
6411,0.0
6412,0.0
6413,0.0
6414,0.06553
6415,0.25668
6416,0.41778
6417,0.49877
6418,0.59904
6419,0.69784
6420,0.6468400000000001
6421,0.59469
6422,0.42593000000000003
6423,0.31445999999999996
6424,0.1378
6425,0.00956
6426,0.0
6427,0.0
6428,0.0
6429,0.0
6430,0.0
6431,0.0
6432,0.0
6433,0.0
6434,0.0
6435,0.0
6436,0.0
6437,0.0
6438,0.08487
6439,0.27363
6440,0.47789
6441,0.6181
6442,0.69297
6443,0.65647
6444,0.6125700000000001
6445,0.5215599999999999
6446,0.47242
6447,0.33012
6448,0.13286
6449,0.0030800000000000003
6450,0.0
6451,0.0
6452,0.0
6453,0.0
6454,0.0
6455,0.0
6456,0.0
6457,0.0
6458,0.0
6459,0.0
6460,0.0
6461,0.0
6462,0.08255
6463,0.28426
6464,0.48523
6465,0.62371
6466,0.69245
6467,0.7051499999999999
6468,0.7141000000000001
6469,0.6133200000000001
6470,0.44373
6471,0.34016
6472,0.1453
6473,0.0033900000000000002
6474,0.0
6475,0.0
6476,0.0
6477,0.0
6478,0.0
6479,0.0
6480,0.0
6481,0.0
6482,0.0
6483,0.0
6484,0.0
6485,0.0
6486,0.05958
6487,0.15414
6488,0.31618
6489,0.42139
6490,0.48877
6491,0.5754199999999999
6492,0.6414500000000001
6493,0.5914299999999999
6494,0.41864999999999997
6495,0.20496
6496,0.10174
6497,0.00925
6498,0.0
6499,0.0
6500,0.0
6501,0.0
6502,0.0
6503,0.0
6504,0.0
6505,0.0
6506,0.0
6507,0.0
6508,0.0
6509,0.0
6510,0.055299999999999995
6511,0.27011
6512,0.42417
6513,0.481
6514,0.61636
6515,0.6329600000000001
6516,0.54283
6517,0.49207999999999996
6518,0.39026
6519,0.22213999999999998
6520,0.08184999999999999
6521,0.01033
6522,0.0
6523,0.0
6524,0.0
6525,0.0
6526,0.0
6527,0.0
6528,0.0
6529,0.0
6530,0.0
6531,0.0
6532,0.0
6533,0.0
6534,0.05019
6535,0.14042
6536,0.25853
6537,0.36096
6538,0.43134
6539,0.49439
6540,0.5508200000000001
6541,0.5846399999999999
6542,0.43667
6543,0.22551
6544,0.07608
6545,0.00613
6546,0.0
6547,0.0
6548,0.0
6549,0.0
6550,0.0
6551,0.0
6552,0.0
6553,0.0
6554,0.0
6555,0.0
6556,0.0
6557,0.0
6558,0.0747
6559,0.25333
6560,0.3995
6561,0.49360000000000004
6562,0.6124700000000001
6563,0.68169
6564,0.62262
6565,0.49722000000000005
6566,0.32782
6567,0.15125
6568,0.08617
6569,0.0056
6570,0.0
6571,0.0
6572,0.0
6573,0.0
6574,0.0
6575,0.0
6576,0.0
6577,0.0
6578,0.0
6579,0.0
6580,0.0
6581,0.0
6582,0.06752
6583,0.21253999999999998
6584,0.44845
6585,0.6274
6586,0.70308
6587,0.71233
6588,0.66459
6589,0.64007
6590,0.45667
6591,0.29643
6592,0.10341
6593,0.00302
6594,0.0
6595,0.0
6596,0.0
6597,0.0
6598,0.0
6599,0.0
6600,0.0
6601,0.0
6602,0.0
6603,0.0
6604,0.0
6605,0.0
6606,0.07767
6607,0.22565000000000002
6608,0.40320999999999996
6609,0.57014
6610,0.61023
6611,0.6409400000000001
6612,0.6196200000000001
6613,0.54848
6614,0.38877999999999996
6615,0.20173
6616,0.07593000000000001
6617,0.0071200000000000005
6618,0.0
6619,0.0
6620,0.0
6621,0.0
6622,0.0
6623,0.0
6624,0.0
6625,0.0
6626,0.0
6627,0.0
6628,0.0
6629,0.0
6630,0.04607
6631,0.18059999999999998
6632,0.32626
6633,0.44198000000000004
6634,0.49039
6635,0.61624
6636,0.52259
6637,0.41541
6638,0.34457
6639,0.27643
6640,0.1027
6641,0.0034100000000000003
6642,0.0
6643,0.0
6644,0.0
6645,0.0
6646,0.0
6647,0.0
6648,0.0
6649,0.0
6650,0.0
6651,0.0
6652,0.0
6653,0.0
6654,0.0799
6655,0.23921
6656,0.40502999999999995
6657,0.42781
6658,0.5298099999999999
6659,0.58463
6660,0.60572
6661,0.5186799999999999
6662,0.30349
6663,0.14094
6664,0.03515
6665,0.00643
6666,0.0
6667,0.0
6668,0.0
6669,0.0
6670,0.0
6671,0.0
6672,0.0
6673,0.0
6674,0.0
6675,0.0
6676,0.0
6677,0.0
6678,0.04592
6679,0.18252000000000002
6680,0.30948000000000003
6681,0.47218
6682,0.5646100000000001
6683,0.5428200000000001
6684,0.52954
6685,0.53495
6686,0.38768
6687,0.2049
6688,0.11137000000000001
6689,0.00309
6690,0.0
6691,0.0
6692,0.0
6693,0.0
6694,0.0
6695,0.0
6696,0.0
6697,0.0
6698,0.0
6699,0.0
6700,0.0
6701,0.0
6702,0.06718
6703,0.23836000000000002
6704,0.379
6705,0.50452
6706,0.51839
6707,0.61854
6708,0.59942
6709,0.51047
6710,0.50788
6711,0.3385
6712,0.11875
6713,0.00206
6714,0.0
6715,0.0
6716,0.0
6717,0.0
6718,0.0
6719,0.0
6720,0.0
6721,0.0
6722,0.0
6723,0.0
6724,0.0
6725,0.0
6726,0.08754
6727,0.24922999999999998
6728,0.39086000000000004
6729,0.61451
6730,0.6752999999999999
6731,0.7251799999999999
6732,0.68604
6733,0.54625
6734,0.4317
6735,0.27315
6736,0.0987
6737,0.00363
6738,0.0
6739,0.0
6740,0.0
6741,0.0
6742,0.0
6743,0.0
6744,0.0
6745,0.0
6746,0.0
6747,0.0
6748,0.0
6749,0.0
6750,0.07545
6751,0.21459
6752,0.42769
6753,0.57584
6754,0.63029
6755,0.66637
6756,0.6159600000000001
6757,0.47599
6758,0.34688
6759,0.28531
6760,0.11562
6761,0.00475
6762,0.0
6763,0.0
6764,0.0
6765,0.0
6766,0.0
6767,0.0
6768,0.0
6769,0.0
6770,0.0
6771,0.0
6772,0.0
6773,0.0
6774,0.07381
6775,0.17153
6776,0.33536
6777,0.5151699999999999
6778,0.5403300000000001
6779,0.68257
6780,0.64815
6781,0.41573000000000004
6782,0.09723000000000001
6783,0.10961
6784,0.07487
6785,0.00164
6786,0.0
6787,0.0
6788,0.0
6789,0.0
6790,0.0
6791,0.0
6792,0.0
6793,0.0
6794,0.0
6795,0.0
6796,0.0
6797,0.0
6798,0.06567
6799,0.23492
6800,0.40837
6801,0.5185
6802,0.587
6803,0.60377
6804,0.59977
6805,0.44503
6806,0.42214999999999997
6807,0.22027000000000002
6808,0.0506
6809,0.0043
6810,0.0
6811,0.0
6812,0.0
6813,0.0
6814,0.0
6815,0.0
6816,0.0
6817,0.0
6818,0.0
6819,0.0
6820,0.0
6821,0.0
6822,0.04624
6823,0.1925
6824,0.3983
6825,0.47076999999999997
6826,0.6319199999999999
6827,0.61278
6828,0.5347000000000001
6829,0.52947
6830,0.43631
6831,0.21609
6832,0.08855
6833,0.0033900000000000002
6834,0.0
6835,0.0
6836,0.0
6837,0.0
6838,0.0
6839,0.0
6840,0.0
6841,0.0
6842,0.0
6843,0.0
6844,0.0
6845,0.0
6846,0.04205
6847,0.16524
6848,0.22496000000000002
6849,0.38145
6850,0.5204500000000001
6851,0.59509
6852,0.5384500000000001
6853,0.23993
6854,0.14684
6855,0.0412
6856,0.01868
6857,7.000000000000001e-05
6858,0.0
6859,0.0
6860,0.0
6861,0.0
6862,0.0
6863,0.0
6864,0.0
6865,0.0
6866,0.0
6867,0.0
6868,0.0
6869,0.0
6870,0.060399999999999995
6871,0.245
6872,0.43622000000000005
6873,0.60023
6874,0.59801
6875,0.65458
6876,0.6216799999999999
6877,0.5702
6878,0.46736
6879,0.27943
6880,0.10986
6881,0.0038
6882,0.0
6883,0.0
6884,0.0
6885,0.0
6886,0.0
6887,0.0
6888,0.0
6889,0.0
6890,0.0
6891,0.0
6892,0.0
6893,0.0
6894,0.07091
6895,0.26859
6896,0.42936
6897,0.57972
6898,0.6223200000000001
6899,0.7068099999999999
6900,0.5942799999999999
6901,0.51948
6902,0.29911
6903,0.17546
6904,0.08075
6905,0.00522
6906,0.0
6907,0.0
6908,0.0
6909,0.0
6910,0.0
6911,0.0
6912,0.0
6913,0.0
6914,0.0
6915,0.0
6916,0.0
6917,0.0
6918,0.05876
6919,0.14956999999999998
6920,0.22115
6921,0.40949
6922,0.56588
6923,0.52193
6924,0.41168
6925,0.29178
6926,0.15632
6927,0.10065
6928,0.04469
6929,0.00159
6930,0.0
6931,0.0
6932,0.0
6933,0.0
6934,0.0
6935,0.0
6936,0.0
6937,0.0
6938,0.0
6939,0.0
6940,0.0
6941,0.0
6942,0.05579
6943,0.17681
6944,0.32569
6945,0.47405
6946,0.47928
6947,0.50683
6948,0.58098
6949,0.41167000000000004
6950,0.25101
6951,0.10103
6952,0.03372
6953,0.00298
6954,0.0
6955,0.0
6956,0.0
6957,0.0
6958,0.0
6959,0.0
6960,0.0
6961,0.0
6962,0.0
6963,0.0
6964,0.0
6965,0.0
6966,0.047200000000000006
6967,0.15855000000000002
6968,0.37995999999999996
6969,0.52983
6970,0.60664
6971,0.61045
6972,0.6180399999999999
6973,0.50942
6974,0.34575
6975,0.2176
6976,0.08907999999999999
6977,0.00368
6978,0.0
6979,0.0
6980,0.0
6981,0.0
6982,0.0
6983,0.0
6984,0.0
6985,0.0
6986,0.0
6987,0.0
6988,0.0
6989,0.0
6990,0.07695
6991,0.24978
6992,0.39949
6993,0.49033
6994,0.56672
6995,0.6792699999999999
6996,0.58731
6997,0.5300499999999999
6998,0.36542
6999,0.18337
7000,0.07626999999999999
7001,0.0036
7002,0.0
7003,0.0
7004,0.0
7005,0.0
7006,0.0
7007,0.0
7008,0.0
7009,0.0
7010,0.0
7011,0.0
7012,0.0
7013,0.0
7014,0.07756
7015,0.2874
7016,0.46388999999999997
7017,0.5814
7018,0.63932
7019,0.6081
7020,0.6119199999999999
7021,0.58684
7022,0.33517
7023,0.28164999999999996
7024,0.1102
7025,0.0021000000000000003
7026,0.0
7027,0.0
7028,0.0
7029,0.0
7030,0.0
7031,0.0
7032,0.0
7033,0.0
7034,0.0
7035,0.0
7036,0.0
7037,0.0
7038,0.08876
7039,0.28382999999999997
7040,0.46058
7041,0.59633
7042,0.67063
7043,0.7176
7044,0.6004400000000001
7045,0.58485
7046,0.44379
7047,0.30025999999999997
7048,0.11695
7049,0.00133
7050,0.0
7051,0.0
7052,0.0
7053,0.0
7054,0.0
7055,0.0
7056,0.0
7057,0.0
7058,0.0
7059,0.0
7060,0.0
7061,0.0
7062,0.06568
7063,0.20618999999999998
7064,0.35625999999999997
7065,0.50271
7066,0.63188
7067,0.68138
7068,0.66996
7069,0.5388
7070,0.42036
7071,0.23013999999999998
7072,0.09340999999999999
7073,0.0018700000000000001
7074,0.0
7075,0.0
7076,0.0
7077,0.0
7078,0.0
7079,0.0
7080,0.0
7081,0.0
7082,0.0
7083,0.0
7084,0.0
7085,0.0
7086,0.032170000000000004
7087,0.15155000000000002
7088,0.40834
7089,0.5508
7090,0.55335
7091,0.65519
7092,0.55935
7093,0.5989500000000001
7094,0.36222000000000004
7095,0.13029
7096,0.09761
7097,0.00267
7098,0.0
7099,0.0
7100,0.0
7101,0.0
7102,0.0
7103,0.0
7104,0.0
7105,0.0
7106,0.0
7107,0.0
7108,0.0
7109,0.0
7110,0.05702
7111,0.22736
7112,0.30744
7113,0.49907999999999997
7114,0.6020800000000001
7115,0.68348
7116,0.5861799999999999
7117,0.5191
7118,0.34164
7119,0.13188
7120,0.02975
7121,0.00239
7122,0.0
7123,0.0
7124,0.0
7125,0.0
7126,0.0
7127,0.0
7128,0.0
7129,0.0
7130,0.0
7131,0.0
7132,0.0
7133,0.0
7134,0.08536
7135,0.29798
7136,0.43886000000000003
7137,0.5908300000000001
7138,0.64019
7139,0.6947000000000001
7140,0.63137
7141,0.57931
7142,0.37901
7143,0.28074
7144,0.10104
7145,0.00134
7146,0.0
7147,0.0
7148,0.0
7149,0.0
7150,0.0
7151,0.0
7152,0.0
7153,0.0
7154,0.0
7155,0.0
7156,0.0
7157,0.0
7158,0.09031
7159,0.27626999999999996
7160,0.47105
7161,0.58347
7162,0.66986
7163,0.6812
7164,0.64078
7165,0.61817
7166,0.48622000000000004
7167,0.29449000000000003
7168,0.08219
7169,0.0017900000000000001
7170,0.0
7171,0.0
7172,0.0
7173,0.0
7174,0.0
7175,0.0
7176,0.0
7177,0.0
7178,0.0
7179,0.0
7180,0.0
7181,0.0
7182,0.028390000000000002
7183,0.1183
7184,0.33869
7185,0.46416
7186,0.3881
7187,0.65047
7188,0.6202300000000001
7189,0.5846
7190,0.45938
7191,0.25589
7192,0.07732
7193,0.00289
7194,0.0
7195,0.0
7196,0.0
7197,0.0
7198,0.0
7199,0.0
7200,0.0
7201,0.0
7202,0.0
7203,0.0
7204,0.0
7205,0.0
7206,0.06462999999999999
7207,0.26411
7208,0.43982
7209,0.5433
7210,0.624
7211,0.56652
7212,0.58482
7213,0.5358999999999999
7214,0.43951999999999997
7215,0.09888
7216,0.030440000000000002
7217,0.00014000000000000001
7218,0.0
7219,0.0
7220,0.0
7221,0.0
7222,0.0
7223,0.0
7224,0.0
7225,0.0
7226,0.0
7227,0.0
7228,0.0
7229,0.0
7230,0.01288
7231,0.08967
7232,0.19574
7233,0.37799
7234,0.33909
7235,0.37971
7236,0.4435
7237,0.29358
7238,0.19728
7239,0.10495
7240,0.03804
7241,0.00039
7242,0.0
7243,0.0
7244,0.0
7245,0.0
7246,0.0
7247,0.0
7248,0.0
7249,0.0
7250,0.0
7251,0.0
7252,0.0
7253,0.0
7254,0.05756
7255,0.18982
7256,0.32444
7257,0.29691
7258,0.28032999999999997
7259,0.35084
7260,0.21802000000000002
7261,0.26355
7262,0.20092
7263,0.10284
7264,0.04311
7265,0.00131
7266,0.0
7267,0.0
7268,0.0
7269,0.0
7270,0.0
7271,0.0
7272,0.0
7273,0.0
7274,0.0
7275,0.0
7276,0.0
7277,0.0
7278,0.04915
7279,0.1987
7280,0.31962999999999997
7281,0.54337
7282,0.58237
7283,0.63888
7284,0.6146900000000001
7285,0.42856
7286,0.36566000000000004
7287,0.15697
7288,0.00653
7289,0.0
7290,0.0
7291,0.0
7292,0.0
7293,0.0
7294,0.0
7295,0.0
7296,0.0
7297,0.0
7298,0.0
7299,0.0
7300,0.0
7301,0.0
7302,0.02061
7303,0.06333
7304,0.27629000000000004
7305,0.40484
7306,0.42493000000000003
7307,0.54152
7308,0.5302
7309,0.50783
7310,0.37374
7311,0.23057
7312,0.09057
7313,0.00055
7314,0.0
7315,0.0
7316,0.0
7317,0.0
7318,0.0
7319,0.0
7320,0.0
7321,0.0
7322,0.0
7323,0.0
7324,0.0
7325,0.0
7326,0.04352
7327,0.1579
7328,0.37811
7329,0.407
7330,0.49343
7331,0.34169
7332,0.44218
7333,0.34876
7334,0.36951999999999996
7335,0.18274
7336,0.09459000000000001
7337,0.0011899999999999999
7338,0.0
7339,0.0
7340,0.0
7341,0.0
7342,0.0
7343,0.0
7344,0.0
7345,0.0
7346,0.0
7347,0.0
7348,0.0
7349,0.0
7350,0.08493
7351,0.27154
7352,0.45123
7353,0.5170399999999999
7354,0.68565
7355,0.6765
7356,0.62548
7357,0.51922
7358,0.36110000000000003
7359,0.22537000000000001
7360,0.09038
7361,0.0013
7362,0.0
7363,0.0
7364,0.0
7365,0.0
7366,0.0
7367,0.0
7368,0.0
7369,0.0
7370,0.0
7371,0.0
7372,0.0
7373,0.0
7374,0.052649999999999995
7375,0.17711000000000002
7376,0.38598000000000005
7377,0.58347
7378,0.65308
7379,0.6086900000000001
7380,0.5915900000000001
7381,0.51017
7382,0.46644
7383,0.27138
7384,0.08827
7385,0.00078
7386,0.0
7387,0.0
7388,0.0
7389,0.0
7390,0.0
7391,0.0
7392,0.0
7393,0.0
7394,0.0
7395,0.0
7396,0.0
7397,0.0
7398,0.061009999999999995
7399,0.24355000000000002
7400,0.43124
7401,0.5136499999999999
7402,0.5458999999999999
7403,0.52534
7404,0.57477
7405,0.54228
7406,0.39285000000000003
7407,0.29442
7408,0.08058
7409,0.00049
7410,0.0
7411,0.0
7412,0.0
7413,0.0
7414,0.0
7415,0.0
7416,0.0
7417,0.0
7418,0.0
7419,0.0
7420,0.0
7421,0.0
7422,0.09276999999999999
7423,0.29342
7424,0.47005
7425,0.59208
7426,0.64822
7427,0.67001
7428,0.66538
7429,0.57016
7430,0.41485
7431,0.29745
7432,0.09492
7433,0.00069
7434,0.0
7435,0.0
7436,0.0
7437,0.0
7438,0.0
7439,0.0
7440,0.0
7441,0.0
7442,0.0
7443,0.0
7444,0.0
7445,0.0
7446,0.09085
7447,0.26150999999999996
7448,0.467
7449,0.61573
7450,0.67892
7451,0.7134299999999999
7452,0.63193
7453,0.5779299999999999
7454,0.41064
7455,0.25323
7456,0.10371999999999999
7457,0.0
7458,0.0
7459,0.0
7460,0.0
7461,0.0
7462,0.0
7463,0.0
7464,0.0
7465,0.0
7466,0.0
7467,0.0
7468,0.0
7469,0.0
7470,0.06493
7471,0.19240000000000002
7472,0.3426
7473,0.5279299999999999
7474,0.5949500000000001
7475,0.64338
7476,0.57388
7477,0.41414999999999996
7478,0.32785000000000003
7479,0.16707
7480,0.05206
7481,0.0
7482,0.0
7483,0.0
7484,0.0
7485,0.0
7486,0.0
7487,0.0
7488,0.0
7489,0.0
7490,0.0
7491,0.0
7492,0.0
7493,0.0
7494,0.04593
7495,0.18450999999999998
7496,0.37094
7497,0.48955
7498,0.58847
7499,0.6452100000000001
7500,0.54408
7501,0.49981
7502,0.36945
7503,0.24866999999999997
7504,0.10137
7505,0.0
7506,0.0
7507,0.0
7508,0.0
7509,0.0
7510,0.0
7511,0.0
7512,0.0
7513,0.0
7514,0.0
7515,0.0
7516,0.0
7517,0.0
7518,0.09225
7519,0.29125
7520,0.44003
7521,0.59711
7522,0.6727000000000001
7523,0.68564
7524,0.69175
7525,0.5778
7526,0.47907
7527,0.2745
7528,0.11093
7529,0.0
7530,0.0
7531,0.0
7532,0.0
7533,0.0
7534,0.0
7535,0.0
7536,0.0
7537,0.0
7538,0.0
7539,0.0
7540,0.0
7541,0.0
7542,0.06911
7543,0.25511
7544,0.45888999999999996
7545,0.6313300000000001
7546,0.69359
7547,0.69627
7548,0.6515
7549,0.55967
7550,0.43624
7551,0.24597999999999998
7552,0.11609
7553,0.0
7554,0.0
7555,0.0
7556,0.0
7557,0.0
7558,0.0
7559,0.0
7560,0.0
7561,0.0
7562,0.0
7563,0.0
7564,0.0
7565,0.0
7566,0.0973
7567,0.29979
7568,0.39014
7569,0.61383
7570,0.6632
7571,0.69777
7572,0.6206
7573,0.61733
7574,0.498
7575,0.28758999999999996
7576,0.09636
7577,0.0
7578,0.0
7579,0.0
7580,0.0
7581,0.0
7582,0.0
7583,0.0
7584,0.0
7585,0.0
7586,0.0
7587,0.0
7588,0.0
7589,0.0
7590,0.10014
7591,0.32053
7592,0.5088199999999999
7593,0.63732
7594,0.70733
7595,0.71628
7596,0.70226
7597,0.6312000000000001
7598,0.50117
7599,0.28413
7600,0.11615
7601,0.0
7602,0.0
7603,0.0
7604,0.0
7605,0.0
7606,0.0
7607,0.0
7608,0.0
7609,0.0
7610,0.0
7611,0.0
7612,0.0
7613,0.0
7614,0.08265
7615,0.28195
7616,0.39135000000000003
7617,0.47433
7618,0.64899
7619,0.67677
7620,0.6106699999999999
7621,0.5602
7622,0.42571
7623,0.26447000000000004
7624,0.10415
7625,0.0
7626,0.0
7627,0.0
7628,0.0
7629,0.0
7630,0.0
7631,0.0
7632,0.0
7633,0.0
7634,0.0
7635,0.0
7636,0.0
7637,0.0
7638,0.08147
7639,0.27945
7640,0.43369
7641,0.53813
7642,0.62187
7643,0.6821499999999999
7644,0.69237
7645,0.5022
7646,0.42477
7647,0.25238
7648,0.11127
7649,0.0
7650,0.0
7651,0.0
7652,0.0
7653,0.0
7654,0.0
7655,0.0
7656,0.0
7657,0.0
7658,0.0
7659,0.0
7660,0.0
7661,0.0
7662,0.09106
7663,0.27664
7664,0.42536
7665,0.57855
7666,0.63975
7667,0.62018
7668,0.56901
7669,0.5360499999999999
7670,0.43677999999999995
7671,0.29328
7672,0.11748
7673,0.0
7674,0.0
7675,0.0
7676,0.0
7677,0.0
7678,0.0
7679,0.0
7680,0.0
7681,0.0
7682,0.0
7683,0.0
7684,0.0
7685,0.0
7686,0.07364
7687,0.25365
7688,0.50431
7689,0.57416
7690,0.63712
7691,0.72002
7692,0.6925
7693,0.61822
7694,0.4793
7695,0.29058999999999996
7696,0.08593
7697,0.0
7698,0.0
7699,0.0
7700,0.0
7701,0.0
7702,0.0
7703,0.0
7704,0.0
7705,0.0
7706,0.0
7707,0.0
7708,0.0
7709,0.0
7710,0.07109
7711,0.26213
7712,0.47087
7713,0.57999
7714,0.6818
7715,0.7016
7716,0.66837
7717,0.56679
7718,0.43237000000000003
7719,0.3177
7720,0.11859
7721,0.0
7722,0.0
7723,0.0
7724,0.0
7725,0.0
7726,0.0
7727,0.0
7728,0.0
7729,0.0
7730,0.0
7731,0.0
7732,0.0
7733,0.0
7734,0.05704
7735,0.14305
7736,0.26330000000000003
7737,0.45775
7738,0.5836699999999999
7739,0.58315
7740,0.57263
7741,0.55041
7742,0.43976
7743,0.22677
7744,0.10108
7745,0.0
7746,0.0
7747,0.0
7748,0.0
7749,0.0
7750,0.0
7751,0.0
7752,0.0
7753,0.0
7754,0.0
7755,0.0
7756,0.0
7757,0.0
7758,0.08323
7759,0.28822000000000003
7760,0.44832
7761,0.59942
7762,0.66215
7763,0.6747799999999999
7764,0.6446000000000001
7765,0.5616
7766,0.45582
7767,0.26946
7768,0.06687
7769,0.0
7770,0.0
7771,0.0
7772,0.0
7773,0.0
7774,0.0
7775,0.0
7776,0.0
7777,0.0
7778,0.0
7779,0.0
7780,0.0
7781,0.0
7782,0.05404
7783,0.2285
7784,0.39006
7785,0.5811499999999999
7786,0.62167
7787,0.63989
7788,0.6655599999999999
7789,0.56759
7790,0.41529000000000005
7791,0.23377
7792,0.08827
7793,0.0
7794,0.0
7795,0.0
7796,0.0
7797,0.0
7798,0.0
7799,0.0
7800,0.0
7801,0.0
7802,0.0
7803,0.0
7804,0.0
7805,0.0
7806,0.054990000000000004
7807,0.16115000000000002
7808,0.23352
7809,0.28670999999999996
7810,0.32085
7811,0.44312
7812,0.37776
7813,0.25012
7814,0.1574
7815,0.06820999999999999
7816,0.03202
7817,0.0
7818,0.0
7819,0.0
7820,0.0
7821,0.0
7822,0.0
7823,0.0
7824,0.0
7825,0.0
7826,0.0
7827,0.0
7828,0.0
7829,0.0
7830,0.00877
7831,0.04827
7832,0.13477
7833,0.22647
7834,0.2711
7835,0.23678
7836,0.33776
7837,0.37335
7838,0.35733
7839,0.18281999999999998
7840,0.05085
7841,0.0
7842,0.0
7843,0.0
7844,0.0
7845,0.0
7846,0.0
7847,0.0
7848,0.0
7849,0.0
7850,0.0
7851,0.0
7852,0.0
7853,0.0
7854,0.03495
7855,0.09681999999999999
7856,0.25864
7857,0.34867000000000004
7858,0.38492000000000004
7859,0.43451
7860,0.33379000000000003
7861,0.39674
7862,0.35502999999999996
7863,0.14973
7864,0.04494
7865,0.0
7866,0.0
7867,0.0
7868,0.0
7869,0.0
7870,0.0
7871,0.0
7872,0.0
7873,0.0
7874,0.0
7875,0.0
7876,0.0
7877,0.0
7878,0.05651
7879,0.24900999999999998
7880,0.41286
7881,0.5211699999999999
7882,0.6740499999999999
7883,0.63649
7884,0.47905000000000003
7885,0.51371
7886,0.39707
7887,0.2768
7888,0.07690000000000001
7889,0.0
7890,0.0
7891,0.0
7892,0.0
7893,0.0
7894,0.0
7895,0.0
7896,0.0
7897,0.0
7898,0.0
7899,0.0
7900,0.0
7901,0.0
7902,0.03154
7903,0.16734000000000002
7904,0.31718999999999997
7905,0.43515
7906,0.51085
7907,0.55765
7908,0.5968600000000001
7909,0.34799
7910,0.31648000000000004
7911,0.14578
7912,0.03118
7913,0.0
7914,0.0
7915,0.0
7916,0.0
7917,0.0
7918,0.0
7919,0.0
7920,0.0
7921,0.0
7922,0.0
7923,0.0
7924,0.0
7925,0.0
7926,0.03936
7927,0.17467
7928,0.33882999999999996
7929,0.45279
7930,0.49263999999999997
7931,0.58787
7932,0.66957
7933,0.54834
7934,0.32548
7935,0.23595
7936,0.07583
7937,0.00164
7938,0.0
7939,0.0
7940,0.0
7941,0.0
7942,0.0
7943,0.0
7944,0.0
7945,0.0
7946,0.0
7947,0.0
7948,0.0
7949,0.0
7950,0.06551
7951,0.22913999999999998
7952,0.42624
7953,0.5484
7954,0.67728
7955,0.69201
7956,0.63632
7957,0.6171
7958,0.44189999999999996
7959,0.24331999999999998
7960,0.09851
7961,0.00188
7962,0.0
7963,0.0
7964,0.0
7965,0.0
7966,0.0
7967,0.0
7968,0.0
7969,0.0
7970,0.0
7971,0.0
7972,0.0
7973,0.0
7974,0.03587
7975,0.22688999999999998
7976,0.36108999999999997
7977,0.54365
7978,0.60461
7979,0.65054
7980,0.58626
7981,0.5511900000000001
7982,0.47894
7983,0.29575
7984,0.11694
7985,0.00066
7986,0.0
7987,0.0
7988,0.0
7989,0.0
7990,0.0
7991,0.0
7992,0.0
7993,0.0
7994,0.0
7995,0.0
7996,0.0
7997,0.0
7998,0.03214
7999,0.17751
8000,0.33292
8001,0.44711
8002,0.46097000000000005
8003,0.54802
8004,0.46451
8005,0.5659400000000001
8006,0.31418
8007,0.14981
8008,0.06282
8009,0.00115
8010,0.0
8011,0.0
8012,0.0
8013,0.0
8014,0.0
8015,0.0
8016,0.0
8017,0.0
8018,0.0
8019,0.0
8020,0.0
8021,0.0
8022,0.008140000000000001
8023,0.05799
8024,0.15096
8025,0.39991000000000004
8026,0.50164
8027,0.50627
8028,0.50946
8029,0.42541
8030,0.32129
8031,0.18003
8032,0.08045999999999999
8033,0.00113
8034,0.0
8035,0.0
8036,0.0
8037,0.0
8038,0.0
8039,0.0
8040,0.0
8041,0.0
8042,0.0
8043,0.0
8044,0.0
8045,0.0
8046,0.07594
8047,0.28513
8048,0.47305
8049,0.59889
8050,0.68583
8051,0.71846
8052,0.69926
8053,0.63148
8054,0.50131
8055,0.32729
8056,0.13084
8057,0.00082
8058,0.0
8059,0.0
8060,0.0
8061,0.0
8062,0.0
8063,0.0
8064,0.0
8065,0.0
8066,0.0
8067,0.0
8068,0.0
8069,0.0
8070,0.06998
8071,0.29075
8072,0.41314
8073,0.62697
8074,0.67375
8075,0.60937
8076,0.64132
8077,0.60923
8078,0.45083999999999996
8079,0.32932
8080,0.13006
8081,0.00068
8082,0.0
8083,0.0
8084,0.0
8085,0.0
8086,0.0
8087,0.0
8088,0.0
8089,0.0
8090,0.0
8091,0.0
8092,0.0
8093,0.0
8094,0.07536
8095,0.28152
8096,0.41575
8097,0.54775
8098,0.66935
8099,0.69748
8100,0.6660900000000001
8101,0.6081
8102,0.48616000000000004
8103,0.33814
8104,0.12607
8105,0.00256
8106,0.0
8107,0.0
8108,0.0
8109,0.0
8110,0.0
8111,0.0
8112,0.0
8113,0.0
8114,0.0
8115,0.0
8116,0.0
8117,0.0
8118,0.046049999999999994
8119,0.22177000000000002
8120,0.36810000000000004
8121,0.49451999999999996
8122,0.60833
8123,0.5770299999999999
8124,0.6190599999999999
8125,0.55524
8126,0.40993
8127,0.25689
8128,0.08862
8129,0.00261
8130,0.0
8131,0.0
8132,0.0
8133,0.0
8134,0.0
8135,0.0
8136,0.0
8137,0.0
8138,0.0
8139,0.0
8140,0.0
8141,0.0
8142,0.0567
8143,0.25465
8144,0.42389
8145,0.54328
8146,0.66347
8147,0.6748500000000001
8148,0.65722
8149,0.59569
8150,0.48518
8151,0.33725
8152,0.1392
8153,0.0008900000000000001
8154,0.0
8155,0.0
8156,0.0
8157,0.0
8158,0.0
8159,0.0
8160,0.0
8161,0.0
8162,0.0
8163,0.0
8164,0.0
8165,0.0
8166,0.061189999999999994
8167,0.2666
8168,0.45792
8169,0.5904400000000001
8170,0.63687
8171,0.6227
8172,0.6999500000000001
8173,0.6079600000000001
8174,0.5307200000000001
8175,0.34951
8176,0.10790000000000001
8177,0.00141
8178,0.0
8179,0.0
8180,0.0
8181,0.0
8182,0.0
8183,0.0
8184,0.0
8185,0.0
8186,0.0
8187,0.0
8188,0.0
8189,0.0
8190,0.06439
8191,0.28439
8192,0.41992
8193,0.52661
8194,0.66718
8195,0.7445900000000001
8196,0.7348899999999999
8197,0.6435599999999999
8198,0.5376000000000001
8199,0.35446
8200,0.14439
8201,0.00175
8202,0.0
8203,0.0
8204,0.0
8205,0.0
8206,0.0
8207,0.0
8208,0.0
8209,0.0
8210,0.0
8211,0.0
8212,0.0
8213,0.0
8214,0.0653
8215,0.26724000000000003
8216,0.40886
8217,0.6106
8218,0.69399
8219,0.74426
8220,0.64285
8221,0.63621
8222,0.44368
8223,0.34942
8224,0.14599
8225,0.00164
8226,0.0
8227,0.0
8228,0.0
8229,0.0
8230,0.0
8231,0.0
8232,0.0
8233,0.0
8234,0.0
8235,0.0
8236,0.0
8237,0.0
8238,0.062240000000000004
8239,0.26227
8240,0.45566
8241,0.60589
8242,0.71213
8243,0.7227
8244,0.72377
8245,0.64791
8246,0.48637
8247,0.34458999999999995
8248,0.13708
8249,0.00149
8250,0.0
8251,0.0
8252,0.0
8253,0.0
8254,0.0
8255,0.0
8256,0.0
8257,0.0
8258,0.0
8259,0.0
8260,0.0
8261,0.0
8262,0.06792000000000001
8263,0.22113999999999998
8264,0.42475999999999997
8265,0.59851
8266,0.70936
8267,0.67459
8268,0.70526
8269,0.5323300000000001
8270,0.51173
8271,0.35258
8272,0.11906
8273,0.0014299999999999998
8274,0.0
8275,0.0
8276,0.0
8277,0.0
8278,0.0
8279,0.0
8280,0.0
8281,0.0
8282,0.0
8283,0.0
8284,0.0
8285,0.0
8286,0.04344
8287,0.22974
8288,0.41573000000000004
8289,0.5674199999999999
8290,0.61623
8291,0.64804
8292,0.6296900000000001
8293,0.56943
8294,0.41356
8295,0.26042000000000004
8296,0.08749
8297,0.00359
8298,0.0
8299,0.0
8300,0.0
8301,0.0
8302,0.0
8303,0.0
8304,0.0
8305,0.0
8306,0.0
8307,0.0
8308,0.0
8309,0.0
8310,0.06587
8311,0.27825
8312,0.47605000000000003
8313,0.59408
8314,0.68344
8315,0.70768
8316,0.66028
8317,0.5811499999999999
8318,0.46817000000000003
8319,0.33502
8320,0.1006
8321,0.0014299999999999998
8322,0.0
8323,0.0
8324,0.0
8325,0.0
8326,0.0
8327,0.0
8328,0.0
8329,0.0
8330,0.0
8331,0.0
8332,0.0
8333,0.0
8334,0.06459999999999999
8335,0.25677
8336,0.45069
8337,0.59375
8338,0.70098
8339,0.73063
8340,0.66489
8341,0.65391
8342,0.52543
8343,0.33468000000000003
8344,0.14368
8345,0.00182
8346,0.0
8347,0.0
8348,0.0
8349,0.0
8350,0.0
8351,0.0
8352,0.0
8353,0.0
8354,0.0
8355,0.0
8356,0.0
8357,0.0
8358,0.06487000000000001
8359,0.26503
8360,0.46169
8361,0.5886
8362,0.60445
8363,0.70656
8364,0.70584
8365,0.6378400000000001
8366,0.46847000000000005
8367,0.26275
8368,0.12168000000000001
8369,0.0017
8370,0.0
8371,0.0
8372,0.0
8373,0.0
8374,0.0
8375,0.0
8376,0.0
8377,0.0
8378,0.0
8379,0.0
8380,0.0
8381,0.0
8382,0.0415
8383,0.20649
8384,0.42431
8385,0.5675
8386,0.64923
8387,0.64244
8388,0.65871
8389,0.57911
8390,0.4805
8391,0.29478
8392,0.12990000000000002
8393,0.00282
8394,0.0
8395,0.0
8396,0.0
8397,0.0
8398,0.0
8399,0.0
8400,0.0
8401,0.0
8402,0.0
8403,0.0
8404,0.0
8405,0.0
8406,0.02466
8407,0.20851
8408,0.39316
8409,0.46117
8410,0.6331
8411,0.6244
8412,0.5903999999999999
8413,0.45182
8414,0.42819999999999997
8415,0.2721
8416,0.1308
8417,0.004200000000000001
8418,0.0
8419,0.0
8420,0.0
8421,0.0
8422,0.0
8423,0.0
8424,0.0
8425,0.0
8426,0.0
8427,0.0
8428,0.0
8429,0.0
8430,0.01065
8431,0.09158
8432,0.22041
8433,0.27736
8434,0.46168
8435,0.53173
8436,0.53185
8437,0.57863
8438,0.4422
8439,0.28935
8440,0.12781
8441,0.00415
8442,0.0
8443,0.0
8444,0.0
8445,0.0
8446,0.0
8447,0.0
8448,0.0
8449,0.0
8450,0.0
8451,0.0
8452,0.0
8453,0.0
8454,0.04339
8455,0.18771000000000002
8456,0.34918
8457,0.50171
8458,0.6050099999999999
8459,0.67461
8460,0.6471699999999999
8461,0.5559299999999999
8462,0.38893
8463,0.23495
8464,0.12758
8465,0.00372
8466,0.0
8467,0.0
8468,0.0
8469,0.0
8470,0.0
8471,0.0
8472,0.0
8473,0.0
8474,0.0
8475,0.0
8476,0.0
8477,0.0
8478,0.03458
8479,0.1805
8480,0.36256
8481,0.47202
8482,0.5508
8483,0.62463
8484,0.6319199999999999
8485,0.57778
8486,0.43443
8487,0.26566
8488,0.09667
8489,0.00531
8490,0.0
8491,0.0
8492,0.0
8493,0.0
8494,0.0
8495,0.0
8496,0.0
8497,0.0
8498,0.0
8499,0.0
8500,0.0
8501,0.0
8502,0.056049999999999996
8503,0.22244
8504,0.39857
8505,0.54191
8506,0.55287
8507,0.62459
8508,0.5876399999999999
8509,0.43919
8510,0.40488999999999997
8511,0.21705000000000002
8512,0.08794
8513,0.0043
8514,0.0
8515,0.0
8516,0.0
8517,0.0
8518,0.0
8519,0.0
8520,0.0
8521,0.0
8522,0.0
8523,0.0
8524,0.0
8525,0.0
8526,0.009980000000000001
8527,0.19353
8528,0.32997000000000004
8529,0.5194099999999999
8530,0.54664
8531,0.62991
8532,0.5838
8533,0.55367
8534,0.41314999999999996
8535,0.27129000000000003
8536,0.12972
8537,0.00366
8538,0.0
8539,0.0
8540,0.0
8541,0.0
8542,0.0
8543,0.0
8544,0.0
8545,0.0
8546,0.0
8547,0.0
8548,0.0
8549,0.0
8550,0.03947
8551,0.22108
8552,0.38297000000000003
8553,0.48252
8554,0.60638
8555,0.58353
8556,0.5480499999999999
8557,0.57736
8558,0.49971
8559,0.29099
8560,0.1325
8561,0.0027400000000000002
8562,0.0
8563,0.0
8564,0.0
8565,0.0
8566,0.0
8567,0.0
8568,0.0
8569,0.0
8570,0.0
8571,0.0
8572,0.0
8573,0.0
8574,0.04711
8575,0.2297
8576,0.39857
8577,0.55383
8578,0.6406900000000001
8579,0.67891
8580,0.6678
8581,0.6480499999999999
8582,0.5334500000000001
8583,0.34432999999999997
8584,0.14723
8585,0.0030499999999999998
8586,0.0
8587,0.0
8588,0.0
8589,0.0
8590,0.0
8591,0.0
8592,0.0
8593,0.0
8594,0.0
8595,0.0
8596,0.0
8597,0.0
8598,0.045630000000000004
8599,0.16261
8600,0.39231
8601,0.50666
8602,0.66583
8603,0.6275499999999999
8604,0.63701
8605,0.63439
8606,0.5323300000000001
8607,0.29944
8608,0.14704
8609,0.0029100000000000003
8610,0.0
8611,0.0
8612,0.0
8613,0.0
8614,0.0
8615,0.0
8616,0.0
8617,0.0
8618,0.0
8619,0.0
8620,0.0
8621,0.0
8622,0.046060000000000004
8623,0.18603
8624,0.38458
8625,0.5786
8626,0.60448
8627,0.7108099999999999
8628,0.6730499999999999
8629,0.65584
8630,0.52206
8631,0.36377
8632,0.16402
8633,0.009949999999999999
8634,0.0
8635,0.0
8636,0.0
8637,0.0
8638,0.0
8639,0.0
8640,0.0
8641,0.0
8642,0.0
8643,0.0
8644,0.0
8645,0.0
8646,0.04536
8647,0.18480000000000002
8648,0.43352999999999997
8649,0.57368
8650,0.64697
8651,0.64028
8652,0.71753
8653,0.62366
8654,0.53476
8655,0.34843
8656,0.1546
8657,0.00874
8658,0.0
8659,0.0
8660,0.0
8661,0.0
8662,0.0
8663,0.0
8664,0.0
8665,0.0
8666,0.0
8667,0.0
8668,0.0
8669,0.0
8670,0.04344
8671,0.20708000000000001
8672,0.414
8673,0.5293
8674,0.64706
8675,0.66384
8676,0.68889
8677,0.62922
8678,0.51401
8679,0.36961
8680,0.16113999999999998
8681,0.012060000000000001
8682,0.0
8683,0.0
8684,0.0
8685,0.0
8686,0.0
8687,0.0
8688,0.0
8689,0.0
8690,0.0
8691,0.0
8692,0.0
8693,0.0
8694,0.004070000000000001
8695,0.24228
8696,0.44024
8697,0.5945499999999999
8698,0.6994
8699,0.73966
8700,0.73786
8701,0.65766
8702,0.5431900000000001
8703,0.35313
8704,0.17918
8705,0.01307
8706,0.0
8707,0.0
8708,0.0
8709,0.0
8710,0.0
8711,0.0
8712,0.0
8713,0.0
8714,0.0
8715,0.0
8716,0.0
8717,0.0
8718,0.00373
8719,0.22738999999999998
8720,0.42824
8721,0.56139
8722,0.66455
8723,0.67608
8724,0.68162
8725,0.6236900000000001
8726,0.49891
8727,0.34743999999999997
8728,0.15744999999999998
8729,0.01305
8730,0.0
8731,0.0
8732,0.0
8733,0.0
8734,0.0
8735,0.0
8736,0.0
8737,0.0
8738,0.0
8739,0.0
8740,0.0
8741,0.0
8742,0.00369
8743,0.24543
8744,0.44795
8745,0.60497
8746,0.7039
8747,0.75639
8748,0.73336
8749,0.6210399999999999
8750,0.55837
8751,0.37076
8752,0.13602
8753,0.06645000000000001
8754,0.0
8755,0.0
8756,0.0
8757,0.0
8758,0.0
8759,0.0
