,pv_per_unit
0,0.0
1,0.0
2,0.0
3,0.0
4,0.0
5,0.0
6,0.01053
7,0.0514
8,0.11161
9,0.20689
10,0.30468
11,0.50419
12,0.64406
13,0.51184
14,0.46404
15,0.28564999999999996
16,0.13078
17,0.0208
18,0.0
19,0.0
20,0.0
21,0.0
22,0.0
23,0.0
24,0.0
25,0.0
26,0.0
27,0.0
28,0.0
29,0.0
30,0.00317
31,0.05122
32,0.13888999999999999
33,0.36469
34,0.31083
35,0.44194
36,0.57369
37,0.42308
38,0.40198
39,0.27695
40,0.15065
41,0.01957
42,0.0
43,0.0
44,0.0
45,0.0
46,0.0
47,0.0
48,0.0
49,0.0
50,0.0
51,0.0
52,0.0
53,0.0
54,0.00857
55,0.09367
56,0.22893
57,0.26765
58,0.43201
59,0.5650599999999999
60,0.45717
61,0.32003
62,0.24036000000000002
63,0.20048
64,0.10418000000000001
65,0.02259
66,0.0
67,0.0
68,0.0
69,0.0
70,0.0
71,0.0
72,0.0
73,0.0
74,0.0
75,0.0
76,0.0
77,0.0
78,0.01005
79,0.12775
80,0.30766000000000004
81,0.40585000000000004
82,0.4432
83,0.5374500000000001
84,0.56557
85,0.4667
86,0.39898
87,0.19548
88,0.11631999999999999
89,0.01317
90,0.0
91,0.0
92,0.0
93,0.0
94,0.0
95,0.0
96,0.0
97,0.0
98,0.0
99,0.0
100,0.0
101,0.0
102,0.0035299999999999997
103,0.06338
104,0.25701
105,0.25468
106,0.49232
107,0.63346
108,0.49427
109,0.33432
110,0.35720999999999997
111,0.28652999999999995
112,0.16869
113,0.02422
114,0.0
115,0.0
116,0.0
117,0.0
118,0.0
119,0.0
120,0.0
121,0.0
122,0.0
123,0.0
124,0.0
125,0.0
126,0.01002
127,0.15175999999999998
128,0.32815
129,0.43969
130,0.5343
131,0.5651
132,0.522
133,0.58487
134,0.44081
135,0.31193
136,0.13682
137,0.02655
138,0.0
139,0.0
140,0.0
141,0.0
142,0.0
143,0.0
144,0.0
145,0.0
146,0.0
147,0.0
148,0.0
149,0.0
150,0.00917
151,0.12834
152,0.38576
153,0.47958999999999996
154,0.48188
155,0.49862
156,0.54595
157,0.44351
158,0.42404000000000003
159,0.35061000000000003
160,0.14025
161,0.03089
162,0.0
163,0.0
164,0.0
165,0.0
166,0.0
167,0.0
168,0.0
169,0.0
170,0.0
171,0.0
172,0.0
173,0.0
174,0.0060999999999999995
175,0.061340000000000006
176,0.15338
177,0.25791000000000003
178,0.34756
179,0.37189999999999995
180,0.38568
181,0.4066
182,0.27504
183,0.24513
184,0.13293000000000002
185,0.02157
186,0.0
187,0.0
188,0.0
189,0.0
190,0.0
191,0.0
192,0.0
193,0.0
194,0.0
195,0.0
196,0.0
197,0.0
198,0.009519999999999999
199,0.12192
200,0.32352
201,0.48207
202,0.59126
203,0.567
204,0.42582
205,0.38619
206,0.35655000000000003
207,0.25463
208,0.15574000000000002
209,0.03536
210,0.0
211,0.0
212,0.0
213,0.0
214,0.0
215,0.0
216,0.0
217,0.0
218,0.0
219,0.0
220,0.0
221,0.0
222,0.00651
223,0.05925
224,0.2064
225,0.32021
226,0.43010000000000004
227,0.44054000000000004
228,0.38909
229,0.36939999999999995
230,0.31124
231,0.17412
232,0.11073999999999999
233,0.039369999999999995
234,0.0
235,0.0
236,0.0
237,0.0
238,0.0
239,0.0
240,0.0
241,0.0
242,0.0
243,0.0
244,0.0
245,0.0
246,0.00532
247,0.10112
248,0.22493000000000002
249,0.3107
250,0.31876
251,0.40188999999999997
252,0.4377
253,0.43761
254,0.32433
255,0.24252
256,0.15580000000000002
257,0.02187
258,0.0
259,0.0
260,0.0
261,0.0
262,0.0
263,0.0
264,0.0
265,0.0
266,0.0
267,0.0
268,0.0
269,0.0
270,0.00788
271,0.10989
272,0.20221
273,0.35233
274,0.42515
275,0.39732
276,0.52907
277,0.29813
278,0.36124
279,0.25669
280,0.14729
281,0.037689999999999994
282,0.0
283,0.0
284,0.0
285,0.0
286,0.0
287,0.0
288,0.0
289,0.0
290,0.0
291,0.0
292,0.0
293,0.0
294,0.0054800000000000005
295,0.08192
296,0.24972
297,0.37545
298,0.37922
299,0.44892000000000004
300,0.54557
301,0.43113999999999997
302,0.37261
303,0.26787
304,0.15546000000000001
305,0.03191
306,0.0
307,0.0
308,0.0
309,0.0
310,0.0
311,0.0
312,0.0
313,0.0
314,0.0
315,0.0
316,0.0
317,0.0
318,0.00958
319,0.12583
320,0.31951999999999997
321,0.52761
322,0.52822
323,0.61963
324,0.61387
325,0.54434
326,0.43779
327,0.30363999999999997
328,0.12605
329,0.022269999999999998
330,0.0
331,0.0
332,0.0
333,0.0
334,0.0
335,0.0
336,0.0
337,0.0
338,0.0
339,0.0
340,0.0
341,0.0
342,0.00337
343,0.056960000000000004
344,0.13482
345,0.22107
346,0.34494
347,0.43145
348,0.38824000000000003
349,0.45896
350,0.42513999999999996
351,0.28908999999999996
352,0.1579
353,0.0332
354,0.0
355,0.0
356,0.0
357,0.0
358,0.0
359,0.0
360,0.0
361,0.0
362,0.0
363,0.0
364,0.0
365,0.0
366,0.0029500000000000004
367,0.09570000000000001
368,0.23561
369,0.28697
370,0.43233
371,0.43783999999999995
372,0.44933
373,0.48404
374,0.45123
375,0.38009
376,0.19247
377,0.04132
378,0.0
379,0.0
380,0.0
381,0.0
382,0.0
383,0.0
384,0.0
385,0.0
386,0.0
387,0.0
388,0.0
389,0.0
390,0.0078
391,0.0865
392,0.30595
393,0.4143
394,0.42149000000000003
395,0.55469
396,0.49286
397,0.47802
398,0.31273
399,0.28299
400,0.16249
401,0.02946
402,0.0
403,0.0
404,0.0
405,0.0
406,0.0
407,0.0
408,0.0
409,0.0
410,0.0
411,0.0
412,0.0
413,0.0
414,0.00729
415,0.1008
416,0.30431
417,0.45392
418,0.4659
419,0.55967
420,0.5921799999999999
421,0.39687
422,0.47851
423,0.27673000000000003
424,0.12146
425,0.0404
426,0.0
427,0.0
428,0.0
429,0.0
430,0.0
431,0.0
432,0.0
433,0.0
434,0.0
435,0.0
436,0.0
437,0.0
438,0.00244
439,0.08279
440,0.2329
441,0.44929
442,0.52227
443,0.5772200000000001
444,0.58873
445,0.49163999999999997
446,0.43869
447,0.37776
448,0.14980000000000002
449,0.02963
450,0.0
451,0.0
452,0.0
453,0.0
454,0.0
455,0.0
456,0.0
457,0.0
458,0.0
459,0.0
460,0.0
461,0.0
462,0.00366
463,0.06927
464,0.23301
465,0.4522
466,0.47507
467,0.47781999999999997
468,0.52098
469,0.49307999999999996
470,0.441
471,0.39929000000000003
472,0.24119
473,0.03382
474,0.0
475,0.0
476,0.0
477,0.0
478,0.0
479,0.0
480,0.0
481,0.0
482,0.0
483,0.0
484,0.0
485,0.0
486,0.0055
487,0.11319
488,0.32274
489,0.48985
490,0.56704
491,0.60282
492,0.66846
493,0.46104
494,0.35417000000000004
495,0.36145
496,0.23314
497,0.048049999999999995
498,0.0
499,0.0
500,0.0
501,0.0
502,0.0
503,0.0
504,0.0
505,0.0
506,0.0
507,0.0
508,0.0
509,0.0
510,0.009130000000000001
511,0.10449
512,0.31082
513,0.34301
514,0.47696
515,0.49158999999999997
516,0.54072
517,0.60407
518,0.48386
519,0.45149
520,0.18600999999999998
521,0.047799999999999995
522,0.0
523,0.0
524,0.0
525,0.0
526,0.0
527,0.0
528,0.0
529,0.0
530,0.0
531,0.0
532,0.0
533,0.0
534,0.00862
535,0.10162
536,0.23348
537,0.26618
538,0.37862
539,0.40692
540,0.48012
541,0.37142000000000003
542,0.38929
543,0.29036
544,0.16705
545,0.02935
546,0.0
547,0.0
548,0.0
549,0.0
550,0.0
551,0.0
552,0.0
553,0.0
554,0.0
555,0.0
556,0.0
557,0.0
558,0.01039
559,0.14878
560,0.32144
561,0.45246
562,0.48549000000000003
563,0.62774
564,0.64623
565,0.60058
566,0.50705
567,0.38804
568,0.24581999999999998
569,0.06361
570,0.0
571,0.0
572,0.0
573,0.0
574,0.0
575,0.0
576,0.0
577,0.0
578,0.0
579,0.0
580,0.0
581,0.0
582,0.00891
583,0.15209
584,0.35836
585,0.5125599999999999
586,0.65827
587,0.72058
588,0.64844
589,0.57243
590,0.53355
591,0.40258999999999995
592,0.24336000000000002
593,0.04506
594,0.0
595,0.0
596,0.0
597,0.0
598,0.0
599,0.0
600,0.0
601,0.0
602,0.0
603,0.0
604,0.0
605,0.0
606,0.0107
607,0.17154
608,0.35908
609,0.6133
610,0.74361
611,0.8085
612,0.82394
613,0.78592
614,0.68044
615,0.5375599999999999
616,0.31909
617,0.08683
618,0.0
619,0.0
620,0.0
621,0.0
622,0.0
623,0.0
624,0.0
625,0.0
626,0.0
627,0.0
628,0.0
629,0.0
630,0.01024
631,0.16244999999999998
632,0.42787000000000003
633,0.60227
634,0.74609
635,0.80561
636,0.8139
637,0.74691
638,0.6708999999999999
639,0.52987
640,0.29404
641,0.08527
642,0.0
643,0.0
644,0.0
645,0.0
646,0.0
647,0.0
648,0.0
649,0.0
650,0.0
651,0.0
652,0.0
653,0.0
654,0.00991
655,0.16587000000000002
656,0.44212
657,0.60025
658,0.7162200000000001
659,0.78826
660,0.82313
661,0.73287
662,0.62249
663,0.47314
664,0.30733
665,0.08591
666,0.0
667,0.0
668,0.0
669,0.0
670,0.0
671,0.0
672,0.0
673,0.0
674,0.0
675,0.0
676,0.0
677,0.0
678,0.00531
679,0.1452
680,0.37567
681,0.60081
682,0.71209
683,0.7998500000000001
684,0.81714
685,0.76103
686,0.64628
687,0.51057
688,0.31075
689,0.08710999999999999
690,0.0
691,0.0
692,0.0
693,0.0
694,0.0
695,0.0
696,0.0
697,0.0
698,0.0
699,0.0
700,0.0
701,0.0
702,0.00649
703,0.19619
704,0.42492
705,0.58773
706,0.71347
707,0.7752899999999999
708,0.7431599999999999
709,0.5961799999999999
710,0.54555
711,0.37857999999999997
712,0.26137
713,0.061810000000000004
714,0.0
715,0.0
716,0.0
717,0.0
718,0.0
719,0.0
720,0.0
721,0.0
722,0.0
723,0.0
724,0.0
725,0.0
726,0.00697
727,0.19761
728,0.42058999999999996
729,0.54513
730,0.62473
731,0.7363999999999999
732,0.7348600000000001
733,0.6735599999999999
734,0.62166
735,0.46285000000000004
736,0.2637
737,0.05825
738,0.0
739,0.0
740,0.0
741,0.0
742,0.0
743,0.0
744,0.0
745,0.0
746,0.0
747,0.0
748,0.0
749,0.0
750,0.007030000000000001
751,0.17425
752,0.39752
753,0.5461699999999999
754,0.6532100000000001
755,0.7253
756,0.77618
757,0.6787799999999999
758,0.62781
759,0.48077
760,0.25997000000000003
761,0.05225
762,0.0
763,0.0
764,0.0
765,0.0
766,0.0
767,0.0
768,0.0
769,0.0
770,0.0
771,0.0
772,0.0
773,0.0
774,0.00577
775,0.12908
776,0.38864
777,0.49675
778,0.63195
779,0.7387
780,0.7504
781,0.70045
782,0.55255
783,0.459
784,0.27387
785,0.06153
786,0.0
787,0.0
788,0.0
789,0.0
790,0.0
791,0.0
792,0.0
793,0.0
794,0.0
795,0.0
796,0.0
797,0.0
798,0.00521
799,0.19238999999999998
800,0.39531
801,0.6119
802,0.7185
803,0.80098
804,0.82899
805,0.7241299999999999
806,0.6801799999999999
807,0.48329
808,0.27202
809,0.0819
810,0.0
811,0.0
812,0.0
813,0.0
814,0.0
815,0.0
816,0.0
817,0.0
818,0.0
819,0.0
820,0.0
821,0.0
822,0.00859
823,0.18486000000000002
824,0.43173
825,0.55516
826,0.63306
827,0.7212000000000001
828,0.76922
829,0.63848
830,0.6102000000000001
831,0.42166000000000003
832,0.22561
833,0.07345
834,0.0
835,0.0
836,0.0
837,0.0
838,0.0
839,0.0
840,0.0
841,0.0
842,0.0
843,0.0
844,0.0
845,0.0
846,0.0070999999999999995
847,0.17603
848,0.40075
849,0.60407
850,0.67736
851,0.68265
852,0.6635
853,0.5231
854,0.43675
855,0.34785000000000005
856,0.20069
857,0.05663
858,0.0
859,0.0
860,0.0
861,0.0
862,0.0
863,0.0
864,0.0
865,0.0
866,0.0
867,0.0
868,0.0
869,0.0
870,0.00983
871,0.15239
872,0.38281
873,0.41868
874,0.43753
875,0.5258400000000001
876,0.54415
877,0.54528
878,0.4657
879,0.40126
880,0.2374
881,0.05578
882,0.0
883,0.0
884,0.0
885,0.0
886,0.0
887,0.0
888,0.0
889,0.0
890,0.0
891,0.0
892,0.0
893,0.0
894,0.00901
895,0.13296
896,0.37160000000000004
897,0.54834
898,0.58324
899,0.5565599999999999
900,0.66839
901,0.71511
902,0.59964
903,0.44748000000000004
904,0.21080000000000002
905,0.06447
906,0.0
907,0.0
908,0.0
909,0.0
910,0.0
911,0.0
912,0.0
913,0.0
914,0.0
915,0.0
916,0.0
917,0.0
918,0.0054800000000000005
919,0.16108
920,0.408
921,0.50715
922,0.66138
923,0.70878
924,0.71547
925,0.64024
926,0.5804400000000001
927,0.42196
928,0.23347
929,0.0448
930,0.0
931,0.0
932,0.0
933,0.0
934,0.0
935,0.0
936,0.0
937,0.0
938,0.0
939,0.0
940,0.0
941,0.0
942,0.00337
943,0.10013
944,0.30977
945,0.49856
946,0.54953
947,0.68675
948,0.63015
949,0.5379299999999999
950,0.37211
951,0.38825
952,0.21971000000000002
953,0.05914
954,0.0
955,0.0
956,0.0
957,0.0
958,0.0
959,0.0
960,0.0
961,0.0
962,0.0
963,0.0
964,0.0
965,0.0
966,0.00709
967,0.13738
968,0.34013
969,0.47192
970,0.56248
971,0.61524
972,0.72135
973,0.60954
974,0.53262
975,0.38789
976,0.22421000000000002
977,0.04934
978,0.0
979,0.0
980,0.0
981,0.0
982,0.0
983,0.0
984,0.0
985,0.0
986,0.0
987,0.0
988,0.0
989,0.0
990,0.0038900000000000002
991,0.08329
992,0.28122
993,0.4674
994,0.6002799999999999
995,0.68077
996,0.6245700000000001
997,0.5160399999999999
998,0.45636
999,0.3548
1000,0.15787
1001,0.053770000000000005
1002,0.0
1003,0.0
1004,0.0
1005,0.0
1006,0.0
1007,0.0
1008,0.0
1009,0.0
1010,0.0
1011,0.0
1012,0.0
1013,0.0
1014,0.0047
1015,0.0953
1016,0.24688
1017,0.40157
1018,0.40682
1019,0.45781
1020,0.44599
1021,0.51976
1022,0.48146
1023,0.25386000000000003
1024,0.16576
1025,0.03673
1026,0.0
1027,0.0
1028,0.0
1029,0.0
1030,0.0
1031,0.0
1032,0.0
1033,0.0
1034,0.0
1035,0.0
1036,0.0
1037,0.0
1038,0.00843
1039,0.11857
1040,0.30261
1041,0.39942
1042,0.41695
1043,0.42519
1044,0.5135599999999999
1045,0.5571799999999999
1046,0.55075
1047,0.32709
1048,0.18782
1049,0.06056
1050,0.0
1051,0.0
1052,0.0
1053,0.0
1054,0.0
1055,0.0
1056,0.0
1057,0.0
1058,0.0
1059,0.0
1060,0.0
1061,0.0
1062,0.00372
1063,0.08418
1064,0.22059
1065,0.38716
1066,0.438
1067,0.5645
1068,0.5591499999999999
1069,0.59036
1070,0.50805
1071,0.37223
1072,0.20668
1073,0.04818
1074,0.0
1075,0.0
1076,0.0
1077,0.0
1078,0.0
1079,0.0
1080,0.0
1081,0.0
1082,0.0
1083,0.0
1084,0.0
1085,0.0
1086,0.0072
1087,0.10812999999999999
1088,0.21635
1089,0.41223000000000004
1090,0.5549700000000001
1091,0.654
1092,0.66655
1093,0.55455
1094,0.48619
1095,0.29262
1096,0.147
1097,0.03889
1098,0.0
1099,0.0
1100,0.0
1101,0.0
1102,0.0
1103,0.0
1104,0.0
1105,0.0
1106,0.0
1107,0.0
1108,0.0
1109,0.0
1110,0.0083
1111,0.10222
1112,0.29845
1113,0.46902999999999995
1114,0.58477
1115,0.52766
1116,0.56067
1117,0.47292
1118,0.35693
1119,0.22157
1120,0.15150999999999998
1121,0.02019
1122,0.0
1123,0.0
1124,0.0
1125,0.0
1126,0.0
1127,0.0
1128,0.0
1129,0.0
1130,0.0
1131,0.0
1132,0.0
1133,0.0
1134,0.00496
1135,0.08786
1136,0.1397
1137,0.44822
1138,0.50299
1139,0.59946
1140,0.60046
1141,0.45267
1142,0.43739999999999996
1143,0.17427
1144,0.11237
1145,0.01725
1146,0.0
1147,0.0
1148,0.0
1149,0.0
1150,0.0
1151,0.0
1152,0.0
1153,0.0
1154,0.0
1155,0.0
1156,0.0
1157,0.0
1158,0.00495
1159,0.05957
1160,0.16436
1161,0.23691
1162,0.24231999999999998
1163,0.27002
1164,0.41068
1165,0.38541000000000003
1166,0.34173000000000003
1167,0.21600999999999998
1168,0.09828
1169,0.031010000000000003
1170,0.0
1171,0.0
1172,0.0
1173,0.0
1174,0.0
1175,0.0
1176,0.0
1177,0.0
1178,0.0
1179,0.0
1180,0.0
1181,0.0
1182,0.0043
1183,0.08921
1184,0.25704000000000005
1185,0.3489
1186,0.39822
1187,0.40428
1188,0.61281
1189,0.47817000000000004
1190,0.5619299999999999
1191,0.34194
1192,0.27564
1193,0.0625
1194,0.0
1195,0.0
1196,0.0
1197,0.0
1198,0.0
1199,0.0
1200,0.0
1201,0.0
1202,0.0
1203,0.0
1204,0.0
1205,0.0
1206,0.00387
1207,0.07951000000000001
1208,0.14543
1209,0.36258999999999997
1210,0.47226
1211,0.56178
1212,0.59742
1213,0.41287999999999997
1214,0.36295
1215,0.23169
1216,0.12943000000000002
1217,0.03169
1218,0.0
1219,0.0
1220,0.0
1221,0.0
1222,0.0
1223,0.0
1224,0.0
1225,0.0
1226,0.0
1227,0.0
1228,0.0
1229,0.0
1230,0.00232
1231,0.08517
1232,0.16816
1233,0.35474
1234,0.44748000000000004
1235,0.5738
1236,0.61673
1237,0.45064
1238,0.31968
1239,0.26629
1240,0.14379
1241,0.02164
1242,0.0
1243,0.0
1244,0.0
1245,0.0
1246,0.0
1247,0.0
1248,0.0
1249,0.0
1250,0.0
1251,0.0
1252,0.0
1253,0.0
1254,0.002
1255,0.05868
1256,0.15383000000000002
1257,0.24092
1258,0.41119
1259,0.53672
1260,0.5057200000000001
1261,0.44168999999999997
1262,0.37614
1263,0.37086
1264,0.1784
1265,0.04548
1266,0.0
1267,0.0
1268,0.0
1269,0.0
1270,0.0
1271,0.0
1272,0.0
1273,0.0
1274,0.0
1275,0.0
1276,0.0
1277,0.0
1278,0.0077
1279,0.17403
1280,0.41501
1281,0.60622
1282,0.70098
1283,0.7511
1284,0.72907
1285,0.60414
1286,0.44772
1287,0.27838999999999997
1288,0.15802000000000002
1289,0.05454
1290,0.0
1291,0.0
1292,0.0
1293,0.0
1294,0.0
1295,0.0
1296,0.0
1297,0.0
1298,0.0
1299,0.0
1300,0.0
1301,0.0
1302,0.00747
1303,0.15672999999999998
1304,0.37048000000000003
1305,0.47754
1306,0.52501
1307,0.6478400000000001
1308,0.55729
1309,0.44194
1310,0.49484
1311,0.3315
1312,0.22933
1313,0.04668
1314,0.0
1315,0.0
1316,0.0
1317,0.0
1318,0.0
1319,0.0
1320,0.0
1321,0.0
1322,0.0
1323,0.0
1324,0.0
1325,0.0
1326,0.00577
1327,0.17048
1328,0.36688
1329,0.53427
1330,0.70055
1331,0.7145199999999999
1332,0.80777
1333,0.68736
1334,0.60134
1335,0.4801
1336,0.29043
1337,0.09043999999999999
1338,0.0
1339,0.0
1340,0.0
1341,0.0
1342,0.0
1343,0.0
1344,0.0
1345,0.0
1346,0.0
1347,0.0
1348,0.0
1349,0.0
1350,0.00828
1351,0.16649
1352,0.37654000000000004
1353,0.52707
1354,0.68813
1355,0.6680900000000001
1356,0.6255299999999999
1357,0.4263
1358,0.47802
1359,0.42171
1360,0.25024
1361,0.07617
1362,0.0
1363,0.0
1364,0.0
1365,0.0
1366,0.0
1367,0.0
1368,0.0
1369,0.0
1370,0.0
1371,0.0
1372,0.0
1373,0.0
1374,0.00802
1375,0.1085
1376,0.29358
1377,0.5021100000000001
1378,0.6073200000000001
1379,0.5393300000000001
1380,0.5077200000000001
1381,0.48926
1382,0.42007
1383,0.38616
1384,0.16222999999999999
1385,0.03893
1386,0.0
1387,0.0
1388,0.0
1389,0.0
1390,0.0
1391,0.0
1392,0.0
1393,0.0
1394,0.0
1395,0.0
1396,0.0
1397,0.0
1398,0.00745
1399,0.1133
1400,0.30609
1401,0.44265
1402,0.5695
1403,0.5575800000000001
1404,0.53701
1405,0.35086
1406,0.33287
1407,0.29969
1408,0.12891999999999998
1409,0.04665
1410,0.0
1411,0.0
1412,0.0
1413,0.0
1414,0.0
1415,0.0
1416,0.0
1417,0.0
1418,0.0
1419,0.0
1420,0.0
1421,0.0
1422,0.006679999999999999
1423,0.10754000000000001
1424,0.25786000000000003
1425,0.29595
1426,0.38021
1427,0.40422
1428,0.41484
1429,0.43754000000000004
1430,0.2882
1431,0.23612
1432,0.09675
1433,0.03566
1434,0.0
1435,0.0
1436,0.0
1437,0.0
1438,0.0
1439,0.0
1440,0.0
1441,0.0
1442,0.0
1443,0.0
1444,0.0
1445,0.0
1446,0.00101
1447,0.04027
1448,0.14608000000000002
1449,0.24128
1450,0.13623
1451,0.38138
1452,0.39156
1453,0.2459
1454,0.25128
1455,0.15666999999999998
1456,0.14404
1457,0.038810000000000004
1458,0.0
1459,0.0
1460,0.0
1461,0.0
1462,0.0
1463,0.0
1464,0.0
1465,0.0
1466,0.0
1467,0.0
1468,0.0
1469,0.0
1470,0.00394
1471,0.11377
1472,0.17859
1473,0.17515
1474,0.29517000000000004
1475,0.449
1476,0.52939
1477,0.31456
1478,0.30945999999999996
1479,0.23646999999999999
1480,0.15225999999999998
1481,0.02953
1482,0.0
1483,0.0
1484,0.0
1485,0.0
1486,0.0
1487,0.0
1488,0.0
1489,0.0
1490,0.0
1491,0.0
1492,0.0
1493,0.0
1494,0.00233
1495,0.02991
1496,0.09282
1497,0.15236000000000002
1498,0.20677
1499,0.31161
1500,0.45868000000000003
1501,0.39059
1502,0.26827
1503,0.22337
1504,0.15932
1505,0.041890000000000004
1506,0.0
1507,0.0
1508,0.0
1509,0.0
1510,0.0
1511,0.0
1512,0.0
1513,0.0
1514,0.0
1515,0.0
1516,0.0
1517,0.0
1518,0.00285
1519,0.0295
1520,0.09144
1521,0.17705
1522,0.29208999999999996
1523,0.38542000000000004
1524,0.62801
1525,0.51076
1526,0.31851
1527,0.26982
1528,0.14134
1529,0.03539
1530,0.0
1531,0.0
1532,0.0
1533,0.0
1534,0.0
1535,0.0
1536,0.0
1537,0.0
1538,0.0
1539,0.0
1540,0.0
1541,0.0
1542,0.00715
1543,0.12498000000000001
1544,0.29856
1545,0.43247
1546,0.42169
1547,0.46764999999999995
1548,0.46914
1549,0.61475
1550,0.39453
1551,0.23643
1552,0.1497
1553,0.024820000000000002
1554,0.0
1555,0.0
1556,0.0
1557,0.0
1558,0.0
1559,0.0
1560,0.0
1561,0.0
1562,0.0
1563,0.0
1564,0.0
1565,0.0
1566,0.00708
1567,0.08827
1568,0.25721
1569,0.35736
1570,0.46482
1571,0.49569
1572,0.56959
1573,0.25478
1574,0.33698
1575,0.20625
1576,0.1494
1577,0.020489999999999998
1578,0.0
1579,0.0
1580,0.0
1581,0.0
1582,0.0
1583,0.0
1584,0.0
1585,0.0
1586,0.0
1587,0.0
1588,0.0
1589,0.0
1590,0.00714
1591,0.07194
1592,0.17694
1593,0.29560000000000003
1594,0.36287
1595,0.47008999999999995
1596,0.5169600000000001
1597,0.23483
1598,0.28275
1599,0.23519
1600,0.13225
1601,0.054909999999999994
1602,0.0
1603,0.0
1604,0.0
1605,0.0
1606,0.0
1607,0.0
1608,0.0
1609,0.0
1610,0.0
1611,0.0
1612,0.0
1613,0.0
1614,0.00075
1615,0.04813
1616,0.06278
1617,0.142
1618,0.23534
1619,0.24947999999999998
1620,0.28636
1621,0.1348
1622,0.16988999999999999
1623,0.11982999999999999
1624,0.08571
1625,0.02879
1626,0.0
1627,0.0
1628,0.0
1629,0.0
1630,0.0
1631,0.0
1632,0.0
1633,0.0
1634,0.0
1635,0.0
1636,0.0
1637,0.0
1638,0.00412
1639,0.0849
1640,0.21578999999999998
1641,0.20199
1642,0.43189999999999995
1643,0.37353
1644,0.2924
1645,0.45276
1646,0.29882
1647,0.24438
1648,0.13447
1649,0.02503
1650,0.0
1651,0.0
1652,0.0
1653,0.0
1654,0.0
1655,0.0
1656,0.0
1657,0.0
1658,0.0
1659,0.0
1660,0.0
1661,0.0
1662,0.00211
1663,0.02116
1664,0.04895
1665,0.10260999999999999
1666,0.17305
1667,0.2736
1668,0.3347
1669,0.07891
1670,0.04826
1671,0.05583
1672,0.02619
1673,0.0025099999999999996
1674,0.0
1675,0.0
1676,0.0
1677,0.0
1678,0.0
1679,0.0
1680,0.0
1681,0.0
1682,0.0
1683,0.0
1684,0.0
1685,0.0
1686,0.00771
1687,0.08718000000000001
1688,0.15475
1689,0.20385
1690,0.29752999999999996
1691,0.4572
1692,0.35668
1693,0.43651
1694,0.30765
1695,0.12714
1696,0.10976000000000001
1697,0.019960000000000002
1698,0.0
1699,0.0
1700,0.0
1701,0.0
1702,0.0
1703,0.0
1704,0.0
1705,0.0
1706,0.0
1707,0.0
1708,0.0
1709,0.0
1710,0.00791
1711,0.05814
1712,0.10857
1713,0.1443
1714,0.15880000000000002
1715,0.4541
1716,0.4609
1717,0.35313
1718,0.35395
1719,0.28914999999999996
1720,0.19294
1721,0.04149
1722,0.0
1723,0.0
1724,0.0
1725,0.0
1726,0.0
1727,0.0
1728,0.0
1729,0.0
1730,0.0
1731,0.0
1732,0.0
1733,0.0
1734,0.01067
1735,0.06323
1736,0.15163
1737,0.2322
1738,0.32969
1739,0.49715
1740,0.56523
1741,0.6215700000000001
1742,0.5215
1743,0.3155
1744,0.16213999999999998
1745,0.030629999999999998
1746,0.0
1747,0.0
1748,0.0
1749,0.0
1750,0.0
1751,0.0
1752,0.0
1753,0.0
1754,0.0
1755,0.0
1756,0.0
1757,0.0
1758,0.00395
1759,0.07739
1760,0.16175
1761,0.24834
1762,0.2886
1763,0.41614999999999996
1764,0.41326
1765,0.50383
1766,0.42096
1767,0.21162999999999998
1768,0.11234999999999999
1769,0.017839999999999998
1770,0.0
1771,0.0
1772,0.0
1773,0.0
1774,0.0
1775,0.0
1776,0.0
1777,0.0
1778,0.0
1779,0.0
1780,0.0
1781,0.0
1782,0.0192
1783,0.18744999999999998
1784,0.41037
1785,0.51524
1786,0.59924
1787,0.60388
1788,0.5572699999999999
1789,0.39897000000000005
1790,0.27359
1791,0.23327
1792,0.15208000000000002
1793,0.02932
1794,0.0
1795,0.0
1796,0.0
1797,0.0
1798,0.0
1799,0.0
1800,0.0
1801,0.0
1802,0.0
1803,0.0
1804,0.0
1805,0.0
1806,0.006690000000000001
1807,0.09838
1808,0.21612
1809,0.37659
1810,0.33388
1811,0.45400999999999997
1812,0.39881
1813,0.53606
1814,0.38001999999999997
1815,0.26711
1816,0.15935
1817,0.030629999999999998
1818,0.0
1819,0.0
1820,0.0
1821,0.0
1822,0.0
1823,0.0
1824,0.0
1825,0.0
1826,0.0
1827,0.0
1828,0.0
1829,0.0
1830,0.0049900000000000005
1831,0.03686
1832,0.07
1833,0.20812999999999998
1834,0.40323000000000003
1835,0.4542
1836,0.4765
1837,0.56501
1838,0.33777999999999997
1839,0.33315
1840,0.13393
1841,0.02629
1842,0.0
1843,0.0
1844,0.0
1845,0.0
1846,0.0
1847,0.0
1848,0.0
1849,0.0
1850,0.0
1851,0.0
1852,0.0
1853,0.0
1854,0.0059299999999999995
1855,0.07704000000000001
1856,0.18675
1857,0.22666999999999998
1858,0.31433
1859,0.55572
1860,0.52419
1861,0.57659
1862,0.37239
1863,0.26463
1864,0.1462
1865,0.02723
1866,0.0
1867,0.0
1868,0.0
1869,0.0
1870,0.0
1871,0.0
1872,0.0
1873,0.0
1874,0.0
1875,0.0
1876,0.0
1877,0.0
1878,0.01133
1879,0.11008
1880,0.27756000000000003
1881,0.36501999999999996
1882,0.47655000000000003
1883,0.42924
1884,0.55652
1885,0.5069
1886,0.50146
1887,0.30423
1888,0.12915000000000001
1889,0.01932
1890,0.0
1891,0.0
1892,0.0
1893,0.0
1894,0.0
1895,0.0
1896,0.0
1897,0.0
1898,0.0
1899,0.0
1900,0.0
1901,0.0
1902,0.01158
1903,0.15884
1904,0.34176999999999996
1905,0.49092
1906,0.57685
1907,0.61797
1908,0.63954
1909,0.5317799999999999
1910,0.47355
1911,0.37549
1912,0.21058000000000002
1913,0.02187
1914,0.0
1915,0.0
1916,0.0
1917,0.0
1918,0.0
1919,0.0
1920,0.0
1921,0.0
1922,0.0
1923,0.0
1924,0.0
1925,0.0
1926,0.00821
1927,0.10177
1928,0.14501
1929,0.21656999999999998
1930,0.27595
1931,0.38455
1932,0.42732
1933,0.48841
1934,0.44389999999999996
1935,0.34161
1936,0.14711000000000002
1937,0.027600000000000003
1938,0.0
1939,0.0
1940,0.0
1941,0.0
1942,0.0
1943,0.0
1944,0.0
1945,0.0
1946,0.0
1947,0.0
1948,0.0
1949,0.0
1950,0.00401
1951,0.0855
1952,0.19286
1953,0.30041
1954,0.30293000000000003
1955,0.43243
1956,0.46099
1957,0.46136
1958,0.35436
1959,0.25851
1960,0.06125
1961,0.00731
1962,0.0
1963,0.0
1964,0.0
1965,0.0
1966,0.0
1967,0.0
1968,0.0
1969,0.0
1970,0.0
1971,0.0
1972,0.0
1973,0.0
1974,0.00782
1975,0.10399
1976,0.25035
1977,0.40734
1978,0.51156
1979,0.44577
1980,0.66316
1981,0.60654
1982,0.39656
1983,0.28578
1984,0.10525
1985,0.016190000000000003
1986,0.0
1987,0.0
1988,0.0
1989,0.0
1990,0.0
1991,0.0
1992,0.0
1993,0.0
1994,0.0
1995,0.0
1996,0.0
1997,0.0
1998,0.01011
1999,0.09201000000000001
2000,0.20651
2001,0.37222000000000005
2002,0.38942
2003,0.38966
2004,0.36062
2005,0.28308
2006,0.15433000000000002
2007,0.12958
2008,0.14582
2009,0.04124
2010,0.0
2011,0.0
2012,0.0
2013,0.0
2014,0.0
2015,0.0
2016,0.0
2017,0.0
2018,0.0
2019,0.0
2020,0.0
2021,0.0
2022,0.00785
2023,0.04897
2024,0.12922999999999998
2025,0.24364
2026,0.2978
2027,0.53624
2028,0.5316900000000001
2029,0.45432
2030,0.42295
2031,0.28582
2032,0.1549
2033,0.04401
2034,0.0
2035,0.0
2036,0.0
2037,0.0
2038,0.0
2039,0.0
2040,0.0
2041,0.0
2042,0.0
2043,0.0
2044,0.0
2045,0.0
2046,0.00417
2047,0.05099
2048,0.11370000000000001
2049,0.24978
2050,0.44626
2051,0.53613
2052,0.48528
2053,0.39626999999999996
2054,0.31815
2055,0.29862
2056,0.1021
2057,0.03399
2058,0.0
2059,0.0
2060,0.0
2061,0.0
2062,0.0
2063,0.0
2064,0.0
2065,0.0
2066,0.0
2067,0.0
2068,0.0
2069,0.0
2070,0.00298
2071,0.10186
2072,0.21755000000000002
2073,0.20552
2074,0.23707
2075,0.28879000000000005
2076,0.44433999999999996
2077,0.41602999999999996
2078,0.45409
2079,0.27526999999999996
2080,0.13738999999999998
2081,0.02996
2082,0.0
2083,0.0
2084,0.0
2085,0.0
2086,0.0
2087,0.0
2088,0.0
2089,0.0
2090,0.0
2091,0.0
2092,0.0
2093,0.0
2094,0.0070999999999999995
2095,0.09391
2096,0.15921000000000002
2097,0.22784000000000001
2098,0.33358
2099,0.24359999999999998
2100,0.37744
2101,0.37331
2102,0.20219
2103,0.20485
2104,0.08951
2105,0.03524
2106,0.0
2107,0.0
2108,0.0
2109,0.0
2110,0.0
2111,0.0
2112,0.0
2113,0.0
2114,0.0
2115,0.0
2116,0.0
2117,0.0
2118,0.0064800000000000005
2119,0.08561
2120,0.16819
2121,0.41642
2122,0.39282999999999996
2123,0.47226
2124,0.61137
2125,0.41564
2126,0.33497000000000005
2127,0.34906
2128,0.11643
2129,0.033229999999999996
2130,0.0
2131,0.0
2132,0.0
2133,0.0
2134,0.0
2135,0.0
2136,0.0
2137,0.0
2138,0.0
2139,0.0
2140,0.0
2141,0.0
2142,0.012150000000000001
2143,0.10259
2144,0.25877999999999995
2145,0.31233999999999995
2146,0.53507
2147,0.34029000000000004
2148,0.51473
2149,0.31383999999999995
2150,0.35379
2151,0.29379
2152,0.15599000000000002
2153,0.02947
2154,0.0
2155,0.0
2156,0.0
2157,0.0
2158,0.0
2159,0.0
2160,0.0
2161,0.0
2162,0.0
2163,0.0
2164,0.0
2165,0.0
2166,0.01509
2167,0.12251000000000001
2168,0.31812
2169,0.30197
2170,0.32439
2171,0.31765
2172,0.39676999999999996
2173,0.50694
2174,0.37564
2175,0.30862
2176,0.11912
2177,0.03185
2178,0.0
2179,0.0
2180,0.0
2181,0.0
2182,0.0
2183,0.0
2184,0.0
2185,0.0
2186,0.0
2187,0.0
2188,0.0
2189,0.0
2190,0.00363
2191,0.04038
2192,0.10840999999999999
2193,0.18264
2194,0.213
2195,0.27344
2196,0.3092
2197,0.30260000000000004
2198,0.16737
2199,0.19607
2200,0.07406
2201,0.019780000000000002
2202,0.0
2203,0.0
2204,0.0
2205,0.0
2206,0.0
2207,0.0
2208,0.0
2209,0.0
2210,0.0
2211,0.0
2212,0.0
2213,0.0
2214,0.02538
2215,0.14567
2216,0.27307
2217,0.48677
2218,0.53577
2219,0.50428
2220,0.69455
2221,0.60887
2222,0.4337
2223,0.33037
2224,0.13263
2225,0.03409
2226,0.0
2227,0.0
2228,0.0
2229,0.0
2230,0.0
2231,0.0
2232,0.0
2233,0.0
2234,0.0
2235,0.0
2236,0.0
2237,0.0
2238,0.019289999999999998
2239,0.18181
2240,0.30972000000000005
2241,0.54207
2242,0.52201
2243,0.52866
2244,0.6479400000000001
2245,0.50824
2246,0.48113
2247,0.29641
2248,0.1285
2249,0.02727
2250,0.0
2251,0.0
2252,0.0
2253,0.0
2254,0.0
2255,0.0
2256,0.0
2257,0.0
2258,0.0
2259,0.0
2260,0.0
2261,0.0
2262,0.015210000000000001
2263,0.10175
2264,0.27851
2265,0.54474
2266,0.46538999999999997
2267,0.49418
2268,0.5124299999999999
2269,0.5267000000000001
2270,0.34752999999999995
2271,0.293
2272,0.15159999999999998
2273,0.028390000000000002
2274,0.0
2275,0.0
2276,0.0
2277,0.0
2278,0.0
2279,0.0
2280,0.0
2281,0.0
2282,0.0
2283,0.0
2284,0.0
2285,0.0
2286,0.016210000000000002
2287,0.11
2288,0.25236000000000003
2289,0.37677999999999995
2290,0.40992
2291,0.40635000000000004
2292,0.43341
2293,0.31129
2294,0.2354
2295,0.27351
2296,0.1751
2297,0.03047
2298,0.0
2299,0.0
2300,0.0
2301,0.0
2302,0.0
2303,0.0
2304,0.0
2305,0.0
2306,0.0
2307,0.0
2308,0.0
2309,0.0
2310,0.019780000000000002
2311,0.10054
2312,0.25296
2313,0.31261
2314,0.48399000000000003
2315,0.42658999999999997
2316,0.50262
2317,0.3817
2318,0.27570999999999996
2319,0.18891
2320,0.08776
2321,0.02104
2322,0.0
2323,0.0
2324,0.0
2325,0.0
2326,0.0
2327,0.0
2328,0.0
2329,0.0
2330,0.0
2331,0.0
2332,0.0
2333,0.0
2334,0.01705
2335,0.10748999999999999
2336,0.23258
2337,0.26650999999999997
2338,0.39471
2339,0.39073
2340,0.39742
2341,0.44424
2342,0.37461
2343,0.21080000000000002
2344,0.07151
2345,0.01775
2346,0.0
2347,0.0
2348,0.0
2349,0.0
2350,0.0
2351,0.0
2352,0.0
2353,0.0
2354,0.0
2355,0.0
2356,0.0
2357,0.0
2358,0.0089
2359,0.04586
2360,0.12537
2361,0.29289
2362,0.32198000000000004
2363,0.31939999999999996
2364,0.39775
2365,0.30108999999999997
2366,0.33267
2367,0.29699000000000003
2368,0.08501
2369,0.030899999999999997
2370,0.0
2371,0.0
2372,0.0
2373,0.0
2374,0.0
2375,0.0
2376,0.0
2377,0.0
2378,0.0
2379,0.0
2380,0.0
2381,0.0
2382,0.01122
2383,0.10065
2384,0.19957
2385,0.27598
2386,0.20326
2387,0.29095
2388,0.24067
2389,0.28052999999999995
2390,0.2341
2391,0.21666999999999997
2392,0.07662999999999999
2393,0.01802
2394,0.0
2395,0.0
2396,0.0
2397,0.0
2398,0.0
2399,0.0
2400,0.0
2401,0.0
2402,0.0
2403,0.0
2404,0.0
2405,0.0
2406,0.022109999999999998
2407,0.13843
2408,0.26885000000000003
2409,0.38681
2410,0.5456
2411,0.56163
2412,0.56389
2413,0.57092
2414,0.43312
2415,0.32085
2416,0.14916
2417,0.02282
2418,0.0
2419,0.0
2420,0.0
2421,0.0
2422,0.0
2423,0.0
2424,0.0
2425,0.0
2426,0.0
2427,0.0
2428,0.0
2429,0.0
2430,0.028149999999999998
2431,0.16822
2432,0.35751
2433,0.40876999999999997
2434,0.51613
2435,0.43875
2436,0.5659400000000001
2437,0.38095999999999997
2438,0.38039
2439,0.3371
2440,0.1057
2441,0.02807
2442,0.0
2443,0.0
2444,0.0
2445,0.0
2446,0.0
2447,0.0
2448,0.0
2449,0.0
2450,0.0
2451,0.0
2452,0.0
2453,0.0
2454,0.03132
2455,0.19318000000000002
2456,0.33317
2457,0.53364
2458,0.5791499999999999
2459,0.63014
2460,0.62821
2461,0.55683
2462,0.33866
2463,0.23681
2464,0.15622
2465,0.02893
2466,0.0
2467,0.0
2468,0.0
2469,0.0
2470,0.0
2471,0.0
2472,0.0
2473,0.0
2474,0.0
2475,0.0
2476,0.0
2477,0.0
2478,0.03148
2479,0.19598
2480,0.43113999999999997
2481,0.50964
2482,0.62742
2483,0.60524
2484,0.52546
2485,0.46302
2486,0.43035
2487,0.32589999999999997
2488,0.14548
2489,0.02557
2490,0.0
2491,0.0
2492,0.0
2493,0.0
2494,0.0
2495,0.0
2496,0.0
2497,0.0
2498,0.0
2499,0.0
2500,0.0
2501,0.0
2502,0.03275
2503,0.18397999999999998
2504,0.36828
2505,0.52095
2506,0.47576999999999997
2507,0.6509400000000001
2508,0.6539299999999999
2509,0.54723
2510,0.48151
2511,0.35628
2512,0.1638
2513,0.01767
2514,0.0
2515,0.0
2516,0.0
2517,0.0
2518,0.0
2519,0.0
2520,0.0
2521,0.0
2522,0.0
2523,0.0
2524,0.0
2525,0.0
2526,0.018879999999999997
2527,0.10826000000000001
2528,0.13891
2529,0.19132
2530,0.25368999999999997
2531,0.31987
2532,0.2834
2533,0.27718
2534,0.20344
2535,0.12129999999999999
2536,0.06963
2537,0.00931
2538,0.0
2539,0.0
2540,0.0
2541,0.0
2542,0.0
2543,0.0
2544,0.0
2545,0.0
2546,0.0
2547,0.0
2548,0.0
2549,0.0
2550,0.02051
2551,0.09201999999999999
2552,0.17715999999999998
2553,0.36663999999999997
2554,0.44207
2555,0.34425
2556,0.3962
2557,0.1175
2558,0.18571000000000001
2559,0.12254000000000001
2560,0.09254000000000001
2561,0.01675
2562,0.0
2563,0.0
2564,0.0
2565,0.0
2566,0.0
2567,0.0
2568,0.0
2569,0.0
2570,0.0
2571,0.0
2572,0.0
2573,0.0
2574,0.01219
2575,0.07534
2576,0.12591
2577,0.1674
2578,0.25568
2579,0.29508999999999996
2580,0.49686
2581,0.35042
2582,0.35629
2583,0.19988999999999998
2584,0.12709
2585,0.02504
2586,0.0
2587,0.0
2588,0.0
2589,0.0
2590,0.0
2591,0.0
2592,0.0
2593,0.0
2594,0.0
2595,0.0
2596,0.0
2597,0.0
2598,0.01844
2599,0.09802
2600,0.34643
2601,0.40602
2602,0.34182999999999997
2603,0.48591
2604,0.59108
2605,0.47170999999999996
2606,0.35002
2607,0.29956
2608,0.09042
2609,0.02416
2610,0.0
2611,0.0
2612,0.0
2613,0.0
2614,0.0
2615,0.0
2616,0.0
2617,0.0
2618,0.0
2619,0.0
2620,0.0
2621,0.0
2622,0.01017
2623,0.0615
2624,0.24218
2625,0.30457
2626,0.45086000000000004
2627,0.5009
2628,0.45235000000000003
2629,0.34661000000000003
2630,0.23893999999999999
2631,0.21736000000000003
2632,0.13971
2633,0.02619
2634,0.0
2635,0.0
2636,0.0
2637,0.0
2638,0.0
2639,0.0
2640,0.0
2641,0.0
2642,0.0
2643,0.0
2644,0.0
2645,0.0
2646,0.03656
2647,0.17807
2648,0.30152999999999996
2649,0.40355
2650,0.39920999999999995
2651,0.48678
2652,0.39538
2653,0.25991000000000003
2654,0.31939999999999996
2655,0.17977
2656,0.03943
2657,0.00758
2658,0.0
2659,0.0
2660,0.0
2661,0.0
2662,0.0
2663,0.0
2664,0.0
2665,0.0
2666,0.0
2667,0.0
2668,0.0
2669,0.0
2670,0.03368
2671,0.14926
2672,0.24689
2673,0.42598
2674,0.44593
2675,0.5050899999999999
2676,0.42045
2677,0.22993
2678,0.21439
2679,0.14626
2680,0.0601
2681,0.01078
2682,0.0
2683,0.0
2684,0.0
2685,0.0
2686,0.0
2687,0.0
2688,0.0
2689,0.0
2690,0.0
2691,0.0
2692,0.0
2693,0.0
2694,0.009630000000000001
2695,0.07189
2696,0.13147999999999999
2697,0.16409
2698,0.19602
2699,0.1384
2700,0.11603
2701,0.15511000000000003
2702,0.21597999999999998
2703,0.22705
2704,0.11846999999999999
2705,0.0195
2706,0.0
2707,0.0
2708,0.0
2709,0.0
2710,0.0
2711,0.0
2712,0.0
2713,0.0
2714,0.0
2715,0.0
2716,0.0
2717,0.0
2718,0.015960000000000002
2719,0.13291999999999998
2720,0.26024
2721,0.40393
2722,0.43489
2723,0.39822
2724,0.39988999999999997
2725,0.41201
2726,0.30888
2727,0.15178999999999998
2728,0.08106000000000001
2729,0.01638
2730,0.0
2731,0.0
2732,0.0
2733,0.0
2734,0.0
2735,0.0
2736,0.0
2737,0.0
2738,0.0
2739,0.0
2740,0.0
2741,0.0
2742,0.03839
2743,0.1189
2744,0.20672
2745,0.40436
2746,0.48468
2747,0.50336
2748,0.34607
2749,0.37898000000000004
2750,0.24983000000000002
2751,0.32268
2752,0.15117
2753,0.022850000000000002
2754,0.0
2755,0.0
2756,0.0
2757,0.0
2758,0.0
2759,0.0
2760,0.0
2761,0.0
2762,0.0
2763,0.0
2764,0.0
2765,0.0
2766,0.01821
2767,0.09290999999999999
2768,0.19012
2769,0.26177999999999996
2770,0.38322
2771,0.39333999999999997
2772,0.46897000000000005
2773,0.34076
2774,0.36213999999999996
2775,0.26897000000000004
2776,0.12639
2777,0.01941
2778,0.0
2779,0.0
2780,0.0
2781,0.0
2782,0.0
2783,0.0
2784,0.0
2785,0.0
2786,0.0
2787,0.0
2788,0.0
2789,0.0
2790,0.01642
2791,0.09526000000000001
2792,0.2291
2793,0.30668
2794,0.47317000000000004
2795,0.52413
2796,0.42355000000000004
2797,0.42449000000000003
2798,0.4165
2799,0.27216
2800,0.14961000000000002
2801,0.01479
2802,0.0
2803,0.0
2804,0.0
2805,0.0
2806,0.0
2807,0.0
2808,0.0
2809,0.0
2810,0.0
2811,0.0
2812,0.0
2813,0.0
2814,0.00294
2815,0.05878
2816,0.12573
2817,0.13386
2818,0.23723
2819,0.23811000000000002
2820,0.30474
2821,0.29458
2822,0.34837
2823,0.3364
2824,0.15563
2825,0.02878
2826,0.0
2827,0.0
2828,0.0
2829,0.0
2830,0.0
2831,0.0
2832,0.0
2833,0.0
2834,0.0
2835,0.0
2836,0.0
2837,0.0
2838,0.022670000000000003
2839,0.13641
2840,0.23615
2841,0.22547999999999999
2842,0.20929
2843,0.27329000000000003
2844,0.31876
2845,0.42865
2846,0.26842
2847,0.26189
2848,0.13438999999999998
2849,0.016280000000000003
2850,0.0
2851,0.0
2852,0.0
2853,0.0
2854,0.0
2855,0.0
2856,0.0
2857,0.0
2858,0.0
2859,0.0
2860,0.0
2861,0.0
2862,0.027219999999999998
2863,0.14418
2864,0.28434
2865,0.44433999999999996
2866,0.53383
2867,0.6276900000000001
2868,0.50692
2869,0.23087
2870,0.33311
2871,0.25582
2872,0.16296000000000002
2873,0.02752
2874,0.0
2875,0.0
2876,0.0
2877,0.0
2878,0.0
2879,0.0
2880,0.0
2881,0.0
2882,0.0
2883,0.0
2884,0.0
2885,0.0
2886,0.03651
2887,0.20982
2888,0.40022
2889,0.46864999999999996
2890,0.5892200000000001
2891,0.58993
2892,0.62409
2893,0.5674600000000001
2894,0.40993
2895,0.33154
2896,0.21422
2897,0.03642
2898,0.0
2899,0.0
2900,0.0
2901,0.0
2902,0.0
2903,0.0
2904,0.0
2905,0.0
2906,0.0
2907,0.0
2908,0.0
2909,0.0
2910,0.038520000000000006
2911,0.18431999999999998
2912,0.37283
2913,0.4594
2914,0.40843
2915,0.56202
2916,0.70445
2917,0.53685
2918,0.53214
2919,0.38719
2920,0.19313
2921,0.038009999999999995
2922,0.0
2923,0.0
2924,0.0
2925,0.0
2926,0.0
2927,0.0
2928,0.0
2929,0.0
2930,0.0
2931,0.0
2932,0.0
2933,0.0
2934,0.03599
2935,0.20045
2936,0.4139
2937,0.59948
2938,0.6731900000000001
2939,0.67886
2940,0.71013
2941,0.6271
2942,0.53437
2943,0.36978
2944,0.21882
2945,0.04021
2946,0.0
2947,0.0
2948,0.0
2949,0.0
2950,0.0
2951,0.0
2952,0.0
2953,0.0
2954,0.0
2955,0.0
2956,0.0
2957,0.0
2958,0.03509
2959,0.15669
2960,0.27444
2961,0.31017
2962,0.40376999999999996
2963,0.66154
2964,0.6403300000000001
2965,0.54931
2966,0.5630700000000001
2967,0.34998
2968,0.18913999999999997
2969,0.02922
2970,0.0
2971,0.0
2972,0.0
2973,0.0
2974,0.0
2975,0.0
2976,0.0
2977,0.0
2978,0.0
2979,0.0
2980,0.0
2981,0.0
2982,0.036289999999999996
2983,0.18363
2984,0.32611
2985,0.49404000000000003
2986,0.51558
2987,0.6064700000000001
2988,0.65024
2989,0.49459
2990,0.5304099999999999
2991,0.33429000000000003
2992,0.20672
2993,0.03575
2994,0.0
2995,0.0
2996,0.0
2997,0.0
2998,0.0
2999,0.0
3000,0.0
3001,0.0
3002,0.0
3003,0.0
3004,0.0
3005,0.0
3006,0.03478
3007,0.19036
3008,0.34128
3009,0.46356
3010,0.50085
3011,0.46038
3012,0.47746
3013,0.45162
3014,0.42998000000000003
3015,0.37357
3016,0.19669999999999999
3017,0.02835
3018,0.0
3019,0.0
3020,0.0
3021,0.0
3022,0.0
3023,0.0
3024,0.0
3025,0.0
3026,0.0
3027,0.0
3028,0.0
3029,0.0
3030,0.03475
3031,0.12563
3032,0.36985
3033,0.50098
3034,0.67284
3035,0.72137
3036,0.69052
3037,0.6104400000000001
3038,0.45061
3039,0.38127
3040,0.19224000000000002
3041,0.03853
3042,0.0
3043,0.0
3044,0.0
3045,0.0
3046,0.0
3047,0.0
3048,0.0
3049,0.0
3050,0.0
3051,0.0
3052,0.0
3053,0.0
3054,0.03322
3055,0.20483
3056,0.33676
3057,0.36376
3058,0.52054
3059,0.52715
3060,0.63049
3061,0.1819
3062,0.21739
3063,0.18478
3064,0.08451
3065,0.01576
3066,0.0
3067,0.0
3068,0.0
3069,0.0
3070,0.0
3071,0.0
3072,0.0
3073,0.0
3074,0.0
3075,0.0
3076,0.0
3077,0.0
3078,0.01788
3079,0.08428000000000001
3080,0.30005000000000004
3081,0.18647999999999998
3082,0.3083
3083,0.39179
3084,0.37741
3085,0.39716
3086,0.33485000000000004
3087,0.18115
3088,0.10578
3089,0.01566
3090,0.0
3091,0.0
3092,0.0
3093,0.0
3094,0.0
3095,0.0
3096,0.0
3097,0.0
3098,0.0
3099,0.0
3100,0.0
3101,0.0
3102,0.01587
3103,0.0987
3104,0.12954
3105,0.2
3106,0.20833000000000002
3107,0.31808
3108,0.23736000000000002
3109,0.27452
3110,0.25381
3111,0.21227000000000001
3112,0.08201
3113,0.01242
3114,0.0
3115,0.0
3116,0.0
3117,0.0
3118,0.0
3119,0.0
3120,0.0
3121,0.0
3122,0.0
3123,0.0
3124,0.0
3125,0.0
3126,0.00566
3127,0.04593
3128,0.09494
3129,0.20907
3130,0.24147
3131,0.36595999999999995
3132,0.42684
3133,0.35898
3134,0.32414
3135,0.21991999999999998
3136,0.08609
3137,0.01645
3138,0.0
3139,0.0
3140,0.0
3141,0.0
3142,0.0
3143,0.0
3144,0.0
3145,0.0
3146,0.0
3147,0.0
3148,0.0
3149,0.0
3150,0.0281
3151,0.14523
3152,0.33966
3153,0.48736
3154,0.5236900000000001
3155,0.50907
3156,0.48473
3157,0.42805
3158,0.31018
3159,0.27011
3160,0.12863999999999998
3161,0.01762
3162,0.0
3163,0.0
3164,0.0
3165,0.0
3166,0.0
3167,0.0
3168,0.0
3169,0.0
3170,0.0
3171,0.0
3172,0.0
3173,0.0
3174,0.019649999999999997
3175,0.09107
3176,0.12888
3177,0.20807
3178,0.26333
3179,0.34356
3180,0.38171
3181,0.42473
3182,0.26303
3183,0.22678
3184,0.10722
3185,0.013720000000000001
3186,0.0
3187,0.0
3188,0.0
3189,0.0
3190,0.0
3191,0.0
3192,0.0
3193,0.0
3194,0.0
3195,0.0
3196,0.0
3197,0.0
3198,0.01927
3199,0.09186
3200,0.16
3201,0.30891
3202,0.31467
3203,0.43955
3204,0.33601
3205,0.39833999999999997
3206,0.34237
3207,0.27127999999999997
3208,0.11971
3209,0.00721
3210,0.0
3211,0.0
3212,0.0
3213,0.0
3214,0.0
3215,0.0
3216,0.0
3217,0.0
3218,0.0
3219,0.0
3220,0.0
3221,0.0
3222,0.00671
3223,0.03031
3224,0.09001
3225,0.13665
3226,0.19501
3227,0.23783
3228,0.32894
3229,0.45044999999999996
3230,0.38988999999999996
3231,0.26156
3232,0.12279000000000001
3233,0.01984
3234,0.0
3235,0.0
3236,0.0
3237,0.0
3238,0.0
3239,0.0
3240,0.0
3241,0.0
3242,0.0
3243,0.0
3244,0.0
3245,0.0
3246,0.024239999999999998
3247,0.13088999999999998
3248,0.29663999999999996
3249,0.38661
3250,0.45915
3251,0.43197
3252,0.3765
3253,0.44077999999999995
3254,0.33854
3255,0.25662
3256,0.12689
3257,0.022949999999999998
3258,0.0
3259,0.0
3260,0.0
3261,0.0
3262,0.0
3263,0.0
3264,0.0
3265,0.0
3266,0.0
3267,0.0
3268,0.0
3269,0.0
3270,0.03469
3271,0.15275999999999998
3272,0.33723000000000003
3273,0.45248
3274,0.5386299999999999
3275,0.46126
3276,0.4686
3277,0.36138
3278,0.36289
3279,0.22286
3280,0.07032
3281,0.019960000000000002
3282,0.0
3283,0.0
3284,0.0
3285,0.0
3286,0.0
3287,0.0
3288,0.0
3289,0.0
3290,0.0
3291,0.0
3292,0.0
3293,0.0
3294,0.038509999999999996
3295,0.15716
3296,0.38181
3297,0.4644
3298,0.52866
3299,0.58398
3300,0.5081
3301,0.515
3302,0.36901999999999996
3303,0.26943
3304,0.13995
3305,0.01878
3306,0.0
3307,0.0
3308,0.0
3309,0.0
3310,0.0
3311,0.0
3312,0.0
3313,0.0
3314,0.0
3315,0.0
3316,0.0
3317,0.0
3318,0.01086
3319,0.08475
3320,0.12985
3321,0.24955000000000002
3322,0.38249
3323,0.48339
3324,0.34952
3325,0.55023
3326,0.39421
3327,0.28142
3328,0.12551
3329,0.02283
3330,0.0
3331,0.0
3332,0.0
3333,0.0
3334,0.0
3335,0.0
3336,0.0
3337,0.0
3338,0.0
3339,0.0
3340,0.0
3341,0.0
3342,0.01485
3343,0.05607
3344,0.10507999999999999
3345,0.2231
3346,0.13475
3347,0.2135
3348,0.22075
3349,0.39177
3350,0.35442
3351,0.21425
3352,0.09922
3353,0.01844
3354,0.0
3355,0.0
3356,0.0
3357,0.0
3358,0.0
3359,0.0
3360,0.0
3361,0.0
3362,0.0
3363,0.0
3364,0.0
3365,0.0
3366,0.03561
3367,0.14384
3368,0.30238
3369,0.44939
3370,0.56192
3371,0.6124400000000001
3372,0.55821
3373,0.49069999999999997
3374,0.38130000000000003
3375,0.27098
3376,0.09365000000000001
3377,0.01719
3378,0.0
3379,0.0
3380,0.0
3381,0.0
3382,0.0
3383,0.0
3384,0.0
3385,0.0
3386,0.0
3387,0.0
3388,0.0
3389,0.0
3390,0.02917
3391,0.10804000000000001
3392,0.24591
3393,0.33738
3394,0.44281
3395,0.46743
3396,0.36863999999999997
3397,0.32377
3398,0.1545
3399,0.22024000000000002
3400,0.10329
3401,0.02386
3402,0.0
3403,0.0
3404,0.0
3405,0.0
3406,0.0
3407,0.0
3408,0.0
3409,0.0
3410,0.0
3411,0.0
3412,0.0
3413,0.0
3414,0.015439999999999999
3415,0.08206000000000001
3416,0.1023
3417,0.17174
3418,0.22565000000000002
3419,0.20193
3420,0.12501
3421,0.48468
3422,0.37318
3423,0.25805
3424,0.06935
3425,0.02053
3426,0.0
3427,0.0
3428,0.0
3429,0.0
3430,0.0
3431,0.0
3432,0.0
3433,0.0
3434,0.0
3435,0.0
3436,0.0
3437,0.0
3438,0.01862
3439,0.08261
3440,0.24199
3441,0.32206999999999997
3442,0.44268
3443,0.47661000000000003
3444,0.41274
3445,0.34055
3446,0.28318
3447,0.21903999999999998
3448,0.09104000000000001
3449,0.010230000000000001
3450,0.0
3451,0.0
3452,0.0
3453,0.0
3454,0.0
3455,0.0
3456,0.0
3457,0.0
3458,0.0
3459,0.0
3460,0.0
3461,0.0
3462,0.00816
3463,0.07831999999999999
3464,0.15627000000000002
3465,0.26577
3466,0.18091
3467,0.18491
3468,0.2737
3469,0.35963
3470,0.28699
3471,0.14252
3472,0.08748
3473,0.02162
3474,0.0
3475,0.0
3476,0.0
3477,0.0
3478,0.0
3479,0.0
3480,0.0
3481,0.0
3482,0.0
3483,0.0
3484,0.0
3485,0.0
3486,0.01292
3487,0.07387
3488,0.15478999999999998
3489,0.25490999999999997
3490,0.23543
3491,0.28678
3492,0.28493999999999997
3493,0.25973
3494,0.24283000000000002
3495,0.12090999999999999
3496,0.12794
3497,0.02548
3498,0.0
3499,0.0
3500,0.0
3501,0.0
3502,0.0
3503,0.0
3504,0.0
3505,0.0
3506,0.0
3507,0.0
3508,0.0
3509,0.0
3510,0.01668
3511,0.12994999999999998
3512,0.29046
3513,0.31236
3514,0.5330499999999999
3515,0.5122000000000001
3516,0.44816
3517,0.48528
3518,0.36671
3519,0.26294
3520,0.11776
3521,0.01964
3522,0.0
3523,0.0
3524,0.0
3525,0.0
3526,0.0
3527,0.0
3528,0.0
3529,0.0
3530,0.0
3531,0.0
3532,0.0
3533,0.0
3534,0.01295
3535,0.054259999999999996
3536,0.17643
3537,0.26063
3538,0.31236
3539,0.36002
3540,0.3479
3541,0.44862
3542,0.36458999999999997
3543,0.27777999999999997
3544,0.13032
3545,0.02865
3546,0.0
3547,0.0
3548,0.0
3549,0.0
3550,0.0
3551,0.0
3552,0.0
3553,0.0
3554,0.0
3555,0.0
3556,0.0
3557,0.0
3558,0.03126
3559,0.1545
3560,0.33996
3561,0.49119
3562,0.51823
3563,0.46824
3564,0.40478
3565,0.56023
3566,0.38406
3567,0.32711
3568,0.15777000000000002
3569,0.02926
3570,0.0
3571,0.0
3572,0.0
3573,0.0
3574,0.0
3575,0.0
3576,0.0
3577,0.0
3578,0.0
3579,0.0
3580,0.0
3581,0.0
3582,0.02364
3583,0.12743000000000002
3584,0.23278000000000001
3585,0.21969999999999998
3586,0.24276
3587,0.41702
3588,0.47061000000000003
3589,0.41536
3590,0.33685000000000004
3591,0.21599000000000002
3592,0.10593000000000001
3593,0.019690000000000003
3594,0.0
3595,0.0
3596,0.0
3597,0.0
3598,0.0
3599,0.0
3600,0.0
3601,0.0
3602,0.0
3603,0.0
3604,0.0
3605,0.0
3606,0.00902
3607,0.02188
3608,0.05296
3609,0.08125
3610,0.1072
3611,0.20191
3612,0.22061
3613,0.44051
3614,0.30421
3615,0.26707
3616,0.11964
3617,0.02364
3618,0.0
3619,0.0
3620,0.0
3621,0.0
3622,0.0
3623,0.0
3624,0.0
3625,0.0
3626,0.0
3627,0.0
3628,0.0
3629,0.0
3630,0.016460000000000002
3631,0.05078
3632,0.09611
3633,0.19316999999999998
3634,0.09658
3635,0.1175
3636,0.11434
3637,0.29219
3638,0.29508999999999996
3639,0.16237000000000001
3640,0.07920999999999999
3641,0.01723
3642,0.0
3643,0.0
3644,0.0
3645,0.0
3646,0.0
3647,0.0
3648,0.0
3649,0.0
3650,0.0
3651,0.0
3652,0.0
3653,0.0
3654,0.02106
3655,0.10904000000000001
3656,0.31131
3657,0.35508999999999996
3658,0.46261
3659,0.50514
3660,0.49745999999999996
3661,0.52638
3662,0.53931
3663,0.33594
3664,0.17363
3665,0.03445
3666,0.0
3667,0.0
3668,0.0
3669,0.0
3670,0.0
3671,0.0
3672,0.0
3673,0.0
3674,0.0
3675,0.0
3676,0.0
3677,0.0
3678,0.03352
3679,0.18838999999999997
3680,0.37166000000000005
3681,0.50851
3682,0.6317
3683,0.64215
3684,0.6303
3685,0.60662
3686,0.51134
3687,0.36368
3688,0.19676
3689,0.0337
3690,0.0
3691,0.0
3692,0.0
3693,0.0
3694,0.0
3695,0.0
3696,0.0
3697,0.0
3698,0.0
3699,0.0
3700,0.0
3701,0.0
3702,0.03279
3703,0.18741
3704,0.34570999999999996
3705,0.48254
3706,0.47369
3707,0.5956699999999999
3708,0.48172000000000004
3709,0.6003200000000001
3710,0.42812
3711,0.37237
3712,0.19361
3713,0.03321
3714,0.0
3715,0.0
3716,0.0
3717,0.0
3718,0.0
3719,0.0
3720,0.0
3721,0.0
3722,0.0
3723,0.0
3724,0.0
3725,0.0
3726,0.018949999999999998
3727,0.10848000000000001
3728,0.23738
3729,0.27864999999999995
3730,0.32508
3731,0.32958
3732,0.32012999999999997
3733,0.50647
3734,0.43994
3735,0.27270999999999995
3736,0.17189
3737,0.02488
3738,0.0
3739,0.0
3740,0.0
3741,0.0
3742,0.0
3743,0.0
3744,0.0
3745,0.0
3746,0.0
3747,0.0
3748,0.0
3749,0.0
3750,0.00851
3751,0.06112
3752,0.12652
3753,0.21212999999999999
3754,0.28126
3755,0.36472000000000004
3756,0.36034
3757,0.34783
3758,0.32483999999999996
3759,0.24767
3760,0.11882
3761,0.02423
3762,0.0
3763,0.0
3764,0.0
3765,0.0
3766,0.0
3767,0.0
3768,0.0
3769,0.0
3770,0.0
3771,0.0
3772,0.0
3773,0.0
3774,0.0195
3775,0.14221999999999999
3776,0.20339
3777,0.27005
3778,0.33505
3779,0.27763
3780,0.31551
3781,0.40522
3782,0.33668
3783,0.30013999999999996
3784,0.16718
3785,0.03344
3786,0.0
3787,0.0
3788,0.0
3789,0.0
3790,0.0
3791,0.0
3792,0.0
3793,0.0
3794,0.0
3795,0.0
3796,0.0
3797,0.0
3798,0.01909
3799,0.12484999999999999
3800,0.19704
3801,0.299
3802,0.37862
3803,0.50022
3804,0.40361
3805,0.41387999999999997
3806,0.34676
3807,0.16179
3808,0.10942
3809,0.018920000000000003
3810,0.0
3811,0.0
3812,0.0
3813,0.0
3814,0.0
3815,0.0
3816,0.0
3817,0.0
3818,0.0
3819,0.0
3820,0.0
3821,0.0
3822,0.03093
3823,0.15619999999999998
3824,0.30961
3825,0.44618
3826,0.48293
3827,0.5166000000000001
3828,0.5155599999999999
3829,0.45694999999999997
3830,0.37143
3831,0.31383
3832,0.16932
3833,0.030420000000000003
3834,0.0
3835,0.0
3836,0.0
3837,0.0
3838,0.0
3839,0.0
3840,0.0
3841,0.0
3842,0.0
3843,0.0
3844,0.0
3845,0.0
3846,0.020300000000000002
3847,0.13759
3848,0.3559
3849,0.45924
3850,0.49028
3851,0.604
3852,0.52888
3853,0.48551
3854,0.42549000000000003
3855,0.33302
3856,0.19424
3857,0.02905
3858,0.0
3859,0.0
3860,0.0
3861,0.0
3862,0.0
3863,0.0
3864,0.0
3865,0.0
3866,0.0
3867,0.0
3868,0.0
3869,0.0
3870,0.02826
3871,0.19213
3872,0.32453
3873,0.47197
3874,0.50556
3875,0.5800700000000001
3876,0.56148
3877,0.35337999999999997
3878,0.3653
3879,0.28525
3880,0.16498
3881,0.03343
3882,0.0
3883,0.0
3884,0.0
3885,0.0
3886,0.0
3887,0.0
3888,0.0
3889,0.0
3890,0.0
3891,0.0
3892,0.0
3893,0.0
3894,0.02307
3895,0.13905
3896,0.32967
3897,0.40532999999999997
3898,0.48196
3899,0.5756699999999999
3900,0.61345
3901,0.50348
3902,0.42772000000000004
3903,0.31747000000000003
3904,0.17693
3905,0.03183
3906,0.0
3907,0.0
3908,0.0
3909,0.0
3910,0.0
3911,0.0
3912,0.0
3913,0.0
3914,0.0
3915,0.0
3916,0.0
3917,0.0
3918,0.02185
3919,0.15491999999999997
3920,0.34161
3921,0.45941000000000004
3922,0.547
3923,0.59175
3924,0.59666
3925,0.58436
3926,0.5034
3927,0.39612
3928,0.20002
3929,0.03639
3930,0.0
3931,0.0
3932,0.0
3933,0.0
3934,0.0
3935,0.0
3936,0.0
3937,0.0
3938,0.0
3939,0.0
3940,0.0
3941,0.0
3942,0.01226
3943,0.06820999999999999
3944,0.26035
3945,0.33899
3946,0.36449000000000004
3947,0.41407
3948,0.47452
3949,0.36586
3950,0.21191
3951,0.17274
3952,0.08523
3953,0.0166
3954,0.0
3955,0.0
3956,0.0
3957,0.0
3958,0.0
3959,0.0
3960,0.0
3961,0.0
3962,0.0
3963,0.0
3964,0.0
3965,0.0
3966,0.011269999999999999
3967,0.04118
3968,0.07196999999999999
3969,0.24006
3970,0.35264
3971,0.35716000000000003
3972,0.41794
3973,0.38301999999999997
3974,0.32832
3975,0.23990999999999998
3976,0.13931
3977,0.023690000000000003
3978,0.0
3979,0.0
3980,0.0
3981,0.0
3982,0.0
3983,0.0
3984,0.0
3985,0.0
3986,0.0
3987,0.0
3988,0.0
3989,0.0
3990,0.00922
3991,0.09958
3992,0.27191000000000004
3993,0.34242
3994,0.48098
3995,0.59966
3996,0.57331
3997,0.30574
3998,0.17084
3999,0.12126
4000,0.045340000000000005
4001,0.00592
4002,0.0
4003,0.0
4004,0.0
4005,0.0
4006,0.0
4007,0.0
4008,0.0
4009,0.0
4010,0.0
4011,0.0
4012,0.0
4013,0.0
4014,0.0065899999999999995
4015,0.04657
4016,0.08786
4017,0.25124
4018,0.16693
4019,0.38087
4020,0.39876
4021,0.31836000000000003
4022,0.27153
4023,0.22441
4024,0.12994999999999998
4025,0.01916
4026,0.0
4027,0.0
4028,0.0
4029,0.0
4030,0.0
4031,0.0
4032,0.0
4033,0.0
4034,0.0
4035,0.0
4036,0.0
4037,0.0
4038,0.015220000000000001
4039,0.07540000000000001
4040,0.22465000000000002
4041,0.26594
4042,0.3511
4043,0.28608999999999996
4044,0.37176
4045,0.41182
4046,0.37956
4047,0.32123
4048,0.19709000000000002
4049,0.03093
4050,0.0
4051,0.0
4052,0.0
4053,0.0
4054,0.0
4055,0.0
4056,0.0
4057,0.0
4058,0.0
4059,0.0
4060,0.0
4061,0.0
4062,0.02614
4063,0.16348
4064,0.25055
4065,0.34825
4066,0.42301
4067,0.6077
4068,0.5839
4069,0.52459
4070,0.46982999999999997
4071,0.34826999999999997
4072,0.19222
4073,0.03832
4074,0.0
4075,0.0
4076,0.0
4077,0.0
4078,0.0
4079,0.0
4080,0.0
4081,0.0
4082,0.0
4083,0.0
4084,0.0
4085,0.0
4086,0.02401
4087,0.16447
4088,0.22613999999999998
4089,0.38741000000000003
4090,0.56443
4091,0.6290399999999999
4092,0.50558
4093,0.49536
4094,0.43268
4095,0.29087999999999997
4096,0.19494999999999998
4097,0.04004
4098,0.0
4099,0.0
4100,0.0
4101,0.0
4102,0.0
4103,0.0
4104,0.0
4105,0.0
4106,0.0
4107,0.0
4108,0.0
4109,0.0
4110,0.00658
4111,0.0699
4112,0.19962
4113,0.18062999999999999
4114,0.39409
4115,0.47273000000000004
4116,0.5373600000000001
4117,0.5329299999999999
4118,0.39783999999999997
4119,0.32033999999999996
4120,0.20614
4121,0.03488
4122,0.0
4123,0.0
4124,0.0
4125,0.0
4126,0.0
4127,0.0
4128,0.0
4129,0.0
4130,0.0
4131,0.0
4132,0.0
4133,0.0
4134,0.01227
4135,0.04546
4136,0.13717
4137,0.21808000000000002
4138,0.25196
4139,0.39422
4140,0.37212
4141,0.4679
4142,0.36924
4143,0.21811000000000003
4144,0.15885
4145,0.02868
4146,0.0
4147,0.0
4148,0.0
4149,0.0
4150,0.0
4151,0.0
4152,0.0
4153,0.0
4154,0.0
4155,0.0
4156,0.0
4157,0.0
4158,0.015
4159,0.09276999999999999
4160,0.28308
4161,0.36613
4162,0.47276999999999997
4163,0.49257
4164,0.48148
4165,0.48957
4166,0.39858
4167,0.26799
4168,0.16494999999999999
4169,0.02945
4170,0.0
4171,0.0
4172,0.0
4173,0.0
4174,0.0
4175,0.0
4176,0.0
4177,0.0
4178,0.0
4179,0.0
4180,0.0
4181,0.0
4182,0.01712
4183,0.11239
4184,0.28137
4185,0.42061000000000004
4186,0.49839999999999995
4187,0.47705000000000003
4188,0.48525999999999997
4189,0.3922
4190,0.36807999999999996
4191,0.21875
4192,0.08990000000000001
4193,0.023190000000000002
4194,0.0
4195,0.0
4196,0.0
4197,0.0
4198,0.0
4199,0.0
4200,0.0
4201,0.0
4202,0.0
4203,0.0
4204,0.0
4205,0.0
4206,0.015359999999999999
4207,0.06332
4208,0.17767
4209,0.19397
4210,0.34536
4211,0.31337
4212,0.31226
4213,0.49286
4214,0.34331
4215,0.24233000000000002
4216,0.13273
4217,0.032170000000000004
4218,0.0
4219,0.0
4220,0.0
4221,0.0
4222,0.0
4223,0.0
4224,0.0
4225,0.0
4226,0.0
4227,0.0
4228,0.0
4229,0.0
4230,0.01307
4231,0.1358
4232,0.24308000000000002
4233,0.36779
4234,0.49494
4235,0.56802
4236,0.39212
4237,0.37166000000000005
4238,0.37059
4239,0.2576
4240,0.1076
4241,0.033280000000000004
4242,0.0
4243,0.0
4244,0.0
4245,0.0
4246,0.0
4247,0.0
4248,0.0
4249,0.0
4250,0.0
4251,0.0
4252,0.0
4253,0.0
4254,0.0147
4255,0.07239
4256,0.26883999999999997
4257,0.46208
4258,0.5252899999999999
4259,0.51248
4260,0.52201
4261,0.60201
4262,0.42726
4263,0.24052
4264,0.14538
4265,0.03114
4266,0.0
4267,0.0
4268,0.0
4269,0.0
4270,0.0
4271,0.0
4272,0.0
4273,0.0
4274,0.0
4275,0.0
4276,0.0
4277,0.0
4278,0.0162
4279,0.13206
4280,0.26800999999999997
4281,0.42735
4282,0.47949
4283,0.43911
4284,0.46479000000000004
4285,0.5400499999999999
4286,0.49544
4287,0.29458999999999996
4288,0.14461000000000002
4289,0.043429999999999996
4290,0.0
4291,0.0
4292,0.0
4293,0.0
4294,0.0
4295,0.0
4296,0.0
4297,0.0
4298,0.0
4299,0.0
4300,0.0
4301,0.0
4302,0.00983
4303,0.09462000000000001
4304,0.19313999999999998
4305,0.35704
4306,0.39770999999999995
4307,0.43645999999999996
4308,0.53871
4309,0.50269
4310,0.42178
4311,0.26274000000000003
4312,0.15603
4313,0.04372
4314,0.0
4315,0.0
4316,0.0
4317,0.0
4318,0.0
4319,0.0
4320,0.0
4321,0.0
4322,0.0
4323,0.0
4324,0.0
4325,0.0
4326,0.01297
4327,0.07775
4328,0.17418
4329,0.28989
4330,0.30745999999999996
4331,0.34885000000000005
4332,0.41838
4333,0.44314
4334,0.3897
4335,0.27602
4336,0.131
4337,0.03651
4338,0.0
4339,0.0
4340,0.0
4341,0.0
4342,0.0
4343,0.0
4344,0.0
4345,0.0
4346,0.0
4347,0.0
4348,0.0
4349,0.0
4350,0.0068200000000000005
4351,0.08005
4352,0.2166
4353,0.2731
4354,0.2676
4355,0.33144
4356,0.49141
4357,0.47534
4358,0.38327999999999995
4359,0.31758
4360,0.17355
4361,0.03736
4362,0.0
4363,0.0
4364,0.0
4365,0.0
4366,0.0
4367,0.0
4368,0.0
4369,0.0
4370,0.0
4371,0.0
4372,0.0
4373,0.0
4374,0.009800000000000001
4375,0.04646
4376,0.09031
4377,0.22594999999999998
4378,0.1737
4379,0.18838999999999997
4380,0.23592
4381,0.42608999999999997
4382,0.25645
4383,0.19709000000000002
4384,0.13661
4385,0.03382
4386,0.0
4387,0.0
4388,0.0
4389,0.0
4390,0.0
4391,0.0
4392,0.0
4393,0.0
4394,0.0
4395,0.0
4396,0.0
4397,0.0
4398,0.024030000000000003
4399,0.14756
4400,0.31437
4401,0.38471
4402,0.47893
4403,0.53261
4404,0.53166
4405,0.40658999999999995
4406,0.40063
4407,0.29439
4408,0.15406
4409,0.03179
4410,0.0
4411,0.0
4412,0.0
4413,0.0
4414,0.0
4415,0.0
4416,0.0
4417,0.0
4418,0.0
4419,0.0
4420,0.0
4421,0.0
4422,0.02056
4423,0.13102
4424,0.32997000000000004
4425,0.47891
4426,0.517
4427,0.53354
4428,0.55788
4429,0.46136
4430,0.39646
4431,0.32474000000000003
4432,0.12919999999999998
4433,0.02732
4434,0.0
4435,0.0
4436,0.0
4437,0.0
4438,0.0
4439,0.0
4440,0.0
4441,0.0
4442,0.0
4443,0.0
4444,0.0
4445,0.0
4446,0.01632
4447,0.12778
4448,0.26504
4449,0.2729
4450,0.36232
4451,0.42425
4452,0.45065
4453,0.21226
4454,0.258
4455,0.14816
4456,0.10656
4457,0.0121
4458,0.0
4459,0.0
4460,0.0
4461,0.0
4462,0.0
4463,0.0
4464,0.0
4465,0.0
4466,0.0
4467,0.0
4468,0.0
4469,0.0
4470,0.014070000000000001
4471,0.08237
4472,0.15771000000000002
4473,0.19909000000000002
4474,0.2292
4475,0.28464
4476,0.29075
4477,0.2835
4478,0.25052
4479,0.21918
4480,0.13053
4481,0.01774
4482,0.0
4483,0.0
4484,0.0
4485,0.0
4486,0.0
4487,0.0
4488,0.0
4489,0.0
4490,0.0
4491,0.0
4492,0.0
4493,0.0
4494,0.01064
4495,0.07031
4496,0.16034
4497,0.2514
4498,0.39782999999999996
4499,0.45006
4500,0.44285
4501,0.38979
4502,0.33363
4503,0.25976
4504,0.14556
4505,0.03479
4506,0.0
4507,0.0
4508,0.0
4509,0.0
4510,0.0
4511,0.0
4512,0.0
4513,0.0
4514,0.0
4515,0.0
4516,0.0
4517,0.0
4518,0.01797
4519,0.12456999999999999
4520,0.30226
4521,0.36191
4522,0.47601
4523,0.52819
4524,0.5376599999999999
4525,0.46807
4526,0.31632
4527,0.15394
4528,0.07640999999999999
4529,0.02653
4530,0.0
4531,0.0
4532,0.0
4533,0.0
4534,0.0
4535,0.0
4536,0.0
4537,0.0
4538,0.0
4539,0.0
4540,0.0
4541,0.0
4542,0.01235
4543,0.06351
4544,0.17121
4545,0.24052
4546,0.2645
4547,0.37489999999999996
4548,0.33993
4549,0.44948
4550,0.44259
4551,0.33419
4552,0.17828
4553,0.04367
4554,0.0
4555,0.0
4556,0.0
4557,0.0
4558,0.0
4559,0.0
4560,0.0
4561,0.0
4562,0.0
4563,0.0
4564,0.0
4565,0.0
4566,0.022760000000000002
4567,0.15030000000000002
4568,0.31459
4569,0.45139999999999997
4570,0.50848
4571,0.46826999999999996
4572,0.49251999999999996
4573,0.27329000000000003
4574,0.31758
4575,0.31224
4576,0.17578
4577,0.04149
4578,0.0
4579,0.0
4580,0.0
4581,0.0
4582,0.0
4583,0.0
4584,0.0
4585,0.0
4586,0.0
4587,0.0
4588,0.0
4589,0.0
4590,0.01459
4591,0.11706
4592,0.24512
4593,0.42541
4594,0.44583
4595,0.49612
4596,0.56191
4597,0.29848
4598,0.32277999999999996
4599,0.27999
4600,0.16247
4601,0.046549999999999994
4602,0.0
4603,0.0
4604,0.0
4605,0.0
4606,0.0
4607,0.0
4608,0.0
4609,0.0
4610,0.0
4611,0.0
4612,0.0
4613,0.0
4614,0.023
4615,0.14038
4616,0.31039999999999995
4617,0.38189
4618,0.43351
4619,0.38729
4620,0.38571
4621,0.5043
4622,0.44777999999999996
4623,0.38545
4624,0.18686000000000003
4625,0.052770000000000004
4626,0.0
4627,0.0
4628,0.0
4629,0.0
4630,0.0
4631,0.0
4632,0.0
4633,0.0
4634,0.0
4635,0.0
4636,0.0
4637,0.0
4638,0.01989
4639,0.14181
4640,0.23745
4641,0.45405
4642,0.39349
4643,0.47862
4644,0.48607
4645,0.6589400000000001
4646,0.4929
4647,0.37956
4648,0.22806
4649,0.05094
4650,0.0
4651,0.0
4652,0.0
4653,0.0
4654,0.0
4655,0.0
4656,0.0
4657,0.0
4658,0.0
4659,0.0
4660,0.0
4661,0.0
4662,0.00619
4663,0.04273
4664,0.12591
4665,0.23813
4666,0.30426
4667,0.36625
4668,0.36293000000000003
4669,0.29231999999999997
4670,0.30809
4671,0.13749
4672,0.14146
4673,0.0165
4674,0.0
4675,0.0
4676,0.0
4677,0.0
4678,0.0
4679,0.0
4680,0.0
4681,0.0
4682,0.0
4683,0.0
4684,0.0
4685,0.0
4686,0.01227
4687,0.09976
4688,0.17385
4689,0.23493
4690,0.37831
4691,0.38051
4692,0.43443
4693,0.27938
4694,0.25151
4695,0.17823
4696,0.13898
4697,0.038200000000000005
4698,0.0
4699,0.0
4700,0.0
4701,0.0
4702,0.0
4703,0.0
4704,0.0
4705,0.0
4706,0.0
4707,0.0
4708,0.0
4709,0.0
4710,0.01002
4711,0.057460000000000004
4712,0.17161
4713,0.33357
4714,0.5782200000000001
4715,0.41624
4716,0.46059
4717,0.55684
4718,0.50692
4719,0.35783
4720,0.18825
4721,0.04974
4722,0.0
4723,0.0
4724,0.0
4725,0.0
4726,0.0
4727,0.0
4728,0.0
4729,0.0
4730,0.0
4731,0.0
4732,0.0
4733,0.0
4734,0.00189
4735,0.023289999999999998
4736,0.053020000000000005
4737,0.0985
4738,0.06831
4739,0.0719
4740,0.06881
4741,0.26425
4742,0.18321
4743,0.23876
4744,0.13357
4745,0.0345
4746,0.0
4747,0.0
4748,0.0
4749,0.0
4750,0.0
4751,0.0
4752,0.0
4753,0.0
4754,0.0
4755,0.0
4756,0.0
4757,0.0
4758,0.00758
4759,0.033100000000000004
4760,0.07043
4761,0.09662000000000001
4762,0.18268
4763,0.34185000000000004
4764,0.48957999999999996
4765,0.36013999999999996
4766,0.41573000000000004
4767,0.24645
4768,0.1522
4769,0.03972
4770,0.0
4771,0.0
4772,0.0
4773,0.0
4774,0.0
4775,0.0
4776,0.0
4777,0.0
4778,0.0
4779,0.0
4780,0.0
4781,0.0
4782,0.017920000000000002
4783,0.14609
4784,0.27972
4785,0.3431
4786,0.36257999999999996
4787,0.36060000000000003
4788,0.43860000000000005
4789,0.35281999999999997
4790,0.42472000000000004
4791,0.35355000000000003
4792,0.18757
4793,0.04163
4794,0.0
4795,0.0
4796,0.0
4797,0.0
4798,0.0
4799,0.0
4800,0.0
4801,0.0
4802,0.0
4803,0.0
4804,0.0
4805,0.0
4806,0.01528
4807,0.10103
4808,0.29337
4809,0.39461
4810,0.5761900000000001
4811,0.61899
4812,0.52789
4813,0.57136
4814,0.51363
4815,0.37106
4816,0.20939
4817,0.04424
4818,0.0
4819,0.0
4820,0.0
4821,0.0
4822,0.0
4823,0.0
4824,0.0
4825,0.0
4826,0.0
4827,0.0
4828,0.0
4829,0.0
4830,0.0067800000000000004
4831,0.05879
4832,0.09534000000000001
4833,0.21634
4834,0.24099
4835,0.3544
4836,0.42045
4837,0.42516000000000004
4838,0.2531
4839,0.21735
4840,0.13587
4841,0.03379
4842,0.0
4843,0.0
4844,0.0
4845,0.0
4846,0.0
4847,0.0
4848,0.0
4849,0.0
4850,0.0
4851,0.0
4852,0.0
4853,0.0
4854,0.01902
4855,0.12468000000000001
4856,0.27566
4857,0.41447
4858,0.46067
4859,0.61545
4860,0.6018600000000001
4861,0.46618
4862,0.46118000000000003
4863,0.30433
4864,0.19363999999999998
4865,0.03138
4866,0.0
4867,0.0
4868,0.0
4869,0.0
4870,0.0
4871,0.0
4872,0.0
4873,0.0
4874,0.0
4875,0.0
4876,0.0
4877,0.0
4878,0.00439
4879,0.04248
4880,0.18218
4881,0.34514
4882,0.42410000000000003
4883,0.38316
4884,0.54657
4885,0.46196
4886,0.40464
4887,0.31261
4888,0.17451
4889,0.03382
4890,0.0
4891,0.0
4892,0.0
4893,0.0
4894,0.0
4895,0.0
4896,0.0
4897,0.0
4898,0.0
4899,0.0
4900,0.0
4901,0.0
4902,0.00833
4903,0.05663
4904,0.08274
4905,0.17806
4906,0.23883000000000001
4907,0.1956
4908,0.22455
4909,0.51823
4910,0.46794
4911,0.35985
4912,0.16867
4913,0.04298
4914,0.0
4915,0.0
4916,0.0
4917,0.0
4918,0.0
4919,0.0
4920,0.0
4921,0.0
4922,0.0
4923,0.0
4924,0.0
4925,0.0
4926,0.00833
4927,0.09598999999999999
4928,0.22657
4929,0.34643999999999997
4930,0.43245999999999996
4931,0.42722000000000004
4932,0.33935000000000004
4933,0.42048
4934,0.35384
4935,0.25562999999999997
4936,0.14987
4937,0.03263
4938,0.0
4939,0.0
4940,0.0
4941,0.0
4942,0.0
4943,0.0
4944,0.0
4945,0.0
4946,0.0
4947,0.0
4948,0.0
4949,0.0
4950,0.023309999999999997
4951,0.13113
4952,0.25744
4953,0.38172
4954,0.35946
4955,0.41329000000000005
4956,0.5299299999999999
4957,0.4471
4958,0.32219
4959,0.23664
4960,0.12443000000000001
4961,0.0293
4962,0.0
4963,0.0
4964,0.0
4965,0.0
4966,0.0
4967,0.0
4968,0.0
4969,0.0
4970,0.0
4971,0.0
4972,0.0
4973,0.0
4974,0.0077599999999999995
4975,0.041960000000000004
4976,0.13259
4977,0.18175
4978,0.2801
4979,0.37766000000000005
4980,0.30825
4981,0.37363999999999997
4982,0.40414
4983,0.25264
4984,0.12437999999999999
4985,0.019780000000000002
4986,0.0
4987,0.0
4988,0.0
4989,0.0
4990,0.0
4991,0.0
4992,0.0
4993,0.0
4994,0.0
4995,0.0
4996,0.0
4997,0.0
4998,0.0044599999999999996
4999,0.056060000000000006
5000,0.18738999999999997
5001,0.20011
5002,0.2929
5003,0.38415
5004,0.4229
5005,0.51046
5006,0.46237
5007,0.25959
5008,0.1383
5009,0.023559999999999998
5010,0.0
5011,0.0
5012,0.0
5013,0.0
5014,0.0
5015,0.0
5016,0.0
5017,0.0
5018,0.0
5019,0.0
5020,0.0
5021,0.0
5022,0.01148
5023,0.06819
5024,0.09663
5025,0.16842
5026,0.24969
5027,0.31930000000000003
5028,0.38558
5029,0.31694
5030,0.36236
5031,0.34276999999999996
5032,0.18158000000000002
5033,0.04466
5034,0.0
5035,0.0
5036,0.0
5037,0.0
5038,0.0
5039,0.0
5040,0.0
5041,0.0
5042,0.0
5043,0.0
5044,0.0
5045,0.0
5046,0.01007
5047,0.05845
5048,0.12423000000000001
5049,0.177
5050,0.23886000000000002
5051,0.20455
5052,0.32926
5053,0.21955000000000002
5054,0.23112
5055,0.13436
5056,0.07371
5057,0.01729
5058,0.0
5059,0.0
5060,0.0
5061,0.0
5062,0.0
5063,0.0
5064,0.0
5065,0.0
5066,0.0
5067,0.0
5068,0.0
5069,0.0
5070,0.00687
5071,0.04951
5072,0.10067
5073,0.14019
5074,0.21780000000000002
5075,0.46656
5076,0.37054000000000004
5077,0.41705000000000003
5078,0.27855
5079,0.25246
5080,0.12765
5081,0.04625
5082,0.0
5083,0.0
5084,0.0
5085,0.0
5086,0.0
5087,0.0
5088,0.0
5089,0.0
5090,0.0
5091,0.0
5092,0.0
5093,0.0
5094,0.00842
5095,0.05062
5096,0.15250999999999998
5097,0.20264
5098,0.27493
5099,0.30667
5100,0.32127999999999995
5101,0.38283999999999996
5102,0.34292
5103,0.26283
5104,0.17028000000000001
5105,0.04304
5106,0.0
5107,0.0
5108,0.0
5109,0.0
5110,0.0
5111,0.0
5112,0.0
5113,0.0
5114,0.0
5115,0.0
5116,0.0
5117,0.0
5118,0.010060000000000001
5119,0.12426000000000001
5120,0.25642000000000004
5121,0.45405
5122,0.53064
5123,0.60488
5124,0.7202200000000001
5125,0.44087
5126,0.4011
5127,0.27652
5128,0.16359
5129,0.05046
5130,0.0
5131,0.0
5132,0.0
5133,0.0
5134,0.0
5135,0.0
5136,0.0
5137,0.0
5138,0.0
5139,0.0
5140,0.0
5141,0.0
5142,0.0121
5143,0.09987
5144,0.21955000000000002
5145,0.37514
5146,0.3812
5147,0.5537000000000001
5148,0.50892
5149,0.55923
5150,0.47461000000000003
5151,0.29139
5152,0.17466
5153,0.05089
5154,0.0
5155,0.0
5156,0.0
5157,0.0
5158,0.0
5159,0.0
5160,0.0
5161,0.0
5162,0.0
5163,0.0
5164,0.0
5165,0.0
5166,0.02093
5167,0.15306
5168,0.33717
5169,0.50229
5170,0.54935
5171,0.59357
5172,0.61851
5173,0.54638
5174,0.44054000000000004
5175,0.39566
5176,0.24412
5177,0.05398
5178,0.0
5179,0.0
5180,0.0
5181,0.0
5182,0.0
5183,0.0
5184,0.0
5185,0.0
5186,0.0
5187,0.0
5188,0.0
5189,0.0
5190,0.01635
5191,0.11317
5192,0.26044
5193,0.24397
5194,0.32776
5195,0.33835000000000004
5196,0.36562
5197,0.49475
5198,0.50349
5199,0.29754
5200,0.20258
5201,0.04962
5202,0.0
5203,0.0
5204,0.0
5205,0.0
5206,0.0
5207,0.0
5208,0.0
5209,0.0
5210,0.0
5211,0.0
5212,0.0
5213,0.0
5214,0.009810000000000001
5215,0.05124
5216,0.10639
5217,0.19415000000000002
5218,0.33041000000000004
5219,0.26948
5220,0.36839999999999995
5221,0.45407
5222,0.41917000000000004
5223,0.26547000000000004
5224,0.15309999999999999
5225,0.04206
5226,0.0
5227,0.0
5228,0.0
5229,0.0
5230,0.0
5231,0.0
5232,0.0
5233,0.0
5234,0.0
5235,0.0
5236,0.0
5237,0.0
5238,0.01112
5239,0.10723
5240,0.22805
5241,0.28286
5242,0.36878
5243,0.49769
5244,0.56261
5245,0.5412100000000001
5246,0.35581
5247,0.262
5248,0.156
5249,0.03497
5250,0.0
5251,0.0
5252,0.0
5253,0.0
5254,0.0
5255,0.0
5256,0.0
5257,0.0
5258,0.0
5259,0.0
5260,0.0
5261,0.0
5262,0.020079999999999997
5263,0.1206
5264,0.33719
5265,0.44121
5266,0.5910700000000001
5267,0.57348
5268,0.66948
5269,0.61742
5270,0.57565
5271,0.40286
5272,0.25595
5273,0.05962
5274,0.0
5275,0.0
5276,0.0
5277,0.0
5278,0.0
5279,0.0
5280,0.0
5281,0.0
5282,0.0
5283,0.0
5284,0.0
5285,0.0
5286,0.02512
5287,0.1621
5288,0.30219999999999997
5289,0.40662
5290,0.44895
5291,0.57673
5292,0.5593400000000001
5293,0.25167
5294,0.41244
5295,0.32867
5296,0.22211
5297,0.05484000000000001
5298,0.0
5299,0.0
5300,0.0
5301,0.0
5302,0.0
5303,0.0
5304,0.0
5305,0.0
5306,0.0
5307,0.0
5308,0.0
5309,0.0
5310,0.018600000000000002
5311,0.15425
5312,0.31339
5313,0.45416
5314,0.43674
5315,0.48721
5316,0.5848099999999999
5317,0.54823
5318,0.51157
5319,0.35882
5320,0.16599
5321,0.03723
5322,0.0
5323,0.0
5324,0.0
5325,0.0
5326,0.0
5327,0.0
5328,0.0
5329,0.0
5330,0.0
5331,0.0
5332,0.0
5333,0.0
5334,0.011460000000000001
5335,0.054920000000000004
5336,0.09987
5337,0.21894999999999998
5338,0.32225
5339,0.50268
5340,0.56851
5341,0.49977
5342,0.37251
5343,0.35042
5344,0.17559
5345,0.04822
5346,0.0
5347,0.0
5348,0.0
5349,0.0
5350,0.0
5351,0.0
5352,0.0
5353,0.0
5354,0.0
5355,0.0
5356,0.0
5357,0.0
5358,0.01047
5359,0.10232
5360,0.24318
5361,0.33096
5362,0.42595
5363,0.43051
5364,0.44601
5365,0.39808
5366,0.4154
5367,0.38036000000000003
5368,0.21175
5369,0.04246
5370,0.0
5371,0.0
5372,0.0
5373,0.0
5374,0.0
5375,0.0
5376,0.0
5377,0.0
5378,0.0
5379,0.0
5380,0.0
5381,0.0
5382,0.01613
5383,0.11248000000000001
5384,0.26303
5385,0.36104
5386,0.36510000000000004
5387,0.46082
5388,0.45080000000000003
5389,0.55336
5390,0.42475999999999997
5391,0.33807
5392,0.2052
5393,0.03587
5394,0.0
5395,0.0
5396,0.0
5397,0.0
5398,0.0
5399,0.0
5400,0.0
5401,0.0
5402,0.0
5403,0.0
5404,0.0
5405,0.0
5406,0.01281
5407,0.15378999999999998
5408,0.35799000000000003
5409,0.49511
5410,0.56471
5411,0.7020700000000001
5412,0.65973
5413,0.57796
5414,0.52865
5415,0.3983
5416,0.2469
5417,0.05196
5418,0.0
5419,0.0
5420,0.0
5421,0.0
5422,0.0
5423,0.0
5424,0.0
5425,0.0
5426,0.0
5427,0.0
5428,0.0
5429,0.0
5430,0.008400000000000001
5431,0.08735
5432,0.16625
5433,0.09351999999999999
5434,0.12107
5435,0.13055
5436,0.15218
5437,0.35795
5438,0.3365
5439,0.24058000000000002
5440,0.16004
5441,0.04071
5442,0.0
5443,0.0
5444,0.0
5445,0.0
5446,0.0
5447,0.0
5448,0.0
5449,0.0
5450,0.0
5451,0.0
5452,0.0
5453,0.0
5454,0.01447
5455,0.11638
5456,0.18350999999999998
5457,0.31618999999999997
5458,0.50078
5459,0.37765
5460,0.5536
5461,0.49372000000000005
5462,0.42110000000000003
5463,0.27372
5464,0.15203999999999998
5465,0.039200000000000006
5466,0.0
5467,0.0
5468,0.0
5469,0.0
5470,0.0
5471,0.0
5472,0.0
5473,0.0
5474,0.0
5475,0.0
5476,0.0
5477,0.0
5478,0.0158
5479,0.11953
5480,0.33112
5481,0.51435
5482,0.53752
5483,0.63613
5484,0.6170599999999999
5485,0.61851
5486,0.50598
5487,0.38199
5488,0.25738
5489,0.046630000000000005
5490,0.0
5491,0.0
5492,0.0
5493,0.0
5494,0.0
5495,0.0
5496,0.0
5497,0.0
5498,0.0
5499,0.0
5500,0.0
5501,0.0
5502,0.02877
5503,0.17407
5504,0.38239999999999996
5505,0.50458
5506,0.53714
5507,0.52796
5508,0.6207
5509,0.49924
5510,0.3286
5511,0.24672
5512,0.14281
5513,0.03796
5514,0.0
5515,0.0
5516,0.0
5517,0.0
5518,0.0
5519,0.0
5520,0.0
5521,0.0
5522,0.0
5523,0.0
5524,0.0
5525,0.0
5526,0.03311
5527,0.1556
5528,0.36842
5529,0.38694
5530,0.53265
5531,0.56649
5532,0.57164
5533,0.39298
5534,0.41495
5535,0.30855
5536,0.15531999999999999
5537,0.03121
5538,0.0
5539,0.0
5540,0.0
5541,0.0
5542,0.0
5543,0.0
5544,0.0
5545,0.0
5546,0.0
5547,0.0
5548,0.0
5549,0.0
5550,0.022690000000000002
5551,0.15175
5552,0.32588
5553,0.51486
5554,0.51319
5555,0.60403
5556,0.5431900000000001
5557,0.36125
5558,0.26213
5559,0.19985
5560,0.10643999999999999
5561,0.019129999999999998
5562,0.0
5563,0.0
5564,0.0
5565,0.0
5566,0.0
5567,0.0
5568,0.0
5569,0.0
5570,0.0
5571,0.0
5572,0.0
5573,0.0
5574,0.01844
5575,0.10765999999999999
5576,0.21164
5577,0.23907
5578,0.30704000000000004
5579,0.38451
5580,0.32982
5581,0.36315
5582,0.30197
5583,0.21381
5584,0.06966
5585,0.01905
5586,0.0
5587,0.0
5588,0.0
5589,0.0
5590,0.0
5591,0.0
5592,0.0
5593,0.0
5594,0.0
5595,0.0
5596,0.0
5597,0.0
5598,0.01085
5599,0.06013
5600,0.10823999999999999
5601,0.13284
5602,0.2666
5603,0.30163999999999996
5604,0.29643
5605,0.32256999999999997
5606,0.31226
5607,0.22505
5608,0.15649000000000002
5609,0.03671
5610,0.0
5611,0.0
5612,0.0
5613,0.0
5614,0.0
5615,0.0
5616,0.0
5617,0.0
5618,0.0
5619,0.0
5620,0.0
5621,0.0
5622,0.02505
5623,0.16696
5624,0.38862
5625,0.5896
5626,0.71165
5627,0.77995
5628,0.71824
5629,0.72102
5630,0.6275499999999999
5631,0.45432
5632,0.24625
5633,0.04728
5634,0.0
5635,0.0
5636,0.0
5637,0.0
5638,0.0
5639,0.0
5640,0.0
5641,0.0
5642,0.0
5643,0.0
5644,0.0
5645,0.0
5646,0.01482
5647,0.13737
5648,0.28248
5649,0.47162
5650,0.5696599999999999
5651,0.6557999999999999
5652,0.60865
5653,0.62246
5654,0.48796
5655,0.34561000000000003
5656,0.18068
5657,0.034
5658,0.0
5659,0.0
5660,0.0
5661,0.0
5662,0.0
5663,0.0
5664,0.0
5665,0.0
5666,0.0
5667,0.0
5668,0.0
5669,0.0
5670,0.02714
5671,0.15436000000000002
5672,0.35452
5673,0.5695800000000001
5674,0.629
5675,0.73514
5676,0.7474500000000001
5677,0.64278
5678,0.471
5679,0.41033
5680,0.22200999999999999
5681,0.04764
5682,0.0
5683,0.0
5684,0.0
5685,0.0
5686,0.0
5687,0.0
5688,0.0
5689,0.0
5690,0.0
5691,0.0
5692,0.0
5693,0.0
5694,0.02954
5695,0.214
5696,0.44105
5697,0.58416
5698,0.7295900000000001
5699,0.79223
5700,0.71982
5701,0.74011
5702,0.62346
5703,0.47411000000000003
5704,0.27606
5705,0.053939999999999995
5706,0.0
5707,0.0
5708,0.0
5709,0.0
5710,0.0
5711,0.0
5712,0.0
5713,0.0
5714,0.0
5715,0.0
5716,0.0
5717,0.0
5718,0.03198
5719,0.23952
5720,0.45337
5721,0.6117400000000001
5722,0.70508
5723,0.67641
5724,0.5939
5725,0.63352
5726,0.5720700000000001
5727,0.38872
5728,0.22897
5729,0.04184
5730,0.0
5731,0.0
5732,0.0
5733,0.0
5734,0.0
5735,0.0
5736,0.0
5737,0.0
5738,0.0
5739,0.0
5740,0.0
5741,0.0
5742,0.03177
5743,0.15961
5744,0.32486000000000004
5745,0.36831
5746,0.49024
5747,0.54344
5748,0.69167
5749,0.65811
5750,0.51532
5751,0.39588
5752,0.20163999999999999
5753,0.04464
5754,0.0
5755,0.0
5756,0.0
5757,0.0
5758,0.0
5759,0.0
5760,0.0
5761,0.0
5762,0.0
5763,0.0
5764,0.0
5765,0.0
5766,0.03033
5767,0.18131
5768,0.43591
5769,0.58494
5770,0.5982000000000001
5771,0.73646
5772,0.7639400000000001
5773,0.56431
5774,0.52003
5775,0.42891
5776,0.22038
5777,0.04739
5778,0.0
5779,0.0
5780,0.0
5781,0.0
5782,0.0
5783,0.0
5784,0.0
5785,0.0
5786,0.0
5787,0.0
5788,0.0
5789,0.0
5790,0.026760000000000003
5791,0.17905000000000001
5792,0.38123
5793,0.46568
5794,0.5448200000000001
5795,0.6132799999999999
5796,0.6351
5797,0.47132
5798,0.45832999999999996
5799,0.375
5800,0.18796000000000002
5801,0.037340000000000005
5802,0.0
5803,0.0
5804,0.0
5805,0.0
5806,0.0
5807,0.0
5808,0.0
5809,0.0
5810,0.0
5811,0.0
5812,0.0
5813,0.0
5814,0.030289999999999997
5815,0.20817
5816,0.40878
5817,0.5498099999999999
5818,0.6584500000000001
5819,0.7480399999999999
5820,0.65301
5821,0.61221
5822,0.5525
5823,0.40957
5824,0.21186000000000002
5825,0.045259999999999995
5826,0.0
5827,0.0
5828,0.0
5829,0.0
5830,0.0
5831,0.0
5832,0.0
5833,0.0
5834,0.0
5835,0.0
5836,0.0
5837,0.0
5838,0.03186
5839,0.19731
5840,0.41476
5841,0.51197
5842,0.6229
5843,0.74642
5844,0.62385
5845,0.6680900000000001
5846,0.52213
5847,0.40046
5848,0.22723
5849,0.045439999999999994
5850,0.0
5851,0.0
5852,0.0
5853,0.0
5854,0.0
5855,0.0
5856,0.0
5857,0.0
5858,0.0
5859,0.0
5860,0.0
5861,0.0
5862,0.03592
5863,0.18169
5864,0.41245
5865,0.5827899999999999
5866,0.67201
5867,0.55334
5868,0.64161
5869,0.5573899999999999
5870,0.46343
5871,0.33788999999999997
5872,0.17081
5873,0.02831
5874,0.0
5875,0.0
5876,0.0
5877,0.0
5878,0.0
5879,0.0
5880,0.0
5881,0.0
5882,0.0
5883,0.0
5884,0.0
5885,0.0
5886,0.02989
5887,0.137
5888,0.2521
5889,0.31443
5890,0.43833
5891,0.5125700000000001
5892,0.54448
5893,0.41825999999999997
5894,0.45391000000000004
5895,0.27373000000000003
5896,0.19131
5897,0.0295
5898,0.0
5899,0.0
5900,0.0
5901,0.0
5902,0.0
5903,0.0
5904,0.0
5905,0.0
5906,0.0
5907,0.0
5908,0.0
5909,0.0
5910,0.019899999999999998
5911,0.14815
5912,0.18123
5913,0.2808
5914,0.30037
5915,0.45025
5916,0.46881
5917,0.42089
5918,0.35362
5919,0.34213
5920,0.12947999999999998
5921,0.02509
5922,0.0
5923,0.0
5924,0.0
5925,0.0
5926,0.0
5927,0.0
5928,0.0
5929,0.0
5930,0.0
5931,0.0
5932,0.0
5933,0.0
5934,0.03263
5935,0.16269
5936,0.3703
5937,0.54826
5938,0.55762
5939,0.60775
5940,0.66013
5941,0.38550999999999996
5942,0.50807
5943,0.31812999999999997
5944,0.17103
5945,0.0325
5946,0.0
5947,0.0
5948,0.0
5949,0.0
5950,0.0
5951,0.0
5952,0.0
5953,0.0
5954,0.0
5955,0.0
5956,0.0
5957,0.0
5958,0.02952
5959,0.1735
5960,0.37011
5961,0.5859099999999999
5962,0.61926
5963,0.75117
5964,0.66691
5965,0.6770700000000001
5966,0.55225
5967,0.42186
5968,0.21314
5969,0.03754
5970,0.0
5971,0.0
5972,0.0
5973,0.0
5974,0.0
5975,0.0
5976,0.0
5977,0.0
5978,0.0
5979,0.0
5980,0.0
5981,0.0
5982,0.04117
5983,0.18291
5984,0.37953
5985,0.55308
5986,0.50605
5987,0.6404099999999999
5988,0.66128
5989,0.59624
5990,0.45169
5991,0.39183999999999997
5992,0.19999
5993,0.039229999999999994
5994,0.0
5995,0.0
5996,0.0
5997,0.0
5998,0.0
5999,0.0
6000,0.0
6001,0.0
6002,0.0
6003,0.0
6004,0.0
6005,0.0
6006,0.04382
6007,0.20752
6008,0.43974
6009,0.50485
6010,0.61703
6011,0.64985
6012,0.64354
6013,0.61002
6014,0.44224
6015,0.30202999999999997
6016,0.16746
6017,0.02492
6018,0.0
6019,0.0
6020,0.0
6021,0.0
6022,0.0
6023,0.0
6024,0.0
6025,0.0
6026,0.0
6027,0.0
6028,0.0
6029,0.0
6030,0.0265
6031,0.19028
6032,0.32309
6033,0.48848
6034,0.5386299999999999
6035,0.5896699999999999
6036,0.52549
6037,0.4143
6038,0.3336
6039,0.24869
6040,0.16537000000000002
6041,0.026850000000000002
6042,0.0
6043,0.0
6044,0.0
6045,0.0
6046,0.0
6047,0.0
6048,0.0
6049,0.0
6050,0.0
6051,0.0
6052,0.0
6053,0.0
6054,0.01692
6055,0.1022
6056,0.17776
6057,0.19757
6058,0.31271
6059,0.37167
6060,0.4649
6061,0.57166
6062,0.435
6063,0.31632
6064,0.16795
6065,0.02881
6066,0.0
6067,0.0
6068,0.0
6069,0.0
6070,0.0
6071,0.0
6072,0.0
6073,0.0
6074,0.0
6075,0.0
6076,0.0
6077,0.0
6078,0.038619999999999995
6079,0.20394
6080,0.37374
6081,0.5353600000000001
6082,0.53526
6083,0.6694
6084,0.50504
6085,0.52443
6086,0.44833
6087,0.37535
6088,0.21668
6089,0.03437
6090,0.0
6091,0.0
6092,0.0
6093,0.0
6094,0.0
6095,0.0
6096,0.0
6097,0.0
6098,0.0
6099,0.0
6100,0.0
6101,0.0
6102,0.03642
6103,0.18947999999999998
6104,0.43263
6105,0.54979
6106,0.61282
6107,0.65599
6108,0.66167
6109,0.62686
6110,0.52775
6111,0.35055000000000003
6112,0.17394
6113,0.02725
6114,0.0
6115,0.0
6116,0.0
6117,0.0
6118,0.0
6119,0.0
6120,0.0
6121,0.0
6122,0.0
6123,0.0
6124,0.0
6125,0.0
6126,0.04101
6127,0.20067
6128,0.38394
6129,0.56601
6130,0.5826699999999999
6131,0.66004
6132,0.43011
6133,0.48825
6134,0.42733
6135,0.29985
6136,0.12822999999999998
6137,0.02931
6138,0.0
6139,0.0
6140,0.0
6141,0.0
6142,0.0
6143,0.0
6144,0.0
6145,0.0
6146,0.0
6147,0.0
6148,0.0
6149,0.0
6150,0.02199
6151,0.11093
6152,0.27076
6153,0.26019
6154,0.29474
6155,0.53849
6156,0.5297799999999999
6157,0.41692
6158,0.33681
6159,0.30557
6160,0.15152000000000002
6161,0.019039999999999998
6162,0.0
6163,0.0
6164,0.0
6165,0.0
6166,0.0
6167,0.0
6168,0.0
6169,0.0
6170,0.0
6171,0.0
6172,0.0
6173,0.0
6174,0.03046
6175,0.1723
6176,0.41152999999999995
6177,0.51093
6178,0.72276
6179,0.51551
6180,0.71602
6181,0.56738
6182,0.48925
6183,0.38879
6184,0.19888999999999998
6185,0.032170000000000004
6186,0.0
6187,0.0
6188,0.0
6189,0.0
6190,0.0
6191,0.0
6192,0.0
6193,0.0
6194,0.0
6195,0.0
6196,0.0
6197,0.0
6198,0.05171
6199,0.23001
6200,0.4735
6201,0.6260399999999999
6202,0.74082
6203,0.75001
6204,0.7173099999999999
6205,0.58508
6206,0.50226
6207,0.38289999999999996
6208,0.23016999999999999
6209,0.03196
6210,0.0
6211,0.0
6212,0.0
6213,0.0
6214,0.0
6215,0.0
6216,0.0
6217,0.0
6218,0.0
6219,0.0
6220,0.0
6221,0.0
6222,0.04312
6223,0.19994
6224,0.41043
6225,0.5066700000000001
6226,0.59924
6227,0.53774
6228,0.45119
6229,0.24675999999999998
6230,0.26339
6231,0.23477
6232,0.06642
6233,0.02019
6234,0.0
6235,0.0
6236,0.0
6237,0.0
6238,0.0
6239,0.0
6240,0.0
6241,0.0
6242,0.0
6243,0.0
6244,0.0
6245,0.0
6246,0.039020000000000006
6247,0.16842
6248,0.34724
6249,0.48042
6250,0.4372
6251,0.43331000000000003
6252,0.5770299999999999
6253,0.54836
6254,0.5050899999999999
6255,0.42742
6256,0.22426
6257,0.02644
6258,0.0
6259,0.0
6260,0.0
6261,0.0
6262,0.0
6263,0.0
6264,0.0
6265,0.0
6266,0.0
6267,0.0
6268,0.0
6269,0.0
6270,0.038060000000000004
6271,0.23865
6272,0.37779
6273,0.5368099999999999
6274,0.70763
6275,0.67641
6276,0.65695
6277,0.35469
6278,0.26394
6279,0.21146
6280,0.15997999999999998
6281,0.01559
6282,0.0
6283,0.0
6284,0.0
6285,0.0
6286,0.0
6287,0.0
6288,0.0
6289,0.0
6290,0.0
6291,0.0
6292,0.0
6293,0.0
6294,0.0371
6295,0.19244
6296,0.30374
6297,0.5600700000000001
6298,0.6829500000000001
6299,0.7177
6300,0.67647
6301,0.5408999999999999
6302,0.43539
6303,0.37518
6304,0.18562
6305,0.02204
6306,0.0
6307,0.0
6308,0.0
6309,0.0
6310,0.0
6311,0.0
6312,0.0
6313,0.0
6314,0.0
6315,0.0
6316,0.0
6317,0.0
6318,0.0497
6319,0.23524
6320,0.44168
6321,0.6468400000000001
6322,0.73918
6323,0.73365
6324,0.74556
6325,0.6372599999999999
6326,0.56799
6327,0.38756
6328,0.21781999999999999
6329,0.0263
6330,0.0
6331,0.0
6332,0.0
6333,0.0
6334,0.0
6335,0.0
6336,0.0
6337,0.0
6338,0.0
6339,0.0
6340,0.0
6341,0.0
6342,0.055189999999999996
6343,0.22081
6344,0.46549
6345,0.61111
6346,0.65108
6347,0.7437999999999999
6348,0.73897
6349,0.6684500000000001
6350,0.51928
6351,0.42454000000000003
6352,0.17823
6353,0.01276
6354,0.0
6355,0.0
6356,0.0
6357,0.0
6358,0.0
6359,0.0
6360,0.0
6361,0.0
6362,0.0
6363,0.0
6364,0.0
6365,0.0
6366,0.03024
6367,0.17055
6368,0.27505
6369,0.4565
6370,0.51536
6371,0.48913999999999996
6372,0.44726
6373,0.54837
6374,0.46717000000000003
6375,0.25351
6376,0.10535
6377,0.014119999999999999
6378,0.0
6379,0.0
6380,0.0
6381,0.0
6382,0.0
6383,0.0
6384,0.0
6385,0.0
6386,0.0
6387,0.0
6388,0.0
6389,0.0
6390,0.03174
6391,0.15236000000000002
6392,0.19976
6393,0.17442
6394,0.3305
6395,0.40162
6396,0.4181
6397,0.45343
6398,0.37076
6399,0.22068000000000002
6400,0.06666
6401,0.013460000000000001
6402,0.0
6403,0.0
6404,0.0
6405,0.0
6406,0.0
6407,0.0
6408,0.0
6409,0.0
6410,0.0
6411,0.0
6412,0.0
6413,0.0
6414,0.038840000000000006
6415,0.17978
6416,0.3416
6417,0.30502999999999997
6418,0.401
6419,0.37827999999999995
6420,0.63597
6421,0.6034400000000001
6422,0.47379000000000004
6423,0.29325999999999997
6424,0.13558
6425,0.0157
6426,0.0
6427,0.0
6428,0.0
6429,0.0
6430,0.0
6431,0.0
6432,0.0
6433,0.0
6434,0.0
6435,0.0
6436,0.0
6437,0.0
6438,0.055310000000000005
6439,0.2585
6440,0.44803
6441,0.58186
6442,0.69969
6443,0.71409
6444,0.66984
6445,0.62938
6446,0.5726
6447,0.38839999999999997
6448,0.19293000000000002
6449,0.019420000000000003
6450,0.0
6451,0.0
6452,0.0
6453,0.0
6454,0.0
6455,0.0
6456,0.0
6457,0.0
6458,0.0
6459,0.0
6460,0.0
6461,0.0
6462,0.05307
6463,0.2464
6464,0.43879
6465,0.57824
6466,0.6333799999999999
6467,0.65525
6468,0.62371
6469,0.4987
6470,0.42285
6471,0.26702
6472,0.14811000000000002
6473,0.01421
6474,0.0
6475,0.0
6476,0.0
6477,0.0
6478,0.0
6479,0.0
6480,0.0
6481,0.0
6482,0.0
6483,0.0
6484,0.0
6485,0.0
6486,0.03517
6487,0.17023
6488,0.28
6489,0.48547
6490,0.54034
6491,0.64964
6492,0.5719
6493,0.53801
6494,0.46048
6495,0.28232
6496,0.10392
6497,0.01166
6498,0.0
6499,0.0
6500,0.0
6501,0.0
6502,0.0
6503,0.0
6504,0.0
6505,0.0
6506,0.0
6507,0.0
6508,0.0
6509,0.0
6510,0.02957
6511,0.13763
6512,0.35711000000000004
6513,0.5056499999999999
6514,0.5417799999999999
6515,0.5193099999999999
6516,0.53228
6517,0.54692
6518,0.38339
6519,0.30886
6520,0.15831
6521,0.01595
6522,0.0
6523,0.0
6524,0.0
6525,0.0
6526,0.0
6527,0.0
6528,0.0
6529,0.0
6530,0.0
6531,0.0
6532,0.0
6533,0.0
6534,0.048909999999999995
6535,0.23182
6536,0.44194
6537,0.55644
6538,0.7031900000000001
6539,0.58925
6540,0.67108
6541,0.58961
6542,0.5047
6543,0.35804
6544,0.12673
6545,0.01316
6546,0.0
6547,0.0
6548,0.0
6549,0.0
6550,0.0
6551,0.0
6552,0.0
6553,0.0
6554,0.0
6555,0.0
6556,0.0
6557,0.0
6558,0.05669
6559,0.20123
6560,0.43906
6561,0.56531
6562,0.7423099999999999
6563,0.7559
6564,0.74681
6565,0.6429600000000001
6566,0.43823
6567,0.27452
6568,0.1773
6569,0.01716
6570,0.0
6571,0.0
6572,0.0
6573,0.0
6574,0.0
6575,0.0
6576,0.0
6577,0.0
6578,0.0
6579,0.0
6580,0.0
6581,0.0
6582,0.05216
6583,0.14023
6584,0.45242
6585,0.5388999999999999
6586,0.6472100000000001
6587,0.5532999999999999
6588,0.6129199999999999
6589,0.66347
6590,0.51309
6591,0.36602999999999997
6592,0.16636
6593,0.01742
6594,0.0
6595,0.0
6596,0.0
6597,0.0
6598,0.0
6599,0.0
6600,0.0
6601,0.0
6602,0.0
6603,0.0
6604,0.0
6605,0.0
6606,0.04161
6607,0.16358
6608,0.33732
6609,0.49769
6610,0.4879
6611,0.5071
6612,0.46054
6613,0.55683
6614,0.41406
6615,0.37777
6616,0.14925
6617,0.0136
6618,0.0
6619,0.0
6620,0.0
6621,0.0
6622,0.0
6623,0.0
6624,0.0
6625,0.0
6626,0.0
6627,0.0
6628,0.0
6629,0.0
6630,0.04002
6631,0.1677
6632,0.28758
6633,0.41704
6634,0.5324500000000001
6635,0.56045
6636,0.62193
6637,0.5745
6638,0.4007
6639,0.27958
6640,0.16165000000000002
6641,0.01236
6642,0.0
6643,0.0
6644,0.0
6645,0.0
6646,0.0
6647,0.0
6648,0.0
6649,0.0
6650,0.0
6651,0.0
6652,0.0
6653,0.0
6654,0.05704
6655,0.19734000000000002
6656,0.34
6657,0.49654000000000004
6658,0.58656
6659,0.60897
6660,0.66703
6661,0.49089
6662,0.43267
6663,0.37017
6664,0.15111000000000002
6665,0.01285
6666,0.0
6667,0.0
6668,0.0
6669,0.0
6670,0.0
6671,0.0
6672,0.0
6673,0.0
6674,0.0
6675,0.0
6676,0.0
6677,0.0
6678,0.06437000000000001
6679,0.25803
6680,0.44422
6681,0.54137
6682,0.65234
6683,0.63477
6684,0.6392599999999999
6685,0.50695
6686,0.40768
6687,0.28511000000000003
6688,0.09161
6689,0.01377
6690,0.0
6691,0.0
6692,0.0
6693,0.0
6694,0.0
6695,0.0
6696,0.0
6697,0.0
6698,0.0
6699,0.0
6700,0.0
6701,0.0
6702,0.05515
6703,0.20876
6704,0.4636
6705,0.60236
6706,0.6234500000000001
6707,0.59754
6708,0.65175
6709,0.51438
6710,0.36963999999999997
6711,0.21259999999999998
6712,0.08806
6713,0.00842
6714,0.0
6715,0.0
6716,0.0
6717,0.0
6718,0.0
6719,0.0
6720,0.0
6721,0.0
6722,0.0
6723,0.0
6724,0.0
6725,0.0
6726,0.04869
6727,0.21296
6728,0.43581
6729,0.48271
6730,0.5672
6731,0.45183999999999996
6732,0.37921
6733,0.48348
6734,0.25969
6735,0.18618
6736,0.07209
6737,0.00958
6738,0.0
6739,0.0
6740,0.0
6741,0.0
6742,0.0
6743,0.0
6744,0.0
6745,0.0
6746,0.0
6747,0.0
6748,0.0
6749,0.0
6750,0.05375
6751,0.19221000000000002
6752,0.37438
6753,0.4895
6754,0.54722
6755,0.55476
6756,0.5489299999999999
6757,0.49323
6758,0.40705
6759,0.31219
6760,0.09902
6761,0.009460000000000001
6762,0.0
6763,0.0
6764,0.0
6765,0.0
6766,0.0
6767,0.0
6768,0.0
6769,0.0
6770,0.0
6771,0.0
6772,0.0
6773,0.0
6774,0.012320000000000001
6775,0.04043
6776,0.10083
6777,0.06322
6778,0.16719
6779,0.16555
6780,0.112
6781,0.25707
6782,0.29056
6783,0.19204
6784,0.09540000000000001
6785,0.00777
6786,0.0
6787,0.0
6788,0.0
6789,0.0
6790,0.0
6791,0.0
6792,0.0
6793,0.0
6794,0.0
6795,0.0
6796,0.0
6797,0.0
6798,0.0526
6799,0.21652000000000002
6800,0.37551
6801,0.54106
6802,0.59334
6803,0.58917
6804,0.6455
6805,0.45044
6806,0.40774
6807,0.23442
6808,0.12759
6809,0.00707
6810,0.0
6811,0.0
6812,0.0
6813,0.0
6814,0.0
6815,0.0
6816,0.0
6817,0.0
6818,0.0
6819,0.0
6820,0.0
6821,0.0
6822,0.06385
6823,0.27432
6824,0.47501
6825,0.5991599999999999
6826,0.63682
6827,0.74775
6828,0.6475599999999999
6829,0.6701
6830,0.51728
6831,0.36878
6832,0.14138
6833,0.012960000000000001
6834,0.0
6835,0.0
6836,0.0
6837,0.0
6838,0.0
6839,0.0
6840,0.0
6841,0.0
6842,0.0
6843,0.0
6844,0.0
6845,0.0
6846,0.06265
6847,0.25649
6848,0.43817
6849,0.5885199999999999
6850,0.59238
6851,0.6489400000000001
6852,0.52266
6853,0.46303
6854,0.36241
6855,0.19476
6856,0.09679
6857,0.006809999999999999
6858,0.0
6859,0.0
6860,0.0
6861,0.0
6862,0.0
6863,0.0
6864,0.0
6865,0.0
6866,0.0
6867,0.0
6868,0.0
6869,0.0
6870,0.02481
6871,0.18328999999999998
6872,0.27861
6873,0.46384
6874,0.50414
6875,0.50919
6876,0.41457
6877,0.3645
6878,0.32937
6879,0.15512
6880,0.14696
6881,0.0025299999999999997
6882,0.0
6883,0.0
6884,0.0
6885,0.0
6886,0.0
6887,0.0
6888,0.0
6889,0.0
6890,0.0
6891,0.0
6892,0.0
6893,0.0
6894,0.04549
6895,0.20903
6896,0.46367
6897,0.51139
6898,0.5612
6899,0.61691
6900,0.73194
6901,0.53308
6902,0.43998000000000004
6903,0.32023
6904,0.12229000000000001
6905,0.00425
6906,0.0
6907,0.0
6908,0.0
6909,0.0
6910,0.0
6911,0.0
6912,0.0
6913,0.0
6914,0.0
6915,0.0
6916,0.0
6917,0.0
6918,0.055409999999999994
6919,0.21341
6920,0.37498000000000004
6921,0.53896
6922,0.6562899999999999
6923,0.63654
6924,0.6596799999999999
6925,0.49598000000000003
6926,0.35174
6927,0.26605
6928,0.13849
6929,0.0040999999999999995
6930,0.0
6931,0.0
6932,0.0
6933,0.0
6934,0.0
6935,0.0
6936,0.0
6937,0.0
6938,0.0
6939,0.0
6940,0.0
6941,0.0
6942,0.048600000000000004
6943,0.1834
6944,0.30292
6945,0.44214
6946,0.66187
6947,0.68092
6948,0.6742999999999999
6949,0.5368200000000001
6950,0.33488
6951,0.22977
6952,0.12709
6953,0.00094
6954,0.0
6955,0.0
6956,0.0
6957,0.0
6958,0.0
6959,0.0
6960,0.0
6961,0.0
6962,0.0
6963,0.0
6964,0.0
6965,0.0
6966,0.048799999999999996
6967,0.23646
6968,0.38476
6969,0.54967
6970,0.56147
6971,0.60739
6972,0.60491
6973,0.5730299999999999
6974,0.44566
6975,0.29960000000000003
6976,0.12715
6977,0.00609
6978,0.0
6979,0.0
6980,0.0
6981,0.0
6982,0.0
6983,0.0
6984,0.0
6985,0.0
6986,0.0
6987,0.0
6988,0.0
6989,0.0
6990,0.02831
6991,0.13198
6992,0.17657
6993,0.13165000000000002
6994,0.19136
6995,0.38359
6996,0.45979000000000003
6997,0.36678
6998,0.36947
6999,0.22075
7000,0.11974
7001,0.00539
7002,0.0
7003,0.0
7004,0.0
7005,0.0
7006,0.0
7007,0.0
7008,0.0
7009,0.0
7010,0.0
7011,0.0
7012,0.0
7013,0.0
7014,0.04851
7015,0.21728999999999998
7016,0.40901
7017,0.5216000000000001
7018,0.5387799999999999
7019,0.54416
7020,0.52732
7021,0.43592000000000003
7022,0.41394
7023,0.28063
7024,0.13915
7025,0.0060999999999999995
7026,0.0
7027,0.0
7028,0.0
7029,0.0
7030,0.0
7031,0.0
7032,0.0
7033,0.0
7034,0.0
7035,0.0
7036,0.0
7037,0.0
7038,0.05151
7039,0.25418
7040,0.36544
7041,0.46191000000000004
7042,0.5896
7043,0.40737
7044,0.4707
7045,0.44633
7046,0.39507
7047,0.26893
7048,0.12988999999999998
7049,0.00642
7050,0.0
7051,0.0
7052,0.0
7053,0.0
7054,0.0
7055,0.0
7056,0.0
7057,0.0
7058,0.0
7059,0.0
7060,0.0
7061,0.0
7062,0.028079999999999997
7063,0.1512
7064,0.27182
7065,0.39441000000000004
7066,0.39385000000000003
7067,0.51634
7068,0.52867
7069,0.24719
7070,0.24073
7071,0.12425
7072,0.07031
7073,0.00181
7074,0.0
7075,0.0
7076,0.0
7077,0.0
7078,0.0
7079,0.0
7080,0.0
7081,0.0
7082,0.0
7083,0.0
7084,0.0
7085,0.0
7086,0.04366
7087,0.1776
7088,0.45837
7089,0.61874
7090,0.73609
7091,0.76051
7092,0.70005
7093,0.53723
7094,0.38659
7095,0.25392
7096,0.09342
7097,0.0033399999999999997
7098,0.0
7099,0.0
7100,0.0
7101,0.0
7102,0.0
7103,0.0
7104,0.0
7105,0.0
7106,0.0
7107,0.0
7108,0.0
7109,0.0
7110,0.04629
7111,0.19787000000000002
7112,0.32409
7113,0.44735
7114,0.42311
7115,0.45130000000000003
7116,0.53492
7117,0.33701
7118,0.26522
7119,0.16118000000000002
7120,0.07531
7121,0.00395
7122,0.0
7123,0.0
7124,0.0
7125,0.0
7126,0.0
7127,0.0
7128,0.0
7129,0.0
7130,0.0
7131,0.0
7132,0.0
7133,0.0
7134,0.058159999999999996
7135,0.21059999999999998
7136,0.43864
7137,0.54704
7138,0.6658099999999999
7139,0.6623600000000001
7140,0.64237
7141,0.54003
7142,0.44041
7143,0.2129
7144,0.08206000000000001
7145,0.0022299999999999998
7146,0.0
7147,0.0
7148,0.0
7149,0.0
7150,0.0
7151,0.0
7152,0.0
7153,0.0
7154,0.0
7155,0.0
7156,0.0
7157,0.0
7158,0.05454
7159,0.22666999999999998
7160,0.36143000000000003
7161,0.44387
7162,0.52458
7163,0.54583
7164,0.48878
7165,0.33642
7166,0.38835000000000003
7167,0.18561000000000002
7168,0.07503
7169,0.0023799999999999997
7170,0.0
7171,0.0
7172,0.0
7173,0.0
7174,0.0
7175,0.0
7176,0.0
7177,0.0
7178,0.0
7179,0.0
7180,0.0
7181,0.0
7182,0.05285
7183,0.16096000000000002
7184,0.34708999999999995
7185,0.31811
7186,0.37672000000000005
7187,0.38665
7188,0.22081
7189,0.27529000000000003
7190,0.19159
7191,0.16605
7192,0.06308
7193,0.0028799999999999997
7194,0.0
7195,0.0
7196,0.0
7197,0.0
7198,0.0
7199,0.0
7200,0.0
7201,0.0
7202,0.0
7203,0.0
7204,0.0
7205,0.0
7206,0.03456
7207,0.17642
7208,0.28075
7209,0.45754
7210,0.5469400000000001
7211,0.45265
7212,0.2848
7213,0.2404
7214,0.18519
7215,0.12938
7216,0.07953
7217,0.005719999999999999
7218,0.0
7219,0.0
7220,0.0
7221,0.0
7222,0.0
7223,0.0
7224,0.0
7225,0.0
7226,0.0
7227,0.0
7228,0.0
7229,0.0
7230,0.05486
7231,0.12649
7232,0.32543
7233,0.5227200000000001
7234,0.45686
7235,0.48406
7236,0.27891000000000005
7237,0.2357
7238,0.17565
7239,0.13982
7240,0.07962000000000001
7241,0.00209
7242,0.0
7243,0.0
7244,0.0
7245,0.0
7246,0.0
7247,0.0
7248,0.0
7249,0.0
7250,0.0
7251,0.0
7252,0.0
7253,0.0
7254,0.0493
7255,0.19957
7256,0.32996
7257,0.52051
7258,0.5268200000000001
7259,0.4597
7260,0.48599000000000003
7261,0.40863
7262,0.33426
7263,0.30801
7264,0.11785999999999999
7265,0.00268
7266,0.0
7267,0.0
7268,0.0
7269,0.0
7270,0.0
7271,0.0
7272,0.0
7273,0.0
7274,0.0
7275,0.0
7276,0.0
7277,0.0
7278,0.0497
7279,0.16393000000000002
7280,0.35961000000000004
7281,0.5166000000000001
7282,0.6236
7283,0.61212
7284,0.6155
7285,0.48519
7286,0.40913
7287,0.22519
7288,0.09809
7289,0.00184
7290,0.0
7291,0.0
7292,0.0
7293,0.0
7294,0.0
7295,0.0
7296,0.0
7297,0.0
7298,0.0
7299,0.0
7300,0.0
7301,0.0
7302,0.05602
7303,0.20273
7304,0.38285
7305,0.4552
7306,0.5559299999999999
7307,0.66426
7308,0.60534
7309,0.42623
7310,0.29429
7311,0.1968
7312,0.05775
7313,0.00102
7314,0.0
7315,0.0
7316,0.0
7317,0.0
7318,0.0
7319,0.0
7320,0.0
7321,0.0
7322,0.0
7323,0.0
7324,0.0
7325,0.0
7326,0.0177
7327,0.12841
7328,0.25641
7329,0.34216
7330,0.42641
7331,0.49566000000000004
7332,0.48410000000000003
7333,0.26195
7334,0.24518
7335,0.21818
7336,0.05947
7337,0.00213
7338,0.0
7339,0.0
7340,0.0
7341,0.0
7342,0.0
7343,0.0
7344,0.0
7345,0.0
7346,0.0
7347,0.0
7348,0.0
7349,0.0
7350,0.04906
7351,0.19788999999999998
7352,0.38930000000000003
7353,0.51266
7354,0.55822
7355,0.5348999999999999
7356,0.59723
7357,0.42451
7358,0.33323
7359,0.25467
7360,0.07489
7361,0.0025299999999999997
7362,0.0
7363,0.0
7364,0.0
7365,0.0
7366,0.0
7367,0.0
7368,0.0
7369,0.0
7370,0.0
7371,0.0
7372,0.0
7373,0.0
7374,0.01887
7375,0.08225
7376,0.13569
7377,0.08876
7378,0.18783000000000002
7379,0.23996
7380,0.29518
7381,0.21828999999999998
7382,0.18061000000000002
7383,0.10945999999999999
7384,0.04548
7385,0.0020299999999999997
7386,0.0
7387,0.0
7388,0.0
7389,0.0
7390,0.0
7391,0.0
7392,0.0
7393,0.0
7394,0.0
7395,0.0
7396,0.0
7397,0.0
7398,0.040909999999999995
7399,0.15985
7400,0.17321
7401,0.42021
7402,0.64554
7403,0.52836
7404,0.47411000000000003
7405,0.56036
7406,0.30444
7407,0.18653
7408,0.09018999999999999
7409,0.00082
7410,0.0
7411,0.0
7412,0.0
7413,0.0
7414,0.0
7415,0.0
7416,0.0
7417,0.0
7418,0.0
7419,0.0
7420,0.0
7421,0.0
7422,0.04924
7423,0.1846
7424,0.38614
7425,0.52707
7426,0.51096
7427,0.37391
7428,0.5266799999999999
7429,0.42816000000000004
7430,0.35479
7431,0.26342000000000004
7432,0.09645000000000001
7433,0.0007099999999999999
7434,0.0
7435,0.0
7436,0.0
7437,0.0
7438,0.0
7439,0.0
7440,0.0
7441,0.0
7442,0.0
7443,0.0
7444,0.0
7445,0.0
7446,0.00808
7447,0.05135
7448,0.13413
7449,0.14221
7450,0.28424
7451,0.35536
7452,0.34887999999999997
7453,0.36216000000000004
7454,0.35520999999999997
7455,0.30360000000000004
7456,0.08565
7457,0.00138
7458,0.0
7459,0.0
7460,0.0
7461,0.0
7462,0.0
7463,0.0
7464,0.0
7465,0.0
7466,0.0
7467,0.0
7468,0.0
7469,0.0
7470,0.039810000000000005
7471,0.17904
7472,0.28844
7473,0.50248
7474,0.5452899999999999
7475,0.62981
7476,0.54737
7477,0.48569
7478,0.40887
7479,0.26206
7480,0.12662
7481,0.00299
7482,0.0
7483,0.0
7484,0.0
7485,0.0
7486,0.0
7487,0.0
7488,0.0
7489,0.0
7490,0.0
7491,0.0
7492,0.0
7493,0.0
7494,0.03491
7495,0.18985
7496,0.42384
7497,0.3954
7498,0.33918
7499,0.54087
7500,0.48957
7501,0.46379000000000004
7502,0.37519
7503,0.28061
7504,0.10151
7505,0.00315
7506,0.0
7507,0.0
7508,0.0
7509,0.0
7510,0.0
7511,0.0
7512,0.0
7513,0.0
7514,0.0
7515,0.0
7516,0.0
7517,0.0
7518,0.04254
7519,0.14084
7520,0.24011000000000002
7521,0.21062
7522,0.23461
7523,0.28282
7524,0.38738
7525,0.38414
7526,0.29458999999999996
7527,0.26042000000000004
7528,0.10679999999999999
7529,0.0030499999999999998
7530,0.0
7531,0.0
7532,0.0
7533,0.0
7534,0.0
7535,0.0
7536,0.0
7537,0.0
7538,0.0
7539,0.0
7540,0.0
7541,0.0
7542,0.03693
7543,0.18488
7544,0.22875
7545,0.28441000000000005
7546,0.29349000000000003
7547,0.5710299999999999
7548,0.5946
7549,0.5234
7550,0.41258999999999996
7551,0.2485
7552,0.08120999999999999
7553,0.00283
7554,0.0
7555,0.0
7556,0.0
7557,0.0
7558,0.0
7559,0.0
7560,0.0
7561,0.0
7562,0.0
7563,0.0
7564,0.0
7565,0.0
7566,0.01367
7567,0.07439
7568,0.1541
7569,0.25989
7570,0.3118
7571,0.5268400000000001
7572,0.34047000000000005
7573,0.35135
7574,0.31465
7575,0.22496000000000002
7576,0.07704000000000001
7577,0.0024500000000000004
7578,0.0
7579,0.0
7580,0.0
7581,0.0
7582,0.0
7583,0.0
7584,0.0
7585,0.0
7586,0.0
7587,0.0
7588,0.0
7589,0.0
7590,0.017079999999999998
7591,0.12167
7592,0.17973
7593,0.27086
7594,0.36416000000000004
7595,0.55075
7596,0.51523
7597,0.491
7598,0.42755
7599,0.31894
7600,0.10809
7601,0.00145
7602,0.0
7603,0.0
7604,0.0
7605,0.0
7606,0.0
7607,0.0
7608,0.0
7609,0.0
7610,0.0
7611,0.0
7612,0.0
7613,0.0
7614,0.04058
7615,0.19591999999999998
7616,0.39176
7617,0.5776399999999999
7618,0.59453
7619,0.57352
7620,0.5476599999999999
7621,0.36702999999999997
7622,0.20463
7623,0.25954
7624,0.14433
7625,0.00252
7626,0.0
7627,0.0
7628,0.0
7629,0.0
7630,0.0
7631,0.0
7632,0.0
7633,0.0
7634,0.0
7635,0.0
7636,0.0
7637,0.0
7638,0.037590000000000005
7639,0.18625
7640,0.32133
7641,0.44089
7642,0.44573
7643,0.45953
7644,0.56521
7645,0.48595
7646,0.38294
7647,0.30343000000000003
7648,0.1028
7649,0.00381
7650,0.0
7651,0.0
7652,0.0
7653,0.0
7654,0.0
7655,0.0
7656,0.0
7657,0.0
7658,0.0
7659,0.0
7660,0.0
7661,0.0
7662,0.05142
7663,0.22738
7664,0.5033500000000001
7665,0.65827
7666,0.7363099999999999
7667,0.7985
7668,0.7782100000000001
7669,0.5997100000000001
7670,0.43561
7671,0.38743
7672,0.15491
7673,0.00287
7674,0.0
7675,0.0
7676,0.0
7677,0.0
7678,0.0
7679,0.0
7680,0.0
7681,0.0
7682,0.0
7683,0.0
7684,0.0
7685,0.0
7686,0.048979999999999996
7687,0.21816999999999998
7688,0.50248
7689,0.63537
7690,0.73791
7691,0.78266
7692,0.73437
7693,0.5994400000000001
7694,0.50266
7695,0.36456
7696,0.15186000000000002
7697,0.00216
7698,0.0
7699,0.0
7700,0.0
7701,0.0
7702,0.0
7703,0.0
7704,0.0
7705,0.0
7706,0.0
7707,0.0
7708,0.0
7709,0.0
7710,0.040740000000000005
7711,0.18327000000000002
7712,0.33470999999999995
7713,0.5325
7714,0.5816399999999999
7715,0.66539
7716,0.49622000000000005
7717,0.35398
7718,0.29682
7719,0.23682
7720,0.11431000000000001
7721,0.0033
7722,0.0
7723,0.0
7724,0.0
7725,0.0
7726,0.0
7727,0.0
7728,0.0
7729,0.0
7730,0.0
7731,0.0
7732,0.0
7733,0.0
7734,0.059609999999999996
7735,0.24383000000000002
7736,0.3808
7737,0.4713
7738,0.46832999999999997
7739,0.47836
7740,0.41664
7741,0.25952
7742,0.28008
7743,0.1742
7744,0.0707
7745,0.00419
7746,0.0
7747,0.0
7748,0.0
7749,0.0
7750,0.0
7751,0.0
7752,0.0
7753,0.0
7754,0.0
7755,0.0
7756,0.0
7757,0.0
7758,0.02709
7759,0.15930000000000002
7760,0.35933
7761,0.38186000000000003
7762,0.50803
7763,0.51498
7764,0.46397000000000005
7765,0.45204
7766,0.24916
7767,0.22213999999999998
7768,0.06699
7769,0.00076
7770,0.0
7771,0.0
7772,0.0
7773,0.0
7774,0.0
7775,0.0
7776,0.0
7777,0.0
7778,0.0
7779,0.0
7780,0.0
7781,0.0
7782,0.051590000000000004
7783,0.21142
7784,0.42491
7785,0.54603
7786,0.6093999999999999
7787,0.6214500000000001
7788,0.54653
7789,0.46658
7790,0.3247
7791,0.26735000000000003
7792,0.09003
7793,0.00328
7794,0.0
7795,0.0
7796,0.0
7797,0.0
7798,0.0
7799,0.0
7800,0.0
7801,0.0
7802,0.0
7803,0.0
7804,0.0
7805,0.0
7806,0.037590000000000005
7807,0.17396999999999999
7808,0.31693
7809,0.41114999999999996
7810,0.48671
7811,0.41278
7812,0.5157200000000001
7813,0.5977899999999999
7814,0.44303
7815,0.2737
7816,0.1274
7817,0.00271
7818,0.0
7819,0.0
7820,0.0
7821,0.0
7822,0.0
7823,0.0
7824,0.0
7825,0.0
7826,0.0
7827,0.0
7828,0.0
7829,0.0
7830,0.02844
7831,0.21121
7832,0.39697000000000005
7833,0.49355
7834,0.59168
7835,0.59596
7836,0.57002
7837,0.48502999999999996
7838,0.33927999999999997
7839,0.34022
7840,0.17296
7841,0.0024300000000000003
7842,0.0
7843,0.0
7844,0.0
7845,0.0
7846,0.0
7847,0.0
7848,0.0
7849,0.0
7850,0.0
7851,0.0
7852,0.0
7853,0.0
7854,0.041229999999999996
7855,0.21769
7856,0.26606
7857,0.45426
7858,0.5783400000000001
7859,0.5784400000000001
7860,0.55913
7861,0.5388099999999999
7862,0.36282
7863,0.36794
7864,0.14102
7865,0.00325
7866,0.0
7867,0.0
7868,0.0
7869,0.0
7870,0.0
7871,0.0
7872,0.0
7873,0.0
7874,0.0
7875,0.0
7876,0.0
7877,0.0
7878,0.04625
7879,0.21299
7880,0.37541
7881,0.5233
7882,0.6444099999999999
7883,0.66128
7884,0.50848
7885,0.56816
7886,0.52337
7887,0.2082
7888,0.16107
7889,0.00398
7890,0.0
7891,0.0
7892,0.0
7893,0.0
7894,0.0
7895,0.0
7896,0.0
7897,0.0
7898,0.0
7899,0.0
7900,0.0
7901,0.0
7902,0.03915
7903,0.19967
7904,0.39353
7905,0.49467
7906,0.5169600000000001
7907,0.58709
7908,0.56949
7909,0.56453
7910,0.48727
7911,0.26103
7912,0.14087
7913,0.00239
7914,0.0
7915,0.0
7916,0.0
7917,0.0
7918,0.0
7919,0.0
7920,0.0
7921,0.0
7922,0.0
7923,0.0
7924,0.0
7925,0.0
7926,0.01923
7927,0.09996
7928,0.23864
7929,0.32015
7930,0.42752999999999997
7931,0.6209600000000001
7932,0.50415
7933,0.60178
7934,0.44315
7935,0.34876
7936,0.15688
7937,0.00231
7938,0.0
7939,0.0
7940,0.0
7941,0.0
7942,0.0
7943,0.0
7944,0.0
7945,0.0
7946,0.0
7947,0.0
7948,0.0
7949,0.0
7950,0.02693
7951,0.14944
7952,0.21959
7953,0.37354000000000004
7954,0.30631
7955,0.42393000000000003
7956,0.4616
7957,0.45642
7958,0.40319
7959,0.23658
7960,0.11955
7961,0.00633
7962,0.0
7963,0.0
7964,0.0
7965,0.0
7966,0.0
7967,0.0
7968,0.0
7969,0.0
7970,0.0
7971,0.0
7972,0.0
7973,0.0
7974,0.04442
7975,0.20663
7976,0.38763
7977,0.4258
7978,0.50631
7979,0.48818
7980,0.60378
7981,0.48763999999999996
7982,0.47731
7983,0.29679
7984,0.16277
7985,0.0023799999999999997
7986,0.0
7987,0.0
7988,0.0
7989,0.0
7990,0.0
7991,0.0
7992,0.0
7993,0.0
7994,0.0
7995,0.0
7996,0.0
7997,0.0
7998,0.04877
7999,0.19456
8000,0.42546
8001,0.5608200000000001
8002,0.6414
8003,0.6838500000000001
8004,0.6385299999999999
8005,0.61036
8006,0.49069999999999997
8007,0.31642000000000003
8008,0.14478
8009,0.0033599999999999997
8010,0.0
8011,0.0
8012,0.0
8013,0.0
8014,0.0
8015,0.0
8016,0.0
8017,0.0
8018,0.0
8019,0.0
8020,0.0
8021,0.0
8022,0.05386
8023,0.25679
8024,0.46686
8025,0.64085
8026,0.69412
8027,0.7123999999999999
8028,0.6431699999999999
8029,0.65823
8030,0.49367
8031,0.32556999999999997
8032,0.15441999999999997
8033,0.00588
8034,0.0
8035,0.0
8036,0.0
8037,0.0
8038,0.0
8039,0.0
8040,0.0
8041,0.0
8042,0.0
8043,0.0
8044,0.0
8045,0.0
8046,0.047380000000000005
8047,0.26254
8048,0.48675999999999997
8049,0.60061
8050,0.68274
8051,0.692
8052,0.6512899999999999
8053,0.45394
8054,0.43541
8055,0.35910000000000003
8056,0.17547
8057,0.0039700000000000004
8058,0.0
8059,0.0
8060,0.0
8061,0.0
8062,0.0
8063,0.0
8064,0.0
8065,0.0
8066,0.0
8067,0.0
8068,0.0
8069,0.0
8070,0.054060000000000004
8071,0.22878
8072,0.46395
8073,0.63536
8074,0.71296
8075,0.6092799999999999
8076,0.51615
8077,0.59834
8078,0.48111000000000004
8079,0.3445
8080,0.18271
8081,0.0024
8082,0.0
8083,0.0
8084,0.0
8085,0.0
8086,0.0
8087,0.0
8088,0.0
8089,0.0
8090,0.0
8091,0.0
8092,0.0
8093,0.0
8094,0.047850000000000004
8095,0.24330000000000002
8096,0.42529
8097,0.44580000000000003
8098,0.63824
8099,0.59094
8100,0.5387799999999999
8101,0.61922
8102,0.4254
8103,0.27286
8104,0.16765
8105,0.00431
8106,0.0
8107,0.0
8108,0.0
8109,0.0
8110,0.0
8111,0.0
8112,0.0
8113,0.0
8114,0.0
8115,0.0
8116,0.0
8117,0.0
8118,0.03849
8119,0.17601
8120,0.4109
8121,0.56511
8122,0.66812
8123,0.65076
8124,0.6771699999999999
8125,0.65591
8126,0.49182
8127,0.35982
8128,0.19577
8129,0.0035499999999999998
8130,0.0
8131,0.0
8132,0.0
8133,0.0
8134,0.0
8135,0.0
8136,0.0
8137,0.0
8138,0.0
8139,0.0
8140,0.0
8141,0.0
8142,0.04342
8143,0.17516
8144,0.42478
8145,0.51852
8146,0.58326
8147,0.67015
8148,0.64586
8149,0.51603
8150,0.40244
8151,0.32579
8152,0.15222
8153,0.008320000000000001
8154,0.0
8155,0.0
8156,0.0
8157,0.0
8158,0.0
8159,0.0
8160,0.0
8161,0.0
8162,0.0
8163,0.0
8164,0.0
8165,0.0
8166,0.03309
8167,0.20533
8168,0.4076
8169,0.60238
8170,0.6785399999999999
8171,0.70262
8172,0.68074
8173,0.56145
8174,0.42942
8175,0.33976
8176,0.16473
8177,0.01934
8178,0.0
8179,0.0
8180,0.0
8181,0.0
8182,0.0
8183,0.0
8184,0.0
8185,0.0
8186,0.0
8187,0.0
8188,0.0
8189,0.0
8190,0.048159999999999994
8191,0.22788
8192,0.43762
8193,0.5570499999999999
8194,0.65965
8195,0.61088
8196,0.5604600000000001
8197,0.44589
8198,0.36881
8199,0.3378
8200,0.19275
8201,0.02802
8202,0.0
8203,0.0
8204,0.0
8205,0.0
8206,0.0
8207,0.0
8208,0.0
8209,0.0
8210,0.0
8211,0.0
8212,0.0
8213,0.0
8214,0.016149999999999998
8215,0.10188
8216,0.18139
8217,0.25449
8218,0.42436
8219,0.35967
8220,0.25411
8221,0.25365
8222,0.2635
8223,0.26563
8224,0.13093000000000002
8225,0.01269
8226,0.0
8227,0.0
8228,0.0
8229,0.0
8230,0.0
8231,0.0
8232,0.0
8233,0.0
8234,0.0
8235,0.0
8236,0.0
8237,0.0
8238,0.0116
8239,0.12653
8240,0.18900999999999998
8241,0.35396
8242,0.41501
8243,0.58863
8244,0.55167
8245,0.45099
8246,0.33652
8247,0.22538999999999998
8248,0.10529000000000001
8249,0.00958
8250,0.0
8251,0.0
8252,0.0
8253,0.0
8254,0.0
8255,0.0
8256,0.0
8257,0.0
8258,0.0
8259,0.0
8260,0.0
8261,0.0
8262,0.02289
8263,0.12738
8264,0.3319
8265,0.38911
8266,0.39288
8267,0.53774
8268,0.61534
8269,0.47564
8270,0.47348
8271,0.34463
8272,0.16491
8273,0.01727
8274,0.0
8275,0.0
8276,0.0
8277,0.0
8278,0.0
8279,0.0
8280,0.0
8281,0.0
8282,0.0
8283,0.0
8284,0.0
8285,0.0
8286,0.03666
8287,0.22186
8288,0.46899
8289,0.58778
8290,0.6608200000000001
8291,0.6480499999999999
8292,0.73737
8293,0.57587
8294,0.46144
8295,0.36472000000000004
8296,0.18721000000000002
8297,0.01839
8298,0.0
8299,0.0
8300,0.0
8301,0.0
8302,0.0
8303,0.0
8304,0.0
8305,0.0
8306,0.0
8307,0.0
8308,0.0
8309,0.0
8310,0.03512
8311,0.2089
8312,0.41311000000000003
8313,0.59194
8314,0.59313
8315,0.5769299999999999
8316,0.5291699999999999
8317,0.45600999999999997
8318,0.43611
8319,0.36551999999999996
8320,0.13594
8321,0.020640000000000002
8322,0.0
8323,0.0
8324,0.0
8325,0.0
8326,0.0
8327,0.0
8328,0.0
8329,0.0
8330,0.0
8331,0.0
8332,0.0
8333,0.0
8334,0.02591
8335,0.21046
8336,0.39235000000000003
8337,0.5270900000000001
8338,0.61711
8339,0.5648099999999999
8340,0.59688
8341,0.57331
8342,0.41870999999999997
8343,0.22641999999999998
8344,0.11194
8345,0.01068
8346,0.0
8347,0.0
8348,0.0
8349,0.0
8350,0.0
8351,0.0
8352,0.0
8353,0.0
8354,0.0
8355,0.0
8356,0.0
8357,0.0
8358,0.0125
8359,0.08655
8360,0.25172
8361,0.41112
8362,0.49
8363,0.48552999999999996
8364,0.49707999999999997
8365,0.08384
8366,0.14366
8367,0.14515
8368,0.0768
8369,0.00558
8370,0.0
8371,0.0
8372,0.0
8373,0.0
8374,0.0
8375,0.0
8376,0.0
8377,0.0
8378,0.0
8379,0.0
8380,0.0
8381,0.0
8382,0.015390000000000001
8383,0.09555
8384,0.23061
8385,0.29498
8386,0.44521
8387,0.34354
8388,0.44253
8389,0.23526
8390,0.37914
8391,0.19463
8392,0.04455
8393,0.00717
8394,0.0
8395,0.0
8396,0.0
8397,0.0
8398,0.0
8399,0.0
8400,0.0
8401,0.0
8402,0.0
8403,0.0
8404,0.0
8405,0.0
8406,0.00275
8407,0.026609999999999998
8408,0.039630000000000006
8409,0.14349
8410,0.09433
8411,0.26730000000000004
8412,0.35852
8413,0.20574
8414,0.29146
8415,0.14771
8416,0.03668
8417,0.009269999999999999
8418,0.0
8419,0.0
8420,0.0
8421,0.0
8422,0.0
8423,0.0
8424,0.0
8425,0.0
8426,0.0
8427,0.0
8428,0.0
8429,0.0
8430,0.01396
8431,0.11785999999999999
8432,0.19934000000000002
8433,0.31738
8434,0.55162
8435,0.49713
8436,0.56543
8437,0.36837000000000003
8438,0.24930000000000002
8439,0.26394999999999996
8440,0.15061000000000002
8441,0.011619999999999998
8442,0.0
8443,0.0
8444,0.0
8445,0.0
8446,0.0
8447,0.0
8448,0.0
8449,0.0
8450,0.0
8451,0.0
8452,0.0
8453,0.0
8454,0.01704
8455,0.12919
8456,0.18403
8457,0.30179
8458,0.34719
8459,0.43048000000000003
8460,0.45039
8461,0.34193
8462,0.40502999999999995
8463,0.23223
8464,0.08898
8465,0.01248
8466,0.0
8467,0.0
8468,0.0
8469,0.0
8470,0.0
8471,0.0
8472,0.0
8473,0.0
8474,0.0
8475,0.0
8476,0.0
8477,0.0
8478,0.00982
8479,0.09447
8480,0.29936
8481,0.50735
8482,0.51497
8483,0.46193
8484,0.49681000000000003
8485,0.33676
8486,0.25351
8487,0.21028
8488,0.09758
8489,0.01508
8490,0.0
8491,0.0
8492,0.0
8493,0.0
8494,0.0
8495,0.0
8496,0.0
8497,0.0
8498,0.0
8499,0.0
8500,0.0
8501,0.0
8502,0.00797
8503,0.07065
8504,0.16952
8505,0.23614
8506,0.3998
8507,0.4124
8508,0.55316
8509,0.28802999999999995
8510,0.37074
8511,0.2738
8512,0.10405
8513,0.012410000000000001
8514,0.0
8515,0.0
8516,0.0
8517,0.0
8518,0.0
8519,0.0
8520,0.0
8521,0.0
8522,0.0
8523,0.0
8524,0.0
8525,0.0
8526,0.01569
8527,0.1032
8528,0.325
8529,0.44132
8530,0.46027999999999997
8531,0.48867
8532,0.62693
8533,0.52426
8534,0.40197000000000005
8535,0.25043
8536,0.12621
8537,0.019760000000000003
8538,0.0
8539,0.0
8540,0.0
8541,0.0
8542,0.0
8543,0.0
8544,0.0
8545,0.0
8546,0.0
8547,0.0
8548,0.0
8549,0.0
8550,0.015470000000000001
8551,0.12602
8552,0.36169
8553,0.47242
8554,0.43134
8555,0.50466
8556,0.58936
8557,0.5522999999999999
8558,0.49355
8559,0.34229000000000004
8560,0.20034
8561,0.02519
8562,0.0
8563,0.0
8564,0.0
8565,0.0
8566,0.0
8567,0.0
8568,0.0
8569,0.0
8570,0.0
8571,0.0
8572,0.0
8573,0.0
8574,0.03032
8575,0.15496000000000001
8576,0.32483999999999996
8577,0.44336000000000003
8578,0.51003
8579,0.59451
8580,0.58175
8581,0.5592999999999999
8582,0.29081
8583,0.23025
8584,0.14526
8585,0.019850000000000003
8586,0.0
8587,0.0
8588,0.0
8589,0.0
8590,0.0
8591,0.0
8592,0.0
8593,0.0
8594,0.0
8595,0.0
8596,0.0
8597,0.0
8598,0.01117
8599,0.11662
8600,0.23807
8601,0.44727
8602,0.48948
8603,0.4844
8604,0.38792000000000004
8605,0.44432
8606,0.36762
8607,0.24356
8608,0.14811000000000002
8609,0.024390000000000002
8610,0.0
8611,0.0
8612,0.0
8613,0.0
8614,0.0
8615,0.0
8616,0.0
8617,0.0
8618,0.0
8619,0.0
8620,0.0
8621,0.0
8622,0.026010000000000002
8623,0.16972
8624,0.31487
8625,0.40216
8626,0.42757
8627,0.5581799999999999
8628,0.49522000000000005
8629,0.37207
8630,0.13833
8631,0.11034999999999999
8632,0.10844
8633,0.01529
8634,0.0
8635,0.0
8636,0.0
8637,0.0
8638,0.0
8639,0.0
8640,0.0
8641,0.0
8642,0.0
8643,0.0
8644,0.0
8645,0.0
8646,0.01636
8647,0.10558
8648,0.28629000000000004
8649,0.46781
8650,0.51019
8651,0.6204
8652,0.54749
8653,0.46048
8654,0.42302
8655,0.30783
8656,0.13349
8657,0.027399999999999997
8658,0.0
8659,0.0
8660,0.0
8661,0.0
8662,0.0
8663,0.0
8664,0.0
8665,0.0
8666,0.0
8667,0.0
8668,0.0
8669,0.0
8670,0.01712
8671,0.13871
8672,0.35025
8673,0.5054
8674,0.48786
8675,0.49739999999999995
8676,0.52608
8677,0.47607
8678,0.35295
8679,0.27332999999999996
8680,0.09383
8681,0.016280000000000003
8682,0.0
8683,0.0
8684,0.0
8685,0.0
8686,0.0
8687,0.0
8688,0.0
8689,0.0
8690,0.0
8691,0.0
8692,0.0
8693,0.0
8694,0.02014
8695,0.12791
8696,0.33093
8697,0.47802
8698,0.47561000000000003
8699,0.65922
8700,0.46784
8701,0.47075
8702,0.43045
8703,0.37191
8704,0.16682
8705,0.018269999999999998
8706,0.0
8707,0.0
8708,0.0
8709,0.0
8710,0.0
8711,0.0
8712,0.0
8713,0.0
8714,0.0
8715,0.0
8716,0.0
8717,0.0
8718,0.00645
8719,0.08826
8720,0.34023000000000003
8721,0.41037
8722,0.48006
8723,0.48408
8724,0.57694
8725,0.46485000000000004
8726,0.37556
8727,0.31851
8728,0.15636000000000003
8729,0.031030000000000002
8730,0.0
8731,0.0
8732,0.0
8733,0.0
8734,0.0
8735,0.0
8736,0.0
8737,0.0
8738,0.0
8739,0.0
8740,0.0
8741,0.0
8742,0.01573
8743,0.13135
8744,0.28622000000000003
8745,0.41998
8746,0.50238
8747,0.43931
8748,0.51549
8749,0.37507999999999997
8750,0.30307
8751,0.22372999999999998
8752,0.1305
8753,0.12891
8754,0.0
8755,0.0
8756,0.0
8757,0.0
8758,0.0
8759,0.0
