,pv_per_unit
0,0.0
1,0.0
2,0.0
3,0.0
4,0.0
5,0.0
6,0.0022299999999999998
7,0.047659999999999994
8,0.16605
9,0.24287999999999998
10,0.19937
11,0.27844
12,0.32021
13,0.29745
14,0.42064
15,0.28833
16,0.15186000000000002
17,0.03581
18,0.0
19,0.0
20,0.0
21,0.0
22,0.0
23,0.0
24,0.0
25,0.0
26,0.0
27,0.0
28,0.0
29,0.0
30,0.01088
31,0.13491
32,0.34488
33,0.43195999999999996
34,0.61434
35,0.65295
36,0.56109
37,0.55222
38,0.45797000000000004
39,0.38453
40,0.22106
41,0.05647
42,0.0
43,0.0
44,0.0
45,0.0
46,0.0
47,0.0
48,0.0
49,0.0
50,0.0
51,0.0
52,0.0
53,0.0
54,0.00948
55,0.17017
56,0.35869
57,0.5159199999999999
58,0.6144
59,0.64315
60,0.66659
61,0.59257
62,0.51591
63,0.37026
64,0.16253
65,0.0439
66,0.0
67,0.0
68,0.0
69,0.0
70,0.0
71,0.0
72,0.0
73,0.0
74,0.0
75,0.0
76,0.0
77,0.0
78,0.00797
79,0.12484999999999999
80,0.27973000000000003
81,0.46993
82,0.5949800000000001
83,0.6519400000000001
84,0.62253
85,0.60891
86,0.49649
87,0.37632
88,0.20085
89,0.05371
90,0.0
91,0.0
92,0.0
93,0.0
94,0.0
95,0.0
96,0.0
97,0.0
98,0.0
99,0.0
100,0.0
101,0.0
102,0.00902
103,0.1232
104,0.27551
105,0.36594
106,0.49951999999999996
107,0.52093
108,0.58874
109,0.41137999999999997
110,0.43286
111,0.36499000000000004
112,0.19505
113,0.0512
114,0.0
115,0.0
116,0.0
117,0.0
118,0.0
119,0.0
120,0.0
121,0.0
122,0.0
123,0.0
124,0.0
125,0.0
126,0.011359999999999999
127,0.11913
128,0.30177
129,0.41696
130,0.5846
131,0.5342100000000001
132,0.63589
133,0.5498999999999999
134,0.44691000000000003
135,0.34338
136,0.21236000000000002
137,0.05832
138,0.0
139,0.0
140,0.0
141,0.0
142,0.0
143,0.0
144,0.0
145,0.0
146,0.0
147,0.0
148,0.0
149,0.0
150,0.00649
151,0.13371
152,0.30027
153,0.44077
154,0.54801
155,0.5770299999999999
156,0.60123
157,0.56475
158,0.39815
159,0.35439
160,0.23603
161,0.061689999999999995
162,0.0
163,0.0
164,0.0
165,0.0
166,0.0
167,0.0
168,0.0
169,0.0
170,0.0
171,0.0
172,0.0
173,0.0
174,0.005059999999999999
175,0.12031
176,0.26419
177,0.37666000000000005
178,0.43207
179,0.42899
180,0.45852
181,0.61198
182,0.44256
183,0.3573
184,0.25411
185,0.05429
186,0.0
187,0.0
188,0.0
189,0.0
190,0.0
191,0.0
192,0.0
193,0.0
194,0.0
195,0.0
196,0.0
197,0.0
198,0.007679999999999999
199,0.11636
200,0.28486
201,0.40566
202,0.57612
203,0.59724
204,0.6694199999999999
205,0.62234
206,0.56131
207,0.40167
208,0.23665
209,0.030600000000000002
210,0.0
211,0.0
212,0.0
213,0.0
214,0.0
215,0.0
216,0.0
217,0.0
218,0.0
219,0.0
220,0.0
221,0.0
222,0.00457
223,0.11516
224,0.26067
225,0.40893
226,0.59366
227,0.58939
228,0.59709
229,0.26183999999999996
230,0.41323000000000004
231,0.27568
232,0.17621
233,0.06719
234,0.0
235,0.0
236,0.0
237,0.0
238,0.0
239,0.0
240,0.0
241,0.0
242,0.0
243,0.0
244,0.0
245,0.0
246,0.00094
247,0.040670000000000005
248,0.07259
249,0.10837000000000001
250,0.22518000000000002
251,0.20568
252,0.29316000000000003
253,0.41945
254,0.32162
255,0.31142000000000003
256,0.20081
257,0.05095
258,0.0
259,0.0
260,0.0
261,0.0
262,0.0
263,0.0
264,0.0
265,0.0
266,0.0
267,0.0
268,0.0
269,0.0
270,0.00267
271,0.06267
272,0.16612000000000002
273,0.16809000000000002
274,0.25205
275,0.29829
276,0.32475
277,0.26249
278,0.34531
279,0.35139
280,0.17155
281,0.06017
282,0.0
283,0.0
284,0.0
285,0.0
286,0.0
287,0.0
288,0.0
289,0.0
290,0.0
291,0.0
292,0.0
293,0.0
294,0.00847
295,0.1144
296,0.19508
297,0.33657
298,0.47646
299,0.52112
300,0.62498
301,0.5368200000000001
302,0.48241
303,0.35623
304,0.17755
305,0.043859999999999996
306,0.0
307,0.0
308,0.0
309,0.0
310,0.0
311,0.0
312,0.0
313,0.0
314,0.0
315,0.0
316,0.0
317,0.0
318,0.00911
319,0.1034
320,0.24226
321,0.41589
322,0.49748000000000003
323,0.64547
324,0.6176699999999999
325,0.4465
326,0.42385
327,0.33935000000000004
328,0.20048
329,0.05831
330,0.0
331,0.0
332,0.0
333,0.0
334,0.0
335,0.0
336,0.0
337,0.0
338,0.0
339,0.0
340,0.0
341,0.0
342,0.00991
343,0.13333
344,0.31901999999999997
345,0.433
346,0.54704
347,0.6061
348,0.58205
349,0.50718
350,0.41517000000000004
351,0.22404
352,0.14505
353,0.0412
354,0.0
355,0.0
356,0.0
357,0.0
358,0.0
359,0.0
360,0.0
361,0.0
362,0.0
363,0.0
364,0.0
365,0.0
366,0.00298
367,0.042140000000000004
368,0.10895
369,0.16276
370,0.22932
371,0.33346
372,0.44401
373,0.5530700000000001
374,0.3434
375,0.18834
376,0.0713
377,0.03694
378,0.0
379,0.0
380,0.0
381,0.0
382,0.0
383,0.0
384,0.0
385,0.0
386,0.0
387,0.0
388,0.0
389,0.0
390,0.0044599999999999996
391,0.11206
392,0.28637999999999997
393,0.36821
394,0.34307
395,0.43882
396,0.43811
397,0.55633
398,0.47237
399,0.32494
400,0.15869
401,0.04624
402,0.0
403,0.0
404,0.0
405,0.0
406,0.0
407,0.0
408,0.0
409,0.0
410,0.0
411,0.0
412,0.0
413,0.0
414,0.005809999999999999
415,0.10826000000000001
416,0.27265
417,0.35925999999999997
418,0.44383999999999996
419,0.48597
420,0.44645
421,0.38931
422,0.39632
423,0.28204
424,0.18983
425,0.05595
426,0.0
427,0.0
428,0.0
429,0.0
430,0.0
431,0.0
432,0.0
433,0.0
434,0.0
435,0.0
436,0.0
437,0.0
438,0.004849999999999999
439,0.11621
440,0.28708999999999996
441,0.40511
442,0.45883999999999997
443,0.46731
444,0.6694199999999999
445,0.54441
446,0.48228
447,0.32463
448,0.20101
449,0.061770000000000005
450,0.0
451,0.0
452,0.0
453,0.0
454,0.0
455,0.0
456,0.0
457,0.0
458,0.0
459,0.0
460,0.0
461,0.0
462,0.0
463,0.00464
464,0.039670000000000004
465,0.21983000000000003
466,0.29054
467,0.44462
468,0.54422
469,0.53286
470,0.5388099999999999
471,0.36684
472,0.25645999999999997
473,0.05787
474,0.0
475,0.0
476,0.0
477,0.0
478,0.0
479,0.0
480,0.0
481,0.0
482,0.0
483,0.0
484,0.0
485,0.0
486,0.0005600000000000001
487,0.02179
488,0.07028
489,0.10587
490,0.23577
491,0.4313
492,0.56251
493,0.54189
494,0.45981
495,0.31413
496,0.19472
497,0.07035
498,0.0
499,0.0
500,0.0
501,0.0
502,0.0
503,0.0
504,0.0
505,0.0
506,0.0
507,0.0
508,0.0
509,0.0
510,0.00221
511,0.06994
512,0.19798
513,0.44647000000000003
514,0.55804
515,0.58624
516,0.67667
517,0.6068600000000001
518,0.54038
519,0.38445999999999997
520,0.24278
521,0.06232
522,0.0
523,0.0
524,0.0
525,0.0
526,0.0
527,0.0
528,0.0
529,0.0
530,0.0
531,0.0
532,0.0
533,0.0
534,0.00634
535,0.11734
536,0.31169
537,0.49434
538,0.5880599999999999
539,0.61422
540,0.6046699999999999
541,0.52223
542,0.40614999999999996
543,0.35855000000000004
544,0.17665999999999998
545,0.05726
546,0.0
547,0.0
548,0.0
549,0.0
550,0.0
551,0.0
552,0.0
553,0.0
554,0.0
555,0.0
556,0.0
557,0.0
558,0.00679
559,0.13585
560,0.32074
561,0.4038
562,0.44181
563,0.5692999999999999
564,0.5342
565,0.53489
566,0.5427799999999999
567,0.43714
568,0.25164
569,0.07325
570,0.0
571,0.0
572,0.0
573,0.0
574,0.0
575,0.0
576,0.0
577,0.0
578,0.0
579,0.0
580,0.0
581,0.0
582,0.00566
583,0.14792
584,0.35029000000000005
585,0.49046
586,0.55477
587,0.5495399999999999
588,0.61584
589,0.49593
590,0.48133
591,0.38004000000000004
592,0.23077
593,0.07252
594,0.0
595,0.0
596,0.0
597,0.0
598,0.0
599,0.0
600,0.0
601,0.0
602,0.0
603,0.0
604,0.0
605,0.0
606,0.00285
607,0.08073999999999999
608,0.20637
609,0.31007999999999997
610,0.5218700000000001
611,0.5571900000000001
612,0.47978
613,0.44391
614,0.46042
615,0.29481999999999997
616,0.21338
617,0.04686
618,0.0
619,0.0
620,0.0
621,0.0
622,0.0
623,0.0
624,0.0
625,0.0
626,0.0
627,0.0
628,0.0
629,0.0
630,0.00349
631,0.10375
632,0.28385000000000005
633,0.36625
634,0.51334
635,0.62748
636,0.6204500000000001
637,0.5213
638,0.49851999999999996
639,0.42252
640,0.25798000000000004
641,0.08072
642,0.0
643,0.0
644,0.0
645,0.0
646,0.0
647,0.0
648,0.0
649,0.0
650,0.0
651,0.0
652,0.0
653,0.0
654,0.00387
655,0.10754000000000001
656,0.24431
657,0.33611
658,0.51643
659,0.60934
660,0.65783
661,0.59648
662,0.52213
663,0.35239
664,0.2289
665,0.07595
666,0.0
667,0.0
668,0.0
669,0.0
670,0.0
671,0.0
672,0.0
673,0.0
674,0.0
675,0.0
676,0.0
677,0.0
678,0.00219
679,0.12704000000000001
680,0.27473000000000003
681,0.39381
682,0.50425
683,0.57973
684,0.6375
685,0.60163
686,0.56086
687,0.44880000000000003
688,0.26295999999999997
689,0.09234
690,0.0
691,0.0
692,0.0
693,0.0
694,0.0
695,0.0
696,0.0
697,0.0
698,0.0
699,0.0
700,0.0
701,0.0
702,0.0034
703,0.11542
704,0.28772000000000003
705,0.33467
706,0.48411000000000004
707,0.57798
708,0.59673
709,0.5428200000000001
710,0.48785
711,0.36995999999999996
712,0.27370999999999995
713,0.06863
714,0.0
715,0.0
716,0.0
717,0.0
718,0.0
719,0.0
720,0.0
721,0.0
722,0.0
723,0.0
724,0.0
725,0.0
726,0.00233
727,0.09515000000000001
728,0.24777000000000002
729,0.36983
730,0.51128
731,0.51518
732,0.57699
733,0.6433300000000001
734,0.54301
735,0.45314
736,0.25992000000000004
737,0.07973000000000001
738,0.0
739,0.0
740,0.0
741,0.0
742,0.0
743,0.0
744,0.0
745,0.0
746,0.0
747,0.0
748,0.0
749,0.0
750,0.00354
751,0.11041
752,0.23737
753,0.39496
754,0.5269199999999999
755,0.59864
756,0.6546900000000001
757,0.5968600000000001
758,0.45338
759,0.41085000000000005
760,0.2617
761,0.08746
762,0.0
763,0.0
764,0.0
765,0.0
766,0.0
767,0.0
768,0.0
769,0.0
770,0.0
771,0.0
772,0.0
773,0.0
774,0.00292
775,0.08882999999999999
776,0.24171
777,0.37791
778,0.51758
779,0.6007899999999999
780,0.6698200000000001
781,0.56429
782,0.5341
783,0.35675
784,0.22255
785,0.06946
786,0.0
787,0.0
788,0.0
789,0.0
790,0.0
791,0.0
792,0.0
793,0.0
794,0.0
795,0.0
796,0.0
797,0.0
798,0.00435
799,0.11253
800,0.19624
801,0.33202
802,0.46146
803,0.5634600000000001
804,0.6012000000000001
805,0.46485000000000004
806,0.49722000000000005
807,0.40907
808,0.26112
809,0.07706
810,0.0
811,0.0
812,0.0
813,0.0
814,0.0
815,0.0
816,0.0
817,0.0
818,0.0
819,0.0
820,0.0
821,0.0
822,0.00262
823,0.11426
824,0.19981000000000002
825,0.32127
826,0.44639999999999996
827,0.5226000000000001
828,0.45235000000000003
829,0.64376
830,0.54549
831,0.40641000000000005
832,0.26527999999999996
833,0.08512
834,0.0
835,0.0
836,0.0
837,0.0
838,0.0
839,0.0
840,0.0
841,0.0
842,0.0
843,0.0
844,0.0
845,0.0
846,0.0042699999999999995
847,0.13981
848,0.31583
849,0.40232999999999997
850,0.49695999999999996
851,0.5766100000000001
852,0.54007
853,0.58051
854,0.46066
855,0.41458
856,0.22563
857,0.064
858,0.0
859,0.0
860,0.0
861,0.0
862,0.0
863,0.0
864,0.0
865,0.0
866,0.0
867,0.0
868,0.0
869,0.0
870,0.00133
871,0.03535
872,0.06313
873,0.12693000000000002
874,0.16793
875,0.26004
876,0.33993
877,0.5421900000000001
878,0.53349
879,0.38217
880,0.22413
881,0.05578
882,0.0
883,0.0
884,0.0
885,0.0
886,0.0
887,0.0
888,0.0
889,0.0
890,0.0
891,0.0
892,0.0
893,0.0
894,0.0023
895,0.08326
896,0.24725999999999998
897,0.41502
898,0.5408999999999999
899,0.60766
900,0.57496
901,0.5645
902,0.31286
903,0.31615
904,0.18194
905,0.05317
906,0.0
907,0.0
908,0.0
909,0.0
910,0.0
911,0.0
912,0.0
913,0.0
914,0.0
915,0.0
916,0.0
917,0.0
918,0.0009
919,0.046770000000000006
920,0.13194999999999998
921,0.29627
922,0.37889
923,0.42608999999999997
924,0.49674
925,0.60278
926,0.4138
927,0.27144999999999997
928,0.20681
929,0.058070000000000004
930,0.0
931,0.0
932,0.0
933,0.0
934,0.0
935,0.0
936,0.0
937,0.0
938,0.0
939,0.0
940,0.0
941,0.0
942,0.0028
943,0.10228
944,0.25843
945,0.38673
946,0.53234
947,0.61458
948,0.62798
949,0.5829
950,0.57401
951,0.46536
952,0.25722
953,0.08372
954,0.0
955,0.0
956,0.0
957,0.0
958,0.0
959,0.0
960,0.0
961,0.0
962,0.0
963,0.0
964,0.0
965,0.0
966,0.0048200000000000005
967,0.15078999999999998
968,0.36426
969,0.50352
970,0.61529
971,0.69337
972,0.7438899999999999
973,0.7103200000000001
974,0.63179
975,0.45509
976,0.28931
977,0.11158
978,0.0
979,0.0
980,0.0
981,0.0
982,0.0
983,0.0
984,0.0
985,0.0
986,0.0
987,0.0
988,0.0
989,0.0
990,0.0043
991,0.14644
992,0.35817
993,0.52025
994,0.5922000000000001
995,0.66265
996,0.6885399999999999
997,0.623
998,0.5528099999999999
999,0.42483
1000,0.29969999999999997
1001,0.10790000000000001
1002,0.0
1003,0.0
1004,0.0
1005,0.0
1006,0.0
1007,0.0
1008,0.0
1009,0.0
1010,0.0
1011,0.0
1012,0.0
1013,0.0
1014,0.0025299999999999997
1015,0.08120999999999999
1016,0.25325
1017,0.41685
1018,0.54647
1019,0.6415599999999999
1020,0.6276499999999999
1021,0.61448
1022,0.55461
1023,0.45387
1024,0.27476
1025,0.09234
1026,0.0
1027,0.0
1028,0.0
1029,0.0
1030,0.0
1031,0.0
1032,0.0
1033,0.0
1034,0.0
1035,0.0
1036,0.0
1037,0.0
1038,0.0024500000000000004
1039,0.0731
1040,0.19396000000000002
1041,0.33707
1042,0.44239999999999996
1043,0.53586
1044,0.6419600000000001
1045,0.6356
1046,0.5078199999999999
1047,0.42121
1048,0.26839999999999997
1049,0.060829999999999995
1050,0.0
1051,0.0
1052,0.0
1053,0.0
1054,0.0
1055,0.0
1056,0.0
1057,0.0
1058,0.0
1059,0.0
1060,0.0
1061,0.0
1062,0.004730000000000001
1063,0.10651999999999999
1064,0.26095999999999997
1065,0.38816
1066,0.55708
1067,0.61871
1068,0.5951799999999999
1069,0.47307
1070,0.39749
1071,0.33335000000000004
1072,0.20918
1073,0.05006
1074,0.0
1075,0.0
1076,0.0
1077,0.0
1078,0.0
1079,0.0
1080,0.0
1081,0.0
1082,0.0
1083,0.0
1084,0.0
1085,0.0
1086,0.00419
1087,0.08003
1088,0.19509
1089,0.29363
1090,0.44571
1091,0.44327
1092,0.48213
1093,0.5123
1094,0.44481
1095,0.32247000000000003
1096,0.16029
1097,0.06359000000000001
1098,0.0
1099,0.0
1100,0.0
1101,0.0
1102,0.0
1103,0.0
1104,0.0
1105,0.0
1106,0.0
1107,0.0
1108,0.0
1109,0.0
1110,0.00107
1111,0.03506
1112,0.060950000000000004
1113,0.13127
1114,0.32408
1115,0.44816
1116,0.5697300000000001
1117,0.5829099999999999
1118,0.52381
1119,0.37811
1120,0.22762000000000002
1121,0.07189
1122,0.0
1123,0.0
1124,0.0
1125,0.0
1126,0.0
1127,0.0
1128,0.0
1129,0.0
1130,0.0
1131,0.0
1132,0.0
1133,0.0
1134,0.00296
1135,0.057390000000000004
1136,0.10517
1137,0.21938
1138,0.44267
1139,0.40404
1140,0.47199
1141,0.57202
1142,0.49423
1143,0.33822
1144,0.1603
1145,0.04424
1146,0.0
1147,0.0
1148,0.0
1149,0.0
1150,0.0
1151,0.0
1152,0.0
1153,0.0
1154,0.0
1155,0.0
1156,0.0
1157,0.0
1158,0.00662
1159,0.06182
1160,0.20875
1161,0.36387
1162,0.49907
1163,0.5719099999999999
1164,0.41792
1165,0.51248
1166,0.36928
1167,0.31841
1168,0.16386
1169,0.052520000000000004
1170,0.0
1171,0.0
1172,0.0
1173,0.0
1174,0.0
1175,0.0
1176,0.0
1177,0.0
1178,0.0
1179,0.0
1180,0.0
1181,0.0
1182,0.00613
1183,0.07093
1184,0.14562
1185,0.19029
1186,0.39038999999999996
1187,0.40908
1188,0.47264
1189,0.57152
1190,0.4955
1191,0.35768
1192,0.21347
1193,0.0526
1194,0.0
1195,0.0
1196,0.0
1197,0.0
1198,0.0
1199,0.0
1200,0.0
1201,0.0
1202,0.0
1203,0.0
1204,0.0
1205,0.0
1206,0.0037099999999999998
1207,0.11072
1208,0.25284
1209,0.36415
1210,0.45309
1211,0.55844
1212,0.5776699999999999
1213,0.591
1214,0.42704000000000003
1215,0.35547
1216,0.2301
1217,0.061770000000000005
1218,0.0
1219,0.0
1220,0.0
1221,0.0
1222,0.0
1223,0.0
1224,0.0
1225,0.0
1226,0.0
1227,0.0
1228,0.0
1229,0.0
1230,0.0033900000000000002
1231,0.11052
1232,0.2891
1233,0.41478
1234,0.46981
1235,0.6729400000000001
1236,0.61087
1237,0.61281
1238,0.44942000000000004
1239,0.42904000000000003
1240,0.20197
1241,0.05507
1242,0.0
1243,0.0
1244,0.0
1245,0.0
1246,0.0
1247,0.0
1248,0.0
1249,0.0
1250,0.0
1251,0.0
1252,0.0
1253,0.0
1254,0.0038599999999999997
1255,0.08218
1256,0.23971
1257,0.35595
1258,0.39727999999999997
1259,0.49121
1260,0.47929
1261,0.5918
1262,0.5508200000000001
1263,0.30629
1264,0.24628
1265,0.08161
1266,0.0
1267,0.0
1268,0.0
1269,0.0
1270,0.0
1271,0.0
1272,0.0
1273,0.0
1274,0.0
1275,0.0
1276,0.0
1277,0.0
1278,0.0044
1279,0.11399
1280,0.31149
1281,0.43404000000000004
1282,0.55041
1283,0.6241
1284,0.6486900000000001
1285,0.54037
1286,0.52626
1287,0.39161
1288,0.22915
1289,0.09114
1290,0.0
1291,0.0
1292,0.0
1293,0.0
1294,0.0
1295,0.0
1296,0.0
1297,0.0
1298,0.0
1299,0.0
1300,0.0
1301,0.0
1302,0.00496
1303,0.09842000000000001
1304,0.25408000000000003
1305,0.34779000000000004
1306,0.43485
1307,0.44303
1308,0.56044
1309,0.60175
1310,0.49295
1311,0.32729
1312,0.22071000000000002
1313,0.07137
1314,0.0
1315,0.0
1316,0.0
1317,0.0
1318,0.0
1319,0.0
1320,0.0
1321,0.0
1322,0.0
1323,0.0
1324,0.0
1325,0.0
1326,0.00412
1327,0.13093000000000002
1328,0.30137
1329,0.45697000000000004
1330,0.58937
1331,0.6236499999999999
1332,0.60515
1333,0.51481
1334,0.52076
1335,0.42118
1336,0.21689
1337,0.08608
1338,0.0
1339,0.0
1340,0.0
1341,0.0
1342,0.0
1343,0.0
1344,0.0
1345,0.0
1346,0.0
1347,0.0
1348,0.0
1349,0.0
1350,0.00191
1351,0.12128
1352,0.27204
1353,0.5101100000000001
1354,0.6245599999999999
1355,0.49639999999999995
1356,0.57713
1357,0.5794
1358,0.49535
1359,0.3955
1360,0.17827
1361,0.04503
1362,0.0
1363,0.0
1364,0.0
1365,0.0
1366,0.0
1367,0.0
1368,0.0
1369,0.0
1370,0.0
1371,0.0
1372,0.0
1373,0.0
1374,0.00492
1375,0.11034000000000001
1376,0.26312
1377,0.44969
1378,0.59111
1379,0.5320499999999999
1380,0.61566
1381,0.65759
1382,0.47767000000000004
1383,0.39358
1384,0.26255
1385,0.09178
1386,0.0
1387,0.0
1388,0.0
1389,0.0
1390,0.0
1391,0.0
1392,0.0
1393,0.0
1394,0.0
1395,0.0
1396,0.0
1397,0.0
1398,0.00535
1399,0.09262999999999999
1400,0.24856
1401,0.37433
1402,0.5217
1403,0.5585399999999999
1404,0.6501
1405,0.54789
1406,0.44723
1407,0.22125999999999998
1408,0.17783000000000002
1409,0.04381
1410,0.0
1411,0.0
1412,0.0
1413,0.0
1414,0.0
1415,0.0
1416,0.0
1417,0.0
1418,0.0
1419,0.0
1420,0.0
1421,0.0
1422,0.00545
1423,0.0868
1424,0.24281999999999998
1425,0.26582
1426,0.27814
1427,0.3871
1428,0.38572
1429,0.5072
1430,0.46786
1431,0.40756
1432,0.22893
1433,0.06719
1434,0.0
1435,0.0
1436,0.0
1437,0.0
1438,0.0
1439,0.0
1440,0.0
1441,0.0
1442,0.0
1443,0.0
1444,0.0
1445,0.0
1446,0.00385
1447,0.06896
1448,0.19247
1449,0.22682
1450,0.32996
1451,0.39133999999999997
1452,0.33820999999999996
1453,0.55036
1454,0.46732
1455,0.31067
1456,0.12533
1457,0.026010000000000002
1458,0.0
1459,0.0
1460,0.0
1461,0.0
1462,0.0
1463,0.0
1464,0.0
1465,0.0
1466,0.0
1467,0.0
1468,0.0
1469,0.0
1470,0.0039
1471,0.09625
1472,0.20608
1473,0.39008
1474,0.43506
1475,0.36809
1476,0.43439999999999995
1477,0.48246
1478,0.45393
1479,0.36839999999999995
1480,0.24772999999999998
1481,0.07998000000000001
1482,0.0
1483,0.0
1484,0.0
1485,0.0
1486,0.0
1487,0.0
1488,0.0
1489,0.0
1490,0.0
1491,0.0
1492,0.0
1493,0.0
1494,0.00824
1495,0.10559
1496,0.25525
1497,0.38800999999999997
1498,0.54943
1499,0.5209600000000001
1500,0.49078
1501,0.58435
1502,0.54162
1503,0.41910000000000003
1504,0.22493000000000002
1505,0.06608
1506,0.0
1507,0.0
1508,0.0
1509,0.0
1510,0.0
1511,0.0
1512,0.0
1513,0.0
1514,0.0
1515,0.0
1516,0.0
1517,0.0
1518,0.00609
1519,0.13388
1520,0.30469
1521,0.45232
1522,0.54838
1523,0.57792
1524,0.49197
1525,0.48023000000000005
1526,0.41945
1527,0.26396
1528,0.17189
1529,0.05092
1530,0.0
1531,0.0
1532,0.0
1533,0.0
1534,0.0
1535,0.0
1536,0.0
1537,0.0
1538,0.0
1539,0.0
1540,0.0
1541,0.0
1542,0.00787
1543,0.10117
1544,0.26062
1545,0.36108999999999997
1546,0.42019
1547,0.36865
1548,0.31298000000000004
1549,0.42607
1550,0.37268
1551,0.36928
1552,0.19558
1553,0.04963
1554,0.0
1555,0.0
1556,0.0
1557,0.0
1558,0.0
1559,0.0
1560,0.0
1561,0.0
1562,0.0
1563,0.0
1564,0.0
1565,0.0
1566,0.0065
1567,0.10479000000000001
1568,0.24947999999999998
1569,0.40169
1570,0.55491
1571,0.5880700000000001
1572,0.5799
1573,0.58674
1574,0.45071
1575,0.40937
1576,0.25762999999999997
1577,0.05774
1578,0.0
1579,0.0
1580,0.0
1581,0.0
1582,0.0
1583,0.0
1584,0.0
1585,0.0
1586,0.0
1587,0.0
1588,0.0
1589,0.0
1590,0.005690000000000001
1591,0.11115
1592,0.27579000000000004
1593,0.43515
1594,0.52901
1595,0.60376
1596,0.5843700000000001
1597,0.55292
1598,0.52161
1599,0.34275
1600,0.16284
1601,0.05068
1602,0.0
1603,0.0
1604,0.0
1605,0.0
1606,0.0
1607,0.0
1608,0.0
1609,0.0
1610,0.0
1611,0.0
1612,0.0
1613,0.0
1614,0.00954
1615,0.1318
1616,0.30486
1617,0.45230000000000004
1618,0.57398
1619,0.68198
1620,0.6713
1621,0.61533
1622,0.5547000000000001
1623,0.41598
1624,0.2724
1625,0.08628
1626,0.0
1627,0.0
1628,0.0
1629,0.0
1630,0.0
1631,0.0
1632,0.0
1633,0.0
1634,0.0
1635,0.0
1636,0.0
1637,0.0
1638,0.00749
1639,0.15328999999999998
1640,0.3588
1641,0.46307
1642,0.56625
1643,0.5126000000000001
1644,0.5201699999999999
1645,0.58773
1646,0.5473600000000001
1647,0.43531
1648,0.24079
1649,0.07847
1650,0.0
1651,0.0
1652,0.0
1653,0.0
1654,0.0
1655,0.0
1656,0.0
1657,0.0
1658,0.0
1659,0.0
1660,0.0
1661,0.0
1662,0.00835
1663,0.12794
1664,0.24093
1665,0.42036
1666,0.59553
1667,0.63189
1668,0.6286499999999999
1669,0.60789
1670,0.48105000000000003
1671,0.39775
1672,0.25176
1673,0.08065
1674,0.0
1675,0.0
1676,0.0
1677,0.0
1678,0.0
1679,0.0
1680,0.0
1681,0.0
1682,0.0
1683,0.0
1684,0.0
1685,0.0
1686,0.009810000000000001
1687,0.12669
1688,0.28687
1689,0.44126
1690,0.56144
1691,0.68464
1692,0.69137
1693,0.5844400000000001
1694,0.5485099999999999
1695,0.40046
1696,0.24841999999999997
1697,0.07709
1698,0.0
1699,0.0
1700,0.0
1701,0.0
1702,0.0
1703,0.0
1704,0.0
1705,0.0
1706,0.0
1707,0.0
1708,0.0
1709,0.0
1710,0.00975
1711,0.16466
1712,0.37
1713,0.52862
1714,0.61046
1715,0.67338
1716,0.67374
1717,0.66127
1718,0.58062
1719,0.39622
1720,0.25205
1721,0.0782
1722,0.0
1723,0.0
1724,0.0
1725,0.0
1726,0.0
1727,0.0
1728,0.0
1729,0.0
1730,0.0
1731,0.0
1732,0.0
1733,0.0
1734,0.0050999999999999995
1735,0.13454
1736,0.32151
1737,0.47114
1738,0.5081
1739,0.56201
1740,0.63913
1741,0.59681
1742,0.56063
1743,0.43269
1744,0.25745999999999997
1745,0.07901000000000001
1746,0.0
1747,0.0
1748,0.0
1749,0.0
1750,0.0
1751,0.0
1752,0.0
1753,0.0
1754,0.0
1755,0.0
1756,0.0
1757,0.0
1758,0.0067
1759,0.11481999999999999
1760,0.25827
1761,0.36701999999999996
1762,0.44395
1763,0.54547
1764,0.64532
1765,0.65619
1766,0.54718
1767,0.43077
1768,0.21772999999999998
1769,0.047630000000000006
1770,0.0
1771,0.0
1772,0.0
1773,0.0
1774,0.0
1775,0.0
1776,0.0
1777,0.0
1778,0.0
1779,0.0
1780,0.0
1781,0.0
1782,0.00784
1783,0.13857
1784,0.31495
1785,0.45888999999999996
1786,0.57987
1787,0.62403
1788,0.63422
1789,0.60374
1790,0.48531
1791,0.38188
1792,0.25399
1793,0.06123
1794,0.0
1795,0.0
1796,0.0
1797,0.0
1798,0.0
1799,0.0
1800,0.0
1801,0.0
1802,0.0
1803,0.0
1804,0.0
1805,0.0
1806,0.006030000000000001
1807,0.14058
1808,0.29735
1809,0.43801999999999996
1810,0.4919
1811,0.58705
1812,0.65998
1813,0.6756599999999999
1814,0.49599
1815,0.38499
1816,0.24859
1817,0.06291
1818,0.0
1819,0.0
1820,0.0
1821,0.0
1822,0.0
1823,0.0
1824,0.0
1825,0.0
1826,0.0
1827,0.0
1828,0.0
1829,0.0
1830,0.00578
1831,0.1197
1832,0.26898
1833,0.4584
1834,0.56012
1835,0.57836
1836,0.5038
1837,0.53784
1838,0.45877999999999997
1839,0.33408
1840,0.1982
1841,0.02868
1842,0.0
1843,0.0
1844,0.0
1845,0.0
1846,0.0
1847,0.0
1848,0.0
1849,0.0
1850,0.0
1851,0.0
1852,0.0
1853,0.0
1854,0.00711
1855,0.07219
1856,0.20446
1857,0.28145
1858,0.42308999999999997
1859,0.48046
1860,0.47974
1861,0.55027
1862,0.4263
1863,0.33567
1864,0.22393000000000002
1865,0.06016
1866,0.0
1867,0.0
1868,0.0
1869,0.0
1870,0.0
1871,0.0
1872,0.0
1873,0.0
1874,0.0
1875,0.0
1876,0.0
1877,0.0
1878,0.01092
1879,0.13426
1880,0.25883999999999996
1881,0.39262
1882,0.4657
1883,0.5319400000000001
1884,0.57977
1885,0.56199
1886,0.37259
1887,0.31155
1888,0.12872
1889,0.02929
1890,0.0
1891,0.0
1892,0.0
1893,0.0
1894,0.0
1895,0.0
1896,0.0
1897,0.0
1898,0.0
1899,0.0
1900,0.0
1901,0.0
1902,0.0035800000000000003
1903,0.06709
1904,0.09176000000000001
1905,0.27762
1906,0.39901
1907,0.49833999999999995
1908,0.44245999999999996
1909,0.57004
1910,0.46916
1911,0.36507
1912,0.24969
1913,0.06349
1914,0.0
1915,0.0
1916,0.0
1917,0.0
1918,0.0
1919,0.0
1920,0.0
1921,0.0
1922,0.0
1923,0.0
1924,0.0
1925,0.0
1926,0.00885
1927,0.08646
1928,0.14658000000000002
1929,0.22097999999999998
1930,0.37719
1931,0.47384
1932,0.61363
1933,0.61121
1934,0.43183
1935,0.35802999999999996
1936,0.20408
1937,0.05126
1938,0.0
1939,0.0
1940,0.0
1941,0.0
1942,0.0
1943,0.0
1944,0.0
1945,0.0
1946,0.0
1947,0.0
1948,0.0
1949,0.0
1950,0.008140000000000001
1951,0.15844999999999998
1952,0.34967000000000004
1953,0.48658999999999997
1954,0.54859
1955,0.6703300000000001
1956,0.5988600000000001
1957,0.6250399999999999
1958,0.50647
1959,0.31568999999999997
1960,0.16363
1961,0.02092
1962,0.0
1963,0.0
1964,0.0
1965,0.0
1966,0.0
1967,0.0
1968,0.0
1969,0.0
1970,0.0
1971,0.0
1972,0.0
1973,0.0
1974,0.00858
1975,0.11655
1976,0.20294
1977,0.35692
1978,0.46652
1979,0.54142
1980,0.57982
1981,0.5581699999999999
1982,0.42747
1983,0.22313999999999998
1984,0.09312000000000001
1985,0.023579999999999997
1986,0.0
1987,0.0
1988,0.0
1989,0.0
1990,0.0
1991,0.0
1992,0.0
1993,0.0
1994,0.0
1995,0.0
1996,0.0
1997,0.0
1998,0.01436
1999,0.13931
2000,0.25643
2001,0.36402999999999996
2002,0.43547
2003,0.49937
2004,0.61297
2005,0.62288
2006,0.50944
2007,0.36234
2008,0.18371
2009,0.051840000000000004
2010,0.0
2011,0.0
2012,0.0
2013,0.0
2014,0.0
2015,0.0
2016,0.0
2017,0.0
2018,0.0
2019,0.0
2020,0.0
2021,0.0
2022,0.0041600000000000005
2023,0.08133
2024,0.25721
2025,0.44001
2026,0.46802
2027,0.5372899999999999
2028,0.62954
2029,0.51637
2030,0.40367000000000003
2031,0.33917
2032,0.16573
2033,0.03977
2034,0.0
2035,0.0
2036,0.0
2037,0.0
2038,0.0
2039,0.0
2040,0.0
2041,0.0
2042,0.0
2043,0.0
2044,0.0
2045,0.0
2046,0.0059900000000000005
2047,0.037200000000000004
2048,0.09304000000000001
2049,0.14537
2050,0.26171
2051,0.40705
2052,0.5341699999999999
2053,0.41993
2054,0.32667
2055,0.21691
2056,0.08087000000000001
2057,0.02584
2058,0.0
2059,0.0
2060,0.0
2061,0.0
2062,0.0
2063,0.0
2064,0.0
2065,0.0
2066,0.0
2067,0.0
2068,0.0
2069,0.0
2070,0.009800000000000001
2071,0.10901999999999999
2072,0.25977
2073,0.26389
2074,0.46136
2075,0.60912
2076,0.52495
2077,0.4835
2078,0.42188
2079,0.31691
2080,0.1264
2081,0.03377
2082,0.0
2083,0.0
2084,0.0
2085,0.0
2086,0.0
2087,0.0
2088,0.0
2089,0.0
2090,0.0
2091,0.0
2092,0.0
2093,0.0
2094,0.00617
2095,0.027800000000000002
2096,0.02852
2097,0.06716
2098,0.09688
2099,0.14975
2100,0.17341
2101,0.17879
2102,0.18284
2103,0.19226
2104,0.07851000000000001
2105,0.02965
2106,0.0
2107,0.0
2108,0.0
2109,0.0
2110,0.0
2111,0.0
2112,0.0
2113,0.0
2114,0.0
2115,0.0
2116,0.0
2117,0.0
2118,0.00571
2119,0.11302
2120,0.23215
2121,0.36708999999999997
2122,0.46032999999999996
2123,0.5687300000000001
2124,0.5925
2125,0.58797
2126,0.43263
2127,0.30799
2128,0.14316
2129,0.03455
2130,0.0
2131,0.0
2132,0.0
2133,0.0
2134,0.0
2135,0.0
2136,0.0
2137,0.0
2138,0.0
2139,0.0
2140,0.0
2141,0.0
2142,0.01298
2143,0.12281
2144,0.22221000000000002
2145,0.35239
2146,0.48296
2147,0.45072
2148,0.44669
2149,0.47807
2150,0.39027999999999996
2151,0.29628
2152,0.1507
2153,0.03717
2154,0.0
2155,0.0
2156,0.0
2157,0.0
2158,0.0
2159,0.0
2160,0.0
2161,0.0
2162,0.0
2163,0.0
2164,0.0
2165,0.0
2166,0.01495
2167,0.1656
2168,0.33224000000000004
2169,0.45577999999999996
2170,0.5259199999999999
2171,0.54603
2172,0.53941
2173,0.557
2174,0.34582
2175,0.30762
2176,0.14357
2177,0.04242
2178,0.0
2179,0.0
2180,0.0
2181,0.0
2182,0.0
2183,0.0
2184,0.0
2185,0.0
2186,0.0
2187,0.0
2188,0.0
2189,0.0
2190,0.00841
2191,0.09545999999999999
2192,0.18932
2193,0.28631
2194,0.36082
2195,0.4133
2196,0.4044
2197,0.41274
2198,0.42241
2199,0.29894
2200,0.16331
2201,0.01487
2202,0.0
2203,0.0
2204,0.0
2205,0.0
2206,0.0
2207,0.0
2208,0.0
2209,0.0
2210,0.0
2211,0.0
2212,0.0
2213,0.0
2214,0.00675
2215,0.03163
2216,0.16306
2217,0.29419
2218,0.41131
2219,0.37239
2220,0.46386
2221,0.3808
2222,0.39672
2223,0.2813
2224,0.15363
2225,0.0304
2226,0.0
2227,0.0
2228,0.0
2229,0.0
2230,0.0
2231,0.0
2232,0.0
2233,0.0
2234,0.0
2235,0.0
2236,0.0
2237,0.0
2238,0.00198
2239,0.02556
2240,0.06523000000000001
2241,0.18862
2242,0.33226999999999995
2243,0.44935
2244,0.5371900000000001
2245,0.45175
2246,0.31394
2247,0.09165000000000001
2248,0.05459000000000001
2249,0.01968
2250,0.0
2251,0.0
2252,0.0
2253,0.0
2254,0.0
2255,0.0
2256,0.0
2257,0.0
2258,0.0
2259,0.0
2260,0.0
2261,0.0
2262,0.00785
2263,0.07518000000000001
2264,0.205
2265,0.29656
2266,0.46886
2267,0.5567300000000001
2268,0.5893200000000001
2269,0.43006
2270,0.43183
2271,0.34055
2272,0.16428
2273,0.013619999999999998
2274,0.0
2275,0.0
2276,0.0
2277,0.0
2278,0.0
2279,0.0
2280,0.0
2281,0.0
2282,0.0
2283,0.0
2284,0.0
2285,0.0
2286,0.01235
2287,0.12752
2288,0.26143
2289,0.36488
2290,0.38893
2291,0.55257
2292,0.45183999999999996
2293,0.43982
2294,0.36881
2295,0.27691000000000004
2296,0.15691999999999998
2297,0.03599
2298,0.0
2299,0.0
2300,0.0
2301,0.0
2302,0.0
2303,0.0
2304,0.0
2305,0.0
2306,0.0
2307,0.0
2308,0.0
2309,0.0
2310,0.00839
2311,0.13652
2312,0.2745
2313,0.42557
2314,0.53379
2315,0.62851
2316,0.70016
2317,0.56668
2318,0.42505000000000004
2319,0.24849000000000002
2320,0.15506999999999999
2321,0.04144
2322,0.0
2323,0.0
2324,0.0
2325,0.0
2326,0.0
2327,0.0
2328,0.0
2329,0.0
2330,0.0
2331,0.0
2332,0.0
2333,0.0
2334,0.01679
2335,0.12098
2336,0.17182
2337,0.21583000000000002
2338,0.28196
2339,0.38362999999999997
2340,0.37305
2341,0.5630499999999999
2342,0.49295999999999995
2343,0.36838
2344,0.19727
2345,0.04363
2346,0.0
2347,0.0
2348,0.0
2349,0.0
2350,0.0
2351,0.0
2352,0.0
2353,0.0
2354,0.0
2355,0.0
2356,0.0
2357,0.0
2358,0.00099
2359,0.027010000000000003
2360,0.05392
2361,0.16055
2362,0.36045
2363,0.5389700000000001
2364,0.57833
2365,0.47631
2366,0.40558999999999995
2367,0.34812
2368,0.21075
2369,0.04379
2370,0.0
2371,0.0
2372,0.0
2373,0.0
2374,0.0
2375,0.0
2376,0.0
2377,0.0
2378,0.0
2379,0.0
2380,0.0
2381,0.0
2382,0.0076
2383,0.03706
2384,0.09165000000000001
2385,0.11406999999999999
2386,0.16027000000000002
2387,0.26583
2388,0.37377999999999995
2389,0.32422
2390,0.24509999999999998
2391,0.2417
2392,0.14640999999999998
2393,0.03411
2394,0.0
2395,0.0
2396,0.0
2397,0.0
2398,0.0
2399,0.0
2400,0.0
2401,0.0
2402,0.0
2403,0.0
2404,0.0
2405,0.0
2406,0.02535
2407,0.15336000000000002
2408,0.34967000000000004
2409,0.49633999999999995
2410,0.57165
2411,0.5593899999999999
2412,0.50864
2413,0.51244
2414,0.46956
2415,0.40868
2416,0.23339
2417,0.04028
2418,0.0
2419,0.0
2420,0.0
2421,0.0
2422,0.0
2423,0.0
2424,0.0
2425,0.0
2426,0.0
2427,0.0
2428,0.0
2429,0.0
2430,0.013710000000000002
2431,0.1603
2432,0.34105
2433,0.41685
2434,0.5188200000000001
2435,0.61483
2436,0.6170399999999999
2437,0.52751
2438,0.43288
2439,0.29963
2440,0.18312
2441,0.05046
2442,0.0
2443,0.0
2444,0.0
2445,0.0
2446,0.0
2447,0.0
2448,0.0
2449,0.0
2450,0.0
2451,0.0
2452,0.0
2453,0.0
2454,0.016300000000000002
2455,0.15616999999999998
2456,0.31157
2457,0.42699000000000004
2458,0.47747
2459,0.55252
2460,0.49673
2461,0.49791
2462,0.33457
2463,0.26918000000000003
2464,0.14233
2465,0.02748
2466,0.0
2467,0.0
2468,0.0
2469,0.0
2470,0.0
2471,0.0
2472,0.0
2473,0.0
2474,0.0
2475,0.0
2476,0.0
2477,0.0
2478,0.00157
2479,0.011609999999999999
2480,0.03432
2481,0.07881
2482,0.14659
2483,0.16286
2484,0.19241
2485,0.16724
2486,0.17231
2487,0.06966
2488,0.02502
2489,0.00746
2490,0.0
2491,0.0
2492,0.0
2493,0.0
2494,0.0
2495,0.0
2496,0.0
2497,0.0
2498,0.0
2499,0.0
2500,0.0
2501,0.0
2502,0.018269999999999998
2503,0.15697999999999998
2504,0.31695999999999996
2505,0.40345
2506,0.38506
2507,0.4032
2508,0.40041000000000004
2509,0.5656599999999999
2510,0.47987
2511,0.40238999999999997
2512,0.23257
2513,0.04393
2514,0.0
2515,0.0
2516,0.0
2517,0.0
2518,0.0
2519,0.0
2520,0.0
2521,0.0
2522,0.0
2523,0.0
2524,0.0
2525,0.0
2526,0.00175
2527,0.009210000000000001
2528,0.02214
2529,0.13456
2530,0.13551
2531,0.16762
2532,0.14188
2533,0.26117
2534,0.29414
2535,0.20568
2536,0.10357999999999999
2537,0.00632
2538,0.0
2539,0.0
2540,0.0
2541,0.0
2542,0.0
2543,0.0
2544,0.0
2545,0.0
2546,0.0
2547,0.0
2548,0.0
2549,0.0
2550,0.01846
2551,0.17648
2552,0.31005
2553,0.42044
2554,0.44401999999999997
2555,0.4325
2556,0.37977999999999995
2557,0.43856
2558,0.35488
2559,0.27247000000000005
2560,0.05758
2561,0.01014
2562,0.0
2563,0.0
2564,0.0
2565,0.0
2566,0.0
2567,0.0
2568,0.0
2569,0.0
2570,0.0
2571,0.0
2572,0.0
2573,0.0
2574,0.00877
2575,0.05603
2576,0.14631
2577,0.21312
2578,0.26668000000000003
2579,0.24531999999999998
2580,0.28314999999999996
2581,0.45414
2582,0.46714999999999995
2583,0.34064999999999995
2584,0.12844999999999998
2585,0.0297
2586,0.0
2587,0.0
2588,0.0
2589,0.0
2590,0.0
2591,0.0
2592,0.0
2593,0.0
2594,0.0
2595,0.0
2596,0.0
2597,0.0
2598,0.0017900000000000001
2599,0.03082
2600,0.06586
2601,0.05399
2602,0.12538
2603,0.11736
2604,0.33347000000000004
2605,0.12284
2606,0.12123
2607,0.12741
2608,0.06203
2609,0.0181
2610,0.0
2611,0.0
2612,0.0
2613,0.0
2614,0.0
2615,0.0
2616,0.0
2617,0.0
2618,0.0
2619,0.0
2620,0.0
2621,0.0
2622,0.016190000000000003
2623,0.09817000000000001
2624,0.22225
2625,0.31204000000000004
2626,0.23238
2627,0.24780000000000002
2628,0.37892000000000003
2629,0.1698
2630,0.15148
2631,0.18716999999999998
2632,0.13144999999999998
2633,0.03503
2634,0.0
2635,0.0
2636,0.0
2637,0.0
2638,0.0
2639,0.0
2640,0.0
2641,0.0
2642,0.0
2643,0.0
2644,0.0
2645,0.0
2646,0.013730000000000001
2647,0.15793000000000001
2648,0.29621
2649,0.38522
2650,0.5152
2651,0.54403
2652,0.518
2653,0.11634
2654,0.08659
2655,0.046770000000000006
2656,0.01642
2657,0.00515
2658,0.0
2659,0.0
2660,0.0
2661,0.0
2662,0.0
2663,0.0
2664,0.0
2665,0.0
2666,0.0
2667,0.0
2668,0.0
2669,0.0
2670,0.01883
2671,0.1124
2672,0.19294999999999998
2673,0.22934000000000002
2674,0.27426999999999996
2675,0.369
2676,0.27216
2677,0.60123
2678,0.47970999999999997
2679,0.36483
2680,0.14374
2681,0.033549999999999996
2682,0.0
2683,0.0
2684,0.0
2685,0.0
2686,0.0
2687,0.0
2688,0.0
2689,0.0
2690,0.0
2691,0.0
2692,0.0
2693,0.0
2694,0.00763
2695,0.05493
2696,0.06520000000000001
2697,0.25777
2698,0.31164
2699,0.56909
2700,0.47002999999999995
2701,0.41002
2702,0.32956
2703,0.33472
2704,0.13349
2705,0.03668
2706,0.0
2707,0.0
2708,0.0
2709,0.0
2710,0.0
2711,0.0
2712,0.0
2713,0.0
2714,0.0
2715,0.0
2716,0.0
2717,0.0
2718,0.01801
2719,0.16616
2720,0.33832999999999996
2721,0.30521
2722,0.46845
2723,0.5592
2724,0.5491
2725,0.55803
2726,0.44683
2727,0.31379
2728,0.18103
2729,0.03601
2730,0.0
2731,0.0
2732,0.0
2733,0.0
2734,0.0
2735,0.0
2736,0.0
2737,0.0
2738,0.0
2739,0.0
2740,0.0
2741,0.0
2742,0.01261
2743,0.11774
2744,0.15781
2745,0.29669999999999996
2746,0.25708
2747,0.31445999999999996
2748,0.30451
2749,0.42878
2750,0.33351
2751,0.18321
2752,0.12592
2753,0.02457
2754,0.0
2755,0.0
2756,0.0
2757,0.0
2758,0.0
2759,0.0
2760,0.0
2761,0.0
2762,0.0
2763,0.0
2764,0.0
2765,0.0
2766,0.00991
2767,0.13379
2768,0.22602
2769,0.33138
2770,0.35185
2771,0.57349
2772,0.42513
2773,0.37235
2774,0.31980000000000003
2775,0.24659
2776,0.11359999999999999
2777,0.02549
2778,0.0
2779,0.0
2780,0.0
2781,0.0
2782,0.0
2783,0.0
2784,0.0
2785,0.0
2786,0.0
2787,0.0
2788,0.0
2789,0.0
2790,0.0144
2791,0.12859
2792,0.26513
2793,0.38266
2794,0.4982
2795,0.53976
2796,0.5818
2797,0.55592
2798,0.35297
2799,0.28505
2800,0.18597
2801,0.03288
2802,0.0
2803,0.0
2804,0.0
2805,0.0
2806,0.0
2807,0.0
2808,0.0
2809,0.0
2810,0.0
2811,0.0
2812,0.0
2813,0.0
2814,0.02085
2815,0.17618999999999999
2816,0.33788
2817,0.50483
2818,0.51117
2819,0.5760299999999999
2820,0.5329299999999999
2821,0.5458
2822,0.40878
2823,0.27943
2824,0.12657
2825,0.023969999999999998
2826,0.0
2827,0.0
2828,0.0
2829,0.0
2830,0.0
2831,0.0
2832,0.0
2833,0.0
2834,0.0
2835,0.0
2836,0.0
2837,0.0
2838,0.01039
2839,0.08145999999999999
2840,0.13744
2841,0.25256
2842,0.28305
2843,0.33188999999999996
2844,0.23424
2845,0.13704
2846,0.11362
2847,0.11822
2848,0.07306
2849,0.015519999999999999
2850,0.0
2851,0.0
2852,0.0
2853,0.0
2854,0.0
2855,0.0
2856,0.0
2857,0.0
2858,0.0
2859,0.0
2860,0.0
2861,0.0
2862,0.0121
2863,0.10222
2864,0.233
2865,0.30813
2866,0.32299
2867,0.33941000000000004
2868,0.50514
2869,0.1677
2870,0.25166
2871,0.27603
2872,0.1238
2873,0.03222
2874,0.0
2875,0.0
2876,0.0
2877,0.0
2878,0.0
2879,0.0
2880,0.0
2881,0.0
2882,0.0
2883,0.0
2884,0.0
2885,0.0
2886,0.00967
2887,0.09082
2888,0.24636000000000002
2889,0.44642000000000004
2890,0.46711
2891,0.52606
2892,0.50678
2893,0.48094
2894,0.45086000000000004
2895,0.32683999999999996
2896,0.14983000000000002
2897,0.03918
2898,0.0
2899,0.0
2900,0.0
2901,0.0
2902,0.0
2903,0.0
2904,0.0
2905,0.0
2906,0.0
2907,0.0
2908,0.0
2909,0.0
2910,0.0134
2911,0.12311
2912,0.2843
2913,0.34681
2914,0.37986000000000003
2915,0.44454000000000005
2916,0.41052999999999995
2917,0.53476
2918,0.27237
2919,0.1701
2920,0.05143
2921,0.01461
2922,0.0
2923,0.0
2924,0.0
2925,0.0
2926,0.0
2927,0.0
2928,0.0
2929,0.0
2930,0.0
2931,0.0
2932,0.0
2933,0.0
2934,0.009699999999999999
2935,0.095
2936,0.1669
2937,0.27874
2938,0.46313
2939,0.43386
2940,0.5131699999999999
2941,0.30210000000000004
2942,0.48449000000000003
2943,0.31557999999999997
2944,0.10676999999999999
2945,0.026109999999999998
2946,0.0
2947,0.0
2948,0.0
2949,0.0
2950,0.0
2951,0.0
2952,0.0
2953,0.0
2954,0.0
2955,0.0
2956,0.0
2957,0.0
2958,0.0181
2959,0.11315
2960,0.23915
2961,0.27088999999999996
2962,0.30971
2963,0.44037
2964,0.56411
2965,0.46829000000000004
2966,0.38726
2967,0.23385
2968,0.11516
2969,0.02552
2970,0.0
2971,0.0
2972,0.0
2973,0.0
2974,0.0
2975,0.0
2976,0.0
2977,0.0
2978,0.0
2979,0.0
2980,0.0
2981,0.0
2982,0.01132
2983,0.10514
2984,0.25608
2985,0.34045
2986,0.29461000000000004
2987,0.38814
2988,0.39544
2989,0.47363
2990,0.1926
2991,0.22413999999999998
2992,0.11268
2993,0.01743
2994,0.0
2995,0.0
2996,0.0
2997,0.0
2998,0.0
2999,0.0
3000,0.0
3001,0.0
3002,0.0
3003,0.0
3004,0.0
3005,0.0
3006,0.0095
3007,0.08288
3008,0.14124
3009,0.29134
3010,0.31437
3011,0.38964
3012,0.38576
3013,0.36086
3014,0.37383
3015,0.22005000000000002
3016,0.11578000000000001
3017,0.01758
3018,0.0
3019,0.0
3020,0.0
3021,0.0
3022,0.0
3023,0.0
3024,0.0
3025,0.0
3026,0.0
3027,0.0
3028,0.0
3029,0.0
3030,0.01317
3031,0.10134
3032,0.22828
3033,0.40822
3034,0.48413
3035,0.29522000000000004
3036,0.3537
3037,0.47124
3038,0.37417
3039,0.22175
3040,0.13135
3041,0.02827
3042,0.0
3043,0.0
3044,0.0
3045,0.0
3046,0.0
3047,0.0
3048,0.0
3049,0.0
3050,0.0
3051,0.0
3052,0.0
3053,0.0
3054,0.015210000000000001
3055,0.11148000000000001
3056,0.22372
3057,0.22657
3058,0.3245
3059,0.34848
3060,0.30445
3061,0.43539999999999995
3062,0.45018
3063,0.30237
3064,0.17739
3065,0.03019
3066,0.0
3067,0.0
3068,0.0
3069,0.0
3070,0.0
3071,0.0
3072,0.0
3073,0.0
3074,0.0
3075,0.0
3076,0.0
3077,0.0
3078,0.0181
3079,0.10456
3080,0.22119999999999998
3081,0.3471
3082,0.42332
3083,0.41113
3084,0.32367
3085,0.39604
3086,0.25271
3087,0.25458000000000003
3088,0.15049
3089,0.03574
3090,0.0
3091,0.0
3092,0.0
3093,0.0
3094,0.0
3095,0.0
3096,0.0
3097,0.0
3098,0.0
3099,0.0
3100,0.0
3101,0.0
3102,0.01884
3103,0.14643
3104,0.33386
3105,0.47356
3106,0.51174
3107,0.55563
3108,0.65895
3109,0.50974
3110,0.4642
3111,0.32730000000000004
3112,0.16494
3113,0.01765
3114,0.0
3115,0.0
3116,0.0
3117,0.0
3118,0.0
3119,0.0
3120,0.0
3121,0.0
3122,0.0
3123,0.0
3124,0.0
3125,0.0
3126,0.02068
3127,0.16315000000000002
3128,0.31153
3129,0.44956
3130,0.59151
3131,0.63495
3132,0.6097400000000001
3133,0.61205
3134,0.49381
3135,0.33614
3136,0.16738
3137,0.033909999999999996
3138,0.0
3139,0.0
3140,0.0
3141,0.0
3142,0.0
3143,0.0
3144,0.0
3145,0.0
3146,0.0
3147,0.0
3148,0.0
3149,0.0
3150,0.01914
3151,0.09309999999999999
3152,0.23325
3153,0.38866
3154,0.48148
3155,0.55136
3156,0.5139600000000001
3157,0.5629500000000001
3158,0.46382
3159,0.32406
3160,0.15975999999999999
3161,0.03526
3162,0.0
3163,0.0
3164,0.0
3165,0.0
3166,0.0
3167,0.0
3168,0.0
3169,0.0
3170,0.0
3171,0.0
3172,0.0
3173,0.0
3174,0.01722
3175,0.08231000000000001
3176,0.17731
3177,0.35374
3178,0.40246
3179,0.5806
3180,0.45432
3181,0.40814
3182,0.29762
3183,0.17915999999999999
3184,0.12455
3185,0.02465
3186,0.0
3187,0.0
3188,0.0
3189,0.0
3190,0.0
3191,0.0
3192,0.0
3193,0.0
3194,0.0
3195,0.0
3196,0.0
3197,0.0
3198,0.01055
3199,0.0964
3200,0.15236000000000002
3201,0.36149000000000003
3202,0.35039
3203,0.29504
3204,0.38724000000000003
3205,0.5614199999999999
3206,0.49089
3207,0.35008
3208,0.15394
3209,0.03318
3210,0.0
3211,0.0
3212,0.0
3213,0.0
3214,0.0
3215,0.0
3216,0.0
3217,0.0
3218,0.0
3219,0.0
3220,0.0
3221,0.0
3222,0.018940000000000002
3223,0.17147
3224,0.33232999999999996
3225,0.50845
3226,0.6016699999999999
3227,0.53159
3228,0.60225
3229,0.52116
3230,0.32755
3231,0.29306
3232,0.12877000000000002
3233,0.0176
3234,0.0
3235,0.0
3236,0.0
3237,0.0
3238,0.0
3239,0.0
3240,0.0
3241,0.0
3242,0.0
3243,0.0
3244,0.0
3245,0.0
3246,0.01074
3247,0.07586
3248,0.21674000000000002
3249,0.37357999999999997
3250,0.40412
3251,0.5580499999999999
3252,0.35766000000000003
3253,0.44641000000000003
3254,0.36142
3255,0.28442
3256,0.14734999999999998
3257,0.02904
3258,0.0
3259,0.0
3260,0.0
3261,0.0
3262,0.0
3263,0.0
3264,0.0
3265,0.0
3266,0.0
3267,0.0
3268,0.0
3269,0.0
3270,0.01133
3271,0.07081
3272,0.14603
3273,0.19044
3274,0.26374000000000003
3275,0.20488
3276,0.45099
3277,0.37610000000000005
3278,0.37448000000000004
3279,0.26616
3280,0.13549
3281,0.03028
3282,0.0
3283,0.0
3284,0.0
3285,0.0
3286,0.0
3287,0.0
3288,0.0
3289,0.0
3290,0.0
3291,0.0
3292,0.0
3293,0.0
3294,0.022359999999999998
3295,0.12272
3296,0.19426
3297,0.27276
3298,0.38683
3299,0.35897
3300,0.42787000000000003
3301,0.5199900000000001
3302,0.33273
3303,0.15966999999999998
3304,0.07161
3305,0.01768
3306,0.0
3307,0.0
3308,0.0
3309,0.0
3310,0.0
3311,0.0
3312,0.0
3313,0.0
3314,0.0
3315,0.0
3316,0.0
3317,0.0
3318,0.01692
3319,0.11798
3320,0.28675
3321,0.38335
3322,0.53187
3323,0.51806
3324,0.41854
3325,0.49399
3326,0.28704
3327,0.27499
3328,0.14717
3329,0.03114
3330,0.0
3331,0.0
3332,0.0
3333,0.0
3334,0.0
3335,0.0
3336,0.0
3337,0.0
3338,0.0
3339,0.0
3340,0.0
3341,0.0
3342,0.01524
3343,0.12768000000000002
3344,0.20965
3345,0.26303
3346,0.27281
3347,0.33864999999999995
3348,0.34312
3349,0.24703999999999998
3350,0.14755000000000001
3351,0.10873000000000001
3352,0.08245999999999999
3353,0.01309
3354,0.0
3355,0.0
3356,0.0
3357,0.0
3358,0.0
3359,0.0
3360,0.0
3361,0.0
3362,0.0
3363,0.0
3364,0.0
3365,0.0
3366,0.01526
3367,0.13987
3368,0.29656
3369,0.48191
3370,0.52
3371,0.5864199999999999
3372,0.53065
3373,0.46473000000000003
3374,0.32749
3375,0.28258
3376,0.14624
3377,0.019039999999999998
3378,0.0
3379,0.0
3380,0.0
3381,0.0
3382,0.0
3383,0.0
3384,0.0
3385,0.0
3386,0.0
3387,0.0
3388,0.0
3389,0.0
3390,0.01491
3391,0.12390000000000001
3392,0.24392
3393,0.30018
3394,0.39906
3395,0.4186
3396,0.45822
3397,0.41806
3398,0.39303
3399,0.31122000000000005
3400,0.16393000000000002
3401,0.023149999999999997
3402,0.0
3403,0.0
3404,0.0
3405,0.0
3406,0.0
3407,0.0
3408,0.0
3409,0.0
3410,0.0
3411,0.0
3412,0.0
3413,0.0
3414,0.00359
3415,0.01829
3416,0.03129
3417,0.06476000000000001
3418,0.08037000000000001
3419,0.06304
3420,0.14385
3421,0.016370000000000003
3422,0.05084
3423,0.08079
3424,0.027710000000000002
3425,0.00229
3426,0.0
3427,0.0
3428,0.0
3429,0.0
3430,0.0
3431,0.0
3432,0.0
3433,0.0
3434,0.0
3435,0.0
3436,0.0
3437,0.0
3438,0.012029999999999999
3439,0.06066
3440,0.12052
3441,0.12505
3442,0.19074000000000002
3443,0.20928
3444,0.2993
3445,0.39586
3446,0.21780000000000002
3447,0.23639
3448,0.07864
3449,0.01069
3450,0.0
3451,0.0
3452,0.0
3453,0.0
3454,0.0
3455,0.0
3456,0.0
3457,0.0
3458,0.0
3459,0.0
3460,0.0
3461,0.0
3462,0.0023799999999999997
3463,0.016239999999999997
3464,0.03615
3465,0.03681
3466,0.05611
3467,0.055130000000000005
3468,0.055159999999999994
3469,0.21403
3470,0.22297
3471,0.10577
3472,0.04922
3473,0.01183
3474,0.0
3475,0.0
3476,0.0
3477,0.0
3478,0.0
3479,0.0
3480,0.0
3481,0.0
3482,0.0
3483,0.0
3484,0.0
3485,0.0
3486,0.015359999999999999
3487,0.0689
3488,0.1517
3489,0.09298000000000001
3490,0.19924
3491,0.09079999999999999
3492,0.14717
3493,0.22853
3494,0.1328
3495,0.06838
3496,0.01828
3497,0.0
3498,0.0
3499,0.0
3500,0.0
3501,0.0
3502,0.0
3503,0.0
3504,0.0
3505,0.0
3506,0.0
3507,0.0
3508,0.0
3509,0.0
3510,0.00949
3511,0.06375
3512,0.12237999999999999
3513,0.21611000000000002
3514,0.26103
3515,0.34455
3516,0.22343000000000002
3517,0.30969
3518,0.19498
3519,0.12529
3520,0.01766
3521,0.00211
3522,0.0
3523,0.0
3524,0.0
3525,0.0
3526,0.0
3527,0.0
3528,0.0
3529,0.0
3530,0.0
3531,0.0
3532,0.0
3533,0.0
3534,0.00828
3535,0.07820999999999999
3536,0.17465
3537,0.18972999999999998
3538,0.23299
3539,0.09948
3540,0.11336
3541,0.09029000000000001
3542,0.03202
3543,0.01907
3544,0.01033
3545,0.00033
3546,0.0
3547,0.0
3548,0.0
3549,0.0
3550,0.0
3551,0.0
3552,0.0
3553,0.0
3554,0.0
3555,0.0
3556,0.0
3557,0.0
3558,0.00872
3559,0.08937
3560,0.19938999999999998
3561,0.33344999999999997
3562,0.39747000000000005
3563,0.51838
3564,0.42252999999999996
3565,0.5213099999999999
3566,0.36981
3567,0.30141
3568,0.16952
3569,0.027739999999999997
3570,0.0
3571,0.0
3572,0.0
3573,0.0
3574,0.0
3575,0.0
3576,0.0
3577,0.0
3578,0.0
3579,0.0
3580,0.0
3581,0.0
3582,0.01706
3583,0.11516
3584,0.22811
3585,0.23333
3586,0.41616000000000003
3587,0.35993
3588,0.40861000000000003
3589,0.43374
3590,0.44074
3591,0.22197
3592,0.14684999999999998
3593,0.02978
3594,0.0
3595,0.0
3596,0.0
3597,0.0
3598,0.0
3599,0.0
3600,0.0
3601,0.0
3602,0.0
3603,0.0
3604,0.0
3605,0.0
3606,0.01351
3607,0.07304000000000001
3608,0.19861
3609,0.23854
3610,0.36427
3611,0.54899
3612,0.6105900000000001
3613,0.5170800000000001
3614,0.44438
3615,0.34968
3616,0.1423
3617,0.027989999999999998
3618,0.0
3619,0.0
3620,0.0
3621,0.0
3622,0.0
3623,0.0
3624,0.0
3625,0.0
3626,0.0
3627,0.0
3628,0.0
3629,0.0
3630,0.01326
3631,0.10406
3632,0.17775
3633,0.14022
3634,0.18741999999999998
3635,0.2465
3636,0.48014999999999997
3637,0.39473
3638,0.32653
3639,0.25533
3640,0.08574
3641,0.016460000000000002
3642,0.0
3643,0.0
3644,0.0
3645,0.0
3646,0.0
3647,0.0
3648,0.0
3649,0.0
3650,0.0
3651,0.0
3652,0.0
3653,0.0
3654,0.01874
3655,0.15922
3656,0.31281
3657,0.43309
3658,0.50971
3659,0.48949000000000004
3660,0.61852
3661,0.5503899999999999
3662,0.47307
3663,0.34258
3664,0.19065000000000001
3665,0.038880000000000005
3666,0.0
3667,0.0
3668,0.0
3669,0.0
3670,0.0
3671,0.0
3672,0.0
3673,0.0
3674,0.0
3675,0.0
3676,0.0
3677,0.0
3678,0.00287
3679,0.03209
3680,0.15824000000000002
3681,0.29908999999999997
3682,0.36661
3683,0.43091
3684,0.38681
3685,0.37344
3686,0.3488
3687,0.3087
3688,0.19157
3689,0.03564
3690,0.0
3691,0.0
3692,0.0
3693,0.0
3694,0.0
3695,0.0
3696,0.0
3697,0.0
3698,0.0
3699,0.0
3700,0.0
3701,0.0
3702,0.00273
3703,0.01722
3704,0.04408
3705,0.10754999999999999
3706,0.09466
3707,0.08761
3708,0.12279999999999999
3709,0.23194
3710,0.26869
3711,0.16749
3712,0.13211
3713,0.01492
3714,0.0
3715,0.0
3716,0.0
3717,0.0
3718,0.0
3719,0.0
3720,0.0
3721,0.0
3722,0.0
3723,0.0
3724,0.0
3725,0.0
3726,0.00115
3727,0.014839999999999999
3728,0.02557
3729,0.05343
3730,0.03445
3731,0.03245
3732,0.06908
3733,0.11886
3734,0.06288
3735,0.026269999999999998
3736,0.00813
3737,0.00173
3738,0.0
3739,0.0
3740,0.0
3741,0.0
3742,0.0
3743,0.0
3744,0.0
3745,0.0
3746,0.0
3747,0.0
3748,0.0
3749,0.0
3750,0.0010400000000000001
3751,0.01048
3752,0.023600000000000003
3753,0.06146
3754,0.07945999999999999
3755,0.15028999999999998
3756,0.18456
3757,0.39125
3758,0.28899
3759,0.20274
3760,0.12163
3761,0.022600000000000002
3762,0.0
3763,0.0
3764,0.0
3765,0.0
3766,0.0
3767,0.0
3768,0.0
3769,0.0
3770,0.0
3771,0.0
3772,0.0
3773,0.0
3774,0.015519999999999999
3775,0.14981
3776,0.30244
3777,0.44973
3778,0.49709
3779,0.54383
3780,0.5302100000000001
3781,0.37324
3782,0.32364
3783,0.25246999999999997
3784,0.13494
3785,0.03671
3786,0.0
3787,0.0
3788,0.0
3789,0.0
3790,0.0
3791,0.0
3792,0.0
3793,0.0
3794,0.0
3795,0.0
3796,0.0
3797,0.0
3798,0.00474
3799,0.054869999999999995
3800,0.11638
3801,0.11094
3802,0.08754
3803,0.07354999999999999
3804,0.09065000000000001
3805,0.16351
3806,0.12384999999999999
3807,0.13783
3808,0.07809
3809,0.018179999999999998
3810,0.0
3811,0.0
3812,0.0
3813,0.0
3814,0.0
3815,0.0
3816,0.0
3817,0.0
3818,0.0
3819,0.0
3820,0.0
3821,0.0
3822,0.0029300000000000003
3823,0.02531
3824,0.04678
3825,0.11688
3826,0.15364
3827,0.14585
3828,0.19426
3829,0.27276999999999996
3830,0.27344999999999997
3831,0.18362
3832,0.04929
3833,0.00883
3834,0.0
3835,0.0
3836,0.0
3837,0.0
3838,0.0
3839,0.0
3840,0.0
3841,0.0
3842,0.0
3843,0.0
3844,0.0
3845,0.0
3846,0.00319
3847,0.03601
3848,0.057409999999999996
3849,0.1413
3850,0.18916999999999998
3851,0.36478
3852,0.3911
3853,0.49261
3854,0.41246
3855,0.25212
3856,0.13477
3857,0.03007
3858,0.0
3859,0.0
3860,0.0
3861,0.0
3862,0.0
3863,0.0
3864,0.0
3865,0.0
3866,0.0
3867,0.0
3868,0.0
3869,0.0
3870,0.00098
3871,0.030359999999999998
3872,0.06473000000000001
3873,0.07454000000000001
3874,0.16057
3875,0.23408
3876,0.27776999999999996
3877,0.35118
3878,0.23607
3879,0.24164
3880,0.12041
3881,0.02621
3882,0.0
3883,0.0
3884,0.0
3885,0.0
3886,0.0
3887,0.0
3888,0.0
3889,0.0
3890,0.0
3891,0.0
3892,0.0
3893,0.0
3894,0.01354
3895,0.13171000000000002
3896,0.31333
3897,0.4412
3898,0.5646
3899,0.56863
3900,0.55901
3901,0.36531
3902,0.33897000000000005
3903,0.26530000000000004
3904,0.16781000000000001
3905,0.04008
3906,0.0
3907,0.0
3908,0.0
3909,0.0
3910,0.0
3911,0.0
3912,0.0
3913,0.0
3914,0.0
3915,0.0
3916,0.0
3917,0.0
3918,0.00618
3919,0.08942
3920,0.22175999999999998
3921,0.274
3922,0.21178999999999998
3923,0.31016000000000005
3924,0.31041
3925,0.48688
3926,0.41152999999999995
3927,0.30207
3928,0.15708000000000003
3929,0.01359
3930,0.0
3931,0.0
3932,0.0
3933,0.0
3934,0.0
3935,0.0
3936,0.0
3937,0.0
3938,0.0
3939,0.0
3940,0.0
3941,0.0
3942,0.00196
3943,0.040060000000000005
3944,0.10202
3945,0.08273
3946,0.13193000000000002
3947,0.236
3948,0.25009
3949,0.48938
3950,0.34757
3951,0.29847
3952,0.15583000000000002
3953,0.03748
3954,0.0
3955,0.0
3956,0.0
3957,0.0
3958,0.0
3959,0.0
3960,0.0
3961,0.0
3962,0.0
3963,0.0
3964,0.0
3965,0.0
3966,0.00789
3967,0.05621
3968,0.19138
3969,0.19477
3970,0.188
3971,0.3416
3972,0.2881
3973,0.5448999999999999
3974,0.40752
3975,0.30434
3976,0.13301
3977,0.01843
3978,0.0
3979,0.0
3980,0.0
3981,0.0
3982,0.0
3983,0.0
3984,0.0
3985,0.0
3986,0.0
3987,0.0
3988,0.0
3989,0.0
3990,0.0005
3991,0.01405
3992,0.037149999999999996
3993,0.04283
3994,0.09592
3995,0.24949000000000002
3996,0.27046
3997,0.44458
3998,0.32926
3999,0.24383000000000002
4000,0.07923000000000001
4001,0.0223
4002,0.0
4003,0.0
4004,0.0
4005,0.0
4006,0.0
4007,0.0
4008,0.0
4009,0.0
4010,0.0
4011,0.0
4012,0.0
4013,0.0
4014,0.0
4015,0.01256
4016,0.01202
4017,0.04077
4018,0.03908
4019,0.051609999999999996
4020,0.06744
4021,0.10735
4022,0.07612999999999999
4023,0.04281
4024,0.04187
4025,0.0061200000000000004
4026,0.0
4027,0.0
4028,0.0
4029,0.0
4030,0.0
4031,0.0
4032,0.0
4033,0.0
4034,0.0
4035,0.0
4036,0.0
4037,0.0
4038,0.00172
4039,0.01183
4040,0.05324
4041,0.11546
4042,0.15458000000000002
4043,0.11668
4044,0.10374
4045,0.32204
4046,0.28486
4047,0.22385
4048,0.08897
4049,0.01092
4050,0.0
4051,0.0
4052,0.0
4053,0.0
4054,0.0
4055,0.0
4056,0.0
4057,0.0
4058,0.0
4059,0.0
4060,0.0
4061,0.0
4062,8e-05
4063,0.013900000000000001
4064,0.0124
4065,0.01803
4066,0.08052
4067,0.06673
4068,0.09359
4069,0.4694
4070,0.41967000000000004
4071,0.29660000000000003
4072,0.12943000000000002
4073,0.03253
4074,0.0
4075,0.0
4076,0.0
4077,0.0
4078,0.0
4079,0.0
4080,0.0
4081,0.0
4082,0.0
4083,0.0
4084,0.0
4085,0.0
4086,0.00441
4087,0.06129
4088,0.12595
4089,0.11959
4090,0.17617
4091,0.23409
4092,0.26814
4093,0.2067
4094,0.23171
4095,0.14179
4096,0.056549999999999996
4097,0.00632
4098,0.0
4099,0.0
4100,0.0
4101,0.0
4102,0.0
4103,0.0
4104,0.0
4105,0.0
4106,0.0
4107,0.0
4108,0.0
4109,0.0
4110,0.0067
4111,0.10873000000000001
4112,0.24169
4113,0.27144
4114,0.34785000000000005
4115,0.4198
4116,0.36624
4117,0.45297000000000004
4118,0.43903
4119,0.3561
4120,0.17296
4121,0.031920000000000004
4122,0.0
4123,0.0
4124,0.0
4125,0.0
4126,0.0
4127,0.0
4128,0.0
4129,0.0
4130,0.0
4131,0.0
4132,0.0
4133,0.0
4134,0.00862
4135,0.0727
4136,0.16309
4137,0.28649
4138,0.42189
4139,0.43991
4140,0.37777
4141,0.5465099999999999
4142,0.41881999999999997
4143,0.32553
4144,0.17589
4145,0.03228
4146,0.0
4147,0.0
4148,0.0
4149,0.0
4150,0.0
4151,0.0
4152,0.0
4153,0.0
4154,0.0
4155,0.0
4156,0.0
4157,0.0
4158,0.00524
4159,0.048159999999999994
4160,0.16861
4161,0.17724
4162,0.25081
4163,0.30695999999999996
4164,0.39033999999999996
4165,0.46181
4166,0.4629
4167,0.27485000000000004
4168,0.15929
4169,0.03458
4170,0.0
4171,0.0
4172,0.0
4173,0.0
4174,0.0
4175,0.0
4176,0.0
4177,0.0
4178,0.0
4179,0.0
4180,0.0
4181,0.0
4182,0.0069299999999999995
4183,0.07592
4184,0.11736
4185,0.26753
4186,0.40506
4187,0.41773000000000005
4188,0.45459
4189,0.54134
4190,0.42175
4191,0.33316
4192,0.18744999999999998
4193,0.0327
4194,0.0
4195,0.0
4196,0.0
4197,0.0
4198,0.0
4199,0.0
4200,0.0
4201,0.0
4202,0.0
4203,0.0
4204,0.0
4205,0.0
4206,0.00265
4207,0.06992
4208,0.16921
4209,0.25268999999999997
4210,0.24067
4211,0.36889
4212,0.38533
4213,0.49063999999999997
4214,0.43812
4215,0.35616000000000003
4216,0.18206999999999998
4217,0.032170000000000004
4218,0.0
4219,0.0
4220,0.0
4221,0.0
4222,0.0
4223,0.0
4224,0.0
4225,0.0
4226,0.0
4227,0.0
4228,0.0
4229,0.0
4230,0.0092
4231,0.06265
4232,0.09619
4233,0.25785
4234,0.38806999999999997
4235,0.40070999999999996
4236,0.35395
4237,0.45288
4238,0.41293
4239,0.2621
4240,0.11973
4241,0.019170000000000003
4242,0.0
4243,0.0
4244,0.0
4245,0.0
4246,0.0
4247,0.0
4248,0.0
4249,0.0
4250,0.0
4251,0.0
4252,0.0
4253,0.0
4254,0.00822
4255,0.06467
4256,0.11995
4257,0.18635
4258,0.30158999999999997
4259,0.3245
4260,0.43869
4261,0.55877
4262,0.4597
4263,0.3008
4264,0.17701
4265,0.03319
4266,0.0
4267,0.0
4268,0.0
4269,0.0
4270,0.0
4271,0.0
4272,0.0
4273,0.0
4274,0.0
4275,0.0
4276,0.0
4277,0.0
4278,0.0037400000000000003
4279,0.03296
4280,0.05238
4281,0.07535
4282,0.13476
4283,0.12102
4284,0.2577
4285,0.39054
4286,0.28676
4287,0.2326
4288,0.14008
4289,0.01604
4290,0.0
4291,0.0
4292,0.0
4293,0.0
4294,0.0
4295,0.0
4296,0.0
4297,0.0
4298,0.0
4299,0.0
4300,0.0
4301,0.0
4302,0.00982
4303,0.10623
4304,0.26838
4305,0.39416
4306,0.3527
4307,0.43187000000000003
4308,0.29444
4309,0.4557
4310,0.3664
4311,0.26666
4312,0.17107
4313,0.04045
4314,0.0
4315,0.0
4316,0.0
4317,0.0
4318,0.0
4319,0.0
4320,0.0
4321,0.0
4322,0.0
4323,0.0
4324,0.0
4325,0.0
4326,0.008029999999999999
4327,0.06066
4328,0.15621000000000002
4329,0.15606
4330,0.19641999999999998
4331,0.17167
4332,0.16985
4333,0.45337
4334,0.40249
4335,0.26127999999999996
4336,0.15399000000000002
4337,0.026
4338,0.0
4339,0.0
4340,0.0
4341,0.0
4342,0.0
4343,0.0
4344,0.0
4345,0.0
4346,0.0
4347,0.0
4348,0.0
4349,0.0
4350,0.00637
4351,0.08784
4352,0.13287000000000002
4353,0.2317
4354,0.29385
4355,0.29507
4356,0.32563
4357,0.53927
4358,0.41129000000000004
4359,0.25111
4360,0.1735
4361,0.04393
4362,0.0
4363,0.0
4364,0.0
4365,0.0
4366,0.0
4367,0.0
4368,0.0
4369,0.0
4370,0.0
4371,0.0
4372,0.0
4373,0.0
4374,0.01007
4375,0.12472
4376,0.26267
4377,0.38512
4378,0.48666000000000004
4379,0.6315700000000001
4380,0.64275
4381,0.6005499999999999
4382,0.5114
4383,0.38253
4384,0.21642
4385,0.05392
4386,0.0
4387,0.0
4388,0.0
4389,0.0
4390,0.0
4391,0.0
4392,0.0
4393,0.0
4394,0.0
4395,0.0
4396,0.0
4397,0.0
4398,0.01038
4399,0.09931
4400,0.25968
4401,0.31894
4402,0.45692
4403,0.42013
4404,0.50573
4405,0.50134
4406,0.482
4407,0.34038999999999997
4408,0.18103
4409,0.03277
4410,0.0
4411,0.0
4412,0.0
4413,0.0
4414,0.0
4415,0.0
4416,0.0
4417,0.0
4418,0.0
4419,0.0
4420,0.0
4421,0.0
4422,0.00813
4423,0.11223000000000001
4424,0.23272
4425,0.27512000000000003
4426,0.3044
4427,0.32492000000000004
4428,0.38611
4429,0.4375
4430,0.33899
4431,0.21259
4432,0.10217
4433,0.02776
4434,0.0
4435,0.0
4436,0.0
4437,0.0
4438,0.0
4439,0.0
4440,0.0
4441,0.0
4442,0.0
4443,0.0
4444,0.0
4445,0.0
4446,0.0062699999999999995
4447,0.09258
4448,0.21205000000000002
4449,0.20819
4450,0.25414
4451,0.24875
4452,0.23095
4453,0.42981
4454,0.39866
4455,0.31101999999999996
4456,0.16782
4457,0.03714
4458,0.0
4459,0.0
4460,0.0
4461,0.0
4462,0.0
4463,0.0
4464,0.0
4465,0.0
4466,0.0
4467,0.0
4468,0.0
4469,0.0
4470,0.01388
4471,0.0883
4472,0.23322
4473,0.36898000000000003
4474,0.44307
4475,0.43619
4476,0.45867
4477,0.5435800000000001
4478,0.49459
4479,0.35241
4480,0.17684
4481,0.03068
4482,0.0
4483,0.0
4484,0.0
4485,0.0
4486,0.0
4487,0.0
4488,0.0
4489,0.0
4490,0.0
4491,0.0
4492,0.0
4493,0.0
4494,0.00522
4495,0.08555
4496,0.14549
4497,0.22185
4498,0.33966
4499,0.28407
4500,0.32733
4501,0.52667
4502,0.40131
4503,0.28994
4504,0.13648
4505,0.02376
4506,0.0
4507,0.0
4508,0.0
4509,0.0
4510,0.0
4511,0.0
4512,0.0
4513,0.0
4514,0.0
4515,0.0
4516,0.0
4517,0.0
4518,0.00367
4519,0.07165
4520,0.17859999999999998
4521,0.22124000000000002
4522,0.20159
4523,0.13054
4524,0.11304
4525,0.31354000000000004
4526,0.31039999999999995
4527,0.26657
4528,0.13375
4529,0.027010000000000003
4530,0.0
4531,0.0
4532,0.0
4533,0.0
4534,0.0
4535,0.0
4536,0.0
4537,0.0
4538,0.0
4539,0.0
4540,0.0
4541,0.0
4542,0.00202
4543,0.02034
4544,0.08247
4545,0.14454
4546,0.19785
4547,0.22081
4548,0.34775
4549,0.4014
4550,0.31986000000000003
4551,0.23501
4552,0.14401
4553,0.04034
4554,0.0
4555,0.0
4556,0.0
4557,0.0
4558,0.0
4559,0.0
4560,0.0
4561,0.0
4562,0.0
4563,0.0
4564,0.0
4565,0.0
4566,0.0038
4567,0.07594
4568,0.14583000000000002
4569,0.18003
4570,0.28475
4571,0.18046
4572,0.30136
4573,0.23631
4574,0.25945999999999997
4575,0.24212999999999998
4576,0.13971
4577,0.038619999999999995
4578,0.0
4579,0.0
4580,0.0
4581,0.0
4582,0.0
4583,0.0
4584,0.0
4585,0.0
4586,0.0
4587,0.0
4588,0.0
4589,0.0
4590,0.00367
4591,0.01934
4592,0.07341
4593,0.04473
4594,0.10723
4595,0.13362000000000002
4596,0.1618
4597,0.2125
4598,0.2228
4599,0.15535
4600,0.07726000000000001
4601,0.00904
4602,0.0
4603,0.0
4604,0.0
4605,0.0
4606,0.0
4607,0.0
4608,0.0
4609,0.0
4610,0.0
4611,0.0
4612,0.0
4613,0.0
4614,0.0023799999999999997
4615,0.03344
4616,0.11368
4617,0.14161
4618,0.18380000000000002
4619,0.22341
4620,0.20889
4621,0.21358000000000002
4622,0.202
4623,0.15174
4624,0.07587999999999999
4625,0.02138
4626,0.0
4627,0.0
4628,0.0
4629,0.0
4630,0.0
4631,0.0
4632,0.0
4633,0.0
4634,0.0
4635,0.0
4636,0.0
4637,0.0
4638,0.00185
4639,0.05149
4640,0.18675
4641,0.1044
4642,0.15109999999999998
4643,0.31325
4644,0.31189999999999996
4645,0.40797000000000005
4646,0.31988
4647,0.21882
4648,0.12656
4649,0.03563
4650,0.0
4651,0.0
4652,0.0
4653,0.0
4654,0.0
4655,0.0
4656,0.0
4657,0.0
4658,0.0
4659,0.0
4660,0.0
4661,0.0
4662,0.00623
4663,0.06577
4664,0.20125
4665,0.26355
4666,0.44103
4667,0.46175
4668,0.54347
4669,0.48373
4670,0.44477
4671,0.27934
4672,0.18572
4673,0.04607
4674,0.0
4675,0.0
4676,0.0
4677,0.0
4678,0.0
4679,0.0
4680,0.0
4681,0.0
4682,0.0
4683,0.0
4684,0.0
4685,0.0
4686,0.00268
4687,0.09072
4688,0.19150999999999999
4689,0.30998000000000003
4690,0.30887
4691,0.39424000000000003
4692,0.4809
4693,0.51313
4694,0.46042
4695,0.33114
4696,0.15287
4697,0.03866
4698,0.0
4699,0.0
4700,0.0
4701,0.0
4702,0.0
4703,0.0
4704,0.0
4705,0.0
4706,0.0
4707,0.0
4708,0.0
4709,0.0
4710,0.00478
4711,0.12937
4712,0.27176999999999996
4713,0.40896
4714,0.51164
4715,0.50447
4716,0.5172
4717,0.58487
4718,0.46119
4719,0.30465
4720,0.19019
4721,0.03443
4722,0.0
4723,0.0
4724,0.0
4725,0.0
4726,0.0
4727,0.0
4728,0.0
4729,0.0
4730,0.0
4731,0.0
4732,0.0
4733,0.0
4734,0.00362
4735,0.06806999999999999
4736,0.1434
4737,0.20153000000000001
4738,0.30694
4739,0.32659
4740,0.43348000000000003
4741,0.25877
4742,0.10947
4743,0.06761
4744,0.052289999999999996
4745,0.00158
4746,0.0
4747,0.0
4748,0.0
4749,0.0
4750,0.0
4751,0.0
4752,0.0
4753,0.0
4754,0.0
4755,0.0
4756,0.0
4757,0.0
4758,0.00218
4759,0.09165999999999999
4760,0.27397000000000005
4761,0.3402
4762,0.43174
4763,0.49027
4764,0.42107
4765,0.40106
4766,0.46444
4767,0.29766000000000004
4768,0.14052
4769,0.023809999999999998
4770,0.0
4771,0.0
4772,0.0
4773,0.0
4774,0.0
4775,0.0
4776,0.0
4777,0.0
4778,0.0
4779,0.0
4780,0.0
4781,0.0
4782,0.00318
4783,0.061189999999999994
4784,0.10245
4785,0.21834
4786,0.27894
4787,0.42807
4788,0.39683999999999997
4789,0.57124
4790,0.43285
4791,0.35375
4792,0.178
4793,0.02631
4794,0.0
4795,0.0
4796,0.0
4797,0.0
4798,0.0
4799,0.0
4800,0.0
4801,0.0
4802,0.0
4803,0.0
4804,0.0
4805,0.0
4806,0.00289
4807,0.037649999999999996
4808,0.059
4809,0.18481999999999998
4810,0.28013
4811,0.42402
4812,0.53855
4813,0.52736
4814,0.43278
4815,0.31522
4816,0.20216
4817,0.04471
4818,0.0
4819,0.0
4820,0.0
4821,0.0
4822,0.0
4823,0.0
4824,0.0
4825,0.0
4826,0.0
4827,0.0
4828,0.0
4829,0.0
4830,0.00479
4831,0.12297
4832,0.29155000000000003
4833,0.41696
4834,0.53598
4835,0.36535
4836,0.31085
4837,0.41093
4838,0.28904
4839,0.24955000000000002
4840,0.09638
4841,0.01587
4842,0.0
4843,0.0
4844,0.0
4845,0.0
4846,0.0
4847,0.0
4848,0.0
4849,0.0
4850,0.0
4851,0.0
4852,0.0
4853,0.0
4854,0.00023999999999999998
4855,0.01815
4856,0.07253
4857,0.15385
4858,0.18442
4859,0.209
4860,0.29233
4861,0.35578
4862,0.2332
4863,0.11605
4864,0.05777
4865,0.01872
4866,0.0
4867,0.0
4868,0.0
4869,0.0
4870,0.0
4871,0.0
4872,0.0
4873,0.0
4874,0.0
4875,0.0
4876,0.0
4877,0.0
4878,0.00349
4879,0.08397
4880,0.15837
4881,0.21481
4882,0.26305
4883,0.33106
4884,0.44318
4885,0.5322899999999999
4886,0.46672
4887,0.32736000000000004
4888,0.15431
4889,0.04009
4890,0.0
4891,0.0
4892,0.0
4893,0.0
4894,0.0
4895,0.0
4896,0.0
4897,0.0
4898,0.0
4899,0.0
4900,0.0
4901,0.0
4902,0.00536
4903,0.09075
4904,0.17187
4905,0.20865999999999998
4906,0.30541
4907,0.27791000000000005
4908,0.39761
4909,0.28791
4910,0.23242
4911,0.14477
4912,0.11593
4913,0.0146
4914,0.0
4915,0.0
4916,0.0
4917,0.0
4918,0.0
4919,0.0
4920,0.0
4921,0.0
4922,0.0
4923,0.0
4924,0.0
4925,0.0
4926,0.00452
4927,0.10701999999999999
4928,0.19169
4929,0.33081
4930,0.28014
4931,0.27958999999999995
4932,0.28602
4933,0.383
4934,0.29375999999999997
4935,0.21763
4936,0.12261
4937,0.04182
4938,0.0
4939,0.0
4940,0.0
4941,0.0
4942,0.0
4943,0.0
4944,0.0
4945,0.0
4946,0.0
4947,0.0
4948,0.0
4949,0.0
4950,0.00538
4951,0.03664
4952,0.09312999999999999
4953,0.09267
4954,0.08615
4955,0.13887
4956,0.15469
4957,0.41594
4958,0.31672
4959,0.26564
4960,0.17431
4961,0.03655
4962,0.0
4963,0.0
4964,0.0
4965,0.0
4966,0.0
4967,0.0
4968,0.0
4969,0.0
4970,0.0
4971,0.0
4972,0.0
4973,0.0
4974,0.00199
4975,0.04142
4976,0.10083
4977,0.08875
4978,0.09648000000000001
4979,0.19732
4980,0.23459
4981,0.54584
4982,0.42392
4983,0.36237
4984,0.17323
4985,0.027600000000000003
4986,0.0
4987,0.0
4988,0.0
4989,0.0
4990,0.0
4991,0.0
4992,0.0
4993,0.0
4994,0.0
4995,0.0
4996,0.0
4997,0.0
4998,0.00189
4999,0.07309
5000,0.13937
5001,0.22926
5002,0.38074
5003,0.5124500000000001
5004,0.48978
5005,0.5442100000000001
5006,0.36547
5007,0.19346000000000002
5008,0.13816
5009,0.048850000000000005
5010,0.0
5011,0.0
5012,0.0
5013,0.0
5014,0.0
5015,0.0
5016,0.0
5017,0.0
5018,0.0
5019,0.0
5020,0.0
5021,0.0
5022,0.00528
5023,0.09011
5024,0.25089
5025,0.34026999999999996
5026,0.32683
5027,0.32815
5028,0.46224
5029,0.36349000000000004
5030,0.31363
5031,0.30469999999999997
5032,0.15369
5033,0.0584
5034,0.0
5035,0.0
5036,0.0
5037,0.0
5038,0.0
5039,0.0
5040,0.0
5041,0.0
5042,0.0
5043,0.0
5044,0.0
5045,0.0
5046,0.00588
5047,0.09006
5048,0.19834000000000002
5049,0.2485
5050,0.24184
5051,0.29933
5052,0.41257
5053,0.35473000000000005
5054,0.26213
5055,0.39083
5056,0.19354
5057,0.04768
5058,0.0
5059,0.0
5060,0.0
5061,0.0
5062,0.0
5063,0.0
5064,0.0
5065,0.0
5066,0.0
5067,0.0
5068,0.0
5069,0.0
5070,0.006900000000000001
5071,0.07292
5072,0.17208
5073,0.3333
5074,0.41052999999999995
5075,0.33497000000000005
5076,0.34188999999999997
5077,0.2973
5078,0.26546
5079,0.17668999999999999
5080,0.13433
5081,0.04215
5082,0.0
5083,0.0
5084,0.0
5085,0.0
5086,0.0
5087,0.0
5088,0.0
5089,0.0
5090,0.0
5091,0.0
5092,0.0
5093,0.0
5094,0.0046500000000000005
5095,0.12426999999999999
5096,0.27882999999999997
5097,0.38432
5098,0.49944
5099,0.5314099999999999
5100,0.5636
5101,0.44106
5102,0.39526999999999995
5103,0.21428
5104,0.13812
5105,0.03676
5106,0.0
5107,0.0
5108,0.0
5109,0.0
5110,0.0
5111,0.0
5112,0.0
5113,0.0
5114,0.0
5115,0.0
5116,0.0
5117,0.0
5118,0.0071600000000000006
5119,0.1077
5120,0.30528
5121,0.42993000000000003
5122,0.5271
5123,0.60219
5124,0.6021299999999999
5125,0.5227
5126,0.49248000000000003
5127,0.38679
5128,0.23467
5129,0.05046
5130,0.0
5131,0.0
5132,0.0
5133,0.0
5134,0.0
5135,0.0
5136,0.0
5137,0.0
5138,0.0
5139,0.0
5140,0.0
5141,0.0
5142,0.0045
5143,0.12167
5144,0.31044
5145,0.43331000000000003
5146,0.49379
5147,0.52864
5148,0.54787
5149,0.52798
5150,0.42931
5151,0.32218
5152,0.15406
5153,0.04418
5154,0.0
5155,0.0
5156,0.0
5157,0.0
5158,0.0
5159,0.0
5160,0.0
5161,0.0
5162,0.0
5163,0.0
5164,0.0
5165,0.0
5166,0.0061200000000000004
5167,0.06143
5168,0.21040999999999999
5169,0.29585
5170,0.4506
5171,0.48721
5172,0.5571900000000001
5173,0.36923
5174,0.34766
5175,0.22444999999999998
5176,0.14727
5177,0.02903
5178,0.0
5179,0.0
5180,0.0
5181,0.0
5182,0.0
5183,0.0
5184,0.0
5185,0.0
5186,0.0
5187,0.0
5188,0.0
5189,0.0
5190,0.011699999999999999
5191,0.11848
5192,0.22572
5193,0.45277
5194,0.5187
5195,0.59001
5196,0.6446799999999999
5197,0.38233999999999996
5198,0.32549
5199,0.26798
5200,0.16297999999999999
5201,0.04819
5202,0.0
5203,0.0
5204,0.0
5205,0.0
5206,0.0
5207,0.0
5208,0.0
5209,0.0
5210,0.0
5211,0.0
5212,0.0
5213,0.0
5214,0.005730000000000001
5215,0.09518
5216,0.20435
5217,0.30227
5218,0.29477
5219,0.36344
5220,0.46141000000000004
5221,0.46038
5222,0.45563
5223,0.30345999999999995
5224,0.20654
5225,0.04646
5226,0.0
5227,0.0
5228,0.0
5229,0.0
5230,0.0
5231,0.0
5232,0.0
5233,0.0
5234,0.0
5235,0.0
5236,0.0
5237,0.0
5238,0.0069299999999999995
5239,0.07204
5240,0.20248
5241,0.32188
5242,0.2787
5243,0.42269
5244,0.5564600000000001
5245,0.44777
5246,0.36023
5247,0.30260000000000004
5248,0.11043
5249,0.018359999999999998
5250,0.0
5251,0.0
5252,0.0
5253,0.0
5254,0.0
5255,0.0
5256,0.0
5257,0.0
5258,0.0
5259,0.0
5260,0.0
5261,0.0
5262,0.00361
5263,0.07562
5264,0.19834000000000002
5265,0.31857
5266,0.49463
5267,0.5680700000000001
5268,0.54272
5269,0.48693000000000003
5270,0.45953
5271,0.31021
5272,0.16278
5273,0.0435
5274,0.0
5275,0.0
5276,0.0
5277,0.0
5278,0.0
5279,0.0
5280,0.0
5281,0.0
5282,0.0
5283,0.0
5284,0.0
5285,0.0
5286,0.00564
5287,0.12833
5288,0.25662
5289,0.36523
5290,0.47936
5291,0.5512
5292,0.48283
5293,0.5854600000000001
5294,0.4569
5295,0.38927
5296,0.143
5297,0.022609999999999998
5298,0.0
5299,0.0
5300,0.0
5301,0.0
5302,0.0
5303,0.0
5304,0.0
5305,0.0
5306,0.0
5307,0.0
5308,0.0
5309,0.0
5310,0.00708
5311,0.14699
5312,0.32616
5313,0.48518
5314,0.5754900000000001
5315,0.6427999999999999
5316,0.6172300000000001
5317,0.5621
5318,0.44964
5319,0.34587
5320,0.19712000000000002
5321,0.04253
5322,0.0
5323,0.0
5324,0.0
5325,0.0
5326,0.0
5327,0.0
5328,0.0
5329,0.0
5330,0.0
5331,0.0
5332,0.0
5333,0.0
5334,0.00906
5335,0.14157
5336,0.31648000000000004
5337,0.39418000000000003
5338,0.58072
5339,0.63383
5340,0.52925
5341,0.59766
5342,0.46475
5343,0.35341
5344,0.22019
5345,0.05043
5346,0.0
5347,0.0
5348,0.0
5349,0.0
5350,0.0
5351,0.0
5352,0.0
5353,0.0
5354,0.0
5355,0.0
5356,0.0
5357,0.0
5358,0.00687
5359,0.08162
5360,0.14626
5361,0.18541999999999997
5362,0.17075
5363,0.18791
5364,0.12766
5365,0.41964999999999997
5366,0.36102
5367,0.25212
5368,0.1556
5369,0.036340000000000004
5370,0.0
5371,0.0
5372,0.0
5373,0.0
5374,0.0
5375,0.0
5376,0.0
5377,0.0
5378,0.0
5379,0.0
5380,0.0
5381,0.0
5382,0.00868
5383,0.12168999999999999
5384,0.21911000000000003
5385,0.34182
5386,0.50977
5387,0.52536
5388,0.5135599999999999
5389,0.53659
5390,0.5240499999999999
5391,0.32914
5392,0.21375999999999998
5393,0.0471
5394,0.0
5395,0.0
5396,0.0
5397,0.0
5398,0.0
5399,0.0
5400,0.0
5401,0.0
5402,0.0
5403,0.0
5404,0.0
5405,0.0
5406,0.01083
5407,0.14558000000000001
5408,0.3365
5409,0.45964
5410,0.57469
5411,0.6095700000000001
5412,0.6267699999999999
5413,0.6035
5414,0.46524
5415,0.35754
5416,0.16506
5417,0.04015
5418,0.0
5419,0.0
5420,0.0
5421,0.0
5422,0.0
5423,0.0
5424,0.0
5425,0.0
5426,0.0
5427,0.0
5428,0.0
5429,0.0
5430,0.00732
5431,0.12830000000000003
5432,0.22041999999999998
5433,0.39116
5434,0.47266
5435,0.5582699999999999
5436,0.57586
5437,0.5644600000000001
5438,0.43893
5439,0.26441000000000003
5440,0.18819
5441,0.052090000000000004
5442,0.0
5443,0.0
5444,0.0
5445,0.0
5446,0.0
5447,0.0
5448,0.0
5449,0.0
5450,0.0
5451,0.0
5452,0.0
5453,0.0
5454,0.010289999999999999
5455,0.14499
5456,0.29289
5457,0.43657999999999997
5458,0.5608200000000001
5459,0.56356
5460,0.5522100000000001
5461,0.56199
5462,0.44803
5463,0.29810000000000003
5464,0.20179
5465,0.03472
5466,0.0
5467,0.0
5468,0.0
5469,0.0
5470,0.0
5471,0.0
5472,0.0
5473,0.0
5474,0.0
5475,0.0
5476,0.0
5477,0.0
5478,0.00509
5479,0.049659999999999996
5480,0.13809
5481,0.14556
5482,0.13532
5483,0.15854
5484,0.15105000000000002
5485,0.31844
5486,0.35875
5487,0.29396
5488,0.16275
5489,0.03507
5490,0.0
5491,0.0
5492,0.0
5493,0.0
5494,0.0
5495,0.0
5496,0.0
5497,0.0
5498,0.0
5499,0.0
5500,0.0
5501,0.0
5502,0.01001
5503,0.1157
5504,0.24034
5505,0.40956
5506,0.43969
5507,0.47797
5508,0.32689
5509,0.58772
5510,0.42601999999999995
5511,0.33252
5512,0.19347999999999999
5513,0.045020000000000004
5514,0.0
5515,0.0
5516,0.0
5517,0.0
5518,0.0
5519,0.0
5520,0.0
5521,0.0
5522,0.0
5523,0.0
5524,0.0
5525,0.0
5526,0.011470000000000001
5527,0.1499
5528,0.34076999999999996
5529,0.50195
5530,0.6174400000000001
5531,0.6255599999999999
5532,0.66451
5533,0.57978
5534,0.49118
5535,0.34645
5536,0.17107
5537,0.04952
5538,0.0
5539,0.0
5540,0.0
5541,0.0
5542,0.0
5543,0.0
5544,0.0
5545,0.0
5546,0.0
5547,0.0
5548,0.0
5549,0.0
5550,0.01244
5551,0.12691
5552,0.34332
5553,0.44706999999999997
5554,0.5255299999999999
5555,0.46222
5556,0.56755
5557,0.62806
5558,0.5254
5559,0.33976
5560,0.15686000000000003
5561,0.01878
5562,0.0
5563,0.0
5564,0.0
5565,0.0
5566,0.0
5567,0.0
5568,0.0
5569,0.0
5570,0.0
5571,0.0
5572,0.0
5573,0.0
5574,0.00181
5575,0.038619999999999995
5576,0.13474
5577,0.31007999999999997
5578,0.42536
5579,0.57809
5580,0.6649299999999999
5581,0.56255
5582,0.46993
5583,0.38887
5584,0.17387
5585,0.04083
5586,0.0
5587,0.0
5588,0.0
5589,0.0
5590,0.0
5591,0.0
5592,0.0
5593,0.0
5594,0.0
5595,0.0
5596,0.0
5597,0.0
5598,0.00266
5599,0.033909999999999996
5600,0.0906
5601,0.17853
5602,0.20451
5603,0.27754
5604,0.38095999999999997
5605,0.47778
5606,0.35666000000000003
5607,0.23283
5608,0.09992
5609,0.033409999999999995
5610,0.0
5611,0.0
5612,0.0
5613,0.0
5614,0.0
5615,0.0
5616,0.0
5617,0.0
5618,0.0
5619,0.0
5620,0.0
5621,0.0
5622,0.012060000000000001
5623,0.12207
5624,0.20765999999999998
5625,0.27467
5626,0.40876
5627,0.40006
5628,0.58048
5629,0.51471
5630,0.47378
5631,0.36716000000000004
5632,0.17927
5633,0.048960000000000004
5634,0.0
5635,0.0
5636,0.0
5637,0.0
5638,0.0
5639,0.0
5640,0.0
5641,0.0
5642,0.0
5643,0.0
5644,0.0
5645,0.0
5646,0.009880000000000002
5647,0.14855000000000002
5648,0.32350999999999996
5649,0.48281999999999997
5650,0.55092
5651,0.60894
5652,0.64071
5653,0.53201
5654,0.49707999999999997
5655,0.36391
5656,0.20206
5657,0.03173
5658,0.0
5659,0.0
5660,0.0
5661,0.0
5662,0.0
5663,0.0
5664,0.0
5665,0.0
5666,0.0
5667,0.0
5668,0.0
5669,0.0
5670,0.01126
5671,0.12093999999999999
5672,0.24409999999999998
5673,0.30782
5674,0.36665
5675,0.49967
5676,0.48120999999999997
5677,0.54038
5678,0.49712
5679,0.42085
5680,0.19695
5681,0.04757
5682,0.0
5683,0.0
5684,0.0
5685,0.0
5686,0.0
5687,0.0
5688,0.0
5689,0.0
5690,0.0
5691,0.0
5692,0.0
5693,0.0
5694,0.01238
5695,0.13985
5696,0.32432
5697,0.49889999999999995
5698,0.50302
5699,0.53962
5700,0.59412
5701,0.50215
5702,0.51424
5703,0.34058
5704,0.17443999999999998
5705,0.03207
5706,0.0
5707,0.0
5708,0.0
5709,0.0
5710,0.0
5711,0.0
5712,0.0
5713,0.0
5714,0.0
5715,0.0
5716,0.0
5717,0.0
5718,0.0019199999999999998
5719,0.00843
5720,0.011519999999999999
5721,0.05332
5722,0.09156
5723,0.08297
5724,0.1438
5725,0.27207
5726,0.24242
5727,0.17605
5728,0.10751000000000001
5729,0.020989999999999998
5730,0.0
5731,0.0
5732,0.0
5733,0.0
5734,0.0
5735,0.0
5736,0.0
5737,0.0
5738,0.0
5739,0.0
5740,0.0
5741,0.0
5742,0.00398
5743,0.07113
5744,0.1625
5745,0.20261
5746,0.20557
5747,0.25731
5748,0.25716
5749,0.47869
5750,0.41483
5751,0.33173
5752,0.18409999999999999
5753,0.038990000000000004
5754,0.0
5755,0.0
5756,0.0
5757,0.0
5758,0.0
5759,0.0
5760,0.0
5761,0.0
5762,0.0
5763,0.0
5764,0.0
5765,0.0
5766,0.01302
5767,0.09648999999999999
5768,0.19967
5769,0.22923
5770,0.3654
5771,0.25489
5772,0.43919
5773,0.5680599999999999
5774,0.49363999999999997
5775,0.37944
5776,0.23808
5777,0.05439
5778,0.0
5779,0.0
5780,0.0
5781,0.0
5782,0.0
5783,0.0
5784,0.0
5785,0.0
5786,0.0
5787,0.0
5788,0.0
5789,0.0
5790,0.018539999999999997
5791,0.14657
5792,0.34292
5793,0.47898
5794,0.5776
5795,0.5770700000000001
5796,0.52113
5797,0.5590499999999999
5798,0.55483
5799,0.37282
5800,0.18175999999999998
5801,0.037700000000000004
5802,0.0
5803,0.0
5804,0.0
5805,0.0
5806,0.0
5807,0.0
5808,0.0
5809,0.0
5810,0.0
5811,0.0
5812,0.0
5813,0.0
5814,0.01479
5815,0.1744
5816,0.36455
5817,0.50836
5818,0.5857
5819,0.61672
5820,0.58362
5821,0.50428
5822,0.42297
5823,0.34932
5824,0.18291
5825,0.04499
5826,0.0
5827,0.0
5828,0.0
5829,0.0
5830,0.0
5831,0.0
5832,0.0
5833,0.0
5834,0.0
5835,0.0
5836,0.0
5837,0.0
5838,0.01467
5839,0.15275999999999998
5840,0.30222000000000004
5841,0.42747
5842,0.50342
5843,0.60964
5844,0.5882200000000001
5845,0.52591
5846,0.42831
5847,0.37627
5848,0.1777
5849,0.041
5850,0.0
5851,0.0
5852,0.0
5853,0.0
5854,0.0
5855,0.0
5856,0.0
5857,0.0
5858,0.0
5859,0.0
5860,0.0
5861,0.0
5862,0.01896
5863,0.16904
5864,0.30229
5865,0.42674
5866,0.46742
5867,0.59837
5868,0.54711
5869,0.55434
5870,0.48552999999999996
5871,0.34282
5872,0.20621
5873,0.03638
5874,0.0
5875,0.0
5876,0.0
5877,0.0
5878,0.0
5879,0.0
5880,0.0
5881,0.0
5882,0.0
5883,0.0
5884,0.0
5885,0.0
5886,0.01584
5887,0.13778
5888,0.33081
5889,0.43989
5890,0.48895
5891,0.50641
5892,0.46846
5893,0.6083500000000001
5894,0.5435
5895,0.41386
5896,0.15380000000000002
5897,0.027219999999999998
5898,0.0
5899,0.0
5900,0.0
5901,0.0
5902,0.0
5903,0.0
5904,0.0
5905,0.0
5906,0.0
5907,0.0
5908,0.0
5909,0.0
5910,0.00188
5911,0.02544
5912,0.13884
5913,0.28619
5914,0.33315
5915,0.34082
5916,0.38943
5917,0.38771
5918,0.2097
5919,0.12365999999999999
5920,0.03705
5921,0.006730000000000001
5922,0.0
5923,0.0
5924,0.0
5925,0.0
5926,0.0
5927,0.0
5928,0.0
5929,0.0
5930,0.0
5931,0.0
5932,0.0
5933,0.0
5934,0.00977
5935,0.09876
5936,0.30115
5937,0.35042
5938,0.5287000000000001
5939,0.59441
5940,0.52512
5941,0.60898
5942,0.43851999999999997
5943,0.31654000000000004
5944,0.19099000000000002
5945,0.038700000000000005
5946,0.0
5947,0.0
5948,0.0
5949,0.0
5950,0.0
5951,0.0
5952,0.0
5953,0.0
5954,0.0
5955,0.0
5956,0.0
5957,0.0
5958,0.00841
5959,0.11394
5960,0.21647
5961,0.34476
5962,0.41217000000000004
5963,0.49862
5964,0.47223000000000004
5965,0.63652
5966,0.48901999999999995
5967,0.41694
5968,0.19783
5969,0.04342
5970,0.0
5971,0.0
5972,0.0
5973,0.0
5974,0.0
5975,0.0
5976,0.0
5977,0.0
5978,0.0
5979,0.0
5980,0.0
5981,0.0
5982,0.0155
5983,0.1243
5984,0.31219
5985,0.45208
5986,0.51524
5987,0.48796
5988,0.5213300000000001
5989,0.38754
5990,0.37301999999999996
5991,0.30344
5992,0.14792
5993,0.03382
5994,0.0
5995,0.0
5996,0.0
5997,0.0
5998,0.0
5999,0.0
6000,0.0
6001,0.0
6002,0.0
6003,0.0
6004,0.0
6005,0.0
6006,0.01196
6007,0.14018
6008,0.25601999999999997
6009,0.43722000000000005
6010,0.59845
6011,0.60458
6012,0.53761
6013,0.57178
6014,0.46522
6015,0.37073
6016,0.20762
6017,0.04871
6018,0.0
6019,0.0
6020,0.0
6021,0.0
6022,0.0
6023,0.0
6024,0.0
6025,0.0
6026,0.0
6027,0.0
6028,0.0
6029,0.0
6030,0.01902
6031,0.16005
6032,0.34128
6033,0.50026
6034,0.59005
6035,0.62787
6036,0.6221599999999999
6037,0.6420399999999999
6038,0.5245599999999999
6039,0.33348
6040,0.19185
6041,0.03188
6042,0.0
6043,0.0
6044,0.0
6045,0.0
6046,0.0
6047,0.0
6048,0.0
6049,0.0
6050,0.0
6051,0.0
6052,0.0
6053,0.0
6054,0.02032
6055,0.19386
6056,0.37935
6057,0.5129900000000001
6058,0.61539
6059,0.64113
6060,0.66934
6061,0.60435
6062,0.55629
6063,0.36861
6064,0.21276
6065,0.03687
6066,0.0
6067,0.0
6068,0.0
6069,0.0
6070,0.0
6071,0.0
6072,0.0
6073,0.0
6074,0.0
6075,0.0
6076,0.0
6077,0.0
6078,0.01357
6079,0.14202
6080,0.31477
6081,0.47011000000000003
6082,0.45903
6083,0.54474
6084,0.5460499999999999
6085,0.56128
6086,0.41173000000000004
6087,0.37427999999999995
6088,0.23734
6089,0.04574
6090,0.0
6091,0.0
6092,0.0
6093,0.0
6094,0.0
6095,0.0
6096,0.0
6097,0.0
6098,0.0
6099,0.0
6100,0.0
6101,0.0
6102,0.02348
6103,0.18058000000000002
6104,0.38356
6105,0.49392
6106,0.60184
6107,0.68143
6108,0.62086
6109,0.63661
6110,0.50345
6111,0.35706
6112,0.21372
6113,0.03619
6114,0.0
6115,0.0
6116,0.0
6117,0.0
6118,0.0
6119,0.0
6120,0.0
6121,0.0
6122,0.0
6123,0.0
6124,0.0
6125,0.0
6126,0.02463
6127,0.19899
6128,0.39776999999999996
6129,0.5106
6130,0.57389
6131,0.6592899999999999
6132,0.6133
6133,0.58962
6134,0.47549
6135,0.37051999999999996
6136,0.19081
6137,0.03847
6138,0.0
6139,0.0
6140,0.0
6141,0.0
6142,0.0
6143,0.0
6144,0.0
6145,0.0
6146,0.0
6147,0.0
6148,0.0
6149,0.0
6150,0.01111
6151,0.038579999999999996
6152,0.1343
6153,0.22862000000000002
6154,0.35316000000000003
6155,0.43389999999999995
6156,0.52054
6157,0.57387
6158,0.45018
6159,0.34884
6160,0.17441
6161,0.03084
6162,0.0
6163,0.0
6164,0.0
6165,0.0
6166,0.0
6167,0.0
6168,0.0
6169,0.0
6170,0.0
6171,0.0
6172,0.0
6173,0.0
6174,0.01644
6175,0.13688999999999998
6176,0.26294
6177,0.39013
6178,0.51758
6179,0.53386
6180,0.46786
6181,0.47302
6182,0.36102
6183,0.19891999999999999
6184,0.0978
6185,0.02655
6186,0.0
6187,0.0
6188,0.0
6189,0.0
6190,0.0
6191,0.0
6192,0.0
6193,0.0
6194,0.0
6195,0.0
6196,0.0
6197,0.0
6198,0.0076
6199,0.09885
6200,0.22065
6201,0.26892
6202,0.45783999999999997
6203,0.66677
6204,0.65165
6205,0.6256900000000001
6206,0.44694
6207,0.40546
6208,0.19626
6209,0.04138
6210,0.0
6211,0.0
6212,0.0
6213,0.0
6214,0.0
6215,0.0
6216,0.0
6217,0.0
6218,0.0
6219,0.0
6220,0.0
6221,0.0
6222,0.02581
6223,0.20055
6224,0.39289999999999997
6225,0.5519400000000001
6226,0.62251
6227,0.6714199999999999
6228,0.62162
6229,0.60539
6230,0.52028
6231,0.38145
6232,0.19137
6233,0.030879999999999998
6234,0.0
6235,0.0
6236,0.0
6237,0.0
6238,0.0
6239,0.0
6240,0.0
6241,0.0
6242,0.0
6243,0.0
6244,0.0
6245,0.0
6246,0.03043
6247,0.18238
6248,0.31745
6249,0.4806
6250,0.55289
6251,0.57345
6252,0.61085
6253,0.57637
6254,0.34628
6255,0.3337
6256,0.16191999999999998
6257,0.03178
6258,0.0
6259,0.0
6260,0.0
6261,0.0
6262,0.0
6263,0.0
6264,0.0
6265,0.0
6266,0.0
6267,0.0
6268,0.0
6269,0.0
6270,0.02734
6271,0.19716999999999998
6272,0.37007999999999996
6273,0.49675
6274,0.59135
6275,0.5808300000000001
6276,0.6267699999999999
6277,0.4638
6278,0.45106
6279,0.39177
6280,0.157
6281,0.02302
6282,0.0
6283,0.0
6284,0.0
6285,0.0
6286,0.0
6287,0.0
6288,0.0
6289,0.0
6290,0.0
6291,0.0
6292,0.0
6293,0.0
6294,0.02625
6295,0.20777
6296,0.39814
6297,0.56796
6298,0.62293
6299,0.65028
6300,0.6501399999999999
6301,0.5985499999999999
6302,0.5073
6303,0.39791000000000004
6304,0.23665
6305,0.03893
6306,0.0
6307,0.0
6308,0.0
6309,0.0
6310,0.0
6311,0.0
6312,0.0
6313,0.0
6314,0.0
6315,0.0
6316,0.0
6317,0.0
6318,0.02564
6319,0.1886
6320,0.33947000000000005
6321,0.45798
6322,0.58638
6323,0.59469
6324,0.6213
6325,0.51412
6326,0.47699
6327,0.3782
6328,0.19116
6329,0.03071
6330,0.0
6331,0.0
6332,0.0
6333,0.0
6334,0.0
6335,0.0
6336,0.0
6337,0.0
6338,0.0
6339,0.0
6340,0.0
6341,0.0
6342,0.02768
6343,0.18422
6344,0.25985
6345,0.3707
6346,0.48506
6347,0.5123
6348,0.5833200000000001
6349,0.6281100000000001
6350,0.51238
6351,0.36679
6352,0.16338999999999998
6353,0.03553
6354,0.0
6355,0.0
6356,0.0
6357,0.0
6358,0.0
6359,0.0
6360,0.0
6361,0.0
6362,0.0
6363,0.0
6364,0.0
6365,0.0
6366,0.02851
6367,0.19457
6368,0.33909
6369,0.49598000000000003
6370,0.5843200000000001
6371,0.63986
6372,0.53606
6373,0.57725
6374,0.47843
6375,0.3301
6376,0.17563
6377,0.02831
6378,0.0
6379,0.0
6380,0.0
6381,0.0
6382,0.0
6383,0.0
6384,0.0
6385,0.0
6386,0.0
6387,0.0
6388,0.0
6389,0.0
6390,0.03535
6391,0.1899
6392,0.36368
6393,0.5394500000000001
6394,0.57609
6395,0.5306900000000001
6396,0.63635
6397,0.63806
6398,0.47817000000000004
6399,0.32802
6400,0.17419
6401,0.02777
6402,0.0
6403,0.0
6404,0.0
6405,0.0
6406,0.0
6407,0.0
6408,0.0
6409,0.0
6410,0.0
6411,0.0
6412,0.0
6413,0.0
6414,0.032490000000000005
6415,0.19403
6416,0.38579
6417,0.51858
6418,0.56201
6419,0.66039
6420,0.59981
6421,0.51532
6422,0.45752
6423,0.31933999999999996
6424,0.18922999999999998
6425,0.03096
6426,0.0
6427,0.0
6428,0.0
6429,0.0
6430,0.0
6431,0.0
6432,0.0
6433,0.0
6434,0.0
6435,0.0
6436,0.0
6437,0.0
6438,0.02327
6439,0.15927000000000002
6440,0.34306
6441,0.42502
6442,0.56979
6443,0.64748
6444,0.58199
6445,0.57205
6446,0.5767899999999999
6447,0.39944999999999997
6448,0.16992
6449,0.0285
6450,0.0
6451,0.0
6452,0.0
6453,0.0
6454,0.0
6455,0.0
6456,0.0
6457,0.0
6458,0.0
6459,0.0
6460,0.0
6461,0.0
6462,0.03427
6463,0.18702000000000002
6464,0.38687
6465,0.54922
6466,0.60624
6467,0.6043200000000001
6468,0.5511699999999999
6469,0.53039
6470,0.5254
6471,0.37231000000000003
6472,0.19459
6473,0.02643
6474,0.0
6475,0.0
6476,0.0
6477,0.0
6478,0.0
6479,0.0
6480,0.0
6481,0.0
6482,0.0
6483,0.0
6484,0.0
6485,0.0
6486,0.03401
6487,0.21445
6488,0.36707999999999996
6489,0.47707
6490,0.58202
6491,0.5815
6492,0.60682
6493,0.5194099999999999
6494,0.48235
6495,0.36574
6496,0.16705
6497,0.02865
6498,0.0
6499,0.0
6500,0.0
6501,0.0
6502,0.0
6503,0.0
6504,0.0
6505,0.0
6506,0.0
6507,0.0
6508,0.0
6509,0.0
6510,0.036520000000000004
6511,0.21256999999999998
6512,0.4013
6513,0.5426599999999999
6514,0.65584
6515,0.67843
6516,0.66846
6517,0.61268
6518,0.5133099999999999
6519,0.3852
6520,0.19178
6521,0.02798
6522,0.0
6523,0.0
6524,0.0
6525,0.0
6526,0.0
6527,0.0
6528,0.0
6529,0.0
6530,0.0
6531,0.0
6532,0.0
6533,0.0
6534,0.030940000000000002
6535,0.1981
6536,0.37137
6537,0.47049
6538,0.63391
6539,0.61695
6540,0.6172799999999999
6541,0.61625
6542,0.42633
6543,0.27864
6544,0.11462
6545,0.01066
6546,0.0
6547,0.0
6548,0.0
6549,0.0
6550,0.0
6551,0.0
6552,0.0
6553,0.0
6554,0.0
6555,0.0
6556,0.0
6557,0.0
6558,0.02675
6559,0.15303
6560,0.38442000000000004
6561,0.50876
6562,0.61979
6563,0.6870700000000001
6564,0.67131
6565,0.59092
6566,0.5242100000000001
6567,0.36728
6568,0.1679
6569,0.024329999999999997
6570,0.0
6571,0.0
6572,0.0
6573,0.0
6574,0.0
6575,0.0
6576,0.0
6577,0.0
6578,0.0
6579,0.0
6580,0.0
6581,0.0
6582,0.02023
6583,0.13663
6584,0.33076
6585,0.44730000000000003
6586,0.56871
6587,0.59323
6588,0.46167
6589,0.59136
6590,0.423
6591,0.35522000000000004
6592,0.14239
6593,0.020030000000000003
6594,0.0
6595,0.0
6596,0.0
6597,0.0
6598,0.0
6599,0.0
6600,0.0
6601,0.0
6602,0.0
6603,0.0
6604,0.0
6605,0.0
6606,0.03165
6607,0.18728
6608,0.35991
6609,0.37707
6610,0.44161
6611,0.59905
6612,0.50602
6613,0.41844
6614,0.31377
6615,0.23061
6616,0.13719
6617,0.015189999999999999
6618,0.0
6619,0.0
6620,0.0
6621,0.0
6622,0.0
6623,0.0
6624,0.0
6625,0.0
6626,0.0
6627,0.0
6628,0.0
6629,0.0
6630,0.038130000000000004
6631,0.17301
6632,0.30052999999999996
6633,0.51781
6634,0.49976
6635,0.60912
6636,0.6660499999999999
6637,0.60089
6638,0.44156
6639,0.30357999999999996
6640,0.16937
6641,0.02034
6642,0.0
6643,0.0
6644,0.0
6645,0.0
6646,0.0
6647,0.0
6648,0.0
6649,0.0
6650,0.0
6651,0.0
6652,0.0
6653,0.0
6654,0.027309999999999997
6655,0.11243
6656,0.2754
6657,0.36113999999999996
6658,0.46395
6659,0.48748
6660,0.39494
6661,0.30411
6662,0.24925999999999998
6663,0.19621
6664,0.044340000000000004
6665,0.00366
6666,0.0
6667,0.0
6668,0.0
6669,0.0
6670,0.0
6671,0.0
6672,0.0
6673,0.0
6674,0.0
6675,0.0
6676,0.0
6677,0.0
6678,0.02871
6679,0.10151
6680,0.2261
6681,0.33807
6682,0.45089
6683,0.5058
6684,0.42097
6685,0.48157
6686,0.41378
6687,0.36804000000000003
6688,0.17465
6689,0.01977
6690,0.0
6691,0.0
6692,0.0
6693,0.0
6694,0.0
6695,0.0
6696,0.0
6697,0.0
6698,0.0
6699,0.0
6700,0.0
6701,0.0
6702,0.04224
6703,0.19119999999999998
6704,0.28168
6705,0.47925
6706,0.53218
6707,0.5428
6708,0.53687
6709,0.52162
6710,0.37389
6711,0.23178
6712,0.11079
6713,0.01329
6714,0.0
6715,0.0
6716,0.0
6717,0.0
6718,0.0
6719,0.0
6720,0.0
6721,0.0
6722,0.0
6723,0.0
6724,0.0
6725,0.0
6726,0.04242
6727,0.18928
6728,0.39926
6729,0.54001
6730,0.57874
6731,0.6295499999999999
6732,0.6005499999999999
6733,0.5797
6734,0.41587999999999997
6735,0.26048000000000004
6736,0.12775
6737,0.01507
6738,0.0
6739,0.0
6740,0.0
6741,0.0
6742,0.0
6743,0.0
6744,0.0
6745,0.0
6746,0.0
6747,0.0
6748,0.0
6749,0.0
6750,0.0212
6751,0.16657
6752,0.36257
6753,0.5258999999999999
6754,0.62834
6755,0.52879
6756,0.5381
6757,0.49613
6758,0.42325
6759,0.24684999999999999
6760,0.13731000000000002
6761,0.01676
6762,0.0
6763,0.0
6764,0.0
6765,0.0
6766,0.0
6767,0.0
6768,0.0
6769,0.0
6770,0.0
6771,0.0
6772,0.0
6773,0.0
6774,0.014539999999999999
6775,0.10959999999999999
6776,0.20354
6777,0.26723
6778,0.44664
6779,0.53854
6780,0.50283
6781,0.40432999999999997
6782,0.29713999999999996
6783,0.24513
6784,0.11597
6785,0.016399999999999998
6786,0.0
6787,0.0
6788,0.0
6789,0.0
6790,0.0
6791,0.0
6792,0.0
6793,0.0
6794,0.0
6795,0.0
6796,0.0
6797,0.0
6798,0.0030600000000000002
6799,0.02393
6800,0.039380000000000005
6801,0.12043999999999999
6802,0.15150999999999998
6803,0.20354
6804,0.31013
6805,0.29319
6806,0.31792000000000004
6807,0.22091999999999998
6808,0.11892
6809,0.01137
6810,0.0
6811,0.0
6812,0.0
6813,0.0
6814,0.0
6815,0.0
6816,0.0
6817,0.0
6818,0.0
6819,0.0
6820,0.0
6821,0.0
6822,0.038700000000000005
6823,0.19758
6824,0.33756
6825,0.50286
6826,0.56079
6827,0.64035
6828,0.53739
6829,0.38977
6830,0.35083
6831,0.35931
6832,0.16384
6833,0.01528
6834,0.0
6835,0.0
6836,0.0
6837,0.0
6838,0.0
6839,0.0
6840,0.0
6841,0.0
6842,0.0
6843,0.0
6844,0.0
6845,0.0
6846,0.037329999999999995
6847,0.14825
6848,0.26833999999999997
6849,0.44151999999999997
6850,0.40782
6851,0.49901999999999996
6852,0.43763
6853,0.45263
6854,0.41381999999999997
6855,0.24656
6856,0.06055
6857,0.00511
6858,0.0
6859,0.0
6860,0.0
6861,0.0
6862,0.0
6863,0.0
6864,0.0
6865,0.0
6866,0.0
6867,0.0
6868,0.0
6869,0.0
6870,0.03407
6871,0.20016
6872,0.35922000000000004
6873,0.42563999999999996
6874,0.4783
6875,0.49538
6876,0.53396
6877,0.5059
6878,0.315
6879,0.26937
6880,0.16138
6881,0.018949999999999998
6882,0.0
6883,0.0
6884,0.0
6885,0.0
6886,0.0
6887,0.0
6888,0.0
6889,0.0
6890,0.0
6891,0.0
6892,0.0
6893,0.0
6894,0.03405
6895,0.18527000000000002
6896,0.35431
6897,0.46914
6898,0.5039399999999999
6899,0.58374
6900,0.52432
6901,0.48414999999999997
6902,0.3398
6903,0.17152
6904,0.07743000000000001
6905,0.00939
6906,0.0
6907,0.0
6908,0.0
6909,0.0
6910,0.0
6911,0.0
6912,0.0
6913,0.0
6914,0.0
6915,0.0
6916,0.0
6917,0.0
6918,0.05073
6919,0.24747999999999998
6920,0.40912
6921,0.54016
6922,0.59564
6923,0.66242
6924,0.59372
6925,0.63218
6926,0.45275
6927,0.26865
6928,0.1177
6929,0.01684
6930,0.0
6931,0.0
6932,0.0
6933,0.0
6934,0.0
6935,0.0
6936,0.0
6937,0.0
6938,0.0
6939,0.0
6940,0.0
6941,0.0
6942,0.05111
6943,0.2489
6944,0.4275
6945,0.59176
6946,0.6759700000000001
6947,0.7054
6948,0.63879
6949,0.63973
6950,0.53767
6951,0.37292000000000003
6952,0.17825
6953,0.01558
6954,0.0
6955,0.0
6956,0.0
6957,0.0
6958,0.0
6959,0.0
6960,0.0
6961,0.0
6962,0.0
6963,0.0
6964,0.0
6965,0.0
6966,0.05086
6967,0.25447
6968,0.43195999999999996
6969,0.54376
6970,0.6631
6971,0.68748
6972,0.65934
6973,0.59223
6974,0.49631000000000003
6975,0.37275
6976,0.21261000000000002
6977,0.023940000000000003
6978,0.0
6979,0.0
6980,0.0
6981,0.0
6982,0.0
6983,0.0
6984,0.0
6985,0.0
6986,0.0
6987,0.0
6988,0.0
6989,0.0
6990,0.04692
6991,0.20216
6992,0.35675999999999997
6993,0.4681
6994,0.56322
6995,0.59921
6996,0.48513999999999996
6997,0.43385
6998,0.34766
6999,0.23273
7000,0.09799
7001,0.01036
7002,0.0
7003,0.0
7004,0.0
7005,0.0
7006,0.0
7007,0.0
7008,0.0
7009,0.0
7010,0.0
7011,0.0
7012,0.0
7013,0.0
7014,0.05
7015,0.21158000000000002
7016,0.34762
7017,0.44231
7018,0.58569
7019,0.60977
7020,0.5386599999999999
7021,0.5997
7022,0.47881
7023,0.284
7024,0.0964
7025,0.00787
7026,0.0
7027,0.0
7028,0.0
7029,0.0
7030,0.0
7031,0.0
7032,0.0
7033,0.0
7034,0.0
7035,0.0
7036,0.0
7037,0.0
7038,0.01568
7039,0.07124
7040,0.1102
7041,0.20992
7042,0.25179
7043,0.32788
7044,0.37138
7045,0.35662
7046,0.38201
7047,0.29513
7048,0.10493999999999999
7049,0.01475
7050,0.0
7051,0.0
7052,0.0
7053,0.0
7054,0.0
7055,0.0
7056,0.0
7057,0.0
7058,0.0
7059,0.0
7060,0.0
7061,0.0
7062,0.03208
7063,0.12546
7064,0.21969
7065,0.26161
7066,0.42776
7067,0.51315
7068,0.49027
7069,0.5132899999999999
7070,0.39149
7071,0.26612
7072,0.14727
7073,0.01524
7074,0.0
7075,0.0
7076,0.0
7077,0.0
7078,0.0
7079,0.0
7080,0.0
7081,0.0
7082,0.0
7083,0.0
7084,0.0
7085,0.0
7086,0.026109999999999998
7087,0.09063
7088,0.18577000000000002
7089,0.26143
7090,0.38129
7091,0.39305
7092,0.44956999999999997
7093,0.26832
7094,0.37679
7095,0.30099000000000004
7096,0.13595
7097,0.0136
7098,0.0
7099,0.0
7100,0.0
7101,0.0
7102,0.0
7103,0.0
7104,0.0
7105,0.0
7106,0.0
7107,0.0
7108,0.0
7109,0.0
7110,0.04598
7111,0.19378
7112,0.35725
7113,0.50129
7114,0.5192100000000001
7115,0.53553
7116,0.52244
7117,0.43354000000000004
7118,0.3593
7119,0.1916
7120,0.08749
7121,0.011349999999999999
7122,0.0
7123,0.0
7124,0.0
7125,0.0
7126,0.0
7127,0.0
7128,0.0
7129,0.0
7130,0.0
7131,0.0
7132,0.0
7133,0.0
7134,0.031010000000000003
7135,0.14453
7136,0.31749
7137,0.37354000000000004
7138,0.28464
7139,0.38889
7140,0.3495
7141,0.22483
7142,0.24051
7143,0.14784999999999998
7144,0.07106
7145,0.00554
7146,0.0
7147,0.0
7148,0.0
7149,0.0
7150,0.0
7151,0.0
7152,0.0
7153,0.0
7154,0.0
7155,0.0
7156,0.0
7157,0.0
7158,0.01625
7159,0.07998000000000001
7160,0.22308
7161,0.34334
7162,0.32527
7163,0.35123000000000004
7164,0.31983
7165,0.42046
7166,0.32395
7167,0.1776
7168,0.055200000000000006
7169,0.0056
7170,0.0
7171,0.0
7172,0.0
7173,0.0
7174,0.0
7175,0.0
7176,0.0
7177,0.0
7178,0.0
7179,0.0
7180,0.0
7181,0.0
7182,0.0048200000000000005
7183,0.02947
7184,0.018609999999999998
7185,0.040119999999999996
7186,0.09770000000000001
7187,0.3242
7188,0.33620999999999995
7189,0.50387
7190,0.42145
7191,0.24345
7192,0.14329
7193,0.011640000000000001
7194,0.0
7195,0.0
7196,0.0
7197,0.0
7198,0.0
7199,0.0
7200,0.0
7201,0.0
7202,0.0
7203,0.0
7204,0.0
7205,0.0
7206,0.05004
7207,0.24104
7208,0.39559
7209,0.52183
7210,0.64718
7211,0.6913400000000001
7212,0.6841
7213,0.6032799999999999
7214,0.53618
7215,0.33746
7216,0.17941
7217,0.01941
7218,0.0
7219,0.0
7220,0.0
7221,0.0
7222,0.0
7223,0.0
7224,0.0
7225,0.0
7226,0.0
7227,0.0
7228,0.0
7229,0.0
7230,0.03890999999999999
7231,0.23324
7232,0.39683999999999997
7233,0.53923
7234,0.6016699999999999
7235,0.61879
7236,0.63863
7237,0.61473
7238,0.43739
7239,0.27995
7240,0.15438
7241,0.01593
7242,0.0
7243,0.0
7244,0.0
7245,0.0
7246,0.0
7247,0.0
7248,0.0
7249,0.0
7250,0.0
7251,0.0
7252,0.0
7253,0.0
7254,0.047009999999999996
7255,0.2076
7256,0.3454
7257,0.49284
7258,0.5714600000000001
7259,0.56464
7260,0.6019500000000001
7261,0.5546
7262,0.45491000000000004
7263,0.36445
7264,0.15512
7265,0.01425
7266,0.0
7267,0.0
7268,0.0
7269,0.0
7270,0.0
7271,0.0
7272,0.0
7273,0.0
7274,0.0
7275,0.0
7276,0.0
7277,0.0
7278,0.03772
7279,0.17146
7280,0.24084999999999998
7281,0.26507
7282,0.38051999999999997
7283,0.39313
7284,0.38452
7285,0.5731799999999999
7286,0.38942
7287,0.27813
7288,0.14758000000000002
7289,0.012060000000000001
7290,0.0
7291,0.0
7292,0.0
7293,0.0
7294,0.0
7295,0.0
7296,0.0
7297,0.0
7298,0.0
7299,0.0
7300,0.0
7301,0.0
7302,0.02019
7303,0.10649
7304,0.17787999999999998
7305,0.33233999999999997
7306,0.3728
7307,0.45339999999999997
7308,0.44118
7309,0.48231
7310,0.38027
7311,0.26723
7312,0.13127
7313,0.01723
7314,0.0
7315,0.0
7316,0.0
7317,0.0
7318,0.0
7319,0.0
7320,0.0
7321,0.0
7322,0.0
7323,0.0
7324,0.0
7325,0.0
7326,0.027170000000000003
7327,0.11803
7328,0.17949
7329,0.20182
7330,0.24972999999999998
7331,0.25334
7332,0.46735000000000004
7333,0.58676
7334,0.47551
7335,0.32445999999999997
7336,0.15363
7337,0.01617
7338,0.0
7339,0.0
7340,0.0
7341,0.0
7342,0.0
7343,0.0
7344,0.0
7345,0.0
7346,0.0
7347,0.0
7348,0.0
7349,0.0
7350,0.04201
7351,0.19715
7352,0.3401
7353,0.52499
7354,0.6080800000000001
7355,0.6510499999999999
7356,0.6566799999999999
7357,0.6536799999999999
7358,0.54799
7359,0.36082
7360,0.16626
7361,0.019559999999999998
7362,0.0
7363,0.0
7364,0.0
7365,0.0
7366,0.0
7367,0.0
7368,0.0
7369,0.0
7370,0.0
7371,0.0
7372,0.0
7373,0.0
7374,0.05072
7375,0.24725999999999998
7376,0.42186
7377,0.5559299999999999
7378,0.62299
7379,0.62882
7380,0.6387999999999999
7381,0.55938
7382,0.43112
7383,0.30276
7384,0.15691
7385,0.01933
7386,0.0
7387,0.0
7388,0.0
7389,0.0
7390,0.0
7391,0.0
7392,0.0
7393,0.0
7394,0.0
7395,0.0
7396,0.0
7397,0.0
7398,0.04015
7399,0.17446
7400,0.32774000000000003
7401,0.49927
7402,0.60773
7403,0.5619
7404,0.50136
7405,0.6118300000000001
7406,0.42258999999999997
7407,0.22897
7408,0.1162
7409,0.013609999999999999
7410,0.0
7411,0.0
7412,0.0
7413,0.0
7414,0.0
7415,0.0
7416,0.0
7417,0.0
7418,0.0
7419,0.0
7420,0.0
7421,0.0
7422,0.04603
7423,0.19301
7424,0.31911
7425,0.43709
7426,0.43407
7427,0.47285000000000005
7428,0.45982999999999996
7429,0.56551
7430,0.43943
7431,0.30371
7432,0.09326999999999999
7433,0.00862
7434,0.0
7435,0.0
7436,0.0
7437,0.0
7438,0.0
7439,0.0
7440,0.0
7441,0.0
7442,0.0
7443,0.0
7444,0.0
7445,0.0
7446,0.02238
7447,0.10729000000000001
7448,0.19146000000000002
7449,0.30577
7450,0.43077
7451,0.38366
7452,0.40002
7453,0.417
7454,0.34682999999999997
7455,0.24949000000000002
7456,0.07837999999999999
7457,0.0077599999999999995
7458,0.0
7459,0.0
7460,0.0
7461,0.0
7462,0.0
7463,0.0
7464,0.0
7465,0.0
7466,0.0
7467,0.0
7468,0.0
7469,0.0
7470,0.03146
7471,0.108
7472,0.28423000000000004
7473,0.31841
7474,0.38925
7475,0.497
7476,0.47643
7477,0.45144
7478,0.36615
7479,0.22426
7480,0.07797
7481,0.00483
7482,0.0
7483,0.0
7484,0.0
7485,0.0
7486,0.0
7487,0.0
7488,0.0
7489,0.0
7490,0.0
7491,0.0
7492,0.0
7493,0.0
7494,0.03438
7495,0.13674
7496,0.23757
7497,0.31488
7498,0.49257999999999996
7499,0.50226
7500,0.44397000000000003
7501,0.49266000000000004
7502,0.31962999999999997
7503,0.24312
7504,0.13090000000000002
7505,0.01081
7506,0.0
7507,0.0
7508,0.0
7509,0.0
7510,0.0
7511,0.0
7512,0.0
7513,0.0
7514,0.0
7515,0.0
7516,0.0
7517,0.0
7518,0.04061
7519,0.20675
7520,0.37793
7521,0.48325
7522,0.63114
7523,0.66912
7524,0.60788
7525,0.52108
7526,0.35247
7527,0.27494999999999997
7528,0.11892
7529,0.01416
7530,0.0
7531,0.0
7532,0.0
7533,0.0
7534,0.0
7535,0.0
7536,0.0
7537,0.0
7538,0.0
7539,0.0
7540,0.0
7541,0.0
7542,0.03518
7543,0.18014
7544,0.34291000000000005
7545,0.44977
7546,0.44018999999999997
7547,0.401
7548,0.37295999999999996
7549,0.48260000000000003
7550,0.44949
7551,0.28642
7552,0.09928000000000001
7553,0.0050999999999999995
7554,0.0
7555,0.0
7556,0.0
7557,0.0
7558,0.0
7559,0.0
7560,0.0
7561,0.0
7562,0.0
7563,0.0
7564,0.0
7565,0.0
7566,0.03639
7567,0.18055000000000002
7568,0.35355000000000003
7569,0.39097000000000004
7570,0.44315
7571,0.55569
7572,0.54051
7573,0.53273
7574,0.46837
7575,0.26088
7576,0.08996
7577,0.00884
7578,0.0
7579,0.0
7580,0.0
7581,0.0
7582,0.0
7583,0.0
7584,0.0
7585,0.0
7586,0.0
7587,0.0
7588,0.0
7589,0.0
7590,0.047799999999999995
7591,0.22299000000000002
7592,0.37617
7593,0.5441699999999999
7594,0.61891
7595,0.64471
7596,0.64478
7597,0.5885
7598,0.47599
7599,0.29808
7600,0.12059
7601,0.01211
7602,0.0
7603,0.0
7604,0.0
7605,0.0
7606,0.0
7607,0.0
7608,0.0
7609,0.0
7610,0.0
7611,0.0
7612,0.0
7613,0.0
7614,0.04604
7615,0.22546000000000002
7616,0.37805
7617,0.47419
7618,0.57766
7619,0.60387
7620,0.59664
7621,0.5082300000000001
7622,0.45638999999999996
7623,0.37028
7624,0.19093000000000002
7625,0.022879999999999998
7626,0.0
7627,0.0
7628,0.0
7629,0.0
7630,0.0
7631,0.0
7632,0.0
7633,0.0
7634,0.0
7635,0.0
7636,0.0
7637,0.0
7638,0.045869999999999994
7639,0.20365
7640,0.37974
7641,0.541
7642,0.48528
7643,0.5657300000000001
7644,0.5169600000000001
7645,0.52879
7646,0.3973
7647,0.31686000000000003
7648,0.13593
7649,0.01643
7650,0.0
7651,0.0
7652,0.0
7653,0.0
7654,0.0
7655,0.0
7656,0.0
7657,0.0
7658,0.0
7659,0.0
7660,0.0
7661,0.0
7662,0.02536
7663,0.14289
7664,0.15991
7665,0.28437
7666,0.40282
7667,0.51738
7668,0.58047
7669,0.4772
7670,0.34243
7671,0.19158
7672,0.09303
7673,0.01021
7674,0.0
7675,0.0
7676,0.0
7677,0.0
7678,0.0
7679,0.0
7680,0.0
7681,0.0
7682,0.0
7683,0.0
7684,0.0
7685,0.0
7686,0.02962
7687,0.122
7688,0.19415000000000002
7689,0.31693
7690,0.42995
7691,0.46159
7692,0.36299000000000003
7693,0.42298
7694,0.28891
7695,0.20527
7696,0.09906999999999999
7697,0.00883
7698,0.0
7699,0.0
7700,0.0
7701,0.0
7702,0.0
7703,0.0
7704,0.0
7705,0.0
7706,0.0
7707,0.0
7708,0.0
7709,0.0
7710,0.02954
7711,0.14622
7712,0.30218
7713,0.39748
7714,0.48347
7715,0.46543
7716,0.56996
7717,0.49463999999999997
7718,0.36125999999999997
7719,0.29275999999999996
7720,0.12240000000000001
7721,0.013560000000000001
7722,0.0
7723,0.0
7724,0.0
7725,0.0
7726,0.0
7727,0.0
7728,0.0
7729,0.0
7730,0.0
7731,0.0
7732,0.0
7733,0.0
7734,0.02305
7735,0.09568
7736,0.20167
7737,0.28474
7738,0.3968
7739,0.48567
7740,0.55955
7741,0.6255
7742,0.50699
7743,0.37255
7744,0.15372999999999998
7745,0.01893
7746,0.0
7747,0.0
7748,0.0
7749,0.0
7750,0.0
7751,0.0
7752,0.0
7753,0.0
7754,0.0
7755,0.0
7756,0.0
7757,0.0
7758,0.01554
7759,0.05398
7760,0.09204000000000001
7761,0.18197
7762,0.23091
7763,0.30657999999999996
7764,0.40087
7765,0.33675
7766,0.26083
7767,0.18284999999999998
7768,0.07114
7769,0.004860000000000001
7770,0.0
7771,0.0
7772,0.0
7773,0.0
7774,0.0
7775,0.0
7776,0.0
7777,0.0
7778,0.0
7779,0.0
7780,0.0
7781,0.0
7782,0.017410000000000002
7783,0.10842
7784,0.19681
7785,0.24872999999999998
7786,0.35723
7787,0.44274
7788,0.33096
7789,0.28251
7790,0.279
7791,0.18203999999999998
7792,0.05891
7793,0.00877
7794,0.0
7795,0.0
7796,0.0
7797,0.0
7798,0.0
7799,0.0
7800,0.0
7801,0.0
7802,0.0
7803,0.0
7804,0.0
7805,0.0
7806,0.04254
7807,0.19621
7808,0.31918
7809,0.39927999999999997
7810,0.50637
7811,0.54572
7812,0.39876
7813,0.46234
7814,0.3421
7815,0.20937
7816,0.13718
7817,0.00684
7818,0.0
7819,0.0
7820,0.0
7821,0.0
7822,0.0
7823,0.0
7824,0.0
7825,0.0
7826,0.0
7827,0.0
7828,0.0
7829,0.0
7830,0.04444
7831,0.21480000000000002
7832,0.30813999999999997
7833,0.45367
7834,0.53492
7835,0.5406799999999999
7836,0.52975
7837,0.30505
7838,0.25868
7839,0.2291
7840,0.12001
7841,0.00871
7842,0.0
7843,0.0
7844,0.0
7845,0.0
7846,0.0
7847,0.0
7848,0.0
7849,0.0
7850,0.0
7851,0.0
7852,0.0
7853,0.0
7854,0.03875
7855,0.16746
7856,0.29689
7857,0.39609
7858,0.48921
7859,0.6276799999999999
7860,0.61495
7861,0.46532
7862,0.41842
7863,0.24214
7864,0.10775
7865,0.01323
7866,0.0
7867,0.0
7868,0.0
7869,0.0
7870,0.0
7871,0.0
7872,0.0
7873,0.0
7874,0.0
7875,0.0
7876,0.0
7877,0.0
7878,0.039619999999999995
7879,0.19071000000000002
7880,0.27687
7881,0.44766
7882,0.51069
7883,0.50339
7884,0.63658
7885,0.39032
7886,0.31167
7887,0.25143
7888,0.10637
7889,0.01055
7890,0.0
7891,0.0
7892,0.0
7893,0.0
7894,0.0
7895,0.0
7896,0.0
7897,0.0
7898,0.0
7899,0.0
7900,0.0
7901,0.0
7902,0.030690000000000002
7903,0.12390000000000001
7904,0.23766
7905,0.35901
7906,0.35286
7907,0.45566
7908,0.44982
7909,0.40478
7910,0.32964
7911,0.28968
7912,0.1347
7913,0.01382
7914,0.0
7915,0.0
7916,0.0
7917,0.0
7918,0.0
7919,0.0
7920,0.0
7921,0.0
7922,0.0
7923,0.0
7924,0.0
7925,0.0
7926,0.02674
7927,0.08084999999999999
7928,0.21659
7929,0.31942000000000004
7930,0.45988
7931,0.47952999999999996
7932,0.53606
7933,0.4766
7934,0.38637
7935,0.24955000000000002
7936,0.13405
7937,0.01591
7938,0.0
7939,0.0
7940,0.0
7941,0.0
7942,0.0
7943,0.0
7944,0.0
7945,0.0
7946,0.0
7947,0.0
7948,0.0
7949,0.0
7950,0.039060000000000004
7951,0.1754
7952,0.31782
7953,0.45775
7954,0.57257
7955,0.63677
7956,0.60019
7957,0.40864999999999996
7958,0.29911
7959,0.2816
7960,0.10516
7961,0.01244
7962,0.0
7963,0.0
7964,0.0
7965,0.0
7966,0.0
7967,0.0
7968,0.0
7969,0.0
7970,0.0
7971,0.0
7972,0.0
7973,0.0
7974,0.03486
7975,0.19379
7976,0.36889
7977,0.52838
7978,0.55521
7979,0.5042099999999999
7980,0.55092
7981,0.5462899999999999
7982,0.39188
7983,0.35442
7984,0.17558
7985,0.023489999999999997
7986,0.0
7987,0.0
7988,0.0
7989,0.0
7990,0.0
7991,0.0
7992,0.0
7993,0.0
7994,0.0
7995,0.0
7996,0.0
7997,0.0
7998,0.03424
7999,0.16436
8000,0.33583999999999997
8001,0.38462999999999997
8002,0.47662
8003,0.5680499999999999
8004,0.51534
8005,0.4742
8006,0.37633999999999995
8007,0.21506
8008,0.11915
8009,0.0165
8010,0.0
8011,0.0
8012,0.0
8013,0.0
8014,0.0
8015,0.0
8016,0.0
8017,0.0
8018,0.0
8019,0.0
8020,0.0
8021,0.0
8022,0.0303
8023,0.16523
8024,0.34681
8025,0.43613
8026,0.53879
8027,0.56111
8028,0.5550499999999999
8029,0.59376
8030,0.44211
8031,0.30049000000000003
8032,0.16031
8033,0.01749
8034,0.0
8035,0.0
8036,0.0
8037,0.0
8038,0.0
8039,0.0
8040,0.0
8041,0.0
8042,0.0
8043,0.0
8044,0.0
8045,0.0
8046,0.038799999999999994
8047,0.20068
8048,0.34643999999999997
8049,0.49339999999999995
8050,0.59742
8051,0.5831799999999999
8052,0.59617
8053,0.5737300000000001
8054,0.47107
8055,0.28752
8056,0.15003999999999998
8057,0.02114
8058,0.0
8059,0.0
8060,0.0
8061,0.0
8062,0.0
8063,0.0
8064,0.0
8065,0.0
8066,0.0
8067,0.0
8068,0.0
8069,0.0
8070,0.02608
8071,0.18813
8072,0.36584
8073,0.43036
8074,0.5139400000000001
8075,0.61145
8076,0.61939
8077,0.46736
8078,0.44076
8079,0.33661
8080,0.16675
8081,0.02729
8082,0.0
8083,0.0
8084,0.0
8085,0.0
8086,0.0
8087,0.0
8088,0.0
8089,0.0
8090,0.0
8091,0.0
8092,0.0
8093,0.0
8094,0.032119999999999996
8095,0.17762999999999998
8096,0.35688
8097,0.47257
8098,0.61593
8099,0.6222300000000001
8100,0.62489
8101,0.55134
8102,0.42638
8103,0.32535000000000003
8104,0.17451
8105,0.027870000000000002
8106,0.0
8107,0.0
8108,0.0
8109,0.0
8110,0.0
8111,0.0
8112,0.0
8113,0.0
8114,0.0
8115,0.0
8116,0.0
8117,0.0
8118,0.030260000000000002
8119,0.16643
8120,0.37557
8121,0.49845999999999996
8122,0.60819
8123,0.64334
8124,0.58326
8125,0.47061000000000003
8126,0.42471
8127,0.34655
8128,0.16759000000000002
8129,0.022010000000000002
8130,0.0
8131,0.0
8132,0.0
8133,0.0
8134,0.0
8135,0.0
8136,0.0
8137,0.0
8138,0.0
8139,0.0
8140,0.0
8141,0.0
8142,0.023780000000000003
8143,0.15099
8144,0.25585
8145,0.40318
8146,0.49687
8147,0.6028300000000001
8148,0.57078
8149,0.51035
8150,0.37768
8151,0.28795
8152,0.12661
8153,0.01808
8154,0.0
8155,0.0
8156,0.0
8157,0.0
8158,0.0
8159,0.0
8160,0.0
8161,0.0
8162,0.0
8163,0.0
8164,0.0
8165,0.0
8166,0.02194
8167,0.14816
8168,0.32269
8169,0.46466
8170,0.5787
8171,0.67915
8172,0.6215
8173,0.5870700000000001
8174,0.51548
8175,0.38704
8176,0.20439
8177,0.03043
8178,0.0
8179,0.0
8180,0.0
8181,0.0
8182,0.0
8183,0.0
8184,0.0
8185,0.0
8186,0.0
8187,0.0
8188,0.0
8189,0.0
8190,0.01525
8191,0.09132
8192,0.22803
8193,0.36872000000000005
8194,0.5744400000000001
8195,0.5480499999999999
8196,0.60903
8197,0.5252100000000001
8198,0.37294
8199,0.29398
8200,0.19111
8201,0.02779
8202,0.0
8203,0.0
8204,0.0
8205,0.0
8206,0.0
8207,0.0
8208,0.0
8209,0.0
8210,0.0
8211,0.0
8212,0.0
8213,0.0
8214,0.02786
8215,0.18871000000000002
8216,0.37369
8217,0.524
8218,0.5598200000000001
8219,0.51835
8220,0.5366299999999999
8221,0.50864
8222,0.44433
8223,0.33408
8224,0.15772999999999998
8225,0.031149999999999997
8226,0.0
8227,0.0
8228,0.0
8229,0.0
8230,0.0
8231,0.0
8232,0.0
8233,0.0
8234,0.0
8235,0.0
8236,0.0
8237,0.0
8238,0.01866
8239,0.12096
8240,0.25677999999999995
8241,0.44913
8242,0.50255
8243,0.5872200000000001
8244,0.51824
8245,0.48899000000000004
8246,0.49975
8247,0.36225
8248,0.19511
8249,0.03616
8250,0.0
8251,0.0
8252,0.0
8253,0.0
8254,0.0
8255,0.0
8256,0.0
8257,0.0
8258,0.0
8259,0.0
8260,0.0
8261,0.0
8262,0.00492
8263,0.0722
8264,0.16161
8265,0.38791000000000003
8266,0.40214999999999995
8267,0.37104000000000004
8268,0.24843
8269,0.24959
8270,0.15222
8271,0.08988
8272,0.09923
8273,0.016460000000000002
8274,0.0
8275,0.0
8276,0.0
8277,0.0
8278,0.0
8279,0.0
8280,0.0
8281,0.0
8282,0.0
8283,0.0
8284,0.0
8285,0.0
8286,0.02175
8287,0.12902000000000002
8288,0.19569
8289,0.24880000000000002
8290,0.30307999999999996
8291,0.44849
8292,0.54495
8293,0.51723
8294,0.42602999999999996
8295,0.2236
8296,0.148
8297,0.02497
8298,0.0
8299,0.0
8300,0.0
8301,0.0
8302,0.0
8303,0.0
8304,0.0
8305,0.0
8306,0.0
8307,0.0
8308,0.0
8309,0.0
8310,0.018269999999999998
8311,0.10003000000000001
8312,0.1598
8313,0.16438999999999998
8314,0.31451
8315,0.34955
8316,0.37988
8317,0.36788
8318,0.25017
8319,0.2861
8320,0.09713
8321,0.0046500000000000005
8322,0.0
8323,0.0
8324,0.0
8325,0.0
8326,0.0
8327,0.0
8328,0.0
8329,0.0
8330,0.0
8331,0.0
8332,0.0
8333,0.0
8334,0.0121
8335,0.05267
8336,0.12257
8337,0.18037
8338,0.20254
8339,0.35216000000000003
8340,0.37833
8341,0.33952
8342,0.40886
8343,0.29352
8344,0.15863999999999998
8345,0.024460000000000003
8346,0.0
8347,0.0
8348,0.0
8349,0.0
8350,0.0
8351,0.0
8352,0.0
8353,0.0
8354,0.0
8355,0.0
8356,0.0
8357,0.0
8358,0.01873
8359,0.13953
8360,0.27629000000000004
8361,0.41054
8362,0.56304
8363,0.57728
8364,0.52607
8365,0.61886
8366,0.5123300000000001
8367,0.37418
8368,0.20031000000000002
8369,0.046380000000000005
8370,0.0
8371,0.0
8372,0.0
8373,0.0
8374,0.0
8375,0.0
8376,0.0
8377,0.0
8378,0.0
8379,0.0
8380,0.0
8381,0.0
8382,0.024149999999999998
8383,0.18231
8384,0.37111
8385,0.52267
8386,0.5928
8387,0.62538
8388,0.61291
8389,0.52751
8390,0.41827
8391,0.31059
8392,0.18447999999999998
8393,0.0361
8394,0.0
8395,0.0
8396,0.0
8397,0.0
8398,0.0
8399,0.0
8400,0.0
8401,0.0
8402,0.0
8403,0.0
8404,0.0
8405,0.0
8406,0.02391
8407,0.17524
8408,0.37262
8409,0.51664
8410,0.5727899999999999
8411,0.67131
8412,0.6311599999999999
8413,0.54616
8414,0.41552999999999995
8415,0.33896
8416,0.19044999999999998
8417,0.038060000000000004
8418,0.0
8419,0.0
8420,0.0
8421,0.0
8422,0.0
8423,0.0
8424,0.0
8425,0.0
8426,0.0
8427,0.0
8428,0.0
8429,0.0
8430,0.01425
8431,0.14168
8432,0.2843
8433,0.26425
8434,0.31771
8435,0.39923000000000003
8436,0.38285
8437,0.43953
8438,0.27055
8439,0.28087
8440,0.16308
8441,0.0399
8442,0.0
8443,0.0
8444,0.0
8445,0.0
8446,0.0
8447,0.0
8448,0.0
8449,0.0
8450,0.0
8451,0.0
8452,0.0
8453,0.0
8454,0.012539999999999999
8455,0.11518
8456,0.25525
8457,0.4153
8458,0.44236000000000003
8459,0.39071
8460,0.55172
8461,0.58126
8462,0.5014
8463,0.363
8464,0.16554
8465,0.040979999999999996
8466,0.0
8467,0.0
8468,0.0
8469,0.0
8470,0.0
8471,0.0
8472,0.0
8473,0.0
8474,0.0
8475,0.0
8476,0.0
8477,0.0
8478,0.01601
8479,0.16397
8480,0.34752999999999995
8481,0.46506000000000003
8482,0.5494199999999999
8483,0.6025900000000001
8484,0.5965199999999999
8485,0.54634
8486,0.46970999999999996
8487,0.39588
8488,0.18074
8489,0.04548
8490,0.0
8491,0.0
8492,0.0
8493,0.0
8494,0.0
8495,0.0
8496,0.0
8497,0.0
8498,0.0
8499,0.0
8500,0.0
8501,0.0
8502,0.01609
8503,0.15188
8504,0.26129
8505,0.3451
8506,0.49281
8507,0.64511
8508,0.47455
8509,0.46544
8510,0.44433999999999996
8511,0.27142
8512,0.11159000000000001
8513,0.01663
8514,0.0
8515,0.0
8516,0.0
8517,0.0
8518,0.0
8519,0.0
8520,0.0
8521,0.0
8522,0.0
8523,0.0
8524,0.0
8525,0.0
8526,0.01058
8527,0.09115000000000001
8528,0.25839999999999996
8529,0.34612
8530,0.55829
8531,0.53938
8532,0.6143500000000001
8533,0.51615
8534,0.42875
8535,0.35628
8536,0.20663
8537,0.04107
8538,0.0
8539,0.0
8540,0.0
8541,0.0
8542,0.0
8543,0.0
8544,0.0
8545,0.0
8546,0.0
8547,0.0
8548,0.0
8549,0.0
8550,0.01804
8551,0.16419999999999998
8552,0.34811000000000003
8553,0.5086700000000001
8554,0.54718
8555,0.6198400000000001
8556,0.57866
8557,0.44686000000000003
8558,0.40608
8559,0.31209
8560,0.19735
8561,0.04962
8562,0.0
8563,0.0
8564,0.0
8565,0.0
8566,0.0
8567,0.0
8568,0.0
8569,0.0
8570,0.0
8571,0.0
8572,0.0
8573,0.0
8574,0.00335
8575,0.03221
8576,0.16159
8577,0.26313
8578,0.45968000000000003
8579,0.59334
8580,0.60038
8581,0.5584600000000001
8582,0.4111
8583,0.27679000000000004
8584,0.14425
8585,0.03531
8586,0.0
8587,0.0
8588,0.0
8589,0.0
8590,0.0
8591,0.0
8592,0.0
8593,0.0
8594,0.0
8595,0.0
8596,0.0
8597,0.0
8598,0.00455
8599,0.061340000000000006
8600,0.16029
8601,0.3267
8602,0.46486
8603,0.5485399999999999
8604,0.58298
8605,0.5438099999999999
8606,0.35852999999999996
8607,0.2738
8608,0.18871000000000002
8609,0.04908
8610,0.0
8611,0.0
8612,0.0
8613,0.0
8614,0.0
8615,0.0
8616,0.0
8617,0.0
8618,0.0
8619,0.0
8620,0.0
8621,0.0
8622,0.01255
8623,0.15006999999999998
8624,0.31307
8625,0.44049
8626,0.5533899999999999
8627,0.5711
8628,0.61607
8629,0.33738
8630,0.37009
8631,0.30251999999999996
8632,0.17942
8633,0.04635
8634,0.0
8635,0.0
8636,0.0
8637,0.0
8638,0.0
8639,0.0
8640,0.0
8641,0.0
8642,0.0
8643,0.0
8644,0.0
8645,0.0
8646,0.00749
8647,0.10872
8648,0.26729
8649,0.38985000000000003
8650,0.46674
8651,0.5764900000000001
8652,0.6061599999999999
8653,0.5953999999999999
8654,0.46531
8655,0.31707
8656,0.14901
8657,0.04345
8658,0.0
8659,0.0
8660,0.0
8661,0.0
8662,0.0
8663,0.0
8664,0.0
8665,0.0
8666,0.0
8667,0.0
8668,0.0
8669,0.0
8670,0.01248
8671,0.14549
8672,0.30138
8673,0.49367
8674,0.6087
8675,0.62451
8676,0.6820700000000001
8677,0.56865
8678,0.5066
8679,0.358
8680,0.22422999999999998
8681,0.05689
8682,0.0
8683,0.0
8684,0.0
8685,0.0
8686,0.0
8687,0.0
8688,0.0
8689,0.0
8690,0.0
8691,0.0
8692,0.0
8693,0.0
8694,0.01016
8695,0.17153
8696,0.3392
8697,0.43218
8698,0.58841
8699,0.6548099999999999
8700,0.66479
8701,0.6135499999999999
8702,0.5178400000000001
8703,0.32573
8704,0.19252
8705,0.04353
8706,0.0
8707,0.0
8708,0.0
8709,0.0
8710,0.0
8711,0.0
8712,0.0
8713,0.0
8714,0.0
8715,0.0
8716,0.0
8717,0.0
8718,0.010369999999999999
8719,0.16509000000000001
8720,0.33421
8721,0.50741
8722,0.61626
8723,0.6800900000000001
8724,0.66828
8725,0.60221
8726,0.56004
8727,0.41052
8728,0.22205000000000003
8729,0.05046
8730,0.0
8731,0.0
8732,0.0
8733,0.0
8734,0.0
8735,0.0
8736,0.0
8737,0.0
8738,0.0
8739,0.0
8740,0.0
8741,0.0
8742,0.00893
8743,0.10294
8744,0.23798
8745,0.39183999999999997
8746,0.44758
8747,0.6453
8748,0.6366499999999999
8749,0.5847100000000001
8750,0.5121100000000001
8751,0.44711
8752,0.25375
8753,0.28807
8754,0.0
8755,0.0
8756,0.0
8757,0.0
8758,0.0
8759,0.0
