,pv_per_unit
0,0.0
1,0.0
2,0.0
3,0.0
4,0.0
5,0.0
6,0.06776
7,0.29156
8,0.48037
9,0.6152799999999999
10,0.71468
11,0.75739
12,0.7467699999999999
13,0.69113
14,0.58857
15,0.42722000000000004
16,0.21634
17,0.0076500000000000005
18,0.0
19,0.0
20,0.0
21,0.0
22,0.0
23,0.0
24,0.0
25,0.0
26,0.0
27,0.0
28,0.0
29,0.0
30,0.0583
31,0.28901
32,0.47122
33,0.61925
34,0.7127
35,0.7480800000000001
36,0.73976
37,0.68311
38,0.5717000000000001
39,0.42075999999999997
40,0.21142
41,0.00857
42,0.0
43,0.0
44,0.0
45,0.0
46,0.0
47,0.0
48,0.0
49,0.0
50,0.0
51,0.0
52,0.0
53,0.0
54,0.054310000000000004
55,0.27635000000000004
56,0.47625
57,0.61509
58,0.70943
59,0.75006
60,0.7383200000000001
61,0.6820700000000001
62,0.5789500000000001
63,0.42435
64,0.22113
65,0.00817
66,0.0
67,0.0
68,0.0
69,0.0
70,0.0
71,0.0
72,0.0
73,0.0
74,0.0
75,0.0
76,0.0
77,0.0
78,0.05632
79,0.29052999999999995
80,0.47923000000000004
81,0.60884
82,0.7034
83,0.74029
84,0.73098
85,0.6768200000000001
86,0.57625
87,0.42385
88,0.22096000000000002
89,0.008150000000000001
90,0.0
91,0.0
92,0.0
93,0.0
94,0.0
95,0.0
96,0.0
97,0.0
98,0.0
99,0.0
100,0.0
101,0.0
102,0.05249
103,0.2754
104,0.46457
105,0.5874400000000001
106,0.67671
107,0.7195499999999999
108,0.6910299999999999
109,0.65198
110,0.55444
111,0.40214999999999995
112,0.21647999999999998
113,0.00835
114,0.0
115,0.0
116,0.0
117,0.0
118,0.0
119,0.0
120,0.0
121,0.0
122,0.0
123,0.0
124,0.0
125,0.0
126,0.03605
127,0.23547
128,0.41936
129,0.55669
130,0.66788
131,0.7300099999999999
132,0.722
133,0.6610199999999999
134,0.54975
135,0.40498
136,0.20965
137,0.024480000000000002
138,0.0
139,0.0
140,0.0
141,0.0
142,0.0
143,0.0
144,0.0
145,0.0
146,0.0
147,0.0
148,0.0
149,0.0
150,0.022940000000000002
151,0.15330000000000002
152,0.28593
153,0.30311
154,0.38035
155,0.49624
156,0.54836
157,0.58472
158,0.50585
159,0.37316000000000005
160,0.19521
161,0.023260000000000003
162,0.0
163,0.0
164,0.0
165,0.0
166,0.0
167,0.0
168,0.0
169,0.0
170,0.0
171,0.0
172,0.0
173,0.0
174,0.03228
175,0.21813
176,0.39083999999999997
177,0.52087
178,0.55845
179,0.57186
180,0.58362
181,0.6129199999999999
182,0.45515
183,0.37733999999999995
184,0.17235
185,0.01814
186,0.0
187,0.0
188,0.0
189,0.0
190,0.0
191,0.0
192,0.0
193,0.0
194,0.0
195,0.0
196,0.0
197,0.0
198,0.038020000000000005
199,0.21253
200,0.41989
201,0.48357
202,0.6577000000000001
203,0.69645
204,0.7062200000000001
205,0.64535
206,0.5424800000000001
207,0.38968
208,0.21411000000000002
209,0.02296
210,0.0
211,0.0
212,0.0
213,0.0
214,0.0
215,0.0
216,0.0
217,0.0
218,0.0
219,0.0
220,0.0
221,0.0
222,0.03872
223,0.22125999999999998
224,0.40797000000000005
225,0.56832
226,0.65619
227,0.7200700000000001
228,0.69009
229,0.6100399999999999
230,0.5583400000000001
231,0.40811000000000003
232,0.19346000000000002
233,0.03228
234,0.0
235,0.0
236,0.0
237,0.0
238,0.0
239,0.0
240,0.0
241,0.0
242,0.0
243,0.0
244,0.0
245,0.0
246,0.03169
247,0.21815
248,0.36118
249,0.54228
250,0.62033
251,0.7309
252,0.70927
253,0.65642
254,0.56964
255,0.40516
256,0.22401
257,0.035
258,0.0
259,0.0
260,0.0
261,0.0
262,0.0
263,0.0
264,0.0
265,0.0
266,0.0
267,0.0
268,0.0
269,0.0
270,0.03907
271,0.22269
272,0.43510000000000004
273,0.59263
274,0.6940299999999999
275,0.73822
276,0.7425700000000001
277,0.67928
278,0.5880599999999999
279,0.42686
280,0.22853
281,0.03543
282,0.0
283,0.0
284,0.0
285,0.0
286,0.0
287,0.0
288,0.0
289,0.0
290,0.0
291,0.0
292,0.0
293,0.0
294,0.04122
295,0.24931999999999999
296,0.43931
297,0.56129
298,0.69438
299,0.71933
300,0.7166399999999999
301,0.6678999999999999
302,0.5760599999999999
303,0.433
304,0.23172
305,0.03719
306,0.0
307,0.0
308,0.0
309,0.0
310,0.0
311,0.0
312,0.0
313,0.0
314,0.0
315,0.0
316,0.0
317,0.0
318,0.04246
319,0.26247000000000004
320,0.4527
321,0.59127
322,0.68913
323,0.7347899999999999
324,0.73209
325,0.6627799999999999
326,0.55959
327,0.41052
328,0.23188
329,0.03631
330,0.0
331,0.0
332,0.0
333,0.0
334,0.0
335,0.0
336,0.0
337,0.0
338,0.0
339,0.0
340,0.0
341,0.0
342,0.03245
343,0.2445
344,0.41597
345,0.5561799999999999
346,0.66661
347,0.71458
348,0.5681900000000001
349,0.42775
350,0.40875
351,0.27354
352,0.14661000000000002
353,0.03136
354,0.0
355,0.0
356,0.0
357,0.0
358,0.0
359,0.0
360,0.0
361,0.0
362,0.0
363,0.0
364,0.0
365,0.0
366,0.02199
367,0.12226000000000001
368,0.23444
369,0.40387
370,0.42167
371,0.43867
372,0.5425599999999999
373,0.49005
374,0.4263
375,0.31364
376,0.1759
377,0.02915
378,0.0
379,0.0
380,0.0
381,0.0
382,0.0
383,0.0
384,0.0
385,0.0
386,0.0
387,0.0
388,0.0
389,0.0
390,0.03041
391,0.18541999999999997
392,0.36572000000000005
393,0.49245999999999995
394,0.5902200000000001
395,0.6646799999999999
396,0.61211
397,0.55068
398,0.45037
399,0.34317000000000003
400,0.17793
401,0.03164
402,0.0
403,0.0
404,0.0
405,0.0
406,0.0
407,0.0
408,0.0
409,0.0
410,0.0
411,0.0
412,0.0
413,0.0
414,0.02993
415,0.20109
416,0.38880000000000003
417,0.56337
418,0.6206499999999999
419,0.67128
420,0.66408
421,0.6010800000000001
422,0.51409
423,0.38565
424,0.19216
425,0.031420000000000003
426,0.0
427,0.0
428,0.0
429,0.0
430,0.0
431,0.0
432,0.0
433,0.0
434,0.0
435,0.0
436,0.0
437,0.0
438,0.0272
439,0.20171
440,0.4053
441,0.5184099999999999
442,0.6389
443,0.71311
444,0.7000299999999999
445,0.65113
446,0.5367999999999999
447,0.36533
448,0.21713
449,0.03405
450,0.0
451,0.0
452,0.0
453,0.0
454,0.0
455,0.0
456,0.0
457,0.0
458,0.0
459,0.0
460,0.0
461,0.0
462,0.02216
463,0.18972999999999998
464,0.38489999999999996
465,0.54427
466,0.5968300000000001
467,0.66032
468,0.6520199999999999
469,0.58994
470,0.50751
471,0.34314
472,0.21403999999999998
473,0.03467
474,0.0
475,0.0
476,0.0
477,0.0
478,0.0
479,0.0
480,0.0
481,0.0
482,0.0
483,0.0
484,0.0
485,0.0
486,0.03578
487,0.23605
488,0.39147000000000004
489,0.5805800000000001
490,0.66095
491,0.7095
492,0.70341
493,0.5984700000000001
494,0.38376
495,0.33876
496,0.19788999999999998
497,0.039189999999999996
498,0.0
499,0.0
500,0.0
501,0.0
502,0.0
503,0.0
504,0.0
505,0.0
506,0.0
507,0.0
508,0.0
509,0.0
510,0.03476
511,0.2322
512,0.40901
513,0.4833
514,0.60926
515,0.64007
516,0.62611
517,0.54973
518,0.44260000000000005
519,0.30744
520,0.18838
521,0.0385
522,0.0
523,0.0
524,0.0
525,0.0
526,0.0
527,0.0
528,0.0
529,0.0
530,0.0
531,0.0
532,0.0
533,0.0
534,0.02256
535,0.15186000000000002
536,0.32653
537,0.49294
538,0.5391699999999999
539,0.6360800000000001
540,0.68183
541,0.63026
542,0.49007
543,0.34117000000000003
544,0.18380000000000002
545,0.03172
546,0.0
547,0.0
548,0.0
549,0.0
550,0.0
551,0.0
552,0.0
553,0.0
554,0.0
555,0.0
556,0.0
557,0.0
558,0.01508
559,0.16316
560,0.37639999999999996
561,0.46216
562,0.53731
563,0.6085499999999999
564,0.5541200000000001
565,0.59876
566,0.49218
567,0.34573000000000004
568,0.18393
569,0.03141
570,0.0
571,0.0
572,0.0
573,0.0
574,0.0
575,0.0
576,0.0
577,0.0
578,0.0
579,0.0
580,0.0
581,0.0
582,0.024
583,0.17872
584,0.35220999999999997
585,0.43722000000000005
586,0.56391
587,0.6166799999999999
588,0.61633
589,0.58435
590,0.3851
591,0.31668999999999997
592,0.16834
593,0.028
594,0.0
595,0.0
596,0.0
597,0.0
598,0.0
599,0.0
600,0.0
601,0.0
602,0.0
603,0.0
604,0.0
605,0.0
606,0.01746
607,0.14853
608,0.25498
609,0.45806
610,0.58936
611,0.534
612,0.56457
613,0.5259299999999999
614,0.5018
615,0.30441
616,0.15502000000000002
617,0.02779
618,0.0
619,0.0
620,0.0
621,0.0
622,0.0
623,0.0
624,0.0
625,0.0
626,0.0
627,0.0
628,0.0
629,0.0
630,0.01871
631,0.11327
632,0.27757
633,0.40754
634,0.49867
635,0.58777
636,0.6064299999999999
637,0.56976
638,0.4613
639,0.29933
640,0.17304
641,0.02947
642,0.0
643,0.0
644,0.0
645,0.0
646,0.0
647,0.0
648,0.0
649,0.0
650,0.0
651,0.0
652,0.0
653,0.0
654,0.030359999999999998
655,0.22975
656,0.41585
657,0.56108
658,0.61205
659,0.62328
660,0.6597999999999999
661,0.5916
662,0.48785
663,0.31214
664,0.18415
665,0.039270000000000006
666,0.0
667,0.0
668,0.0
669,0.0
670,0.0
671,0.0
672,0.0
673,0.0
674,0.0
675,0.0
676,0.0
677,0.0
678,0.03111
679,0.23591
680,0.39021
681,0.57745
682,0.68765
683,0.73981
684,0.73856
685,0.65951
686,0.50183
687,0.3564
688,0.20812999999999998
689,0.039520000000000007
690,0.0
691,0.0
692,0.0
693,0.0
694,0.0
695,0.0
696,0.0
697,0.0
698,0.0
699,0.0
700,0.0
701,0.0
702,0.03086
703,0.21703
704,0.39441000000000004
705,0.48475999999999997
706,0.59257
707,0.63995
708,0.6590499999999999
709,0.5810299999999999
710,0.5225599999999999
711,0.40158
712,0.22646
713,0.04355
714,0.0
715,0.0
716,0.0
717,0.0
718,0.0
719,0.0
720,0.0
721,0.0
722,0.0
723,0.0
724,0.0
725,0.0
726,0.02419
727,0.17884999999999998
728,0.36718
729,0.53701
730,0.61465
731,0.61242
732,0.65664
733,0.62338
734,0.5196900000000001
735,0.34232
736,0.20347
737,0.03419
738,0.0
739,0.0
740,0.0
741,0.0
742,0.0
743,0.0
744,0.0
745,0.0
746,0.0
747,0.0
748,0.0
749,0.0
750,0.01337
751,0.14115
752,0.26166
753,0.39136000000000004
754,0.5635399999999999
755,0.58443
756,0.61946
757,0.55352
758,0.48963
759,0.38375
760,0.21289
761,0.04221
762,0.0
763,0.0
764,0.0
765,0.0
766,0.0
767,0.0
768,0.0
769,0.0
770,0.0
771,0.0
772,0.0
773,0.0
774,0.01078
775,0.13893
776,0.26480000000000004
777,0.31466000000000005
778,0.4731
779,0.55565
780,0.61045
781,0.63144
782,0.41278
783,0.36031
784,0.15988999999999998
785,0.02708
786,0.0
787,0.0
788,0.0
789,0.0
790,0.0
791,0.0
792,0.0
793,0.0
794,0.0
795,0.0
796,0.0
797,0.0
798,0.00811
799,0.12382
800,0.25651999999999997
801,0.28049
802,0.37781
803,0.55476
804,0.55829
805,0.59278
806,0.47095
807,0.3405
808,0.21219
809,0.040670000000000005
810,0.0
811,0.0
812,0.0
813,0.0
814,0.0
815,0.0
816,0.0
817,0.0
818,0.0
819,0.0
820,0.0
821,0.0
822,0.015619999999999998
823,0.13099
824,0.29081999999999997
825,0.39311
826,0.56905
827,0.6584800000000001
828,0.62099
829,0.5632999999999999
830,0.48813999999999996
831,0.36401999999999995
832,0.178
833,0.03518
834,0.0
835,0.0
836,0.0
837,0.0
838,0.0
839,0.0
840,0.0
841,0.0
842,0.0
843,0.0
844,0.0
845,0.0
846,0.01511
847,0.16963999999999999
848,0.35020999999999997
849,0.47799
850,0.5902999999999999
851,0.45498
852,0.67667
853,0.5804199999999999
854,0.49505
855,0.36957999999999996
856,0.17049
857,0.02801
858,0.0
859,0.0
860,0.0
861,0.0
862,0.0
863,0.0
864,0.0
865,0.0
866,0.0
867,0.0
868,0.0
869,0.0
870,0.0217
871,0.17984999999999998
872,0.36527
873,0.52601
874,0.59229
875,0.63813
876,0.64393
877,0.55708
878,0.48675999999999997
879,0.32327999999999996
880,0.15493
881,0.03404
882,0.0
883,0.0
884,0.0
885,0.0
886,0.0
887,0.0
888,0.0
889,0.0
890,0.0
891,0.0
892,0.0
893,0.0
894,0.02336
895,0.19211
896,0.41646
897,0.5598500000000001
898,0.6490199999999999
899,0.6814
900,0.65216
901,0.5865900000000001
902,0.55363
903,0.37529
904,0.20921
905,0.04144
906,0.0
907,0.0
908,0.0
909,0.0
910,0.0
911,0.0
912,0.0
913,0.0
914,0.0
915,0.0
916,0.0
917,0.0
918,0.02786
919,0.23429
920,0.42857999999999996
921,0.53788
922,0.62025
923,0.65023
924,0.62459
925,0.6272300000000001
926,0.50413
927,0.37771
928,0.21641
929,0.04077
930,0.0
931,0.0
932,0.0
933,0.0
934,0.0
935,0.0
936,0.0
937,0.0
938,0.0
939,0.0
940,0.0
941,0.0
942,0.016149999999999998
943,0.13578
944,0.27019
945,0.44259
946,0.53892
947,0.6122000000000001
948,0.61077
949,0.49989999999999996
950,0.4462
951,0.32941000000000004
952,0.19479
953,0.040909999999999995
954,0.0
955,0.0
956,0.0
957,0.0
958,0.0
959,0.0
960,0.0
961,0.0
962,0.0
963,0.0
964,0.0
965,0.0
966,0.02423
967,0.21154
968,0.41957
969,0.57351
970,0.68964
971,0.74588
972,0.72036
973,0.68651
974,0.56749
975,0.42919999999999997
976,0.22583
977,0.04448
978,0.0
979,0.0
980,0.0
981,0.0
982,0.0
983,0.0
984,0.0
985,0.0
986,0.0
987,0.0
988,0.0
989,0.0
990,0.02368
991,0.18128999999999998
992,0.37818
993,0.52444
994,0.6056699999999999
995,0.5887100000000001
996,0.65967
997,0.59856
998,0.52985
999,0.45025
1000,0.23635
1001,0.04697
1002,0.0
1003,0.0
1004,0.0
1005,0.0
1006,0.0
1007,0.0
1008,0.0
1009,0.0
1010,0.0
1011,0.0
1012,0.0
1013,0.0
1014,0.0277
1015,0.21221
1016,0.43257999999999996
1017,0.57787
1018,0.64947
1019,0.69671
1020,0.71004
1021,0.6685399999999999
1022,0.58999
1023,0.44133999999999995
1024,0.24816999999999997
1025,0.04927
1026,0.0
1027,0.0
1028,0.0
1029,0.0
1030,0.0
1031,0.0
1032,0.0
1033,0.0
1034,0.0
1035,0.0
1036,0.0
1037,0.0
1038,0.02807
1039,0.22705
1040,0.42169
1041,0.5584600000000001
1042,0.674
1043,0.64609
1044,0.63581
1045,0.60037
1046,0.4392
1047,0.38926
1048,0.20015
1049,0.04578
1050,0.0
1051,0.0
1052,0.0
1053,0.0
1054,0.0
1055,0.0
1056,0.0
1057,0.0
1058,0.0
1059,0.0
1060,0.0
1061,0.0
1062,0.024640000000000002
1063,0.18422999999999998
1064,0.34535000000000005
1065,0.42525
1066,0.58353
1067,0.64142
1068,0.66901
1069,0.60036
1070,0.43155
1071,0.36616000000000004
1072,0.17219
1073,0.03549
1074,0.0
1075,0.0
1076,0.0
1077,0.0
1078,0.0
1079,0.0
1080,0.0
1081,0.0
1082,0.0
1083,0.0
1084,0.0
1085,0.0
1086,0.02233
1087,0.17046
1088,0.36873
1089,0.47102
1090,0.56132
1091,0.69033
1092,0.6977000000000001
1093,0.66132
1094,0.5174
1095,0.41681
1096,0.22777
1097,0.03829
1098,0.0
1099,0.0
1100,0.0
1101,0.0
1102,0.0
1103,0.0
1104,0.0
1105,0.0
1106,0.0
1107,0.0
1108,0.0
1109,0.0
1110,0.02533
1111,0.16421
1112,0.32818
1113,0.51003
1114,0.6046900000000001
1115,0.5758099999999999
1116,0.7011499999999999
1117,0.6544099999999999
1118,0.56736
1119,0.41743
1120,0.2361
1121,0.04468
1122,0.0
1123,0.0
1124,0.0
1125,0.0
1126,0.0
1127,0.0
1128,0.0
1129,0.0
1130,0.0
1131,0.0
1132,0.0
1133,0.0
1134,0.02018
1135,0.18115
1136,0.39103
1137,0.54857
1138,0.67818
1139,0.7344299999999999
1140,0.73302
1141,0.69578
1142,0.59548
1143,0.44527999999999995
1144,0.24978
1145,0.04897
1146,0.0
1147,0.0
1148,0.0
1149,0.0
1150,0.0
1151,0.0
1152,0.0
1153,0.0
1154,0.0
1155,0.0
1156,0.0
1157,0.0
1158,0.02603
1159,0.20817
1160,0.40816
1161,0.5641
1162,0.60807
1163,0.6434500000000001
1164,0.63383
1165,0.5526599999999999
1166,0.4567
1167,0.32043
1168,0.18372999999999998
1169,0.04532
1170,0.0
1171,0.0
1172,0.0
1173,0.0
1174,0.0
1175,0.0
1176,0.0
1177,0.0
1178,0.0
1179,0.0
1180,0.0
1181,0.0
1182,0.0184
1183,0.12767
1184,0.28179000000000004
1185,0.33867
1186,0.43605
1187,0.6683600000000001
1188,0.62541
1189,0.50322
1190,0.45474000000000003
1191,0.28591
1192,0.12922
1193,0.01809
1194,0.0
1195,0.0
1196,0.0
1197,0.0
1198,0.0
1199,0.0
1200,0.0
1201,0.0
1202,0.0
1203,0.0
1204,0.0
1205,0.0
1206,0.01422
1207,0.15071
1208,0.37047
1209,0.49010000000000004
1210,0.6215599999999999
1211,0.53062
1212,0.43507999999999997
1213,0.5153300000000001
1214,0.41491
1215,0.25015
1216,0.10687
1217,0.014839999999999999
1218,0.0
1219,0.0
1220,0.0
1221,0.0
1222,0.0
1223,0.0
1224,0.0
1225,0.0
1226,0.0
1227,0.0
1228,0.0
1229,0.0
1230,0.01834
1231,0.17879
1232,0.37975
1233,0.47858
1234,0.6167999999999999
1235,0.67896
1236,0.62814
1237,0.55513
1238,0.49201999999999996
1239,0.34895
1240,0.20196
1241,0.02909
1242,0.0
1243,0.0
1244,0.0
1245,0.0
1246,0.0
1247,0.0
1248,0.0
1249,0.0
1250,0.0
1251,0.0
1252,0.0
1253,0.0
1254,0.019899999999999998
1255,0.16841
1256,0.35393
1257,0.50208
1258,0.5791000000000001
1259,0.6037899999999999
1260,0.60178
1261,0.51783
1262,0.36365
1263,0.25111
1264,0.17577
1265,0.039880000000000006
1266,0.0
1267,0.0
1268,0.0
1269,0.0
1270,0.0
1271,0.0
1272,0.0
1273,0.0
1274,0.0
1275,0.0
1276,0.0
1277,0.0
1278,0.022170000000000002
1279,0.16115000000000002
1280,0.28881999999999997
1281,0.44706
1282,0.6056699999999999
1283,0.65951
1284,0.66183
1285,0.47014999999999996
1286,0.39138
1287,0.30108999999999997
1288,0.16853
1289,0.036590000000000004
1290,0.0
1291,0.0
1292,0.0
1293,0.0
1294,0.0
1295,0.0
1296,0.0
1297,0.0
1298,0.0
1299,0.0
1300,0.0
1301,0.0
1302,0.02606
1303,0.21968000000000001
1304,0.41820999999999997
1305,0.56057
1306,0.68038
1307,0.6395599999999999
1308,0.7061900000000001
1309,0.65485
1310,0.48483
1311,0.36307999999999996
1312,0.14667
1313,0.03547
1314,0.0
1315,0.0
1316,0.0
1317,0.0
1318,0.0
1319,0.0
1320,0.0
1321,0.0
1322,0.0
1323,0.0
1324,0.0
1325,0.0
1326,0.02075
1327,0.19305
1328,0.38733
1329,0.5345700000000001
1330,0.6534500000000001
1331,0.7052
1332,0.6967000000000001
1333,0.67427
1334,0.52658
1335,0.41306
1336,0.18462
1337,0.03082
1338,0.0
1339,0.0
1340,0.0
1341,0.0
1342,0.0
1343,0.0
1344,0.0
1345,0.0
1346,0.0
1347,0.0
1348,0.0
1349,0.0
1350,0.02062
1351,0.19519
1352,0.38595
1353,0.48375
1354,0.59078
1355,0.61299
1356,0.58708
1357,0.60677
1358,0.46520999999999996
1359,0.31153
1360,0.12159
1361,0.02546
1362,0.0
1363,0.0
1364,0.0
1365,0.0
1366,0.0
1367,0.0
1368,0.0
1369,0.0
1370,0.0
1371,0.0
1372,0.0
1373,0.0
1374,0.02548
1375,0.19683
1376,0.38682
1377,0.50338
1378,0.60484
1379,0.5658200000000001
1380,0.69008
1381,0.6645
1382,0.57363
1383,0.37233999999999995
1384,0.23062
1385,0.044950000000000004
1386,0.0
1387,0.0
1388,0.0
1389,0.0
1390,0.0
1391,0.0
1392,0.0
1393,0.0
1394,0.0
1395,0.0
1396,0.0
1397,0.0
1398,0.019829999999999997
1399,0.14559
1400,0.31681
1401,0.44432
1402,0.61971
1403,0.65684
1404,0.70248
1405,0.6121599999999999
1406,0.50413
1407,0.35299
1408,0.20545
1409,0.03868
1410,0.0
1411,0.0
1412,0.0
1413,0.0
1414,0.0
1415,0.0
1416,0.0
1417,0.0
1418,0.0
1419,0.0
1420,0.0
1421,0.0
1422,0.0237
1423,0.14154
1424,0.32083999999999996
1425,0.43395999999999996
1426,0.4759
1427,0.56017
1428,0.61075
1429,0.57024
1430,0.53643
1431,0.36793
1432,0.21059999999999998
1433,0.03431
1434,0.0
1435,0.0
1436,0.0
1437,0.0
1438,0.0
1439,0.0
1440,0.0
1441,0.0
1442,0.0
1443,0.0
1444,0.0
1445,0.0
1446,0.0206
1447,0.20628
1448,0.3743
1449,0.49886
1450,0.60051
1451,0.68939
1452,0.63137
1453,0.571
1454,0.47837
1455,0.38577999999999996
1456,0.22196000000000002
1457,0.0347
1458,0.0
1459,0.0
1460,0.0
1461,0.0
1462,0.0
1463,0.0
1464,0.0
1465,0.0
1466,0.0
1467,0.0
1468,0.0
1469,0.0
1470,0.01805
1471,0.16224
1472,0.31939
1473,0.53473
1474,0.63618
1475,0.68087
1476,0.6401399999999999
1477,0.60685
1478,0.5051100000000001
1479,0.37426
1480,0.19288999999999998
1481,0.0254
1482,0.0
1483,0.0
1484,0.0
1485,0.0
1486,0.0
1487,0.0
1488,0.0
1489,0.0
1490,0.0
1491,0.0
1492,0.0
1493,0.0
1494,0.0313
1495,0.22862000000000002
1496,0.40826
1497,0.50806
1498,0.64283
1499,0.67867
1500,0.67491
1501,0.60838
1502,0.48136
1503,0.38522
1504,0.22691
1505,0.03016
1506,0.0
1507,0.0
1508,0.0
1509,0.0
1510,0.0
1511,0.0
1512,0.0
1513,0.0
1514,0.0
1515,0.0
1516,0.0
1517,0.0
1518,0.02082
1519,0.16949
1520,0.34726999999999997
1521,0.52906
1522,0.60466
1523,0.65611
1524,0.60307
1525,0.6558099999999999
1526,0.51987
1527,0.37573
1528,0.1522
1529,0.031100000000000003
1530,0.0
1531,0.0
1532,0.0
1533,0.0
1534,0.0
1535,0.0
1536,0.0
1537,0.0
1538,0.0
1539,0.0
1540,0.0
1541,0.0
1542,0.02603
1543,0.223
1544,0.31839999999999996
1545,0.5363300000000001
1546,0.57069
1547,0.68247
1548,0.55832
1549,0.5597000000000001
1550,0.5026
1551,0.28997
1552,0.16088
1553,0.02725
1554,0.0
1555,0.0
1556,0.0
1557,0.0
1558,0.0
1559,0.0
1560,0.0
1561,0.0
1562,0.0
1563,0.0
1564,0.0
1565,0.0
1566,0.02246
1567,0.2082
1568,0.37261
1569,0.49213
1570,0.45647000000000004
1571,0.41417000000000004
1572,0.5423
1573,0.55506
1574,0.48669
1575,0.28708999999999996
1576,0.15188
1577,0.02885
1578,0.0
1579,0.0
1580,0.0
1581,0.0
1582,0.0
1583,0.0
1584,0.0
1585,0.0
1586,0.0
1587,0.0
1588,0.0
1589,0.0
1590,0.023579999999999997
1591,0.14789
1592,0.26542
1593,0.46198
1594,0.4977
1595,0.58287
1596,0.54418
1597,0.52437
1598,0.36717
1599,0.36378
1600,0.19799
1601,0.03226
1602,0.0
1603,0.0
1604,0.0
1605,0.0
1606,0.0
1607,0.0
1608,0.0
1609,0.0
1610,0.0
1611,0.0
1612,0.0
1613,0.0
1614,0.02388
1615,0.18377000000000002
1616,0.32836000000000004
1617,0.36765
1618,0.56643
1619,0.63558
1620,0.62915
1621,0.59082
1622,0.44712
1623,0.37925
1624,0.18017
1625,0.02807
1626,0.0
1627,0.0
1628,0.0
1629,0.0
1630,0.0
1631,0.0
1632,0.0
1633,0.0
1634,0.0
1635,0.0
1636,0.0
1637,0.0
1638,0.02535
1639,0.17221
1640,0.35978
1641,0.45644
1642,0.53274
1643,0.60305
1644,0.56572
1645,0.59292
1646,0.47811000000000003
1647,0.33356
1648,0.14382
1649,0.0228
1650,0.0
1651,0.0
1652,0.0
1653,0.0
1654,0.0
1655,0.0
1656,0.0
1657,0.0
1658,0.0
1659,0.0
1660,0.0
1661,0.0
1662,0.022670000000000003
1663,0.11251
1664,0.27052
1665,0.39288999999999996
1666,0.5242
1667,0.59376
1668,0.59975
1669,0.55551
1670,0.5122000000000001
1671,0.32151
1672,0.14582
1673,0.03066
1674,0.0
1675,0.0
1676,0.0
1677,0.0
1678,0.0
1679,0.0
1680,0.0
1681,0.0
1682,0.0
1683,0.0
1684,0.0
1685,0.0
1686,0.02895
1687,0.18891
1688,0.37172000000000005
1689,0.5652999999999999
1690,0.63813
1691,0.68149
1692,0.65339
1693,0.55953
1694,0.47434
1695,0.32393
1696,0.20274
1697,0.03272
1698,0.0
1699,0.0
1700,0.0
1701,0.0
1702,0.0
1703,0.0
1704,0.0
1705,0.0
1706,0.0
1707,0.0
1708,0.0
1709,0.0
1710,0.028739999999999998
1711,0.17162
1712,0.38306999999999997
1713,0.45523
1714,0.6023999999999999
1715,0.66401
1716,0.65879
1717,0.57724
1718,0.43307
1719,0.32898
1720,0.19094999999999998
1721,0.02825
1722,0.0
1723,0.0
1724,0.0
1725,0.0
1726,0.0
1727,0.0
1728,0.0
1729,0.0
1730,0.0
1731,0.0
1732,0.0
1733,0.0
1734,0.0394
1735,0.25707
1736,0.43716000000000005
1737,0.58827
1738,0.69955
1739,0.67388
1740,0.63758
1741,0.62993
1742,0.5556599999999999
1743,0.40101
1744,0.23029
1745,0.02822
1746,0.0
1747,0.0
1748,0.0
1749,0.0
1750,0.0
1751,0.0
1752,0.0
1753,0.0
1754,0.0
1755,0.0
1756,0.0
1757,0.0
1758,0.04168
1759,0.24630000000000002
1760,0.40582
1761,0.55849
1762,0.6576900000000001
1763,0.7038099999999999
1764,0.6948300000000001
1765,0.6271599999999999
1766,0.5577300000000001
1767,0.36989999999999995
1768,0.20976
1769,0.03369
1770,0.0
1771,0.0
1772,0.0
1773,0.0
1774,0.0
1775,0.0
1776,0.0
1777,0.0
1778,0.0
1779,0.0
1780,0.0
1781,0.0
1782,0.030690000000000002
1783,0.17468
1784,0.37693
1785,0.49724
1786,0.5682999999999999
1787,0.52586
1788,0.51605
1789,0.5075500000000001
1790,0.43706
1791,0.28894
1792,0.13913
1793,0.02265
1794,0.0
1795,0.0
1796,0.0
1797,0.0
1798,0.0
1799,0.0
1800,0.0
1801,0.0
1802,0.0
1803,0.0
1804,0.0
1805,0.0
1806,0.00418
1807,0.02998
1808,0.08523
1809,0.14781
1810,0.15078
1811,0.15675
1812,0.23865999999999998
1813,0.43215
1814,0.43162
1815,0.34238999999999997
1816,0.14962999999999999
1817,0.02985
1818,0.0
1819,0.0
1820,0.0
1821,0.0
1822,0.0
1823,0.0
1824,0.0
1825,0.0
1826,0.0
1827,0.0
1828,0.0
1829,0.0
1830,0.03368
1831,0.183
1832,0.31738
1833,0.49063999999999997
1834,0.48452999999999996
1835,0.58056
1836,0.6123
1837,0.62505
1838,0.49102999999999997
1839,0.37712
1840,0.17633000000000001
1841,0.026269999999999998
1842,0.0
1843,0.0
1844,0.0
1845,0.0
1846,0.0
1847,0.0
1848,0.0
1849,0.0
1850,0.0
1851,0.0
1852,0.0
1853,0.0
1854,0.019690000000000003
1855,0.12515
1856,0.26030000000000003
1857,0.45796
1858,0.50793
1859,0.46338999999999997
1860,0.57645
1861,0.55249
1862,0.51213
1863,0.29001
1864,0.13037
1865,0.0214
1866,0.0
1867,0.0
1868,0.0
1869,0.0
1870,0.0
1871,0.0
1872,0.0
1873,0.0
1874,0.0
1875,0.0
1876,0.0
1877,0.0
1878,0.01093
1879,0.09331999999999999
1880,0.20894
1881,0.22343000000000002
1882,0.30305
1883,0.47883
1884,0.56723
1885,0.56047
1886,0.48575999999999997
1887,0.37436
1888,0.17211
1889,0.02699
1890,0.0
1891,0.0
1892,0.0
1893,0.0
1894,0.0
1895,0.0
1896,0.0
1897,0.0
1898,0.0
1899,0.0
1900,0.0
1901,0.0
1902,0.04394
1903,0.23427
1904,0.42461
1905,0.56899
1906,0.62871
1907,0.59777
1908,0.66439
1909,0.64548
1910,0.52167
1911,0.36339
1912,0.20403
1913,0.02779
1914,0.0
1915,0.0
1916,0.0
1917,0.0
1918,0.0
1919,0.0
1920,0.0
1921,0.0
1922,0.0
1923,0.0
1924,0.0
1925,0.0
1926,0.0376
1927,0.22566999999999998
1928,0.42607999999999996
1929,0.58911
1930,0.64428
1931,0.6308400000000001
1932,0.63052
1933,0.61113
1934,0.51986
1935,0.35842
1936,0.1569
1937,0.022920000000000003
1938,0.0
1939,0.0
1940,0.0
1941,0.0
1942,0.0
1943,0.0
1944,0.0
1945,0.0
1946,0.0
1947,0.0
1948,0.0
1949,0.0
1950,0.032049999999999995
1951,0.19263999999999998
1952,0.35907
1953,0.58409
1954,0.67206
1955,0.68426
1956,0.7472000000000001
1957,0.62428
1958,0.5880700000000001
1959,0.38653
1960,0.22008000000000003
1961,0.02896
1962,0.0
1963,0.0
1964,0.0
1965,0.0
1966,0.0
1967,0.0
1968,0.0
1969,0.0
1970,0.0
1971,0.0
1972,0.0
1973,0.0
1974,0.0512
1975,0.24328999999999998
1976,0.43798000000000004
1977,0.55623
1978,0.63089
1979,0.59999
1980,0.62349
1981,0.60485
1982,0.55362
1983,0.42349000000000003
1984,0.21449000000000001
1985,0.02917
1986,0.0
1987,0.0
1988,0.0
1989,0.0
1990,0.0
1991,0.0
1992,0.0
1993,0.0
1994,0.0
1995,0.0
1996,0.0
1997,0.0
1998,0.04881
1999,0.21922999999999998
2000,0.44909
2001,0.597
2002,0.67874
2003,0.72741
2004,0.68657
2005,0.64118
2006,0.55396
2007,0.40322
2008,0.20043
2009,0.02519
2010,0.0
2011,0.0
2012,0.0
2013,0.0
2014,0.0
2015,0.0
2016,0.0
2017,0.0
2018,0.0
2019,0.0
2020,0.0
2021,0.0
2022,0.02915
2023,0.14831999999999998
2024,0.31106
2025,0.40735000000000005
2026,0.46658999999999995
2027,0.39582999999999996
2028,0.50593
2029,0.48904000000000003
2030,0.35619999999999996
2031,0.35002
2032,0.20533
2033,0.024480000000000002
2034,0.0
2035,0.0
2036,0.0
2037,0.0
2038,0.0
2039,0.0
2040,0.0
2041,0.0
2042,0.0
2043,0.0
2044,0.0
2045,0.0
2046,0.032619999999999996
2047,0.14818
2048,0.29629
2049,0.51364
2050,0.61787
2051,0.66042
2052,0.63532
2053,0.59993
2054,0.53792
2055,0.37689
2056,0.17533
2057,0.022019999999999998
2058,0.0
2059,0.0
2060,0.0
2061,0.0
2062,0.0
2063,0.0
2064,0.0
2065,0.0
2066,0.0
2067,0.0
2068,0.0
2069,0.0
2070,0.04137
2071,0.13153
2072,0.34354
2073,0.45954
2074,0.51851
2075,0.53913
2076,0.5545399999999999
2077,0.25089
2078,0.22012
2079,0.22834000000000002
2080,0.13551
2081,0.022420000000000002
2082,0.0
2083,0.0
2084,0.0
2085,0.0
2086,0.0
2087,0.0
2088,0.0
2089,0.0
2090,0.0
2091,0.0
2092,0.0
2093,0.0
2094,0.03548
2095,0.17433
2096,0.34288
2097,0.37526
2098,0.5740700000000001
2099,0.5832200000000001
2100,0.6120399999999999
2101,0.59472
2102,0.45177999999999996
2103,0.32997000000000004
2104,0.1494
2105,0.02434
2106,0.0
2107,0.0
2108,0.0
2109,0.0
2110,0.0
2111,0.0
2112,0.0
2113,0.0
2114,0.0
2115,0.0
2116,0.0
2117,0.0
2118,0.04101
2119,0.17132
2120,0.24353
2121,0.37603
2122,0.32866
2123,0.31518999999999997
2124,0.38009
2125,0.07947
2126,0.17396999999999999
2127,0.18796000000000002
2128,0.07359
2129,0.01566
2130,0.0
2131,0.0
2132,0.0
2133,0.0
2134,0.0
2135,0.0
2136,0.0
2137,0.0
2138,0.0
2139,0.0
2140,0.0
2141,0.0
2142,0.03199
2143,0.18903999999999999
2144,0.29983
2145,0.30751
2146,0.45556
2147,0.5362899999999999
2148,0.51295
2149,0.53061
2150,0.44177999999999995
2151,0.35433
2152,0.1814
2153,0.022010000000000002
2154,0.0
2155,0.0
2156,0.0
2157,0.0
2158,0.0
2159,0.0
2160,0.0
2161,0.0
2162,0.0
2163,0.0
2164,0.0
2165,0.0
2166,0.04274
2167,0.19549
2168,0.39083
2169,0.5166499999999999
2170,0.68013
2171,0.69937
2172,0.66398
2173,0.57353
2174,0.48046
2175,0.32185
2176,0.16691999999999999
2177,0.018699999999999998
2178,0.0
2179,0.0
2180,0.0
2181,0.0
2182,0.0
2183,0.0
2184,0.0
2185,0.0
2186,0.0
2187,0.0
2188,0.0
2189,0.0
2190,0.033299999999999996
2191,0.1381
2192,0.30078
2193,0.43427
2194,0.5415
2195,0.5974299999999999
2196,0.5169199999999999
2197,0.5844400000000001
2198,0.44181
2199,0.29224
2200,0.10332
2201,0.01551
2202,0.0
2203,0.0
2204,0.0
2205,0.0
2206,0.0
2207,0.0
2208,0.0
2209,0.0
2210,0.0
2211,0.0
2212,0.0
2213,0.0
2214,0.0214
2215,0.09604
2216,0.16715
2217,0.23444
2218,0.30406
2219,0.43398000000000003
2220,0.50566
2221,0.37918999999999997
2222,0.35048
2223,0.21924000000000002
2224,0.11309999999999999
2225,0.0141
2226,0.0
2227,0.0
2228,0.0
2229,0.0
2230,0.0
2231,0.0
2232,0.0
2233,0.0
2234,0.0
2235,0.0
2236,0.0
2237,0.0
2238,0.02146
2239,0.1424
2240,0.26843
2241,0.38099
2242,0.42743000000000003
2243,0.60029
2244,0.54701
2245,0.4854
2246,0.43973
2247,0.27264
2248,0.15388
2249,0.013810000000000001
2250,0.0
2251,0.0
2252,0.0
2253,0.0
2254,0.0
2255,0.0
2256,0.0
2257,0.0
2258,0.0
2259,0.0
2260,0.0
2261,0.0
2262,0.02981
2263,0.17495
2264,0.31718
2265,0.40428
2266,0.42124
2267,0.36034
2268,0.36407
2269,0.39218000000000003
2270,0.30499
2271,0.21578
2272,0.06394
2273,0.011949999999999999
2274,0.0
2275,0.0
2276,0.0
2277,0.0
2278,0.0
2279,0.0
2280,0.0
2281,0.0
2282,0.0
2283,0.0
2284,0.0
2285,0.0
2286,0.00846
2287,0.06903000000000001
2288,0.12456
2289,0.15389
2290,0.22299000000000002
2291,0.27283999999999997
2292,0.40993999999999997
2293,0.44950999999999997
2294,0.31724
2295,0.26271
2296,0.06197
2297,0.00647
2298,0.0
2299,0.0
2300,0.0
2301,0.0
2302,0.0
2303,0.0
2304,0.0
2305,0.0
2306,0.0
2307,0.0
2308,0.0
2309,0.0
2310,0.01905
2311,0.07218000000000001
2312,0.18409
2313,0.26716
2314,0.33426999999999996
2315,0.29748
2316,0.33508
2317,0.36799
2318,0.32680000000000003
2319,0.21916
2320,0.05618
2321,0.00396
2322,0.0
2323,0.0
2324,0.0
2325,0.0
2326,0.0
2327,0.0
2328,0.0
2329,0.0
2330,0.0
2331,0.0
2332,0.0
2333,0.0
2334,0.01813
2335,0.08553
2336,0.15269
2337,0.15453
2338,0.22553
2339,0.25421
2340,0.33251
2341,0.24864
2342,0.27268000000000003
2343,0.22995
2344,0.08273
2345,0.005719999999999999
2346,0.0
2347,0.0
2348,0.0
2349,0.0
2350,0.0
2351,0.0
2352,0.0
2353,0.0
2354,0.0
2355,0.0
2356,0.0
2357,0.0
2358,0.00147
2359,0.01065
2360,0.019190000000000002
2361,0.0724
2362,0.08549
2363,0.09842000000000001
2364,0.28023000000000003
2365,0.26956
2366,0.20964
2367,0.13186
2368,0.06345
2369,0.0072
2370,0.0
2371,0.0
2372,0.0
2373,0.0
2374,0.0
2375,0.0
2376,0.0
2377,0.0
2378,0.0
2379,0.0
2380,0.0
2381,0.0
2382,0.022420000000000002
2383,0.12871000000000002
2384,0.25692000000000004
2385,0.30566000000000004
2386,0.33520999999999995
2387,0.329
2388,0.35161000000000003
2389,0.4019
2390,0.34645
2391,0.23551
2392,0.07806999999999999
2393,0.005719999999999999
2394,0.0
2395,0.0
2396,0.0
2397,0.0
2398,0.0
2399,0.0
2400,0.0
2401,0.0
2402,0.0
2403,0.0
2404,0.0
2405,0.0
2406,0.01331
2407,0.08335
2408,0.28649
2409,0.32202
2410,0.41004
2411,0.42701
2412,0.33497000000000005
2413,0.30357
2414,0.27609
2415,0.10867
2416,0.06631000000000001
2417,0.00919
2418,0.0
2419,0.0
2420,0.0
2421,0.0
2422,0.0
2423,0.0
2424,0.0
2425,0.0
2426,0.0
2427,0.0
2428,0.0
2429,0.0
2430,0.01713
2431,0.10226
2432,0.25844
2433,0.24175
2434,0.30306
2435,0.24753
2436,0.37106
2437,0.36899
2438,0.27013
2439,0.14765999999999999
2440,0.08668000000000001
2441,0.01001
2442,0.0
2443,0.0
2444,0.0
2445,0.0
2446,0.0
2447,0.0
2448,0.0
2449,0.0
2450,0.0
2451,0.0
2452,0.0
2453,0.0
2454,0.00411
2455,0.02042
2456,0.06743
2457,0.10335
2458,0.17301
2459,0.31892000000000004
2460,0.43847
2461,0.31133999999999995
2462,0.24042
2463,0.14101
2464,0.07296
2465,0.009800000000000001
2466,0.0
2467,0.0
2468,0.0
2469,0.0
2470,0.0
2471,0.0
2472,0.0
2473,0.0
2474,0.0
2475,0.0
2476,0.0
2477,0.0
2478,0.0128
2479,0.06256
2480,0.13527
2481,0.22522999999999999
2482,0.25253
2483,0.31219
2484,0.30557999999999996
2485,0.58052
2486,0.43113999999999997
2487,0.26946
2488,0.08995
2489,0.0115
2490,0.0
2491,0.0
2492,0.0
2493,0.0
2494,0.0
2495,0.0
2496,0.0
2497,0.0
2498,0.0
2499,0.0
2500,0.0
2501,0.0
2502,0.01667
2503,0.09996
2504,0.16498
2505,0.31877999999999995
2506,0.4043
2507,0.43095999999999995
2508,0.34735000000000005
2509,0.4481
2510,0.41434
2511,0.27872
2512,0.09351000000000001
2513,0.00967
2514,0.0
2515,0.0
2516,0.0
2517,0.0
2518,0.0
2519,0.0
2520,0.0
2521,0.0
2522,0.0
2523,0.0
2524,0.0
2525,0.0
2526,0.01993
2527,0.16486
2528,0.29225999999999996
2529,0.33403
2530,0.41916000000000003
2531,0.5649500000000001
2532,0.47970999999999997
2533,0.39452
2534,0.24731
2535,0.15456999999999999
2536,0.04333
2537,0.00675
2538,0.0
2539,0.0
2540,0.0
2541,0.0
2542,0.0
2543,0.0
2544,0.0
2545,0.0
2546,0.0
2547,0.0
2548,0.0
2549,0.0
2550,0.01201
2551,0.17303
2552,0.23238999999999999
2553,0.37351
2554,0.52306
2555,0.5699299999999999
2556,0.60162
2557,0.5492400000000001
2558,0.4096
2559,0.22862000000000002
2560,0.09047
2561,0.01044
2562,0.0
2563,0.0
2564,0.0
2565,0.0
2566,0.0
2567,0.0
2568,0.0
2569,0.0
2570,0.0
2571,0.0
2572,0.0
2573,0.0
2574,0.03711
2575,0.21047
2576,0.38659
2577,0.50489
2578,0.51493
2579,0.43082
2580,0.44542000000000004
2581,0.3095
2582,0.27703
2583,0.25115
2584,0.13032
2585,0.01599
2586,0.0
2587,0.0
2588,0.0
2589,0.0
2590,0.0
2591,0.0
2592,0.0
2593,0.0
2594,0.0
2595,0.0
2596,0.0
2597,0.0
2598,0.00094
2599,0.01194
2600,0.03208
2601,0.08856
2602,0.04578
2603,0.028829999999999998
2604,0.05554
2605,0.17449
2606,0.16341
2607,0.12184
2608,0.08192
2609,0.0154
2610,0.0
2611,0.0
2612,0.0
2613,0.0
2614,0.0
2615,0.0
2616,0.0
2617,0.0
2618,0.0
2619,0.0
2620,0.0
2621,0.0
2622,0.0554
2623,0.23387
2624,0.42860000000000004
2625,0.57389
2626,0.67845
2627,0.6884600000000001
2628,0.6317
2629,0.61778
2630,0.51436
2631,0.32504
2632,0.14661000000000002
2633,0.00831
2634,0.0
2635,0.0
2636,0.0
2637,0.0
2638,0.0
2639,0.0
2640,0.0
2641,0.0
2642,0.0
2643,0.0
2644,0.0
2645,0.0
2646,0.04046
2647,0.2238
2648,0.41518
2649,0.48018
2650,0.57662
2651,0.6107100000000001
2652,0.59099
2653,0.56339
2654,0.41102999999999995
2655,0.2506
2656,0.11753
2657,0.010960000000000001
2658,0.0
2659,0.0
2660,0.0
2661,0.0
2662,0.0
2663,0.0
2664,0.0
2665,0.0
2666,0.0
2667,0.0
2668,0.0
2669,0.0
2670,0.040229999999999995
2671,0.17475
2672,0.32833
2673,0.53504
2674,0.62112
2675,0.64562
2676,0.6364099999999999
2677,0.59237
2678,0.51579
2679,0.36704000000000003
2680,0.1447
2681,0.009720000000000001
2682,0.0
2683,0.0
2684,0.0
2685,0.0
2686,0.0
2687,0.0
2688,0.0
2689,0.0
2690,0.0
2691,0.0
2692,0.0
2693,0.0
2694,0.04667
2695,0.19418000000000002
2696,0.27912
2697,0.41505000000000003
2698,0.5761499999999999
2699,0.56579
2700,0.56072
2701,0.43302999999999997
2702,0.43721
2703,0.3373
2704,0.143
2705,0.006549999999999999
2706,0.0
2707,0.0
2708,0.0
2709,0.0
2710,0.0
2711,0.0
2712,0.0
2713,0.0
2714,0.0
2715,0.0
2716,0.0
2717,0.0
2718,0.044649999999999995
2719,0.23428
2720,0.29773
2721,0.27995
2722,0.16291999999999998
2723,0.22408
2724,0.26191000000000003
2725,0.10943000000000001
2726,0.15715
2727,0.09931
2728,0.04209
2729,0.00704
2730,0.0
2731,0.0
2732,0.0
2733,0.0
2734,0.0
2735,0.0
2736,0.0
2737,0.0
2738,0.0
2739,0.0
2740,0.0
2741,0.0
2742,0.049640000000000004
2743,0.21331999999999998
2744,0.36891
2745,0.51659
2746,0.5807599999999999
2747,0.59178
2748,0.56186
2749,0.52137
2750,0.39838
2751,0.32265
2752,0.13061
2753,0.01569
2754,0.0
2755,0.0
2756,0.0
2757,0.0
2758,0.0
2759,0.0
2760,0.0
2761,0.0
2762,0.0
2763,0.0
2764,0.0
2765,0.0
2766,0.01493
2767,0.06786
2768,0.15168
2769,0.22043000000000001
2770,0.3265
2771,0.31283999999999995
2772,0.43892000000000003
2773,0.3175
2774,0.27555
2775,0.27194
2776,0.11855
2777,0.013619999999999998
2778,0.0
2779,0.0
2780,0.0
2781,0.0
2782,0.0
2783,0.0
2784,0.0
2785,0.0
2786,0.0
2787,0.0
2788,0.0
2789,0.0
2790,0.044950000000000004
2791,0.19993
2792,0.37489999999999996
2793,0.42316000000000004
2794,0.37538
2795,0.28716
2796,0.41162
2797,0.39901
2798,0.238
2799,0.19338999999999998
2800,0.07321
2801,0.005679999999999999
2802,0.0
2803,0.0
2804,0.0
2805,0.0
2806,0.0
2807,0.0
2808,0.0
2809,0.0
2810,0.0
2811,0.0
2812,0.0
2813,0.0
2814,0.02509
2815,0.09401000000000001
2816,0.18162
2817,0.23317
2818,0.27826
2819,0.23736000000000002
2820,0.24912
2821,0.25384
2822,0.26600999999999997
2823,0.196
2824,0.07490000000000001
2825,0.01064
2826,0.0
2827,0.0
2828,0.0
2829,0.0
2830,0.0
2831,0.0
2832,0.0
2833,0.0
2834,0.0
2835,0.0
2836,0.0
2837,0.0
2838,0.0418
2839,0.20053
2840,0.3866
2841,0.54392
2842,0.57394
2843,0.6212000000000001
2844,0.54576
2845,0.50456
2846,0.44462999999999997
2847,0.30196
2848,0.13016999999999998
2849,0.00942
2850,0.0
2851,0.0
2852,0.0
2853,0.0
2854,0.0
2855,0.0
2856,0.0
2857,0.0
2858,0.0
2859,0.0
2860,0.0
2861,0.0
2862,0.06315
2863,0.21106
2864,0.3479
2865,0.49334
2866,0.57674
2867,0.62003
2868,0.6276799999999999
2869,0.45335000000000003
2870,0.34499
2871,0.2513
2872,0.12874000000000002
2873,0.01067
2874,0.0
2875,0.0
2876,0.0
2877,0.0
2878,0.0
2879,0.0
2880,0.0
2881,0.0
2882,0.0
2883,0.0
2884,0.0
2885,0.0
2886,0.06453
2887,0.24580000000000002
2888,0.40401
2889,0.42952999999999997
2890,0.55801
2891,0.60085
2892,0.5729299999999999
2893,0.46756
2894,0.43332
2895,0.29234
2896,0.11159000000000001
2897,0.0089
2898,0.0
2899,0.0
2900,0.0
2901,0.0
2902,0.0
2903,0.0
2904,0.0
2905,0.0
2906,0.0
2907,0.0
2908,0.0
2909,0.0
2910,0.0442
2911,0.20217
2912,0.33787
2913,0.48385
2914,0.57139
2915,0.62652
2916,0.52443
2917,0.48246
2918,0.38017
2919,0.23746
2920,0.09320999999999999
2921,0.0079
2922,0.0
2923,0.0
2924,0.0
2925,0.0
2926,0.0
2927,0.0
2928,0.0
2929,0.0
2930,0.0
2931,0.0
2932,0.0
2933,0.0
2934,0.0381
2935,0.13771
2936,0.27399
2937,0.36628
2938,0.46082999999999996
2939,0.48926
2940,0.43638
2941,0.51788
2942,0.36831
2943,0.28181
2944,0.10518000000000001
2945,0.01306
2946,0.0
2947,0.0
2948,0.0
2949,0.0
2950,0.0
2951,0.0
2952,0.0
2953,0.0
2954,0.0
2955,0.0
2956,0.0
2957,0.0
2958,0.0526
2959,0.20562
2960,0.2911
2961,0.41714
2962,0.54616
2963,0.61266
2964,0.5590499999999999
2965,0.48284
2966,0.39091000000000004
2967,0.23561
2968,0.12007999999999999
2969,0.01249
2970,0.0
2971,0.0
2972,0.0
2973,0.0
2974,0.0
2975,0.0
2976,0.0
2977,0.0
2978,0.0
2979,0.0
2980,0.0
2981,0.0
2982,0.04881
2983,0.18809
2984,0.27905
2985,0.43662
2986,0.46553
2987,0.55084
2988,0.6061
2989,0.42135
2990,0.36867
2991,0.26636000000000004
2992,0.1271
2993,0.00782
2994,0.0
2995,0.0
2996,0.0
2997,0.0
2998,0.0
2999,0.0
3000,0.0
3001,0.0
3002,0.0
3003,0.0
3004,0.0
3005,0.0
3006,0.05045
3007,0.2028
3008,0.37037
3009,0.5133300000000001
3010,0.60103
3011,0.5701499999999999
3012,0.63763
3013,0.5468
3014,0.43519
3015,0.27286
3016,0.12347
3017,0.0128
3018,0.0
3019,0.0
3020,0.0
3021,0.0
3022,0.0
3023,0.0
3024,0.0
3025,0.0
3026,0.0
3027,0.0
3028,0.0
3029,0.0
3030,0.055450000000000006
3031,0.24625999999999998
3032,0.34093
3033,0.47172000000000003
3034,0.60481
3035,0.50527
3036,0.5389400000000001
3037,0.49945999999999996
3038,0.46003
3039,0.32523
3040,0.13571
3041,0.01095
3042,0.0
3043,0.0
3044,0.0
3045,0.0
3046,0.0
3047,0.0
3048,0.0
3049,0.0
3050,0.0
3051,0.0
3052,0.0
3053,0.0
3054,0.02838
3055,0.19372
3056,0.33922
3057,0.41452
3058,0.49117
3059,0.4362
3060,0.53703
3061,0.51132
3062,0.42925
3063,0.28439
3064,0.13447
3065,0.01464
3066,0.0
3067,0.0
3068,0.0
3069,0.0
3070,0.0
3071,0.0
3072,0.0
3073,0.0
3074,0.0
3075,0.0
3076,0.0
3077,0.0
3078,0.0345
3079,0.11914
3080,0.18086000000000002
3081,0.23237
3082,0.23155
3083,0.24643
3084,0.36207
3085,0.20389
3086,0.20478
3087,0.16773
3088,0.10396
3089,0.011470000000000001
3090,0.0
3091,0.0
3092,0.0
3093,0.0
3094,0.0
3095,0.0
3096,0.0
3097,0.0
3098,0.0
3099,0.0
3100,0.0
3101,0.0
3102,0.01202
3103,0.05948
3104,0.07601000000000001
3105,0.07517
3106,0.2205
3107,0.31507
3108,0.37327999999999995
3109,0.45339999999999997
3110,0.40437
3111,0.26646
3112,0.11391
3113,0.0152
3114,0.0
3115,0.0
3116,0.0
3117,0.0
3118,0.0
3119,0.0
3120,0.0
3121,0.0
3122,0.0
3123,0.0
3124,0.0
3125,0.0
3126,0.01095
3127,0.05713
3128,0.14348
3129,0.21161000000000002
3130,0.25597
3131,0.25132
3132,0.29771
3133,0.14373
3134,0.17116
3135,0.07468000000000001
3136,0.03541
3137,0.0072
3138,0.0
3139,0.0
3140,0.0
3141,0.0
3142,0.0
3143,0.0
3144,0.0
3145,0.0
3146,0.0
3147,0.0
3148,0.0
3149,0.0
3150,0.01141
3151,0.06149
3152,0.09429000000000001
3153,0.19798
3154,0.17413
3155,0.17335
3156,0.15053999999999998
3157,0.32826
3158,0.22085
3159,0.19075
3160,0.0787
3161,0.00543
3162,0.0
3163,0.0
3164,0.0
3165,0.0
3166,0.0
3167,0.0
3168,0.0
3169,0.0
3170,0.0
3171,0.0
3172,0.0
3173,0.0
3174,0.04856
3175,0.13579
3176,0.17946
3177,0.24403
3178,0.33764
3179,0.37417
3180,0.37019
3181,0.50251
3182,0.35536
3183,0.21766
3184,0.09581
3185,0.01
3186,0.0
3187,0.0
3188,0.0
3189,0.0
3190,0.0
3191,0.0
3192,0.0
3193,0.0
3194,0.0
3195,0.0
3196,0.0
3197,0.0
3198,0.024079999999999997
3199,0.09366
3200,0.20047
3201,0.35201
3202,0.5933999999999999
3203,0.59272
3204,0.56467
3205,0.37351
3206,0.33077999999999996
3207,0.24269
3208,0.10956999999999999
3209,0.00588
3210,0.0
3211,0.0
3212,0.0
3213,0.0
3214,0.0
3215,0.0
3216,0.0
3217,0.0
3218,0.0
3219,0.0
3220,0.0
3221,0.0
3222,0.036969999999999996
3223,0.18434
3224,0.31511
3225,0.45052
3226,0.47888
3227,0.48568
3228,0.50907
3229,0.46176999999999996
3230,0.37342000000000003
3231,0.19938999999999998
3232,0.08325
3233,0.01026
3234,0.0
3235,0.0
3236,0.0
3237,0.0
3238,0.0
3239,0.0
3240,0.0
3241,0.0
3242,0.0
3243,0.0
3244,0.0
3245,0.0
3246,0.02465
3247,0.06908
3248,0.17037
3249,0.32422
3250,0.46188999999999997
3251,0.38021
3252,0.48072000000000004
3253,0.45471
3254,0.40332
3255,0.29736
3256,0.11656
3257,0.00671
3258,0.0
3259,0.0
3260,0.0
3261,0.0
3262,0.0
3263,0.0
3264,0.0
3265,0.0
3266,0.0
3267,0.0
3268,0.0
3269,0.0
3270,0.0318
3271,0.09951
3272,0.19654
3273,0.26204
3274,0.39216
3275,0.43695999999999996
3276,0.49660000000000004
3277,0.51766
3278,0.42025
3279,0.25611
3280,0.11979000000000001
3281,0.01446
3282,0.0
3283,0.0
3284,0.0
3285,0.0
3286,0.0
3287,0.0
3288,0.0
3289,0.0
3290,0.0
3291,0.0
3292,0.0
3293,0.0
3294,0.04803
3295,0.1901
3296,0.37513
3297,0.4809
3298,0.6001299999999999
3299,0.5371699999999999
3300,0.55545
3301,0.5306000000000001
3302,0.35806
3303,0.26536000000000004
3304,0.11918000000000001
3305,0.00622
3306,0.0
3307,0.0
3308,0.0
3309,0.0
3310,0.0
3311,0.0
3312,0.0
3313,0.0
3314,0.0
3315,0.0
3316,0.0
3317,0.0
3318,0.04561
3319,0.19183
3320,0.28722000000000003
3321,0.32467
3322,0.35255000000000003
3323,0.49827
3324,0.45302
3325,0.5047699999999999
3326,0.40792
3327,0.28716
3328,0.11989
3329,0.01228
3330,0.0
3331,0.0
3332,0.0
3333,0.0
3334,0.0
3335,0.0
3336,0.0
3337,0.0
3338,0.0
3339,0.0
3340,0.0
3341,0.0
3342,0.05414
3343,0.18928999999999999
3344,0.34934
3345,0.43915
3346,0.44512999999999997
3347,0.5294099999999999
3348,0.41384
3349,0.40936
3350,0.44843
3351,0.29628
3352,0.13854
3353,0.01142
3354,0.0
3355,0.0
3356,0.0
3357,0.0
3358,0.0
3359,0.0
3360,0.0
3361,0.0
3362,0.0
3363,0.0
3364,0.0
3365,0.0
3366,0.009710000000000002
3367,0.05804
3368,0.1318
3369,0.22065
3370,0.35816000000000003
3371,0.531
3372,0.46504
3373,0.42869
3374,0.38189
3375,0.27666
3376,0.09415000000000001
3377,0.00877
3378,0.0
3379,0.0
3380,0.0
3381,0.0
3382,0.0
3383,0.0
3384,0.0
3385,0.0
3386,0.0
3387,0.0
3388,0.0
3389,0.0
3390,0.03005
3391,0.0959
3392,0.24553999999999998
3393,0.27881
3394,0.26888
3395,0.37714
3396,0.40253
3397,0.22346000000000002
3398,0.29281
3399,0.21031
3400,0.0942
3401,0.01285
3402,0.0
3403,0.0
3404,0.0
3405,0.0
3406,0.0
3407,0.0
3408,0.0
3409,0.0
3410,0.0
3411,0.0
3412,0.0
3413,0.0
3414,0.03792
3415,0.16013999999999998
3416,0.35681
3417,0.45604
3418,0.46156
3419,0.54531
3420,0.56799
3421,0.46461
3422,0.32903
3423,0.16435
3424,0.10405
3425,0.01319
3426,0.0
3427,0.0
3428,0.0
3429,0.0
3430,0.0
3431,0.0
3432,0.0
3433,0.0
3434,0.0
3435,0.0
3436,0.0
3437,0.0
3438,0.053079999999999995
3439,0.21281999999999998
3440,0.40020999999999995
3441,0.49872000000000005
3442,0.50508
3443,0.5865499999999999
3444,0.57352
3445,0.40017
3446,0.33073
3447,0.20417
3448,0.09351999999999999
3449,0.01405
3450,0.0
3451,0.0
3452,0.0
3453,0.0
3454,0.0
3455,0.0
3456,0.0
3457,0.0
3458,0.0
3459,0.0
3460,0.0
3461,0.0
3462,0.04007
3463,0.17468999999999998
3464,0.29311000000000004
3465,0.42592
3466,0.50487
3467,0.55324
3468,0.49505
3469,0.41613
3470,0.33895
3471,0.20899
3472,0.07918
3473,0.0148
3474,0.0
3475,0.0
3476,0.0
3477,0.0
3478,0.0
3479,0.0
3480,0.0
3481,0.0
3482,0.0
3483,0.0
3484,0.0
3485,0.0
3486,0.04439
3487,0.14316
3488,0.24115
3489,0.31733999999999996
3490,0.47239
3491,0.55213
3492,0.5468099999999999
3493,0.38594
3494,0.36349000000000004
3495,0.25985
3496,0.09913
3497,0.01149
3498,0.0
3499,0.0
3500,0.0
3501,0.0
3502,0.0
3503,0.0
3504,0.0
3505,0.0
3506,0.0
3507,0.0
3508,0.0
3509,0.0
3510,0.01218
3511,0.04768
3512,0.0546
3513,0.10101
3514,0.11142
3515,0.18949000000000002
3516,0.2124
3517,0.14884999999999998
3518,0.16695
3519,0.22402
3520,0.08306000000000001
3521,0.00649
3522,0.0
3523,0.0
3524,0.0
3525,0.0
3526,0.0
3527,0.0
3528,0.0
3529,0.0
3530,0.0
3531,0.0
3532,0.0
3533,0.0
3534,0.03537
3535,0.13749
3536,0.24645
3537,0.38364
3538,0.46597000000000005
3539,0.52328
3540,0.49567
3541,0.38544
3542,0.28691
3543,0.2024
3544,0.09902
3545,0.00886
3546,0.0
3547,0.0
3548,0.0
3549,0.0
3550,0.0
3551,0.0
3552,0.0
3553,0.0
3554,0.0
3555,0.0
3556,0.0
3557,0.0
3558,0.03364
3559,0.19736
3560,0.34676
3561,0.45483999999999997
3562,0.4702
3563,0.44877999999999996
3564,0.46514999999999995
3565,0.38599
3566,0.30729
3567,0.20959999999999998
3568,0.08084000000000001
3569,0.01219
3570,0.0
3571,0.0
3572,0.0
3573,0.0
3574,0.0
3575,0.0
3576,0.0
3577,0.0
3578,0.0
3579,0.0
3580,0.0
3581,0.0
3582,0.02165
3583,0.10687
3584,0.17425
3585,0.34902
3586,0.33119
3587,0.42319
3588,0.41573000000000004
3589,0.40947
3590,0.28904
3591,0.15772999999999998
3592,0.08564
3593,0.00975
3594,0.0
3595,0.0
3596,0.0
3597,0.0
3598,0.0
3599,0.0
3600,0.0
3601,0.0
3602,0.0
3603,0.0
3604,0.0
3605,0.0
3606,0.01448
3607,0.0846
3608,0.24778
3609,0.34302999999999995
3610,0.40920999999999996
3611,0.46119
3612,0.40168
3613,0.27688999999999997
3614,0.18587
3615,0.18087999999999999
3616,0.11799
3617,0.0148
3618,0.0
3619,0.0
3620,0.0
3621,0.0
3622,0.0
3623,0.0
3624,0.0
3625,0.0
3626,0.0
3627,0.0
3628,0.0
3629,0.0
3630,0.01051
3631,0.05166
3632,0.12102
3633,0.15031
3634,0.19006
3635,0.14071
3636,0.19356
3637,0.22709000000000001
3638,0.21417
3639,0.19084
3640,0.09168000000000001
3641,0.00925
3642,0.0
3643,0.0
3644,0.0
3645,0.0
3646,0.0
3647,0.0
3648,0.0
3649,0.0
3650,0.0
3651,0.0
3652,0.0
3653,0.0
3654,0.04574
3655,0.16622
3656,0.29566000000000003
3657,0.23756
3658,0.46719
3659,0.50312
3660,0.53085
3661,0.48108
3662,0.38221
3663,0.27379000000000003
3664,0.11644
3665,0.00607
3666,0.0
3667,0.0
3668,0.0
3669,0.0
3670,0.0
3671,0.0
3672,0.0
3673,0.0
3674,0.0
3675,0.0
3676,0.0
3677,0.0
3678,0.02607
3679,0.0805
3680,0.12171
3681,0.13762
3682,0.18574000000000002
3683,0.17745
3684,0.20596
3685,0.26813
3686,0.3408
3687,0.28437
3688,0.1356
3689,0.01106
3690,0.0
3691,0.0
3692,0.0
3693,0.0
3694,0.0
3695,0.0
3696,0.0
3697,0.0
3698,0.0
3699,0.0
3700,0.0
3701,0.0
3702,0.03301
3703,0.16341999999999998
3704,0.25431
3705,0.28923000000000004
3706,0.23905
3707,0.26189999999999997
3708,0.33603
3709,0.29912
3710,0.37
3711,0.30611
3712,0.14049
3713,0.01183
3714,0.0
3715,0.0
3716,0.0
3717,0.0
3718,0.0
3719,0.0
3720,0.0
3721,0.0
3722,0.0
3723,0.0
3724,0.0
3725,0.0
3726,0.03686
3727,0.12071
3728,0.30393000000000003
3729,0.41662
3730,0.56496
3731,0.57267
3732,0.48813
3733,0.43295
3734,0.31801999999999997
3735,0.24581999999999998
3736,0.10022
3737,0.013900000000000001
3738,0.0
3739,0.0
3740,0.0
3741,0.0
3742,0.0
3743,0.0
3744,0.0
3745,0.0
3746,0.0
3747,0.0
3748,0.0
3749,0.0
3750,0.044719999999999996
3751,0.1737
3752,0.30199000000000004
3753,0.45812
3754,0.35958
3755,0.26261
3756,0.415
3757,0.50012
3758,0.35166000000000003
3759,0.27982999999999997
3760,0.10729999999999999
3761,0.00841
3762,0.0
3763,0.0
3764,0.0
3765,0.0
3766,0.0
3767,0.0
3768,0.0
3769,0.0
3770,0.0
3771,0.0
3772,0.0
3773,0.0
3774,0.03868
3775,0.15996000000000002
3776,0.28607
3777,0.43106
3778,0.47813
3779,0.58438
3780,0.43381000000000003
3781,0.55565
3782,0.40904
3783,0.23389
3784,0.12448000000000001
3785,0.00843
3786,0.0
3787,0.0
3788,0.0
3789,0.0
3790,0.0
3791,0.0
3792,0.0
3793,0.0
3794,0.0
3795,0.0
3796,0.0
3797,0.0
3798,0.03485
3799,0.14196
3800,0.25789999999999996
3801,0.41442
3802,0.51105
3803,0.35236
3804,0.38081
3805,0.42791
3806,0.35187
3807,0.29554
3808,0.13821
3809,0.01274
3810,0.0
3811,0.0
3812,0.0
3813,0.0
3814,0.0
3815,0.0
3816,0.0
3817,0.0
3818,0.0
3819,0.0
3820,0.0
3821,0.0
3822,0.037270000000000005
3823,0.13213999999999998
3824,0.29281999999999997
3825,0.32602
3826,0.37401
3827,0.48135
3828,0.44977
3829,0.48838
3830,0.43651
3831,0.30713999999999997
3832,0.13553
3833,0.0072
3834,0.0
3835,0.0
3836,0.0
3837,0.0
3838,0.0
3839,0.0
3840,0.0
3841,0.0
3842,0.0
3843,0.0
3844,0.0
3845,0.0
3846,0.02443
3847,0.12431
3848,0.1837
3849,0.32711
3850,0.35241
3851,0.35069
3852,0.32665
3853,0.46989
3854,0.44981
3855,0.31566000000000005
3856,0.141
3857,0.01281
3858,0.0
3859,0.0
3860,0.0
3861,0.0
3862,0.0
3863,0.0
3864,0.0
3865,0.0
3866,0.0
3867,0.0
3868,0.0
3869,0.0
3870,0.04245
3871,0.16194999999999998
3872,0.29978
3873,0.39553
3874,0.31276
3875,0.2367
3876,0.21083000000000002
3877,0.28382999999999997
3878,0.30724
3879,0.26846
3880,0.09906999999999999
3881,0.00701
3882,0.0
3883,0.0
3884,0.0
3885,0.0
3886,0.0
3887,0.0
3888,0.0
3889,0.0
3890,0.0
3891,0.0
3892,0.0
3893,0.0
3894,0.01625
3895,0.06334000000000001
3896,0.15903
3897,0.19441
3898,0.2827
3899,0.28402
3900,0.27952999999999995
3901,0.32700999999999997
3902,0.36783
3903,0.26704
3904,0.12237999999999999
3905,0.01244
3906,0.0
3907,0.0
3908,0.0
3909,0.0
3910,0.0
3911,0.0
3912,0.0
3913,0.0
3914,0.0
3915,0.0
3916,0.0
3917,0.0
3918,0.03077
3919,0.11422
3920,0.22522
3921,0.32823
3922,0.50134
3923,0.45538
3924,0.45949
3925,0.49243000000000003
3926,0.42835
3927,0.27126
3928,0.12354000000000001
3929,0.01366
3930,0.0
3931,0.0
3932,0.0
3933,0.0
3934,0.0
3935,0.0
3936,0.0
3937,0.0
3938,0.0
3939,0.0
3940,0.0
3941,0.0
3942,0.04038
3943,0.15063
3944,0.30907999999999997
3945,0.448
3946,0.45239999999999997
3947,0.53511
3948,0.56933
3949,0.5037699999999999
3950,0.35912
3951,0.27505
3952,0.1164
3953,0.013800000000000002
3954,0.0
3955,0.0
3956,0.0
3957,0.0
3958,0.0
3959,0.0
3960,0.0
3961,0.0
3962,0.0
3963,0.0
3964,0.0
3965,0.0
3966,0.03879
3967,0.14463
3968,0.29552999999999996
3969,0.43918
3970,0.47428
3971,0.52271
3972,0.5920599999999999
3973,0.50039
3974,0.43882
3975,0.28784
3976,0.10399
3977,0.01721
3978,0.0
3979,0.0
3980,0.0
3981,0.0
3982,0.0
3983,0.0
3984,0.0
3985,0.0
3986,0.0
3987,0.0
3988,0.0
3989,0.0
3990,0.04165
3991,0.13807
3992,0.30102999999999996
3993,0.39457
3994,0.29255000000000003
3995,0.39516
3996,0.3927
3997,0.43871
3998,0.39317
3999,0.21
4000,0.09092
4001,0.01759
4002,0.0
4003,0.0
4004,0.0
4005,0.0
4006,0.0
4007,0.0
4008,0.0
4009,0.0
4010,0.0
4011,0.0
4012,0.0
4013,0.0
4014,0.02981
4015,0.13501
4016,0.30039
4017,0.40624
4018,0.44059
4019,0.54569
4020,0.59162
4021,0.53635
4022,0.46754
4023,0.31514
4024,0.13183
4025,0.0162
4026,0.0
4027,0.0
4028,0.0
4029,0.0
4030,0.0
4031,0.0
4032,0.0
4033,0.0
4034,0.0
4035,0.0
4036,0.0
4037,0.0
4038,0.03483
4039,0.17245
4040,0.2922
4041,0.32161
4042,0.41468
4043,0.50441
4044,0.27752
4045,0.50327
4046,0.39519
4047,0.2915
4048,0.13873
4049,0.01174
4050,0.0
4051,0.0
4052,0.0
4053,0.0
4054,0.0
4055,0.0
4056,0.0
4057,0.0
4058,0.0
4059,0.0
4060,0.0
4061,0.0
4062,0.043
4063,0.22022999999999998
4064,0.34402999999999995
4065,0.49733
4066,0.60223
4067,0.5991799999999999
4068,0.5929
4069,0.56108
4070,0.43789999999999996
4071,0.29258
4072,0.12673
4073,0.01761
4074,0.0
4075,0.0
4076,0.0
4077,0.0
4078,0.0
4079,0.0
4080,0.0
4081,0.0
4082,0.0
4083,0.0
4084,0.0
4085,0.0
4086,0.02298
4087,0.09112999999999999
4088,0.17392
4089,0.24194
4090,0.26741000000000004
4091,0.33831
4092,0.47268
4093,0.45748
4094,0.35431
4095,0.26877
4096,0.11316
4097,0.016460000000000002
4098,0.0
4099,0.0
4100,0.0
4101,0.0
4102,0.0
4103,0.0
4104,0.0
4105,0.0
4106,0.0
4107,0.0
4108,0.0
4109,0.0
4110,0.03065
4111,0.1432
4112,0.23499
4113,0.38888
4114,0.45386000000000004
4115,0.53711
4116,0.53138
4117,0.4551
4118,0.41395
4119,0.2896
4120,0.10043
4121,0.011779999999999999
4122,0.0
4123,0.0
4124,0.0
4125,0.0
4126,0.0
4127,0.0
4128,0.0
4129,0.0
4130,0.0
4131,0.0
4132,0.0
4133,0.0
4134,0.01341
4135,0.09695000000000001
4136,0.23878
4137,0.39516
4138,0.5015299999999999
4139,0.51551
4140,0.5781799999999999
4141,0.49983999999999995
4142,0.43777
4143,0.2897
4144,0.11777
4145,0.01137
4146,0.0
4147,0.0
4148,0.0
4149,0.0
4150,0.0
4151,0.0
4152,0.0
4153,0.0
4154,0.0
4155,0.0
4156,0.0
4157,0.0
4158,0.03581
4159,0.15308000000000002
4160,0.26344
4161,0.39811
4162,0.5102599999999999
4163,0.54763
4164,0.5565599999999999
4165,0.46147000000000005
4166,0.34254
4167,0.26427999999999996
4168,0.12012
4169,0.01382
4170,0.0
4171,0.0
4172,0.0
4173,0.0
4174,0.0
4175,0.0
4176,0.0
4177,0.0
4178,0.0
4179,0.0
4180,0.0
4181,0.0
4182,0.0289
4183,0.15594999999999998
4184,0.36088
4185,0.42475
4186,0.5002099999999999
4187,0.47320999999999996
4188,0.53796
4189,0.484
4190,0.31663
4191,0.25433
4192,0.10626999999999999
4193,0.011689999999999999
4194,0.0
4195,0.0
4196,0.0
4197,0.0
4198,0.0
4199,0.0
4200,0.0
4201,0.0
4202,0.0
4203,0.0
4204,0.0
4205,0.0
4206,0.02901
4207,0.16163999999999998
4208,0.31145
4209,0.4102
4210,0.39461
4211,0.4139
4212,0.5449400000000001
4213,0.38837
4214,0.31942000000000004
4215,0.22021000000000002
4216,0.06839
4217,0.00845
4218,0.0
4219,0.0
4220,0.0
4221,0.0
4222,0.0
4223,0.0
4224,0.0
4225,0.0
4226,0.0
4227,0.0
4228,0.0
4229,0.0
4230,0.00914
4231,0.05414
4232,0.11759
4233,0.09897
4234,0.15499000000000002
4235,0.23199
4236,0.28713
4237,0.26289999999999997
4238,0.2374
4239,0.29974
4240,0.13168000000000002
4241,0.020370000000000003
4242,0.0
4243,0.0
4244,0.0
4245,0.0
4246,0.0
4247,0.0
4248,0.0
4249,0.0
4250,0.0
4251,0.0
4252,0.0
4253,0.0
4254,0.038060000000000004
4255,0.14936000000000002
4256,0.29147
4257,0.39588999999999996
4258,0.45504
4259,0.42560000000000003
4260,0.28267000000000003
4261,0.38303
4262,0.39844
4263,0.3297
4264,0.13591
4265,0.019399999999999997
4266,0.0
4267,0.0
4268,0.0
4269,0.0
4270,0.0
4271,0.0
4272,0.0
4273,0.0
4274,0.0
4275,0.0
4276,0.0
4277,0.0
4278,0.02925
4279,0.16997
4280,0.28599
4281,0.35211000000000003
4282,0.39238999999999996
4283,0.3717
4284,0.4224
4285,0.25435
4286,0.23881
4287,0.16569
4288,0.06884
4289,0.008369999999999999
4290,0.0
4291,0.0
4292,0.0
4293,0.0
4294,0.0
4295,0.0
4296,0.0
4297,0.0
4298,0.0
4299,0.0
4300,0.0
4301,0.0
4302,0.011980000000000001
4303,0.09668
4304,0.09373999999999999
4305,0.20479
4306,0.23181000000000002
4307,0.29679
4308,0.32232
4309,0.29775999999999997
4310,0.19312
4311,0.13683
4312,0.06718
4313,0.00717
4314,0.0
4315,0.0
4316,0.0
4317,0.0
4318,0.0
4319,0.0
4320,0.0
4321,0.0
4322,0.0
4323,0.0
4324,0.0
4325,0.0
4326,0.03009
4327,0.10765000000000001
4328,0.25427
4329,0.35208
4330,0.39203
4331,0.43251
4332,0.57212
4333,0.48188
4334,0.38027999999999995
4335,0.26894
4336,0.13025
4337,0.01548
4338,0.0
4339,0.0
4340,0.0
4341,0.0
4342,0.0
4343,0.0
4344,0.0
4345,0.0
4346,0.0
4347,0.0
4348,0.0
4349,0.0
4350,0.01767
4351,0.08649
4352,0.20507
4353,0.3133
4354,0.35636
4355,0.24556
4356,0.45292
4357,0.41091
4358,0.3387
4359,0.26015
4360,0.09756000000000001
4361,0.01225
4362,0.0
4363,0.0
4364,0.0
4365,0.0
4366,0.0
4367,0.0
4368,0.0
4369,0.0
4370,0.0
4371,0.0
4372,0.0
4373,0.0
4374,0.01896
4375,0.07819
4376,0.18736000000000003
4377,0.20899
4378,0.37181000000000003
4379,0.45663
4380,0.3745
4381,0.32287
4382,0.33988
4383,0.23054
4384,0.13333
4385,0.011689999999999999
4386,0.0
4387,0.0
4388,0.0
4389,0.0
4390,0.0
4391,0.0
4392,0.0
4393,0.0
4394,0.0
4395,0.0
4396,0.0
4397,0.0
4398,0.02199
4399,0.11458
4400,0.19907
4401,0.22686
4402,0.28107
4403,0.28786
4404,0.32269
4405,0.41164999999999996
4406,0.3482
4407,0.30267
4408,0.12872
4409,0.012410000000000001
4410,0.0
4411,0.0
4412,0.0
4413,0.0
4414,0.0
4415,0.0
4416,0.0
4417,0.0
4418,0.0
4419,0.0
4420,0.0
4421,0.0
4422,0.00625
4423,0.026260000000000002
4424,0.07848999999999999
4425,0.11973
4426,0.10351
4427,0.09273999999999999
4428,0.15339
4429,0.34088999999999997
4430,0.28492
4431,0.21209
4432,0.12336
4433,0.020390000000000002
4434,0.0
4435,0.0
4436,0.0
4437,0.0
4438,0.0
4439,0.0
4440,0.0
4441,0.0
4442,0.0
4443,0.0
4444,0.0
4445,0.0
4446,0.032369999999999996
4447,0.15716
4448,0.33317
4449,0.45519
4450,0.54704
4451,0.58059
4452,0.57835
4453,0.54303
4454,0.42025999999999997
4455,0.28806
4456,0.13481
4457,0.020030000000000003
4458,0.0
4459,0.0
4460,0.0
4461,0.0
4462,0.0
4463,0.0
4464,0.0
4465,0.0
4466,0.0
4467,0.0
4468,0.0
4469,0.0
4470,0.030019999999999998
4471,0.1663
4472,0.28046
4473,0.37523
4474,0.42781
4475,0.42604000000000003
4476,0.43873
4477,0.43939
4478,0.33432
4479,0.27074000000000004
4480,0.09373999999999999
4481,0.0156
4482,0.0
4483,0.0
4484,0.0
4485,0.0
4486,0.0
4487,0.0
4488,0.0
4489,0.0
4490,0.0
4491,0.0
4492,0.0
4493,0.0
4494,0.012960000000000001
4495,0.0714
4496,0.12761
4497,0.29357
4498,0.37768
4499,0.5188200000000001
4500,0.46470999999999996
4501,0.23361
4502,0.19297999999999998
4503,0.19213999999999998
4504,0.08817
4505,0.02125
4506,0.0
4507,0.0
4508,0.0
4509,0.0
4510,0.0
4511,0.0
4512,0.0
4513,0.0
4514,0.0
4515,0.0
4516,0.0
4517,0.0
4518,0.02885
4519,0.12716
4520,0.21969999999999998
4521,0.17559
4522,0.25938
4523,0.33307
4524,0.33817
4525,0.45886
4526,0.43128
4527,0.29076
4528,0.12707
4529,0.01832
4530,0.0
4531,0.0
4532,0.0
4533,0.0
4534,0.0
4535,0.0
4536,0.0
4537,0.0
4538,0.0
4539,0.0
4540,0.0
4541,0.0
4542,0.00639
4543,0.03664
4544,0.111
4545,0.19059
4546,0.16438999999999998
4547,0.26195999999999997
4548,0.18766999999999998
4549,0.35393
4550,0.33606
4551,0.31955
4552,0.14393999999999998
4553,0.01594
4554,0.0
4555,0.0
4556,0.0
4557,0.0
4558,0.0
4559,0.0
4560,0.0
4561,0.0
4562,0.0
4563,0.0
4564,0.0
4565,0.0
4566,0.03498
4567,0.15734
4568,0.33582
4569,0.34992
4570,0.42749000000000004
4571,0.49583999999999995
4572,0.47328
4573,0.44677
4574,0.4162
4575,0.24258000000000002
4576,0.1265
4577,0.01941
4578,0.0
4579,0.0
4580,0.0
4581,0.0
4582,0.0
4583,0.0
4584,0.0
4585,0.0
4586,0.0
4587,0.0
4588,0.0
4589,0.0
4590,0.01912
4591,0.10423
4592,0.25286000000000003
4593,0.32669
4594,0.37799
4595,0.39866
4596,0.33631
4597,0.21051
4598,0.18986
4599,0.11948
4600,0.047869999999999996
4601,0.01062
4602,0.0
4603,0.0
4604,0.0
4605,0.0
4606,0.0
4607,0.0
4608,0.0
4609,0.0
4610,0.0
4611,0.0
4612,0.0
4613,0.0
4614,0.03461
4615,0.18869999999999998
4616,0.36160000000000003
4617,0.51295
4618,0.56314
4619,0.62006
4620,0.64134
4621,0.58226
4622,0.48458999999999997
4623,0.31939
4624,0.1575
4625,0.02427
4626,0.0
4627,0.0
4628,0.0
4629,0.0
4630,0.0
4631,0.0
4632,0.0
4633,0.0
4634,0.0
4635,0.0
4636,0.0
4637,0.0
4638,0.03243
4639,0.17247
4640,0.37503
4641,0.48445
4642,0.42496
4643,0.48839
4644,0.40619
4645,0.49213999999999997
4646,0.41807
4647,0.27876999999999996
4648,0.1211
4649,0.02174
4650,0.0
4651,0.0
4652,0.0
4653,0.0
4654,0.0
4655,0.0
4656,0.0
4657,0.0
4658,0.0
4659,0.0
4660,0.0
4661,0.0
4662,0.0197
4663,0.08724
4664,0.19235
4665,0.23258
4666,0.34123000000000003
4667,0.36348
4668,0.50925
4669,0.52963
4670,0.36455
4671,0.23646999999999999
4672,0.11645
4673,0.023440000000000003
4674,0.0
4675,0.0
4676,0.0
4677,0.0
4678,0.0
4679,0.0
4680,0.0
4681,0.0
4682,0.0
4683,0.0
4684,0.0
4685,0.0
4686,0.02009
4687,0.09993
4688,0.18134
4689,0.23929
4690,0.33447000000000005
4691,0.37435
4692,0.42863999999999997
4693,0.45812
4694,0.31277999999999995
4695,0.2032
4696,0.09469
4697,0.022019999999999998
4698,0.0
4699,0.0
4700,0.0
4701,0.0
4702,0.0
4703,0.0
4704,0.0
4705,0.0
4706,0.0
4707,0.0
4708,0.0
4709,0.0
4710,0.02148
4711,0.08331999999999999
4712,0.15480000000000002
4713,0.21919999999999998
4714,0.31468
4715,0.28893
4716,0.35719999999999996
4717,0.28898
4718,0.20984
4719,0.12551
4720,0.09653
4721,0.01774
4722,0.0
4723,0.0
4724,0.0
4725,0.0
4726,0.0
4727,0.0
4728,0.0
4729,0.0
4730,0.0
4731,0.0
4732,0.0
4733,0.0
4734,0.027800000000000002
4735,0.0878
4736,0.21174
4737,0.35543
4738,0.36927
4739,0.44437
4740,0.55212
4741,0.33817
4742,0.30727
4743,0.17107
4744,0.07640000000000001
4745,0.00992
4746,0.0
4747,0.0
4748,0.0
4749,0.0
4750,0.0
4751,0.0
4752,0.0
4753,0.0
4754,0.0
4755,0.0
4756,0.0
4757,0.0
4758,0.00636
4759,0.027039999999999998
4760,0.0523
4761,0.10169
4762,0.24053
4763,0.23989
4764,0.24833000000000002
4765,0.20589
4766,0.25245
4767,0.22577
4768,0.10833
4769,0.01806
4770,0.0
4771,0.0
4772,0.0
4773,0.0
4774,0.0
4775,0.0
4776,0.0
4777,0.0
4778,0.0
4779,0.0
4780,0.0
4781,0.0
4782,0.01324
4783,0.11476
4784,0.21524000000000001
4785,0.3376
4786,0.44011
4787,0.42002
4788,0.46799
4789,0.42292
4790,0.3644
4791,0.23856
4792,0.10015
4793,0.01602
4794,0.0
4795,0.0
4796,0.0
4797,0.0
4798,0.0
4799,0.0
4800,0.0
4801,0.0
4802,0.0
4803,0.0
4804,0.0
4805,0.0
4806,0.02711
4807,0.19727
4808,0.32489999999999997
4809,0.44789
4810,0.5127
4811,0.59973
4812,0.54808
4813,0.46155
4814,0.31539999999999996
4815,0.27385000000000004
4816,0.14209
4817,0.019629999999999998
4818,0.0
4819,0.0
4820,0.0
4821,0.0
4822,0.0
4823,0.0
4824,0.0
4825,0.0
4826,0.0
4827,0.0
4828,0.0
4829,0.0
4830,0.03131
4831,0.15015
4832,0.36468
4833,0.5032099999999999
4834,0.54888
4835,0.57272
4836,0.52643
4837,0.44433999999999996
4838,0.31699
4839,0.24481
4840,0.1457
4841,0.01878
4842,0.0
4843,0.0
4844,0.0
4845,0.0
4846,0.0
4847,0.0
4848,0.0
4849,0.0
4850,0.0
4851,0.0
4852,0.0
4853,0.0
4854,0.03822
4855,0.22790000000000002
4856,0.39782
4857,0.5210199999999999
4858,0.61245
4859,0.6364099999999999
4860,0.62893
4861,0.58011
4862,0.47163
4863,0.35881
4864,0.16233
4865,0.01806
4866,0.0
4867,0.0
4868,0.0
4869,0.0
4870,0.0
4871,0.0
4872,0.0
4873,0.0
4874,0.0
4875,0.0
4876,0.0
4877,0.0
4878,0.022359999999999998
4879,0.14098
4880,0.27219
4881,0.3964
4882,0.4697
4883,0.52028
4884,0.37242000000000003
4885,0.37338
4886,0.39827999999999997
4887,0.27514999999999995
4888,0.13591
4889,0.0145
4890,0.0
4891,0.0
4892,0.0
4893,0.0
4894,0.0
4895,0.0
4896,0.0
4897,0.0
4898,0.0
4899,0.0
4900,0.0
4901,0.0
4902,0.02895
4903,0.15899000000000002
4904,0.32513
4905,0.44424
4906,0.52304
4907,0.5672699999999999
4908,0.5745800000000001
4909,0.5527799999999999
4910,0.44135
4911,0.26982
4912,0.14936000000000002
4913,0.019469999999999998
4914,0.0
4915,0.0
4916,0.0
4917,0.0
4918,0.0
4919,0.0
4920,0.0
4921,0.0
4922,0.0
4923,0.0
4924,0.0
4925,0.0
4926,0.020370000000000003
4927,0.12974000000000002
4928,0.29143
4929,0.43722000000000005
4930,0.50615
4931,0.52558
4932,0.54716
4933,0.50304
4934,0.39920999999999995
4935,0.26796
4936,0.12789
4937,0.01863
4938,0.0
4939,0.0
4940,0.0
4941,0.0
4942,0.0
4943,0.0
4944,0.0
4945,0.0
4946,0.0
4947,0.0
4948,0.0
4949,0.0
4950,0.02161
4951,0.1264
4952,0.08489000000000001
4953,0.25626
4954,0.33725
4955,0.34972000000000003
4956,0.39499
4957,0.37198000000000003
4958,0.42033
4959,0.26702
4960,0.08427
4961,0.01283
4962,0.0
4963,0.0
4964,0.0
4965,0.0
4966,0.0
4967,0.0
4968,0.0
4969,0.0
4970,0.0
4971,0.0
4972,0.0
4973,0.0
4974,0.022010000000000002
4975,0.09004999999999999
4976,0.1251
4977,0.19397
4978,0.14906999999999998
4979,0.19986
4980,0.32757
4981,0.12869999999999998
4982,0.19728
4983,0.11527
4984,0.08561
4985,0.00982
4986,0.0
4987,0.0
4988,0.0
4989,0.0
4990,0.0
4991,0.0
4992,0.0
4993,0.0
4994,0.0
4995,0.0
4996,0.0
4997,0.0
4998,0.016280000000000003
4999,0.13528
5000,0.33231
5001,0.48064999999999997
5002,0.50232
5003,0.55433
5004,0.57316
5005,0.5488999999999999
5006,0.43709
5007,0.30391
5008,0.14862
5009,0.01745
5010,0.0
5011,0.0
5012,0.0
5013,0.0
5014,0.0
5015,0.0
5016,0.0
5017,0.0
5018,0.0
5019,0.0
5020,0.0
5021,0.0
5022,0.03359
5023,0.15522999999999998
5024,0.28255
5025,0.32638
5026,0.38975
5027,0.46144999999999997
5028,0.45044
5029,0.15972
5030,0.2329
5031,0.1725
5032,0.15338
5033,0.0241
5034,0.0
5035,0.0
5036,0.0
5037,0.0
5038,0.0
5039,0.0
5040,0.0
5041,0.0
5042,0.0
5043,0.0
5044,0.0
5045,0.0
5046,0.019399999999999997
5047,0.15469
5048,0.29504
5049,0.42328
5050,0.52776
5051,0.63648
5052,0.59089
5053,0.55723
5054,0.47496
5055,0.33551
5056,0.14773
5057,0.01989
5058,0.0
5059,0.0
5060,0.0
5061,0.0
5062,0.0
5063,0.0
5064,0.0
5065,0.0
5066,0.0
5067,0.0
5068,0.0
5069,0.0
5070,0.02637
5071,0.18315
5072,0.33244
5073,0.43433999999999995
5074,0.5409700000000001
5075,0.61978
5076,0.6190800000000001
5077,0.50941
5078,0.42004
5079,0.22598
5080,0.1184
5081,0.02174
5082,0.0
5083,0.0
5084,0.0
5085,0.0
5086,0.0
5087,0.0
5088,0.0
5089,0.0
5090,0.0
5091,0.0
5092,0.0
5093,0.0
5094,0.027129999999999998
5095,0.16003
5096,0.30639
5097,0.4863
5098,0.5239
5099,0.57131
5100,0.6006900000000001
5101,0.49701999999999996
5102,0.42269
5103,0.31432
5104,0.13815
5105,0.02566
5106,0.0
5107,0.0
5108,0.0
5109,0.0
5110,0.0
5111,0.0
5112,0.0
5113,0.0
5114,0.0
5115,0.0
5116,0.0
5117,0.0
5118,0.03066
5119,0.16697
5120,0.32088
5121,0.46524
5122,0.55203
5123,0.5198400000000001
5124,0.52062
5125,0.5334800000000001
5126,0.36699
5127,0.29416000000000003
5128,0.12937
5129,0.01899
5130,0.0
5131,0.0
5132,0.0
5133,0.0
5134,0.0
5135,0.0
5136,0.0
5137,0.0
5138,0.0
5139,0.0
5140,0.0
5141,0.0
5142,0.01315
5143,0.10762999999999999
5144,0.21389
5145,0.26013
5146,0.37495999999999996
5147,0.47975999999999996
5148,0.35143
5149,0.40072
5150,0.29189
5151,0.30155
5152,0.09986
5153,0.016730000000000002
5154,0.0
5155,0.0
5156,0.0
5157,0.0
5158,0.0
5159,0.0
5160,0.0
5161,0.0
5162,0.0
5163,0.0
5164,0.0
5165,0.0
5166,0.01143
5167,0.08343
5168,0.1956
5169,0.30118
5170,0.29134
5171,0.33916
5172,0.44922
5173,0.35736
5174,0.27899
5175,0.27297000000000005
5176,0.14521
5177,0.0136
5178,0.0
5179,0.0
5180,0.0
5181,0.0
5182,0.0
5183,0.0
5184,0.0
5185,0.0
5186,0.0
5187,0.0
5188,0.0
5189,0.0
5190,0.01126
5191,0.15039
5192,0.28589
5193,0.46059
5194,0.49513999999999997
5195,0.5565
5196,0.44285
5197,0.48932
5198,0.4088
5199,0.21199
5200,0.10865000000000001
5201,0.01759
5202,0.0
5203,0.0
5204,0.0
5205,0.0
5206,0.0
5207,0.0
5208,0.0
5209,0.0
5210,0.0
5211,0.0
5212,0.0
5213,0.0
5214,0.00624
5215,0.0501
5216,0.09074
5217,0.15181999999999998
5218,0.12838999999999998
5219,0.15316
5220,0.15562
5221,0.37173
5222,0.38180000000000003
5223,0.28668
5224,0.14497
5225,0.01761
5226,0.0
5227,0.0
5228,0.0
5229,0.0
5230,0.0
5231,0.0
5232,0.0
5233,0.0
5234,0.0
5235,0.0
5236,0.0
5237,0.0
5238,0.031239999999999997
5239,0.16331
5240,0.28139
5241,0.43707
5242,0.58639
5243,0.57502
5244,0.62928
5245,0.5370499999999999
5246,0.44316
5247,0.33588999999999997
5248,0.15941
5249,0.019940000000000003
5250,0.0
5251,0.0
5252,0.0
5253,0.0
5254,0.0
5255,0.0
5256,0.0
5257,0.0
5258,0.0
5259,0.0
5260,0.0
5261,0.0
5262,0.01916
5263,0.13397
5264,0.26086000000000004
5265,0.35001
5266,0.38339
5267,0.40749
5268,0.40834
5269,0.51832
5270,0.44386000000000003
5271,0.24311000000000002
5272,0.11782
5273,0.00843
5274,0.0
5275,0.0
5276,0.0
5277,0.0
5278,0.0
5279,0.0
5280,0.0
5281,0.0
5282,0.0
5283,0.0
5284,0.0
5285,0.0
5286,0.0104
5287,0.06570000000000001
5288,0.21053
5289,0.34887
5290,0.44269
5291,0.50896
5292,0.51852
5293,0.60151
5294,0.37087
5295,0.19209
5296,0.09988
5297,0.01471
5298,0.0
5299,0.0
5300,0.0
5301,0.0
5302,0.0
5303,0.0
5304,0.0
5305,0.0
5306,0.0
5307,0.0
5308,0.0
5309,0.0
5310,0.0308
5311,0.17132
5312,0.28026999999999996
5313,0.50193
5314,0.47864999999999996
5315,0.40617000000000003
5316,0.41923
5317,0.22413
5318,0.31033999999999995
5319,0.162
5320,0.13747
5321,0.01273
5322,0.0
5323,0.0
5324,0.0
5325,0.0
5326,0.0
5327,0.0
5328,0.0
5329,0.0
5330,0.0
5331,0.0
5332,0.0
5333,0.0
5334,0.015380000000000001
5335,0.06835
5336,0.22813999999999998
5337,0.26526
5338,0.43301
5339,0.38415
5340,0.51671
5341,0.53895
5342,0.45018
5343,0.28439
5344,0.13831
5345,0.01768
5346,0.0
5347,0.0
5348,0.0
5349,0.0
5350,0.0
5351,0.0
5352,0.0
5353,0.0
5354,0.0
5355,0.0
5356,0.0
5357,0.0
5358,0.01009
5359,0.06106
5360,0.18080000000000002
5361,0.24593
5362,0.32469
5363,0.48131999999999997
5364,0.5422100000000001
5365,0.47929
5366,0.37807
5367,0.32177
5368,0.14162
5369,0.020390000000000002
5370,0.0
5371,0.0
5372,0.0
5373,0.0
5374,0.0
5375,0.0
5376,0.0
5377,0.0
5378,0.0
5379,0.0
5380,0.0
5381,0.0
5382,0.020059999999999998
5383,0.09616
5384,0.15381999999999998
5385,0.20218
5386,0.24227
5387,0.43657
5388,0.45000999999999997
5389,0.58649
5390,0.48769
5391,0.34831
5392,0.13426
5393,0.01852
5394,0.0
5395,0.0
5396,0.0
5397,0.0
5398,0.0
5399,0.0
5400,0.0
5401,0.0
5402,0.0
5403,0.0
5404,0.0
5405,0.0
5406,0.03462
5407,0.15294
5408,0.35045
5409,0.5059
5410,0.47439
5411,0.40675
5412,0.42094
5413,0.23102
5414,0.21483000000000002
5415,0.14730000000000001
5416,0.03915
5417,0.0071200000000000005
5418,0.0
5419,0.0
5420,0.0
5421,0.0
5422,0.0
5423,0.0
5424,0.0
5425,0.0
5426,0.0
5427,0.0
5428,0.0
5429,0.0
5430,0.03415
5431,0.1198
5432,0.23121
5433,0.32459
5434,0.39848
5435,0.32877999999999996
5436,0.37241
5437,0.26550999999999997
5438,0.22224000000000002
5439,0.18574000000000002
5440,0.06545999999999999
5441,0.00811
5442,0.0
5443,0.0
5444,0.0
5445,0.0
5446,0.0
5447,0.0
5448,0.0
5449,0.0
5450,0.0
5451,0.0
5452,0.0
5453,0.0
5454,0.04416
5455,0.21339
5456,0.37418
5457,0.47831
5458,0.6232300000000001
5459,0.65708
5460,0.6126
5461,0.5780599999999999
5462,0.48842
5463,0.35829
5464,0.17172
5465,0.01376
5466,0.0
5467,0.0
5468,0.0
5469,0.0
5470,0.0
5471,0.0
5472,0.0
5473,0.0
5474,0.0
5475,0.0
5476,0.0
5477,0.0
5478,0.04021
5479,0.22319
5480,0.37138
5481,0.48932
5482,0.62507
5483,0.5833400000000001
5484,0.55761
5485,0.58648
5486,0.47942
5487,0.26380000000000003
5488,0.15049
5489,0.011300000000000001
5490,0.0
5491,0.0
5492,0.0
5493,0.0
5494,0.0
5495,0.0
5496,0.0
5497,0.0
5498,0.0
5499,0.0
5500,0.0
5501,0.0
5502,0.04482
5503,0.22511
5504,0.40554
5505,0.53991
5506,0.5789
5507,0.47402
5508,0.54087
5509,0.22085
5510,0.17962
5511,0.19901
5512,0.09284
5513,0.013859999999999999
5514,0.0
5515,0.0
5516,0.0
5517,0.0
5518,0.0
5519,0.0
5520,0.0
5521,0.0
5522,0.0
5523,0.0
5524,0.0
5525,0.0
5526,0.027809999999999998
5527,0.13188999999999998
5528,0.27825
5529,0.48779
5530,0.5721799999999999
5531,0.56913
5532,0.5272100000000001
5533,0.57239
5534,0.41822000000000004
5535,0.33047000000000004
5536,0.11044
5537,0.01024
5538,0.0
5539,0.0
5540,0.0
5541,0.0
5542,0.0
5543,0.0
5544,0.0
5545,0.0
5546,0.0
5547,0.0
5548,0.0
5549,0.0
5550,0.03377
5551,0.17121
5552,0.31765
5553,0.5163099999999999
5554,0.53988
5555,0.6063200000000001
5556,0.61341
5557,0.5262100000000001
5558,0.43562
5559,0.34192
5560,0.1458
5561,0.01115
5562,0.0
5563,0.0
5564,0.0
5565,0.0
5566,0.0
5567,0.0
5568,0.0
5569,0.0
5570,0.0
5571,0.0
5572,0.0
5573,0.0
5574,0.02582
5575,0.15869
5576,0.32617
5577,0.4347
5578,0.3732
5579,0.45081
5580,0.4141
5581,0.43052999999999997
5582,0.29775
5583,0.16684000000000002
5584,0.11537
5585,0.0144
5586,0.0
5587,0.0
5588,0.0
5589,0.0
5590,0.0
5591,0.0
5592,0.0
5593,0.0
5594,0.0
5595,0.0
5596,0.0
5597,0.0
5598,0.0339
5599,0.16372
5600,0.32487
5601,0.41606
5602,0.47001
5603,0.48104
5604,0.44035
5605,0.1834
5606,0.21622999999999998
5607,0.23033
5608,0.15125
5609,0.01104
5610,0.0
5611,0.0
5612,0.0
5613,0.0
5614,0.0
5615,0.0
5616,0.0
5617,0.0
5618,0.0
5619,0.0
5620,0.0
5621,0.0
5622,0.05049
5623,0.23515
5624,0.42023
5625,0.5538
5626,0.63187
5627,0.63761
5628,0.61472
5629,0.5047699999999999
5630,0.5015299999999999
5631,0.33631
5632,0.16703
5633,0.01122
5634,0.0
5635,0.0
5636,0.0
5637,0.0
5638,0.0
5639,0.0
5640,0.0
5641,0.0
5642,0.0
5643,0.0
5644,0.0
5645,0.0
5646,0.03668
5647,0.19623
5648,0.36263
5649,0.5099
5650,0.5491699999999999
5651,0.6020399999999999
5652,0.5904400000000001
5653,0.59537
5654,0.40418
5655,0.3055
5656,0.12897
5657,0.0106
5658,0.0
5659,0.0
5660,0.0
5661,0.0
5662,0.0
5663,0.0
5664,0.0
5665,0.0
5666,0.0
5667,0.0
5668,0.0
5669,0.0
5670,0.04139
5671,0.20683
5672,0.39048
5673,0.52826
5674,0.61536
5675,0.61817
5676,0.58299
5677,0.51302
5678,0.27979000000000004
5679,0.15431
5680,0.05943
5681,0.0095
5682,0.0
5683,0.0
5684,0.0
5685,0.0
5686,0.0
5687,0.0
5688,0.0
5689,0.0
5690,0.0
5691,0.0
5692,0.0
5693,0.0
5694,0.03921
5695,0.18193
5696,0.39882
5697,0.50643
5698,0.57132
5699,0.58209
5700,0.51566
5701,0.49467
5702,0.47887
5703,0.2759
5704,0.15115
5705,0.01801
5706,0.0
5707,0.0
5708,0.0
5709,0.0
5710,0.0
5711,0.0
5712,0.0
5713,0.0
5714,0.0
5715,0.0
5716,0.0
5717,0.0
5718,0.052270000000000004
5719,0.23558
5720,0.41307
5721,0.55756
5722,0.6554
5723,0.6820900000000001
5724,0.62722
5725,0.49633
5726,0.42567
5727,0.36422000000000004
5728,0.14556
5729,0.01802
5730,0.0
5731,0.0
5732,0.0
5733,0.0
5734,0.0
5735,0.0
5736,0.0
5737,0.0
5738,0.0
5739,0.0
5740,0.0
5741,0.0
5742,0.033530000000000004
5743,0.17139
5744,0.2998
5745,0.45768000000000003
5746,0.6241
5747,0.68014
5748,0.65862
5749,0.62158
5750,0.49356
5751,0.2836
5752,0.11477
5753,0.016149999999999998
5754,0.0
5755,0.0
5756,0.0
5757,0.0
5758,0.0
5759,0.0
5760,0.0
5761,0.0
5762,0.0
5763,0.0
5764,0.0
5765,0.0
5766,0.04516
5767,0.22943
5768,0.40979000000000004
5769,0.51286
5770,0.61907
5771,0.65715
5772,0.6478200000000001
5773,0.58776
5774,0.46907
5775,0.31214
5776,0.12868000000000002
5777,0.012960000000000001
5778,0.0
5779,0.0
5780,0.0
5781,0.0
5782,0.0
5783,0.0
5784,0.0
5785,0.0
5786,0.0
5787,0.0
5788,0.0
5789,0.0
5790,0.04999
5791,0.20897
5792,0.35689
5793,0.51855
5794,0.5968
5795,0.54891
5796,0.49076
5797,0.53776
5798,0.42699000000000004
5799,0.25651999999999997
5800,0.09276000000000001
5801,0.01302
5802,0.0
5803,0.0
5804,0.0
5805,0.0
5806,0.0
5807,0.0
5808,0.0
5809,0.0
5810,0.0
5811,0.0
5812,0.0
5813,0.0
5814,0.044090000000000004
5815,0.20689
5816,0.36567
5817,0.54222
5818,0.6247
5819,0.61486
5820,0.60876
5821,0.59373
5822,0.44338
5823,0.3033
5824,0.13218000000000002
5825,0.012199999999999999
5826,0.0
5827,0.0
5828,0.0
5829,0.0
5830,0.0
5831,0.0
5832,0.0
5833,0.0
5834,0.0
5835,0.0
5836,0.0
5837,0.0
5838,0.03451
5839,0.13225
5840,0.24559
5841,0.3755
5842,0.46103
5843,0.5392
5844,0.54565
5845,0.51386
5846,0.44423
5847,0.28442
5848,0.106
5849,0.00999
5850,0.0
5851,0.0
5852,0.0
5853,0.0
5854,0.0
5855,0.0
5856,0.0
5857,0.0
5858,0.0
5859,0.0
5860,0.0
5861,0.0
5862,0.01482
5863,0.08287
5864,0.20056000000000002
5865,0.33524
5866,0.39612
5867,0.50774
5868,0.48957
5869,0.50897
5870,0.38818
5871,0.28645
5872,0.12509
5873,0.016309999999999998
5874,0.0
5875,0.0
5876,0.0
5877,0.0
5878,0.0
5879,0.0
5880,0.0
5881,0.0
5882,0.0
5883,0.0
5884,0.0
5885,0.0
5886,0.04686
5887,0.17177
5888,0.34005
5889,0.4239
5890,0.54246
5891,0.60995
5892,0.63298
5893,0.51481
5894,0.49777
5895,0.33885000000000004
5896,0.15084999999999998
5897,0.011470000000000001
5898,0.0
5899,0.0
5900,0.0
5901,0.0
5902,0.0
5903,0.0
5904,0.0
5905,0.0
5906,0.0
5907,0.0
5908,0.0
5909,0.0
5910,0.061880000000000004
5911,0.25883
5912,0.43895
5913,0.56478
5914,0.6219
5915,0.67104
5916,0.5800599999999999
5917,0.5621
5918,0.49093000000000003
5919,0.30232
5920,0.16481
5921,0.006549999999999999
5922,0.0
5923,0.0
5924,0.0
5925,0.0
5926,0.0
5927,0.0
5928,0.0
5929,0.0
5930,0.0
5931,0.0
5932,0.0
5933,0.0
5934,0.04145
5935,0.17117
5936,0.2721
5937,0.41705000000000003
5938,0.53923
5939,0.59412
5940,0.5771900000000001
5941,0.5817100000000001
5942,0.45697000000000004
5943,0.27432999999999996
5944,0.11788
5945,0.00805
5946,0.0
5947,0.0
5948,0.0
5949,0.0
5950,0.0
5951,0.0
5952,0.0
5953,0.0
5954,0.0
5955,0.0
5956,0.0
5957,0.0
5958,0.03022
5959,0.14883000000000002
5960,0.37022000000000005
5961,0.38353
5962,0.56355
5963,0.5553400000000001
5964,0.63209
5965,0.43771
5966,0.41851
5967,0.2708
5968,0.16309
5969,0.011550000000000001
5970,0.0
5971,0.0
5972,0.0
5973,0.0
5974,0.0
5975,0.0
5976,0.0
5977,0.0
5978,0.0
5979,0.0
5980,0.0
5981,0.0
5982,0.04147
5983,0.16174000000000002
5984,0.3685
5985,0.47362
5986,0.59505
5987,0.65664
5988,0.5300199999999999
5989,0.58736
5990,0.45942
5991,0.27711
5992,0.15866
5993,0.011800000000000001
5994,0.0
5995,0.0
5996,0.0
5997,0.0
5998,0.0
5999,0.0
6000,0.0
6001,0.0
6002,0.0
6003,0.0
6004,0.0
6005,0.0
6006,0.04818
6007,0.20493
6008,0.36772000000000005
6009,0.5253300000000001
6010,0.56859
6011,0.6597000000000001
6012,0.65123
6013,0.37288
6014,0.34313
6015,0.31724
6016,0.13244
6017,0.011470000000000001
6018,0.0
6019,0.0
6020,0.0
6021,0.0
6022,0.0
6023,0.0
6024,0.0
6025,0.0
6026,0.0
6027,0.0
6028,0.0
6029,0.0
6030,0.06397
6031,0.26015
6032,0.44193
6033,0.52824
6034,0.5601499999999999
6035,0.66398
6036,0.66642
6037,0.58327
6038,0.46591000000000005
6039,0.28681
6040,0.15552000000000002
6041,0.00897
6042,0.0
6043,0.0
6044,0.0
6045,0.0
6046,0.0
6047,0.0
6048,0.0
6049,0.0
6050,0.0
6051,0.0
6052,0.0
6053,0.0
6054,0.05529
6055,0.19644999999999999
6056,0.36626
6057,0.54342
6058,0.6223200000000001
6059,0.63761
6060,0.58765
6061,0.52112
6062,0.41507
6063,0.24395
6064,0.10345
6065,0.0077599999999999995
6066,0.0
6067,0.0
6068,0.0
6069,0.0
6070,0.0
6071,0.0
6072,0.0
6073,0.0
6074,0.0
6075,0.0
6076,0.0
6077,0.0
6078,0.054990000000000004
6079,0.24843
6080,0.43626
6081,0.567
6082,0.6615
6083,0.6820900000000001
6084,0.6012799999999999
6085,0.4268
6086,0.34639
6087,0.22177000000000002
6088,0.12486
6089,0.0046500000000000005
6090,0.0
6091,0.0
6092,0.0
6093,0.0
6094,0.0
6095,0.0
6096,0.0
6097,0.0
6098,0.0
6099,0.0
6100,0.0
6101,0.0
6102,0.03787
6103,0.16066
6104,0.29097
6105,0.46094
6106,0.6013999999999999
6107,0.56656
6108,0.64523
6109,0.53661
6110,0.37947000000000003
6111,0.23483
6112,0.14396
6113,0.00859
6114,0.0
6115,0.0
6116,0.0
6117,0.0
6118,0.0
6119,0.0
6120,0.0
6121,0.0
6122,0.0
6123,0.0
6124,0.0
6125,0.0
6126,0.0593
6127,0.23987
6128,0.40576999999999996
6129,0.54295
6130,0.5234800000000001
6131,0.44891000000000003
6132,0.5651
6133,0.53001
6134,0.45441000000000004
6135,0.30669
6136,0.12836
6137,0.0107
6138,0.0
6139,0.0
6140,0.0
6141,0.0
6142,0.0
6143,0.0
6144,0.0
6145,0.0
6146,0.0
6147,0.0
6148,0.0
6149,0.0
6150,0.07025
6151,0.2796
6152,0.45109
6153,0.5199
6154,0.6233200000000001
6155,0.62849
6156,0.6147400000000001
6157,0.6344
6158,0.51309
6159,0.30485
6160,0.13891
6161,0.0051600000000000005
6162,0.0
6163,0.0
6164,0.0
6165,0.0
6166,0.0
6167,0.0
6168,0.0
6169,0.0
6170,0.0
6171,0.0
6172,0.0
6173,0.0
6174,0.056909999999999995
6175,0.23
6176,0.43545
6177,0.52783
6178,0.63525
6179,0.62817
6180,0.5317000000000001
6181,0.58993
6182,0.41122000000000003
6183,0.28402999999999995
6184,0.14612
6185,0.01267
6186,0.0
6187,0.0
6188,0.0
6189,0.0
6190,0.0
6191,0.0
6192,0.0
6193,0.0
6194,0.0
6195,0.0
6196,0.0
6197,0.0
6198,0.06809
6199,0.24502000000000002
6200,0.44368
6201,0.57699
6202,0.6533
6203,0.70451
6204,0.60522
6205,0.58946
6206,0.47449
6207,0.34944
6208,0.1603
6209,0.008150000000000001
6210,0.0
6211,0.0
6212,0.0
6213,0.0
6214,0.0
6215,0.0
6216,0.0
6217,0.0
6218,0.0
6219,0.0
6220,0.0
6221,0.0
6222,0.05618
6223,0.20549
6224,0.25255
6225,0.48699000000000003
6226,0.57811
6227,0.6103999999999999
6228,0.5786100000000001
6229,0.51779
6230,0.42218
6231,0.29245
6232,0.09727
6233,0.0046
6234,0.0
6235,0.0
6236,0.0
6237,0.0
6238,0.0
6239,0.0
6240,0.0
6241,0.0
6242,0.0
6243,0.0
6244,0.0
6245,0.0
6246,0.06654
6247,0.26244999999999996
6248,0.43081
6249,0.55275
6250,0.51988
6251,0.62172
6252,0.65819
6253,0.53583
6254,0.48666000000000004
6255,0.31271
6256,0.13241999999999998
6257,0.00607
6258,0.0
6259,0.0
6260,0.0
6261,0.0
6262,0.0
6263,0.0
6264,0.0
6265,0.0
6266,0.0
6267,0.0
6268,0.0
6269,0.0
6270,0.03497
6271,0.09675
6272,0.22457
6273,0.34436
6274,0.53128
6275,0.5430900000000001
6276,0.50217
6277,0.45357
6278,0.38641000000000003
6279,0.27270999999999995
6280,0.09023
6281,0.00883
6282,0.0
6283,0.0
6284,0.0
6285,0.0
6286,0.0
6287,0.0
6288,0.0
6289,0.0
6290,0.0
6291,0.0
6292,0.0
6293,0.0
6294,0.0565
6295,0.20654
6296,0.31544
6297,0.25733999999999996
6298,0.22634
6299,0.41836
6300,0.39869
6301,0.4913
6302,0.41263
6303,0.29455000000000003
6304,0.14787
6305,0.00827
6306,0.0
6307,0.0
6308,0.0
6309,0.0
6310,0.0
6311,0.0
6312,0.0
6313,0.0
6314,0.0
6315,0.0
6316,0.0
6317,0.0
6318,0.05386
6319,0.24869
6320,0.30002
6321,0.43443
6322,0.37931
6323,0.58921
6324,0.61538
6325,0.59266
6326,0.48396
6327,0.36045
6328,0.13363
6329,0.00513
6330,0.0
6331,0.0
6332,0.0
6333,0.0
6334,0.0
6335,0.0
6336,0.0
6337,0.0
6338,0.0
6339,0.0
6340,0.0
6341,0.0
6342,0.08081
6343,0.28913
6344,0.45558
6345,0.57956
6346,0.595
6347,0.6238400000000001
6348,0.62005
6349,0.5184
6350,0.50875
6351,0.31164
6352,0.14823
6353,0.0056500000000000005
6354,0.0
6355,0.0
6356,0.0
6357,0.0
6358,0.0
6359,0.0
6360,0.0
6361,0.0
6362,0.0
6363,0.0
6364,0.0
6365,0.0
6366,0.03463
6367,0.1427
6368,0.32539999999999997
6369,0.4057
6370,0.39831
6371,0.47446
6372,0.5102599999999999
6373,0.563
6374,0.49318
6375,0.35436
6376,0.14687999999999998
6377,0.00907
6378,0.0
6379,0.0
6380,0.0
6381,0.0
6382,0.0
6383,0.0
6384,0.0
6385,0.0
6386,0.0
6387,0.0
6388,0.0
6389,0.0
6390,0.02741
6391,0.13106
6392,0.37958
6393,0.47352
6394,0.53058
6395,0.5812200000000001
6396,0.6484099999999999
6397,0.56559
6398,0.47168
6399,0.29470999999999997
6400,0.12456999999999999
6401,0.00857
6402,0.0
6403,0.0
6404,0.0
6405,0.0
6406,0.0
6407,0.0
6408,0.0
6409,0.0
6410,0.0
6411,0.0
6412,0.0
6413,0.0
6414,0.0445
6415,0.22904
6416,0.3867
6417,0.47313
6418,0.5294800000000001
6419,0.61193
6420,0.55068
6421,0.5640499999999999
6422,0.41552999999999995
6423,0.30175
6424,0.13491
6425,0.00601
6426,0.0
6427,0.0
6428,0.0
6429,0.0
6430,0.0
6431,0.0
6432,0.0
6433,0.0
6434,0.0
6435,0.0
6436,0.0
6437,0.0
6438,0.05126
6439,0.21212999999999999
6440,0.40663
6441,0.5321
6442,0.6598999999999999
6443,0.69828
6444,0.7011000000000001
6445,0.64608
6446,0.48310000000000003
6447,0.32449
6448,0.11447
6449,0.00409
6450,0.0
6451,0.0
6452,0.0
6453,0.0
6454,0.0
6455,0.0
6456,0.0
6457,0.0
6458,0.0
6459,0.0
6460,0.0
6461,0.0
6462,0.07368000000000001
6463,0.28393999999999997
6464,0.46112000000000003
6465,0.5879099999999999
6466,0.69239
6467,0.6896
6468,0.67059
6469,0.47795
6470,0.37572000000000005
6471,0.21617
6472,0.07103
6473,0.0062699999999999995
6474,0.0
6475,0.0
6476,0.0
6477,0.0
6478,0.0
6479,0.0
6480,0.0
6481,0.0
6482,0.0
6483,0.0
6484,0.0
6485,0.0
6486,0.08331000000000001
6487,0.27647000000000005
6488,0.48152999999999996
6489,0.636
6490,0.65204
6491,0.64312
6492,0.67786
6493,0.5438099999999999
6494,0.39444999999999997
6495,0.23107
6496,0.0601
6497,0.00367
6498,0.0
6499,0.0
6500,0.0
6501,0.0
6502,0.0
6503,0.0
6504,0.0
6505,0.0
6506,0.0
6507,0.0
6508,0.0
6509,0.0
6510,0.10071
6511,0.31468
6512,0.49087000000000003
6513,0.60526
6514,0.68849
6515,0.71315
6516,0.68972
6517,0.5579400000000001
6518,0.45952
6519,0.30849
6520,0.11159000000000001
6521,0.00628
6522,0.0
6523,0.0
6524,0.0
6525,0.0
6526,0.0
6527,0.0
6528,0.0
6529,0.0
6530,0.0
6531,0.0
6532,0.0
6533,0.0
6534,0.09952
6535,0.28892
6536,0.43625
6537,0.61339
6538,0.6244400000000001
6539,0.63979
6540,0.6502899999999999
6541,0.59227
6542,0.37237
6543,0.30419
6544,0.13799
6545,0.00529
6546,0.0
6547,0.0
6548,0.0
6549,0.0
6550,0.0
6551,0.0
6552,0.0
6553,0.0
6554,0.0
6555,0.0
6556,0.0
6557,0.0
6558,0.08538
6559,0.26447000000000004
6560,0.45924
6561,0.57896
6562,0.62817
6563,0.63078
6564,0.61211
6565,0.37399
6566,0.26688
6567,0.20167
6568,0.09259999999999999
6569,0.00575
6570,0.0
6571,0.0
6572,0.0
6573,0.0
6574,0.0
6575,0.0
6576,0.0
6577,0.0
6578,0.0
6579,0.0
6580,0.0
6581,0.0
6582,0.04765
6583,0.2117
6584,0.37024
6585,0.36984
6586,0.46839
6587,0.28616
6588,0.22256
6589,0.43419
6590,0.31821
6591,0.25418
6592,0.09554
6593,0.00899
6594,0.0
6595,0.0
6596,0.0
6597,0.0
6598,0.0
6599,0.0
6600,0.0
6601,0.0
6602,0.0
6603,0.0
6604,0.0
6605,0.0
6606,0.07429999999999999
6607,0.23565
6608,0.39450999999999997
6609,0.48333
6610,0.51823
6611,0.57131
6612,0.5388
6613,0.48828
6614,0.37747
6615,0.27935000000000004
6616,0.09734000000000001
6617,0.00478
6618,0.0
6619,0.0
6620,0.0
6621,0.0
6622,0.0
6623,0.0
6624,0.0
6625,0.0
6626,0.0
6627,0.0
6628,0.0
6629,0.0
6630,0.020489999999999998
6631,0.0594
6632,0.1172
6633,0.13436
6634,0.27135000000000004
6635,0.29085
6636,0.45963
6637,0.24296
6638,0.14964
6639,0.08484
6640,0.02736
6641,0.00228
6642,0.0
6643,0.0
6644,0.0
6645,0.0
6646,0.0
6647,0.0
6648,0.0
6649,0.0
6650,0.0
6651,0.0
6652,0.0
6653,0.0
6654,0.01717
6655,0.09569
6656,0.28094
6657,0.31841
6658,0.42573
6659,0.46675
6660,0.56825
6661,0.5510499999999999
6662,0.43795999999999996
6663,0.29557
6664,0.11765
6665,0.006900000000000001
6666,0.0
6667,0.0
6668,0.0
6669,0.0
6670,0.0
6671,0.0
6672,0.0
6673,0.0
6674,0.0
6675,0.0
6676,0.0
6677,0.0
6678,0.08173
6679,0.29728
6680,0.48733
6681,0.5489700000000001
6682,0.61118
6683,0.639
6684,0.6514
6685,0.5669500000000001
6686,0.38571
6687,0.24131
6688,0.08286
6689,0.00487
6690,0.0
6691,0.0
6692,0.0
6693,0.0
6694,0.0
6695,0.0
6696,0.0
6697,0.0
6698,0.0
6699,0.0
6700,0.0
6701,0.0
6702,0.10565999999999999
6703,0.31718
6704,0.49237000000000003
6705,0.60382
6706,0.64437
6707,0.70865
6708,0.65698
6709,0.53871
6710,0.45223
6711,0.26833999999999997
6712,0.09676
6713,0.0042699999999999995
6714,0.0
6715,0.0
6716,0.0
6717,0.0
6718,0.0
6719,0.0
6720,0.0
6721,0.0
6722,0.0
6723,0.0
6724,0.0
6725,0.0
6726,0.10146
6727,0.32694
6728,0.48747
6729,0.62593
6730,0.68657
6731,0.74161
6732,0.62094
6733,0.6177
6734,0.46196
6735,0.32861
6736,0.10906999999999999
6737,0.00361
6738,0.0
6739,0.0
6740,0.0
6741,0.0
6742,0.0
6743,0.0
6744,0.0
6745,0.0
6746,0.0
6747,0.0
6748,0.0
6749,0.0
6750,0.04097
6751,0.14767
6752,0.2526
6753,0.34063
6754,0.51618
6755,0.64112
6756,0.69002
6757,0.55108
6758,0.45844999999999997
6759,0.29172000000000003
6760,0.12866
6761,0.004730000000000001
6762,0.0
6763,0.0
6764,0.0
6765,0.0
6766,0.0
6767,0.0
6768,0.0
6769,0.0
6770,0.0
6771,0.0
6772,0.0
6773,0.0
6774,0.09593
6775,0.30985
6776,0.48204
6777,0.60545
6778,0.66771
6779,0.68678
6780,0.59308
6781,0.5826699999999999
6782,0.45527
6783,0.29602999999999996
6784,0.13088999999999998
6785,0.0040999999999999995
6786,0.0
6787,0.0
6788,0.0
6789,0.0
6790,0.0
6791,0.0
6792,0.0
6793,0.0
6794,0.0
6795,0.0
6796,0.0
6797,0.0
6798,0.08455
6799,0.28618
6800,0.45688999999999996
6801,0.55936
6802,0.64949
6803,0.62227
6804,0.57413
6805,0.58841
6806,0.47449
6807,0.28352999999999995
6808,0.11712
6809,0.00346
6810,0.0
6811,0.0
6812,0.0
6813,0.0
6814,0.0
6815,0.0
6816,0.0
6817,0.0
6818,0.0
6819,0.0
6820,0.0
6821,0.0
6822,0.10540999999999999
6823,0.30939
6824,0.41839
6825,0.53923
6826,0.56698
6827,0.62466
6828,0.5631900000000001
6829,0.5764400000000001
6830,0.46068000000000003
6831,0.29254
6832,0.12954
6833,0.00278
6834,0.0
6835,0.0
6836,0.0
6837,0.0
6838,0.0
6839,0.0
6840,0.0
6841,0.0
6842,0.0
6843,0.0
6844,0.0
6845,0.0
6846,0.08292000000000001
6847,0.26924000000000003
6848,0.4365
6849,0.5465599999999999
6850,0.5365599999999999
6851,0.62605
6852,0.55435
6853,0.53383
6854,0.40889
6855,0.31925
6856,0.13247
6857,0.0022299999999999998
6858,0.0
6859,0.0
6860,0.0
6861,0.0
6862,0.0
6863,0.0
6864,0.0
6865,0.0
6866,0.0
6867,0.0
6868,0.0
6869,0.0
6870,0.08326
6871,0.28941
6872,0.46802
6873,0.57465
6874,0.5877
6875,0.56521
6876,0.64635
6877,0.5159600000000001
6878,0.42258
6879,0.24830000000000002
6880,0.11932999999999999
6881,0.00383
6882,0.0
6883,0.0
6884,0.0
6885,0.0
6886,0.0
6887,0.0
6888,0.0
6889,0.0
6890,0.0
6891,0.0
6892,0.0
6893,0.0
6894,0.05753
6895,0.21201
6896,0.35074
6897,0.44159
6898,0.47614
6899,0.50604
6900,0.46341000000000004
6901,0.38956
6902,0.35497
6903,0.22268000000000002
6904,0.09345
6905,0.00497
6906,0.0
6907,0.0
6908,0.0
6909,0.0
6910,0.0
6911,0.0
6912,0.0
6913,0.0
6914,0.0
6915,0.0
6916,0.0
6917,0.0
6918,0.04897
6919,0.19413
6920,0.27482
6921,0.46852
6922,0.42214999999999997
6923,0.5692699999999999
6924,0.5729500000000001
6925,0.53427
6926,0.35098
6927,0.27004
6928,0.09447
6929,0.00434
6930,0.0
6931,0.0
6932,0.0
6933,0.0
6934,0.0
6935,0.0
6936,0.0
6937,0.0
6938,0.0
6939,0.0
6940,0.0
6941,0.0
6942,0.08757
6943,0.22252000000000002
6944,0.36216000000000004
6945,0.49975
6946,0.53976
6947,0.6486900000000001
6948,0.5619
6949,0.556
6950,0.44792000000000004
6951,0.28782
6952,0.10299
6953,0.00222
6954,0.0
6955,0.0
6956,0.0
6957,0.0
6958,0.0
6959,0.0
6960,0.0
6961,0.0
6962,0.0
6963,0.0
6964,0.0
6965,0.0
6966,0.09372
6967,0.26835000000000003
6968,0.44324
6969,0.52465
6970,0.64319
6971,0.6194400000000001
6972,0.64044
6973,0.5438200000000001
6974,0.38175
6975,0.23609
6976,0.09688
6977,0.0030299999999999997
6978,0.0
6979,0.0
6980,0.0
6981,0.0
6982,0.0
6983,0.0
6984,0.0
6985,0.0
6986,0.0
6987,0.0
6988,0.0
6989,0.0
6990,0.06517
6991,0.23812
6992,0.38656
6993,0.54474
6994,0.46926999999999996
6995,0.44486000000000003
6996,0.23611000000000001
6997,0.48164999999999997
6998,0.40236
6999,0.19476
7000,0.07091
7001,0.00189
7002,0.0
7003,0.0
7004,0.0
7005,0.0
7006,0.0
7007,0.0
7008,0.0
7009,0.0
7010,0.0
7011,0.0
7012,0.0
7013,0.0
7014,0.01219
7015,0.0562
7016,0.10769
7017,0.22640000000000002
7018,0.23786000000000002
7019,0.30736
7020,0.32865
7021,0.55429
7022,0.42298
7023,0.2447
7024,0.07081
7025,0.00233
7026,0.0
7027,0.0
7028,0.0
7029,0.0
7030,0.0
7031,0.0
7032,0.0
7033,0.0
7034,0.0
7035,0.0
7036,0.0
7037,0.0
7038,0.08412
7039,0.25401
7040,0.45674000000000003
7041,0.52912
7042,0.6239
7043,0.6310399999999999
7044,0.52874
7045,0.43095
7046,0.40976999999999997
7047,0.26709
7048,0.1151
7049,0.00252
7050,0.0
7051,0.0
7052,0.0
7053,0.0
7054,0.0
7055,0.0
7056,0.0
7057,0.0
7058,0.0
7059,0.0
7060,0.0
7061,0.0
7062,0.09904
7063,0.29388
7064,0.48946
7065,0.6409900000000001
7066,0.66218
7067,0.69336
7068,0.67911
7069,0.5837899999999999
7070,0.45954
7071,0.31853
7072,0.08699
7073,0.00227
7074,0.0
7075,0.0
7076,0.0
7077,0.0
7078,0.0
7079,0.0
7080,0.0
7081,0.0
7082,0.0
7083,0.0
7084,0.0
7085,0.0
7086,0.11776
7087,0.3434
7088,0.5155
7089,0.6333099999999999
7090,0.69539
7091,0.7230599999999999
7092,0.6621699999999999
7093,0.6088
7094,0.45217
7095,0.31756
7096,0.12182
7097,0.0024
7098,0.0
7099,0.0
7100,0.0
7101,0.0
7102,0.0
7103,0.0
7104,0.0
7105,0.0
7106,0.0
7107,0.0
7108,0.0
7109,0.0
7110,0.10241
7111,0.22608
7112,0.40082999999999996
7113,0.47204
7114,0.5225599999999999
7115,0.60748
7116,0.5588500000000001
7117,0.38975
7118,0.35055000000000003
7119,0.20727
7120,0.10922
7121,0.00321
7122,0.0
7123,0.0
7124,0.0
7125,0.0
7126,0.0
7127,0.0
7128,0.0
7129,0.0
7130,0.0
7131,0.0
7132,0.0
7133,0.0
7134,0.05914
7135,0.23851
7136,0.40502999999999995
7137,0.3743
7138,0.5598200000000001
7139,0.43491
7140,0.42721
7141,0.51419
7142,0.44582
7143,0.21716
7144,0.09046
7145,0.00229
7146,0.0
7147,0.0
7148,0.0
7149,0.0
7150,0.0
7151,0.0
7152,0.0
7153,0.0
7154,0.0
7155,0.0
7156,0.0
7157,0.0
7158,0.09525
7159,0.28031
7160,0.43661
7161,0.5847
7162,0.59892
7163,0.65339
7164,0.54023
7165,0.45083999999999996
7166,0.37894
7167,0.20754
7168,0.05532
7169,0.00275
7170,0.0
7171,0.0
7172,0.0
7173,0.0
7174,0.0
7175,0.0
7176,0.0
7177,0.0
7178,0.0
7179,0.0
7180,0.0
7181,0.0
7182,0.08161
7183,0.23462
7184,0.36938
7185,0.47384
7186,0.63352
7187,0.66785
7188,0.69439
7189,0.6114400000000001
7190,0.48141
7191,0.24612
7192,0.08723
7193,0.0016899999999999999
7194,0.0
7195,0.0
7196,0.0
7197,0.0
7198,0.0
7199,0.0
7200,0.0
7201,0.0
7202,0.0
7203,0.0
7204,0.0
7205,0.0
7206,0.10133
7207,0.32059
7208,0.44361
7209,0.51414
7210,0.6121599999999999
7211,0.63426
7212,0.47346
7213,0.41278
7214,0.38627
7215,0.19059
7216,0.07764
7217,0.00263
7218,0.0
7219,0.0
7220,0.0
7221,0.0
7222,0.0
7223,0.0
7224,0.0
7225,0.0
7226,0.0
7227,0.0
7228,0.0
7229,0.0
7230,0.0945
7231,0.24715
7232,0.43849
7233,0.55376
7234,0.66271
7235,0.56996
7236,0.56741
7237,0.48606
7238,0.35908
7239,0.22705
7240,0.08006
7241,0.00199
7242,0.0
7243,0.0
7244,0.0
7245,0.0
7246,0.0
7247,0.0
7248,0.0
7249,0.0
7250,0.0
7251,0.0
7252,0.0
7253,0.0
7254,0.06313
7255,0.23718999999999998
7256,0.38497000000000003
7257,0.48452
7258,0.5942799999999999
7259,0.58524
7260,0.5270900000000001
7261,0.44506999999999997
7262,0.34738
7263,0.24045
7264,0.061450000000000005
7265,0.00062
7266,0.0
7267,0.0
7268,0.0
7269,0.0
7270,0.0
7271,0.0
7272,0.0
7273,0.0
7274,0.0
7275,0.0
7276,0.0
7277,0.0
7278,0.07647
7279,0.22069999999999998
7280,0.30745999999999996
7281,0.43503
7282,0.49493
7283,0.5120800000000001
7284,0.59776
7285,0.40447000000000005
7286,0.38914
7287,0.25142
7288,0.10848999999999999
7289,0.0028599999999999997
7290,0.0
7291,0.0
7292,0.0
7293,0.0
7294,0.0
7295,0.0
7296,0.0
7297,0.0
7298,0.0
7299,0.0
7300,0.0
7301,0.0
7302,0.04815
7303,0.09361
7304,0.13075
7305,0.18500999999999998
7306,0.24783000000000002
7307,0.4113
7308,0.59666
7309,0.53896
7310,0.44364
7311,0.25806
7312,0.09090000000000001
7313,0.0033599999999999997
7314,0.0
7315,0.0
7316,0.0
7317,0.0
7318,0.0
7319,0.0
7320,0.0
7321,0.0
7322,0.0
7323,0.0
7324,0.0
7325,0.0
7326,0.07737999999999999
7327,0.29097
7328,0.44041
7329,0.46898
7330,0.59136
7331,0.58329
7332,0.44157
7333,0.51701
7334,0.30227
7335,0.22025
7336,0.08039
7337,0.0017800000000000001
7338,0.0
7339,0.0
7340,0.0
7341,0.0
7342,0.0
7343,0.0
7344,0.0
7345,0.0
7346,0.0
7347,0.0
7348,0.0
7349,0.0
7350,0.06616
7351,0.14784999999999998
7352,0.18446
7353,0.30826
7354,0.49957
7355,0.55655
7356,0.56843
7357,0.43994
7358,0.32074
7359,0.21445
7360,0.08037000000000001
7361,0.00125
7362,0.0
7363,0.0
7364,0.0
7365,0.0
7366,0.0
7367,0.0
7368,0.0
7369,0.0
7370,0.0
7371,0.0
7372,0.0
7373,0.0
7374,0.07683
7375,0.26416
7376,0.40893
7377,0.46861
7378,0.55753
7379,0.56192
7380,0.53503
7381,0.44298000000000004
7382,0.28226999999999997
7383,0.16059
7384,0.06285
7385,0.00132
7386,0.0
7387,0.0
7388,0.0
7389,0.0
7390,0.0
7391,0.0
7392,0.0
7393,0.0
7394,0.0
7395,0.0
7396,0.0
7397,0.0
7398,0.08449
7399,0.27223
7400,0.44467
7401,0.54588
7402,0.59777
7403,0.57428
7404,0.5509400000000001
7405,0.37832
7406,0.29123000000000004
7407,0.16944
7408,0.06762
7409,0.00234
7410,0.0
7411,0.0
7412,0.0
7413,0.0
7414,0.0
7415,0.0
7416,0.0
7417,0.0
7418,0.0
7419,0.0
7420,0.0
7421,0.0
7422,0.06695999999999999
7423,0.19998
7424,0.36122000000000004
7425,0.49926
7426,0.57213
7427,0.5735
7428,0.5408999999999999
7429,0.56471
7430,0.46568
7431,0.21885
7432,0.04859
7433,0.00125
7434,0.0
7435,0.0
7436,0.0
7437,0.0
7438,0.0
7439,0.0
7440,0.0
7441,0.0
7442,0.0
7443,0.0
7444,0.0
7445,0.0
7446,0.01776
7447,0.054619999999999995
7448,0.09365000000000001
7449,0.12228
7450,0.15461000000000003
7451,0.21019
7452,0.24080000000000001
7453,0.36254000000000003
7454,0.23538
7455,0.14285
7456,0.05006
7457,0.00132
7458,0.0
7459,0.0
7460,0.0
7461,0.0
7462,0.0
7463,0.0
7464,0.0
7465,0.0
7466,0.0
7467,0.0
7468,0.0
7469,0.0
7470,0.04525
7471,0.177
7472,0.25017
7473,0.4497
7474,0.5989099999999999
7475,0.49077
7476,0.43331000000000003
7477,0.21741999999999997
7478,0.16216
7479,0.16469
7480,0.07096
7481,0.0015
7482,0.0
7483,0.0
7484,0.0
7485,0.0
7486,0.0
7487,0.0
7488,0.0
7489,0.0
7490,0.0
7491,0.0
7492,0.0
7493,0.0
7494,0.00273
7495,0.03166
7496,0.055009999999999996
7497,0.09284
7498,0.10979000000000001
7499,0.21947
7500,0.50222
7501,0.39623
7502,0.40955
7503,0.23911000000000002
7504,0.06576
7505,0.00117
7506,0.0
7507,0.0
7508,0.0
7509,0.0
7510,0.0
7511,0.0
7512,0.0
7513,0.0
7514,0.0
7515,0.0
7516,0.0
7517,0.0
7518,0.02955
7519,0.12276000000000001
7520,0.15744999999999998
7521,0.29211000000000004
7522,0.35633
7523,0.54175
7524,0.59388
7525,0.53847
7526,0.43807
7527,0.31595
7528,0.12428
7529,0.0011899999999999999
7530,0.0
7531,0.0
7532,0.0
7533,0.0
7534,0.0
7535,0.0
7536,0.0
7537,0.0
7538,0.0
7539,0.0
7540,0.0
7541,0.0
7542,0.0592
7543,0.23349
7544,0.381
7545,0.43154000000000003
7546,0.5221
7547,0.5843200000000001
7548,0.61148
7549,0.56749
7550,0.44585
7551,0.28846
7552,0.10202
7553,0.00161
7554,0.0
7555,0.0
7556,0.0
7557,0.0
7558,0.0
7559,0.0
7560,0.0
7561,0.0
7562,0.0
7563,0.0
7564,0.0
7565,0.0
7566,0.05149
7567,0.20704
7568,0.35963999999999996
7569,0.49715
7570,0.45085000000000003
7571,0.42769999999999997
7572,0.40601
7573,0.43636
7574,0.39905
7575,0.20235
7576,0.07429999999999999
7577,0.0016699999999999998
7578,0.0
7579,0.0
7580,0.0
7581,0.0
7582,0.0
7583,0.0
7584,0.0
7585,0.0
7586,0.0
7587,0.0
7588,0.0
7589,0.0
7590,0.055810000000000005
7591,0.11912
7592,0.18105000000000002
7593,0.27411
7594,0.43438
7595,0.48748
7596,0.59072
7597,0.5309400000000001
7598,0.32553
7599,0.13451
7600,0.05647
7601,0.0022
7602,0.0
7603,0.0
7604,0.0
7605,0.0
7606,0.0
7607,0.0
7608,0.0
7609,0.0
7610,0.0
7611,0.0
7612,0.0
7613,0.0
7614,0.06258
7615,0.20765999999999998
7616,0.39183
7617,0.52406
7618,0.5387799999999999
7619,0.5407799999999999
7620,0.49319999999999997
7621,0.46797000000000005
7622,0.33144999999999997
7623,0.19749
7624,0.06664
7625,0.00157
7626,0.0
7627,0.0
7628,0.0
7629,0.0
7630,0.0
7631,0.0
7632,0.0
7633,0.0
7634,0.0
7635,0.0
7636,0.0
7637,0.0
7638,0.07244
7639,0.24384
7640,0.45106999999999997
7641,0.52052
7642,0.5975
7643,0.6349600000000001
7644,0.58288
7645,0.50586
7646,0.36328
7647,0.22946
7648,0.09397
7649,0.00342
7650,0.0
7651,0.0
7652,0.0
7653,0.0
7654,0.0
7655,0.0
7656,0.0
7657,0.0
7658,0.0
7659,0.0
7660,0.0
7661,0.0
7662,0.07984000000000001
7663,0.21656
7664,0.43313999999999997
7665,0.45927999999999997
7666,0.40525
7667,0.34725
7668,0.38950999999999997
7669,0.44758
7670,0.37157999999999997
7671,0.2079
7672,0.07629999999999999
7673,0.00267
7674,0.0
7675,0.0
7676,0.0
7677,0.0
7678,0.0
7679,0.0
7680,0.0
7681,0.0
7682,0.0
7683,0.0
7684,0.0
7685,0.0
7686,0.03198
7687,0.12841999999999998
7688,0.26919
7689,0.37904000000000004
7690,0.50571
7691,0.56468
7692,0.61283
7693,0.5690599999999999
7694,0.36484
7695,0.20946
7696,0.08768000000000001
7697,0.00282
7698,0.0
7699,0.0
7700,0.0
7701,0.0
7702,0.0
7703,0.0
7704,0.0
7705,0.0
7706,0.0
7707,0.0
7708,0.0
7709,0.0
7710,0.04547
7711,0.1992
7712,0.16984
7713,0.31607
7714,0.36948000000000003
7715,0.30847
7716,0.31177
7717,0.25904000000000005
7718,0.2814
7719,0.27672
7720,0.11041
7721,0.00197
7722,0.0
7723,0.0
7724,0.0
7725,0.0
7726,0.0
7727,0.0
7728,0.0
7729,0.0
7730,0.0
7731,0.0
7732,0.0
7733,0.0
7734,0.07277
7735,0.22191999999999998
7736,0.38389
7737,0.43721
7738,0.53295
7739,0.60468
7740,0.55748
7741,0.44082
7742,0.36319
7743,0.24125
7744,0.09675
7745,0.0024500000000000004
7746,0.0
7747,0.0
7748,0.0
7749,0.0
7750,0.0
7751,0.0
7752,0.0
7753,0.0
7754,0.0
7755,0.0
7756,0.0
7757,0.0
7758,0.11052
7759,0.32025
7760,0.48372000000000004
7761,0.60666
7762,0.6781
7763,0.6869500000000001
7764,0.61334
7765,0.58538
7766,0.40529000000000004
7767,0.27629000000000004
7768,0.10015
7769,0.00204
7770,0.0
7771,0.0
7772,0.0
7773,0.0
7774,0.0
7775,0.0
7776,0.0
7777,0.0
7778,0.0
7779,0.0
7780,0.0
7781,0.0
7782,0.08656
7783,0.26237
7784,0.35554
7785,0.375
7786,0.3996
7787,0.47055
7788,0.52724
7789,0.48031
7790,0.3663
7791,0.19219999999999998
7792,0.06594
7793,0.00195
7794,0.0
7795,0.0
7796,0.0
7797,0.0
7798,0.0
7799,0.0
7800,0.0
7801,0.0
7802,0.0
7803,0.0
7804,0.0
7805,0.0
7806,0.09043000000000001
7807,0.26931
7808,0.43121
7809,0.61012
7810,0.66085
7811,0.66867
7812,0.6369600000000001
7813,0.55408
7814,0.46473000000000003
7815,0.27614
7816,0.11253
7817,0.00174
7818,0.0
7819,0.0
7820,0.0
7821,0.0
7822,0.0
7823,0.0
7824,0.0
7825,0.0
7826,0.0
7827,0.0
7828,0.0
7829,0.0
7830,0.07105
7831,0.22316999999999998
7832,0.43787
7833,0.5641900000000001
7834,0.5805
7835,0.41938
7836,0.46731
7837,0.55555
7838,0.33199
7839,0.25552
7840,0.07354999999999999
7841,0.0019299999999999999
7842,0.0
7843,0.0
7844,0.0
7845,0.0
7846,0.0
7847,0.0
7848,0.0
7849,0.0
7850,0.0
7851,0.0
7852,0.0
7853,0.0
7854,0.06631000000000001
7855,0.2427
7856,0.41051
7857,0.5331699999999999
7858,0.60873
7859,0.65279
7860,0.6509199999999999
7861,0.51652
7862,0.44226
7863,0.27609
7864,0.08851
7865,0.0014199999999999998
7866,0.0
7867,0.0
7868,0.0
7869,0.0
7870,0.0
7871,0.0
7872,0.0
7873,0.0
7874,0.0
7875,0.0
7876,0.0
7877,0.0
7878,0.05865
7879,0.23967
7880,0.35272000000000003
7881,0.44880000000000003
7882,0.5136900000000001
7883,0.5840299999999999
7884,0.60615
7885,0.52071
7886,0.36633
7887,0.29024
7888,0.12947999999999998
7889,0.00239
7890,0.0
7891,0.0
7892,0.0
7893,0.0
7894,0.0
7895,0.0
7896,0.0
7897,0.0
7898,0.0
7899,0.0
7900,0.0
7901,0.0
7902,0.06315
7903,0.1697
7904,0.2245
7905,0.32627
7906,0.30737000000000003
7907,0.40817000000000003
7908,0.48624
7909,0.38856999999999997
7910,0.31715
7911,0.214
7912,0.07462
7913,0.0026
7914,0.0
7915,0.0
7916,0.0
7917,0.0
7918,0.0
7919,0.0
7920,0.0
7921,0.0
7922,0.0
7923,0.0
7924,0.0
7925,0.0
7926,0.069
7927,0.18016
7928,0.27938999999999997
7929,0.32842
7930,0.43207
7931,0.32486000000000004
7932,0.49351999999999996
7933,0.57102
7934,0.40184
7935,0.22107
7936,0.08655
7937,0.00246
7938,0.0
7939,0.0
7940,0.0
7941,0.0
7942,0.0
7943,0.0
7944,0.0
7945,0.0
7946,0.0
7947,0.0
7948,0.0
7949,0.0
7950,0.08681
7951,0.27187
7952,0.47781999999999997
7953,0.5363300000000001
7954,0.65149
7955,0.67432
7956,0.62922
7957,0.5573400000000001
7958,0.47785
7959,0.29575999999999997
7960,0.09737
7961,0.00283
7962,0.0
7963,0.0
7964,0.0
7965,0.0
7966,0.0
7967,0.0
7968,0.0
7969,0.0
7970,0.0
7971,0.0
7972,0.0
7973,0.0
7974,0.07869
7975,0.26888999999999996
7976,0.41846
7977,0.58053
7978,0.61291
7979,0.67022
7980,0.62714
7981,0.5428099999999999
7982,0.4799
7983,0.3127
7984,0.13571
7985,0.0016200000000000001
7986,0.0
7987,0.0
7988,0.0
7989,0.0
7990,0.0
7991,0.0
7992,0.0
7993,0.0
7994,0.0
7995,0.0
7996,0.0
7997,0.0
7998,0.07109
7999,0.24274
8000,0.38477
8001,0.54307
8002,0.43606
8003,0.5439400000000001
8004,0.60739
8005,0.44009
8006,0.35608999999999996
8007,0.23434
8008,0.1207
8009,0.0029300000000000003
8010,0.0
8011,0.0
8012,0.0
8013,0.0
8014,0.0
8015,0.0
8016,0.0
8017,0.0
8018,0.0
8019,0.0
8020,0.0
8021,0.0
8022,0.07681
8023,0.25002
8024,0.42672000000000004
8025,0.58362
8026,0.62472
8027,0.53134
8028,0.48489
8029,0.48112
8030,0.34932
8031,0.25136000000000003
8032,0.10699
8033,0.00379
8034,0.0
8035,0.0
8036,0.0
8037,0.0
8038,0.0
8039,0.0
8040,0.0
8041,0.0
8042,0.0
8043,0.0
8044,0.0
8045,0.0
8046,0.046619999999999995
8047,0.23903
8048,0.40031
8049,0.46597000000000005
8050,0.6405599999999999
8051,0.44539
8052,0.47931
8053,0.46836
8054,0.3936
8055,0.22776
8056,0.10023
8057,0.00158
8058,0.0
8059,0.0
8060,0.0
8061,0.0
8062,0.0
8063,0.0
8064,0.0
8065,0.0
8066,0.0
8067,0.0
8068,0.0
8069,0.0
8070,0.04428
8071,0.2305
8072,0.24844999999999998
8073,0.40828
8074,0.40054
8075,0.34329000000000004
8076,0.36133
8077,0.183
8078,0.11258
8079,0.05176
8080,0.02491
8081,0.00011999999999999999
8082,0.0
8083,0.0
8084,0.0
8085,0.0
8086,0.0
8087,0.0
8088,0.0
8089,0.0
8090,0.0
8091,0.0
8092,0.0
8093,0.0
8094,0.00783
8095,0.0162
8096,0.07239
8097,0.15905000000000002
8098,0.20077
8099,0.25144
8100,0.29555000000000003
8101,0.24811000000000002
8102,0.16888
8103,0.12273
8104,0.07392
8105,0.00409
8106,0.0
8107,0.0
8108,0.0
8109,0.0
8110,0.0
8111,0.0
8112,0.0
8113,0.0
8114,0.0
8115,0.0
8116,0.0
8117,0.0
8118,0.04084
8119,0.19091
8120,0.30586
8121,0.48757999999999996
8122,0.6192000000000001
8123,0.6603
8124,0.5581499999999999
8125,0.54508
8126,0.41705000000000003
8127,0.19279
8128,0.12184
8129,0.00188
8130,0.0
8131,0.0
8132,0.0
8133,0.0
8134,0.0
8135,0.0
8136,0.0
8137,0.0
8138,0.0
8139,0.0
8140,0.0
8141,0.0
8142,0.06755
8143,0.21577000000000002
8144,0.31706
8145,0.52154
8146,0.50212
8147,0.54434
8148,0.53216
8149,0.53228
8150,0.42049000000000003
8151,0.34026
8152,0.11964
8153,0.00398
8154,0.0
8155,0.0
8156,0.0
8157,0.0
8158,0.0
8159,0.0
8160,0.0
8161,0.0
8162,0.0
8163,0.0
8164,0.0
8165,0.0
8166,0.04302
8167,0.25381
8168,0.42416000000000004
8169,0.5205
8170,0.6406900000000001
8171,0.6695800000000001
8172,0.5367799999999999
8173,0.5052099999999999
8174,0.43089999999999995
8175,0.31088
8176,0.13286
8177,0.00357
8178,0.0
8179,0.0
8180,0.0
8181,0.0
8182,0.0
8183,0.0
8184,0.0
8185,0.0
8186,0.0
8187,0.0
8188,0.0
8189,0.0
8190,0.08137
8191,0.29183
8192,0.46362000000000003
8193,0.60952
8194,0.6656
8195,0.6690900000000001
8196,0.6583600000000001
8197,0.59585
8198,0.49269999999999997
8199,0.3402
8200,0.14487
8201,0.0039900000000000005
8202,0.0
8203,0.0
8204,0.0
8205,0.0
8206,0.0
8207,0.0
8208,0.0
8209,0.0
8210,0.0
8211,0.0
8212,0.0
8213,0.0
8214,0.08359
8215,0.2893
8216,0.4693
8217,0.5736
8218,0.66812
8219,0.6688999999999999
8220,0.69657
8221,0.60664
8222,0.50338
8223,0.30392
8224,0.14243
8225,0.00561
8226,0.0
8227,0.0
8228,0.0
8229,0.0
8230,0.0
8231,0.0
8232,0.0
8233,0.0
8234,0.0
8235,0.0
8236,0.0
8237,0.0
8238,0.08034999999999999
8239,0.23965
8240,0.42652999999999996
8241,0.59449
8242,0.60575
8243,0.6788500000000001
8244,0.6105
8245,0.5762
8246,0.41436
8247,0.24284
8248,0.11273999999999999
8249,0.00456
8250,0.0
8251,0.0
8252,0.0
8253,0.0
8254,0.0
8255,0.0
8256,0.0
8257,0.0
8258,0.0
8259,0.0
8260,0.0
8261,0.0
8262,0.08038
8263,0.28456
8264,0.44376
8265,0.56938
8266,0.66273
8267,0.64625
8268,0.63412
8269,0.52064
8270,0.43707
8271,0.26092000000000004
8272,0.09876
8273,0.00443
8274,0.0
8275,0.0
8276,0.0
8277,0.0
8278,0.0
8279,0.0
8280,0.0
8281,0.0
8282,0.0
8283,0.0
8284,0.0
8285,0.0
8286,0.05572
8287,0.23985
8288,0.29072000000000003
8289,0.33306
8290,0.3538
8291,0.47326
8292,0.536
8293,0.37339
8294,0.3395
8295,0.23785
8296,0.14187
8297,0.0033
8298,0.0
8299,0.0
8300,0.0
8301,0.0
8302,0.0
8303,0.0
8304,0.0
8305,0.0
8306,0.0
8307,0.0
8308,0.0
8309,0.0
8310,0.05602
8311,0.23975
8312,0.41474
8313,0.53632
8314,0.58802
8315,0.6079199999999999
8316,0.5386299999999999
8317,0.5333
8318,0.28889
8319,0.18907
8320,0.07472
8321,0.0060999999999999995
8322,0.0
8323,0.0
8324,0.0
8325,0.0
8326,0.0
8327,0.0
8328,0.0
8329,0.0
8330,0.0
8331,0.0
8332,0.0
8333,0.0
8334,0.06092
8335,0.20815
8336,0.34473000000000004
8337,0.49139
8338,0.54007
8339,0.48219999999999996
8340,0.41767000000000004
8341,0.29557
8342,0.31166000000000005
8343,0.23637
8344,0.10456
8345,0.00376
8346,0.0
8347,0.0
8348,0.0
8349,0.0
8350,0.0
8351,0.0
8352,0.0
8353,0.0
8354,0.0
8355,0.0
8356,0.0
8357,0.0
8358,0.048
8359,0.18425
8360,0.28148
8361,0.44233999999999996
8362,0.40424
8363,0.48898
8364,0.5466599999999999
8365,0.32466
8366,0.23232
8367,0.19947
8368,0.0979
8369,0.006
8370,0.0
8371,0.0
8372,0.0
8373,0.0
8374,0.0
8375,0.0
8376,0.0
8377,0.0
8378,0.0
8379,0.0
8380,0.0
8381,0.0
8382,0.05981
8383,0.24386000000000002
8384,0.41742
8385,0.52597
8386,0.61107
8387,0.58116
8388,0.58778
8389,0.5507799999999999
8390,0.39121
8391,0.23738
8392,0.09676
8393,0.00731
8394,0.0
8395,0.0
8396,0.0
8397,0.0
8398,0.0
8399,0.0
8400,0.0
8401,0.0
8402,0.0
8403,0.0
8404,0.0
8405,0.0
8406,0.01941
8407,0.07024
8408,0.1745
8409,0.15239
8410,0.35068
8411,0.3533
8412,0.35693
8413,0.32996
8414,0.32626
8415,0.20347
8416,0.09436
8417,0.00698
8418,0.0
8419,0.0
8420,0.0
8421,0.0
8422,0.0
8423,0.0
8424,0.0
8425,0.0
8426,0.0
8427,0.0
8428,0.0
8429,0.0
8430,0.039869999999999996
8431,0.18108000000000002
8432,0.26671
8433,0.3484
8434,0.46407
8435,0.61637
8436,0.59503
8437,0.41134
8438,0.32121
8439,0.27946
8440,0.13359000000000001
8441,0.006019999999999999
8442,0.0
8443,0.0
8444,0.0
8445,0.0
8446,0.0
8447,0.0
8448,0.0
8449,0.0
8450,0.0
8451,0.0
8452,0.0
8453,0.0
8454,0.06519
8455,0.23899
8456,0.40216
8457,0.54334
8458,0.5478500000000001
8459,0.57417
8460,0.58445
8461,0.53
8462,0.35998
8463,0.2415
8464,0.09701
8465,0.00437
8466,0.0
8467,0.0
8468,0.0
8469,0.0
8470,0.0
8471,0.0
8472,0.0
8473,0.0
8474,0.0
8475,0.0
8476,0.0
8477,0.0
8478,0.055159999999999994
8479,0.23287
8480,0.35275
8481,0.47301
8482,0.53804
8483,0.5668500000000001
8484,0.61883
8485,0.5067699999999999
8486,0.42642
8487,0.33209
8488,0.13571
8489,0.00513
8490,0.0
8491,0.0
8492,0.0
8493,0.0
8494,0.0
8495,0.0
8496,0.0
8497,0.0
8498,0.0
8499,0.0
8500,0.0
8501,0.0
8502,0.06915
8503,0.25538
8504,0.44115
8505,0.5770299999999999
8506,0.62494
8507,0.58823
8508,0.5645399999999999
8509,0.52984
8510,0.48146
8511,0.30739999999999995
8512,0.15877000000000002
8513,0.00531
8514,0.0
8515,0.0
8516,0.0
8517,0.0
8518,0.0
8519,0.0
8520,0.0
8521,0.0
8522,0.0
8523,0.0
8524,0.0
8525,0.0
8526,0.06376
8527,0.18808000000000002
8528,0.27129000000000003
8529,0.36404000000000003
8530,0.38725
8531,0.50622
8532,0.57627
8533,0.5739099999999999
8534,0.50692
8535,0.34748
8536,0.16355
8537,0.00744
8538,0.0
8539,0.0
8540,0.0
8541,0.0
8542,0.0
8543,0.0
8544,0.0
8545,0.0
8546,0.0
8547,0.0
8548,0.0
8549,0.0
8550,0.06542
8551,0.25579
8552,0.42167
8553,0.53413
8554,0.61495
8555,0.58963
8556,0.5593899999999999
8557,0.56937
8558,0.42463
8559,0.37063999999999997
8560,0.15608000000000002
8561,0.00617
8562,0.0
8563,0.0
8564,0.0
8565,0.0
8566,0.0
8567,0.0
8568,0.0
8569,0.0
8570,0.0
8571,0.0
8572,0.0
8573,0.0
8574,0.03156
8575,0.15871000000000002
8576,0.30265
8577,0.34729000000000004
8578,0.42689
8579,0.51176
8580,0.6012799999999999
8581,0.59097
8582,0.4428
8583,0.32299
8584,0.12832
8585,0.01024
8586,0.0
8587,0.0
8588,0.0
8589,0.0
8590,0.0
8591,0.0
8592,0.0
8593,0.0
8594,0.0
8595,0.0
8596,0.0
8597,0.0
8598,0.03436
8599,0.14732
8600,0.30811
8601,0.49917
8602,0.5608200000000001
8603,0.64708
8604,0.59511
8605,0.51063
8606,0.45688999999999996
8607,0.32276
8608,0.13671
8609,0.00636
8610,0.0
8611,0.0
8612,0.0
8613,0.0
8614,0.0
8615,0.0
8616,0.0
8617,0.0
8618,0.0
8619,0.0
8620,0.0
8621,0.0
8622,0.02893
8623,0.18302000000000002
8624,0.31983
8625,0.30092
8626,0.4377
8627,0.521
8628,0.4988
8629,0.39331
8630,0.37207999999999997
8631,0.2709
8632,0.11612
8633,0.00771
8634,0.0
8635,0.0
8636,0.0
8637,0.0
8638,0.0
8639,0.0
8640,0.0
8641,0.0
8642,0.0
8643,0.0
8644,0.0
8645,0.0
8646,0.05215
8647,0.22835
8648,0.41146
8649,0.56072
8650,0.63485
8651,0.60264
8652,0.6645399999999999
8653,0.60376
8654,0.40506
8655,0.30433
8656,0.15815
8657,0.00874
8658,0.0
8659,0.0
8660,0.0
8661,0.0
8662,0.0
8663,0.0
8664,0.0
8665,0.0
8666,0.0
8667,0.0
8668,0.0
8669,0.0
8670,0.05098
8671,0.20501
8672,0.34698
8673,0.50785
8674,0.63813
8675,0.642
8676,0.6668999999999999
8677,0.62946
8678,0.49345999999999995
8679,0.3493
8680,0.15106
8681,0.0077800000000000005
8682,0.0
8683,0.0
8684,0.0
8685,0.0
8686,0.0
8687,0.0
8688,0.0
8689,0.0
8690,0.0
8691,0.0
8692,0.0
8693,0.0
8694,0.039310000000000005
8695,0.18922
8696,0.38017
8697,0.52815
8698,0.55998
8699,0.64106
8700,0.66604
8701,0.56314
8702,0.43679
8703,0.34678
8704,0.1856
8705,0.007679999999999999
8706,0.0
8707,0.0
8708,0.0
8709,0.0
8710,0.0
8711,0.0
8712,0.0
8713,0.0
8714,0.0
8715,0.0
8716,0.0
8717,0.0
8718,0.06069
8719,0.26341000000000003
8720,0.44335
8721,0.56386
8722,0.65691
8723,0.69153
8724,0.67637
8725,0.59551
8726,0.46564999999999995
8727,0.3373
8728,0.18422
8729,0.00666
8730,0.0
8731,0.0
8732,0.0
8733,0.0
8734,0.0
8735,0.0
8736,0.0
8737,0.0
8738,0.0
8739,0.0
8740,0.0
8741,0.0
8742,0.043609999999999996
8743,0.22949
8744,0.33675
8745,0.55538
8746,0.61813
8747,0.72168
8748,0.68014
8749,0.62312
8750,0.45872
8751,0.36576
8752,0.19000999999999998
8753,0.03971
8754,0.0
8755,0.0
8756,0.0
8757,0.0
8758,0.0
8759,0.0
