,pv_per_unit
0,0.0
1,0.0
2,0.0
3,0.0
4,0.0
5,0.0
6,0.0
7,0.03304
8,0.11871999999999999
9,0.18230000000000002
10,0.18111000000000002
11,0.27861
12,0.24373
13,0.124
14,0.22761
15,0.12390000000000001
16,0.05399
17,0.016050000000000002
18,0.0
19,0.0
20,0.0
21,0.0
22,0.0
23,0.0
24,0.0
25,0.0
26,0.0
27,0.0
28,0.0
29,0.0
30,0.00108
31,0.06498000000000001
32,0.13534000000000002
33,0.20874
34,0.25885
35,0.29906
36,0.28355
37,0.44667
38,0.43485
39,0.29037
40,0.12878
41,0.03108
42,0.0
43,0.0
44,0.0
45,0.0
46,0.0
47,0.0
48,0.0
49,0.0
50,0.0
51,0.0
52,0.0
53,0.0
54,0.0
55,0.00919
56,0.07001
57,0.11745
58,0.19218000000000002
59,0.2457
60,0.29571
61,0.42438
62,0.32161
63,0.37917
64,0.1982
65,0.03651
66,0.0
67,0.0
68,0.0
69,0.0
70,0.0
71,0.0
72,0.0
73,0.0
74,0.0
75,0.0
76,0.0
77,0.0
78,0.0
79,0.0022400000000000002
80,0.00138
81,0.0055
82,0.01626
83,0.06082
84,0.12348
85,0.38462999999999997
86,0.35076999999999997
87,0.29808
88,0.15098
89,0.03372
90,0.0
91,0.0
92,0.0
93,0.0
94,0.0
95,0.0
96,0.0
97,0.0
98,0.0
99,0.0
100,0.0
101,0.0
102,0.00296
103,0.10565000000000001
104,0.16386
105,0.17684
106,0.29337
107,0.44005
108,0.50604
109,0.5432
110,0.42713
111,0.22343000000000002
112,0.04491
113,0.006809999999999999
114,0.0
115,0.0
116,0.0
117,0.0
118,0.0
119,0.0
120,0.0
121,0.0
122,0.0
123,0.0
124,0.0
125,0.0
126,0.00218
127,0.10590999999999999
128,0.24963
129,0.30724
130,0.5517799999999999
131,0.48447
132,0.56167
133,0.61861
134,0.43471
135,0.24622
136,0.07225
137,0.02173
138,0.0
139,0.0
140,0.0
141,0.0
142,0.0
143,0.0
144,0.0
145,0.0
146,0.0
147,0.0
148,0.0
149,0.0
150,0.0007199999999999999
151,0.0655
152,0.19463999999999998
153,0.32827999999999996
154,0.41487
155,0.48577
156,0.59127
157,0.50674
158,0.19052000000000002
159,0.18252000000000002
160,0.137
161,0.031030000000000002
162,0.0
163,0.0
164,0.0
165,0.0
166,0.0
167,0.0
168,0.0
169,0.0
170,0.0
171,0.0
172,0.0
173,0.0
174,0.00123
175,0.06694
176,0.16534000000000001
177,0.32526
178,0.43221
179,0.49886
180,0.49785
181,0.58166
182,0.48096
183,0.34613
184,0.23499
185,0.037579999999999995
186,0.0
187,0.0
188,0.0
189,0.0
190,0.0
191,0.0
192,0.0
193,0.0
194,0.0
195,0.0
196,0.0
197,0.0
198,0.0
199,0.020739999999999998
200,0.0427
201,0.02206
202,0.05855
203,0.02819
204,0.07690000000000001
205,0.2137
206,0.17792
207,0.21168
208,0.17398
209,0.03596
210,0.0
211,0.0
212,0.0
213,0.0
214,0.0
215,0.0
216,0.0
217,0.0
218,0.0
219,0.0
220,0.0
221,0.0
222,0.0035800000000000003
223,0.08097
224,0.19895
225,0.43363
226,0.55667
227,0.49760000000000004
228,0.6336499999999999
229,0.43086
230,0.35955000000000004
231,0.25639999999999996
232,0.22591
233,0.06622
234,0.0
235,0.0
236,0.0
237,0.0
238,0.0
239,0.0
240,0.0
241,0.0
242,0.0
243,0.0
244,0.0
245,0.0
246,0.0024700000000000004
247,0.10504999999999999
248,0.30066000000000004
249,0.41594
250,0.58047
251,0.62454
252,0.6496900000000001
253,0.6280800000000001
254,0.48479
255,0.37505
256,0.16356
257,0.024730000000000002
258,0.0
259,0.0
260,0.0
261,0.0
262,0.0
263,0.0
264,0.0
265,0.0
266,0.0
267,0.0
268,0.0
269,0.0
270,0.0
271,0.03222
272,0.03399
273,0.02277
274,0.00872
275,0.047670000000000004
276,0.05176
277,0.21589
278,0.24830000000000002
279,0.14474
280,0.09895999999999999
281,0.00922
282,0.0
283,0.0
284,0.0
285,0.0
286,0.0
287,0.0
288,0.0
289,0.0
290,0.0
291,0.0
292,0.0
293,0.0
294,1e-05
295,0.02133
296,0.10205
297,0.18478999999999998
298,0.24206999999999998
299,0.30835
300,0.27325
301,0.30181
302,0.17313
303,0.1242
304,0.044969999999999996
305,0.00521
306,0.0
307,0.0
308,0.0
309,0.0
310,0.0
311,0.0
312,0.0
313,0.0
314,0.0
315,0.0
316,0.0
317,0.0
318,0.00128
319,0.05105
320,0.07858
321,0.18033000000000002
322,0.26344
323,0.33757
324,0.43177
325,0.26759
326,0.23547
327,0.16819
328,0.07606
329,0.01745
330,0.0
331,0.0
332,0.0
333,0.0
334,0.0
335,0.0
336,0.0
337,0.0
338,0.0
339,0.0
340,0.0
341,0.0
342,0.0
343,0.00536
344,0.04968
345,0.11256999999999999
346,0.37404000000000004
347,0.40179000000000004
348,0.41899000000000003
349,0.43726
350,0.42988
351,0.26497000000000004
352,0.10725
353,0.025589999999999998
354,0.0
355,0.0
356,0.0
357,0.0
358,0.0
359,0.0
360,0.0
361,0.0
362,0.0
363,0.0
364,0.0
365,0.0
366,0.0
367,0.023280000000000002
368,0.04462
369,0.16848
370,0.18271
371,0.39563
372,0.24517
373,0.55704
374,0.34489
375,0.15005000000000002
376,0.13988
377,0.04466
378,0.0
379,0.0
380,0.0
381,0.0
382,0.0
383,0.0
384,0.0
385,0.0
386,0.0
387,0.0
388,0.0
389,0.0
390,0.0009
391,0.06953
392,0.16221000000000002
393,0.31414
394,0.26533999999999996
395,0.48918
396,0.41868
397,0.38155
398,0.41658999999999996
399,0.20191
400,0.08555
401,0.00475
402,0.0
403,0.0
404,0.0
405,0.0
406,0.0
407,0.0
408,0.0
409,0.0
410,0.0
411,0.0
412,0.0
413,0.0
414,0.00047999999999999996
415,0.03685
416,0.12397
417,0.32568
418,0.41958
419,0.54232
420,0.64195
421,0.5179600000000001
422,0.36806
423,0.32015
424,0.20135
425,0.06019
426,0.0
427,0.0
428,0.0
429,0.0
430,0.0
431,0.0
432,0.0
433,0.0
434,0.0
435,0.0
436,0.0
437,0.0
438,0.0
439,0.02135
440,0.09204999999999999
441,0.15236000000000002
442,0.40649
443,0.5154299999999999
444,0.5468099999999999
445,0.47106
446,0.3619
447,0.33553
448,0.11906
449,0.03554
450,0.0
451,0.0
452,0.0
453,0.0
454,0.0
455,0.0
456,0.0
457,0.0
458,0.0
459,0.0
460,0.0
461,0.0
462,0.00047999999999999996
463,0.04352
464,0.12159
465,0.17085
466,0.27456
467,0.39964
468,0.51059
469,0.23786000000000002
470,0.22619999999999998
471,0.22341999999999998
472,0.20667
473,0.0373
474,0.0
475,0.0
476,0.0
477,0.0
478,0.0
479,0.0
480,0.0
481,0.0
482,0.0
483,0.0
484,0.0
485,0.0
486,0.0
487,0.00897
488,0.07171
489,0.06528
490,0.21111000000000002
491,0.14504
492,0.31236
493,0.27401
494,0.17725
495,0.21713
496,0.13299
497,0.04392
498,0.0
499,0.0
500,0.0
501,0.0
502,0.0
503,0.0
504,0.0
505,0.0
506,0.0
507,0.0
508,0.0
509,0.0
510,7.000000000000001e-05
511,0.05085
512,0.22457
513,0.41102999999999995
514,0.57868
515,0.47631999999999997
516,0.2949
517,0.3402
518,0.31931
519,0.2339
520,0.07994
521,0.03797
522,0.0
523,0.0
524,0.0
525,0.0
526,0.0
527,0.0
528,0.0
529,0.0
530,0.0
531,0.0
532,0.0
533,0.0
534,0.00164
535,0.06608
536,0.20047
537,0.26344
538,0.28967000000000004
539,0.24462
540,0.14755000000000001
541,0.32797000000000004
542,0.28558
543,0.21843
544,0.11801
545,0.023960000000000002
546,0.0
547,0.0
548,0.0
549,0.0
550,0.0
551,0.0
552,0.0
553,0.0
554,0.0
555,0.0
556,0.0
557,0.0
558,0.0019399999999999999
559,0.08984
560,0.28044
561,0.38603
562,0.41038
563,0.57653
564,0.5586599999999999
565,0.5597300000000001
566,0.46327999999999997
567,0.32677
568,0.18381
569,0.05688
570,0.0
571,0.0
572,0.0
573,0.0
574,0.0
575,0.0
576,0.0
577,0.0
578,0.0
579,0.0
580,0.0
581,0.0
582,8e-05
583,0.06606000000000001
584,0.12787
585,0.23428
586,0.48869999999999997
587,0.3297
588,0.56117
589,0.35497
590,0.42195
591,0.33216
592,0.12757
593,0.05811
594,0.0
595,0.0
596,0.0
597,0.0
598,0.0
599,0.0
600,0.0
601,0.0
602,0.0
603,0.0
604,0.0
605,0.0
606,0.00022
607,0.04782
608,0.14273
609,0.22202000000000002
610,0.26044
611,0.39572
612,0.39217
613,0.32336000000000004
614,0.34174
615,0.32252
616,0.13976
617,0.05913
618,0.0
619,0.0
620,0.0
621,0.0
622,0.0
623,0.0
624,0.0
625,0.0
626,0.0
627,0.0
628,0.0
629,0.0
630,0.00159
631,0.06011
632,0.20905
633,0.33012
634,0.47754
635,0.57927
636,0.62493
637,0.55696
638,0.47384
639,0.30801
640,0.22616
641,0.05839
642,0.0
643,0.0
644,0.0
645,0.0
646,0.0
647,0.0
648,0.0
649,0.0
650,0.0
651,0.0
652,0.0
653,0.0
654,0.00146
655,0.06523999999999999
656,0.23943
657,0.39544
658,0.37844
659,0.4156
660,0.51797
661,0.43877
662,0.34172
663,0.29464
664,0.15386000000000002
665,0.081
666,0.0
667,0.0
668,0.0
669,0.0
670,0.0
671,0.0
672,0.0
673,0.0
674,0.0
675,0.0
676,0.0
677,0.0
678,0.00047999999999999996
679,0.054729999999999994
680,0.16871
681,0.33077
682,0.38253
683,0.49007
684,0.5112
685,0.5153300000000001
686,0.51398
687,0.33175
688,0.17524
689,0.04387
690,0.0
691,0.0
692,0.0
693,0.0
694,0.0
695,0.0
696,0.0
697,0.0
698,0.0
699,0.0
700,0.0
701,0.0
702,5e-05
703,0.06416
704,0.20161
705,0.39144
706,0.44843
707,0.47676999999999997
708,0.51627
709,0.44492000000000004
710,0.3097
711,0.27461
712,0.15403999999999998
713,0.06743
714,0.0
715,0.0
716,0.0
717,0.0
718,0.0
719,0.0
720,0.0
721,0.0
722,0.0
723,0.0
724,0.0
725,0.0
726,0.0
727,0.019289999999999998
728,0.1172
729,0.1766
730,0.30393000000000003
731,0.38427
732,0.38381
733,0.37874
734,0.47125
735,0.36167
736,0.11239
737,0.034659999999999996
738,0.0
739,0.0
740,0.0
741,0.0
742,0.0
743,0.0
744,0.0
745,0.0
746,0.0
747,0.0
748,0.0
749,0.0
750,0.00101
751,0.08597
752,0.19677
753,0.29801
754,0.4769
755,0.5171
756,0.37965
757,0.47499
758,0.39258
759,0.1379
760,0.07342
761,0.046810000000000004
762,0.0
763,0.0
764,0.0
765,0.0
766,0.0
767,0.0
768,0.0
769,0.0
770,0.0
771,0.0
772,0.0
773,0.0
774,0.00019
775,0.06288
776,0.17901
777,0.32633999999999996
778,0.42298
779,0.51883
780,0.58827
781,0.36273
782,0.484
783,0.36542
784,0.26223
785,0.07545
786,0.0
787,0.0
788,0.0
789,0.0
790,0.0
791,0.0
792,0.0
793,0.0
794,0.0
795,0.0
796,0.0
797,0.0
798,0.0
799,0.039909999999999994
800,0.17678
801,0.27863
802,0.39061
803,0.48287
804,0.54515
805,0.38909
806,0.31103
807,0.20881
808,0.06747
809,0.03804
810,0.0
811,0.0
812,0.0
813,0.0
814,0.0
815,0.0
816,0.0
817,0.0
818,0.0
819,0.0
820,0.0
821,0.0
822,2.9999999999999997e-05
823,0.06573999999999999
824,0.11237
825,0.31429
826,0.39433999999999997
827,0.55824
828,0.60517
829,0.46843
830,0.37018
831,0.221
832,0.15906
833,0.03401
834,0.0
835,0.0
836,0.0
837,0.0
838,0.0
839,0.0
840,0.0
841,0.0
842,0.0
843,0.0
844,0.0
845,0.0
846,0.0
847,0.022699999999999998
848,0.15212
849,0.32273
850,0.37395
851,0.46702999999999995
852,0.42116000000000003
853,0.55988
854,0.34420999999999996
855,0.30674
856,0.08166
857,0.03527
858,0.0
859,0.0
860,0.0
861,0.0
862,0.0
863,0.0
864,0.0
865,0.0
866,0.0
867,0.0
868,0.0
869,0.0
870,0.0
871,0.01222
872,0.09308
873,0.22006
874,0.30358999999999997
875,0.55477
876,0.5163300000000001
877,0.50806
878,0.37041
879,0.40725
880,0.19113
881,0.07123
882,0.0
883,0.0
884,0.0
885,0.0
886,0.0
887,0.0
888,0.0
889,0.0
890,0.0
891,0.0
892,0.0
893,0.0
894,0.0
895,0.00912
896,0.05102
897,0.04685
898,0.04906
899,0.11241
900,0.25937
901,0.5561699999999999
902,0.45394999999999996
903,0.30789999999999995
904,0.16058
905,0.08561
906,0.0
907,0.0
908,0.0
909,0.0
910,0.0
911,0.0
912,0.0
913,0.0
914,0.0
915,0.0
916,0.0
917,0.0
918,0.0
919,0.045590000000000006
920,0.15124
921,0.17332
922,0.32371
923,0.36647
924,0.33793
925,0.54264
926,0.46156
927,0.29558
928,0.23165
929,0.059789999999999996
930,0.0
931,0.0
932,0.0
933,0.0
934,0.0
935,0.0
936,0.0
937,0.0
938,0.0
939,0.0
940,0.0
941,0.0
942,0.0
943,0.01392
944,0.07743000000000001
945,0.09949
946,0.22178
947,0.14879
948,0.37504000000000004
949,0.47484
950,0.33611
951,0.32567
952,0.19122999999999998
953,0.07804000000000001
954,0.0
955,0.0
956,0.0
957,0.0
958,0.0
959,0.0
960,0.0
961,0.0
962,0.0
963,0.0
964,0.0
965,0.0
966,0.00022
967,0.08398
968,0.21002
969,0.30449
970,0.39638
971,0.44706999999999997
972,0.3954
973,0.5225
974,0.49545999999999996
975,0.362
976,0.15566999999999998
977,0.0522
978,0.0
979,0.0
980,0.0
981,0.0
982,0.0
983,0.0
984,0.0
985,0.0
986,0.0
987,0.0
988,0.0
989,0.0
990,0.0
991,0.0009
992,0.0297
993,0.04029
994,0.04453
995,0.10162
996,0.10715999999999999
997,0.07964
998,0.26325
999,0.20069
1000,0.12138
1001,0.0291
1002,0.0
1003,0.0
1004,0.0
1005,0.0
1006,0.0
1007,0.0
1008,0.0
1009,0.0
1010,0.0
1011,0.0
1012,0.0
1013,0.0
1014,0.00013000000000000002
1015,0.06172
1016,0.20606
1017,0.36191
1018,0.5043
1019,0.50757
1020,0.60235
1021,0.4732
1022,0.44217
1023,0.31599
1024,0.22115
1025,0.0694
1026,0.0
1027,0.0
1028,0.0
1029,0.0
1030,0.0
1031,0.0
1032,0.0
1033,0.0
1034,0.0
1035,0.0
1036,0.0
1037,0.0
1038,0.00019
1039,0.06881999999999999
1040,0.17832
1041,0.35918
1042,0.45846
1043,0.44136000000000003
1044,0.53838
1045,0.49471
1046,0.40614999999999996
1047,0.32101
1048,0.26488999999999996
1049,0.05803
1050,0.0
1051,0.0
1052,0.0
1053,0.0
1054,0.0
1055,0.0
1056,0.0
1057,0.0
1058,0.0
1059,0.0
1060,0.0
1061,0.0
1062,0.0001
1063,0.03307
1064,0.08261
1065,0.11997
1066,0.25054
1067,0.41707
1068,0.3402
1069,0.53127
1070,0.37115
1071,0.1504
1072,0.10884
1073,0.02068
1074,0.0
1075,0.0
1076,0.0
1077,0.0
1078,0.0
1079,0.0
1080,0.0
1081,0.0
1082,0.0
1083,0.0
1084,0.0
1085,0.0
1086,0.0023
1087,0.05688
1088,0.19745
1089,0.32137
1090,0.30833999999999995
1091,0.62162
1092,0.5221699999999999
1093,0.36099000000000003
1094,0.31901
1095,0.37245999999999996
1096,0.16763999999999998
1097,0.05645
1098,0.0
1099,0.0
1100,0.0
1101,0.0
1102,0.0
1103,0.0
1104,0.0
1105,0.0
1106,0.0
1107,0.0
1108,0.0
1109,0.0
1110,0.00232
1111,0.06871
1112,0.20639
1113,0.40132999999999996
1114,0.44127999999999995
1115,0.49622000000000005
1116,0.5780700000000001
1117,0.55655
1118,0.39585000000000004
1119,0.34508999999999995
1120,0.1033
1121,0.00584
1122,0.0
1123,0.0
1124,0.0
1125,0.0
1126,0.0
1127,0.0
1128,0.0
1129,0.0
1130,0.0
1131,0.0
1132,0.0
1133,0.0
1134,0.00062
1135,0.03487
1136,0.11823
1137,0.1564
1138,0.18463
1139,0.13165000000000002
1140,0.287
1141,0.34397000000000005
1142,0.29554
1143,0.16234
1144,0.09697
1145,0.03564
1146,0.0
1147,0.0
1148,0.0
1149,0.0
1150,0.0
1151,0.0
1152,0.0
1153,0.0
1154,0.0
1155,0.0
1156,0.0
1157,0.0
1158,0.00026000000000000003
1159,0.04482
1160,0.15508000000000002
1161,0.24975
1162,0.26853
1163,0.36824
1164,0.37013
1165,0.58104
1166,0.38874000000000003
1167,0.26396
1168,0.17049
1169,0.03454
1170,0.0
1171,0.0
1172,0.0
1173,0.0
1174,0.0
1175,0.0
1176,0.0
1177,0.0
1178,0.0
1179,0.0
1180,0.0
1181,0.0
1182,0.0
1183,0.014029999999999999
1184,0.0442
1185,0.15408000000000002
1186,0.27370999999999995
1187,0.28120999999999996
1188,0.42788
1189,0.53344
1190,0.43779
1191,0.38112999999999997
1192,0.25515
1193,0.04611
1194,0.0
1195,0.0
1196,0.0
1197,0.0
1198,0.0
1199,0.0
1200,0.0
1201,0.0
1202,0.0
1203,0.0
1204,0.0
1205,0.0
1206,0.0008399999999999999
1207,0.05718
1208,0.11662
1209,0.30417
1210,0.32033
1211,0.346
1212,0.51197
1213,0.5834400000000001
1214,0.43438
1215,0.42157
1216,0.29911
1217,0.07803
1218,0.0
1219,0.0
1220,0.0
1221,0.0
1222,0.0
1223,0.0
1224,0.0
1225,0.0
1226,0.0
1227,0.0
1228,0.0
1229,0.0
1230,0.00282
1231,0.09182
1232,0.29818
1233,0.37866000000000005
1234,0.51103
1235,0.63637
1236,0.6243200000000001
1237,0.45259
1238,0.43139
1239,0.27066
1240,0.22211
1241,0.05654
1242,0.0
1243,0.0
1244,0.0
1245,0.0
1246,0.0
1247,0.0
1248,0.0
1249,0.0
1250,0.0
1251,0.0
1252,0.0
1253,0.0
1254,0.00132
1255,0.04487
1256,0.099
1257,0.26854
1258,0.27159
1259,0.37681
1260,0.29431999999999997
1261,0.39631
1262,0.25962999999999997
1263,0.31905
1264,0.14753
1265,0.04106
1266,0.0
1267,0.0
1268,0.0
1269,0.0
1270,0.0
1271,0.0
1272,0.0
1273,0.0
1274,0.0
1275,0.0
1276,0.0
1277,0.0
1278,0.00176
1279,0.06222
1280,0.25133
1281,0.42519999999999997
1282,0.55076
1283,0.50776
1284,0.52288
1285,0.58736
1286,0.55037
1287,0.38889999999999997
1288,0.16075
1289,0.06968
1290,0.0
1291,0.0
1292,0.0
1293,0.0
1294,0.0
1295,0.0
1296,0.0
1297,0.0
1298,0.0
1299,0.0
1300,0.0
1301,0.0
1302,0.00331
1303,0.08984
1304,0.22066999999999998
1305,0.35261000000000003
1306,0.5180499999999999
1307,0.62062
1308,0.60221
1309,0.62628
1310,0.5590599999999999
1311,0.37651999999999997
1312,0.23009000000000002
1313,0.09788
1314,0.0
1315,0.0
1316,0.0
1317,0.0
1318,0.0
1319,0.0
1320,0.0
1321,0.0
1322,0.0
1323,0.0
1324,0.0
1325,0.0
1326,0.0027400000000000002
1327,0.10258
1328,0.3004
1329,0.49743
1330,0.61414
1331,0.68844
1332,0.69494
1333,0.69333
1334,0.55579
1335,0.41463
1336,0.23192
1337,0.06675
1338,0.0
1339,0.0
1340,0.0
1341,0.0
1342,0.0
1343,0.0
1344,0.0
1345,0.0
1346,0.0
1347,0.0
1348,0.0
1349,0.0
1350,0.00195
1351,0.10217
1352,0.27153
1353,0.37912
1354,0.55598
1355,0.5951000000000001
1356,0.61418
1357,0.6359
1358,0.53225
1359,0.45206999999999997
1360,0.30397
1361,0.09899
1362,0.0
1363,0.0
1364,0.0
1365,0.0
1366,0.0
1367,0.0
1368,0.0
1369,0.0
1370,0.0
1371,0.0
1372,0.0
1373,0.0
1374,0.00432
1375,0.07928
1376,0.20871
1377,0.41877
1378,0.58488
1379,0.65708
1380,0.70178
1381,0.61691
1382,0.56621
1383,0.42206
1384,0.18312
1385,0.06085
1386,0.0
1387,0.0
1388,0.0
1389,0.0
1390,0.0
1391,0.0
1392,0.0
1393,0.0
1394,0.0
1395,0.0
1396,0.0
1397,0.0
1398,0.0014399999999999999
1399,0.11023000000000001
1400,0.30828
1401,0.45482999999999996
1402,0.50178
1403,0.66664
1404,0.6985399999999999
1405,0.62752
1406,0.48147
1407,0.38658
1408,0.25869
1409,0.0773
1410,0.0
1411,0.0
1412,0.0
1413,0.0
1414,0.0
1415,0.0
1416,0.0
1417,0.0
1418,0.0
1419,0.0
1420,0.0
1421,0.0
1422,0.00409
1423,0.1158
1424,0.31445999999999996
1425,0.49791
1426,0.6327
1427,0.6887000000000001
1428,0.73852
1429,0.6467999999999999
1430,0.60363
1431,0.45718000000000003
1432,0.25989
1433,0.10881
1434,0.0
1435,0.0
1436,0.0
1437,0.0
1438,0.0
1439,0.0
1440,0.0
1441,0.0
1442,0.0
1443,0.0
1444,0.0
1445,0.0
1446,0.00234
1447,0.09018000000000001
1448,0.2908
1449,0.49333
1450,0.5637300000000001
1451,0.65604
1452,0.64513
1453,0.48648
1454,0.50626
1455,0.47974
1456,0.24886000000000003
1457,0.07255
1458,0.0
1459,0.0
1460,0.0
1461,0.0
1462,0.0
1463,0.0
1464,0.0
1465,0.0
1466,0.0
1467,0.0
1468,0.0
1469,0.0
1470,0.00164
1471,0.08942
1472,0.2795
1473,0.27494999999999997
1474,0.39597000000000004
1475,0.61481
1476,0.5991000000000001
1477,0.59549
1478,0.40549
1479,0.38088
1480,0.14617
1481,0.03579
1482,0.0
1483,0.0
1484,0.0
1485,0.0
1486,0.0
1487,0.0
1488,0.0
1489,0.0
1490,0.0
1491,0.0
1492,0.0
1493,0.0
1494,0.00265
1495,0.07784
1496,0.17353
1497,0.21467
1498,0.36128
1499,0.43383
1500,0.56551
1501,0.48145
1502,0.36782
1503,0.26587
1504,0.10243000000000001
1505,0.018539999999999997
1506,0.0
1507,0.0
1508,0.0
1509,0.0
1510,0.0
1511,0.0
1512,0.0
1513,0.0
1514,0.0
1515,0.0
1516,0.0
1517,0.0
1518,0.00107
1519,0.033710000000000004
1520,0.1986
1521,0.30387000000000003
1522,0.35642
1523,0.57127
1524,0.60104
1525,0.5435399999999999
1526,0.34939
1527,0.33024000000000003
1528,0.09847
1529,0.02327
1530,0.0
1531,0.0
1532,0.0
1533,0.0
1534,0.0
1535,0.0
1536,0.0
1537,0.0
1538,0.0
1539,0.0
1540,0.0
1541,0.0
1542,0.00121
1543,0.04159
1544,0.17054
1545,0.24028
1546,0.26793
1547,0.28635000000000005
1548,0.52939
1549,0.43063999999999997
1550,0.33318000000000003
1551,0.20525
1552,0.1762
1553,0.0575
1554,0.0
1555,0.0
1556,0.0
1557,0.0
1558,0.0
1559,0.0
1560,0.0
1561,0.0
1562,0.0
1563,0.0
1564,0.0
1565,0.0
1566,0.0031
1567,0.09777
1568,0.19993
1569,0.36674
1570,0.39155
1571,0.50588
1572,0.5251
1573,0.52454
1574,0.49360000000000004
1575,0.30638
1576,0.09244
1577,0.02551
1578,0.0
1579,0.0
1580,0.0
1581,0.0
1582,0.0
1583,0.0
1584,0.0
1585,0.0
1586,0.0
1587,0.0
1588,0.0
1589,0.0
1590,0.0022
1591,0.03756
1592,0.09701
1593,0.22813
1594,0.32705
1595,0.42657999999999996
1596,0.53779
1597,0.50876
1598,0.45722
1599,0.39473
1600,0.15741999999999998
1601,0.02343
1602,0.0
1603,0.0
1604,0.0
1605,0.0
1606,0.0
1607,0.0
1608,0.0
1609,0.0
1610,0.0
1611,0.0
1612,0.0
1613,0.0
1614,0.00736
1615,0.10296
1616,0.20723
1617,0.40443
1618,0.50261
1619,0.59811
1620,0.6134700000000001
1621,0.6094400000000001
1622,0.5211399999999999
1623,0.36508999999999997
1624,0.17311
1625,0.04813
1626,0.0
1627,0.0
1628,0.0
1629,0.0
1630,0.0
1631,0.0
1632,0.0
1633,0.0
1634,0.0
1635,0.0
1636,0.0
1637,0.0
1638,0.00271
1639,0.04862
1640,0.12481
1641,0.3555
1642,0.43147
1643,0.49515
1644,0.60421
1645,0.64181
1646,0.48908999999999997
1647,0.36695999999999995
1648,0.15963
1649,0.044840000000000005
1650,0.0
1651,0.0
1652,0.0
1653,0.0
1654,0.0
1655,0.0
1656,0.0
1657,0.0
1658,0.0
1659,0.0
1660,0.0
1661,0.0
1662,0.0035099999999999997
1663,0.05129
1664,0.12151
1665,0.29598
1666,0.37866000000000005
1667,0.48437
1668,0.48184
1669,0.5255299999999999
1670,0.55375
1671,0.41305000000000003
1672,0.21527000000000002
1673,0.07382
1674,0.0
1675,0.0
1676,0.0
1677,0.0
1678,0.0
1679,0.0
1680,0.0
1681,0.0
1682,0.0
1683,0.0
1684,0.0
1685,0.0
1686,0.00148
1687,0.038060000000000004
1688,0.12451000000000001
1689,0.16573
1690,0.20639
1691,0.40388
1692,0.35446
1693,0.38419
1694,0.38693
1695,0.33679000000000003
1696,0.18872999999999998
1697,0.02546
1698,0.0
1699,0.0
1700,0.0
1701,0.0
1702,0.0
1703,0.0
1704,0.0
1705,0.0
1706,0.0
1707,0.0
1708,0.0
1709,0.0
1710,0.00107
1711,0.0287
1712,0.12258
1713,0.25296
1714,0.31285
1715,0.32123
1716,0.35297
1717,0.47807
1718,0.29913
1719,0.22384
1720,0.12819
1721,0.02809
1722,0.0
1723,0.0
1724,0.0
1725,0.0
1726,0.0
1727,0.0
1728,0.0
1729,0.0
1730,0.0
1731,0.0
1732,0.0
1733,0.0
1734,0.00186
1735,0.051340000000000004
1736,0.20082
1737,0.32725
1738,0.40206000000000003
1739,0.45519
1740,0.44175
1741,0.52301
1742,0.51118
1743,0.32369
1744,0.2311
1745,0.05271
1746,0.0
1747,0.0
1748,0.0
1749,0.0
1750,0.0
1751,0.0
1752,0.0
1753,0.0
1754,0.0
1755,0.0
1756,0.0
1757,0.0
1758,0.0029100000000000003
1759,0.09314
1760,0.24032
1761,0.32452
1762,0.38192000000000004
1763,0.29504
1764,0.40511
1765,0.43739999999999996
1766,0.33922
1767,0.26362
1768,0.11306999999999999
1769,0.025160000000000002
1770,0.0
1771,0.0
1772,0.0
1773,0.0
1774,0.0
1775,0.0
1776,0.0
1777,0.0
1778,0.0
1779,0.0
1780,0.0
1781,0.0
1782,0.00337
1783,0.09405
1784,0.26368
1785,0.34696
1786,0.45225
1787,0.50729
1788,0.5642
1789,0.46044
1790,0.39494999999999997
1791,0.31394
1792,0.20262
1793,0.06562
1794,0.0
1795,0.0
1796,0.0
1797,0.0
1798,0.0
1799,0.0
1800,0.0
1801,0.0
1802,0.0
1803,0.0
1804,0.0
1805,0.0
1806,0.00163
1807,0.05704
1808,0.19524
1809,0.39102
1810,0.43234
1811,0.42213
1812,0.49457
1813,0.5384099999999999
1814,0.29805000000000004
1815,0.15672999999999998
1816,0.08633
1817,0.01295
1818,0.0
1819,0.0
1820,0.0
1821,0.0
1822,0.0
1823,0.0
1824,0.0
1825,0.0
1826,0.0
1827,0.0
1828,0.0
1829,0.0
1830,0.00239
1831,0.0757
1832,0.23235
1833,0.38065
1834,0.52411
1835,0.6233
1836,0.70824
1837,0.64779
1838,0.55979
1839,0.38722
1840,0.13704
1841,0.008230000000000001
1842,0.0
1843,0.0
1844,0.0
1845,0.0
1846,0.0
1847,0.0
1848,0.0
1849,0.0
1850,0.0
1851,0.0
1852,0.0
1853,0.0
1854,0.00237
1855,0.053700000000000005
1856,0.09759000000000001
1857,0.304
1858,0.27851
1859,0.36286
1860,0.27429000000000003
1861,0.42841
1862,0.34806
1863,0.16943
1864,0.049659999999999996
1865,0.010029999999999999
1866,0.0
1867,0.0
1868,0.0
1869,0.0
1870,0.0
1871,0.0
1872,0.0
1873,0.0
1874,0.0
1875,0.0
1876,0.0
1877,0.0
1878,0.0017900000000000001
1879,0.04635
1880,0.04913
1881,0.10718000000000001
1882,0.23496
1883,0.33919
1884,0.32197000000000003
1885,0.37022000000000005
1886,0.40937
1887,0.22701
1888,0.0907
1889,0.034659999999999996
1890,0.0
1891,0.0
1892,0.0
1893,0.0
1894,0.0
1895,0.0
1896,0.0
1897,0.0
1898,0.0
1899,0.0
1900,0.0
1901,0.0
1902,0.00614
1903,0.04665999999999999
1904,0.0843
1905,0.17474
1906,0.23639
1907,0.21054
1908,0.35647
1909,0.49755
1910,0.45457
1911,0.34003
1912,0.17107
1913,0.01936
1914,0.0
1915,0.0
1916,0.0
1917,0.0
1918,0.0
1919,0.0
1920,0.0
1921,0.0
1922,0.0
1923,0.0
1924,0.0
1925,0.0
1926,0.00518
1927,0.023129999999999998
1928,0.05181
1929,0.0551
1930,0.08004
1931,0.19391
1932,0.19172
1933,0.13049000000000002
1934,0.13803
1935,0.17061
1936,0.0637
1937,0.02253
1938,0.0
1939,0.0
1940,0.0
1941,0.0
1942,0.0
1943,0.0
1944,0.0
1945,0.0
1946,0.0
1947,0.0
1948,0.0
1949,0.0
1950,0.00228
1951,0.03997
1952,0.15956
1953,0.31054000000000004
1954,0.45716
1955,0.6194700000000001
1956,0.61926
1957,0.53167
1958,0.46122
1959,0.31157
1960,0.07531
1961,0.013560000000000001
1962,0.0
1963,0.0
1964,0.0
1965,0.0
1966,0.0
1967,0.0
1968,0.0
1969,0.0
1970,0.0
1971,0.0
1972,0.0
1973,0.0
1974,0.00113
1975,0.03058
1976,0.07053
1977,0.18871000000000002
1978,0.35389
1979,0.49363999999999997
1980,0.50439
1981,0.52647
1982,0.40647000000000005
1983,0.19551
1984,0.10762000000000001
1985,0.03052
1986,0.0
1987,0.0
1988,0.0
1989,0.0
1990,0.0
1991,0.0
1992,0.0
1993,0.0
1994,0.0
1995,0.0
1996,0.0
1997,0.0
1998,0.00584
1999,0.08855
2000,0.24356999999999998
2001,0.42544
2002,0.59526
2003,0.59576
2004,0.57709
2005,0.62612
2006,0.52812
2007,0.35081
2008,0.19412000000000001
2009,0.055560000000000005
2010,0.0
2011,0.0
2012,0.0
2013,0.0
2014,0.0
2015,0.0
2016,0.0
2017,0.0
2018,0.0
2019,0.0
2020,0.0
2021,0.0
2022,0.00575
2023,0.1257
2024,0.30312
2025,0.31342000000000003
2026,0.5405399999999999
2027,0.59312
2028,0.6204299999999999
2029,0.6166799999999999
2030,0.56033
2031,0.38593
2032,0.18306
2033,0.0493
2034,0.0
2035,0.0
2036,0.0
2037,0.0
2038,0.0
2039,0.0
2040,0.0
2041,0.0
2042,0.0
2043,0.0
2044,0.0
2045,0.0
2046,0.0035499999999999998
2047,0.08684
2048,0.21434999999999998
2049,0.46738
2050,0.44687
2051,0.60638
2052,0.5342899999999999
2053,0.61805
2054,0.43452999999999997
2055,0.29152999999999996
2056,0.11844
2057,0.05818
2058,0.0
2059,0.0
2060,0.0
2061,0.0
2062,0.0
2063,0.0
2064,0.0
2065,0.0
2066,0.0
2067,0.0
2068,0.0
2069,0.0
2070,0.0030099999999999997
2071,0.06770999999999999
2072,0.12796
2073,0.18815
2074,0.18394
2075,0.35028
2076,0.36122000000000004
2077,0.3427
2078,0.25915
2079,0.20528
2080,0.056659999999999995
2081,0.0092
2082,0.0
2083,0.0
2084,0.0
2085,0.0
2086,0.0
2087,0.0
2088,0.0
2089,0.0
2090,0.0
2091,0.0
2092,0.0
2093,0.0
2094,0.00174
2095,0.04854
2096,0.16240000000000002
2097,0.34682
2098,0.41032
2099,0.5767
2100,0.45375
2101,0.48111000000000004
2102,0.28181
2103,0.14684999999999998
2104,0.14939
2105,0.04027
2106,0.0
2107,0.0
2108,0.0
2109,0.0
2110,0.0
2111,0.0
2112,0.0
2113,0.0
2114,0.0
2115,0.0
2116,0.0
2117,0.0
2118,0.00931
2119,0.08145000000000001
2120,0.17344
2121,0.17646
2122,0.30234
2123,0.28475
2124,0.37498000000000004
2125,0.5424800000000001
2126,0.31883999999999996
2127,0.09968
2128,0.0601
2129,0.00758
2130,0.0
2131,0.0
2132,0.0
2133,0.0
2134,0.0
2135,0.0
2136,0.0
2137,0.0
2138,0.0
2139,0.0
2140,0.0
2141,0.0
2142,0.00337
2143,0.08145999999999999
2144,0.20228
2145,0.19816
2146,0.36444
2147,0.34985000000000005
2148,0.37895999999999996
2149,0.39970999999999995
2150,0.29322000000000004
2151,0.17911000000000002
2152,0.10208
2153,0.02441
2154,0.0
2155,0.0
2156,0.0
2157,0.0
2158,0.0
2159,0.0
2160,0.0
2161,0.0
2162,0.0
2163,0.0
2164,0.0
2165,0.0
2166,0.0
2167,0.02088
2168,0.013519999999999999
2169,0.023559999999999998
2170,0.05969
2171,0.13817
2172,0.24525999999999998
2173,0.18621000000000001
2174,0.25211
2175,0.19190000000000002
2176,0.14274
2177,0.04998
2178,0.0
2179,0.0
2180,0.0
2181,0.0
2182,0.0
2183,0.0
2184,0.0
2185,0.0
2186,0.0
2187,0.0
2188,0.0
2189,0.0
2190,0.00387
2191,0.040799999999999996
2192,0.19702
2193,0.25779
2194,0.24523
2195,0.5761799999999999
2196,0.53553
2197,0.22538
2198,0.22235
2199,0.15993000000000002
2200,0.13088999999999998
2201,0.040119999999999996
2202,0.0
2203,0.0
2204,0.0
2205,0.0
2206,0.0
2207,0.0
2208,0.0
2209,0.0
2210,0.0
2211,0.0
2212,0.0
2213,0.0
2214,0.0064800000000000005
2215,0.09920999999999999
2216,0.22269999999999998
2217,0.31295
2218,0.46662
2219,0.5528500000000001
2220,0.52812
2221,0.49793
2222,0.49818
2223,0.36415
2224,0.15297
2225,0.04593
2226,0.0
2227,0.0
2228,0.0
2229,0.0
2230,0.0
2231,0.0
2232,0.0
2233,0.0
2234,0.0
2235,0.0
2236,0.0
2237,0.0
2238,0.00878
2239,0.09664
2240,0.1998
2241,0.41625999999999996
2242,0.48469
2243,0.61073
2244,0.53852
2245,0.52996
2246,0.35370999999999997
2247,0.14959
2248,0.09096
2249,0.02123
2250,0.0
2251,0.0
2252,0.0
2253,0.0
2254,0.0
2255,0.0
2256,0.0
2257,0.0
2258,0.0
2259,0.0
2260,0.0
2261,0.0
2262,0.00613
2263,0.04893
2264,0.10490000000000001
2265,0.28308
2266,0.38123
2267,0.43983999999999995
2268,0.36023
2269,0.41818
2270,0.26905
2271,0.2196
2272,0.10537
2273,0.01912
2274,0.0
2275,0.0
2276,0.0
2277,0.0
2278,0.0
2279,0.0
2280,0.0
2281,0.0
2282,0.0
2283,0.0
2284,0.0
2285,0.0
2286,0.0054800000000000005
2287,0.08688
2288,0.14493999999999999
2289,0.26785000000000003
2290,0.26029
2291,0.52149
2292,0.56668
2293,0.5698799999999999
2294,0.28943
2295,0.15774000000000002
2296,0.08178
2297,0.01862
2298,0.0
2299,0.0
2300,0.0
2301,0.0
2302,0.0
2303,0.0
2304,0.0
2305,0.0
2306,0.0
2307,0.0
2308,0.0
2309,0.0
2310,0.008039999999999999
2311,0.10584
2312,0.27282999999999996
2313,0.42375999999999997
2314,0.53569
2315,0.59863
2316,0.6613600000000001
2317,0.5651900000000001
2318,0.53389
2319,0.35910000000000003
2320,0.15100999999999998
2321,0.0299
2322,0.0
2323,0.0
2324,0.0
2325,0.0
2326,0.0
2327,0.0
2328,0.0
2329,0.0
2330,0.0
2331,0.0
2332,0.0
2333,0.0
2334,0.0065
2335,0.09724
2336,0.21825999999999998
2337,0.41047
2338,0.54367
2339,0.6329
2340,0.6828500000000001
2341,0.62837
2342,0.47952
2343,0.3225
2344,0.1896
2345,0.04441
2346,0.0
2347,0.0
2348,0.0
2349,0.0
2350,0.0
2351,0.0
2352,0.0
2353,0.0
2354,0.0
2355,0.0
2356,0.0
2357,0.0
2358,0.01177
2359,0.08076
2360,0.21503999999999998
2361,0.17933000000000002
2362,0.42666000000000004
2363,0.61337
2364,0.61605
2365,0.47331
2366,0.36358999999999997
2367,0.12251000000000001
2368,0.0536
2369,0.015609999999999999
2370,0.0
2371,0.0
2372,0.0
2373,0.0
2374,0.0
2375,0.0
2376,0.0
2377,0.0
2378,0.0
2379,0.0
2380,0.0
2381,0.0
2382,0.0011799999999999998
2383,0.02314
2384,0.11266
2385,0.12878
2386,0.19258
2387,0.20637
2388,0.18399000000000001
2389,0.33603
2390,0.29375999999999997
2391,0.14909
2392,0.06454
2393,0.03309
2394,0.0
2395,0.0
2396,0.0
2397,0.0
2398,0.0
2399,0.0
2400,0.0
2401,0.0
2402,0.0
2403,0.0
2404,0.0
2405,0.0
2406,0.00165
2407,0.057909999999999996
2408,0.15975999999999999
2409,0.36583
2410,0.42857999999999996
2411,0.45291000000000003
2412,0.51
2413,0.32241000000000003
2414,0.24424
2415,0.16374
2416,0.05847
2417,0.02175
2418,0.0
2419,0.0
2420,0.0
2421,0.0
2422,0.0
2423,0.0
2424,0.0
2425,0.0
2426,0.0
2427,0.0
2428,0.0
2429,0.0
2430,0.00317
2431,0.04097
2432,0.14914
2433,0.24672999999999998
2434,0.27531
2435,0.22491
2436,0.36685
2437,0.40069
2438,0.35789
2439,0.28192
2440,0.13898
2441,0.03098
2442,0.0
2443,0.0
2444,0.0
2445,0.0
2446,0.0
2447,0.0
2448,0.0
2449,0.0
2450,0.0
2451,0.0
2452,0.0
2453,0.0
2454,0.00756
2455,0.0922
2456,0.15756
2457,0.38877
2458,0.33532
2459,0.43248000000000003
2460,0.48193
2461,0.5711
2462,0.38221
2463,0.21652000000000002
2464,0.046479999999999994
2465,0.01123
2466,0.0
2467,0.0
2468,0.0
2469,0.0
2470,0.0
2471,0.0
2472,0.0
2473,0.0
2474,0.0
2475,0.0
2476,0.0
2477,0.0
2478,0.00383
2479,0.01769
2480,0.08965000000000001
2481,0.10307
2482,0.20151
2483,0.27807
2484,0.32045999999999997
2485,0.59512
2486,0.48688
2487,0.31203
2488,0.12129000000000001
2489,0.023219999999999998
2490,0.0
2491,0.0
2492,0.0
2493,0.0
2494,0.0
2495,0.0
2496,0.0
2497,0.0
2498,0.0
2499,0.0
2500,0.0
2501,0.0
2502,0.01097
2503,0.09849
2504,0.19422999999999999
2505,0.3196
2506,0.44309
2507,0.49187000000000003
2508,0.5339299999999999
2509,0.53803
2510,0.37185
2511,0.30955
2512,0.07443999999999999
2513,0.01585
2514,0.0
2515,0.0
2516,0.0
2517,0.0
2518,0.0
2519,0.0
2520,0.0
2521,0.0
2522,0.0
2523,0.0
2524,0.0
2525,0.0
2526,0.0057
2527,0.03221
2528,0.08832999999999999
2529,0.1392
2530,0.28178
2531,0.28676999999999997
2532,0.39303
2533,0.41043
2534,0.38344
2535,0.23459
2536,0.12767
2537,0.02084
2538,0.0
2539,0.0
2540,0.0
2541,0.0
2542,0.0
2543,0.0
2544,0.0
2545,0.0
2546,0.0
2547,0.0
2548,0.0
2549,0.0
2550,0.00653
2551,0.0948
2552,0.22429
2553,0.46177999999999997
2554,0.5484199999999999
2555,0.525
2556,0.6732
2557,0.5316799999999999
2558,0.41612
2559,0.2294
2560,0.0509
2561,0.00802
2562,0.0
2563,0.0
2564,0.0
2565,0.0
2566,0.0
2567,0.0
2568,0.0
2569,0.0
2570,0.0
2571,0.0
2572,0.0
2573,0.0
2574,0.00368
2575,0.04215
2576,0.0725
2577,0.19140000000000001
2578,0.23666
2579,0.37949
2580,0.36475
2581,0.47737
2582,0.38518
2583,0.34091000000000005
2584,0.14969
2585,0.03506
2586,0.0
2587,0.0
2588,0.0
2589,0.0
2590,0.0
2591,0.0
2592,0.0
2593,0.0
2594,0.0
2595,0.0
2596,0.0
2597,0.0
2598,0.012039999999999999
2599,0.08807999999999999
2600,0.27276999999999996
2601,0.44501
2602,0.55999
2603,0.52247
2604,0.58972
2605,0.42742
2606,0.41220999999999997
2607,0.30206
2608,0.14522
2609,0.02822
2610,0.0
2611,0.0
2612,0.0
2613,0.0
2614,0.0
2615,0.0
2616,0.0
2617,0.0
2618,0.0
2619,0.0
2620,0.0
2621,0.0
2622,0.00518
2623,0.053
2624,0.11020999999999999
2625,0.19025999999999998
2626,0.34784
2627,0.42806
2628,0.42369
2629,0.37083
2630,0.44702
2631,0.38393
2632,0.15474000000000002
2633,0.03947
2634,0.0
2635,0.0
2636,0.0
2637,0.0
2638,0.0
2639,0.0
2640,0.0
2641,0.0
2642,0.0
2643,0.0
2644,0.0
2645,0.0
2646,0.00639
2647,0.07992
2648,0.1196
2649,0.31555
2650,0.39679000000000003
2651,0.40370999999999996
2652,0.48813999999999996
2653,0.5358999999999999
2654,0.42232
2655,0.28676999999999997
2656,0.10089000000000001
2657,0.023039999999999998
2658,0.0
2659,0.0
2660,0.0
2661,0.0
2662,0.0
2663,0.0
2664,0.0
2665,0.0
2666,0.0
2667,0.0
2668,0.0
2669,0.0
2670,0.00688
2671,0.10159
2672,0.30219
2673,0.36078
2674,0.44717
2675,0.46708
2676,0.5484600000000001
2677,0.5510900000000001
2678,0.3518
2679,0.36443000000000003
2680,0.12900999999999999
2681,0.02361
2682,0.0
2683,0.0
2684,0.0
2685,0.0
2686,0.0
2687,0.0
2688,0.0
2689,0.0
2690,0.0
2691,0.0
2692,0.0
2693,0.0
2694,0.00779
2695,0.04357
2696,0.1737
2697,0.31601
2698,0.38001
2699,0.51044
2700,0.52922
2701,0.48908999999999997
2702,0.47754
2703,0.31171
2704,0.08525
2705,0.01716
2706,0.0
2707,0.0
2708,0.0
2709,0.0
2710,0.0
2711,0.0
2712,0.0
2713,0.0
2714,0.0
2715,0.0
2716,0.0
2717,0.0
2718,0.00311
2719,0.02865
2720,0.1275
2721,0.12512
2722,0.33491000000000004
2723,0.36805
2724,0.44068
2725,0.4036
2726,0.30067
2727,0.21674000000000002
2728,0.10313
2729,0.02552
2730,0.0
2731,0.0
2732,0.0
2733,0.0
2734,0.0
2735,0.0
2736,0.0
2737,0.0
2738,0.0
2739,0.0
2740,0.0
2741,0.0
2742,0.004889999999999999
2743,0.03449
2744,0.06662
2745,0.12625
2746,0.32006999999999997
2747,0.28418
2748,0.38847000000000004
2749,0.28572000000000003
2750,0.28649
2751,0.18688999999999997
2752,0.06258
2753,0.0169
2754,0.0
2755,0.0
2756,0.0
2757,0.0
2758,0.0
2759,0.0
2760,0.0
2761,0.0
2762,0.0
2763,0.0
2764,0.0
2765,0.0
2766,0.01614
2767,0.11164
2768,0.18388
2769,0.23726
2770,0.35224
2771,0.32016
2772,0.3698
2773,0.31013
2774,0.17105
2775,0.20489
2776,0.11133
2777,0.01315
2778,0.0
2779,0.0
2780,0.0
2781,0.0
2782,0.0
2783,0.0
2784,0.0
2785,0.0
2786,0.0
2787,0.0
2788,0.0
2789,0.0
2790,0.0
2791,0.03681
2792,0.060340000000000005
2793,0.11369
2794,0.18844
2795,0.26279
2796,0.26808
2797,0.22915
2798,0.21189
2799,0.17442
2800,0.10279
2801,0.02962
2802,0.0
2803,0.0
2804,0.0
2805,0.0
2806,0.0
2807,0.0
2808,0.0
2809,0.0
2810,0.0
2811,0.0
2812,0.0
2813,0.0
2814,0.01132
2815,0.06278
2816,0.16648
2817,0.32238
2818,0.48557
2819,0.60188
2820,0.5258700000000001
2821,0.38736000000000004
2822,0.34742
2823,0.22063999999999998
2824,0.10452
2825,0.023899999999999998
2826,0.0
2827,0.0
2828,0.0
2829,0.0
2830,0.0
2831,0.0
2832,0.0
2833,0.0
2834,0.0
2835,0.0
2836,0.0
2837,0.0
2838,0.013980000000000001
2839,0.05568
2840,0.17446
2841,0.17832
2842,0.19493000000000002
2843,0.37838
2844,0.54661
2845,0.33646
2846,0.32041000000000003
2847,0.09598000000000001
2848,0.08131999999999999
2849,0.01097
2850,0.0
2851,0.0
2852,0.0
2853,0.0
2854,0.0
2855,0.0
2856,0.0
2857,0.0
2858,0.0
2859,0.0
2860,0.0
2861,0.0
2862,0.01123
2863,0.04854
2864,0.12066
2865,0.09171
2866,0.23288999999999999
2867,0.31710000000000005
2868,0.44133999999999995
2869,0.46638999999999997
2870,0.36458999999999997
2871,0.24630000000000002
2872,0.06279
2873,0.005849999999999999
2874,0.0
2875,0.0
2876,0.0
2877,0.0
2878,0.0
2879,0.0
2880,0.0
2881,0.0
2882,0.0
2883,0.0
2884,0.0
2885,0.0
2886,0.0017800000000000001
2887,0.028329999999999998
2888,0.13819
2889,0.32517
2890,0.44412
2891,0.39056
2892,0.5046
2893,0.52467
2894,0.32091000000000003
2895,0.23005
2896,0.10077
2897,0.01419
2898,0.0
2899,0.0
2900,0.0
2901,0.0
2902,0.0
2903,0.0
2904,0.0
2905,0.0
2906,0.0
2907,0.0
2908,0.0
2909,0.0
2910,0.01022
2911,0.10937999999999999
2912,0.28348
2913,0.37551999999999996
2914,0.5544
2915,0.60648
2916,0.58253
2917,0.40604
2918,0.37349
2919,0.25069
2920,0.04616
2921,0.01434
2922,0.0
2923,0.0
2924,0.0
2925,0.0
2926,0.0
2927,0.0
2928,0.0
2929,0.0
2930,0.0
2931,0.0
2932,0.0
2933,0.0
2934,0.0022299999999999998
2935,0.053439999999999994
2936,0.13437000000000002
2937,0.17162
2938,0.15607
2939,0.17357
2940,0.20718999999999999
2941,0.40370999999999996
2942,0.29189
2943,0.15065
2944,0.054920000000000004
2945,0.01467
2946,0.0
2947,0.0
2948,0.0
2949,0.0
2950,0.0
2951,0.0
2952,0.0
2953,0.0
2954,0.0
2955,0.0
2956,0.0
2957,0.0
2958,0.00999
2959,0.117
2960,0.31525
2961,0.41335
2962,0.59351
2963,0.56221
2964,0.45831
2965,0.37986000000000003
2966,0.32473
2967,0.17880000000000001
2968,0.10449
2969,0.01775
2970,0.0
2971,0.0
2972,0.0
2973,0.0
2974,0.0
2975,0.0
2976,0.0
2977,0.0
2978,0.0
2979,0.0
2980,0.0
2981,0.0
2982,0.00508
2983,0.05944
2984,0.05553
2985,0.22374000000000002
2986,0.18151
2987,0.41763
2988,0.36961
2989,0.27291000000000004
2990,0.28448
2991,0.18341
2992,0.14937999999999999
2993,0.026359999999999998
2994,0.0
2995,0.0
2996,0.0
2997,0.0
2998,0.0
2999,0.0
3000,0.0
3001,0.0
3002,0.0
3003,0.0
3004,0.0
3005,0.0
3006,5e-05
3007,0.019960000000000002
3008,0.0206
3009,0.11056
3010,0.10515000000000001
3011,0.15533000000000002
3012,0.29694
3013,0.51096
3014,0.33546
3015,0.19146000000000002
3016,0.05475
3017,0.00745
3018,0.0
3019,0.0
3020,0.0
3021,0.0
3022,0.0
3023,0.0
3024,0.0
3025,0.0
3026,0.0
3027,0.0
3028,0.0
3029,0.0
3030,0.01134
3031,0.03804
3032,0.10116
3033,0.12262
3034,0.17559
3035,0.27558
3036,0.33029000000000003
3037,0.35656
3038,0.34122
3039,0.2016
3040,0.10640000000000001
3041,0.02237
3042,0.0
3043,0.0
3044,0.0
3045,0.0
3046,0.0
3047,0.0
3048,0.0
3049,0.0
3050,0.0
3051,0.0
3052,0.0
3053,0.0
3054,0.00138
3055,0.02604
3056,0.08935
3057,0.201
3058,0.31445
3059,0.25704000000000005
3060,0.4491
3061,0.41528
3062,0.34064999999999995
3063,0.29189
3064,0.11653
3065,0.04064
3066,0.0
3067,0.0
3068,0.0
3069,0.0
3070,0.0
3071,0.0
3072,0.0
3073,0.0
3074,0.0
3075,0.0
3076,0.0
3077,0.0
3078,0.00774
3079,0.02237
3080,0.053270000000000005
3081,0.12025
3082,0.20929
3083,0.28852999999999995
3084,0.30188
3085,0.52755
3086,0.40792
3087,0.29893000000000003
3088,0.10839
3089,0.03512
3090,0.0
3091,0.0
3092,0.0
3093,0.0
3094,0.0
3095,0.0
3096,0.0
3097,0.0
3098,0.0
3099,0.0
3100,0.0
3101,0.0
3102,0.01727
3103,0.134
3104,0.29417000000000004
3105,0.36931
3106,0.50781
3107,0.53487
3108,0.49026
3109,0.4009
3110,0.41293
3111,0.25962999999999997
3112,0.14343
3113,0.01316
3114,0.0
3115,0.0
3116,0.0
3117,0.0
3118,0.0
3119,0.0
3120,0.0
3121,0.0
3122,0.0
3123,0.0
3124,0.0
3125,0.0
3126,0.00861
3127,0.0405
3128,0.1024
3129,0.17037
3130,0.45869
3131,0.57275
3132,0.60884
3133,0.39189999999999997
3134,0.30187
3135,0.21258000000000002
3136,0.07501000000000001
3137,0.0177
3138,0.0
3139,0.0
3140,0.0
3141,0.0
3142,0.0
3143,0.0
3144,0.0
3145,0.0
3146,0.0
3147,0.0
3148,0.0
3149,0.0
3150,0.00664
3151,0.02544
3152,0.10659
3153,0.19091999999999998
3154,0.24889
3155,0.5886699999999999
3156,0.49713
3157,0.41368
3158,0.2728
3159,0.1217
3160,0.06527
3161,0.008289999999999999
3162,0.0
3163,0.0
3164,0.0
3165,0.0
3166,0.0
3167,0.0
3168,0.0
3169,0.0
3170,0.0
3171,0.0
3172,0.0
3173,0.0
3174,0.00297
3175,0.014070000000000001
3176,0.06012
3177,0.07012
3178,0.06544
3179,0.1436
3180,0.16971
3181,0.14909
3182,0.22074000000000002
3183,0.19409
3184,0.07931999999999999
3185,0.01392
3186,0.0
3187,0.0
3188,0.0
3189,0.0
3190,0.0
3191,0.0
3192,0.0
3193,0.0
3194,0.0
3195,0.0
3196,0.0
3197,0.0
3198,0.02087
3199,0.11449
3200,0.13063999999999998
3201,0.22409
3202,0.32599
3203,0.35357
3204,0.48869
3205,0.54013
3206,0.30057
3207,0.19182
3208,0.1154
3209,0.03177
3210,0.0
3211,0.0
3212,0.0
3213,0.0
3214,0.0
3215,0.0
3216,0.0
3217,0.0
3218,0.0
3219,0.0
3220,0.0
3221,0.0
3222,0.00577
3223,0.05096
3224,0.11932999999999999
3225,0.23457
3226,0.23944
3227,0.35428
3228,0.41222000000000003
3229,0.39885000000000004
3230,0.35821
3231,0.20947
3232,0.12959
3233,0.027780000000000003
3234,0.0
3235,0.0
3236,0.0
3237,0.0
3238,0.0
3239,0.0
3240,0.0
3241,0.0
3242,0.0
3243,0.0
3244,0.0
3245,0.0
3246,0.01008
3247,0.07895999999999999
3248,0.19396000000000002
3249,0.36477
3250,0.43543
3251,0.44718
3252,0.43098000000000003
3253,0.18838999999999997
3254,0.11719
3255,0.11923
3256,0.04113
3257,0.008140000000000001
3258,0.0
3259,0.0
3260,0.0
3261,0.0
3262,0.0
3263,0.0
3264,0.0
3265,0.0
3266,0.0
3267,0.0
3268,0.0
3269,0.0
3270,0.01625
3271,0.11112999999999999
3272,0.20336
3273,0.41622000000000003
3274,0.49791
3275,0.50213
3276,0.44639
3277,0.3743
3278,0.41454
3279,0.15668
3280,0.07064
3281,0.00229
3282,0.0
3283,0.0
3284,0.0
3285,0.0
3286,0.0
3287,0.0
3288,0.0
3289,0.0
3290,0.0
3291,0.0
3292,0.0
3293,0.0
3294,0.0074
3295,0.03663
3296,0.08564
3297,0.23628
3298,0.35982
3299,0.45072
3300,0.49131
3301,0.21752000000000002
3302,0.08621
3303,0.055299999999999995
3304,0.01841
3305,0.00069
3306,0.0
3307,0.0
3308,0.0
3309,0.0
3310,0.0
3311,0.0
3312,0.0
3313,0.0
3314,0.0
3315,0.0
3316,0.0
3317,0.0
3318,0.0047
3319,0.037649999999999996
3320,0.09251999999999999
3321,0.16213999999999998
3322,0.2334
3323,0.18994
3324,0.17409
3325,0.3659
3326,0.28996
3327,0.2933
3328,0.13687
3329,0.02459
3330,0.0
3331,0.0
3332,0.0
3333,0.0
3334,0.0
3335,0.0
3336,0.0
3337,0.0
3338,0.0
3339,0.0
3340,0.0
3341,0.0
3342,0.01247
3343,0.12819999999999998
3344,0.21838999999999997
3345,0.29578
3346,0.43924
3347,0.39366
3348,0.4709
3349,0.44683
3350,0.34731
3351,0.21661000000000002
3352,0.09426000000000001
3353,0.0225
3354,0.0
3355,0.0
3356,0.0
3357,0.0
3358,0.0
3359,0.0
3360,0.0
3361,0.0
3362,0.0
3363,0.0
3364,0.0
3365,0.0
3366,0.00014000000000000001
3367,0.009179999999999999
3368,0.044539999999999996
3369,0.05649
3370,0.07347
3371,0.09676
3372,0.06148
3373,0.36369
3374,0.20844
3375,0.16294999999999998
3376,0.12189
3377,0.01478
3378,0.0
3379,0.0
3380,0.0
3381,0.0
3382,0.0
3383,0.0
3384,0.0
3385,0.0
3386,0.0
3387,0.0
3388,0.0
3389,0.0
3390,0.008289999999999999
3391,0.05689
3392,0.14246
3393,0.22244999999999998
3394,0.33011
3395,0.44015
3396,0.45888999999999996
3397,0.45161
3398,0.45229
3399,0.29068
3400,0.15331999999999998
3401,0.03595
3402,0.0
3403,0.0
3404,0.0
3405,0.0
3406,0.0
3407,0.0
3408,0.0
3409,0.0
3410,0.0
3411,0.0
3412,0.0
3413,0.0
3414,0.004030000000000001
3415,0.0407
3416,0.15807
3417,0.23215
3418,0.35028
3419,0.34004
3420,0.26239999999999997
3421,0.30292
3422,0.2641
3423,0.18277000000000002
3424,0.06023
3425,0.01056
3426,0.0
3427,0.0
3428,0.0
3429,0.0
3430,0.0
3431,0.0
3432,0.0
3433,0.0
3434,0.0
3435,0.0
3436,0.0
3437,0.0
3438,0.00456
3439,0.03693
3440,0.08320999999999999
3441,0.10964
3442,0.11281000000000001
3443,0.12639
3444,0.1815
3445,0.45963
3446,0.34369
3447,0.27507
3448,0.12379000000000001
3449,0.01418
3450,0.0
3451,0.0
3452,0.0
3453,0.0
3454,0.0
3455,0.0
3456,0.0
3457,0.0
3458,0.0
3459,0.0
3460,0.0
3461,0.0
3462,0.00184
3463,0.02902
3464,0.13713999999999998
3465,0.27276999999999996
3466,0.36363999999999996
3467,0.32777
3468,0.37025
3469,0.50792
3470,0.33082
3471,0.19226
3472,0.11724
3473,0.01809
3474,0.0
3475,0.0
3476,0.0
3477,0.0
3478,0.0
3479,0.0
3480,0.0
3481,0.0
3482,0.0
3483,0.0
3484,0.0
3485,0.0
3486,0.00146
3487,0.01087
3488,0.045340000000000005
3489,0.10311
3490,0.12874000000000002
3491,0.15368
3492,0.12359999999999999
3493,0.3215
3494,0.33088999999999996
3495,0.15652000000000002
3496,0.0862
3497,0.01411
3498,0.0
3499,0.0
3500,0.0
3501,0.0
3502,0.0
3503,0.0
3504,0.0
3505,0.0
3506,0.0
3507,0.0
3508,0.0
3509,0.0
3510,0.0092
3511,0.06674
3512,0.12068999999999999
3513,0.15430000000000002
3514,0.17341
3515,0.18693
3516,0.19987
3517,0.46470999999999996
3518,0.31351
3519,0.22150999999999998
3520,0.0823
3521,0.02477
3522,0.0
3523,0.0
3524,0.0
3525,0.0
3526,0.0
3527,0.0
3528,0.0
3529,0.0
3530,0.0
3531,0.0
3532,0.0
3533,0.0
3534,0.00834
3535,0.05141
3536,0.10513
3537,0.07862999999999999
3538,0.10493000000000001
3539,0.1144
3540,0.13199
3541,0.32469
3542,0.22465000000000002
3543,0.17986000000000002
3544,0.09864
3545,0.016829999999999998
3546,0.0
3547,0.0
3548,0.0
3549,0.0
3550,0.0
3551,0.0
3552,0.0
3553,0.0
3554,0.0
3555,0.0
3556,0.0
3557,0.0
3558,0.01587
3559,0.10793000000000001
3560,0.25338
3561,0.40276
3562,0.42097
3563,0.34892
3564,0.46299
3565,0.42207
3566,0.31574
3567,0.22465000000000002
3568,0.10883
3569,0.01499
3570,0.0
3571,0.0
3572,0.0
3573,0.0
3574,0.0
3575,0.0
3576,0.0
3577,0.0
3578,0.0
3579,0.0
3580,0.0
3581,0.0
3582,0.01051
3583,0.10362
3584,0.15249000000000001
3585,0.27779000000000004
3586,0.41358
3587,0.5269400000000001
3588,0.45298
3589,0.5137999999999999
3590,0.43527
3591,0.19458
3592,0.10075
3593,0.03569
3594,0.0
3595,0.0
3596,0.0
3597,0.0
3598,0.0
3599,0.0
3600,0.0
3601,0.0
3602,0.0
3603,0.0
3604,0.0
3605,0.0
3606,0.01746
3607,0.1153
3608,0.25787
3609,0.38553
3610,0.39347000000000004
3611,0.49918
3612,0.5517000000000001
3613,0.41814999999999997
3614,0.33009
3615,0.21126
3616,0.15271
3617,0.04407
3618,0.0
3619,0.0
3620,0.0
3621,0.0
3622,0.0
3623,0.0
3624,0.0
3625,0.0
3626,0.0
3627,0.0
3628,0.0
3629,0.0
3630,0.02001
3631,0.10386
3632,0.14323
3633,0.14626
3634,0.20302
3635,0.29411000000000004
3636,0.26931
3637,0.23401
3638,0.23004
3639,0.11807
3640,0.052700000000000004
3641,0.0057
3642,0.0
3643,0.0
3644,0.0
3645,0.0
3646,0.0
3647,0.0
3648,0.0
3649,0.0
3650,0.0
3651,0.0
3652,0.0
3653,0.0
3654,0.011439999999999999
3655,0.11052
3656,0.25357
3657,0.22377
3658,0.32716
3659,0.46473000000000003
3660,0.57784
3661,0.30193000000000003
3662,0.21589
3663,0.11324
3664,0.14073
3665,0.03983
3666,0.0
3667,0.0
3668,0.0
3669,0.0
3670,0.0
3671,0.0
3672,0.0
3673,0.0
3674,0.0
3675,0.0
3676,0.0
3677,0.0
3678,0.0039700000000000004
3679,0.06274
3680,0.21592
3681,0.30618
3682,0.34576
3683,0.35842
3684,0.41439
3685,0.35839
3686,0.20506
3687,0.26487
3688,0.13368
3689,0.03406
3690,0.0
3691,0.0
3692,0.0
3693,0.0
3694,0.0
3695,0.0
3696,0.0
3697,0.0
3698,0.0
3699,0.0
3700,0.0
3701,0.0
3702,0.0045
3703,0.02341
3704,0.05861
3705,0.07166
3706,0.09423999999999999
3707,0.08501
3708,0.09528
3709,0.40807
3710,0.37944
3711,0.22193000000000002
3712,0.07165
3713,0.015710000000000002
3714,0.0
3715,0.0
3716,0.0
3717,0.0
3718,0.0
3719,0.0
3720,0.0
3721,0.0
3722,0.0
3723,0.0
3724,0.0
3725,0.0
3726,0.004070000000000001
3727,0.04887
3728,0.14014
3729,0.26926
3730,0.20426
3731,0.12808
3732,0.18547
3733,0.44850999999999996
3734,0.38124
3735,0.19193000000000002
3736,0.13253
3737,0.02434
3738,0.0
3739,0.0
3740,0.0
3741,0.0
3742,0.0
3743,0.0
3744,0.0
3745,0.0
3746,0.0
3747,0.0
3748,0.0
3749,0.0
3750,0.001
3751,0.01682
3752,0.0572
3753,0.06089
3754,0.16247999999999999
3755,0.19698
3756,0.40801
3757,0.40213
3758,0.37317
3759,0.20583
3760,0.053450000000000004
3761,0.006900000000000001
3762,0.0
3763,0.0
3764,0.0
3765,0.0
3766,0.0
3767,0.0
3768,0.0
3769,0.0
3770,0.0
3771,0.0
3772,0.0
3773,0.0
3774,0.01065
3775,0.07751999999999999
3776,0.1687
3777,0.31954000000000005
3778,0.40647000000000005
3779,0.4793
3780,0.59711
3781,0.5116700000000001
3782,0.46634
3783,0.29591
3784,0.13196000000000002
3785,0.02913
3786,0.0
3787,0.0
3788,0.0
3789,0.0
3790,0.0
3791,0.0
3792,0.0
3793,0.0
3794,0.0
3795,0.0
3796,0.0
3797,0.0
3798,0.009089999999999999
3799,0.10115
3800,0.26974000000000004
3801,0.27264
3802,0.34537
3803,0.41306
3804,0.56556
3805,0.40424
3806,0.36561
3807,0.32001
3808,0.09851
3809,0.03604
3810,0.0
3811,0.0
3812,0.0
3813,0.0
3814,0.0
3815,0.0
3816,0.0
3817,0.0
3818,0.0
3819,0.0
3820,0.0
3821,0.0
3822,0.00525
3823,0.06356
3824,0.15583000000000002
3825,0.28729000000000005
3826,0.35697
3827,0.31477
3828,0.23437
3829,0.31899
3830,0.37589
3831,0.21715
3832,0.11464
3833,0.01735
3834,0.0
3835,0.0
3836,0.0
3837,0.0
3838,0.0
3839,0.0
3840,0.0
3841,0.0
3842,0.0
3843,0.0
3844,0.0
3845,0.0
3846,0.0
3847,0.00431
3848,0.01576
3849,0.02213
3850,0.05747
3851,0.038939999999999995
3852,0.12217
3853,0.19523
3854,0.25292
3855,0.07255
3856,0.07006
3857,0.01447
3858,0.0
3859,0.0
3860,0.0
3861,0.0
3862,0.0
3863,0.0
3864,0.0
3865,0.0
3866,0.0
3867,0.0
3868,0.0
3869,0.0
3870,0.00231
3871,0.0242
3872,0.08741
3873,0.16809000000000002
3874,0.16904
3875,0.32677
3876,0.13219999999999998
3877,0.39774
3878,0.22651
3879,0.22408
3880,0.10638
3881,0.017920000000000002
3882,0.0
3883,0.0
3884,0.0
3885,0.0
3886,0.0
3887,0.0
3888,0.0
3889,0.0
3890,0.0
3891,0.0
3892,0.0
3893,0.0
3894,0.00732
3895,0.032479999999999995
3896,0.07490000000000001
3897,0.13371
3898,0.22356
3899,0.29988
3900,0.28945
3901,0.35143
3902,0.21594999999999998
3903,0.17640999999999998
3904,0.14598
3905,0.04758
3906,0.0
3907,0.0
3908,0.0
3909,0.0
3910,0.0
3911,0.0
3912,0.0
3913,0.0
3914,0.0
3915,0.0
3916,0.0
3917,0.0
3918,0.0
3919,0.00895
3920,0.0386
3921,0.13894
3922,0.20999
3923,0.4092
3924,0.41625999999999996
3925,0.48006
3926,0.33608
3927,0.26927999999999996
3928,0.09502
3929,0.03965
3930,0.0
3931,0.0
3932,0.0
3933,0.0
3934,0.0
3935,0.0
3936,0.0
3937,0.0
3938,0.0
3939,0.0
3940,0.0
3941,0.0
3942,0.015269999999999999
3943,0.07442
3944,0.18775
3945,0.23234
3946,0.18533000000000002
3947,0.2605
3948,0.22635
3949,0.23162
3950,0.17327
3951,0.17047
3952,0.10308
3953,0.02459
3954,0.0
3955,0.0
3956,0.0
3957,0.0
3958,0.0
3959,0.0
3960,0.0
3961,0.0
3962,0.0
3963,0.0
3964,0.0
3965,0.0
3966,0.004940000000000001
3967,0.05367
3968,0.09079000000000001
3969,0.15949000000000002
3970,0.34724
3971,0.45663
3972,0.32831
3973,0.5332
3974,0.48878
3975,0.22016
3976,0.08453000000000001
3977,0.01828
3978,0.0
3979,0.0
3980,0.0
3981,0.0
3982,0.0
3983,0.0
3984,0.0
3985,0.0
3986,0.0
3987,0.0
3988,0.0
3989,0.0
3990,0.00959
3991,0.06313
3992,0.20781
3993,0.34282999999999997
3994,0.40979000000000004
3995,0.49135
3996,0.36311
3997,0.39970999999999995
3998,0.34675
3999,0.32358
4000,0.18716999999999998
4001,0.03954
4002,0.0
4003,0.0
4004,0.0
4005,0.0
4006,0.0
4007,0.0
4008,0.0
4009,0.0
4010,0.0
4011,0.0
4012,0.0
4013,0.0
4014,0.00426
4015,0.0841
4016,0.11932999999999999
4017,0.19966
4018,0.33802
4019,0.43172000000000005
4020,0.39676999999999996
4021,0.36543000000000003
4022,0.28351
4023,0.16175
4024,0.08685
4025,0.024820000000000002
4026,0.0
4027,0.0
4028,0.0
4029,0.0
4030,0.0
4031,0.0
4032,0.0
4033,0.0
4034,0.0
4035,0.0
4036,0.0
4037,0.0
4038,0.0030299999999999997
4039,0.04317
4040,0.16702
4041,0.29619
4042,0.46544
4043,0.34163
4044,0.30837
4045,0.29917
4046,0.21058000000000002
4047,0.16178
4048,0.06394
4049,0.01018
4050,0.0
4051,0.0
4052,0.0
4053,0.0
4054,0.0
4055,0.0
4056,0.0
4057,0.0
4058,0.0
4059,0.0
4060,0.0
4061,0.0
4062,0.00443
4063,0.07936
4064,0.14967
4065,0.22547999999999999
4066,0.40255
4067,0.30472000000000005
4068,0.34057
4069,0.53384
4070,0.33269
4071,0.10687999999999999
4072,0.019760000000000003
4073,0.00878
4074,0.0
4075,0.0
4076,0.0
4077,0.0
4078,0.0
4079,0.0
4080,0.0
4081,0.0
4082,0.0
4083,0.0
4084,0.0
4085,0.0
4086,0.01267
4087,0.07313
4088,0.17823
4089,0.18697999999999998
4090,0.34664
4091,0.32089
4092,0.38930000000000003
4093,0.60914
4094,0.42384
4095,0.24764
4096,0.0858
4097,0.01644
4098,0.0
4099,0.0
4100,0.0
4101,0.0
4102,0.0
4103,0.0
4104,0.0
4105,0.0
4106,0.0
4107,0.0
4108,0.0
4109,0.0
4110,0.009869999999999999
4111,0.09101000000000001
4112,0.25833
4113,0.34413
4114,0.49373
4115,0.39532
4116,0.36395
4117,0.40097000000000005
4118,0.33472
4119,0.27365
4120,0.16093000000000002
4121,0.037520000000000005
4122,0.0
4123,0.0
4124,0.0
4125,0.0
4126,0.0
4127,0.0
4128,0.0
4129,0.0
4130,0.0
4131,0.0
4132,0.0
4133,0.0
4134,0.0029
4135,0.0361
4136,0.09351000000000001
4137,0.10790000000000001
4138,0.14993
4139,0.30771
4140,0.42048
4141,0.48091
4142,0.40296
4143,0.32391000000000003
4144,0.14343999999999998
4145,0.047299999999999995
4146,0.0
4147,0.0
4148,0.0
4149,0.0
4150,0.0
4151,0.0
4152,0.0
4153,0.0
4154,0.0
4155,0.0
4156,0.0
4157,0.0
4158,0.01252
4159,0.06420999999999999
4160,0.18918000000000001
4161,0.33358
4162,0.52106
4163,0.48318
4164,0.5589400000000001
4165,0.47076
4166,0.44215
4167,0.18089
4168,0.03146
4169,0.00912
4170,0.0
4171,0.0
4172,0.0
4173,0.0
4174,0.0
4175,0.0
4176,0.0
4177,0.0
4178,0.0
4179,0.0
4180,0.0
4181,0.0
4182,0.00176
4183,0.009089999999999999
4184,0.06478
4185,0.15143
4186,0.19049000000000002
4187,0.30025999999999997
4188,0.2897
4189,0.36269
4190,0.41514
4191,0.27664
4192,0.13236
4193,0.026109999999999998
4194,0.0
4195,0.0
4196,0.0
4197,0.0
4198,0.0
4199,0.0
4200,0.0
4201,0.0
4202,0.0
4203,0.0
4204,0.0
4205,0.0
4206,0.0030099999999999997
4207,0.03146
4208,0.14877
4209,0.09581999999999999
4210,0.23088
4211,0.32480000000000003
4212,0.28782
4213,0.43707
4214,0.31086
4215,0.2043
4216,0.07318999999999999
4217,0.00531
4218,0.0
4219,0.0
4220,0.0
4221,0.0
4222,0.0
4223,0.0
4224,0.0
4225,0.0
4226,0.0
4227,0.0
4228,0.0
4229,0.0
4230,0.00911
4231,0.09903
4232,0.16519999999999999
4233,0.2838
4234,0.24303999999999998
4235,0.3415
4236,0.29544
4237,0.44759
4238,0.26313
4239,0.17396999999999999
4240,0.04468
4241,0.029679999999999998
4242,0.0
4243,0.0
4244,0.0
4245,0.0
4246,0.0
4247,0.0
4248,0.0
4249,0.0
4250,0.0
4251,0.0
4252,0.0
4253,0.0
4254,0.0024300000000000003
4255,0.05293
4256,0.128
4257,0.20764
4258,0.27975
4259,0.16266
4260,0.16463
4261,0.4869
4262,0.3648
4263,0.28923000000000004
4264,0.1171
4265,0.016370000000000003
4266,0.0
4267,0.0
4268,0.0
4269,0.0
4270,0.0
4271,0.0
4272,0.0
4273,0.0
4274,0.0
4275,0.0
4276,0.0
4277,0.0
4278,0.00705
4279,0.05212
4280,0.10189
4281,0.13369
4282,0.10518000000000001
4283,0.19904
4284,0.25235
4285,0.33192
4286,0.33654
4287,0.22951
4288,0.14251
4289,0.033710000000000004
4290,0.0
4291,0.0
4292,0.0
4293,0.0
4294,0.0
4295,0.0
4296,0.0
4297,0.0
4298,0.0
4299,0.0
4300,0.0
4301,0.0
4302,0.00381
4303,0.04564
4304,0.14021
4305,0.20163999999999999
4306,0.22265000000000001
4307,0.23594
4308,0.41252
4309,0.33518000000000003
4310,0.34199
4311,0.33217
4312,0.1288
4313,0.03563
4314,0.0
4315,0.0
4316,0.0
4317,0.0
4318,0.0
4319,0.0
4320,0.0
4321,0.0
4322,0.0
4323,0.0
4324,0.0
4325,0.0
4326,0.00321
4327,0.04362
4328,0.11511
4329,0.23617
4330,0.37733999999999995
4331,0.44229
4332,0.48458
4333,0.36371
4334,0.31395
4335,0.27175
4336,0.12833
4337,0.03589
4338,0.0
4339,0.0
4340,0.0
4341,0.0
4342,0.0
4343,0.0
4344,0.0
4345,0.0
4346,0.0
4347,0.0
4348,0.0
4349,0.0
4350,0.0071200000000000005
4351,0.06420000000000001
4352,0.20179
4353,0.32356999999999997
4354,0.42384
4355,0.4017
4356,0.47257
4357,0.321
4358,0.39822
4359,0.33186
4360,0.15954
4361,0.06243
4362,0.0
4363,0.0
4364,0.0
4365,0.0
4366,0.0
4367,0.0
4368,0.0
4369,0.0
4370,0.0
4371,0.0
4372,0.0
4373,0.0
4374,0.0040999999999999995
4375,0.05756
4376,0.22922
4377,0.25493
4378,0.4062
4379,0.53587
4380,0.56372
4381,0.42685
4382,0.34425
4383,0.33759
4384,0.19779
4385,0.03631
4386,0.0
4387,0.0
4388,0.0
4389,0.0
4390,0.0
4391,0.0
4392,0.0
4393,0.0
4394,0.0
4395,0.0
4396,0.0
4397,0.0
4398,0.008140000000000001
4399,0.11618
4400,0.25722
4401,0.39466
4402,0.32524000000000003
4403,0.47443
4404,0.54732
4405,0.38652
4406,0.33629000000000003
4407,0.26633999999999997
4408,0.18666999999999997
4409,0.03245
4410,0.0
4411,0.0
4412,0.0
4413,0.0
4414,0.0
4415,0.0
4416,0.0
4417,0.0
4418,0.0
4419,0.0
4420,0.0
4421,0.0
4422,0.00906
4423,0.052700000000000004
4424,0.14878
4425,0.33799
4426,0.51427
4427,0.51648
4428,0.41332
4429,0.51221
4430,0.47731999999999997
4431,0.24391
4432,0.13997
4433,0.033780000000000004
4434,0.0
4435,0.0
4436,0.0
4437,0.0
4438,0.0
4439,0.0
4440,0.0
4441,0.0
4442,0.0
4443,0.0
4444,0.0
4445,0.0
4446,0.0044599999999999996
4447,0.06839
4448,0.13579
4449,0.29951
4450,0.32333999999999996
4451,0.25305
4452,0.36735
4453,0.37614
4454,0.25559
4455,0.30879
4456,0.1018
4457,0.02014
4458,0.0
4459,0.0
4460,0.0
4461,0.0
4462,0.0
4463,0.0
4464,0.0
4465,0.0
4466,0.0
4467,0.0
4468,0.0
4469,0.0
4470,0.007940000000000001
4471,0.07298
4472,0.21525
4473,0.23976
4474,0.38469
4475,0.47329000000000004
4476,0.2391
4477,0.35416000000000003
4478,0.2778
4479,0.12728
4480,0.05768
4481,0.020239999999999998
4482,0.0
4483,0.0
4484,0.0
4485,0.0
4486,0.0
4487,0.0
4488,0.0
4489,0.0
4490,0.0
4491,0.0
4492,0.0
4493,0.0
4494,0.00799
4495,0.05883
4496,0.16406
4497,0.29699000000000003
4498,0.27988
4499,0.4139
4500,0.36505
4501,0.38829
4502,0.23376
4503,0.30152999999999996
4504,0.13841
4505,0.038770000000000006
4506,0.0
4507,0.0
4508,0.0
4509,0.0
4510,0.0
4511,0.0
4512,0.0
4513,0.0
4514,0.0
4515,0.0
4516,0.0
4517,0.0
4518,0.00846
4519,0.07521
4520,0.18346
4521,0.32016
4522,0.30757
4523,0.48175999999999997
4524,0.50908
4525,0.23838
4526,0.23576
4527,0.1899
4528,0.07806999999999999
4529,0.022019999999999998
4530,0.0
4531,0.0
4532,0.0
4533,0.0
4534,0.0
4535,0.0
4536,0.0
4537,0.0
4538,0.0
4539,0.0
4540,0.0
4541,0.0
4542,0.0053
4543,0.03628
4544,0.09026
4545,0.23546
4546,0.42346
4547,0.50037
4548,0.44864
4549,0.27033999999999997
4550,0.15481999999999999
4551,0.12345
4552,0.11924
4553,0.01786
4554,0.0
4555,0.0
4556,0.0
4557,0.0
4558,0.0
4559,0.0
4560,0.0
4561,0.0
4562,0.0
4563,0.0
4564,0.0
4565,0.0
4566,0.010150000000000001
4567,0.10643000000000001
4568,0.20681
4569,0.33764
4570,0.43955
4571,0.4597
4572,0.55495
4573,0.43002999999999997
4574,0.30885
4575,0.10748
4576,0.07046
4577,0.03402
4578,0.0
4579,0.0
4580,0.0
4581,0.0
4582,0.0
4583,0.0
4584,0.0
4585,0.0
4586,0.0
4587,0.0
4588,0.0
4589,0.0
4590,0.00013000000000000002
4591,0.02336
4592,0.13869
4593,0.29063
4594,0.32525
4595,0.28985
4596,0.35731999999999997
4597,0.35169
4598,0.25948000000000004
4599,0.16779
4600,0.19611
4601,0.056479999999999995
4602,0.0
4603,0.0
4604,0.0
4605,0.0
4606,0.0
4607,0.0
4608,0.0
4609,0.0
4610,0.0
4611,0.0
4612,0.0
4613,0.0
4614,0.00073
4615,0.0359
4616,0.10264
4617,0.16159
4618,0.34097000000000005
4619,0.33568000000000003
4620,0.47051
4621,0.5448200000000001
4622,0.49763999999999997
4623,0.26848
4624,0.14311000000000001
4625,0.021
4626,0.0
4627,0.0
4628,0.0
4629,0.0
4630,0.0
4631,0.0
4632,0.0
4633,0.0
4634,0.0
4635,0.0
4636,0.0
4637,0.0
4638,0.011210000000000001
4639,0.07604000000000001
4640,0.18782
4641,0.37272000000000005
4642,0.47726
4643,0.43963
4644,0.5368200000000001
4645,0.32815
4646,0.31109
4647,0.19108
4648,0.11066
4649,0.02145
4650,0.0
4651,0.0
4652,0.0
4653,0.0
4654,0.0
4655,0.0
4656,0.0
4657,0.0
4658,0.0
4659,0.0
4660,0.0
4661,0.0
4662,0.0036
4663,0.07212
4664,0.17148
4665,0.27884
4666,0.37343
4667,0.39794
4668,0.28364999999999996
4669,0.53946
4670,0.4171
4671,0.27679000000000004
4672,0.13315000000000002
4673,0.03669
4674,0.0
4675,0.0
4676,0.0
4677,0.0
4678,0.0
4679,0.0
4680,0.0
4681,0.0
4682,0.0
4683,0.0
4684,0.0
4685,0.0
4686,0.011179999999999999
4687,0.07719
4688,0.22406
4689,0.26621
4690,0.37499
4691,0.3972
4692,0.47614
4693,0.36934
4694,0.32714
4695,0.15844
4696,0.04981
4697,0.00805
4698,0.0
4699,0.0
4700,0.0
4701,0.0
4702,0.0
4703,0.0
4704,0.0
4705,0.0
4706,0.0
4707,0.0
4708,0.0
4709,0.0
4710,0.01192
4711,0.09895
4712,0.11098000000000001
4713,0.24678999999999998
4714,0.39344999999999997
4715,0.34824
4716,0.25701
4717,0.51828
4718,0.38377
4719,0.29374
4720,0.14335
4721,0.02974
4722,0.0
4723,0.0
4724,0.0
4725,0.0
4726,0.0
4727,0.0
4728,0.0
4729,0.0
4730,0.0
4731,0.0
4732,0.0
4733,0.0
4734,0.0
4735,0.03478
4736,0.04554
4737,0.22916
4738,0.37241
4739,0.49233
4740,0.52912
4741,0.43206
4742,0.38456
4743,0.27444
4744,0.14038
4745,0.044340000000000004
4746,0.0
4747,0.0
4748,0.0
4749,0.0
4750,0.0
4751,0.0
4752,0.0
4753,0.0
4754,0.0
4755,0.0
4756,0.0
4757,0.0
4758,0.00182
4759,0.03757
4760,0.06765
4761,0.13937
4762,0.30032
4763,0.38207
4764,0.32385
4765,0.39423
4766,0.32262
4767,0.2485
4768,0.15006
4769,0.047060000000000005
4770,0.0
4771,0.0
4772,0.0
4773,0.0
4774,0.0
4775,0.0
4776,0.0
4777,0.0
4778,0.0
4779,0.0
4780,0.0
4781,0.0
4782,0.00146
4783,0.026539999999999998
4784,0.15749000000000002
4785,0.23411
4786,0.4009
4787,0.36535
4788,0.33851
4789,0.36487
4790,0.28237
4791,0.33064
4792,0.12553
4793,0.03798
4794,0.0
4795,0.0
4796,0.0
4797,0.0
4798,0.0
4799,0.0
4800,0.0
4801,0.0
4802,0.0
4803,0.0
4804,0.0
4805,0.0
4806,0.0
4807,0.01445
4808,0.10217
4809,0.21888999999999997
4810,0.39469
4811,0.17424
4812,0.23188
4813,0.24991
4814,0.25546
4815,0.23122
4816,0.14149
4817,0.05255
4818,0.0
4819,0.0
4820,0.0
4821,0.0
4822,0.0
4823,0.0
4824,0.0
4825,0.0
4826,0.0
4827,0.0
4828,0.0
4829,0.0
4830,0.00732
4831,0.08372
4832,0.141
4833,0.32372
4834,0.26712
4835,0.33507
4836,0.35048
4837,0.5759500000000001
4838,0.38764
4839,0.27123
4840,0.1017
4841,0.01641
4842,0.0
4843,0.0
4844,0.0
4845,0.0
4846,0.0
4847,0.0
4848,0.0
4849,0.0
4850,0.0
4851,0.0
4852,0.0
4853,0.0
4854,0.0
4855,0.00183
4856,0.0246
4857,0.02785
4858,0.022609999999999998
4859,0.020390000000000002
4860,0.032159999999999994
4861,0.05583
4862,0.07321
4863,0.04935
4864,0.04097
4865,0.00746
4866,0.0
4867,0.0
4868,0.0
4869,0.0
4870,0.0
4871,0.0
4872,0.0
4873,0.0
4874,0.0
4875,0.0
4876,0.0
4877,0.0
4878,0.00331
4879,0.02755
4880,0.11561
4881,0.13435
4882,0.28517000000000003
4883,0.17197
4884,0.24858000000000002
4885,0.34802999999999995
4886,0.31871
4887,0.16072999999999998
4888,0.030699999999999998
4889,0.01463
4890,0.0
4891,0.0
4892,0.0
4893,0.0
4894,0.0
4895,0.0
4896,0.0
4897,0.0
4898,0.0
4899,0.0
4900,0.0
4901,0.0
4902,0.00657
4903,0.06420999999999999
4904,0.17317
4905,0.33819
4906,0.34998
4907,0.38883999999999996
4908,0.26994999999999997
4909,0.1605
4910,0.24261000000000002
4911,0.15983
4912,0.10543000000000001
4913,0.01672
4914,0.0
4915,0.0
4916,0.0
4917,0.0
4918,0.0
4919,0.0
4920,0.0
4921,0.0
4922,0.0
4923,0.0
4924,0.0
4925,0.0
4926,0.00767
4927,0.09226999999999999
4928,0.25758
4929,0.24196
4930,0.31441
4931,0.47242
4932,0.37562
4933,0.48146
4934,0.34964
4935,0.26158
4936,0.14594
4937,0.01257
4938,0.0
4939,0.0
4940,0.0
4941,0.0
4942,0.0
4943,0.0
4944,0.0
4945,0.0
4946,0.0
4947,0.0
4948,0.0
4949,0.0
4950,0.0
4951,0.02664
4952,0.07869
4953,0.20577
4954,0.24916
4955,0.30397
4956,0.21187999999999999
4957,0.44625
4958,0.21412
4959,0.15874000000000002
4960,0.0706
4961,0.0111
4962,0.0
4963,0.0
4964,0.0
4965,0.0
4966,0.0
4967,0.0
4968,0.0
4969,0.0
4970,0.0
4971,0.0
4972,0.0
4973,0.0
4974,0.00171
4975,0.04802
4976,0.08613
4977,0.06924
4978,0.17315
4979,0.2641
4980,0.21641
4981,0.33973000000000003
4982,0.35525999999999996
4983,0.23915999999999998
4984,0.12113
4985,0.024079999999999997
4986,0.0
4987,0.0
4988,0.0
4989,0.0
4990,0.0
4991,0.0
4992,0.0
4993,0.0
4994,0.0
4995,0.0
4996,0.0
4997,0.0
4998,0.0057599999999999995
4999,0.08202
5000,0.21330000000000002
5001,0.25124
5002,0.41857
5003,0.33442
5004,0.3624
5005,0.35562
5006,0.36608999999999997
5007,0.22358
5008,0.11643
5009,0.03436
5010,0.0
5011,0.0
5012,0.0
5013,0.0
5014,0.0
5015,0.0
5016,0.0
5017,0.0
5018,0.0
5019,0.0
5020,0.0
5021,0.0
5022,0.00221
5023,0.06711
5024,0.16286
5025,0.21716999999999997
5026,0.41333
5027,0.39766
5028,0.3669
5029,0.35317000000000004
5030,0.22443000000000002
5031,0.30061
5032,0.10506
5033,0.02462
5034,0.0
5035,0.0
5036,0.0
5037,0.0
5038,0.0
5039,0.0
5040,0.0
5041,0.0
5042,0.0
5043,0.0
5044,0.0
5045,0.0
5046,0.0024700000000000004
5047,0.03031
5048,0.1107
5049,0.18469999999999998
5050,0.31253
5051,0.38531
5052,0.38308
5053,0.37179
5054,0.14748
5055,0.14337
5056,0.06815
5057,0.01463
5058,0.0
5059,0.0
5060,0.0
5061,0.0
5062,0.0
5063,0.0
5064,0.0
5065,0.0
5066,0.0
5067,0.0
5068,0.0
5069,0.0
5070,0.00299
5071,0.04396
5072,0.0837
5073,0.07236
5074,0.19390000000000002
5075,0.16040000000000001
5076,0.14115
5077,0.34143
5078,0.28278
5079,0.25239
5080,0.13737
5081,0.04161
5082,0.0
5083,0.0
5084,0.0
5085,0.0
5086,0.0
5087,0.0
5088,0.0
5089,0.0
5090,0.0
5091,0.0
5092,0.0
5093,0.0
5094,0.00652
5095,0.0823
5096,0.15184999999999998
5097,0.30747
5098,0.50337
5099,0.54175
5100,0.5306799999999999
5101,0.54525
5102,0.43081
5103,0.27323000000000003
5104,0.09693
5105,0.0215
5106,0.0
5107,0.0
5108,0.0
5109,0.0
5110,0.0
5111,0.0
5112,0.0
5113,0.0
5114,0.0
5115,0.0
5116,0.0
5117,0.0
5118,0.00455
5119,0.06683
5120,0.15641999999999998
5121,0.21309
5122,0.35312
5123,0.49582
5124,0.40126999999999996
5125,0.49362
5126,0.33916
5127,0.1606
5128,0.1248
5129,0.022879999999999998
5130,0.0
5131,0.0
5132,0.0
5133,0.0
5134,0.0
5135,0.0
5136,0.0
5137,0.0
5138,0.0
5139,0.0
5140,0.0
5141,0.0
5142,0.00093
5143,0.042159999999999996
5144,0.12849000000000002
5145,0.26365
5146,0.32054000000000005
5147,0.38043
5148,0.24095
5149,0.51095
5150,0.33502
5151,0.22687000000000002
5152,0.12423000000000001
5153,0.01748
5154,0.0
5155,0.0
5156,0.0
5157,0.0
5158,0.0
5159,0.0
5160,0.0
5161,0.0
5162,0.0
5163,0.0
5164,0.0
5165,0.0
5166,0.00027
5167,0.03333
5168,0.10438
5169,0.1766
5170,0.25117
5171,0.26114
5172,0.38164
5173,0.58462
5174,0.42124
5175,0.28692
5176,0.13075
5177,0.03343
5178,0.0
5179,0.0
5180,0.0
5181,0.0
5182,0.0
5183,0.0
5184,0.0
5185,0.0
5186,0.0
5187,0.0
5188,0.0
5189,0.0
5190,0.009269999999999999
5191,0.10801999999999999
5192,0.22991
5193,0.37562
5194,0.51388
5195,0.55535
5196,0.5545399999999999
5197,0.28317000000000003
5198,0.32804
5199,0.30886
5200,0.18663999999999997
5201,0.0438
5202,0.0
5203,0.0
5204,0.0
5205,0.0
5206,0.0
5207,0.0
5208,0.0
5209,0.0
5210,0.0
5211,0.0
5212,0.0
5213,0.0
5214,0.0016699999999999998
5215,0.06677
5216,0.08081999999999999
5217,0.22072
5218,0.20056000000000002
5219,0.33891000000000004
5220,0.3892
5221,0.58873
5222,0.40045
5223,0.25837
5224,0.09065000000000001
5225,0.03465
5226,0.0
5227,0.0
5228,0.0
5229,0.0
5230,0.0
5231,0.0
5232,0.0
5233,0.0
5234,0.0
5235,0.0
5236,0.0
5237,0.0
5238,0.00378
5239,0.049710000000000004
5240,0.09165999999999999
5241,0.35935
5242,0.4672
5243,0.48992
5244,0.56109
5245,0.47802999999999995
5246,0.37727999999999995
5247,0.365
5248,0.14605
5249,0.05196
5250,0.0
5251,0.0
5252,0.0
5253,0.0
5254,0.0
5255,0.0
5256,0.0
5257,0.0
5258,0.0
5259,0.0
5260,0.0
5261,0.0
5262,0.01099
5263,0.09124
5264,0.13506
5265,0.32223
5266,0.39691000000000004
5267,0.47316
5268,0.48531
5269,0.5187999999999999
5270,0.42952999999999997
5271,0.21719999999999998
5272,0.12944
5273,0.01526
5274,0.0
5275,0.0
5276,0.0
5277,0.0
5278,0.0
5279,0.0
5280,0.0
5281,0.0
5282,0.0
5283,0.0
5284,0.0
5285,0.0
5286,0.00584
5287,0.04949
5288,0.1245
5289,0.31877999999999995
5290,0.28423000000000004
5291,0.47591
5292,0.58512
5293,0.52865
5294,0.29048
5295,0.1157
5296,0.047229999999999994
5297,0.01391
5298,0.0
5299,0.0
5300,0.0
5301,0.0
5302,0.0
5303,0.0
5304,0.0
5305,0.0
5306,0.0
5307,0.0
5308,0.0
5309,0.0
5310,0.009519999999999999
5311,0.06331
5312,0.14175
5313,0.21697
5314,0.30307
5315,0.23676
5316,0.45039
5317,0.56643
5318,0.42804000000000003
5319,0.33827999999999997
5320,0.19688999999999998
5321,0.04661
5322,0.0
5323,0.0
5324,0.0
5325,0.0
5326,0.0
5327,0.0
5328,0.0
5329,0.0
5330,0.0
5331,0.0
5332,0.0
5333,0.0
5334,0.005889999999999999
5335,0.11931
5336,0.22444999999999998
5337,0.38332
5338,0.50735
5339,0.499
5340,0.47507
5341,0.6219600000000001
5342,0.45905
5343,0.36325999999999997
5344,0.19547
5345,0.0589
5346,0.0
5347,0.0
5348,0.0
5349,0.0
5350,0.0
5351,0.0
5352,0.0
5353,0.0
5354,0.0
5355,0.0
5356,0.0
5357,0.0
5358,0.00713
5359,0.04578
5360,0.18103
5361,0.35598
5362,0.39177999999999996
5363,0.40534
5364,0.56302
5365,0.43722000000000005
5366,0.29454
5367,0.13591
5368,0.05105
5369,0.01269
5370,0.0
5371,0.0
5372,0.0
5373,0.0
5374,0.0
5375,0.0
5376,0.0
5377,0.0
5378,0.0
5379,0.0
5380,0.0
5381,0.0
5382,0.00382
5383,0.055420000000000004
5384,0.19748
5385,0.20558
5386,0.24612
5387,0.23734
5388,0.21406999999999998
5389,0.40208999999999995
5390,0.28335000000000005
5391,0.08993000000000001
5392,0.03631
5393,0.00752
5394,0.0
5395,0.0
5396,0.0
5397,0.0
5398,0.0
5399,0.0
5400,0.0
5401,0.0
5402,0.0
5403,0.0
5404,0.0
5405,0.0
5406,0.005730000000000001
5407,0.04421
5408,0.10497
5409,0.11655
5410,0.2597
5411,0.15341
5412,0.17896
5413,0.23813
5414,0.16801
5415,0.0678
5416,0.05873
5417,0.03233
5418,0.0
5419,0.0
5420,0.0
5421,0.0
5422,0.0
5423,0.0
5424,0.0
5425,0.0
5426,0.0
5427,0.0
5428,0.0
5429,0.0
5430,0.013099999999999999
5431,0.10523
5432,0.24204
5433,0.33457
5434,0.40142
5435,0.46657
5436,0.53166
5437,0.5571900000000001
5438,0.4589
5439,0.28208999999999995
5440,0.11921999999999999
5441,0.04145
5442,0.0
5443,0.0
5444,0.0
5445,0.0
5446,0.0
5447,0.0
5448,0.0
5449,0.0
5450,0.0
5451,0.0
5452,0.0
5453,0.0
5454,0.0052699999999999995
5455,0.07776000000000001
5456,0.18708000000000002
5457,0.36216000000000004
5458,0.35367000000000004
5459,0.57367
5460,0.559
5461,0.54043
5462,0.47274
5463,0.29731
5464,0.18649000000000002
5465,0.04051
5466,0.0
5467,0.0
5468,0.0
5469,0.0
5470,0.0
5471,0.0
5472,0.0
5473,0.0
5474,0.0
5475,0.0
5476,0.0
5477,0.0
5478,0.005719999999999999
5479,0.07597
5480,0.30362
5481,0.36757999999999996
5482,0.52813
5483,0.53634
5484,0.52264
5485,0.41957
5486,0.33777999999999997
5487,0.28841
5488,0.15862
5489,0.02535
5490,0.0
5491,0.0
5492,0.0
5493,0.0
5494,0.0
5495,0.0
5496,0.0
5497,0.0
5498,0.0
5499,0.0
5500,0.0
5501,0.0
5502,0.00852
5503,0.10504999999999999
5504,0.22916
5505,0.39079
5506,0.50589
5507,0.5639400000000001
5508,0.42184
5509,0.45530000000000004
5510,0.392
5511,0.13318000000000002
5512,0.10439
5513,0.02076
5514,0.0
5515,0.0
5516,0.0
5517,0.0
5518,0.0
5519,0.0
5520,0.0
5521,0.0
5522,0.0
5523,0.0
5524,0.0
5525,0.0
5526,0.00435
5527,0.04894
5528,0.09956
5529,0.20739
5530,0.24677000000000002
5531,0.31727
5532,0.35684
5533,0.47942
5534,0.37553
5535,0.26837
5536,0.11389
5537,0.022629999999999997
5538,0.0
5539,0.0
5540,0.0
5541,0.0
5542,0.0
5543,0.0
5544,0.0
5545,0.0
5546,0.0
5547,0.0
5548,0.0
5549,0.0
5550,0.00628
5551,0.09423999999999999
5552,0.22754
5553,0.41817000000000004
5554,0.52116
5555,0.52544
5556,0.52798
5557,0.5227999999999999
5558,0.38813
5559,0.3251
5560,0.15838
5561,0.04412
5562,0.0
5563,0.0
5564,0.0
5565,0.0
5566,0.0
5567,0.0
5568,0.0
5569,0.0
5570,0.0
5571,0.0
5572,0.0
5573,0.0
5574,0.00891
5575,0.040479999999999995
5576,0.12307
5577,0.33255
5578,0.48113
5579,0.49745999999999996
5580,0.54915
5581,0.48462
5582,0.41754
5583,0.28358999999999995
5584,0.05878
5585,0.01807
5586,0.0
5587,0.0
5588,0.0
5589,0.0
5590,0.0
5591,0.0
5592,0.0
5593,0.0
5594,0.0
5595,0.0
5596,0.0
5597,0.0
5598,0.01008
5599,0.07736
5600,0.14590999999999998
5601,0.21281999999999998
5602,0.33037
5603,0.27165
5604,0.41867000000000004
5605,0.5075
5606,0.42833
5607,0.22993
5608,0.05942
5609,0.01438
5610,0.0
5611,0.0
5612,0.0
5613,0.0
5614,0.0
5615,0.0
5616,0.0
5617,0.0
5618,0.0
5619,0.0
5620,0.0
5621,0.0
5622,0.01482
5623,0.07793000000000001
5624,0.21787
5625,0.3003
5626,0.3732
5627,0.35048
5628,0.22681
5629,0.38722
5630,0.25653
5631,0.11868000000000001
5632,0.04931
5633,0.013130000000000001
5634,0.0
5635,0.0
5636,0.0
5637,0.0
5638,0.0
5639,0.0
5640,0.0
5641,0.0
5642,0.0
5643,0.0
5644,0.0
5645,0.0
5646,0.0134
5647,0.10414
5648,0.19854
5649,0.35339
5650,0.43895
5651,0.49557
5652,0.45269
5653,0.46587
5654,0.51119
5655,0.2417
5656,0.040729999999999995
5657,0.0022299999999999998
5658,0.0
5659,0.0
5660,0.0
5661,0.0
5662,0.0
5663,0.0
5664,0.0
5665,0.0
5666,0.0
5667,0.0
5668,0.0
5669,0.0
5670,0.00523
5671,0.09868
5672,0.17715999999999998
5673,0.28537
5674,0.34702999999999995
5675,0.33044
5676,0.46851
5677,0.5650599999999999
5678,0.40096
5679,0.28869
5680,0.07845999999999999
5681,0.019030000000000002
5682,0.0
5683,0.0
5684,0.0
5685,0.0
5686,0.0
5687,0.0
5688,0.0
5689,0.0
5690,0.0
5691,0.0
5692,0.0
5693,0.0
5694,0.00945
5695,0.08909
5696,0.27094
5697,0.34743
5698,0.3568
5699,0.51773
5700,0.5175700000000001
5701,0.47349
5702,0.29797
5703,0.27881
5704,0.13163999999999998
5705,0.018969999999999997
5706,0.0
5707,0.0
5708,0.0
5709,0.0
5710,0.0
5711,0.0
5712,0.0
5713,0.0
5714,0.0
5715,0.0
5716,0.0
5717,0.0
5718,0.00202
5719,0.03718
5720,0.07451
5721,0.16899
5722,0.38789
5723,0.40437
5724,0.5323
5725,0.38262
5726,0.36205000000000004
5727,0.19997
5728,0.05349
5729,0.00285
5730,0.0
5731,0.0
5732,0.0
5733,0.0
5734,0.0
5735,0.0
5736,0.0
5737,0.0
5738,0.0
5739,0.0
5740,0.0
5741,0.0
5742,0.00736
5743,0.06293
5744,0.19590000000000002
5745,0.34505
5746,0.45431
5747,0.49951
5748,0.5581900000000001
5749,0.59757
5750,0.34092
5751,0.15475
5752,0.06129
5753,0.01358
5754,0.0
5755,0.0
5756,0.0
5757,0.0
5758,0.0
5759,0.0
5760,0.0
5761,0.0
5762,0.0
5763,0.0
5764,0.0
5765,0.0
5766,0.01151
5767,0.07042
5768,0.1497
5769,0.19382
5770,0.24222
5771,0.2302
5772,0.26739999999999997
5773,0.18174
5774,0.30407999999999996
5775,0.29051
5776,0.19149000000000002
5777,0.0324
5778,0.0
5779,0.0
5780,0.0
5781,0.0
5782,0.0
5783,0.0
5784,0.0
5785,0.0
5786,0.0
5787,0.0
5788,0.0
5789,0.0
5790,0.0036
5791,0.05164
5792,0.09609000000000001
5793,0.21897
5794,0.49648000000000003
5795,0.46011
5796,0.584
5797,0.47558
5798,0.46963
5799,0.30929
5800,0.06301
5801,0.010039999999999999
5802,0.0
5803,0.0
5804,0.0
5805,0.0
5806,0.0
5807,0.0
5808,0.0
5809,0.0
5810,0.0
5811,0.0
5812,0.0
5813,0.0
5814,0.01159
5815,0.15431999999999998
5816,0.32297000000000003
5817,0.4209
5818,0.48127
5819,0.51637
5820,0.56441
5821,0.54335
5822,0.50054
5823,0.19632
5824,0.06071
5825,0.01008
5826,0.0
5827,0.0
5828,0.0
5829,0.0
5830,0.0
5831,0.0
5832,0.0
5833,0.0
5834,0.0
5835,0.0
5836,0.0
5837,0.0
5838,0.0184
5839,0.15505000000000002
5840,0.2913
5841,0.37288
5842,0.37945999999999996
5843,0.46766
5844,0.44203
5845,0.5171
5846,0.40895
5847,0.20973
5848,0.10837000000000001
5849,0.023420000000000003
5850,0.0
5851,0.0
5852,0.0
5853,0.0
5854,0.0
5855,0.0
5856,0.0
5857,0.0
5858,0.0
5859,0.0
5860,0.0
5861,0.0
5862,0.009800000000000001
5863,0.14797
5864,0.30656
5865,0.31648000000000004
5866,0.37565
5867,0.39515
5868,0.41219
5869,0.47502
5870,0.36045
5871,0.31018
5872,0.14066
5873,0.01883
5874,0.0
5875,0.0
5876,0.0
5877,0.0
5878,0.0
5879,0.0
5880,0.0
5881,0.0
5882,0.0
5883,0.0
5884,0.0
5885,0.0
5886,0.00326
5887,0.03178
5888,0.052969999999999996
5889,0.12537
5890,0.10881
5891,0.13005
5892,0.13569
5893,0.33945
5894,0.2973
5895,0.17974
5896,0.07926000000000001
5897,0.01907
5898,0.0
5899,0.0
5900,0.0
5901,0.0
5902,0.0
5903,0.0
5904,0.0
5905,0.0
5906,0.0
5907,0.0
5908,0.0
5909,0.0
5910,2.9999999999999997e-05
5911,0.025
5912,0.11375
5913,0.28952
5914,0.5572699999999999
5915,0.43209
5916,0.18328
5917,0.37663
5918,0.20401
5919,0.06256
5920,0.019899999999999998
5921,0.00257
5922,0.0
5923,0.0
5924,0.0
5925,0.0
5926,0.0
5927,0.0
5928,0.0
5929,0.0
5930,0.0
5931,0.0
5932,0.0
5933,0.0
5934,0.01192
5935,0.07515999999999999
5936,0.20642
5937,0.24473
5938,0.37113999999999997
5939,0.5352899999999999
5940,0.36225999999999997
5941,0.5134099999999999
5942,0.31236
5943,0.18308000000000002
5944,0.06769
5945,0.01063
5946,0.0
5947,0.0
5948,0.0
5949,0.0
5950,0.0
5951,0.0
5952,0.0
5953,0.0
5954,0.0
5955,0.0
5956,0.0
5957,0.0
5958,0.01097
5959,0.07906
5960,0.19918
5961,0.37054000000000004
5962,0.53671
5963,0.5625
5964,0.64698
5965,0.5410499999999999
5966,0.359
5967,0.28447
5968,0.09741
5969,0.02465
5970,0.0
5971,0.0
5972,0.0
5973,0.0
5974,0.0
5975,0.0
5976,0.0
5977,0.0
5978,0.0
5979,0.0
5980,0.0
5981,0.0
5982,0.00198
5983,0.01275
5984,0.07595
5985,0.10929000000000001
5986,0.27338999999999997
5987,0.29712
5988,0.40870999999999996
5989,0.3986
5990,0.35514
5991,0.18639
5992,0.13762
5993,0.019870000000000002
5994,0.0
5995,0.0
5996,0.0
5997,0.0
5998,0.0
5999,0.0
6000,0.0
6001,0.0
6002,0.0
6003,0.0
6004,0.0
6005,0.0
6006,0.00558
6007,0.061439999999999995
6008,0.27319
6009,0.39283999999999997
6010,0.47622000000000003
6011,0.6447200000000001
6012,0.6379199999999999
6013,0.5369700000000001
6014,0.33498
6015,0.29006
6016,0.17451
6017,0.032909999999999995
6018,0.0
6019,0.0
6020,0.0
6021,0.0
6022,0.0
6023,0.0
6024,0.0
6025,0.0
6026,0.0
6027,0.0
6028,0.0
6029,0.0
6030,0.0016899999999999999
6031,0.02339
6032,0.07079
6033,0.14899
6034,0.16283
6035,0.37775
6036,0.35488
6037,0.44871
6038,0.33701
6039,0.21915
6040,0.046869999999999995
6041,0.010490000000000001
6042,0.0
6043,0.0
6044,0.0
6045,0.0
6046,0.0
6047,0.0
6048,0.0
6049,0.0
6050,0.0
6051,0.0
6052,0.0
6053,0.0
6054,0.00895
6055,0.12146
6056,0.28549
6057,0.49927999999999995
6058,0.5854400000000001
6059,0.61181
6060,0.55233
6061,0.44407
6062,0.38206
6063,0.21261000000000002
6064,0.09056
6065,0.02152
6066,0.0
6067,0.0
6068,0.0
6069,0.0
6070,0.0
6071,0.0
6072,0.0
6073,0.0
6074,0.0
6075,0.0
6076,0.0
6077,0.0
6078,0.01753
6079,0.15957
6080,0.37617
6081,0.48536
6082,0.5806399999999999
6083,0.63176
6084,0.65615
6085,0.23211
6086,0.19899
6087,0.13
6088,0.02542
6089,0.009130000000000001
6090,0.0
6091,0.0
6092,0.0
6093,0.0
6094,0.0
6095,0.0
6096,0.0
6097,0.0
6098,0.0
6099,0.0
6100,0.0
6101,0.0
6102,0.0020499999999999997
6103,0.04935
6104,0.11887
6105,0.20048
6106,0.19544
6107,0.30977
6108,0.36956
6109,0.66965
6110,0.38126
6111,0.19238999999999998
6112,0.10897
6113,0.00542
6114,0.0
6115,0.0
6116,0.0
6117,0.0
6118,0.0
6119,0.0
6120,0.0
6121,0.0
6122,0.0
6123,0.0
6124,0.0
6125,0.0
6126,0.0007700000000000001
6127,0.02656
6128,0.0589
6129,0.054049999999999994
6130,0.10604000000000001
6131,0.12927000000000002
6132,0.2642
6133,0.12074
6134,0.11304
6135,0.1177
6136,0.02492
6137,0.00607
6138,0.0
6139,0.0
6140,0.0
6141,0.0
6142,0.0
6143,0.0
6144,0.0
6145,0.0
6146,0.0
6147,0.0
6148,0.0
6149,0.0
6150,0.00271
6151,0.05067
6152,0.054979999999999994
6153,0.1641
6154,0.17177
6155,0.10321999999999999
6156,0.11194
6157,0.51083
6158,0.35760000000000003
6159,0.22118000000000002
6160,0.08042
6161,0.00993
6162,0.0
6163,0.0
6164,0.0
6165,0.0
6166,0.0
6167,0.0
6168,0.0
6169,0.0
6170,0.0
6171,0.0
6172,0.0
6173,0.0
6174,0.00152
6175,0.00941
6176,0.04611
6177,0.07108
6178,0.16661
6179,0.20675
6180,0.1695
6181,0.13854
6182,0.08735
6183,0.05699
6184,0.03207
6185,0.00949
6186,0.0
6187,0.0
6188,0.0
6189,0.0
6190,0.0
6191,0.0
6192,0.0
6193,0.0
6194,0.0
6195,0.0
6196,0.0
6197,0.0
6198,0.01035
6199,0.12527
6200,0.17574
6201,0.35882
6202,0.41467000000000004
6203,0.57821
6204,0.52946
6205,0.45668000000000003
6206,0.23405
6207,0.10947
6208,0.052450000000000004
6209,0.009880000000000002
6210,0.0
6211,0.0
6212,0.0
6213,0.0
6214,0.0
6215,0.0
6216,0.0
6217,0.0
6218,0.0
6219,0.0
6220,0.0
6221,0.0
6222,0.01123
6223,0.11261
6224,0.18378999999999998
6225,0.39319
6226,0.52064
6227,0.50108
6228,0.6295700000000001
6229,0.52538
6230,0.39335000000000003
6231,0.23162
6232,0.14091
6233,0.01864
6234,0.0
6235,0.0
6236,0.0
6237,0.0
6238,0.0
6239,0.0
6240,0.0
6241,0.0
6242,0.0
6243,0.0
6244,0.0
6245,0.0
6246,0.0011200000000000001
6247,0.015359999999999999
6248,0.05341
6249,0.13033
6250,0.30937
6251,0.42247
6252,0.5358200000000001
6253,0.49557
6254,0.47474
6255,0.24418
6256,0.09858
6257,0.015470000000000001
6258,0.0
6259,0.0
6260,0.0
6261,0.0
6262,0.0
6263,0.0
6264,0.0
6265,0.0
6266,0.0
6267,0.0
6268,0.0
6269,0.0
6270,0.017329999999999998
6271,0.15696000000000002
6272,0.32306
6273,0.42929
6274,0.54152
6275,0.62627
6276,0.50113
6277,0.60505
6278,0.41911000000000004
6279,0.23228000000000001
6280,0.06325
6281,0.00704
6282,0.0
6283,0.0
6284,0.0
6285,0.0
6286,0.0
6287,0.0
6288,0.0
6289,0.0
6290,0.0
6291,0.0
6292,0.0
6293,0.0
6294,0.02
6295,0.12682
6296,0.31587
6297,0.43507999999999997
6298,0.5405399999999999
6299,0.57259
6300,0.57617
6301,0.50312
6302,0.30609
6303,0.3067
6304,0.11826
6305,0.011859999999999999
6306,0.0
6307,0.0
6308,0.0
6309,0.0
6310,0.0
6311,0.0
6312,0.0
6313,0.0
6314,0.0
6315,0.0
6316,0.0
6317,0.0
6318,0.01613
6319,0.13476
6320,0.26912
6321,0.42527
6322,0.45848
6323,0.57865
6324,0.49194
6325,0.5400900000000001
6326,0.45469
6327,0.28666
6328,0.14315
6329,0.02479
6330,0.0
6331,0.0
6332,0.0
6333,0.0
6334,0.0
6335,0.0
6336,0.0
6337,0.0
6338,0.0
6339,0.0
6340,0.0
6341,0.0
6342,0.00931
6343,0.08001000000000001
6344,0.20968
6345,0.27103
6346,0.45605
6347,0.54328
6348,0.46352
6349,0.45494
6350,0.26114
6351,0.13269999999999998
6352,0.07513
6353,0.01057
6354,0.0
6355,0.0
6356,0.0
6357,0.0
6358,0.0
6359,0.0
6360,0.0
6361,0.0
6362,0.0
6363,0.0
6364,0.0
6365,0.0
6366,0.00722
6367,0.056850000000000005
6368,0.09776
6369,0.13541
6370,0.24183000000000002
6371,0.26964
6372,0.26627999999999996
6373,0.44307
6374,0.28635000000000005
6375,0.16241
6376,0.07301
6377,0.0108
6378,0.0
6379,0.0
6380,0.0
6381,0.0
6382,0.0
6383,0.0
6384,0.0
6385,0.0
6386,0.0
6387,0.0
6388,0.0
6389,0.0
6390,0.00906
6391,0.05958
6392,0.11646
6393,0.19497
6394,0.35261000000000003
6395,0.49166000000000004
6396,0.49118
6397,0.30755
6398,0.36424
6399,0.22454
6400,0.13371
6401,0.016030000000000003
6402,0.0
6403,0.0
6404,0.0
6405,0.0
6406,0.0
6407,0.0
6408,0.0
6409,0.0
6410,0.0
6411,0.0
6412,0.0
6413,0.0
6414,0.009640000000000001
6415,0.038869999999999995
6416,0.07898000000000001
6417,0.12354000000000001
6418,0.09934
6419,0.22741
6420,0.21943000000000001
6421,0.41541
6422,0.34448
6423,0.29331999999999997
6424,0.10131
6425,0.00853
6426,0.0
6427,0.0
6428,0.0
6429,0.0
6430,0.0
6431,0.0
6432,0.0
6433,0.0
6434,0.0
6435,0.0
6436,0.0
6437,0.0
6438,0.009789999999999998
6439,0.04054
6440,0.11173000000000001
6441,0.19137
6442,0.20826
6443,0.18822
6444,0.25476
6445,0.51698
6446,0.43783999999999995
6447,0.07398
6448,0.01392
6449,0.00698
6450,0.0
6451,0.0
6452,0.0
6453,0.0
6454,0.0
6455,0.0
6456,0.0
6457,0.0
6458,0.0
6459,0.0
6460,0.0
6461,0.0
6462,0.00383
6463,0.016370000000000003
6464,0.10994
6465,0.030539999999999998
6466,0.12323
6467,0.11903
6468,0.31954000000000005
6469,0.25906999999999997
6470,0.28802999999999995
6471,0.15666
6472,0.06925
6473,0.01525
6474,0.0
6475,0.0
6476,0.0
6477,0.0
6478,0.0
6479,0.0
6480,0.0
6481,0.0
6482,0.0
6483,0.0
6484,0.0
6485,0.0
6486,0.01419
6487,0.16047
6488,0.30661
6489,0.43477
6490,0.55664
6491,0.60125
6492,0.64759
6493,0.5655399999999999
6494,0.33635000000000004
6495,0.23415
6496,0.08903
6497,0.0064800000000000005
6498,0.0
6499,0.0
6500,0.0
6501,0.0
6502,0.0
6503,0.0
6504,0.0
6505,0.0
6506,0.0
6507,0.0
6508,0.0
6509,0.0
6510,0.012289999999999999
6511,0.1376
6512,0.30213999999999996
6513,0.32317
6514,0.60997
6515,0.67338
6516,0.51054
6517,0.51979
6518,0.45431
6519,0.23198
6520,0.08882
6521,0.023489999999999997
6522,0.0
6523,0.0
6524,0.0
6525,0.0
6526,0.0
6527,0.0
6528,0.0
6529,0.0
6530,0.0
6531,0.0
6532,0.0
6533,0.0
6534,0.0019199999999999998
6535,0.05215
6536,0.27834
6537,0.38139
6538,0.44495
6539,0.50877
6540,0.56441
6541,0.41757
6542,0.39915
6543,0.33513
6544,0.17251
6545,0.03194
6546,0.0
6547,0.0
6548,0.0
6549,0.0
6550,0.0
6551,0.0
6552,0.0
6553,0.0
6554,0.0
6555,0.0
6556,0.0
6557,0.0
6558,0.00017999999999999998
6559,0.01652
6560,0.08181000000000001
6561,0.07209
6562,0.18125
6563,0.12445
6564,0.27645
6565,0.42141
6566,0.4166
6567,0.2995
6568,0.18913
6569,0.03147
6570,0.0
6571,0.0
6572,0.0
6573,0.0
6574,0.0
6575,0.0
6576,0.0
6577,0.0
6578,0.0
6579,0.0
6580,0.0
6581,0.0
6582,0.012199999999999999
6583,0.09881000000000001
6584,0.24177
6585,0.49362
6586,0.5505599999999999
6587,0.44539999999999996
6588,0.55592
6589,0.5534199999999999
6590,0.47172000000000003
6591,0.33342
6592,0.16678
6593,0.03195
6594,0.0
6595,0.0
6596,0.0
6597,0.0
6598,0.0
6599,0.0
6600,0.0
6601,0.0
6602,0.0
6603,0.0
6604,0.0
6605,0.0
6606,0.02034
6607,0.13007
6608,0.27
6609,0.44588
6610,0.5712999999999999
6611,0.64674
6612,0.58273
6613,0.54264
6614,0.43313999999999997
6615,0.25136000000000003
6616,0.08888
6617,0.009529999999999999
6618,0.0
6619,0.0
6620,0.0
6621,0.0
6622,0.0
6623,0.0
6624,0.0
6625,0.0
6626,0.0
6627,0.0
6628,0.0
6629,0.0
6630,0.00679
6631,0.06247
6632,0.10342
6633,0.12902000000000002
6634,0.20223
6635,0.3183
6636,0.33592
6637,0.6243
6638,0.36807999999999996
6639,0.30609
6640,0.10912000000000001
6641,0.01966
6642,0.0
6643,0.0
6644,0.0
6645,0.0
6646,0.0
6647,0.0
6648,0.0
6649,0.0
6650,0.0
6651,0.0
6652,0.0
6653,0.0
6654,0.00437
6655,0.008029999999999999
6656,0.06124
6657,0.05386
6658,0.12927000000000002
6659,0.14996
6660,0.18450999999999998
6661,0.24262
6662,0.35028
6663,0.26317
6664,0.08354
6665,0.02023
6666,0.0
6667,0.0
6668,0.0
6669,0.0
6670,0.0
6671,0.0
6672,0.0
6673,0.0
6674,0.0
6675,0.0
6676,0.0
6677,0.0
6678,0.02253
6679,0.16282
6680,0.33874
6681,0.5063500000000001
6682,0.58894
6683,0.49631000000000003
6684,0.55341
6685,0.38367
6686,0.42263
6687,0.22000999999999998
6688,0.09569
6689,0.023469999999999998
6690,0.0
6691,0.0
6692,0.0
6693,0.0
6694,0.0
6695,0.0
6696,0.0
6697,0.0
6698,0.0
6699,0.0
6700,0.0
6701,0.0
6702,0.016079999999999997
6703,0.12568000000000001
6704,0.22044999999999998
6705,0.36138
6706,0.47644
6707,0.5518200000000001
6708,0.59163
6709,0.52334
6710,0.36157
6711,0.29672000000000004
6712,0.13997
6713,0.013529999999999999
6714,0.0
6715,0.0
6716,0.0
6717,0.0
6718,0.0
6719,0.0
6720,0.0
6721,0.0
6722,0.0
6723,0.0
6724,0.0
6725,0.0
6726,0.01504
6727,0.07201
6728,0.23391
6729,0.33211
6730,0.42825
6731,0.4178
6732,0.54448
6733,0.1673
6734,0.13113
6735,0.11931
6736,0.04869
6737,0.00114
6738,0.0
6739,0.0
6740,0.0
6741,0.0
6742,0.0
6743,0.0
6744,0.0
6745,0.0
6746,0.0
6747,0.0
6748,0.0
6749,0.0
6750,0.001
6751,0.01058
6752,0.041710000000000004
6753,0.06217
6754,0.11709
6755,0.282
6756,0.23279
6757,0.34167000000000003
6758,0.15071
6759,0.05148
6760,0.04077
6761,0.012029999999999999
6762,0.0
6763,0.0
6764,0.0
6765,0.0
6766,0.0
6767,0.0
6768,0.0
6769,0.0
6770,0.0
6771,0.0
6772,0.0
6773,0.0
6774,0.00907
6775,0.0519
6776,0.20617
6777,0.42546
6778,0.4627
6779,0.5234099999999999
6780,0.44018
6781,0.59526
6782,0.44649
6783,0.21009999999999998
6784,0.10740999999999999
6785,0.00683
6786,0.0
6787,0.0
6788,0.0
6789,0.0
6790,0.0
6791,0.0
6792,0.0
6793,0.0
6794,0.0
6795,0.0
6796,0.0
6797,0.0
6798,0.01266
6799,0.0834
6800,0.21592
6801,0.39838
6802,0.5694600000000001
6803,0.7095199999999999
6804,0.61881
6805,0.60827
6806,0.54855
6807,0.3608
6808,0.13038999999999998
6809,0.01509
6810,0.0
6811,0.0
6812,0.0
6813,0.0
6814,0.0
6815,0.0
6816,0.0
6817,0.0
6818,0.0
6819,0.0
6820,0.0
6821,0.0
6822,0.011380000000000001
6823,0.12971000000000002
6824,0.16465000000000002
6825,0.368
6826,0.5360900000000001
6827,0.56283
6828,0.62822
6829,0.42643000000000003
6830,0.35337999999999997
6831,0.2455
6832,0.1248
6833,0.01193
6834,0.0
6835,0.0
6836,0.0
6837,0.0
6838,0.0
6839,0.0
6840,0.0
6841,0.0
6842,0.0
6843,0.0
6844,0.0
6845,0.0
6846,0.02899
6847,0.19571
6848,0.38294
6849,0.50951
6850,0.6254
6851,0.60301
6852,0.65327
6853,0.66072
6854,0.54213
6855,0.33068000000000003
6856,0.16041
6857,0.032920000000000005
6858,0.0
6859,0.0
6860,0.0
6861,0.0
6862,0.0
6863,0.0
6864,0.0
6865,0.0
6866,0.0
6867,0.0
6868,0.0
6869,0.0
6870,0.01718
6871,0.14062
6872,0.35428
6873,0.47616
6874,0.5378099999999999
6875,0.5818
6876,0.6496900000000001
6877,0.55859
6878,0.5230199999999999
6879,0.37011
6880,0.17244
6881,0.02336
6882,0.0
6883,0.0
6884,0.0
6885,0.0
6886,0.0
6887,0.0
6888,0.0
6889,0.0
6890,0.0
6891,0.0
6892,0.0
6893,0.0
6894,0.013779999999999999
6895,0.15997
6896,0.35755000000000003
6897,0.50703
6898,0.49711
6899,0.48055000000000003
6900,0.58423
6901,0.51099
6902,0.39388999999999996
6903,0.20923
6904,0.13311
6905,0.0108
6906,0.0
6907,0.0
6908,0.0
6909,0.0
6910,0.0
6911,0.0
6912,0.0
6913,0.0
6914,0.0
6915,0.0
6916,0.0
6917,0.0
6918,0.00579
6919,0.05289
6920,0.09487000000000001
6921,0.07185
6922,0.11075
6923,0.13926
6924,0.19226
6925,0.11767
6926,0.11481
6927,0.11409
6928,0.01986
6929,0.00023
6930,0.0
6931,0.0
6932,0.0
6933,0.0
6934,0.0
6935,0.0
6936,0.0
6937,0.0
6938,0.0
6939,0.0
6940,0.0
6941,0.0
6942,0.0019199999999999998
6943,0.03144
6944,0.07659999999999999
6945,0.17671
6946,0.33802
6947,0.36569
6948,0.46616
6949,0.52266
6950,0.31499
6951,0.20474
6952,0.08725
6953,0.01473
6954,0.0
6955,0.0
6956,0.0
6957,0.0
6958,0.0
6959,0.0
6960,0.0
6961,0.0
6962,0.0
6963,0.0
6964,0.0
6965,0.0
6966,0.01214
6967,0.06268
6968,0.18887
6969,0.38345999999999997
6970,0.4908
6971,0.54615
6972,0.57192
6973,0.5356599999999999
6974,0.37541
6975,0.20506
6976,0.09645999999999999
6977,0.003
6978,0.0
6979,0.0
6980,0.0
6981,0.0
6982,0.0
6983,0.0
6984,0.0
6985,0.0
6986,0.0
6987,0.0
6988,0.0
6989,0.0
6990,0.009470000000000001
6991,0.06665
6992,0.15949000000000002
6993,0.35093
6994,0.44175
6995,0.31119
6996,0.24697
6997,0.38233999999999996
6998,0.3557
6999,0.17824
7000,0.09551000000000001
7001,0.00866
7002,0.0
7003,0.0
7004,0.0
7005,0.0
7006,0.0
7007,0.0
7008,0.0
7009,0.0
7010,0.0
7011,0.0
7012,0.0
7013,0.0
7014,0.01159
7015,0.06978
7016,0.1417
7017,0.17585
7018,0.3703
7019,0.3599
7020,0.4151
7021,0.42894
7022,0.40053
7023,0.30385
7024,0.10779000000000001
7025,0.0074199999999999995
7026,0.0
7027,0.0
7028,0.0
7029,0.0
7030,0.0
7031,0.0
7032,0.0
7033,0.0
7034,0.0
7035,0.0
7036,0.0
7037,0.0
7038,0.01682
7039,0.17989
7040,0.29617
7041,0.39791000000000004
7042,0.49011
7043,0.27769
7044,0.41168
7045,0.2735
7046,0.19479
7047,0.17872
7048,0.10168
7049,0.0074800000000000005
7050,0.0
7051,0.0
7052,0.0
7053,0.0
7054,0.0
7055,0.0
7056,0.0
7057,0.0
7058,0.0
7059,0.0
7060,0.0
7061,0.0
7062,0.0205
7063,0.18453
7064,0.17736000000000002
7065,0.1651
7066,0.41819
7067,0.43787
7068,0.29869999999999997
7069,0.5469700000000001
7070,0.37011
7071,0.15904
7072,0.08076
7073,0.00453
7074,0.0
7075,0.0
7076,0.0
7077,0.0
7078,0.0
7079,0.0
7080,0.0
7081,0.0
7082,0.0
7083,0.0
7084,0.0
7085,0.0
7086,0.012960000000000001
7087,0.09951
7088,0.19384
7089,0.33684
7090,0.39694999999999997
7091,0.33181
7092,0.31789
7093,0.53267
7094,0.31889999999999996
7095,0.24269
7096,0.06063
7097,0.00674
7098,0.0
7099,0.0
7100,0.0
7101,0.0
7102,0.0
7103,0.0
7104,0.0
7105,0.0
7106,0.0
7107,0.0
7108,0.0
7109,0.0
7110,0.006030000000000001
7111,0.11653
7112,0.23118
7113,0.40037
7114,0.44968
7115,0.46455
7116,0.59865
7117,0.47049
7118,0.3937
7119,0.17419
7120,0.09301000000000001
7121,0.0070999999999999995
7122,0.0
7123,0.0
7124,0.0
7125,0.0
7126,0.0
7127,0.0
7128,0.0
7129,0.0
7130,0.0
7131,0.0
7132,0.0
7133,0.0
7134,0.00704
7135,0.06593
7136,0.12701
7137,0.16396
7138,0.22416999999999998
7139,0.24846000000000001
7140,0.29919999999999997
7141,0.44579
7142,0.37355
7143,0.1715
7144,0.15938999999999998
7145,0.00196
7146,0.0
7147,0.0
7148,0.0
7149,0.0
7150,0.0
7151,0.0
7152,0.0
7153,0.0
7154,0.0
7155,0.0
7156,0.0
7157,0.0
7158,0.0030299999999999997
7159,0.01629
7160,0.00312
7161,0.036
7162,0.06356
7163,0.06094
7164,0.08603
7165,0.36555
7166,0.42661
7167,0.28831
7168,0.08078
7169,0.00434
7170,0.0
7171,0.0
7172,0.0
7173,0.0
7174,0.0
7175,0.0
7176,0.0
7177,0.0
7178,0.0
7179,0.0
7180,0.0
7181,0.0
7182,0.008
7183,0.06211
7184,0.09526000000000001
7185,0.16655
7186,0.18123
7187,0.18124
7188,0.24772999999999998
7189,0.5648500000000001
7190,0.42818
7191,0.12759
7192,0.09892000000000001
7193,0.00579
7194,0.0
7195,0.0
7196,0.0
7197,0.0
7198,0.0
7199,0.0
7200,0.0
7201,0.0
7202,0.0
7203,0.0
7204,0.0
7205,0.0
7206,0.01083
7207,0.04143
7208,0.10501
7209,0.19325
7210,0.22183
7211,0.22547
7212,0.25916
7213,0.5627300000000001
7214,0.49291
7215,0.30157
7216,0.11506
7217,0.00954
7218,0.0
7219,0.0
7220,0.0
7221,0.0
7222,0.0
7223,0.0
7224,0.0
7225,0.0
7226,0.0
7227,0.0
7228,0.0
7229,0.0
7230,0.0034500000000000004
7231,0.019899999999999998
7232,0.07293000000000001
7233,0.15045
7234,0.22769
7235,0.30660000000000004
7236,0.2494
7237,0.24042
7238,0.16775
7239,0.11804
7240,0.02475
7241,0.0011799999999999998
7242,0.0
7243,0.0
7244,0.0
7245,0.0
7246,0.0
7247,0.0
7248,0.0
7249,0.0
7250,0.0
7251,0.0
7252,0.0
7253,0.0
7254,0.03218
7255,0.15121
7256,0.27677999999999997
7257,0.31244
7258,0.28526
7259,0.33894
7260,0.40714
7261,0.32203
7262,0.29013
7263,0.18819999999999998
7264,0.06638
7265,0.00434
7266,0.0
7267,0.0
7268,0.0
7269,0.0
7270,0.0
7271,0.0
7272,0.0
7273,0.0
7274,0.0
7275,0.0
7276,0.0
7277,0.0
7278,0.01417
7279,0.05951
7280,0.14880000000000002
7281,0.40045
7282,0.58138
7283,0.48392
7284,0.49488
7285,0.41197
7286,0.38189999999999996
7287,0.2059
7288,0.11322
7289,0.00574
7290,0.0
7291,0.0
7292,0.0
7293,0.0
7294,0.0
7295,0.0
7296,0.0
7297,0.0
7298,0.0
7299,0.0
7300,0.0
7301,0.0
7302,0.02594
7303,0.12056
7304,0.26782
7305,0.31659
7306,0.30713
7307,0.38688
7308,0.19394999999999998
7309,0.23357
7310,0.16488999999999998
7311,0.13591999999999999
7312,0.062340000000000007
7313,0.00418
7314,0.0
7315,0.0
7316,0.0
7317,0.0
7318,0.0
7319,0.0
7320,0.0
7321,0.0
7322,0.0
7323,0.0
7324,0.0
7325,0.0
7326,0.0
7327,0.0026
7328,0.013890000000000001
7329,0.07423
7330,0.14792
7331,0.1977
7332,0.18761000000000003
7333,0.09207
7334,0.06325
7335,0.06470000000000001
7336,0.01893
7337,0.0
7338,0.0
7339,0.0
7340,0.0
7341,0.0
7342,0.0
7343,0.0
7344,0.0
7345,0.0
7346,0.0
7347,0.0
7348,0.0
7349,0.0
7350,0.00587
7351,0.027579999999999997
7352,0.0933
7353,0.18578
7354,0.26406
7355,0.45518000000000003
7356,0.54277
7357,0.59439
7358,0.44457
7359,0.19072999999999998
7360,0.07332
7361,0.00741
7362,0.0
7363,0.0
7364,0.0
7365,0.0
7366,0.0
7367,0.0
7368,0.0
7369,0.0
7370,0.0
7371,0.0
7372,0.0
7373,0.0
7374,0.01298
7375,0.0959
7376,0.18596000000000001
7377,0.21149
7378,0.25132
7379,0.27470999999999995
7380,0.36533
7381,0.42701999999999996
7382,0.19563999999999998
7383,0.11064
7384,0.047049999999999995
7385,0.00905
7386,0.0
7387,0.0
7388,0.0
7389,0.0
7390,0.0
7391,0.0
7392,0.0
7393,0.0
7394,0.0
7395,0.0
7396,0.0
7397,0.0
7398,0.013439999999999999
7399,0.03614
7400,0.16541
7401,0.24234
7402,0.28952999999999995
7403,0.28586
7404,0.55529
7405,0.55374
7406,0.42454000000000003
7407,0.30845
7408,0.12606
7409,0.008119999999999999
7410,0.0
7411,0.0
7412,0.0
7413,0.0
7414,0.0
7415,0.0
7416,0.0
7417,0.0
7418,0.0
7419,0.0
7420,0.0
7421,0.0
7422,0.019469999999999998
7423,0.09072
7424,0.2932
7425,0.34520999999999996
7426,0.47326999999999997
7427,0.59749
7428,0.62507
7429,0.50732
7430,0.45356
7431,0.21268
7432,0.0825
7433,0.00984
7434,0.0
7435,0.0
7436,0.0
7437,0.0
7438,0.0
7439,0.0
7440,0.0
7441,0.0
7442,0.0
7443,0.0
7444,0.0
7445,0.0
7446,0.02379
7447,0.1673
7448,0.32083999999999996
7449,0.4824
7450,0.61203
7451,0.68243
7452,0.7026399999999999
7453,0.50849
7454,0.37766000000000005
7455,0.24111000000000002
7456,0.12093000000000001
7457,0.01211
7458,0.0
7459,0.0
7460,0.0
7461,0.0
7462,0.0
7463,0.0
7464,0.0
7465,0.0
7466,0.0
7467,0.0
7468,0.0
7469,0.0
7470,0.01726
7471,0.13268000000000002
7472,0.26091000000000003
7473,0.43757
7474,0.55679
7475,0.5798099999999999
7476,0.56435
7477,0.5759500000000001
7478,0.23278000000000001
7479,0.16757
7480,0.0567
7481,0.004849999999999999
7482,0.0
7483,0.0
7484,0.0
7485,0.0
7486,0.0
7487,0.0
7488,0.0
7489,0.0
7490,0.0
7491,0.0
7492,0.0
7493,0.0
7494,0.0
7495,0.0
7496,0.007719999999999999
7497,0.08156999999999999
7498,0.12123
7499,0.18131
7500,0.21411000000000002
7501,0.57687
7502,0.43065
7503,0.2637
7504,0.09945
7505,0.01286
7506,0.0
7507,0.0
7508,0.0
7509,0.0
7510,0.0
7511,0.0
7512,0.0
7513,0.0
7514,0.0
7515,0.0
7516,0.0
7517,0.0
7518,0.02088
7519,0.13327
7520,0.2283
7521,0.38141
7522,0.50061
7523,0.49145
7524,0.54992
7525,0.48091
7526,0.44466
7527,0.33082
7528,0.15367
7529,0.01853
7530,0.0
7531,0.0
7532,0.0
7533,0.0
7534,0.0
7535,0.0
7536,0.0
7537,0.0
7538,0.0
7539,0.0
7540,0.0
7541,0.0
7542,0.018609999999999998
7543,0.13313999999999998
7544,0.24614
7545,0.38485
7546,0.45312
7547,0.5259400000000001
7548,0.58861
7549,0.39519
7550,0.25758
7551,0.11678
7552,0.04251
7553,0.00165
7554,0.0
7555,0.0
7556,0.0
7557,0.0
7558,0.0
7559,0.0
7560,0.0
7561,0.0
7562,0.0
7563,0.0
7564,0.0
7565,0.0
7566,0.0062900000000000005
7567,0.053700000000000005
7568,0.05106
7569,0.055409999999999994
7570,0.12974000000000002
7571,0.24311000000000002
7572,0.33122
7573,0.42907999999999996
7574,0.24996000000000002
7575,0.26350999999999997
7576,0.09506
7577,0.0033900000000000002
7578,0.0
7579,0.0
7580,0.0
7581,0.0
7582,0.0
7583,0.0
7584,0.0
7585,0.0
7586,0.0
7587,0.0
7588,0.0
7589,0.0
7590,0.01416
7591,0.07634
7592,0.15031999999999998
7593,0.18744999999999998
7594,0.19357
7595,0.41908999999999996
7596,0.40764999999999996
7597,0.18816
7598,0.197
7599,0.13673
7600,0.039310000000000005
7601,0.0023599999999999997
7602,0.0
7603,0.0
7604,0.0
7605,0.0
7606,0.0
7607,0.0
7608,0.0
7609,0.0
7610,0.0
7611,0.0
7612,0.0
7613,0.0
7614,0.00683
7615,0.0245
7616,0.056780000000000004
7617,0.10994
7618,0.12092
7619,0.19168000000000002
7620,0.09509999999999999
7621,0.35661000000000004
7622,0.18392
7623,0.13385
7624,0.06275
7625,0.0066
7626,0.0
7627,0.0
7628,0.0
7629,0.0
7630,0.0
7631,0.0
7632,0.0
7633,0.0
7634,0.0
7635,0.0
7636,0.0
7637,0.0
7638,0.016079999999999997
7639,0.15578
7640,0.2543
7641,0.36183
7642,0.53885
7643,0.59329
7644,0.61639
7645,0.53532
7646,0.40431
7647,0.30325
7648,0.14572
7649,0.01451
7650,0.0
7651,0.0
7652,0.0
7653,0.0
7654,0.0
7655,0.0
7656,0.0
7657,0.0
7658,0.0
7659,0.0
7660,0.0
7661,0.0
7662,0.01755
7663,0.09412000000000001
7664,0.12190000000000001
7665,0.30495999999999995
7666,0.40825
7667,0.37675
7668,0.5701900000000001
7669,0.42160000000000003
7670,0.18621000000000001
7671,0.09825
7672,0.03504
7673,0.00125
7674,0.0
7675,0.0
7676,0.0
7677,0.0
7678,0.0
7679,0.0
7680,0.0
7681,0.0
7682,0.0
7683,0.0
7684,0.0
7685,0.0
7686,0.00051
7687,0.015460000000000002
7688,0.00999
7689,0.06946
7690,0.04764
7691,0.11904
7692,0.26941000000000004
7693,0.29581
7694,0.28575
7695,0.23061
7696,0.0648
7697,0.00441
7698,0.0
7699,0.0
7700,0.0
7701,0.0
7702,0.0
7703,0.0
7704,0.0
7705,0.0
7706,0.0
7707,0.0
7708,0.0
7709,0.0
7710,0.00383
7711,0.02293
7712,0.04466
7713,0.20013
7714,0.20257
7715,0.2776
7716,0.36871
7717,0.40742
7718,0.20244
7719,0.10441
7720,0.04293
7721,0.00135
7722,0.0
7723,0.0
7724,0.0
7725,0.0
7726,0.0
7727,0.0
7728,0.0
7729,0.0
7730,0.0
7731,0.0
7732,0.0
7733,0.0
7734,0.00841
7735,0.062079999999999996
7736,0.12325
7737,0.29658999999999996
7738,0.27864999999999995
7739,0.31218
7740,0.36119
7741,0.27629000000000004
7742,0.2999
7743,0.22551
7744,0.13599
7745,0.011810000000000001
7746,0.0
7747,0.0
7748,0.0
7749,0.0
7750,0.0
7751,0.0
7752,0.0
7753,0.0
7754,0.0
7755,0.0
7756,0.0
7757,0.0
7758,0.00869
7759,0.08236
7760,0.16091
7761,0.37683
7762,0.4904
7763,0.57065
7764,0.4328
7765,0.43343
7766,0.42266000000000004
7767,0.25375
7768,0.06921
7769,0.00513
7770,0.0
7771,0.0
7772,0.0
7773,0.0
7774,0.0
7775,0.0
7776,0.0
7777,0.0
7778,0.0
7779,0.0
7780,0.0
7781,0.0
7782,0.00085
7783,0.05482
7784,0.17665999999999998
7785,0.27194999999999997
7786,0.43918
7787,0.46298
7788,0.46716
7789,0.14953999999999998
7790,0.17118
7791,0.06748
7792,0.019649999999999997
7793,0.0007199999999999999
7794,0.0
7795,0.0
7796,0.0
7797,0.0
7798,0.0
7799,0.0
7800,0.0
7801,0.0
7802,0.0
7803,0.0
7804,0.0
7805,0.0
7806,0.01439
7807,0.09866
7808,0.28824
7809,0.39797000000000005
7810,0.61626
7811,0.6109
7812,0.58686
7813,0.53295
7814,0.46244
7815,0.3526
7816,0.11833
7817,0.01324
7818,0.0
7819,0.0
7820,0.0
7821,0.0
7822,0.0
7823,0.0
7824,0.0
7825,0.0
7826,0.0
7827,0.0
7828,0.0
7829,0.0
7830,0.01317
7831,0.07039
7832,0.20012
7833,0.33544999999999997
7834,0.43137000000000003
7835,0.5681799999999999
7836,0.6226799999999999
7837,0.54704
7838,0.44449
7839,0.27249
7840,0.12472
7841,0.00488
7842,0.0
7843,0.0
7844,0.0
7845,0.0
7846,0.0
7847,0.0
7848,0.0
7849,0.0
7850,0.0
7851,0.0
7852,0.0
7853,0.0
7854,0.00796
7855,0.01306
7856,0.12695
7857,0.13475
7858,0.48255000000000003
7859,0.47181
7860,0.50424
7861,0.5800299999999999
7862,0.35224
7863,0.22069
7864,0.11779
7865,0.00197
7866,0.0
7867,0.0
7868,0.0
7869,0.0
7870,0.0
7871,0.0
7872,0.0
7873,0.0
7874,0.0
7875,0.0
7876,0.0
7877,0.0
7878,0.0038900000000000002
7879,0.05596
7880,0.15206999999999998
7881,0.41108
7882,0.52165
7883,0.53097
7884,0.5797
7885,0.45358
7886,0.34122
7887,0.18158000000000002
7888,0.05882
7889,0.00155
7890,0.0
7891,0.0
7892,0.0
7893,0.0
7894,0.0
7895,0.0
7896,0.0
7897,0.0
7898,0.0
7899,0.0
7900,0.0
7901,0.0
7902,0.01053
7903,0.07006
7904,0.13912
7905,0.27368000000000003
7906,0.32272
7907,0.31435
7908,0.20924
7909,0.37529
7910,0.23664
7911,0.16485
7912,0.02196
7913,0.00066
7914,0.0
7915,0.0
7916,0.0
7917,0.0
7918,0.0
7919,0.0
7920,0.0
7921,0.0
7922,0.0
7923,0.0
7924,0.0
7925,0.0
7926,0.0038900000000000002
7927,0.010320000000000001
7928,0.0592
7929,0.03807
7930,0.053950000000000005
7931,0.09666
7932,0.13557
7933,0.25545
7934,0.29979
7935,0.13302
7936,0.01575
7937,0.00346
7938,0.0
7939,0.0
7940,0.0
7941,0.0
7942,0.0
7943,0.0
7944,0.0
7945,0.0
7946,0.0
7947,0.0
7948,0.0
7949,0.0
7950,0.013869999999999999
7951,0.11058
7952,0.20803
7953,0.37965
7954,0.34664
7955,0.45025
7956,0.57651
7957,0.38711
7958,0.25898000000000004
7959,0.13678
7960,0.08852
7961,0.008039999999999999
7962,0.0
7963,0.0
7964,0.0
7965,0.0
7966,0.0
7967,0.0
7968,0.0
7969,0.0
7970,0.0
7971,0.0
7972,0.0
7973,0.0
7974,0.01139
7975,0.11716
7976,0.19259
7977,0.33336
7978,0.57192
7979,0.41420999999999997
7980,0.43765
7981,0.29437
7982,0.22034
7983,0.18467
7984,0.07016
7985,0.01391
7986,0.0
7987,0.0
7988,0.0
7989,0.0
7990,0.0
7991,0.0
7992,0.0
7993,0.0
7994,0.0
7995,0.0
7996,0.0
7997,0.0
7998,0.00186
7999,0.01055
8000,0.01924
8001,0.046
8002,0.0385
8003,0.02176
8004,0.01103
8005,0.13353
8006,0.18392
8007,0.12847999999999998
8008,0.09240999999999999
8009,0.0088
8010,0.0
8011,0.0
8012,0.0
8013,0.0
8014,0.0
8015,0.0
8016,0.0
8017,0.0
8018,0.0
8019,0.0
8020,0.0
8021,0.0
8022,0.00331
8023,0.046689999999999995
8024,0.15280000000000002
8025,0.20317
8026,0.35035000000000005
8027,0.27967000000000003
8028,0.3937
8029,0.47451
8030,0.34231
8031,0.27222
8032,0.14661000000000002
8033,0.01573
8034,0.0
8035,0.0
8036,0.0
8037,0.0
8038,0.0
8039,0.0
8040,0.0
8041,0.0
8042,0.0
8043,0.0
8044,0.0
8045,0.0
8046,0.0067800000000000004
8047,0.10920999999999999
8048,0.17743
8049,0.33662000000000003
8050,0.28970999999999997
8051,0.32145
8052,0.38067
8053,0.35239
8054,0.36933
8055,0.2754
8056,0.07809
8057,0.02466
8058,0.0
8059,0.0
8060,0.0
8061,0.0
8062,0.0
8063,0.0
8064,0.0
8065,0.0
8066,0.0
8067,0.0
8068,0.0
8069,0.0
8070,0.0119
8071,0.10867
8072,0.16666999999999998
8073,0.35204
8074,0.33349
8075,0.53275
8076,0.54355
8077,0.47161000000000003
8078,0.32814
8079,0.19874
8080,0.1097
8081,0.01468
8082,0.0
8083,0.0
8084,0.0
8085,0.0
8086,0.0
8087,0.0
8088,0.0
8089,0.0
8090,0.0
8091,0.0
8092,0.0
8093,0.0
8094,0.00671
8095,0.02299
8096,0.15203
8097,0.1413
8098,0.12933
8099,0.20705
8100,0.17136
8101,0.44538
8102,0.45235000000000003
8103,0.26374000000000003
8104,0.15058000000000002
8105,0.02545
8106,0.0
8107,0.0
8108,0.0
8109,0.0
8110,0.0
8111,0.0
8112,0.0
8113,0.0
8114,0.0
8115,0.0
8116,0.0
8117,0.0
8118,0.0039900000000000005
8119,0.05511
8120,0.08771
8121,0.09370999999999999
8122,0.19618
8123,0.12781
8124,0.11059999999999999
8125,0.3852
8126,0.38783999999999996
8127,0.27795
8128,0.11506
8129,0.00507
8130,0.0
8131,0.0
8132,0.0
8133,0.0
8134,0.0
8135,0.0
8136,0.0
8137,0.0
8138,0.0
8139,0.0
8140,0.0
8141,0.0
8142,0.009349999999999999
8143,0.14254
8144,0.30331
8145,0.4603
8146,0.5161100000000001
8147,0.5858300000000001
8148,0.5264
8149,0.49666000000000005
8150,0.38141
8151,0.27649
8152,0.08899
8153,0.01551
8154,0.0
8155,0.0
8156,0.0
8157,0.0
8158,0.0
8159,0.0
8160,0.0
8161,0.0
8162,0.0
8163,0.0
8164,0.0
8165,0.0
8166,0.00904
8167,0.07614
8168,0.15319
8169,0.365
8170,0.36971
8171,0.40524
8172,0.48145
8173,0.4723
8174,0.37143
8175,0.24653999999999998
8176,0.11666
8177,0.0161
8178,0.0
8179,0.0
8180,0.0
8181,0.0
8182,0.0
8183,0.0
8184,0.0
8185,0.0
8186,0.0
8187,0.0
8188,0.0
8189,0.0
8190,0.006900000000000001
8191,0.10098
8192,0.24223
8193,0.3939
8194,0.33841000000000004
8195,0.47541
8196,0.48967
8197,0.48461000000000004
8198,0.49925
8199,0.2596
8200,0.14359
8201,0.02775
8202,0.0
8203,0.0
8204,0.0
8205,0.0
8206,0.0
8207,0.0
8208,0.0
8209,0.0
8210,0.0
8211,0.0
8212,0.0
8213,0.0
8214,0.01107
8215,0.12397
8216,0.30016000000000004
8217,0.44983999999999996
8218,0.5549700000000001
8219,0.6037100000000001
8220,0.66437
8221,0.58721
8222,0.48638
8223,0.30707
8224,0.13976
8225,0.03129
8226,0.0
8227,0.0
8228,0.0
8229,0.0
8230,0.0
8231,0.0
8232,0.0
8233,0.0
8234,0.0
8235,0.0
8236,0.0
8237,0.0
8238,0.0070599999999999994
8239,0.0688
8240,0.21181999999999998
8241,0.2368
8242,0.21549000000000001
8243,0.26662
8244,0.26119
8245,0.22016
8246,0.16128
8247,0.14067
8248,0.10883
8249,0.01909
8250,0.0
8251,0.0
8252,0.0
8253,0.0
8254,0.0
8255,0.0
8256,0.0
8257,0.0
8258,0.0
8259,0.0
8260,0.0
8261,0.0
8262,0.00044
8263,0.03849
8264,0.06402
8265,0.17424
8266,0.38996
8267,0.52589
8268,0.5707000000000001
8269,0.44001999999999997
8270,0.26969
8271,0.18715
8272,0.08794
8273,0.00614
8274,0.0
8275,0.0
8276,0.0
8277,0.0
8278,0.0
8279,0.0
8280,0.0
8281,0.0
8282,0.0
8283,0.0
8284,0.0
8285,0.0
8286,0.00895
8287,0.06039
8288,0.17484
8289,0.3437
8290,0.36786
8291,0.52155
8292,0.52108
8293,0.39367
8294,0.2771
8295,0.20147
8296,0.08647
8297,0.01286
8298,0.0
8299,0.0
8300,0.0
8301,0.0
8302,0.0
8303,0.0
8304,0.0
8305,0.0
8306,0.0
8307,0.0
8308,0.0
8309,0.0
8310,0.00011
8311,0.00554
8312,0.03558
8313,0.06054
8314,0.14734999999999998
8315,0.22024000000000002
8316,0.31677999999999995
8317,0.41922000000000004
8318,0.29578
8319,0.26314
8320,0.10271
8321,0.02155
8322,0.0
8323,0.0
8324,0.0
8325,0.0
8326,0.0
8327,0.0
8328,0.0
8329,0.0
8330,0.0
8331,0.0
8332,0.0
8333,0.0
8334,0.0048
8335,0.06538
8336,0.169
8337,0.13712
8338,0.21912
8339,0.31095999999999996
8340,0.34076999999999996
8341,0.2565
8342,0.32439999999999997
8343,0.29822000000000004
8344,0.1584
8345,0.032420000000000004
8346,0.0
8347,0.0
8348,0.0
8349,0.0
8350,0.0
8351,0.0
8352,0.0
8353,0.0
8354,0.0
8355,0.0
8356,0.0
8357,0.0
8358,0.005860000000000001
8359,0.12758
8360,0.23765
8361,0.31889999999999996
8362,0.45716
8363,0.45662
8364,0.5531900000000001
8365,0.4597
8366,0.50756
8367,0.33961
8368,0.1665
8369,0.02053
8370,0.0
8371,0.0
8372,0.0
8373,0.0
8374,0.0
8375,0.0
8376,0.0
8377,0.0
8378,0.0
8379,0.0
8380,0.0
8381,0.0
8382,0.00136
8383,0.03263
8384,0.06371
8385,0.13269999999999998
8386,0.32622
8387,0.45505
8388,0.50836
8389,0.49822000000000005
8390,0.40153
8391,0.30654000000000003
8392,0.14489
8393,0.012320000000000001
8394,0.0
8395,0.0
8396,0.0
8397,0.0
8398,0.0
8399,0.0
8400,0.0
8401,0.0
8402,0.0
8403,0.0
8404,0.0
8405,0.0
8406,0.00267
8407,0.0402
8408,0.08229
8409,0.13974
8410,0.2729
8411,0.35879
8412,0.43698000000000004
8413,0.28124
8414,0.3371
8415,0.23194
8416,0.0804
8417,0.01907
8418,0.0
8419,0.0
8420,0.0
8421,0.0
8422,0.0
8423,0.0
8424,0.0
8425,0.0
8426,0.0
8427,0.0
8428,0.0
8429,0.0
8430,0.00868
8431,0.09398999999999999
8432,0.27201
8433,0.32385
8434,0.48775999999999997
8435,0.5545399999999999
8436,0.49876
8437,0.5354800000000001
8438,0.36757
8439,0.27087
8440,0.12056
8441,0.01359
8442,0.0
8443,0.0
8444,0.0
8445,0.0
8446,0.0
8447,0.0
8448,0.0
8449,0.0
8450,0.0
8451,0.0
8452,0.0
8453,0.0
8454,0.00507
8455,0.06816
8456,0.15819999999999998
8457,0.36269999999999997
8458,0.38097000000000003
8459,0.31587
8460,0.16817
8461,0.43705
8462,0.31029
8463,0.22912000000000002
8464,0.09248999999999999
8465,0.01451
8466,0.0
8467,0.0
8468,0.0
8469,0.0
8470,0.0
8471,0.0
8472,0.0
8473,0.0
8474,0.0
8475,0.0
8476,0.0
8477,0.0
8478,0.00297
8479,0.03053
8480,0.12308
8481,0.16236
8482,0.17804
8483,0.23358
8484,0.25525
8485,0.32876
8486,0.32383
8487,0.19516
8488,0.05192
8489,0.01073
8490,0.0
8491,0.0
8492,0.0
8493,0.0
8494,0.0
8495,0.0
8496,0.0
8497,0.0
8498,0.0
8499,0.0
8500,0.0
8501,0.0
8502,0.00579
8503,0.09124
8504,0.25259
8505,0.34314999999999996
8506,0.40616
8507,0.45093
8508,0.42211000000000004
8509,0.45068
8510,0.33266
8511,0.23523
8512,0.10715000000000001
8513,0.03768
8514,0.0
8515,0.0
8516,0.0
8517,0.0
8518,0.0
8519,0.0
8520,0.0
8521,0.0
8522,0.0
8523,0.0
8524,0.0
8525,0.0
8526,0.0005
8527,0.06462000000000001
8528,0.12226999999999999
8529,0.29016000000000003
8530,0.42852999999999997
8531,0.37962
8532,0.52651
8533,0.43719
8534,0.36584
8535,0.3344
8536,0.13929
8537,0.03061
8538,0.0
8539,0.0
8540,0.0
8541,0.0
8542,0.0
8543,0.0
8544,0.0
8545,0.0
8546,0.0
8547,0.0
8548,0.0
8549,0.0
8550,0.0020800000000000003
8551,0.07675
8552,0.15977000000000002
8553,0.2656
8554,0.34897
8555,0.51493
8556,0.47674
8557,0.42186
8558,0.41625999999999996
8559,0.39649
8560,0.20427
8561,0.046990000000000004
8562,0.0
8563,0.0
8564,0.0
8565,0.0
8566,0.0
8567,0.0
8568,0.0
8569,0.0
8570,0.0
8571,0.0
8572,0.0
8573,0.0
8574,0.00578
8575,0.08967
8576,0.23956
8577,0.38994
8578,0.44499
8579,0.576
8580,0.52713
8581,0.45287
8582,0.4722
8583,0.31324
8584,0.18991
8585,0.040850000000000004
8586,0.0
8587,0.0
8588,0.0
8589,0.0
8590,0.0
8591,0.0
8592,0.0
8593,0.0
8594,0.0
8595,0.0
8596,0.0
8597,0.0
8598,0.00297
8599,0.04298
8600,0.15721000000000002
8601,0.40586
8602,0.36895999999999995
8603,0.29183
8604,0.48805
8605,0.51601
8606,0.45419
8607,0.32563
8608,0.23818
8609,0.052539999999999996
8610,0.0
8611,0.0
8612,0.0
8613,0.0
8614,0.0
8615,0.0
8616,0.0
8617,0.0
8618,0.0
8619,0.0
8620,0.0
8621,0.0
8622,0.00166
8623,0.04827
8624,0.16238999999999998
8625,0.26341000000000003
8626,0.48907
8627,0.50589
8628,0.46646
8629,0.42341
8630,0.43294
8631,0.3872
8632,0.1631
8633,0.024390000000000002
8634,0.0
8635,0.0
8636,0.0
8637,0.0
8638,0.0
8639,0.0
8640,0.0
8641,0.0
8642,0.0
8643,0.0
8644,0.0
8645,0.0
8646,0.00172
8647,0.05123
8648,0.08932999999999999
8649,0.22146000000000002
8650,0.35625
8651,0.44504000000000005
8652,0.49994
8653,0.53312
8654,0.46017
8655,0.29447
8656,0.12764
8657,0.04276
8658,0.0
8659,0.0
8660,0.0
8661,0.0
8662,0.0
8663,0.0
8664,0.0
8665,0.0
8666,0.0
8667,0.0
8668,0.0
8669,0.0
8670,0.00342
8671,0.09045
8672,0.25299
8673,0.38867
8674,0.42884
8675,0.46049
8676,0.5299299999999999
8677,0.46159
8678,0.55096
8679,0.35457
8680,0.23663
8681,0.05067
8682,0.0
8683,0.0
8684,0.0
8685,0.0
8686,0.0
8687,0.0
8688,0.0
8689,0.0
8690,0.0
8691,0.0
8692,0.0
8693,0.0
8694,0.00425
8695,0.10097
8696,0.28602999999999995
8697,0.44543
8698,0.51113
8699,0.6419900000000001
8700,0.6573
8701,0.54259
8702,0.31144
8703,0.27392
8704,0.16356
8705,0.049210000000000004
8706,0.0
8707,0.0
8708,0.0
8709,0.0
8710,0.0
8711,0.0
8712,0.0
8713,0.0
8714,0.0
8715,0.0
8716,0.0
8717,0.0
8718,0.0033
8719,0.11609
8720,0.31294
8721,0.41807
8722,0.47927
8723,0.55176
8724,0.60022
8725,0.43998000000000004
8726,0.35598
8727,0.34128
8728,0.22694
8729,0.054869999999999995
8730,0.0
8731,0.0
8732,0.0
8733,0.0
8734,0.0
8735,0.0
8736,0.0
8737,0.0
8738,0.0
8739,0.0
8740,0.0
8741,0.0
8742,0.00276
8743,0.0865
8744,0.19084
8745,0.34424
8746,0.49786
8747,0.58787
8748,0.58294
8749,0.55302
8750,0.53731
8751,0.33416
8752,0.23062
8753,0.3145
8754,0.0
8755,0.0
8756,0.0
8757,0.0
8758,0.0
8759,0.0
