,pv_per_unit
0,0.0
1,0.0
2,0.0
3,0.0
4,0.0
5,0.0
6,0.00478
7,0.11662
8,0.26443
9,0.4664
10,0.46702
11,0.59739
12,0.62526
13,0.5225
14,0.5607300000000001
15,0.37057999999999996
16,0.20204
17,0.04667
18,0.0
19,0.0
20,0.0
21,0.0
22,0.0
23,0.0
24,0.0
25,0.0
26,0.0
27,0.0
28,0.0
29,0.0
30,0.00614
31,0.133
32,0.2726
33,0.44186000000000003
34,0.38571
35,0.54584
36,0.5581900000000001
37,0.5337999999999999
38,0.5284500000000001
39,0.35675
40,0.15409
41,0.04288
42,0.0
43,0.0
44,0.0
45,0.0
46,0.0
47,0.0
48,0.0
49,0.0
50,0.0
51,0.0
52,0.0
53,0.0
54,0.0052
55,0.08706
56,0.20964
57,0.36193000000000003
58,0.55838
59,0.6345
60,0.6921499999999999
61,0.55929
62,0.4918
63,0.35347
64,0.17735
65,0.03137
66,0.0
67,0.0
68,0.0
69,0.0
70,0.0
71,0.0
72,0.0
73,0.0
74,0.0
75,0.0
76,0.0
77,0.0
78,0.00146
79,0.09112
80,0.20266
81,0.23533
82,0.23397
83,0.40896
84,0.43851
85,0.57831
86,0.48510000000000003
87,0.34329000000000004
88,0.14995
89,0.04492
90,0.0
91,0.0
92,0.0
93,0.0
94,0.0
95,0.0
96,0.0
97,0.0
98,0.0
99,0.0
100,0.0
101,0.0
102,0.00861
103,0.14502
104,0.29352
105,0.41802999999999996
106,0.57784
107,0.63255
108,0.54803
109,0.58533
110,0.5494
111,0.42244
112,0.25235
113,0.06173
114,0.0
115,0.0
116,0.0
117,0.0
118,0.0
119,0.0
120,0.0
121,0.0
122,0.0
123,0.0
124,0.0
125,0.0
126,0.00415
127,0.16147
128,0.34217000000000003
129,0.52543
130,0.6541699999999999
131,0.6190399999999999
132,0.63971
133,0.6039800000000001
134,0.5518500000000001
135,0.40064
136,0.26782999999999996
137,0.05792
138,0.0
139,0.0
140,0.0
141,0.0
142,0.0
143,0.0
144,0.0
145,0.0
146,0.0
147,0.0
148,0.0
149,0.0
150,0.00577
151,0.16882
152,0.38509
153,0.49269999999999997
154,0.64746
155,0.62137
156,0.66596
157,0.56736
158,0.47028
159,0.41337
160,0.23806
161,0.06414
162,0.0
163,0.0
164,0.0
165,0.0
166,0.0
167,0.0
168,0.0
169,0.0
170,0.0
171,0.0
172,0.0
173,0.0
174,0.00335
175,0.13372
176,0.29691
177,0.45588
178,0.5380900000000001
179,0.44811
180,0.41904
181,0.59013
182,0.55129
183,0.40058
184,0.25074
185,0.060020000000000004
186,0.0
187,0.0
188,0.0
189,0.0
190,0.0
191,0.0
192,0.0
193,0.0
194,0.0
195,0.0
196,0.0
197,0.0
198,0.0029300000000000003
199,0.13858
200,0.24489
201,0.47426999999999997
202,0.54728
203,0.5688300000000001
204,0.47089
205,0.62889
206,0.5499299999999999
207,0.28255
208,0.18893000000000001
209,0.06369
210,0.0
211,0.0
212,0.0
213,0.0
214,0.0
215,0.0
216,0.0
217,0.0
218,0.0
219,0.0
220,0.0
221,0.0
222,0.00378
223,0.15018
224,0.37595
225,0.44980000000000003
226,0.51281
227,0.59108
228,0.6460499999999999
229,0.6156200000000001
230,0.44260000000000005
231,0.33276999999999995
232,0.23419
233,0.06443
234,0.0
235,0.0
236,0.0
237,0.0
238,0.0
239,0.0
240,0.0
241,0.0
242,0.0
243,0.0
244,0.0
245,0.0
246,0.00377
247,0.10870999999999999
248,0.24825
249,0.36784
250,0.42067
251,0.5953099999999999
252,0.65654
253,0.56051
254,0.46573000000000003
255,0.35825999999999997
256,0.21106
257,0.056600000000000004
258,0.0
259,0.0
260,0.0
261,0.0
262,0.0
263,0.0
264,0.0
265,0.0
266,0.0
267,0.0
268,0.0
269,0.0
270,0.00528
271,0.1201
272,0.29144
273,0.3575
274,0.48842
275,0.58169
276,0.57408
277,0.6073200000000001
278,0.47043
279,0.27306
280,0.24159
281,0.049409999999999996
282,0.0
283,0.0
284,0.0
285,0.0
286,0.0
287,0.0
288,0.0
289,0.0
290,0.0
291,0.0
292,0.0
293,0.0
294,0.0036
295,0.06898
296,0.23993
297,0.26880000000000004
298,0.42297
299,0.5590599999999999
300,0.62185
301,0.55977
302,0.4408
303,0.36582
304,0.17596
305,0.05732
306,0.0
307,0.0
308,0.0
309,0.0
310,0.0
311,0.0
312,0.0
313,0.0
314,0.0
315,0.0
316,0.0
317,0.0
318,0.00377
319,0.11668
320,0.23349
321,0.38556999999999997
322,0.42255000000000004
323,0.43557
324,0.50303
325,0.51661
326,0.39914
327,0.34435000000000004
328,0.19194
329,0.06712
330,0.0
331,0.0
332,0.0
333,0.0
334,0.0
335,0.0
336,0.0
337,0.0
338,0.0
339,0.0
340,0.0
341,0.0
342,0.0022400000000000002
343,0.14153
344,0.25388
345,0.25121
346,0.37904000000000004
347,0.49574
348,0.60381
349,0.5836
350,0.55624
351,0.42741
352,0.27386
353,0.07257999999999999
354,0.0
355,0.0
356,0.0
357,0.0
358,0.0
359,0.0
360,0.0
361,0.0
362,0.0
363,0.0
364,0.0
365,0.0
366,0.0025499999999999997
367,0.13572
368,0.15940000000000001
369,0.39567
370,0.50324
371,0.59265
372,0.61429
373,0.65154
374,0.51037
375,0.38533
376,0.24869
377,0.06992
378,0.0
379,0.0
380,0.0
381,0.0
382,0.0
383,0.0
384,0.0
385,0.0
386,0.0
387,0.0
388,0.0
389,0.0
390,0.0044
391,0.11838
392,0.31463
393,0.39608
394,0.48025999999999996
395,0.61245
396,0.60004
397,0.5458500000000001
398,0.42629
399,0.37964
400,0.19511
401,0.05659
402,0.0
403,0.0
404,0.0
405,0.0
406,0.0
407,0.0
408,0.0
409,0.0
410,0.0
411,0.0
412,0.0
413,0.0
414,0.0036
415,0.09301000000000001
416,0.29149
417,0.46691000000000005
418,0.5212100000000001
419,0.63385
420,0.51803
421,0.55736
422,0.5244500000000001
423,0.37097
424,0.13419
425,0.04493
426,0.0
427,0.0
428,0.0
429,0.0
430,0.0
431,0.0
432,0.0
433,0.0
434,0.0
435,0.0
436,0.0
437,0.0
438,0.00289
439,0.10268000000000001
440,0.20632
441,0.25651999999999997
442,0.44785
443,0.46605
444,0.49234
445,0.48695
446,0.5256000000000001
447,0.41434
448,0.22871
449,0.05767
450,0.0
451,0.0
452,0.0
453,0.0
454,0.0
455,0.0
456,0.0
457,0.0
458,0.0
459,0.0
460,0.0
461,0.0
462,0.00156
463,0.12486
464,0.21566
465,0.40656
466,0.53258
467,0.57741
468,0.59869
469,0.5629700000000001
470,0.55136
471,0.33913
472,0.22396000000000002
473,0.06343
474,0.0
475,0.0
476,0.0
477,0.0
478,0.0
479,0.0
480,0.0
481,0.0
482,0.0
483,0.0
484,0.0
485,0.0
486,0.00326
487,0.11852
488,0.2656
489,0.35025
490,0.46843
491,0.593
492,0.61821
493,0.64508
494,0.51381
495,0.4118
496,0.2341
497,0.05675
498,0.0
499,0.0
500,0.0
501,0.0
502,0.0
503,0.0
504,0.0
505,0.0
506,0.0
507,0.0
508,0.0
509,0.0
510,0.00393
511,0.13948
512,0.25311
513,0.34624
514,0.46116
515,0.62888
516,0.64206
517,0.5283300000000001
518,0.43927999999999995
519,0.33698
520,0.18031999999999998
521,0.04027
522,0.0
523,0.0
524,0.0
525,0.0
526,0.0
527,0.0
528,0.0
529,0.0
530,0.0
531,0.0
532,0.0
533,0.0
534,0.00164
535,0.09026
536,0.24430000000000002
537,0.31474
538,0.32598
539,0.5680499999999999
540,0.63776
541,0.5587000000000001
542,0.45039999999999997
543,0.28225
544,0.16788999999999998
545,0.04518
546,0.0
547,0.0
548,0.0
549,0.0
550,0.0
551,0.0
552,0.0
553,0.0
554,0.0
555,0.0
556,0.0
557,0.0
558,0.0015400000000000001
559,0.08078
560,0.23879
561,0.37457999999999997
562,0.19554
563,0.37168
564,0.40604
565,0.4723
566,0.40384
567,0.32771
568,0.2161
569,0.07284
570,0.0
571,0.0
572,0.0
573,0.0
574,0.0
575,0.0
576,0.0
577,0.0
578,0.0
579,0.0
580,0.0
581,0.0
582,0.0033799999999999998
583,0.11148000000000001
584,0.24800999999999998
585,0.35416000000000003
586,0.465
587,0.50216
588,0.6007
589,0.55869
590,0.45723
591,0.32783
592,0.25044
593,0.05679
594,0.0
595,0.0
596,0.0
597,0.0
598,0.0
599,0.0
600,0.0
601,0.0
602,0.0
603,0.0
604,0.0
605,0.0
606,0.0040999999999999995
607,0.08449
608,0.16234
609,0.25409
610,0.2567
611,0.23229
612,0.19549
613,0.40508999999999995
614,0.41667000000000004
615,0.23797
616,0.12535
617,0.03797
618,0.0
619,0.0
620,0.0
621,0.0
622,0.0
623,0.0
624,0.0
625,0.0
626,0.0
627,0.0
628,0.0
629,0.0
630,0.00375
631,0.09911
632,0.25972
633,0.42282
634,0.51493
635,0.55979
636,0.6022000000000001
637,0.5960700000000001
638,0.34420999999999996
639,0.23703
640,0.16853
641,0.0707
642,0.0
643,0.0
644,0.0
645,0.0
646,0.0
647,0.0
648,0.0
649,0.0
650,0.0
651,0.0
652,0.0
653,0.0
654,0.00198
655,0.10467
656,0.26533999999999996
657,0.43026
658,0.54792
659,0.68299
660,0.6221
661,0.59699
662,0.48363
663,0.41864
664,0.23135
665,0.07465000000000001
666,0.0
667,0.0
668,0.0
669,0.0
670,0.0
671,0.0
672,0.0
673,0.0
674,0.0
675,0.0
676,0.0
677,0.0
678,0.00299
679,0.15856
680,0.37924
681,0.49665
682,0.6612899999999999
683,0.6493300000000001
684,0.6872999999999999
685,0.68435
686,0.60472
687,0.4684
688,0.27569
689,0.07026
690,0.0
691,0.0
692,0.0
693,0.0
694,0.0
695,0.0
696,0.0
697,0.0
698,0.0
699,0.0
700,0.0
701,0.0
702,0.0035299999999999997
703,0.15525
704,0.30225
705,0.49789999999999995
706,0.55401
707,0.6335299999999999
708,0.6694
709,0.68283
710,0.5285
711,0.4278
712,0.26619
713,0.07708
714,0.0
715,0.0
716,0.0
717,0.0
718,0.0
719,0.0
720,0.0
721,0.0
722,0.0
723,0.0
724,0.0
725,0.0
726,0.00283
727,0.10776999999999999
728,0.26406999999999997
729,0.39914
730,0.60898
731,0.64312
732,0.7118
733,0.59234
734,0.55671
735,0.428
736,0.20843
737,0.08038
738,0.0
739,0.0
740,0.0
741,0.0
742,0.0
743,0.0
744,0.0
745,0.0
746,0.0
747,0.0
748,0.0
749,0.0
750,0.00268
751,0.1655
752,0.36784
753,0.49822000000000005
754,0.6460199999999999
755,0.6698500000000001
756,0.6552
757,0.63459
758,0.55711
759,0.42921
760,0.28847
761,0.08687
762,0.0
763,0.0
764,0.0
765,0.0
766,0.0
767,0.0
768,0.0
769,0.0
770,0.0
771,0.0
772,0.0
773,0.0
774,0.00422
775,0.17296
776,0.37216000000000005
777,0.5169400000000001
778,0.58626
779,0.70775
780,0.64074
781,0.67114
782,0.59142
783,0.4355
784,0.26275
785,0.08022
786,0.0
787,0.0
788,0.0
789,0.0
790,0.0
791,0.0
792,0.0
793,0.0
794,0.0
795,0.0
796,0.0
797,0.0
798,0.00694
799,0.15263
800,0.34554
801,0.51314
802,0.6379
803,0.70486
804,0.70304
805,0.7139500000000001
806,0.62738
807,0.49511
808,0.30979
809,0.09365000000000001
810,0.0
811,0.0
812,0.0
813,0.0
814,0.0
815,0.0
816,0.0
817,0.0
818,0.0
819,0.0
820,0.0
821,0.0
822,0.00393
823,0.18503999999999998
824,0.40358
825,0.5668200000000001
826,0.68536
827,0.74782
828,0.76449
829,0.72994
830,0.6511699999999999
831,0.51515
832,0.32147000000000003
833,0.09816
834,0.0
835,0.0
836,0.0
837,0.0
838,0.0
839,0.0
840,0.0
841,0.0
842,0.0
843,0.0
844,0.0
845,0.0
846,0.00425
847,0.19113
848,0.41895
849,0.5727300000000001
850,0.68983
851,0.7547
852,0.7702899999999999
853,0.73257
854,0.6479400000000001
855,0.50954
856,0.31787
857,0.09695000000000001
858,0.0
859,0.0
860,0.0
861,0.0
862,0.0
863,0.0
864,0.0
865,0.0
866,0.0
867,0.0
868,0.0
869,0.0
870,0.00404
871,0.19663999999999998
872,0.41551
873,0.5682699999999999
874,0.68576
875,0.75139
876,0.76407
877,0.72935
878,0.6468700000000001
879,0.51255
880,0.32027999999999995
881,0.09775
882,0.0
883,0.0
884,0.0
885,0.0
886,0.0
887,0.0
888,0.0
889,0.0
890,0.0
891,0.0
892,0.0
893,0.0
894,0.00409
895,0.19090000000000001
896,0.40426
897,0.5682200000000001
898,0.68313
899,0.74407
900,0.76179
901,0.72541
902,0.64254
903,0.50558
904,0.31687
905,0.09731999999999999
906,0.0
907,0.0
908,0.0
909,0.0
910,0.0
911,0.0
912,0.0
913,0.0
914,0.0
915,0.0
916,0.0
917,0.0
918,0.00391
919,0.19034
920,0.40742
921,0.5571499999999999
922,0.67667
923,0.73581
924,0.7577999999999999
925,0.72542
926,0.6416000000000001
927,0.48446
928,0.30096
929,0.09531
930,0.0
931,0.0
932,0.0
933,0.0
934,0.0
935,0.0
936,0.0
937,0.0
938,0.0
939,0.0
940,0.0
941,0.0
942,0.00326
943,0.1715
944,0.37495
945,0.53295
946,0.6429600000000001
947,0.63637
948,0.65215
949,0.69735
950,0.54476
951,0.48573
952,0.29434
953,0.07876999999999999
954,0.0
955,0.0
956,0.0
957,0.0
958,0.0
959,0.0
960,0.0
961,0.0
962,0.0
963,0.0
964,0.0
965,0.0
966,0.0027
967,0.10259
968,0.30234
969,0.38993
970,0.5332899999999999
971,0.55762
972,0.6106699999999999
973,0.65401
974,0.54641
975,0.39094
976,0.27988999999999997
977,0.07952
978,0.0
979,0.0
980,0.0
981,0.0
982,0.0
983,0.0
984,0.0
985,0.0
986,0.0
987,0.0
988,0.0
989,0.0
990,0.00181
991,0.15787
992,0.36192
993,0.41523000000000004
994,0.49462
995,0.6541
996,0.68492
997,0.62963
998,0.48769
999,0.45127999999999996
1000,0.27009
1001,0.08735
1002,0.0
1003,0.0
1004,0.0
1005,0.0
1006,0.0
1007,0.0
1008,0.0
1009,0.0
1010,0.0
1011,0.0
1012,0.0
1013,0.0
1014,0.0032
1015,0.10984000000000001
1016,0.25184
1017,0.37051
1018,0.5348999999999999
1019,0.60636
1020,0.6130800000000001
1021,0.68114
1022,0.5286900000000001
1023,0.32822
1024,0.12841999999999998
1025,0.06279
1026,0.0
1027,0.0
1028,0.0
1029,0.0
1030,0.0
1031,0.0
1032,0.0
1033,0.0
1034,0.0
1035,0.0
1036,0.0
1037,0.0
1038,0.00349
1039,0.15741999999999998
1040,0.36626
1041,0.52934
1042,0.6648999999999999
1043,0.68469
1044,0.67588
1045,0.6171599999999999
1046,0.5260199999999999
1047,0.39059
1048,0.21733000000000002
1049,0.06512000000000001
1050,0.0
1051,0.0
1052,0.0
1053,0.0
1054,0.0
1055,0.0
1056,0.0
1057,0.0
1058,0.0
1059,0.0
1060,0.0
1061,0.0
1062,0.0032
1063,0.1164
1064,0.25123
1065,0.28463
1066,0.41756
1067,0.50935
1068,0.5385800000000001
1069,0.43395
1070,0.26138
1071,0.26073
1072,0.21747999999999998
1073,0.06736
1074,0.0
1075,0.0
1076,0.0
1077,0.0
1078,0.0
1079,0.0
1080,0.0
1081,0.0
1082,0.0
1083,0.0
1084,0.0
1085,0.0
1086,0.00161
1087,0.15225999999999998
1088,0.27453
1089,0.47897
1090,0.57866
1091,0.60392
1092,0.54431
1093,0.64211
1094,0.362
1095,0.37955
1096,0.23203000000000001
1097,0.05275
1098,0.0
1099,0.0
1100,0.0
1101,0.0
1102,0.0
1103,0.0
1104,0.0
1105,0.0
1106,0.0
1107,0.0
1108,0.0
1109,0.0
1110,0.00379
1111,0.15877000000000002
1112,0.3331
1113,0.53539
1114,0.59633
1115,0.62689
1116,0.66807
1117,0.5492
1118,0.49778
1119,0.40761000000000003
1120,0.23498
1121,0.05109
1122,0.0
1123,0.0
1124,0.0
1125,0.0
1126,0.0
1127,0.0
1128,0.0
1129,0.0
1130,0.0
1131,0.0
1132,0.0
1133,0.0
1134,0.00373
1135,0.19091
1136,0.40397000000000005
1137,0.5569700000000001
1138,0.6782999999999999
1139,0.6505
1140,0.59621
1141,0.62034
1142,0.46881
1143,0.46720999999999996
1144,0.23202
1145,0.061590000000000006
1146,0.0
1147,0.0
1148,0.0
1149,0.0
1150,0.0
1151,0.0
1152,0.0
1153,0.0
1154,0.0
1155,0.0
1156,0.0
1157,0.0
1158,0.00395
1159,0.15949000000000002
1160,0.31866
1161,0.45350999999999997
1162,0.54313
1163,0.58348
1164,0.6958799999999999
1165,0.5767
1166,0.50108
1167,0.45127
1168,0.25262
1169,0.08294
1170,0.0
1171,0.0
1172,0.0
1173,0.0
1174,0.0
1175,0.0
1176,0.0
1177,0.0
1178,0.0
1179,0.0
1180,0.0
1181,0.0
1182,0.00363
1183,0.19147
1184,0.39755
1185,0.5582
1186,0.66935
1187,0.6708
1188,0.60252
1189,0.59587
1190,0.58714
1191,0.48725
1192,0.27438
1193,0.07856
1194,0.0
1195,0.0
1196,0.0
1197,0.0
1198,0.0
1199,0.0
1200,0.0
1201,0.0
1202,0.0
1203,0.0
1204,0.0
1205,0.0
1206,0.0034100000000000003
1207,0.10898999999999999
1208,0.29424
1209,0.48579
1210,0.53259
1211,0.68067
1212,0.62722
1213,0.50466
1214,0.45231
1215,0.41799000000000003
1216,0.21434999999999998
1217,0.07019
1218,0.0
1219,0.0
1220,0.0
1221,0.0
1222,0.0
1223,0.0
1224,0.0
1225,0.0
1226,0.0
1227,0.0
1228,0.0
1229,0.0
1230,0.00337
1231,0.17941
1232,0.31975
1233,0.5136000000000001
1234,0.60521
1235,0.66934
1236,0.66116
1237,0.62201
1238,0.34395
1239,0.35975
1240,0.18242
1241,0.06057
1242,0.0
1243,0.0
1244,0.0
1245,0.0
1246,0.0
1247,0.0
1248,0.0
1249,0.0
1250,0.0
1251,0.0
1252,0.0
1253,0.0
1254,0.00344
1255,0.15591
1256,0.33394999999999997
1257,0.52667
1258,0.58182
1259,0.66803
1260,0.6794600000000001
1261,0.54884
1262,0.40282999999999997
1263,0.28284
1264,0.17552
1265,0.057030000000000004
1266,0.0
1267,0.0
1268,0.0
1269,0.0
1270,0.0
1271,0.0
1272,0.0
1273,0.0
1274,0.0
1275,0.0
1276,0.0
1277,0.0
1278,0.00376
1279,0.19698
1280,0.40201
1281,0.54504
1282,0.58554
1283,0.6008300000000001
1284,0.64135
1285,0.55699
1286,0.59962
1287,0.41848
1288,0.24034
1289,0.07512
1290,0.0
1291,0.0
1292,0.0
1293,0.0
1294,0.0
1295,0.0
1296,0.0
1297,0.0
1298,0.0
1299,0.0
1300,0.0
1301,0.0
1302,0.00146
1303,0.11303
1304,0.24475
1305,0.30444
1306,0.23149
1307,0.51143
1308,0.60794
1309,0.6591699999999999
1310,0.40036
1311,0.27288
1312,0.1393
1313,0.04282
1314,0.0
1315,0.0
1316,0.0
1317,0.0
1318,0.0
1319,0.0
1320,0.0
1321,0.0
1322,0.0
1323,0.0
1324,0.0
1325,0.0
1326,0.00152
1327,0.06954
1328,0.08433
1329,0.12969
1330,0.1606
1331,0.17258
1332,0.3177
1333,0.22178
1334,0.17192
1335,0.08443
1336,0.09261
1337,0.02088
1338,0.0
1339,0.0
1340,0.0
1341,0.0
1342,0.0
1343,0.0
1344,0.0
1345,0.0
1346,0.0
1347,0.0
1348,0.0
1349,0.0
1350,0.00217
1351,0.13978
1352,0.23535
1353,0.3365
1354,0.22287
1355,0.28469
1356,0.28414
1357,0.27262000000000003
1358,0.29773
1359,0.16097999999999998
1360,0.13247
1361,0.0535
1362,0.0
1363,0.0
1364,0.0
1365,0.0
1366,0.0
1367,0.0
1368,0.0
1369,0.0
1370,0.0
1371,0.0
1372,0.0
1373,0.0
1374,0.00275
1375,0.13078
1376,0.26736
1377,0.39033
1378,0.48455000000000004
1379,0.60203
1380,0.6127400000000001
1381,0.60627
1382,0.5710299999999999
1383,0.40587
1384,0.26523
1385,0.05994
1386,0.0
1387,0.0
1388,0.0
1389,0.0
1390,0.0
1391,0.0
1392,0.0
1393,0.0
1394,0.0
1395,0.0
1396,0.0
1397,0.0
1398,0.00106
1399,0.0952
1400,0.25815
1401,0.3185
1402,0.52736
1403,0.6607000000000001
1404,0.65498
1405,0.62402
1406,0.57068
1407,0.44047000000000003
1408,0.21142
1409,0.06687
1410,0.0
1411,0.0
1412,0.0
1413,0.0
1414,0.0
1415,0.0
1416,0.0
1417,0.0
1418,0.0
1419,0.0
1420,0.0
1421,0.0
1422,0.00136
1423,0.11508
1424,0.19736
1425,0.28393999999999997
1426,0.4452
1427,0.30874
1428,0.42424
1429,0.48574
1430,0.41705000000000003
1431,0.36445
1432,0.23485
1433,0.05732
1434,0.0
1435,0.0
1436,0.0
1437,0.0
1438,0.0
1439,0.0
1440,0.0
1441,0.0
1442,0.0
1443,0.0
1444,0.0
1445,0.0
1446,0.00369
1447,0.18778999999999998
1448,0.3325
1449,0.37242000000000003
1450,0.49105
1451,0.5866
1452,0.62839
1453,0.49362
1454,0.49729
1455,0.4036
1456,0.26318
1457,0.07146
1458,0.0
1459,0.0
1460,0.0
1461,0.0
1462,0.0
1463,0.0
1464,0.0
1465,0.0
1466,0.0
1467,0.0
1468,0.0
1469,0.0
1470,0.0008
1471,0.13499
1472,0.25231
1473,0.36087
1474,0.51127
1475,0.50229
1476,0.53306
1477,0.46264
1478,0.5495399999999999
1479,0.40142
1480,0.23113
1481,0.07088
1482,0.0
1483,0.0
1484,0.0
1485,0.0
1486,0.0
1487,0.0
1488,0.0
1489,0.0
1490,0.0
1491,0.0
1492,0.0
1493,0.0
1494,0.0029500000000000004
1495,0.06416
1496,0.15344999999999998
1497,0.18480000000000002
1498,0.27442
1499,0.12646
1500,0.13731000000000002
1501,0.34161
1502,0.37131000000000003
1503,0.18847999999999998
1504,0.10629000000000001
1505,0.04126
1506,0.0
1507,0.0
1508,0.0
1509,0.0
1510,0.0
1511,0.0
1512,0.0
1513,0.0
1514,0.0
1515,0.0
1516,0.0
1517,0.0
1518,0.00107
1519,0.08495
1520,0.18206
1521,0.29341
1522,0.17064
1523,0.34568
1524,0.26982
1525,0.51191
1526,0.44553
1527,0.39463
1528,0.24702000000000002
1529,0.06384000000000001
1530,0.0
1531,0.0
1532,0.0
1533,0.0
1534,0.0
1535,0.0
1536,0.0
1537,0.0
1538,0.0
1539,0.0
1540,0.0
1541,0.0
1542,0.00183
1543,0.12674
1544,0.26397000000000004
1545,0.3487
1546,0.34502999999999995
1547,0.58846
1548,0.5628500000000001
1549,0.53322
1550,0.41249
1551,0.36466000000000004
1552,0.22588999999999998
1553,0.05503
1554,0.0
1555,0.0
1556,0.0
1557,0.0
1558,0.0
1559,0.0
1560,0.0
1561,0.0
1562,0.0
1563,0.0
1564,0.0
1565,0.0
1566,0.005059999999999999
1567,0.0396
1568,0.17445
1569,0.10038
1570,0.10776999999999999
1571,0.13127
1572,0.24762
1573,0.26206999999999997
1574,0.25709
1575,0.20755
1576,0.06836
1577,0.049890000000000004
1578,0.0
1579,0.0
1580,0.0
1581,0.0
1582,0.0
1583,0.0
1584,0.0
1585,0.0
1586,0.0
1587,0.0
1588,0.0
1589,0.0
1590,0.0034300000000000003
1591,0.09797
1592,0.18700999999999998
1593,0.18585
1594,0.18137
1595,0.39286
1596,0.40222
1597,0.29244
1598,0.38317
1599,0.38694
1600,0.23974
1601,0.05941
1602,0.0
1603,0.0
1604,0.0
1605,0.0
1606,0.0
1607,0.0
1608,0.0
1609,0.0
1610,0.0
1611,0.0
1612,0.0
1613,0.0
1614,0.00379
1615,0.17354
1616,0.26621
1617,0.42616000000000004
1618,0.42608999999999997
1619,0.50041
1620,0.27825
1621,0.33817
1622,0.26481
1623,0.35529
1624,0.22512000000000001
1625,0.06268
1626,0.0
1627,0.0
1628,0.0
1629,0.0
1630,0.0
1631,0.0
1632,0.0
1633,0.0
1634,0.0
1635,0.0
1636,0.0
1637,0.0
1638,0.00496
1639,0.13018000000000002
1640,0.28786
1641,0.39604
1642,0.46419
1643,0.62858
1644,0.6988099999999999
1645,0.59623
1646,0.45085000000000003
1647,0.23303000000000001
1648,0.12422
1649,0.04157
1650,0.0
1651,0.0
1652,0.0
1653,0.0
1654,0.0
1655,0.0
1656,0.0
1657,0.0
1658,0.0
1659,0.0
1660,0.0
1661,0.0
1662,0.00287
1663,0.16713
1664,0.27587
1665,0.44558
1666,0.51987
1667,0.5741499999999999
1668,0.63863
1669,0.51321
1670,0.46887
1671,0.36183
1672,0.22461
1673,0.06515
1674,0.0
1675,0.0
1676,0.0
1677,0.0
1678,0.0
1679,0.0
1680,0.0
1681,0.0
1682,0.0
1683,0.0
1684,0.0
1685,0.0
1686,0.00715
1687,0.15400999999999998
1688,0.27201
1689,0.39576
1690,0.58956
1691,0.5995900000000001
1692,0.5391900000000001
1693,0.6113500000000001
1694,0.57645
1695,0.41106
1696,0.20701
1697,0.061329999999999996
1698,0.0
1699,0.0
1700,0.0
1701,0.0
1702,0.0
1703,0.0
1704,0.0
1705,0.0
1706,0.0
1707,0.0
1708,0.0
1709,0.0
1710,0.00525
1711,0.15713999999999997
1712,0.39473
1713,0.53465
1714,0.6641
1715,0.66254
1716,0.70329
1717,0.64362
1718,0.53886
1719,0.32398000000000005
1720,0.23535
1721,0.05594
1722,0.0
1723,0.0
1724,0.0
1725,0.0
1726,0.0
1727,0.0
1728,0.0
1729,0.0
1730,0.0
1731,0.0
1732,0.0
1733,0.0
1734,0.00709
1735,0.1512
1736,0.27285000000000004
1737,0.38291000000000003
1738,0.28689
1739,0.5669299999999999
1740,0.49107
1741,0.45652
1742,0.35552999999999996
1743,0.27191000000000004
1744,0.18219
1745,0.0443
1746,0.0
1747,0.0
1748,0.0
1749,0.0
1750,0.0
1751,0.0
1752,0.0
1753,0.0
1754,0.0
1755,0.0
1756,0.0
1757,0.0
1758,0.00536
1759,0.10726999999999999
1760,0.27874
1761,0.48114
1762,0.59364
1763,0.67913
1764,0.689
1765,0.4853
1766,0.34989
1767,0.39298
1768,0.1603
1769,0.06085
1770,0.0
1771,0.0
1772,0.0
1773,0.0
1774,0.0
1775,0.0
1776,0.0
1777,0.0
1778,0.0
1779,0.0
1780,0.0
1781,0.0
1782,0.00462
1783,0.08710999999999999
1784,0.05123
1785,0.10159
1786,0.25121
1787,0.41429000000000005
1788,0.46411
1789,0.1725
1790,0.29207
1791,0.19124000000000002
1792,0.08504
1793,0.028820000000000002
1794,0.0
1795,0.0
1796,0.0
1797,0.0
1798,0.0
1799,0.0
1800,0.0
1801,0.0
1802,0.0
1803,0.0
1804,0.0
1805,0.0
1806,0.005889999999999999
1807,0.19141999999999998
1808,0.36523
1809,0.50945
1810,0.61713
1811,0.69341
1812,0.59939
1813,0.61125
1814,0.5375599999999999
1815,0.43229
1816,0.25428
1817,0.06815
1818,0.0
1819,0.0
1820,0.0
1821,0.0
1822,0.0
1823,0.0
1824,0.0
1825,0.0
1826,0.0
1827,0.0
1828,0.0
1829,0.0
1830,0.0072
1831,0.12837
1832,0.31601999999999997
1833,0.51096
1834,0.60104
1835,0.66364
1836,0.61021
1837,0.64203
1838,0.5578500000000001
1839,0.32824000000000003
1840,0.21503
1841,0.048549999999999996
1842,0.0
1843,0.0
1844,0.0
1845,0.0
1846,0.0
1847,0.0
1848,0.0
1849,0.0
1850,0.0
1851,0.0
1852,0.0
1853,0.0
1854,0.0059900000000000005
1855,0.07561
1856,0.08458
1857,0.19261
1858,0.29921
1859,0.3212
1860,0.33649
1861,0.37145999999999996
1862,0.31272000000000005
1863,0.28931
1864,0.18703999999999998
1865,0.03768
1866,0.0
1867,0.0
1868,0.0
1869,0.0
1870,0.0
1871,0.0
1872,0.0
1873,0.0
1874,0.0
1875,0.0
1876,0.0
1877,0.0
1878,0.00483
1879,0.1254
1880,0.3436
1881,0.46013
1882,0.48633
1883,0.55971
1884,0.54244
1885,0.44398000000000004
1886,0.2365
1887,0.21786000000000003
1888,0.09952
1889,0.03825
1890,0.0
1891,0.0
1892,0.0
1893,0.0
1894,0.0
1895,0.0
1896,0.0
1897,0.0
1898,0.0
1899,0.0
1900,0.0
1901,0.0
1902,0.00521
1903,0.16187
1904,0.32123
1905,0.46752
1906,0.43527
1907,0.65528
1908,0.50139
1909,0.51624
1910,0.51361
1911,0.35988
1912,0.14215
1913,0.04131
1914,0.0
1915,0.0
1916,0.0
1917,0.0
1918,0.0
1919,0.0
1920,0.0
1921,0.0
1922,0.0
1923,0.0
1924,0.0
1925,0.0
1926,0.00579
1927,0.14107
1928,0.29997
1929,0.48095
1930,0.59887
1931,0.57227
1932,0.6249600000000001
1933,0.57717
1934,0.49132
1935,0.35273000000000004
1936,0.19387000000000001
1937,0.06257
1938,0.0
1939,0.0
1940,0.0
1941,0.0
1942,0.0
1943,0.0
1944,0.0
1945,0.0
1946,0.0
1947,0.0
1948,0.0
1949,0.0
1950,0.00966
1951,0.09297
1952,0.1996
1953,0.23417
1954,0.47398
1955,0.52879
1956,0.47357
1957,0.48619
1958,0.34495
1959,0.21433000000000002
1960,0.08836
1961,0.0342
1962,0.0
1963,0.0
1964,0.0
1965,0.0
1966,0.0
1967,0.0
1968,0.0
1969,0.0
1970,0.0
1971,0.0
1972,0.0
1973,0.0
1974,0.01131
1975,0.12453
1976,0.2297
1977,0.29074
1978,0.31210000000000004
1979,0.40043
1980,0.26577
1981,0.34564
1982,0.48436
1983,0.37995
1984,0.20715
1985,0.047380000000000005
1986,0.0
1987,0.0
1988,0.0
1989,0.0
1990,0.0
1991,0.0
1992,0.0
1993,0.0
1994,0.0
1995,0.0
1996,0.0
1997,0.0
1998,0.00433
1999,0.09726
2000,0.20692
2001,0.22938999999999998
2002,0.28978
2003,0.28401
2004,0.37827
2005,0.33406
2006,0.45905
2007,0.38016
2008,0.24211000000000002
2009,0.061649999999999996
2010,0.0
2011,0.0
2012,0.0
2013,0.0
2014,0.0
2015,0.0
2016,0.0
2017,0.0
2018,0.0
2019,0.0
2020,0.0
2021,0.0
2022,0.00262
2023,0.10333
2024,0.23334
2025,0.43024
2026,0.49005
2027,0.6720700000000001
2028,0.73763
2029,0.6751
2030,0.59026
2031,0.38039999999999996
2032,0.20997
2033,0.02846
2034,0.0
2035,0.0
2036,0.0
2037,0.0
2038,0.0
2039,0.0
2040,0.0
2041,0.0
2042,0.0
2043,0.0
2044,0.0
2045,0.0
2046,0.0040999999999999995
2047,0.12376999999999999
2048,0.35911000000000004
2049,0.5187
2050,0.64708
2051,0.71856
2052,0.6772699999999999
2053,0.62776
2054,0.41397
2055,0.33641000000000004
2056,0.13924
2057,0.020329999999999997
2058,0.0
2059,0.0
2060,0.0
2061,0.0
2062,0.0
2063,0.0
2064,0.0
2065,0.0
2066,0.0
2067,0.0
2068,0.0
2069,0.0
2070,0.0077
2071,0.12312999999999999
2072,0.28733
2073,0.4924
2074,0.63448
2075,0.63482
2076,0.60434
2077,0.5468200000000001
2078,0.41845
2079,0.30034
2080,0.11866
2081,0.01516
2082,0.0
2083,0.0
2084,0.0
2085,0.0
2086,0.0
2087,0.0
2088,0.0
2089,0.0
2090,0.0
2091,0.0
2092,0.0
2093,0.0
2094,0.00666
2095,0.0975
2096,0.20542
2097,0.41963
2098,0.39814
2099,0.38007
2100,0.45436
2101,0.35549000000000003
2102,0.34698
2103,0.34113
2104,0.17834999999999998
2105,0.03653
2106,0.0
2107,0.0
2108,0.0
2109,0.0
2110,0.0
2111,0.0
2112,0.0
2113,0.0
2114,0.0
2115,0.0
2116,0.0
2117,0.0
2118,0.009529999999999999
2119,0.20643999999999998
2120,0.32166
2121,0.44138
2122,0.58869
2123,0.63525
2124,0.64878
2125,0.62829
2126,0.50559
2127,0.38985000000000003
2128,0.17339
2129,0.01548
2130,0.0
2131,0.0
2132,0.0
2133,0.0
2134,0.0
2135,0.0
2136,0.0
2137,0.0
2138,0.0
2139,0.0
2140,0.0
2141,0.0
2142,0.004730000000000001
2143,0.07979
2144,0.14701
2145,0.20311
2146,0.17364
2147,0.11347
2148,0.19776
2149,0.37607
2150,0.38122
2151,0.33416
2152,0.18919
2153,0.024390000000000002
2154,0.0
2155,0.0
2156,0.0
2157,0.0
2158,0.0
2159,0.0
2160,0.0
2161,0.0
2162,0.0
2163,0.0
2164,0.0
2165,0.0
2166,0.01281
2167,0.17628
2168,0.36113999999999996
2169,0.49371
2170,0.47507
2171,0.48608999999999997
2172,0.5411699999999999
2173,0.48286
2174,0.41651
2175,0.32673
2176,0.15686000000000003
2177,0.032479999999999995
2178,0.0
2179,0.0
2180,0.0
2181,0.0
2182,0.0
2183,0.0
2184,0.0
2185,0.0
2186,0.0
2187,0.0
2188,0.0
2189,0.0
2190,0.00294
2191,0.11112999999999999
2192,0.17643999999999999
2193,0.2884
2194,0.24938
2195,0.22818
2196,0.27434
2197,0.30398000000000003
2198,0.20096
2199,0.21969999999999998
2200,0.17309
2201,0.03246
2202,0.0
2203,0.0
2204,0.0
2205,0.0
2206,0.0
2207,0.0
2208,0.0
2209,0.0
2210,0.0
2211,0.0
2212,0.0
2213,0.0
2214,0.0059299999999999995
2215,0.17138
2216,0.34654
2217,0.53563
2218,0.66324
2219,0.6762100000000001
2220,0.6685599999999999
2221,0.48207
2222,0.36866000000000004
2223,0.32879
2224,0.19363999999999998
2225,0.0202
2226,0.0
2227,0.0
2228,0.0
2229,0.0
2230,0.0
2231,0.0
2232,0.0
2233,0.0
2234,0.0
2235,0.0
2236,0.0
2237,0.0
2238,0.01196
2239,0.16734000000000002
2240,0.35754
2241,0.40502999999999995
2242,0.57965
2243,0.62951
2244,0.72963
2245,0.55551
2246,0.52659
2247,0.37441
2248,0.18530000000000002
2249,0.01828
2250,0.0
2251,0.0
2252,0.0
2253,0.0
2254,0.0
2255,0.0
2256,0.0
2257,0.0
2258,0.0
2259,0.0
2260,0.0
2261,0.0
2262,0.01225
2263,0.16978000000000001
2264,0.39824
2265,0.51583
2266,0.63273
2267,0.61887
2268,0.61895
2269,0.38625
2270,0.39538
2271,0.23482
2272,0.17922
2273,0.019309999999999997
2274,0.0
2275,0.0
2276,0.0
2277,0.0
2278,0.0
2279,0.0
2280,0.0
2281,0.0
2282,0.0
2283,0.0
2284,0.0
2285,0.0
2286,0.00453
2287,0.05808
2288,0.19313
2289,0.24298
2290,0.3328
2291,0.42669
2292,0.58558
2293,0.36333
2294,0.41693
2295,0.34019
2296,0.17332
2297,0.02793
2298,0.0
2299,0.0
2300,0.0
2301,0.0
2302,0.0
2303,0.0
2304,0.0
2305,0.0
2306,0.0
2307,0.0
2308,0.0
2309,0.0
2310,0.01066
2311,0.12268000000000001
2312,0.23115
2313,0.29561000000000004
2314,0.41762
2315,0.43576
2316,0.36357999999999996
2317,0.42795
2318,0.33215
2319,0.33914
2320,0.17967
2321,0.019719999999999998
2322,0.0
2323,0.0
2324,0.0
2325,0.0
2326,0.0
2327,0.0
2328,0.0
2329,0.0
2330,0.0
2331,0.0
2332,0.0
2333,0.0
2334,0.00443
2335,0.07995999999999999
2336,0.22996
2337,0.16327
2338,0.34173000000000003
2339,0.37307
2340,0.44066000000000005
2341,0.46407
2342,0.43583999999999995
2343,0.30108999999999997
2344,0.17123
2345,0.03438
2346,0.0
2347,0.0
2348,0.0
2349,0.0
2350,0.0
2351,0.0
2352,0.0
2353,0.0
2354,0.0
2355,0.0
2356,0.0
2357,0.0
2358,0.01472
2359,0.14144
2360,0.24905000000000002
2361,0.44392000000000004
2362,0.52825
2363,0.64403
2364,0.65097
2365,0.64891
2366,0.40964999999999996
2367,0.29331999999999997
2368,0.12309
2369,0.02608
2370,0.0
2371,0.0
2372,0.0
2373,0.0
2374,0.0
2375,0.0
2376,0.0
2377,0.0
2378,0.0
2379,0.0
2380,0.0
2381,0.0
2382,0.0111
2383,0.12215000000000001
2384,0.27694
2385,0.38432
2386,0.51679
2387,0.46102
2388,0.46463
2389,0.56498
2390,0.37655
2391,0.31475
2392,0.15342
2393,0.02185
2394,0.0
2395,0.0
2396,0.0
2397,0.0
2398,0.0
2399,0.0
2400,0.0
2401,0.0
2402,0.0
2403,0.0
2404,0.0
2405,0.0
2406,0.00796
2407,0.17468999999999998
2408,0.36212
2409,0.45798
2410,0.608
2411,0.59324
2412,0.6764
2413,0.5818300000000001
2414,0.50832
2415,0.34835000000000005
2416,0.17117
2417,0.027149999999999997
2418,0.0
2419,0.0
2420,0.0
2421,0.0
2422,0.0
2423,0.0
2424,0.0
2425,0.0
2426,0.0
2427,0.0
2428,0.0
2429,0.0
2430,0.00877
2431,0.19061
2432,0.36526
2433,0.51525
2434,0.56287
2435,0.6174400000000001
2436,0.62019
2437,0.62973
2438,0.54518
2439,0.4141
2440,0.19957
2441,0.02038
2442,0.0
2443,0.0
2444,0.0
2445,0.0
2446,0.0
2447,0.0
2448,0.0
2449,0.0
2450,0.0
2451,0.0
2452,0.0
2453,0.0
2454,0.01264
2455,0.10976000000000001
2456,0.31655
2457,0.34132999999999997
2458,0.53344
2459,0.49512
2460,0.41833
2461,0.63306
2462,0.48463999999999996
2463,0.31287
2464,0.17394
2465,0.02867
2466,0.0
2467,0.0
2468,0.0
2469,0.0
2470,0.0
2471,0.0
2472,0.0
2473,0.0
2474,0.0
2475,0.0
2476,0.0
2477,0.0
2478,0.01168
2479,0.14752
2480,0.19521
2481,0.25861
2482,0.38045
2483,0.5003299999999999
2484,0.60158
2485,0.61046
2486,0.48335
2487,0.42007
2488,0.14883000000000002
2489,0.01314
2490,0.0
2491,0.0
2492,0.0
2493,0.0
2494,0.0
2495,0.0
2496,0.0
2497,0.0
2498,0.0
2499,0.0
2500,0.0
2501,0.0
2502,0.00767
2503,0.14709999999999998
2504,0.30326
2505,0.38312
2506,0.49501999999999996
2507,0.59181
2508,0.61221
2509,0.6098
2510,0.5218200000000001
2511,0.38586000000000004
2512,0.18273
2513,0.019260000000000003
2514,0.0
2515,0.0
2516,0.0
2517,0.0
2518,0.0
2519,0.0
2520,0.0
2521,0.0
2522,0.0
2523,0.0
2524,0.0
2525,0.0
2526,0.01476
2527,0.15981
2528,0.31822
2529,0.38883999999999996
2530,0.55432
2531,0.5815499999999999
2532,0.46219
2533,0.63142
2534,0.50603
2535,0.34535000000000005
2536,0.19097
2537,0.019170000000000003
2538,0.0
2539,0.0
2540,0.0
2541,0.0
2542,0.0
2543,0.0
2544,0.0
2545,0.0
2546,0.0
2547,0.0
2548,0.0
2549,0.0
2550,0.0083
2551,0.09295
2552,0.24356999999999998
2553,0.40684
2554,0.63252
2555,0.65126
2556,0.67404
2557,0.51773
2558,0.46938
2559,0.34708
2560,0.19652
2561,0.023219999999999998
2562,0.0
2563,0.0
2564,0.0
2565,0.0
2566,0.0
2567,0.0
2568,0.0
2569,0.0
2570,0.0
2571,0.0
2572,0.0
2573,0.0
2574,0.00893
2575,0.15969
2576,0.33374000000000004
2577,0.48448
2578,0.57889
2579,0.58497
2580,0.61576
2581,0.56659
2582,0.53297
2583,0.35570999999999997
2584,0.17829
2585,0.02148
2586,0.0
2587,0.0
2588,0.0
2589,0.0
2590,0.0
2591,0.0
2592,0.0
2593,0.0
2594,0.0
2595,0.0
2596,0.0
2597,0.0
2598,0.01225
2599,0.12254999999999999
2600,0.2612
2601,0.24683000000000002
2602,0.33263
2603,0.30913
2604,0.19485
2605,0.08967
2606,0.06806999999999999
2607,0.06967
2608,0.03269
2609,0.02152
2610,0.0
2611,0.0
2612,0.0
2613,0.0
2614,0.0
2615,0.0
2616,0.0
2617,0.0
2618,0.0
2619,0.0
2620,0.0
2621,0.0
2622,0.00916
2623,0.10895999999999999
2624,0.20990999999999999
2625,0.40397000000000005
2626,0.43663
2627,0.50578
2628,0.5688200000000001
2629,0.3588
2630,0.46144999999999997
2631,0.38166
2632,0.18169
2633,0.02438
2634,0.0
2635,0.0
2636,0.0
2637,0.0
2638,0.0
2639,0.0
2640,0.0
2641,0.0
2642,0.0
2643,0.0
2644,0.0
2645,0.0
2646,0.01099
2647,0.13734
2648,0.28146
2649,0.48272000000000004
2650,0.57672
2651,0.47564
2652,0.44605
2653,0.59325
2654,0.43009
2655,0.30994
2656,0.18275
2657,0.01833
2658,0.0
2659,0.0
2660,0.0
2661,0.0
2662,0.0
2663,0.0
2664,0.0
2665,0.0
2666,0.0
2667,0.0
2668,0.0
2669,0.0
2670,0.01393
2671,0.18380000000000002
2672,0.38488
2673,0.52913
2674,0.63805
2675,0.66879
2676,0.68049
2677,0.62442
2678,0.49057999999999996
2679,0.31977
2680,0.22857
2681,0.014070000000000001
2682,0.0
2683,0.0
2684,0.0
2685,0.0
2686,0.0
2687,0.0
2688,0.0
2689,0.0
2690,0.0
2691,0.0
2692,0.0
2693,0.0
2694,0.006860000000000001
2695,0.05446
2696,0.23319
2697,0.33302
2698,0.45694
2699,0.65779
2700,0.5146900000000001
2701,0.45173
2702,0.34667000000000003
2703,0.20487
2704,0.07728
2705,0.021070000000000002
2706,0.0
2707,0.0
2708,0.0
2709,0.0
2710,0.0
2711,0.0
2712,0.0
2713,0.0
2714,0.0
2715,0.0
2716,0.0
2717,0.0
2718,0.00607
2719,0.14005
2720,0.30709
2721,0.43539999999999995
2722,0.511
2723,0.5535399999999999
2724,0.49694
2725,0.56564
2726,0.46226
2727,0.34987999999999997
2728,0.14968
2729,0.0149
2730,0.0
2731,0.0
2732,0.0
2733,0.0
2734,0.0
2735,0.0
2736,0.0
2737,0.0
2738,0.0
2739,0.0
2740,0.0
2741,0.0
2742,0.0072
2743,0.05657
2744,0.10182
2745,0.18757
2746,0.18837
2747,0.30868
2748,0.28144
2749,0.33399
2750,0.3708
2751,0.3371
2752,0.16868
2753,0.02612
2754,0.0
2755,0.0
2756,0.0
2757,0.0
2758,0.0
2759,0.0
2760,0.0
2761,0.0
2762,0.0
2763,0.0
2764,0.0
2765,0.0
2766,0.01119
2767,0.16046000000000002
2768,0.32222
2769,0.46418
2770,0.55168
2771,0.68151
2772,0.6419199999999999
2773,0.48818
2774,0.22909000000000002
2775,0.28879000000000005
2776,0.14975
2777,0.02546
2778,0.0
2779,0.0
2780,0.0
2781,0.0
2782,0.0
2783,0.0
2784,0.0
2785,0.0
2786,0.0
2787,0.0
2788,0.0
2789,0.0
2790,0.0157
2791,0.08691
2792,0.28818
2793,0.47223000000000004
2794,0.58202
2795,0.67091
2796,0.59551
2797,0.51087
2798,0.29957999999999996
2799,0.35773
2800,0.17213
2801,0.00999
2802,0.0
2803,0.0
2804,0.0
2805,0.0
2806,0.0
2807,0.0
2808,0.0
2809,0.0
2810,0.0
2811,0.0
2812,0.0
2813,0.0
2814,0.011550000000000001
2815,0.09534999999999999
2816,0.19811
2817,0.26080000000000003
2818,0.46761
2819,0.43345
2820,0.39844999999999997
2821,0.30933999999999995
2822,0.40485000000000004
2823,0.15534
2824,0.10676000000000001
2825,0.018179999999999998
2826,0.0
2827,0.0
2828,0.0
2829,0.0
2830,0.0
2831,0.0
2832,0.0
2833,0.0
2834,0.0
2835,0.0
2836,0.0
2837,0.0
2838,0.00335
2839,0.039409999999999994
2840,0.061340000000000006
2841,0.22581
2842,0.33855
2843,0.38115
2844,0.41681999999999997
2845,0.31329
2846,0.20382
2847,0.09286
2848,0.005730000000000001
2849,0.00718
2850,0.0
2851,0.0
2852,0.0
2853,0.0
2854,0.0
2855,0.0
2856,0.0
2857,0.0
2858,0.0
2859,0.0
2860,0.0
2861,0.0
2862,0.01322
2863,0.11438
2864,0.26599
2865,0.41045
2866,0.44487
2867,0.46647000000000005
2868,0.54711
2869,0.45672
2870,0.40508
2871,0.30146
2872,0.17783000000000002
2873,0.011349999999999999
2874,0.0
2875,0.0
2876,0.0
2877,0.0
2878,0.0
2879,0.0
2880,0.0
2881,0.0
2882,0.0
2883,0.0
2884,0.0
2885,0.0
2886,0.0085
2887,0.09256
2888,0.13056
2889,0.31883
2890,0.43924
2891,0.48275999999999997
2892,0.5191399999999999
2893,0.61686
2894,0.51336
2895,0.29216000000000003
2896,0.18603
2897,0.01233
2898,0.0
2899,0.0
2900,0.0
2901,0.0
2902,0.0
2903,0.0
2904,0.0
2905,0.0
2906,0.0
2907,0.0
2908,0.0
2909,0.0
2910,0.0237
2911,0.16169
2912,0.36174
2913,0.40998
2914,0.44733999999999996
2915,0.5765399999999999
2916,0.62802
2917,0.51377
2918,0.40441000000000005
2919,0.28293
2920,0.06619
2921,0.01184
2922,0.0
2923,0.0
2924,0.0
2925,0.0
2926,0.0
2927,0.0
2928,0.0
2929,0.0
2930,0.0
2931,0.0
2932,0.0
2933,0.0
2934,0.01692
2935,0.147
2936,0.27620999999999996
2937,0.33908
2938,0.49478
2939,0.49824
2940,0.47978
2941,0.43026
2942,0.34829000000000004
2943,0.31242000000000003
2944,0.17865
2945,0.019739999999999997
2946,0.0
2947,0.0
2948,0.0
2949,0.0
2950,0.0
2951,0.0
2952,0.0
2953,0.0
2954,0.0
2955,0.0
2956,0.0
2957,0.0
2958,0.00438
2959,0.0412
2960,0.14234
2961,0.3387
2962,0.39919
2963,0.40179000000000004
2964,0.48183
2965,0.5748
2966,0.38343
2967,0.37644
2968,0.20342
2969,0.01399
2970,0.0
2971,0.0
2972,0.0
2973,0.0
2974,0.0
2975,0.0
2976,0.0
2977,0.0
2978,0.0
2979,0.0
2980,0.0
2981,0.0
2982,0.02283
2983,0.18286000000000002
2984,0.38935000000000003
2985,0.5142599999999999
2986,0.62339
2987,0.52908
2988,0.6734
2989,0.5539400000000001
2990,0.41694
2991,0.23789
2992,0.14804
2993,0.0167
2994,0.0
2995,0.0
2996,0.0
2997,0.0
2998,0.0
2999,0.0
3000,0.0
3001,0.0
3002,0.0
3003,0.0
3004,0.0
3005,0.0
3006,0.01616
3007,0.12993000000000002
3008,0.30967
3009,0.4755
3010,0.62622
3011,0.65088
3012,0.62287
3013,0.5890599999999999
3014,0.48033
3015,0.37311
3016,0.18292
3017,0.011519999999999999
3018,0.0
3019,0.0
3020,0.0
3021,0.0
3022,0.0
3023,0.0
3024,0.0
3025,0.0
3026,0.0
3027,0.0
3028,0.0
3029,0.0
3030,0.00613
3031,0.07
3032,0.16326
3033,0.32754
3034,0.39837
3035,0.55104
3036,0.49907999999999997
3037,0.43287
3038,0.38645
3039,0.21544
3040,0.06491
3041,0.00595
3042,0.0
3043,0.0
3044,0.0
3045,0.0
3046,0.0
3047,0.0
3048,0.0
3049,0.0
3050,0.0
3051,0.0
3052,0.0
3053,0.0
3054,0.01909
3055,0.09033
3056,0.19701
3057,0.25532
3058,0.34117000000000003
3059,0.46747000000000005
3060,0.43024
3061,0.3609
3062,0.31398000000000004
3063,0.32861
3064,0.14352
3065,0.01576
3066,0.0
3067,0.0
3068,0.0
3069,0.0
3070,0.0
3071,0.0
3072,0.0
3073,0.0
3074,0.0
3075,0.0
3076,0.0
3077,0.0
3078,0.02115
3079,0.11194
3080,0.27682
3081,0.26126
3082,0.41157
3083,0.43042
3084,0.5619299999999999
3085,0.52178
3086,0.47001
3087,0.22819
3088,0.07063
3089,0.01486
3090,0.0
3091,0.0
3092,0.0
3093,0.0
3094,0.0
3095,0.0
3096,0.0
3097,0.0
3098,0.0
3099,0.0
3100,0.0
3101,0.0
3102,5e-05
3103,0.01038
3104,0.02643
3105,0.06593
3106,0.09286
3107,0.09366
3108,0.13694
3109,0.09589
3110,0.09691
3111,0.054700000000000006
3112,0.0112
3113,0.00377
3114,0.0
3115,0.0
3116,0.0
3117,0.0
3118,0.0
3119,0.0
3120,0.0
3121,0.0
3122,0.0
3123,0.0
3124,0.0
3125,0.0
3126,0.00197
3127,0.00733
3128,0.01216
3129,0.03662
3130,0.15247
3131,0.23287
3132,0.2881
3133,0.19676
3134,0.30036
3135,0.22319999999999998
3136,0.07845
3137,0.01043
3138,0.0
3139,0.0
3140,0.0
3141,0.0
3142,0.0
3143,0.0
3144,0.0
3145,0.0
3146,0.0
3147,0.0
3148,0.0
3149,0.0
3150,0.00491
3151,0.07748000000000001
3152,0.21052
3153,0.13481
3154,0.11853
3155,0.10814
3156,0.14662
3157,0.08165
3158,0.061700000000000005
3159,0.08943999999999999
3160,0.03731
3161,0.00165
3162,0.0
3163,0.0
3164,0.0
3165,0.0
3166,0.0
3167,0.0
3168,0.0
3169,0.0
3170,0.0
3171,0.0
3172,0.0
3173,0.0
3174,0.00304
3175,0.09545999999999999
3176,0.06817000000000001
3177,0.08315
3178,0.1979
3179,0.05103
3180,0.07536
3181,0.27751
3182,0.17327
3183,0.09251000000000001
3184,0.12521
3185,0.02101
3186,0.0
3187,0.0
3188,0.0
3189,0.0
3190,0.0
3191,0.0
3192,0.0
3193,0.0
3194,0.0
3195,0.0
3196,0.0
3197,0.0
3198,0.009550000000000001
3199,0.08151
3200,0.17176
3201,0.33814999999999995
3202,0.37916000000000005
3203,0.50026
3204,0.52307
3205,0.49611
3206,0.45192
3207,0.34211
3208,0.14903
3209,0.015519999999999999
3210,0.0
3211,0.0
3212,0.0
3213,0.0
3214,0.0
3215,0.0
3216,0.0
3217,0.0
3218,0.0
3219,0.0
3220,0.0
3221,0.0
3222,0.00942
3223,0.12932
3224,0.2523
3225,0.26371
3226,0.34296
3227,0.44295999999999996
3228,0.43278
3229,0.43074
3230,0.35062
3231,0.28076
3232,0.15713
3233,0.020649999999999998
3234,0.0
3235,0.0
3236,0.0
3237,0.0
3238,0.0
3239,0.0
3240,0.0
3241,0.0
3242,0.0
3243,0.0
3244,0.0
3245,0.0
3246,0.00817
3247,0.16944
3248,0.3393
3249,0.49004000000000003
3250,0.5949800000000001
3251,0.63648
3252,0.54925
3253,0.44597000000000003
3254,0.4096
3255,0.29446
3256,0.16368000000000002
3257,0.02398
3258,0.0
3259,0.0
3260,0.0
3261,0.0
3262,0.0
3263,0.0
3264,0.0
3265,0.0
3266,0.0
3267,0.0
3268,0.0
3269,0.0
3270,0.007019999999999999
3271,0.15028
3272,0.29564
3273,0.37711
3274,0.49443
3275,0.40886
3276,0.5426599999999999
3277,0.42484
3278,0.29046
3279,0.29855000000000004
3280,0.08725
3281,0.008369999999999999
3282,0.0
3283,0.0
3284,0.0
3285,0.0
3286,0.0
3287,0.0
3288,0.0
3289,0.0
3290,0.0
3291,0.0
3292,0.0
3293,0.0
3294,0.008119999999999999
3295,0.10886
3296,0.12896000000000002
3297,0.20925
3298,0.19551
3299,0.32499
3300,0.35186
3301,0.0927
3302,0.29386
3303,0.13413999999999998
3304,0.05354
3305,0.00831
3306,0.0
3307,0.0
3308,0.0
3309,0.0
3310,0.0
3311,0.0
3312,0.0
3313,0.0
3314,0.0
3315,0.0
3316,0.0
3317,0.0
3318,0.01104
3319,0.13029
3320,0.252
3321,0.36052
3322,0.50786
3323,0.47408
3324,0.49512
3325,0.5340499999999999
3326,0.47202
3327,0.29595
3328,0.14364
3329,0.00965
3330,0.0
3331,0.0
3332,0.0
3333,0.0
3334,0.0
3335,0.0
3336,0.0
3337,0.0
3338,0.0
3339,0.0
3340,0.0
3341,0.0
3342,0.00745
3343,0.10069
3344,0.16736
3345,0.21403999999999998
3346,0.383
3347,0.40914999999999996
3348,0.37962
3349,0.32627999999999996
3350,0.26491000000000003
3351,0.21106999999999998
3352,0.12940000000000002
3353,0.01825
3354,0.0
3355,0.0
3356,0.0
3357,0.0
3358,0.0
3359,0.0
3360,0.0
3361,0.0
3362,0.0
3363,0.0
3364,0.0
3365,0.0
3366,0.00874
3367,0.15647
3368,0.30456
3369,0.38597000000000004
3370,0.49193000000000003
3371,0.55241
3372,0.54595
3373,0.52787
3374,0.40793
3375,0.23832
3376,0.11004000000000001
3377,0.0182
3378,0.0
3379,0.0
3380,0.0
3381,0.0
3382,0.0
3383,0.0
3384,0.0
3385,0.0
3386,0.0
3387,0.0
3388,0.0
3389,0.0
3390,0.01859
3391,0.13552
3392,0.21405000000000002
3393,0.22034
3394,0.35452999999999996
3395,0.32454
3396,0.28382999999999997
3397,0.45108
3398,0.27588
3399,0.2616
3400,0.12056
3401,0.01401
3402,0.0
3403,0.0
3404,0.0
3405,0.0
3406,0.0
3407,0.0
3408,0.0
3409,0.0
3410,0.0
3411,0.0
3412,0.0
3413,0.0
3414,0.01566
3415,0.19044999999999998
3416,0.22905
3417,0.22995
3418,0.3336
3419,0.43026
3420,0.38336000000000003
3421,0.28995
3422,0.31289999999999996
3423,0.24908000000000002
3424,0.10948000000000001
3425,0.023530000000000002
3426,0.0
3427,0.0
3428,0.0
3429,0.0
3430,0.0
3431,0.0
3432,0.0
3433,0.0
3434,0.0
3435,0.0
3436,0.0
3437,0.0
3438,0.01184
3439,0.14828
3440,0.24459
3441,0.45016
3442,0.47505000000000003
3443,0.47518
3444,0.44107999999999997
3445,0.60257
3446,0.46885000000000004
3447,0.30276
3448,0.15787
3449,0.02096
3450,0.0
3451,0.0
3452,0.0
3453,0.0
3454,0.0
3455,0.0
3456,0.0
3457,0.0
3458,0.0
3459,0.0
3460,0.0
3461,0.0
3462,0.01025
3463,0.09247
3464,0.16863
3465,0.21087999999999998
3466,0.30237
3467,0.18289
3468,0.07021
3469,0.08291
3470,0.045630000000000004
3471,0.037149999999999996
3472,0.00508
3473,0.00135
3474,0.0
3475,0.0
3476,0.0
3477,0.0
3478,0.0
3479,0.0
3480,0.0
3481,0.0
3482,0.0
3483,0.0
3484,0.0
3485,0.0
3486,0.014539999999999999
3487,0.10149
3488,0.21367
3489,0.30989999999999995
3490,0.40011
3491,0.39976999999999996
3492,0.40642
3493,0.50939
3494,0.36119
3495,0.30046
3496,0.11191
3497,0.020239999999999998
3498,0.0
3499,0.0
3500,0.0
3501,0.0
3502,0.0
3503,0.0
3504,0.0
3505,0.0
3506,0.0
3507,0.0
3508,0.0
3509,0.0
3510,0.01253
3511,0.16544999999999999
3512,0.30868
3513,0.41725999999999996
3514,0.49410000000000004
3515,0.48677
3516,0.46214999999999995
3517,0.45649
3518,0.36325
3519,0.30942000000000003
3520,0.13998
3521,0.008
3522,0.0
3523,0.0
3524,0.0
3525,0.0
3526,0.0
3527,0.0
3528,0.0
3529,0.0
3530,0.0
3531,0.0
3532,0.0
3533,0.0
3534,0.01453
3535,0.11891
3536,0.2429
3537,0.31551
3538,0.48742
3539,0.51887
3540,0.59447
3541,0.47148
3542,0.34697
3543,0.18503999999999998
3544,0.09856000000000001
3545,0.02198
3546,0.0
3547,0.0
3548,0.0
3549,0.0
3550,0.0
3551,0.0
3552,0.0
3553,0.0
3554,0.0
3555,0.0
3556,0.0
3557,0.0
3558,0.01339
3559,0.18053
3560,0.31527
3561,0.48344
3562,0.4778
3563,0.60825
3564,0.50381
3565,0.5181399999999999
3566,0.34255
3567,0.22205000000000003
3568,0.13485
3569,0.01291
3570,0.0
3571,0.0
3572,0.0
3573,0.0
3574,0.0
3575,0.0
3576,0.0
3577,0.0
3578,0.0
3579,0.0
3580,0.0
3581,0.0
3582,0.00726
3583,0.12231
3584,0.14657
3585,0.32143
3586,0.32594999999999996
3587,0.27151
3588,0.42907
3589,0.5094
3590,0.41452999999999995
3591,0.31785
3592,0.16709000000000002
3593,0.02163
3594,0.0
3595,0.0
3596,0.0
3597,0.0
3598,0.0
3599,0.0
3600,0.0
3601,0.0
3602,0.0
3603,0.0
3604,0.0
3605,0.0
3606,0.00595
3607,0.04004
3608,0.20049
3609,0.19044
3610,0.29113
3611,0.34357
3612,0.13863
3613,0.13906
3614,0.11488
3615,0.213
3616,0.11462
3617,0.0166
3618,0.0
3619,0.0
3620,0.0
3621,0.0
3622,0.0
3623,0.0
3624,0.0
3625,0.0
3626,0.0
3627,0.0
3628,0.0
3629,0.0
3630,0.00741
3631,0.09369
3632,0.24269
3633,0.30375
3634,0.32364
3635,0.36769999999999997
3636,0.4646
3637,0.57269
3638,0.47670999999999997
3639,0.30356
3640,0.17614
3641,0.016579999999999998
3642,0.0
3643,0.0
3644,0.0
3645,0.0
3646,0.0
3647,0.0
3648,0.0
3649,0.0
3650,0.0
3651,0.0
3652,0.0
3653,0.0
3654,0.014060000000000001
3655,0.12147
3656,0.25276
3657,0.29662
3658,0.40082999999999996
3659,0.44989999999999997
3660,0.48523
3661,0.43521
3662,0.34469
3663,0.20851
3664,0.09436
3665,0.01902
3666,0.0
3667,0.0
3668,0.0
3669,0.0
3670,0.0
3671,0.0
3672,0.0
3673,0.0
3674,0.0
3675,0.0
3676,0.0
3677,0.0
3678,0.01457
3679,0.1421
3680,0.26794
3681,0.38481
3682,0.39199
3683,0.50278
3684,0.55363
3685,0.53859
3686,0.44143
3687,0.21832
3688,0.13819
3689,0.015550000000000001
3690,0.0
3691,0.0
3692,0.0
3693,0.0
3694,0.0
3695,0.0
3696,0.0
3697,0.0
3698,0.0
3699,0.0
3700,0.0
3701,0.0
3702,0.0055
3703,0.06656000000000001
3704,0.20708000000000001
3705,0.32506999999999997
3706,0.26633999999999997
3707,0.3449
3708,0.2329
3709,0.26285000000000003
3710,0.16459000000000001
3711,0.07848999999999999
3712,0.07196
3713,0.00839
3714,0.0
3715,0.0
3716,0.0
3717,0.0
3718,0.0
3719,0.0
3720,0.0
3721,0.0
3722,0.0
3723,0.0
3724,0.0
3725,0.0
3726,0.00654
3727,0.11882
3728,0.13519
3729,0.20911000000000002
3730,0.30082
3731,0.29384
3732,0.28051
3733,0.26333999999999996
3734,0.18066
3735,0.22506
3736,0.14717
3737,0.01762
3738,0.0
3739,0.0
3740,0.0
3741,0.0
3742,0.0
3743,0.0
3744,0.0
3745,0.0
3746,0.0
3747,0.0
3748,0.0
3749,0.0
3750,0.00382
3751,0.06091
3752,0.06423000000000001
3753,0.0496
3754,0.04172
3755,0.061439999999999995
3756,0.07714
3757,0.03597
3758,0.06753
3759,0.03494
3760,0.01414
3761,0.0035499999999999998
3762,0.0
3763,0.0
3764,0.0
3765,0.0
3766,0.0
3767,0.0
3768,0.0
3769,0.0
3770,0.0
3771,0.0
3772,0.0
3773,0.0
3774,0.01145
3775,0.07178
3776,0.24644
3777,0.37136
3778,0.436
3779,0.45127999999999996
3780,0.42155000000000004
3781,0.45857
3782,0.39091000000000004
3783,0.32500999999999997
3784,0.12763
3785,0.01086
3786,0.0
3787,0.0
3788,0.0
3789,0.0
3790,0.0
3791,0.0
3792,0.0
3793,0.0
3794,0.0
3795,0.0
3796,0.0
3797,0.0
3798,0.01026
3799,0.14686000000000002
3800,0.2751
3801,0.32193
3802,0.39241000000000004
3803,0.55747
3804,0.4602
3805,0.45554
3806,0.33913
3807,0.26375
3808,0.14981
3809,0.01776
3810,0.0
3811,0.0
3812,0.0
3813,0.0
3814,0.0
3815,0.0
3816,0.0
3817,0.0
3818,0.0
3819,0.0
3820,0.0
3821,0.0
3822,0.01057
3823,0.15231999999999998
3824,0.30868
3825,0.47142
3826,0.50683
3827,0.50859
3828,0.5869800000000001
3829,0.5210499999999999
3830,0.39826
3831,0.35619
3832,0.20372
3833,0.01358
3834,0.0
3835,0.0
3836,0.0
3837,0.0
3838,0.0
3839,0.0
3840,0.0
3841,0.0
3842,0.0
3843,0.0
3844,0.0
3845,0.0
3846,0.01044
3847,0.14543
3848,0.28222
3849,0.43985
3850,0.48702999999999996
3851,0.61712
3852,0.5511
3853,0.59363
3854,0.48758999999999997
3855,0.35869
3856,0.17042
3857,0.01291
3858,0.0
3859,0.0
3860,0.0
3861,0.0
3862,0.0
3863,0.0
3864,0.0
3865,0.0
3866,0.0
3867,0.0
3868,0.0
3869,0.0
3870,0.010369999999999999
3871,0.10696
3872,0.20337
3873,0.22971
3874,0.27724
3875,0.21806999999999999
3876,0.28895
3877,0.40891000000000005
3878,0.36071
3879,0.1866
3880,0.10751000000000001
3881,0.015009999999999999
3882,0.0
3883,0.0
3884,0.0
3885,0.0
3886,0.0
3887,0.0
3888,0.0
3889,0.0
3890,0.0
3891,0.0
3892,0.0
3893,0.0
3894,0.005809999999999999
3895,0.04926
3896,0.07409
3897,0.2703
3898,0.28791
3899,0.42154
3900,0.37577999999999995
3901,0.28199
3902,0.20348
3903,0.17364
3904,0.0979
3905,0.02097
3906,0.0
3907,0.0
3908,0.0
3909,0.0
3910,0.0
3911,0.0
3912,0.0
3913,0.0
3914,0.0
3915,0.0
3916,0.0
3917,0.0
3918,0.00679
3919,0.11672
3920,0.16987
3921,0.3185
3922,0.39536
3923,0.36465
3924,0.51069
3925,0.46775
3926,0.40408999999999995
3927,0.21956
3928,0.12201999999999999
3929,0.0152
3930,0.0
3931,0.0
3932,0.0
3933,0.0
3934,0.0
3935,0.0
3936,0.0
3937,0.0
3938,0.0
3939,0.0
3940,0.0
3941,0.0
3942,0.00346
3943,0.06806999999999999
3944,0.1157
3945,0.25639
3946,0.26900999999999997
3947,0.32117
3948,0.43360000000000004
3949,0.28052999999999995
3950,0.28832
3951,0.25875
3952,0.13308
3953,0.01133
3954,0.0
3955,0.0
3956,0.0
3957,0.0
3958,0.0
3959,0.0
3960,0.0
3961,0.0
3962,0.0
3963,0.0
3964,0.0
3965,0.0
3966,0.0066500000000000005
3967,0.12484
3968,0.25223
3969,0.2542
3970,0.42567
3971,0.51007
3972,0.48436
3973,0.5198400000000001
3974,0.38742000000000004
3975,0.34981
3976,0.17551
3977,0.02485
3978,0.0
3979,0.0
3980,0.0
3981,0.0
3982,0.0
3983,0.0
3984,0.0
3985,0.0
3986,0.0
3987,0.0
3988,0.0
3989,0.0
3990,0.00108
3991,0.02969
3992,0.04519
3993,0.124
3994,0.08512
3995,0.18697
3996,0.20525
3997,0.13561
3998,0.03791
3999,0.10176
4000,0.04624
4001,0.00864
4002,0.0
4003,0.0
4004,0.0
4005,0.0
4006,0.0
4007,0.0
4008,0.0
4009,0.0
4010,0.0
4011,0.0
4012,0.0
4013,0.0
4014,0.009800000000000001
4015,0.12079000000000001
4016,0.16658
4017,0.19879
4018,0.21916999999999998
4019,0.33763
4020,0.53847
4021,0.5395599999999999
4022,0.41585
4023,0.33109
4024,0.17341
4025,0.01035
4026,0.0
4027,0.0
4028,0.0
4029,0.0
4030,0.0
4031,0.0
4032,0.0
4033,0.0
4034,0.0
4035,0.0
4036,0.0
4037,0.0
4038,0.00645
4039,0.13137000000000001
4040,0.20824
4041,0.31983
4042,0.31686000000000003
4043,0.48375
4044,0.50812
4045,0.48302
4046,0.38922
4047,0.28118
4048,0.16986
4049,0.01678
4050,0.0
4051,0.0
4052,0.0
4053,0.0
4054,0.0
4055,0.0
4056,0.0
4057,0.0
4058,0.0
4059,0.0
4060,0.0
4061,0.0
4062,0.00398
4063,0.08184000000000001
4064,0.09279000000000001
4065,0.11556
4066,0.14276
4067,0.22212
4068,0.25078
4069,0.10179
4070,0.0719
4071,0.062299999999999994
4072,0.0444
4073,0.0033
4074,0.0
4075,0.0
4076,0.0
4077,0.0
4078,0.0
4079,0.0
4080,0.0
4081,0.0
4082,0.0
4083,0.0
4084,0.0
4085,0.0
4086,0.0029
4087,0.05051
4088,0.09815
4089,0.30947
4090,0.36931
4091,0.38605
4092,0.48081
4093,0.41036
4094,0.30507999999999996
4095,0.30667
4096,0.17307
4097,0.01259
4098,0.0
4099,0.0
4100,0.0
4101,0.0
4102,0.0
4103,0.0
4104,0.0
4105,0.0
4106,0.0
4107,0.0
4108,0.0
4109,0.0
4110,0.00055
4111,0.0492
4112,0.0844
4113,0.15014
4114,0.16902
4115,0.32656999999999997
4116,0.31045999999999996
4117,0.45893
4118,0.36828
4119,0.3319
4120,0.1187
4121,0.01159
4122,0.0
4123,0.0
4124,0.0
4125,0.0
4126,0.0
4127,0.0
4128,0.0
4129,0.0
4130,0.0
4131,0.0
4132,0.0
4133,0.0
4134,0.00046
4135,0.025589999999999998
4136,0.06753
4137,0.1472
4138,0.15549000000000002
4139,0.14024
4140,0.25786000000000003
4141,0.22831
4142,0.13595
4143,0.06998
4144,0.019960000000000002
4145,0.00445
4146,0.0
4147,0.0
4148,0.0
4149,0.0
4150,0.0
4151,0.0
4152,0.0
4153,0.0
4154,0.0
4155,0.0
4156,0.0
4157,0.0
4158,0.00228
4159,0.019370000000000002
4160,0.08805
4161,0.14177
4162,0.27911
4163,0.33351
4164,0.24627000000000002
4165,0.31739999999999996
4166,0.19829
4167,0.11475
4168,0.054
4169,0.01611
4170,0.0
4171,0.0
4172,0.0
4173,0.0
4174,0.0
4175,0.0
4176,0.0
4177,0.0
4178,0.0
4179,0.0
4180,0.0
4181,0.0
4182,0.00287
4183,0.09379000000000001
4184,0.15356999999999998
4185,0.24661000000000002
4186,0.31463
4187,0.29844
4188,0.39362
4189,0.44998
4190,0.39109
4191,0.25475
4192,0.1356
4193,0.016649999999999998
4194,0.0
4195,0.0
4196,0.0
4197,0.0
4198,0.0
4199,0.0
4200,0.0
4201,0.0
4202,0.0
4203,0.0
4204,0.0
4205,0.0
4206,0.0
4207,0.0156
4208,0.15197999999999998
4209,0.04389
4210,0.05864
4211,0.05195
4212,0.030359999999999998
4213,0.03053
4214,0.08338
4215,0.0625
4216,0.03547
4217,0.00543
4218,0.0
4219,0.0
4220,0.0
4221,0.0
4222,0.0
4223,0.0
4224,0.0
4225,0.0
4226,0.0
4227,0.0
4228,0.0
4229,0.0
4230,0.00275
4231,0.023739999999999997
4232,0.07954
4233,0.08445
4234,0.1185
4235,0.12954
4236,0.05054
4237,0.1849
4238,0.15262
4239,0.2712
4240,0.13182
4241,0.02984
4242,0.0
4243,0.0
4244,0.0
4245,0.0
4246,0.0
4247,0.0
4248,0.0
4249,0.0
4250,0.0
4251,0.0
4252,0.0
4253,0.0
4254,0.00103
4255,0.02196
4256,0.031760000000000004
4257,0.07945
4258,0.14147
4259,0.12057
4260,0.1665
4261,0.18994
4262,0.12323999999999999
4263,0.039810000000000005
4264,0.04366
4265,0.007940000000000001
4266,0.0
4267,0.0
4268,0.0
4269,0.0
4270,0.0
4271,0.0
4272,0.0
4273,0.0
4274,0.0
4275,0.0
4276,0.0
4277,0.0
4278,0.004059999999999999
4279,0.03841
4280,0.1075
4281,0.21159999999999998
4282,0.25756999999999997
4283,0.21277000000000001
4284,0.42985
4285,0.51186
4286,0.37110000000000004
4287,0.1571
4288,0.061630000000000004
4289,0.01193
4290,0.0
4291,0.0
4292,0.0
4293,0.0
4294,0.0
4295,0.0
4296,0.0
4297,0.0
4298,0.0
4299,0.0
4300,0.0
4301,0.0
4302,0.00035
4303,0.01703
4304,0.05194
4305,0.06712
4306,0.06341
4307,0.17013
4308,0.13661
4309,0.15274000000000001
4310,0.09036
4311,0.041299999999999996
4312,0.02686
4313,0.01337
4314,0.0
4315,0.0
4316,0.0
4317,0.0
4318,0.0
4319,0.0
4320,0.0
4321,0.0
4322,0.0
4323,0.0
4324,0.0
4325,0.0
4326,0.00275
4327,0.027710000000000002
4328,0.06477
4329,0.13944
4330,0.24453
4331,0.31924
4332,0.26204
4333,0.15725
4334,0.07535
4335,0.03499
4336,0.03886
4337,0.00517
4338,0.0
4339,0.0
4340,0.0
4341,0.0
4342,0.0
4343,0.0
4344,0.0
4345,0.0
4346,0.0
4347,0.0
4348,0.0
4349,0.0
4350,0.0049299999999999995
4351,0.071
4352,0.14411000000000002
4353,0.26067
4354,0.38332
4355,0.25461
4356,0.18965
4357,0.21484999999999999
4358,0.06495999999999999
4359,0.08381999999999999
4360,0.04711
4361,0.0162
4362,0.0
4363,0.0
4364,0.0
4365,0.0
4366,0.0
4367,0.0
4368,0.0
4369,0.0
4370,0.0
4371,0.0
4372,0.0
4373,0.0
4374,0.00479
4375,0.06057
4376,0.09779
4377,0.20727
4378,0.15341
4379,0.17379
4380,0.16616999999999998
4381,0.04036
4382,0.04365
4383,0.06831
4384,0.03333
4385,0.01952
4386,0.0
4387,0.0
4388,0.0
4389,0.0
4390,0.0
4391,0.0
4392,0.0
4393,0.0
4394,0.0
4395,0.0
4396,0.0
4397,0.0
4398,0.0024
4399,0.07229000000000001
4400,0.17392
4401,0.30707999999999996
4402,0.28228
4403,0.28868
4404,0.19749
4405,0.26669
4406,0.10672
4407,0.17172
4408,0.08904999999999999
4409,0.02743
4410,0.0
4411,0.0
4412,0.0
4413,0.0
4414,0.0
4415,0.0
4416,0.0
4417,0.0
4418,0.0
4419,0.0
4420,0.0
4421,0.0
4422,0.00562
4423,0.06565
4424,0.18911
4425,0.18319
4426,0.38042000000000004
4427,0.56802
4428,0.54149
4429,0.60978
4430,0.45843
4431,0.35287
4432,0.20787
4433,0.0368
4434,0.0
4435,0.0
4436,0.0
4437,0.0
4438,0.0
4439,0.0
4440,0.0
4441,0.0
4442,0.0
4443,0.0
4444,0.0
4445,0.0
4446,0.00395
4447,0.12727
4448,0.26864
4449,0.39581
4450,0.43867
4451,0.51216
4452,0.5580499999999999
4453,0.48723
4454,0.46781
4455,0.36551999999999996
4456,0.19068000000000002
4457,0.0368
4458,0.0
4459,0.0
4460,0.0
4461,0.0
4462,0.0
4463,0.0
4464,0.0
4465,0.0
4466,0.0
4467,0.0
4468,0.0
4469,0.0
4470,0.00697
4471,0.16041
4472,0.23453
4473,0.34095
4474,0.28043
4475,0.49411
4476,0.59817
4477,0.5458200000000001
4478,0.47725
4479,0.35960000000000003
4480,0.18587
4481,0.04175
4482,0.0
4483,0.0
4484,0.0
4485,0.0
4486,0.0
4487,0.0
4488,0.0
4489,0.0
4490,0.0
4491,0.0
4492,0.0
4493,0.0
4494,0.00432
4495,0.14862999999999998
4496,0.29118
4497,0.41004
4498,0.45582999999999996
4499,0.50352
4500,0.55572
4501,0.5167
4502,0.46094
4503,0.38356
4504,0.19681
4505,0.03691
4506,0.0
4507,0.0
4508,0.0
4509,0.0
4510,0.0
4511,0.0
4512,0.0
4513,0.0
4514,0.0
4515,0.0
4516,0.0
4517,0.0
4518,0.00443
4519,0.05611
4520,0.09197
4521,0.17895
4522,0.16427
4523,0.18972
4524,0.30976
4525,0.30189
4526,0.37312
4527,0.23225
4528,0.09483
4529,0.023579999999999997
4530,0.0
4531,0.0
4532,0.0
4533,0.0
4534,0.0
4535,0.0
4536,0.0
4537,0.0
4538,0.0
4539,0.0
4540,0.0
4541,0.0
4542,0.007
4543,0.10626999999999999
4544,0.17802
4545,0.23986000000000002
4546,0.31933
4547,0.32914
4548,0.38247000000000003
4549,0.12608
4550,0.07377
4551,0.08685999999999999
4552,0.10059
4553,0.03138
4554,0.0
4555,0.0
4556,0.0
4557,0.0
4558,0.0
4559,0.0
4560,0.0
4561,0.0
4562,0.0
4563,0.0
4564,0.0
4565,0.0
4566,0.00417
4567,0.10013
4568,0.2251
4569,0.30623
4570,0.47987
4571,0.55951
4572,0.57786
4573,0.51125
4574,0.44714
4575,0.31723
4576,0.17343
4577,0.03633
4578,0.0
4579,0.0
4580,0.0
4581,0.0
4582,0.0
4583,0.0
4584,0.0
4585,0.0
4586,0.0
4587,0.0
4588,0.0
4589,0.0
4590,0.0022400000000000002
4591,0.10754999999999999
4592,0.14701
4593,0.35947
4594,0.31623
4595,0.47401
4596,0.5436
4597,0.38077
4598,0.44183999999999996
4599,0.28379000000000004
4600,0.15494999999999998
4601,0.03712
4602,0.0
4603,0.0
4604,0.0
4605,0.0
4606,0.0
4607,0.0
4608,0.0
4609,0.0
4610,0.0
4611,0.0
4612,0.0
4613,0.0
4614,0.00543
4615,0.11081
4616,0.12475
4617,0.17511000000000002
4618,0.21887
4619,0.25118
4620,0.12312000000000001
4621,0.47284
4622,0.42746
4623,0.30771
4624,0.17463
4625,0.040420000000000005
4626,0.0
4627,0.0
4628,0.0
4629,0.0
4630,0.0
4631,0.0
4632,0.0
4633,0.0
4634,0.0
4635,0.0
4636,0.0
4637,0.0
4638,0.00478
4639,0.07912999999999999
4640,0.16032
4641,0.27285000000000004
4642,0.3947
4643,0.46973000000000004
4644,0.49086
4645,0.38936000000000004
4646,0.42654000000000003
4647,0.27934
4648,0.17029
4649,0.047549999999999995
4650,0.0
4651,0.0
4652,0.0
4653,0.0
4654,0.0
4655,0.0
4656,0.0
4657,0.0
4658,0.0
4659,0.0
4660,0.0
4661,0.0
4662,0.00514
4663,0.06420999999999999
4664,0.08734
4665,0.11846
4666,0.14246999999999999
4667,0.34722000000000003
4668,0.4015
4669,0.44104000000000004
4670,0.43054000000000003
4671,0.32382
4672,0.16181
4673,0.03847
4674,0.0
4675,0.0
4676,0.0
4677,0.0
4678,0.0
4679,0.0
4680,0.0
4681,0.0
4682,0.0
4683,0.0
4684,0.0
4685,0.0
4686,0.00304
4687,0.08058
4688,0.12190999999999999
4689,0.14382
4690,0.31001999999999996
4691,0.41487999999999997
4692,0.29316000000000003
4693,0.21178999999999998
4694,0.30539
4695,0.25434
4696,0.16207
4697,0.04571
4698,0.0
4699,0.0
4700,0.0
4701,0.0
4702,0.0
4703,0.0
4704,0.0
4705,0.0
4706,0.0
4707,0.0
4708,0.0
4709,0.0
4710,0.00692
4711,0.14337
4712,0.30971
4713,0.38216
4714,0.56656
4715,0.6070599999999999
4716,0.6416799999999999
4717,0.48923
4718,0.43277
4719,0.29039
4720,0.19379
4721,0.041909999999999996
4722,0.0
4723,0.0
4724,0.0
4725,0.0
4726,0.0
4727,0.0
4728,0.0
4729,0.0
4730,0.0
4731,0.0
4732,0.0
4733,0.0
4734,0.00708
4735,0.12859
4736,0.28482999999999997
4737,0.4164
4738,0.55477
4739,0.64803
4740,0.64058
4741,0.61801
4742,0.51079
4743,0.37483
4744,0.19498
4745,0.04549
4746,0.0
4747,0.0
4748,0.0
4749,0.0
4750,0.0
4751,0.0
4752,0.0
4753,0.0
4754,0.0
4755,0.0
4756,0.0
4757,0.0
4758,0.00718
4759,0.14316
4760,0.33503
4761,0.47352
4762,0.49993
4763,0.63319
4764,0.6227999999999999
4765,0.49545
4766,0.44289
4767,0.36701
4768,0.21108000000000002
4769,0.04253
4770,0.0
4771,0.0
4772,0.0
4773,0.0
4774,0.0
4775,0.0
4776,0.0
4777,0.0
4778,0.0
4779,0.0
4780,0.0
4781,0.0
4782,0.00528
4783,0.13665
4784,0.32412
4785,0.47343999999999997
4786,0.54215
4787,0.62706
4788,0.62338
4789,0.5654600000000001
4790,0.45255
4791,0.33541000000000004
4792,0.20686000000000002
4793,0.04945
4794,0.0
4795,0.0
4796,0.0
4797,0.0
4798,0.0
4799,0.0
4800,0.0
4801,0.0
4802,0.0
4803,0.0
4804,0.0
4805,0.0
4806,0.009970000000000001
4807,0.14755000000000001
4808,0.25117
4809,0.35992
4810,0.46545
4811,0.60849
4812,0.5780299999999999
4813,0.48497
4814,0.48707999999999996
4815,0.37336
4816,0.17493
4817,0.04236
4818,0.0
4819,0.0
4820,0.0
4821,0.0
4822,0.0
4823,0.0
4824,0.0
4825,0.0
4826,0.0
4827,0.0
4828,0.0
4829,0.0
4830,0.00496
4831,0.10549
4832,0.25056
4833,0.41635
4834,0.48649000000000003
4835,0.54155
4836,0.54047
4837,0.61264
4838,0.50678
4839,0.38331
4840,0.16457
4841,0.04183
4842,0.0
4843,0.0
4844,0.0
4845,0.0
4846,0.0
4847,0.0
4848,0.0
4849,0.0
4850,0.0
4851,0.0
4852,0.0
4853,0.0
4854,0.0076500000000000005
4855,0.16018000000000002
4856,0.34673000000000004
4857,0.48768
4858,0.5650299999999999
4859,0.63213
4860,0.62176
4861,0.55886
4862,0.46481
4863,0.36913999999999997
4864,0.19796
4865,0.04077
4866,0.0
4867,0.0
4868,0.0
4869,0.0
4870,0.0
4871,0.0
4872,0.0
4873,0.0
4874,0.0
4875,0.0
4876,0.0
4877,0.0
4878,0.00984
4879,0.12361
4880,0.26969
4881,0.44981
4882,0.56141
4883,0.60637
4884,0.52667
4885,0.5095
4886,0.44549
4887,0.27293
4888,0.134
4889,0.03359
4890,0.0
4891,0.0
4892,0.0
4893,0.0
4894,0.0
4895,0.0
4896,0.0
4897,0.0
4898,0.0
4899,0.0
4900,0.0
4901,0.0
4902,0.006889999999999999
4903,0.14504
4904,0.28585000000000005
4905,0.47095
4906,0.53704
4907,0.62652
4908,0.61514
4909,0.59948
4910,0.50422
4911,0.33766
4912,0.11615
4913,0.032380000000000006
4914,0.0
4915,0.0
4916,0.0
4917,0.0
4918,0.0
4919,0.0
4920,0.0
4921,0.0
4922,0.0
4923,0.0
4924,0.0
4925,0.0
4926,0.008539999999999999
4927,0.10119
4928,0.22091999999999998
4929,0.27552
4930,0.35258
4931,0.54479
4932,0.58982
4933,0.549
4934,0.51474
4935,0.26781
4936,0.15833000000000003
4937,0.04086
4938,0.0
4939,0.0
4940,0.0
4941,0.0
4942,0.0
4943,0.0
4944,0.0
4945,0.0
4946,0.0
4947,0.0
4948,0.0
4949,0.0
4950,0.01055
4951,0.10512
4952,0.24630000000000002
4953,0.32417
4954,0.4027
4955,0.44171
4956,0.34035000000000004
4957,0.30239
4958,0.29748
4959,0.28452
4960,0.12434
4961,0.02487
4962,0.0
4963,0.0
4964,0.0
4965,0.0
4966,0.0
4967,0.0
4968,0.0
4969,0.0
4970,0.0
4971,0.0
4972,0.0
4973,0.0
4974,0.00429
4975,0.05845
4976,0.18878
4977,0.1918
4978,0.12648
4979,0.11095000000000001
4980,0.23384
4981,0.18472
4982,0.1418
4983,0.15139
4984,0.08387
4985,0.016210000000000002
4986,0.0
4987,0.0
4988,0.0
4989,0.0
4990,0.0
4991,0.0
4992,0.0
4993,0.0
4994,0.0
4995,0.0
4996,0.0
4997,0.0
4998,0.00561
4999,0.10692
5000,0.29364999999999997
5001,0.42660000000000003
5002,0.5398999999999999
5003,0.57
5004,0.56232
5005,0.5302100000000001
5006,0.45558
5007,0.30095
5008,0.18852000000000002
5009,0.03547
5010,0.0
5011,0.0
5012,0.0
5013,0.0
5014,0.0
5015,0.0
5016,0.0
5017,0.0
5018,0.0
5019,0.0
5020,0.0
5021,0.0
5022,0.00546
5023,0.09804
5024,0.2085
5025,0.31738
5026,0.37572000000000005
5027,0.41699
5028,0.43574
5029,0.52412
5030,0.44239
5031,0.32836000000000004
5032,0.17703
5033,0.045520000000000005
5034,0.0
5035,0.0
5036,0.0
5037,0.0
5038,0.0
5039,0.0
5040,0.0
5041,0.0
5042,0.0
5043,0.0
5044,0.0
5045,0.0
5046,0.00609
5047,0.13356
5048,0.3332
5049,0.48321
5050,0.6195900000000001
5051,0.6550499999999999
5052,0.6396900000000001
5053,0.58928
5054,0.40332999999999997
5055,0.34592
5056,0.19063
5057,0.047200000000000006
5058,0.0
5059,0.0
5060,0.0
5061,0.0
5062,0.0
5063,0.0
5064,0.0
5065,0.0
5066,0.0
5067,0.0
5068,0.0
5069,0.0
5070,0.00624
5071,0.09276000000000001
5072,0.19674
5073,0.39203
5074,0.45264
5075,0.47868
5076,0.5152
5077,0.57648
5078,0.5180499999999999
5079,0.28139
5080,0.1689
5081,0.04593
5082,0.0
5083,0.0
5084,0.0
5085,0.0
5086,0.0
5087,0.0
5088,0.0
5089,0.0
5090,0.0
5091,0.0
5092,0.0
5093,0.0
5094,0.0067800000000000004
5095,0.15200999999999998
5096,0.3167
5097,0.42711
5098,0.50786
5099,0.48174
5100,0.57817
5101,0.54623
5102,0.49932
5103,0.34883
5104,0.21136000000000002
5105,0.047450000000000006
5106,0.0
5107,0.0
5108,0.0
5109,0.0
5110,0.0
5111,0.0
5112,0.0
5113,0.0
5114,0.0
5115,0.0
5116,0.0
5117,0.0
5118,0.00352
5119,0.10694
5120,0.24021
5121,0.19566
5122,0.17393
5123,0.45861
5124,0.49962
5125,0.47143
5126,0.44744
5127,0.32938
5128,0.17737999999999998
5129,0.04796
5130,0.0
5131,0.0
5132,0.0
5133,0.0
5134,0.0
5135,0.0
5136,0.0
5137,0.0
5138,0.0
5139,0.0
5140,0.0
5141,0.0
5142,0.0043
5143,0.055299999999999995
5144,0.16359
5145,0.29004
5146,0.36269
5147,0.33525
5148,0.25643
5149,0.17959
5150,0.20992
5151,0.22453
5152,0.09719
5153,0.03574
5154,0.0
5155,0.0
5156,0.0
5157,0.0
5158,0.0
5159,0.0
5160,0.0
5161,0.0
5162,0.0
5163,0.0
5164,0.0
5165,0.0
5166,0.0076500000000000005
5167,0.08813
5168,0.21833000000000002
5169,0.2403
5170,0.28096
5171,0.29835
5172,0.5187200000000001
5173,0.24112999999999998
5174,0.13738999999999998
5175,0.15103999999999998
5176,0.053829999999999996
5177,0.013710000000000002
5178,0.0
5179,0.0
5180,0.0
5181,0.0
5182,0.0
5183,0.0
5184,0.0
5185,0.0
5186,0.0
5187,0.0
5188,0.0
5189,0.0
5190,0.00713
5191,0.088
5192,0.16336
5193,0.32689
5194,0.38383
5195,0.45775
5196,0.49885
5197,0.41478
5198,0.34520999999999996
5199,0.21906
5200,0.138
5201,0.04136
5202,0.0
5203,0.0
5204,0.0
5205,0.0
5206,0.0
5207,0.0
5208,0.0
5209,0.0
5210,0.0
5211,0.0
5212,0.0
5213,0.0
5214,0.00958
5215,0.15239
5216,0.33343
5217,0.48514999999999997
5218,0.5306799999999999
5219,0.60676
5220,0.65263
5221,0.6097899999999999
5222,0.43381000000000003
5223,0.36288
5224,0.18396
5225,0.04531
5226,0.0
5227,0.0
5228,0.0
5229,0.0
5230,0.0
5231,0.0
5232,0.0
5233,0.0
5234,0.0
5235,0.0
5236,0.0
5237,0.0
5238,0.009890000000000001
5239,0.14106
5240,0.22393000000000002
5241,0.4061
5242,0.32606999999999997
5243,0.45735000000000003
5244,0.40393
5245,0.46216
5246,0.4163
5247,0.20186
5248,0.114
5249,0.04461
5250,0.0
5251,0.0
5252,0.0
5253,0.0
5254,0.0
5255,0.0
5256,0.0
5257,0.0
5258,0.0
5259,0.0
5260,0.0
5261,0.0
5262,0.0046
5263,0.1015
5264,0.22628
5265,0.37333
5266,0.5768300000000001
5267,0.6473
5268,0.5289299999999999
5269,0.30539
5270,0.23499
5271,0.27543
5272,0.20001
5273,0.03547
5274,0.0
5275,0.0
5276,0.0
5277,0.0
5278,0.0
5279,0.0
5280,0.0
5281,0.0
5282,0.0
5283,0.0
5284,0.0
5285,0.0
5286,0.00619
5287,0.11456000000000001
5288,0.25780000000000003
5289,0.38365
5290,0.4741
5291,0.498
5292,0.43901
5293,0.53135
5294,0.42644
5295,0.29024
5296,0.11603
5297,0.03149
5298,0.0
5299,0.0
5300,0.0
5301,0.0
5302,0.0
5303,0.0
5304,0.0
5305,0.0
5306,0.0
5307,0.0
5308,0.0
5309,0.0
5310,0.0068200000000000005
5311,0.15002000000000001
5312,0.32108
5313,0.47072
5314,0.56091
5315,0.53232
5316,0.67306
5317,0.62158
5318,0.52759
5319,0.34344
5320,0.18294
5321,0.04414
5322,0.0
5323,0.0
5324,0.0
5325,0.0
5326,0.0
5327,0.0
5328,0.0
5329,0.0
5330,0.0
5331,0.0
5332,0.0
5333,0.0
5334,0.00475
5335,0.09194
5336,0.22488
5337,0.29838
5338,0.38695999999999997
5339,0.51115
5340,0.32836000000000004
5341,0.34508
5342,0.455
5343,0.34025
5344,0.21087999999999998
5345,0.04099
5346,0.0
5347,0.0
5348,0.0
5349,0.0
5350,0.0
5351,0.0
5352,0.0
5353,0.0
5354,0.0
5355,0.0
5356,0.0
5357,0.0
5358,0.00263
5359,0.09742
5360,0.06955
5361,0.23675
5362,0.36231
5363,0.47295
5364,0.37006
5365,0.51178
5366,0.38844
5367,0.29875999999999997
5368,0.17414
5369,0.04486
5370,0.0
5371,0.0
5372,0.0
5373,0.0
5374,0.0
5375,0.0
5376,0.0
5377,0.0
5378,0.0
5379,0.0
5380,0.0
5381,0.0
5382,0.00752
5383,0.14462
5384,0.32404
5385,0.45566
5386,0.5226799999999999
5387,0.6065900000000001
5388,0.6133500000000001
5389,0.59269
5390,0.44515
5391,0.39230000000000004
5392,0.22875
5393,0.02639
5394,0.0
5395,0.0
5396,0.0
5397,0.0
5398,0.0
5399,0.0
5400,0.0
5401,0.0
5402,0.0
5403,0.0
5404,0.0
5405,0.0
5406,0.008490000000000001
5407,0.14604
5408,0.29396
5409,0.49824
5410,0.52903
5411,0.5909500000000001
5412,0.63678
5413,0.59216
5414,0.55438
5415,0.31483
5416,0.20206
5417,0.02169
5418,0.0
5419,0.0
5420,0.0
5421,0.0
5422,0.0
5423,0.0
5424,0.0
5425,0.0
5426,0.0
5427,0.0
5428,0.0
5429,0.0
5430,0.00618
5431,0.18596000000000001
5432,0.37251
5433,0.50219
5434,0.6157999999999999
5435,0.6656799999999999
5436,0.629
5437,0.58048
5438,0.50224
5439,0.30185
5440,0.11334000000000001
5441,0.03431
5442,0.0
5443,0.0
5444,0.0
5445,0.0
5446,0.0
5447,0.0
5448,0.0
5449,0.0
5450,0.0
5451,0.0
5452,0.0
5453,0.0
5454,0.008400000000000001
5455,0.09247
5456,0.11886
5457,0.34258999999999995
5458,0.36716000000000004
5459,0.4163
5460,0.44538
5461,0.55195
5462,0.51251
5463,0.38087
5464,0.15733000000000003
5465,0.01026
5466,0.0
5467,0.0
5468,0.0
5469,0.0
5470,0.0
5471,0.0
5472,0.0
5473,0.0
5474,0.0
5475,0.0
5476,0.0
5477,0.0
5478,0.00431
5479,0.08655
5480,0.19072
5481,0.21597999999999998
5482,0.32575
5483,0.29133
5484,0.30001
5485,0.42393000000000003
5486,0.38247000000000003
5487,0.33973000000000003
5488,0.19986
5489,0.02119
5490,0.0
5491,0.0
5492,0.0
5493,0.0
5494,0.0
5495,0.0
5496,0.0
5497,0.0
5498,0.0
5499,0.0
5500,0.0
5501,0.0
5502,0.00558
5503,0.11757
5504,0.25125
5505,0.37305
5506,0.42152
5507,0.5316000000000001
5508,0.63439
5509,0.57085
5510,0.48075999999999997
5511,0.33952
5512,0.19085
5513,0.01528
5514,0.0
5515,0.0
5516,0.0
5517,0.0
5518,0.0
5519,0.0
5520,0.0
5521,0.0
5522,0.0
5523,0.0
5524,0.0
5525,0.0
5526,0.00757
5527,0.14515
5528,0.34452999999999995
5529,0.42006
5530,0.5257999999999999
5531,0.5384
5532,0.6185700000000001
5533,0.51066
5534,0.48636
5535,0.35828
5536,0.14533000000000001
5537,0.01856
5538,0.0
5539,0.0
5540,0.0
5541,0.0
5542,0.0
5543,0.0
5544,0.0
5545,0.0
5546,0.0
5547,0.0
5548,0.0
5549,0.0
5550,0.0060999999999999995
5551,0.11626
5552,0.19347999999999999
5553,0.19804
5554,0.23932
5555,0.20872
5556,0.32089999999999996
5557,0.25028
5558,0.26271
5559,0.26961
5560,0.10653
5561,0.026359999999999998
5562,0.0
5563,0.0
5564,0.0
5565,0.0
5566,0.0
5567,0.0
5568,0.0
5569,0.0
5570,0.0
5571,0.0
5572,0.0
5573,0.0
5574,0.0
5575,0.01815
5576,0.11692
5577,0.12715
5578,0.13916
5579,0.19253
5580,0.29114
5581,0.12243000000000001
5582,0.18403999999999998
5583,0.15016
5584,0.05493
5585,0.00936
5586,0.0
5587,0.0
5588,0.0
5589,0.0
5590,0.0
5591,0.0
5592,0.0
5593,0.0
5594,0.0
5595,0.0
5596,0.0
5597,0.0
5598,0.00617
5599,0.11094
5600,0.23015
5601,0.35006
5602,0.48257
5603,0.48945
5604,0.65026
5605,0.56313
5606,0.44693
5607,0.34137
5608,0.16205
5609,0.02062
5610,0.0
5611,0.0
5612,0.0
5613,0.0
5614,0.0
5615,0.0
5616,0.0
5617,0.0
5618,0.0
5619,0.0
5620,0.0
5621,0.0
5622,0.00853
5623,0.17533
5624,0.36025999999999997
5625,0.4702
5626,0.60493
5627,0.68538
5628,0.67127
5629,0.6565700000000001
5630,0.55841
5631,0.35448
5632,0.22304
5633,0.01548
5634,0.0
5635,0.0
5636,0.0
5637,0.0
5638,0.0
5639,0.0
5640,0.0
5641,0.0
5642,0.0
5643,0.0
5644,0.0
5645,0.0
5646,0.00925
5647,0.20401
5648,0.39608
5649,0.5461900000000001
5650,0.65244
5651,0.70602
5652,0.7173099999999999
5653,0.63247
5654,0.5509700000000001
5655,0.412
5656,0.21355000000000002
5657,0.02307
5658,0.0
5659,0.0
5660,0.0
5661,0.0
5662,0.0
5663,0.0
5664,0.0
5665,0.0
5666,0.0
5667,0.0
5668,0.0
5669,0.0
5670,0.008199999999999999
5671,0.16817
5672,0.34389
5673,0.51279
5674,0.6093
5675,0.64391
5676,0.616
5677,0.65188
5678,0.5269199999999999
5679,0.39475
5680,0.17038
5681,0.02542
5682,0.0
5683,0.0
5684,0.0
5685,0.0
5686,0.0
5687,0.0
5688,0.0
5689,0.0
5690,0.0
5691,0.0
5692,0.0
5693,0.0
5694,0.015210000000000001
5695,0.14783000000000002
5696,0.34176999999999996
5697,0.5195700000000001
5698,0.60705
5699,0.61173
5700,0.60257
5701,0.5218400000000001
5702,0.33054
5703,0.21262999999999999
5704,0.15565
5705,0.029589999999999998
5706,0.0
5707,0.0
5708,0.0
5709,0.0
5710,0.0
5711,0.0
5712,0.0
5713,0.0
5714,0.0
5715,0.0
5716,0.0
5717,0.0
5718,0.01055
5719,0.1658
5720,0.31189
5721,0.37560000000000004
5722,0.51342
5723,0.5921000000000001
5724,0.55334
5725,0.54702
5726,0.3615
5727,0.27068000000000003
5728,0.16816
5729,0.02659
5730,0.0
5731,0.0
5732,0.0
5733,0.0
5734,0.0
5735,0.0
5736,0.0
5737,0.0
5738,0.0
5739,0.0
5740,0.0
5741,0.0
5742,0.009779999999999999
5743,0.11652
5744,0.21932
5745,0.31491
5746,0.46729000000000004
5747,0.46
5748,0.53752
5749,0.53914
5750,0.46632999999999997
5751,0.31310000000000004
5752,0.20174
5753,0.03338
5754,0.0
5755,0.0
5756,0.0
5757,0.0
5758,0.0
5759,0.0
5760,0.0
5761,0.0
5762,0.0
5763,0.0
5764,0.0
5765,0.0
5766,0.0107
5767,0.12024
5768,0.25599
5769,0.36156
5770,0.43377
5771,0.4673
5772,0.44143
5773,0.47745
5774,0.38824000000000003
5775,0.32356
5776,0.14881999999999998
5777,0.03181
5778,0.0
5779,0.0
5780,0.0
5781,0.0
5782,0.0
5783,0.0
5784,0.0
5785,0.0
5786,0.0
5787,0.0
5788,0.0
5789,0.0
5790,0.014039999999999999
5791,0.1151
5792,0.19512000000000002
5793,0.31487
5794,0.53028
5795,0.57035
5796,0.4049
5797,0.58427
5798,0.45193
5799,0.36731
5800,0.18491
5801,0.030690000000000002
5802,0.0
5803,0.0
5804,0.0
5805,0.0
5806,0.0
5807,0.0
5808,0.0
5809,0.0
5810,0.0
5811,0.0
5812,0.0
5813,0.0
5814,0.00784
5815,0.16286
5816,0.32846
5817,0.46108
5818,0.44226
5819,0.53055
5820,0.6188899999999999
5821,0.56608
5822,0.53036
5823,0.41879
5824,0.21630000000000002
5825,0.018179999999999998
5826,0.0
5827,0.0
5828,0.0
5829,0.0
5830,0.0
5831,0.0
5832,0.0
5833,0.0
5834,0.0
5835,0.0
5836,0.0
5837,0.0
5838,0.01119
5839,0.16112
5840,0.23998
5841,0.32954
5842,0.36231
5843,0.25635
5844,0.345
5845,0.30257
5846,0.36154000000000003
5847,0.28274
5848,0.15239
5849,0.01775
5850,0.0
5851,0.0
5852,0.0
5853,0.0
5854,0.0
5855,0.0
5856,0.0
5857,0.0
5858,0.0
5859,0.0
5860,0.0
5861,0.0
5862,0.01024
5863,0.1598
5864,0.361
5865,0.47606
5866,0.51018
5867,0.43035
5868,0.34337
5869,0.32042000000000004
5870,0.26154
5871,0.29004
5872,0.19498
5873,0.01781
5874,0.0
5875,0.0
5876,0.0
5877,0.0
5878,0.0
5879,0.0
5880,0.0
5881,0.0
5882,0.0
5883,0.0
5884,0.0
5885,0.0
5886,0.01086
5887,0.16985
5888,0.37945999999999996
5889,0.46103
5890,0.6000599999999999
5891,0.66623
5892,0.5591900000000001
5893,0.5629500000000001
5894,0.5590499999999999
5895,0.35036
5896,0.20152
5897,0.01314
5898,0.0
5899,0.0
5900,0.0
5901,0.0
5902,0.0
5903,0.0
5904,0.0
5905,0.0
5906,0.0
5907,0.0
5908,0.0
5909,0.0
5910,0.011810000000000001
5911,0.16284
5912,0.32144
5913,0.45874000000000004
5914,0.59565
5915,0.65434
5916,0.6407200000000001
5917,0.65422
5918,0.5682200000000001
5919,0.36671
5920,0.21402000000000002
5921,0.01635
5922,0.0
5923,0.0
5924,0.0
5925,0.0
5926,0.0
5927,0.0
5928,0.0
5929,0.0
5930,0.0
5931,0.0
5932,0.0
5933,0.0
5934,0.01073
5935,0.18486000000000002
5936,0.28269
5937,0.36681
5938,0.48986
5939,0.66814
5940,0.60676
5941,0.6085
5942,0.56123
5943,0.33962
5944,0.16917
5945,0.02529
5946,0.0
5947,0.0
5948,0.0
5949,0.0
5950,0.0
5951,0.0
5952,0.0
5953,0.0
5954,0.0
5955,0.0
5956,0.0
5957,0.0
5958,0.011630000000000001
5959,0.19887
5960,0.36228
5961,0.54246
5962,0.63242
5963,0.6282000000000001
5964,0.55322
5965,0.58912
5966,0.42081
5967,0.27219
5968,0.18981
5969,0.0155
5970,0.0
5971,0.0
5972,0.0
5973,0.0
5974,0.0
5975,0.0
5976,0.0
5977,0.0
5978,0.0
5979,0.0
5980,0.0
5981,0.0
5982,0.00916
5983,0.14503
5984,0.32436000000000004
5985,0.42581
5986,0.57389
5987,0.53244
5988,0.68641
5989,0.63932
5990,0.52498
5991,0.37738
5992,0.18969
5993,0.01503
5994,0.0
5995,0.0
5996,0.0
5997,0.0
5998,0.0
5999,0.0
6000,0.0
6001,0.0
6002,0.0
6003,0.0
6004,0.0
6005,0.0
6006,0.01008
6007,0.15897
6008,0.35568
6009,0.5157999999999999
6010,0.6554099999999999
6011,0.72882
6012,0.7018099999999999
6013,0.60684
6014,0.43429
6015,0.30769
6016,0.17626
6017,0.013269999999999999
6018,0.0
6019,0.0
6020,0.0
6021,0.0
6022,0.0
6023,0.0
6024,0.0
6025,0.0
6026,0.0
6027,0.0
6028,0.0
6029,0.0
6030,0.011529999999999999
6031,0.19511
6032,0.25756999999999997
6033,0.43495999999999996
6034,0.54191
6035,0.45935000000000004
6036,0.54267
6037,0.61499
6038,0.44813
6039,0.33554
6040,0.15153
6041,0.019399999999999997
6042,0.0
6043,0.0
6044,0.0
6045,0.0
6046,0.0
6047,0.0
6048,0.0
6049,0.0
6050,0.0
6051,0.0
6052,0.0
6053,0.0
6054,0.020079999999999997
6055,0.17099
6056,0.28948
6057,0.4501
6058,0.50005
6059,0.57171
6060,0.6170599999999999
6061,0.60363
6062,0.3968
6063,0.33826
6064,0.18248
6065,0.0136
6066,0.0
6067,0.0
6068,0.0
6069,0.0
6070,0.0
6071,0.0
6072,0.0
6073,0.0
6074,0.0
6075,0.0
6076,0.0
6077,0.0
6078,0.01528
6079,0.11755
6080,0.10744
6081,0.15049
6082,0.11874
6083,0.13611
6084,0.2072
6085,0.45585000000000003
6086,0.5379299999999999
6087,0.40046
6088,0.19416
6089,0.01413
6090,0.0
6091,0.0
6092,0.0
6093,0.0
6094,0.0
6095,0.0
6096,0.0
6097,0.0
6098,0.0
6099,0.0
6100,0.0
6101,0.0
6102,0.02558
6103,0.1911
6104,0.35433
6105,0.43563
6106,0.52222
6107,0.5375700000000001
6108,0.53853
6109,0.5534600000000001
6110,0.47074
6111,0.34861000000000003
6112,0.20745
6113,0.017
6114,0.0
6115,0.0
6116,0.0
6117,0.0
6118,0.0
6119,0.0
6120,0.0
6121,0.0
6122,0.0
6123,0.0
6124,0.0
6125,0.0
6126,0.02444
6127,0.11504
6128,0.30910000000000004
6129,0.37237
6130,0.41978
6131,0.46720999999999996
6132,0.56022
6133,0.6010700000000001
6134,0.4375
6135,0.35261000000000003
6136,0.16436
6137,0.018690000000000002
6138,0.0
6139,0.0
6140,0.0
6141,0.0
6142,0.0
6143,0.0
6144,0.0
6145,0.0
6146,0.0
6147,0.0
6148,0.0
6149,0.0
6150,0.02114
6151,0.15572999999999998
6152,0.28686
6153,0.48614999999999997
6154,0.5253
6155,0.5406
6156,0.69045
6157,0.53025
6158,0.47486
6159,0.33706
6160,0.2119
6161,0.013269999999999999
6162,0.0
6163,0.0
6164,0.0
6165,0.0
6166,0.0
6167,0.0
6168,0.0
6169,0.0
6170,0.0
6171,0.0
6172,0.0
6173,0.0
6174,0.01758
6175,0.07474
6176,0.16352
6177,0.14658000000000002
6178,0.18558000000000002
6179,0.23867
6180,0.27432999999999996
6181,0.27463
6182,0.27808999999999995
6183,0.26488999999999996
6184,0.15788999999999997
6185,0.019710000000000002
6186,0.0
6187,0.0
6188,0.0
6189,0.0
6190,0.0
6191,0.0
6192,0.0
6193,0.0
6194,0.0
6195,0.0
6196,0.0
6197,0.0
6198,0.02153
6199,0.17153
6200,0.36972000000000005
6201,0.42102
6202,0.46504
6203,0.66604
6204,0.61188
6205,0.65477
6206,0.5244099999999999
6207,0.37677999999999995
6208,0.18117
6209,0.01504
6210,0.0
6211,0.0
6212,0.0
6213,0.0
6214,0.0
6215,0.0
6216,0.0
6217,0.0
6218,0.0
6219,0.0
6220,0.0
6221,0.0
6222,0.03743
6223,0.21575999999999998
6224,0.42571
6225,0.57401
6226,0.65034
6227,0.69945
6228,0.60151
6229,0.6454500000000001
6230,0.5366299999999999
6231,0.37589
6232,0.19363
6233,0.01109
6234,0.0
6235,0.0
6236,0.0
6237,0.0
6238,0.0
6239,0.0
6240,0.0
6241,0.0
6242,0.0
6243,0.0
6244,0.0
6245,0.0
6246,0.02887
6247,0.18233000000000002
6248,0.35048
6249,0.50976
6250,0.61833
6251,0.6504
6252,0.6548099999999999
6253,0.672
6254,0.54679
6255,0.34966
6256,0.15408000000000002
6257,0.01261
6258,0.0
6259,0.0
6260,0.0
6261,0.0
6262,0.0
6263,0.0
6264,0.0
6265,0.0
6266,0.0
6267,0.0
6268,0.0
6269,0.0
6270,0.036
6271,0.19516
6272,0.35944
6273,0.5077699999999999
6274,0.58359
6275,0.6284400000000001
6276,0.6503
6277,0.63719
6278,0.48586
6279,0.36816000000000004
6280,0.18931
6281,0.01797
6282,0.0
6283,0.0
6284,0.0
6285,0.0
6286,0.0
6287,0.0
6288,0.0
6289,0.0
6290,0.0
6291,0.0
6292,0.0
6293,0.0
6294,0.032049999999999995
6295,0.14895
6296,0.18211000000000002
6297,0.34418
6298,0.50898
6299,0.57951
6300,0.57663
6301,0.49325
6302,0.38343
6303,0.28736
6304,0.11528000000000001
6305,0.01489
6306,0.0
6307,0.0
6308,0.0
6309,0.0
6310,0.0
6311,0.0
6312,0.0
6313,0.0
6314,0.0
6315,0.0
6316,0.0
6317,0.0
6318,0.04133
6319,0.22683
6320,0.4259
6321,0.5893400000000001
6322,0.6754199999999999
6323,0.68749
6324,0.62511
6325,0.51515
6326,0.37806
6327,0.32180000000000003
6328,0.18486000000000002
6329,0.01684
6330,0.0
6331,0.0
6332,0.0
6333,0.0
6334,0.0
6335,0.0
6336,0.0
6337,0.0
6338,0.0
6339,0.0
6340,0.0
6341,0.0
6342,0.04129
6343,0.23815999999999998
6344,0.4075
6345,0.5635399999999999
6346,0.6669400000000001
6347,0.66811
6348,0.67262
6349,0.65988
6350,0.5235299999999999
6351,0.40088999999999997
6352,0.18148
6353,0.0136
6354,0.0
6355,0.0
6356,0.0
6357,0.0
6358,0.0
6359,0.0
6360,0.0
6361,0.0
6362,0.0
6363,0.0
6364,0.0
6365,0.0
6366,0.04237
6367,0.22131
6368,0.42122000000000004
6369,0.54472
6370,0.63415
6371,0.58829
6372,0.50016
6373,0.60519
6374,0.36111
6375,0.27488
6376,0.13888
6377,0.019719999999999998
6378,0.0
6379,0.0
6380,0.0
6381,0.0
6382,0.0
6383,0.0
6384,0.0
6385,0.0
6386,0.0
6387,0.0
6388,0.0
6389,0.0
6390,0.04307
6391,0.23658
6392,0.40566
6393,0.5549700000000001
6394,0.6210399999999999
6395,0.68437
6396,0.50501
6397,0.5398999999999999
6398,0.48766000000000004
6399,0.31329
6400,0.13719
6401,0.01732
6402,0.0
6403,0.0
6404,0.0
6405,0.0
6406,0.0
6407,0.0
6408,0.0
6409,0.0
6410,0.0
6411,0.0
6412,0.0
6413,0.0
6414,0.04314
6415,0.22611
6416,0.32338
6417,0.47837
6418,0.5091600000000001
6419,0.56998
6420,0.5147
6421,0.48058999999999996
6422,0.34064
6423,0.25909
6424,0.15478
6425,0.02172
6426,0.0
6427,0.0
6428,0.0
6429,0.0
6430,0.0
6431,0.0
6432,0.0
6433,0.0
6434,0.0
6435,0.0
6436,0.0
6437,0.0
6438,0.02935
6439,0.10665000000000001
6440,0.18095
6441,0.23527
6442,0.31222000000000005
6443,0.47089
6444,0.49265
6445,0.51276
6446,0.46087
6447,0.30042
6448,0.18915
6449,0.01486
6450,0.0
6451,0.0
6452,0.0
6453,0.0
6454,0.0
6455,0.0
6456,0.0
6457,0.0
6458,0.0
6459,0.0
6460,0.0
6461,0.0
6462,0.03485
6463,0.18172
6464,0.26459
6465,0.36713999999999997
6466,0.536
6467,0.42668
6468,0.67273
6469,0.49615
6470,0.46188
6471,0.36501999999999996
6472,0.16063
6473,0.01099
6474,0.0
6475,0.0
6476,0.0
6477,0.0
6478,0.0
6479,0.0
6480,0.0
6481,0.0
6482,0.0
6483,0.0
6484,0.0
6485,0.0
6486,0.04462
6487,0.22747
6488,0.34238
6489,0.48549000000000003
6490,0.6321
6491,0.5698200000000001
6492,0.68325
6493,0.56538
6494,0.43651999999999996
6495,0.28826999999999997
6496,0.14139
6497,0.01589
6498,0.0
6499,0.0
6500,0.0
6501,0.0
6502,0.0
6503,0.0
6504,0.0
6505,0.0
6506,0.0
6507,0.0
6508,0.0
6509,0.0
6510,0.03162
6511,0.17931999999999998
6512,0.31511
6513,0.39694
6514,0.5129199999999999
6515,0.47697
6516,0.46397000000000005
6517,0.40429000000000004
6518,0.39882
6519,0.28470999999999996
6520,0.13241
6521,0.01814
6522,0.0
6523,0.0
6524,0.0
6525,0.0
6526,0.0
6527,0.0
6528,0.0
6529,0.0
6530,0.0
6531,0.0
6532,0.0
6533,0.0
6534,0.05028
6535,0.21512
6536,0.38868
6537,0.52346
6538,0.56856
6539,0.67986
6540,0.59626
6541,0.44862
6542,0.4318
6543,0.30649
6544,0.18255000000000002
6545,0.0127
6546,0.0
6547,0.0
6548,0.0
6549,0.0
6550,0.0
6551,0.0
6552,0.0
6553,0.0
6554,0.0
6555,0.0
6556,0.0
6557,0.0
6558,0.0198
6559,0.08209000000000001
6560,0.25656
6561,0.27333999999999997
6562,0.48968
6563,0.6124700000000001
6564,0.40685000000000004
6565,0.42746
6566,0.35819999999999996
6567,0.29291
6568,0.12757
6569,0.01485
6570,0.0
6571,0.0
6572,0.0
6573,0.0
6574,0.0
6575,0.0
6576,0.0
6577,0.0
6578,0.0
6579,0.0
6580,0.0
6581,0.0
6582,0.05088
6583,0.24741
6584,0.45713
6585,0.6039500000000001
6586,0.70282
6587,0.73954
6588,0.72429
6589,0.64735
6590,0.54139
6591,0.27191000000000004
6592,0.16856000000000002
6593,0.01467
6594,0.0
6595,0.0
6596,0.0
6597,0.0
6598,0.0
6599,0.0
6600,0.0
6601,0.0
6602,0.0
6603,0.0
6604,0.0
6605,0.0
6606,0.05557
6607,0.22554
6608,0.40402
6609,0.51747
6610,0.6777000000000001
6611,0.73599
6612,0.69575
6613,0.62778
6614,0.52896
6615,0.4007
6616,0.17927
6617,0.008119999999999999
6618,0.0
6619,0.0
6620,0.0
6621,0.0
6622,0.0
6623,0.0
6624,0.0
6625,0.0
6626,0.0
6627,0.0
6628,0.0
6629,0.0
6630,0.046979999999999994
6631,0.23768
6632,0.4465
6633,0.56188
6634,0.6683300000000001
6635,0.73872
6636,0.7475599999999999
6637,0.66243
6638,0.52323
6639,0.39044
6640,0.17499
6641,0.00922
6642,0.0
6643,0.0
6644,0.0
6645,0.0
6646,0.0
6647,0.0
6648,0.0
6649,0.0
6650,0.0
6651,0.0
6652,0.0
6653,0.0
6654,0.05012
6655,0.20402
6656,0.43615
6657,0.53018
6658,0.66077
6659,0.6837799999999999
6660,0.6468700000000001
6661,0.5728099999999999
6662,0.38875
6663,0.24082
6664,0.1134
6665,0.01283
6666,0.0
6667,0.0
6668,0.0
6669,0.0
6670,0.0
6671,0.0
6672,0.0
6673,0.0
6674,0.0
6675,0.0
6676,0.0
6677,0.0
6678,0.05442
6679,0.19725
6680,0.29368
6681,0.33365
6682,0.5646100000000001
6683,0.6637000000000001
6684,0.63985
6685,0.46405
6686,0.44277
6687,0.27356
6688,0.14621
6689,0.013560000000000001
6690,0.0
6691,0.0
6692,0.0
6693,0.0
6694,0.0
6695,0.0
6696,0.0
6697,0.0
6698,0.0
6699,0.0
6700,0.0
6701,0.0
6702,0.04075
6703,0.20317
6704,0.37161
6705,0.54779
6706,0.56823
6707,0.67872
6708,0.55983
6709,0.55756
6710,0.41344
6711,0.30339
6712,0.13043000000000002
6713,0.00622
6714,0.0
6715,0.0
6716,0.0
6717,0.0
6718,0.0
6719,0.0
6720,0.0
6721,0.0
6722,0.0
6723,0.0
6724,0.0
6725,0.0
6726,0.03792
6727,0.17061
6728,0.31148000000000003
6729,0.49501999999999996
6730,0.56259
6731,0.6832
6732,0.54886
6733,0.39244
6734,0.2693
6735,0.22491
6736,0.13815
6737,0.018539999999999997
6738,0.0
6739,0.0
6740,0.0
6741,0.0
6742,0.0
6743,0.0
6744,0.0
6745,0.0
6746,0.0
6747,0.0
6748,0.0
6749,0.0
6750,0.02752
6751,0.12378
6752,0.2261
6753,0.34502
6754,0.40668
6755,0.25459
6756,0.36191
6757,0.34947
6758,0.31769
6759,0.30210000000000004
6760,0.18162
6761,0.01092
6762,0.0
6763,0.0
6764,0.0
6765,0.0
6766,0.0
6767,0.0
6768,0.0
6769,0.0
6770,0.0
6771,0.0
6772,0.0
6773,0.0
6774,0.05897
6775,0.24578999999999998
6776,0.46306
6777,0.61037
6778,0.70439
6779,0.75563
6780,0.73164
6781,0.65007
6782,0.53688
6783,0.36902999999999997
6784,0.17099
6785,0.00641
6786,0.0
6787,0.0
6788,0.0
6789,0.0
6790,0.0
6791,0.0
6792,0.0
6793,0.0
6794,0.0
6795,0.0
6796,0.0
6797,0.0
6798,0.06089
6799,0.24786000000000002
6800,0.43944
6801,0.59416
6802,0.69157
6803,0.6721699999999999
6804,0.71975
6805,0.59951
6806,0.43363
6807,0.22978
6808,0.13029
6809,0.013529999999999999
6810,0.0
6811,0.0
6812,0.0
6813,0.0
6814,0.0
6815,0.0
6816,0.0
6817,0.0
6818,0.0
6819,0.0
6820,0.0
6821,0.0
6822,0.05788
6823,0.25677999999999995
6824,0.44597000000000003
6825,0.59594
6826,0.68452
6827,0.66565
6828,0.6984199999999999
6829,0.43627999999999995
6830,0.44479
6831,0.22463
6832,0.12340999999999999
6833,0.01217
6834,0.0
6835,0.0
6836,0.0
6837,0.0
6838,0.0
6839,0.0
6840,0.0
6841,0.0
6842,0.0
6843,0.0
6844,0.0
6845,0.0
6846,0.02584
6847,0.08101
6848,0.08148000000000001
6849,0.22313
6850,0.39122
6851,0.41988
6852,0.50149
6853,0.53619
6854,0.29014
6855,0.18004
6856,0.06693
6857,0.00793
6858,0.0
6859,0.0
6860,0.0
6861,0.0
6862,0.0
6863,0.0
6864,0.0
6865,0.0
6866,0.0
6867,0.0
6868,0.0
6869,0.0
6870,0.00474
6871,0.04586
6872,0.12034
6873,0.19859000000000002
6874,0.36543000000000003
6875,0.42658999999999997
6876,0.38001999999999997
6877,0.52915
6878,0.41707
6879,0.20484
6880,0.07354000000000001
6881,0.00525
6882,0.0
6883,0.0
6884,0.0
6885,0.0
6886,0.0
6887,0.0
6888,0.0
6889,0.0
6890,0.0
6891,0.0
6892,0.0
6893,0.0
6894,0.011349999999999999
6895,0.09376000000000001
6896,0.1928
6897,0.3206
6898,0.43025
6899,0.51344
6900,0.42857
6901,0.42833
6902,0.31982
6903,0.2004
6904,0.12994
6905,0.01092
6906,0.0
6907,0.0
6908,0.0
6909,0.0
6910,0.0
6911,0.0
6912,0.0
6913,0.0
6914,0.0
6915,0.0
6916,0.0
6917,0.0
6918,0.027809999999999998
6919,0.14002
6920,0.20987
6921,0.31698000000000004
6922,0.48168
6923,0.5554199999999999
6924,0.46164
6925,0.56096
6926,0.5033299999999999
6927,0.35311000000000003
6928,0.1768
6929,0.00801
6930,0.0
6931,0.0
6932,0.0
6933,0.0
6934,0.0
6935,0.0
6936,0.0
6937,0.0
6938,0.0
6939,0.0
6940,0.0
6941,0.0
6942,0.013779999999999999
6943,0.05985
6944,0.09901
6945,0.10106
6946,0.14023
6947,0.07808
6948,0.10102
6949,0.2394
6950,0.21278999999999998
6951,0.2067
6952,0.09565
6953,0.00857
6954,0.0
6955,0.0
6956,0.0
6957,0.0
6958,0.0
6959,0.0
6960,0.0
6961,0.0
6962,0.0
6963,0.0
6964,0.0
6965,0.0
6966,0.03651
6967,0.11644
6968,0.30329
6969,0.47095
6970,0.45876999999999996
6971,0.52412
6972,0.54998
6973,0.5346900000000001
6974,0.44404000000000005
6975,0.33164
6976,0.12819999999999998
6977,0.01277
6978,0.0
6979,0.0
6980,0.0
6981,0.0
6982,0.0
6983,0.0
6984,0.0
6985,0.0
6986,0.0
6987,0.0
6988,0.0
6989,0.0
6990,0.02059
6991,0.06382
6992,0.18230000000000002
6993,0.14892
6994,0.31262
6995,0.35749000000000003
6996,0.36558999999999997
6997,0.3638
6998,0.38458
6999,0.35575999999999997
7000,0.15222
7001,0.00933
7002,0.0
7003,0.0
7004,0.0
7005,0.0
7006,0.0
7007,0.0
7008,0.0
7009,0.0
7010,0.0
7011,0.0
7012,0.0
7013,0.0
7014,0.00911
7015,0.08493
7016,0.11761
7017,0.26496
7018,0.20868
7019,0.37083
7020,0.38441000000000003
7021,0.43415
7022,0.33917
7023,0.15997999999999998
7024,0.09165999999999999
7025,0.01366
7026,0.0
7027,0.0
7028,0.0
7029,0.0
7030,0.0
7031,0.0
7032,0.0
7033,0.0
7034,0.0
7035,0.0
7036,0.0
7037,0.0
7038,0.02823
7039,0.13258
7040,0.20102
7041,0.4254
7042,0.46697000000000005
7043,0.5559
7044,0.57492
7045,0.6437200000000001
7046,0.44745999999999997
7047,0.21966
7048,0.10654000000000001
7049,0.00992
7050,0.0
7051,0.0
7052,0.0
7053,0.0
7054,0.0
7055,0.0
7056,0.0
7057,0.0
7058,0.0
7059,0.0
7060,0.0
7061,0.0
7062,0.02844
7063,0.15394999999999998
7064,0.262
7065,0.31705
7066,0.42238
7067,0.47561000000000003
7068,0.37407999999999997
7069,0.3777
7070,0.3406
7071,0.28002
7072,0.13036
7073,0.01059
7074,0.0
7075,0.0
7076,0.0
7077,0.0
7078,0.0
7079,0.0
7080,0.0
7081,0.0
7082,0.0
7083,0.0
7084,0.0
7085,0.0
7086,0.04281
7087,0.11431999999999999
7088,0.16046000000000002
7089,0.17132
7090,0.29514
7091,0.30491
7092,0.45792
7093,0.6001299999999999
7094,0.41364999999999996
7095,0.26729
7096,0.15178999999999998
7097,0.00874
7098,0.0
7099,0.0
7100,0.0
7101,0.0
7102,0.0
7103,0.0
7104,0.0
7105,0.0
7106,0.0
7107,0.0
7108,0.0
7109,0.0
7110,0.044289999999999996
7111,0.1221
7112,0.24042
7113,0.50619
7114,0.52844
7115,0.5197
7116,0.49325
7117,0.47712
7118,0.36401
7119,0.20325
7120,0.16472
7121,0.00722
7122,0.0
7123,0.0
7124,0.0
7125,0.0
7126,0.0
7127,0.0
7128,0.0
7129,0.0
7130,0.0
7131,0.0
7132,0.0
7133,0.0
7134,0.026920000000000003
7135,0.11326
7136,0.22674
7137,0.36834
7138,0.47536
7139,0.5668500000000001
7140,0.57484
7141,0.43002999999999997
7142,0.45988999999999997
7143,0.32439
7144,0.14334
7145,0.00805
7146,0.0
7147,0.0
7148,0.0
7149,0.0
7150,0.0
7151,0.0
7152,0.0
7153,0.0
7154,0.0
7155,0.0
7156,0.0
7157,0.0
7158,0.06263
7159,0.25208
7160,0.34063
7161,0.40109
7162,0.5181699999999999
7163,0.67764
7164,0.5638
7165,0.49169999999999997
7166,0.50306
7167,0.31622
7168,0.16979
7169,0.00661
7170,0.0
7171,0.0
7172,0.0
7173,0.0
7174,0.0
7175,0.0
7176,0.0
7177,0.0
7178,0.0
7179,0.0
7180,0.0
7181,0.0
7182,0.052829999999999995
7183,0.18313
7184,0.38609
7185,0.56629
7186,0.56941
7187,0.5845
7188,0.55963
7189,0.58211
7190,0.44075
7191,0.26008
7192,0.13898
7193,0.00717
7194,0.0
7195,0.0
7196,0.0
7197,0.0
7198,0.0
7199,0.0
7200,0.0
7201,0.0
7202,0.0
7203,0.0
7204,0.0
7205,0.0
7206,0.02496
7207,0.12489
7208,0.3148
7209,0.40506
7210,0.48267000000000004
7211,0.61739
7212,0.60605
7213,0.43539999999999995
7214,0.33053
7215,0.27341000000000004
7216,0.09809999999999999
7217,0.00246
7218,0.0
7219,0.0
7220,0.0
7221,0.0
7222,0.0
7223,0.0
7224,0.0
7225,0.0
7226,0.0
7227,0.0
7228,0.0
7229,0.0
7230,0.026420000000000003
7231,0.14364
7232,0.23777
7233,0.37168
7234,0.5726
7235,0.57502
7236,0.55576
7237,0.44305
7238,0.37611
7239,0.22356
7240,0.10091
7241,0.00711
7242,0.0
7243,0.0
7244,0.0
7245,0.0
7246,0.0
7247,0.0
7248,0.0
7249,0.0
7250,0.0
7251,0.0
7252,0.0
7253,0.0
7254,0.05669
7255,0.2731
7256,0.35136
7257,0.50673
7258,0.58052
7259,0.67816
7260,0.46414999999999995
7261,0.55801
7262,0.47193999999999997
7263,0.25901
7264,0.1272
7265,0.0094
7266,0.0
7267,0.0
7268,0.0
7269,0.0
7270,0.0
7271,0.0
7272,0.0
7273,0.0
7274,0.0
7275,0.0
7276,0.0
7277,0.0
7278,0.07249
7279,0.27358
7280,0.45344999999999996
7281,0.52774
7282,0.57629
7283,0.57162
7284,0.49372000000000005
7285,0.46688
7286,0.33842
7287,0.34949
7288,0.12644
7289,0.00674
7290,0.0
7291,0.0
7292,0.0
7293,0.0
7294,0.0
7295,0.0
7296,0.0
7297,0.0
7298,0.0
7299,0.0
7300,0.0
7301,0.0
7302,0.04513
7303,0.16361
7304,0.32482
7305,0.51635
7306,0.5646100000000001
7307,0.6639700000000001
7308,0.5768
7309,0.56737
7310,0.33123
7311,0.24688
7312,0.09922
7313,0.00992
7314,0.0
7315,0.0
7316,0.0
7317,0.0
7318,0.0
7319,0.0
7320,0.0
7321,0.0
7322,0.0
7323,0.0
7324,0.0
7325,0.0
7326,0.07215
7327,0.26744
7328,0.46235000000000004
7329,0.57927
7330,0.7031499999999999
7331,0.70577
7332,0.6831900000000001
7333,0.57562
7334,0.43945
7335,0.29199
7336,0.12574
7337,0.00385
7338,0.0
7339,0.0
7340,0.0
7341,0.0
7342,0.0
7343,0.0
7344,0.0
7345,0.0
7346,0.0
7347,0.0
7348,0.0
7349,0.0
7350,0.048780000000000004
7351,0.23856
7352,0.38269
7353,0.56362
7354,0.61117
7355,0.54377
7356,0.47907
7357,0.519
7358,0.32944
7359,0.16668
7360,0.06942
7361,0.00204
7362,0.0
7363,0.0
7364,0.0
7365,0.0
7366,0.0
7367,0.0
7368,0.0
7369,0.0
7370,0.0
7371,0.0
7372,0.0
7373,0.0
7374,0.0224
7375,0.10132
7376,0.22668000000000002
7377,0.3307
7378,0.45365
7379,0.4607
7380,0.41255000000000003
7381,0.35455000000000003
7382,0.31833
7383,0.22037
7384,0.10338
7385,0.00561
7386,0.0
7387,0.0
7388,0.0
7389,0.0
7390,0.0
7391,0.0
7392,0.0
7393,0.0
7394,0.0
7395,0.0
7396,0.0
7397,0.0
7398,0.00848
7399,0.06141
7400,0.12578
7401,0.21065
7402,0.306
7403,0.38008
7404,0.39224000000000003
7405,0.31542000000000003
7406,0.30385
7407,0.25914
7408,0.10586
7409,0.011210000000000001
7410,0.0
7411,0.0
7412,0.0
7413,0.0
7414,0.0
7415,0.0
7416,0.0
7417,0.0
7418,0.0
7419,0.0
7420,0.0
7421,0.0
7422,0.02144
7423,0.07686
7424,0.11882
7425,0.12922999999999998
7426,0.32389999999999997
7427,0.33916
7428,0.49806
7429,0.40104
7430,0.3891
7431,0.17736000000000002
7432,0.09985
7433,0.007549999999999999
7434,0.0
7435,0.0
7436,0.0
7437,0.0
7438,0.0
7439,0.0
7440,0.0
7441,0.0
7442,0.0
7443,0.0
7444,0.0
7445,0.0
7446,0.06273
7447,0.23226
7448,0.34238999999999997
7449,0.39862000000000003
7450,0.48918
7451,0.57825
7452,0.55248
7453,0.44833999999999996
7454,0.39014
7455,0.13303
7456,0.0814
7457,0.00633
7458,0.0
7459,0.0
7460,0.0
7461,0.0
7462,0.0
7463,0.0
7464,0.0
7465,0.0
7466,0.0
7467,0.0
7468,0.0
7469,0.0
7470,0.044539999999999996
7471,0.26091000000000003
7472,0.42608999999999997
7473,0.56887
7474,0.6742999999999999
7475,0.6633600000000001
7476,0.68725
7477,0.53016
7478,0.39585000000000004
7479,0.14517
7480,0.09013
7481,0.00839
7482,0.0
7483,0.0
7484,0.0
7485,0.0
7486,0.0
7487,0.0
7488,0.0
7489,0.0
7490,0.0
7491,0.0
7492,0.0
7493,0.0
7494,0.07094
7495,0.25237
7496,0.46820999999999996
7497,0.5707000000000001
7498,0.6367
7499,0.6980299999999999
7500,0.58648
7501,0.40742
7502,0.23344
7503,0.18856
7504,0.11491
7505,0.00797
7506,0.0
7507,0.0
7508,0.0
7509,0.0
7510,0.0
7511,0.0
7512,0.0
7513,0.0
7514,0.0
7515,0.0
7516,0.0
7517,0.0
7518,0.02865
7519,0.14797
7520,0.20513
7521,0.22503
7522,0.4793
7523,0.44506
7524,0.52671
7525,0.55686
7526,0.39814
7527,0.2581
7528,0.10801000000000001
7529,0.01278
7530,0.0
7531,0.0
7532,0.0
7533,0.0
7534,0.0
7535,0.0
7536,0.0
7537,0.0
7538,0.0
7539,0.0
7540,0.0
7541,0.0
7542,0.06396
7543,0.23586000000000001
7544,0.4074
7545,0.58721
7546,0.61579
7547,0.71513
7548,0.70705
7549,0.62325
7550,0.50096
7551,0.31245999999999996
7552,0.16578
7553,0.00844
7554,0.0
7555,0.0
7556,0.0
7557,0.0
7558,0.0
7559,0.0
7560,0.0
7561,0.0
7562,0.0
7563,0.0
7564,0.0
7565,0.0
7566,0.04845
7567,0.19865
7568,0.41233
7569,0.5153099999999999
7570,0.55986
7571,0.55269
7572,0.5530900000000001
7573,0.54487
7574,0.38077
7575,0.21781999999999999
7576,0.12816999999999998
7577,0.01234
7578,0.0
7579,0.0
7580,0.0
7581,0.0
7582,0.0
7583,0.0
7584,0.0
7585,0.0
7586,0.0
7587,0.0
7588,0.0
7589,0.0
7590,0.04401
7591,0.17357
7592,0.24819
7593,0.36286
7594,0.57182
7595,0.63028
7596,0.57698
7597,0.56574
7598,0.47685
7599,0.25304
7600,0.16138999999999998
7601,0.00749
7602,0.0
7603,0.0
7604,0.0
7605,0.0
7606,0.0
7607,0.0
7608,0.0
7609,0.0
7610,0.0
7611,0.0
7612,0.0
7613,0.0
7614,0.03123
7615,0.12257
7616,0.25789
7617,0.33922
7618,0.48984
7619,0.5827100000000001
7620,0.6043999999999999
7621,0.50056
7622,0.31286
7623,0.24059
7624,0.10879000000000001
7625,0.00622
7626,0.0
7627,0.0
7628,0.0
7629,0.0
7630,0.0
7631,0.0
7632,0.0
7633,0.0
7634,0.0
7635,0.0
7636,0.0
7637,0.0
7638,0.04449
7639,0.15414
7640,0.28933
7641,0.42960000000000004
7642,0.5201699999999999
7643,0.51164
7644,0.63251
7645,0.47408999999999996
7646,0.45243
7647,0.2627
7648,0.10701999999999999
7649,0.00808
7650,0.0
7651,0.0
7652,0.0
7653,0.0
7654,0.0
7655,0.0
7656,0.0
7657,0.0
7658,0.0
7659,0.0
7660,0.0
7661,0.0
7662,0.05026
7663,0.18932
7664,0.21087
7665,0.23708
7666,0.25246999999999997
7667,0.19473
7668,0.20612
7669,0.3449
7670,0.33253
7671,0.24643
7672,0.09134
7673,0.0071200000000000005
7674,0.0
7675,0.0
7676,0.0
7677,0.0
7678,0.0
7679,0.0
7680,0.0
7681,0.0
7682,0.0
7683,0.0
7684,0.0
7685,0.0
7686,0.02093
7687,0.09516
7688,0.23937
7689,0.24513
7690,0.12129000000000001
7691,0.19646
7692,0.2354
7693,0.05287
7694,0.08079
7695,0.07187
7696,0.03015
7697,0.00391
7698,0.0
7699,0.0
7700,0.0
7701,0.0
7702,0.0
7703,0.0
7704,0.0
7705,0.0
7706,0.0
7707,0.0
7708,0.0
7709,0.0
7710,0.03929
7711,0.11829
7712,0.27119
7713,0.40502999999999995
7714,0.53898
7715,0.51852
7716,0.55869
7717,0.5156000000000001
7718,0.48854000000000003
7719,0.36269
7720,0.1851
7721,0.005030000000000001
7722,0.0
7723,0.0
7724,0.0
7725,0.0
7726,0.0
7727,0.0
7728,0.0
7729,0.0
7730,0.0
7731,0.0
7732,0.0
7733,0.0
7734,0.0417
7735,0.18222
7736,0.37241
7737,0.5080899999999999
7738,0.49184
7739,0.60473
7740,0.5453300000000001
7741,0.57182
7742,0.48851
7743,0.31875
7744,0.17282
7745,0.00725
7746,0.0
7747,0.0
7748,0.0
7749,0.0
7750,0.0
7751,0.0
7752,0.0
7753,0.0
7754,0.0
7755,0.0
7756,0.0
7757,0.0
7758,0.04591
7759,0.22149000000000002
7760,0.37174
7761,0.55196
7762,0.66792
7763,0.6702400000000001
7764,0.58488
7765,0.5684600000000001
7766,0.53144
7767,0.34947
7768,0.17375
7769,0.00738
7770,0.0
7771,0.0
7772,0.0
7773,0.0
7774,0.0
7775,0.0
7776,0.0
7777,0.0
7778,0.0
7779,0.0
7780,0.0
7781,0.0
7782,0.03579
7783,0.16779
7784,0.2832
7785,0.29348
7786,0.42433
7787,0.4762
7788,0.39464
7789,0.5253
7790,0.32491000000000003
7791,0.24814
7792,0.0805
7793,0.00932
7794,0.0
7795,0.0
7796,0.0
7797,0.0
7798,0.0
7799,0.0
7800,0.0
7801,0.0
7802,0.0
7803,0.0
7804,0.0
7805,0.0
7806,0.05374
7807,0.19505
7808,0.2834
7809,0.46326
7810,0.54916
7811,0.56932
7812,0.54192
7813,0.40908999999999995
7814,0.34431
7815,0.17986000000000002
7816,0.11875
7817,0.01303
7818,0.0
7819,0.0
7820,0.0
7821,0.0
7822,0.0
7823,0.0
7824,0.0
7825,0.0
7826,0.0
7827,0.0
7828,0.0
7829,0.0
7830,0.05886
7831,0.24481999999999998
7832,0.41644
7833,0.55664
7834,0.61263
7835,0.64079
7836,0.67722
7837,0.5492400000000001
7838,0.46018000000000003
7839,0.31305
7840,0.12087
7841,0.00905
7842,0.0
7843,0.0
7844,0.0
7845,0.0
7846,0.0
7847,0.0
7848,0.0
7849,0.0
7850,0.0
7851,0.0
7852,0.0
7853,0.0
7854,0.05311
7855,0.22266999999999998
7856,0.43759
7857,0.52996
7858,0.53823
7859,0.49953
7860,0.53166
7861,0.25221
7862,0.34948
7863,0.21916999999999998
7864,0.12689
7865,0.01035
7866,0.0
7867,0.0
7868,0.0
7869,0.0
7870,0.0
7871,0.0
7872,0.0
7873,0.0
7874,0.0
7875,0.0
7876,0.0
7877,0.0
7878,0.03701
7879,0.10017
7880,0.25024
7881,0.47258
7882,0.49237000000000003
7883,0.57435
7884,0.55365
7885,0.5452100000000001
7886,0.39985000000000004
7887,0.25134
7888,0.11192
7889,0.009550000000000001
7890,0.0
7891,0.0
7892,0.0
7893,0.0
7894,0.0
7895,0.0
7896,0.0
7897,0.0
7898,0.0
7899,0.0
7900,0.0
7901,0.0
7902,0.0519
7903,0.19616
7904,0.23776
7905,0.43626
7906,0.60936
7907,0.6250399999999999
7908,0.60696
7909,0.5579299999999999
7910,0.45508
7911,0.31973
7912,0.169
7913,0.0079
7914,0.0
7915,0.0
7916,0.0
7917,0.0
7918,0.0
7919,0.0
7920,0.0
7921,0.0
7922,0.0
7923,0.0
7924,0.0
7925,0.0
7926,0.06232
7927,0.21456999999999998
7928,0.44627999999999995
7929,0.5713400000000001
7930,0.6249600000000001
7931,0.67495
7932,0.6317
7933,0.63026
7934,0.5007699999999999
7935,0.36322000000000004
7936,0.15631
7937,0.00722
7938,0.0
7939,0.0
7940,0.0
7941,0.0
7942,0.0
7943,0.0
7944,0.0
7945,0.0
7946,0.0
7947,0.0
7948,0.0
7949,0.0
7950,0.052270000000000004
7951,0.21991999999999998
7952,0.35910000000000003
7953,0.4797
7954,0.53999
7955,0.6050800000000001
7956,0.6110399999999999
7957,0.56236
7958,0.3945
7959,0.30895999999999996
7960,0.11995
7961,0.00735
7962,0.0
7963,0.0
7964,0.0
7965,0.0
7966,0.0
7967,0.0
7968,0.0
7969,0.0
7970,0.0
7971,0.0
7972,0.0
7973,0.0
7974,0.045270000000000005
7975,0.12018999999999999
7976,0.24184999999999998
7977,0.32981
7978,0.52151
7979,0.44917
7980,0.42927
7981,0.47994
7982,0.41483
7983,0.24156
7984,0.14654
7985,0.00925
7986,0.0
7987,0.0
7988,0.0
7989,0.0
7990,0.0
7991,0.0
7992,0.0
7993,0.0
7994,0.0
7995,0.0
7996,0.0
7997,0.0
7998,0.03024
7999,0.15006999999999998
8000,0.18932
8001,0.26485000000000003
8002,0.41624
8003,0.37763
8004,0.43797
8005,0.23682
8006,0.30878
8007,0.29558
8008,0.17546
8009,0.01108
8010,0.0
8011,0.0
8012,0.0
8013,0.0
8014,0.0
8015,0.0
8016,0.0
8017,0.0
8018,0.0
8019,0.0
8020,0.0
8021,0.0
8022,0.0219
8023,0.07352
8024,0.13623
8025,0.23063
8026,0.16348
8027,0.22758
8028,0.22015
8029,0.22244999999999998
8030,0.18725999999999998
8031,0.13896
8032,0.06984
8033,0.00531
8034,0.0
8035,0.0
8036,0.0
8037,0.0
8038,0.0
8039,0.0
8040,0.0
8041,0.0
8042,0.0
8043,0.0
8044,0.0
8045,0.0
8046,0.02894
8047,0.14495
8048,0.3752
8049,0.39606
8050,0.42563999999999996
8051,0.2616
8052,0.57441
8053,0.46523000000000003
8054,0.42234
8055,0.24414
8056,0.13941
8057,0.01222
8058,0.0
8059,0.0
8060,0.0
8061,0.0
8062,0.0
8063,0.0
8064,0.0
8065,0.0
8066,0.0
8067,0.0
8068,0.0
8069,0.0
8070,0.02723
8071,0.13438
8072,0.35958999999999997
8073,0.52263
8074,0.61307
8075,0.50522
8076,0.3427
8077,0.3565
8078,0.45376
8079,0.28645
8080,0.14757
8081,0.015439999999999999
8082,0.0
8083,0.0
8084,0.0
8085,0.0
8086,0.0
8087,0.0
8088,0.0
8089,0.0
8090,0.0
8091,0.0
8092,0.0
8093,0.0
8094,0.04204
8095,0.10015
8096,0.18316
8097,0.39732999999999996
8098,0.45350999999999997
8099,0.59188
8100,0.64619
8101,0.64347
8102,0.39621
8103,0.30624
8104,0.14448
8105,0.0072699999999999996
8106,0.0
8107,0.0
8108,0.0
8109,0.0
8110,0.0
8111,0.0
8112,0.0
8113,0.0
8114,0.0
8115,0.0
8116,0.0
8117,0.0
8118,0.0598
8119,0.26754
8120,0.45462
8121,0.58508
8122,0.6828200000000001
8123,0.63995
8124,0.65872
8125,0.5350199999999999
8126,0.46817000000000003
8127,0.31167
8128,0.12426999999999999
8129,0.00632
8130,0.0
8131,0.0
8132,0.0
8133,0.0
8134,0.0
8135,0.0
8136,0.0
8137,0.0
8138,0.0
8139,0.0
8140,0.0
8141,0.0
8142,0.05136
8143,0.25522
8144,0.44768
8145,0.58238
8146,0.67634
8147,0.6140399999999999
8148,0.55744
8149,0.50256
8150,0.46920999999999996
8151,0.24672
8152,0.14175
8153,0.01401
8154,0.0
8155,0.0
8156,0.0
8157,0.0
8158,0.0
8159,0.0
8160,0.0
8161,0.0
8162,0.0
8163,0.0
8164,0.0
8165,0.0
8166,0.036289999999999996
8167,0.20433
8168,0.37641
8169,0.56943
8170,0.61319
8171,0.48925
8172,0.52528
8173,0.53485
8174,0.46541000000000005
8175,0.34367000000000003
8176,0.19731
8177,0.0116
8178,0.0
8179,0.0
8180,0.0
8181,0.0
8182,0.0
8183,0.0
8184,0.0
8185,0.0
8186,0.0
8187,0.0
8188,0.0
8189,0.0
8190,0.04374
8191,0.22631
8192,0.44063
8193,0.57031
8194,0.66446
8195,0.71749
8196,0.6662
8197,0.5115500000000001
8198,0.39707
8199,0.264
8200,0.1186
8201,0.01366
8202,0.0
8203,0.0
8204,0.0
8205,0.0
8206,0.0
8207,0.0
8208,0.0
8209,0.0
8210,0.0
8211,0.0
8212,0.0
8213,0.0
8214,0.014199999999999999
8215,0.14602
8216,0.27163
8217,0.43251999999999996
8218,0.47779000000000005
8219,0.58277
8220,0.5456599999999999
8221,0.48387
8222,0.38412999999999997
8223,0.19205
8224,0.08198
8225,0.01306
8226,0.0
8227,0.0
8228,0.0
8229,0.0
8230,0.0
8231,0.0
8232,0.0
8233,0.0
8234,0.0
8235,0.0
8236,0.0
8237,0.0
8238,0.03598
8239,0.15637
8240,0.27951
8241,0.41670999999999997
8242,0.56375
8243,0.59539
8244,0.60145
8245,0.56608
8246,0.42375999999999997
8247,0.30828
8248,0.209
8249,0.009609999999999999
8250,0.0
8251,0.0
8252,0.0
8253,0.0
8254,0.0
8255,0.0
8256,0.0
8257,0.0
8258,0.0
8259,0.0
8260,0.0
8261,0.0
8262,0.040670000000000005
8263,0.231
8264,0.39302
8265,0.55073
8266,0.5763400000000001
8267,0.64908
8268,0.6037100000000001
8269,0.52274
8270,0.47667000000000004
8271,0.39569
8272,0.19902
8273,0.01635
8274,0.0
8275,0.0
8276,0.0
8277,0.0
8278,0.0
8279,0.0
8280,0.0
8281,0.0
8282,0.0
8283,0.0
8284,0.0
8285,0.0
8286,0.02605
8287,0.16608
8288,0.32230000000000003
8289,0.31047
8290,0.45677
8291,0.46584
8292,0.45488
8293,0.43954000000000004
8294,0.28234
8295,0.2364
8296,0.09967000000000001
8297,0.01641
8298,0.0
8299,0.0
8300,0.0
8301,0.0
8302,0.0
8303,0.0
8304,0.0
8305,0.0
8306,0.0
8307,0.0
8308,0.0
8309,0.0
8310,0.014150000000000001
8311,0.09406
8312,0.17815
8313,0.30225
8314,0.34202999999999995
8315,0.45381
8316,0.43383999999999995
8317,0.6006699999999999
8318,0.35087
8319,0.26743
8320,0.12495
8321,0.01599
8322,0.0
8323,0.0
8324,0.0
8325,0.0
8326,0.0
8327,0.0
8328,0.0
8329,0.0
8330,0.0
8331,0.0
8332,0.0
8333,0.0
8334,0.02164
8335,0.13231
8336,0.26209
8337,0.34179000000000004
8338,0.42624
8339,0.49789999999999995
8340,0.55037
8341,0.43215
8342,0.40082
8343,0.32188
8344,0.16054
8345,0.01094
8346,0.0
8347,0.0
8348,0.0
8349,0.0
8350,0.0
8351,0.0
8352,0.0
8353,0.0
8354,0.0
8355,0.0
8356,0.0
8357,0.0
8358,0.00426
8359,0.06308
8360,0.17292
8361,0.36175
8362,0.39920999999999995
8363,0.4963
8364,0.47897
8365,0.45921
8366,0.33736
8367,0.27886
8368,0.18469999999999998
8369,0.012369999999999999
8370,0.0
8371,0.0
8372,0.0
8373,0.0
8374,0.0
8375,0.0
8376,0.0
8377,0.0
8378,0.0
8379,0.0
8380,0.0
8381,0.0
8382,0.012960000000000001
8383,0.11793000000000001
8384,0.32797000000000004
8385,0.45876
8386,0.47325
8387,0.5505399999999999
8388,0.49713999999999997
8389,0.34738
8390,0.28792
8391,0.18888999999999997
8392,0.09916
8393,0.023190000000000002
8394,0.0
8395,0.0
8396,0.0
8397,0.0
8398,0.0
8399,0.0
8400,0.0
8401,0.0
8402,0.0
8403,0.0
8404,0.0
8405,0.0
8406,0.01285
8407,0.0526
8408,0.11578000000000001
8409,0.05485
8410,0.15925999999999998
8411,0.26854
8412,0.32005
8413,0.31186
8414,0.21656999999999998
8415,0.18312
8416,0.11539
8417,0.010539999999999999
8418,0.0
8419,0.0
8420,0.0
8421,0.0
8422,0.0
8423,0.0
8424,0.0
8425,0.0
8426,0.0
8427,0.0
8428,0.0
8429,0.0
8430,0.00323
8431,0.07318000000000001
8432,0.21102
8433,0.45066
8434,0.5731
8435,0.6327200000000001
8436,0.56101
8437,0.55851
8438,0.45809
8439,0.24943
8440,0.12315999999999999
8441,0.0135
8442,0.0
8443,0.0
8444,0.0
8445,0.0
8446,0.0
8447,0.0
8448,0.0
8449,0.0
8450,0.0
8451,0.0
8452,0.0
8453,0.0
8454,0.00528
8455,0.12328
8456,0.22152000000000002
8457,0.3573
8458,0.47942
8459,0.48157
8460,0.5519400000000001
8461,0.47441
8462,0.32533999999999996
8463,0.28467000000000003
8464,0.13412000000000002
8465,0.017079999999999998
8466,0.0
8467,0.0
8468,0.0
8469,0.0
8470,0.0
8471,0.0
8472,0.0
8473,0.0
8474,0.0
8475,0.0
8476,0.0
8477,0.0
8478,0.00235
8479,0.16122
8480,0.30410000000000004
8481,0.44367
8482,0.49998000000000004
8483,0.51242
8484,0.556
8485,0.52664
8486,0.36177
8487,0.29631
8488,0.13993
8489,0.02011
8490,0.0
8491,0.0
8492,0.0
8493,0.0
8494,0.0
8495,0.0
8496,0.0
8497,0.0
8498,0.0
8499,0.0
8500,0.0
8501,0.0
8502,0.00893
8503,0.15897
8504,0.28718
8505,0.32009
8506,0.42713999999999996
8507,0.44183
8508,0.50527
8509,0.53799
8510,0.41057
8511,0.34482
8512,0.14648
8513,0.01835
8514,0.0
8515,0.0
8516,0.0
8517,0.0
8518,0.0
8519,0.0
8520,0.0
8521,0.0
8522,0.0
8523,0.0
8524,0.0
8525,0.0
8526,0.00492
8527,0.14859999999999998
8528,0.29914999999999997
8529,0.50129
8530,0.61501
8531,0.6062000000000001
8532,0.56564
8533,0.62038
8534,0.41213
8535,0.26988
8536,0.12852000000000002
8537,0.01794
8538,0.0
8539,0.0
8540,0.0
8541,0.0
8542,0.0
8543,0.0
8544,0.0
8545,0.0
8546,0.0
8547,0.0
8548,0.0
8549,0.0
8550,0.007809999999999999
8551,0.06221
8552,0.18922999999999998
8553,0.39838
8554,0.49722000000000005
8555,0.56701
8556,0.6087899999999999
8557,0.53399
8558,0.48152
8559,0.2814
8560,0.16551
8561,0.012369999999999999
8562,0.0
8563,0.0
8564,0.0
8565,0.0
8566,0.0
8567,0.0
8568,0.0
8569,0.0
8570,0.0
8571,0.0
8572,0.0
8573,0.0
8574,0.00694
8575,0.16529
8576,0.3368
8577,0.43249
8578,0.5261399999999999
8579,0.64327
8580,0.66584
8581,0.6214299999999999
8582,0.47098
8583,0.24487
8584,0.1167
8585,0.023559999999999998
8586,0.0
8587,0.0
8588,0.0
8589,0.0
8590,0.0
8591,0.0
8592,0.0
8593,0.0
8594,0.0
8595,0.0
8596,0.0
8597,0.0
8598,0.00704
8599,0.18703999999999998
8600,0.38618
8601,0.47592
8602,0.57523
8603,0.63266
8604,0.59227
8605,0.37
8606,0.39676999999999996
8607,0.2355
8608,0.12287999999999999
8609,0.01602
8610,0.0
8611,0.0
8612,0.0
8613,0.0
8614,0.0
8615,0.0
8616,0.0
8617,0.0
8618,0.0
8619,0.0
8620,0.0
8621,0.0
8622,0.0035299999999999997
8623,0.14069
8624,0.23668
8625,0.27912
8626,0.36722000000000005
8627,0.54372
8628,0.5189199999999999
8629,0.39086000000000004
8630,0.39232999999999996
8631,0.25303
8632,0.15674000000000002
8633,0.02418
8634,0.0
8635,0.0
8636,0.0
8637,0.0
8638,0.0
8639,0.0
8640,0.0
8641,0.0
8642,0.0
8643,0.0
8644,0.0
8645,0.0
8646,0.00361
8647,0.11445999999999999
8648,0.21881
8649,0.32352
8650,0.41825999999999997
8651,0.49407999999999996
8652,0.47895
8653,0.41186
8654,0.36542
8655,0.20553
8656,0.11081999999999999
8657,0.02641
8658,0.0
8659,0.0
8660,0.0
8661,0.0
8662,0.0
8663,0.0
8664,0.0
8665,0.0
8666,0.0
8667,0.0
8668,0.0
8669,0.0
8670,0.00601
8671,0.12184
8672,0.21475
8673,0.40814
8674,0.53962
8675,0.5480900000000001
8676,0.63867
8677,0.48214
8678,0.45124000000000003
8679,0.31367
8680,0.13561
8681,0.033049999999999996
8682,0.0
8683,0.0
8684,0.0
8685,0.0
8686,0.0
8687,0.0
8688,0.0
8689,0.0
8690,0.0
8691,0.0
8692,0.0
8693,0.0
8694,0.0067599999999999995
8695,0.19322
8696,0.35768
8697,0.37572000000000005
8698,0.61424
8699,0.55625
8700,0.61034
8701,0.5993999999999999
8702,0.48733
8703,0.32737
8704,0.16251
8705,0.047479999999999994
8706,0.0
8707,0.0
8708,0.0
8709,0.0
8710,0.0
8711,0.0
8712,0.0
8713,0.0
8714,0.0
8715,0.0
8716,0.0
8717,0.0
8718,0.00597
8719,0.15188
8720,0.32757
8721,0.46976999999999997
8722,0.56744
8723,0.58238
8724,0.58784
8725,0.45832
8726,0.47055
8727,0.41512
8728,0.18188
8729,0.045090000000000005
8730,0.0
8731,0.0
8732,0.0
8733,0.0
8734,0.0
8735,0.0
8736,0.0
8737,0.0
8738,0.0
8739,0.0
8740,0.0
8741,0.0
8742,0.0081
8743,0.19473
8744,0.39892
8745,0.563
8746,0.62827
8747,0.64435
8748,0.64188
8749,0.6579299999999999
8750,0.56157
8751,0.33927999999999997
8752,0.21321
8753,0.17144
8754,0.0
8755,0.0
8756,0.0
8757,0.0
8758,0.0
8759,0.0
