,pv_per_unit
0,0.0
1,0.0
2,0.0
3,0.0
4,0.0
5,0.0
6,0.00372
7,0.09503
8,0.21731
9,0.4174
10,0.46165
11,0.60202
12,0.64977
13,0.53616
14,0.49141
15,0.32913
16,0.1766
17,0.03
18,0.0
19,0.0
20,0.0
21,0.0
22,0.0
23,0.0
24,0.0
25,0.0
26,0.0
27,0.0
28,0.0
29,0.0
30,0.0044800000000000005
31,0.07709
32,0.27597000000000005
33,0.31660000000000005
34,0.51424
35,0.57141
36,0.5793200000000001
37,0.6273
38,0.49557
39,0.31775
40,0.18672999999999998
41,0.04019
42,0.0
43,0.0
44,0.0
45,0.0
46,0.0
47,0.0
48,0.0
49,0.0
50,0.0
51,0.0
52,0.0
53,0.0
54,0.00289
55,0.11022
56,0.24480000000000002
57,0.33874
58,0.43893
59,0.58846
60,0.5424
61,0.59373
62,0.5185299999999999
63,0.35998
64,0.20509
65,0.039200000000000006
66,0.0
67,0.0
68,0.0
69,0.0
70,0.0
71,0.0
72,0.0
73,0.0
74,0.0
75,0.0
76,0.0
77,0.0
78,0.00359
79,0.0793
80,0.21806999999999999
81,0.38838
82,0.40437
83,0.58235
84,0.54906
85,0.53716
86,0.44861
87,0.36682
88,0.15528999999999998
89,0.02996
90,0.0
91,0.0
92,0.0
93,0.0
94,0.0
95,0.0
96,0.0
97,0.0
98,0.0
99,0.0
100,0.0
101,0.0
102,0.0022
103,0.10089000000000001
104,0.25694
105,0.35017000000000004
106,0.41718
107,0.41738
108,0.28155
109,0.49843
110,0.38927
111,0.26714
112,0.19187
113,0.04081
114,0.0
115,0.0
116,0.0
117,0.0
118,0.0
119,0.0
120,0.0
121,0.0
122,0.0
123,0.0
124,0.0
125,0.0
126,0.00315
127,0.10394
128,0.22509
129,0.40169
130,0.52987
131,0.59803
132,0.65784
133,0.5609299999999999
134,0.43626
135,0.39107
136,0.22655
137,0.04225
138,0.0
139,0.0
140,0.0
141,0.0
142,0.0
143,0.0
144,0.0
145,0.0
146,0.0
147,0.0
148,0.0
149,0.0
150,0.00333
151,0.10258
152,0.26339
153,0.39368000000000003
154,0.51985
155,0.50696
156,0.44786000000000004
157,0.5647300000000001
158,0.44842000000000004
159,0.38149
160,0.1987
161,0.05572
162,0.0
163,0.0
164,0.0
165,0.0
166,0.0
167,0.0
168,0.0
169,0.0
170,0.0
171,0.0
172,0.0
173,0.0
174,0.00141
175,0.05854
176,0.16827
177,0.20976
178,0.49376
179,0.53959
180,0.62599
181,0.57024
182,0.48308
183,0.40886
184,0.17057
185,0.040490000000000005
186,0.0
187,0.0
188,0.0
189,0.0
190,0.0
191,0.0
192,0.0
193,0.0
194,0.0
195,0.0
196,0.0
197,0.0
198,0.00136
199,0.07762000000000001
200,0.17629
201,0.30925
202,0.3363
203,0.42744
204,0.4854
205,0.53961
206,0.45261
207,0.32747000000000004
208,0.2164
209,0.05117
210,0.0
211,0.0
212,0.0
213,0.0
214,0.0
215,0.0
216,0.0
217,0.0
218,0.0
219,0.0
220,0.0
221,0.0
222,0.00123
223,0.08819
224,0.22105000000000002
225,0.37109
226,0.51183
227,0.42572000000000004
228,0.61998
229,0.60373
230,0.43766000000000005
231,0.30369
232,0.16515000000000002
233,0.03306
234,0.0
235,0.0
236,0.0
237,0.0
238,0.0
239,0.0
240,0.0
241,0.0
242,0.0
243,0.0
244,0.0
245,0.0
246,0.00094
247,0.059590000000000004
248,0.22868
249,0.35769999999999996
250,0.44641000000000003
251,0.5648200000000001
252,0.49995
253,0.5091
254,0.47455
255,0.32981
256,0.17464
257,0.02966
258,0.0
259,0.0
260,0.0
261,0.0
262,0.0
263,0.0
264,0.0
265,0.0
266,0.0
267,0.0
268,0.0
269,0.0
270,0.00044
271,0.019010000000000003
272,0.05842
273,0.07515999999999999
274,0.32650999999999997
275,0.38024
276,0.41187
277,0.39833999999999997
278,0.35888
279,0.35335
280,0.17104
281,0.05092
282,0.0
283,0.0
284,0.0
285,0.0
286,0.0
287,0.0
288,0.0
289,0.0
290,0.0
291,0.0
292,0.0
293,0.0
294,0.0009699999999999999
295,0.0492
296,0.20884
297,0.32997000000000004
298,0.41554
299,0.43991
300,0.57529
301,0.46227999999999997
302,0.51654
303,0.28847
304,0.16062
305,0.0315
306,0.0
307,0.0
308,0.0
309,0.0
310,0.0
311,0.0
312,0.0
313,0.0
314,0.0
315,0.0
316,0.0
317,0.0
318,0.00046
319,0.01802
320,0.056659999999999995
321,0.16937
322,0.21900999999999998
323,0.30815
324,0.44079
325,0.5230199999999999
326,0.43945
327,0.24569
328,0.10396999999999999
329,0.028030000000000003
330,0.0
331,0.0
332,0.0
333,0.0
334,0.0
335,0.0
336,0.0
337,0.0
338,0.0
339,0.0
340,0.0
341,0.0
342,0.00098
343,0.08238
344,0.22607
345,0.36389
346,0.34682999999999997
347,0.42643000000000003
348,0.32206999999999997
349,0.28323000000000004
350,0.27143
351,0.25707
352,0.06116
353,0.01103
354,0.0
355,0.0
356,0.0
357,0.0
358,0.0
359,0.0
360,0.0
361,0.0
362,0.0
363,0.0
364,0.0
365,0.0
366,0.00061
367,0.04611
368,0.11334000000000001
369,0.21818
370,0.28398
371,0.3357
372,0.39879000000000003
373,0.48571
374,0.53122
375,0.38537
376,0.161
377,0.04653
378,0.0
379,0.0
380,0.0
381,0.0
382,0.0
383,0.0
384,0.0
385,0.0
386,0.0
387,0.0
388,0.0
389,0.0
390,0.00285
391,0.09570999999999999
392,0.25955
393,0.37895
394,0.57621
395,0.6125900000000001
396,0.61413
397,0.56909
398,0.48331
399,0.34722000000000003
400,0.21366
401,0.0525
402,0.0
403,0.0
404,0.0
405,0.0
406,0.0
407,0.0
408,0.0
409,0.0
410,0.0
411,0.0
412,0.0
413,0.0
414,0.00141
415,0.04068
416,0.12509
417,0.16437000000000002
418,0.4086
419,0.50657
420,0.56304
421,0.58063
422,0.5275299999999999
423,0.36546
424,0.20007
425,0.0376
426,0.0
427,0.0
428,0.0
429,0.0
430,0.0
431,0.0
432,0.0
433,0.0
434,0.0
435,0.0
436,0.0
437,0.0
438,0.0
439,0.01276
440,0.046270000000000006
441,0.01764
442,0.01331
443,0.09159
444,0.13506
445,0.5889500000000001
446,0.47116
447,0.37276
448,0.15102000000000002
449,0.0361
450,0.0
451,0.0
452,0.0
453,0.0
454,0.0
455,0.0
456,0.0
457,0.0
458,0.0
459,0.0
460,0.0
461,0.0
462,0.0
463,0.0
464,0.00644
465,0.00454
466,0.00101
467,0.00434
468,0.01692
469,0.21209
470,0.16141
471,0.11848
472,0.057909999999999996
473,0.0159
474,0.0
475,0.0
476,0.0
477,0.0
478,0.0
479,0.0
480,0.0
481,0.0
482,0.0
483,0.0
484,0.0
485,0.0
486,0.00302
487,0.02169
488,0.0737
489,0.17747
490,0.16438
491,0.34358999999999995
492,0.56251
493,0.32341000000000003
494,0.3195
495,0.30925
496,0.17648
497,0.05317
498,0.0
499,0.0
500,0.0
501,0.0
502,0.0
503,0.0
504,0.0
505,0.0
506,0.0
507,0.0
508,0.0
509,0.0
510,0.0
511,0.02114
512,0.08853
513,0.13641
514,0.20801
515,0.22088
516,0.39665
517,0.63691
518,0.42246
519,0.29946
520,0.21506999999999998
521,0.06459000000000001
522,0.0
523,0.0
524,0.0
525,0.0
526,0.0
527,0.0
528,0.0
529,0.0
530,0.0
531,0.0
532,0.0
533,0.0
534,0.0020099999999999996
535,0.09331999999999999
536,0.28037
537,0.41274
538,0.57892
539,0.61891
540,0.62705
541,0.58268
542,0.57068
543,0.37945
544,0.20848
545,0.07027
546,0.0
547,0.0
548,0.0
549,0.0
550,0.0
551,0.0
552,0.0
553,0.0
554,0.0
555,0.0
556,0.0
557,0.0
558,0.0029100000000000003
559,0.10374
560,0.2978
561,0.41625999999999996
562,0.55251
563,0.57162
564,0.66537
565,0.5166499999999999
566,0.45089999999999997
567,0.37338
568,0.24201
569,0.07135999999999999
570,0.0
571,0.0
572,0.0
573,0.0
574,0.0
575,0.0
576,0.0
577,0.0
578,0.0
579,0.0
580,0.0
581,0.0
582,0.0008399999999999999
583,0.05775
584,0.15505000000000002
585,0.34693
586,0.50025
587,0.4702
588,0.46649
589,0.6183200000000001
590,0.42819999999999997
591,0.26176
592,0.17052
593,0.0419
594,0.0
595,0.0
596,0.0
597,0.0
598,0.0
599,0.0
600,0.0
601,0.0
602,0.0
603,0.0
604,0.0
605,0.0
606,0.00023999999999999998
607,0.03004
608,0.11489
609,0.22751
610,0.26942
611,0.26372
612,0.27442
613,0.45443
614,0.43381000000000003
615,0.31639
616,0.11845
617,0.00671
618,0.0
619,0.0
620,0.0
621,0.0
622,0.0
623,0.0
624,0.0
625,0.0
626,0.0
627,0.0
628,0.0
629,0.0
630,0.00029
631,0.047060000000000005
632,0.11782
633,0.31455
634,0.29616000000000003
635,0.29611000000000004
636,0.51412
637,0.45751
638,0.37601999999999997
639,0.423
640,0.12786
641,0.05475
642,0.0
643,0.0
644,0.0
645,0.0
646,0.0
647,0.0
648,0.0
649,0.0
650,0.0
651,0.0
652,0.0
653,0.0
654,0.00123
655,0.031100000000000003
656,0.10468999999999999
657,0.24642
658,0.3946
659,0.47554
660,0.53277
661,0.46948
662,0.36856
663,0.24534999999999998
664,0.13996
665,0.04535
666,0.0
667,0.0
668,0.0
669,0.0
670,0.0
671,0.0
672,0.0
673,0.0
674,0.0
675,0.0
676,0.0
677,0.0
678,0.0017900000000000001
679,0.06302
680,0.24353
681,0.33941000000000004
682,0.44088
683,0.49624
684,0.5823200000000001
685,0.53769
686,0.47813
687,0.32589
688,0.20027
689,0.07791
690,0.0
691,0.0
692,0.0
693,0.0
694,0.0
695,0.0
696,0.0
697,0.0
698,0.0
699,0.0
700,0.0
701,0.0
702,0.00188
703,0.08605
704,0.25793
705,0.31563
706,0.55632
707,0.58996
708,0.59162
709,0.59726
710,0.44939999999999997
711,0.31510000000000005
712,0.17128
713,0.05575
714,0.0
715,0.0
716,0.0
717,0.0
718,0.0
719,0.0
720,0.0
721,0.0
722,0.0
723,0.0
724,0.0
725,0.0
726,0.00028000000000000003
727,0.02714
728,0.16571
729,0.25206
730,0.36286
731,0.45047000000000004
732,0.35082
733,0.30057
734,0.3409
735,0.27441000000000004
736,0.0825
737,0.01503
738,0.0
739,0.0
740,0.0
741,0.0
742,0.0
743,0.0
744,0.0
745,0.0
746,0.0
747,0.0
748,0.0
749,0.0
750,0.0010500000000000002
751,0.05729
752,0.16448
753,0.26417
754,0.3375
755,0.31739
756,0.30341
757,0.46417
758,0.4859
759,0.33443
760,0.16748
761,0.049030000000000004
762,0.0
763,0.0
764,0.0
765,0.0
766,0.0
767,0.0
768,0.0
769,0.0
770,0.0
771,0.0
772,0.0
773,0.0
774,0.0
775,0.0046
776,0.016079999999999997
777,0.05009
778,0.07384
779,0.14163
780,0.21347
781,0.57351
782,0.49657999999999997
783,0.32006
784,0.13677
785,0.026449999999999998
786,0.0
787,0.0
788,0.0
789,0.0
790,0.0
791,0.0
792,0.0
793,0.0
794,0.0
795,0.0
796,0.0
797,0.0
798,0.00023999999999999998
799,0.04182
800,0.22853
801,0.36481
802,0.512
803,0.57869
804,0.45932
805,0.43721
806,0.46408
807,0.30851999999999996
808,0.17007
809,0.03186
810,0.0
811,0.0
812,0.0
813,0.0
814,0.0
815,0.0
816,0.0
817,0.0
818,0.0
819,0.0
820,0.0
821,0.0
822,0.0
823,0.028300000000000002
824,0.10685
825,0.15230000000000002
826,0.16571
827,0.15364
828,0.16
829,0.60326
830,0.44194
831,0.34422
832,0.14662
833,0.03024
834,0.0
835,0.0
836,0.0
837,0.0
838,0.0
839,0.0
840,0.0
841,0.0
842,0.0
843,0.0
844,0.0
845,0.0
846,0.00022
847,0.03198
848,0.14768
849,0.21054
850,0.22882
851,0.245
852,0.31195
853,0.63379
854,0.48602
855,0.37807
856,0.17412
857,0.03332
858,0.0
859,0.0
860,0.0
861,0.0
862,0.0
863,0.0
864,0.0
865,0.0
866,0.0
867,0.0
868,0.0
869,0.0
870,0.00054
871,0.09941
872,0.26921
873,0.26963
874,0.45635000000000003
875,0.53112
876,0.60681
877,0.52737
878,0.5825499999999999
879,0.42701
880,0.20639
881,0.07245
882,0.0
883,0.0
884,0.0
885,0.0
886,0.0
887,0.0
888,0.0
889,0.0
890,0.0
891,0.0
892,0.0
893,0.0
894,0.0019299999999999999
895,0.08056999999999999
896,0.22746
897,0.36510000000000004
898,0.27402
899,0.48976
900,0.44818
901,0.46864
902,0.34238
903,0.27152
904,0.15114
905,0.02784
906,0.0
907,0.0
908,0.0
909,0.0
910,0.0
911,0.0
912,0.0
913,0.0
914,0.0
915,0.0
916,0.0
917,0.0
918,0.00103
919,0.043429999999999996
920,0.10178
921,0.23066
922,0.32133
923,0.31011
924,0.46117
925,0.35308999999999996
926,0.43707
927,0.33005
928,0.18178
929,0.06454
930,0.0
931,0.0
932,0.0
933,0.0
934,0.0
935,0.0
936,0.0
937,0.0
938,0.0
939,0.0
940,0.0
941,0.0
942,0.00172
943,0.06615
944,0.1906
945,0.31433
946,0.54599
947,0.5988600000000001
948,0.5615399999999999
949,0.59923
950,0.51297
951,0.40146
952,0.16543
953,0.06747
954,0.0
955,0.0
956,0.0
957,0.0
958,0.0
959,0.0
960,0.0
961,0.0
962,0.0
963,0.0
964,0.0
965,0.0
966,0.00017999999999999998
967,0.06664
968,0.18097
969,0.35866000000000003
970,0.5098199999999999
971,0.53261
972,0.59529
973,0.51228
974,0.51349
975,0.38203
976,0.21921000000000002
977,0.07033
978,0.0
979,0.0
980,0.0
981,0.0
982,0.0
983,0.0
984,0.0
985,0.0
986,0.0
987,0.0
988,0.0
989,0.0
990,0.00156
991,0.06649
992,0.23328
993,0.27869
994,0.30455
995,0.38983999999999996
996,0.45803
997,0.56021
998,0.4726
999,0.39421
1000,0.20713
1001,0.061840000000000006
1002,0.0
1003,0.0
1004,0.0
1005,0.0
1006,0.0
1007,0.0
1008,0.0
1009,0.0
1010,0.0
1011,0.0
1012,0.0
1013,0.0
1014,0.0
1015,0.02948
1016,0.07232
1017,0.0865
1018,0.11704
1019,0.19961
1020,0.22627
1021,0.50842
1022,0.37325
1023,0.31606
1024,0.16988
1025,0.05662
1026,0.0
1027,0.0
1028,0.0
1029,0.0
1030,0.0
1031,0.0
1032,0.0
1033,0.0
1034,0.0
1035,0.0
1036,0.0
1037,0.0
1038,0.00172
1039,0.06123
1040,0.23177
1041,0.34304
1042,0.40469
1043,0.5126499999999999
1044,0.40441000000000005
1045,0.46023000000000003
1046,0.46198
1047,0.34952
1048,0.24653
1049,0.05693
1050,0.0
1051,0.0
1052,0.0
1053,0.0
1054,0.0
1055,0.0
1056,0.0
1057,0.0
1058,0.0
1059,0.0
1060,0.0
1061,0.0
1062,0.00015
1063,0.051840000000000004
1064,0.18487
1065,0.20687
1066,0.29102
1067,0.25877999999999995
1068,0.36443000000000003
1069,0.34566
1070,0.37585
1071,0.30901
1072,0.18747
1073,0.06302
1074,0.0
1075,0.0
1076,0.0
1077,0.0
1078,0.0
1079,0.0
1080,0.0
1081,0.0
1082,0.0
1083,0.0
1084,0.0
1085,0.0
1086,0.0
1087,0.02143
1088,0.0528
1089,0.08852
1090,0.21287999999999999
1091,0.43119999999999997
1092,0.31417
1093,0.57927
1094,0.46157
1095,0.24577000000000002
1096,0.14959999999999998
1097,0.03031
1098,0.0
1099,0.0
1100,0.0
1101,0.0
1102,0.0
1103,0.0
1104,0.0
1105,0.0
1106,0.0
1107,0.0
1108,0.0
1109,0.0
1110,0.0
1111,0.02168
1112,0.10098
1113,0.17884999999999998
1114,0.20251
1115,0.3737
1116,0.58661
1117,0.36993
1118,0.38222
1119,0.29861
1120,0.17635
1121,0.044899999999999995
1122,0.0
1123,0.0
1124,0.0
1125,0.0
1126,0.0
1127,0.0
1128,0.0
1129,0.0
1130,0.0
1131,0.0
1132,0.0
1133,0.0
1134,0.0019399999999999999
1135,0.08868000000000001
1136,0.15178999999999998
1137,0.1794
1138,0.25063
1139,0.40235000000000004
1140,0.41398
1141,0.60573
1142,0.48612
1143,0.29154
1144,0.20208
1145,0.07643000000000001
1146,0.0
1147,0.0
1148,0.0
1149,0.0
1150,0.0
1151,0.0
1152,0.0
1153,0.0
1154,0.0
1155,0.0
1156,0.0
1157,0.0
1158,0.0025
1159,0.08492
1160,0.25971
1161,0.42197
1162,0.4706
1163,0.6049800000000001
1164,0.58304
1165,0.57597
1166,0.50662
1167,0.33837
1168,0.21281999999999998
1169,0.05712
1170,0.0
1171,0.0
1172,0.0
1173,0.0
1174,0.0
1175,0.0
1176,0.0
1177,0.0
1178,0.0
1179,0.0
1180,0.0
1181,0.0
1182,0.0024300000000000003
1183,0.0881
1184,0.28191000000000005
1185,0.40701
1186,0.44876
1187,0.57312
1188,0.49715
1189,0.5464600000000001
1190,0.5013299999999999
1191,0.37424
1192,0.20098
1193,0.04445
1194,0.0
1195,0.0
1196,0.0
1197,0.0
1198,0.0
1199,0.0
1200,0.0
1201,0.0
1202,0.0
1203,0.0
1204,0.0
1205,0.0
1206,0.0
1207,0.005900000000000001
1208,0.03387
1209,0.06349
1210,0.07805
1211,0.09695999999999999
1212,0.25451
1213,0.41039
1214,0.32757
1215,0.23848
1216,0.08861
1217,0.05275
1218,0.0
1219,0.0
1220,0.0
1221,0.0
1222,0.0
1223,0.0
1224,0.0
1225,0.0
1226,0.0
1227,0.0
1228,0.0
1229,0.0
1230,0.0
1231,0.03688
1232,0.08220000000000001
1233,0.20936000000000002
1234,0.34016
1235,0.44383999999999996
1236,0.38963
1237,0.56796
1238,0.45012
1239,0.28752
1240,0.16037
1241,0.038520000000000006
1242,0.0
1243,0.0
1244,0.0
1245,0.0
1246,0.0
1247,0.0
1248,0.0
1249,0.0
1250,0.0
1251,0.0
1252,0.0
1253,0.0
1254,0.0
1255,0.03997
1256,0.14308
1257,0.24937
1258,0.28061
1259,0.26344999999999996
1260,0.15966999999999998
1261,0.33531
1262,0.34376
1263,0.26385000000000003
1264,0.17578
1265,0.05831
1266,0.0
1267,0.0
1268,0.0
1269,0.0
1270,0.0
1271,0.0
1272,0.0
1273,0.0
1274,0.0
1275,0.0
1276,0.0
1277,0.0
1278,0.00228
1279,0.09004000000000001
1280,0.25258
1281,0.4749
1282,0.58389
1283,0.61494
1284,0.54925
1285,0.6083
1286,0.56537
1287,0.37063
1288,0.18422
1289,0.06071
1290,0.0
1291,0.0
1292,0.0
1293,0.0
1294,0.0
1295,0.0
1296,0.0
1297,0.0
1298,0.0
1299,0.0
1300,0.0
1301,0.0
1302,0.0005
1303,0.06469
1304,0.17846
1305,0.30182
1306,0.44894
1307,0.5011
1308,0.60138
1309,0.56897
1310,0.54461
1311,0.26813
1312,0.13321
1313,0.016059999999999998
1314,0.0
1315,0.0
1316,0.0
1317,0.0
1318,0.0
1319,0.0
1320,0.0
1321,0.0
1322,0.0
1323,0.0
1324,0.0
1325,0.0
1326,0.00078
1327,0.04573
1328,0.16101
1329,0.24283000000000002
1330,0.35789
1331,0.33375
1332,0.29998
1333,0.5640499999999999
1334,0.42121
1335,0.37825
1336,0.21639
1337,0.052090000000000004
1338,0.0
1339,0.0
1340,0.0
1341,0.0
1342,0.0
1343,0.0
1344,0.0
1345,0.0
1346,0.0
1347,0.0
1348,0.0
1349,0.0
1350,0.0
1351,0.04152
1352,0.06618
1353,0.20061
1354,0.17418
1355,0.28269
1356,0.13523
1357,0.43807999999999997
1358,0.43477
1359,0.34781
1360,0.21052
1361,0.06925
1362,0.0
1363,0.0
1364,0.0
1365,0.0
1366,0.0
1367,0.0
1368,0.0
1369,0.0
1370,0.0
1371,0.0
1372,0.0
1373,0.0
1374,0.00163
1375,0.08019
1376,0.20771
1377,0.36934
1378,0.40589
1379,0.5278400000000001
1380,0.5237
1381,0.65266
1382,0.61815
1383,0.43792000000000003
1384,0.21169
1385,0.09196
1386,0.0
1387,0.0
1388,0.0
1389,0.0
1390,0.0
1391,0.0
1392,0.0
1393,0.0
1394,0.0
1395,0.0
1396,0.0
1397,0.0
1398,0.00231
1399,0.08976
1400,0.20635
1401,0.32068
1402,0.4188
1403,0.51416
1404,0.51752
1405,0.58993
1406,0.55935
1407,0.32288
1408,0.26375
1409,0.07418000000000001
1410,0.0
1411,0.0
1412,0.0
1413,0.0
1414,0.0
1415,0.0
1416,0.0
1417,0.0
1418,0.0
1419,0.0
1420,0.0
1421,0.0
1422,0.00269
1423,0.07451
1424,0.21881
1425,0.32377999999999996
1426,0.45982999999999996
1427,0.54516
1428,0.48760000000000003
1429,0.52631
1430,0.43633
1431,0.31635
1432,0.15904
1433,0.04142
1434,0.0
1435,0.0
1436,0.0
1437,0.0
1438,0.0
1439,0.0
1440,0.0
1441,0.0
1442,0.0
1443,0.0
1444,0.0
1445,0.0
1446,0.0020800000000000003
1447,0.06123
1448,0.19608
1449,0.22426
1450,0.36426
1451,0.48976
1452,0.47288
1453,0.49844
1454,0.46358
1455,0.25995
1456,0.16746
1457,0.047119999999999995
1458,0.0
1459,0.0
1460,0.0
1461,0.0
1462,0.0
1463,0.0
1464,0.0
1465,0.0
1466,0.0
1467,0.0
1468,0.0
1469,0.0
1470,0.00331
1471,0.07108
1472,0.17676
1473,0.25711
1474,0.21893
1475,0.1448
1476,0.36551
1477,0.44145
1478,0.34295
1479,0.33466
1480,0.17746
1481,0.04125
1482,0.0
1483,0.0
1484,0.0
1485,0.0
1486,0.0
1487,0.0
1488,0.0
1489,0.0
1490,0.0
1491,0.0
1492,0.0
1493,0.0
1494,0.00123
1495,0.04562
1496,0.12853
1497,0.24017
1498,0.30435
1499,0.39394
1500,0.36265
1501,0.52664
1502,0.55112
1503,0.39104
1504,0.19281
1505,0.039439999999999996
1506,0.0
1507,0.0
1508,0.0
1509,0.0
1510,0.0
1511,0.0
1512,0.0
1513,0.0
1514,0.0
1515,0.0
1516,0.0
1517,0.0
1518,0.00329
1519,0.08428000000000001
1520,0.23748
1521,0.34114999999999995
1522,0.41524
1523,0.42877
1524,0.56164
1525,0.43805
1526,0.44668
1527,0.41304
1528,0.21503999999999998
1529,0.06292
1530,0.0
1531,0.0
1532,0.0
1533,0.0
1534,0.0
1535,0.0
1536,0.0
1537,0.0
1538,0.0
1539,0.0
1540,0.0
1541,0.0
1542,0.003
1543,0.09528
1544,0.2115
1545,0.32033999999999996
1546,0.443
1547,0.47604
1548,0.44825
1549,0.33607
1550,0.40917000000000003
1551,0.31538
1552,0.16579
1553,0.04101
1554,0.0
1555,0.0
1556,0.0
1557,0.0
1558,0.0
1559,0.0
1560,0.0
1561,0.0
1562,0.0
1563,0.0
1564,0.0
1565,0.0
1566,0.00109
1567,0.01039
1568,0.00756
1569,0.01617
1570,0.05407
1571,0.21711000000000003
1572,0.27926999999999996
1573,0.61354
1574,0.54508
1575,0.39868000000000003
1576,0.13341
1577,0.03282
1578,0.0
1579,0.0
1580,0.0
1581,0.0
1582,0.0
1583,0.0
1584,0.0
1585,0.0
1586,0.0
1587,0.0
1588,0.0
1589,0.0
1590,0.004059999999999999
1591,0.07926000000000001
1592,0.13978
1593,0.33087
1594,0.45099
1595,0.43738
1596,0.55368
1597,0.58173
1598,0.5491699999999999
1599,0.40238999999999997
1600,0.16942
1601,0.06543
1602,0.0
1603,0.0
1604,0.0
1605,0.0
1606,0.0
1607,0.0
1608,0.0
1609,0.0
1610,0.0
1611,0.0
1612,0.0
1613,0.0
1614,0.00307
1615,0.05821
1616,0.20443
1617,0.39344
1618,0.49721
1619,0.61682
1620,0.6212000000000001
1621,0.6755599999999999
1622,0.52342
1623,0.36146
1624,0.22371000000000002
1625,0.06366
1626,0.0
1627,0.0
1628,0.0
1629,0.0
1630,0.0
1631,0.0
1632,0.0
1633,0.0
1634,0.0
1635,0.0
1636,0.0
1637,0.0
1638,0.00419
1639,0.03866
1640,0.12029999999999999
1641,0.25553
1642,0.33788
1643,0.46558
1644,0.47431
1645,0.60249
1646,0.43592000000000003
1647,0.24749000000000002
1648,0.16272
1649,0.05891
1650,0.0
1651,0.0
1652,0.0
1653,0.0
1654,0.0
1655,0.0
1656,0.0
1657,0.0
1658,0.0
1659,0.0
1660,0.0
1661,0.0
1662,0.0
1663,0.0232
1664,0.06839
1665,0.22322
1666,0.29575999999999997
1667,0.36745999999999995
1668,0.61999
1669,0.58563
1670,0.5013500000000001
1671,0.34743
1672,0.25883
1673,0.061189999999999994
1674,0.0
1675,0.0
1676,0.0
1677,0.0
1678,0.0
1679,0.0
1680,0.0
1681,0.0
1682,0.0
1683,0.0
1684,0.0
1685,0.0
1686,0.00401
1687,0.09581999999999999
1688,0.31394
1689,0.42436
1690,0.48511000000000004
1691,0.56475
1692,0.5734199999999999
1693,0.64523
1694,0.50361
1695,0.33076
1696,0.22949
1697,0.04252
1698,0.0
1699,0.0
1700,0.0
1701,0.0
1702,0.0
1703,0.0
1704,0.0
1705,0.0
1706,0.0
1707,0.0
1708,0.0
1709,0.0
1710,0.0005
1711,0.01109
1712,0.0039900000000000005
1713,0.0
1714,0.024829999999999998
1715,0.10205
1716,0.46366
1717,0.49495999999999996
1718,0.5327999999999999
1719,0.35455000000000003
1720,0.21522999999999998
1721,0.062229999999999994
1722,0.0
1723,0.0
1724,0.0
1725,0.0
1726,0.0
1727,0.0
1728,0.0
1729,0.0
1730,0.0
1731,0.0
1732,0.0
1733,0.0
1734,0.00164
1735,0.03836
1736,0.14077
1737,0.19247999999999998
1738,0.29552
1739,0.20518
1740,0.13882
1741,0.28864
1742,0.35572000000000004
1743,0.22053
1744,0.17185
1745,0.04205
1746,0.0
1747,0.0
1748,0.0
1749,0.0
1750,0.0
1751,0.0
1752,0.0
1753,0.0
1754,0.0
1755,0.0
1756,0.0
1757,0.0
1758,0.00367
1759,0.11325
1760,0.26163
1761,0.43479
1762,0.51184
1763,0.58413
1764,0.6849400000000001
1765,0.5386799999999999
1766,0.5641799999999999
1767,0.39314
1768,0.19077000000000002
1769,0.061259999999999995
1770,0.0
1771,0.0
1772,0.0
1773,0.0
1774,0.0
1775,0.0
1776,0.0
1777,0.0
1778,0.0
1779,0.0
1780,0.0
1781,0.0
1782,0.0034300000000000003
1783,0.09977
1784,0.20886000000000002
1785,0.35481
1786,0.46426
1787,0.6045499999999999
1788,0.57573
1789,0.5091100000000001
1790,0.42515
1791,0.34442
1792,0.16804
1793,0.053439999999999994
1794,0.0
1795,0.0
1796,0.0
1797,0.0
1798,0.0
1799,0.0
1800,0.0
1801,0.0
1802,0.0
1803,0.0
1804,0.0
1805,0.0
1806,0.00513
1807,0.09753
1808,0.23468
1809,0.37386
1810,0.46847000000000005
1811,0.54598
1812,0.45981
1813,0.64476
1814,0.54818
1815,0.36136
1816,0.14973
1817,0.04761
1818,0.0
1819,0.0
1820,0.0
1821,0.0
1822,0.0
1823,0.0
1824,0.0
1825,0.0
1826,0.0
1827,0.0
1828,0.0
1829,0.0
1830,0.0038900000000000002
1831,0.13027
1832,0.33885000000000004
1833,0.45339999999999997
1834,0.5971900000000001
1835,0.59115
1836,0.52763
1837,0.63723
1838,0.5478200000000001
1839,0.37401999999999996
1840,0.24455000000000002
1841,0.061880000000000004
1842,0.0
1843,0.0
1844,0.0
1845,0.0
1846,0.0
1847,0.0
1848,0.0
1849,0.0
1850,0.0
1851,0.0
1852,0.0
1853,0.0
1854,0.00365
1855,0.08145999999999999
1856,0.1348
1857,0.24575999999999998
1858,0.48511000000000004
1859,0.55706
1860,0.55598
1861,0.6047
1862,0.44353
1863,0.39215
1864,0.19856000000000001
1865,0.06426000000000001
1866,0.0
1867,0.0
1868,0.0
1869,0.0
1870,0.0
1871,0.0
1872,0.0
1873,0.0
1874,0.0
1875,0.0
1876,0.0
1877,0.0
1878,0.00352
1879,0.06053
1880,0.22578
1881,0.33963
1882,0.36707
1883,0.34914999999999996
1884,0.31748000000000004
1885,0.58315
1886,0.5205599999999999
1887,0.295
1888,0.18008000000000002
1889,0.05375
1890,0.0
1891,0.0
1892,0.0
1893,0.0
1894,0.0
1895,0.0
1896,0.0
1897,0.0
1898,0.0
1899,0.0
1900,0.0
1901,0.0
1902,0.00225
1903,0.11985
1904,0.29964999999999997
1905,0.50499
1906,0.6266
1907,0.6716599999999999
1908,0.72848
1909,0.67161
1910,0.5800599999999999
1911,0.39331
1912,0.22153
1913,0.06983
1914,0.0
1915,0.0
1916,0.0
1917,0.0
1918,0.0
1919,0.0
1920,0.0
1921,0.0
1922,0.0
1923,0.0
1924,0.0
1925,0.0
1926,0.004730000000000001
1927,0.16063
1928,0.3509
1929,0.53327
1930,0.62205
1931,0.67857
1932,0.6426499999999999
1933,0.68084
1934,0.5717899999999999
1935,0.39943
1936,0.25386000000000003
1937,0.07759999999999999
1938,0.0
1939,0.0
1940,0.0
1941,0.0
1942,0.0
1943,0.0
1944,0.0
1945,0.0
1946,0.0
1947,0.0
1948,0.0
1949,0.0
1950,0.00441
1951,0.14249
1952,0.35054
1953,0.49443
1954,0.62598
1955,0.6876599999999999
1956,0.7090700000000001
1957,0.59056
1958,0.5133300000000001
1959,0.39820999999999995
1960,0.25146999999999997
1961,0.06956
1962,0.0
1963,0.0
1964,0.0
1965,0.0
1966,0.0
1967,0.0
1968,0.0
1969,0.0
1970,0.0
1971,0.0
1972,0.0
1973,0.0
1974,0.00813
1975,0.12111
1976,0.26905
1977,0.40838
1978,0.5193300000000001
1979,0.61283
1980,0.6209199999999999
1981,0.6094299999999999
1982,0.51302
1983,0.36581
1984,0.20980000000000001
1985,0.0519
1986,0.0
1987,0.0
1988,0.0
1989,0.0
1990,0.0
1991,0.0
1992,0.0
1993,0.0
1994,0.0
1995,0.0
1996,0.0
1997,0.0
1998,0.00226
1999,0.04307
2000,0.2226
2001,0.30727
2002,0.40313
2003,0.6030599999999999
2004,0.5434
2005,0.49187000000000003
2006,0.43107999999999996
2007,0.23625
2008,0.12242
2009,0.03276
2010,0.0
2011,0.0
2012,0.0
2013,0.0
2014,0.0
2015,0.0
2016,0.0
2017,0.0
2018,0.0
2019,0.0
2020,0.0
2021,0.0
2022,0.00147
2023,0.08033
2024,0.17894
2025,0.24811000000000002
2026,0.45036000000000004
2027,0.43787
2028,0.44076
2029,0.24731999999999998
2030,0.26389999999999997
2031,0.24433000000000002
2032,0.15259999999999999
2033,0.024739999999999998
2034,0.0
2035,0.0
2036,0.0
2037,0.0
2038,0.0
2039,0.0
2040,0.0
2041,0.0
2042,0.0
2043,0.0
2044,0.0
2045,0.0
2046,0.00564
2047,0.10789
2048,0.262
2049,0.36391
2050,0.42737
2051,0.49384
2052,0.5165700000000001
2053,0.50968
2054,0.47691
2055,0.37382
2056,0.16849
2057,0.0423
2058,0.0
2059,0.0
2060,0.0
2061,0.0
2062,0.0
2063,0.0
2064,0.0
2065,0.0
2066,0.0
2067,0.0
2068,0.0
2069,0.0
2070,0.0024100000000000002
2071,0.06648
2072,0.12541
2073,0.27518
2074,0.26203
2075,0.44712999999999997
2076,0.51967
2077,0.50172
2078,0.46481
2079,0.29174
2080,0.19541999999999998
2081,0.05201
2082,0.0
2083,0.0
2084,0.0
2085,0.0
2086,0.0
2087,0.0
2088,0.0
2089,0.0
2090,0.0
2091,0.0
2092,0.0
2093,0.0
2094,0.0019399999999999999
2095,0.04341
2096,0.08496
2097,0.21816999999999998
2098,0.20252
2099,0.36757
2100,0.32712
2101,0.24450999999999998
2102,0.24463
2103,0.22751
2104,0.11369
2105,0.02379
2106,0.0
2107,0.0
2108,0.0
2109,0.0
2110,0.0
2111,0.0
2112,0.0
2113,0.0
2114,0.0
2115,0.0
2116,0.0
2117,0.0
2118,0.00654
2119,0.09862
2120,0.12448000000000001
2121,0.29067000000000004
2122,0.38771
2123,0.38206
2124,0.39315
2125,0.55138
2126,0.40041000000000004
2127,0.29699000000000003
2128,0.1681
2129,0.048299999999999996
2130,0.0
2131,0.0
2132,0.0
2133,0.0
2134,0.0
2135,0.0
2136,0.0
2137,0.0
2138,0.0
2139,0.0
2140,0.0
2141,0.0
2142,0.00083
2143,0.04158
2144,0.13937
2145,0.26679
2146,0.34793
2147,0.27021
2148,0.41914
2149,0.26843
2150,0.33376999999999996
2151,0.21938999999999997
2152,0.15065
2153,0.04474
2154,0.0
2155,0.0
2156,0.0
2157,0.0
2158,0.0
2159,0.0
2160,0.0
2161,0.0
2162,0.0
2163,0.0
2164,0.0
2165,0.0
2166,0.0037400000000000003
2167,0.10673
2168,0.19141
2169,0.32149
2170,0.31854000000000005
2171,0.39924
2172,0.56044
2173,0.23037
2174,0.35402
2175,0.16991
2176,0.11776
2177,0.040530000000000004
2178,0.0
2179,0.0
2180,0.0
2181,0.0
2182,0.0
2183,0.0
2184,0.0
2185,0.0
2186,0.0
2187,0.0
2188,0.0
2189,0.0
2190,0.00792
2191,0.13284
2192,0.35972000000000004
2193,0.48458
2194,0.6200399999999999
2195,0.6334
2196,0.62946
2197,0.57778
2198,0.41833
2199,0.30847
2200,0.15800999999999998
2201,0.04524
2202,0.0
2203,0.0
2204,0.0
2205,0.0
2206,0.0
2207,0.0
2208,0.0
2209,0.0
2210,0.0
2211,0.0
2212,0.0
2213,0.0
2214,0.00596
2215,0.09591
2216,0.29302999999999996
2217,0.48410000000000003
2218,0.58529
2219,0.60433
2220,0.63859
2221,0.51351
2222,0.46377999999999997
2223,0.41363
2224,0.16563
2225,0.05485
2226,0.0
2227,0.0
2228,0.0
2229,0.0
2230,0.0
2231,0.0
2232,0.0
2233,0.0
2234,0.0
2235,0.0
2236,0.0
2237,0.0
2238,0.00065
2239,0.01989
2240,0.10099
2241,0.22727
2242,0.41949000000000003
2243,0.39321
2244,0.48347
2245,0.5478200000000001
2246,0.42835
2247,0.33916
2248,0.13824
2249,0.03488
2250,0.0
2251,0.0
2252,0.0
2253,0.0
2254,0.0
2255,0.0
2256,0.0
2257,0.0
2258,0.0
2259,0.0
2260,0.0
2261,0.0
2262,0.00613
2263,0.060399999999999995
2264,0.19738999999999998
2265,0.27516
2266,0.40314999999999995
2267,0.5203099999999999
2268,0.6258400000000001
2269,0.39588
2270,0.45835000000000004
2271,0.30972000000000005
2272,0.16506
2273,0.03397
2274,0.0
2275,0.0
2276,0.0
2277,0.0
2278,0.0
2279,0.0
2280,0.0
2281,0.0
2282,0.0
2283,0.0
2284,0.0
2285,0.0
2286,0.0032400000000000003
2287,0.08466
2288,0.23853
2289,0.34038
2290,0.33388999999999996
2291,0.40455
2292,0.36066000000000004
2293,0.51439
2294,0.43167
2295,0.25608
2296,0.11655
2297,0.02898
2298,0.0
2299,0.0
2300,0.0
2301,0.0
2302,0.0
2303,0.0
2304,0.0
2305,0.0
2306,0.0
2307,0.0
2308,0.0
2309,0.0
2310,0.00614
2311,0.08113
2312,0.22672
2313,0.39041000000000003
2314,0.34797
2315,0.5286900000000001
2316,0.54171
2317,0.49665
2318,0.30532
2319,0.20293
2320,0.08824
2321,0.02205
2322,0.0
2323,0.0
2324,0.0
2325,0.0
2326,0.0
2327,0.0
2328,0.0
2329,0.0
2330,0.0
2331,0.0
2332,0.0
2333,0.0
2334,0.00601
2335,0.09517
2336,0.21325999999999998
2337,0.20529
2338,0.32726
2339,0.31781
2340,0.45387
2341,0.32809
2342,0.26791000000000004
2343,0.15478999999999998
2344,0.09189
2345,0.02497
2346,0.0
2347,0.0
2348,0.0
2349,0.0
2350,0.0
2351,0.0
2352,0.0
2353,0.0
2354,0.0
2355,0.0
2356,0.0
2357,0.0
2358,0.0
2359,0.00225
2360,0.0024700000000000004
2361,0.01523
2362,0.0148
2363,0.03362
2364,0.020370000000000003
2365,0.28768
2366,0.23397
2367,0.15178
2368,0.056119999999999996
2369,0.01111
2370,0.0
2371,0.0
2372,0.0
2373,0.0
2374,0.0
2375,0.0
2376,0.0
2377,0.0
2378,0.0
2379,0.0
2380,0.0
2381,0.0
2382,0.0013
2383,0.04425
2384,0.1363
2385,0.17155
2386,0.24184999999999998
2387,0.16546
2388,0.22991999999999999
2389,0.36845
2390,0.24962
2391,0.13656000000000001
2392,0.11709
2393,0.027329999999999997
2394,0.0
2395,0.0
2396,0.0
2397,0.0
2398,0.0
2399,0.0
2400,0.0
2401,0.0
2402,0.0
2403,0.0
2404,0.0
2405,0.0
2406,0.00874
2407,0.09164
2408,0.18763999999999997
2409,0.29539
2410,0.31106
2411,0.47934
2412,0.38795999999999997
2413,0.45843
2414,0.3425
2415,0.13404
2416,0.07798000000000001
2417,0.023469999999999998
2418,0.0
2419,0.0
2420,0.0
2421,0.0
2422,0.0
2423,0.0
2424,0.0
2425,0.0
2426,0.0
2427,0.0
2428,0.0
2429,0.0
2430,0.00075
2431,0.02691
2432,0.05577
2433,0.09387999999999999
2434,0.20136
2435,0.32927
2436,0.29484
2437,0.19701
2438,0.24681999999999998
2439,0.1517
2440,0.09059
2441,0.02573
2442,0.0
2443,0.0
2444,0.0
2445,0.0
2446,0.0
2447,0.0
2448,0.0
2449,0.0
2450,0.0
2451,0.0
2452,0.0
2453,0.0
2454,0.00508
2455,0.05849
2456,0.08017
2457,0.1905
2458,0.17717
2459,0.17371999999999999
2460,0.22422999999999998
2461,0.17737
2462,0.14468999999999999
2463,0.14412
2464,0.11173999999999999
2465,0.028739999999999998
2466,0.0
2467,0.0
2468,0.0
2469,0.0
2470,0.0
2471,0.0
2472,0.0
2473,0.0
2474,0.0
2475,0.0
2476,0.0
2477,0.0
2478,0.01001
2479,0.09927
2480,0.20865
2481,0.34669
2482,0.31204000000000004
2483,0.49428
2484,0.5428
2485,0.5017699999999999
2486,0.4208
2487,0.26377999999999996
2488,0.13405
2489,0.01543
2490,0.0
2491,0.0
2492,0.0
2493,0.0
2494,0.0
2495,0.0
2496,0.0
2497,0.0
2498,0.0
2499,0.0
2500,0.0
2501,0.0
2502,0.013730000000000001
2503,0.17163
2504,0.33524
2505,0.42171
2506,0.49428
2507,0.511
2508,0.55141
2509,0.5720299999999999
2510,0.48607
2511,0.27270999999999995
2512,0.1015
2513,0.030809999999999997
2514,0.0
2515,0.0
2516,0.0
2517,0.0
2518,0.0
2519,0.0
2520,0.0
2521,0.0
2522,0.0
2523,0.0
2524,0.0
2525,0.0
2526,0.0071200000000000005
2527,0.08195999999999999
2528,0.18433000000000002
2529,0.26213
2530,0.46264
2531,0.51964
2532,0.52023
2533,0.48561
2534,0.2774
2535,0.20795
2536,0.11134000000000001
2537,0.03388
2538,0.0
2539,0.0
2540,0.0
2541,0.0
2542,0.0
2543,0.0
2544,0.0
2545,0.0
2546,0.0
2547,0.0
2548,0.0
2549,0.0
2550,0.01427
2551,0.13847
2552,0.34104
2553,0.47801
2554,0.53297
2555,0.5876
2556,0.6435
2557,0.5395599999999999
2558,0.35214999999999996
2559,0.24448
2560,0.128
2561,0.02708
2562,0.0
2563,0.0
2564,0.0
2565,0.0
2566,0.0
2567,0.0
2568,0.0
2569,0.0
2570,0.0
2571,0.0
2572,0.0
2573,0.0
2574,0.00455
2575,0.03571
2576,0.07619
2577,0.17146
2578,0.17890999999999999
2579,0.1343
2580,0.13393
2581,0.16003
2582,0.16616999999999998
2583,0.14525
2584,0.09115000000000001
2585,0.01716
2586,0.0
2587,0.0
2588,0.0
2589,0.0
2590,0.0
2591,0.0
2592,0.0
2593,0.0
2594,0.0
2595,0.0
2596,0.0
2597,0.0
2598,0.009689999999999999
2599,0.15130000000000002
2600,0.19435
2601,0.37512
2602,0.46867000000000003
2603,0.37407999999999997
2604,0.59234
2605,0.6123999999999999
2606,0.4622
2607,0.26644
2608,0.15844
2609,0.03574
2610,0.0
2611,0.0
2612,0.0
2613,0.0
2614,0.0
2615,0.0
2616,0.0
2617,0.0
2618,0.0
2619,0.0
2620,0.0
2621,0.0
2622,0.01083
2623,0.13431
2624,0.27097000000000004
2625,0.40682
2626,0.46364999999999995
2627,0.54504
2628,0.44904
2629,0.42878
2630,0.38351999999999997
2631,0.27102
2632,0.08721999999999999
2633,0.013
2634,0.0
2635,0.0
2636,0.0
2637,0.0
2638,0.0
2639,0.0
2640,0.0
2641,0.0
2642,0.0
2643,0.0
2644,0.0
2645,0.0
2646,0.00369
2647,0.053770000000000005
2648,0.18472
2649,0.32929
2650,0.48164
2651,0.59754
2652,0.46572
2653,0.36997
2654,0.33837
2655,0.30366000000000004
2656,0.14178
2657,0.033170000000000005
2658,0.0
2659,0.0
2660,0.0
2661,0.0
2662,0.0
2663,0.0
2664,0.0
2665,0.0
2666,0.0
2667,0.0
2668,0.0
2669,0.0
2670,0.00888
2671,0.09334999999999999
2672,0.14228
2673,0.21812
2674,0.41474
2675,0.31761
2676,0.38594
2677,0.3306
2678,0.20372
2679,0.13255
2680,0.09586
2681,0.02078
2682,0.0
2683,0.0
2684,0.0
2685,0.0
2686,0.0
2687,0.0
2688,0.0
2689,0.0
2690,0.0
2691,0.0
2692,0.0
2693,0.0
2694,0.00239
2695,0.04138
2696,0.05348
2697,0.10687
2698,0.054479999999999994
2699,0.10839
2700,0.03712
2701,0.23543
2702,0.21353999999999998
2703,0.09467
2704,0.03091
2705,0.01112
2706,0.0
2707,0.0
2708,0.0
2709,0.0
2710,0.0
2711,0.0
2712,0.0
2713,0.0
2714,0.0
2715,0.0
2716,0.0
2717,0.0
2718,0.0
2719,0.007980000000000001
2720,0.06673
2721,0.08710999999999999
2722,0.14733000000000002
2723,0.11165
2724,0.14903
2725,0.30029
2726,0.40966
2727,0.29161000000000004
2728,0.16405
2729,0.03729
2730,0.0
2731,0.0
2732,0.0
2733,0.0
2734,0.0
2735,0.0
2736,0.0
2737,0.0
2738,0.0
2739,0.0
2740,0.0
2741,0.0
2742,0.013179999999999999
2743,0.0699
2744,0.1293
2745,0.30051
2746,0.40236
2747,0.47208
2748,0.5569500000000001
2749,0.52373
2750,0.42166000000000003
2751,0.24175
2752,0.14329
2753,0.02885
2754,0.0
2755,0.0
2756,0.0
2757,0.0
2758,0.0
2759,0.0
2760,0.0
2761,0.0
2762,0.0
2763,0.0
2764,0.0
2765,0.0
2766,0.00398
2767,0.05693
2768,0.1819
2769,0.15203999999999998
2770,0.17853
2771,0.30706
2772,0.36010000000000003
2773,0.40714999999999996
2774,0.18443
2775,0.11052
2776,0.0731
2777,0.01376
2778,0.0
2779,0.0
2780,0.0
2781,0.0
2782,0.0
2783,0.0
2784,0.0
2785,0.0
2786,0.0
2787,0.0
2788,0.0
2789,0.0
2790,0.012240000000000001
2791,0.08978
2792,0.17563
2793,0.23398
2794,0.32226
2795,0.41445
2796,0.35479
2797,0.27932999999999997
2798,0.12440000000000001
2799,0.10812000000000001
2800,0.08663
2801,0.02197
2802,0.0
2803,0.0
2804,0.0
2805,0.0
2806,0.0
2807,0.0
2808,0.0
2809,0.0
2810,0.0
2811,0.0
2812,0.0
2813,0.0
2814,0.0
2815,0.00541
2816,0.02471
2817,0.06439
2818,0.14923
2819,0.21494
2820,0.23186
2821,0.5009100000000001
2822,0.28472000000000003
2823,0.15418
2824,0.09633
2825,0.0094
2826,0.0
2827,0.0
2828,0.0
2829,0.0
2830,0.0
2831,0.0
2832,0.0
2833,0.0
2834,0.0
2835,0.0
2836,0.0
2837,0.0
2838,0.00726
2839,0.04161
2840,0.16227
2841,0.28241000000000005
2842,0.30902999999999997
2843,0.39130000000000004
2844,0.31214
2845,0.3436
2846,0.35094
2847,0.1797
2848,0.07035
2849,0.01304
2850,0.0
2851,0.0
2852,0.0
2853,0.0
2854,0.0
2855,0.0
2856,0.0
2857,0.0
2858,0.0
2859,0.0
2860,0.0
2861,0.0
2862,0.00688
2863,0.03756
2864,0.08374
2865,0.16544999999999999
2866,0.14529
2867,0.14284
2868,0.08915000000000001
2869,0.0861
2870,0.15074
2871,0.13801
2872,0.1077
2873,0.01597
2874,0.0
2875,0.0
2876,0.0
2877,0.0
2878,0.0
2879,0.0
2880,0.0
2881,0.0
2882,0.0
2883,0.0
2884,0.0
2885,0.0
2886,0.01048
2887,0.048670000000000005
2888,0.139
2889,0.1579
2890,0.36322000000000004
2891,0.41131
2892,0.48765
2893,0.34741000000000005
2894,0.3638
2895,0.24273
2896,0.1576
2897,0.03653
2898,0.0
2899,0.0
2900,0.0
2901,0.0
2902,0.0
2903,0.0
2904,0.0
2905,0.0
2906,0.0
2907,0.0
2908,0.0
2909,0.0
2910,0.00232
2911,0.04368
2912,0.11129
2913,0.17301
2914,0.19596
2915,0.24117
2916,0.21259999999999998
2917,0.35477
2918,0.3221
2919,0.18216
2920,0.15558000000000002
2921,0.03334
2922,0.0
2923,0.0
2924,0.0
2925,0.0
2926,0.0
2927,0.0
2928,0.0
2929,0.0
2930,0.0
2931,0.0
2932,0.0
2933,0.0
2934,0.00553
2935,0.03406
2936,0.11725
2937,0.16556
2938,0.1695
2939,0.29957999999999996
2940,0.26039999999999996
2941,0.35031
2942,0.33404
2943,0.20022
2944,0.08378000000000001
2945,0.01107
2946,0.0
2947,0.0
2948,0.0
2949,0.0
2950,0.0
2951,0.0
2952,0.0
2953,0.0
2954,0.0
2955,0.0
2956,0.0
2957,0.0
2958,0.00174
2959,0.00561
2960,0.0
2961,0.00039
2962,0.03472
2963,0.02114
2964,0.0989
2965,0.42267
2966,0.35086
2967,0.19593
2968,0.0928
2969,0.02888
2970,0.0
2971,0.0
2972,0.0
2973,0.0
2974,0.0
2975,0.0
2976,0.0
2977,0.0
2978,0.0
2979,0.0
2980,0.0
2981,0.0
2982,0.02149
2983,0.14169
2984,0.29156
2985,0.35326
2986,0.4629
2987,0.41968
2988,0.50526
2989,0.49712
2990,0.29249
2991,0.21758000000000002
2992,0.06362
2993,0.01358
2994,0.0
2995,0.0
2996,0.0
2997,0.0
2998,0.0
2999,0.0
3000,0.0
3001,0.0
3002,0.0
3003,0.0
3004,0.0
3005,0.0
3006,0.0103
3007,0.09727
3008,0.21278999999999998
3009,0.35289
3010,0.25376
3011,0.39804
3012,0.29408
3013,0.30301
3014,0.28476
3015,0.17747
3016,0.05926
3017,0.01276
3018,0.0
3019,0.0
3020,0.0
3021,0.0
3022,0.0
3023,0.0
3024,0.0
3025,0.0
3026,0.0
3027,0.0
3028,0.0
3029,0.0
3030,0.006889999999999999
3031,0.055990000000000005
3032,0.1275
3033,0.13125
3034,0.27106
3035,0.27827999999999997
3036,0.5229600000000001
3037,0.47756
3038,0.34482999999999997
3039,0.20216
3040,0.08111
3041,0.01648
3042,0.0
3043,0.0
3044,0.0
3045,0.0
3046,0.0
3047,0.0
3048,0.0
3049,0.0
3050,0.0
3051,0.0
3052,0.0
3053,0.0
3054,0.0034100000000000003
3055,0.07008
3056,0.18741
3057,0.17485
3058,0.29104
3059,0.37926
3060,0.27288999999999997
3061,0.42767
3062,0.36071
3063,0.22307
3064,0.11891
3065,0.01865
3066,0.0
3067,0.0
3068,0.0
3069,0.0
3070,0.0
3071,0.0
3072,0.0
3073,0.0
3074,0.0
3075,0.0
3076,0.0
3077,0.0
3078,0.0088
3079,0.09899
3080,0.18043
3081,0.24292
3082,0.4363
3083,0.41016
3084,0.33875
3085,0.30445999999999995
3086,0.20036
3087,0.15600999999999998
3088,0.04635
3089,0.0085
3090,0.0
3091,0.0
3092,0.0
3093,0.0
3094,0.0
3095,0.0
3096,0.0
3097,0.0
3098,0.0
3099,0.0
3100,0.0
3101,0.0
3102,0.00783
3103,0.07171
3104,0.15497999999999998
3105,0.33000999999999997
3106,0.39913
3107,0.46436
3108,0.4703
3109,0.38145999999999997
3110,0.23748
3111,0.19576
3112,0.039619999999999995
3113,0.00977
3114,0.0
3115,0.0
3116,0.0
3117,0.0
3118,0.0
3119,0.0
3120,0.0
3121,0.0
3122,0.0
3123,0.0
3124,0.0
3125,0.0
3126,0.01445
3127,0.08859
3128,0.23237
3129,0.32277999999999996
3130,0.3369
3131,0.42312
3132,0.4715
3133,0.39287
3134,0.36855
3135,0.26319
3136,0.1145
3137,0.03332
3138,0.0
3139,0.0
3140,0.0
3141,0.0
3142,0.0
3143,0.0
3144,0.0
3145,0.0
3146,0.0
3147,0.0
3148,0.0
3149,0.0
3150,0.0011
3151,0.01158
3152,0.011619999999999998
3153,0.060520000000000004
3154,0.08494
3155,0.25163
3156,0.22698
3157,0.20004
3158,0.16496
3159,0.09623999999999999
3160,0.05651
3161,0.01246
3162,0.0
3163,0.0
3164,0.0
3165,0.0
3166,0.0
3167,0.0
3168,0.0
3169,0.0
3170,0.0
3171,0.0
3172,0.0
3173,0.0
3174,0.01509
3175,0.11832
3176,0.26912
3177,0.46811
3178,0.42967
3179,0.58386
3180,0.6307699999999999
3181,0.53213
3182,0.41907
3183,0.24102
3184,0.09365000000000001
3185,0.02457
3186,0.0
3187,0.0
3188,0.0
3189,0.0
3190,0.0
3191,0.0
3192,0.0
3193,0.0
3194,0.0
3195,0.0
3196,0.0
3197,0.0
3198,0.015269999999999999
3199,0.13603
3200,0.24575
3201,0.42904000000000003
3202,0.5489299999999999
3203,0.52644
3204,0.59412
3205,0.45832999999999996
3206,0.35506
3207,0.25805
3208,0.08447
3209,0.018949999999999998
3210,0.0
3211,0.0
3212,0.0
3213,0.0
3214,0.0
3215,0.0
3216,0.0
3217,0.0
3218,0.0
3219,0.0
3220,0.0
3221,0.0
3222,0.0
3223,0.00521
3224,0.02096
3225,0.05012
3226,0.07346
3227,0.19540000000000002
3228,0.16927
3229,0.47024
3230,0.2728
3231,0.24047
3232,0.12656
3233,0.01788
3234,0.0
3235,0.0
3236,0.0
3237,0.0
3238,0.0
3239,0.0
3240,0.0
3241,0.0
3242,0.0
3243,0.0
3244,0.0
3245,0.0
3246,0.01124
3247,0.11012999999999999
3248,0.20822
3249,0.38032
3250,0.42572000000000004
3251,0.45717
3252,0.43122000000000005
3253,0.35219
3254,0.16147999999999998
3255,0.13641999999999999
3256,0.03989
3257,0.01455
3258,0.0
3259,0.0
3260,0.0
3261,0.0
3262,0.0
3263,0.0
3264,0.0
3265,0.0
3266,0.0
3267,0.0
3268,0.0
3269,0.0
3270,0.00856
3271,0.06276
3272,0.17593
3273,0.18966
3274,0.21308000000000002
3275,0.27121
3276,0.22421000000000002
3277,0.28696
3278,0.12996000000000002
3279,0.04865
3280,0.016800000000000002
3281,0.0010400000000000001
3282,0.0
3283,0.0
3284,0.0
3285,0.0
3286,0.0
3287,0.0
3288,0.0
3289,0.0
3290,0.0
3291,0.0
3292,0.0
3293,0.0
3294,0.00198
3295,0.023710000000000002
3296,0.09566
3297,0.16879
3298,0.28942
3299,0.21603999999999998
3300,0.26069
3301,0.1989
3302,0.20927
3303,0.14359
3304,0.06726
3305,0.02145
3306,0.0
3307,0.0
3308,0.0
3309,0.0
3310,0.0
3311,0.0
3312,0.0
3313,0.0
3314,0.0
3315,0.0
3316,0.0
3317,0.0
3318,0.00375
3319,0.046259999999999996
3320,0.15806
3321,0.21203
3322,0.21808000000000002
3323,0.25392
3324,0.40688
3325,0.17947
3326,0.15193
3327,0.039380000000000005
3328,0.030019999999999998
3329,0.00524
3330,0.0
3331,0.0
3332,0.0
3333,0.0
3334,0.0
3335,0.0
3336,0.0
3337,0.0
3338,0.0
3339,0.0
3340,0.0
3341,0.0
3342,0.014289999999999999
3343,0.11921
3344,0.2347
3345,0.37931
3346,0.38744
3347,0.424
3348,0.5561799999999999
3349,0.48957999999999996
3350,0.38007
3351,0.26300999999999997
3352,0.11231000000000001
3353,0.02759
3354,0.0
3355,0.0
3356,0.0
3357,0.0
3358,0.0
3359,0.0
3360,0.0
3361,0.0
3362,0.0
3363,0.0
3364,0.0
3365,0.0
3366,0.0134
3367,0.09451999999999999
3368,0.21048
3369,0.23947
3370,0.45286000000000004
3371,0.48252
3372,0.44819
3373,0.43249
3374,0.368
3375,0.26814
3376,0.10479999999999999
3377,0.03687
3378,0.0
3379,0.0
3380,0.0
3381,0.0
3382,0.0
3383,0.0
3384,0.0
3385,0.0
3386,0.0
3387,0.0
3388,0.0
3389,0.0
3390,0.00043
3391,0.00349
3392,0.02597
3393,0.02565
3394,0.033479999999999996
3395,0.11616
3396,0.22136
3397,0.28699
3398,0.20835
3399,0.08904999999999999
3400,0.0727
3401,0.01079
3402,0.0
3403,0.0
3404,0.0
3405,0.0
3406,0.0
3407,0.0
3408,0.0
3409,0.0
3410,0.0
3411,0.0
3412,0.0
3413,0.0
3414,0.00754
3415,0.07995000000000001
3416,0.18217
3417,0.21212
3418,0.33548
3419,0.49927
3420,0.5502
3421,0.41724
3422,0.31235
3423,0.29208999999999996
3424,0.17107
3425,0.023989999999999997
3426,0.0
3427,0.0
3428,0.0
3429,0.0
3430,0.0
3431,0.0
3432,0.0
3433,0.0
3434,0.0
3435,0.0
3436,0.0
3437,0.0
3438,0.0
3439,0.016059999999999998
3440,0.04352
3441,0.10128
3442,0.055990000000000005
3443,0.11256000000000001
3444,0.14156
3445,0.30942000000000003
3446,0.22638999999999998
3447,0.14594
3448,0.061770000000000005
3449,0.01863
3450,0.0
3451,0.0
3452,0.0
3453,0.0
3454,0.0
3455,0.0
3456,0.0
3457,0.0
3458,0.0
3459,0.0
3460,0.0
3461,0.0
3462,0.00281
3463,0.023190000000000002
3464,0.06243
3465,0.11566
3466,0.20981
3467,0.19766
3468,0.30605
3469,0.38630000000000003
3470,0.313
3471,0.1601
3472,0.09201999999999999
3473,0.01284
3474,0.0
3475,0.0
3476,0.0
3477,0.0
3478,0.0
3479,0.0
3480,0.0
3481,0.0
3482,0.0
3483,0.0
3484,0.0
3485,0.0
3486,0.0005600000000000001
3487,0.00235
3488,0.00254
3489,0.0
3490,0.00871
3491,0.021079999999999998
3492,0.09904
3493,0.16384
3494,0.10429000000000001
3495,0.07987000000000001
3496,0.08787
3497,0.01384
3498,0.0
3499,0.0
3500,0.0
3501,0.0
3502,0.0
3503,0.0
3504,0.0
3505,0.0
3506,0.0
3507,0.0
3508,0.0
3509,0.0
3510,0.0
3511,0.00058
3512,0.005900000000000001
3513,0.01159
3514,0.02218
3515,0.04906
3516,0.03562
3517,0.14984999999999998
3518,0.1128
3519,0.07773999999999999
3520,0.046189999999999995
3521,0.00535
3522,0.0
3523,0.0
3524,0.0
3525,0.0
3526,0.0
3527,0.0
3528,0.0
3529,0.0
3530,0.0
3531,0.0
3532,0.0
3533,0.0
3534,0.0024300000000000003
3535,0.013859999999999999
3536,0.03762
3537,0.11904
3538,0.30804000000000004
3539,0.29671
3540,0.28742
3541,0.28102
3542,0.234
3543,0.15638
3544,0.07177
3545,0.0057599999999999995
3546,0.0
3547,0.0
3548,0.0
3549,0.0
3550,0.0
3551,0.0
3552,0.0
3553,0.0
3554,0.0
3555,0.0
3556,0.0
3557,0.0
3558,0.01173
3559,0.06054
3560,0.08914
3561,0.20954
3562,0.24985
3563,0.26039999999999996
3564,0.20707
3565,0.15884
3566,0.20352
3567,0.12516
3568,0.08676
3569,0.01218
3570,0.0
3571,0.0
3572,0.0
3573,0.0
3574,0.0
3575,0.0
3576,0.0
3577,0.0
3578,0.0
3579,0.0
3580,0.0
3581,0.0
3582,0.00173
3583,0.038090000000000006
3584,0.0589
3585,0.12240000000000001
3586,0.15580000000000002
3587,0.21325
3588,0.23349
3589,0.35581
3590,0.28214999999999996
3591,0.17968
3592,0.10306
3593,0.01805
3594,0.0
3595,0.0
3596,0.0
3597,0.0
3598,0.0
3599,0.0
3600,0.0
3601,0.0
3602,0.0
3603,0.0
3604,0.0
3605,0.0
3606,0.0071600000000000006
3607,0.08091
3608,0.15403999999999998
3609,0.19612000000000002
3610,0.23304
3611,0.34635000000000005
3612,0.35848
3613,0.48005000000000003
3614,0.35675
3615,0.28158
3616,0.16438
3617,0.03415
3618,0.0
3619,0.0
3620,0.0
3621,0.0
3622,0.0
3623,0.0
3624,0.0
3625,0.0
3626,0.0
3627,0.0
3628,0.0
3629,0.0
3630,0.00931
3631,0.07690999999999999
3632,0.09234999999999999
3633,0.17663
3634,0.25486000000000003
3635,0.24762
3636,0.25848000000000004
3637,0.19154
3638,0.19377
3639,0.13294
3640,0.051859999999999996
3641,0.01423
3642,0.0
3643,0.0
3644,0.0
3645,0.0
3646,0.0
3647,0.0
3648,0.0
3649,0.0
3650,0.0
3651,0.0
3652,0.0
3653,0.0
3654,0.0077
3655,0.053630000000000004
3656,0.08636
3657,0.13701
3658,0.18073
3659,0.15267
3660,0.17361000000000001
3661,0.19081
3662,0.10298
3663,0.04894
3664,0.04047
3665,0.00845
3666,0.0
3667,0.0
3668,0.0
3669,0.0
3670,0.0
3671,0.0
3672,0.0
3673,0.0
3674,0.0
3675,0.0
3676,0.0
3677,0.0
3678,0.0
3679,0.011980000000000001
3680,0.02246
3681,0.05038
3682,0.03508
3683,0.0087
3684,0.057479999999999996
3685,0.16188
3686,0.18187
3687,0.15322
3688,0.06988
3689,0.018699999999999998
3690,0.0
3691,0.0
3692,0.0
3693,0.0
3694,0.0
3695,0.0
3696,0.0
3697,0.0
3698,0.0
3699,0.0
3700,0.0
3701,0.0
3702,0.0135
3703,0.10894
3704,0.10837000000000001
3705,0.27305
3706,0.5161
3707,0.53826
3708,0.5137200000000001
3709,0.49847
3710,0.39976
3711,0.23546
3712,0.07134
3713,0.00535
3714,0.0
3715,0.0
3716,0.0
3717,0.0
3718,0.0
3719,0.0
3720,0.0
3721,0.0
3722,0.0
3723,0.0
3724,0.0
3725,0.0
3726,0.00876
3727,0.10157
3728,0.23317
3729,0.36058
3730,0.5157200000000001
3731,0.4461
3732,0.43341
3733,0.26738999999999996
3734,0.17883000000000002
3735,0.1551
3736,0.06770999999999999
3737,0.018760000000000002
3738,0.0
3739,0.0
3740,0.0
3741,0.0
3742,0.0
3743,0.0
3744,0.0
3745,0.0
3746,0.0
3747,0.0
3748,0.0
3749,0.0
3750,0.01833
3751,0.13135
3752,0.22546000000000002
3753,0.392
3754,0.42237
3755,0.45998
3756,0.4096
3757,0.41752
3758,0.20537
3759,0.1251
3760,0.08774
3761,0.00831
3762,0.0
3763,0.0
3764,0.0
3765,0.0
3766,0.0
3767,0.0
3768,0.0
3769,0.0
3770,0.0
3771,0.0
3772,0.0
3773,0.0
3774,0.00697
3775,0.06587
3776,0.15661000000000003
3777,0.23585
3778,0.31895
3779,0.3375
3780,0.32137
3781,0.21994999999999998
3782,0.15657
3783,0.08576
3784,0.054009999999999996
3785,0.01721
3786,0.0
3787,0.0
3788,0.0
3789,0.0
3790,0.0
3791,0.0
3792,0.0
3793,0.0
3794,0.0
3795,0.0
3796,0.0
3797,0.0
3798,0.01864
3799,0.1025
3800,0.23541
3801,0.39825
3802,0.47157
3803,0.51381
3804,0.57927
3805,0.40479000000000004
3806,0.3528
3807,0.199
3808,0.06962
3809,0.0233
3810,0.0
3811,0.0
3812,0.0
3813,0.0
3814,0.0
3815,0.0
3816,0.0
3817,0.0
3818,0.0
3819,0.0
3820,0.0
3821,0.0
3822,0.0
3823,0.01302
3824,0.046990000000000004
3825,0.05356
3826,0.06846
3827,0.00793
3828,0.038200000000000005
3829,0.41946
3830,0.2666
3831,0.18491
3832,0.09464
3833,0.013269999999999999
3834,0.0
3835,0.0
3836,0.0
3837,0.0
3838,0.0
3839,0.0
3840,0.0
3841,0.0
3842,0.0
3843,0.0
3844,0.0
3845,0.0
3846,0.0
3847,0.00166
3848,0.01108
3849,0.04453
3850,0.0415
3851,0.06352000000000001
3852,0.05116
3853,0.43711
3854,0.31285
3855,0.19723
3856,0.09445999999999999
3857,0.02633
3858,0.0
3859,0.0
3860,0.0
3861,0.0
3862,0.0
3863,0.0
3864,0.0
3865,0.0
3866,0.0
3867,0.0
3868,0.0
3869,0.0
3870,0.009949999999999999
3871,0.08112
3872,0.2032
3873,0.26632
3874,0.34508
3875,0.38371
3876,0.38161
3877,0.28502
3878,0.24065999999999999
3879,0.12803
3880,0.05236
3881,0.029
3882,0.0
3883,0.0
3884,0.0
3885,0.0
3886,0.0
3887,0.0
3888,0.0
3889,0.0
3890,0.0
3891,0.0
3892,0.0
3893,0.0
3894,0.00276
3895,0.036969999999999996
3896,0.09315999999999999
3897,0.12481999999999999
3898,0.15163
3899,0.18095
3900,0.26138
3901,0.27749
3902,0.29871
3903,0.21680000000000002
3904,0.13498
3905,0.04169
3906,0.0
3907,0.0
3908,0.0
3909,0.0
3910,0.0
3911,0.0
3912,0.0
3913,0.0
3914,0.0
3915,0.0
3916,0.0
3917,0.0
3918,0.00891
3919,0.07053
3920,0.20367
3921,0.30894
3922,0.23528
3923,0.36348
3924,0.26216
3925,0.24418
3926,0.21277000000000001
3927,0.10769
3928,0.10085
3929,0.03043
3930,0.0
3931,0.0
3932,0.0
3933,0.0
3934,0.0
3935,0.0
3936,0.0
3937,0.0
3938,0.0
3939,0.0
3940,0.0
3941,0.0
3942,0.0034100000000000003
3943,0.048240000000000005
3944,0.10424
3945,0.21446
3946,0.13715
3947,0.20016
3948,0.2577
3949,0.2866
3950,0.20568999999999998
3951,0.10956999999999999
3952,0.06666
3953,0.013689999999999999
3954,0.0
3955,0.0
3956,0.0
3957,0.0
3958,0.0
3959,0.0
3960,0.0
3961,0.0
3962,0.0
3963,0.0
3964,0.0
3965,0.0
3966,0.00951
3967,0.07795999999999999
3968,0.12397
3969,0.26069
3970,0.27018000000000003
3971,0.23013
3972,0.15224000000000001
3973,0.1565
3974,0.17765
3975,0.11255
3976,0.04033
3977,0.02284
3978,0.0
3979,0.0
3980,0.0
3981,0.0
3982,0.0
3983,0.0
3984,0.0
3985,0.0
3986,0.0
3987,0.0
3988,0.0
3989,0.0
3990,0.00535
3991,0.0541
3992,0.09645999999999999
3993,0.19068000000000002
3994,0.19788999999999998
3995,0.21762
3996,0.21800999999999998
3997,0.28384
3998,0.21652000000000002
3999,0.10997
4000,0.08154
4001,0.013949999999999999
4002,0.0
4003,0.0
4004,0.0
4005,0.0
4006,0.0
4007,0.0
4008,0.0
4009,0.0
4010,0.0
4011,0.0
4012,0.0
4013,0.0
4014,0.00103
4015,0.02417
4016,0.07081
4017,0.16608
4018,0.21080000000000002
4019,0.24438
4020,0.27767000000000003
4021,0.41625999999999996
4022,0.29413
4023,0.16559000000000001
4024,0.08806
4025,0.02752
4026,0.0
4027,0.0
4028,0.0
4029,0.0
4030,0.0
4031,0.0
4032,0.0
4033,0.0
4034,0.0
4035,0.0
4036,0.0
4037,0.0
4038,0.00352
4039,0.05672
4040,0.11946
4041,0.15368
4042,0.10065
4043,0.23179
4044,0.22788999999999998
4045,0.3449
4046,0.19979
4047,0.24469
4048,0.14651
4049,0.02101
4050,0.0
4051,0.0
4052,0.0
4053,0.0
4054,0.0
4055,0.0
4056,0.0
4057,0.0
4058,0.0
4059,0.0
4060,0.0
4061,0.0
4062,0.0030499999999999998
4063,0.03543
4064,0.0679
4065,0.14075
4066,0.12652
4067,0.21903
4068,0.31893
4069,0.38982
4070,0.36813
4071,0.28552
4072,0.15514
4073,0.04176
4074,0.0
4075,0.0
4076,0.0
4077,0.0
4078,0.0
4079,0.0
4080,0.0
4081,0.0
4082,0.0
4083,0.0
4084,0.0
4085,0.0
4086,0.0043
4087,0.02786
4088,0.07529000000000001
4089,0.15797999999999998
4090,0.20464
4091,0.22988999999999998
4092,0.25575
4093,0.34772000000000003
4094,0.39111
4095,0.23443
4096,0.12604
4097,0.0166
4098,0.0
4099,0.0
4100,0.0
4101,0.0
4102,0.0
4103,0.0
4104,0.0
4105,0.0
4106,0.0
4107,0.0
4108,0.0
4109,0.0
4110,0.0
4111,0.00419
4112,0.02745
4113,0.10567
4114,0.15991999999999998
4115,0.25839
4116,0.39772
4117,0.37959
4118,0.24924000000000002
4119,0.09464
4120,0.06275
4121,0.01324
4122,0.0
4123,0.0
4124,0.0
4125,0.0
4126,0.0
4127,0.0
4128,0.0
4129,0.0
4130,0.0
4131,0.0
4132,0.0
4133,0.0
4134,0.00068
4135,0.032350000000000004
4136,0.05116
4137,0.09864
4138,0.24284999999999998
4139,0.26827999999999996
4140,0.23917
4141,0.37009
4142,0.17834999999999998
4143,0.06983
4144,0.06036
4145,0.00859
4146,0.0
4147,0.0
4148,0.0
4149,0.0
4150,0.0
4151,0.0
4152,0.0
4153,0.0
4154,0.0
4155,0.0
4156,0.0
4157,0.0
4158,0.00093
4159,0.01644
4160,0.03444
4161,0.02785
4162,0.039729999999999994
4163,0.062090000000000006
4164,0.10628
4165,0.13418
4166,0.20318
4167,0.12727
4168,0.0835
4169,0.02209
4170,0.0
4171,0.0
4172,0.0
4173,0.0
4174,0.0
4175,0.0
4176,0.0
4177,0.0
4178,0.0
4179,0.0
4180,0.0
4181,0.0
4182,0.00148
4183,0.01125
4184,0.03853
4185,0.04943
4186,0.14
4187,0.14008
4188,0.1411
4189,0.25318
4190,0.1482
4191,0.08544
4192,0.03526
4193,0.012240000000000001
4194,0.0
4195,0.0
4196,0.0
4197,0.0
4198,0.0
4199,0.0
4200,0.0
4201,0.0
4202,0.0
4203,0.0
4204,0.0
4205,0.0
4206,0.0
4207,0.00723
4208,0.020079999999999997
4209,0.06556999999999999
4210,0.08798
4211,0.07191
4212,0.06642
4213,0.14119
4214,0.14125
4215,0.10704999999999999
4216,0.08145999999999999
4217,0.02668
4218,0.0
4219,0.0
4220,0.0
4221,0.0
4222,0.0
4223,0.0
4224,0.0
4225,0.0
4226,0.0
4227,0.0
4228,0.0
4229,0.0
4230,0.00431
4231,0.0597
4232,0.13646
4233,0.14937
4234,0.23593
4235,0.25282
4236,0.30604000000000003
4237,0.28374
4238,0.13538999999999998
4239,0.09497
4240,0.04616
4241,0.01419
4242,0.0
4243,0.0
4244,0.0
4245,0.0
4246,0.0
4247,0.0
4248,0.0
4249,0.0
4250,0.0
4251,0.0
4252,0.0
4253,0.0
4254,0.00994
4255,0.08785
4256,0.16005
4257,0.20278
4258,0.48006
4259,0.55267
4260,0.50415
4261,0.36854000000000003
4262,0.29014999999999996
4263,0.206
4264,0.08354
4265,0.02521
4266,0.0
4267,0.0
4268,0.0
4269,0.0
4270,0.0
4271,0.0
4272,0.0
4273,0.0
4274,0.0
4275,0.0
4276,0.0
4277,0.0
4278,0.00034
4279,0.01636
4280,0.04567
4281,0.06419
4282,0.13391999999999998
4283,0.27082
4284,0.19952
4285,0.31982
4286,0.24721
4287,0.14343999999999998
4288,0.06489
4289,0.023469999999999998
4290,0.0
4291,0.0
4292,0.0
4293,0.0
4294,0.0
4295,0.0
4296,0.0
4297,0.0
4298,0.0
4299,0.0
4300,0.0
4301,0.0
4302,0.0024100000000000002
4303,0.03189
4304,0.12195
4305,0.19679
4306,0.38
4307,0.36529
4308,0.37541
4309,0.29775
4310,0.21800999999999998
4311,0.18289
4312,0.07262
4313,0.011179999999999999
4314,0.0
4315,0.0
4316,0.0
4317,0.0
4318,0.0
4319,0.0
4320,0.0
4321,0.0
4322,0.0
4323,0.0
4324,0.0
4325,0.0
4326,0.00069
4327,0.02538
4328,0.08320999999999999
4329,0.08331999999999999
4330,0.09562000000000001
4331,0.10233
4332,0.08655
4333,0.34022
4334,0.2352
4335,0.21613
4336,0.15880000000000002
4337,0.03753
4338,0.0
4339,0.0
4340,0.0
4341,0.0
4342,0.0
4343,0.0
4344,0.0
4345,0.0
4346,0.0
4347,0.0
4348,0.0
4349,0.0
4350,0.0
4351,0.00549
4352,0.00886
4353,0.00209
4354,0.00484
4355,0.02373
4356,0.011970000000000001
4357,0.1502
4358,0.18861
4359,0.08237
4360,0.08703
4361,0.01918
4362,0.0
4363,0.0
4364,0.0
4365,0.0
4366,0.0
4367,0.0
4368,0.0
4369,0.0
4370,0.0
4371,0.0
4372,0.0
4373,0.0
4374,0.00207
4375,0.018760000000000002
4376,0.04995
4377,0.07131
4378,0.0872
4379,0.16871
4380,0.18331999999999998
4381,0.36924
4382,0.32085
4383,0.16652
4384,0.09775
4385,0.01746
4386,0.0
4387,0.0
4388,0.0
4389,0.0
4390,0.0
4391,0.0
4392,0.0
4393,0.0
4394,0.0
4395,0.0
4396,0.0
4397,0.0
4398,0.00209
4399,0.03505
4400,0.08973
4401,0.11449
4402,0.16018000000000002
4403,0.20022
4404,0.25797000000000003
4405,0.33123
4406,0.25436000000000003
4407,0.16663999999999998
4408,0.07579999999999999
4409,0.02471
4410,0.0
4411,0.0
4412,0.0
4413,0.0
4414,0.0
4415,0.0
4416,0.0
4417,0.0
4418,0.0
4419,0.0
4420,0.0
4421,0.0
4422,0.00747
4423,0.05756
4424,0.11608
4425,0.18109999999999998
4426,0.16729
4427,0.29062
4428,0.17634
4429,0.24241
4430,0.21281
4431,0.08391
4432,0.07884999999999999
4433,0.01066
4434,0.0
4435,0.0
4436,0.0
4437,0.0
4438,0.0
4439,0.0
4440,0.0
4441,0.0
4442,0.0
4443,0.0
4444,0.0
4445,0.0
4446,0.00191
4447,0.02284
4448,0.05873
4449,0.08594
4450,0.07631
4451,0.2447
4452,0.28170999999999996
4453,0.45494999999999997
4454,0.37336
4455,0.21900999999999998
4456,0.13809
4457,0.039369999999999995
4458,0.0
4459,0.0
4460,0.0
4461,0.0
4462,0.0
4463,0.0
4464,0.0
4465,0.0
4466,0.0
4467,0.0
4468,0.0
4469,0.0
4470,0.00173
4471,0.02157
4472,0.06489
4473,0.22106
4474,0.10135
4475,0.24550999999999998
4476,0.2559
4477,0.33209
4478,0.26332
4479,0.2171
4480,0.11948
4481,0.0217
4482,0.0
4483,0.0
4484,0.0
4485,0.0
4486,0.0
4487,0.0
4488,0.0
4489,0.0
4490,0.0
4491,0.0
4492,0.0
4493,0.0
4494,0.00075
4495,0.04611
4496,0.12495
4497,0.15178999999999998
4498,0.11954000000000001
4499,0.10978
4500,0.1379
4501,0.21866
4502,0.17976
4503,0.08353000000000001
4504,0.07712000000000001
4505,0.024300000000000002
4506,0.0
4507,0.0
4508,0.0
4509,0.0
4510,0.0
4511,0.0
4512,0.0
4513,0.0
4514,0.0
4515,0.0
4516,0.0
4517,0.0
4518,0.00376
4519,0.01573
4520,0.14475
4521,0.2004
4522,0.43469
4523,0.42006
4524,0.43643
4525,0.41628
4526,0.42873
4527,0.28526999999999997
4528,0.11106
4529,0.04064
4530,0.0
4531,0.0
4532,0.0
4533,0.0
4534,0.0
4535,0.0
4536,0.0
4537,0.0
4538,0.0
4539,0.0
4540,0.0
4541,0.0
4542,0.00675
4543,0.08713
4544,0.1455
4545,0.32204
4546,0.59194
4547,0.6147999999999999
4548,0.59388
4549,0.49207999999999996
4550,0.32702
4551,0.23859
4552,0.13913
4553,0.0368
4554,0.0
4555,0.0
4556,0.0
4557,0.0
4558,0.0
4559,0.0
4560,0.0
4561,0.0
4562,0.0
4563,0.0
4564,0.0
4565,0.0
4566,0.0
4567,0.0
4568,0.00552
4569,0.00314
4570,0.00677
4571,0.0023799999999999997
4572,0.01777
4573,0.11926
4574,0.08956
4575,0.08979000000000001
4576,0.07675
4577,0.0215
4578,0.0
4579,0.0
4580,0.0
4581,0.0
4582,0.0
4583,0.0
4584,0.0
4585,0.0
4586,0.0
4587,0.0
4588,0.0
4589,0.0
4590,0.00273
4591,0.06038
4592,0.09099
4593,0.20184
4594,0.40113
4595,0.43801
4596,0.4445
4597,0.22978
4598,0.3
4599,0.19803
4600,0.15668
4601,0.022609999999999998
4602,0.0
4603,0.0
4604,0.0
4605,0.0
4606,0.0
4607,0.0
4608,0.0
4609,0.0
4610,0.0
4611,0.0
4612,0.0
4613,0.0
4614,0.00363
4615,0.08659
4616,0.19306
4617,0.23863
4618,0.33556
4619,0.32502
4620,0.33112
4621,0.43524
4622,0.41464
4623,0.31844
4624,0.14473
4625,0.04281
4626,0.0
4627,0.0
4628,0.0
4629,0.0
4630,0.0
4631,0.0
4632,0.0
4633,0.0
4634,0.0
4635,0.0
4636,0.0
4637,0.0
4638,0.008400000000000001
4639,0.09054999999999999
4640,0.23547
4641,0.34679000000000004
4642,0.53492
4643,0.5182599999999999
4644,0.40381
4645,0.37489
4646,0.25543
4647,0.24333000000000002
4648,0.08583
4649,0.03164
4650,0.0
4651,0.0
4652,0.0
4653,0.0
4654,0.0
4655,0.0
4656,0.0
4657,0.0
4658,0.0
4659,0.0
4660,0.0
4661,0.0
4662,0.00272
4663,0.03437
4664,0.11411
4665,0.18422999999999998
4666,0.31107
4667,0.36211
4668,0.33197000000000004
4669,0.32591000000000003
4670,0.29355000000000003
4671,0.16191
4672,0.08736
4673,0.02686
4674,0.0
4675,0.0
4676,0.0
4677,0.0
4678,0.0
4679,0.0
4680,0.0
4681,0.0
4682,0.0
4683,0.0
4684,0.0
4685,0.0
4686,0.00598
4687,0.11517000000000001
4688,0.29633
4689,0.39227
4690,0.40447000000000005
4691,0.4435
4692,0.4365
4693,0.37278
4694,0.34322
4695,0.25173
4696,0.11378
4697,0.03574
4698,0.0
4699,0.0
4700,0.0
4701,0.0
4702,0.0
4703,0.0
4704,0.0
4705,0.0
4706,0.0
4707,0.0
4708,0.0
4709,0.0
4710,0.00095
4711,0.013300000000000001
4712,0.08239
4713,0.053829999999999996
4714,0.06798
4715,0.11946999999999999
4716,0.31777
4717,0.48233
4718,0.35949000000000003
4719,0.31421
4720,0.11181999999999999
4721,0.04298
4722,0.0
4723,0.0
4724,0.0
4725,0.0
4726,0.0
4727,0.0
4728,0.0
4729,0.0
4730,0.0
4731,0.0
4732,0.0
4733,0.0
4734,0.00656
4735,0.1001
4736,0.18291
4737,0.31679
4738,0.34061
4739,0.45942
4740,0.39335000000000003
4741,0.41758999999999996
4742,0.33325
4743,0.16849
4744,0.08986
4745,0.03484
4746,0.0
4747,0.0
4748,0.0
4749,0.0
4750,0.0
4751,0.0
4752,0.0
4753,0.0
4754,0.0
4755,0.0
4756,0.0
4757,0.0
4758,0.00715
4759,0.045200000000000004
4760,0.11117
4761,0.16491
4762,0.26563
4763,0.38593
4764,0.48275
4765,0.27461
4766,0.2773
4767,0.23555
4768,0.08779
4769,0.033659999999999995
4770,0.0
4771,0.0
4772,0.0
4773,0.0
4774,0.0
4775,0.0
4776,0.0
4777,0.0
4778,0.0
4779,0.0
4780,0.0
4781,0.0
4782,0.00463
4783,0.053200000000000004
4784,0.1003
4785,0.20175
4786,0.20333
4787,0.24467
4788,0.30475
4789,0.41823
4790,0.3482
4791,0.20391
4792,0.09833
4793,0.03865
4794,0.0
4795,0.0
4796,0.0
4797,0.0
4798,0.0
4799,0.0
4800,0.0
4801,0.0
4802,0.0
4803,0.0
4804,0.0
4805,0.0
4806,0.0016
4807,0.02554
4808,0.07733
4809,0.14545
4810,0.15322
4811,0.16601
4812,0.17485
4813,0.38393
4814,0.1696
4815,0.09609999999999999
4816,0.03817
4817,0.00764
4818,0.0
4819,0.0
4820,0.0
4821,0.0
4822,0.0
4823,0.0
4824,0.0
4825,0.0
4826,0.0
4827,0.0
4828,0.0
4829,0.0
4830,0.0018700000000000001
4831,0.04104
4832,0.06883
4833,0.21187
4834,0.26480000000000004
4835,0.29647
4836,0.22598
4837,0.29141
4838,0.28941
4839,0.17363
4840,0.09240999999999999
4841,0.02145
4842,0.0
4843,0.0
4844,0.0
4845,0.0
4846,0.0
4847,0.0
4848,0.0
4849,0.0
4850,0.0
4851,0.0
4852,0.0
4853,0.0
4854,0.00211
4855,0.038119999999999994
4856,0.08611
4857,0.14246
4858,0.17778
4859,0.18053999999999998
4860,0.12616
4861,0.24581999999999998
4862,0.17851
4863,0.1541
4864,0.08220999999999999
4865,0.02104
4866,0.0
4867,0.0
4868,0.0
4869,0.0
4870,0.0
4871,0.0
4872,0.0
4873,0.0
4874,0.0
4875,0.0
4876,0.0
4877,0.0
4878,0.00363
4879,0.04118
4880,0.13455
4881,0.15782
4882,0.17685
4883,0.14636000000000002
4884,0.18672
4885,0.32874000000000003
4886,0.34016
4887,0.09426999999999999
4888,0.06416
4889,0.01849
4890,0.0
4891,0.0
4892,0.0
4893,0.0
4894,0.0
4895,0.0
4896,0.0
4897,0.0
4898,0.0
4899,0.0
4900,0.0
4901,0.0
4902,0.00049
4903,0.03711
4904,0.07192
4905,0.07511
4906,0.2288
4907,0.18897
4908,0.14321
4909,0.24280000000000002
4910,0.289
4911,0.14238
4912,0.0728
4913,0.00767
4914,0.0
4915,0.0
4916,0.0
4917,0.0
4918,0.0
4919,0.0
4920,0.0
4921,0.0
4922,0.0
4923,0.0
4924,0.0
4925,0.0
4926,0.00199
4927,0.02565
4928,0.07984000000000001
4929,0.09028
4930,0.20345
4931,0.14504
4932,0.15859
4933,0.26132
4934,0.16496
4935,0.059770000000000004
4936,0.026719999999999997
4937,0.00525
4938,0.0
4939,0.0
4940,0.0
4941,0.0
4942,0.0
4943,0.0
4944,0.0
4945,0.0
4946,0.0
4947,0.0
4948,0.0
4949,0.0
4950,0.00475
4951,0.05432
4952,0.11879
4953,0.19788999999999998
4954,0.27814999999999995
4955,0.32805
4956,0.45442
4957,0.19422
4958,0.19002000000000002
4959,0.15993000000000002
4960,0.09815
4961,0.016059999999999998
4962,0.0
4963,0.0
4964,0.0
4965,0.0
4966,0.0
4967,0.0
4968,0.0
4969,0.0
4970,0.0
4971,0.0
4972,0.0
4973,0.0
4974,0.00312
4975,0.05882
4976,0.15011000000000002
4977,0.17634
4978,0.23686000000000001
4979,0.2647
4980,0.20812999999999998
4981,0.30481
4982,0.2263
4983,0.23291
4984,0.12498999999999999
4985,0.03395
4986,0.0
4987,0.0
4988,0.0
4989,0.0
4990,0.0
4991,0.0
4992,0.0
4993,0.0
4994,0.0
4995,0.0
4996,0.0
4997,0.0
4998,0.00121
4999,0.03322
5000,0.13811
5001,0.26309
5002,0.27808999999999995
5003,0.23122
5004,0.278
5005,0.33675
5006,0.26677999999999996
5007,0.22718
5008,0.16112
5009,0.039299999999999995
5010,0.0
5011,0.0
5012,0.0
5013,0.0
5014,0.0
5015,0.0
5016,0.0
5017,0.0
5018,0.0
5019,0.0
5020,0.0
5021,0.0
5022,0.0033900000000000002
5023,0.048159999999999994
5024,0.14512
5025,0.23409
5026,0.25295
5027,0.26658
5028,0.24938
5029,0.41499
5030,0.29236
5031,0.11234999999999999
5032,0.09065999999999999
5033,0.02197
5034,0.0
5035,0.0
5036,0.0
5037,0.0
5038,0.0
5039,0.0
5040,0.0
5041,0.0
5042,0.0
5043,0.0
5044,0.0
5045,0.0
5046,0.0042699999999999995
5047,0.04203
5048,0.1303
5049,0.20856
5050,0.33634
5051,0.26794
5052,0.24824000000000002
5053,0.35098
5054,0.18266
5055,0.13596
5056,0.1022
5057,0.01747
5058,0.0
5059,0.0
5060,0.0
5061,0.0
5062,0.0
5063,0.0
5064,0.0
5065,0.0
5066,0.0
5067,0.0
5068,0.0
5069,0.0
5070,0.0020800000000000003
5071,0.07481
5072,0.17668999999999999
5073,0.26792
5074,0.28893
5075,0.44809
5076,0.39582999999999996
5077,0.50647
5078,0.38232
5079,0.24825999999999998
5080,0.08938
5081,0.02914
5082,0.0
5083,0.0
5084,0.0
5085,0.0
5086,0.0
5087,0.0
5088,0.0
5089,0.0
5090,0.0
5091,0.0
5092,0.0
5093,0.0
5094,0.00132
5095,0.016489999999999998
5096,0.03854
5097,0.05779
5098,0.12248
5099,0.13132
5100,0.33643
5101,0.42129
5102,0.41158999999999996
5103,0.27901
5104,0.10081
5105,0.036090000000000004
5106,0.0
5107,0.0
5108,0.0
5109,0.0
5110,0.0
5111,0.0
5112,0.0
5113,0.0
5114,0.0
5115,0.0
5116,0.0
5117,0.0
5118,0.00268
5119,0.05669
5120,0.09062
5121,0.20567
5122,0.30621
5123,0.39567
5124,0.32016
5125,0.33271
5126,0.34339
5127,0.26712
5128,0.1419
5129,0.038950000000000005
5130,0.0
5131,0.0
5132,0.0
5133,0.0
5134,0.0
5135,0.0
5136,0.0
5137,0.0
5138,0.0
5139,0.0
5140,0.0
5141,0.0
5142,0.00248
5143,0.0329
5144,0.06470000000000001
5145,0.11613
5146,0.11192
5147,0.17779
5148,0.2034
5149,0.36989
5150,0.20066
5151,0.13982
5152,0.10295
5153,0.02893
5154,0.0
5155,0.0
5156,0.0
5157,0.0
5158,0.0
5159,0.0
5160,0.0
5161,0.0
5162,0.0
5163,0.0
5164,0.0
5165,0.0
5166,0.00318
5167,0.05804
5168,0.09391
5169,0.17153
5170,0.25225
5171,0.35892
5172,0.39357
5173,0.49824
5174,0.39848
5175,0.2395
5176,0.10951000000000001
5177,0.01625
5178,0.0
5179,0.0
5180,0.0
5181,0.0
5182,0.0
5183,0.0
5184,0.0
5185,0.0
5186,0.0
5187,0.0
5188,0.0
5189,0.0
5190,0.0022
5191,0.03741
5192,0.10978
5193,0.11203
5194,0.15553
5195,0.12819999999999998
5196,0.18377000000000002
5197,0.24353
5198,0.22979
5199,0.1906
5200,0.132
5201,0.02514
5202,0.0
5203,0.0
5204,0.0
5205,0.0
5206,0.0
5207,0.0
5208,0.0
5209,0.0
5210,0.0
5211,0.0
5212,0.0
5213,0.0
5214,0.00222
5215,0.05081
5216,0.08164
5217,0.16451
5218,0.15023
5219,0.15465
5220,0.20581
5221,0.39504
5222,0.35202
5223,0.16549
5224,0.11293
5225,0.00908
5226,0.0
5227,0.0
5228,0.0
5229,0.0
5230,0.0
5231,0.0
5232,0.0
5233,0.0
5234,0.0
5235,0.0
5236,0.0
5237,0.0
5238,0.00361
5239,0.09828
5240,0.2295
5241,0.30565
5242,0.43943
5243,0.28992
5244,0.43567
5245,0.38469
5246,0.3467
5247,0.21955000000000002
5248,0.09359
5249,0.01828
5250,0.0
5251,0.0
5252,0.0
5253,0.0
5254,0.0
5255,0.0
5256,0.0
5257,0.0
5258,0.0
5259,0.0
5260,0.0
5261,0.0
5262,0.00204
5263,0.06295
5264,0.17937
5265,0.31148000000000003
5266,0.4565
5267,0.34184
5268,0.47296
5269,0.4801
5270,0.38752
5271,0.24254
5272,0.12524
5273,0.03012
5274,0.0
5275,0.0
5276,0.0
5277,0.0
5278,0.0
5279,0.0
5280,0.0
5281,0.0
5282,0.0
5283,0.0
5284,0.0
5285,0.0
5286,0.0042699999999999995
5287,0.049530000000000005
5288,0.17881
5289,0.24415
5290,0.37243
5291,0.33813
5292,0.40082
5293,0.36691
5294,0.277
5295,0.24847999999999998
5296,0.13129
5297,0.03782
5298,0.0
5299,0.0
5300,0.0
5301,0.0
5302,0.0
5303,0.0
5304,0.0
5305,0.0
5306,0.0
5307,0.0
5308,0.0
5309,0.0
5310,0.00014000000000000001
5311,0.00863
5312,0.10233
5313,0.12913
5314,0.22372999999999998
5315,0.27188999999999997
5316,0.32427
5317,0.29393
5318,0.23908000000000001
5319,0.33533999999999997
5320,0.14004
5321,0.03116
5322,0.0
5323,0.0
5324,0.0
5325,0.0
5326,0.0
5327,0.0
5328,0.0
5329,0.0
5330,0.0
5331,0.0
5332,0.0
5333,0.0
5334,0.00218
5335,0.04914
5336,0.07773000000000001
5337,0.19836
5338,0.31877999999999995
5339,0.28042
5340,0.17887999999999998
5341,0.43055
5342,0.43645
5343,0.226
5344,0.14113
5345,0.02675
5346,0.0
5347,0.0
5348,0.0
5349,0.0
5350,0.0
5351,0.0
5352,0.0
5353,0.0
5354,0.0
5355,0.0
5356,0.0
5357,0.0
5358,0.00161
5359,0.03166
5360,0.08467
5361,0.15293
5362,0.1678
5363,0.18735
5364,0.26223
5365,0.43142
5366,0.24208000000000002
5367,0.16726
5368,0.07808
5369,0.01653
5370,0.0
5371,0.0
5372,0.0
5373,0.0
5374,0.0
5375,0.0
5376,0.0
5377,0.0
5378,0.0
5379,0.0
5380,0.0
5381,0.0
5382,0.00544
5383,0.05485
5384,0.15797999999999998
5385,0.15661000000000003
5386,0.16795
5387,0.21286000000000002
5388,0.27836
5389,0.33691000000000004
5390,0.26692
5391,0.16841
5392,0.07349
5393,0.01428
5394,0.0
5395,0.0
5396,0.0
5397,0.0
5398,0.0
5399,0.0
5400,0.0
5401,0.0
5402,0.0
5403,0.0
5404,0.0
5405,0.0
5406,0.0
5407,0.024829999999999998
5408,0.07039
5409,0.13871
5410,0.20772
5411,0.34118
5412,0.27022
5413,0.34114
5414,0.20235
5415,0.17348
5416,0.09643
5417,0.027399999999999997
5418,0.0
5419,0.0
5420,0.0
5421,0.0
5422,0.0
5423,0.0
5424,0.0
5425,0.0
5426,0.0
5427,0.0
5428,0.0
5429,0.0
5430,0.00085
5431,0.01448
5432,0.041350000000000005
5433,0.08505
5434,0.19397999999999999
5435,0.30139
5436,0.30033
5437,0.28597
5438,0.26594999999999996
5439,0.15095
5440,0.07182
5441,0.01652
5442,0.0
5443,0.0
5444,0.0
5445,0.0
5446,0.0
5447,0.0
5448,0.0
5449,0.0
5450,0.0
5451,0.0
5452,0.0
5453,0.0
5454,0.00262
5455,0.06836
5456,0.1119
5457,0.22781
5458,0.19853
5459,0.23861000000000002
5460,0.14111
5461,0.09847
5462,0.18980000000000002
5463,0.116
5464,0.06581999999999999
5465,0.02606
5466,0.0
5467,0.0
5468,0.0
5469,0.0
5470,0.0
5471,0.0
5472,0.0
5473,0.0
5474,0.0
5475,0.0
5476,0.0
5477,0.0
5478,0.00475
5479,0.05842
5480,0.16463999999999998
5481,0.25204
5482,0.34242
5483,0.31371
5484,0.26344
5485,0.27327999999999997
5486,0.2068
5487,0.15128999999999998
5488,0.07640999999999999
5489,0.01819
5490,0.0
5491,0.0
5492,0.0
5493,0.0
5494,0.0
5495,0.0
5496,0.0
5497,0.0
5498,0.0
5499,0.0
5500,0.0
5501,0.0
5502,0.0
5503,0.00789
5504,0.03935
5505,0.0567
5506,0.05447
5507,0.06674
5508,0.0862
5509,0.31831
5510,0.27153
5511,0.10674
5512,0.06103
5513,0.01143
5514,0.0
5515,0.0
5516,0.0
5517,0.0
5518,0.0
5519,0.0
5520,0.0
5521,0.0
5522,0.0
5523,0.0
5524,0.0
5525,0.0
5526,0.00047999999999999996
5527,0.03592
5528,0.07504000000000001
5529,0.08225
5530,0.07065
5531,0.26459
5532,0.37682
5533,0.27991000000000005
5534,0.2452
5535,0.18958000000000003
5536,0.102
5537,0.03207
5538,0.0
5539,0.0
5540,0.0
5541,0.0
5542,0.0
5543,0.0
5544,0.0
5545,0.0
5546,0.0
5547,0.0
5548,0.0
5549,0.0
5550,0.0035
5551,0.08275
5552,0.2514
5553,0.41419
5554,0.45627
5555,0.55796
5556,0.56872
5557,0.43803
5558,0.29443
5559,0.15588999999999997
5560,0.04974
5561,0.019370000000000002
5562,0.0
5563,0.0
5564,0.0
5565,0.0
5566,0.0
5567,0.0
5568,0.0
5569,0.0
5570,0.0
5571,0.0
5572,0.0
5573,0.0
5574,0.00044
5575,0.03018
5576,0.06716
5577,0.13271
5578,0.23299
5579,0.34334
5580,0.45216
5581,0.30407999999999996
5582,0.26362
5583,0.22125999999999998
5584,0.08195000000000001
5585,0.030760000000000003
5586,0.0
5587,0.0
5588,0.0
5589,0.0
5590,0.0
5591,0.0
5592,0.0
5593,0.0
5594,0.0
5595,0.0
5596,0.0
5597,0.0
5598,0.0016899999999999999
5599,0.02937
5600,0.06729
5601,0.15743000000000001
5602,0.12996000000000002
5603,0.11079
5604,0.18805000000000002
5605,0.26827999999999996
5606,0.29491
5607,0.16519999999999999
5608,0.09803
5609,0.02923
5610,0.0
5611,0.0
5612,0.0
5613,0.0
5614,0.0
5615,0.0
5616,0.0
5617,0.0
5618,0.0
5619,0.0
5620,0.0
5621,0.0
5622,0.00779
5623,0.09262999999999999
5624,0.27277999999999997
5625,0.32452
5626,0.32456999999999997
5627,0.49439999999999995
5628,0.46468
5629,0.49219
5630,0.42691
5631,0.33052
5632,0.12968000000000002
5633,0.02544
5634,0.0
5635,0.0
5636,0.0
5637,0.0
5638,0.0
5639,0.0
5640,0.0
5641,0.0
5642,0.0
5643,0.0
5644,0.0
5645,0.0
5646,0.00111
5647,0.032920000000000005
5648,0.17783000000000002
5649,0.35025
5650,0.56467
5651,0.60545
5652,0.53235
5653,0.44492000000000004
5654,0.38083999999999996
5655,0.25341
5656,0.10662999999999999
5657,0.01759
5658,0.0
5659,0.0
5660,0.0
5661,0.0
5662,0.0
5663,0.0
5664,0.0
5665,0.0
5666,0.0
5667,0.0
5668,0.0
5669,0.0
5670,0.0
5671,0.0
5672,0.01676
5673,0.10399
5674,0.17775
5675,0.25945999999999997
5676,0.32062999999999997
5677,0.39458
5678,0.35349
5679,0.22948
5680,0.09356999999999999
5681,0.02752
5682,0.0
5683,0.0
5684,0.0
5685,0.0
5686,0.0
5687,0.0
5688,0.0
5689,0.0
5690,0.0
5691,0.0
5692,0.0
5693,0.0
5694,0.0036
5695,0.03767
5696,0.08606
5697,0.21056
5698,0.19912
5699,0.24481999999999998
5700,0.26888
5701,0.32105
5702,0.34196
5703,0.13757
5704,0.09101000000000001
5705,0.013859999999999999
5706,0.0
5707,0.0
5708,0.0
5709,0.0
5710,0.0
5711,0.0
5712,0.0
5713,0.0
5714,0.0
5715,0.0
5716,0.0
5717,0.0
5718,0.00325
5719,0.02229
5720,0.08761
5721,0.1829
5722,0.30334
5723,0.44451
5724,0.54948
5725,0.36649
5726,0.2727
5727,0.12962
5728,0.03357
5729,0.01145
5730,0.0
5731,0.0
5732,0.0
5733,0.0
5734,0.0
5735,0.0
5736,0.0
5737,0.0
5738,0.0
5739,0.0
5740,0.0
5741,0.0
5742,0.00656
5743,0.05
5744,0.15294999999999997
5745,0.31039
5746,0.42833
5747,0.42558999999999997
5748,0.3045
5749,0.29589
5750,0.31327
5751,0.17749
5752,0.0832
5753,0.012150000000000001
5754,0.0
5755,0.0
5756,0.0
5757,0.0
5758,0.0
5759,0.0
5760,0.0
5761,0.0
5762,0.0
5763,0.0
5764,0.0
5765,0.0
5766,0.0039
5767,0.0432
5768,0.09586
5769,0.19065000000000001
5770,0.33585000000000004
5771,0.43156
5772,0.44253
5773,0.47751
5774,0.36375
5775,0.2931
5776,0.17235
5777,0.048979999999999996
5778,0.0
5779,0.0
5780,0.0
5781,0.0
5782,0.0
5783,0.0
5784,0.0
5785,0.0
5786,0.0
5787,0.0
5788,0.0
5789,0.0
5790,0.01227
5791,0.10054
5792,0.22237
5793,0.37471
5794,0.44241
5795,0.54852
5796,0.6235599999999999
5797,0.45013
5798,0.46423000000000003
5799,0.31085
5800,0.19911
5801,0.03385
5802,0.0
5803,0.0
5804,0.0
5805,0.0
5806,0.0
5807,0.0
5808,0.0
5809,0.0
5810,0.0
5811,0.0
5812,0.0
5813,0.0
5814,0.01088
5815,0.08907999999999999
5816,0.18071
5817,0.2672
5818,0.42273
5819,0.52736
5820,0.582
5821,0.47094
5822,0.37324
5823,0.23713
5824,0.13072
5825,0.02994
5826,0.0
5827,0.0
5828,0.0
5829,0.0
5830,0.0
5831,0.0
5832,0.0
5833,0.0
5834,0.0
5835,0.0
5836,0.0
5837,0.0
5838,0.0
5839,0.00624
5840,0.01082
5841,0.020649999999999998
5842,0.03389
5843,0.09015999999999999
5844,0.07532
5845,0.36463999999999996
5846,0.28368
5847,0.26724000000000003
5848,0.15238
5849,0.038630000000000005
5850,0.0
5851,0.0
5852,0.0
5853,0.0
5854,0.0
5855,0.0
5856,0.0
5857,0.0
5858,0.0
5859,0.0
5860,0.0
5861,0.0
5862,0.0037
5863,0.040780000000000004
5864,0.07135
5865,0.11062999999999999
5866,0.1045
5867,0.09962
5868,0.15138
5869,0.26313
5870,0.23529
5871,0.18300999999999998
5872,0.05884
5873,0.02578
5874,0.0
5875,0.0
5876,0.0
5877,0.0
5878,0.0
5879,0.0
5880,0.0
5881,0.0
5882,0.0
5883,0.0
5884,0.0
5885,0.0
5886,0.008369999999999999
5887,0.08169
5888,0.24323
5889,0.30510000000000004
5890,0.41813
5891,0.48093
5892,0.29393
5893,0.29764999999999997
5894,0.25855
5895,0.17668
5896,0.08397
5897,0.02996
5898,0.0
5899,0.0
5900,0.0
5901,0.0
5902,0.0
5903,0.0
5904,0.0
5905,0.0
5906,0.0
5907,0.0
5908,0.0
5909,0.0
5910,0.0062900000000000005
5911,0.07966
5912,0.10532
5913,0.2076
5914,0.25912999999999997
5915,0.37033
5916,0.40752
5917,0.39353
5918,0.29375999999999997
5919,0.12201999999999999
5920,0.08791
5921,0.01276
5922,0.0
5923,0.0
5924,0.0
5925,0.0
5926,0.0
5927,0.0
5928,0.0
5929,0.0
5930,0.0
5931,0.0
5932,0.0
5933,0.0
5934,0.00724
5935,0.08165
5936,0.17013999999999999
5937,0.32673
5938,0.35825
5939,0.42835
5940,0.43148000000000003
5941,0.38139999999999996
5942,0.14656
5943,0.12599
5944,0.031170000000000003
5945,0.01245
5946,0.0
5947,0.0
5948,0.0
5949,0.0
5950,0.0
5951,0.0
5952,0.0
5953,0.0
5954,0.0
5955,0.0
5956,0.0
5957,0.0
5958,0.0023799999999999997
5959,0.02914
5960,0.07654000000000001
5961,0.13026
5962,0.14834999999999998
5963,0.18131
5964,0.19224000000000002
5965,0.3484
5966,0.4118
5967,0.24468
5968,0.07695
5969,0.02017
5970,0.0
5971,0.0
5972,0.0
5973,0.0
5974,0.0
5975,0.0
5976,0.0
5977,0.0
5978,0.0
5979,0.0
5980,0.0
5981,0.0
5982,0.00827
5983,0.10547
5984,0.23704
5985,0.39753
5986,0.59066
5987,0.48685
5988,0.44676
5989,0.39813
5990,0.34545
5991,0.21402000000000002
5992,0.10447
5993,0.02682
5994,0.0
5995,0.0
5996,0.0
5997,0.0
5998,0.0
5999,0.0
6000,0.0
6001,0.0
6002,0.0
6003,0.0
6004,0.0
6005,0.0
6006,0.0004
6007,0.02528
6008,0.057640000000000004
6009,0.06448000000000001
6010,0.047979999999999995
6011,0.12872999999999998
6012,0.12799
6013,0.16623
6014,0.22144
6015,0.17148
6016,0.14268
6017,0.033159999999999995
6018,0.0
6019,0.0
6020,0.0
6021,0.0
6022,0.0
6023,0.0
6024,0.0
6025,0.0
6026,0.0
6027,0.0
6028,0.0
6029,0.0
6030,0.01796
6031,0.14852
6032,0.36697
6033,0.52874
6034,0.64191
6035,0.6643600000000001
6036,0.70075
6037,0.55511
6038,0.48008999999999996
6039,0.32302
6040,0.13811
6041,0.02553
6042,0.0
6043,0.0
6044,0.0
6045,0.0
6046,0.0
6047,0.0
6048,0.0
6049,0.0
6050,0.0
6051,0.0
6052,0.0
6053,0.0
6054,0.01597
6055,0.10596
6056,0.28228
6057,0.42087
6058,0.50683
6059,0.48761
6060,0.54176
6061,0.43482
6062,0.30217
6063,0.26505
6064,0.0804
6065,0.01492
6066,0.0
6067,0.0
6068,0.0
6069,0.0
6070,0.0
6071,0.0
6072,0.0
6073,0.0
6074,0.0
6075,0.0
6076,0.0
6077,0.0
6078,0.0116
6079,0.13094
6080,0.2414
6081,0.3388
6082,0.31908
6083,0.28612
6084,0.27374
6085,0.29756
6086,0.26998
6087,0.18399000000000001
6088,0.05684
6089,0.00911
6090,0.0
6091,0.0
6092,0.0
6093,0.0
6094,0.0
6095,0.0
6096,0.0
6097,0.0
6098,0.0
6099,0.0
6100,0.0
6101,0.0
6102,0.009640000000000001
6103,0.05754
6104,0.055979999999999995
6105,0.01882
6106,0.02437
6107,0.07542
6108,0.23768999999999998
6109,0.27165
6110,0.30537000000000003
6111,0.14801
6112,0.0659
6113,0.01566
6114,0.0
6115,0.0
6116,0.0
6117,0.0
6118,0.0
6119,0.0
6120,0.0
6121,0.0
6122,0.0
6123,0.0
6124,0.0
6125,0.0
6126,0.01298
6127,0.09408
6128,0.19362000000000001
6129,0.26863
6130,0.22472999999999999
6131,0.34198
6132,0.31063
6133,0.53518
6134,0.39707
6135,0.20331
6136,0.11305
6137,0.01525
6138,0.0
6139,0.0
6140,0.0
6141,0.0
6142,0.0
6143,0.0
6144,0.0
6145,0.0
6146,0.0
6147,0.0
6148,0.0
6149,0.0
6150,0.00973
6151,0.08882
6152,0.22303
6153,0.28249
6154,0.37104000000000004
6155,0.44389999999999996
6156,0.46675
6157,0.45348
6158,0.27593
6159,0.17572
6160,0.04596
6161,0.009529999999999999
6162,0.0
6163,0.0
6164,0.0
6165,0.0
6166,0.0
6167,0.0
6168,0.0
6169,0.0
6170,0.0
6171,0.0
6172,0.0
6173,0.0
6174,0.0
6175,0.0
6176,0.0040999999999999995
6177,0.028030000000000003
6178,0.0719
6179,0.06314
6180,0.025160000000000002
6181,0.24211000000000002
6182,0.27153
6183,0.18825999999999998
6184,0.07021
6185,0.01601
6186,0.0
6187,0.0
6188,0.0
6189,0.0
6190,0.0
6191,0.0
6192,0.0
6193,0.0
6194,0.0
6195,0.0
6196,0.0
6197,0.0
6198,0.02041
6199,0.13409000000000001
6200,0.30721
6201,0.45026
6202,0.48775
6203,0.5632
6204,0.5295
6205,0.52787
6206,0.36948000000000003
6207,0.12465999999999999
6208,0.11665
6209,0.01486
6210,0.0
6211,0.0
6212,0.0
6213,0.0
6214,0.0
6215,0.0
6216,0.0
6217,0.0
6218,0.0
6219,0.0
6220,0.0
6221,0.0
6222,0.0070599999999999994
6223,0.03289
6224,0.08345999999999999
6225,0.13118000000000002
6226,0.0979
6227,0.13632
6228,0.27073
6229,0.38783
6230,0.37655
6231,0.24055
6232,0.053329999999999995
6233,0.0037400000000000003
6234,0.0
6235,0.0
6236,0.0
6237,0.0
6238,0.0
6239,0.0
6240,0.0
6241,0.0
6242,0.0
6243,0.0
6244,0.0
6245,0.0
6246,0.00435
6247,0.05193
6248,0.11222
6249,0.11420999999999999
6250,0.19894
6251,0.29732
6252,0.33914999999999995
6253,0.41043999999999997
6254,0.33675
6255,0.18969
6256,0.13149
6257,0.01777
6258,0.0
6259,0.0
6260,0.0
6261,0.0
6262,0.0
6263,0.0
6264,0.0
6265,0.0
6266,0.0
6267,0.0
6268,0.0
6269,0.0
6270,0.01657
6271,0.14966
6272,0.27582
6273,0.32353
6274,0.30589999999999995
6275,0.59253
6276,0.5113
6277,0.46232999999999996
6278,0.35591
6279,0.27656000000000003
6280,0.13713999999999998
6281,0.02438
6282,0.0
6283,0.0
6284,0.0
6285,0.0
6286,0.0
6287,0.0
6288,0.0
6289,0.0
6290,0.0
6291,0.0
6292,0.0
6293,0.0
6294,0.00392
6295,0.03822
6296,0.08485
6297,0.17987999999999998
6298,0.17487
6299,0.26211
6300,0.16118000000000002
6301,0.31854000000000005
6302,0.35104
6303,0.23567
6304,0.10975
6305,0.02877
6306,0.0
6307,0.0
6308,0.0
6309,0.0
6310,0.0
6311,0.0
6312,0.0
6313,0.0
6314,0.0
6315,0.0
6316,0.0
6317,0.0
6318,0.0
6319,0.0
6320,0.0
6321,0.01704
6322,0.06835
6323,0.11734
6324,0.22904
6325,0.34439
6326,0.42612
6327,0.26749
6328,0.13407
6329,0.0219
6330,0.0
6331,0.0
6332,0.0
6333,0.0
6334,0.0
6335,0.0
6336,0.0
6337,0.0
6338,0.0
6339,0.0
6340,0.0
6341,0.0
6342,0.00751
6343,0.07513
6344,0.18793
6345,0.25474
6346,0.35731999999999997
6347,0.38215
6348,0.37282
6349,0.41179000000000004
6350,0.42975
6351,0.32561
6352,0.15221
6353,0.023190000000000002
6354,0.0
6355,0.0
6356,0.0
6357,0.0
6358,0.0
6359,0.0
6360,0.0
6361,0.0
6362,0.0
6363,0.0
6364,0.0
6365,0.0
6366,0.0050999999999999995
6367,0.05115
6368,0.13372
6369,0.17896
6370,0.17661000000000002
6371,0.20469
6372,0.17405
6373,0.44936000000000004
6374,0.22309
6375,0.11466
6376,0.03653
6377,0.00959
6378,0.0
6379,0.0
6380,0.0
6381,0.0
6382,0.0
6383,0.0
6384,0.0
6385,0.0
6386,0.0
6387,0.0
6388,0.0
6389,0.0
6390,0.00279
6391,0.02498
6392,0.06897
6393,0.05942
6394,0.14393999999999998
6395,0.20388
6396,0.21259999999999998
6397,0.21203999999999998
6398,0.31392000000000003
6399,0.19911
6400,0.11837
6401,0.01912
6402,0.0
6403,0.0
6404,0.0
6405,0.0
6406,0.0
6407,0.0
6408,0.0
6409,0.0
6410,0.0
6411,0.0
6412,0.0
6413,0.0
6414,0.0
6415,0.011
6416,0.07933
6417,0.21728999999999998
6418,0.29286
6419,0.34502999999999995
6420,0.29632
6421,0.26913
6422,0.14945
6423,0.10617
6424,0.05441
6425,0.00438
6426,0.0
6427,0.0
6428,0.0
6429,0.0
6430,0.0
6431,0.0
6432,0.0
6433,0.0
6434,0.0
6435,0.0
6436,0.0
6437,0.0
6438,0.00583
6439,0.04176
6440,0.109
6441,0.20111
6442,0.12840000000000001
6443,0.21635
6444,0.19194999999999998
6445,0.292
6446,0.27155
6447,0.19504
6448,0.07482
6449,0.00674
6450,0.0
6451,0.0
6452,0.0
6453,0.0
6454,0.0
6455,0.0
6456,0.0
6457,0.0
6458,0.0
6459,0.0
6460,0.0
6461,0.0
6462,0.0223
6463,0.09013
6464,0.20524
6465,0.31667
6466,0.50257
6467,0.63109
6468,0.6127100000000001
6469,0.53986
6470,0.46293
6471,0.26197000000000004
6472,0.14592
6473,0.01264
6474,0.0
6475,0.0
6476,0.0
6477,0.0
6478,0.0
6479,0.0
6480,0.0
6481,0.0
6482,0.0
6483,0.0
6484,0.0
6485,0.0
6486,0.01397
6487,0.08782999999999999
6488,0.26941000000000004
6489,0.22663
6490,0.29607
6491,0.5157999999999999
6492,0.42561
6493,0.5105299999999999
6494,0.23398
6495,0.18108000000000002
6496,0.061649999999999996
6497,0.00621
6498,0.0
6499,0.0
6500,0.0
6501,0.0
6502,0.0
6503,0.0
6504,0.0
6505,0.0
6506,0.0
6507,0.0
6508,0.0
6509,0.0
6510,0.0
6511,0.0
6512,0.0
6513,0.0
6514,0.02633
6515,0.09504
6516,0.18763999999999997
6517,0.23132
6518,0.17675
6519,0.10272
6520,0.08101
6521,0.0128
6522,0.0
6523,0.0
6524,0.0
6525,0.0
6526,0.0
6527,0.0
6528,0.0
6529,0.0
6530,0.0
6531,0.0
6532,0.0
6533,0.0
6534,0.00387
6535,0.03846
6536,0.05772
6537,0.11669
6538,0.22658
6539,0.13931
6540,0.0592
6541,0.34444
6542,0.26726
6543,0.19616
6544,0.06422
6545,0.01808
6546,0.0
6547,0.0
6548,0.0
6549,0.0
6550,0.0
6551,0.0
6552,0.0
6553,0.0
6554,0.0
6555,0.0
6556,0.0
6557,0.0
6558,0.01056
6559,0.05178
6560,0.14032
6561,0.23796
6562,0.26416
6563,0.22585
6564,0.27037
6565,0.26165
6566,0.30137
6567,0.21997
6568,0.07686
6569,0.013
6570,0.0
6571,0.0
6572,0.0
6573,0.0
6574,0.0
6575,0.0
6576,0.0
6577,0.0
6578,0.0
6579,0.0
6580,0.0
6581,0.0
6582,0.0
6583,0.00731
6584,0.039009999999999996
6585,0.032380000000000006
6586,0.10102
6587,0.1731
6588,0.18791999999999998
6589,0.28843
6590,0.21947999999999998
6591,0.2046
6592,0.06283
6593,0.00958
6594,0.0
6595,0.0
6596,0.0
6597,0.0
6598,0.0
6599,0.0
6600,0.0
6601,0.0
6602,0.0
6603,0.0
6604,0.0
6605,0.0
6606,0.00354
6607,0.018760000000000002
6608,0.03606
6609,0.09434000000000001
6610,0.12318000000000001
6611,0.20107
6612,0.24365
6613,0.18103999999999998
6614,0.1726
6615,0.10211
6616,0.07153
6617,0.0045899999999999995
6618,0.0
6619,0.0
6620,0.0
6621,0.0
6622,0.0
6623,0.0
6624,0.0
6625,0.0
6626,0.0
6627,0.0
6628,0.0
6629,0.0
6630,0.0003
6631,0.02214
6632,0.11997
6633,0.1687
6634,0.36336
6635,0.21273
6636,0.41934
6637,0.40378
6638,0.35979
6639,0.16063
6640,0.08856
6641,0.006679999999999999
6642,0.0
6643,0.0
6644,0.0
6645,0.0
6646,0.0
6647,0.0
6648,0.0
6649,0.0
6650,0.0
6651,0.0
6652,0.0
6653,0.0
6654,0.01531
6655,0.08404
6656,0.11079
6657,0.3019
6658,0.40113
6659,0.44312
6660,0.54637
6661,0.55104
6662,0.39308
6663,0.16066999999999998
6664,0.08715
6665,0.01333
6666,0.0
6667,0.0
6668,0.0
6669,0.0
6670,0.0
6671,0.0
6672,0.0
6673,0.0
6674,0.0
6675,0.0
6676,0.0
6677,0.0
6678,0.006549999999999999
6679,0.0584
6680,0.13932
6681,0.22672
6682,0.24309999999999998
6683,0.37202999999999997
6684,0.39899
6685,0.39753
6686,0.39431
6687,0.19488999999999998
6688,0.07429000000000001
6689,0.01777
6690,0.0
6691,0.0
6692,0.0
6693,0.0
6694,0.0
6695,0.0
6696,0.0
6697,0.0
6698,0.0
6699,0.0
6700,0.0
6701,0.0
6702,0.00405
6703,0.0272
6704,0.07377
6705,0.20961000000000002
6706,0.23476
6707,0.21101
6708,0.19743
6709,0.23414
6710,0.18769999999999998
6711,0.11808
6712,0.05033
6713,0.007980000000000001
6714,0.0
6715,0.0
6716,0.0
6717,0.0
6718,0.0
6719,0.0
6720,0.0
6721,0.0
6722,0.0
6723,0.0
6724,0.0
6725,0.0
6726,0.00391
6727,0.03189
6728,0.14509
6729,0.11757
6730,0.2543
6731,0.21956
6732,0.25357
6733,0.33841000000000004
6734,0.28972000000000003
6735,0.13443
6736,0.07883
6737,0.01094
6738,0.0
6739,0.0
6740,0.0
6741,0.0
6742,0.0
6743,0.0
6744,0.0
6745,0.0
6746,0.0
6747,0.0
6748,0.0
6749,0.0
6750,0.00813
6751,0.053439999999999994
6752,0.12721
6753,0.27168000000000003
6754,0.31797000000000003
6755,0.24237
6756,0.39117
6757,0.15725
6758,0.27476
6759,0.16638
6760,0.10745
6761,0.0161
6762,0.0
6763,0.0
6764,0.0
6765,0.0
6766,0.0
6767,0.0
6768,0.0
6769,0.0
6770,0.0
6771,0.0
6772,0.0
6773,0.0
6774,0.022010000000000002
6775,0.106
6776,0.19816
6777,0.38567
6778,0.54239
6779,0.54389
6780,0.5026700000000001
6781,0.555
6782,0.42825
6783,0.18278999999999998
6784,0.11159999999999999
6785,0.0162
6786,0.0
6787,0.0
6788,0.0
6789,0.0
6790,0.0
6791,0.0
6792,0.0
6793,0.0
6794,0.0
6795,0.0
6796,0.0
6797,0.0
6798,0.00956
6799,0.01409
6800,0.0
6801,0.0
6802,0.01844
6803,0.06788
6804,0.07498
6805,0.19044
6806,0.1886
6807,0.14817
6808,0.11634
6809,0.01184
6810,0.0
6811,0.0
6812,0.0
6813,0.0
6814,0.0
6815,0.0
6816,0.0
6817,0.0
6818,0.0
6819,0.0
6820,0.0
6821,0.0
6822,0.0
6823,0.0
6824,0.0
6825,0.00732
6826,0.09956
6827,0.15559
6828,0.32365
6829,0.57556
6830,0.44251
6831,0.24694
6832,0.11576
6833,0.01011
6834,0.0
6835,0.0
6836,0.0
6837,0.0
6838,0.0
6839,0.0
6840,0.0
6841,0.0
6842,0.0
6843,0.0
6844,0.0
6845,0.0
6846,0.0
6847,0.0001
6848,0.04268
6849,0.06855
6850,0.1105
6851,0.15709
6852,0.20259
6853,0.37854000000000004
6854,0.17058
6855,0.10611
6856,0.03531
6857,0.0070599999999999994
6858,0.0
6859,0.0
6860,0.0
6861,0.0
6862,0.0
6863,0.0
6864,0.0
6865,0.0
6866,0.0
6867,0.0
6868,0.0
6869,0.0
6870,0.01116
6871,0.08204
6872,0.14442
6873,0.20561000000000001
6874,0.27768
6875,0.36198
6876,0.32419
6877,0.5354
6878,0.40396
6879,0.28864
6880,0.11320999999999999
6881,0.01504
6882,0.0
6883,0.0
6884,0.0
6885,0.0
6886,0.0
6887,0.0
6888,0.0
6889,0.0
6890,0.0
6891,0.0
6892,0.0
6893,0.0
6894,0.0071200000000000005
6895,0.06252
6896,0.12279999999999999
6897,0.29625
6898,0.36929
6899,0.42201
6900,0.38086000000000003
6901,0.32866
6902,0.37511
6903,0.2689
6904,0.11476
6905,0.012410000000000001
6906,0.0
6907,0.0
6908,0.0
6909,0.0
6910,0.0
6911,0.0
6912,0.0
6913,0.0
6914,0.0
6915,0.0
6916,0.0
6917,0.0
6918,0.007690000000000001
6919,0.01602
6920,0.01392
6921,0.00694
6922,0.00222
6923,0.03639
6924,0.05293
6925,0.36339
6926,0.28763
6927,0.22034
6928,0.06545000000000001
6929,0.00189
6930,0.0
6931,0.0
6932,0.0
6933,0.0
6934,0.0
6935,0.0
6936,0.0
6937,0.0
6938,0.0
6939,0.0
6940,0.0
6941,0.0
6942,0.00438
6943,0.00171
6944,0.0207
6945,0.04761
6946,0.06261
6947,0.09952
6948,0.12264
6949,0.21058000000000002
6950,0.17027
6951,0.13726
6952,0.05123
6953,0.00664
6954,0.0
6955,0.0
6956,0.0
6957,0.0
6958,0.0
6959,0.0
6960,0.0
6961,0.0
6962,0.0
6963,0.0
6964,0.0
6965,0.0
6966,0.0077599999999999995
6967,0.04084
6968,0.12126
6969,0.12342
6970,0.08663
6971,0.22281
6972,0.20882
6973,0.22877
6974,0.13902
6975,0.10257
6976,0.04277
6977,0.0047599999999999995
6978,0.0
6979,0.0
6980,0.0
6981,0.0
6982,0.0
6983,0.0
6984,0.0
6985,0.0
6986,0.0
6987,0.0
6988,0.0
6989,0.0
6990,0.0
6991,0.015560000000000001
6992,0.04871
6993,0.1021
6994,0.11651
6995,0.11042
6996,0.10235999999999999
6997,0.40464999999999995
6998,0.24309
6999,0.20567
7000,0.09383
7001,0.00876
7002,0.0
7003,0.0
7004,0.0
7005,0.0
7006,0.0
7007,0.0
7008,0.0
7009,0.0
7010,0.0
7011,0.0
7012,0.0
7013,0.0
7014,0.0127
7015,0.1257
7016,0.26253
7017,0.43495
7018,0.5975199999999999
7019,0.53083
7020,0.51305
7021,0.58941
7022,0.41436
7023,0.25408000000000003
7024,0.13779
7025,0.00992
7026,0.0
7027,0.0
7028,0.0
7029,0.0
7030,0.0
7031,0.0
7032,0.0
7033,0.0
7034,0.0
7035,0.0
7036,0.0
7037,0.0
7038,0.01
7039,0.07325
7040,0.20038999999999998
7041,0.26893
7042,0.22227000000000002
7043,0.26803
7044,0.35656
7045,0.15919999999999998
7046,0.09290999999999999
7047,0.04934
7048,0.01062
7049,0.00161
7050,0.0
7051,0.0
7052,0.0
7053,0.0
7054,0.0
7055,0.0
7056,0.0
7057,0.0
7058,0.0
7059,0.0
7060,0.0
7061,0.0
7062,0.00747
7063,0.05038
7064,0.10981
7065,0.16469
7066,0.22044999999999998
7067,0.18788999999999997
7068,0.34218
7069,0.29133
7070,0.18359999999999999
7071,0.11846999999999999
7072,0.044090000000000004
7073,0.00492
7074,0.0
7075,0.0
7076,0.0
7077,0.0
7078,0.0
7079,0.0
7080,0.0
7081,0.0
7082,0.0
7083,0.0
7084,0.0
7085,0.0
7086,0.004019999999999999
7087,0.02686
7088,0.06616
7089,0.14852
7090,0.12566
7091,0.12928
7092,0.11234000000000001
7093,0.20131
7094,0.15958
7095,0.05881
7096,0.0484
7097,0.008490000000000001
7098,0.0
7099,0.0
7100,0.0
7101,0.0
7102,0.0
7103,0.0
7104,0.0
7105,0.0
7106,0.0
7107,0.0
7108,0.0
7109,0.0
7110,0.0
7111,0.00739
7112,0.06718
7113,0.12468000000000001
7114,0.18434999999999999
7115,0.22179
7116,0.15530000000000002
7117,0.37376
7118,0.34156
7119,0.18166
7120,0.09283
7121,0.0049900000000000005
7122,0.0
7123,0.0
7124,0.0
7125,0.0
7126,0.0
7127,0.0
7128,0.0
7129,0.0
7130,0.0
7131,0.0
7132,0.0
7133,0.0
7134,0.023420000000000003
7135,0.12613
7136,0.3432
7137,0.46974
7138,0.5488500000000001
7139,0.43501999999999996
7140,0.37075
7141,0.536
7142,0.38303
7143,0.17773
7144,0.09877
7145,0.00605
7146,0.0
7147,0.0
7148,0.0
7149,0.0
7150,0.0
7151,0.0
7152,0.0
7153,0.0
7154,0.0
7155,0.0
7156,0.0
7157,0.0
7158,0.00982
7159,0.10959
7160,0.21644999999999998
7161,0.36274
7162,0.47005
7163,0.4442
7164,0.42702999999999997
7165,0.45077999999999996
7166,0.28158
7167,0.17257
7168,0.09906000000000001
7169,0.0038399999999999997
7170,0.0
7171,0.0
7172,0.0
7173,0.0
7174,0.0
7175,0.0
7176,0.0
7177,0.0
7178,0.0
7179,0.0
7180,0.0
7181,0.0
7182,0.00066
7183,0.0
7184,0.0
7185,0.05894
7186,0.11036
7187,0.14133
7188,0.25267
7189,0.29279
7190,0.11078
7191,0.10497
7192,0.02525
7193,0.0010500000000000002
7194,0.0
7195,0.0
7196,0.0
7197,0.0
7198,0.0
7199,0.0
7200,0.0
7201,0.0
7202,0.0
7203,0.0
7204,0.0
7205,0.0
7206,0.00841
7207,0.02014
7208,0.01193
7209,0.01314
7210,0.00956
7211,0.01796
7212,0.0412
7213,0.09764
7214,0.05683
7215,0.046450000000000005
7216,0.02585
7217,0.00016
7218,0.0
7219,0.0
7220,0.0
7221,0.0
7222,0.0
7223,0.0
7224,0.0
7225,0.0
7226,0.0
7227,0.0
7228,0.0
7229,0.0
7230,0.033280000000000004
7231,0.13305
7232,0.32291000000000003
7233,0.4387
7234,0.56831
7235,0.60039
7236,0.6841799999999999
7237,0.57784
7238,0.52049
7239,0.35878
7240,0.14116
7241,0.01293
7242,0.0
7243,0.0
7244,0.0
7245,0.0
7246,0.0
7247,0.0
7248,0.0
7249,0.0
7250,0.0
7251,0.0
7252,0.0
7253,0.0
7254,0.02842
7255,0.16346
7256,0.35069
7257,0.41635
7258,0.53134
7259,0.5919099999999999
7260,0.56836
7261,0.5395599999999999
7262,0.39363
7263,0.26292000000000004
7264,0.12095
7265,0.01102
7266,0.0
7267,0.0
7268,0.0
7269,0.0
7270,0.0
7271,0.0
7272,0.0
7273,0.0
7274,0.0
7275,0.0
7276,0.0
7277,0.0
7278,0.01337
7279,0.08315
7280,0.20262
7281,0.3912
7282,0.44245999999999996
7283,0.43310000000000004
7284,0.5670499999999999
7285,0.31107999999999997
7286,0.29408
7287,0.10279
7288,0.06577
7289,0.004860000000000001
7290,0.0
7291,0.0
7292,0.0
7293,0.0
7294,0.0
7295,0.0
7296,0.0
7297,0.0
7298,0.0
7299,0.0
7300,0.0
7301,0.0
7302,0.008490000000000001
7303,0.13136
7304,0.26496
7305,0.36468
7306,0.43456
7307,0.56144
7308,0.43009
7309,0.5126900000000001
7310,0.34893
7311,0.17018
7312,0.13619
7313,0.012230000000000001
7314,0.0
7315,0.0
7316,0.0
7317,0.0
7318,0.0
7319,0.0
7320,0.0
7321,0.0
7322,0.0
7323,0.0
7324,0.0
7325,0.0
7326,0.02983
7327,0.19835
7328,0.40626
7329,0.50403
7330,0.61512
7331,0.6506000000000001
7332,0.5961900000000001
7333,0.55876
7334,0.5050899999999999
7335,0.30678
7336,0.13725
7337,0.01274
7338,0.0
7339,0.0
7340,0.0
7341,0.0
7342,0.0
7343,0.0
7344,0.0
7345,0.0
7346,0.0
7347,0.0
7348,0.0
7349,0.0
7350,0.01782
7351,0.09831000000000001
7352,0.20369
7353,0.31389999999999996
7354,0.4803
7355,0.51971
7356,0.45368
7357,0.64798
7358,0.45941000000000004
7359,0.22461
7360,0.13449
7361,0.01097
7362,0.0
7363,0.0
7364,0.0
7365,0.0
7366,0.0
7367,0.0
7368,0.0
7369,0.0
7370,0.0
7371,0.0
7372,0.0
7373,0.0
7374,0.01887
7375,0.15174
7376,0.27813
7377,0.45257
7378,0.56839
7379,0.5440499999999999
7380,0.6301
7381,0.58729
7382,0.49736
7383,0.30875
7384,0.1301
7385,0.01333
7386,0.0
7387,0.0
7388,0.0
7389,0.0
7390,0.0
7391,0.0
7392,0.0
7393,0.0
7394,0.0
7395,0.0
7396,0.0
7397,0.0
7398,0.01116
7399,0.09673999999999999
7400,0.21276
7401,0.2835
7402,0.28905000000000003
7403,0.30933
7404,0.25498
7405,0.28322
7406,0.13461
7407,0.09298000000000001
7408,0.0294
7409,0.0004
7410,0.0
7411,0.0
7412,0.0
7413,0.0
7414,0.0
7415,0.0
7416,0.0
7417,0.0
7418,0.0
7419,0.0
7420,0.0
7421,0.0
7422,0.00272
7423,0.022629999999999997
7424,0.01828
7425,0.04875
7426,0.08343
7427,0.07806999999999999
7428,0.06269
7429,0.39774
7430,0.26864
7431,0.13402
7432,0.07242
7433,0.00656
7434,0.0
7435,0.0
7436,0.0
7437,0.0
7438,0.0
7439,0.0
7440,0.0
7441,0.0
7442,0.0
7443,0.0
7444,0.0
7445,0.0
7446,0.01798
7447,0.07367
7448,0.25477
7449,0.35763
7450,0.41629
7451,0.40558999999999995
7452,0.40187
7453,0.48633
7454,0.314
7455,0.24634
7456,0.07189
7457,0.00411
7458,0.0
7459,0.0
7460,0.0
7461,0.0
7462,0.0
7463,0.0
7464,0.0
7465,0.0
7466,0.0
7467,0.0
7468,0.0
7469,0.0
7470,0.006059999999999999
7471,0.04758
7472,0.07970999999999999
7473,0.07278
7474,0.18397999999999998
7475,0.16576
7476,0.1716
7477,0.25988
7478,0.30586
7479,0.19598
7480,0.06748
7481,0.00809
7482,0.0
7483,0.0
7484,0.0
7485,0.0
7486,0.0
7487,0.0
7488,0.0
7489,0.0
7490,0.0
7491,0.0
7492,0.0
7493,0.0
7494,0.00233
7495,0.01265
7496,0.09002
7497,0.14244
7498,0.20548
7499,0.28534
7500,0.22438999999999998
7501,0.37345999999999996
7502,0.24874000000000002
7503,0.20151
7504,0.056670000000000005
7505,0.00463
7506,0.0
7507,0.0
7508,0.0
7509,0.0
7510,0.0
7511,0.0
7512,0.0
7513,0.0
7514,0.0
7515,0.0
7516,0.0
7517,0.0
7518,0.00562
7519,0.05028
7520,0.15253999999999998
7521,0.22258
7522,0.14745
7523,0.11078
7524,0.11603
7525,0.22806
7526,0.17125
7527,0.08339
7528,0.01893
7529,0.00347
7530,0.0
7531,0.0
7532,0.0
7533,0.0
7534,0.0
7535,0.0
7536,0.0
7537,0.0
7538,0.0
7539,0.0
7540,0.0
7541,0.0
7542,0.01481
7543,0.07681
7544,0.07696
7545,0.08086
7546,0.15324000000000002
7547,0.06468
7548,0.13201
7549,0.40044
7550,0.29628
7551,0.23066
7552,0.11004000000000001
7553,0.009710000000000002
7554,0.0
7555,0.0
7556,0.0
7557,0.0
7558,0.0
7559,0.0
7560,0.0
7561,0.0
7562,0.0
7563,0.0
7564,0.0
7565,0.0
7566,0.02425
7567,0.14235
7568,0.28694
7569,0.32312
7570,0.43894
7571,0.41045
7572,0.48743000000000003
7573,0.48263
7574,0.43207999999999996
7575,0.22218000000000002
7576,0.10054
7577,0.006019999999999999
7578,0.0
7579,0.0
7580,0.0
7581,0.0
7582,0.0
7583,0.0
7584,0.0
7585,0.0
7586,0.0
7587,0.0
7588,0.0
7589,0.0
7590,0.02275
7591,0.13207
7592,0.32176
7593,0.45838999999999996
7594,0.6063999999999999
7595,0.5342
7596,0.33873000000000003
7597,0.33115
7598,0.32101999999999997
7599,0.16359
7600,0.08702
7601,0.00539
7602,0.0
7603,0.0
7604,0.0
7605,0.0
7606,0.0
7607,0.0
7608,0.0
7609,0.0
7610,0.0
7611,0.0
7612,0.0
7613,0.0
7614,0.0054800000000000005
7615,0.06031
7616,0.20919
7617,0.38799
7618,0.42836
7619,0.48547
7620,0.5313300000000001
7621,0.51842
7622,0.41314
7623,0.34908
7624,0.13451
7625,0.01095
7626,0.0
7627,0.0
7628,0.0
7629,0.0
7630,0.0
7631,0.0
7632,0.0
7633,0.0
7634,0.0
7635,0.0
7636,0.0
7637,0.0
7638,0.022170000000000002
7639,0.14558000000000001
7640,0.28929000000000005
7641,0.50275
7642,0.52577
7643,0.61775
7644,0.57102
7645,0.50072
7646,0.44421
7647,0.28586
7648,0.1008
7649,0.01079
7650,0.0
7651,0.0
7652,0.0
7653,0.0
7654,0.0
7655,0.0
7656,0.0
7657,0.0
7658,0.0
7659,0.0
7660,0.0
7661,0.0
7662,0.02435
7663,0.14095
7664,0.31074
7665,0.35779
7666,0.41468
7667,0.38024
7668,0.39949
7669,0.40776999999999997
7670,0.35622000000000004
7671,0.17032
7672,0.09587999999999999
7673,0.00931
7674,0.0
7675,0.0
7676,0.0
7677,0.0
7678,0.0
7679,0.0
7680,0.0
7681,0.0
7682,0.0
7683,0.0
7684,0.0
7685,0.0
7686,0.01251
7687,0.10607
7688,0.17453
7689,0.27503
7690,0.39718000000000003
7691,0.43509
7692,0.3851
7693,0.30987
7694,0.2616
7695,0.19441
7696,0.06844
7697,0.0030499999999999998
7698,0.0
7699,0.0
7700,0.0
7701,0.0
7702,0.0
7703,0.0
7704,0.0
7705,0.0
7706,0.0
7707,0.0
7708,0.0
7709,0.0
7710,0.01467
7711,0.10039000000000001
7712,0.19791999999999998
7713,0.24925999999999998
7714,0.31095
7715,0.32933999999999997
7716,0.35483
7717,0.34002
7718,0.25592
7719,0.15068
7720,0.07842
7721,0.00076
7722,0.0
7723,0.0
7724,0.0
7725,0.0
7726,0.0
7727,0.0
7728,0.0
7729,0.0
7730,0.0
7731,0.0
7732,0.0
7733,0.0
7734,0.00649
7735,0.01843
7736,0.048049999999999995
7737,0.0424
7738,0.05458
7739,0.10912999999999999
7740,0.10939
7741,0.33030000000000004
7742,0.26750999999999997
7743,0.19240000000000002
7744,0.08683
7745,0.00266
7746,0.0
7747,0.0
7748,0.0
7749,0.0
7750,0.0
7751,0.0
7752,0.0
7753,0.0
7754,0.0
7755,0.0
7756,0.0
7757,0.0
7758,0.00914
7759,0.05137
7760,0.12454000000000001
7761,0.18747999999999998
7762,0.29907999999999996
7763,0.18859
7764,0.325
7765,0.26056
7766,0.1845
7767,0.0872
7768,0.033030000000000004
7769,0.0018
7770,0.0
7771,0.0
7772,0.0
7773,0.0
7774,0.0
7775,0.0
7776,0.0
7777,0.0
7778,0.0
7779,0.0
7780,0.0
7781,0.0
7782,0.014199999999999999
7783,0.07986
7784,0.29134
7785,0.38921
7786,0.46157
7787,0.60703
7788,0.48436
7789,0.531
7790,0.42467
7791,0.28845
7792,0.11170999999999999
7793,0.01234
7794,0.0
7795,0.0
7796,0.0
7797,0.0
7798,0.0
7799,0.0
7800,0.0
7801,0.0
7802,0.0
7803,0.0
7804,0.0
7805,0.0
7806,0.00346
7807,0.06523999999999999
7808,0.15911
7809,0.21756999999999999
7810,0.24082
7811,0.28816
7812,0.4157
7813,0.50457
7814,0.39333999999999997
7815,0.13253
7816,0.07511
7817,0.00551
7818,0.0
7819,0.0
7820,0.0
7821,0.0
7822,0.0
7823,0.0
7824,0.0
7825,0.0
7826,0.0
7827,0.0
7828,0.0
7829,0.0
7830,0.00322
7831,0.0247
7832,0.06423999999999999
7833,0.16404
7834,0.2343
7835,0.24097
7836,0.26717
7837,0.44603
7838,0.351
7839,0.13965
7840,0.06418
7841,0.00553
7842,0.0
7843,0.0
7844,0.0
7845,0.0
7846,0.0
7847,0.0
7848,0.0
7849,0.0
7850,0.0
7851,0.0
7852,0.0
7853,0.0
7854,0.0025499999999999997
7855,0.024079999999999997
7856,0.05458
7857,0.09473000000000001
7858,0.10740000000000001
7859,0.00025
7860,0.02066
7861,0.33316
7862,0.34602999999999995
7863,0.23929
7864,0.07072
7865,0.00609
7866,0.0
7867,0.0
7868,0.0
7869,0.0
7870,0.0
7871,0.0
7872,0.0
7873,0.0
7874,0.0
7875,0.0
7876,0.0
7877,0.0
7878,0.0112
7879,0.08876
7880,0.15825999999999998
7881,0.1708
7882,0.17481
7883,0.21961000000000003
7884,0.16337000000000002
7885,0.34346
7886,0.36405
7887,0.21049
7888,0.09017
7889,0.0108
7890,0.0
7891,0.0
7892,0.0
7893,0.0
7894,0.0
7895,0.0
7896,0.0
7897,0.0
7898,0.0
7899,0.0
7900,0.0
7901,0.0
7902,0.01711
7903,0.11805
7904,0.21708000000000002
7905,0.19702
7906,0.20623
7907,0.20514
7908,0.18907
7909,0.6025
7910,0.3983
7911,0.21106
7912,0.0475
7913,0.00607
7914,0.0
7915,0.0
7916,0.0
7917,0.0
7918,0.0
7919,0.0
7920,0.0
7921,0.0
7922,0.0
7923,0.0
7924,0.0
7925,0.0
7926,0.00266
7927,0.02018
7928,0.02535
7929,0.022600000000000002
7930,0.07747
7931,0.13325
7932,0.03476
7933,0.44680000000000003
7934,0.28512
7935,0.22191999999999998
7936,0.09026
7937,0.00933
7938,0.0
7939,0.0
7940,0.0
7941,0.0
7942,0.0
7943,0.0
7944,0.0
7945,0.0
7946,0.0
7947,0.0
7948,0.0
7949,0.0
7950,0.019690000000000003
7951,0.13754
7952,0.29863999999999996
7953,0.42139
7954,0.40556
7955,0.49423
7956,0.5657000000000001
7957,0.46625
7958,0.39731
7959,0.29764999999999997
7960,0.11181
7961,0.01151
7962,0.0
7963,0.0
7964,0.0
7965,0.0
7966,0.0
7967,0.0
7968,0.0
7969,0.0
7970,0.0
7971,0.0
7972,0.0
7973,0.0
7974,0.013460000000000001
7975,0.07603
7976,0.26608
7977,0.279
7978,0.42478
7979,0.30967
7980,0.30112
7981,0.33413
7982,0.34579000000000004
7983,0.14887
7984,0.08262
7985,0.00842
7986,0.0
7987,0.0
7988,0.0
7989,0.0
7990,0.0
7991,0.0
7992,0.0
7993,0.0
7994,0.0
7995,0.0
7996,0.0
7997,0.0
7998,0.0
7999,0.00066
8000,0.008369999999999999
8001,0.020989999999999998
8002,0.03522
8003,0.11959
8004,0.17873
8005,0.22135
8006,0.36501
8007,0.21647
8008,0.06859
8009,0.011529999999999999
8010,0.0
8011,0.0
8012,0.0
8013,0.0
8014,0.0
8015,0.0
8016,0.0
8017,0.0
8018,0.0
8019,0.0
8020,0.0
8021,0.0
8022,0.00646
8023,0.09097
8024,0.19068000000000002
8025,0.37467
8026,0.32313
8027,0.50096
8028,0.44694
8029,0.54211
8030,0.35527
8031,0.18819999999999998
8032,0.08459
8033,0.00807
8034,0.0
8035,0.0
8036,0.0
8037,0.0
8038,0.0
8039,0.0
8040,0.0
8041,0.0
8042,0.0
8043,0.0
8044,0.0
8045,0.0
8046,0.00017
8047,0.015460000000000002
8048,0.02989
8049,0.027739999999999997
8050,0.015300000000000001
8051,0.019739999999999997
8052,0.02994
8053,0.39707
8054,0.33135000000000003
8055,0.34669
8056,0.14887999999999998
8057,0.01557
8058,0.0
8059,0.0
8060,0.0
8061,0.0
8062,0.0
8063,0.0
8064,0.0
8065,0.0
8066,0.0
8067,0.0
8068,0.0
8069,0.0
8070,0.00421
8071,0.04518
8072,0.11405
8073,0.24861000000000003
8074,0.27192
8075,0.17098
8076,0.25524
8077,0.38027999999999995
8078,0.41516000000000003
8079,0.20879
8080,0.09059
8081,0.00546
8082,0.0
8083,0.0
8084,0.0
8085,0.0
8086,0.0
8087,0.0
8088,0.0
8089,0.0
8090,0.0
8091,0.0
8092,0.0
8093,0.0
8094,0.00408
8095,0.04821
8096,0.11957
8097,0.23233
8098,0.20956
8099,0.24245
8100,0.26843
8101,0.38106
8102,0.32449
8103,0.09487999999999999
8104,0.04305
8105,0.004200000000000001
8106,0.0
8107,0.0
8108,0.0
8109,0.0
8110,0.0
8111,0.0
8112,0.0
8113,0.0
8114,0.0
8115,0.0
8116,0.0
8117,0.0
8118,0.00631
8119,0.049909999999999996
8120,0.09792000000000001
8121,0.11982
8122,0.0997
8123,0.11418
8124,0.19723
8125,0.27991000000000005
8126,0.30183
8127,0.16522
8128,0.0978
8129,0.00719
8130,0.0
8131,0.0
8132,0.0
8133,0.0
8134,0.0
8135,0.0
8136,0.0
8137,0.0
8138,0.0
8139,0.0
8140,0.0
8141,0.0
8142,0.0010400000000000001
8143,0.00613
8144,0.0
8145,0.01137
8146,0.05804
8147,0.15572999999999998
8148,0.15750999999999998
8149,0.52742
8150,0.34995
8151,0.26714
8152,0.11008
8153,0.013009999999999999
8154,0.0
8155,0.0
8156,0.0
8157,0.0
8158,0.0
8159,0.0
8160,0.0
8161,0.0
8162,0.0
8163,0.0
8164,0.0
8165,0.0
8166,0.00391
8167,0.04142
8168,0.12919999999999998
8169,0.16151
8170,0.26637
8171,0.18101
8172,0.09362000000000001
8173,0.33396
8174,0.135
8175,0.07759999999999999
8176,0.06166
8177,0.0062699999999999995
8178,0.0
8179,0.0
8180,0.0
8181,0.0
8182,0.0
8183,0.0
8184,0.0
8185,0.0
8186,0.0
8187,0.0
8188,0.0
8189,0.0
8190,0.00212
8191,0.00495
8192,0.0
8193,0.0
8194,0.015
8195,0.01716
8196,0.04324
8197,0.17803
8198,0.17418
8199,0.11466
8200,0.04795
8201,0.00189
8202,0.0
8203,0.0
8204,0.0
8205,0.0
8206,0.0
8207,0.0
8208,0.0
8209,0.0
8210,0.0
8211,0.0
8212,0.0
8213,0.0
8214,0.0017
8215,0.019399999999999997
8216,0.07318999999999999
8217,0.12004000000000001
8218,0.13008
8219,0.15757
8220,0.16405
8221,0.1876
8222,0.22938
8223,0.13019999999999998
8224,0.08056999999999999
8225,0.00584
8226,0.0
8227,0.0
8228,0.0
8229,0.0
8230,0.0
8231,0.0
8232,0.0
8233,0.0
8234,0.0
8235,0.0
8236,0.0
8237,0.0
8238,0.00751
8239,0.06503
8240,0.18711000000000003
8241,0.29397
8242,0.30257
8243,0.30163
8244,0.24861000000000003
8245,0.43094
8246,0.34576
8247,0.23268
8248,0.08364
8249,0.00779
8250,0.0
8251,0.0
8252,0.0
8253,0.0
8254,0.0
8255,0.0
8256,0.0
8257,0.0
8258,0.0
8259,0.0
8260,0.0
8261,0.0
8262,0.00957
8263,0.12006
8264,0.20973
8265,0.34391000000000005
8266,0.33716
8267,0.57227
8268,0.47001
8269,0.5870599999999999
8270,0.45205
8271,0.31007
8272,0.16035
8273,0.01889
8274,0.0
8275,0.0
8276,0.0
8277,0.0
8278,0.0
8279,0.0
8280,0.0
8281,0.0
8282,0.0
8283,0.0
8284,0.0
8285,0.0
8286,0.00864
8287,0.0681
8288,0.16069
8289,0.25573
8290,0.30944
8291,0.45513
8292,0.5131
8293,0.51518
8294,0.42149000000000003
8295,0.24788
8296,0.11055
8297,0.012150000000000001
8298,0.0
8299,0.0
8300,0.0
8301,0.0
8302,0.0
8303,0.0
8304,0.0
8305,0.0
8306,0.0
8307,0.0
8308,0.0
8309,0.0
8310,0.0035600000000000002
8311,0.04106
8312,0.1144
8313,0.112
8314,0.16518
8315,0.25641
8316,0.23007
8317,0.48466000000000004
8318,0.42410000000000003
8319,0.24278
8320,0.13563
8321,0.02135
8322,0.0
8323,0.0
8324,0.0
8325,0.0
8326,0.0
8327,0.0
8328,0.0
8329,0.0
8330,0.0
8331,0.0
8332,0.0
8333,0.0
8334,5e-05
8335,0.00675
8336,0.04321
8337,0.03823
8338,0.29877
8339,0.2517
8340,0.35025
8341,0.55335
8342,0.44716
8343,0.30872000000000005
8344,0.1349
8345,0.01666
8346,0.0
8347,0.0
8348,0.0
8349,0.0
8350,0.0
8351,0.0
8352,0.0
8353,0.0
8354,0.0
8355,0.0
8356,0.0
8357,0.0
8358,0.00329
8359,0.015179999999999999
8360,0.04107
8361,0.05987
8362,0.17013
8363,0.10805
8364,0.16108
8365,0.32133999999999996
8366,0.27681
8367,0.22193000000000002
8368,0.053759999999999995
8369,0.0141
8370,0.0
8371,0.0
8372,0.0
8373,0.0
8374,0.0
8375,0.0
8376,0.0
8377,0.0
8378,0.0
8379,0.0
8380,0.0
8381,0.0
8382,0.0064800000000000005
8383,0.067
8384,0.19368000000000002
8385,0.18284
8386,0.39031
8387,0.42733
8388,0.41347
8389,0.58317
8390,0.45253
8391,0.29235
8392,0.14161
8393,0.02718
8394,0.0
8395,0.0
8396,0.0
8397,0.0
8398,0.0
8399,0.0
8400,0.0
8401,0.0
8402,0.0
8403,0.0
8404,0.0
8405,0.0
8406,0.00183
8407,0.03687
8408,0.05683
8409,0.046259999999999996
8410,0.08101
8411,0.14941
8412,0.15178
8413,0.34602999999999995
8414,0.19394
8415,0.25008
8416,0.11818000000000001
8417,0.01219
8418,0.0
8419,0.0
8420,0.0
8421,0.0
8422,0.0
8423,0.0
8424,0.0
8425,0.0
8426,0.0
8427,0.0
8428,0.0
8429,0.0
8430,0.0
8431,2e-05
8432,0.01076
8433,0.0152
8434,0.02291
8435,0.02945
8436,0.09711
8437,0.55102
8438,0.40923000000000004
8439,0.20688
8440,0.07737999999999999
8441,0.01294
8442,0.0
8443,0.0
8444,0.0
8445,0.0
8446,0.0
8447,0.0
8448,0.0
8449,0.0
8450,0.0
8451,0.0
8452,0.0
8453,0.0
8454,0.00526
8455,0.09064
8456,0.18297999999999998
8457,0.30255
8458,0.37453
8459,0.43383999999999995
8460,0.35993
8461,0.35004
8462,0.22965
8463,0.10282
8464,0.048049999999999995
8465,0.00638
8466,0.0
8467,0.0
8468,0.0
8469,0.0
8470,0.0
8471,0.0
8472,0.0
8473,0.0
8474,0.0
8475,0.0
8476,0.0
8477,0.0
8478,0.007719999999999999
8479,0.07137
8480,0.10911
8481,0.14833000000000002
8482,0.15741
8483,0.18492
8484,0.15291
8485,0.15966999999999998
8486,0.199
8487,0.11222
8488,0.05125
8489,0.0010500000000000002
8490,0.0
8491,0.0
8492,0.0
8493,0.0
8494,0.0
8495,0.0
8496,0.0
8497,0.0
8498,0.0
8499,0.0
8500,0.0
8501,0.0
8502,0.00595
8503,0.05903
8504,0.14176
8505,0.16911
8506,0.23041999999999999
8507,0.29519
8508,0.3404
8509,0.60376
8510,0.4723
8511,0.25448
8512,0.13463
8513,0.02825
8514,0.0
8515,0.0
8516,0.0
8517,0.0
8518,0.0
8519,0.0
8520,0.0
8521,0.0
8522,0.0
8523,0.0
8524,0.0
8525,0.0
8526,0.0020299999999999997
8527,0.03221
8528,0.046579999999999996
8529,0.12516
8530,0.07526000000000001
8531,0.23729
8532,0.23665
8533,0.31929
8534,0.20393
8535,0.15458000000000002
8536,0.0682
8537,0.00863
8538,0.0
8539,0.0
8540,0.0
8541,0.0
8542,0.0
8543,0.0
8544,0.0
8545,0.0
8546,0.0
8547,0.0
8548,0.0
8549,0.0
8550,0.00376
8551,0.07703
8552,0.19134
8553,0.2865
8554,0.37885
8555,0.37995
8556,0.32445
8557,0.5492100000000001
8558,0.39112
8559,0.21644
8560,0.08416
8561,0.014060000000000001
8562,0.0
8563,0.0
8564,0.0
8565,0.0
8566,0.0
8567,0.0
8568,0.0
8569,0.0
8570,0.0
8571,0.0
8572,0.0
8573,0.0
8574,0.0033399999999999997
8575,0.0484
8576,0.07914
8577,0.10518999999999999
8578,0.17242
8579,0.28102999999999995
8580,0.12336
8581,0.17961000000000002
8582,0.2085
8583,0.20266
8584,0.11022
8585,0.01763
8586,0.0
8587,0.0
8588,0.0
8589,0.0
8590,0.0
8591,0.0
8592,0.0
8593,0.0
8594,0.0
8595,0.0
8596,0.0
8597,0.0
8598,0.00656
8599,0.08721999999999999
8600,0.18437
8601,0.23829
8602,0.23535
8603,0.2002
8604,0.10324
8605,0.35399
8606,0.24975
8607,0.21046
8608,0.07614
8609,0.012119999999999999
8610,0.0
8611,0.0
8612,0.0
8613,0.0
8614,0.0
8615,0.0
8616,0.0
8617,0.0
8618,0.0
8619,0.0
8620,0.0
8621,0.0
8622,0.0
8623,0.0
8624,0.00431
8625,0.00679
8626,0.03134
8627,0.036090000000000004
8628,0.04481
8629,0.05059
8630,0.032310000000000005
8631,0.04471
8632,0.02133
8633,0.00067
8634,0.0
8635,0.0
8636,0.0
8637,0.0
8638,0.0
8639,0.0
8640,0.0
8641,0.0
8642,0.0
8643,0.0
8644,0.0
8645,0.0
8646,0.0
8647,0.018170000000000002
8648,0.0597
8649,0.056530000000000004
8650,0.04165
8651,0.07371
8652,0.15116
8653,0.32505
8654,0.31154000000000004
8655,0.13229
8656,0.03681
8657,0.00719
8658,0.0
8659,0.0
8660,0.0
8661,0.0
8662,0.0
8663,0.0
8664,0.0
8665,0.0
8666,0.0
8667,0.0
8668,0.0
8669,0.0
8670,0.0
8671,0.027829999999999997
8672,0.06459000000000001
8673,0.08084000000000001
8674,0.08854000000000001
8675,0.10581
8676,0.09812
8677,0.57166
8678,0.39791000000000004
8679,0.26842
8680,0.08578
8681,0.013900000000000001
8682,0.0
8683,0.0
8684,0.0
8685,0.0
8686,0.0
8687,0.0
8688,0.0
8689,0.0
8690,0.0
8691,0.0
8692,0.0
8693,0.0
8694,0.00047
8695,0.06923
8696,0.21156999999999998
8697,0.40731
8698,0.43376
8699,0.5596
8700,0.47775
8701,0.48042
8702,0.33147000000000004
8703,0.2444
8704,0.09922
8705,0.015210000000000001
8706,0.0
8707,0.0
8708,0.0
8709,0.0
8710,0.0
8711,0.0
8712,0.0
8713,0.0
8714,0.0
8715,0.0
8716,0.0
8717,0.0
8718,0.0017
8719,0.054060000000000004
8720,0.07803
8721,0.14178
8722,0.11163
8723,0.14884
8724,0.07644
8725,0.24772999999999998
8726,0.25507
8727,0.19696
8728,0.07812000000000001
8729,0.01802
8730,0.0
8731,0.0
8732,0.0
8733,0.0
8734,0.0
8735,0.0
8736,0.0
8737,0.0
8738,0.0
8739,0.0
8740,0.0
8741,0.0
8742,0.00173
8743,0.04367
8744,0.18103999999999998
8745,0.22837000000000002
8746,0.30402999999999997
8747,0.27668
8748,0.24974000000000002
8749,0.5072099999999999
8750,0.37785
8751,0.23959
8752,0.059
8753,0.05925
8754,0.0
8755,0.0
8756,0.0
8757,0.0
8758,0.0
8759,0.0
