,pv_per_unit
0,0.0
1,0.0
2,0.0
3,0.0
4,0.0
5,0.0
6,0.00639
7,0.05675
8,0.0619
9,0.09729
10,0.07621
11,0.08294
12,0.07361
13,0.07579999999999999
14,0.08234
15,0.0906
16,0.06132
17,0.01227
18,0.0
19,0.0
20,0.0
21,0.0
22,0.0
23,0.0
24,0.0
25,0.0
26,0.0
27,0.0
28,0.0
29,0.0
30,0.0058200000000000005
31,0.04252
32,0.06218
33,0.06182
34,0.07833
35,0.13236
36,0.12278
37,0.15346
38,0.09428
39,0.10031999999999999
40,0.07198
41,0.01221
42,0.0
43,0.0
44,0.0
45,0.0
46,0.0
47,0.0
48,0.0
49,0.0
50,0.0
51,0.0
52,0.0
53,0.0
54,0.00692
55,0.05595
56,0.08281999999999999
57,0.07905
58,0.07246999999999999
59,0.11209999999999999
60,0.11577
61,0.12204999999999999
62,0.09918
63,0.08519
64,0.04897
65,0.02786
66,0.0
67,0.0
68,0.0
69,0.0
70,0.0
71,0.0
72,0.0
73,0.0
74,0.0
75,0.0
76,0.0
77,0.0
78,0.00597
79,0.03816
80,0.07654999999999999
81,0.08436
82,0.12943000000000002
83,0.09319
84,0.08143
85,0.07121
86,0.07074
87,0.08189
88,0.046880000000000005
89,0.01756
90,0.0
91,0.0
92,0.0
93,0.0
94,0.0
95,0.0
96,0.0
97,0.0
98,0.0
99,0.0
100,0.0
101,0.0
102,0.00098
103,0.0303
104,0.08562
105,0.09443
106,0.18299
107,0.10805
108,0.14347
109,0.12456
110,0.10709
111,0.09179999999999999
112,0.04682
113,0.0041600000000000005
114,0.0
115,0.0
116,0.0
117,0.0
118,0.0
119,0.0
120,0.0
121,0.0
122,0.0
123,0.0
124,0.0
125,0.0
126,0.00235
127,0.02675
128,0.06615
129,0.09591
130,0.12897
131,0.15244
132,0.138
133,0.11334999999999999
134,0.16882
135,0.11754
136,0.06534999999999999
137,0.01715
138,0.0
139,0.0
140,0.0
141,0.0
142,0.0
143,0.0
144,0.0
145,0.0
146,0.0
147,0.0
148,0.0
149,0.0
150,0.00444
151,0.04936
152,0.10575
153,0.15167
154,0.17579
155,0.15819999999999998
156,0.16967
157,0.13634000000000002
158,0.16602
159,0.14464
160,0.10056
161,0.03579
162,0.0
163,0.0
164,0.0
165,0.0
166,0.0
167,0.0
168,0.0
169,0.0
170,0.0
171,0.0
172,0.0
173,0.0
174,0.00526
175,0.03399
176,0.08514000000000001
177,0.15756
178,0.21403999999999998
179,0.15525999999999998
180,0.17632
181,0.20431
182,0.1009
183,0.07149
184,0.0636
185,0.02652
186,0.0
187,0.0
188,0.0
189,0.0
190,0.0
191,0.0
192,0.0
193,0.0
194,0.0
195,0.0
196,0.0
197,0.0
198,0.00139
199,0.04382
200,0.06107
201,0.13291
202,0.25379
203,0.29692
204,0.27161
205,0.27856000000000003
206,0.24650999999999998
207,0.14049
208,0.09322
209,0.02379
210,0.0
211,0.0
212,0.0
213,0.0
214,0.0
215,0.0
216,0.0
217,0.0
218,0.0
219,0.0
220,0.0
221,0.0
222,0.00521
223,0.05536
224,0.10853
225,0.13238999999999998
226,0.17353
227,0.17305
228,0.16937
229,0.21496
230,0.15649000000000002
231,0.1318
232,0.0843
233,0.02846
234,0.0
235,0.0
236,0.0
237,0.0
238,0.0
239,0.0
240,0.0
241,0.0
242,0.0
243,0.0
244,0.0
245,0.0
246,0.0037400000000000003
247,0.03325
248,0.08889
249,0.10417
250,0.12473000000000001
251,0.16844
252,0.15933
253,0.19559
254,0.18936
255,0.14475
256,0.10011
257,0.032
258,0.0
259,0.0
260,0.0
261,0.0
262,0.0
263,0.0
264,0.0
265,0.0
266,0.0
267,0.0
268,0.0
269,0.0
270,0.00372
271,0.04539
272,0.08092
273,0.12854
274,0.17837999999999998
275,0.12667
276,0.16952
277,0.12619
278,0.13275
279,0.07801999999999999
280,0.07378
281,0.03198
282,0.0
283,0.0
284,0.0
285,0.0
286,0.0
287,0.0
288,0.0
289,0.0
290,0.0
291,0.0
292,0.0
293,0.0
294,0.0053
295,0.05371
296,0.09927
297,0.12905
298,0.11201
299,0.10984999999999999
300,0.09502
301,0.16197999999999999
302,0.11019
303,0.12057999999999999
304,0.05182
305,0.01702
306,0.0
307,0.0
308,0.0
309,0.0
310,0.0
311,0.0
312,0.0
313,0.0
314,0.0
315,0.0
316,0.0
317,0.0
318,0.00458
319,0.05828
320,0.0878
321,0.14506
322,0.15900999999999998
323,0.16025999999999999
324,0.1174
325,0.08354
326,0.10772
327,0.10169
328,0.06733
329,0.0238
330,0.0
331,0.0
332,0.0
333,0.0
334,0.0
335,0.0
336,0.0
337,0.0
338,0.0
339,0.0
340,0.0
341,0.0
342,0.00443
343,0.05037
344,0.08416
345,0.10857
346,0.10219
347,0.13671
348,0.16671
349,0.20086
350,0.18486000000000002
351,0.15080000000000002
352,0.09287000000000001
353,0.03635
354,0.0
355,0.0
356,0.0
357,0.0
358,0.0
359,0.0
360,0.0
361,0.0
362,0.0
363,0.0
364,0.0
365,0.0
366,0.00246
367,0.054200000000000005
368,0.09498999999999999
369,0.14786000000000002
370,0.13649
371,0.14009
372,0.20896
373,0.22146000000000002
374,0.22197999999999998
375,0.17836000000000002
376,0.10043
377,0.02865
378,0.0
379,0.0
380,0.0
381,0.0
382,0.0
383,0.0
384,0.0
385,0.0
386,0.0
387,0.0
388,0.0
389,0.0
390,0.00524
391,0.046520000000000006
392,0.0741
393,0.09423999999999999
394,0.10976000000000001
395,0.15175999999999998
396,0.12526
397,0.10216
398,0.11276
399,0.10699
400,0.05203
401,0.026850000000000002
402,0.0
403,0.0
404,0.0
405,0.0
406,0.0
407,0.0
408,0.0
409,0.0
410,0.0
411,0.0
412,0.0
413,0.0
414,0.00418
415,0.03645
416,0.06196
417,0.05992
418,0.07781
419,0.11745
420,0.1198
421,0.09406
422,0.08231000000000001
423,0.08205
424,0.06048
425,0.02918
426,0.0
427,0.0
428,0.0
429,0.0
430,0.0
431,0.0
432,0.0
433,0.0
434,0.0
435,0.0
436,0.0
437,0.0
438,0.0030299999999999997
439,0.05743
440,0.057030000000000004
441,0.1175
442,0.15021
443,0.16882
444,0.15956
445,0.09179999999999999
446,0.0974
447,0.08828
448,0.05773
449,0.024079999999999997
450,0.0
451,0.0
452,0.0
453,0.0
454,0.0
455,0.0
456,0.0
457,0.0
458,0.0
459,0.0
460,0.0
461,0.0
462,0.0025099999999999996
463,0.039409999999999994
464,0.054979999999999994
465,0.07951000000000001
466,0.07692
467,0.10633
468,0.11381999999999999
469,0.10432999999999999
470,0.12106
471,0.08327
472,0.06401000000000001
473,0.023379999999999998
474,0.0
475,0.0
476,0.0
477,0.0
478,0.0
479,0.0
480,0.0
481,0.0
482,0.0
483,0.0
484,0.0
485,0.0
486,0.00367
487,0.04271
488,0.07546
489,0.13166
490,0.11543
491,0.15209999999999999
492,0.18531
493,0.11142
494,0.13809
495,0.08627
496,0.06526
497,0.0345
498,0.0
499,0.0
500,0.0
501,0.0
502,0.0
503,0.0
504,0.0
505,0.0
506,0.0
507,0.0
508,0.0
509,0.0
510,0.00387
511,0.03293
512,0.09305
513,0.08203
514,0.10091
515,0.0777
516,0.09667
517,0.15166
518,0.09633
519,0.07936
520,0.06344
521,0.02502
522,0.0
523,0.0
524,0.0
525,0.0
526,0.0
527,0.0
528,0.0
529,0.0
530,0.0
531,0.0
532,0.0
533,0.0
534,0.00398
535,0.04088
536,0.07927
537,0.09067
538,0.09135
539,0.15472
540,0.07339
541,0.11159999999999999
542,0.06884
543,0.0682
544,0.056729999999999996
545,0.01993
546,0.0
547,0.0
548,0.0
549,0.0
550,0.0
551,0.0
552,0.0
553,0.0
554,0.0
555,0.0
556,0.0
557,0.0
558,0.00396
559,0.04424
560,0.060770000000000005
561,0.08263
562,0.07939
563,0.08116
564,0.11494
565,0.08154
566,0.10962000000000001
567,0.0984
568,0.06506999999999999
569,0.01923
570,0.0
571,0.0
572,0.0
573,0.0
574,0.0
575,0.0
576,0.0
577,0.0
578,0.0
579,0.0
580,0.0
581,0.0
582,0.00264
583,0.0316
584,0.06246
585,0.07033
586,0.08893999999999999
587,0.09054000000000001
588,0.08553
589,0.09936
590,0.1262
591,0.07298
592,0.044539999999999996
593,0.01834
594,0.0
595,0.0
596,0.0
597,0.0
598,0.0
599,0.0
600,0.0
601,0.0
602,0.0
603,0.0
604,0.0
605,0.0
606,0.0047599999999999995
607,0.03861
608,0.10542
609,0.12961
610,0.18489
611,0.19652
612,0.18935
613,0.26846
614,0.16748
615,0.11541
616,0.05753
617,0.03005
618,0.0
619,0.0
620,0.0
621,0.0
622,0.0
623,0.0
624,0.0
625,0.0
626,0.0
627,0.0
628,0.0
629,0.0
630,0.00322
631,0.04377
632,0.07021
633,0.12665
634,0.149
635,0.15663999999999997
636,0.08774
637,0.14943
638,0.14534
639,0.12217
640,0.059539999999999996
641,0.02776
642,0.0
643,0.0
644,0.0
645,0.0
646,0.0
647,0.0
648,0.0
649,0.0
650,0.0
651,0.0
652,0.0
653,0.0
654,0.0021000000000000003
655,0.03277
656,0.06667000000000001
657,0.10694
658,0.11867
659,0.11998
660,0.22316
661,0.10481
662,0.10906
663,0.07223
664,0.04478
665,0.0159
666,0.0
667,0.0
668,0.0
669,0.0
670,0.0
671,0.0
672,0.0
673,0.0
674,0.0
675,0.0
676,0.0
677,0.0
678,0.00131
679,0.02966
680,0.06865
681,0.06694
682,0.19012
683,0.13072999999999999
684,0.15344999999999998
685,0.1285
686,0.11445
687,0.08660999999999999
688,0.03393
689,0.02638
690,0.0
691,0.0
692,0.0
693,0.0
694,0.0
695,0.0
696,0.0
697,0.0
698,0.0
699,0.0
700,0.0
701,0.0
702,0.005690000000000001
703,0.060590000000000005
704,0.06847
705,0.06848
706,0.12046
707,0.1435
708,0.0906
709,0.13971
710,0.10801000000000001
711,0.08073999999999999
712,0.05166
713,0.02779
714,0.0
715,0.0
716,0.0
717,0.0
718,0.0
719,0.0
720,0.0
721,0.0
722,0.0
723,0.0
724,0.0
725,0.0
726,0.00038
727,0.03782
728,0.05717
729,0.11829
730,0.11318
731,0.10615000000000001
732,0.11097
733,0.13684000000000002
734,0.15192
735,0.10847
736,0.06293
737,0.02822
738,0.0
739,0.0
740,0.0
741,0.0
742,0.0
743,0.0
744,0.0
745,0.0
746,0.0
747,0.0
748,0.0
749,0.0
750,0.004
751,0.044020000000000004
752,0.05131
753,0.09053
754,0.10557
755,0.10238
756,0.10398
757,0.10466
758,0.08339
759,0.05715
760,0.055560000000000005
761,0.02171
762,0.0
763,0.0
764,0.0
765,0.0
766,0.0
767,0.0
768,0.0
769,0.0
770,0.0
771,0.0
772,0.0
773,0.0
774,0.00395
775,0.03485
776,0.04793
777,0.05586
778,0.09411
779,0.078
780,0.08422
781,0.07776000000000001
782,0.08819
783,0.05053
784,0.03449
785,0.01961
786,0.0
787,0.0
788,0.0
789,0.0
790,0.0
791,0.0
792,0.0
793,0.0
794,0.0
795,0.0
796,0.0
797,0.0
798,0.00311
799,0.0291
800,0.056850000000000005
801,0.06544
802,0.1114
803,0.11312
804,0.10558
805,0.08708
806,0.09806000000000001
807,0.051840000000000004
808,0.05453
809,0.01495
810,0.0
811,0.0
812,0.0
813,0.0
814,0.0
815,0.0
816,0.0
817,0.0
818,0.0
819,0.0
820,0.0
821,0.0
822,0.00011999999999999999
823,0.02512
824,0.04682
825,0.07614
826,0.08901
827,0.13526
828,0.10453
829,0.08114
830,0.0887
831,0.10512
832,0.06488
833,0.0264
834,0.0
835,0.0
836,0.0
837,0.0
838,0.0
839,0.0
840,0.0
841,0.0
842,0.0
843,0.0
844,0.0
845,0.0
846,0.00282
847,0.036270000000000004
848,0.05765
849,0.07214
850,0.11309000000000001
851,0.0963
852,0.08542
853,0.06879
854,0.07697
855,0.054689999999999996
856,0.04425
857,0.0237
858,0.0
859,0.0
860,0.0
861,0.0
862,0.0
863,0.0
864,0.0
865,0.0
866,0.0
867,0.0
868,0.0
869,0.0
870,0.00152
871,0.03495
872,0.06433
873,0.09058
874,0.113
875,0.15466
876,0.12804
877,0.09829
878,0.123
879,0.0879
880,0.05407
881,0.029079999999999998
882,0.0
883,0.0
884,0.0
885,0.0
886,0.0
887,0.0
888,0.0
889,0.0
890,0.0
891,0.0
892,0.0
893,0.0
894,0.00314
895,0.03651
896,0.05407
897,0.07393999999999999
898,0.06643
899,0.10651999999999999
900,0.09134
901,0.0845
902,0.06403
903,0.05907
904,0.05305
905,0.01844
906,0.0
907,0.0
908,0.0
909,0.0
910,0.0
911,0.0
912,0.0
913,0.0
914,0.0
915,0.0
916,0.0
917,0.0
918,0.00252
919,0.0232
920,0.03664
921,0.11056
922,0.1358
923,0.15716999999999998
924,0.12462000000000001
925,0.15794
926,0.09303
927,0.10865999999999999
928,0.08352
929,0.03168
930,0.0
931,0.0
932,0.0
933,0.0
934,0.0
935,0.0
936,0.0
937,0.0
938,0.0
939,0.0
940,0.0
941,0.0
942,0.00212
943,0.038689999999999995
944,0.08244
945,0.11624
946,0.09818
947,0.18786000000000003
948,0.11758
949,0.14822
950,0.10073
951,0.08873
952,0.047189999999999996
953,0.030019999999999998
954,0.0
955,0.0
956,0.0
957,0.0
958,0.0
959,0.0
960,0.0
961,0.0
962,0.0
963,0.0
964,0.0
965,0.0
966,0.0023799999999999997
967,0.047880000000000006
968,0.0699
969,0.10036
970,0.10145
971,0.12531
972,0.16722
973,0.12763
974,0.08478
975,0.10463
976,0.06684
977,0.031170000000000003
978,0.0
979,0.0
980,0.0
981,0.0
982,0.0
983,0.0
984,0.0
985,0.0
986,0.0
987,0.0
988,0.0
989,0.0
990,0.0013
991,0.044289999999999996
992,0.06534999999999999
993,0.09073
994,0.11270000000000001
995,0.10833
996,0.12337999999999999
997,0.09748
998,0.13276
999,0.06559000000000001
1000,0.06495999999999999
1001,0.02965
1002,0.0
1003,0.0
1004,0.0
1005,0.0
1006,0.0
1007,0.0
1008,0.0
1009,0.0
1010,0.0
1011,0.0
1012,0.0
1013,0.0
1014,0.0029300000000000003
1015,0.04336
1016,0.09634000000000001
1017,0.15106
1018,0.15302000000000002
1019,0.21617
1020,0.21315
1021,0.11777
1022,0.1271
1023,0.10499
1024,0.08705
1025,0.03179
1026,0.0
1027,0.0
1028,0.0
1029,0.0
1030,0.0
1031,0.0
1032,0.0
1033,0.0
1034,0.0
1035,0.0
1036,0.0
1037,0.0
1038,0.00333
1039,0.04846
1040,0.07299
1041,0.11014
1042,0.14583000000000002
1043,0.22973
1044,0.16034
1045,0.11253
1046,0.14045
1047,0.09877
1048,0.05077
1049,0.03304
1050,0.0
1051,0.0
1052,0.0
1053,0.0
1054,0.0
1055,0.0
1056,0.0
1057,0.0
1058,0.0
1059,0.0
1060,0.0
1061,0.0
1062,0.00073
1063,0.027870000000000002
1064,0.07232999999999999
1065,0.11678
1066,0.09261
1067,0.12493000000000001
1068,0.10733
1069,0.19233
1070,0.17104
1071,0.15281999999999998
1072,0.07101
1073,0.02341
1074,0.0
1075,0.0
1076,0.0
1077,0.0
1078,0.0
1079,0.0
1080,0.0
1081,0.0
1082,0.0
1083,0.0
1084,0.0
1085,0.0
1086,0.00199
1087,0.03173
1088,0.08488
1089,0.09442
1090,0.16116
1091,0.15941
1092,0.11612
1093,0.12142
1094,0.11394
1095,0.09606
1096,0.08755
1097,0.03363
1098,0.0
1099,0.0
1100,0.0
1101,0.0
1102,0.0
1103,0.0
1104,0.0
1105,0.0
1106,0.0
1107,0.0
1108,0.0
1109,0.0
1110,0.00299
1111,0.05115
1112,0.07343999999999999
1113,0.09355
1114,0.10103
1115,0.13411
1116,0.14341
1117,0.09323000000000001
1118,0.13141999999999998
1119,0.08401
1120,0.06697
1121,0.0297
1122,0.0
1123,0.0
1124,0.0
1125,0.0
1126,0.0
1127,0.0
1128,0.0
1129,0.0
1130,0.0
1131,0.0
1132,0.0
1133,0.0
1134,0.00161
1135,0.03822
1136,0.12679
1137,0.16496
1138,0.21919999999999998
1139,0.26536000000000004
1140,0.15608000000000002
1141,0.13147999999999999
1142,0.19112
1143,0.10905
1144,0.06665
1145,0.01657
1146,0.0
1147,0.0
1148,0.0
1149,0.0
1150,0.0
1151,0.0
1152,0.0
1153,0.0
1154,0.0
1155,0.0
1156,0.0
1157,0.0
1158,0.0005600000000000001
1159,0.02952
1160,0.07617
1161,0.11438
1162,0.11116
1163,0.24254
1164,0.22461
1165,0.23325
1166,0.18647
1167,0.17384
1168,0.1036
1169,0.046689999999999995
1170,0.0
1171,0.0
1172,0.0
1173,0.0
1174,0.0
1175,0.0
1176,0.0
1177,0.0
1178,0.0
1179,0.0
1180,0.0
1181,0.0
1182,0.00188
1183,0.029589999999999998
1184,0.0679
1185,0.12451000000000001
1186,0.16327
1187,0.13508
1188,0.21081999999999998
1189,0.18799000000000002
1190,0.14724
1191,0.18525999999999998
1192,0.09387999999999999
1193,0.03793
1194,0.0
1195,0.0
1196,0.0
1197,0.0
1198,0.0
1199,0.0
1200,0.0
1201,0.0
1202,0.0
1203,0.0
1204,0.0
1205,0.0
1206,0.00014000000000000001
1207,0.02145
1208,0.13443
1209,0.19586
1210,0.24086000000000002
1211,0.24115999999999999
1212,0.28922000000000003
1213,0.17178
1214,0.18707
1215,0.14984999999999998
1216,0.10585
1217,0.04183
1218,0.0
1219,0.0
1220,0.0
1221,0.0
1222,0.0
1223,0.0
1224,0.0
1225,0.0
1226,0.0
1227,0.0
1228,0.0
1229,0.0
1230,0.00588
1231,0.05422
1232,0.10055
1233,0.21431
1234,0.18634
1235,0.24172
1236,0.24834
1237,0.2064
1238,0.21230000000000002
1239,0.11862
1240,0.13087000000000001
1241,0.05007
1242,0.0
1243,0.0
1244,0.0
1245,0.0
1246,0.0
1247,0.0
1248,0.0
1249,0.0
1250,0.0
1251,0.0
1252,0.0
1253,0.0
1254,0.00278
1255,0.05722
1256,0.1428
1257,0.20495
1258,0.19685
1259,0.17665
1260,0.24794
1261,0.17701
1262,0.16813999999999998
1263,0.12812
1264,0.07898999999999999
1265,0.03693
1266,0.0
1267,0.0
1268,0.0
1269,0.0
1270,0.0
1271,0.0
1272,0.0
1273,0.0
1274,0.0
1275,0.0
1276,0.0
1277,0.0
1278,0.0032400000000000003
1279,0.05378
1280,0.09289
1281,0.12534
1282,0.11698
1283,0.11587
1284,0.14790999999999999
1285,0.10169
1286,0.08577
1287,0.11116
1288,0.06802
1289,0.02822
1290,0.0
1291,0.0
1292,0.0
1293,0.0
1294,0.0
1295,0.0
1296,0.0
1297,0.0
1298,0.0
1299,0.0
1300,0.0
1301,0.0
1302,0.00271
1303,0.03743
1304,0.09545000000000001
1305,0.14393
1306,0.26037
1307,0.15982
1308,0.14195
1309,0.07914
1310,0.08599
1311,0.06136
1312,0.06395
1313,0.026420000000000003
1314,0.0
1315,0.0
1316,0.0
1317,0.0
1318,0.0
1319,0.0
1320,0.0
1321,0.0
1322,0.0
1323,0.0
1324,0.0
1325,0.0
1326,0.00683
1327,0.07604999999999999
1328,0.15616999999999998
1329,0.23483
1330,0.21469
1331,0.23736000000000002
1332,0.22386
1333,0.18813999999999997
1334,0.12624
1335,0.12355
1336,0.08733
1337,0.032659999999999995
1338,0.0
1339,0.0
1340,0.0
1341,0.0
1342,0.0
1343,0.0
1344,0.0
1345,0.0
1346,0.0
1347,0.0
1348,0.0
1349,0.0
1350,0.005730000000000001
1351,0.06131
1352,0.07184
1353,0.11672
1354,0.21458000000000002
1355,0.28575
1356,0.26814
1357,0.24024
1358,0.15041
1359,0.18206999999999998
1360,0.09754
1361,0.03043
1362,0.0
1363,0.0
1364,0.0
1365,0.0
1366,0.0
1367,0.0
1368,0.0
1369,0.0
1370,0.0
1371,0.0
1372,0.0
1373,0.0
1374,0.00242
1375,0.04675
1376,0.06795
1377,0.14228
1378,0.12115000000000001
1379,0.18688
1380,0.14435
1381,0.18894
1382,0.18869
1383,0.14373
1384,0.07091
1385,0.02376
1386,0.0
1387,0.0
1388,0.0
1389,0.0
1390,0.0
1391,0.0
1392,0.0
1393,0.0
1394,0.0
1395,0.0
1396,0.0
1397,0.0
1398,0.0038799999999999998
1399,0.053329999999999995
1400,0.15528999999999998
1401,0.23301
1402,0.30610000000000004
1403,0.32091000000000003
1404,0.22063
1405,0.12439
1406,0.10583
1407,0.09243000000000001
1408,0.08467
1409,0.02785
1410,0.0
1411,0.0
1412,0.0
1413,0.0
1414,0.0
1415,0.0
1416,0.0
1417,0.0
1418,0.0
1419,0.0
1420,0.0
1421,0.0
1422,0.0038900000000000002
1423,0.03605
1424,0.11673
1425,0.11217
1426,0.09698999999999999
1427,0.12616
1428,0.11572
1429,0.07664
1430,0.16213
1431,0.10898000000000001
1432,0.05618
1433,0.0261
1434,0.0
1435,0.0
1436,0.0
1437,0.0
1438,0.0
1439,0.0
1440,0.0
1441,0.0
1442,0.0
1443,0.0
1444,0.0
1445,0.0
1446,0.00396
1447,0.041350000000000005
1448,0.09445
1449,0.13566
1450,0.14019
1451,0.21419
1452,0.16872
1453,0.19945
1454,0.14464
1455,0.07574
1456,0.0535
1457,0.02101
1458,0.0
1459,0.0
1460,0.0
1461,0.0
1462,0.0
1463,0.0
1464,0.0
1465,0.0
1466,0.0
1467,0.0
1468,0.0
1469,0.0
1470,0.00433
1471,0.04161
1472,0.06649
1473,0.09677
1474,0.101
1475,0.14104
1476,0.12927000000000002
1477,0.13722
1478,0.06668
1479,0.061189999999999994
1480,0.05132
1481,0.02327
1482,0.0
1483,0.0
1484,0.0
1485,0.0
1486,0.0
1487,0.0
1488,0.0
1489,0.0
1490,0.0
1491,0.0
1492,0.0
1493,0.0
1494,0.00504
1495,0.03667
1496,0.08041
1497,0.08234999999999999
1498,0.13616
1499,0.12875
1500,0.13947
1501,0.26153
1502,0.10643999999999999
1503,0.07594
1504,0.07754000000000001
1505,0.03519
1506,0.0
1507,0.0
1508,0.0
1509,0.0
1510,0.0
1511,0.0
1512,0.0
1513,0.0
1514,0.0
1515,0.0
1516,0.0
1517,0.0
1518,0.00788
1519,0.06897
1520,0.13194999999999998
1521,0.13006
1522,0.11527
1523,0.09054999999999999
1524,0.12387999999999999
1525,0.15159
1526,0.12387999999999999
1527,0.11951
1528,0.09986
1529,0.03678
1530,0.0
1531,0.0
1532,0.0
1533,0.0
1534,0.0
1535,0.0
1536,0.0
1537,0.0
1538,0.0
1539,0.0
1540,0.0
1541,0.0
1542,0.0064800000000000005
1543,0.08333
1544,0.13522
1545,0.14883000000000002
1546,0.21659
1547,0.18981
1548,0.21606
1549,0.16287000000000001
1550,0.20138999999999999
1551,0.13545
1552,0.09702
1553,0.03315
1554,0.0
1555,0.0
1556,0.0
1557,0.0
1558,0.0
1559,0.0
1560,0.0
1561,0.0
1562,0.0
1563,0.0
1564,0.0
1565,0.0
1566,0.0075899999999999995
1567,0.04931
1568,0.10345
1569,0.16587000000000002
1570,0.12476999999999999
1571,0.12168999999999999
1572,0.15381999999999998
1573,0.17122
1574,0.09151000000000001
1575,0.07486
1576,0.07449
1577,0.02716
1578,0.0
1579,0.0
1580,0.0
1581,0.0
1582,0.0
1583,0.0
1584,0.0
1585,0.0
1586,0.0
1587,0.0
1588,0.0
1589,0.0
1590,0.009130000000000001
1591,0.04579
1592,0.0828
1593,0.1636
1594,0.26031
1595,0.32515
1596,0.31105
1597,0.21375999999999998
1598,0.20129
1599,0.16612000000000002
1600,0.09479000000000001
1601,0.03527
1602,0.0
1603,0.0
1604,0.0
1605,0.0
1606,0.0
1607,0.0
1608,0.0
1609,0.0
1610,0.0
1611,0.0
1612,0.0
1613,0.0
1614,0.0079
1615,0.07208
1616,0.15213
1617,0.17328
1618,0.29211000000000004
1619,0.33004
1620,0.30451
1621,0.28732
1622,0.25074
1623,0.18961
1624,0.114
1625,0.029
1626,0.0
1627,0.0
1628,0.0
1629,0.0
1630,0.0
1631,0.0
1632,0.0
1633,0.0
1634,0.0
1635,0.0
1636,0.0
1637,0.0
1638,0.006019999999999999
1639,0.05263
1640,0.11444
1641,0.18531999999999998
1642,0.18146
1643,0.20355
1644,0.15859
1645,0.19337000000000001
1646,0.219
1647,0.16763999999999998
1648,0.0992
1649,0.03369
1650,0.0
1651,0.0
1652,0.0
1653,0.0
1654,0.0
1655,0.0
1656,0.0
1657,0.0
1658,0.0
1659,0.0
1660,0.0
1661,0.0
1662,0.00532
1663,0.04319
1664,0.07274
1665,0.09218000000000001
1666,0.1981
1667,0.14523
1668,0.18711000000000003
1669,0.13683
1670,0.11341
1671,0.12072
1672,0.09593
1673,0.02573
1674,0.0
1675,0.0
1676,0.0
1677,0.0
1678,0.0
1679,0.0
1680,0.0
1681,0.0
1682,0.0
1683,0.0
1684,0.0
1685,0.0
1686,0.00335
1687,0.05822
1688,0.14753
1689,0.24036000000000002
1690,0.15389
1691,0.24642
1692,0.19036
1693,0.18213
1694,0.17732
1695,0.12693000000000002
1696,0.06148
1697,0.02966
1698,0.0
1699,0.0
1700,0.0
1701,0.0
1702,0.0
1703,0.0
1704,0.0
1705,0.0
1706,0.0
1707,0.0
1708,0.0
1709,0.0
1710,0.0
1711,0.01988
1712,0.038259999999999995
1713,0.07261
1714,0.1133
1715,0.12611
1716,0.23028
1717,0.26322
1718,0.21442
1719,0.14919
1720,0.10173
1721,0.02966
1722,0.0
1723,0.0
1724,0.0
1725,0.0
1726,0.0
1727,0.0
1728,0.0
1729,0.0
1730,0.0
1731,0.0
1732,0.0
1733,0.0
1734,0.0051600000000000005
1735,0.0497
1736,0.10951000000000001
1737,0.1396
1738,0.11578000000000001
1739,0.21098
1740,0.20875
1741,0.20828
1742,0.2045
1743,0.17101
1744,0.10732
1745,0.03724
1746,0.0
1747,0.0
1748,0.0
1749,0.0
1750,0.0
1751,0.0
1752,0.0
1753,0.0
1754,0.0
1755,0.0
1756,0.0
1757,0.0
1758,0.00578
1759,0.0442
1760,0.05594
1761,0.11406000000000001
1762,0.14224
1763,0.17991
1764,0.25353
1765,0.09428
1766,0.06858
1767,0.08577
1768,0.04963
1769,0.019420000000000003
1770,0.0
1771,0.0
1772,0.0
1773,0.0
1774,0.0
1775,0.0
1776,0.0
1777,0.0
1778,0.0
1779,0.0
1780,0.0
1781,0.0
1782,0.00551
1783,0.05361
1784,0.06545000000000001
1785,0.07759999999999999
1786,0.10107
1787,0.1399
1788,0.12671
1789,0.13224
1790,0.08636
1791,0.05687
1792,0.05057
1793,0.02566
1794,0.0
1795,0.0
1796,0.0
1797,0.0
1798,0.0
1799,0.0
1800,0.0
1801,0.0
1802,0.0
1803,0.0
1804,0.0
1805,0.0
1806,0.01115
1807,0.06026
1808,0.15744999999999998
1809,0.17112
1810,0.21672999999999998
1811,0.25836000000000003
1812,0.30977
1813,0.19986
1814,0.1861
1815,0.08611
1816,0.05088
1817,0.024059999999999998
1818,0.0
1819,0.0
1820,0.0
1821,0.0
1822,0.0
1823,0.0
1824,0.0
1825,0.0
1826,0.0
1827,0.0
1828,0.0
1829,0.0
1830,0.00412
1831,0.04094
1832,0.07701999999999999
1833,0.08802
1834,0.09814
1835,0.12644
1836,0.1579
1837,0.13777
1838,0.13824
1839,0.08294
1840,0.06716
1841,0.023960000000000002
1842,0.0
1843,0.0
1844,0.0
1845,0.0
1846,0.0
1847,0.0
1848,0.0
1849,0.0
1850,0.0
1851,0.0
1852,0.0
1853,0.0
1854,0.00617
1855,0.054939999999999996
1856,0.11484
1857,0.12716
1858,0.22878
1859,0.27022
1860,0.27970999999999996
1861,0.26206999999999997
1862,0.23442
1863,0.16496
1864,0.04224
1865,0.01529
1866,0.0
1867,0.0
1868,0.0
1869,0.0
1870,0.0
1871,0.0
1872,0.0
1873,0.0
1874,0.0
1875,0.0
1876,0.0
1877,0.0
1878,0.00567
1879,0.054329999999999996
1880,0.10740000000000001
1881,0.10339
1882,0.15147
1883,0.18159
1884,0.16771
1885,0.12525
1886,0.11968999999999999
1887,0.10248
1888,0.0502
1889,0.01434
1890,0.0
1891,0.0
1892,0.0
1893,0.0
1894,0.0
1895,0.0
1896,0.0
1897,0.0
1898,0.0
1899,0.0
1900,0.0
1901,0.0
1902,0.00777
1903,0.05638
1904,0.07026
1905,0.116
1906,0.14508000000000001
1907,0.19683
1908,0.14894
1909,0.15278999999999998
1910,0.16297
1911,0.13665
1912,0.08609
1913,0.03171
1914,0.0
1915,0.0
1916,0.0
1917,0.0
1918,0.0
1919,0.0
1920,0.0
1921,0.0
1922,0.0
1923,0.0
1924,0.0
1925,0.0
1926,0.0069900000000000006
1927,0.06107
1928,0.07905
1929,0.17576
1930,0.18388
1931,0.22663999999999998
1932,0.21463
1933,0.19683
1934,0.16988
1935,0.12259
1936,0.0668
1937,0.019579999999999997
1938,0.0
1939,0.0
1940,0.0
1941,0.0
1942,0.0
1943,0.0
1944,0.0
1945,0.0
1946,0.0
1947,0.0
1948,0.0
1949,0.0
1950,0.00536
1951,0.03405
1952,0.07001
1953,0.08914
1954,0.12969
1955,0.11823
1956,0.12393000000000001
1957,0.12304000000000001
1958,0.12545
1959,0.11368
1960,0.06986
1961,0.02845
1962,0.0
1963,0.0
1964,0.0
1965,0.0
1966,0.0
1967,0.0
1968,0.0
1969,0.0
1970,0.0
1971,0.0
1972,0.0
1973,0.0
1974,0.004940000000000001
1975,0.04493
1976,0.08676
1977,0.10864
1978,0.17237
1979,0.15066
1980,0.23839
1981,0.18631
1982,0.15049
1983,0.12235
1984,0.07540000000000001
1985,0.02791
1986,0.0
1987,0.0
1988,0.0
1989,0.0
1990,0.0
1991,0.0
1992,0.0
1993,0.0
1994,0.0
1995,0.0
1996,0.0
1997,0.0
1998,0.00843
1999,0.05003
2000,0.11586
2001,0.10111
2002,0.14842
2003,0.17032
2004,0.24884
2005,0.17256
2006,0.17686000000000002
2007,0.13327
2008,0.09401999999999999
2009,0.027829999999999997
2010,0.0
2011,0.0
2012,0.0
2013,0.0
2014,0.0
2015,0.0
2016,0.0
2017,0.0
2018,0.0
2019,0.0
2020,0.0
2021,0.0
2022,0.00621
2023,0.03978
2024,0.07074
2025,0.07648999999999999
2026,0.07981999999999999
2027,0.13975
2028,0.15687
2029,0.10303
2030,0.13729
2031,0.08178
2032,0.04692
2033,0.01382
2034,0.0
2035,0.0
2036,0.0
2037,0.0
2038,0.0
2039,0.0
2040,0.0
2041,0.0
2042,0.0
2043,0.0
2044,0.0
2045,0.0
2046,0.0074199999999999995
2047,0.05232
2048,0.06326
2049,0.07019
2050,0.07337
2051,0.07406
2052,0.10085
2053,0.09278
2054,0.13778
2055,0.10909
2056,0.07472
2057,0.03218
2058,0.0
2059,0.0
2060,0.0
2061,0.0
2062,0.0
2063,0.0
2064,0.0
2065,0.0
2066,0.0
2067,0.0
2068,0.0
2069,0.0
2070,0.00962
2071,0.075
2072,0.11834
2073,0.14105
2074,0.12217
2075,0.16651
2076,0.17829
2077,0.12259
2078,0.10273
2079,0.06829
2080,0.07004
2081,0.02028
2082,0.0
2083,0.0
2084,0.0
2085,0.0
2086,0.0
2087,0.0
2088,0.0
2089,0.0
2090,0.0
2091,0.0
2092,0.0
2093,0.0
2094,0.00845
2095,0.0708
2096,0.12623
2097,0.21928
2098,0.1669
2099,0.17809
2100,0.18618
2101,0.24319
2102,0.23036
2103,0.15461000000000003
2104,0.0788
2105,0.02
2106,0.0
2107,0.0
2108,0.0
2109,0.0
2110,0.0
2111,0.0
2112,0.0
2113,0.0
2114,0.0
2115,0.0
2116,0.0
2117,0.0
2118,0.00709
2119,0.05111
2120,0.10639
2121,0.10875
2122,0.12993000000000002
2123,0.16016999999999998
2124,0.16612000000000002
2125,0.2489
2126,0.13174
2127,0.15544
2128,0.10446
2129,0.03458
2130,0.0
2131,0.0
2132,0.0
2133,0.0
2134,0.0
2135,0.0
2136,0.0
2137,0.0
2138,0.0
2139,0.0
2140,0.0
2141,0.0
2142,0.00276
2143,0.05652
2144,0.08073000000000001
2145,0.10545
2146,0.13072
2147,0.2302
2148,0.29985
2149,0.23413
2150,0.22813999999999998
2151,0.13072
2152,0.05602
2153,0.02215
2154,0.0
2155,0.0
2156,0.0
2157,0.0
2158,0.0
2159,0.0
2160,0.0
2161,0.0
2162,0.0
2163,0.0
2164,0.0
2165,0.0
2166,0.00728
2167,0.06444
2168,0.16518
2169,0.14367
2170,0.30172000000000004
2171,0.23538
2172,0.21856
2173,0.1795
2174,0.10735
2175,0.1107
2176,0.06295
2177,0.02524
2178,0.0
2179,0.0
2180,0.0
2181,0.0
2182,0.0
2183,0.0
2184,0.0
2185,0.0
2186,0.0
2187,0.0
2188,0.0
2189,0.0
2190,0.011720000000000001
2191,0.04388
2192,0.05489
2193,0.06576
2194,0.08843999999999999
2195,0.11638
2196,0.16016999999999998
2197,0.17297
2198,0.17654
2199,0.17880000000000001
2200,0.09013
2201,0.033530000000000004
2202,0.0
2203,0.0
2204,0.0
2205,0.0
2206,0.0
2207,0.0
2208,0.0
2209,0.0
2210,0.0
2211,0.0
2212,0.0
2213,0.0
2214,0.01396
2215,0.0668
2216,0.08168
2217,0.11855
2218,0.13068000000000002
2219,0.10640000000000001
2220,0.12254999999999999
2221,0.20442
2222,0.10865000000000001
2223,0.13282
2224,0.07398
2225,0.01185
2226,0.0
2227,0.0
2228,0.0
2229,0.0
2230,0.0
2231,0.0
2232,0.0
2233,0.0
2234,0.0
2235,0.0
2236,0.0
2237,0.0
2238,0.00591
2239,0.03890999999999999
2240,0.06111
2241,0.12835
2242,0.19386
2243,0.19791999999999998
2244,0.30788
2245,0.19100999999999999
2246,0.22291999999999998
2247,0.14851
2248,0.0888
2249,0.03162
2250,0.0
2251,0.0
2252,0.0
2253,0.0
2254,0.0
2255,0.0
2256,0.0
2257,0.0
2258,0.0
2259,0.0
2260,0.0
2261,0.0
2262,0.00441
2263,0.03139
2264,0.06695999999999999
2265,0.16437000000000002
2266,0.1997
2267,0.16666999999999998
2268,0.25036
2269,0.28352
2270,0.16755
2271,0.16502
2272,0.03717
2273,0.01696
2274,0.0
2275,0.0
2276,0.0
2277,0.0
2278,0.0
2279,0.0
2280,0.0
2281,0.0
2282,0.0
2283,0.0
2284,0.0
2285,0.0
2286,0.0076100000000000004
2287,0.0367
2288,0.07384
2289,0.15588
2290,0.16163999999999998
2291,0.192
2292,0.22707
2293,0.19412000000000001
2294,0.164
2295,0.13176
2296,0.08868999999999999
2297,0.013689999999999999
2298,0.0
2299,0.0
2300,0.0
2301,0.0
2302,0.0
2303,0.0
2304,0.0
2305,0.0
2306,0.0
2307,0.0
2308,0.0
2309,0.0
2310,0.010150000000000001
2311,0.04692
2312,0.052520000000000004
2313,0.07868
2314,0.075
2315,0.15047
2316,0.17989
2317,0.19069999999999998
2318,0.14251
2319,0.07257999999999999
2320,0.08020999999999999
2321,0.03321
2322,0.0
2323,0.0
2324,0.0
2325,0.0
2326,0.0
2327,0.0
2328,0.0
2329,0.0
2330,0.0
2331,0.0
2332,0.0
2333,0.0
2334,0.00711
2335,0.06118
2336,0.09936
2337,0.09704
2338,0.15059999999999998
2339,0.19891999999999999
2340,0.13509000000000002
2341,0.14642
2342,0.11725
2343,0.099
2344,0.0889
2345,0.02388
2346,0.0
2347,0.0
2348,0.0
2349,0.0
2350,0.0
2351,0.0
2352,0.0
2353,0.0
2354,0.0
2355,0.0
2356,0.0
2357,0.0
2358,0.00747
2359,0.06966
2360,0.07765000000000001
2361,0.15172
2362,0.2012
2363,0.19921
2364,0.21875
2365,0.20476
2366,0.20946
2367,0.14959999999999998
2368,0.09867000000000001
2369,0.030879999999999998
2370,0.0
2371,0.0
2372,0.0
2373,0.0
2374,0.0
2375,0.0
2376,0.0
2377,0.0
2378,0.0
2379,0.0
2380,0.0
2381,0.0
2382,0.00636
2383,0.07296
2384,0.11911
2385,0.11712
2386,0.20075
2387,0.25418
2388,0.23578
2389,0.24004
2390,0.16804
2391,0.12015
2392,0.07858
2393,0.02629
2394,0.0
2395,0.0
2396,0.0
2397,0.0
2398,0.0
2399,0.0
2400,0.0
2401,0.0
2402,0.0
2403,0.0
2404,0.0
2405,0.0
2406,0.01024
2407,0.05922
2408,0.13691
2409,0.12233
2410,0.13598
2411,0.12022
2412,0.19586
2413,0.15525
2414,0.15997
2415,0.10311
2416,0.08932999999999999
2417,0.0175
2418,0.0
2419,0.0
2420,0.0
2421,0.0
2422,0.0
2423,0.0
2424,0.0
2425,0.0
2426,0.0
2427,0.0
2428,0.0
2429,0.0
2430,0.00521
2431,0.06786
2432,0.19596
2433,0.21403999999999998
2434,0.22965
2435,0.10784
2436,0.1035
2437,0.13892
2438,0.14584
2439,0.13983
2440,0.07586
2441,0.020300000000000002
2442,0.0
2443,0.0
2444,0.0
2445,0.0
2446,0.0
2447,0.0
2448,0.0
2449,0.0
2450,0.0
2451,0.0
2452,0.0
2453,0.0
2454,0.00707
2455,0.03324
2456,0.12897999999999998
2457,0.24124
2458,0.22094999999999998
2459,0.28149
2460,0.30399
2461,0.30165
2462,0.22265000000000001
2463,0.19394999999999998
2464,0.10353
2465,0.02476
2466,0.0
2467,0.0
2468,0.0
2469,0.0
2470,0.0
2471,0.0
2472,0.0
2473,0.0
2474,0.0
2475,0.0
2476,0.0
2477,0.0
2478,0.00078
2479,0.04102
2480,0.08172
2481,0.1469
2482,0.26017
2483,0.2342
2484,0.28645
2485,0.15075
2486,0.12140000000000001
2487,0.12852000000000002
2488,0.06878000000000001
2489,0.015439999999999999
2490,0.0
2491,0.0
2492,0.0
2493,0.0
2494,0.0
2495,0.0
2496,0.0
2497,0.0
2498,0.0
2499,0.0
2500,0.0
2501,0.0
2502,0.00405
2503,0.04286
2504,0.0927
2505,0.12604
2506,0.22546000000000002
2507,0.24299
2508,0.25648000000000004
2509,0.22002000000000002
2510,0.19394999999999998
2511,0.08679
2512,0.05081
2513,0.01777
2514,0.0
2515,0.0
2516,0.0
2517,0.0
2518,0.0
2519,0.0
2520,0.0
2521,0.0
2522,0.0
2523,0.0
2524,0.0
2525,0.0
2526,0.00697
2527,0.04897
2528,0.09749
2529,0.13507
2530,0.19146000000000002
2531,0.31189
2532,0.17551
2533,0.17715
2534,0.1575
2535,0.09933
2536,0.05668
2537,0.017
2538,0.0
2539,0.0
2540,0.0
2541,0.0
2542,0.0
2543,0.0
2544,0.0
2545,0.0
2546,0.0
2547,0.0
2548,0.0
2549,0.0
2550,0.00844
2551,0.038579999999999996
2552,0.0734
2553,0.09293000000000001
2554,0.17307
2555,0.14619
2556,0.19831000000000001
2557,0.20087
2558,0.1554
2559,0.12043999999999999
2560,0.05862
2561,0.01062
2562,0.0
2563,0.0
2564,0.0
2565,0.0
2566,0.0
2567,0.0
2568,0.0
2569,0.0
2570,0.0
2571,0.0
2572,0.0
2573,0.0
2574,0.0020299999999999997
2575,0.046189999999999995
2576,0.06924
2577,0.08692
2578,0.13413
2579,0.21092
2580,0.13909
2581,0.16541999999999998
2582,0.17181
2583,0.09251999999999999
2584,0.05317
2585,0.011779999999999999
2586,0.0
2587,0.0
2588,0.0
2589,0.0
2590,0.0
2591,0.0
2592,0.0
2593,0.0
2594,0.0
2595,0.0
2596,0.0
2597,0.0
2598,0.00152
2599,0.030969999999999998
2600,0.06544
2601,0.10001
2602,0.12459999999999999
2603,0.08256999999999999
2604,0.10502
2605,0.06924
2606,0.12308
2607,0.03295
2608,0.01884
2609,0.0030499999999999998
2610,0.0
2611,0.0
2612,0.0
2613,0.0
2614,0.0
2615,0.0
2616,0.0
2617,0.0
2618,0.0
2619,0.0
2620,0.0
2621,0.0
2622,0.00517
2623,0.055170000000000004
2624,0.09074
2625,0.15309999999999999
2626,0.15528
2627,0.22000999999999998
2628,0.12888999999999998
2629,0.14146
2630,0.12698
2631,0.1142
2632,0.07026
2633,0.027440000000000003
2634,0.0
2635,0.0
2636,0.0
2637,0.0
2638,0.0
2639,0.0
2640,0.0
2641,0.0
2642,0.0
2643,0.0
2644,0.0
2645,0.0
2646,0.00522
2647,0.04095
2648,0.07923000000000001
2649,0.10332
2650,0.16635
2651,0.21963999999999997
2652,0.23777
2653,0.22922
2654,0.18389
2655,0.12306
2656,0.08873
2657,0.02091
2658,0.0
2659,0.0
2660,0.0
2661,0.0
2662,0.0
2663,0.0
2664,0.0
2665,0.0
2666,0.0
2667,0.0
2668,0.0
2669,0.0
2670,0.01167
2671,0.04578
2672,0.08788
2673,0.1494
2674,0.1586
2675,0.18571000000000001
2676,0.13457
2677,0.18674000000000002
2678,0.09962
2679,0.10019
2680,0.05911
2681,0.01666
2682,0.0
2683,0.0
2684,0.0
2685,0.0
2686,0.0
2687,0.0
2688,0.0
2689,0.0
2690,0.0
2691,0.0
2692,0.0
2693,0.0
2694,0.00598
2695,0.04629
2696,0.05483
2697,0.08526
2698,0.15647
2699,0.15047
2700,0.16149000000000002
2701,0.12068999999999999
2702,0.11406999999999999
2703,0.09858
2704,0.05844
2705,0.023190000000000002
2706,0.0
2707,0.0
2708,0.0
2709,0.0
2710,0.0
2711,0.0
2712,0.0
2713,0.0
2714,0.0
2715,0.0
2716,0.0
2717,0.0
2718,0.01764
2719,0.07065
2720,0.10381
2721,0.14834999999999998
2722,0.21018
2723,0.19713
2724,0.2908
2725,0.1363
2726,0.1274
2727,0.06929
2728,0.05195
2729,0.01325
2730,0.0
2731,0.0
2732,0.0
2733,0.0
2734,0.0
2735,0.0
2736,0.0
2737,0.0
2738,0.0
2739,0.0
2740,0.0
2741,0.0
2742,0.01534
2743,0.07126
2744,0.11606
2745,0.14783000000000002
2746,0.24738
2747,0.27458
2748,0.2543
2749,0.2293
2750,0.14138
2751,0.1462
2752,0.08947
2753,0.01912
2754,0.0
2755,0.0
2756,0.0
2757,0.0
2758,0.0
2759,0.0
2760,0.0
2761,0.0
2762,0.0
2763,0.0
2764,0.0
2765,0.0
2766,0.011470000000000001
2767,0.06381
2768,0.11734
2769,0.23353
2770,0.28739
2771,0.29257
2772,0.29298
2773,0.20778
2774,0.11188
2775,0.11468
2776,0.08037000000000001
2777,0.02569
2778,0.0
2779,0.0
2780,0.0
2781,0.0
2782,0.0
2783,0.0
2784,0.0
2785,0.0
2786,0.0
2787,0.0
2788,0.0
2789,0.0
2790,0.01959
2791,0.0874
2792,0.14769
2793,0.22654
2794,0.25465
2795,0.26323
2796,0.18686000000000003
2797,0.14722
2798,0.14937999999999999
2799,0.09952
2800,0.08489000000000001
2801,0.02345
2802,0.0
2803,0.0
2804,0.0
2805,0.0
2806,0.0
2807,0.0
2808,0.0
2809,0.0
2810,0.0
2811,0.0
2812,0.0
2813,0.0
2814,0.01474
2815,0.07323
2816,0.1036
2817,0.12588
2818,0.104
2819,0.13541
2820,0.18778
2821,0.15208000000000002
2822,0.1422
2823,0.10305
2824,0.056960000000000004
2825,0.01725
2826,0.0
2827,0.0
2828,0.0
2829,0.0
2830,0.0
2831,0.0
2832,0.0
2833,0.0
2834,0.0
2835,0.0
2836,0.0
2837,0.0
2838,0.01107
2839,0.044520000000000004
2840,0.06207
2841,0.08707
2842,0.10947
2843,0.09519
2844,0.07540999999999999
2845,0.11236
2846,0.07241
2847,0.10451
2848,0.046020000000000005
2849,0.011519999999999999
2850,0.0
2851,0.0
2852,0.0
2853,0.0
2854,0.0
2855,0.0
2856,0.0
2857,0.0
2858,0.0
2859,0.0
2860,0.0
2861,0.0
2862,0.018609999999999998
2863,0.08313
2864,0.13695
2865,0.15991999999999998
2866,0.17151
2867,0.20311
2868,0.20199
2869,0.15622
2870,0.10217
2871,0.06994
2872,0.037340000000000005
2873,0.01443
2874,0.0
2875,0.0
2876,0.0
2877,0.0
2878,0.0
2879,0.0
2880,0.0
2881,0.0
2882,0.0
2883,0.0
2884,0.0
2885,0.0
2886,0.00719
2887,0.03427
2888,0.10359
2889,0.21193
2890,0.19798
2891,0.25182
2892,0.2756
2893,0.19908
2894,0.17848
2895,0.11309999999999999
2896,0.06848
2897,0.02023
2898,0.0
2899,0.0
2900,0.0
2901,0.0
2902,0.0
2903,0.0
2904,0.0
2905,0.0
2906,0.0
2907,0.0
2908,0.0
2909,0.0
2910,0.00413
2911,0.04813
2912,0.07440999999999999
2913,0.10260999999999999
2914,0.1999
2915,0.24743
2916,0.14502
2917,0.21256999999999998
2918,0.13685
2919,0.12503
2920,0.06488
2921,0.02551
2922,0.0
2923,0.0
2924,0.0
2925,0.0
2926,0.0
2927,0.0
2928,0.0
2929,0.0
2930,0.0
2931,0.0
2932,0.0
2933,0.0
2934,0.006019999999999999
2935,0.00737
2936,0.018600000000000002
2937,0.01016
2938,0.022879999999999998
2939,0.04262
2940,0.09129999999999999
2941,0.14106
2942,0.13813
2943,0.10123
2944,0.06806
2945,0.01652
2946,0.0
2947,0.0
2948,0.0
2949,0.0
2950,0.0
2951,0.0
2952,0.0
2953,0.0
2954,0.0
2955,0.0
2956,0.0
2957,0.0
2958,0.0005
2959,0.01097
2960,0.04168
2961,0.045829999999999996
2962,0.10141
2963,0.09129999999999999
2964,0.09798
2965,0.14823
2966,0.101
2967,0.06232
2968,0.04589
2969,0.00939
2970,0.0
2971,0.0
2972,0.0
2973,0.0
2974,0.0
2975,0.0
2976,0.0
2977,0.0
2978,0.0
2979,0.0
2980,0.0
2981,0.0
2982,0.0065
2983,0.04233
2984,0.09491
2985,0.14085
2986,0.1724
2987,0.20226
2988,0.14477
2989,0.14842
2990,0.1199
2991,0.11284000000000001
2992,0.04555
2993,0.015519999999999999
2994,0.0
2995,0.0
2996,0.0
2997,0.0
2998,0.0
2999,0.0
3000,0.0
3001,0.0
3002,0.0
3003,0.0
3004,0.0
3005,0.0
3006,0.00555
3007,0.038990000000000004
3008,0.0735
3009,0.12343000000000001
3010,0.14721
3011,0.13438999999999998
3012,0.10435
3013,0.13466
3014,0.16005
3015,0.10711
3016,0.08155
3017,0.01719
3018,0.0
3019,0.0
3020,0.0
3021,0.0
3022,0.0
3023,0.0
3024,0.0
3025,0.0
3026,0.0
3027,0.0
3028,0.0
3029,0.0
3030,0.00747
3031,0.0469
3032,0.10672
3033,0.12229999999999999
3034,0.17218
3035,0.11422
3036,0.14407
3037,0.1569
3038,0.15849000000000002
3039,0.05324
3040,0.05173
3041,0.01078
3042,0.0
3043,0.0
3044,0.0
3045,0.0
3046,0.0
3047,0.0
3048,0.0
3049,0.0
3050,0.0
3051,0.0
3052,0.0
3053,0.0
3054,0.01081
3055,0.04227
3056,0.09157
3057,0.14722
3058,0.15531
3059,0.13546
3060,0.16541999999999998
3061,0.17212
3062,0.10243000000000001
3063,0.10407
3064,0.06035
3065,0.01455
3066,0.0
3067,0.0
3068,0.0
3069,0.0
3070,0.0
3071,0.0
3072,0.0
3073,0.0
3074,0.0
3075,0.0
3076,0.0
3077,0.0
3078,0.009130000000000001
3079,0.04157
3080,0.07581
3081,0.12639
3082,0.12289
3083,0.13506
3084,0.14276
3085,0.14904
3086,0.1487
3087,0.09813
3088,0.054810000000000005
3089,0.01375
3090,0.0
3091,0.0
3092,0.0
3093,0.0
3094,0.0
3095,0.0
3096,0.0
3097,0.0
3098,0.0
3099,0.0
3100,0.0
3101,0.0
3102,0.0038799999999999998
3103,0.03521
3104,0.046729999999999994
3105,0.11170999999999999
3106,0.11148999999999999
3107,0.13831
3108,0.09670000000000001
3109,0.18203999999999998
3110,0.13463999999999998
3111,0.12887
3112,0.07306
3113,0.016489999999999998
3114,0.0
3115,0.0
3116,0.0
3117,0.0
3118,0.0
3119,0.0
3120,0.0
3121,0.0
3122,0.0
3123,0.0
3124,0.0
3125,0.0
3126,0.01512
3127,0.05306
3128,0.10790000000000001
3129,0.15856
3130,0.17615
3131,0.20827
3132,0.17958000000000002
3133,0.0945
3134,0.14252
3135,0.07775
3136,0.04206
3137,0.00874
3138,0.0
3139,0.0
3140,0.0
3141,0.0
3142,0.0
3143,0.0
3144,0.0
3145,0.0
3146,0.0
3147,0.0
3148,0.0
3149,0.0
3150,0.01033
3151,0.04621
3152,0.10761
3153,0.062020000000000006
3154,0.14182
3155,0.1601
3156,0.16661
3157,0.13037
3158,0.11366
3159,0.08106999999999999
3160,0.06359000000000001
3161,0.019559999999999998
3162,0.0
3163,0.0
3164,0.0
3165,0.0
3166,0.0
3167,0.0
3168,0.0
3169,0.0
3170,0.0
3171,0.0
3172,0.0
3173,0.0
3174,0.00634
3175,0.03662
3176,0.07168000000000001
3177,0.11458
3178,0.16451
3179,0.14114
3180,0.16723
3181,0.10346
3182,0.11245999999999999
3183,0.07415999999999999
3184,0.05101
3185,0.00827
3186,0.0
3187,0.0
3188,0.0
3189,0.0
3190,0.0
3191,0.0
3192,0.0
3193,0.0
3194,0.0
3195,0.0
3196,0.0
3197,0.0
3198,0.00214
3199,0.0214
3200,0.05138
3201,0.07816
3202,0.13476
3203,0.0974
3204,0.16701
3205,0.17694
3206,0.11814
3207,0.11183
3208,0.07529999999999999
3209,0.02275
3210,0.0
3211,0.0
3212,0.0
3213,0.0
3214,0.0
3215,0.0
3216,0.0
3217,0.0
3218,0.0
3219,0.0
3220,0.0
3221,0.0
3222,0.01166
3223,0.06266
3224,0.07667
3225,0.08228
3226,0.15175999999999998
3227,0.17462
3228,0.11522
3229,0.14307
3230,0.08451
3231,0.07682
3232,0.04813
3233,0.01873
3234,0.0
3235,0.0
3236,0.0
3237,0.0
3238,0.0
3239,0.0
3240,0.0
3241,0.0
3242,0.0
3243,0.0
3244,0.0
3245,0.0
3246,0.01328
3247,0.04474
3248,0.0841
3249,0.09051000000000001
3250,0.15080000000000002
3251,0.10953
3252,0.1379
3253,0.14815
3254,0.11816
3255,0.0785
3256,0.04438
3257,0.01423
3258,0.0
3259,0.0
3260,0.0
3261,0.0
3262,0.0
3263,0.0
3264,0.0
3265,0.0
3266,0.0
3267,0.0
3268,0.0
3269,0.0
3270,0.00246
3271,0.02871
3272,0.07659999999999999
3273,0.16406
3274,0.13436
3275,0.15988999999999998
3276,0.22250999999999999
3277,0.16793
3278,0.15763
3279,0.11324
3280,0.059179999999999996
3281,0.011009999999999999
3282,0.0
3283,0.0
3284,0.0
3285,0.0
3286,0.0
3287,0.0
3288,0.0
3289,0.0
3290,0.0
3291,0.0
3292,0.0
3293,0.0
3294,0.011009999999999999
3295,0.054130000000000005
3296,0.10477
3297,0.13882
3298,0.25294
3299,0.23945
3300,0.14183
3301,0.06288
3302,0.08607
3303,0.08534
3304,0.03736
3305,0.01067
3306,0.0
3307,0.0
3308,0.0
3309,0.0
3310,0.0
3311,0.0
3312,0.0
3313,0.0
3314,0.0
3315,0.0
3316,0.0
3317,0.0
3318,0.01575
3319,0.05675
3320,0.08362
3321,0.10121
3322,0.13212000000000002
3323,0.17532
3324,0.13586
3325,0.13159
3326,0.11879
3327,0.07853
3328,0.03872
3329,0.013
3330,0.0
3331,0.0
3332,0.0
3333,0.0
3334,0.0
3335,0.0
3336,0.0
3337,0.0
3338,0.0
3339,0.0
3340,0.0
3341,0.0
3342,0.01408
3343,0.054549999999999994
3344,0.11161
3345,0.15716999999999998
3346,0.22124000000000002
3347,0.15584
3348,0.2527
3349,0.24547
3350,0.19473
3351,0.09201000000000001
3352,0.05651
3353,0.02027
3354,0.0
3355,0.0
3356,0.0
3357,0.0
3358,0.0
3359,0.0
3360,0.0
3361,0.0
3362,0.0
3363,0.0
3364,0.0
3365,0.0
3366,0.01099
3367,0.06268
3368,0.13194999999999998
3369,0.13504
3370,0.25633
3371,0.14883000000000002
3372,0.12830000000000003
3373,0.13398
3374,0.11519
3375,0.11212000000000001
3376,0.05391
3377,0.01794
3378,0.0
3379,0.0
3380,0.0
3381,0.0
3382,0.0
3383,0.0
3384,0.0
3385,0.0
3386,0.0
3387,0.0
3388,0.0
3389,0.0
3390,0.007719999999999999
3391,0.07573
3392,0.13802
3393,0.21091
3394,0.20823
3395,0.22904
3396,0.29278
3397,0.20748
3398,0.11040000000000001
3399,0.10579999999999999
3400,0.08456
3401,0.02392
3402,0.0
3403,0.0
3404,0.0
3405,0.0
3406,0.0
3407,0.0
3408,0.0
3409,0.0
3410,0.0
3411,0.0
3412,0.0
3413,0.0
3414,0.007030000000000001
3415,0.054090000000000006
3416,0.08372
3417,0.13844
3418,0.23799
3419,0.23073
3420,0.29896
3421,0.22557
3422,0.1388
3423,0.08
3424,0.05165
3425,0.01977
3426,0.0
3427,0.0
3428,0.0
3429,0.0
3430,0.0
3431,0.0
3432,0.0
3433,0.0
3434,0.0
3435,0.0
3436,0.0
3437,0.0
3438,0.009859999999999999
3439,0.05172
3440,0.10081
3441,0.08891
3442,0.13075
3443,0.12956
3444,0.10298
3445,0.07321
3446,0.06681999999999999
3447,0.05877
3448,0.03519
3449,0.01304
3450,0.0
3451,0.0
3452,0.0
3453,0.0
3454,0.0
3455,0.0
3456,0.0
3457,0.0
3458,0.0
3459,0.0
3460,0.0
3461,0.0
3462,0.015609999999999999
3463,0.05752
3464,0.11918000000000001
3465,0.14565999999999998
3466,0.19787000000000002
3467,0.24337
3468,0.20854
3469,0.22807
3470,0.16194999999999998
3471,0.14362
3472,0.08617
3473,0.016579999999999998
3474,0.0
3475,0.0
3476,0.0
3477,0.0
3478,0.0
3479,0.0
3480,0.0
3481,0.0
3482,0.0
3483,0.0
3484,0.0
3485,0.0
3486,0.00658
3487,0.03878
3488,0.058070000000000004
3489,0.10061
3490,0.15081
3491,0.24847
3492,0.21497
3493,0.12794
3494,0.07135999999999999
3495,0.08788
3496,0.08002
3497,0.01514
3498,0.0
3499,0.0
3500,0.0
3501,0.0
3502,0.0
3503,0.0
3504,0.0
3505,0.0
3506,0.0
3507,0.0
3508,0.0
3509,0.0
3510,0.0
3511,0.00505
3512,0.01727
3513,0.03139
3514,0.05812
3515,0.05982
3516,0.061380000000000004
3517,0.09534999999999999
3518,0.09215000000000001
3519,0.08413
3520,0.08265
3521,0.02053
3522,0.0
3523,0.0
3524,0.0
3525,0.0
3526,0.0
3527,0.0
3528,0.0
3529,0.0
3530,0.0
3531,0.0
3532,0.0
3533,0.0
3534,0.00614
3535,0.054200000000000005
3536,0.14293
3537,0.11106999999999999
3538,0.12353
3539,0.22652
3540,0.24791
3541,0.13816
3542,0.13435
3543,0.14449
3544,0.08602
3545,0.02127
3546,0.0
3547,0.0
3548,0.0
3549,0.0
3550,0.0
3551,0.0
3552,0.0
3553,0.0
3554,0.0
3555,0.0
3556,0.0
3557,0.0
3558,0.008119999999999999
3559,0.06395
3560,0.09748
3561,0.10633
3562,0.16376
3563,0.16474
3564,0.16491999999999998
3565,0.10025
3566,0.1414
3567,0.10481
3568,0.06008
3569,0.02001
3570,0.0
3571,0.0
3572,0.0
3573,0.0
3574,0.0
3575,0.0
3576,0.0
3577,0.0
3578,0.0
3579,0.0
3580,0.0
3581,0.0
3582,0.0111
3583,0.06466
3584,0.12369
3585,0.17994
3586,0.10437
3587,0.14339
3588,0.18331999999999998
3589,0.14382
3590,0.13254
3591,0.12574
3592,0.06431
3593,0.016210000000000002
3594,0.0
3595,0.0
3596,0.0
3597,0.0
3598,0.0
3599,0.0
3600,0.0
3601,0.0
3602,0.0
3603,0.0
3604,0.0
3605,0.0
3606,0.00954
3607,0.06014
3608,0.09315000000000001
3609,0.14805000000000001
3610,0.22913999999999998
3611,0.1735
3612,0.16996
3613,0.17261
3614,0.17288
3615,0.08715
3616,0.04379
3617,0.016
3618,0.0
3619,0.0
3620,0.0
3621,0.0
3622,0.0
3623,0.0
3624,0.0
3625,0.0
3626,0.0
3627,0.0
3628,0.0
3629,0.0
3630,0.00257
3631,0.02937
3632,0.047259999999999996
3633,0.08515
3634,0.13473
3635,0.08581
3636,0.16191999999999998
3637,0.16038
3638,0.16625
3639,0.13063
3640,0.07898999999999999
3641,0.007030000000000001
3642,0.0
3643,0.0
3644,0.0
3645,0.0
3646,0.0
3647,0.0
3648,0.0
3649,0.0
3650,0.0
3651,0.0
3652,0.0
3653,0.0
3654,0.0
3655,0.01374
3656,0.03587
3657,0.056229999999999995
3658,0.0943
3659,0.14875
3660,0.17161
3661,0.07714
3662,0.13363999999999998
3663,0.07212
3664,0.043859999999999996
3665,0.011710000000000002
3666,0.0
3667,0.0
3668,0.0
3669,0.0
3670,0.0
3671,0.0
3672,0.0
3673,0.0
3674,0.0
3675,0.0
3676,0.0
3677,0.0
3678,0.0033399999999999997
3679,0.0412
3680,0.04525
3681,0.05364
3682,0.10596
3683,0.1186
3684,0.14679
3685,0.08022
3686,0.0993
3687,0.09012
3688,0.036539999999999996
3689,0.01592
3690,0.0
3691,0.0
3692,0.0
3693,0.0
3694,0.0
3695,0.0
3696,0.0
3697,0.0
3698,0.0
3699,0.0
3700,0.0
3701,0.0
3702,0.00623
3703,0.03524
3704,0.062340000000000007
3705,0.09049
3706,0.11649
3707,0.12552
3708,0.17782
3709,0.12188
3710,0.10396999999999999
3711,0.08303
3712,0.05643
3713,0.01176
3714,0.0
3715,0.0
3716,0.0
3717,0.0
3718,0.0
3719,0.0
3720,0.0
3721,0.0
3722,0.0
3723,0.0
3724,0.0
3725,0.0
3726,0.00432
3727,0.03688
3728,0.08882
3729,0.11025
3730,0.13922
3731,0.11882
3732,0.13613999999999998
3733,0.15703
3734,0.10361
3735,0.07651999999999999
3736,0.05969
3737,0.01796
3738,0.0
3739,0.0
3740,0.0
3741,0.0
3742,0.0
3743,0.0
3744,0.0
3745,0.0
3746,0.0
3747,0.0
3748,0.0
3749,0.0
3750,0.01105
3751,0.044789999999999996
3752,0.08404
3753,0.11187000000000001
3754,0.16546
3755,0.15925999999999998
3756,0.16365000000000002
3757,0.12176000000000001
3758,0.15562
3759,0.14776
3760,0.08073999999999999
3761,0.02583
3762,0.0
3763,0.0
3764,0.0
3765,0.0
3766,0.0
3767,0.0
3768,0.0
3769,0.0
3770,0.0
3771,0.0
3772,0.0
3773,0.0
3774,0.007719999999999999
3775,0.039659999999999994
3776,0.07772
3777,0.09636
3778,0.12653
3779,0.1905
3780,0.1559
3781,0.14521
3782,0.1113
3783,0.1023
3784,0.05188
3785,0.01751
3786,0.0
3787,0.0
3788,0.0
3789,0.0
3790,0.0
3791,0.0
3792,0.0
3793,0.0
3794,0.0
3795,0.0
3796,0.0
3797,0.0
3798,0.00658
3799,0.03979
3800,0.11652
3801,0.11782
3802,0.13269999999999998
3803,0.13274
3804,0.08524
3805,0.12594
3806,0.10094
3807,0.07718000000000001
3808,0.04784
3809,0.01752
3810,0.0
3811,0.0
3812,0.0
3813,0.0
3814,0.0
3815,0.0
3816,0.0
3817,0.0
3818,0.0
3819,0.0
3820,0.0
3821,0.0
3822,0.00878
3823,0.04784
3824,0.08066
3825,0.14133
3826,0.09281
3827,0.14125
3828,0.10249
3829,0.09337999999999999
3830,0.13666999999999999
3831,0.08158
3832,0.048530000000000004
3833,0.01572
3834,0.0
3835,0.0
3836,0.0
3837,0.0
3838,0.0
3839,0.0
3840,0.0
3841,0.0
3842,0.0
3843,0.0
3844,0.0
3845,0.0
3846,0.00811
3847,0.052020000000000004
3848,0.08724
3849,0.15459
3850,0.24309
3851,0.24206999999999998
3852,0.18093
3853,0.23756
3854,0.14251
3855,0.08492
3856,0.047479999999999994
3857,0.013380000000000001
3858,0.0
3859,0.0
3860,0.0
3861,0.0
3862,0.0
3863,0.0
3864,0.0
3865,0.0
3866,0.0
3867,0.0
3868,0.0
3869,0.0
3870,0.00882
3871,0.04682
3872,0.05998
3873,0.08847
3874,0.1504
3875,0.14956999999999998
3876,0.15491
3877,0.10869
3878,0.12979
3879,0.10255
3880,0.06456999999999999
3881,0.01886
3882,0.0
3883,0.0
3884,0.0
3885,0.0
3886,0.0
3887,0.0
3888,0.0
3889,0.0
3890,0.0
3891,0.0
3892,0.0
3893,0.0
3894,0.00497
3895,0.03608
3896,0.05072
3897,0.07278
3898,0.09318000000000001
3899,0.0928
3900,0.14909
3901,0.14812
3902,0.10342
3903,0.0605
3904,0.053259999999999995
3905,0.0128
3906,0.0
3907,0.0
3908,0.0
3909,0.0
3910,0.0
3911,0.0
3912,0.0
3913,0.0
3914,0.0
3915,0.0
3916,0.0
3917,0.0
3918,0.0072
3919,0.04566
3920,0.07545
3921,0.09125
3922,0.09036
3923,0.11388
3924,0.10970999999999999
3925,0.12420999999999999
3926,0.10018
3927,0.08164
3928,0.05375
3929,0.02296
3930,0.0
3931,0.0
3932,0.0
3933,0.0
3934,0.0
3935,0.0
3936,0.0
3937,0.0
3938,0.0
3939,0.0
3940,0.0
3941,0.0
3942,0.0014
3943,0.02923
3944,0.05609
3945,0.05244
3946,0.12199
3947,0.13597
3948,0.20278
3949,0.18841999999999998
3950,0.17076
3951,0.11946
3952,0.07267
3953,0.01516
3954,0.0
3955,0.0
3956,0.0
3957,0.0
3958,0.0
3959,0.0
3960,0.0
3961,0.0
3962,0.0
3963,0.0
3964,0.0
3965,0.0
3966,0.00719
3967,0.04924
3968,0.08406999999999999
3969,0.09343000000000001
3970,0.12781
3971,0.13731000000000002
3972,0.15306
3973,0.12881
3974,0.09095
3975,0.09999
3976,0.05316
3977,0.0195
3978,0.0
3979,0.0
3980,0.0
3981,0.0
3982,0.0
3983,0.0
3984,0.0
3985,0.0
3986,0.0
3987,0.0
3988,0.0
3989,0.0
3990,0.00878
3991,0.04354
3992,0.07143000000000001
3993,0.12883
3994,0.10895
3995,0.16613
3996,0.13102
3997,0.15163
3998,0.14206
3999,0.10933
4000,0.08370999999999999
4001,0.023260000000000003
4002,0.0
4003,0.0
4004,0.0
4005,0.0
4006,0.0
4007,0.0
4008,0.0
4009,0.0
4010,0.0
4011,0.0
4012,0.0
4013,0.0
4014,0.00835
4015,0.06253
4016,0.10590999999999999
4017,0.10167
4018,0.12013
4019,0.13004
4020,0.12522
4021,0.13078
4022,0.12719
4023,0.07537999999999999
4024,0.0424
4025,0.013699999999999999
4026,0.0
4027,0.0
4028,0.0
4029,0.0
4030,0.0
4031,0.0
4032,0.0
4033,0.0
4034,0.0
4035,0.0
4036,0.0
4037,0.0
4038,0.01275
4039,0.05025
4040,0.06577
4041,0.11682
4042,0.15750999999999998
4043,0.12451999999999999
4044,0.16569
4045,0.12005
4046,0.10304
4047,0.07372
4048,0.045950000000000005
4049,0.02477
4050,0.0
4051,0.0
4052,0.0
4053,0.0
4054,0.0
4055,0.0
4056,0.0
4057,0.0
4058,0.0
4059,0.0
4060,0.0
4061,0.0
4062,0.00719
4063,0.047990000000000005
4064,0.07236
4065,0.07906999999999999
4066,0.07787000000000001
4067,0.08223
4068,0.09537999999999999
4069,0.07665000000000001
4070,0.10502
4071,0.07819
4072,0.049460000000000004
4073,0.01743
4074,0.0
4075,0.0
4076,0.0
4077,0.0
4078,0.0
4079,0.0
4080,0.0
4081,0.0
4082,0.0
4083,0.0
4084,0.0
4085,0.0
4086,0.00827
4087,0.05553
4088,0.09949
4089,0.10540000000000001
4090,0.10501
4091,0.12371
4092,0.13015000000000002
4093,0.0968
4094,0.12835
4095,0.07106
4096,0.05275
4097,0.01533
4098,0.0
4099,0.0
4100,0.0
4101,0.0
4102,0.0
4103,0.0
4104,0.0
4105,0.0
4106,0.0
4107,0.0
4108,0.0
4109,0.0
4110,0.0058200000000000005
4111,0.050159999999999996
4112,0.08067
4113,0.09645999999999999
4114,0.15731
4115,0.15969
4116,0.19074000000000002
4117,0.08506999999999999
4118,0.09148
4119,0.08028
4120,0.055600000000000004
4121,0.01329
4122,0.0
4123,0.0
4124,0.0
4125,0.0
4126,0.0
4127,0.0
4128,0.0
4129,0.0
4130,0.0
4131,0.0
4132,0.0
4133,0.0
4134,0.00795
4135,0.023
4136,0.06749
4137,0.17376
4138,0.16112
4139,0.13635
4140,0.14880000000000002
4141,0.10203
4142,0.11495999999999999
4143,0.09562999999999999
4144,0.07954
4145,0.02302
4146,0.0
4147,0.0
4148,0.0
4149,0.0
4150,0.0
4151,0.0
4152,0.0
4153,0.0
4154,0.0
4155,0.0
4156,0.0
4157,0.0
4158,0.01027
4159,0.04888
4160,0.08391
4161,0.09605
4162,0.17884
4163,0.20333
4164,0.18659
4165,0.14284
4166,0.10912999999999999
4167,0.08305
4168,0.040049999999999995
4169,0.013609999999999999
4170,0.0
4171,0.0
4172,0.0
4173,0.0
4174,0.0
4175,0.0
4176,0.0
4177,0.0
4178,0.0
4179,0.0
4180,0.0
4181,0.0
4182,0.00721
4183,0.045950000000000005
4184,0.07303
4185,0.1047
4186,0.12029000000000001
4187,0.14398
4188,0.08847
4189,0.14046
4190,0.07326
4191,0.024059999999999998
4192,0.01864
4193,0.00297
4194,0.0
4195,0.0
4196,0.0
4197,0.0
4198,0.0
4199,0.0
4200,0.0
4201,0.0
4202,0.0
4203,0.0
4204,0.0
4205,0.0
4206,0.0075899999999999995
4207,0.04936
4208,0.08805
4209,0.10649
4210,0.11681
4211,0.12904
4212,0.10553
4213,0.10534
4214,0.10769
4215,0.08227
4216,0.046259999999999996
4217,0.01609
4218,0.0
4219,0.0
4220,0.0
4221,0.0
4222,0.0
4223,0.0
4224,0.0
4225,0.0
4226,0.0
4227,0.0
4228,0.0
4229,0.0
4230,0.00638
4231,0.03594
4232,0.0793
4233,0.0916
4234,0.12994999999999998
4235,0.12798
4236,0.10975
4237,0.09558
4238,0.10979000000000001
4239,0.06342
4240,0.055619999999999996
4241,0.015050000000000001
4242,0.0
4243,0.0
4244,0.0
4245,0.0
4246,0.0
4247,0.0
4248,0.0
4249,0.0
4250,0.0
4251,0.0
4252,0.0
4253,0.0
4254,0.0025800000000000003
4255,0.02541
4256,0.047549999999999995
4257,0.06319
4258,0.09935
4259,0.0943
4260,0.11993000000000001
4261,0.08872
4262,0.13206
4263,0.09345
4264,0.062490000000000004
4265,0.0112
4266,0.0
4267,0.0
4268,0.0
4269,0.0
4270,0.0
4271,0.0
4272,0.0
4273,0.0
4274,0.0
4275,0.0
4276,0.0
4277,0.0
4278,0.0
4279,0.0106
4280,0.02036
4281,0.04387
4282,0.03535
4283,0.04661
4284,0.07809
4285,0.07379000000000001
4286,0.04127
4287,0.041960000000000004
4288,0.0277
4289,0.00441
4290,0.0
4291,0.0
4292,0.0
4293,0.0
4294,0.0
4295,0.0
4296,0.0
4297,0.0
4298,0.0
4299,0.0
4300,0.0
4301,0.0
4302,4e-05
4303,0.01435
4304,0.03207
4305,0.06037
4306,0.12082
4307,0.11401
4308,0.11043
4309,0.08259
4310,0.08283
4311,0.06437000000000001
4312,0.034659999999999996
4313,0.00958
4314,0.0
4315,0.0
4316,0.0
4317,0.0
4318,0.0
4319,0.0
4320,0.0
4321,0.0
4322,0.0
4323,0.0
4324,0.0
4325,0.0
4326,0.0034100000000000003
4327,0.03961
4328,0.06166
4329,0.10254
4330,0.10729000000000001
4331,0.10615999999999999
4332,0.14744
4333,0.11623
4334,0.06255
4335,0.08034000000000001
4336,0.03551
4337,0.00617
4338,0.0
4339,0.0
4340,0.0
4341,0.0
4342,0.0
4343,0.0
4344,0.0
4345,0.0
4346,0.0
4347,0.0
4348,0.0
4349,0.0
4350,0.0044599999999999996
4351,0.028079999999999997
4352,0.05543
4353,0.11369
4354,0.12347
4355,0.11973
4356,0.09008
4357,0.09079000000000001
4358,0.04851
4359,0.05638
4360,0.03904
4361,0.0033799999999999998
4362,0.0
4363,0.0
4364,0.0
4365,0.0
4366,0.0
4367,0.0
4368,0.0
4369,0.0
4370,0.0
4371,0.0
4372,0.0
4373,0.0
4374,0.00675
4375,0.04729
4376,0.05152
4377,0.04909
4378,0.12869999999999998
4379,0.055450000000000006
4380,0.08179
4381,0.07665999999999999
4382,0.03643
4383,0.02792
4384,0.01034
4385,0.00764
4386,0.0
4387,0.0
4388,0.0
4389,0.0
4390,0.0
4391,0.0
4392,0.0
4393,0.0
4394,0.0
4395,0.0
4396,0.0
4397,0.0
4398,0.004
4399,0.04186
4400,0.08115
4401,0.08337
4402,0.1187
4403,0.14652
4404,0.15489
4405,0.15066
4406,0.13354
4407,0.055170000000000004
4408,0.04852
4409,0.01871
4410,0.0
4411,0.0
4412,0.0
4413,0.0
4414,0.0
4415,0.0
4416,0.0
4417,0.0
4418,0.0
4419,0.0
4420,0.0
4421,0.0
4422,0.0024500000000000004
4423,0.027960000000000002
4424,0.03302
4425,0.051859999999999996
4426,0.07504999999999999
4427,0.07219
4428,0.08793000000000001
4429,0.09893
4430,0.06575
4431,0.05602
4432,0.03329
4433,0.0038799999999999998
4434,0.0
4435,0.0
4436,0.0
4437,0.0
4438,0.0
4439,0.0
4440,0.0
4441,0.0
4442,0.0
4443,0.0
4444,0.0
4445,0.0
4446,0.00328
4447,0.03179
4448,0.052219999999999996
4449,0.13026
4450,0.10792
4451,0.17232
4452,0.22096000000000002
4453,0.11896999999999999
4454,0.12594
4455,0.07886
4456,0.04102
4457,0.01533
4458,0.0
4459,0.0
4460,0.0
4461,0.0
4462,0.0
4463,0.0
4464,0.0
4465,0.0
4466,0.0
4467,0.0
4468,0.0
4469,0.0
4470,0.00818
4471,0.052450000000000004
4472,0.07087
4473,0.09283
4474,0.16197
4475,0.19384
4476,0.10254
4477,0.14866
4478,0.09648000000000001
4479,0.06982
4480,0.053770000000000005
4481,0.02834
4482,0.0
4483,0.0
4484,0.0
4485,0.0
4486,0.0
4487,0.0
4488,0.0
4489,0.0
4490,0.0
4491,0.0
4492,0.0
4493,0.0
4494,0.00331
4495,0.02987
4496,0.07615000000000001
4497,0.11173000000000001
4498,0.12015
4499,0.17468999999999998
4500,0.19563
4501,0.13615
4502,0.11439
4503,0.0803
4504,0.04276
4505,0.02471
4506,0.0
4507,0.0
4508,0.0
4509,0.0
4510,0.0
4511,0.0
4512,0.0
4513,0.0
4514,0.0
4515,0.0
4516,0.0
4517,0.0
4518,0.00309
4519,0.02745
4520,0.06396
4521,0.09667
4522,0.11448
4523,0.17177
4524,0.08985
4525,0.08893000000000001
4526,0.15585
4527,0.09106
4528,0.03169
4529,0.01262
4530,0.0
4531,0.0
4532,0.0
4533,0.0
4534,0.0
4535,0.0
4536,0.0
4537,0.0
4538,0.0
4539,0.0
4540,0.0
4541,0.0
4542,0.00597
4543,0.03105
4544,0.08637
4545,0.11247
4546,0.12515
4547,0.10019
4548,0.14759999999999998
4549,0.08671
4550,0.09254000000000001
4551,0.062329999999999997
4552,0.04332
4553,0.01384
4554,0.0
4555,0.0
4556,0.0
4557,0.0
4558,0.0
4559,0.0
4560,0.0
4561,0.0
4562,0.0
4563,0.0
4564,0.0
4565,0.0
4566,0.0020299999999999997
4567,0.036789999999999996
4568,0.0682
4569,0.13335
4570,0.11067
4571,0.13875
4572,0.19852
4573,0.22129
4574,0.16835
4575,0.13992
4576,0.06881
4577,0.01106
4578,0.0
4579,0.0
4580,0.0
4581,0.0
4582,0.0
4583,0.0
4584,0.0
4585,0.0
4586,0.0
4587,0.0
4588,0.0
4589,0.0
4590,0.0002
4591,0.00907
4592,0.040240000000000005
4593,0.09134
4594,0.06278
4595,0.12519
4596,0.11635
4597,0.15816999999999998
4598,0.14928999999999998
4599,0.10951999999999999
4600,0.03064
4601,0.01176
4602,0.0
4603,0.0
4604,0.0
4605,0.0
4606,0.0
4607,0.0
4608,0.0
4609,0.0
4610,0.0
4611,0.0
4612,0.0
4613,0.0
4614,0.00434
4615,0.028820000000000002
4616,0.08459
4617,0.10056999999999999
4618,0.14539
4619,0.12962
4620,0.14326
4621,0.15763
4622,0.13636
4623,0.09168000000000001
4624,0.060840000000000005
4625,0.01651
4626,0.0
4627,0.0
4628,0.0
4629,0.0
4630,0.0
4631,0.0
4632,0.0
4633,0.0
4634,0.0
4635,0.0
4636,0.0
4637,0.0
4638,0.00671
4639,0.04761
4640,0.08174
4641,0.09262999999999999
4642,0.11592
4643,0.10208
4644,0.11078
4645,0.07306
4646,0.07252
4647,0.08446
4648,0.06836
4649,0.027030000000000002
4650,0.0
4651,0.0
4652,0.0
4653,0.0
4654,0.0
4655,0.0
4656,0.0
4657,0.0
4658,0.0
4659,0.0
4660,0.0
4661,0.0
4662,0.007030000000000001
4663,0.0497
4664,0.07221999999999999
4665,0.12206
4666,0.14569
4667,0.26069
4668,0.21171
4669,0.16163999999999998
4670,0.15553
4671,0.10879000000000001
4672,0.09273999999999999
4673,0.02513
4674,0.0
4675,0.0
4676,0.0
4677,0.0
4678,0.0
4679,0.0
4680,0.0
4681,0.0
4682,0.0
4683,0.0
4684,0.0
4685,0.0
4686,0.00383
4687,0.0444
4688,0.08656
4689,0.10906999999999999
4690,0.13507
4691,0.09508
4692,0.13701
4693,0.14381
4694,0.14994
4695,0.09315000000000001
4696,0.0625
4697,0.012230000000000001
4698,0.0
4699,0.0
4700,0.0
4701,0.0
4702,0.0
4703,0.0
4704,0.0
4705,0.0
4706,0.0
4707,0.0
4708,0.0
4709,0.0
4710,0.00212
4711,0.028579999999999998
4712,0.09647
4713,0.11044
4714,0.239
4715,0.2166
4716,0.14839
4717,0.1264
4718,0.12383
4719,0.0728
4720,0.04693
4721,0.02953
4722,0.0
4723,0.0
4724,0.0
4725,0.0
4726,0.0
4727,0.0
4728,0.0
4729,0.0
4730,0.0
4731,0.0
4732,0.0
4733,0.0
4734,0.0056
4735,0.037149999999999996
4736,0.07672
4737,0.09173999999999999
4738,0.08675
4739,0.09920999999999999
4740,0.08614
4741,0.10345
4742,0.10509
4743,0.109
4744,0.06462000000000001
4745,0.02586
4746,0.0
4747,0.0
4748,0.0
4749,0.0
4750,0.0
4751,0.0
4752,0.0
4753,0.0
4754,0.0
4755,0.0
4756,0.0
4757,0.0
4758,0.00732
4759,0.04008
4760,0.07131
4761,0.07826999999999999
4762,0.11875
4763,0.13168000000000002
4764,0.09537000000000001
4765,0.10014
4766,0.14411000000000002
4767,0.07618000000000001
4768,0.060770000000000005
4769,0.01959
4770,0.0
4771,0.0
4772,0.0
4773,0.0
4774,0.0
4775,0.0
4776,0.0
4777,0.0
4778,0.0
4779,0.0
4780,0.0
4781,0.0
4782,0.00436
4783,0.0526
4784,0.07481
4785,0.11571
4786,0.12766
4787,0.14846
4788,0.20457
4789,0.14421
4790,0.13982
4791,0.09572
4792,0.0871
4793,0.023809999999999998
4794,0.0
4795,0.0
4796,0.0
4797,0.0
4798,0.0
4799,0.0
4800,0.0
4801,0.0
4802,0.0
4803,0.0
4804,0.0
4805,0.0
4806,0.00131
4807,0.02998
4808,0.050409999999999996
4809,0.08408
4810,0.14477
4811,0.15028999999999998
4812,0.18051
4813,0.13551
4814,0.161
4815,0.07945999999999999
4816,0.05532
4817,0.01993
4818,0.0
4819,0.0
4820,0.0
4821,0.0
4822,0.0
4823,0.0
4824,0.0
4825,0.0
4826,0.0
4827,0.0
4828,0.0
4829,0.0
4830,0.00365
4831,0.04099
4832,0.05439
4833,0.11026999999999999
4834,0.12712
4835,0.09945
4836,0.08133
4837,0.09487999999999999
4838,0.08020000000000001
4839,0.08291
4840,0.05921
4841,0.01995
4842,0.0
4843,0.0
4844,0.0
4845,0.0
4846,0.0
4847,0.0
4848,0.0
4849,0.0
4850,0.0
4851,0.0
4852,0.0
4853,0.0
4854,0.00511
4855,0.05205
4856,0.10962000000000001
4857,0.17199
4858,0.16222
4859,0.17043
4860,0.14034
4861,0.12585
4862,0.07518000000000001
4863,0.06943
4864,0.06573999999999999
4865,0.023010000000000003
4866,0.0
4867,0.0
4868,0.0
4869,0.0
4870,0.0
4871,0.0
4872,0.0
4873,0.0
4874,0.0
4875,0.0
4876,0.0
4877,0.0
4878,0.00523
4879,0.04778
4880,0.0691
4881,0.10031
4882,0.0942
4883,0.11855
4884,0.1362
4885,0.10326
4886,0.07743000000000001
4887,0.09057
4888,0.0352
4889,0.01604
4890,0.0
4891,0.0
4892,0.0
4893,0.0
4894,0.0
4895,0.0
4896,0.0
4897,0.0
4898,0.0
4899,0.0
4900,0.0
4901,0.0
4902,0.0059299999999999995
4903,0.04162
4904,0.06772
4905,0.08168
4906,0.09665
4907,0.09966
4908,0.09233
4909,0.10881
4910,0.11493
4911,0.07611
4912,0.05664
4913,0.022609999999999998
4914,0.0
4915,0.0
4916,0.0
4917,0.0
4918,0.0
4919,0.0
4920,0.0
4921,0.0
4922,0.0
4923,0.0
4924,0.0
4925,0.0
4926,0.00328
4927,0.05306
4928,0.11707
4929,0.14439
4930,0.23892
4931,0.16340000000000002
4932,0.19251
4933,0.15125
4934,0.13682
4935,0.09406999999999999
4936,0.08169
4937,0.028390000000000002
4938,0.0
4939,0.0
4940,0.0
4941,0.0
4942,0.0
4943,0.0
4944,0.0
4945,0.0
4946,0.0
4947,0.0
4948,0.0
4949,0.0
4950,0.00379
4951,0.03091
4952,0.07864
4953,0.07306
4954,0.1179
4955,0.06454
4956,0.14409
4957,0.11646
4958,0.1043
4959,0.06982
4960,0.07212
4961,0.02664
4962,0.0
4963,0.0
4964,0.0
4965,0.0
4966,0.0
4967,0.0
4968,0.0
4969,0.0
4970,0.0
4971,0.0
4972,0.0
4973,0.0
4974,0.00635
4975,0.04184
4976,0.06436
4977,0.09303
4978,0.12179000000000001
4979,0.14084
4980,0.14575
4981,0.08873
4982,0.1028
4983,0.08011
4984,0.06858
4985,0.027960000000000002
4986,0.0
4987,0.0
4988,0.0
4989,0.0
4990,0.0
4991,0.0
4992,0.0
4993,0.0
4994,0.0
4995,0.0
4996,0.0
4997,0.0
4998,0.00942
4999,0.05568
5000,0.10027
5001,0.12237999999999999
5002,0.15594
5003,0.09742
5004,0.13079
5005,0.16436
5006,0.0963
5007,0.09354000000000001
5008,0.05631
5009,0.022109999999999998
5010,0.0
5011,0.0
5012,0.0
5013,0.0
5014,0.0
5015,0.0
5016,0.0
5017,0.0
5018,0.0
5019,0.0
5020,0.0
5021,0.0
5022,0.00588
5023,0.04486
5024,0.07512
5025,0.09187000000000001
5026,0.12908
5027,0.17346
5028,0.17551
5029,0.18156
5030,0.12781
5031,0.10631
5032,0.05701
5033,0.02549
5034,0.0
5035,0.0
5036,0.0
5037,0.0
5038,0.0
5039,0.0
5040,0.0
5041,0.0
5042,0.0
5043,0.0
5044,0.0
5045,0.0
5046,0.0044599999999999996
5047,0.04959
5048,0.0631
5049,0.10406
5050,0.10061
5051,0.11212000000000001
5052,0.15743000000000001
5053,0.10765000000000001
5054,0.1088
5055,0.12506
5056,0.06838
5057,0.02436
5058,0.0
5059,0.0
5060,0.0
5061,0.0
5062,0.0
5063,0.0
5064,0.0
5065,0.0
5066,0.0
5067,0.0
5068,0.0
5069,0.0
5070,0.00911
5071,0.07614
5072,0.12618000000000001
5073,0.10966
5074,0.10779999999999999
5075,0.10726999999999999
5076,0.11093
5077,0.11261
5078,0.1451
5079,0.10672
5080,0.06257
5081,0.019620000000000002
5082,0.0
5083,0.0
5084,0.0
5085,0.0
5086,0.0
5087,0.0
5088,0.0
5089,0.0
5090,0.0
5091,0.0
5092,0.0
5093,0.0
5094,0.00453
5095,0.037149999999999996
5096,0.08401
5097,0.11921999999999999
5098,0.12129000000000001
5099,0.10751999999999999
5100,0.11043
5101,0.1172
5102,0.11618
5103,0.09334
5104,0.07640000000000001
5105,0.030100000000000002
5106,0.0
5107,0.0
5108,0.0
5109,0.0
5110,0.0
5111,0.0
5112,0.0
5113,0.0
5114,0.0
5115,0.0
5116,0.0
5117,0.0
5118,0.006889999999999999
5119,0.060759999999999995
5120,0.10622
5121,0.10940000000000001
5122,0.12559
5123,0.14349
5124,0.17837999999999998
5125,0.11584
5126,0.11771
5127,0.09727
5128,0.06952
5129,0.03009
5130,0.0
5131,0.0
5132,0.0
5133,0.0
5134,0.0
5135,0.0
5136,0.0
5137,0.0
5138,0.0
5139,0.0
5140,0.0
5141,0.0
5142,0.00364
5143,0.045689999999999995
5144,0.0785
5145,0.11949
5146,0.15005000000000002
5147,0.19044999999999998
5148,0.16521
5149,0.13243000000000002
5150,0.10606
5151,0.07579999999999999
5152,0.05507
5153,0.02268
5154,0.0
5155,0.0
5156,0.0
5157,0.0
5158,0.0
5159,0.0
5160,0.0
5161,0.0
5162,0.0
5163,0.0
5164,0.0
5165,0.0
5166,0.00468
5167,0.04789
5168,0.06157
5169,0.1108
5170,0.12807
5171,0.10626000000000001
5172,0.15736
5173,0.10879000000000001
5174,0.07501999999999999
5175,0.06781000000000001
5176,0.060340000000000005
5177,0.0238
5178,0.0
5179,0.0
5180,0.0
5181,0.0
5182,0.0
5183,0.0
5184,0.0
5185,0.0
5186,0.0
5187,0.0
5188,0.0
5189,0.0
5190,0.00535
5191,0.04667
5192,0.09042
5193,0.1196
5194,0.13769
5195,0.17453
5196,0.15513
5197,0.12043999999999999
5198,0.09454000000000001
5199,0.09408
5200,0.062119999999999995
5201,0.02453
5202,0.0
5203,0.0
5204,0.0
5205,0.0
5206,0.0
5207,0.0
5208,0.0
5209,0.0
5210,0.0
5211,0.0
5212,0.0
5213,0.0
5214,0.00608
5215,0.04692
5216,0.10765999999999999
5217,0.13334000000000001
5218,0.14686000000000002
5219,0.12555
5220,0.17643
5221,0.19329
5222,0.14055
5223,0.13748
5224,0.07186
5225,0.03261
5226,0.0
5227,0.0
5228,0.0
5229,0.0
5230,0.0
5231,0.0
5232,0.0
5233,0.0
5234,0.0
5235,0.0
5236,0.0
5237,0.0
5238,0.008
5239,0.05514
5240,0.09581
5241,0.12334999999999999
5242,0.15374000000000002
5243,0.18399000000000001
5244,0.19615000000000002
5245,0.15411000000000002
5246,0.11131
5247,0.08115
5248,0.04962
5249,0.01682
5250,0.0
5251,0.0
5252,0.0
5253,0.0
5254,0.0
5255,0.0
5256,0.0
5257,0.0
5258,0.0
5259,0.0
5260,0.0
5261,0.0
5262,0.00456
5263,0.05047
5264,0.06351
5265,0.11763
5266,0.17493
5267,0.15369999999999998
5268,0.13015000000000002
5269,0.12409999999999999
5270,0.08857
5271,0.08868000000000001
5272,0.06293
5273,0.023420000000000003
5274,0.0
5275,0.0
5276,0.0
5277,0.0
5278,0.0
5279,0.0
5280,0.0
5281,0.0
5282,0.0
5283,0.0
5284,0.0
5285,0.0
5286,0.00349
5287,0.04512
5288,0.047869999999999996
5289,0.08532
5290,0.10282
5291,0.21284999999999998
5292,0.15861
5293,0.16009
5294,0.12642
5295,0.09381
5296,0.061700000000000005
5297,0.01714
5298,0.0
5299,0.0
5300,0.0
5301,0.0
5302,0.0
5303,0.0
5304,0.0
5305,0.0
5306,0.0
5307,0.0
5308,0.0
5309,0.0
5310,0.00207
5311,0.01458
5312,0.02868
5313,0.05214
5314,0.108
5315,0.13172
5316,0.13344
5317,0.11531999999999999
5318,0.11693
5319,0.09522
5320,0.049460000000000004
5321,0.02521
5322,0.0
5323,0.0
5324,0.0
5325,0.0
5326,0.0
5327,0.0
5328,0.0
5329,0.0
5330,0.0
5331,0.0
5332,0.0
5333,0.0
5334,0.00073
5335,0.02759
5336,0.07395
5337,0.10382
5338,0.16927
5339,0.20398
5340,0.13982
5341,0.12618000000000001
5342,0.11112000000000001
5343,0.09347
5344,0.061200000000000004
5345,0.02973
5346,0.0
5347,0.0
5348,0.0
5349,0.0
5350,0.0
5351,0.0
5352,0.0
5353,0.0
5354,0.0
5355,0.0
5356,0.0
5357,0.0
5358,0.008960000000000001
5359,0.05075
5360,0.08537
5361,0.0783
5362,0.09523999999999999
5363,0.09537999999999999
5364,0.09866
5365,0.11932999999999999
5366,0.12031
5367,0.10173
5368,0.05859
5369,0.02605
5370,0.0
5371,0.0
5372,0.0
5373,0.0
5374,0.0
5375,0.0
5376,0.0
5377,0.0
5378,0.0
5379,0.0
5380,0.0
5381,0.0
5382,0.00808
5383,0.046380000000000005
5384,0.06774
5385,0.11374
5386,0.14912999999999998
5387,0.12323999999999999
5388,0.09941
5389,0.13366999999999998
5390,0.12356
5391,0.13602
5392,0.08017
5393,0.02266
5394,0.0
5395,0.0
5396,0.0
5397,0.0
5398,0.0
5399,0.0
5400,0.0
5401,0.0
5402,0.0
5403,0.0
5404,0.0
5405,0.0
5406,0.00495
5407,0.039939999999999996
5408,0.08295
5409,0.09868
5410,0.14022
5411,0.11370999999999999
5412,0.11334999999999999
5413,0.11579
5414,0.08658
5415,0.08178
5416,0.06304
5417,0.02477
5418,0.0
5419,0.0
5420,0.0
5421,0.0
5422,0.0
5423,0.0
5424,0.0
5425,0.0
5426,0.0
5427,0.0
5428,0.0
5429,0.0
5430,0.01159
5431,0.06105
5432,0.09445999999999999
5433,0.09036
5434,0.13842
5435,0.12675
5436,0.12716
5437,0.13872
5438,0.10402
5439,0.09214
5440,0.05908
5441,0.027510000000000003
5442,0.0
5443,0.0
5444,0.0
5445,0.0
5446,0.0
5447,0.0
5448,0.0
5449,0.0
5450,0.0
5451,0.0
5452,0.0
5453,0.0
5454,0.01056
5455,0.07213
5456,0.10521
5457,0.13087000000000001
5458,0.12786
5459,0.13104
5460,0.16735
5461,0.15361000000000002
5462,0.12866
5463,0.09320999999999999
5464,0.07005
5465,0.02186
5466,0.0
5467,0.0
5468,0.0
5469,0.0
5470,0.0
5471,0.0
5472,0.0
5473,0.0
5474,0.0
5475,0.0
5476,0.0
5477,0.0
5478,0.00966
5479,0.04732
5480,0.12784
5481,0.13101
5482,0.13776
5483,0.12573
5484,0.11821
5485,0.09878
5486,0.10707
5487,0.0736
5488,0.05257
5489,0.019370000000000002
5490,0.0
5491,0.0
5492,0.0
5493,0.0
5494,0.0
5495,0.0
5496,0.0
5497,0.0
5498,0.0
5499,0.0
5500,0.0
5501,0.0
5502,0.01165
5503,0.061450000000000005
5504,0.13184
5505,0.19878
5506,0.25334
5507,0.25361
5508,0.25039
5509,0.12732
5510,0.11053
5511,0.09378
5512,0.05275
5513,0.0242
5514,0.0
5515,0.0
5516,0.0
5517,0.0
5518,0.0
5519,0.0
5520,0.0
5521,0.0
5522,0.0
5523,0.0
5524,0.0
5525,0.0
5526,0.00962
5527,0.06716
5528,0.10998000000000001
5529,0.12426999999999999
5530,0.13537000000000002
5531,0.11491
5532,0.11289
5533,0.10405
5534,0.08982
5535,0.10836
5536,0.06491
5537,0.02456
5538,0.0
5539,0.0
5540,0.0
5541,0.0
5542,0.0
5543,0.0
5544,0.0
5545,0.0
5546,0.0
5547,0.0
5548,0.0
5549,0.0
5550,0.01337
5551,0.07518999999999999
5552,0.13333
5553,0.14142
5554,0.18145
5555,0.20848
5556,0.2521
5557,0.22524
5558,0.17656
5559,0.16963999999999999
5560,0.10970999999999999
5561,0.02951
5562,0.0
5563,0.0
5564,0.0
5565,0.0
5566,0.0
5567,0.0
5568,0.0
5569,0.0
5570,0.0
5571,0.0
5572,0.0
5573,0.0
5574,0.00885
5575,0.05044
5576,0.08729
5577,0.10658
5578,0.102
5579,0.09095
5580,0.12514
5581,0.12153
5582,0.08525
5583,0.08746999999999999
5584,0.07848999999999999
5585,0.020730000000000002
5586,0.0
5587,0.0
5588,0.0
5589,0.0
5590,0.0
5591,0.0
5592,0.0
5593,0.0
5594,0.0
5595,0.0
5596,0.0
5597,0.0
5598,0.01083
5599,0.053259999999999995
5600,0.07753
5601,0.11158
5602,0.14635
5603,0.24831
5604,0.19266999999999998
5605,0.13607
5606,0.14271
5607,0.11344
5608,0.07432
5609,0.027329999999999997
5610,0.0
5611,0.0
5612,0.0
5613,0.0
5614,0.0
5615,0.0
5616,0.0
5617,0.0
5618,0.0
5619,0.0
5620,0.0
5621,0.0
5622,0.01011
5623,0.08224
5624,0.13138
5625,0.17018
5626,0.25977
5627,0.23887
5628,0.26130000000000003
5629,0.16708
5630,0.16286
5631,0.15122
5632,0.08549
5633,0.02707
5634,0.0
5635,0.0
5636,0.0
5637,0.0
5638,0.0
5639,0.0
5640,0.0
5641,0.0
5642,0.0
5643,0.0
5644,0.0
5645,0.0
5646,0.0127
5647,0.07887999999999999
5648,0.17417
5649,0.14252
5650,0.20302
5651,0.19501
5652,0.12976
5653,0.10948999999999999
5654,0.10790000000000001
5655,0.0886
5656,0.05038
5657,0.018600000000000002
5658,0.0
5659,0.0
5660,0.0
5661,0.0
5662,0.0
5663,0.0
5664,0.0
5665,0.0
5666,0.0
5667,0.0
5668,0.0
5669,0.0
5670,0.01275
5671,0.057409999999999996
5672,0.06674
5673,0.12215999999999999
5674,0.12543
5675,0.20312
5676,0.20808000000000001
5677,0.19488999999999998
5678,0.16294999999999998
5679,0.13637
5680,0.10984999999999999
5681,0.02606
5682,0.0
5683,0.0
5684,0.0
5685,0.0
5686,0.0
5687,0.0
5688,0.0
5689,0.0
5690,0.0
5691,0.0
5692,0.0
5693,0.0
5694,0.00488
5695,0.05603
5696,0.07151
5697,0.12651
5698,0.14034
5699,0.17396
5700,0.17538
5701,0.16737
5702,0.14592
5703,0.06731999999999999
5704,0.05148
5705,0.0193
5706,0.0
5707,0.0
5708,0.0
5709,0.0
5710,0.0
5711,0.0
5712,0.0
5713,0.0
5714,0.0
5715,0.0
5716,0.0
5717,0.0
5718,0.01001
5719,0.05632
5720,0.07192
5721,0.10085
5722,0.08488
5723,0.11143
5724,0.09906000000000001
5725,0.09428
5726,0.07351
5727,0.07314
5728,0.047850000000000004
5729,0.01794
5730,0.0
5731,0.0
5732,0.0
5733,0.0
5734,0.0
5735,0.0
5736,0.0
5737,0.0
5738,0.0
5739,0.0
5740,0.0
5741,0.0
5742,0.01067
5743,0.05819
5744,0.08585
5745,0.08263
5746,0.09187000000000001
5747,0.11029000000000001
5748,0.10472
5749,0.11245999999999999
5750,0.15441
5751,0.10147
5752,0.08365
5753,0.0347
5754,0.0
5755,0.0
5756,0.0
5757,0.0
5758,0.0
5759,0.0
5760,0.0
5761,0.0
5762,0.0
5763,0.0
5764,0.0
5765,0.0
5766,0.00766
5767,0.04807
5768,0.06470999999999999
5769,0.08887
5770,0.1341
5771,0.1509
5772,0.1855
5773,0.11583
5774,0.14923
5775,0.09656999999999999
5776,0.05681
5777,0.018609999999999998
5778,0.0
5779,0.0
5780,0.0
5781,0.0
5782,0.0
5783,0.0
5784,0.0
5785,0.0
5786,0.0
5787,0.0
5788,0.0
5789,0.0
5790,0.01228
5791,0.052219999999999996
5792,0.1065
5793,0.07884999999999999
5794,0.06392
5795,0.11752
5796,0.10901000000000001
5797,0.14017
5798,0.21171
5799,0.16213999999999998
5800,0.07264
5801,0.02442
5802,0.0
5803,0.0
5804,0.0
5805,0.0
5806,0.0
5807,0.0
5808,0.0
5809,0.0
5810,0.0
5811,0.0
5812,0.0
5813,0.0
5814,0.00437
5815,0.03483
5816,0.07536
5817,0.1125
5818,0.17808000000000002
5819,0.17722
5820,0.11744
5821,0.12428
5822,0.12137
5823,0.08431
5824,0.05217
5825,0.01214
5826,0.0
5827,0.0
5828,0.0
5829,0.0
5830,0.0
5831,0.0
5832,0.0
5833,0.0
5834,0.0
5835,0.0
5836,0.0
5837,0.0
5838,0.00869
5839,0.0456
5840,0.07275
5841,0.10934999999999999
5842,0.11054
5843,0.13081
5844,0.12701
5845,0.13605
5846,0.12448999999999999
5847,0.10742
5848,0.0505
5849,0.0207
5850,0.0
5851,0.0
5852,0.0
5853,0.0
5854,0.0
5855,0.0
5856,0.0
5857,0.0
5858,0.0
5859,0.0
5860,0.0
5861,0.0
5862,0.01109
5863,0.05757
5864,0.09469
5865,0.10998000000000001
5866,0.14574
5867,0.2094
5868,0.16785
5869,0.15397999999999998
5870,0.14827
5871,0.08486
5872,0.049530000000000005
5873,0.01731
5874,0.0
5875,0.0
5876,0.0
5877,0.0
5878,0.0
5879,0.0
5880,0.0
5881,0.0
5882,0.0
5883,0.0
5884,0.0
5885,0.0
5886,0.01525
5887,0.05281
5888,0.0843
5889,0.09903
5890,0.09858
5891,0.09038
5892,0.0911
5893,0.10622
5894,0.09287000000000001
5895,0.09354000000000001
5896,0.07456
5897,0.02505
5898,0.0
5899,0.0
5900,0.0
5901,0.0
5902,0.0
5903,0.0
5904,0.0
5905,0.0
5906,0.0
5907,0.0
5908,0.0
5909,0.0
5910,0.01786
5911,0.07095
5912,0.08806
5913,0.09082
5914,0.12878
5915,0.16809000000000002
5916,0.22318000000000002
5917,0.1705
5918,0.13661
5919,0.11355
5920,0.10495
5921,0.03123
5922,0.0
5923,0.0
5924,0.0
5925,0.0
5926,0.0
5927,0.0
5928,0.0
5929,0.0
5930,0.0
5931,0.0
5932,0.0
5933,0.0
5934,0.013730000000000001
5935,0.07322
5936,0.09631999999999999
5937,0.12217
5938,0.18218
5939,0.23566
5940,0.22504
5941,0.14302
5942,0.11659
5943,0.09553
5944,0.07203
5945,0.022600000000000002
5946,0.0
5947,0.0
5948,0.0
5949,0.0
5950,0.0
5951,0.0
5952,0.0
5953,0.0
5954,0.0
5955,0.0
5956,0.0
5957,0.0
5958,0.00984
5959,0.05736
5960,0.10342
5961,0.11420999999999999
5962,0.14236000000000001
5963,0.21143
5964,0.20549
5965,0.16201
5966,0.19311
5967,0.11799
5968,0.08275
5969,0.02438
5970,0.0
5971,0.0
5972,0.0
5973,0.0
5974,0.0
5975,0.0
5976,0.0
5977,0.0
5978,0.0
5979,0.0
5980,0.0
5981,0.0
5982,0.009300000000000001
5983,0.060200000000000004
5984,0.08583
5985,0.09162000000000001
5986,0.10864
5987,0.20236
5988,0.18891999999999998
5989,0.14604
5990,0.16527
5991,0.14795
5992,0.07895
5993,0.02534
5994,0.0
5995,0.0
5996,0.0
5997,0.0
5998,0.0
5999,0.0
6000,0.0
6001,0.0
6002,0.0
6003,0.0
6004,0.0
6005,0.0
6006,0.0143
6007,0.07644
6008,0.09725
6009,0.13841
6010,0.22454
6011,0.20837
6012,0.21399
6013,0.14876
6014,0.13094
6015,0.09071
6016,0.05604
6017,0.02029
6018,0.0
6019,0.0
6020,0.0
6021,0.0
6022,0.0
6023,0.0
6024,0.0
6025,0.0
6026,0.0
6027,0.0
6028,0.0
6029,0.0
6030,0.008400000000000001
6031,0.041960000000000004
6032,0.08647
6033,0.12612
6034,0.12392
6035,0.14493999999999999
6036,0.23034000000000002
6037,0.22733
6038,0.20198
6039,0.13478
6040,0.04061
6041,0.01056
6042,0.0
6043,0.0
6044,0.0
6045,0.0
6046,0.0
6047,0.0
6048,0.0
6049,0.0
6050,0.0
6051,0.0
6052,0.0
6053,0.0
6054,0.0105
6055,0.06286
6056,0.07364
6057,0.09003
6058,0.10422
6059,0.14515999999999998
6060,0.20374
6061,0.14069
6062,0.13305
6063,0.0915
6064,0.03714
6065,0.01737
6066,0.0
6067,0.0
6068,0.0
6069,0.0
6070,0.0
6071,0.0
6072,0.0
6073,0.0
6074,0.0
6075,0.0
6076,0.0
6077,0.0
6078,0.01286
6079,0.054119999999999994
6080,0.08645
6081,0.11867
6082,0.10792
6083,0.09793
6084,0.10604999999999999
6085,0.11223999999999999
6086,0.10076
6087,0.06383
6088,0.056159999999999995
6089,0.01503
6090,0.0
6091,0.0
6092,0.0
6093,0.0
6094,0.0
6095,0.0
6096,0.0
6097,0.0
6098,0.0
6099,0.0
6100,0.0
6101,0.0
6102,0.011869999999999999
6103,0.05831
6104,0.06656999999999999
6105,0.07656
6106,0.09090000000000001
6107,0.08011
6108,0.10008
6109,0.08078
6110,0.06670999999999999
6111,0.061520000000000005
6112,0.04144
6113,0.012039999999999999
6114,0.0
6115,0.0
6116,0.0
6117,0.0
6118,0.0
6119,0.0
6120,0.0
6121,0.0
6122,0.0
6123,0.0
6124,0.0
6125,0.0
6126,0.012060000000000001
6127,0.05774
6128,0.10157
6129,0.14028
6130,0.15588999999999997
6131,0.15688999999999997
6132,0.11603
6133,0.16215000000000002
6134,0.17921
6135,0.12589
6136,0.07406
6137,0.01825
6138,0.0
6139,0.0
6140,0.0
6141,0.0
6142,0.0
6143,0.0
6144,0.0
6145,0.0
6146,0.0
6147,0.0
6148,0.0
6149,0.0
6150,0.01149
6151,0.07569
6152,0.10265
6153,0.14107
6154,0.16702
6155,0.15563999999999997
6156,0.15828
6157,0.22856
6158,0.13674
6159,0.10918000000000001
6160,0.04571
6161,0.00666
6162,0.0
6163,0.0
6164,0.0
6165,0.0
6166,0.0
6167,0.0
6168,0.0
6169,0.0
6170,0.0
6171,0.0
6172,0.0
6173,0.0
6174,0.00434
6175,0.02307
6176,0.06373
6177,0.08258
6178,0.119
6179,0.13811
6180,0.16779
6181,0.08857
6182,0.07005
6183,0.05619
6184,0.032479999999999995
6185,0.00584
6186,0.0
6187,0.0
6188,0.0
6189,0.0
6190,0.0
6191,0.0
6192,0.0
6193,0.0
6194,0.0
6195,0.0
6196,0.0
6197,0.0
6198,0.01451
6199,0.06089
6200,0.12064
6201,0.1374
6202,0.16799
6203,0.15
6204,0.15225999999999998
6205,0.14842
6206,0.05342
6207,0.04643
6208,0.03438
6209,0.00931
6210,0.0
6211,0.0
6212,0.0
6213,0.0
6214,0.0
6215,0.0
6216,0.0
6217,0.0
6218,0.0
6219,0.0
6220,0.0
6221,0.0
6222,0.00842
6223,0.06573000000000001
6224,0.1293
6225,0.12185
6226,0.12654
6227,0.11169
6228,0.09728
6229,0.22085
6230,0.20715
6231,0.16969
6232,0.10416
6233,0.02196
6234,0.0
6235,0.0
6236,0.0
6237,0.0
6238,0.0
6239,0.0
6240,0.0
6241,0.0
6242,0.0
6243,0.0
6244,0.0
6245,0.0
6246,0.016079999999999997
6247,0.06854
6248,0.08599
6249,0.07368999999999999
6250,0.11068
6251,0.10312
6252,0.15628
6253,0.16158
6254,0.15913999999999998
6255,0.13357
6256,0.07476000000000001
6257,0.01911
6258,0.0
6259,0.0
6260,0.0
6261,0.0
6262,0.0
6263,0.0
6264,0.0
6265,0.0
6266,0.0
6267,0.0
6268,0.0
6269,0.0
6270,0.01783
6271,0.08299
6272,0.17031
6273,0.24578999999999998
6274,0.24293
6275,0.27992
6276,0.25717
6277,0.24391
6278,0.13843
6279,0.12593000000000001
6280,0.10088
6281,0.0265
6282,0.0
6283,0.0
6284,0.0
6285,0.0
6286,0.0
6287,0.0
6288,0.0
6289,0.0
6290,0.0
6291,0.0
6292,0.0
6293,0.0
6294,0.01695
6295,0.05442
6296,0.08816
6297,0.09772
6298,0.07903
6299,0.10025
6300,0.14186
6301,0.13041
6302,0.1029
6303,0.10476
6304,0.04654
6305,0.015529999999999999
6306,0.0
6307,0.0
6308,0.0
6309,0.0
6310,0.0
6311,0.0
6312,0.0
6313,0.0
6314,0.0
6315,0.0
6316,0.0
6317,0.0
6318,0.016399999999999998
6319,0.06655
6320,0.07271999999999999
6321,0.09417
6322,0.12977
6323,0.12782
6324,0.12825999999999999
6325,0.13281
6326,0.14797
6327,0.09112
6328,0.05099
6329,0.01165
6330,0.0
6331,0.0
6332,0.0
6333,0.0
6334,0.0
6335,0.0
6336,0.0
6337,0.0
6338,0.0
6339,0.0
6340,0.0
6341,0.0
6342,0.00588
6343,0.04115
6344,0.11145000000000001
6345,0.22484
6346,0.23833000000000001
6347,0.24985
6348,0.27297000000000005
6349,0.18317
6350,0.10581
6351,0.08733
6352,0.03365
6353,0.00266
6354,0.0
6355,0.0
6356,0.0
6357,0.0
6358,0.0
6359,0.0
6360,0.0
6361,0.0
6362,0.0
6363,0.0
6364,0.0
6365,0.0
6366,0.02126
6367,0.08987
6368,0.12282
6369,0.17242
6370,0.21628999999999998
6371,0.19759000000000002
6372,0.22948
6373,0.26297000000000004
6374,0.19755
6375,0.15336000000000002
6376,0.09218000000000001
6377,0.02171
6378,0.0
6379,0.0
6380,0.0
6381,0.0
6382,0.0
6383,0.0
6384,0.0
6385,0.0
6386,0.0
6387,0.0
6388,0.0
6389,0.0
6390,0.015470000000000001
6391,0.057030000000000004
6392,0.08056999999999999
6393,0.06884
6394,0.09219
6395,0.08932
6396,0.11277
6397,0.09315999999999999
6398,0.08663
6399,0.0984
6400,0.05397
6401,0.00729
6402,0.0
6403,0.0
6404,0.0
6405,0.0
6406,0.0
6407,0.0
6408,0.0
6409,0.0
6410,0.0
6411,0.0
6412,0.0
6413,0.0
6414,0.011470000000000001
6415,0.03515
6416,0.064
6417,0.10534
6418,0.11363
6419,0.10092
6420,0.11754
6421,0.16121000000000002
6422,0.19355
6423,0.13466999999999998
6424,0.07759999999999999
6425,0.01719
6426,0.0
6427,0.0
6428,0.0
6429,0.0
6430,0.0
6431,0.0
6432,0.0
6433,0.0
6434,0.0
6435,0.0
6436,0.0
6437,0.0
6438,0.01011
6439,0.05167
6440,0.11671
6441,0.11957999999999999
6442,0.13062
6443,0.17529
6444,0.21975999999999998
6445,0.19047999999999998
6446,0.14953999999999998
6447,0.11448
6448,0.06078
6449,0.01367
6450,0.0
6451,0.0
6452,0.0
6453,0.0
6454,0.0
6455,0.0
6456,0.0
6457,0.0
6458,0.0
6459,0.0
6460,0.0
6461,0.0
6462,0.02158
6463,0.05614
6464,0.08513
6465,0.07241
6466,0.08359
6467,0.08417
6468,0.09226999999999999
6469,0.10149
6470,0.07769
6471,0.06648
6472,0.04435
6473,0.01411
6474,0.0
6475,0.0
6476,0.0
6477,0.0
6478,0.0
6479,0.0
6480,0.0
6481,0.0
6482,0.0
6483,0.0
6484,0.0
6485,0.0
6486,0.01685
6487,0.06007
6488,0.06559000000000001
6489,0.07001
6490,0.07329000000000001
6491,0.08301
6492,0.11084999999999999
6493,0.11727
6494,0.08769
6495,0.06745
6496,0.04002
6497,0.010289999999999999
6498,0.0
6499,0.0
6500,0.0
6501,0.0
6502,0.0
6503,0.0
6504,0.0
6505,0.0
6506,0.0
6507,0.0
6508,0.0
6509,0.0
6510,0.021920000000000002
6511,0.07161
6512,0.1323
6513,0.11401
6514,0.15869
6515,0.23623
6516,0.23482
6517,0.09738
6518,0.10615999999999999
6519,0.08839
6520,0.06359000000000001
6521,0.01419
6522,0.0
6523,0.0
6524,0.0
6525,0.0
6526,0.0
6527,0.0
6528,0.0
6529,0.0
6530,0.0
6531,0.0
6532,0.0
6533,0.0
6534,0.024489999999999998
6535,0.11425
6536,0.16741
6537,0.19527
6538,0.25182
6539,0.29627
6540,0.31454000000000004
6541,0.10139
6542,0.09951
6543,0.0633
6544,0.04839
6545,0.01018
6546,0.0
6547,0.0
6548,0.0
6549,0.0
6550,0.0
6551,0.0
6552,0.0
6553,0.0
6554,0.0
6555,0.0
6556,0.0
6557,0.0
6558,0.027440000000000003
6559,0.09501000000000001
6560,0.11895
6561,0.16237000000000001
6562,0.24628999999999998
6563,0.29201
6564,0.31651999999999997
6565,0.24502000000000002
6566,0.20675
6567,0.12006
6568,0.08064
6569,0.00993
6570,0.0
6571,0.0
6572,0.0
6573,0.0
6574,0.0
6575,0.0
6576,0.0
6577,0.0
6578,0.0
6579,0.0
6580,0.0
6581,0.0
6582,0.01461
6583,0.05172
6584,0.09029000000000001
6585,0.11229
6586,0.12813999999999998
6587,0.10496
6588,0.07578
6589,0.07162
6590,0.10034
6591,0.08364
6592,0.05374
6593,0.01043
6594,0.0
6595,0.0
6596,0.0
6597,0.0
6598,0.0
6599,0.0
6600,0.0
6601,0.0
6602,0.0
6603,0.0
6604,0.0
6605,0.0
6606,0.023170000000000003
6607,0.05967
6608,0.06431
6609,0.11311
6610,0.08458
6611,0.0855
6612,0.09874
6613,0.23828
6614,0.23666
6615,0.11906
6616,0.07848000000000001
6617,0.016980000000000002
6618,0.0
6619,0.0
6620,0.0
6621,0.0
6622,0.0
6623,0.0
6624,0.0
6625,0.0
6626,0.0
6627,0.0
6628,0.0
6629,0.0
6630,0.01723
6631,0.0726
6632,0.07937000000000001
6633,0.07636
6634,0.11137999999999999
6635,0.07612000000000001
6636,0.12884
6637,0.09498999999999999
6638,0.11145000000000001
6639,0.10119
6640,0.08492
6641,0.01233
6642,0.0
6643,0.0
6644,0.0
6645,0.0
6646,0.0
6647,0.0
6648,0.0
6649,0.0
6650,0.0
6651,0.0
6652,0.0
6653,0.0
6654,0.024239999999999998
6655,0.08297
6656,0.09908
6657,0.20172
6658,0.09398000000000001
6659,0.12188
6660,0.19701
6661,0.15028
6662,0.17011
6663,0.07959000000000001
6664,0.07248
6665,0.01022
6666,0.0
6667,0.0
6668,0.0
6669,0.0
6670,0.0
6671,0.0
6672,0.0
6673,0.0
6674,0.0
6675,0.0
6676,0.0
6677,0.0
6678,0.02135
6679,0.07762999999999999
6680,0.12765
6681,0.13256
6682,0.22141999999999998
6683,0.19438999999999998
6684,0.21650999999999998
6685,0.21783000000000002
6686,0.17076
6687,0.08352
6688,0.06615
6689,0.01102
6690,0.0
6691,0.0
6692,0.0
6693,0.0
6694,0.0
6695,0.0
6696,0.0
6697,0.0
6698,0.0
6699,0.0
6700,0.0
6701,0.0
6702,0.00141
6703,0.02169
6704,0.03678
6705,0.06963
6706,0.11768
6707,0.13369999999999999
6708,0.15197999999999998
6709,0.18436000000000002
6710,0.10779000000000001
6711,0.09178
6712,0.07398
6713,0.01166
6714,0.0
6715,0.0
6716,0.0
6717,0.0
6718,0.0
6719,0.0
6720,0.0
6721,0.0
6722,0.0
6723,0.0
6724,0.0
6725,0.0
6726,0.019960000000000002
6727,0.08395
6728,0.09201000000000001
6729,0.12944999999999998
6730,0.16668
6731,0.19558
6732,0.1961
6733,0.16553
6734,0.11459
6735,0.09631
6736,0.055869999999999996
6737,0.01081
6738,0.0
6739,0.0
6740,0.0
6741,0.0
6742,0.0
6743,0.0
6744,0.0
6745,0.0
6746,0.0
6747,0.0
6748,0.0
6749,0.0
6750,0.01986
6751,0.04305
6752,0.06819
6753,0.07683
6754,0.11601
6755,0.07668000000000001
6756,0.11484
6757,0.07490000000000001
6758,0.07734
6759,0.061130000000000004
6760,0.05582
6761,0.00934
6762,0.0
6763,0.0
6764,0.0
6765,0.0
6766,0.0
6767,0.0
6768,0.0
6769,0.0
6770,0.0
6771,0.0
6772,0.0
6773,0.0
6774,0.02145
6775,0.05074
6776,0.08170000000000001
6777,0.13534000000000002
6778,0.1403
6779,0.09117
6780,0.10671
6781,0.14631
6782,0.11515
6783,0.11288
6784,0.08026000000000001
6785,0.013980000000000001
6786,0.0
6787,0.0
6788,0.0
6789,0.0
6790,0.0
6791,0.0
6792,0.0
6793,0.0
6794,0.0
6795,0.0
6796,0.0
6797,0.0
6798,0.02143
6799,0.05804
6800,0.06356
6801,0.06741
6802,0.11114
6803,0.22625
6804,0.17802
6805,0.14575
6806,0.19172
6807,0.15366
6808,0.07929
6809,0.01234
6810,0.0
6811,0.0
6812,0.0
6813,0.0
6814,0.0
6815,0.0
6816,0.0
6817,0.0
6818,0.0
6819,0.0
6820,0.0
6821,0.0
6822,0.02082
6823,0.07429000000000001
6824,0.17034
6825,0.25503
6826,0.30851
6827,0.28457
6828,0.32599
6829,0.20034
6830,0.15278
6831,0.15023
6832,0.08128
6833,0.01472
6834,0.0
6835,0.0
6836,0.0
6837,0.0
6838,0.0
6839,0.0
6840,0.0
6841,0.0
6842,0.0
6843,0.0
6844,0.0
6845,0.0
6846,0.01393
6847,0.08324
6848,0.1267
6849,0.1719
6850,0.22009
6851,0.28032999999999997
6852,0.28143
6853,0.23857
6854,0.19396000000000002
6855,0.16453
6856,0.07544
6857,0.00992
6858,0.0
6859,0.0
6860,0.0
6861,0.0
6862,0.0
6863,0.0
6864,0.0
6865,0.0
6866,0.0
6867,0.0
6868,0.0
6869,0.0
6870,0.00624
6871,0.06199
6872,0.11864
6873,0.11220000000000001
6874,0.15059
6875,0.20739
6876,0.28631
6877,0.29849000000000003
6878,0.18630000000000002
6879,0.17508
6880,0.08902
6881,0.0144
6882,0.0
6883,0.0
6884,0.0
6885,0.0
6886,0.0
6887,0.0
6888,0.0
6889,0.0
6890,0.0
6891,0.0
6892,0.0
6893,0.0
6894,0.02314
6895,0.061770000000000005
6896,0.10862000000000001
6897,0.13991
6898,0.1396
6899,0.17184
6900,0.1446
6901,0.18031999999999998
6902,0.16313999999999998
6903,0.13616
6904,0.07561
6905,0.01587
6906,0.0
6907,0.0
6908,0.0
6909,0.0
6910,0.0
6911,0.0
6912,0.0
6913,0.0
6914,0.0
6915,0.0
6916,0.0
6917,0.0
6918,0.01599
6919,0.05863
6920,0.09132
6921,0.14984999999999998
6922,0.2094
6923,0.17972
6924,0.19319999999999998
6925,0.16697
6926,0.17962999999999998
6927,0.12393000000000001
6928,0.06866
6929,0.01214
6930,0.0
6931,0.0
6932,0.0
6933,0.0
6934,0.0
6935,0.0
6936,0.0
6937,0.0
6938,0.0
6939,0.0
6940,0.0
6941,0.0
6942,0.03033
6943,0.08732
6944,0.09187999999999999
6945,0.13744
6946,0.11314
6947,0.18766999999999998
6948,0.13258
6949,0.10565999999999999
6950,0.11509
6951,0.09062
6952,0.07221999999999999
6953,0.01409
6954,0.0
6955,0.0
6956,0.0
6957,0.0
6958,0.0
6959,0.0
6960,0.0
6961,0.0
6962,0.0
6963,0.0
6964,0.0
6965,0.0
6966,0.0213
6967,0.05902
6968,0.10651000000000001
6969,0.10735
6970,0.13306
6971,0.12118000000000001
6972,0.13291999999999998
6973,0.12092
6974,0.11559
6975,0.08
6976,0.06854
6977,0.009869999999999999
6978,0.0
6979,0.0
6980,0.0
6981,0.0
6982,0.0
6983,0.0
6984,0.0
6985,0.0
6986,0.0
6987,0.0
6988,0.0
6989,0.0
6990,0.02479
6991,0.09112
6992,0.12462999999999999
6993,0.1205
6994,0.16409
6995,0.14905000000000002
6996,0.154
6997,0.13731000000000002
6998,0.09870999999999999
6999,0.09695999999999999
7000,0.053509999999999995
7001,0.00752
7002,0.0
7003,0.0
7004,0.0
7005,0.0
7006,0.0
7007,0.0
7008,0.0
7009,0.0
7010,0.0
7011,0.0
7012,0.0
7013,0.0
7014,0.01804
7015,0.0724
7016,0.09337000000000001
7017,0.15880000000000002
7018,0.12781
7019,0.11602
7020,0.0993
7021,0.12461
7022,0.12390000000000001
7023,0.08877
7024,0.04388
7025,0.00618
7026,0.0
7027,0.0
7028,0.0
7029,0.0
7030,0.0
7031,0.0
7032,0.0
7033,0.0
7034,0.0
7035,0.0
7036,0.0
7037,0.0
7038,0.020079999999999997
7039,0.04690999999999999
7040,0.06365
7041,0.08499
7042,0.1257
7043,0.09749
7044,0.08529
7045,0.09508
7046,0.07376
7047,0.06356
7048,0.03546
7049,0.005849999999999999
7050,0.0
7051,0.0
7052,0.0
7053,0.0
7054,0.0
7055,0.0
7056,0.0
7057,0.0
7058,0.0
7059,0.0
7060,0.0
7061,0.0
7062,0.01986
7063,0.054939999999999996
7064,0.10063
7065,0.14611000000000002
7066,0.10867
7067,0.13224
7068,0.08914
7069,0.07254000000000001
7070,0.09704
7071,0.07418000000000001
7072,0.04291
7073,0.00674
7074,0.0
7075,0.0
7076,0.0
7077,0.0
7078,0.0
7079,0.0
7080,0.0
7081,0.0
7082,0.0
7083,0.0
7084,0.0
7085,0.0
7086,0.014539999999999999
7087,0.055920000000000004
7088,0.08583
7089,0.10558
7090,0.11064
7091,0.132
7092,0.1039
7093,0.0783
7094,0.09093000000000001
7095,0.06767000000000001
7096,0.04197
7097,0.00714
7098,0.0
7099,0.0
7100,0.0
7101,0.0
7102,0.0
7103,0.0
7104,0.0
7105,0.0
7106,0.0
7107,0.0
7108,0.0
7109,0.0
7110,0.018699999999999998
7111,0.05929
7112,0.06812
7113,0.06609999999999999
7114,0.08084999999999999
7115,0.11231999999999999
7116,0.09817000000000001
7117,0.09469
7118,0.08657
7119,0.06672
7120,0.0419
7121,0.00692
7122,0.0
7123,0.0
7124,0.0
7125,0.0
7126,0.0
7127,0.0
7128,0.0
7129,0.0
7130,0.0
7131,0.0
7132,0.0
7133,0.0
7134,0.019719999999999998
7135,0.05143
7136,0.08025
7137,0.1115
7138,0.1198
7139,0.18467
7140,0.12846000000000002
7141,0.16608
7142,0.1042
7143,0.09272
7144,0.046740000000000004
7145,0.009470000000000001
7146,0.0
7147,0.0
7148,0.0
7149,0.0
7150,0.0
7151,0.0
7152,0.0
7153,0.0
7154,0.0
7155,0.0
7156,0.0
7157,0.0
7158,0.02336
7159,0.06125
7160,0.0663
7161,0.1155
7162,0.07879000000000001
7163,0.09883
7164,0.14471
7165,0.12711
7166,0.06896
7167,0.06433
7168,0.03358
7169,0.006019999999999999
7170,0.0
7171,0.0
7172,0.0
7173,0.0
7174,0.0
7175,0.0
7176,0.0
7177,0.0
7178,0.0
7179,0.0
7180,0.0
7181,0.0
7182,0.020399999999999998
7183,0.06017
7184,0.10804000000000001
7185,0.11554
7186,0.14405
7187,0.16465000000000002
7188,0.20397
7189,0.14468999999999999
7190,0.10654000000000001
7191,0.08351
7192,0.04374
7193,0.00779
7194,0.0
7195,0.0
7196,0.0
7197,0.0
7198,0.0
7199,0.0
7200,0.0
7201,0.0
7202,0.0
7203,0.0
7204,0.0
7205,0.0
7206,0.00905
7207,0.08509
7208,0.11616
7209,0.17484
7210,0.21502000000000002
7211,0.21030000000000001
7212,0.25506
7213,0.13544
7214,0.11653
7215,0.08119
7216,0.03429
7217,0.00542
7218,0.0
7219,0.0
7220,0.0
7221,0.0
7222,0.0
7223,0.0
7224,0.0
7225,0.0
7226,0.0
7227,0.0
7228,0.0
7229,0.0
7230,0.0229
7231,0.076
7232,0.0762
7233,0.0933
7234,0.11154
7235,0.15034999999999998
7236,0.21447
7237,0.16719
7238,0.12990000000000002
7239,0.09743
7240,0.056850000000000005
7241,0.00553
7242,0.0
7243,0.0
7244,0.0
7245,0.0
7246,0.0
7247,0.0
7248,0.0
7249,0.0
7250,0.0
7251,0.0
7252,0.0
7253,0.0
7254,0.0188
7255,0.046810000000000004
7256,0.062270000000000006
7257,0.0735
7258,0.08648
7259,0.08527
7260,0.13337000000000002
7261,0.08228
7262,0.09278
7263,0.07773999999999999
7264,0.045520000000000005
7265,0.00675
7266,0.0
7267,0.0
7268,0.0
7269,0.0
7270,0.0
7271,0.0
7272,0.0
7273,0.0
7274,0.0
7275,0.0
7276,0.0
7277,0.0
7278,0.02063
7279,0.08395999999999999
7280,0.13959
7281,0.2199
7282,0.25414
7283,0.29275
7284,0.22138
7285,0.13178
7286,0.09326999999999999
7287,0.09616
7288,0.040979999999999996
7289,0.00717
7290,0.0
7291,0.0
7292,0.0
7293,0.0
7294,0.0
7295,0.0
7296,0.0
7297,0.0
7298,0.0
7299,0.0
7300,0.0
7301,0.0
7302,0.02373
7303,0.05902
7304,0.0869
7305,0.21003
7306,0.23871
7307,0.30801
7308,0.23333
7309,0.2089
7310,0.14823
7311,0.15421
7312,0.09334
7313,0.01166
7314,0.0
7315,0.0
7316,0.0
7317,0.0
7318,0.0
7319,0.0
7320,0.0
7321,0.0
7322,0.0
7323,0.0
7324,0.0
7325,0.0
7326,0.02618
7327,0.09108
7328,0.14531
7329,0.1455
7330,0.2099
7331,0.2612
7332,0.28328
7333,0.17955000000000002
7334,0.18416
7335,0.11855
7336,0.04353
7337,0.01069
7338,0.0
7339,0.0
7340,0.0
7341,0.0
7342,0.0
7343,0.0
7344,0.0
7345,0.0
7346,0.0
7347,0.0
7348,0.0
7349,0.0
7350,0.015619999999999998
7351,0.07122
7352,0.09756000000000001
7353,0.12364
7354,0.23814
7355,0.23523
7356,0.17561000000000002
7357,0.16255
7358,0.19294999999999998
7359,0.14865
7360,0.06512000000000001
7361,0.01007
7362,0.0
7363,0.0
7364,0.0
7365,0.0
7366,0.0
7367,0.0
7368,0.0
7369,0.0
7370,0.0
7371,0.0
7372,0.0
7373,0.0
7374,0.01246
7375,0.07384
7376,0.14076
7377,0.21391
7378,0.24612
7379,0.26363
7380,0.16686
7381,0.23008
7382,0.21625999999999998
7383,0.14306
7384,0.06828000000000001
7385,0.00714
7386,0.0
7387,0.0
7388,0.0
7389,0.0
7390,0.0
7391,0.0
7392,0.0
7393,0.0
7394,0.0
7395,0.0
7396,0.0
7397,0.0
7398,0.01941
7399,0.055450000000000006
7400,0.08528
7401,0.10003000000000001
7402,0.13817
7403,0.10735
7404,0.11181999999999999
7405,0.06638
7406,0.07334
7407,0.053759999999999995
7408,0.048310000000000006
7409,0.006679999999999999
7410,0.0
7411,0.0
7412,0.0
7413,0.0
7414,0.0
7415,0.0
7416,0.0
7417,0.0
7418,0.0
7419,0.0
7420,0.0
7421,0.0
7422,0.01702
7423,0.0399
7424,0.053090000000000005
7425,0.06946
7426,0.07468999999999999
7427,0.07723000000000001
7428,0.10395
7429,0.06601
7430,0.067
7431,0.06813
7432,0.04636
7433,0.00587
7434,0.0
7435,0.0
7436,0.0
7437,0.0
7438,0.0
7439,0.0
7440,0.0
7441,0.0
7442,0.0
7443,0.0
7444,0.0
7445,0.0
7446,0.03311
7447,0.06996
7448,0.09393000000000001
7449,0.17808000000000002
7450,0.12548
7451,0.14024
7452,0.19652
7453,0.10707
7454,0.12617
7455,0.13818
7456,0.07959999999999999
7457,0.01021
7458,0.0
7459,0.0
7460,0.0
7461,0.0
7462,0.0
7463,0.0
7464,0.0
7465,0.0
7466,0.0
7467,0.0
7468,0.0
7469,0.0
7470,0.03321
7471,0.06831
7472,0.11275
7473,0.10181
7474,0.13291999999999998
7475,0.13896
7476,0.14661000000000002
7477,0.20046
7478,0.14696
7479,0.15069
7480,0.09502
7481,0.009349999999999999
7482,0.0
7483,0.0
7484,0.0
7485,0.0
7486,0.0
7487,0.0
7488,0.0
7489,0.0
7490,0.0
7491,0.0
7492,0.0
7493,0.0
7494,0.0162
7495,0.06173
7496,0.08153
7497,0.11363
7498,0.15591
7499,0.22211
7500,0.18181
7501,0.0846
7502,0.08398
7503,0.07179
7504,0.05163
7505,0.00719
7506,0.0
7507,0.0
7508,0.0
7509,0.0
7510,0.0
7511,0.0
7512,0.0
7513,0.0
7514,0.0
7515,0.0
7516,0.0
7517,0.0
7518,0.024390000000000002
7519,0.05949
7520,0.0842
7521,0.10152
7522,0.14837999999999998
7523,0.16321000000000002
7524,0.1559
7525,0.18883000000000003
7526,0.16698
7527,0.08245000000000001
7528,0.0636
7529,0.013560000000000001
7530,0.0
7531,0.0
7532,0.0
7533,0.0
7534,0.0
7535,0.0
7536,0.0
7537,0.0
7538,0.0
7539,0.0
7540,0.0
7541,0.0
7542,0.020210000000000002
7543,0.056100000000000004
7544,0.07167
7545,0.07945
7546,0.09720000000000001
7547,0.12568000000000001
7548,0.16097
7549,0.12682
7550,0.12969999999999998
7551,0.08077
7552,0.05292
7553,0.011689999999999999
7554,0.0
7555,0.0
7556,0.0
7557,0.0
7558,0.0
7559,0.0
7560,0.0
7561,0.0
7562,0.0
7563,0.0
7564,0.0
7565,0.0
7566,0.01722
7567,0.05001
7568,0.06987
7569,0.08709
7570,0.1031
7571,0.09826
7572,0.13858
7573,0.10134
7574,0.10493999999999999
7575,0.0835
7576,0.0499
7577,0.009089999999999999
7578,0.0
7579,0.0
7580,0.0
7581,0.0
7582,0.0
7583,0.0
7584,0.0
7585,0.0
7586,0.0
7587,0.0
7588,0.0
7589,0.0
7590,0.01495
7591,0.08277
7592,0.13427
7593,0.17761000000000002
7594,0.12719
7595,0.20081
7596,0.22713
7597,0.16912
7598,0.1055
7599,0.07226
7600,0.06947
7601,0.009
7602,0.0
7603,0.0
7604,0.0
7605,0.0
7606,0.0
7607,0.0
7608,0.0
7609,0.0
7610,0.0
7611,0.0
7612,0.0
7613,0.0
7614,0.01074
7615,0.048780000000000004
7616,0.13369
7617,0.22563999999999998
7618,0.23738
7619,0.28011
7620,0.29218
7621,0.2011
7622,0.14418
7623,0.12840000000000001
7624,0.06588
7625,0.00717
7626,0.0
7627,0.0
7628,0.0
7629,0.0
7630,0.0
7631,0.0
7632,0.0
7633,0.0
7634,0.0
7635,0.0
7636,0.0
7637,0.0
7638,0.01083
7639,0.02877
7640,0.07539
7641,0.11374
7642,0.09406
7643,0.12283
7644,0.11916
7645,0.12694
7646,0.09702
7647,0.12386
7648,0.0567
7649,0.00782
7650,0.0
7651,0.0
7652,0.0
7653,0.0
7654,0.0
7655,0.0
7656,0.0
7657,0.0
7658,0.0
7659,0.0
7660,0.0
7661,0.0
7662,0.01184
7663,0.05849
7664,0.13623
7665,0.21441
7666,0.21338
7667,0.18962
7668,0.21774000000000002
7669,0.20021
7670,0.09888
7671,0.10422
7672,0.040060000000000005
7673,0.0085
7674,0.0
7675,0.0
7676,0.0
7677,0.0
7678,0.0
7679,0.0
7680,0.0
7681,0.0
7682,0.0
7683,0.0
7684,0.0
7685,0.0
7686,0.01701
7687,0.051840000000000004
7688,0.10281
7689,0.11808
7690,0.15147
7691,0.18169
7692,0.18239
7693,0.12383
7694,0.08848
7695,0.08566
7696,0.040369999999999996
7697,0.01022
7698,0.0
7699,0.0
7700,0.0
7701,0.0
7702,0.0
7703,0.0
7704,0.0
7705,0.0
7706,0.0
7707,0.0
7708,0.0
7709,0.0
7710,0.02159
7711,0.09061
7712,0.1415
7713,0.18147
7714,0.13040000000000002
7715,0.19665000000000002
7716,0.27518
7717,0.24430000000000002
7718,0.17878
7719,0.11789
7720,0.061130000000000004
7721,0.0087
7722,0.0
7723,0.0
7724,0.0
7725,0.0
7726,0.0
7727,0.0
7728,0.0
7729,0.0
7730,0.0
7731,0.0
7732,0.0
7733,0.0
7734,0.0025800000000000003
7735,0.019510000000000003
7736,0.045200000000000004
7737,0.11992
7738,0.18547999999999998
7739,0.15731
7740,0.10773
7741,0.19737000000000002
7742,0.12668000000000001
7743,0.09516
7744,0.07425
7745,0.01002
7746,0.0
7747,0.0
7748,0.0
7749,0.0
7750,0.0
7751,0.0
7752,0.0
7753,0.0
7754,0.0
7755,0.0
7756,0.0
7757,0.0
7758,0.01791
7759,0.06779
7760,0.09967000000000001
7761,0.12922
7762,0.17286
7763,0.17646
7764,0.21888999999999997
7765,0.17737
7766,0.18728
7767,0.12208
7768,0.07584
7769,0.00974
7770,0.0
7771,0.0
7772,0.0
7773,0.0
7774,0.0
7775,0.0
7776,0.0
7777,0.0
7778,0.0
7779,0.0
7780,0.0
7781,0.0
7782,0.01616
7783,0.05214
7784,0.06695000000000001
7785,0.10875
7786,0.09569
7787,0.19809000000000002
7788,0.14767
7789,0.1045
7790,0.07993
7791,0.05627
7792,0.05219
7793,0.00541
7794,0.0
7795,0.0
7796,0.0
7797,0.0
7798,0.0
7799,0.0
7800,0.0
7801,0.0
7802,0.0
7803,0.0
7804,0.0
7805,0.0
7806,0.01273
7807,0.05818
7808,0.10244
7809,0.16752
7810,0.15791
7811,0.18483000000000002
7812,0.19228
7813,0.14457
7814,0.1817
7815,0.1125
7816,0.05552
7817,0.00996
7818,0.0
7819,0.0
7820,0.0
7821,0.0
7822,0.0
7823,0.0
7824,0.0
7825,0.0
7826,0.0
7827,0.0
7828,0.0
7829,0.0
7830,0.02205
7831,0.07915000000000001
7832,0.13404
7833,0.15181
7834,0.13662
7835,0.20025
7836,0.21237
7837,0.19262
7838,0.15722
7839,0.10912000000000001
7840,0.06394
7841,0.01051
7842,0.0
7843,0.0
7844,0.0
7845,0.0
7846,0.0
7847,0.0
7848,0.0
7849,0.0
7850,0.0
7851,0.0
7852,0.0
7853,0.0
7854,0.013810000000000001
7855,0.06715
7856,0.09208
7857,0.15511000000000003
7858,0.10632
7859,0.13124
7860,0.13725
7861,0.18469
7862,0.15199000000000001
7863,0.13394
7864,0.05054
7865,0.01103
7866,0.0
7867,0.0
7868,0.0
7869,0.0
7870,0.0
7871,0.0
7872,0.0
7873,0.0
7874,0.0
7875,0.0
7876,0.0
7877,0.0
7878,0.01771
7879,0.04757
7880,0.07986
7881,0.1077
7882,0.12219
7883,0.10136
7884,0.18349000000000001
7885,0.09318000000000001
7886,0.15322999999999998
7887,0.11593
7888,0.05926
7889,0.0076
7890,0.0
7891,0.0
7892,0.0
7893,0.0
7894,0.0
7895,0.0
7896,0.0
7897,0.0
7898,0.0
7899,0.0
7900,0.0
7901,0.0
7902,0.0189
7903,0.08611
7904,0.15311000000000002
7905,0.18969
7906,0.24317
7907,0.24168
7908,0.22886
7909,0.19296000000000002
7910,0.1407
7911,0.11431999999999999
7912,0.06647
7913,0.00865
7914,0.0
7915,0.0
7916,0.0
7917,0.0
7918,0.0
7919,0.0
7920,0.0
7921,0.0
7922,0.0
7923,0.0
7924,0.0
7925,0.0
7926,0.01472
7927,0.09276999999999999
7928,0.1191
7929,0.14839
7930,0.23679
7931,0.28378
7932,0.27337
7933,0.19634000000000001
7934,0.14436000000000002
7935,0.13865
7936,0.06616
7937,0.01504
7938,0.0
7939,0.0
7940,0.0
7941,0.0
7942,0.0
7943,0.0
7944,0.0
7945,0.0
7946,0.0
7947,0.0
7948,0.0
7949,0.0
7950,0.018690000000000002
7951,0.07781
7952,0.1087
7953,0.13184
7954,0.1616
7955,0.12669
7956,0.17839
7957,0.18799000000000002
7958,0.10668000000000001
7959,0.06941
7960,0.04036
7961,0.01031
7962,0.0
7963,0.0
7964,0.0
7965,0.0
7966,0.0
7967,0.0
7968,0.0
7969,0.0
7970,0.0
7971,0.0
7972,0.0
7973,0.0
7974,0.02102
7975,0.08337
7976,0.09747
7977,0.13087000000000001
7978,0.15735
7979,0.16144
7980,0.18800999999999998
7981,0.18241
7982,0.17636000000000002
7983,0.10042
7984,0.061939999999999995
7985,0.00996
7986,0.0
7987,0.0
7988,0.0
7989,0.0
7990,0.0
7991,0.0
7992,0.0
7993,0.0
7994,0.0
7995,0.0
7996,0.0
7997,0.0
7998,0.02052
7999,0.09326000000000001
8000,0.16679
8001,0.21334
8002,0.08353000000000001
8003,0.15730000000000002
8004,0.15103
8005,0.16337000000000002
8006,0.13005
8007,0.08801
8008,0.08408
8009,0.01268
8010,0.0
8011,0.0
8012,0.0
8013,0.0
8014,0.0
8015,0.0
8016,0.0
8017,0.0
8018,0.0
8019,0.0
8020,0.0
8021,0.0
8022,0.02273
8023,0.060829999999999995
8024,0.086
8025,0.11255
8026,0.19516999999999998
8027,0.29204
8028,0.24053
8029,0.21389
8030,0.20031000000000002
8031,0.12863
8032,0.05528
8033,0.0091
8034,0.0
8035,0.0
8036,0.0
8037,0.0
8038,0.0
8039,0.0
8040,0.0
8041,0.0
8042,0.0
8043,0.0
8044,0.0
8045,0.0
8046,0.0216
8047,0.07870999999999999
8048,0.14368999999999998
8049,0.1776
8050,0.24159
8051,0.21530000000000002
8052,0.24578999999999998
8053,0.23049
8054,0.19707
8055,0.15793000000000001
8056,0.08389
8057,0.013210000000000001
8058,0.0
8059,0.0
8060,0.0
8061,0.0
8062,0.0
8063,0.0
8064,0.0
8065,0.0
8066,0.0
8067,0.0
8068,0.0
8069,0.0
8070,0.01397
8071,0.05043
8072,0.07335
8073,0.09895
8074,0.06708
8075,0.12283
8076,0.12900999999999999
8077,0.06844
8078,0.09258
8079,0.1148
8080,0.04957
8081,0.00962
8082,0.0
8083,0.0
8084,0.0
8085,0.0
8086,0.0
8087,0.0
8088,0.0
8089,0.0
8090,0.0
8091,0.0
8092,0.0
8093,0.0
8094,0.01433
8095,0.047310000000000005
8096,0.07063
8097,0.07787000000000001
8098,0.07640999999999999
8099,0.07515000000000001
8100,0.17016
8101,0.11308
8102,0.13895
8103,0.12808
8104,0.08294
8105,0.01524
8106,0.0
8107,0.0
8108,0.0
8109,0.0
8110,0.0
8111,0.0
8112,0.0
8113,0.0
8114,0.0
8115,0.0
8116,0.0
8117,0.0
8118,0.01027
8119,0.04475
8120,0.09869
8121,0.09558
8122,0.09595999999999999
8123,0.09017
8124,0.16471
8125,0.1438
8126,0.15005000000000002
8127,0.07501000000000001
8128,0.08351
8129,0.01185
8130,0.0
8131,0.0
8132,0.0
8133,0.0
8134,0.0
8135,0.0
8136,0.0
8137,0.0
8138,0.0
8139,0.0
8140,0.0
8141,0.0
8142,0.008960000000000001
8143,0.07496
8144,0.11376
8145,0.13825
8146,0.10765999999999999
8147,0.17234
8148,0.23456
8149,0.13636
8150,0.14615999999999998
8151,0.10855
8152,0.04834
8153,0.01061
8154,0.0
8155,0.0
8156,0.0
8157,0.0
8158,0.0
8159,0.0
8160,0.0
8161,0.0
8162,0.0
8163,0.0
8164,0.0
8165,0.0
8166,0.01465
8167,0.04351
8168,0.0782
8169,0.0864
8170,0.08834
8171,0.08943999999999999
8172,0.11144
8173,0.09806000000000001
8174,0.10239
8175,0.1185
8176,0.04009
8177,0.01017
8178,0.0
8179,0.0
8180,0.0
8181,0.0
8182,0.0
8183,0.0
8184,0.0
8185,0.0
8186,0.0
8187,0.0
8188,0.0
8189,0.0
8190,0.009640000000000001
8191,0.05738
8192,0.07987999999999999
8193,0.08125
8194,0.16873
8195,0.26657
8196,0.20990999999999999
8197,0.17056
8198,0.15255000000000002
8199,0.09318000000000001
8200,0.07645
8201,0.00571
8202,0.0
8203,0.0
8204,0.0
8205,0.0
8206,0.0
8207,0.0
8208,0.0
8209,0.0
8210,0.0
8211,0.0
8212,0.0
8213,0.0
8214,0.0086
8215,0.04261
8216,0.07959999999999999
8217,0.14737999999999998
8218,0.12825999999999999
8219,0.18228
8220,0.09962
8221,0.13361
8222,0.09059
8223,0.08921
8224,0.059840000000000004
8225,0.014119999999999999
8226,0.0
8227,0.0
8228,0.0
8229,0.0
8230,0.0
8231,0.0
8232,0.0
8233,0.0
8234,0.0
8235,0.0
8236,0.0
8237,0.0
8238,0.01035
8239,0.05583
8240,0.07731
8241,0.09311
8242,0.11879
8243,0.14583000000000002
8244,0.10893000000000001
8245,0.08897
8246,0.0773
8247,0.06593
8248,0.03977
8249,0.01025
8250,0.0
8251,0.0
8252,0.0
8253,0.0
8254,0.0
8255,0.0
8256,0.0
8257,0.0
8258,0.0
8259,0.0
8260,0.0
8261,0.0
8262,0.00898
8263,0.05103
8264,0.05157
8265,0.08270000000000001
8266,0.0707
8267,0.09493
8268,0.10161
8269,0.09026
8270,0.11511
8271,0.060840000000000005
8272,0.05539
8273,0.01642
8274,0.0
8275,0.0
8276,0.0
8277,0.0
8278,0.0
8279,0.0
8280,0.0
8281,0.0
8282,0.0
8283,0.0
8284,0.0
8285,0.0
8286,0.005730000000000001
8287,0.06374
8288,0.13047999999999998
8289,0.1272
8290,0.18295
8291,0.09214
8292,0.10675
8293,0.12412000000000001
8294,0.12547
8295,0.11626
8296,0.07347
8297,0.01264
8298,0.0
8299,0.0
8300,0.0
8301,0.0
8302,0.0
8303,0.0
8304,0.0
8305,0.0
8306,0.0
8307,0.0
8308,0.0
8309,0.0
8310,0.0015300000000000001
8311,0.03147
8312,0.10543000000000001
8313,0.17196
8314,0.18693
8315,0.22556
8316,0.24515
8317,0.23940999999999998
8318,0.21711000000000003
8319,0.15046
8320,0.07559
8321,0.01502
8322,0.0
8323,0.0
8324,0.0
8325,0.0
8326,0.0
8327,0.0
8328,0.0
8329,0.0
8330,0.0
8331,0.0
8332,0.0
8333,0.0
8334,0.01045
8335,0.046549999999999994
8336,0.08284
8337,0.14251
8338,0.10045
8339,0.13538
8340,0.16773
8341,0.1712
8342,0.11637
8343,0.10698
8344,0.07017
8345,0.01243
8346,0.0
8347,0.0
8348,0.0
8349,0.0
8350,0.0
8351,0.0
8352,0.0
8353,0.0
8354,0.0
8355,0.0
8356,0.0
8357,0.0
8358,0.00882
8359,0.06817000000000001
8360,0.08579
8361,0.07535
8362,0.12825999999999999
8363,0.20411
8364,0.13992
8365,0.12962
8366,0.18061000000000002
8367,0.1076
8368,0.08412
8369,0.01713
8370,0.0
8371,0.0
8372,0.0
8373,0.0
8374,0.0
8375,0.0
8376,0.0
8377,0.0
8378,0.0
8379,0.0
8380,0.0
8381,0.0
8382,0.01107
8383,0.04856
8384,0.08192
8385,0.08941
8386,0.08237
8387,0.11169
8388,0.13003
8389,0.21012
8390,0.14156
8391,0.15909
8392,0.09139
8393,0.018600000000000002
8394,0.0
8395,0.0
8396,0.0
8397,0.0
8398,0.0
8399,0.0
8400,0.0
8401,0.0
8402,0.0
8403,0.0
8404,0.0
8405,0.0
8406,0.016059999999999998
8407,0.10055
8408,0.1454
8409,0.10618999999999999
8410,0.16233
8411,0.10622
8412,0.1753
8413,0.19949
8414,0.18195
8415,0.15905000000000002
8416,0.07508
8417,0.016370000000000003
8418,0.0
8419,0.0
8420,0.0
8421,0.0
8422,0.0
8423,0.0
8424,0.0
8425,0.0
8426,0.0
8427,0.0
8428,0.0
8429,0.0
8430,0.00898
8431,0.032659999999999995
8432,0.07734999999999999
8433,0.09951
8434,0.10617
8435,0.13607
8436,0.14575
8437,0.08925
8438,0.14326
8439,0.12476999999999999
8440,0.05636
8441,0.0127
8442,0.0
8443,0.0
8444,0.0
8445,0.0
8446,0.0
8447,0.0
8448,0.0
8449,0.0
8450,0.0
8451,0.0
8452,0.0
8453,0.0
8454,0.00383
8455,0.06702
8456,0.09509000000000001
8457,0.16190000000000002
8458,0.13509000000000002
8459,0.22338999999999998
8460,0.12547
8461,0.21261000000000002
8462,0.18708000000000002
8463,0.12262
8464,0.07686
8465,0.012039999999999999
8466,0.0
8467,0.0
8468,0.0
8469,0.0
8470,0.0
8471,0.0
8472,0.0
8473,0.0
8474,0.0
8475,0.0
8476,0.0
8477,0.0
8478,0.0146
8479,0.08779
8480,0.11127
8481,0.17563
8482,0.15363
8483,0.18938
8484,0.17148
8485,0.22755
8486,0.18838
8487,0.13598
8488,0.07554000000000001
8489,0.026879999999999998
8490,0.0
8491,0.0
8492,0.0
8493,0.0
8494,0.0
8495,0.0
8496,0.0
8497,0.0
8498,0.0
8499,0.0
8500,0.0
8501,0.0
8502,0.00357
8503,0.02552
8504,0.10743000000000001
8505,0.07576999999999999
8506,0.12977
8507,0.14629
8508,0.1311
8509,0.15738999999999997
8510,0.15321
8511,0.047979999999999995
8512,0.06024
8513,0.00635
8514,0.0
8515,0.0
8516,0.0
8517,0.0
8518,0.0
8519,0.0
8520,0.0
8521,0.0
8522,0.0
8523,0.0
8524,0.0
8525,0.0
8526,0.008029999999999999
8527,0.04825
8528,0.07385
8529,0.13374
8530,0.17093
8531,0.15347
8532,0.15852000000000002
8533,0.13461
8534,0.18234
8535,0.11273000000000001
8536,0.0549
8537,0.01647
8538,0.0
8539,0.0
8540,0.0
8541,0.0
8542,0.0
8543,0.0
8544,0.0
8545,0.0
8546,0.0
8547,0.0
8548,0.0
8549,0.0
8550,0.00661
8551,0.05151
8552,0.06302
8553,0.12165999999999999
8554,0.10442
8555,0.18462
8556,0.21216
8557,0.09915
8558,0.1134
8559,0.10945
8560,0.04317
8561,0.01863
8562,0.0
8563,0.0
8564,0.0
8565,0.0
8566,0.0
8567,0.0
8568,0.0
8569,0.0
8570,0.0
8571,0.0
8572,0.0
8573,0.0
8574,0.01328
8575,0.07343000000000001
8576,0.08093
8577,0.13337000000000002
8578,0.09312999999999999
8579,0.09508
8580,0.12990000000000002
8581,0.12885
8582,0.10934999999999999
8583,0.1185
8584,0.04519
8585,0.01692
8586,0.0
8587,0.0
8588,0.0
8589,0.0
8590,0.0
8591,0.0
8592,0.0
8593,0.0
8594,0.0
8595,0.0
8596,0.0
8597,0.0
8598,0.01256
8599,0.07567
8600,0.13583
8601,0.19516
8602,0.23405
8603,0.24861000000000003
8604,0.24916999999999997
8605,0.14778
8606,0.10021
8607,0.08596
8608,0.055450000000000006
8609,0.019870000000000002
8610,0.0
8611,0.0
8612,0.0
8613,0.0
8614,0.0
8615,0.0
8616,0.0
8617,0.0
8618,0.0
8619,0.0
8620,0.0
8621,0.0
8622,0.007
8623,0.0496
8624,0.07036
8625,0.09598999999999999
8626,0.09515000000000001
8627,0.11143
8628,0.09905
8629,0.12428
8630,0.10601999999999999
8631,0.09527
8632,0.041979999999999996
8633,0.01392
8634,0.0
8635,0.0
8636,0.0
8637,0.0
8638,0.0
8639,0.0
8640,0.0
8641,0.0
8642,0.0
8643,0.0
8644,0.0
8645,0.0
8646,0.00408
8647,0.03995
8648,0.07462
8649,0.09236
8650,0.13449
8651,0.17135
8652,0.15908
8653,0.15444999999999998
8654,0.18975999999999998
8655,0.11041
8656,0.09345
8657,0.017
8658,0.0
8659,0.0
8660,0.0
8661,0.0
8662,0.0
8663,0.0
8664,0.0
8665,0.0
8666,0.0
8667,0.0
8668,0.0
8669,0.0
8670,0.00605
8671,0.03624
8672,0.07540000000000001
8673,0.11144
8674,0.13668
8675,0.15921000000000002
8676,0.13502
8677,0.16711
8678,0.10834999999999999
8679,0.10522
8680,0.09076000000000001
8681,0.02316
8682,0.0
8683,0.0
8684,0.0
8685,0.0
8686,0.0
8687,0.0
8688,0.0
8689,0.0
8690,0.0
8691,0.0
8692,0.0
8693,0.0
8694,0.00211
8695,0.02162
8696,0.08295999999999999
8697,0.11370999999999999
8698,0.18284999999999998
8699,0.15189
8700,0.21449000000000001
8701,0.1072
8702,0.12994
8703,0.06675
8704,0.06265
8705,0.01831
8706,0.0
8707,0.0
8708,0.0
8709,0.0
8710,0.0
8711,0.0
8712,0.0
8713,0.0
8714,0.0
8715,0.0
8716,0.0
8717,0.0
8718,0.010320000000000001
8719,0.05796
8720,0.09079000000000001
8721,0.08239
8722,0.10139
8723,0.09061
8724,0.09636
8725,0.09498999999999999
8726,0.06763
8727,0.06534000000000001
8728,0.04413
8729,0.01359
8730,0.0
8731,0.0
8732,0.0
8733,0.0
8734,0.0
8735,0.0
8736,0.0
8737,0.0
8738,0.0
8739,0.0
8740,0.0
8741,0.0
8742,0.00637
8743,0.04847
8744,0.07440000000000001
8745,0.09305
8746,0.12777
8747,0.0885
8748,0.14294
8749,0.11269
8750,0.08545
8751,0.08173
8752,0.04693
8753,0.04711
8754,0.0
8755,0.0
8756,0.0
8757,0.0
8758,0.0
8759,0.0
