,pv_per_unit
0,0.0
1,0.0
2,0.0
3,0.0
4,0.0
5,0.0
6,0.00318
7,0.19271000000000002
8,0.38345
9,0.51238
10,0.6232300000000001
11,0.6575
12,0.65597
13,0.58268
14,0.48128
15,0.32827999999999996
16,0.14293
17,0.00404
18,0.0
19,0.0
20,0.0
21,0.0
22,0.0
23,0.0
24,0.0
25,0.0
26,0.0
27,0.0
28,0.0
29,0.0
30,0.00317
31,0.21029
32,0.41397
33,0.5551699999999999
34,0.63763
35,0.67396
36,0.6555700000000001
37,0.52191
38,0.41747
39,0.27736
40,0.12683
41,0.0085
42,0.0
43,0.0
44,0.0
45,0.0
46,0.0
47,0.0
48,0.0
49,0.0
50,0.0
51,0.0
52,0.0
53,0.0
54,0.00369
55,0.11039
56,0.19865
57,0.44014
58,0.48301
59,0.51949
60,0.5628099999999999
61,0.44850999999999996
62,0.35276
63,0.21184
64,0.08448
65,0.00723
66,0.0
67,0.0
68,0.0
69,0.0
70,0.0
71,0.0
72,0.0
73,0.0
74,0.0
75,0.0
76,0.0
77,0.0
78,0.00282
79,0.14158
80,0.31129
81,0.39468000000000003
82,0.5354800000000001
83,0.61039
84,0.52567
85,0.56579
86,0.38824000000000003
87,0.24073
88,0.11004000000000001
89,0.00575
90,0.0
91,0.0
92,0.0
93,0.0
94,0.0
95,0.0
96,0.0
97,0.0
98,0.0
99,0.0
100,0.0
101,0.0
102,0.00296
103,0.16411
104,0.31183
105,0.47489
106,0.5885199999999999
107,0.55267
108,0.5677300000000001
109,0.44305
110,0.36095
111,0.26363
112,0.07211
113,0.00477
114,0.0
115,0.0
116,0.0
117,0.0
118,0.0
119,0.0
120,0.0
121,0.0
122,0.0
123,0.0
124,0.0
125,0.0
126,0.00327
127,0.1672
128,0.3578
129,0.5179400000000001
130,0.57089
131,0.53006
132,0.52743
133,0.47374
134,0.34164
135,0.24581999999999998
136,0.10138
137,0.00424
138,0.0
139,0.0
140,0.0
141,0.0
142,0.0
143,0.0
144,0.0
145,0.0
146,0.0
147,0.0
148,0.0
149,0.0
150,0.00239
151,0.16885
152,0.38811
153,0.48228
154,0.61681
155,0.6040099999999999
156,0.53674
157,0.5193099999999999
158,0.36574
159,0.32569
160,0.12997999999999998
161,0.00546
162,0.0
163,0.0
164,0.0
165,0.0
166,0.0
167,0.0
168,0.0
169,0.0
170,0.0
171,0.0
172,0.0
173,0.0
174,0.00297
175,0.17304
176,0.29914999999999997
177,0.50083
178,0.63226
179,0.60873
180,0.5932799999999999
181,0.48174
182,0.35487
183,0.28746
184,0.12087
185,0.00636
186,0.0
187,0.0
188,0.0
189,0.0
190,0.0
191,0.0
192,0.0
193,0.0
194,0.0
195,0.0
196,0.0
197,0.0
198,0.00273
199,0.19416
200,0.39713
201,0.5282
202,0.6408400000000001
203,0.66267
204,0.6560199999999999
205,0.53412
206,0.44415
207,0.32363
208,0.12677
209,0.0068200000000000005
210,0.0
211,0.0
212,0.0
213,0.0
214,0.0
215,0.0
216,0.0
217,0.0
218,0.0
219,0.0
220,0.0
221,0.0
222,0.00321
223,0.17898
224,0.38280000000000003
225,0.5396299999999999
226,0.63363
227,0.66803
228,0.64075
229,0.5384500000000001
230,0.41713
231,0.29869999999999997
232,0.13721
233,0.00737
234,0.0
235,0.0
236,0.0
237,0.0
238,0.0
239,0.0
240,0.0
241,0.0
242,0.0
243,0.0
244,0.0
245,0.0
246,0.00285
247,0.16743
248,0.31557
249,0.53716
250,0.53987
251,0.5681
252,0.60645
253,0.48629
254,0.4284
255,0.31809
256,0.1409
257,0.009890000000000001
258,0.0
259,0.0
260,0.0
261,0.0
262,0.0
263,0.0
264,0.0
265,0.0
266,0.0
267,0.0
268,0.0
269,0.0
270,0.0025800000000000003
271,0.18412
272,0.38726
273,0.5366000000000001
274,0.63214
275,0.6585599999999999
276,0.62894
277,0.50464
278,0.40195
279,0.30263
280,0.1387
281,0.00847
282,0.0
283,0.0
284,0.0
285,0.0
286,0.0
287,0.0
288,0.0
289,0.0
290,0.0
291,0.0
292,0.0
293,0.0
294,0.00432
295,0.14682
296,0.37237
297,0.52807
298,0.61038
299,0.6497999999999999
300,0.64716
301,0.60641
302,0.46132999999999996
303,0.33416
304,0.14675
305,0.012029999999999999
306,0.0
307,0.0
308,0.0
309,0.0
310,0.0
311,0.0
312,0.0
313,0.0
314,0.0
315,0.0
316,0.0
317,0.0
318,0.0024
319,0.18175
320,0.38863
321,0.51381
322,0.59701
323,0.64427
324,0.60137
325,0.58786
326,0.48089
327,0.3316
328,0.13838
329,0.01234
330,0.0
331,0.0
332,0.0
333,0.0
334,0.0
335,0.0
336,0.0
337,0.0
338,0.0
339,0.0
340,0.0
341,0.0
342,0.00366
343,0.14555
344,0.29964999999999997
345,0.39615
346,0.49025
347,0.50934
348,0.53391
349,0.36913
350,0.28062
351,0.1757
352,0.07028
353,0.01134
354,0.0
355,0.0
356,0.0
357,0.0
358,0.0
359,0.0
360,0.0
361,0.0
362,0.0
363,0.0
364,0.0
365,0.0
366,0.00199
367,0.18145
368,0.39367
369,0.5468099999999999
370,0.6325599999999999
371,0.67584
372,0.5274500000000001
373,0.50534
374,0.45324000000000003
375,0.29419999999999996
376,0.14749
377,0.01227
378,0.0
379,0.0
380,0.0
381,0.0
382,0.0
383,0.0
384,0.0
385,0.0
386,0.0
387,0.0
388,0.0
389,0.0
390,0.00185
391,0.1551
392,0.35548
393,0.52878
394,0.63042
395,0.6676799999999999
396,0.66435
397,0.5913099999999999
398,0.4427
399,0.3275
400,0.15156999999999998
401,0.01228
402,0.0
403,0.0
404,0.0
405,0.0
406,0.0
407,0.0
408,0.0
409,0.0
410,0.0
411,0.0
412,0.0
413,0.0
414,0.0019
415,0.18855000000000002
416,0.39073
417,0.51173
418,0.6399400000000001
419,0.67601
420,0.61998
421,0.56074
422,0.3534
423,0.26269
424,0.09236
425,0.0141
426,0.0
427,0.0
428,0.0
429,0.0
430,0.0
431,0.0
432,0.0
433,0.0
434,0.0
435,0.0
436,0.0
437,0.0
438,0.0020299999999999997
439,0.18713999999999997
440,0.39339999999999997
441,0.53859
442,0.6315700000000001
443,0.64618
444,0.56917
445,0.47552
446,0.41291
447,0.28073000000000004
448,0.15084
449,0.0149
450,0.0
451,0.0
452,0.0
453,0.0
454,0.0
455,0.0
456,0.0
457,0.0
458,0.0
459,0.0
460,0.0
461,0.0
462,0.002
463,0.18985
464,0.40214
465,0.5592699999999999
466,0.65691
467,0.6715599999999999
468,0.63551
469,0.57747
470,0.53273
471,0.3441
472,0.17588
473,0.016190000000000003
474,0.0
475,0.0
476,0.0
477,0.0
478,0.0
479,0.0
480,0.0
481,0.0
482,0.0
483,0.0
484,0.0
485,0.0
486,0.0019399999999999999
487,0.20136
488,0.39715
489,0.55761
490,0.65019
491,0.6914600000000001
492,0.6829299999999999
493,0.6379400000000001
494,0.53511
495,0.35351
496,0.17058
497,0.01824
498,0.0
499,0.0
500,0.0
501,0.0
502,0.0
503,0.0
504,0.0
505,0.0
506,0.0
507,0.0
508,0.0
509,0.0
510,0.0025
511,0.19657
512,0.40612
513,0.56077
514,0.65816
515,0.6964
516,0.666
517,0.6185900000000001
518,0.51464
519,0.36663999999999997
520,0.15093
521,0.016640000000000002
522,0.0
523,0.0
524,0.0
525,0.0
526,0.0
527,0.0
528,0.0
529,0.0
530,0.0
531,0.0
532,0.0
533,0.0
534,0.00202
535,0.19603
536,0.4033
537,0.55733
538,0.65387
539,0.61751
540,0.52876
541,0.46273000000000003
542,0.41593
543,0.27003
544,0.14262
545,0.01466
546,0.0
547,0.0
548,0.0
549,0.0
550,0.0
551,0.0
552,0.0
553,0.0
554,0.0
555,0.0
556,0.0
557,0.0
558,0.0019299999999999999
559,0.18037
560,0.38293
561,0.5416799999999999
562,0.59762
563,0.65458
564,0.57374
565,0.4801
566,0.45632
567,0.33288
568,0.13366
569,0.01093
570,0.0
571,0.0
572,0.0
573,0.0
574,0.0
575,0.0
576,0.0
577,0.0
578,0.0
579,0.0
580,0.0
581,0.0
582,0.00271
583,0.1438
584,0.35054
585,0.48817
586,0.51483
587,0.62654
588,0.44307
589,0.46167
590,0.41023000000000004
591,0.26247000000000004
592,0.09383
593,0.01087
594,0.0
595,0.0
596,0.0
597,0.0
598,0.0
599,0.0
600,0.0
601,0.0
602,0.0
603,0.0
604,0.0
605,0.0
606,0.00171
607,0.15863999999999998
608,0.36343000000000003
609,0.53179
610,0.62148
611,0.55949
612,0.58646
613,0.5427000000000001
614,0.41039
615,0.30356
616,0.14255
617,0.0134
618,0.0
619,0.0
620,0.0
621,0.0
622,0.0
623,0.0
624,0.0
625,0.0
626,0.0
627,0.0
628,0.0
629,0.0
630,0.00212
631,0.18869999999999998
632,0.37951
633,0.5482100000000001
634,0.6419199999999999
635,0.62636
636,0.61675
637,0.5560900000000001
638,0.46296
639,0.31693
640,0.13198
641,0.016550000000000002
642,0.0
643,0.0
644,0.0
645,0.0
646,0.0
647,0.0
648,0.0
649,0.0
650,0.0
651,0.0
652,0.0
653,0.0
654,0.0019
655,0.18966
656,0.39726
657,0.55106
658,0.64678
659,0.63583
660,0.6337999999999999
661,0.58678
662,0.45679000000000003
663,0.34375
664,0.13915
665,0.01511
666,0.0
667,0.0
668,0.0
669,0.0
670,0.0
671,0.0
672,0.0
673,0.0
674,0.0
675,0.0
676,0.0
677,0.0
678,0.0020299999999999997
679,0.18855000000000002
680,0.39968
681,0.55361
682,0.65418
683,0.69547
684,0.69076
685,0.6362300000000001
686,0.49222000000000005
687,0.25145
688,0.14830000000000002
689,0.01932
690,0.0
691,0.0
692,0.0
693,0.0
694,0.0
695,0.0
696,0.0
697,0.0
698,0.0
699,0.0
700,0.0
701,0.0
702,0.00196
703,0.18633000000000002
704,0.39397000000000004
705,0.5539299999999999
706,0.64849
707,0.70098
708,0.68423
709,0.62787
710,0.41389
711,0.31
712,0.13119
713,0.01728
714,0.0
715,0.0
716,0.0
717,0.0
718,0.0
719,0.0
720,0.0
721,0.0
722,0.0
723,0.0
724,0.0
725,0.0
726,0.00186
727,0.18345
728,0.38327999999999995
729,0.54926
730,0.65423
731,0.68024
732,0.66314
733,0.55152
734,0.47382
735,0.35226
736,0.1366
737,0.02176
738,0.0
739,0.0
740,0.0
741,0.0
742,0.0
743,0.0
744,0.0
745,0.0
746,0.0
747,0.0
748,0.0
749,0.0
750,0.00173
751,0.17111
752,0.38676
753,0.5481699999999999
754,0.65071
755,0.6906100000000001
756,0.69067
757,0.6301
758,0.51197
759,0.37637
760,0.18188
761,0.022609999999999998
762,0.0
763,0.0
764,0.0
765,0.0
766,0.0
767,0.0
768,0.0
769,0.0
770,0.0
771,0.0
772,0.0
773,0.0
774,0.00292
775,0.17611000000000002
776,0.38837
777,0.55487
778,0.6505700000000001
779,0.69587
780,0.68043
781,0.56656
782,0.4078
783,0.37862
784,0.18356
785,0.02585
786,0.0
787,0.0
788,0.0
789,0.0
790,0.0
791,0.0
792,0.0
793,0.0
794,0.0
795,0.0
796,0.0
797,0.0
798,0.00376
799,0.16693
800,0.38033
801,0.54923
802,0.65108
803,0.6929299999999999
804,0.6788099999999999
805,0.60165
806,0.39158
807,0.37641
808,0.19182
809,0.023969999999999998
810,0.0
811,0.0
812,0.0
813,0.0
814,0.0
815,0.0
816,0.0
817,0.0
818,0.0
819,0.0
820,0.0
821,0.0
822,0.00206
823,0.19136
824,0.39943
825,0.55322
826,0.64871
827,0.68462
828,0.57572
829,0.42905
830,0.39583999999999997
831,0.29736
832,0.10038
833,0.02461
834,0.0
835,0.0
836,0.0
837,0.0
838,0.0
839,0.0
840,0.0
841,0.0
842,0.0
843,0.0
844,0.0
845,0.0
846,0.00231
847,0.18402000000000002
848,0.39133
849,0.54026
850,0.63775
851,0.67832
852,0.6535299999999999
853,0.57314
854,0.48945
855,0.27026999999999995
856,0.16836
857,0.0215
858,0.0
859,0.0
860,0.0
861,0.0
862,0.0
863,0.0
864,0.0
865,0.0
866,0.0
867,0.0
868,0.0
869,0.0
870,0.0028399999999999996
871,0.17305
872,0.36342
873,0.4924
874,0.59941
875,0.6138899999999999
876,0.60074
877,0.3673
878,0.23813
879,0.18944999999999998
880,0.10319
881,0.02445
882,0.0
883,0.0
884,0.0
885,0.0
886,0.0
887,0.0
888,0.0
889,0.0
890,0.0
891,0.0
892,0.0
893,0.0
894,0.00332
895,0.14243
896,0.35254
897,0.47675
898,0.59672
899,0.61313
900,0.60654
901,0.5219400000000001
902,0.43172000000000005
903,0.22233
904,0.1161
905,0.02054
906,0.0
907,0.0
908,0.0
909,0.0
910,0.0
911,0.0
912,0.0
913,0.0
914,0.0
915,0.0
916,0.0
917,0.0
918,0.0017900000000000001
919,0.12925
920,0.28737
921,0.45573
922,0.53773
923,0.6706599999999999
924,0.6481
925,0.56191
926,0.36662
927,0.23968
928,0.14931999999999998
929,0.024829999999999998
930,0.0
931,0.0
932,0.0
933,0.0
934,0.0
935,0.0
936,0.0
937,0.0
938,0.0
939,0.0
940,0.0
941,0.0
942,0.00277
943,0.09063
944,0.2089
945,0.37999
946,0.51327
947,0.66324
948,0.57763
949,0.49992000000000003
950,0.32427999999999996
951,0.32099
952,0.12401000000000001
953,0.02016
954,0.0
955,0.0
956,0.0
957,0.0
958,0.0
959,0.0
960,0.0
961,0.0
962,0.0
963,0.0
964,0.0
965,0.0
966,0.00229
967,0.17923
968,0.36634
969,0.49716000000000005
970,0.5975199999999999
971,0.63434
972,0.5086499999999999
973,0.44022
974,0.38727999999999996
975,0.21505000000000002
976,0.10869
977,0.02139
978,0.0
979,0.0
980,0.0
981,0.0
982,0.0
983,0.0
984,0.0
985,0.0
986,0.0
987,0.0
988,0.0
989,0.0
990,0.00135
991,0.1085
992,0.23892
993,0.42897
994,0.51983
995,0.63037
996,0.6088899999999999
997,0.54826
998,0.40698
999,0.23125
1000,0.12112
1001,0.01757
1002,0.0
1003,0.0
1004,0.0
1005,0.0
1006,0.0
1007,0.0
1008,0.0
1009,0.0
1010,0.0
1011,0.0
1012,0.0
1013,0.0
1014,0.0019399999999999999
1015,0.16616999999999998
1016,0.35601
1017,0.46868
1018,0.55511
1019,0.6500499999999999
1020,0.6365599999999999
1021,0.38495
1022,0.39457
1023,0.25418
1024,0.13906
1025,0.02605
1026,0.0
1027,0.0
1028,0.0
1029,0.0
1030,0.0
1031,0.0
1032,0.0
1033,0.0
1034,0.0
1035,0.0
1036,0.0
1037,0.0
1038,0.00283
1039,0.16503
1040,0.38525
1041,0.52798
1042,0.61687
1043,0.66676
1044,0.5627300000000001
1045,0.5813200000000001
1046,0.43933
1047,0.34585000000000005
1048,0.17879
1049,0.02384
1050,0.0
1051,0.0
1052,0.0
1053,0.0
1054,0.0
1055,0.0
1056,0.0
1057,0.0
1058,0.0
1059,0.0
1060,0.0
1061,0.0
1062,0.00256
1063,0.19718
1064,0.41013
1065,0.57235
1066,0.6711699999999999
1067,0.57975
1068,0.57845
1069,0.53201
1070,0.48448
1071,0.34274
1072,0.13973
1073,0.02608
1074,0.0
1075,0.0
1076,0.0
1077,0.0
1078,0.0
1079,0.0
1080,0.0
1081,0.0
1082,0.0
1083,0.0
1084,0.0
1085,0.0
1086,0.0024100000000000002
1087,0.19733
1088,0.41669
1089,0.57769
1090,0.67767
1091,0.70765
1092,0.67352
1093,0.56298
1094,0.44808
1095,0.21809
1096,0.12158
1097,0.028
1098,0.0
1099,0.0
1100,0.0
1101,0.0
1102,0.0
1103,0.0
1104,0.0
1105,0.0
1106,0.0
1107,0.0
1108,0.0
1109,0.0
1110,0.0030099999999999997
1111,0.20162
1112,0.41308999999999996
1113,0.57111
1114,0.67522
1115,0.6739400000000001
1116,0.68578
1117,0.61513
1118,0.4572
1119,0.3255
1120,0.15928
1121,0.02621
1122,0.0
1123,0.0
1124,0.0
1125,0.0
1126,0.0
1127,0.0
1128,0.0
1129,0.0
1130,0.0
1131,0.0
1132,0.0
1133,0.0
1134,0.0032400000000000003
1135,0.20431
1136,0.41146
1137,0.57573
1138,0.67296
1139,0.6375700000000001
1140,0.64009
1141,0.47647
1142,0.50815
1143,0.36751
1144,0.17711000000000002
1145,0.023649999999999997
1146,0.0
1147,0.0
1148,0.0
1149,0.0
1150,0.0
1151,0.0
1152,0.0
1153,0.0
1154,0.0
1155,0.0
1156,0.0
1157,0.0
1158,0.0033399999999999997
1159,0.20457
1160,0.41249
1161,0.5677300000000001
1162,0.66284
1163,0.70985
1164,0.62378
1165,0.5253
1166,0.45019
1167,0.32630000000000003
1168,0.15303999999999998
1169,0.02428
1170,0.0
1171,0.0
1172,0.0
1173,0.0
1174,0.0
1175,0.0
1176,0.0
1177,0.0
1178,0.0
1179,0.0
1180,0.0
1181,0.0
1182,0.0028399999999999996
1183,0.19741999999999998
1184,0.41076
1185,0.5629500000000001
1186,0.6489199999999999
1187,0.629
1188,0.69649
1189,0.63271
1190,0.49462
1191,0.31986000000000003
1192,0.15319
1193,0.02368
1194,0.0
1195,0.0
1196,0.0
1197,0.0
1198,0.0
1199,0.0
1200,0.0
1201,0.0
1202,0.0
1203,0.0
1204,0.0
1205,0.0
1206,0.00332
1207,0.19752
1208,0.41318
1209,0.57068
1210,0.66708
1211,0.6503099999999999
1212,0.65683
1213,0.6146900000000001
1214,0.48931
1215,0.37338
1216,0.16552
1217,0.022010000000000002
1218,0.0
1219,0.0
1220,0.0
1221,0.0
1222,0.0
1223,0.0
1224,0.0
1225,0.0
1226,0.0
1227,0.0
1228,0.0
1229,0.0
1230,0.0037099999999999998
1231,0.17349
1232,0.42429
1233,0.5830299999999999
1234,0.67945
1235,0.67832
1236,0.68168
1237,0.57704
1238,0.54495
1239,0.37476
1240,0.13595
1241,0.023440000000000003
1242,0.0
1243,0.0
1244,0.0
1245,0.0
1246,0.0
1247,0.0
1248,0.0
1249,0.0
1250,0.0
1251,0.0
1252,0.0
1253,0.0
1254,0.00385
1255,0.21208000000000002
1256,0.43097
1257,0.58521
1258,0.68971
1259,0.72878
1260,0.71526
1261,0.65167
1262,0.5532
1263,0.39788999999999997
1264,0.20308
1265,0.03025
1266,0.0
1267,0.0
1268,0.0
1269,0.0
1270,0.0
1271,0.0
1272,0.0
1273,0.0
1274,0.0
1275,0.0
1276,0.0
1277,0.0
1278,0.004019999999999999
1279,0.21858000000000002
1280,0.43081
1281,0.58905
1282,0.6854
1283,0.7213200000000001
1284,0.69384
1285,0.63761
1286,0.53138
1287,0.39669
1288,0.21353999999999998
1289,0.02981
1290,0.0
1291,0.0
1292,0.0
1293,0.0
1294,0.0
1295,0.0
1296,0.0
1297,0.0
1298,0.0
1299,0.0
1300,0.0
1301,0.0
1302,0.00426
1303,0.19578
1304,0.42805
1305,0.58484
1306,0.6820700000000001
1307,0.7177100000000001
1308,0.68845
1309,0.6441699999999999
1310,0.4722
1311,0.33125
1312,0.16013
1313,0.02662
1314,0.0
1315,0.0
1316,0.0
1317,0.0
1318,0.0
1319,0.0
1320,0.0
1321,0.0
1322,0.0
1323,0.0
1324,0.0
1325,0.0
1326,0.00454
1327,0.20629
1328,0.41274
1329,0.5710299999999999
1330,0.66034
1331,0.6994900000000001
1332,0.62601
1333,0.58394
1334,0.43513
1335,0.31119
1336,0.14902
1337,0.02759
1338,0.0
1339,0.0
1340,0.0
1341,0.0
1342,0.0
1343,0.0
1344,0.0
1345,0.0
1346,0.0
1347,0.0
1348,0.0
1349,0.0
1350,0.0047599999999999995
1351,0.2104
1352,0.42381
1353,0.5808099999999999
1354,0.68025
1355,0.68877
1356,0.68025
1357,0.5330900000000001
1358,0.5405599999999999
1359,0.39654
1360,0.20259
1361,0.03053
1362,0.0
1363,0.0
1364,0.0
1365,0.0
1366,0.0
1367,0.0
1368,0.0
1369,0.0
1370,0.0
1371,0.0
1372,0.0
1373,0.0
1374,0.00633
1375,0.19906000000000001
1376,0.39966
1377,0.56044
1378,0.66151
1379,0.69708
1380,0.68848
1381,0.62786
1382,0.5483300000000001
1383,0.40654
1384,0.19383
1385,0.0289
1386,0.0
1387,0.0
1388,0.0
1389,0.0
1390,0.0
1391,0.0
1392,0.0
1393,0.0
1394,0.0
1395,0.0
1396,0.0
1397,0.0
1398,0.00621
1399,0.21299
1400,0.41567000000000004
1401,0.57566
1402,0.67652
1403,0.71736
1404,0.70312
1405,0.63806
1406,0.47849
1407,0.34552999999999995
1408,0.15913
1409,0.02489
1410,0.0
1411,0.0
1412,0.0
1413,0.0
1414,0.0
1415,0.0
1416,0.0
1417,0.0
1418,0.0
1419,0.0
1420,0.0
1421,0.0
1422,0.03132
1423,0.20635
1424,0.43563999999999997
1425,0.59013
1426,0.69168
1427,0.72634
1428,0.71487
1429,0.54301
1430,0.49711
1431,0.38564
1432,0.16955
1433,0.02983
1434,0.0
1435,0.0
1436,0.0
1437,0.0
1438,0.0
1439,0.0
1440,0.0
1441,0.0
1442,0.0
1443,0.0
1444,0.0
1445,0.0
1446,0.03053
1447,0.21514
1448,0.42707
1449,0.58193
1450,0.68175
1451,0.72017
1452,0.7088
1453,0.6636299999999999
1454,0.56076
1455,0.38451
1456,0.19594999999999999
1457,0.03032
1458,0.0
1459,0.0
1460,0.0
1461,0.0
1462,0.0
1463,0.0
1464,0.0
1465,0.0
1466,0.0
1467,0.0
1468,0.0
1469,0.0
1470,0.02496
1471,0.20238
1472,0.37518
1473,0.56798
1474,0.67037
1475,0.70531
1476,0.6499199999999999
1477,0.6183099999999999
1478,0.48847
1479,0.18167
1480,0.13113999999999998
1481,0.026019999999999998
1482,0.0
1483,0.0
1484,0.0
1485,0.0
1486,0.0
1487,0.0
1488,0.0
1489,0.0
1490,0.0
1491,0.0
1492,0.0
1493,0.0
1494,0.01102
1495,0.12215000000000001
1496,0.24578999999999998
1497,0.38418
1498,0.45787
1499,0.5517000000000001
1500,0.50946
1501,0.43051
1502,0.25587
1503,0.25395
1504,0.15534
1505,0.032780000000000004
1506,0.0
1507,0.0
1508,0.0
1509,0.0
1510,0.0
1511,0.0
1512,0.0
1513,0.0
1514,0.0
1515,0.0
1516,0.0
1517,0.0
1518,0.01551
1519,0.14645
1520,0.28432
1521,0.38033999999999996
1522,0.5747599999999999
1523,0.6202300000000001
1524,0.5831900000000001
1525,0.5152
1526,0.39731
1527,0.31977
1528,0.10840999999999999
1529,0.015
1530,0.0
1531,0.0
1532,0.0
1533,0.0
1534,0.0
1535,0.0
1536,0.0
1537,0.0
1538,0.0
1539,0.0
1540,0.0
1541,0.0
1542,0.02028
1543,0.18650999999999998
1544,0.40124
1545,0.5739299999999999
1546,0.6745
1547,0.6891499999999999
1548,0.6540499999999999
1549,0.58473
1550,0.32094
1551,0.32289
1552,0.15093
1553,0.03003
1554,0.0
1555,0.0
1556,0.0
1557,0.0
1558,0.0
1559,0.0
1560,0.0
1561,0.0
1562,0.0
1563,0.0
1564,0.0
1565,0.0
1566,0.03499
1567,0.2339
1568,0.44577
1569,0.59888
1570,0.6931499999999999
1571,0.72648
1572,0.6852699999999999
1573,0.66662
1574,0.56261
1575,0.38211
1576,0.13256
1577,0.027350000000000003
1578,0.0
1579,0.0
1580,0.0
1581,0.0
1582,0.0
1583,0.0
1584,0.0
1585,0.0
1586,0.0
1587,0.0
1588,0.0
1589,0.0
1590,0.03418
1591,0.23843999999999999
1592,0.45100999999999997
1593,0.6044400000000001
1594,0.69826
1595,0.73687
1596,0.7275499999999999
1597,0.6716599999999999
1598,0.5675
1599,0.40931
1600,0.20113999999999999
1601,0.02568
1602,0.0
1603,0.0
1604,0.0
1605,0.0
1606,0.0
1607,0.0
1608,0.0
1609,0.0
1610,0.0
1611,0.0
1612,0.0
1613,0.0
1614,0.03742
1615,0.24061000000000002
1616,0.45053
1617,0.60591
1618,0.70214
1619,0.74065
1620,0.707
1621,0.64212
1622,0.52011
1623,0.38098000000000004
1624,0.15944
1625,0.0272
1626,0.0
1627,0.0
1628,0.0
1629,0.0
1630,0.0
1631,0.0
1632,0.0
1633,0.0
1634,0.0
1635,0.0
1636,0.0
1637,0.0
1638,0.037509999999999995
1639,0.24067
1640,0.44994
1641,0.60201
1642,0.68035
1643,0.61364
1644,0.57198
1645,0.5919800000000001
1646,0.38426
1647,0.28411000000000003
1648,0.14842
1649,0.01984
1650,0.0
1651,0.0
1652,0.0
1653,0.0
1654,0.0
1655,0.0
1656,0.0
1657,0.0
1658,0.0
1659,0.0
1660,0.0
1661,0.0
1662,0.036289999999999996
1663,0.23221
1664,0.44666
1665,0.5958600000000001
1666,0.69329
1667,0.73262
1668,0.62501
1669,0.53111
1670,0.40257
1671,0.36319
1672,0.16213999999999998
1673,0.02491
1674,0.0
1675,0.0
1676,0.0
1677,0.0
1678,0.0
1679,0.0
1680,0.0
1681,0.0
1682,0.0
1683,0.0
1684,0.0
1685,0.0
1686,0.036359999999999996
1687,0.23581
1688,0.44422
1689,0.59872
1690,0.69231
1691,0.6018600000000001
1692,0.6944
1693,0.4612
1694,0.45274000000000003
1695,0.33945
1696,0.16957
1697,0.027190000000000002
1698,0.0
1699,0.0
1700,0.0
1701,0.0
1702,0.0
1703,0.0
1704,0.0
1705,0.0
1706,0.0
1707,0.0
1708,0.0
1709,0.0
1710,0.03276
1711,0.22991
1712,0.44293
1713,0.59282
1714,0.68852
1715,0.71824
1716,0.58704
1717,0.49251999999999996
1718,0.43213999999999997
1719,0.30379
1720,0.15098
1721,0.02532
1722,0.0
1723,0.0
1724,0.0
1725,0.0
1726,0.0
1727,0.0
1728,0.0
1729,0.0
1730,0.0
1731,0.0
1732,0.0
1733,0.0
1734,0.03737
1735,0.2299
1736,0.44209
1737,0.58954
1738,0.65616
1739,0.71084
1740,0.67968
1741,0.53504
1742,0.46413
1743,0.32039
1744,0.16972
1745,0.02956
1746,0.0
1747,0.0
1748,0.0
1749,0.0
1750,0.0
1751,0.0
1752,0.0
1753,0.0
1754,0.0
1755,0.0
1756,0.0
1757,0.0
1758,0.03939
1759,0.24206
1760,0.44579
1761,0.58958
1762,0.68161
1763,0.7009299999999999
1764,0.6989099999999999
1765,0.51601
1766,0.34764999999999996
1767,0.26777
1768,0.15925999999999998
1769,0.02542
1770,0.0
1771,0.0
1772,0.0
1773,0.0
1774,0.0
1775,0.0
1776,0.0
1777,0.0
1778,0.0
1779,0.0
1780,0.0
1781,0.0
1782,0.037079999999999995
1783,0.22536
1784,0.42649000000000004
1785,0.57401
1786,0.66501
1787,0.66635
1788,0.65107
1789,0.50707
1790,0.3886
1791,0.26239
1792,0.15067
1793,0.02974
1794,0.0
1795,0.0
1796,0.0
1797,0.0
1798,0.0
1799,0.0
1800,0.0
1801,0.0
1802,0.0
1803,0.0
1804,0.0
1805,0.0
1806,0.013689999999999999
1807,0.1124
1808,0.25512999999999997
1809,0.42452999999999996
1810,0.5538099999999999
1811,0.60472
1812,0.6335
1813,0.48081999999999997
1814,0.33570999999999995
1815,0.22030000000000002
1816,0.08990000000000001
1817,0.02153
1818,0.0
1819,0.0
1820,0.0
1821,0.0
1822,0.0
1823,0.0
1824,0.0
1825,0.0
1826,0.0
1827,0.0
1828,0.0
1829,0.0
1830,0.031059999999999997
1831,0.21497
1832,0.30667
1833,0.42302999999999996
1834,0.5136499999999999
1835,0.53537
1836,0.5470700000000001
1837,0.5147200000000001
1838,0.40775
1839,0.24645
1840,0.13825
1841,0.031120000000000002
1842,0.0
1843,0.0
1844,0.0
1845,0.0
1846,0.0
1847,0.0
1848,0.0
1849,0.0
1850,0.0
1851,0.0
1852,0.0
1853,0.0
1854,0.019039999999999998
1855,0.14549
1856,0.33326999999999996
1857,0.46619
1858,0.45148
1859,0.5538
1860,0.37833
1861,0.41718
1862,0.37012
1863,0.24675999999999998
1864,0.11789
1865,0.03007
1866,0.0
1867,0.0
1868,0.0
1869,0.0
1870,0.0
1871,0.0
1872,0.0
1873,0.0
1874,0.0
1875,0.0
1876,0.0
1877,0.0
1878,0.03588
1879,0.23182
1880,0.37288
1881,0.51536
1882,0.62683
1883,0.61926
1884,0.47552999999999995
1885,0.43715
1886,0.43589999999999995
1887,0.22063
1888,0.13319999999999999
1889,0.02432
1890,0.0
1891,0.0
1892,0.0
1893,0.0
1894,0.0
1895,0.0
1896,0.0
1897,0.0
1898,0.0
1899,0.0
1900,0.0
1901,0.0
1902,0.03989
1903,0.21925999999999998
1904,0.40981
1905,0.53677
1906,0.6678
1907,0.68963
1908,0.5469700000000001
1909,0.48710000000000003
1910,0.31883999999999996
1911,0.31133999999999995
1912,0.17043
1913,0.02525
1914,0.0
1915,0.0
1916,0.0
1917,0.0
1918,0.0
1919,0.0
1920,0.0
1921,0.0
1922,0.0
1923,0.0
1924,0.0
1925,0.0
1926,0.03033
1927,0.21418
1928,0.37486
1929,0.56999
1930,0.62985
1931,0.5844400000000001
1932,0.55351
1933,0.45817
1934,0.35281999999999997
1935,0.20057
1936,0.07163
1937,0.01384
1938,0.0
1939,0.0
1940,0.0
1941,0.0
1942,0.0
1943,0.0
1944,0.0
1945,0.0
1946,0.0
1947,0.0
1948,0.0
1949,0.0
1950,0.03796
1951,0.17193
1952,0.28968
1953,0.47212
1954,0.55796
1955,0.58211
1956,0.57866
1957,0.50212
1958,0.41361000000000003
1959,0.2452
1960,0.12418000000000001
1961,0.023620000000000002
1962,0.0
1963,0.0
1964,0.0
1965,0.0
1966,0.0
1967,0.0
1968,0.0
1969,0.0
1970,0.0
1971,0.0
1972,0.0
1973,0.0
1974,0.04424
1975,0.23818999999999999
1976,0.40067
1977,0.50815
1978,0.62053
1979,0.5422
1980,0.4711
1981,0.51473
1982,0.44181
1983,0.31701
1984,0.15153
1985,0.02174
1986,0.0
1987,0.0
1988,0.0
1989,0.0
1990,0.0
1991,0.0
1992,0.0
1993,0.0
1994,0.0
1995,0.0
1996,0.0
1997,0.0
1998,0.039119999999999995
1999,0.17225
2000,0.34367000000000003
2001,0.49387000000000003
2002,0.56421
2003,0.68901
2004,0.60096
2005,0.53184
2006,0.40804
2007,0.25175
2008,0.12022
2009,0.02019
2010,0.0
2011,0.0
2012,0.0
2013,0.0
2014,0.0
2015,0.0
2016,0.0
2017,0.0
2018,0.0
2019,0.0
2020,0.0
2021,0.0
2022,0.02878
2023,0.17772
2024,0.36578
2025,0.44272
2026,0.67116
2027,0.71386
2028,0.59173
2029,0.48883
2030,0.32996
2031,0.17138
2032,0.13962
2033,0.023039999999999998
2034,0.0
2035,0.0
2036,0.0
2037,0.0
2038,0.0
2039,0.0
2040,0.0
2041,0.0
2042,0.0
2043,0.0
2044,0.0
2045,0.0
2046,0.04154
2047,0.20222
2048,0.32938
2049,0.49501
2050,0.57731
2051,0.67292
2052,0.63428
2053,0.47867000000000004
2054,0.44053
2055,0.27226
2056,0.13349
2057,0.02119
2058,0.0
2059,0.0
2060,0.0
2061,0.0
2062,0.0
2063,0.0
2064,0.0
2065,0.0
2066,0.0
2067,0.0
2068,0.0
2069,0.0
2070,0.0525
2071,0.24287
2072,0.45092000000000004
2073,0.56017
2074,0.6917000000000001
2075,0.69575
2076,0.62822
2077,0.38797000000000004
2078,0.37511
2079,0.27157
2080,0.13767
2081,0.01995
2082,0.0
2083,0.0
2084,0.0
2085,0.0
2086,0.0
2087,0.0
2088,0.0
2089,0.0
2090,0.0
2091,0.0
2092,0.0
2093,0.0
2094,0.05393
2095,0.24268
2096,0.44993
2097,0.5946
2098,0.6643300000000001
2099,0.6703
2100,0.64624
2101,0.32788
2102,0.44354000000000005
2103,0.26481
2104,0.17928
2105,0.02443
2106,0.0
2107,0.0
2108,0.0
2109,0.0
2110,0.0
2111,0.0
2112,0.0
2113,0.0
2114,0.0
2115,0.0
2116,0.0
2117,0.0
2118,0.042
2119,0.22231
2120,0.3323
2121,0.5471900000000001
2122,0.6461399999999999
2123,0.6061
2124,0.5905
2125,0.47824
2126,0.37265
2127,0.25221
2128,0.14373
2129,0.02549
2130,0.0
2131,0.0
2132,0.0
2133,0.0
2134,0.0
2135,0.0
2136,0.0
2137,0.0
2138,0.0
2139,0.0
2140,0.0
2141,0.0
2142,0.05801
2143,0.25839
2144,0.44549
2145,0.5718300000000001
2146,0.5453300000000001
2147,0.67795
2148,0.5972000000000001
2149,0.44688
2150,0.42291
2151,0.27948
2152,0.14808000000000002
2153,0.02547
2154,0.0
2155,0.0
2156,0.0
2157,0.0
2158,0.0
2159,0.0
2160,0.0
2161,0.0
2162,0.0
2163,0.0
2164,0.0
2165,0.0
2166,0.03828
2167,0.22888
2168,0.41437999999999997
2169,0.52154
2170,0.5618099999999999
2171,0.65912
2172,0.49882
2173,0.46169
2174,0.28912
2175,0.19899
2176,0.12866
2177,0.027379999999999998
2178,0.0
2179,0.0
2180,0.0
2181,0.0
2182,0.0
2183,0.0
2184,0.0
2185,0.0
2186,0.0
2187,0.0
2188,0.0
2189,0.0
2190,0.02665
2191,0.12963
2192,0.30201999999999996
2193,0.37195999999999996
2194,0.47612
2195,0.50022
2196,0.46757
2197,0.45546
2198,0.29601
2199,0.15891
2200,0.06358
2201,0.01218
2202,0.0
2203,0.0
2204,0.0
2205,0.0
2206,0.0
2207,0.0
2208,0.0
2209,0.0
2210,0.0
2211,0.0
2212,0.0
2213,0.0
2214,0.04528
2215,0.19036
2216,0.26214
2217,0.39614
2218,0.47606
2219,0.30767
2220,0.22085
2221,0.37341
2222,0.28148
2223,0.21764
2224,0.1162
2225,0.023530000000000002
2226,0.0
2227,0.0
2228,0.0
2229,0.0
2230,0.0
2231,0.0
2232,0.0
2233,0.0
2234,0.0
2235,0.0
2236,0.0
2237,0.0
2238,0.051
2239,0.2053
2240,0.32577999999999996
2241,0.40629000000000004
2242,0.61407
2243,0.6494099999999999
2244,0.51083
2245,0.48278
2246,0.36064999999999997
2247,0.27311
2248,0.11098000000000001
2249,0.0259
2250,0.0
2251,0.0
2252,0.0
2253,0.0
2254,0.0
2255,0.0
2256,0.0
2257,0.0
2258,0.0
2259,0.0
2260,0.0
2261,0.0
2262,0.02957
2263,0.14637999999999998
2264,0.28833
2265,0.45847000000000004
2266,0.57828
2267,0.61853
2268,0.5525399999999999
2269,0.40148
2270,0.22188
2271,0.17648
2272,0.06728
2273,0.01426
2274,0.0
2275,0.0
2276,0.0
2277,0.0
2278,0.0
2279,0.0
2280,0.0
2281,0.0
2282,0.0
2283,0.0
2284,0.0
2285,0.0
2286,0.045689999999999995
2287,0.18025
2288,0.35913999999999996
2289,0.54474
2290,0.5347799999999999
2291,0.36804000000000003
2292,0.48872000000000004
2293,0.33842
2294,0.36335
2295,0.23093
2296,0.09683
2297,0.02568
2298,0.0
2299,0.0
2300,0.0
2301,0.0
2302,0.0
2303,0.0
2304,0.0
2305,0.0
2306,0.0
2307,0.0
2308,0.0
2309,0.0
2310,0.02818
2311,0.14948
2312,0.29408
2313,0.43205
2314,0.45027999999999996
2315,0.55012
2316,0.40085000000000004
2317,0.38298000000000004
2318,0.25924
2319,0.22661
2320,0.10543999999999999
2321,0.02156
2322,0.0
2323,0.0
2324,0.0
2325,0.0
2326,0.0
2327,0.0
2328,0.0
2329,0.0
2330,0.0
2331,0.0
2332,0.0
2333,0.0
2334,0.031190000000000002
2335,0.13069
2336,0.2371
2337,0.37683
2338,0.41519
2339,0.50844
2340,0.41763
2341,0.40976
2342,0.39046
2343,0.25780000000000003
2344,0.11633
2345,0.01671
2346,0.0
2347,0.0
2348,0.0
2349,0.0
2350,0.0
2351,0.0
2352,0.0
2353,0.0
2354,0.0
2355,0.0
2356,0.0
2357,0.0
2358,0.04568
2359,0.19556
2360,0.44107999999999997
2361,0.54541
2362,0.51491
2363,0.38256
2364,0.5317200000000001
2365,0.42865
2366,0.37701
2367,0.27873000000000003
2368,0.14575
2369,0.0156
2370,0.0
2371,0.0
2372,0.0
2373,0.0
2374,0.0
2375,0.0
2376,0.0
2377,0.0
2378,0.0
2379,0.0
2380,0.0
2381,0.0
2382,0.0545
2383,0.19244999999999998
2384,0.36795
2385,0.5341699999999999
2386,0.57856
2387,0.4555
2388,0.44848000000000005
2389,0.55388
2390,0.39218000000000003
2391,0.22356
2392,0.15481999999999999
2393,0.0208
2394,0.0
2395,0.0
2396,0.0
2397,0.0
2398,0.0
2399,0.0
2400,0.0
2401,0.0
2402,0.0
2403,0.0
2404,0.0
2405,0.0
2406,0.05113
2407,0.18144
2408,0.33951
2409,0.42544
2410,0.57487
2411,0.65107
2412,0.65188
2413,0.55735
2414,0.31661
2415,0.21705000000000002
2416,0.11059000000000001
2417,0.02109
2418,0.0
2419,0.0
2420,0.0
2421,0.0
2422,0.0
2423,0.0
2424,0.0
2425,0.0
2426,0.0
2427,0.0
2428,0.0
2429,0.0
2430,0.05285
2431,0.20861000000000002
2432,0.37981
2433,0.5175599999999999
2434,0.59345
2435,0.62139
2436,0.62648
2437,0.49307999999999996
2438,0.30223
2439,0.15884
2440,0.08921
2441,0.02117
2442,0.0
2443,0.0
2444,0.0
2445,0.0
2446,0.0
2447,0.0
2448,0.0
2449,0.0
2450,0.0
2451,0.0
2452,0.0
2453,0.0
2454,0.055670000000000004
2455,0.18744
2456,0.36085
2457,0.52736
2458,0.46738
2459,0.31969
2460,0.44077
2461,0.31661
2462,0.28939
2463,0.25527
2464,0.13298
2465,0.01711
2466,0.0
2467,0.0
2468,0.0
2469,0.0
2470,0.0
2471,0.0
2472,0.0
2473,0.0
2474,0.0
2475,0.0
2476,0.0
2477,0.0
2478,0.047299999999999995
2479,0.19526
2480,0.34220999999999996
2481,0.41612
2482,0.62312
2483,0.60497
2484,0.44401999999999997
2485,0.45868000000000003
2486,0.35036
2487,0.23505
2488,0.09837
2489,0.02123
2490,0.0
2491,0.0
2492,0.0
2493,0.0
2494,0.0
2495,0.0
2496,0.0
2497,0.0
2498,0.0
2499,0.0
2500,0.0
2501,0.0
2502,0.05974
2503,0.20837
2504,0.37225
2505,0.525
2506,0.58125
2507,0.61427
2508,0.59708
2509,0.50541
2510,0.27884
2511,0.15349000000000002
2512,0.08622
2513,0.0238
2514,0.0
2515,0.0
2516,0.0
2517,0.0
2518,0.0
2519,0.0
2520,0.0
2521,0.0
2522,0.0
2523,0.0
2524,0.0
2525,0.0
2526,0.04858
2527,0.1976
2528,0.42769999999999997
2529,0.50487
2530,0.5781900000000001
2531,0.651
2532,0.6381
2533,0.54169
2534,0.46413
2535,0.30061
2536,0.11594
2537,0.0232
2538,0.0
2539,0.0
2540,0.0
2541,0.0
2542,0.0
2543,0.0
2544,0.0
2545,0.0
2546,0.0
2547,0.0
2548,0.0
2549,0.0
2550,0.03631
2551,0.19433
2552,0.35779
2553,0.42937000000000003
2554,0.54272
2555,0.37686000000000003
2556,0.38356999999999997
2557,0.26780000000000004
2558,0.18422
2559,0.13688
2560,0.08435
2561,0.01617
2562,0.0
2563,0.0
2564,0.0
2565,0.0
2566,0.0
2567,0.0
2568,0.0
2569,0.0
2570,0.0
2571,0.0
2572,0.0
2573,0.0
2574,0.06279
2575,0.23249
2576,0.32500999999999997
2577,0.4774
2578,0.58628
2579,0.4598
2580,0.42235
2581,0.41737
2582,0.34207
2583,0.23188
2584,0.13057
2585,0.022420000000000002
2586,0.0
2587,0.0
2588,0.0
2589,0.0
2590,0.0
2591,0.0
2592,0.0
2593,0.0
2594,0.0
2595,0.0
2596,0.0
2597,0.0
2598,0.040229999999999995
2599,0.20409
2600,0.36455
2601,0.49212
2602,0.57149
2603,0.30457999999999996
2604,0.47786
2605,0.35667000000000004
2606,0.42655
2607,0.28492
2608,0.12149
2609,0.01569
2610,0.0
2611,0.0
2612,0.0
2613,0.0
2614,0.0
2615,0.0
2616,0.0
2617,0.0
2618,0.0
2619,0.0
2620,0.0
2621,0.0
2622,0.047490000000000004
2623,0.21406999999999998
2624,0.40855
2625,0.54359
2626,0.6416799999999999
2627,0.6005
2628,0.53396
2629,0.39624000000000004
2630,0.34996
2631,0.22358
2632,0.10019
2633,0.02277
2634,0.0
2635,0.0
2636,0.0
2637,0.0
2638,0.0
2639,0.0
2640,0.0
2641,0.0
2642,0.0
2643,0.0
2644,0.0
2645,0.0
2646,0.04549
2647,0.18111000000000002
2648,0.32261
2649,0.43207
2650,0.49094
2651,0.51371
2652,0.5908
2653,0.4915
2654,0.39994
2655,0.25901
2656,0.1025
2657,0.02275
2658,0.0
2659,0.0
2660,0.0
2661,0.0
2662,0.0
2663,0.0
2664,0.0
2665,0.0
2666,0.0
2667,0.0
2668,0.0
2669,0.0
2670,0.03435
2671,0.13779
2672,0.27041000000000004
2673,0.41781
2674,0.5494600000000001
2675,0.49241
2676,0.50196
2677,0.48499000000000003
2678,0.38874000000000003
2679,0.16404
2680,0.06864
2681,0.02137
2682,0.0
2683,0.0
2684,0.0
2685,0.0
2686,0.0
2687,0.0
2688,0.0
2689,0.0
2690,0.0
2691,0.0
2692,0.0
2693,0.0
2694,0.01737
2695,0.13096000000000002
2696,0.29369
2697,0.36927
2698,0.36460000000000004
2699,0.46945
2700,0.50301
2701,0.39272
2702,0.33079000000000003
2703,0.18934
2704,0.09836
2705,0.025070000000000002
2706,0.0
2707,0.0
2708,0.0
2709,0.0
2710,0.0
2711,0.0
2712,0.0
2713,0.0
2714,0.0
2715,0.0
2716,0.0
2717,0.0
2718,0.02904
2719,0.15452000000000002
2720,0.28264
2721,0.35119
2722,0.46945
2723,0.5219199999999999
2724,0.47255
2725,0.26724000000000003
2726,0.24514
2727,0.22038999999999997
2728,0.12217
2729,0.02658
2730,0.0
2731,0.0
2732,0.0
2733,0.0
2734,0.0
2735,0.0
2736,0.0
2737,0.0
2738,0.0
2739,0.0
2740,0.0
2741,0.0
2742,0.0653
2743,0.20586000000000002
2744,0.29618
2745,0.38975
2746,0.43624
2747,0.49668
2748,0.49231
2749,0.52283
2750,0.42582
2751,0.24347
2752,0.10872
2753,0.027170000000000003
2754,0.0
2755,0.0
2756,0.0
2757,0.0
2758,0.0
2759,0.0
2760,0.0
2761,0.0
2762,0.0
2763,0.0
2764,0.0
2765,0.0
2766,0.04057
2767,0.20162
2768,0.40248
2769,0.50031
2770,0.47764999999999996
2771,0.57375
2772,0.55962
2773,0.5004
2774,0.28726999999999997
2775,0.17269
2776,0.06240999999999999
2777,0.0061200000000000004
2778,0.0
2779,0.0
2780,0.0
2781,0.0
2782,0.0
2783,0.0
2784,0.0
2785,0.0
2786,0.0
2787,0.0
2788,0.0
2789,0.0
2790,0.053829999999999996
2791,0.10983
2792,0.21987
2793,0.35388
2794,0.45650999999999997
2795,0.47875
2796,0.3797
2797,0.23079
2798,0.20199
2799,0.15531999999999999
2800,0.08256999999999999
2801,0.02564
2802,0.0
2803,0.0
2804,0.0
2805,0.0
2806,0.0
2807,0.0
2808,0.0
2809,0.0
2810,0.0
2811,0.0
2812,0.0
2813,0.0
2814,0.06263
2815,0.21621
2816,0.3506
2817,0.45564
2818,0.54491
2819,0.49225
2820,0.37125
2821,0.51646
2822,0.29682
2823,0.15056999999999998
2824,0.04232
2825,0.016550000000000002
2826,0.0
2827,0.0
2828,0.0
2829,0.0
2830,0.0
2831,0.0
2832,0.0
2833,0.0
2834,0.0
2835,0.0
2836,0.0
2837,0.0
2838,0.03324
2839,0.16226
2840,0.3266
2841,0.45593
2842,0.53388
2843,0.52043
2844,0.312
2845,0.22199000000000002
2846,0.27293
2847,0.16541999999999998
2848,0.05503
2849,0.01311
2850,0.0
2851,0.0
2852,0.0
2853,0.0
2854,0.0
2855,0.0
2856,0.0
2857,0.0
2858,0.0
2859,0.0
2860,0.0
2861,0.0
2862,0.07773999999999999
2863,0.24106
2864,0.38855
2865,0.47869
2866,0.61276
2867,0.60292
2868,0.60784
2869,0.48169999999999996
2870,0.32655
2871,0.19409
2872,0.12057999999999999
2873,0.019969999999999998
2874,0.0
2875,0.0
2876,0.0
2877,0.0
2878,0.0
2879,0.0
2880,0.0
2881,0.0
2882,0.0
2883,0.0
2884,0.0
2885,0.0
2886,0.026879999999999998
2887,0.14225
2888,0.26794999999999997
2889,0.33515
2890,0.41802999999999996
2891,0.5009100000000001
2892,0.54292
2893,0.34025
2894,0.36836
2895,0.22062
2896,0.10513
2897,0.01418
2898,0.0
2899,0.0
2900,0.0
2901,0.0
2902,0.0
2903,0.0
2904,0.0
2905,0.0
2906,0.0
2907,0.0
2908,0.0
2909,0.0
2910,0.03468
2911,0.11964
2912,0.30207
2913,0.38268
2914,0.48999000000000004
2915,0.5093799999999999
2916,0.4828
2917,0.30899
2918,0.3088
2919,0.15278999999999998
2920,0.07368999999999999
2921,0.016890000000000002
2922,0.0
2923,0.0
2924,0.0
2925,0.0
2926,0.0
2927,0.0
2928,0.0
2929,0.0
2930,0.0
2931,0.0
2932,0.0
2933,0.0
2934,0.07001
2935,0.26812
2936,0.43949
2937,0.48068
2938,0.56048
2939,0.5578099999999999
2940,0.58273
2941,0.48319999999999996
2942,0.34652999999999995
2943,0.22037
2944,0.07557
2945,0.01795
2946,0.0
2947,0.0
2948,0.0
2949,0.0
2950,0.0
2951,0.0
2952,0.0
2953,0.0
2954,0.0
2955,0.0
2956,0.0
2957,0.0
2958,0.047810000000000005
2959,0.1368
2960,0.26576
2961,0.29118
2962,0.38477999999999996
2963,0.36998000000000003
2964,0.36379
2965,0.34061
2966,0.22038
2967,0.08598
2968,0.02995
2969,0.01532
2970,0.0
2971,0.0
2972,0.0
2973,0.0
2974,0.0
2975,0.0
2976,0.0
2977,0.0
2978,0.0
2979,0.0
2980,0.0
2981,0.0
2982,0.00949
2983,0.07291
2984,0.17341
2985,0.26067
2986,0.37925
2987,0.33096
2988,0.2739
2989,0.25824
2990,0.1885
2991,0.09584000000000001
2992,0.06584999999999999
2993,0.013859999999999999
2994,0.0
2995,0.0
2996,0.0
2997,0.0
2998,0.0
2999,0.0
3000,0.0
3001,0.0
3002,0.0
3003,0.0
3004,0.0
3005,0.0
3006,0.02266
3007,0.08616
3008,0.17711000000000002
3009,0.2346
3010,0.27361
3011,0.25083
3012,0.26402
3013,0.2422
3014,0.20867
3015,0.20281
3016,0.11919
3017,0.02594
3018,0.0
3019,0.0
3020,0.0
3021,0.0
3022,0.0
3023,0.0
3024,0.0
3025,0.0
3026,0.0
3027,0.0
3028,0.0
3029,0.0
3030,0.05468
3031,0.19243000000000002
3032,0.29072000000000003
3033,0.41908999999999996
3034,0.4182
3035,0.39770999999999995
3036,0.3127
3037,0.2975
3038,0.18666999999999997
3039,0.10071
3040,0.07364
3041,0.02577
3042,0.0
3043,0.0
3044,0.0
3045,0.0
3046,0.0
3047,0.0
3048,0.0
3049,0.0
3050,0.0
3051,0.0
3052,0.0
3053,0.0
3054,0.06376
3055,0.22499
3056,0.39981
3057,0.44137
3058,0.47826
3059,0.62527
3060,0.56165
3061,0.48846
3062,0.44716
3063,0.27775
3064,0.12516
3065,0.01276
3066,0.0
3067,0.0
3068,0.0
3069,0.0
3070,0.0
3071,0.0
3072,0.0
3073,0.0
3074,0.0
3075,0.0
3076,0.0
3077,0.0
3078,0.07834999999999999
3079,0.24412
3080,0.42272000000000004
3081,0.49161
3082,0.50204
3083,0.63934
3084,0.66416
3085,0.50264
3086,0.29752
3087,0.19691999999999998
3088,0.12827000000000002
3089,0.02671
3090,0.0
3091,0.0
3092,0.0
3093,0.0
3094,0.0
3095,0.0
3096,0.0
3097,0.0
3098,0.0
3099,0.0
3100,0.0
3101,0.0
3102,0.0564
3103,0.20893
3104,0.31166000000000005
3105,0.41196
3106,0.5382
3107,0.6582
3108,0.61294
3109,0.3255
3110,0.31698000000000004
3111,0.25959
3112,0.12813999999999998
3113,0.02241
3114,0.0
3115,0.0
3116,0.0
3117,0.0
3118,0.0
3119,0.0
3120,0.0
3121,0.0
3122,0.0
3123,0.0
3124,0.0
3125,0.0
3126,0.08254
3127,0.2562
3128,0.42933
3129,0.4455
3130,0.50493
3131,0.50862
3132,0.51885
3133,0.46693
3134,0.36404000000000003
3135,0.22943
3136,0.10126
3137,0.02041
3138,0.0
3139,0.0
3140,0.0
3141,0.0
3142,0.0
3143,0.0
3144,0.0
3145,0.0
3146,0.0
3147,0.0
3148,0.0
3149,0.0
3150,0.07489
3151,0.25154
3152,0.36287
3153,0.38491000000000003
3154,0.5124099999999999
3155,0.5789500000000001
3156,0.45816
3157,0.30351999999999996
3158,0.32006999999999997
3159,0.20652
3160,0.09290000000000001
3161,0.01798
3162,0.0
3163,0.0
3164,0.0
3165,0.0
3166,0.0
3167,0.0
3168,0.0
3169,0.0
3170,0.0
3171,0.0
3172,0.0
3173,0.0
3174,0.05827
3175,0.2035
3176,0.37324
3177,0.48725
3178,0.53306
3179,0.60839
3180,0.44676
3181,0.41702999999999996
3182,0.31227999999999995
3183,0.26150999999999996
3184,0.14429
3185,0.02132
3186,0.0
3187,0.0
3188,0.0
3189,0.0
3190,0.0
3191,0.0
3192,0.0
3193,0.0
3194,0.0
3195,0.0
3196,0.0
3197,0.0
3198,0.05873
3199,0.2016
3200,0.30904000000000004
3201,0.43567
3202,0.48514999999999997
3203,0.51188
3204,0.5488099999999999
3205,0.46658999999999995
3206,0.42739
3207,0.18772
3208,0.07823999999999999
3209,0.027239999999999997
3210,0.0
3211,0.0
3212,0.0
3213,0.0
3214,0.0
3215,0.0
3216,0.0
3217,0.0
3218,0.0
3219,0.0
3220,0.0
3221,0.0
3222,0.08631
3223,0.27627999999999997
3224,0.43447
3225,0.5509700000000001
3226,0.6166900000000001
3227,0.60277
3228,0.57584
3229,0.5012099999999999
3230,0.30860000000000004
3231,0.25589
3232,0.13557
3233,0.023100000000000002
3234,0.0
3235,0.0
3236,0.0
3237,0.0
3238,0.0
3239,0.0
3240,0.0
3241,0.0
3242,0.0
3243,0.0
3244,0.0
3245,0.0
3246,0.08287
3247,0.28076
3248,0.44458
3249,0.5475099999999999
3250,0.56191
3251,0.6313799999999999
3252,0.57841
3253,0.43013999999999997
3254,0.37274
3255,0.2195
3256,0.1463
3257,0.02532
3258,0.0
3259,0.0
3260,0.0
3261,0.0
3262,0.0
3263,0.0
3264,0.0
3265,0.0
3266,0.0
3267,0.0
3268,0.0
3269,0.0
3270,0.0831
3271,0.27466
3272,0.43698000000000004
3273,0.54139
3274,0.60229
3275,0.56551
3276,0.48695
3277,0.49007999999999996
3278,0.40376
3279,0.24769999999999998
3280,0.10104
3281,0.01992
3282,0.0
3283,0.0
3284,0.0
3285,0.0
3286,0.0
3287,0.0
3288,0.0
3289,0.0
3290,0.0
3291,0.0
3292,0.0
3293,0.0
3294,0.07662000000000001
3295,0.25417
3296,0.36192
3297,0.48606
3298,0.46867000000000003
3299,0.63625
3300,0.59773
3301,0.37887
3302,0.29779
3303,0.27708999999999995
3304,0.15073
3305,0.01955
3306,0.0
3307,0.0
3308,0.0
3309,0.0
3310,0.0
3311,0.0
3312,0.0
3313,0.0
3314,0.0
3315,0.0
3316,0.0
3317,0.0
3318,0.06642
3319,0.23971
3320,0.32155
3321,0.39033
3322,0.54812
3323,0.53136
3324,0.47289
3325,0.43402999999999997
3326,0.41164
3327,0.26194
3328,0.11781
3329,0.023620000000000002
3330,0.0
3331,0.0
3332,0.0
3333,0.0
3334,0.0
3335,0.0
3336,0.0
3337,0.0
3338,0.0
3339,0.0
3340,0.0
3341,0.0
3342,0.03748
3343,0.19213
3344,0.25440999999999997
3345,0.3358
3346,0.5468999999999999
3347,0.51966
3348,0.5465099999999999
3349,0.33927999999999997
3350,0.2268
3351,0.31299
3352,0.1178
3353,0.02341
3354,0.0
3355,0.0
3356,0.0
3357,0.0
3358,0.0
3359,0.0
3360,0.0
3361,0.0
3362,0.0
3363,0.0
3364,0.0
3365,0.0
3366,0.08436
3367,0.26114
3368,0.42857
3369,0.43881
3370,0.55179
3371,0.61995
3372,0.58215
3373,0.36612
3374,0.30294
3375,0.23463
3376,0.09393000000000001
3377,0.02561
3378,0.0
3379,0.0
3380,0.0
3381,0.0
3382,0.0
3383,0.0
3384,0.0
3385,0.0
3386,0.0
3387,0.0
3388,0.0
3389,0.0
3390,0.08635
3391,0.27555
3392,0.42999
3393,0.53495
3394,0.60653
3395,0.64847
3396,0.61999
3397,0.49623
3398,0.43399
3399,0.28089
3400,0.12763
3401,0.02696
3402,0.0
3403,0.0
3404,0.0
3405,0.0
3406,0.0
3407,0.0
3408,0.0
3409,0.0
3410,0.0
3411,0.0
3412,0.0
3413,0.0
3414,0.08364
3415,0.26172
3416,0.42352
3417,0.51166
3418,0.59248
3419,0.6327999999999999
3420,0.53775
3421,0.50252
3422,0.31004000000000004
3423,0.14173
3424,0.06467
3425,0.01881
3426,0.0
3427,0.0
3428,0.0
3429,0.0
3430,0.0
3431,0.0
3432,0.0
3433,0.0
3434,0.0
3435,0.0
3436,0.0
3437,0.0
3438,0.08811
3439,0.27843
3440,0.43762
3441,0.5540900000000001
3442,0.61033
3443,0.62242
3444,0.5973200000000001
3445,0.53403
3446,0.40099
3447,0.27
3448,0.13966
3449,0.02164
3450,0.0
3451,0.0
3452,0.0
3453,0.0
3454,0.0
3455,0.0
3456,0.0
3457,0.0
3458,0.0
3459,0.0
3460,0.0
3461,0.0
3462,0.055920000000000004
3463,0.24295
3464,0.36949
3465,0.46945
3466,0.46735000000000004
3467,0.5203
3468,0.48579
3469,0.37618
3470,0.16688999999999998
3471,0.11995
3472,0.07095
3473,0.02318
3474,0.0
3475,0.0
3476,0.0
3477,0.0
3478,0.0
3479,0.0
3480,0.0
3481,0.0
3482,0.0
3483,0.0
3484,0.0
3485,0.0
3486,0.05241
3487,0.18141
3488,0.32313
3489,0.4019
3490,0.44216
3491,0.50171
3492,0.5418200000000001
3493,0.26922
3494,0.32852
3495,0.21169
3496,0.09214
3497,0.02395
3498,0.0
3499,0.0
3500,0.0
3501,0.0
3502,0.0
3503,0.0
3504,0.0
3505,0.0
3506,0.0
3507,0.0
3508,0.0
3509,0.0
3510,0.06054
3511,0.22353
3512,0.38288
3513,0.48412
3514,0.5671499999999999
3515,0.57957
3516,0.50095
3517,0.53661
3518,0.39959
3519,0.28729000000000005
3520,0.11145999999999999
3521,0.0198
3522,0.0
3523,0.0
3524,0.0
3525,0.0
3526,0.0
3527,0.0
3528,0.0
3529,0.0
3530,0.0
3531,0.0
3532,0.0
3533,0.0
3534,0.04836
3535,0.18284999999999998
3536,0.3212
3537,0.47166
3538,0.5264099999999999
3539,0.58251
3540,0.51518
3541,0.4716
3542,0.40363
3543,0.23633
3544,0.13174
3545,0.03506
3546,0.0
3547,0.0
3548,0.0
3549,0.0
3550,0.0
3551,0.0
3552,0.0
3553,0.0
3554,0.0
3555,0.0
3556,0.0
3557,0.0
3558,0.08144
3559,0.22490000000000002
3560,0.38589999999999997
3561,0.49588
3562,0.52719
3563,0.57955
3564,0.55676
3565,0.50185
3566,0.38806
3567,0.24101
3568,0.08439
3569,0.023149999999999997
3570,0.0
3571,0.0
3572,0.0
3573,0.0
3574,0.0
3575,0.0
3576,0.0
3577,0.0
3578,0.0
3579,0.0
3580,0.0
3581,0.0
3582,0.04298
3583,0.15287
3584,0.30694
3585,0.44808
3586,0.50268
3587,0.55745
3588,0.31942000000000004
3589,0.45331
3590,0.29508999999999996
3591,0.18108000000000002
3592,0.08568
3593,0.01455
3594,0.0
3595,0.0
3596,0.0
3597,0.0
3598,0.0
3599,0.0
3600,0.0
3601,0.0
3602,0.0
3603,0.0
3604,0.0
3605,0.0
3606,0.07461
3607,0.23775
3608,0.37577
3609,0.4462
3610,0.49582
3611,0.5581799999999999
3612,0.51184
3613,0.47995
3614,0.41197
3615,0.1896
3616,0.07243000000000001
3617,0.00414
3618,0.0
3619,0.0
3620,0.0
3621,0.0
3622,0.0
3623,0.0
3624,0.0
3625,0.0
3626,0.0
3627,0.0
3628,0.0
3629,0.0
3630,0.06456999999999999
3631,0.19971
3632,0.33952
3633,0.43933
3634,0.60522
3635,0.61718
3636,0.60563
3637,0.49163
3638,0.36202999999999996
3639,0.24513
3640,0.07823000000000001
3641,0.027460000000000002
3642,0.0
3643,0.0
3644,0.0
3645,0.0
3646,0.0
3647,0.0
3648,0.0
3649,0.0
3650,0.0
3651,0.0
3652,0.0
3653,0.0
3654,0.08023999999999999
3655,0.24484
3656,0.41164
3657,0.45139999999999997
3658,0.44027999999999995
3659,0.57132
3660,0.5788099999999999
3661,0.41764999999999997
3662,0.32992
3663,0.22322
3664,0.09777
3665,0.02786
3666,0.0
3667,0.0
3668,0.0
3669,0.0
3670,0.0
3671,0.0
3672,0.0
3673,0.0
3674,0.0
3675,0.0
3676,0.0
3677,0.0
3678,0.06497
3679,0.19125999999999999
3680,0.29388
3681,0.45554
3682,0.5345
3683,0.53377
3684,0.61575
3685,0.49273
3686,0.43045999999999995
3687,0.24297
3688,0.11036
3689,0.02219
3690,0.0
3691,0.0
3692,0.0
3693,0.0
3694,0.0
3695,0.0
3696,0.0
3697,0.0
3698,0.0
3699,0.0
3700,0.0
3701,0.0
3702,0.07382999999999999
3703,0.24878999999999998
3704,0.41088
3705,0.5026499999999999
3706,0.59996
3707,0.57853
3708,0.5671499999999999
3709,0.5401
3710,0.42317
3711,0.28378
3712,0.16288
3713,0.01805
3714,0.0
3715,0.0
3716,0.0
3717,0.0
3718,0.0
3719,0.0
3720,0.0
3721,0.0
3722,0.0
3723,0.0
3724,0.0
3725,0.0
3726,0.08617
3727,0.27307
3728,0.44543
3729,0.5350199999999999
3730,0.59402
3731,0.6037899999999999
3732,0.55492
3733,0.54613
3734,0.42296
3735,0.29999000000000003
3736,0.11114
3737,0.02219
3738,0.0
3739,0.0
3740,0.0
3741,0.0
3742,0.0
3743,0.0
3744,0.0
3745,0.0
3746,0.0
3747,0.0
3748,0.0
3749,0.0
3750,0.08319
3751,0.27143
3752,0.43723
3753,0.53223
3754,0.60721
3755,0.58214
3756,0.59946
3757,0.50231
3758,0.43313
3759,0.25843
3760,0.13332
3761,0.02595
3762,0.0
3763,0.0
3764,0.0
3765,0.0
3766,0.0
3767,0.0
3768,0.0
3769,0.0
3770,0.0
3771,0.0
3772,0.0
3773,0.0
3774,0.07629999999999999
3775,0.25709
3776,0.41035000000000005
3777,0.53179
3778,0.57398
3779,0.56314
3780,0.61276
3781,0.51979
3782,0.43864
3783,0.32066
3784,0.14679
3785,0.02409
3786,0.0
3787,0.0
3788,0.0
3789,0.0
3790,0.0
3791,0.0
3792,0.0
3793,0.0
3794,0.0
3795,0.0
3796,0.0
3797,0.0
3798,0.05758
3799,0.21112
3800,0.35328
3801,0.44749
3802,0.44889999999999997
3803,0.5923200000000001
3804,0.5847899999999999
3805,0.47707
3806,0.39117
3807,0.24715
3808,0.12390999999999999
3809,0.03614
3810,0.0
3811,0.0
3812,0.0
3813,0.0
3814,0.0
3815,0.0
3816,0.0
3817,0.0
3818,0.0
3819,0.0
3820,0.0
3821,0.0
3822,0.0067599999999999995
3823,0.07556
3824,0.26331
3825,0.43018
3826,0.56176
3827,0.5694400000000001
3828,0.51601
3829,0.42125999999999997
3830,0.28054
3831,0.14821
3832,0.03525
3833,0.021079999999999998
3834,0.0
3835,0.0
3836,0.0
3837,0.0
3838,0.0
3839,0.0
3840,0.0
3841,0.0
3842,0.0
3843,0.0
3844,0.0
3845,0.0
3846,0.07984000000000001
3847,0.26029
3848,0.42985
3849,0.53774
3850,0.6141
3851,0.62046
3852,0.59922
3853,0.49321
3854,0.34056000000000003
3855,0.21574000000000002
3856,0.08043
3857,0.03668
3858,0.0
3859,0.0
3860,0.0
3861,0.0
3862,0.0
3863,0.0
3864,0.0
3865,0.0
3866,0.0
3867,0.0
3868,0.0
3869,0.0
3870,0.051770000000000004
3871,0.18136000000000002
3872,0.25552
3873,0.29462
3874,0.47616
3875,0.486
3876,0.47886
3877,0.45899
3878,0.41773000000000005
3879,0.28942
3880,0.13695
3881,0.027170000000000003
3882,0.0
3883,0.0
3884,0.0
3885,0.0
3886,0.0
3887,0.0
3888,0.0
3889,0.0
3890,0.0
3891,0.0
3892,0.0
3893,0.0
3894,0.02274
3895,0.07485
3896,0.17812
3897,0.27947000000000005
3898,0.2825
3899,0.26188
3900,0.29883
3901,0.37201999999999996
3902,0.29370999999999997
3903,0.1376
3904,0.05435
3905,0.02082
3906,0.0
3907,0.0
3908,0.0
3909,0.0
3910,0.0
3911,0.0
3912,0.0
3913,0.0
3914,0.0
3915,0.0
3916,0.0
3917,0.0
3918,0.01259
3919,0.08406999999999999
3920,0.24878
3921,0.31586000000000003
3922,0.51522
3923,0.59692
3924,0.5285599999999999
3925,0.30081
3926,0.30511
3927,0.16194
3928,0.10991
3929,0.019649999999999997
3930,0.0
3931,0.0
3932,0.0
3933,0.0
3934,0.0
3935,0.0
3936,0.0
3937,0.0
3938,0.0
3939,0.0
3940,0.0
3941,0.0
3942,0.02816
3943,0.08727
3944,0.15072
3945,0.26309
3946,0.4173
3947,0.29762
3948,0.39568000000000003
3949,0.3349
3950,0.20005
3951,0.10597
3952,0.05143
3953,0.0245
3954,0.0
3955,0.0
3956,0.0
3957,0.0
3958,0.0
3959,0.0
3960,0.0
3961,0.0
3962,0.0
3963,0.0
3964,0.0
3965,0.0
3966,0.07432
3967,0.25574
3968,0.41261000000000003
3969,0.50616
3970,0.5675800000000001
3971,0.54692
3972,0.52026
3973,0.40714999999999996
3974,0.33269
3975,0.16841
3976,0.04952
3977,0.01174
3978,0.0
3979,0.0
3980,0.0
3981,0.0
3982,0.0
3983,0.0
3984,0.0
3985,0.0
3986,0.0
3987,0.0
3988,0.0
3989,0.0
3990,0.05141
3991,0.20885
3992,0.29592
3993,0.40226
3994,0.39847000000000005
3995,0.43813
3996,0.38923
3997,0.3985
3998,0.26483
3999,0.27077999999999997
4000,0.13366
4001,0.03214
4002,0.0
4003,0.0
4004,0.0
4005,0.0
4006,0.0
4007,0.0
4008,0.0
4009,0.0
4010,0.0
4011,0.0
4012,0.0
4013,0.0
4014,0.05793
4015,0.20075
4016,0.36678
4017,0.41164
4018,0.51386
4019,0.58492
4020,0.49889999999999995
4021,0.4947
4022,0.38351999999999997
4023,0.22704
4024,0.10037
4025,0.03393
4026,0.0
4027,0.0
4028,0.0
4029,0.0
4030,0.0
4031,0.0
4032,0.0
4033,0.0
4034,0.0
4035,0.0
4036,0.0
4037,0.0
4038,0.06469
4039,0.22616
4040,0.32776
4041,0.50149
4042,0.57737
4043,0.53969
4044,0.56504
4045,0.48175999999999997
4046,0.40931
4047,0.24287999999999998
4048,0.13757
4049,0.02186
4050,0.0
4051,0.0
4052,0.0
4053,0.0
4054,0.0
4055,0.0
4056,0.0
4057,0.0
4058,0.0
4059,0.0
4060,0.0
4061,0.0
4062,0.07762999999999999
4063,0.2622
4064,0.42788
4065,0.5514199999999999
4066,0.63497
4067,0.67437
4068,0.65819
4069,0.5216000000000001
4070,0.4117
4071,0.28686
4072,0.16459000000000001
4073,0.025670000000000002
4074,0.0
4075,0.0
4076,0.0
4077,0.0
4078,0.0
4079,0.0
4080,0.0
4081,0.0
4082,0.0
4083,0.0
4084,0.0
4085,0.0
4086,0.05575
4087,0.20528
4088,0.37809
4089,0.53631
4090,0.62414
4091,0.64932
4092,0.57573
4093,0.45827999999999997
4094,0.30517
4095,0.25234
4096,0.09766
4097,0.02686
4098,0.0
4099,0.0
4100,0.0
4101,0.0
4102,0.0
4103,0.0
4104,0.0
4105,0.0
4106,0.0
4107,0.0
4108,0.0
4109,0.0
4110,0.05294
4111,0.21184999999999998
4112,0.29291
4113,0.41276999999999997
4114,0.50512
4115,0.52491
4116,0.49343
4117,0.46044
4118,0.45312
4119,0.24028
4120,0.09065000000000001
4121,0.02469
4122,0.0
4123,0.0
4124,0.0
4125,0.0
4126,0.0
4127,0.0
4128,0.0
4129,0.0
4130,0.0
4131,0.0
4132,0.0
4133,0.0
4134,0.06620000000000001
4135,0.24272
4136,0.39476999999999995
4137,0.49461
4138,0.5989500000000001
4139,0.6083999999999999
4140,0.60253
4141,0.54903
4142,0.39696
4143,0.2726
4144,0.15428999999999998
4145,0.027899999999999998
4146,0.0
4147,0.0
4148,0.0
4149,0.0
4150,0.0
4151,0.0
4152,0.0
4153,0.0
4154,0.0
4155,0.0
4156,0.0
4157,0.0
4158,0.07271999999999999
4159,0.24206
4160,0.40520999999999996
4161,0.47967000000000004
4162,0.55383
4163,0.58713
4164,0.5921799999999999
4165,0.50524
4166,0.19391
4167,0.18325999999999998
4168,0.1129
4169,0.03413
4170,0.0
4171,0.0
4172,0.0
4173,0.0
4174,0.0
4175,0.0
4176,0.0
4177,0.0
4178,0.0
4179,0.0
4180,0.0
4181,0.0
4182,0.05825
4183,0.23437
4184,0.37419
4185,0.48895
4186,0.5126900000000001
4187,0.5368099999999999
4188,0.59508
4189,0.39844
4190,0.40346
4191,0.24441
4192,0.14443999999999999
4193,0.02624
4194,0.0
4195,0.0
4196,0.0
4197,0.0
4198,0.0
4199,0.0
4200,0.0
4201,0.0
4202,0.0
4203,0.0
4204,0.0
4205,0.0
4206,0.06787
4207,0.25081
4208,0.39494
4209,0.44193
4210,0.56053
4211,0.55175
4212,0.50998
4213,0.49721
4214,0.34452999999999995
4215,0.26477
4216,0.1358
4217,0.0402
4218,0.0
4219,0.0
4220,0.0
4221,0.0
4222,0.0
4223,0.0
4224,0.0
4225,0.0
4226,0.0
4227,0.0
4228,0.0
4229,0.0
4230,0.04205
4231,0.14884
4232,0.28234
4233,0.26772
4234,0.48043
4235,0.47126999999999997
4236,0.47411000000000003
4237,0.33353
4238,0.31227
4239,0.24530000000000002
4240,0.12819
4241,0.040420000000000005
4242,0.0
4243,0.0
4244,0.0
4245,0.0
4246,0.0
4247,0.0
4248,0.0
4249,0.0
4250,0.0
4251,0.0
4252,0.0
4253,0.0
4254,0.044840000000000005
4255,0.15156
4256,0.28934
4257,0.38072
4258,0.42062
4259,0.44862
4260,0.50089
4261,0.48164
4262,0.37137
4263,0.28981
4264,0.11972
4265,0.02044
4266,0.0
4267,0.0
4268,0.0
4269,0.0
4270,0.0
4271,0.0
4272,0.0
4273,0.0
4274,0.0
4275,0.0
4276,0.0
4277,0.0
4278,0.056600000000000004
4279,0.22144
4280,0.40258999999999995
4281,0.5297200000000001
4282,0.5580499999999999
4283,0.63658
4284,0.57009
4285,0.55065
4286,0.39054
4287,0.30742
4288,0.11283
4289,0.029
4290,0.0
4291,0.0
4292,0.0
4293,0.0
4294,0.0
4295,0.0
4296,0.0
4297,0.0
4298,0.0
4299,0.0
4300,0.0
4301,0.0
4302,0.04333
4303,0.1753
4304,0.34567000000000003
4305,0.44754
4306,0.5183
4307,0.5195599999999999
4308,0.48423
4309,0.39524000000000004
4310,0.29156
4311,0.19340000000000002
4312,0.11058
4313,0.03365
4314,0.0
4315,0.0
4316,0.0
4317,0.0
4318,0.0
4319,0.0
4320,0.0
4321,0.0
4322,0.0
4323,0.0
4324,0.0
4325,0.0
4326,0.024739999999999998
4327,0.18114
4328,0.36573
4329,0.48257
4330,0.50819
4331,0.49193000000000003
4332,0.58466
4333,0.40207
4334,0.26539999999999997
4335,0.20537
4336,0.09370999999999999
4337,0.038310000000000004
4338,0.0
4339,0.0
4340,0.0
4341,0.0
4342,0.0
4343,0.0
4344,0.0
4345,0.0
4346,0.0
4347,0.0
4348,0.0
4349,0.0
4350,0.055119999999999995
4351,0.20491
4352,0.28014999999999995
4353,0.39094
4354,0.40618
4355,0.43242
4356,0.48533
4357,0.3982
4358,0.29741
4359,0.2009
4360,0.12328
4361,0.039439999999999996
4362,0.0
4363,0.0
4364,0.0
4365,0.0
4366,0.0
4367,0.0
4368,0.0
4369,0.0
4370,0.0
4371,0.0
4372,0.0
4373,0.0
4374,0.06486
4375,0.22218000000000002
4376,0.42606
4377,0.5581799999999999
4378,0.6182000000000001
4379,0.65088
4380,0.6246799999999999
4381,0.52162
4382,0.44814
4383,0.29102999999999996
4384,0.12633
4385,0.03818
4386,0.0
4387,0.0
4388,0.0
4389,0.0
4390,0.0
4391,0.0
4392,0.0
4393,0.0
4394,0.0
4395,0.0
4396,0.0
4397,0.0
4398,0.05933
4399,0.20862999999999998
4400,0.37701999999999997
4401,0.45881
4402,0.5801799999999999
4403,0.6021799999999999
4404,0.59794
4405,0.441
4406,0.29685
4407,0.16958
4408,0.09212000000000001
4409,0.037840000000000006
4410,0.0
4411,0.0
4412,0.0
4413,0.0
4414,0.0
4415,0.0
4416,0.0
4417,0.0
4418,0.0
4419,0.0
4420,0.0
4421,0.0
4422,0.02589
4423,0.11045
4424,0.23208
4425,0.3192
4426,0.45341000000000004
4427,0.49249
4428,0.45189
4429,0.39359
4430,0.21231
4431,0.10463
4432,0.044340000000000004
4433,0.02956
4434,0.0
4435,0.0
4436,0.0
4437,0.0
4438,0.0
4439,0.0
4440,0.0
4441,0.0
4442,0.0
4443,0.0
4444,0.0
4445,0.0
4446,0.03797
4447,0.1409
4448,0.23655
4449,0.35699000000000003
4450,0.48198
4451,0.5033
4452,0.49772000000000005
4453,0.41437999999999997
4454,0.27981
4455,0.13265000000000002
4456,0.07306
4457,0.02522
4458,0.0
4459,0.0
4460,0.0
4461,0.0
4462,0.0
4463,0.0
4464,0.0
4465,0.0
4466,0.0
4467,0.0
4468,0.0
4469,0.0
4470,0.04523
4471,0.16112
4472,0.25714
4473,0.38963
4474,0.46622
4475,0.48151
4476,0.5130399999999999
4477,0.3826
4478,0.38244
4479,0.16431
4480,0.08643
4481,0.02305
4482,0.0
4483,0.0
4484,0.0
4485,0.0
4486,0.0
4487,0.0
4488,0.0
4489,0.0
4490,0.0
4491,0.0
4492,0.0
4493,0.0
4494,0.06075
4495,0.22203
4496,0.38689
4497,0.49663
4498,0.5961000000000001
4499,0.5498500000000001
4500,0.52124
4501,0.41164
4502,0.25079
4503,0.13262000000000002
4504,0.13091999999999998
4505,0.03319
4506,0.0
4507,0.0
4508,0.0
4509,0.0
4510,0.0
4511,0.0
4512,0.0
4513,0.0
4514,0.0
4515,0.0
4516,0.0
4517,0.0
4518,0.0626
4519,0.25146
4520,0.41041000000000005
4521,0.55003
4522,0.62409
4523,0.6190599999999999
4524,0.56797
4525,0.5153
4526,0.42956
4527,0.31322000000000005
4528,0.13956
4529,0.02861
4530,0.0
4531,0.0
4532,0.0
4533,0.0
4534,0.0
4535,0.0
4536,0.0
4537,0.0
4538,0.0
4539,0.0
4540,0.0
4541,0.0
4542,0.06811
4543,0.25759
4544,0.41182
4545,0.55102
4546,0.61819
4547,0.68332
4548,0.64898
4549,0.5578500000000001
4550,0.39608
4551,0.21594999999999998
4552,0.13076
4553,0.032799999999999996
4554,0.0
4555,0.0
4556,0.0
4557,0.0
4558,0.0
4559,0.0
4560,0.0
4561,0.0
4562,0.0
4563,0.0
4564,0.0
4565,0.0
4566,0.046990000000000004
4567,0.19183
4568,0.32226
4569,0.41108
4570,0.45148
4571,0.45906
4572,0.42013
4573,0.39048
4574,0.29456
4575,0.11436
4576,0.11522
4577,0.03803
4578,0.0
4579,0.0
4580,0.0
4581,0.0
4582,0.0
4583,0.0
4584,0.0
4585,0.0
4586,0.0
4587,0.0
4588,0.0
4589,0.0
4590,0.016390000000000002
4591,0.08887
4592,0.23925
4593,0.30024
4594,0.37149
4595,0.45435000000000003
4596,0.38921
4597,0.39973000000000003
4598,0.30738
4599,0.14644
4600,0.11993000000000001
4601,0.03662
4602,0.0
4603,0.0
4604,0.0
4605,0.0
4606,0.0
4607,0.0
4608,0.0
4609,0.0
4610,0.0
4611,0.0
4612,0.0
4613,0.0
4614,0.05106
4615,0.19884000000000002
4616,0.30723
4617,0.34989
4618,0.45653
4619,0.39812000000000003
4620,0.37698000000000004
4621,0.35443
4622,0.34461
4623,0.24212999999999998
4624,0.13087000000000001
4625,0.038630000000000005
4626,0.0
4627,0.0
4628,0.0
4629,0.0
4630,0.0
4631,0.0
4632,0.0
4633,0.0
4634,0.0
4635,0.0
4636,0.0
4637,0.0
4638,0.0492
4639,0.20336
4640,0.377
4641,0.42869999999999997
4642,0.55568
4643,0.49851999999999996
4644,0.38979
4645,0.32891000000000004
4646,0.19154
4647,0.12329999999999999
4648,0.11031999999999999
4649,0.03723
4650,0.0
4651,0.0
4652,0.0
4653,0.0
4654,0.0
4655,0.0
4656,0.0
4657,0.0
4658,0.0
4659,0.0
4660,0.0
4661,0.0
4662,0.01001
4663,0.10413
4664,0.24436000000000002
4665,0.44294
4666,0.5460499999999999
4667,0.56296
4668,0.58276
4669,0.52779
4670,0.40670999999999996
4671,0.16602
4672,0.05346
4673,0.02409
4674,0.0
4675,0.0
4676,0.0
4677,0.0
4678,0.0
4679,0.0
4680,0.0
4681,0.0
4682,0.0
4683,0.0
4684,0.0
4685,0.0
4686,0.0404
4687,0.19797
4688,0.35042
4689,0.50996
4690,0.61618
4691,0.55102
4692,0.56569
4693,0.49767
4694,0.40487
4695,0.21033000000000002
4696,0.11826
4697,0.04071
4698,0.0
4699,0.0
4700,0.0
4701,0.0
4702,0.0
4703,0.0
4704,0.0
4705,0.0
4706,0.0
4707,0.0
4708,0.0
4709,0.0
4710,0.05536
4711,0.24412
4712,0.41289
4713,0.5445
4714,0.5678300000000001
4715,0.6391
4716,0.63667
4717,0.48051
4718,0.39775
4719,0.18749000000000002
4720,0.10035
4721,0.03211
4722,0.0
4723,0.0
4724,0.0
4725,0.0
4726,0.0
4727,0.0
4728,0.0
4729,0.0
4730,0.0
4731,0.0
4732,0.0
4733,0.0
4734,0.06345
4735,0.23317
4736,0.41579
4737,0.5402100000000001
4738,0.53164
4739,0.57139
4740,0.5013299999999999
4741,0.5268400000000001
4742,0.37556
4743,0.25362
4744,0.1207
4745,0.046810000000000004
4746,0.0
4747,0.0
4748,0.0
4749,0.0
4750,0.0
4751,0.0
4752,0.0
4753,0.0
4754,0.0
4755,0.0
4756,0.0
4757,0.0
4758,0.036539999999999996
4759,0.13984
4760,0.25655
4761,0.36615
4762,0.5346599999999999
4763,0.55316
4764,0.55896
4765,0.49022000000000004
4766,0.26636000000000004
4767,0.14892
4768,0.07275
4769,0.04437
4770,0.0
4771,0.0
4772,0.0
4773,0.0
4774,0.0
4775,0.0
4776,0.0
4777,0.0
4778,0.0
4779,0.0
4780,0.0
4781,0.0
4782,0.06171
4783,0.24401
4784,0.42663999999999996
4785,0.55348
4786,0.6164400000000001
4787,0.6096900000000001
4788,0.56439
4789,0.56479
4790,0.44331
4791,0.25931
4792,0.10588
4793,0.027780000000000003
4794,0.0
4795,0.0
4796,0.0
4797,0.0
4798,0.0
4799,0.0
4800,0.0
4801,0.0
4802,0.0
4803,0.0
4804,0.0
4805,0.0
4806,0.03539
4807,0.1441
4808,0.30344
4809,0.44383
4810,0.518
4811,0.61081
4812,0.51339
4813,0.39835000000000004
4814,0.42337
4815,0.21039
4816,0.09387000000000001
4817,0.03077
4818,0.0
4819,0.0
4820,0.0
4821,0.0
4822,0.0
4823,0.0
4824,0.0
4825,0.0
4826,0.0
4827,0.0
4828,0.0
4829,0.0
4830,0.040159999999999994
4831,0.18762
4832,0.33255
4833,0.40254
4834,0.57845
4835,0.55472
4836,0.6033099999999999
4837,0.40314999999999995
4838,0.41012
4839,0.23817
4840,0.12265999999999999
4841,0.03792
4842,0.0
4843,0.0
4844,0.0
4845,0.0
4846,0.0
4847,0.0
4848,0.0
4849,0.0
4850,0.0
4851,0.0
4852,0.0
4853,0.0
4854,0.06093
4855,0.23817
4856,0.41752
4857,0.55336
4858,0.61564
4859,0.62511
4860,0.60121
4861,0.5184
4862,0.43677999999999995
4863,0.28752
4864,0.16382
4865,0.03925
4866,0.0
4867,0.0
4868,0.0
4869,0.0
4870,0.0
4871,0.0
4872,0.0
4873,0.0
4874,0.0
4875,0.0
4876,0.0
4877,0.0
4878,0.04628
4879,0.19221000000000002
4880,0.33477999999999997
4881,0.47366
4882,0.6356
4883,0.6029800000000001
4884,0.58938
4885,0.5552
4886,0.46357
4887,0.25761
4888,0.16172
4889,0.02847
4890,0.0
4891,0.0
4892,0.0
4893,0.0
4894,0.0
4895,0.0
4896,0.0
4897,0.0
4898,0.0
4899,0.0
4900,0.0
4901,0.0
4902,0.00802
4903,0.08344
4904,0.28993
4905,0.44121
4906,0.4642
4907,0.49073
4908,0.52998
4909,0.44909
4910,0.31410000000000005
4911,0.10634
4912,0.05649
4913,0.02511
4914,0.0
4915,0.0
4916,0.0
4917,0.0
4918,0.0
4919,0.0
4920,0.0
4921,0.0
4922,0.0
4923,0.0
4924,0.0
4925,0.0
4926,0.023690000000000003
4927,0.18509
4928,0.38698
4929,0.5212
4930,0.5704
4931,0.61829
4932,0.58538
4933,0.54079
4934,0.48272000000000004
4935,0.29652
4936,0.1555
4937,0.038340000000000006
4938,0.0
4939,0.0
4940,0.0
4941,0.0
4942,0.0
4943,0.0
4944,0.0
4945,0.0
4946,0.0
4947,0.0
4948,0.0
4949,0.0
4950,0.05912
4951,0.24133000000000002
4952,0.41061000000000003
4953,0.5418
4954,0.6276
4955,0.6538999999999999
4956,0.6195700000000001
4957,0.57541
4958,0.43222000000000005
4959,0.26082
4960,0.12947
4961,0.03451
4962,0.0
4963,0.0
4964,0.0
4965,0.0
4966,0.0
4967,0.0
4968,0.0
4969,0.0
4970,0.0
4971,0.0
4972,0.0
4973,0.0
4974,0.05095
4975,0.20658
4976,0.39153
4977,0.55004
4978,0.62895
4979,0.63751
4980,0.64349
4981,0.52219
4982,0.36111
4983,0.27608
4984,0.14467
4985,0.039259999999999996
4986,0.0
4987,0.0
4988,0.0
4989,0.0
4990,0.0
4991,0.0
4992,0.0
4993,0.0
4994,0.0
4995,0.0
4996,0.0
4997,0.0
4998,0.02906
4999,0.12467
5000,0.29011000000000003
5001,0.38230000000000003
5002,0.5299299999999999
5003,0.57025
5004,0.60925
5005,0.5124299999999999
5006,0.37857
5007,0.16372
5008,0.12167
5009,0.039799999999999995
5010,0.0
5011,0.0
5012,0.0
5013,0.0
5014,0.0
5015,0.0
5016,0.0
5017,0.0
5018,0.0
5019,0.0
5020,0.0
5021,0.0
5022,0.032740000000000005
5023,0.14547
5024,0.31518
5025,0.45250999999999997
5026,0.45471
5027,0.50983
5028,0.52103
5029,0.35657
5030,0.24871000000000001
5031,0.11263
5032,0.0867
5033,0.04413
5034,0.0
5035,0.0
5036,0.0
5037,0.0
5038,0.0
5039,0.0
5040,0.0
5041,0.0
5042,0.0
5043,0.0
5044,0.0
5045,0.0
5046,0.03549
5047,0.12559
5048,0.25581
5049,0.34986
5050,0.47878
5051,0.47093
5052,0.43966000000000005
5053,0.36447
5054,0.28829000000000005
5055,0.21819999999999998
5056,0.10085
5057,0.02764
5058,0.0
5059,0.0
5060,0.0
5061,0.0
5062,0.0
5063,0.0
5064,0.0
5065,0.0
5066,0.0
5067,0.0
5068,0.0
5069,0.0
5070,0.0214
5071,0.16144
5072,0.35334
5073,0.3493
5074,0.33276999999999995
5075,0.31595999999999996
5076,0.54579
5077,0.46769
5078,0.42492
5079,0.25745
5080,0.12929
5081,0.04077
5082,0.0
5083,0.0
5084,0.0
5085,0.0
5086,0.0
5087,0.0
5088,0.0
5089,0.0
5090,0.0
5091,0.0
5092,0.0
5093,0.0
5094,0.05135
5095,0.21699000000000002
5096,0.4066
5097,0.52542
5098,0.59964
5099,0.6161599999999999
5100,0.56147
5101,0.56448
5102,0.25195
5103,0.10851000000000001
5104,0.04647
5105,0.01332
5106,0.0
5107,0.0
5108,0.0
5109,0.0
5110,0.0
5111,0.0
5112,0.0
5113,0.0
5114,0.0
5115,0.0
5116,0.0
5117,0.0
5118,0.02898
5119,0.14806
5120,0.32331
5121,0.41624
5122,0.40879000000000004
5123,0.36601
5124,0.46748
5125,0.36272000000000004
5126,0.28263
5127,0.14684999999999998
5128,0.08753
5129,0.0346
5130,0.0
5131,0.0
5132,0.0
5133,0.0
5134,0.0
5135,0.0
5136,0.0
5137,0.0
5138,0.0
5139,0.0
5140,0.0
5141,0.0
5142,0.03188
5143,0.16286
5144,0.34470999999999996
5145,0.30763
5146,0.46395
5147,0.6040099999999999
5148,0.5012300000000001
5149,0.43957999999999997
5150,0.36244
5151,0.22694
5152,0.10434
5153,0.02973
5154,0.0
5155,0.0
5156,0.0
5157,0.0
5158,0.0
5159,0.0
5160,0.0
5161,0.0
5162,0.0
5163,0.0
5164,0.0
5165,0.0
5166,0.05285
5167,0.22072999999999998
5168,0.29602
5169,0.46835000000000004
5170,0.63226
5171,0.6349400000000001
5172,0.65063
5173,0.56367
5174,0.42119
5175,0.26838999999999996
5176,0.14593
5177,0.03624
5178,0.0
5179,0.0
5180,0.0
5181,0.0
5182,0.0
5183,0.0
5184,0.0
5185,0.0
5186,0.0
5187,0.0
5188,0.0
5189,0.0
5190,0.03536
5191,0.13697
5192,0.27655
5193,0.43568
5194,0.48384
5195,0.54083
5196,0.4788
5197,0.45309
5198,0.31674
5199,0.16329
5200,0.07798999999999999
5201,0.01607
5202,0.0
5203,0.0
5204,0.0
5205,0.0
5206,0.0
5207,0.0
5208,0.0
5209,0.0
5210,0.0
5211,0.0
5212,0.0
5213,0.0
5214,0.020640000000000002
5215,0.11117
5216,0.21183000000000002
5217,0.36069999999999997
5218,0.45246
5219,0.48145
5220,0.51262
5221,0.51181
5222,0.37407
5223,0.18997
5224,0.0592
5225,0.01711
5226,0.0
5227,0.0
5228,0.0
5229,0.0
5230,0.0
5231,0.0
5232,0.0
5233,0.0
5234,0.0
5235,0.0
5236,0.0
5237,0.0
5238,0.047229999999999994
5239,0.20918
5240,0.38362999999999997
5241,0.5287000000000001
5242,0.56032
5243,0.60709
5244,0.52791
5245,0.46617000000000003
5246,0.37907
5247,0.14930000000000002
5248,0.10507999999999999
5249,0.028079999999999997
5250,0.0
5251,0.0
5252,0.0
5253,0.0
5254,0.0
5255,0.0
5256,0.0
5257,0.0
5258,0.0
5259,0.0
5260,0.0
5261,0.0
5262,0.04879
5263,0.22141999999999998
5264,0.39206
5265,0.49326
5266,0.5431699999999999
5267,0.63852
5268,0.51401
5269,0.40723000000000004
5270,0.34231
5271,0.24411000000000002
5272,0.10955
5273,0.025589999999999998
5274,0.0
5275,0.0
5276,0.0
5277,0.0
5278,0.0
5279,0.0
5280,0.0
5281,0.0
5282,0.0
5283,0.0
5284,0.0
5285,0.0
5286,0.03964
5287,0.15937
5288,0.3083
5289,0.46625
5290,0.4792
5291,0.49897
5292,0.50496
5293,0.19659000000000001
5294,0.16277
5295,0.13546
5296,0.06579
5297,0.043609999999999996
5298,0.0
5299,0.0
5300,0.0
5301,0.0
5302,0.0
5303,0.0
5304,0.0
5305,0.0
5306,0.0
5307,0.0
5308,0.0
5309,0.0
5310,0.05829
5311,0.24037999999999998
5312,0.42601
5313,0.5576599999999999
5314,0.61964
5315,0.66531
5316,0.67599
5317,0.51659
5318,0.36901999999999996
5319,0.22788
5320,0.08521
5321,0.02243
5322,0.0
5323,0.0
5324,0.0
5325,0.0
5326,0.0
5327,0.0
5328,0.0
5329,0.0
5330,0.0
5331,0.0
5332,0.0
5333,0.0
5334,0.03929
5335,0.18605000000000002
5336,0.27346
5337,0.43401999999999996
5338,0.48485
5339,0.5200499999999999
5340,0.50602
5341,0.5234800000000001
5342,0.39825
5343,0.1834
5344,0.08006
5345,0.02597
5346,0.0
5347,0.0
5348,0.0
5349,0.0
5350,0.0
5351,0.0
5352,0.0
5353,0.0
5354,0.0
5355,0.0
5356,0.0
5357,0.0
5358,0.05933
5359,0.24328
5360,0.3942
5361,0.49527
5362,0.57827
5363,0.51489
5364,0.60129
5365,0.53251
5366,0.42597
5367,0.27073
5368,0.1464
5369,0.021929999999999998
5370,0.0
5371,0.0
5372,0.0
5373,0.0
5374,0.0
5375,0.0
5376,0.0
5377,0.0
5378,0.0
5379,0.0
5380,0.0
5381,0.0
5382,0.0259
5383,0.13122
5384,0.26530000000000004
5385,0.39102
5386,0.45518000000000003
5387,0.42152999999999996
5388,0.45481
5389,0.36532
5390,0.24291
5391,0.21671
5392,0.09444
5393,0.0303
5394,0.0
5395,0.0
5396,0.0
5397,0.0
5398,0.0
5399,0.0
5400,0.0
5401,0.0
5402,0.0
5403,0.0
5404,0.0
5405,0.0
5406,0.02472
5407,0.21786000000000003
5408,0.37941
5409,0.37194
5410,0.34181
5411,0.33661
5412,0.36713999999999997
5413,0.33716
5414,0.11851
5415,0.12279999999999999
5416,0.05107
5417,0.01514
5418,0.0
5419,0.0
5420,0.0
5421,0.0
5422,0.0
5423,0.0
5424,0.0
5425,0.0
5426,0.0
5427,0.0
5428,0.0
5429,0.0
5430,0.0505
5431,0.19602
5432,0.32039999999999996
5433,0.43522000000000005
5434,0.60042
5435,0.60462
5436,0.62141
5437,0.53487
5438,0.42354
5439,0.29702
5440,0.15006999999999998
5441,0.01568
5442,0.0
5443,0.0
5444,0.0
5445,0.0
5446,0.0
5447,0.0
5448,0.0
5449,0.0
5450,0.0
5451,0.0
5452,0.0
5453,0.0
5454,0.055740000000000005
5455,0.24978
5456,0.41885
5457,0.51578
5458,0.5876699999999999
5459,0.53246
5460,0.57451
5461,0.40051
5462,0.19988
5463,0.12728
5464,0.10642
5465,0.02721
5466,0.0
5467,0.0
5468,0.0
5469,0.0
5470,0.0
5471,0.0
5472,0.0
5473,0.0
5474,0.0
5475,0.0
5476,0.0
5477,0.0
5478,0.022600000000000002
5479,0.12093000000000001
5480,0.33796
5481,0.39759
5482,0.4962
5483,0.5559400000000001
5484,0.5801000000000001
5485,0.42162
5486,0.31427999999999995
5487,0.19516
5488,0.09345
5489,0.02605
5490,0.0
5491,0.0
5492,0.0
5493,0.0
5494,0.0
5495,0.0
5496,0.0
5497,0.0
5498,0.0
5499,0.0
5500,0.0
5501,0.0
5502,0.01607
5503,0.062090000000000006
5504,0.13001
5505,0.24525999999999998
5506,0.35711000000000004
5507,0.3215
5508,0.40181
5509,0.32226
5510,0.19534
5511,0.15959
5512,0.12325
5513,0.02523
5514,0.0
5515,0.0
5516,0.0
5517,0.0
5518,0.0
5519,0.0
5520,0.0
5521,0.0
5522,0.0
5523,0.0
5524,0.0
5525,0.0
5526,0.02422
5527,0.12555
5528,0.27079000000000003
5529,0.45389999999999997
5530,0.5668300000000001
5531,0.55408
5532,0.5680299999999999
5533,0.46786
5534,0.24496
5535,0.08406
5536,0.06697
5537,0.0255
5538,0.0
5539,0.0
5540,0.0
5541,0.0
5542,0.0
5543,0.0
5544,0.0
5545,0.0
5546,0.0
5547,0.0
5548,0.0
5549,0.0
5550,0.06107
5551,0.23846
5552,0.40812
5553,0.41783
5554,0.59282
5555,0.59546
5556,0.6271599999999999
5557,0.54553
5558,0.4065
5559,0.20466
5560,0.08278
5561,0.02844
5562,0.0
5563,0.0
5564,0.0
5565,0.0
5566,0.0
5567,0.0
5568,0.0
5569,0.0
5570,0.0
5571,0.0
5572,0.0
5573,0.0
5574,0.03591
5575,0.18384
5576,0.33375
5577,0.45371
5578,0.58977
5579,0.58846
5580,0.6174299999999999
5581,0.42214999999999997
5582,0.34223000000000003
5583,0.14434
5584,0.12245
5585,0.0341
5586,0.0
5587,0.0
5588,0.0
5589,0.0
5590,0.0
5591,0.0
5592,0.0
5593,0.0
5594,0.0
5595,0.0
5596,0.0
5597,0.0
5598,0.061619999999999994
5599,0.25687
5600,0.38425
5601,0.49931
5602,0.59451
5603,0.5814199999999999
5604,0.62251
5605,0.38062
5606,0.31243
5607,0.22369
5608,0.11231000000000001
5609,0.02334
5610,0.0
5611,0.0
5612,0.0
5613,0.0
5614,0.0
5615,0.0
5616,0.0
5617,0.0
5618,0.0
5619,0.0
5620,0.0
5621,0.0
5622,0.030260000000000002
5623,0.15963
5624,0.2793
5625,0.30797
5626,0.54128
5627,0.64537
5628,0.6130399999999999
5629,0.4447
5630,0.34552
5631,0.17757
5632,0.07579999999999999
5633,0.02565
5634,0.0
5635,0.0
5636,0.0
5637,0.0
5638,0.0
5639,0.0
5640,0.0
5641,0.0
5642,0.0
5643,0.0
5644,0.0
5645,0.0
5646,0.04174
5647,0.18737
5648,0.33763
5649,0.41512
5650,0.38598000000000005
5651,0.51691
5652,0.58398
5653,0.46123000000000003
5654,0.39982999999999996
5655,0.25135
5656,0.1175
5657,0.02978
5658,0.0
5659,0.0
5660,0.0
5661,0.0
5662,0.0
5663,0.0
5664,0.0
5665,0.0
5666,0.0
5667,0.0
5668,0.0
5669,0.0
5670,0.02643
5671,0.15112
5672,0.34231
5673,0.44225
5674,0.41884
5675,0.51689
5676,0.39607
5677,0.4703
5678,0.36857999999999996
5679,0.29512
5680,0.12866999999999998
5681,0.02154
5682,0.0
5683,0.0
5684,0.0
5685,0.0
5686,0.0
5687,0.0
5688,0.0
5689,0.0
5690,0.0
5691,0.0
5692,0.0
5693,0.0
5694,0.05305
5695,0.21001
5696,0.38933
5697,0.4731
5698,0.5781799999999999
5699,0.50408
5700,0.43938
5701,0.38668
5702,0.30401999999999996
5703,0.22222999999999998
5704,0.13163999999999998
5705,0.02957
5706,0.0
5707,0.0
5708,0.0
5709,0.0
5710,0.0
5711,0.0
5712,0.0
5713,0.0
5714,0.0
5715,0.0
5716,0.0
5717,0.0
5718,0.03662
5719,0.19638
5720,0.37061
5721,0.51084
5722,0.6010800000000001
5723,0.49715
5724,0.45416
5725,0.44486000000000003
5726,0.39962000000000003
5727,0.24684999999999999
5728,0.12872999999999998
5729,0.03003
5730,0.0
5731,0.0
5732,0.0
5733,0.0
5734,0.0
5735,0.0
5736,0.0
5737,0.0
5738,0.0
5739,0.0
5740,0.0
5741,0.0
5742,0.063
5743,0.25801999999999997
5744,0.41175
5745,0.56317
5746,0.6567200000000001
5747,0.6390399999999999
5748,0.61048
5749,0.54623
5750,0.44177999999999995
5751,0.25671
5752,0.08807999999999999
5753,0.0039900000000000005
5754,0.0
5755,0.0
5756,0.0
5757,0.0
5758,0.0
5759,0.0
5760,0.0
5761,0.0
5762,0.0
5763,0.0
5764,0.0
5765,0.0
5766,0.05323
5767,0.17602
5768,0.34687
5769,0.47733
5770,0.58169
5771,0.61803
5772,0.59421
5773,0.48219999999999996
5774,0.39062
5775,0.26399
5776,0.11422
5777,0.02637
5778,0.0
5779,0.0
5780,0.0
5781,0.0
5782,0.0
5783,0.0
5784,0.0
5785,0.0
5786,0.0
5787,0.0
5788,0.0
5789,0.0
5790,0.05157
5791,0.18009999999999998
5792,0.3645
5793,0.36869
5794,0.47374
5795,0.47839
5796,0.53377
5797,0.37831
5798,0.34652
5799,0.2122
5800,0.10956
5801,0.02027
5802,0.0
5803,0.0
5804,0.0
5805,0.0
5806,0.0
5807,0.0
5808,0.0
5809,0.0
5810,0.0
5811,0.0
5812,0.0
5813,0.0
5814,0.023379999999999998
5815,0.13273
5816,0.25412
5817,0.3553
5818,0.37993
5819,0.47117000000000003
5820,0.47487
5821,0.5441900000000001
5822,0.32841000000000004
5823,0.17987
5824,0.10016
5825,0.015880000000000002
5826,0.0
5827,0.0
5828,0.0
5829,0.0
5830,0.0
5831,0.0
5832,0.0
5833,0.0
5834,0.0
5835,0.0
5836,0.0
5837,0.0
5838,0.02785
5839,0.13663
5840,0.29585
5841,0.43048000000000003
5842,0.41513
5843,0.49295999999999995
5844,0.5252899999999999
5845,0.47522000000000003
5846,0.37806
5847,0.16558
5848,0.049909999999999996
5849,0.010119999999999999
5850,0.0
5851,0.0
5852,0.0
5853,0.0
5854,0.0
5855,0.0
5856,0.0
5857,0.0
5858,0.0
5859,0.0
5860,0.0
5861,0.0
5862,0.04562
5863,0.19875
5864,0.36574
5865,0.45627
5866,0.55711
5867,0.64087
5868,0.5813200000000001
5869,0.5324500000000001
5870,0.45216
5871,0.24259
5872,0.07948000000000001
5873,0.019600000000000003
5874,0.0
5875,0.0
5876,0.0
5877,0.0
5878,0.0
5879,0.0
5880,0.0
5881,0.0
5882,0.0
5883,0.0
5884,0.0
5885,0.0
5886,0.04632
5887,0.22437
5888,0.30046
5889,0.44847000000000004
5890,0.61449
5891,0.64122
5892,0.61039
5893,0.49977
5894,0.28531
5895,0.22521000000000002
5896,0.07748000000000001
5897,0.01456
5898,0.0
5899,0.0
5900,0.0
5901,0.0
5902,0.0
5903,0.0
5904,0.0
5905,0.0
5906,0.0
5907,0.0
5908,0.0
5909,0.0
5910,0.06013
5911,0.23655
5912,0.39377999999999996
5913,0.50703
5914,0.60777
5915,0.5915
5916,0.4069
5917,0.31189999999999996
5918,0.30833999999999995
5919,0.20303
5920,0.10490000000000001
5921,0.01695
5922,0.0
5923,0.0
5924,0.0
5925,0.0
5926,0.0
5927,0.0
5928,0.0
5929,0.0
5930,0.0
5931,0.0
5932,0.0
5933,0.0
5934,0.06623
5935,0.22087
5936,0.42868
5937,0.54474
5938,0.40756
5939,0.63364
5940,0.6407999999999999
5941,0.51259
5942,0.37227
5943,0.14962
5944,0.06240999999999999
5945,0.02558
5946,0.0
5947,0.0
5948,0.0
5949,0.0
5950,0.0
5951,0.0
5952,0.0
5953,0.0
5954,0.0
5955,0.0
5956,0.0
5957,0.0
5958,0.07087
5959,0.26723
5960,0.44576
5961,0.5114
5962,0.6525299999999999
5963,0.64323
5964,0.65379
5965,0.5702200000000001
5966,0.33221
5967,0.18403
5968,0.07583
5969,0.01943
5970,0.0
5971,0.0
5972,0.0
5973,0.0
5974,0.0
5975,0.0
5976,0.0
5977,0.0
5978,0.0
5979,0.0
5980,0.0
5981,0.0
5982,0.07037
5983,0.26806
5984,0.47208999999999995
5985,0.6009099999999999
5986,0.678
5987,0.68889
5988,0.58393
5989,0.54516
5990,0.45059
5991,0.21625
5992,0.08746999999999999
5993,0.01916
5994,0.0
5995,0.0
5996,0.0
5997,0.0
5998,0.0
5999,0.0
6000,0.0
6001,0.0
6002,0.0
6003,0.0
6004,0.0
6005,0.0
6006,0.06847
6007,0.26144
6008,0.43876
6009,0.57035
6010,0.64112
6011,0.63773
6012,0.5857899999999999
6013,0.50222
6014,0.34908
6015,0.26333999999999996
6016,0.14182
6017,0.01542
6018,0.0
6019,0.0
6020,0.0
6021,0.0
6022,0.0
6023,0.0
6024,0.0
6025,0.0
6026,0.0
6027,0.0
6028,0.0
6029,0.0
6030,0.060770000000000005
6031,0.22272
6032,0.36418
6033,0.51651
6034,0.49763
6035,0.59888
6036,0.61625
6037,0.62272
6038,0.3921
6039,0.22171000000000002
6040,0.08226
6041,0.01394
6042,0.0
6043,0.0
6044,0.0
6045,0.0
6046,0.0
6047,0.0
6048,0.0
6049,0.0
6050,0.0
6051,0.0
6052,0.0
6053,0.0
6054,0.02963
6055,0.17441
6056,0.36439
6057,0.44949
6058,0.56892
6059,0.58731
6060,0.55917
6061,0.54703
6062,0.43245
6063,0.21675
6064,0.10590999999999999
6065,0.02103
6066,0.0
6067,0.0
6068,0.0
6069,0.0
6070,0.0
6071,0.0
6072,0.0
6073,0.0
6074,0.0
6075,0.0
6076,0.0
6077,0.0
6078,0.03426
6079,0.12916999999999998
6080,0.26239
6081,0.37488
6082,0.47433
6083,0.43637
6084,0.49439999999999995
6085,0.40589
6086,0.28975
6087,0.19238
6088,0.09406999999999999
6089,0.00926
6090,0.0
6091,0.0
6092,0.0
6093,0.0
6094,0.0
6095,0.0
6096,0.0
6097,0.0
6098,0.0
6099,0.0
6100,0.0
6101,0.0
6102,0.05136
6103,0.21029
6104,0.31188
6105,0.47314999999999996
6106,0.53947
6107,0.60521
6108,0.57877
6109,0.40224
6110,0.3302
6111,0.14156
6112,0.05361
6113,0.01325
6114,0.0
6115,0.0
6116,0.0
6117,0.0
6118,0.0
6119,0.0
6120,0.0
6121,0.0
6122,0.0
6123,0.0
6124,0.0
6125,0.0
6126,0.02605
6127,0.12888
6128,0.29152
6129,0.36476
6130,0.42535
6131,0.21149
6132,0.4057
6133,0.43633
6134,0.32335
6135,0.12894999999999998
6136,0.047020000000000006
6137,0.00746
6138,0.0
6139,0.0
6140,0.0
6141,0.0
6142,0.0
6143,0.0
6144,0.0
6145,0.0
6146,0.0
6147,0.0
6148,0.0
6149,0.0
6150,0.03668
6151,0.1757
6152,0.35814
6153,0.41675999999999996
6154,0.40882999999999997
6155,0.58231
6156,0.58002
6157,0.53685
6158,0.41734
6159,0.22807
6160,0.07558
6161,0.00552
6162,0.0
6163,0.0
6164,0.0
6165,0.0
6166,0.0
6167,0.0
6168,0.0
6169,0.0
6170,0.0
6171,0.0
6172,0.0
6173,0.0
6174,0.07341
6175,0.23399
6176,0.45561
6177,0.60525
6178,0.6765800000000001
6179,0.62075
6180,0.60768
6181,0.5656599999999999
6182,0.45532999999999996
6183,0.19473
6184,0.11705
6185,0.01122
6186,0.0
6187,0.0
6188,0.0
6189,0.0
6190,0.0
6191,0.0
6192,0.0
6193,0.0
6194,0.0
6195,0.0
6196,0.0
6197,0.0
6198,0.07348
6199,0.2586
6200,0.4034
6201,0.50528
6202,0.6291
6203,0.6741
6204,0.6677799999999999
6205,0.47123000000000004
6206,0.33884
6207,0.13076
6208,0.10243000000000001
6209,0.0136
6210,0.0
6211,0.0
6212,0.0
6213,0.0
6214,0.0
6215,0.0
6216,0.0
6217,0.0
6218,0.0
6219,0.0
6220,0.0
6221,0.0
6222,0.049409999999999996
6223,0.138
6224,0.31877
6225,0.5039
6226,0.55291
6227,0.60768
6228,0.5699500000000001
6229,0.44176
6230,0.40988
6231,0.23981
6232,0.09223
6233,0.013529999999999999
6234,0.0
6235,0.0
6236,0.0
6237,0.0
6238,0.0
6239,0.0
6240,0.0
6241,0.0
6242,0.0
6243,0.0
6244,0.0
6245,0.0
6246,0.00958
6247,0.08854000000000001
6248,0.10865999999999999
6249,0.28787
6250,0.33955
6251,0.40419
6252,0.47224
6253,0.35241
6254,0.39501
6255,0.28135000000000004
6256,0.09562000000000001
6257,0.012150000000000001
6258,0.0
6259,0.0
6260,0.0
6261,0.0
6262,0.0
6263,0.0
6264,0.0
6265,0.0
6266,0.0
6267,0.0
6268,0.0
6269,0.0
6270,0.03578
6271,0.11766
6272,0.39038999999999996
6273,0.52728
6274,0.59715
6275,0.63637
6276,0.5645
6277,0.51407
6278,0.29172000000000003
6279,0.20402
6280,0.10804000000000001
6281,0.01234
6282,0.0
6283,0.0
6284,0.0
6285,0.0
6286,0.0
6287,0.0
6288,0.0
6289,0.0
6290,0.0
6291,0.0
6292,0.0
6293,0.0
6294,0.06898
6295,0.24702000000000002
6296,0.41879
6297,0.56067
6298,0.67174
6299,0.63683
6300,0.6426799999999999
6301,0.5395
6302,0.41892
6303,0.17581
6304,0.08224
6305,0.012410000000000001
6306,0.0
6307,0.0
6308,0.0
6309,0.0
6310,0.0
6311,0.0
6312,0.0
6313,0.0
6314,0.0
6315,0.0
6316,0.0
6317,0.0
6318,0.055189999999999996
6319,0.18367
6320,0.36522000000000004
6321,0.4687
6322,0.49263999999999997
6323,0.5158200000000001
6324,0.61861
6325,0.39412
6326,0.36972000000000005
6327,0.25827999999999995
6328,0.12265000000000001
6329,0.00698
6330,0.0
6331,0.0
6332,0.0
6333,0.0
6334,0.0
6335,0.0
6336,0.0
6337,0.0
6338,0.0
6339,0.0
6340,0.0
6341,0.0
6342,0.054259999999999996
6343,0.17773
6344,0.35337999999999997
6345,0.41018
6346,0.55204
6347,0.57857
6348,0.59216
6349,0.36619999999999997
6350,0.33059
6351,0.27891000000000005
6352,0.09404000000000001
6353,0.009210000000000001
6354,0.0
6355,0.0
6356,0.0
6357,0.0
6358,0.0
6359,0.0
6360,0.0
6361,0.0
6362,0.0
6363,0.0
6364,0.0
6365,0.0
6366,0.05068
6367,0.22294
6368,0.41656
6369,0.51491
6370,0.57933
6371,0.5898300000000001
6372,0.59641
6373,0.45029
6374,0.28334
6375,0.21832
6376,0.11086
6377,0.00977
6378,0.0
6379,0.0
6380,0.0
6381,0.0
6382,0.0
6383,0.0
6384,0.0
6385,0.0
6386,0.0
6387,0.0
6388,0.0
6389,0.0
6390,0.06934
6391,0.22309
6392,0.35070999999999997
6393,0.39841000000000004
6394,0.45179
6395,0.58925
6396,0.6053099999999999
6397,0.44913
6398,0.27928
6399,0.16469999999999999
6400,0.09081
6401,0.00853
6402,0.0
6403,0.0
6404,0.0
6405,0.0
6406,0.0
6407,0.0
6408,0.0
6409,0.0
6410,0.0
6411,0.0
6412,0.0
6413,0.0
6414,0.04703
6415,0.20197
6416,0.40644
6417,0.42549000000000003
6418,0.22955
6419,0.39644
6420,0.42571
6421,0.43042
6422,0.35284
6423,0.21547
6424,0.07476000000000001
6425,0.00604
6426,0.0
6427,0.0
6428,0.0
6429,0.0
6430,0.0
6431,0.0
6432,0.0
6433,0.0
6434,0.0
6435,0.0
6436,0.0
6437,0.0
6438,0.06462999999999999
6439,0.21724000000000002
6440,0.41434
6441,0.52759
6442,0.39216
6443,0.39303
6444,0.48499000000000003
6445,0.44525
6446,0.33944
6447,0.15095
6448,0.08716
6449,0.00641
6450,0.0
6451,0.0
6452,0.0
6453,0.0
6454,0.0
6455,0.0
6456,0.0
6457,0.0
6458,0.0
6459,0.0
6460,0.0
6461,0.0
6462,0.057
6463,0.21683000000000002
6464,0.36157
6465,0.5265700000000001
6466,0.63264
6467,0.6379
6468,0.61198
6469,0.4714
6470,0.31174
6471,0.21869999999999998
6472,0.11012999999999999
6473,0.01002
6474,0.0
6475,0.0
6476,0.0
6477,0.0
6478,0.0
6479,0.0
6480,0.0
6481,0.0
6482,0.0
6483,0.0
6484,0.0
6485,0.0
6486,0.02632
6487,0.13651
6488,0.25737
6489,0.36578
6490,0.33784
6491,0.47987
6492,0.43019
6493,0.5116499999999999
6494,0.41424
6495,0.24906
6496,0.08506
6497,0.006860000000000001
6498,0.0
6499,0.0
6500,0.0
6501,0.0
6502,0.0
6503,0.0
6504,0.0
6505,0.0
6506,0.0
6507,0.0
6508,0.0
6509,0.0
6510,0.041530000000000004
6511,0.15299000000000001
6512,0.26499
6513,0.45248
6514,0.51595
6515,0.33527999999999997
6516,0.28931
6517,0.42341
6518,0.22243000000000002
6519,0.13337000000000002
6520,0.0876
6521,0.007809999999999999
6522,0.0
6523,0.0
6524,0.0
6525,0.0
6526,0.0
6527,0.0
6528,0.0
6529,0.0
6530,0.0
6531,0.0
6532,0.0
6533,0.0
6534,0.0405
6535,0.1655
6536,0.34296
6537,0.46902
6538,0.50168
6539,0.53824
6540,0.42679
6541,0.29163
6542,0.27961
6543,0.158
6544,0.07467
6545,0.008400000000000001
6546,0.0
6547,0.0
6548,0.0
6549,0.0
6550,0.0
6551,0.0
6552,0.0
6553,0.0
6554,0.0
6555,0.0
6556,0.0
6557,0.0
6558,0.0715
6559,0.25587
6560,0.39079
6561,0.49964
6562,0.5757599999999999
6563,0.5593400000000001
6564,0.41819
6565,0.40397000000000005
6566,0.31989
6567,0.17852
6568,0.09558
6569,0.0068
6570,0.0
6571,0.0
6572,0.0
6573,0.0
6574,0.0
6575,0.0
6576,0.0
6577,0.0
6578,0.0
6579,0.0
6580,0.0
6581,0.0
6582,0.05052
6583,0.19644999999999999
6584,0.37397
6585,0.47558999999999996
6586,0.45744
6587,0.56232
6588,0.61248
6589,0.52108
6590,0.4671
6591,0.25462
6592,0.07007
6593,0.00842
6594,0.0
6595,0.0
6596,0.0
6597,0.0
6598,0.0
6599,0.0
6600,0.0
6601,0.0
6602,0.0
6603,0.0
6604,0.0
6605,0.0
6606,0.06987
6607,0.27481
6608,0.42302999999999996
6609,0.46625
6610,0.49704000000000004
6611,0.6223500000000001
6612,0.5690599999999999
6613,0.4173
6614,0.36913
6615,0.24054
6616,0.11495999999999999
6617,0.0081
6618,0.0
6619,0.0
6620,0.0
6621,0.0
6622,0.0
6623,0.0
6624,0.0
6625,0.0
6626,0.0
6627,0.0
6628,0.0
6629,0.0
6630,0.03107
6631,0.14795
6632,0.29096
6633,0.47917000000000004
6634,0.48876
6635,0.5635
6636,0.51658
6637,0.43135
6638,0.28208
6639,0.17083
6640,0.0686
6641,0.004730000000000001
6642,0.0
6643,0.0
6644,0.0
6645,0.0
6646,0.0
6647,0.0
6648,0.0
6649,0.0
6650,0.0
6651,0.0
6652,0.0
6653,0.0
6654,0.02797
6655,0.14177
6656,0.17341
6657,0.31347
6658,0.45842
6659,0.36175
6660,0.30529
6661,0.20126
6662,0.09436
6663,0.07709
6664,0.02275
6665,0.00191
6666,0.0
6667,0.0
6668,0.0
6669,0.0
6670,0.0
6671,0.0
6672,0.0
6673,0.0
6674,0.0
6675,0.0
6676,0.0
6677,0.0
6678,0.023690000000000003
6679,0.08189
6680,0.20304
6681,0.29183
6682,0.45436
6683,0.49991
6684,0.34926999999999997
6685,0.28437
6686,0.25316
6687,0.20743
6688,0.09713
6689,0.006690000000000001
6690,0.0
6691,0.0
6692,0.0
6693,0.0
6694,0.0
6695,0.0
6696,0.0
6697,0.0
6698,0.0
6699,0.0
6700,0.0
6701,0.0
6702,0.04306
6703,0.17661000000000002
6704,0.32988
6705,0.36873
6706,0.45327
6707,0.57464
6708,0.48575
6709,0.32356
6710,0.24074
6711,0.17601
6712,0.0902
6713,0.0077
6714,0.0
6715,0.0
6716,0.0
6717,0.0
6718,0.0
6719,0.0
6720,0.0
6721,0.0
6722,0.0
6723,0.0
6724,0.0
6725,0.0
6726,0.04051
6727,0.19682
6728,0.41298
6729,0.41737
6730,0.61334
6731,0.58056
6732,0.42008
6733,0.39825
6734,0.1445
6735,0.15313
6736,0.06992
6737,0.00863
6738,0.0
6739,0.0
6740,0.0
6741,0.0
6742,0.0
6743,0.0
6744,0.0
6745,0.0
6746,0.0
6747,0.0
6748,0.0
6749,0.0
6750,0.040600000000000004
6751,0.13893
6752,0.18783000000000002
6753,0.25301
6754,0.30622000000000005
6755,0.38160000000000005
6756,0.35918
6757,0.39173
6758,0.19779
6759,0.1475
6760,0.07962999999999999
6761,0.00697
6762,0.0
6763,0.0
6764,0.0
6765,0.0
6766,0.0
6767,0.0
6768,0.0
6769,0.0
6770,0.0
6771,0.0
6772,0.0
6773,0.0
6774,0.047369999999999995
6775,0.16641
6776,0.30676
6777,0.32225
6778,0.28676
6779,0.34770999999999996
6780,0.4145
6781,0.46438
6782,0.38275
6783,0.23212
6784,0.07077
6785,0.00447
6786,0.0
6787,0.0
6788,0.0
6789,0.0
6790,0.0
6791,0.0
6792,0.0
6793,0.0
6794,0.0
6795,0.0
6796,0.0
6797,0.0
6798,0.07694
6799,0.25616
6800,0.4485
6801,0.5591
6802,0.56257
6803,0.5367799999999999
6804,0.45653
6805,0.44706
6806,0.42341
6807,0.23688
6808,0.09895
6809,0.00419
6810,0.0
6811,0.0
6812,0.0
6813,0.0
6814,0.0
6815,0.0
6816,0.0
6817,0.0
6818,0.0
6819,0.0
6820,0.0
6821,0.0
6822,0.03983
6823,0.14490999999999998
6824,0.32516
6825,0.5336799999999999
6826,0.65811
6827,0.67269
6828,0.5617300000000001
6829,0.5630299999999999
6830,0.42657
6831,0.17759
6832,0.05855
6833,0.0039
6834,0.0
6835,0.0
6836,0.0
6837,0.0
6838,0.0
6839,0.0
6840,0.0
6841,0.0
6842,0.0
6843,0.0
6844,0.0
6845,0.0
6846,0.05539
6847,0.19086
6848,0.37299
6849,0.46895
6850,0.5857100000000001
6851,0.62233
6852,0.6518999999999999
6853,0.30713999999999997
6854,0.23932
6855,0.17524
6856,0.06906
6857,0.00331
6858,0.0
6859,0.0
6860,0.0
6861,0.0
6862,0.0
6863,0.0
6864,0.0
6865,0.0
6866,0.0
6867,0.0
6868,0.0
6869,0.0
6870,0.0222
6871,0.11273000000000001
6872,0.19047999999999998
6873,0.30956
6874,0.47617000000000004
6875,0.44018999999999997
6876,0.39157
6877,0.14398
6878,0.16215000000000002
6879,0.073
6880,0.05331
6881,0.00209
6882,0.0
6883,0.0
6884,0.0
6885,0.0
6886,0.0
6887,0.0
6888,0.0
6889,0.0
6890,0.0
6891,0.0
6892,0.0
6893,0.0
6894,0.036340000000000004
6895,0.15674000000000002
6896,0.26347000000000004
6897,0.41075
6898,0.4771
6899,0.31491
6900,0.16338
6901,0.25232
6902,0.079
6903,0.10404000000000001
6904,0.03395
6905,0.00248
6906,0.0
6907,0.0
6908,0.0
6909,0.0
6910,0.0
6911,0.0
6912,0.0
6913,0.0
6914,0.0
6915,0.0
6916,0.0
6917,0.0
6918,0.02443
6919,0.14709
6920,0.29619
6921,0.35258
6922,0.34206
6923,0.26832999999999996
6924,0.19942
6925,0.34202999999999995
6926,0.19581
6927,0.11413
6928,0.05188
6929,0.00617
6930,0.0
6931,0.0
6932,0.0
6933,0.0
6934,0.0
6935,0.0
6936,0.0
6937,0.0
6938,0.0
6939,0.0
6940,0.0
6941,0.0
6942,0.027800000000000002
6943,0.07953
6944,0.29644
6945,0.35975
6946,0.54414
6947,0.39447000000000004
6948,0.26531
6949,0.39558
6950,0.25662
6951,0.21231999999999998
6952,0.07733
6953,0.00475
6954,0.0
6955,0.0
6956,0.0
6957,0.0
6958,0.0
6959,0.0
6960,0.0
6961,0.0
6962,0.0
6963,0.0
6964,0.0
6965,0.0
6966,0.04266
6967,0.09972
6968,0.27468
6969,0.47713
6970,0.59345
6971,0.44467
6972,0.33972
6973,0.25785
6974,0.17614
6975,0.12931
6976,0.058929999999999996
6977,0.00191
6978,0.0
6979,0.0
6980,0.0
6981,0.0
6982,0.0
6983,0.0
6984,0.0
6985,0.0
6986,0.0
6987,0.0
6988,0.0
6989,0.0
6990,0.018699999999999998
6991,0.10226
6992,0.23205
6993,0.35758999999999996
6994,0.474
6995,0.47511000000000003
6996,0.51178
6997,0.37826
6998,0.25468999999999997
6999,0.21609
7000,0.07803
7001,0.00315
7002,0.0
7003,0.0
7004,0.0
7005,0.0
7006,0.0
7007,0.0
7008,0.0
7009,0.0
7010,0.0
7011,0.0
7012,0.0
7013,0.0
7014,0.07051
7015,0.26355
7016,0.45064
7017,0.52787
7018,0.5700599999999999
7019,0.57256
7020,0.49759
7021,0.43967
7022,0.35143
7023,0.26368
7024,0.08306999999999999
7025,0.0028599999999999997
7026,0.0
7027,0.0
7028,0.0
7029,0.0
7030,0.0
7031,0.0
7032,0.0
7033,0.0
7034,0.0
7035,0.0
7036,0.0
7037,0.0
7038,0.047479999999999994
7039,0.25083
7040,0.36074
7041,0.49903
7042,0.5272899999999999
7043,0.40652
7044,0.33018000000000003
7045,0.45043
7046,0.36886
7047,0.21127
7048,0.07073
7049,0.00124
7050,0.0
7051,0.0
7052,0.0
7053,0.0
7054,0.0
7055,0.0
7056,0.0
7057,0.0
7058,0.0
7059,0.0
7060,0.0
7061,0.0
7062,0.04562
7063,0.20469
7064,0.36813
7065,0.49095
7066,0.579
7067,0.44624
7068,0.3987
7069,0.46366
7070,0.34688
7071,0.20695
7072,0.06318
7073,0.0035
7074,0.0
7075,0.0
7076,0.0
7077,0.0
7078,0.0
7079,0.0
7080,0.0
7081,0.0
7082,0.0
7083,0.0
7084,0.0
7085,0.0
7086,0.01541
7087,0.05917
7088,0.19094999999999998
7089,0.37256
7090,0.36573
7091,0.36096
7092,0.43513
7093,0.24459
7094,0.11444
7095,0.11379
7096,0.052340000000000005
7097,0.00157
7098,0.0
7099,0.0
7100,0.0
7101,0.0
7102,0.0
7103,0.0
7104,0.0
7105,0.0
7106,0.0
7107,0.0
7108,0.0
7109,0.0
7110,0.045899999999999996
7111,0.13691
7112,0.24268
7113,0.35598
7114,0.45504
7115,0.42189
7116,0.3397
7117,0.153
7118,0.14825
7119,0.13831
7120,0.0699
7121,0.00315
7122,0.0
7123,0.0
7124,0.0
7125,0.0
7126,0.0
7127,0.0
7128,0.0
7129,0.0
7130,0.0
7131,0.0
7132,0.0
7133,0.0
7134,0.04839
7135,0.20306
7136,0.34086
7137,0.40875
7138,0.57348
7139,0.5082300000000001
7140,0.53722
7141,0.46125
7142,0.37141
7143,0.23775
7144,0.0733
7145,0.0016200000000000001
7146,0.0
7147,0.0
7148,0.0
7149,0.0
7150,0.0
7151,0.0
7152,0.0
7153,0.0
7154,0.0
7155,0.0
7156,0.0
7157,0.0
7158,0.06637
7159,0.25762
7160,0.39664
7161,0.43433
7162,0.48312
7163,0.57248
7164,0.62651
7165,0.52267
7166,0.44597000000000003
7167,0.22316
7168,0.07123
7169,0.00363
7170,0.0
7171,0.0
7172,0.0
7173,0.0
7174,0.0
7175,0.0
7176,0.0
7177,0.0
7178,0.0
7179,0.0
7180,0.0
7181,0.0
7182,0.08131000000000001
7183,0.25693
7184,0.42738
7185,0.42751999999999996
7186,0.6311
7187,0.58831
7188,0.52983
7189,0.4446
7190,0.314
7191,0.16963999999999999
7192,0.06504
7193,0.0029300000000000003
7194,0.0
7195,0.0
7196,0.0
7197,0.0
7198,0.0
7199,0.0
7200,0.0
7201,0.0
7202,0.0
7203,0.0
7204,0.0
7205,0.0
7206,0.08279
7207,0.27684
7208,0.43789999999999996
7209,0.54079
7210,0.60775
7211,0.6671699999999999
7212,0.43895999999999996
7213,0.33359
7214,0.20779
7215,0.14116
7216,0.06879
7217,0.0031
7218,0.0
7219,0.0
7220,0.0
7221,0.0
7222,0.0
7223,0.0
7224,0.0
7225,0.0
7226,0.0
7227,0.0
7228,0.0
7229,0.0
7230,0.05672
7231,0.1692
7232,0.30176
7233,0.41519
7234,0.4109
7235,0.44021
7236,0.51051
7237,0.19236
7238,0.10513
7239,0.16116999999999998
7240,0.08662
7241,0.0016699999999999998
7242,0.0
7243,0.0
7244,0.0
7245,0.0
7246,0.0
7247,0.0
7248,0.0
7249,0.0
7250,0.0
7251,0.0
7252,0.0
7253,0.0
7254,0.036
7255,0.18128999999999998
7256,0.27235000000000004
7257,0.22557
7258,0.33318000000000003
7259,0.47202
7260,0.43733
7261,0.28114
7262,0.23892
7263,0.1143
7264,0.04888
7265,0.00132
7266,0.0
7267,0.0
7268,0.0
7269,0.0
7270,0.0
7271,0.0
7272,0.0
7273,0.0
7274,0.0
7275,0.0
7276,0.0
7277,0.0
7278,0.02539
7279,0.11805
7280,0.20645
7281,0.33114
7282,0.40631
7283,0.45715
7284,0.40327999999999997
7285,0.31856
7286,0.2422
7287,0.09093000000000001
7288,0.044039999999999996
7289,0.00161
7290,0.0
7291,0.0
7292,0.0
7293,0.0
7294,0.0
7295,0.0
7296,0.0
7297,0.0
7298,0.0
7299,0.0
7300,0.0
7301,0.0
7302,0.0725
7303,0.22538999999999998
7304,0.40026
7305,0.40929000000000004
7306,0.46614999999999995
7307,0.47847
7308,0.51154
7309,0.47148
7310,0.36845999999999995
7311,0.15023
7312,0.06104
7313,0.0024
7314,0.0
7315,0.0
7316,0.0
7317,0.0
7318,0.0
7319,0.0
7320,0.0
7321,0.0
7322,0.0
7323,0.0
7324,0.0
7325,0.0
7326,0.07894
7327,0.25730000000000003
7328,0.38950999999999997
7329,0.44358
7330,0.57128
7331,0.62252
7332,0.5963200000000001
7333,0.43927999999999995
7334,0.28708999999999996
7335,0.12669
7336,0.0475
7337,0.0
7338,0.0
7339,0.0
7340,0.0
7341,0.0
7342,0.0
7343,0.0
7344,0.0
7345,0.0
7346,0.0
7347,0.0
7348,0.0
7349,0.0
7350,0.07923999999999999
7351,0.26557
7352,0.38556
7353,0.51351
7354,0.44873
7355,0.59704
7356,0.50842
7357,0.32864
7358,0.22435
7359,0.13604
7360,0.05991
7361,0.00146
7362,0.0
7363,0.0
7364,0.0
7365,0.0
7366,0.0
7367,0.0
7368,0.0
7369,0.0
7370,0.0
7371,0.0
7372,0.0
7373,0.0
7374,0.06007
7375,0.20475
7376,0.35561000000000004
7377,0.4815
7378,0.5430900000000001
7379,0.5906399999999999
7380,0.53761
7381,0.4561
7382,0.23742
7383,0.24259
7384,0.07105
7385,0.00132
7386,0.0
7387,0.0
7388,0.0
7389,0.0
7390,0.0
7391,0.0
7392,0.0
7393,0.0
7394,0.0
7395,0.0
7396,0.0
7397,0.0
7398,0.06645000000000001
7399,0.26139
7400,0.42006
7401,0.5678500000000001
7402,0.51254
7403,0.56669
7404,0.60568
7405,0.4638
7406,0.33794
7407,0.17980000000000002
7408,0.07306
7409,0.0020800000000000003
7410,0.0
7411,0.0
7412,0.0
7413,0.0
7414,0.0
7415,0.0
7416,0.0
7417,0.0
7418,0.0
7419,0.0
7420,0.0
7421,0.0
7422,0.060969999999999996
7423,0.24337
7424,0.39166
7425,0.5185700000000001
7426,0.59961
7427,0.62118
7428,0.54111
7429,0.41487999999999997
7430,0.32876
7431,0.16268000000000002
7432,0.06014
7433,0.00069
7434,0.0
7435,0.0
7436,0.0
7437,0.0
7438,0.0
7439,0.0
7440,0.0
7441,0.0
7442,0.0
7443,0.0
7444,0.0
7445,0.0
7446,0.0493
7447,0.20768999999999999
7448,0.37417
7449,0.46268
7450,0.46138
7451,0.5496599999999999
7452,0.56935
7453,0.33852
7454,0.27367
7455,0.19154
7456,0.060289999999999996
7457,0.0014199999999999998
7458,0.0
7459,0.0
7460,0.0
7461,0.0
7462,0.0
7463,0.0
7464,0.0
7465,0.0
7466,0.0
7467,0.0
7468,0.0
7469,0.0
7470,0.06769
7471,0.22207
7472,0.35296
7473,0.5199400000000001
7474,0.47355
7475,0.6088
7476,0.58658
7477,0.41577
7478,0.29792
7479,0.22266999999999998
7480,0.06606000000000001
7481,0.0013
7482,0.0
7483,0.0
7484,0.0
7485,0.0
7486,0.0
7487,0.0
7488,0.0
7489,0.0
7490,0.0
7491,0.0
7492,0.0
7493,0.0
7494,0.06037
7495,0.26768000000000003
7496,0.40059
7497,0.45650999999999997
7498,0.55422
7499,0.60838
7500,0.6197999999999999
7501,0.5555800000000001
7502,0.42025
7503,0.27432
7504,0.08331000000000001
7505,0.00092
7506,0.0
7507,0.0
7508,0.0
7509,0.0
7510,0.0
7511,0.0
7512,0.0
7513,0.0
7514,0.0
7515,0.0
7516,0.0
7517,0.0
7518,0.07289
7519,0.29401
7520,0.47544
7521,0.605
7522,0.66827
7523,0.65249
7524,0.62798
7525,0.52198
7526,0.37662
7527,0.23183
7528,0.08826
7529,0.00079
7530,0.0
7531,0.0
7532,0.0
7533,0.0
7534,0.0
7535,0.0
7536,0.0
7537,0.0
7538,0.0
7539,0.0
7540,0.0
7541,0.0
7542,0.07812000000000001
7543,0.25263
7544,0.4621
7545,0.57969
7546,0.6261599999999999
7547,0.60427
7548,0.49381
7549,0.54283
7550,0.40742
7551,0.22505
7552,0.08006
7553,0.0007
7554,0.0
7555,0.0
7556,0.0
7557,0.0
7558,0.0
7559,0.0
7560,0.0
7561,0.0
7562,0.0
7563,0.0
7564,0.0
7565,0.0
7566,0.03736
7567,0.14881999999999998
7568,0.36804000000000003
7569,0.50478
7570,0.49421
7571,0.53049
7572,0.52791
7573,0.36228
7574,0.2701
7575,0.19975
7576,0.06462999999999999
7577,0.0013
7578,0.0
7579,0.0
7580,0.0
7581,0.0
7582,0.0
7583,0.0
7584,0.0
7585,0.0
7586,0.0
7587,0.0
7588,0.0
7589,0.0
7590,0.05173
7591,0.22454
7592,0.38631
7593,0.50448
7594,0.64847
7595,0.52813
7596,0.5955
7597,0.46175
7598,0.39379000000000003
7599,0.24328
7600,0.058159999999999996
7601,0.0005899999999999999
7602,0.0
7603,0.0
7604,0.0
7605,0.0
7606,0.0
7607,0.0
7608,0.0
7609,0.0
7610,0.0
7611,0.0
7612,0.0
7613,0.0
7614,0.05737
7615,0.26219
7616,0.39446
7617,0.56696
7618,0.5983200000000001
7619,0.61346
7620,0.49941
7621,0.34711000000000003
7622,0.31506
7623,0.21209999999999998
7624,0.08012999999999999
7625,0.00109
7626,0.0
7627,0.0
7628,0.0
7629,0.0
7630,0.0
7631,0.0
7632,0.0
7633,0.0
7634,0.0
7635,0.0
7636,0.0
7637,0.0
7638,0.04392
7639,0.20352
7640,0.30965
7641,0.45504
7642,0.5260199999999999
7643,0.5650299999999999
7644,0.55037
7645,0.32737
7646,0.24233000000000002
7647,0.16185
7648,0.047380000000000005
7649,0.00132
7650,0.0
7651,0.0
7652,0.0
7653,0.0
7654,0.0
7655,0.0
7656,0.0
7657,0.0
7658,0.0
7659,0.0
7660,0.0
7661,0.0
7662,0.00982
7663,0.05794
7664,0.16671
7665,0.24933000000000002
7666,0.40443
7667,0.56445
7668,0.33187
7669,0.26997000000000004
7670,0.26095999999999997
7671,0.13676
7672,0.0446
7673,0.001
7674,0.0
7675,0.0
7676,0.0
7677,0.0
7678,0.0
7679,0.0
7680,0.0
7681,0.0
7682,0.0
7683,0.0
7684,0.0
7685,0.0
7686,0.056420000000000005
7687,0.24322
7688,0.40570999999999996
7689,0.5201
7690,0.58982
7691,0.5838300000000001
7692,0.34441000000000005
7693,0.43401
7694,0.24741
7695,0.18118
7696,0.039740000000000004
7697,0.0
7698,0.0
7699,0.0
7700,0.0
7701,0.0
7702,0.0
7703,0.0
7704,0.0
7705,0.0
7706,0.0
7707,0.0
7708,0.0
7709,0.0
7710,0.05382
7711,0.2169
7712,0.28785000000000005
7713,0.34068
7714,0.43525
7715,0.43232
7716,0.50395
7717,0.39736
7718,0.31365
7719,0.14962999999999999
7720,0.05319
7721,0.0011899999999999999
7722,0.0
7723,0.0
7724,0.0
7725,0.0
7726,0.0
7727,0.0
7728,0.0
7729,0.0
7730,0.0
7731,0.0
7732,0.0
7733,0.0
7734,0.057409999999999996
7735,0.22177000000000002
7736,0.39851
7737,0.46889
7738,0.5507799999999999
7739,0.5563400000000001
7740,0.50962
7741,0.42831
7742,0.3453
7743,0.20309
7744,0.08328
7745,0.00091
7746,0.0
7747,0.0
7748,0.0
7749,0.0
7750,0.0
7751,0.0
7752,0.0
7753,0.0
7754,0.0
7755,0.0
7756,0.0
7757,0.0
7758,0.06965
7759,0.23757
7760,0.40732999999999997
7761,0.5333600000000001
7762,0.6454
7763,0.6269199999999999
7764,0.54126
7765,0.45056
7766,0.37375
7767,0.24053
7768,0.07181
7769,0.00058
7770,0.0
7771,0.0
7772,0.0
7773,0.0
7774,0.0
7775,0.0
7776,0.0
7777,0.0
7778,0.0
7779,0.0
7780,0.0
7781,0.0
7782,0.0349
7783,0.18086000000000002
7784,0.31019
7785,0.48986
7786,0.53349
7787,0.58826
7788,0.53311
7789,0.38231
7790,0.23414
7791,0.12706
7792,0.054549999999999994
7793,0.00133
7794,0.0
7795,0.0
7796,0.0
7797,0.0
7798,0.0
7799,0.0
7800,0.0
7801,0.0
7802,0.0
7803,0.0
7804,0.0
7805,0.0
7806,0.01688
7807,0.13313
7808,0.26155
7809,0.43671
7810,0.59542
7811,0.39387
7812,0.30643
7813,0.2223
7814,0.19488
7815,0.12201000000000001
7816,0.04003
7817,0.0008399999999999999
7818,0.0
7819,0.0
7820,0.0
7821,0.0
7822,0.0
7823,0.0
7824,0.0
7825,0.0
7826,0.0
7827,0.0
7828,0.0
7829,0.0
7830,0.02876
7831,0.13248
7832,0.30012
7833,0.38767
7834,0.48513999999999996
7835,0.55988
7836,0.40016
7837,0.25073
7838,0.17154
7839,0.12431
7840,0.04603
7841,0.00211
7842,0.0
7843,0.0
7844,0.0
7845,0.0
7846,0.0
7847,0.0
7848,0.0
7849,0.0
7850,0.0
7851,0.0
7852,0.0
7853,0.0
7854,0.04887
7855,0.18758000000000002
7856,0.37218
7857,0.4773
7858,0.54091
7859,0.56249
7860,0.56701
7861,0.3852
7862,0.28237
7863,0.20924
7864,0.04463
7865,0.00133
7866,0.0
7867,0.0
7868,0.0
7869,0.0
7870,0.0
7871,0.0
7872,0.0
7873,0.0
7874,0.0
7875,0.0
7876,0.0
7877,0.0
7878,0.046340000000000006
7879,0.22763
7880,0.38581
7881,0.53792
7882,0.6184700000000001
7883,0.56847
7884,0.57366
7885,0.52783
7886,0.40507
7887,0.21587
7888,0.06793
7889,0.0011200000000000001
7890,0.0
7891,0.0
7892,0.0
7893,0.0
7894,0.0
7895,0.0
7896,0.0
7897,0.0
7898,0.0
7899,0.0
7900,0.0
7901,0.0
7902,0.04457
7903,0.21969
7904,0.36882
7905,0.49137000000000003
7906,0.5801900000000001
7907,0.53611
7908,0.55076
7909,0.48601
7910,0.31823
7911,0.16201
7912,0.06423999999999999
7913,0.00114
7914,0.0
7915,0.0
7916,0.0
7917,0.0
7918,0.0
7919,0.0
7920,0.0
7921,0.0
7922,0.0
7923,0.0
7924,0.0
7925,0.0
7926,0.03442
7927,0.19935
7928,0.28570999999999996
7929,0.37310000000000004
7930,0.47289
7931,0.57874
7932,0.55483
7933,0.36171
7934,0.29407
7935,0.17538
7936,0.06456
7937,0.00094
7938,0.0
7939,0.0
7940,0.0
7941,0.0
7942,0.0
7943,0.0
7944,0.0
7945,0.0
7946,0.0
7947,0.0
7948,0.0
7949,0.0
7950,0.0514
7951,0.21274
7952,0.39115
7953,0.54383
7954,0.59668
7955,0.60164
7956,0.5801000000000001
7957,0.50533
7958,0.36225
7959,0.18311000000000002
7960,0.07623999999999999
7961,0.00172
7962,0.0
7963,0.0
7964,0.0
7965,0.0
7966,0.0
7967,0.0
7968,0.0
7969,0.0
7970,0.0
7971,0.0
7972,0.0
7973,0.0
7974,0.04963
7975,0.21023
7976,0.36882
7977,0.49002999999999997
7978,0.55945
7979,0.58677
7980,0.56797
7981,0.5023299999999999
7982,0.37562
7983,0.16965
7984,0.05795
7985,0.0007099999999999999
7986,0.0
7987,0.0
7988,0.0
7989,0.0
7990,0.0
7991,0.0
7992,0.0
7993,0.0
7994,0.0
7995,0.0
7996,0.0
7997,0.0
7998,0.03283
7999,0.18535
8000,0.38189999999999996
8001,0.4495
8002,0.61209
8003,0.59508
8004,0.5077
8005,0.41601
8006,0.30304000000000003
8007,0.17094
8008,0.06433
8009,0.0015400000000000001
8010,0.0
8011,0.0
8012,0.0
8013,0.0
8014,0.0
8015,0.0
8016,0.0
8017,0.0
8018,0.0
8019,0.0
8020,0.0
8021,0.0
8022,0.03947
8023,0.22263999999999998
8024,0.36682
8025,0.33964
8026,0.42471
8027,0.62061
8028,0.53234
8029,0.43274
8030,0.39333999999999997
8031,0.20187
8032,0.05622
8033,0.00093
8034,0.0
8035,0.0
8036,0.0
8037,0.0
8038,0.0
8039,0.0
8040,0.0
8041,0.0
8042,0.0
8043,0.0
8044,0.0
8045,0.0
8046,0.04912
8047,0.17258
8048,0.32746
8049,0.43151
8050,0.45905
8051,0.5528099999999999
8052,0.6029500000000001
8053,0.5416599999999999
8054,0.4408
8055,0.28073000000000004
8056,0.08674
8057,0.00159
8058,0.0
8059,0.0
8060,0.0
8061,0.0
8062,0.0
8063,0.0
8064,0.0
8065,0.0
8066,0.0
8067,0.0
8068,0.0
8069,0.0
8070,0.05768
8071,0.25501
8072,0.41920999999999997
8073,0.52627
8074,0.60862
8075,0.6455700000000001
8076,0.60638
8077,0.5094
8078,0.40223000000000003
8079,0.27928
8080,0.07598
8081,0.00115
8082,0.0
8083,0.0
8084,0.0
8085,0.0
8086,0.0
8087,0.0
8088,0.0
8089,0.0
8090,0.0
8091,0.0
8092,0.0
8093,0.0
8094,0.05759
8095,0.25882
8096,0.43856
8097,0.57551
8098,0.64252
8099,0.5727899999999999
8100,0.5535800000000001
8101,0.46475
8102,0.38045999999999996
8103,0.23473
8104,0.07789
8105,0.00127
8106,0.0
8107,0.0
8108,0.0
8109,0.0
8110,0.0
8111,0.0
8112,0.0
8113,0.0
8114,0.0
8115,0.0
8116,0.0
8117,0.0
8118,0.04415
8119,0.2134
8120,0.35464
8121,0.46398
8122,0.56009
8123,0.60238
8124,0.6181
8125,0.45261
8126,0.36667
8127,0.28223000000000004
8128,0.06001
8129,0.00083
8130,0.0
8131,0.0
8132,0.0
8133,0.0
8134,0.0
8135,0.0
8136,0.0
8137,0.0
8138,0.0
8139,0.0
8140,0.0
8141,0.0
8142,0.054020000000000006
8143,0.25288
8144,0.40664999999999996
8145,0.48818
8146,0.49247
8147,0.5479400000000001
8148,0.61721
8149,0.46566
8150,0.34896
8151,0.22609
8152,0.09254000000000001
8153,0.00185
8154,0.0
8155,0.0
8156,0.0
8157,0.0
8158,0.0
8159,0.0
8160,0.0
8161,0.0
8162,0.0
8163,0.0
8164,0.0
8165,0.0
8166,0.04983
8167,0.22506
8168,0.38380000000000003
8169,0.5142599999999999
8170,0.61639
8171,0.61081
8172,0.61679
8173,0.40643
8174,0.34201
8175,0.26050999999999996
8176,0.08587
8177,0.00076
8178,0.0
8179,0.0
8180,0.0
8181,0.0
8182,0.0
8183,0.0
8184,0.0
8185,0.0
8186,0.0
8187,0.0
8188,0.0
8189,0.0
8190,0.048920000000000005
8191,0.22963999999999998
8192,0.355
8193,0.451
8194,0.5448200000000001
8195,0.62871
8196,0.60025
8197,0.43577999999999995
8198,0.37656
8199,0.26299
8200,0.0874
8201,0.00139
8202,0.0
8203,0.0
8204,0.0
8205,0.0
8206,0.0
8207,0.0
8208,0.0
8209,0.0
8210,0.0
8211,0.0
8212,0.0
8213,0.0
8214,0.03319
8215,0.18487
8216,0.40418
8217,0.5279299999999999
8218,0.6076
8219,0.65339
8220,0.6160599999999999
8221,0.51319
8222,0.40892
8223,0.18368
8224,0.09051999999999999
8225,0.00107
8226,0.0
8227,0.0
8228,0.0
8229,0.0
8230,0.0
8231,0.0
8232,0.0
8233,0.0
8234,0.0
8235,0.0
8236,0.0
8237,0.0
8238,0.02451
8239,0.1406
8240,0.33986
8241,0.50946
8242,0.60987
8243,0.53297
8244,0.60863
8245,0.53543
8246,0.42644
8247,0.2554
8248,0.0705
8249,0.00272
8250,0.0
8251,0.0
8252,0.0
8253,0.0
8254,0.0
8255,0.0
8256,0.0
8257,0.0
8258,0.0
8259,0.0
8260,0.0
8261,0.0
8262,0.039009999999999996
8263,0.17944
8264,0.38435
8265,0.46973000000000004
8266,0.57059
8267,0.57427
8268,0.5351
8269,0.4442
8270,0.31242000000000003
8271,0.13934
8272,0.054240000000000003
8273,0.00151
8274,0.0
8275,0.0
8276,0.0
8277,0.0
8278,0.0
8279,0.0
8280,0.0
8281,0.0
8282,0.0
8283,0.0
8284,0.0
8285,0.0
8286,0.03823
8287,0.20934
8288,0.35525999999999996
8289,0.45982999999999996
8290,0.55636
8291,0.5739299999999999
8292,0.49131
8293,0.41441
8294,0.34026
8295,0.2204
8296,0.07695
8297,0.00136
8298,0.0
8299,0.0
8300,0.0
8301,0.0
8302,0.0
8303,0.0
8304,0.0
8305,0.0
8306,0.0
8307,0.0
8308,0.0
8309,0.0
8310,0.02875
8311,0.19097
8312,0.38792000000000004
8313,0.5027900000000001
8314,0.49845
8315,0.6333
8316,0.50603
8317,0.37486
8318,0.29916000000000004
8319,0.21369
8320,0.08532
8321,0.00287
8322,0.0
8323,0.0
8324,0.0
8325,0.0
8326,0.0
8327,0.0
8328,0.0
8329,0.0
8330,0.0
8331,0.0
8332,0.0
8333,0.0
8334,0.0296
8335,0.15744999999999998
8336,0.30204000000000003
8337,0.41505000000000003
8338,0.49873
8339,0.30591
8340,0.29316000000000003
8341,0.4094
8342,0.26237
8343,0.17276
8344,0.07243000000000001
8345,0.00327
8346,0.0
8347,0.0
8348,0.0
8349,0.0
8350,0.0
8351,0.0
8352,0.0
8353,0.0
8354,0.0
8355,0.0
8356,0.0
8357,0.0
8358,0.029920000000000002
8359,0.16185
8360,0.37433
8361,0.47167000000000003
8362,0.48957999999999996
8363,0.58494
8364,0.54199
8365,0.39171
8366,0.41531
8367,0.20538
8368,0.08907
8369,0.00141
8370,0.0
8371,0.0
8372,0.0
8373,0.0
8374,0.0
8375,0.0
8376,0.0
8377,0.0
8378,0.0
8379,0.0
8380,0.0
8381,0.0
8382,0.04238
8383,0.23199
8384,0.39991000000000004
8385,0.51566
8386,0.58688
8387,0.56348
8388,0.56929
8389,0.55792
8390,0.37283999999999995
8391,0.21503999999999998
8392,0.082
8393,0.00158
8394,0.0
8395,0.0
8396,0.0
8397,0.0
8398,0.0
8399,0.0
8400,0.0
8401,0.0
8402,0.0
8403,0.0
8404,0.0
8405,0.0
8406,0.04403
8407,0.22796
8408,0.41725
8409,0.5565800000000001
8410,0.62217
8411,0.6411399999999999
8412,0.6067899999999999
8413,0.48957
8414,0.36668
8415,0.25008
8416,0.11137000000000001
8417,0.00248
8418,0.0
8419,0.0
8420,0.0
8421,0.0
8422,0.0
8423,0.0
8424,0.0
8425,0.0
8426,0.0
8427,0.0
8428,0.0
8429,0.0
8430,0.04295
8431,0.19863
8432,0.42075
8433,0.5578
8434,0.62122
8435,0.63974
8436,0.6153500000000001
8437,0.46475
8438,0.3556
8439,0.19566999999999998
8440,0.09248
8441,0.00124
8442,0.0
8443,0.0
8444,0.0
8445,0.0
8446,0.0
8447,0.0
8448,0.0
8449,0.0
8450,0.0
8451,0.0
8452,0.0
8453,0.0
8454,0.027780000000000003
8455,0.20932
8456,0.38603
8457,0.5445399999999999
8458,0.61236
8459,0.61465
8460,0.56879
8461,0.53577
8462,0.41764999999999997
8463,0.22094
8464,0.07829000000000001
8465,0.00183
8466,0.0
8467,0.0
8468,0.0
8469,0.0
8470,0.0
8471,0.0
8472,0.0
8473,0.0
8474,0.0
8475,0.0
8476,0.0
8477,0.0
8478,0.03504
8479,0.21237999999999999
8480,0.31862999999999997
8481,0.3527
8482,0.56268
8483,0.61056
8484,0.57575
8485,0.37333999999999995
8486,0.26705
8487,0.17973
8488,0.08662
8489,0.00346
8490,0.0
8491,0.0
8492,0.0
8493,0.0
8494,0.0
8495,0.0
8496,0.0
8497,0.0
8498,0.0
8499,0.0
8500,0.0
8501,0.0
8502,0.02566
8503,0.19002000000000002
8504,0.36010000000000003
8505,0.43776
8506,0.49539999999999995
8507,0.5102300000000001
8508,0.39811
8509,0.37357
8510,0.24791
8511,0.18047
8512,0.09989
8513,0.0024700000000000004
8514,0.0
8515,0.0
8516,0.0
8517,0.0
8518,0.0
8519,0.0
8520,0.0
8521,0.0
8522,0.0
8523,0.0
8524,0.0
8525,0.0
8526,0.012289999999999999
8527,0.08794
8528,0.19468000000000002
8529,0.31526
8530,0.37607999999999997
8531,0.35756
8532,0.37383999999999995
8533,0.34385000000000004
8534,0.24983000000000002
8535,0.16294
8536,0.05482
8537,0.0034500000000000004
8538,0.0
8539,0.0
8540,0.0
8541,0.0
8542,0.0
8543,0.0
8544,0.0
8545,0.0
8546,0.0
8547,0.0
8548,0.0
8549,0.0
8550,0.01756
8551,0.13507
8552,0.30695999999999996
8553,0.4734
8554,0.47552
8555,0.54403
8556,0.60256
8557,0.5525599999999999
8558,0.41022000000000003
8559,0.16528
8560,0.09405
8561,0.00246
8562,0.0
8563,0.0
8564,0.0
8565,0.0
8566,0.0
8567,0.0
8568,0.0
8569,0.0
8570,0.0
8571,0.0
8572,0.0
8573,0.0
8574,0.03013
8575,0.20548
8576,0.39756
8577,0.5419700000000001
8578,0.5569500000000001
8579,0.5951900000000001
8580,0.61352
8581,0.3484
8582,0.31792000000000004
8583,0.18580000000000002
8584,0.07443999999999999
8585,0.00481
8586,0.0
8587,0.0
8588,0.0
8589,0.0
8590,0.0
8591,0.0
8592,0.0
8593,0.0
8594,0.0
8595,0.0
8596,0.0
8597,0.0
8598,0.0057
8599,0.12575
8600,0.27604
8601,0.43957
8602,0.50939
8603,0.54816
8604,0.57541
8605,0.43960000000000005
8606,0.41182
8607,0.18756
8608,0.09517
8609,0.00626
8610,0.0
8611,0.0
8612,0.0
8613,0.0
8614,0.0
8615,0.0
8616,0.0
8617,0.0
8618,0.0
8619,0.0
8620,0.0
8621,0.0
8622,0.00697
8623,0.13675
8624,0.30522000000000005
8625,0.48395
8626,0.52391
8627,0.5345700000000001
8628,0.5842200000000001
8629,0.44988
8630,0.41557
8631,0.22865
8632,0.10143
8633,0.00172
8634,0.0
8635,0.0
8636,0.0
8637,0.0
8638,0.0
8639,0.0
8640,0.0
8641,0.0
8642,0.0
8643,0.0
8644,0.0
8645,0.0
8646,0.00524
8647,0.18471
8648,0.36362
8649,0.5316000000000001
8650,0.59945
8651,0.58294
8652,0.59372
8653,0.43455
8654,0.37448000000000004
8655,0.17074
8656,0.07506
8657,0.00545
8658,0.0
8659,0.0
8660,0.0
8661,0.0
8662,0.0
8663,0.0
8664,0.0
8665,0.0
8666,0.0
8667,0.0
8668,0.0
8669,0.0
8670,0.00624
8671,0.18630000000000002
8672,0.37973
8673,0.51771
8674,0.62282
8675,0.63026
8676,0.61202
8677,0.56965
8678,0.45607
8679,0.30410000000000004
8680,0.13176
8681,0.00396
8682,0.0
8683,0.0
8684,0.0
8685,0.0
8686,0.0
8687,0.0
8688,0.0
8689,0.0
8690,0.0
8691,0.0
8692,0.0
8693,0.0
8694,0.00462
8695,0.20817
8696,0.3926
8697,0.52667
8698,0.62124
8699,0.6257999999999999
8700,0.55455
8701,0.55923
8702,0.45227
8703,0.30127
8704,0.11734
8705,0.00671
8706,0.0
8707,0.0
8708,0.0
8709,0.0
8710,0.0
8711,0.0
8712,0.0
8713,0.0
8714,0.0
8715,0.0
8716,0.0
8717,0.0
8718,0.00435
8719,0.19091
8720,0.40684
8721,0.55511
8722,0.6386499999999999
8723,0.65732
8724,0.65589
8725,0.5555599999999999
8726,0.46608
8727,0.31892000000000004
8728,0.11481999999999999
8729,0.00233
8730,0.0
8731,0.0
8732,0.0
8733,0.0
8734,0.0
8735,0.0
8736,0.0
8737,0.0
8738,0.0
8739,0.0
8740,0.0
8741,0.0
8742,0.00318
8743,0.21547999999999998
8744,0.41429000000000005
8745,0.5607000000000001
8746,0.64815
8747,0.6833400000000001
8748,0.669
8749,0.60539
8750,0.4773
8751,0.28854
8752,0.08715
8753,0.0
8754,0.0
8755,0.0
8756,0.0
8757,0.0
8758,0.0
8759,0.0
