,pv_per_unit
0,0.0
1,0.0
2,0.0
3,0.0
4,0.0
5,0.0
6,0.0
7,0.01642
8,0.0362
9,0.13812
10,0.10441
11,0.14258
12,0.18193
13,0.51287
14,0.41344
15,0.18772
16,0.18168
17,0.03443
18,0.0
19,0.0
20,0.0
21,0.0
22,0.0
23,0.0
24,0.0
25,0.0
26,0.0
27,0.0
28,0.0
29,0.0
30,0.0020499999999999997
31,0.06512000000000001
32,0.15202000000000002
33,0.21334
34,0.23088
35,0.24547
36,0.28326
37,0.40009
38,0.37951999999999997
39,0.2626
40,0.1807
41,0.032780000000000004
42,0.0
43,0.0
44,0.0
45,0.0
46,0.0
47,0.0
48,0.0
49,0.0
50,0.0
51,0.0
52,0.0
53,0.0
54,0.0008399999999999999
55,0.01788
56,0.06789
57,0.16883
58,0.1105
59,0.13081
60,0.13788999999999998
61,0.48229
62,0.43501999999999996
63,0.21408000000000002
64,0.07765000000000001
65,0.02316
66,0.0
67,0.0
68,0.0
69,0.0
70,0.0
71,0.0
72,0.0
73,0.0
74,0.0
75,0.0
76,0.0
77,0.0
78,0.00078
79,0.024050000000000002
80,0.08303
81,0.12751
82,0.19332
83,0.5112
84,0.45835000000000004
85,0.5892200000000001
86,0.46579000000000004
87,0.4097
88,0.12906
89,0.02032
90,0.0
91,0.0
92,0.0
93,0.0
94,0.0
95,0.0
96,0.0
97,0.0
98,0.0
99,0.0
100,0.0
101,0.0
102,0.00058
103,0.039479999999999994
104,0.11593
105,0.24438
106,0.30234
107,0.27246
108,0.11998
109,0.24683000000000002
110,0.22043000000000001
111,0.10123
112,0.055189999999999996
113,0.01516
114,0.0
115,0.0
116,0.0
117,0.0
118,0.0
119,0.0
120,0.0
121,0.0
122,0.0
123,0.0
124,0.0
125,0.0
126,0.00049
127,0.04679
128,0.11427
129,0.14113
130,0.25745
131,0.31727999999999995
132,0.55173
133,0.50447
134,0.48227
135,0.341
136,0.19744
137,0.0431
138,0.0
139,0.0
140,0.0
141,0.0
142,0.0
143,0.0
144,0.0
145,0.0
146,0.0
147,0.0
148,0.0
149,0.0
150,0.00329
151,0.09295999999999999
152,0.23459
153,0.42502
154,0.53322
155,0.42622000000000004
156,0.49324
157,0.6356
158,0.36795999999999995
159,0.31665
160,0.15828
161,0.0356
162,0.0
163,0.0
164,0.0
165,0.0
166,0.0
167,0.0
168,0.0
169,0.0
170,0.0
171,0.0
172,0.0
173,0.0
174,0.00063
175,0.02577
176,0.07848000000000001
177,0.17721
178,0.12706
179,0.21518
180,0.29545
181,0.34393
182,0.37002999999999997
183,0.19912
184,0.14396
185,0.02388
186,0.0
187,0.0
188,0.0
189,0.0
190,0.0
191,0.0
192,0.0
193,0.0
194,0.0
195,0.0
196,0.0
197,0.0
198,0.00126
199,0.0181
200,0.06154
201,0.09111
202,0.10031999999999999
203,0.15016
204,0.19841
205,0.50471
206,0.25052
207,0.18477000000000002
208,0.12692
209,0.04039
210,0.0
211,0.0
212,0.0
213,0.0
214,0.0
215,0.0
216,0.0
217,0.0
218,0.0
219,0.0
220,0.0
221,0.0
222,0.00271
223,0.06748
224,0.15875
225,0.21380000000000002
226,0.28076
227,0.34328
228,0.48254
229,0.5721
230,0.48494
231,0.31444
232,0.16306
233,0.02698
234,0.0
235,0.0
236,0.0
237,0.0
238,0.0
239,0.0
240,0.0
241,0.0
242,0.0
243,0.0
244,0.0
245,0.0
246,0.0
247,0.04366
248,0.09705
249,0.13552
250,0.21280000000000002
251,0.21468
252,0.21337
253,0.47589
254,0.33103
255,0.26249
256,0.11993999999999999
257,0.01883
258,0.0
259,0.0
260,0.0
261,0.0
262,0.0
263,0.0
264,0.0
265,0.0
266,0.0
267,0.0
268,0.0
269,0.0
270,0.0
271,0.02497
272,0.09317
273,0.15506
274,0.18193
275,0.19305
276,0.1763
277,0.38075
278,0.27572
279,0.28458999999999995
280,0.10845999999999999
281,0.04301
282,0.0
283,0.0
284,0.0
285,0.0
286,0.0
287,0.0
288,0.0
289,0.0
290,0.0
291,0.0
292,0.0
293,0.0
294,0.00088
295,0.0705
296,0.20671
297,0.40770999999999996
298,0.46854
299,0.56321
300,0.48760000000000003
301,0.49656
302,0.46697000000000005
303,0.33069
304,0.1401
305,0.025589999999999998
306,0.0
307,0.0
308,0.0
309,0.0
310,0.0
311,0.0
312,0.0
313,0.0
314,0.0
315,0.0
316,0.0
317,0.0
318,2.9999999999999997e-05
319,0.04381
320,0.11659
321,0.26256
322,0.27173
323,0.44053
324,0.33858
325,0.3439
326,0.2697
327,0.15047
328,0.08496
329,0.01548
330,0.0
331,0.0
332,0.0
333,0.0
334,0.0
335,0.0
336,0.0
337,0.0
338,0.0
339,0.0
340,0.0
341,0.0
342,0.00115
343,0.0708
344,0.13438999999999998
345,0.24736000000000002
346,0.42358999999999997
347,0.44749
348,0.37603
349,0.55371
350,0.43889
351,0.26381
352,0.12847999999999998
353,0.013699999999999999
354,0.0
355,0.0
356,0.0
357,0.0
358,0.0
359,0.0
360,0.0
361,0.0
362,0.0
363,0.0
364,0.0
365,0.0
366,0.0
367,0.01282
368,0.06747
369,0.20762
370,0.3484
371,0.34231
372,0.46476999999999996
373,0.59724
374,0.405
375,0.28998
376,0.16896
377,0.01051
378,0.0
379,0.0
380,0.0
381,0.0
382,0.0
383,0.0
384,0.0
385,0.0
386,0.0
387,0.0
388,0.0
389,0.0
390,0.0
391,0.04797
392,0.15836
393,0.25894
394,0.50332
395,0.51409
396,0.49313999999999997
397,0.64198
398,0.52177
399,0.35867
400,0.18295
401,0.04863
402,0.0
403,0.0
404,0.0
405,0.0
406,0.0
407,0.0
408,0.0
409,0.0
410,0.0
411,0.0
412,0.0
413,0.0
414,0.00099
415,0.032420000000000004
416,0.13917
417,0.18033000000000002
418,0.19369
419,0.28941
420,0.32941000000000004
421,0.52206
422,0.45668000000000003
423,0.33861
424,0.20758000000000001
425,0.06605
426,0.0
427,0.0
428,0.0
429,0.0
430,0.0
431,0.0
432,0.0
433,0.0
434,0.0
435,0.0
436,0.0
437,0.0
438,0.0
439,0.04902
440,0.19438999999999998
441,0.24461000000000002
442,0.37735
443,0.38833999999999996
444,0.49107
445,0.53372
446,0.31782
447,0.34764
448,0.17309
449,0.07464
450,0.0
451,0.0
452,0.0
453,0.0
454,0.0
455,0.0
456,0.0
457,0.0
458,0.0
459,0.0
460,0.0
461,0.0
462,0.0030800000000000003
463,0.06522
464,0.13399
465,0.35731
466,0.41308
467,0.44392000000000004
468,0.42217
469,0.4546
470,0.40687
471,0.22478
472,0.15411000000000002
473,0.03982
474,0.0
475,0.0
476,0.0
477,0.0
478,0.0
479,0.0
480,0.0
481,0.0
482,0.0
483,0.0
484,0.0
485,0.0
486,0.0
487,0.00871
488,0.05188
489,0.09444
490,0.14209
491,0.18635
492,0.1943
493,0.34613
494,0.25851999999999997
495,0.27843
496,0.14086
497,0.03914
498,0.0
499,0.0
500,0.0
501,0.0
502,0.0
503,0.0
504,0.0
505,0.0
506,0.0
507,0.0
508,0.0
509,0.0
510,0.0016899999999999999
511,0.09403
512,0.27456
513,0.4522
514,0.5470900000000001
515,0.5312100000000001
516,0.61161
517,0.57336
518,0.60085
519,0.32899
520,0.20544
521,0.07191
522,0.0
523,0.0
524,0.0
525,0.0
526,0.0
527,0.0
528,0.0
529,0.0
530,0.0
531,0.0
532,0.0
533,0.0
534,0.0005200000000000001
535,0.05948
536,0.21126
537,0.1772
538,0.25482
539,0.23144
540,0.25639
541,0.43301
542,0.36187
543,0.36260000000000003
544,0.16876
545,0.05147
546,0.0
547,0.0
548,0.0
549,0.0
550,0.0
551,0.0
552,0.0
553,0.0
554,0.0
555,0.0
556,0.0
557,0.0
558,0.00076
559,0.08304
560,0.25626
561,0.24477000000000002
562,0.39901
563,0.45194
564,0.5597000000000001
565,0.55784
566,0.48858999999999997
567,0.34826999999999997
568,0.15855000000000002
569,0.0554
570,0.0
571,0.0
572,0.0
573,0.0
574,0.0
575,0.0
576,0.0
577,0.0
578,0.0
579,0.0
580,0.0
581,0.0
582,0.0025299999999999997
583,0.06756999999999999
584,0.15397999999999998
585,0.22828
586,0.39553
587,0.48757999999999996
588,0.5551
589,0.5471900000000001
590,0.53892
591,0.27188999999999997
592,0.1894
593,0.02223
594,0.0
595,0.0
596,0.0
597,0.0
598,0.0
599,0.0
600,0.0
601,0.0
602,0.0
603,0.0
604,0.0
605,0.0
606,0.0011200000000000001
607,0.045579999999999996
608,0.11123999999999999
609,0.19613999999999998
610,0.42923
611,0.29856
612,0.43134
613,0.37319
614,0.26808
615,0.20972
616,0.12773
617,0.031219999999999998
618,0.0
619,0.0
620,0.0
621,0.0
622,0.0
623,0.0
624,0.0
625,0.0
626,0.0
627,0.0
628,0.0
629,0.0
630,0.0009699999999999999
631,0.040909999999999995
632,0.17787999999999998
633,0.33338
634,0.36061
635,0.51412
636,0.49404000000000003
637,0.58715
638,0.45003
639,0.33382999999999996
640,0.19899
641,0.056
642,0.0
643,0.0
644,0.0
645,0.0
646,0.0
647,0.0
648,0.0
649,0.0
650,0.0
651,0.0
652,0.0
653,0.0
654,0.00041999999999999996
655,0.04729
656,0.17152
657,0.28006
658,0.3305
659,0.45327999999999996
660,0.4804
661,0.24556999999999998
662,0.13338999999999998
663,0.12226000000000001
664,0.04117
665,0.00704
666,0.0
667,0.0
668,0.0
669,0.0
670,0.0
671,0.0
672,0.0
673,0.0
674,0.0
675,0.0
676,0.0
677,0.0
678,0.00128
679,0.07097
680,0.24518
681,0.36210000000000003
682,0.44800999999999996
683,0.54675
684,0.59162
685,0.52219
686,0.48829
687,0.33829000000000004
688,0.19596
689,0.05073
690,0.0
691,0.0
692,0.0
693,0.0
694,0.0
695,0.0
696,0.0
697,0.0
698,0.0
699,0.0
700,0.0
701,0.0
702,0.0
703,0.00455
704,0.0169
705,0.12269
706,0.30688
707,0.42347
708,0.4748
709,0.57947
710,0.55279
711,0.32061
712,0.19166
713,0.03413
714,0.0
715,0.0
716,0.0
717,0.0
718,0.0
719,0.0
720,0.0
721,0.0
722,0.0
723,0.0
724,0.0
725,0.0
726,0.00053
727,0.03934
728,0.08177
729,0.16851
730,0.25229
731,0.335
732,0.29373
733,0.60101
734,0.47562
735,0.44157
736,0.29484
737,0.08652
738,0.0
739,0.0
740,0.0
741,0.0
742,0.0
743,0.0
744,0.0
745,0.0
746,0.0
747,0.0
748,0.0
749,0.0
750,5.9999999999999995e-05
751,0.06844
752,0.14289
753,0.28695
754,0.24950999999999998
755,0.44127
756,0.48286
757,0.58313
758,0.45818000000000003
759,0.30145
760,0.19795
761,0.04555
762,0.0
763,0.0
764,0.0
765,0.0
766,0.0
767,0.0
768,0.0
769,0.0
770,0.0
771,0.0
772,0.0
773,0.0
774,0.0
775,0.01548
776,0.05009
777,0.09134
778,0.09068999999999999
779,0.1264
780,0.14978
781,0.31121
782,0.34799
783,0.29119
784,0.19282
785,0.061369999999999994
786,0.0
787,0.0
788,0.0
789,0.0
790,0.0
791,0.0
792,0.0
793,0.0
794,0.0
795,0.0
796,0.0
797,0.0
798,0.0
799,0.01408
800,0.04995
801,0.07940000000000001
802,0.08904000000000001
803,0.24461000000000002
804,0.27567
805,0.37763
806,0.34452
807,0.39537
808,0.17385
809,0.07675
810,0.0
811,0.0
812,0.0
813,0.0
814,0.0
815,0.0
816,0.0
817,0.0
818,0.0
819,0.0
820,0.0
821,0.0
822,0.00026000000000000003
823,0.05618
824,0.11611
825,0.26677999999999996
826,0.39556
827,0.4849
828,0.41102
829,0.50699
830,0.50615
831,0.25851999999999997
832,0.21705000000000002
833,0.06741
834,0.0
835,0.0
836,0.0
837,0.0
838,0.0
839,0.0
840,0.0
841,0.0
842,0.0
843,0.0
844,0.0
845,0.0
846,0.001
847,0.027829999999999997
848,0.06395
849,0.07435
850,0.07709
851,0.12492
852,0.19337000000000001
853,0.44800999999999996
854,0.31944
855,0.29669999999999996
856,0.23143
857,0.06204
858,0.0
859,0.0
860,0.0
861,0.0
862,0.0
863,0.0
864,0.0
865,0.0
866,0.0
867,0.0
868,0.0
869,0.0
870,5.9999999999999995e-05
871,0.049409999999999996
872,0.1433
873,0.29995
874,0.35452999999999996
875,0.4685
876,0.37462
877,0.5959500000000001
878,0.5343600000000001
879,0.36649
880,0.17559
881,0.06792000000000001
882,0.0
883,0.0
884,0.0
885,0.0
886,0.0
887,0.0
888,0.0
889,0.0
890,0.0
891,0.0
892,0.0
893,0.0
894,0.0
895,0.03233
896,0.05884
897,0.08129
898,0.17138
899,0.23714
900,0.18565
901,0.36676
902,0.3648
903,0.18731
904,0.14357
905,0.04889
906,0.0
907,0.0
908,0.0
909,0.0
910,0.0
911,0.0
912,0.0
913,0.0
914,0.0
915,0.0
916,0.0
917,0.0
918,0.0
919,0.01572
920,0.06856999999999999
921,0.10098
922,0.09497
923,0.0912
924,0.1281
925,0.39523
926,0.36406
927,0.27163
928,0.10723
929,0.03543
930,0.0
931,0.0
932,0.0
933,0.0
934,0.0
935,0.0
936,0.0
937,0.0
938,0.0
939,0.0
940,0.0
941,0.0
942,0.0
943,0.013810000000000001
944,0.015560000000000001
945,0.07595
946,0.15447999999999998
947,0.16449
948,0.1785
949,0.5840599999999999
950,0.51935
951,0.35126
952,0.21787
953,0.048310000000000006
954,0.0
955,0.0
956,0.0
957,0.0
958,0.0
959,0.0
960,0.0
961,0.0
962,0.0
963,0.0
964,0.0
965,0.0
966,0.00023
967,0.04496
968,0.11189
969,0.18630000000000002
970,0.23179
971,0.23922
972,0.27908
973,0.33177
974,0.32515
975,0.27461
976,0.14288
977,0.05801
978,0.0
979,0.0
980,0.0
981,0.0
982,0.0
983,0.0
984,0.0
985,0.0
986,0.0
987,0.0
988,0.0
989,0.0
990,0.00034
991,0.03971
992,0.13715
993,0.32927999999999996
994,0.44724
995,0.54314
996,0.62373
997,0.62899
998,0.53975
999,0.45315
1000,0.27766
1001,0.08654
1002,0.0
1003,0.0
1004,0.0
1005,0.0
1006,0.0
1007,0.0
1008,0.0
1009,0.0
1010,0.0
1011,0.0
1012,0.0
1013,0.0
1014,0.0016899999999999999
1015,0.06008
1016,0.20707
1017,0.32774000000000003
1018,0.46655
1019,0.39918
1020,0.50125
1021,0.49788
1022,0.44509
1023,0.29556
1024,0.19329
1025,0.047990000000000005
1026,0.0
1027,0.0
1028,0.0
1029,0.0
1030,0.0
1031,0.0
1032,0.0
1033,0.0
1034,0.0
1035,0.0
1036,0.0
1037,0.0
1038,0.0
1039,0.0293
1040,0.11315
1041,0.1596
1042,0.30013999999999996
1043,0.29338
1044,0.35869999999999996
1045,0.5725800000000001
1046,0.52822
1047,0.29973
1048,0.10912999999999999
1049,0.05853
1050,0.0
1051,0.0
1052,0.0
1053,0.0
1054,0.0
1055,0.0
1056,0.0
1057,0.0
1058,0.0
1059,0.0
1060,0.0
1061,0.0
1062,0.0007199999999999999
1063,0.05586
1064,0.14314
1065,0.23298
1066,0.37063
1067,0.36388
1068,0.4496
1069,0.62415
1070,0.40869
1071,0.29055000000000003
1072,0.16815
1073,0.033780000000000004
1074,0.0
1075,0.0
1076,0.0
1077,0.0
1078,0.0
1079,0.0
1080,0.0
1081,0.0
1082,0.0
1083,0.0
1084,0.0
1085,0.0
1086,0.00013000000000000002
1087,0.056229999999999995
1088,0.18143
1089,0.33509
1090,0.5529700000000001
1091,0.66688
1092,0.56814
1093,0.44642000000000004
1094,0.39814
1095,0.35443
1096,0.18488
1097,0.05511
1098,0.0
1099,0.0
1100,0.0
1101,0.0
1102,0.0
1103,0.0
1104,0.0
1105,0.0
1106,0.0
1107,0.0
1108,0.0
1109,0.0
1110,5.9999999999999995e-05
1111,0.04492
1112,0.05175
1113,0.28273000000000004
1114,0.35212
1115,0.41448
1116,0.38756999999999997
1117,0.47891
1118,0.30816000000000004
1119,0.19238
1120,0.13735
1121,0.03275
1122,0.0
1123,0.0
1124,0.0
1125,0.0
1126,0.0
1127,0.0
1128,0.0
1129,0.0
1130,0.0
1131,0.0
1132,0.0
1133,0.0
1134,0.0002
1135,0.00487
1136,0.09312000000000001
1137,0.05737
1138,0.22736
1139,0.28842
1140,0.18175
1141,0.5680299999999999
1142,0.49217
1143,0.30569
1144,0.20159
1145,0.04175
1146,0.0
1147,0.0
1148,0.0
1149,0.0
1150,0.0
1151,0.0
1152,0.0
1153,0.0
1154,0.0
1155,0.0
1156,0.0
1157,0.0
1158,0.0
1159,0.01255
1160,0.06467
1161,0.055420000000000004
1162,0.08709
1163,0.10687
1164,0.10518000000000001
1165,0.52885
1166,0.36551
1167,0.18841999999999998
1168,0.10590000000000001
1169,0.02389
1170,0.0
1171,0.0
1172,0.0
1173,0.0
1174,0.0
1175,0.0
1176,0.0
1177,0.0
1178,0.0
1179,0.0
1180,0.0
1181,0.0
1182,0.0008399999999999999
1183,0.05604
1184,0.17898
1185,0.35377
1186,0.44038
1187,0.44385
1188,0.48611
1189,0.50966
1190,0.47412
1191,0.29995
1192,0.21439
1193,0.05821
1194,0.0
1195,0.0
1196,0.0
1197,0.0
1198,0.0
1199,0.0
1200,0.0
1201,0.0
1202,0.0
1203,0.0
1204,0.0
1205,0.0
1206,0.00025
1207,0.057659999999999996
1208,0.19106
1209,0.42172000000000004
1210,0.52942
1211,0.65534
1212,0.6860700000000001
1213,0.59399
1214,0.48841
1215,0.41562
1216,0.27205
1217,0.06459000000000001
1218,0.0
1219,0.0
1220,0.0
1221,0.0
1222,0.0
1223,0.0
1224,0.0
1225,0.0
1226,0.0
1227,0.0
1228,0.0
1229,0.0
1230,0.00054
1231,0.03525
1232,0.19208
1233,0.36371
1234,0.53923
1235,0.57952
1236,0.61558
1237,0.53225
1238,0.42969
1239,0.27851
1240,0.12746
1241,0.04845
1242,0.0
1243,0.0
1244,0.0
1245,0.0
1246,0.0
1247,0.0
1248,0.0
1249,0.0
1250,0.0
1251,0.0
1252,0.0
1253,0.0
1254,0.00134
1255,0.05772
1256,0.13393
1257,0.28791
1258,0.46316
1259,0.53354
1260,0.42201
1261,0.51862
1262,0.36788
1263,0.29707
1264,0.19029
1265,0.04457
1266,0.0
1267,0.0
1268,0.0
1269,0.0
1270,0.0
1271,0.0
1272,0.0
1273,0.0
1274,0.0
1275,0.0
1276,0.0
1277,0.0
1278,0.0006
1279,0.02505
1280,0.15744
1281,0.2926
1282,0.28181
1283,0.31989
1284,0.31099
1285,0.56545
1286,0.51482
1287,0.38974000000000003
1288,0.25567
1289,0.04945
1290,0.0
1291,0.0
1292,0.0
1293,0.0
1294,0.0
1295,0.0
1296,0.0
1297,0.0
1298,0.0
1299,0.0
1300,0.0
1301,0.0
1302,0.00182
1303,0.07503
1304,0.21806
1305,0.39263
1306,0.49561
1307,0.49964
1308,0.51131
1309,0.52215
1310,0.47508
1311,0.3506
1312,0.20511000000000001
1313,0.0521
1314,0.0
1315,0.0
1316,0.0
1317,0.0
1318,0.0
1319,0.0
1320,0.0
1321,0.0
1322,0.0
1323,0.0
1324,0.0
1325,0.0
1326,0.00011
1327,0.02239
1328,0.11765
1329,0.25122
1330,0.31113
1331,0.58026
1332,0.45524000000000003
1333,0.30798000000000003
1334,0.30688
1335,0.20084
1336,0.12906
1337,0.02633
1338,0.0
1339,0.0
1340,0.0
1341,0.0
1342,0.0
1343,0.0
1344,0.0
1345,0.0
1346,0.0
1347,0.0
1348,0.0
1349,0.0
1350,0.0
1351,0.02969
1352,0.09637000000000001
1353,0.13918
1354,0.08148000000000001
1355,0.14138
1356,0.17882
1357,0.5226000000000001
1358,0.50125
1359,0.359
1360,0.16535
1361,0.0351
1362,0.0
1363,0.0
1364,0.0
1365,0.0
1366,0.0
1367,0.0
1368,0.0
1369,0.0
1370,0.0
1371,0.0
1372,0.0
1373,0.0
1374,0.0029500000000000004
1375,0.09232
1376,0.24059
1377,0.35719999999999996
1378,0.41118
1379,0.35164999999999996
1380,0.51004
1381,0.5181
1382,0.38921
1383,0.29004
1384,0.17091
1385,0.05108
1386,0.0
1387,0.0
1388,0.0
1389,0.0
1390,0.0
1391,0.0
1392,0.0
1393,0.0
1394,0.0
1395,0.0
1396,0.0
1397,0.0
1398,0.00372
1399,0.081
1400,0.21122
1401,0.32727999999999996
1402,0.40617000000000003
1403,0.5014700000000001
1404,0.53826
1405,0.67013
1406,0.54844
1407,0.36819
1408,0.23921
1409,0.06339
1410,0.0
1411,0.0
1412,0.0
1413,0.0
1414,0.0
1415,0.0
1416,0.0
1417,0.0
1418,0.0
1419,0.0
1420,0.0
1421,0.0
1422,0.00138
1423,0.053399999999999996
1424,0.11105
1425,0.21722999999999998
1426,0.32662
1427,0.32056999999999997
1428,0.5059
1429,0.47667000000000004
1430,0.24224
1431,0.18900999999999998
1432,0.09397
1433,0.02481
1434,0.0
1435,0.0
1436,0.0
1437,0.0
1438,0.0
1439,0.0
1440,0.0
1441,0.0
1442,0.0
1443,0.0
1444,0.0
1445,0.0
1446,0.00011
1447,0.04285
1448,0.12971000000000002
1449,0.11925
1450,0.21021
1451,0.25662999999999997
1452,0.27167
1453,0.37953
1454,0.29767
1455,0.13984
1456,0.10457
1457,0.01858
1458,0.0
1459,0.0
1460,0.0
1461,0.0
1462,0.0
1463,0.0
1464,0.0
1465,0.0
1466,0.0
1467,0.0
1468,0.0
1469,0.0
1470,0.00392
1471,0.07535
1472,0.24206
1473,0.36078
1474,0.52193
1475,0.63721
1476,0.6082799999999999
1477,0.6389199999999999
1478,0.5349700000000001
1479,0.39788
1480,0.2181
1481,0.07055
1482,0.0
1483,0.0
1484,0.0
1485,0.0
1486,0.0
1487,0.0
1488,0.0
1489,0.0
1490,0.0
1491,0.0
1492,0.0
1493,0.0
1494,0.0024100000000000002
1495,0.11617
1496,0.20158
1497,0.41322000000000003
1498,0.5280900000000001
1499,0.47366
1500,0.48525
1501,0.6662
1502,0.45738999999999996
1503,0.36355
1504,0.20356
1505,0.06738
1506,0.0
1507,0.0
1508,0.0
1509,0.0
1510,0.0
1511,0.0
1512,0.0
1513,0.0
1514,0.0
1515,0.0
1516,0.0
1517,0.0
1518,0.00267
1519,0.08653
1520,0.17123
1521,0.26350999999999997
1522,0.40406
1523,0.55553
1524,0.563
1525,0.5441699999999999
1526,0.49592
1527,0.32383
1528,0.17174
1529,0.04132
1530,0.0
1531,0.0
1532,0.0
1533,0.0
1534,0.0
1535,0.0
1536,0.0
1537,0.0
1538,0.0
1539,0.0
1540,0.0
1541,0.0
1542,0.00311
1543,0.03864
1544,0.13318000000000002
1545,0.23934
1546,0.43322000000000005
1547,0.46694
1548,0.59282
1549,0.44056
1550,0.37037
1551,0.24278
1552,0.19653
1553,0.030510000000000002
1554,0.0
1555,0.0
1556,0.0
1557,0.0
1558,0.0
1559,0.0
1560,0.0
1561,0.0
1562,0.0
1563,0.0
1564,0.0
1565,0.0
1566,0.0
1567,0.01052
1568,0.01048
1569,0.008039999999999999
1570,0.01766
1571,0.04665999999999999
1572,0.08957999999999999
1573,0.23577
1574,0.37907
1575,0.28268
1576,0.13572
1577,0.039409999999999994
1578,0.0
1579,0.0
1580,0.0
1581,0.0
1582,0.0
1583,0.0
1584,0.0
1585,0.0
1586,0.0
1587,0.0
1588,0.0
1589,0.0
1590,0.0
1591,0.01219
1592,0.07507
1593,0.11677
1594,0.15302000000000002
1595,0.13077
1596,0.11520999999999999
1597,0.13803
1598,0.08494
1599,0.09167
1600,0.052770000000000004
1601,0.00783
1602,0.0
1603,0.0
1604,0.0
1605,0.0
1606,0.0
1607,0.0
1608,0.0
1609,0.0
1610,0.0
1611,0.0
1612,0.0
1613,0.0
1614,0.00362
1615,0.10149
1616,0.21853999999999998
1617,0.28683
1618,0.47828
1619,0.52254
1620,0.43169
1621,0.5167
1622,0.48991
1623,0.43313999999999997
1624,0.21753
1625,0.07408
1626,0.0
1627,0.0
1628,0.0
1629,0.0
1630,0.0
1631,0.0
1632,0.0
1633,0.0
1634,0.0
1635,0.0
1636,0.0
1637,0.0
1638,0.00246
1639,0.059840000000000004
1640,0.16478
1641,0.34867000000000004
1642,0.55469
1643,0.60726
1644,0.60012
1645,0.24506999999999998
1646,0.2059
1647,0.15347999999999998
1648,0.11921
1649,0.013349999999999999
1650,0.0
1651,0.0
1652,0.0
1653,0.0
1654,0.0
1655,0.0
1656,0.0
1657,0.0
1658,0.0
1659,0.0
1660,0.0
1661,0.0
1662,0.00404
1663,0.09937
1664,0.19227
1665,0.37292000000000003
1666,0.37576
1667,0.37004000000000004
1668,0.35539
1669,0.44027999999999995
1670,0.35108
1671,0.26911
1672,0.15431
1673,0.0313
1674,0.0
1675,0.0
1676,0.0
1677,0.0
1678,0.0
1679,0.0
1680,0.0
1681,0.0
1682,0.0
1683,0.0
1684,0.0
1685,0.0
1686,0.0015400000000000001
1687,0.08433
1688,0.11636
1689,0.35542
1690,0.46562
1691,0.54276
1692,0.55341
1693,0.51818
1694,0.40884
1695,0.21643
1696,0.1381
1697,0.02748
1698,0.0
1699,0.0
1700,0.0
1701,0.0
1702,0.0
1703,0.0
1704,0.0
1705,0.0
1706,0.0
1707,0.0
1708,0.0
1709,0.0
1710,0.00461
1711,0.1083
1712,0.25213
1713,0.44630000000000003
1714,0.5775
1715,0.66373
1716,0.60781
1717,0.58143
1718,0.40358999999999995
1719,0.24731
1720,0.09326000000000001
1721,0.05242
1722,0.0
1723,0.0
1724,0.0
1725,0.0
1726,0.0
1727,0.0
1728,0.0
1729,0.0
1730,0.0
1731,0.0
1732,0.0
1733,0.0
1734,0.00264
1735,0.08103
1736,0.25625
1737,0.38969
1738,0.57013
1739,0.66884
1740,0.59811
1741,0.6306900000000001
1742,0.58084
1743,0.43049
1744,0.19984
1745,0.06773
1746,0.0
1747,0.0
1748,0.0
1749,0.0
1750,0.0
1751,0.0
1752,0.0
1753,0.0
1754,0.0
1755,0.0
1756,0.0
1757,0.0
1758,0.00267
1759,0.08754
1760,0.30204000000000003
1761,0.45721
1762,0.56378
1763,0.56809
1764,0.50117
1765,0.44213
1766,0.30836
1767,0.19632
1768,0.12301999999999999
1769,0.037829999999999996
1770,0.0
1771,0.0
1772,0.0
1773,0.0
1774,0.0
1775,0.0
1776,0.0
1777,0.0
1778,0.0
1779,0.0
1780,0.0
1781,0.0
1782,0.0024300000000000003
1783,0.04272
1784,0.18422
1785,0.33565
1786,0.23218
1787,0.28945
1788,0.22826
1789,0.39743
1790,0.42235
1791,0.2089
1792,0.09891
1793,0.04876
1794,0.0
1795,0.0
1796,0.0
1797,0.0
1798,0.0
1799,0.0
1800,0.0
1801,0.0
1802,0.0
1803,0.0
1804,0.0
1805,0.0
1806,0.00108
1807,0.03283
1808,0.11178
1809,0.14945
1810,0.21974000000000002
1811,0.33714999999999995
1812,0.47812
1813,0.39013
1814,0.31862
1815,0.22901
1816,0.12208
1817,0.04433
1818,0.0
1819,0.0
1820,0.0
1821,0.0
1822,0.0
1823,0.0
1824,0.0
1825,0.0
1826,0.0
1827,0.0
1828,0.0
1829,0.0
1830,0.00219
1831,0.07458
1832,0.21537
1833,0.40812
1834,0.42683
1835,0.52527
1836,0.41470999999999997
1837,0.40392
1838,0.26876
1839,0.2137
1840,0.07851000000000001
1841,0.02025
1842,0.0
1843,0.0
1844,0.0
1845,0.0
1846,0.0
1847,0.0
1848,0.0
1849,0.0
1850,0.0
1851,0.0
1852,0.0
1853,0.0
1854,0.00484
1855,0.09317
1856,0.29045
1857,0.46052
1858,0.56487
1859,0.62854
1860,0.68402
1861,0.68402
1862,0.524
1863,0.34414999999999996
1864,0.1945
1865,0.034820000000000004
1866,0.0
1867,0.0
1868,0.0
1869,0.0
1870,0.0
1871,0.0
1872,0.0
1873,0.0
1874,0.0
1875,0.0
1876,0.0
1877,0.0
1878,0.00782
1879,0.09666
1880,0.26342000000000004
1881,0.40059
1882,0.53271
1883,0.64995
1884,0.62427
1885,0.5449700000000001
1886,0.47445
1887,0.29151
1888,0.15222
1889,0.04095
1890,0.0
1891,0.0
1892,0.0
1893,0.0
1894,0.0
1895,0.0
1896,0.0
1897,0.0
1898,0.0
1899,0.0
1900,0.0
1901,0.0
1902,0.0035600000000000002
1903,0.13713999999999998
1904,0.29018
1905,0.37501999999999996
1906,0.5832
1907,0.6215599999999999
1908,0.62441
1909,0.55406
1910,0.44897000000000004
1911,0.39156
1912,0.18757
1913,0.05896
1914,0.0
1915,0.0
1916,0.0
1917,0.0
1918,0.0
1919,0.0
1920,0.0
1921,0.0
1922,0.0
1923,0.0
1924,0.0
1925,0.0
1926,0.00309
1927,0.031100000000000003
1928,0.17821
1929,0.21693
1930,0.37931
1931,0.49463
1932,0.45431
1933,0.29485
1934,0.35052999999999995
1935,0.23989
1936,0.13862
1937,0.04076
1938,0.0
1939,0.0
1940,0.0
1941,0.0
1942,0.0
1943,0.0
1944,0.0
1945,0.0
1946,0.0
1947,0.0
1948,0.0
1949,0.0
1950,0.00396
1951,0.14091
1952,0.34826999999999997
1953,0.51962
1954,0.65022
1955,0.64461
1956,0.64726
1957,0.65784
1958,0.5548200000000001
1959,0.41444
1960,0.20768
1961,0.06877
1962,0.0
1963,0.0
1964,0.0
1965,0.0
1966,0.0
1967,0.0
1968,0.0
1969,0.0
1970,0.0
1971,0.0
1972,0.0
1973,0.0
1974,0.00677
1975,0.07947
1976,0.1972
1977,0.30201
1978,0.40019
1979,0.49349
1980,0.38217
1981,0.38423
1982,0.2928
1983,0.15616999999999998
1984,0.09726
1985,0.024820000000000002
1986,0.0
1987,0.0
1988,0.0
1989,0.0
1990,0.0
1991,0.0
1992,0.0
1993,0.0
1994,0.0
1995,0.0
1996,0.0
1997,0.0
1998,0.0038900000000000002
1999,0.07895
2000,0.14215
2001,0.38627
2002,0.36011000000000004
2003,0.44661
2004,0.47362
2005,0.5880599999999999
2006,0.44171
2007,0.32429
2008,0.14483000000000001
2009,0.02568
2010,0.0
2011,0.0
2012,0.0
2013,0.0
2014,0.0
2015,0.0
2016,0.0
2017,0.0
2018,0.0
2019,0.0
2020,0.0
2021,0.0
2022,0.00102
2023,0.0075899999999999995
2024,0.02418
2025,0.01306
2026,0.03691
2027,0.06609999999999999
2028,0.0232
2029,0.37498000000000004
2030,0.31757
2031,0.17834999999999998
2032,0.09831000000000001
2033,0.022260000000000002
2034,0.0
2035,0.0
2036,0.0
2037,0.0
2038,0.0
2039,0.0
2040,0.0
2041,0.0
2042,0.0
2043,0.0
2044,0.0
2045,0.0
2046,0.0039
2047,0.06752
2048,0.11520999999999999
2049,0.27970999999999996
2050,0.43799
2051,0.56449
2052,0.6137400000000001
2053,0.40338
2054,0.37931
2055,0.29267000000000004
2056,0.13879
2057,0.05543
2058,0.0
2059,0.0
2060,0.0
2061,0.0
2062,0.0
2063,0.0
2064,0.0
2065,0.0
2066,0.0
2067,0.0
2068,0.0
2069,0.0
2070,0.00131
2071,0.048799999999999996
2072,0.12756
2073,0.19024000000000002
2074,0.26391000000000003
2075,0.23958000000000002
2076,0.20028
2077,0.38006
2078,0.39027999999999996
2079,0.31227
2080,0.17325
2081,0.04616
2082,0.0
2083,0.0
2084,0.0
2085,0.0
2086,0.0
2087,0.0
2088,0.0
2089,0.0
2090,0.0
2091,0.0
2092,0.0
2093,0.0
2094,0.0038799999999999998
2095,0.07191
2096,0.14471
2097,0.21922999999999998
2098,0.31977999999999995
2099,0.38803
2100,0.46781
2101,0.46768
2102,0.371
2103,0.26491000000000003
2104,0.17457
2105,0.04944
2106,0.0
2107,0.0
2108,0.0
2109,0.0
2110,0.0
2111,0.0
2112,0.0
2113,0.0
2114,0.0
2115,0.0
2116,0.0
2117,0.0
2118,0.0028
2119,0.04735
2120,0.09566
2121,0.17679
2122,0.10119
2123,0.10554999999999999
2124,0.12707
2125,0.5238200000000001
2126,0.49210000000000004
2127,0.29819999999999997
2128,0.17061
2129,0.032549999999999996
2130,0.0
2131,0.0
2132,0.0
2133,0.0
2134,0.0
2135,0.0
2136,0.0
2137,0.0
2138,0.0
2139,0.0
2140,0.0
2141,0.0
2142,0.0
2143,0.00271
2144,0.015380000000000001
2145,0.0349
2146,0.047229999999999994
2147,0.12351000000000001
2148,0.2753
2149,0.24162
2150,0.24156
2151,0.22008000000000003
2152,0.08652
2153,0.026760000000000003
2154,0.0
2155,0.0
2156,0.0
2157,0.0
2158,0.0
2159,0.0
2160,0.0
2161,0.0
2162,0.0
2163,0.0
2164,0.0
2165,0.0
2166,0.0
2167,0.012580000000000001
2168,0.066
2169,0.28989
2170,0.31048000000000003
2171,0.27332999999999996
2172,0.17373
2173,0.34732999999999997
2174,0.27466
2175,0.20055
2176,0.10501
2177,0.0174
2178,0.0
2179,0.0
2180,0.0
2181,0.0
2182,0.0
2183,0.0
2184,0.0
2185,0.0
2186,0.0
2187,0.0
2188,0.0
2189,0.0
2190,0.00571
2191,0.05996
2192,0.131
2193,0.16115000000000002
2194,0.18180000000000002
2195,0.33387
2196,0.24291
2197,0.42711
2198,0.44748000000000004
2199,0.25704000000000005
2200,0.13412000000000002
2201,0.03226
2202,0.0
2203,0.0
2204,0.0
2205,0.0
2206,0.0
2207,0.0
2208,0.0
2209,0.0
2210,0.0
2211,0.0
2212,0.0
2213,0.0
2214,0.0020499999999999997
2215,0.03474
2216,0.07137
2217,0.13101
2218,0.05614
2219,0.1667
2220,0.16616
2221,0.25334
2222,0.22274000000000002
2223,0.24043
2224,0.12486
2225,0.030109999999999998
2226,0.0
2227,0.0
2228,0.0
2229,0.0
2230,0.0
2231,0.0
2232,0.0
2233,0.0
2234,0.0
2235,0.0
2236,0.0
2237,0.0
2238,0.005030000000000001
2239,0.05211
2240,0.08341
2241,0.12098
2242,0.12531
2243,0.13835
2244,0.14208
2245,0.23788
2246,0.32877
2247,0.17543
2248,0.10567
2249,0.024399999999999998
2250,0.0
2251,0.0
2252,0.0
2253,0.0
2254,0.0
2255,0.0
2256,0.0
2257,0.0
2258,0.0
2259,0.0
2260,0.0
2261,0.0
2262,0.00415
2263,0.07052
2264,0.16769
2265,0.18550999999999998
2266,0.29929
2267,0.39202
2268,0.40987
2269,0.47351
2270,0.34452
2271,0.26819
2272,0.15969
2273,0.04514
2274,0.0
2275,0.0
2276,0.0
2277,0.0
2278,0.0
2279,0.0
2280,0.0
2281,0.0
2282,0.0
2283,0.0
2284,0.0
2285,0.0
2286,0.0
2287,0.006719999999999999
2288,0.02586
2289,0.09912
2290,0.10711
2291,0.17556
2292,0.09537999999999999
2293,0.21622999999999998
2294,0.1123
2295,0.14492
2296,0.04708
2297,0.00864
2298,0.0
2299,0.0
2300,0.0
2301,0.0
2302,0.0
2303,0.0
2304,0.0
2305,0.0
2306,0.0
2307,0.0
2308,0.0
2309,0.0
2310,0.004849999999999999
2311,0.12966999999999998
2312,0.29991
2313,0.41714
2314,0.50971
2315,0.48341
2316,0.58602
2317,0.38913
2318,0.30610000000000004
2319,0.19188
2320,0.15050999999999998
2321,0.04139
2322,0.0
2323,0.0
2324,0.0
2325,0.0
2326,0.0
2327,0.0
2328,0.0
2329,0.0
2330,0.0
2331,0.0
2332,0.0
2333,0.0
2334,0.0025299999999999997
2335,0.04926
2336,0.13785
2337,0.16744
2338,0.12872999999999998
2339,0.32858
2340,0.40816
2341,0.39098
2342,0.42167
2343,0.2895
2344,0.17293
2345,0.047310000000000005
2346,0.0
2347,0.0
2348,0.0
2349,0.0
2350,0.0
2351,0.0
2352,0.0
2353,0.0
2354,0.0
2355,0.0
2356,0.0
2357,0.0
2358,0.0007199999999999999
2359,0.01681
2360,0.0484
2361,0.05126
2362,0.07554000000000001
2363,0.11534
2364,0.09239
2365,0.26717
2366,0.40091000000000004
2367,0.20641
2368,0.14259
2369,0.02119
2370,0.0
2371,0.0
2372,0.0
2373,0.0
2374,0.0
2375,0.0
2376,0.0
2377,0.0
2378,0.0
2379,0.0
2380,0.0
2381,0.0
2382,0.0035099999999999997
2383,0.04814
2384,0.10654000000000001
2385,0.2795
2386,0.34156
2387,0.45430000000000004
2388,0.56121
2389,0.53091
2390,0.42746
2391,0.32394
2392,0.21136000000000002
2393,0.033530000000000004
2394,0.0
2395,0.0
2396,0.0
2397,0.0
2398,0.0
2399,0.0
2400,0.0
2401,0.0
2402,0.0
2403,0.0
2404,0.0
2405,0.0
2406,0.00751
2407,0.10662999999999999
2408,0.29213
2409,0.41407
2410,0.46015
2411,0.42547
2412,0.41985
2413,0.39814
2414,0.30757
2415,0.19638
2416,0.07651999999999999
2417,0.01726
2418,0.0
2419,0.0
2420,0.0
2421,0.0
2422,0.0
2423,0.0
2424,0.0
2425,0.0
2426,0.0
2427,0.0
2428,0.0
2429,0.0
2430,0.004849999999999999
2431,0.08616
2432,0.15525999999999998
2433,0.36057
2434,0.38872
2435,0.47237
2436,0.42869
2437,0.32195
2438,0.22031
2439,0.17962
2440,0.0605
2441,0.01781
2442,0.0
2443,0.0
2444,0.0
2445,0.0
2446,0.0
2447,0.0
2448,0.0
2449,0.0
2450,0.0
2451,0.0
2452,0.0
2453,0.0
2454,0.00535
2455,0.04574
2456,0.09695000000000001
2457,0.18455000000000002
2458,0.24772
2459,0.40625
2460,0.34593
2461,0.47420999999999996
2462,0.32388
2463,0.20629
2464,0.08566
2465,0.01314
2466,0.0
2467,0.0
2468,0.0
2469,0.0
2470,0.0
2471,0.0
2472,0.0
2473,0.0
2474,0.0
2475,0.0
2476,0.0
2477,0.0
2478,0.0028
2479,0.027440000000000003
2480,0.022719999999999997
2481,0.0471
2482,0.02634
2483,0.03175
2484,0.06257
2485,0.19574
2486,0.22791999999999998
2487,0.17493999999999998
2488,0.10934
2489,0.02894
2490,0.0
2491,0.0
2492,0.0
2493,0.0
2494,0.0
2495,0.0
2496,0.0
2497,0.0
2498,0.0
2499,0.0
2500,0.0
2501,0.0
2502,0.0
2503,0.00694
2504,0.0064800000000000005
2505,0.02915
2506,0.04858
2507,0.12139
2508,0.12319
2509,0.36757999999999996
2510,0.26973
2511,0.15064
2512,0.048780000000000004
2513,0.01594
2514,0.0
2515,0.0
2516,0.0
2517,0.0
2518,0.0
2519,0.0
2520,0.0
2521,0.0
2522,0.0
2523,0.0
2524,0.0
2525,0.0
2526,0.00808
2527,0.04711
2528,0.06539
2529,0.12927000000000002
2530,0.15662
2531,0.11186
2532,0.04467
2533,0.20238
2534,0.37095999999999996
2535,0.28585000000000005
2536,0.13069
2537,0.03004
2538,0.0
2539,0.0
2540,0.0
2541,0.0
2542,0.0
2543,0.0
2544,0.0
2545,0.0
2546,0.0
2547,0.0
2548,0.0
2549,0.0
2550,0.01022
2551,0.08704
2552,0.29151
2553,0.45947000000000005
2554,0.5302899999999999
2555,0.5281699999999999
2556,0.50452
2557,0.49692000000000003
2558,0.44677
2559,0.24159999999999998
2560,0.17488
2561,0.04199
2562,0.0
2563,0.0
2564,0.0
2565,0.0
2566,0.0
2567,0.0
2568,0.0
2569,0.0
2570,0.0
2571,0.0
2572,0.0
2573,0.0
2574,0.00505
2575,0.07887000000000001
2576,0.07146
2577,0.25542
2578,0.35323000000000004
2579,0.49726
2580,0.38779
2581,0.43753
2582,0.44838
2583,0.32098000000000004
2584,0.13107
2585,0.0249
2586,0.0
2587,0.0
2588,0.0
2589,0.0
2590,0.0
2591,0.0
2592,0.0
2593,0.0
2594,0.0
2595,0.0
2596,0.0
2597,0.0
2598,0.00615
2599,0.07829000000000001
2600,0.14581
2601,0.33655
2602,0.34454
2603,0.2764
2604,0.2581
2605,0.46452
2606,0.33365
2607,0.31807
2608,0.14083
2609,0.03545
2610,0.0
2611,0.0
2612,0.0
2613,0.0
2614,0.0
2615,0.0
2616,0.0
2617,0.0
2618,0.0
2619,0.0
2620,0.0
2621,0.0
2622,0.009949999999999999
2623,0.07776999999999999
2624,0.13258
2625,0.20987
2626,0.33763
2627,0.49868
2628,0.33082999999999996
2629,0.46598
2630,0.33205
2631,0.20662
2632,0.10128
2633,0.013130000000000001
2634,0.0
2635,0.0
2636,0.0
2637,0.0
2638,0.0
2639,0.0
2640,0.0
2641,0.0
2642,0.0
2643,0.0
2644,0.0
2645,0.0
2646,0.0
2647,0.0004
2648,0.02323
2649,0.06902
2650,0.09628
2651,0.14912
2652,0.16652
2653,0.35099
2654,0.24216
2655,0.29585
2656,0.12473999999999999
2657,0.03412
2658,0.0
2659,0.0
2660,0.0
2661,0.0
2662,0.0
2663,0.0
2664,0.0
2665,0.0
2666,0.0
2667,0.0
2668,0.0
2669,0.0
2670,0.01018
2671,0.09093000000000001
2672,0.25721
2673,0.43812
2674,0.51688
2675,0.5811799999999999
2676,0.6343799999999999
2677,0.56356
2678,0.4673
2679,0.30258999999999997
2680,0.24107
2681,0.03198
2682,0.0
2683,0.0
2684,0.0
2685,0.0
2686,0.0
2687,0.0
2688,0.0
2689,0.0
2690,0.0
2691,0.0
2692,0.0
2693,0.0
2694,0.00463
2695,0.06313
2696,0.12052
2697,0.25411
2698,0.21761000000000003
2699,0.21916
2700,0.309
2701,0.13036
2702,0.16106
2703,0.10712
2704,0.10955
2705,0.02171
2706,0.0
2707,0.0
2708,0.0
2709,0.0
2710,0.0
2711,0.0
2712,0.0
2713,0.0
2714,0.0
2715,0.0
2716,0.0
2717,0.0
2718,0.01256
2719,0.11319
2720,0.32580000000000003
2721,0.42923
2722,0.47105
2723,0.56824
2724,0.59194
2725,0.52104
2726,0.42573
2727,0.33662000000000003
2728,0.14325
2729,0.03222
2730,0.0
2731,0.0
2732,0.0
2733,0.0
2734,0.0
2735,0.0
2736,0.0
2737,0.0
2738,0.0
2739,0.0
2740,0.0
2741,0.0
2742,0.00537
2743,0.07254000000000001
2744,0.15011000000000002
2745,0.30123
2746,0.39444
2747,0.50296
2748,0.29120999999999997
2749,0.36415
2750,0.34027999999999997
2751,0.14021
2752,0.04996
2753,0.01449
2754,0.0
2755,0.0
2756,0.0
2757,0.0
2758,0.0
2759,0.0
2760,0.0
2761,0.0
2762,0.0
2763,0.0
2764,0.0
2765,0.0
2766,0.00719
2767,0.0363
2768,0.05304
2769,0.09695999999999999
2770,0.13386
2771,0.23366
2772,0.25801999999999997
2773,0.20604
2774,0.11737
2775,0.08417
2776,0.03271
2777,0.00254
2778,0.0
2779,0.0
2780,0.0
2781,0.0
2782,0.0
2783,0.0
2784,0.0
2785,0.0
2786,0.0
2787,0.0
2788,0.0
2789,0.0
2790,0.01324
2791,0.13994
2792,0.2807
2793,0.41255000000000003
2794,0.46063
2795,0.44493
2796,0.46351
2797,0.41501
2798,0.34413
2799,0.16957
2800,0.07348
2801,0.0116
2802,0.0
2803,0.0
2804,0.0
2805,0.0
2806,0.0
2807,0.0
2808,0.0
2809,0.0
2810,0.0
2811,0.0
2812,0.0
2813,0.0
2814,0.00973
2815,0.040240000000000005
2816,0.18409
2817,0.24417
2818,0.34772000000000003
2819,0.32654
2820,0.29075
2821,0.44018999999999997
2822,0.37568
2823,0.28906
2824,0.1156
2825,0.02431
2826,0.0
2827,0.0
2828,0.0
2829,0.0
2830,0.0
2831,0.0
2832,0.0
2833,0.0
2834,0.0
2835,0.0
2836,0.0
2837,0.0
2838,0.00431
2839,0.03492
2840,0.20987
2841,0.35067000000000004
2842,0.5284800000000001
2843,0.5389299999999999
2844,0.5891000000000001
2845,0.53198
2846,0.42647
2847,0.27231
2848,0.10779000000000001
2849,0.02561
2850,0.0
2851,0.0
2852,0.0
2853,0.0
2854,0.0
2855,0.0
2856,0.0
2857,0.0
2858,0.0
2859,0.0
2860,0.0
2861,0.0
2862,0.00391
2863,0.0296
2864,0.07581
2865,0.13062
2866,0.17329
2867,0.10448
2868,0.18372999999999998
2869,0.24127
2870,0.16777
2871,0.21838
2872,0.09478
2873,0.02745
2874,0.0
2875,0.0
2876,0.0
2877,0.0
2878,0.0
2879,0.0
2880,0.0
2881,0.0
2882,0.0
2883,0.0
2884,0.0
2885,0.0
2886,0.009439999999999999
2887,0.05281
2888,0.127
2889,0.1866
2890,0.28132999999999997
2891,0.25154
2892,0.26295999999999997
2893,0.5588
2894,0.45206999999999997
2895,0.3077
2896,0.16816
2897,0.03566
2898,0.0
2899,0.0
2900,0.0
2901,0.0
2902,0.0
2903,0.0
2904,0.0
2905,0.0
2906,0.0
2907,0.0
2908,0.0
2909,0.0
2910,0.013099999999999999
2911,0.0733
2912,0.22279
2913,0.25542
2914,0.31366000000000005
2915,0.30918
2916,0.37765
2917,0.5661499999999999
2918,0.41801
2919,0.25992000000000004
2920,0.14871
2921,0.04011
2922,0.0
2923,0.0
2924,0.0
2925,0.0
2926,0.0
2927,0.0
2928,0.0
2929,0.0
2930,0.0
2931,0.0
2932,0.0
2933,0.0
2934,0.011130000000000001
2935,0.08087000000000001
2936,0.20371
2937,0.30104000000000003
2938,0.45703
2939,0.28814999999999996
2940,0.39513
2941,0.53179
2942,0.45300999999999997
2943,0.32321
2944,0.19135
2945,0.054340000000000006
2946,0.0
2947,0.0
2948,0.0
2949,0.0
2950,0.0
2951,0.0
2952,0.0
2953,0.0
2954,0.0
2955,0.0
2956,0.0
2957,0.0
2958,0.016300000000000002
2959,0.15034
2960,0.33720999999999995
2961,0.44965
2962,0.5155599999999999
2963,0.61766
2964,0.54183
2965,0.5567000000000001
2966,0.2882
2967,0.34557
2968,0.14436000000000002
2969,0.038619999999999995
2970,0.0
2971,0.0
2972,0.0
2973,0.0
2974,0.0
2975,0.0
2976,0.0
2977,0.0
2978,0.0
2979,0.0
2980,0.0
2981,0.0
2982,0.0134
2983,0.10728
2984,0.25677
2985,0.41631999999999997
2986,0.52942
2987,0.5944299999999999
2988,0.59748
2989,0.42318
2990,0.39337
2991,0.29882
2992,0.15643
2993,0.04034
2994,0.0
2995,0.0
2996,0.0
2997,0.0
2998,0.0
2999,0.0
3000,0.0
3001,0.0
3002,0.0
3003,0.0
3004,0.0
3005,0.0
3006,0.01767
3007,0.14729
3008,0.2718
3009,0.40774
3010,0.50743
3011,0.56138
3012,0.56811
3013,0.47923000000000004
3014,0.29562
3015,0.16341
3016,0.06468
3017,0.02566
3018,0.0
3019,0.0
3020,0.0
3021,0.0
3022,0.0
3023,0.0
3024,0.0
3025,0.0
3026,0.0
3027,0.0
3028,0.0
3029,0.0
3030,0.01119
3031,0.10002
3032,0.14008
3033,0.20326
3034,0.15469
3035,0.15900999999999998
3036,0.33006
3037,0.59696
3038,0.46861
3039,0.30519999999999997
3040,0.16244999999999998
3041,0.02452
3042,0.0
3043,0.0
3044,0.0
3045,0.0
3046,0.0
3047,0.0
3048,0.0
3049,0.0
3050,0.0
3051,0.0
3052,0.0
3053,0.0
3054,0.01326
3055,0.10031
3056,0.25296
3057,0.36155000000000004
3058,0.41374
3059,0.5748099999999999
3060,0.47093
3061,0.23121
3062,0.21728
3063,0.11548
3064,0.08672
3065,0.01582
3066,0.0
3067,0.0
3068,0.0
3069,0.0
3070,0.0
3071,0.0
3072,0.0
3073,0.0
3074,0.0
3075,0.0
3076,0.0
3077,0.0
3078,0.01087
3079,0.08746999999999999
3080,0.23535
3081,0.34138
3082,0.39062
3083,0.4769
3084,0.32803
3085,0.49962
3086,0.44511
3087,0.21631999999999998
3088,0.11306999999999999
3089,0.0136
3090,0.0
3091,0.0
3092,0.0
3093,0.0
3094,0.0
3095,0.0
3096,0.0
3097,0.0
3098,0.0
3099,0.0
3100,0.0
3101,0.0
3102,0.00671
3103,0.06121
3104,0.08302
3105,0.14017
3106,0.2067
3107,0.18803999999999998
3108,0.22662000000000002
3109,0.41656
3110,0.32643
3111,0.14795
3112,0.06581000000000001
3113,0.00795
3114,0.0
3115,0.0
3116,0.0
3117,0.0
3118,0.0
3119,0.0
3120,0.0
3121,0.0
3122,0.0
3123,0.0
3124,0.0
3125,0.0
3126,0.00526
3127,0.024829999999999998
3128,0.05303
3129,0.10159
3130,0.09098
3131,0.20853
3132,0.13521
3133,0.22632
3134,0.12598
3135,0.16995
3136,0.0747
3137,0.0127
3138,0.0
3139,0.0
3140,0.0
3141,0.0
3142,0.0
3143,0.0
3144,0.0
3145,0.0
3146,0.0
3147,0.0
3148,0.0
3149,0.0
3150,0.00461
3151,0.04063
3152,0.1242
3153,0.12453
3154,0.13115000000000002
3155,0.21067
3156,0.27404
3157,0.28567000000000004
3158,0.21084999999999998
3159,0.16262000000000001
3160,0.08583
3161,0.02188
3162,0.0
3163,0.0
3164,0.0
3165,0.0
3166,0.0
3167,0.0
3168,0.0
3169,0.0
3170,0.0
3171,0.0
3172,0.0
3173,0.0
3174,0.014039999999999999
3175,0.07086
3176,0.14183
3177,0.27857
3178,0.21911000000000003
3179,0.2474
3180,0.27756000000000003
3181,0.4452
3182,0.29281
3183,0.26799
3184,0.10459
3185,0.0224
3186,0.0
3187,0.0
3188,0.0
3189,0.0
3190,0.0
3191,0.0
3192,0.0
3193,0.0
3194,0.0
3195,0.0
3196,0.0
3197,0.0
3198,0.0
3199,0.0
3200,0.0066
3201,0.035590000000000004
3202,0.05962
3203,0.16956
3204,0.191
3205,0.4992
3206,0.39437
3207,0.18631999999999999
3208,0.10356
3209,0.01992
3210,0.0
3211,0.0
3212,0.0
3213,0.0
3214,0.0
3215,0.0
3216,0.0
3217,0.0
3218,0.0
3219,0.0
3220,0.0
3221,0.0
3222,0.0
3223,0.014039999999999999
3224,0.05101
3225,0.09723000000000001
3226,0.16215000000000002
3227,0.17138
3228,0.19122999999999998
3229,0.25418
3230,0.15953
3231,0.07390000000000001
3232,0.033909999999999996
3233,0.007019999999999999
3234,0.0
3235,0.0
3236,0.0
3237,0.0
3238,0.0
3239,0.0
3240,0.0
3241,0.0
3242,0.0
3243,0.0
3244,0.0
3245,0.0
3246,0.00267
3247,0.01979
3248,0.07077
3249,0.09040000000000001
3250,0.20186
3251,0.28642
3252,0.25697000000000003
3253,0.35572000000000004
3254,0.35457
3255,0.24702000000000002
3256,0.095
3257,0.011810000000000001
3258,0.0
3259,0.0
3260,0.0
3261,0.0
3262,0.0
3263,0.0
3264,0.0
3265,0.0
3266,0.0
3267,0.0
3268,0.0
3269,0.0
3270,0.00869
3271,0.05443
3272,0.08843000000000001
3273,0.10151
3274,0.11604
3275,0.16458
3276,0.15909
3277,0.38847000000000004
3278,0.26300999999999997
3279,0.20896
3280,0.12045
3281,0.02657
3282,0.0
3283,0.0
3284,0.0
3285,0.0
3286,0.0
3287,0.0
3288,0.0
3289,0.0
3290,0.0
3291,0.0
3292,0.0
3293,0.0
3294,0.00517
3295,0.03246
3296,0.05043
3297,0.1413
3298,0.10762999999999999
3299,0.13651
3300,0.10854000000000001
3301,0.25512999999999997
3302,0.27091000000000004
3303,0.1366
3304,0.08664
3305,0.01668
3306,0.0
3307,0.0
3308,0.0
3309,0.0
3310,0.0
3311,0.0
3312,0.0
3313,0.0
3314,0.0
3315,0.0
3316,0.0
3317,0.0
3318,0.01704
3319,0.14891
3320,0.2836
3321,0.41316
3322,0.5312100000000001
3323,0.62034
3324,0.5274
3325,0.56291
3326,0.35622000000000004
3327,0.24558000000000002
3328,0.14193
3329,0.02418
3330,0.0
3331,0.0
3332,0.0
3333,0.0
3334,0.0
3335,0.0
3336,0.0
3337,0.0
3338,0.0
3339,0.0
3340,0.0
3341,0.0
3342,0.0116
3343,0.08566
3344,0.23759
3345,0.24315
3346,0.30785
3347,0.43566000000000005
3348,0.36523
3349,0.32556
3350,0.36469
3351,0.21774000000000002
3352,0.13748
3353,0.03604
3354,0.0
3355,0.0
3356,0.0
3357,0.0
3358,0.0
3359,0.0
3360,0.0
3361,0.0
3362,0.0
3363,0.0
3364,0.0
3365,0.0
3366,0.00736
3367,0.05578
3368,0.12949000000000002
3369,0.23273
3370,0.30185
3371,0.31639999999999996
3372,0.30071
3373,0.50455
3374,0.40327999999999997
3375,0.18983
3376,0.08385
3377,0.01749
3378,0.0
3379,0.0
3380,0.0
3381,0.0
3382,0.0
3383,0.0
3384,0.0
3385,0.0
3386,0.0
3387,0.0
3388,0.0
3389,0.0
3390,0.0005600000000000001
3391,0.02032
3392,0.07844
3393,0.15294
3394,0.21171
3395,0.24699000000000002
3396,0.17521
3397,0.30785
3398,0.29675
3399,0.15397
3400,0.09078
3401,0.022920000000000003
3402,0.0
3403,0.0
3404,0.0
3405,0.0
3406,0.0
3407,0.0
3408,0.0
3409,0.0
3410,0.0
3411,0.0
3412,0.0
3413,0.0
3414,0.0011200000000000001
3415,0.034390000000000004
3416,0.03357
3417,0.08170000000000001
3418,0.03129
3419,0.06306
3420,0.10278
3421,0.3442
3422,0.24911000000000003
3423,0.16199000000000002
3424,0.07102
3425,0.02096
3426,0.0
3427,0.0
3428,0.0
3429,0.0
3430,0.0
3431,0.0
3432,0.0
3433,0.0
3434,0.0
3435,0.0
3436,0.0
3437,0.0
3438,0.00315
3439,0.03012
3440,0.10061
3441,0.22475
3442,0.43007999999999996
3443,0.43143
3444,0.38797000000000004
3445,0.39265
3446,0.30102999999999996
3447,0.22604
3448,0.11001000000000001
3449,0.022940000000000002
3450,0.0
3451,0.0
3452,0.0
3453,0.0
3454,0.0
3455,0.0
3456,0.0
3457,0.0
3458,0.0
3459,0.0
3460,0.0
3461,0.0
3462,0.00387
3463,0.049280000000000004
3464,0.07401
3465,0.08995
3466,0.16474
3467,0.10181
3468,0.09787
3469,0.36844
3470,0.42302999999999996
3471,0.28196
3472,0.14664
3473,0.03087
3474,0.0
3475,0.0
3476,0.0
3477,0.0
3478,0.0
3479,0.0
3480,0.0
3481,0.0
3482,0.0
3483,0.0
3484,0.0
3485,0.0
3486,0.0
3487,0.00528
3488,0.03211
3489,0.10396
3490,0.13449
3491,0.19309
3492,0.23087
3493,0.16748
3494,0.25737
3495,0.15916
3496,0.08757
3497,0.01803
3498,0.0
3499,0.0
3500,0.0
3501,0.0
3502,0.0
3503,0.0
3504,0.0
3505,0.0
3506,0.0
3507,0.0
3508,0.0
3509,0.0
3510,0.00423
3511,0.03284
3512,0.08142
3513,0.16212000000000001
3514,0.26462
3515,0.24408000000000002
3516,0.15080000000000002
3517,0.35936
3518,0.24256999999999998
3519,0.12222
3520,0.11342
3521,0.022940000000000002
3522,0.0
3523,0.0
3524,0.0
3525,0.0
3526,0.0
3527,0.0
3528,0.0
3529,0.0
3530,0.0
3531,0.0
3532,0.0
3533,0.0
3534,0.0
3535,0.00347
3536,0.0319
3537,0.12778
3538,0.18086000000000002
3539,0.23138
3540,0.29117000000000004
3541,0.2597
3542,0.2527
3543,0.17275
3544,0.09140999999999999
3545,0.01783
3546,0.0
3547,0.0
3548,0.0
3549,0.0
3550,0.0
3551,0.0
3552,0.0
3553,0.0
3554,0.0
3555,0.0
3556,0.0
3557,0.0
3558,0.00983
3559,0.04846
3560,0.15293
3561,0.18353999999999998
3562,0.3353
3563,0.49072000000000005
3564,0.59149
3565,0.39438999999999996
3566,0.43553
3567,0.20458
3568,0.15165
3569,0.03496
3570,0.0
3571,0.0
3572,0.0
3573,0.0
3574,0.0
3575,0.0
3576,0.0
3577,0.0
3578,0.0
3579,0.0
3580,0.0
3581,0.0
3582,0.005860000000000001
3583,0.06741
3584,0.1274
3585,0.24997
3586,0.39173
3587,0.45085000000000003
3588,0.30569
3589,0.51438
3590,0.37127
3591,0.25935
3592,0.07459
3593,0.02809
3594,0.0
3595,0.0
3596,0.0
3597,0.0
3598,0.0
3599,0.0
3600,0.0
3601,0.0
3602,0.0
3603,0.0
3604,0.0
3605,0.0
3606,0.00925
3607,0.08536
3608,0.13009
3609,0.22558
3610,0.23838
3611,0.24891
3612,0.23217
3613,0.20484
3614,0.14867
3615,0.15881
3616,0.08577
3617,0.013630000000000001
3618,0.0
3619,0.0
3620,0.0
3621,0.0
3622,0.0
3623,0.0
3624,0.0
3625,0.0
3626,0.0
3627,0.0
3628,0.0
3629,0.0
3630,0.00028000000000000003
3631,0.00011
3632,0.00795
3633,0.022920000000000003
3634,0.07462
3635,0.10568000000000001
3636,0.11783
3637,0.43307
3638,0.32037
3639,0.26664
3640,0.11342
3641,0.026010000000000002
3642,0.0
3643,0.0
3644,0.0
3645,0.0
3646,0.0
3647,0.0
3648,0.0
3649,0.0
3650,0.0
3651,0.0
3652,0.0
3653,0.0
3654,0.0005200000000000001
3655,0.00983
3656,0.022629999999999997
3657,0.02553
3658,0.02454
3659,0.047189999999999996
3660,0.15212
3661,0.25915
3662,0.28879000000000005
3663,0.24396
3664,0.1196
3665,0.023600000000000003
3666,0.0
3667,0.0
3668,0.0
3669,0.0
3670,0.0
3671,0.0
3672,0.0
3673,0.0
3674,0.0
3675,0.0
3676,0.0
3677,0.0
3678,0.0043
3679,0.02476
3680,0.046729999999999994
3681,0.055810000000000005
3682,0.01814
3683,0.01578
3684,0.02519
3685,0.16696
3686,0.22049000000000002
3687,0.15469
3688,0.11599
3689,0.02072
3690,0.0
3691,0.0
3692,0.0
3693,0.0
3694,0.0
3695,0.0
3696,0.0
3697,0.0
3698,0.0
3699,0.0
3700,0.0
3701,0.0
3702,0.0030099999999999997
3703,0.02125
3704,0.046579999999999996
3705,0.05817
3706,0.09165000000000001
3707,0.0777
3708,0.13901
3709,0.28972000000000003
3710,0.15793000000000001
3711,0.08011
3712,0.06835
3713,0.01133
3714,0.0
3715,0.0
3716,0.0
3717,0.0
3718,0.0
3719,0.0
3720,0.0
3721,0.0
3722,0.0
3723,0.0
3724,0.0
3725,0.0
3726,0.00233
3727,0.06239
3728,0.08499
3729,0.15205000000000002
3730,0.20840999999999998
3731,0.17945
3732,0.25681
3733,0.26117
3734,0.23535
3735,0.09642
3736,0.07178
3737,0.031239999999999997
3738,0.0
3739,0.0
3740,0.0
3741,0.0
3742,0.0
3743,0.0
3744,0.0
3745,0.0
3746,0.0
3747,0.0
3748,0.0
3749,0.0
3750,0.0
3751,0.00031
3752,0.01079
3753,0.02132
3754,0.038590000000000006
3755,0.0611
3756,0.11546
3757,0.22816999999999998
3758,0.21109
3759,0.1648
3760,0.06055
3761,0.00835
3762,0.0
3763,0.0
3764,0.0
3765,0.0
3766,0.0
3767,0.0
3768,0.0
3769,0.0
3770,0.0
3771,0.0
3772,0.0
3773,0.0
3774,0.0005899999999999999
3775,0.00777
3776,0.02576
3777,0.06444
3778,0.1242
3779,0.15247
3780,0.18325999999999998
3781,0.15788
3782,0.13805
3783,0.09573000000000001
3784,0.05649
3785,0.01557
3786,0.0
3787,0.0
3788,0.0
3789,0.0
3790,0.0
3791,0.0
3792,0.0
3793,0.0
3794,0.0
3795,0.0
3796,0.0
3797,0.0
3798,0.0011799999999999998
3799,0.04305
3800,0.09397
3801,0.1368
3802,0.15435
3803,0.17868
3804,0.20264
3805,0.20649
3806,0.19038
3807,0.10039000000000001
3808,0.05557
3809,0.00534
3810,0.0
3811,0.0
3812,0.0
3813,0.0
3814,0.0
3815,0.0
3816,0.0
3817,0.0
3818,0.0
3819,0.0
3820,0.0
3821,0.0
3822,0.00663
3823,0.06324
3824,0.11649
3825,0.20483
3826,0.27488999999999997
3827,0.25065
3828,0.43463999999999997
3829,0.20817
3830,0.22938999999999998
3831,0.12149
3832,0.079
3833,0.01653
3834,0.0
3835,0.0
3836,0.0
3837,0.0
3838,0.0
3839,0.0
3840,0.0
3841,0.0
3842,0.0
3843,0.0
3844,0.0
3845,0.0
3846,0.00777
3847,0.06375
3848,0.16936
3849,0.31119
3850,0.44189
3851,0.42927
3852,0.49560000000000004
3853,0.32469
3854,0.19503
3855,0.10029
3856,0.0584
3857,0.01725
3858,0.0
3859,0.0
3860,0.0
3861,0.0
3862,0.0
3863,0.0
3864,0.0
3865,0.0
3866,0.0
3867,0.0
3868,0.0
3869,0.0
3870,0.00714
3871,0.10405
3872,0.24012999999999998
3873,0.35016
3874,0.44572
3875,0.44218
3876,0.40243
3877,0.3575
3878,0.30841
3879,0.24325
3880,0.12082
3881,0.03089
3882,0.0
3883,0.0
3884,0.0
3885,0.0
3886,0.0
3887,0.0
3888,0.0
3889,0.0
3890,0.0
3891,0.0
3892,0.0
3893,0.0
3894,0.0019399999999999999
3895,0.07066
3896,0.22333
3897,0.30062
3898,0.39088
3899,0.35118
3900,0.39796
3901,0.2843
3902,0.20025
3903,0.14945
3904,0.06283
3905,0.018420000000000002
3906,0.0
3907,0.0
3908,0.0
3909,0.0
3910,0.0
3911,0.0
3912,0.0
3913,0.0
3914,0.0
3915,0.0
3916,0.0
3917,0.0
3918,0.0
3919,0.0108
3920,0.0476
3921,0.13997
3922,0.15880000000000002
3923,0.19238999999999998
3924,0.32206999999999997
3925,0.35977
3926,0.31947000000000003
3927,0.21481999999999998
3928,0.09816
3929,0.018690000000000002
3930,0.0
3931,0.0
3932,0.0
3933,0.0
3934,0.0
3935,0.0
3936,0.0
3937,0.0
3938,0.0
3939,0.0
3940,0.0
3941,0.0
3942,0.00453
3943,0.02757
3944,0.06356
3945,0.16425
3946,0.28205
3947,0.2773
3948,0.31341
3949,0.43054000000000003
3950,0.33773000000000003
3951,0.16983
3952,0.10165
3953,0.01443
3954,0.0
3955,0.0
3956,0.0
3957,0.0
3958,0.0
3959,0.0
3960,0.0
3961,0.0
3962,0.0
3963,0.0
3964,0.0
3965,0.0
3966,0.00252
3967,0.03822
3968,0.12722
3969,0.14997
3970,0.24478
3971,0.21493
3972,0.32025
3973,0.43379
3974,0.37356
3975,0.28787
3976,0.12417
3977,0.023620000000000002
3978,0.0
3979,0.0
3980,0.0
3981,0.0
3982,0.0
3983,0.0
3984,0.0
3985,0.0
3986,0.0
3987,0.0
3988,0.0
3989,0.0
3990,0.00763
3991,0.06931999999999999
3992,0.24359
3993,0.34838
3994,0.45377999999999996
3995,0.457
3996,0.5210499999999999
3997,0.48402
3998,0.45019
3999,0.28869
4000,0.16588999999999998
4001,0.04269
4002,0.0
4003,0.0
4004,0.0
4005,0.0
4006,0.0
4007,0.0
4008,0.0
4009,0.0
4010,0.0
4011,0.0
4012,0.0
4013,0.0
4014,0.0057599999999999995
4015,0.05695
4016,0.10916
4017,0.22341999999999998
4018,0.21315
4019,0.14597
4020,0.1875
4021,0.19337000000000001
4022,0.10561
4023,0.10489
4024,0.08038
4025,0.01045
4026,0.0
4027,0.0
4028,0.0
4029,0.0
4030,0.0
4031,0.0
4032,0.0
4033,0.0
4034,0.0
4035,0.0
4036,0.0
4037,0.0
4038,0.00709
4039,0.06892
4040,0.13419
4041,0.23717
4042,0.26271
4043,0.34386
4044,0.21369
4045,0.2984
4046,0.17084
4047,0.1008
4048,0.06289
4049,0.01722
4050,0.0
4051,0.0
4052,0.0
4053,0.0
4054,0.0
4055,0.0
4056,0.0
4057,0.0
4058,0.0
4059,0.0
4060,0.0
4061,0.0
4062,0.00014000000000000001
4063,0.009980000000000001
4064,0.07611
4065,0.17255
4066,0.14606
4067,0.23138
4068,0.41105
4069,0.34032999999999997
4070,0.15982
4071,0.12979
4072,0.07079
4073,0.015710000000000002
4074,0.0
4075,0.0
4076,0.0
4077,0.0
4078,0.0
4079,0.0
4080,0.0
4081,0.0
4082,0.0
4083,0.0
4084,0.0
4085,0.0
4086,0.00735
4087,0.060219999999999996
4088,0.10302
4089,0.1449
4090,0.23101
4091,0.31607
4092,0.23381
4093,0.28704
4094,0.23123
4095,0.12236
4096,0.06061
4097,0.01489
4098,0.0
4099,0.0
4100,0.0
4101,0.0
4102,0.0
4103,0.0
4104,0.0
4105,0.0
4106,0.0
4107,0.0
4108,0.0
4109,0.0
4110,0.0017900000000000001
4111,0.023620000000000002
4112,0.08402
4113,0.1273
4114,0.20898
4115,0.15812
4116,0.14084
4117,0.31195
4118,0.21097
4119,0.15362
4120,0.08234
4121,0.01577
4122,0.0
4123,0.0
4124,0.0
4125,0.0
4126,0.0
4127,0.0
4128,0.0
4129,0.0
4130,0.0
4131,0.0
4132,0.0
4133,0.0
4134,0.00777
4135,0.09761
4136,0.22426
4137,0.29167000000000004
4138,0.36141
4139,0.47726
4140,0.42169
4141,0.40382
4142,0.42248
4143,0.25088
4144,0.10258
4145,0.03544
4146,0.0
4147,0.0
4148,0.0
4149,0.0
4150,0.0
4151,0.0
4152,0.0
4153,0.0
4154,0.0
4155,0.0
4156,0.0
4157,0.0
4158,0.00899
4159,0.10263
4160,0.20628
4161,0.22377
4162,0.42443000000000003
4163,0.48074
4164,0.37279
4165,0.49728
4166,0.33146
4167,0.26862
4168,0.16087
4169,0.0354
4170,0.0
4171,0.0
4172,0.0
4173,0.0
4174,0.0
4175,0.0
4176,0.0
4177,0.0
4178,0.0
4179,0.0
4180,0.0
4181,0.0
4182,0.00294
4183,0.027489999999999997
4184,0.02053
4185,0.07578
4186,0.14864
4187,0.18522
4188,0.21965
4189,0.32161
4190,0.26682
4191,0.19904
4192,0.09376000000000001
4193,0.011269999999999999
4194,0.0
4195,0.0
4196,0.0
4197,0.0
4198,0.0
4199,0.0
4200,0.0
4201,0.0
4202,0.0
4203,0.0
4204,0.0
4205,0.0
4206,0.00091
4207,0.02117
4208,0.059840000000000004
4209,0.14585
4210,0.15374000000000002
4211,0.10246
4212,0.09516
4213,0.18519
4214,0.21131999999999998
4215,0.21749000000000002
4216,0.11656
4217,0.04
4218,0.0
4219,0.0
4220,0.0
4221,0.0
4222,0.0
4223,0.0
4224,0.0
4225,0.0
4226,0.0
4227,0.0
4228,0.0
4229,0.0
4230,0.00874
4231,0.09867000000000001
4232,0.23656
4233,0.35981
4234,0.44772
4235,0.44086000000000003
4236,0.50155
4237,0.49143000000000003
4238,0.34346
4239,0.28349
4240,0.14335
4241,0.02637
4242,0.0
4243,0.0
4244,0.0
4245,0.0
4246,0.0
4247,0.0
4248,0.0
4249,0.0
4250,0.0
4251,0.0
4252,0.0
4253,0.0
4254,0.00354
4255,0.047799999999999995
4256,0.18563
4257,0.23143
4258,0.24878999999999998
4259,0.23696
4260,0.24653999999999998
4261,0.41029000000000004
4262,0.35727
4263,0.26708
4264,0.20456
4265,0.06011
4266,0.0
4267,0.0
4268,0.0
4269,0.0
4270,0.0
4271,0.0
4272,0.0
4273,0.0
4274,0.0
4275,0.0
4276,0.0
4277,0.0
4278,0.00948
4279,0.10493000000000001
4280,0.22240000000000001
4281,0.31210000000000004
4282,0.44725
4283,0.36062
4284,0.52325
4285,0.418
4286,0.39205
4287,0.22326
4288,0.15005000000000002
4289,0.032659999999999995
4290,0.0
4291,0.0
4292,0.0
4293,0.0
4294,0.0
4295,0.0
4296,0.0
4297,0.0
4298,0.0
4299,0.0
4300,0.0
4301,0.0
4302,0.008919999999999999
4303,0.056299999999999996
4304,0.16338999999999998
4305,0.32553
4306,0.42821
4307,0.55379
4308,0.54845
4309,0.4522
4310,0.36251
4311,0.20374
4312,0.11337
4313,0.03754
4314,0.0
4315,0.0
4316,0.0
4317,0.0
4318,0.0
4319,0.0
4320,0.0
4321,0.0
4322,0.0
4323,0.0
4324,0.0
4325,0.0
4326,0.00483
4327,0.03413
4328,0.055369999999999996
4329,0.1777
4330,0.30939999999999995
4331,0.24975999999999998
4332,0.25822
4333,0.27314
4334,0.19075999999999999
4335,0.14612999999999998
4336,0.06805
4337,0.02364
4338,0.0
4339,0.0
4340,0.0
4341,0.0
4342,0.0
4343,0.0
4344,0.0
4345,0.0
4346,0.0
4347,0.0
4348,0.0
4349,0.0
4350,0.0014399999999999999
4351,0.049890000000000004
4352,0.0692
4353,0.08617
4354,0.20684
4355,0.24578
4356,0.21503
4357,0.37398000000000003
4358,0.31923
4359,0.12168999999999999
4360,0.1026
4361,0.02493
4362,0.0
4363,0.0
4364,0.0
4365,0.0
4366,0.0
4367,0.0
4368,0.0
4369,0.0
4370,0.0
4371,0.0
4372,0.0
4373,0.0
4374,0.0035600000000000002
4375,0.04525
4376,0.15663
4377,0.28972000000000003
4378,0.40567000000000003
4379,0.48833
4380,0.48811
4381,0.49257
4382,0.4049
4383,0.30243000000000003
4384,0.14587999999999998
4385,0.040490000000000005
4386,0.0
4387,0.0
4388,0.0
4389,0.0
4390,0.0
4391,0.0
4392,0.0
4393,0.0
4394,0.0
4395,0.0
4396,0.0
4397,0.0
4398,0.00496
4399,0.060969999999999996
4400,0.16266999999999998
4401,0.26311
4402,0.30036
4403,0.31422000000000005
4404,0.36161
4405,0.43551
4406,0.34611000000000003
4407,0.17555
4408,0.06683
4409,0.01529
4410,0.0
4411,0.0
4412,0.0
4413,0.0
4414,0.0
4415,0.0
4416,0.0
4417,0.0
4418,0.0
4419,0.0
4420,0.0
4421,0.0
4422,0.00147
4423,0.044829999999999995
4424,0.13735
4425,0.23177
4426,0.24816999999999997
4427,0.26075
4428,0.28552
4429,0.389
4430,0.19308
4431,0.19062
4432,0.09079000000000001
4433,0.0258
4434,0.0
4435,0.0
4436,0.0
4437,0.0
4438,0.0
4439,0.0
4440,0.0
4441,0.0
4442,0.0
4443,0.0
4444,0.0
4445,0.0
4446,0.00361
4447,0.05527
4448,0.14454
4449,0.2501
4450,0.36146
4451,0.41925
4452,0.41249
4453,0.3559
4454,0.31551999999999997
4455,0.24727000000000002
4456,0.13552
4457,0.03226
4458,0.0
4459,0.0
4460,0.0
4461,0.0
4462,0.0
4463,0.0
4464,0.0
4465,0.0
4466,0.0
4467,0.0
4468,0.0
4469,0.0
4470,0.00391
4471,0.051340000000000004
4472,0.15547
4473,0.27038
4474,0.39379000000000003
4475,0.49619
4476,0.5855199999999999
4477,0.47426999999999997
4478,0.45183999999999996
4479,0.29941
4480,0.14428
4481,0.03539
4482,0.0
4483,0.0
4484,0.0
4485,0.0
4486,0.0
4487,0.0
4488,0.0
4489,0.0
4490,0.0
4491,0.0
4492,0.0
4493,0.0
4494,0.00543
4495,0.06885
4496,0.15383000000000002
4497,0.24802000000000002
4498,0.32094
4499,0.43804000000000004
4500,0.36302999999999996
4501,0.19416
4502,0.15769999999999998
4503,0.10585
4504,0.09420999999999999
4505,0.02937
4506,0.0
4507,0.0
4508,0.0
4509,0.0
4510,0.0
4511,0.0
4512,0.0
4513,0.0
4514,0.0
4515,0.0
4516,0.0
4517,0.0
4518,0.0020099999999999996
4519,0.03698
4520,0.05638
4521,0.08535
4522,0.17171
4523,0.22063999999999998
4524,0.18494
4525,0.45723
4526,0.24203
4527,0.17264
4528,0.06827
4529,0.00925
4530,0.0
4531,0.0
4532,0.0
4533,0.0
4534,0.0
4535,0.0
4536,0.0
4537,0.0
4538,0.0
4539,0.0
4540,0.0
4541,0.0
4542,0.00035
4543,0.01677
4544,0.03911
4545,0.05347
4546,0.08218
4547,0.07585
4548,0.08907
4549,0.14133
4550,0.20781
4551,0.16097
4552,0.09217
4553,0.03376
4554,0.0
4555,0.0
4556,0.0
4557,0.0
4558,0.0
4559,0.0
4560,0.0
4561,0.0
4562,0.0
4563,0.0
4564,0.0
4565,0.0
4566,0.0014399999999999999
4567,0.041350000000000005
4568,0.12007
4569,0.22097999999999998
4570,0.36344
4571,0.48129
4572,0.49086
4573,0.49692000000000003
4574,0.37239
4575,0.19016999999999998
4576,0.16113999999999998
4577,0.02878
4578,0.0
4579,0.0
4580,0.0
4581,0.0
4582,0.0
4583,0.0
4584,0.0
4585,0.0
4586,0.0
4587,0.0
4588,0.0
4589,0.0
4590,0.0062699999999999995
4591,0.07759
4592,0.22475
4593,0.30943
4594,0.48974
4595,0.40298
4596,0.45902
4597,0.45567
4598,0.4611
4599,0.35174
4600,0.18653999999999998
4601,0.05158
4602,0.0
4603,0.0
4604,0.0
4605,0.0
4606,0.0
4607,0.0
4608,0.0
4609,0.0
4610,0.0
4611,0.0
4612,0.0
4613,0.0
4614,0.00479
4615,0.06468
4616,0.15852000000000002
4617,0.21099
4618,0.29299000000000003
4619,0.32886000000000004
4620,0.32893
4621,0.49271
4622,0.25801999999999997
4623,0.14343
4624,0.08094
4625,0.01005
4626,0.0
4627,0.0
4628,0.0
4629,0.0
4630,0.0
4631,0.0
4632,0.0
4633,0.0
4634,0.0
4635,0.0
4636,0.0
4637,0.0
4638,2e-05
4639,0.030420000000000003
4640,0.03149
4641,0.13218000000000002
4642,0.27152
4643,0.28763
4644,0.30799
4645,0.3275
4646,0.18652000000000002
4647,0.06527
4648,0.08362
4649,0.011460000000000001
4650,0.0
4651,0.0
4652,0.0
4653,0.0
4654,0.0
4655,0.0
4656,0.0
4657,0.0
4658,0.0
4659,0.0
4660,0.0
4661,0.0
4662,0.00211
4663,0.06473000000000001
4664,0.1773
4665,0.21678999999999998
4666,0.28096
4667,0.28
4668,0.26344999999999996
4669,0.26483999999999996
4670,0.245
4671,0.20701
4672,0.16601
4673,0.04368
4674,0.0
4675,0.0
4676,0.0
4677,0.0
4678,0.0
4679,0.0
4680,0.0
4681,0.0
4682,0.0
4683,0.0
4684,0.0
4685,0.0
4686,0.0030499999999999998
4687,0.0456
4688,0.08847
4689,0.06884
4690,0.10513
4691,0.11928
4692,0.16158
4693,0.34952999999999995
4694,0.25111
4695,0.1536
4696,0.10094
4697,0.02664
4698,0.0
4699,0.0
4700,0.0
4701,0.0
4702,0.0
4703,0.0
4704,0.0
4705,0.0
4706,0.0
4707,0.0
4708,0.0
4709,0.0
4710,0.0
4711,0.0
4712,0.0
4713,0.00189
4714,0.03289
4715,0.07582
4716,0.18587
4717,0.1585
4718,0.10194
4719,0.09379000000000001
4720,0.04575
4721,0.01714
4722,0.0
4723,0.0
4724,0.0
4725,0.0
4726,0.0
4727,0.0
4728,0.0
4729,0.0
4730,0.0
4731,0.0
4732,0.0
4733,0.0
4734,0.00131
4735,0.04007
4736,0.12487000000000001
4737,0.16954
4738,0.20205
4739,0.20641
4740,0.20947
4741,0.3315
4742,0.26182
4743,0.23734
4744,0.09297
4745,0.03669
4746,0.0
4747,0.0
4748,0.0
4749,0.0
4750,0.0
4751,0.0
4752,0.0
4753,0.0
4754,0.0
4755,0.0
4756,0.0
4757,0.0
4758,0.00376
4759,0.03052
4760,0.09993
4761,0.18048
4762,0.29788
4763,0.37138
4764,0.35622000000000004
4765,0.40917000000000003
4766,0.28143
4767,0.15394999999999998
4768,0.07426
4769,0.02417
4770,0.0
4771,0.0
4772,0.0
4773,0.0
4774,0.0
4775,0.0
4776,0.0
4777,0.0
4778,0.0
4779,0.0
4780,0.0
4781,0.0
4782,0.00558
4783,0.10733
4784,0.25374
4785,0.43676
4786,0.44265
4787,0.52123
4788,0.5405800000000001
4789,0.50001
4790,0.33069
4791,0.23419
4792,0.10223
4793,0.01531
4794,0.0
4795,0.0
4796,0.0
4797,0.0
4798,0.0
4799,0.0
4800,0.0
4801,0.0
4802,0.0
4803,0.0
4804,0.0
4805,0.0
4806,0.00667
4807,0.07856999999999999
4808,0.24959
4809,0.35725999999999997
4810,0.47352
4811,0.56578
4812,0.55635
4813,0.41282
4814,0.37468
4815,0.19941
4816,0.11534
4817,0.03599
4818,0.0
4819,0.0
4820,0.0
4821,0.0
4822,0.0
4823,0.0
4824,0.0
4825,0.0
4826,0.0
4827,0.0
4828,0.0
4829,0.0
4830,0.0024500000000000004
4831,0.05151
4832,0.22906
4833,0.20621
4834,0.30367
4835,0.3561
4836,0.20182
4837,0.36313
4838,0.25519
4839,0.15763999999999997
4840,0.10362
4841,0.05497
4842,0.0
4843,0.0
4844,0.0
4845,0.0
4846,0.0
4847,0.0
4848,0.0
4849,0.0
4850,0.0
4851,0.0
4852,0.0
4853,0.0
4854,0.0056500000000000005
4855,0.05969
4856,0.04909
4857,0.07199
4858,0.07775
4859,0.08277
4860,0.1606
4861,0.20768
4862,0.20489
4863,0.09185
4864,0.10161
4865,0.02053
4866,0.0
4867,0.0
4868,0.0
4869,0.0
4870,0.0
4871,0.0
4872,0.0
4873,0.0
4874,0.0
4875,0.0
4876,0.0
4877,0.0
4878,0.00127
4879,0.0339
4880,0.16294999999999998
4881,0.32382
4882,0.41239
4883,0.372
4884,0.38388
4885,0.28201
4886,0.30711
4887,0.14283
4888,0.11831
4889,0.01891
4890,0.0
4891,0.0
4892,0.0
4893,0.0
4894,0.0
4895,0.0
4896,0.0
4897,0.0
4898,0.0
4899,0.0
4900,0.0
4901,0.0
4902,0.0009599999999999999
4903,0.02316
4904,0.08302
4905,0.19162
4906,0.19613999999999998
4907,0.19319999999999998
4908,0.18713999999999997
4909,0.13199
4910,0.12282
4911,0.03742
4912,0.05303
4913,0.01174
4914,0.0
4915,0.0
4916,0.0
4917,0.0
4918,0.0
4919,0.0
4920,0.0
4921,0.0
4922,0.0
4923,0.0
4924,0.0
4925,0.0
4926,0.00202
4927,0.02165
4928,0.045219999999999996
4929,0.13977
4930,0.13774
4931,0.22166
4932,0.21927000000000002
4933,0.25196999999999997
4934,0.15234999999999999
4935,0.15106
4936,0.1149
4937,0.01989
4938,0.0
4939,0.0
4940,0.0
4941,0.0
4942,0.0
4943,0.0
4944,0.0
4945,0.0
4946,0.0
4947,0.0
4948,0.0
4949,0.0
4950,0.00292
4951,0.04143
4952,0.13946
4953,0.25866
4954,0.41614999999999996
4955,0.41925
4956,0.40712
4957,0.43677
4958,0.31406
4959,0.24911000000000003
4960,0.1169
4961,0.03868
4962,0.0
4963,0.0
4964,0.0
4965,0.0
4966,0.0
4967,0.0
4968,0.0
4969,0.0
4970,0.0
4971,0.0
4972,0.0
4973,0.0
4974,0.0035
4975,0.016980000000000002
4976,0.04289
4977,0.07654000000000001
4978,0.13266
4979,0.18894
4980,0.25208
4981,0.33248
4982,0.24957
4983,0.15491999999999997
4984,0.07696
4985,0.02951
4986,0.0
4987,0.0
4988,0.0
4989,0.0
4990,0.0
4991,0.0
4992,0.0
4993,0.0
4994,0.0
4995,0.0
4996,0.0
4997,0.0
4998,0.007809999999999999
4999,0.11194
5000,0.29477
5001,0.44118
5002,0.4975
5003,0.61021
5004,0.57127
5005,0.4648
5006,0.46575
5007,0.28995
5008,0.1206
5009,0.04199
5010,0.0
5011,0.0
5012,0.0
5013,0.0
5014,0.0
5015,0.0
5016,0.0
5017,0.0
5018,0.0
5019,0.0
5020,0.0
5021,0.0
5022,0.0023
5023,0.026170000000000002
5024,0.10348
5025,0.20549
5026,0.21802000000000002
5027,0.23143
5028,0.20884
5029,0.27716
5030,0.21459999999999999
5031,0.14678
5032,0.06548999999999999
5033,0.030260000000000002
5034,0.0
5035,0.0
5036,0.0
5037,0.0
5038,0.0
5039,0.0
5040,0.0
5041,0.0
5042,0.0
5043,0.0
5044,0.0
5045,0.0
5046,0.00498
5047,0.06763
5048,0.2073
5049,0.21142
5050,0.31917
5051,0.29904000000000003
5052,0.41031
5053,0.32654
5054,0.24411000000000002
5055,0.11265
5056,0.06679
5057,0.013949999999999999
5058,0.0
5059,0.0
5060,0.0
5061,0.0
5062,0.0
5063,0.0
5064,0.0
5065,0.0
5066,0.0
5067,0.0
5068,0.0
5069,0.0
5070,0.00813
5071,0.0829
5072,0.19150999999999999
5073,0.21699000000000002
5074,0.30486
5075,0.36691
5076,0.44656
5077,0.5144299999999999
5078,0.5244
5079,0.2793
5080,0.14486000000000002
5081,0.04157
5082,0.0
5083,0.0
5084,0.0
5085,0.0
5086,0.0
5087,0.0
5088,0.0
5089,0.0
5090,0.0
5091,0.0
5092,0.0
5093,0.0
5094,0.00354
5095,0.04499
5096,0.05442
5097,0.04229
5098,0.04381
5099,0.09809
5100,0.1485
5101,0.24408000000000002
5102,0.24843
5103,0.15462
5104,0.13702
5105,0.05856
5106,0.0
5107,0.0
5108,0.0
5109,0.0
5110,0.0
5111,0.0
5112,0.0
5113,0.0
5114,0.0
5115,0.0
5116,0.0
5117,0.0
5118,0.00517
5119,0.05348
5120,0.14833000000000002
5121,0.2093
5122,0.31483
5123,0.31142000000000003
5124,0.27988
5125,0.36698000000000003
5126,0.20871
5127,0.22547999999999999
5128,0.11429
5129,0.01151
5130,0.0
5131,0.0
5132,0.0
5133,0.0
5134,0.0
5135,0.0
5136,0.0
5137,0.0
5138,0.0
5139,0.0
5140,0.0
5141,0.0
5142,0.00064
5143,0.01788
5144,0.05649
5145,0.13221
5146,0.15086000000000002
5147,0.28445
5148,0.193
5149,0.36133
5150,0.23343
5151,0.16129
5152,0.06512000000000001
5153,0.01877
5154,0.0
5155,0.0
5156,0.0
5157,0.0
5158,0.0
5159,0.0
5160,0.0
5161,0.0
5162,0.0
5163,0.0
5164,0.0
5165,0.0
5166,0.002
5167,0.0497
5168,0.14655
5169,0.32164
5170,0.30027
5171,0.36791
5172,0.50474
5173,0.48675999999999997
5174,0.38777
5175,0.28566
5176,0.17872
5177,0.046579999999999996
5178,0.0
5179,0.0
5180,0.0
5181,0.0
5182,0.0
5183,0.0
5184,0.0
5185,0.0
5186,0.0
5187,0.0
5188,0.0
5189,0.0
5190,0.0056
5191,0.07154
5192,0.19602
5193,0.24791
5194,0.21581999999999998
5195,0.30206
5196,0.29164
5197,0.39138
5198,0.34537
5199,0.20115
5200,0.07064
5201,0.02025
5202,0.0
5203,0.0
5204,0.0
5205,0.0
5206,0.0
5207,0.0
5208,0.0
5209,0.0
5210,0.0
5211,0.0
5212,0.0
5213,0.0
5214,0.0
5215,0.00141
5216,0.01595
5217,0.08441
5218,0.13895
5219,0.20518
5220,0.27252
5221,0.26669
5222,0.32158
5223,0.26943
5224,0.09659000000000001
5225,0.03365
5226,0.0
5227,0.0
5228,0.0
5229,0.0
5230,0.0
5231,0.0
5232,0.0
5233,0.0
5234,0.0
5235,0.0
5236,0.0
5237,0.0
5238,0.00381
5239,0.04231
5240,0.13333
5241,0.19923
5242,0.27287
5243,0.31657
5244,0.2302
5245,0.42881
5246,0.24986000000000003
5247,0.15209
5248,0.04654
5249,0.02212
5250,0.0
5251,0.0
5252,0.0
5253,0.0
5254,0.0
5255,0.0
5256,0.0
5257,0.0
5258,0.0
5259,0.0
5260,0.0
5261,0.0
5262,0.0
5263,0.00735
5264,0.01883
5265,0.024
5266,0.16519999999999999
5267,0.23324
5268,0.32149
5269,0.33266
5270,0.31095
5271,0.16875
5272,0.08954999999999999
5273,0.02519
5274,0.0
5275,0.0
5276,0.0
5277,0.0
5278,0.0
5279,0.0
5280,0.0
5281,0.0
5282,0.0
5283,0.0
5284,0.0
5285,0.0
5286,0.0
5287,0.00171
5288,0.05008
5289,0.08076
5290,0.1403
5291,0.20926
5292,0.26135
5293,0.30921
5294,0.29863999999999996
5295,0.16394
5296,0.055979999999999995
5297,0.01809
5298,0.0
5299,0.0
5300,0.0
5301,0.0
5302,0.0
5303,0.0
5304,0.0
5305,0.0
5306,0.0
5307,0.0
5308,0.0
5309,0.0
5310,0.0106
5311,0.07708
5312,0.13181
5313,0.19906000000000001
5314,0.15192
5315,0.26616
5316,0.28537
5317,0.32837
5318,0.16411
5319,0.17336000000000001
5320,0.06641
5321,0.02147
5322,0.0
5323,0.0
5324,0.0
5325,0.0
5326,0.0
5327,0.0
5328,0.0
5329,0.0
5330,0.0
5331,0.0
5332,0.0
5333,0.0
5334,0.00219
5335,0.04026
5336,0.12075
5337,0.15450999999999998
5338,0.25317
5339,0.30845999999999996
5340,0.22877
5341,0.3221
5342,0.25148
5343,0.17253
5344,0.10890999999999999
5345,0.01814
5346,0.0
5347,0.0
5348,0.0
5349,0.0
5350,0.0
5351,0.0
5352,0.0
5353,0.0
5354,0.0
5355,0.0
5356,0.0
5357,0.0
5358,0.0
5359,0.0
5360,0.01625
5361,0.01021
5362,0.05559
5363,0.05565
5364,0.07606
5365,0.17815999999999999
5366,0.14931999999999998
5367,0.09775
5368,0.055479999999999995
5369,0.02113
5370,0.0
5371,0.0
5372,0.0
5373,0.0
5374,0.0
5375,0.0
5376,0.0
5377,0.0
5378,0.0
5379,0.0
5380,0.0
5381,0.0
5382,0.00261
5383,0.03435
5384,0.11924
5385,0.20022
5386,0.25744
5387,0.27062
5388,0.37603
5389,0.41905000000000003
5390,0.25475
5391,0.32143
5392,0.13713999999999998
5393,0.04822
5394,0.0
5395,0.0
5396,0.0
5397,0.0
5398,0.0
5399,0.0
5400,0.0
5401,0.0
5402,0.0
5403,0.0
5404,0.0
5405,0.0
5406,0.00557
5407,0.06833
5408,0.15428999999999998
5409,0.29584
5410,0.35824
5411,0.38704
5412,0.44177999999999995
5413,0.3961
5414,0.44617
5415,0.21759
5416,0.15703
5417,0.02838
5418,0.0
5419,0.0
5420,0.0
5421,0.0
5422,0.0
5423,0.0
5424,0.0
5425,0.0
5426,0.0
5427,0.0
5428,0.0
5429,0.0
5430,0.00631
5431,0.04796
5432,0.13883
5433,0.10945
5434,0.2296
5435,0.24375
5436,0.19372
5437,0.30381
5438,0.18672
5439,0.20815
5440,0.06753
5441,0.01582
5442,0.0
5443,0.0
5444,0.0
5445,0.0
5446,0.0
5447,0.0
5448,0.0
5449,0.0
5450,0.0
5451,0.0
5452,0.0
5453,0.0
5454,0.0
5455,0.0
5456,0.0061600000000000005
5457,0.09754
5458,0.06636
5459,0.09814
5460,0.0732
5461,0.1759
5462,0.17514
5463,0.14809999999999998
5464,0.0691
5465,0.03721
5466,0.0
5467,0.0
5468,0.0
5469,0.0
5470,0.0
5471,0.0
5472,0.0
5473,0.0
5474,0.0
5475,0.0
5476,0.0
5477,0.0
5478,0.00818
5479,0.08990000000000001
5480,0.17313
5481,0.27586
5482,0.39409
5483,0.47744
5484,0.42635
5485,0.46361
5486,0.41843
5487,0.24311000000000002
5488,0.15343
5489,0.02714
5490,0.0
5491,0.0
5492,0.0
5493,0.0
5494,0.0
5495,0.0
5496,0.0
5497,0.0
5498,0.0
5499,0.0
5500,0.0
5501,0.0
5502,0.0035299999999999997
5503,0.04134
5504,0.11639000000000001
5505,0.15080000000000002
5506,0.26606
5507,0.2741
5508,0.27732
5509,0.35528
5510,0.27838
5511,0.18708000000000002
5512,0.12464
5513,0.03269
5514,0.0
5515,0.0
5516,0.0
5517,0.0
5518,0.0
5519,0.0
5520,0.0
5521,0.0
5522,0.0
5523,0.0
5524,0.0
5525,0.0
5526,0.00055
5527,0.00746
5528,0.01052
5529,0.0601
5530,0.19948
5531,0.14578
5532,0.16313999999999998
5533,0.04975
5534,0.06356
5535,0.03664
5536,0.01106
5537,0.0
5538,0.0
5539,0.0
5540,0.0
5541,0.0
5542,0.0
5543,0.0
5544,0.0
5545,0.0
5546,0.0
5547,0.0
5548,0.0
5549,0.0
5550,0.0025800000000000003
5551,0.054520000000000006
5552,0.15633000000000002
5553,0.28501
5554,0.28712
5555,0.20293
5556,0.37682
5557,0.52518
5558,0.48296
5559,0.38397000000000003
5560,0.20615
5561,0.054689999999999996
5562,0.0
5563,0.0
5564,0.0
5565,0.0
5566,0.0
5567,0.0
5568,0.0
5569,0.0
5570,0.0
5571,0.0
5572,0.0
5573,0.0
5574,0.008320000000000001
5575,0.10364
5576,0.26992
5577,0.38303
5578,0.46653
5579,0.58568
5580,0.57975
5581,0.48224
5582,0.381
5583,0.29116000000000003
5584,0.12348
5585,0.02044
5586,0.0
5587,0.0
5588,0.0
5589,0.0
5590,0.0
5591,0.0
5592,0.0
5593,0.0
5594,0.0
5595,0.0
5596,0.0
5597,0.0
5598,0.00543
5599,0.06846
5600,0.18522
5601,0.26149
5602,0.42818
5603,0.39085000000000003
5604,0.2502
5605,0.30023
5606,0.22237
5607,0.11919
5608,0.05646
5609,0.011949999999999999
5610,0.0
5611,0.0
5612,0.0
5613,0.0
5614,0.0
5615,0.0
5616,0.0
5617,0.0
5618,0.0
5619,0.0
5620,0.0
5621,0.0
5622,0.00202
5623,0.0479
5624,0.09242
5625,0.24004
5626,0.31311
5627,0.42701999999999996
5628,0.43513
5629,0.36829
5630,0.24209999999999998
5631,0.13955
5632,0.03811
5633,0.0069299999999999995
5634,0.0
5635,0.0
5636,0.0
5637,0.0
5638,0.0
5639,0.0
5640,0.0
5641,0.0
5642,0.0
5643,0.0
5644,0.0
5645,0.0
5646,8.999999999999999e-05
5647,0.0059299999999999995
5648,0.00583
5649,0.03047
5650,0.07703
5651,0.0852
5652,0.15502000000000002
5653,0.45185000000000003
5654,0.41702
5655,0.30824
5656,0.17253
5657,0.03049
5658,0.0
5659,0.0
5660,0.0
5661,0.0
5662,0.0
5663,0.0
5664,0.0
5665,0.0
5666,0.0
5667,0.0
5668,0.0
5669,0.0
5670,0.00578
5671,0.06584000000000001
5672,0.14912999999999998
5673,0.28242
5674,0.44631
5675,0.48256
5676,0.66408
5677,0.36947
5678,0.26426
5679,0.21638
5680,0.08228
5681,0.03166
5682,0.0
5683,0.0
5684,0.0
5685,0.0
5686,0.0
5687,0.0
5688,0.0
5689,0.0
5690,0.0
5691,0.0
5692,0.0
5693,0.0
5694,0.001
5695,0.03041
5696,0.09681000000000001
5697,0.17437
5698,0.30866000000000005
5699,0.41393
5700,0.34389
5701,0.39326
5702,0.32416
5703,0.24087
5704,0.11104
5705,0.02431
5706,0.0
5707,0.0
5708,0.0
5709,0.0
5710,0.0
5711,0.0
5712,0.0
5713,0.0
5714,0.0
5715,0.0
5716,0.0
5717,0.0
5718,0.00354
5719,0.035
5720,0.15014
5721,0.14629
5722,0.14172
5723,0.14906999999999998
5724,0.27146
5725,0.38621
5726,0.28347
5727,0.22488
5728,0.11583
5729,0.027010000000000003
5730,0.0
5731,0.0
5732,0.0
5733,0.0
5734,0.0
5735,0.0
5736,0.0
5737,0.0
5738,0.0
5739,0.0
5740,0.0
5741,0.0
5742,0.0011200000000000001
5743,0.04207
5744,0.1226
5745,0.28456
5746,0.44301999999999997
5747,0.43845
5748,0.4774
5749,0.48177
5750,0.37948000000000004
5751,0.20999
5752,0.10540999999999999
5753,0.02547
5754,0.0
5755,0.0
5756,0.0
5757,0.0
5758,0.0
5759,0.0
5760,0.0
5761,0.0
5762,0.0
5763,0.0
5764,0.0
5765,0.0
5766,0.0033799999999999998
5767,0.08584
5768,0.13807
5769,0.42574
5770,0.39569
5771,0.42654000000000003
5772,0.45063
5773,0.29462
5774,0.17021
5775,0.08864
5776,0.05256
5777,0.00951
5778,0.0
5779,0.0
5780,0.0
5781,0.0
5782,0.0
5783,0.0
5784,0.0
5785,0.0
5786,0.0
5787,0.0
5788,0.0
5789,0.0
5790,0.0
5791,0.0055
5792,0.00618
5793,0.0
5794,0.0069900000000000006
5795,0.02912
5796,0.02022
5797,0.20004
5798,0.28114999999999996
5799,0.20949
5800,0.13052
5801,0.038700000000000005
5802,0.0
5803,0.0
5804,0.0
5805,0.0
5806,0.0
5807,0.0
5808,0.0
5809,0.0
5810,0.0
5811,0.0
5812,0.0
5813,0.0
5814,0.0067800000000000004
5815,0.07123
5816,0.14814
5817,0.36274
5818,0.36545
5819,0.44430000000000003
5820,0.54087
5821,0.39135000000000003
5822,0.40282
5823,0.27082
5824,0.1716
5825,0.038130000000000004
5826,0.0
5827,0.0
5828,0.0
5829,0.0
5830,0.0
5831,0.0
5832,0.0
5833,0.0
5834,0.0
5835,0.0
5836,0.0
5837,0.0
5838,0.00726
5839,0.06016
5840,0.15616
5841,0.24921000000000001
5842,0.33788999999999997
5843,0.39227
5844,0.5155700000000001
5845,0.39232
5846,0.3312
5847,0.17832
5848,0.0973
5849,0.05022
5850,0.0
5851,0.0
5852,0.0
5853,0.0
5854,0.0
5855,0.0
5856,0.0
5857,0.0
5858,0.0
5859,0.0
5860,0.0
5861,0.0
5862,0.007730000000000001
5863,0.05809
5864,0.09545999999999999
5865,0.1451
5866,0.2626
5867,0.43057999999999996
5868,0.49926
5869,0.42804000000000003
5870,0.26991000000000004
5871,0.19596
5872,0.1281
5873,0.028149999999999998
5874,0.0
5875,0.0
5876,0.0
5877,0.0
5878,0.0
5879,0.0
5880,0.0
5881,0.0
5882,0.0
5883,0.0
5884,0.0
5885,0.0
5886,0.00571
5887,0.05834
5888,0.13791
5889,0.28302999999999995
5890,0.38635
5891,0.41363
5892,0.5528
5893,0.43339999999999995
5894,0.22277000000000002
5895,0.11226
5896,0.056049999999999996
5897,0.01753
5898,0.0
5899,0.0
5900,0.0
5901,0.0
5902,0.0
5903,0.0
5904,0.0
5905,0.0
5906,0.0
5907,0.0
5908,0.0
5909,0.0
5910,0.0
5911,0.00362
5912,0.0038399999999999997
5913,0.04243
5914,0.09849
5915,0.09613
5916,0.18103999999999998
5917,0.46749
5918,0.33485000000000004
5919,0.18228999999999998
5920,0.09770000000000001
5921,0.02889
5922,0.0
5923,0.0
5924,0.0
5925,0.0
5926,0.0
5927,0.0
5928,0.0
5929,0.0
5930,0.0
5931,0.0
5932,0.0
5933,0.0
5934,0.004690000000000001
5935,0.05988
5936,0.13096000000000002
5937,0.22791
5938,0.36463
5939,0.34951
5940,0.34952999999999995
5941,0.455
5942,0.24589
5943,0.16763
5944,0.12079000000000001
5945,0.03409
5946,0.0
5947,0.0
5948,0.0
5949,0.0
5950,0.0
5951,0.0
5952,0.0
5953,0.0
5954,0.0
5955,0.0
5956,0.0
5957,0.0
5958,0.008289999999999999
5959,0.04988
5960,0.09698999999999999
5961,0.13033
5962,0.20121
5963,0.46053
5964,0.24913
5965,0.20513
5966,0.08872
5967,0.16166999999999998
5968,0.054369999999999995
5969,0.02248
5970,0.0
5971,0.0
5972,0.0
5973,0.0
5974,0.0
5975,0.0
5976,0.0
5977,0.0
5978,0.0
5979,0.0
5980,0.0
5981,0.0
5982,0.0074
5983,0.07881
5984,0.24375
5985,0.30578
5986,0.37288
5987,0.57732
5988,0.43112
5989,0.281
5990,0.27209
5991,0.18663
5992,0.06881
5993,0.0127
5994,0.0
5995,0.0
5996,0.0
5997,0.0
5998,0.0
5999,0.0
6000,0.0
6001,0.0
6002,0.0
6003,0.0
6004,0.0
6005,0.0
6006,0.00195
6007,0.038509999999999996
6008,0.0474
6009,0.13043000000000002
6010,0.16316
6011,0.19519
6012,0.20651
6013,0.46438999999999997
6014,0.30139
6015,0.19963
6016,0.12882
6017,0.03814
6018,0.0
6019,0.0
6020,0.0
6021,0.0
6022,0.0
6023,0.0
6024,0.0
6025,0.0
6026,0.0
6027,0.0
6028,0.0
6029,0.0
6030,0.01329
6031,0.10681
6032,0.22573
6033,0.36511
6034,0.48107
6035,0.51654
6036,0.57526
6037,0.40966
6038,0.29263
6039,0.20423
6040,0.0628
6041,0.01573
6042,0.0
6043,0.0
6044,0.0
6045,0.0
6046,0.0
6047,0.0
6048,0.0
6049,0.0
6050,0.0
6051,0.0
6052,0.0
6053,0.0
6054,0.0025299999999999997
6055,0.02562
6056,0.10889
6057,0.05825
6058,0.09379000000000001
6059,0.11384999999999999
6060,0.10055
6061,0.19047
6062,0.13376
6063,0.11194
6064,0.0638
6065,0.01618
6066,0.0
6067,0.0
6068,0.0
6069,0.0
6070,0.0
6071,0.0
6072,0.0
6073,0.0
6074,0.0
6075,0.0
6076,0.0
6077,0.0
6078,0.0027400000000000002
6079,0.01199
6080,0.03387
6081,0.11418
6082,0.18378999999999998
6083,0.08517
6084,0.018260000000000002
6085,0.19991
6086,0.28158999999999995
6087,0.23099
6088,0.11924
6089,0.02308
6090,0.0
6091,0.0
6092,0.0
6093,0.0
6094,0.0
6095,0.0
6096,0.0
6097,0.0
6098,0.0
6099,0.0
6100,0.0
6101,0.0
6102,0.0049299999999999995
6103,0.0423
6104,0.07131
6105,0.11655
6106,0.26999
6107,0.42676
6108,0.37692000000000003
6109,0.25898000000000004
6110,0.20417
6111,0.12717
6112,0.10625
6113,0.01255
6114,0.0
6115,0.0
6116,0.0
6117,0.0
6118,0.0
6119,0.0
6120,0.0
6121,0.0
6122,0.0
6123,0.0
6124,0.0
6125,0.0
6126,0.00856
6127,0.09891
6128,0.25207
6129,0.41974
6130,0.3991
6131,0.3875
6132,0.49711
6133,0.48361000000000004
6134,0.32555
6135,0.33720999999999995
6136,0.14659
6137,0.01448
6138,0.0
6139,0.0
6140,0.0
6141,0.0
6142,0.0
6143,0.0
6144,0.0
6145,0.0
6146,0.0
6147,0.0
6148,0.0
6149,0.0
6150,0.00957
6151,0.07709
6152,0.18453999999999998
6153,0.24403
6154,0.30019999999999997
6155,0.25766
6156,0.2791
6157,0.43513999999999997
6158,0.19504
6159,0.16448
6160,0.06803000000000001
6161,0.01692
6162,0.0
6163,0.0
6164,0.0
6165,0.0
6166,0.0
6167,0.0
6168,0.0
6169,0.0
6170,0.0
6171,0.0
6172,0.0
6173,0.0
6174,0.0089
6175,0.12340999999999999
6176,0.28364999999999996
6177,0.32131
6178,0.44014
6179,0.43067
6180,0.47956
6181,0.53122
6182,0.38149
6183,0.1899
6184,0.12405
6185,0.0147
6186,0.0
6187,0.0
6188,0.0
6189,0.0
6190,0.0
6191,0.0
6192,0.0
6193,0.0
6194,0.0
6195,0.0
6196,0.0
6197,0.0
6198,0.009609999999999999
6199,0.07445
6200,0.16491
6201,0.45931
6202,0.55257
6203,0.5880599999999999
6204,0.43974
6205,0.40738
6206,0.36484
6207,0.25159
6208,0.15134
6209,0.024030000000000003
6210,0.0
6211,0.0
6212,0.0
6213,0.0
6214,0.0
6215,0.0
6216,0.0
6217,0.0
6218,0.0
6219,0.0
6220,0.0
6221,0.0
6222,0.00949
6223,0.13259
6224,0.25911
6225,0.30773
6226,0.39332
6227,0.48047
6228,0.46724
6229,0.45988999999999997
6230,0.40743
6231,0.1559
6232,0.10278
6233,0.00857
6234,0.0
6235,0.0
6236,0.0
6237,0.0
6238,0.0
6239,0.0
6240,0.0
6241,0.0
6242,0.0
6243,0.0
6244,0.0
6245,0.0
6246,0.00751
6247,0.04462
6248,0.13767
6249,0.15344
6250,0.35266000000000003
6251,0.36652999999999997
6252,0.30224
6253,0.32147000000000003
6254,0.39482999999999996
6255,0.24068
6256,0.10815999999999999
6257,0.01858
6258,0.0
6259,0.0
6260,0.0
6261,0.0
6262,0.0
6263,0.0
6264,0.0
6265,0.0
6266,0.0
6267,0.0
6268,0.0
6269,0.0
6270,0.00501
6271,0.02904
6272,0.10113
6273,0.15646000000000002
6274,0.20496999999999999
6275,0.22188999999999998
6276,0.31809
6277,0.46406000000000003
6278,0.29811
6279,0.26150999999999996
6280,0.11170000000000001
6281,0.019960000000000002
6282,0.0
6283,0.0
6284,0.0
6285,0.0
6286,0.0
6287,0.0
6288,0.0
6289,0.0
6290,0.0
6291,0.0
6292,0.0
6293,0.0
6294,0.00656
6295,0.0257
6296,0.0993
6297,0.2016
6298,0.28706
6299,0.38438
6300,0.471
6301,0.23639
6302,0.30238
6303,0.20403
6304,0.09312999999999999
6305,0.00992
6306,0.0
6307,0.0
6308,0.0
6309,0.0
6310,0.0
6311,0.0
6312,0.0
6313,0.0
6314,0.0
6315,0.0
6316,0.0
6317,0.0
6318,0.0
6319,0.0
6320,0.0
6321,0.00209
6322,0.00646
6323,0.0474
6324,0.054049999999999994
6325,0.30521
6326,0.19942
6327,0.16833
6328,0.05827
6329,0.0041600000000000005
6330,0.0
6331,0.0
6332,0.0
6333,0.0
6334,0.0
6335,0.0
6336,0.0
6337,0.0
6338,0.0
6339,0.0
6340,0.0
6341,0.0
6342,0.00136
6343,0.00632
6344,0.00248
6345,0.0009699999999999999
6346,0.0308
6347,0.10489
6348,0.19413999999999998
6349,0.36544
6350,0.234
6351,0.11835
6352,0.052020000000000004
6353,0.0038599999999999997
6354,0.0
6355,0.0
6356,0.0
6357,0.0
6358,0.0
6359,0.0
6360,0.0
6361,0.0
6362,0.0
6363,0.0
6364,0.0
6365,0.0
6366,0.0
6367,0.0014199999999999998
6368,0.00746
6369,0.009269999999999999
6370,0.033409999999999995
6371,0.06279
6372,0.10103
6373,0.20589
6374,0.2517
6375,0.16721
6376,0.11524
6377,0.013609999999999999
6378,0.0
6379,0.0
6380,0.0
6381,0.0
6382,0.0
6383,0.0
6384,0.0
6385,0.0
6386,0.0
6387,0.0
6388,0.0
6389,0.0
6390,0.01311
6391,0.14388
6392,0.24653
6393,0.39352
6394,0.51701
6395,0.42685
6396,0.45077999999999996
6397,0.36854000000000003
6398,0.30732
6399,0.1768
6400,0.09602
6401,0.01648
6402,0.0
6403,0.0
6404,0.0
6405,0.0
6406,0.0
6407,0.0
6408,0.0
6409,0.0
6410,0.0
6411,0.0
6412,0.0
6413,0.0
6414,0.01627
6415,0.13942
6416,0.23609
6417,0.35928
6418,0.53588
6419,0.57755
6420,0.46523000000000003
6421,0.46876999999999996
6422,0.36083
6423,0.22913
6424,0.06687
6425,0.00542
6426,0.0
6427,0.0
6428,0.0
6429,0.0
6430,0.0
6431,0.0
6432,0.0
6433,0.0
6434,0.0
6435,0.0
6436,0.0
6437,0.0
6438,0.01666
6439,0.15985
6440,0.30301999999999996
6441,0.47132999999999997
6442,0.6064700000000001
6443,0.5912000000000001
6444,0.51096
6445,0.40695
6446,0.32383
6447,0.22375
6448,0.09462999999999999
6449,0.01849
6450,0.0
6451,0.0
6452,0.0
6453,0.0
6454,0.0
6455,0.0
6456,0.0
6457,0.0
6458,0.0
6459,0.0
6460,0.0
6461,0.0
6462,0.00878
6463,0.047549999999999995
6464,0.1052
6465,0.22758
6466,0.37986000000000003
6467,0.34783
6468,0.42851999999999996
6469,0.58766
6470,0.36199000000000003
6471,0.31472
6472,0.13996
6473,0.02198
6474,0.0
6475,0.0
6476,0.0
6477,0.0
6478,0.0
6479,0.0
6480,0.0
6481,0.0
6482,0.0
6483,0.0
6484,0.0
6485,0.0
6486,0.0
6487,0.00101
6488,0.01788
6489,0.019510000000000003
6490,0.08914
6491,0.11043
6492,0.11535
6493,0.21772
6494,0.17026
6495,0.13787
6496,0.07822
6497,0.023039999999999998
6498,0.0
6499,0.0
6500,0.0
6501,0.0
6502,0.0
6503,0.0
6504,0.0
6505,0.0
6506,0.0
6507,0.0
6508,0.0
6509,0.0
6510,0.01304
6511,0.10474
6512,0.20183
6513,0.36244
6514,0.38289
6515,0.5199
6516,0.49883
6517,0.46405
6518,0.4095
6519,0.20013999999999998
6520,0.06972
6521,0.02355
6522,0.0
6523,0.0
6524,0.0
6525,0.0
6526,0.0
6527,0.0
6528,0.0
6529,0.0
6530,0.0
6531,0.0
6532,0.0
6533,0.0
6534,0.00017
6535,0.01593
6536,0.00363
6537,0.0181
6538,0.04895
6539,0.07970000000000001
6540,0.04572
6541,0.10989
6542,0.18930000000000002
6543,0.20731
6544,0.13166999999999998
6545,0.02076
6546,0.0
6547,0.0
6548,0.0
6549,0.0
6550,0.0
6551,0.0
6552,0.0
6553,0.0
6554,0.0
6555,0.0
6556,0.0
6557,0.0
6558,0.01798
6559,0.15428999999999998
6560,0.32477
6561,0.5046
6562,0.49615
6563,0.45199
6564,0.51193
6565,0.48352999999999996
6566,0.3281
6567,0.20123
6568,0.12748
6569,0.01216
6570,0.0
6571,0.0
6572,0.0
6573,0.0
6574,0.0
6575,0.0
6576,0.0
6577,0.0
6578,0.0
6579,0.0
6580,0.0
6581,0.0
6582,0.0
6583,0.01102
6584,0.0499
6585,0.05793
6586,0.103
6587,0.24006
6588,0.24581
6589,0.40057
6590,0.43354000000000004
6591,0.27429000000000003
6592,0.11508
6593,0.02156
6594,0.0
6595,0.0
6596,0.0
6597,0.0
6598,0.0
6599,0.0
6600,0.0
6601,0.0
6602,0.0
6603,0.0
6604,0.0
6605,0.0
6606,0.0040999999999999995
6607,0.0264
6608,0.032159999999999994
6609,0.036770000000000004
6610,0.06786
6611,0.24343
6612,0.28654
6613,0.27469
6614,0.25307
6615,0.2775
6616,0.08947
6617,0.03108
6618,0.0
6619,0.0
6620,0.0
6621,0.0
6622,0.0
6623,0.0
6624,0.0
6625,0.0
6626,0.0
6627,0.0
6628,0.0
6629,0.0
6630,0.00058
6631,0.01018
6632,0.00958
6633,0.00563
6634,0.03890999999999999
6635,0.07545
6636,0.18014
6637,0.31233
6638,0.34623000000000004
6639,0.2204
6640,0.09506999999999999
6641,0.023010000000000003
6642,0.0
6643,0.0
6644,0.0
6645,0.0
6646,0.0
6647,0.0
6648,0.0
6649,0.0
6650,0.0
6651,0.0
6652,0.0
6653,0.0
6654,0.00737
6655,0.03922
6656,0.11242
6657,0.2161
6658,0.25705
6659,0.37909
6660,0.32153
6661,0.21934
6662,0.13362000000000002
6663,0.11776
6664,0.03357
6665,0.0026
6666,0.0
6667,0.0
6668,0.0
6669,0.0
6670,0.0
6671,0.0
6672,0.0
6673,0.0
6674,0.0
6675,0.0
6676,0.0
6677,0.0
6678,0.0092
6679,0.06355
6680,0.16473
6681,0.21099
6682,0.27255
6683,0.32256999999999997
6684,0.33524
6685,0.33644999999999997
6686,0.2685
6687,0.10662999999999999
6688,0.047850000000000004
6689,0.00413
6690,0.0
6691,0.0
6692,0.0
6693,0.0
6694,0.0
6695,0.0
6696,0.0
6697,0.0
6698,0.0
6699,0.0
6700,0.0
6701,0.0
6702,0.00157
6703,0.019530000000000002
6704,0.07870999999999999
6705,0.21694999999999998
6706,0.36319999999999997
6707,0.38983999999999996
6708,0.35099
6709,0.20037
6710,0.19845
6711,0.15183000000000002
6712,0.04809
6713,0.00401
6714,0.0
6715,0.0
6716,0.0
6717,0.0
6718,0.0
6719,0.0
6720,0.0
6721,0.0
6722,0.0
6723,0.0
6724,0.0
6725,0.0
6726,0.01159
6727,0.053829999999999996
6728,0.06520000000000001
6729,0.12195
6730,0.09964
6731,0.13622
6732,0.15211000000000002
6733,0.27596
6734,0.16394
6735,0.10981
6736,0.024820000000000002
6737,0.0030600000000000002
6738,0.0
6739,0.0
6740,0.0
6741,0.0
6742,0.0
6743,0.0
6744,0.0
6745,0.0
6746,0.0
6747,0.0
6748,0.0
6749,0.0
6750,0.00468
6751,0.03263
6752,0.01173
6753,0.02291
6754,0.041299999999999996
6755,0.0897
6756,0.11394
6757,0.24475
6758,0.26016
6759,0.10984999999999999
6760,0.06972
6761,0.01017
6762,0.0
6763,0.0
6764,0.0
6765,0.0
6766,0.0
6767,0.0
6768,0.0
6769,0.0
6770,0.0
6771,0.0
6772,0.0
6773,0.0
6774,0.01853
6775,0.1179
6776,0.27647000000000005
6777,0.28695
6778,0.38511
6779,0.42536
6780,0.39927999999999997
6781,0.44336000000000003
6782,0.27731
6783,0.09419
6784,0.03705
6785,0.0040999999999999995
6786,0.0
6787,0.0
6788,0.0
6789,0.0
6790,0.0
6791,0.0
6792,0.0
6793,0.0
6794,0.0
6795,0.0
6796,0.0
6797,0.0
6798,0.01705
6799,0.08238
6800,0.15829
6801,0.21092
6802,0.37522000000000005
6803,0.34867000000000004
6804,0.35624
6805,0.2275
6806,0.21716999999999997
6807,0.14318999999999998
6808,0.0394
6809,0.00235
6810,0.0
6811,0.0
6812,0.0
6813,0.0
6814,0.0
6815,0.0
6816,0.0
6817,0.0
6818,0.0
6819,0.0
6820,0.0
6821,0.0
6822,0.0076100000000000004
6823,0.05774
6824,0.11928
6825,0.19687000000000002
6826,0.10252
6827,0.18734
6828,0.19751
6829,0.21702000000000002
6830,0.21358000000000002
6831,0.14841
6832,0.04256
6833,0.01065
6834,0.0
6835,0.0
6836,0.0
6837,0.0
6838,0.0
6839,0.0
6840,0.0
6841,0.0
6842,0.0
6843,0.0
6844,0.0
6845,0.0
6846,0.008060000000000001
6847,0.04847
6848,0.09176999999999999
6849,0.31254000000000004
6850,0.53218
6851,0.56388
6852,0.57152
6853,0.54669
6854,0.38650999999999996
6855,0.18589
6856,0.1142
6857,0.00787
6858,0.0
6859,0.0
6860,0.0
6861,0.0
6862,0.0
6863,0.0
6864,0.0
6865,0.0
6866,0.0
6867,0.0
6868,0.0
6869,0.0
6870,0.00163
6871,0.030600000000000002
6872,0.02332
6873,0.11483
6874,0.10919
6875,0.08977
6876,0.06638
6877,0.09776
6878,0.10242
6879,0.048729999999999996
6880,0.03032
6881,0.0039900000000000005
6882,0.0
6883,0.0
6884,0.0
6885,0.0
6886,0.0
6887,0.0
6888,0.0
6889,0.0
6890,0.0
6891,0.0
6892,0.0
6893,0.0
6894,0.01333
6895,0.05496
6896,0.19401
6897,0.48275999999999997
6898,0.5311699999999999
6899,0.37225
6900,0.385
6901,0.45077
6902,0.29275
6903,0.15537
6904,0.10951999999999999
6905,0.0066
6906,0.0
6907,0.0
6908,0.0
6909,0.0
6910,0.0
6911,0.0
6912,0.0
6913,0.0
6914,0.0
6915,0.0
6916,0.0
6917,0.0
6918,0.00595
6919,0.01654
6920,0.03625
6921,0.11806
6922,0.17765
6923,0.08975
6924,0.2129
6925,0.19491999999999998
6926,0.10249
6927,0.15632
6928,0.027780000000000003
6929,0.0005600000000000001
6930,0.0
6931,0.0
6932,0.0
6933,0.0
6934,0.0
6935,0.0
6936,0.0
6937,0.0
6938,0.0
6939,0.0
6940,0.0
6941,0.0
6942,0.00037
6943,0.039560000000000005
6944,0.069
6945,0.14974
6946,0.18478999999999998
6947,0.30482
6948,0.38955
6949,0.38106
6950,0.41326999999999997
6951,0.19394
6952,0.08918000000000001
6953,0.00601
6954,0.0
6955,0.0
6956,0.0
6957,0.0
6958,0.0
6959,0.0
6960,0.0
6961,0.0
6962,0.0
6963,0.0
6964,0.0
6965,0.0
6966,0.00862
6967,0.04476
6968,0.32815
6969,0.40191000000000004
6970,0.40414999999999995
6971,0.52937
6972,0.48055000000000003
6973,0.46586
6974,0.3506
6975,0.24328
6976,0.08893000000000001
6977,0.01053
6978,0.0
6979,0.0
6980,0.0
6981,0.0
6982,0.0
6983,0.0
6984,0.0
6985,0.0
6986,0.0
6987,0.0
6988,0.0
6989,0.0
6990,0.016120000000000002
6991,0.12153
6992,0.24229
6993,0.40232
6994,0.41808999999999996
6995,0.5202899999999999
6996,0.5507799999999999
6997,0.5686
6998,0.38157
6999,0.20597
7000,0.07436
7001,0.00574
7002,0.0
7003,0.0
7004,0.0
7005,0.0
7006,0.0
7007,0.0
7008,0.0
7009,0.0
7010,0.0
7011,0.0
7012,0.0
7013,0.0
7014,0.010539999999999999
7015,0.062020000000000006
7016,0.20473
7017,0.39544999999999997
7018,0.37929
7019,0.46226999999999996
7020,0.4015
7021,0.46826
7022,0.21849000000000002
7023,0.22227000000000002
7024,0.05686
7025,0.01069
7026,0.0
7027,0.0
7028,0.0
7029,0.0
7030,0.0
7031,0.0
7032,0.0
7033,0.0
7034,0.0
7035,0.0
7036,0.0
7037,0.0
7038,0.00984
7039,0.0419
7040,0.09317
7041,0.07697
7042,0.04218
7043,0.07672
7044,0.09358
7045,0.17113
7046,0.18103
7047,0.11752
7048,0.0708
7049,0.01068
7050,0.0
7051,0.0
7052,0.0
7053,0.0
7054,0.0
7055,0.0
7056,0.0
7057,0.0
7058,0.0
7059,0.0
7060,0.0
7061,0.0
7062,0.02542
7063,0.14771
7064,0.25995999999999997
7065,0.38952
7066,0.50332
7067,0.5423300000000001
7068,0.51613
7069,0.51576
7070,0.42245
7071,0.20924
7072,0.05081
7073,0.00414
7074,0.0
7075,0.0
7076,0.0
7077,0.0
7078,0.0
7079,0.0
7080,0.0
7081,0.0
7082,0.0
7083,0.0
7084,0.0
7085,0.0
7086,0.0
7087,0.0067800000000000004
7088,0.00622
7089,0.00628
7090,0.02646
7091,0.07371
7092,0.060039999999999996
7093,0.13597
7094,0.12831
7095,0.11314
7096,0.05422
7097,0.01052
7098,0.0
7099,0.0
7100,0.0
7101,0.0
7102,0.0
7103,0.0
7104,0.0
7105,0.0
7106,0.0
7107,0.0
7108,0.0
7109,0.0
7110,0.019809999999999998
7111,0.12859
7112,0.23621
7113,0.29964999999999997
7114,0.49757
7115,0.56479
7116,0.60642
7117,0.45698
7118,0.39089999999999997
7119,0.2457
7120,0.12594
7121,0.01448
7122,0.0
7123,0.0
7124,0.0
7125,0.0
7126,0.0
7127,0.0
7128,0.0
7129,0.0
7130,0.0
7131,0.0
7132,0.0
7133,0.0
7134,0.0
7135,0.00861
7136,0.0303
7137,0.07335
7138,0.10033
7139,0.22488999999999998
7140,0.24930000000000002
7141,0.24203
7142,0.22005000000000002
7143,0.17745
7144,0.08733
7145,0.00538
7146,0.0
7147,0.0
7148,0.0
7149,0.0
7150,0.0
7151,0.0
7152,0.0
7153,0.0
7154,0.0
7155,0.0
7156,0.0
7157,0.0
7158,0.01433
7159,0.13246
7160,0.19234
7161,0.21664
7162,0.21251
7163,0.33293
7164,0.29660000000000003
7165,0.29383
7166,0.21916
7167,0.054079999999999996
7168,0.05269
7169,0.002
7170,0.0
7171,0.0
7172,0.0
7173,0.0
7174,0.0
7175,0.0
7176,0.0
7177,0.0
7178,0.0
7179,0.0
7180,0.0
7181,0.0
7182,0.01367
7183,0.12959
7184,0.26554
7185,0.34862
7186,0.40513
7187,0.40768
7188,0.46031
7189,0.47126999999999997
7190,0.26585000000000003
7191,0.16543
7192,0.08218
7193,0.00864
7194,0.0
7195,0.0
7196,0.0
7197,0.0
7198,0.0
7199,0.0
7200,0.0
7201,0.0
7202,0.0
7203,0.0
7204,0.0
7205,0.0
7206,0.02196
7207,0.11048999999999999
7208,0.30399
7209,0.42189
7210,0.57466
7211,0.6171599999999999
7212,0.65851
7213,0.52608
7214,0.31076
7215,0.10461
7216,0.03667
7217,0.00437
7218,0.0
7219,0.0
7220,0.0
7221,0.0
7222,0.0
7223,0.0
7224,0.0
7225,0.0
7226,0.0
7227,0.0
7228,0.0
7229,0.0
7230,0.009859999999999999
7231,0.03372
7232,0.03655
7233,0.05012
7234,0.03978
7235,0.09876
7236,0.09834
7237,0.21850999999999998
7238,0.17642
7239,0.15247
7240,0.04909
7241,0.00785
7242,0.0
7243,0.0
7244,0.0
7245,0.0
7246,0.0
7247,0.0
7248,0.0
7249,0.0
7250,0.0
7251,0.0
7252,0.0
7253,0.0
7254,0.008289999999999999
7255,0.06751
7256,0.19596
7257,0.23752
7258,0.31611
7259,0.33851
7260,0.42993000000000003
7261,0.3603
7262,0.33575
7263,0.17578
7264,0.09826
7265,0.00934
7266,0.0
7267,0.0
7268,0.0
7269,0.0
7270,0.0
7271,0.0
7272,0.0
7273,0.0
7274,0.0
7275,0.0
7276,0.0
7277,0.0
7278,0.00487
7279,0.02723
7280,0.020730000000000002
7281,0.023440000000000003
7282,0.022699999999999998
7283,0.01629
7284,0.03823
7285,0.21636000000000002
7286,0.2811
7287,0.23416
7288,0.11106
7289,0.013779999999999999
7290,0.0
7291,0.0
7292,0.0
7293,0.0
7294,0.0
7295,0.0
7296,0.0
7297,0.0
7298,0.0
7299,0.0
7300,0.0
7301,0.0
7302,0.01462
7303,0.10429000000000001
7304,0.20541
7305,0.26623
7306,0.20464
7307,0.2273
7308,0.04978
7309,0.23293
7310,0.20292
7311,0.2003
7312,0.06385
7313,0.01182
7314,0.0
7315,0.0
7316,0.0
7317,0.0
7318,0.0
7319,0.0
7320,0.0
7321,0.0
7322,0.0
7323,0.0
7324,0.0
7325,0.0
7326,0.00879
7327,0.02075
7328,0.09705
7329,0.1535
7330,0.19509
7331,0.19791999999999998
7332,0.31377999999999995
7333,0.41658
7334,0.2746
7335,0.22526
7336,0.05686
7337,0.0128
7338,0.0
7339,0.0
7340,0.0
7341,0.0
7342,0.0
7343,0.0
7344,0.0
7345,0.0
7346,0.0
7347,0.0
7348,0.0
7349,0.0
7350,0.01902
7351,0.10568999999999999
7352,0.18411000000000002
7353,0.29849000000000003
7354,0.315
7355,0.3335
7356,0.38615
7357,0.33088999999999996
7358,0.30478
7359,0.26932999999999996
7360,0.13474
7361,0.01453
7362,0.0
7363,0.0
7364,0.0
7365,0.0
7366,0.0
7367,0.0
7368,0.0
7369,0.0
7370,0.0
7371,0.0
7372,0.0
7373,0.0
7374,0.01185
7375,0.12088
7376,0.29804
7377,0.3584
7378,0.49601999999999996
7379,0.5087200000000001
7380,0.583
7381,0.47795
7382,0.34981
7383,0.18488
7384,0.09398000000000001
7385,0.00696
7386,0.0
7387,0.0
7388,0.0
7389,0.0
7390,0.0
7391,0.0
7392,0.0
7393,0.0
7394,0.0
7395,0.0
7396,0.0
7397,0.0
7398,0.00839
7399,0.04418
7400,0.06501
7401,0.10676999999999999
7402,0.18806
7403,0.21098
7404,0.39732
7405,0.43083
7406,0.37011
7407,0.20749
7408,0.06307
7409,0.00189
7410,0.0
7411,0.0
7412,0.0
7413,0.0
7414,0.0
7415,0.0
7416,0.0
7417,0.0
7418,0.0
7419,0.0
7420,0.0
7421,0.0
7422,0.0
7423,0.00151
7424,0.01703
7425,0.03023
7426,0.03742
7427,0.08029
7428,0.12685
7429,0.24305000000000002
7430,0.23457
7431,0.1151
7432,0.04833
7433,0.00242
7434,0.0
7435,0.0
7436,0.0
7437,0.0
7438,0.0
7439,0.0
7440,0.0
7441,0.0
7442,0.0
7443,0.0
7444,0.0
7445,0.0
7446,0.01464
7447,0.05818
7448,0.15678
7449,0.16859
7450,0.07142
7451,0.19698
7452,0.13818
7453,0.26732999999999996
7454,0.19002000000000002
7455,0.08888
7456,0.055619999999999996
7457,0.00116
7458,0.0
7459,0.0
7460,0.0
7461,0.0
7462,0.0
7463,0.0
7464,0.0
7465,0.0
7466,0.0
7467,0.0
7468,0.0
7469,0.0
7470,0.00249
7471,0.028239999999999998
7472,0.07928
7473,0.11977
7474,0.11962
7475,0.14169
7476,0.22699
7477,0.37475
7478,0.27813
7479,0.17618
7480,0.05137
7481,0.00893
7482,0.0
7483,0.0
7484,0.0
7485,0.0
7486,0.0
7487,0.0
7488,0.0
7489,0.0
7490,0.0
7491,0.0
7492,0.0
7493,0.0
7494,0.024579999999999998
7495,0.12526
7496,0.19091
7497,0.2823
7498,0.31623
7499,0.52843
7500,0.39746
7501,0.42361
7502,0.24198
7503,0.14105
7504,0.08181999999999999
7505,0.00915
7506,0.0
7507,0.0
7508,0.0
7509,0.0
7510,0.0
7511,0.0
7512,0.0
7513,0.0
7514,0.0
7515,0.0
7516,0.0
7517,0.0
7518,0.018949999999999998
7519,0.11025
7520,0.22919
7521,0.35197
7522,0.41858999999999996
7523,0.59351
7524,0.44439999999999996
7525,0.14659
7526,0.07501000000000001
7527,0.05953
7528,0.0247
7529,0.00082
7530,0.0
7531,0.0
7532,0.0
7533,0.0
7534,0.0
7535,0.0
7536,0.0
7537,0.0
7538,0.0
7539,0.0
7540,0.0
7541,0.0
7542,0.009550000000000001
7543,0.06592
7544,0.10011
7545,0.16669
7546,0.09885
7547,0.1453
7548,0.12644
7549,0.35029000000000005
7550,0.28461000000000003
7551,0.11317
7552,0.03493
7553,0.0052699999999999995
7554,0.0
7555,0.0
7556,0.0
7557,0.0
7558,0.0
7559,0.0
7560,0.0
7561,0.0
7562,0.0
7563,0.0
7564,0.0
7565,0.0
7566,0.00959
7567,0.0679
7568,0.20297
7569,0.21628
7570,0.30284
7571,0.46958
7572,0.32597000000000004
7573,0.20853
7574,0.15737
7575,0.04635
7576,0.03385
7577,0.00041999999999999996
7578,0.0
7579,0.0
7580,0.0
7581,0.0
7582,0.0
7583,0.0
7584,0.0
7585,0.0
7586,0.0
7587,0.0
7588,0.0
7589,0.0
7590,0.0027400000000000002
7591,0.02588
7592,0.06398
7593,0.0999
7594,0.10798
7595,0.16252
7596,0.12404000000000001
7597,0.1356
7598,0.06968
7599,0.04217
7600,0.01602
7601,0.0
7602,0.0
7603,0.0
7604,0.0
7605,0.0
7606,0.0
7607,0.0
7608,0.0
7609,0.0
7610,0.0
7611,0.0
7612,0.0
7613,0.0
7614,0.01482
7615,0.0725
7616,0.14976
7617,0.22601
7618,0.30577
7619,0.29374
7620,0.30879
7621,0.43166000000000004
7622,0.36224
7623,0.26694
7624,0.07640999999999999
7625,0.0067
7626,0.0
7627,0.0
7628,0.0
7629,0.0
7630,0.0
7631,0.0
7632,0.0
7633,0.0
7634,0.0
7635,0.0
7636,0.0
7637,0.0
7638,0.0005
7639,0.00123
7640,0.07967
7641,0.14931
7642,0.28132
7643,0.1981
7644,0.33626999999999996
7645,0.20517
7646,0.19125
7647,0.05101
7648,0.03284
7649,0.00037
7650,0.0
7651,0.0
7652,0.0
7653,0.0
7654,0.0
7655,0.0
7656,0.0
7657,0.0
7658,0.0
7659,0.0
7660,0.0
7661,0.0
7662,0.0032400000000000003
7663,0.03512
7664,0.06214
7665,0.15825
7666,0.16208
7667,0.31675
7668,0.30631
7669,0.53136
7670,0.42460000000000003
7671,0.2542
7672,0.08397
7673,0.00968
7674,0.0
7675,0.0
7676,0.0
7677,0.0
7678,0.0
7679,0.0
7680,0.0
7681,0.0
7682,0.0
7683,0.0
7684,0.0
7685,0.0
7686,0.0038599999999999997
7687,0.02809
7688,0.0631
7689,0.06321
7690,0.09154000000000001
7691,0.23884
7692,0.22499
7693,0.47875
7694,0.29683
7695,0.17084
7696,0.07064
7697,0.00874
7698,0.0
7699,0.0
7700,0.0
7701,0.0
7702,0.0
7703,0.0
7704,0.0
7705,0.0
7706,0.0
7707,0.0
7708,0.0
7709,0.0
7710,0.0025099999999999996
7711,0.05968
7712,0.06842000000000001
7713,0.24731999999999998
7714,0.17238
7715,0.45229
7716,0.45288999999999996
7717,0.46144999999999997
7718,0.26730000000000004
7719,0.12612
7720,0.01502
7721,0.00408
7722,0.0
7723,0.0
7724,0.0
7725,0.0
7726,0.0
7727,0.0
7728,0.0
7729,0.0
7730,0.0
7731,0.0
7732,0.0
7733,0.0
7734,0.0071600000000000006
7735,0.07992
7736,0.10922
7737,0.13168000000000002
7738,0.28297000000000005
7739,0.14726
7740,0.23023
7741,0.26888999999999996
7742,0.21563
7743,0.15253
7744,0.04518
7745,0.01184
7746,0.0
7747,0.0
7748,0.0
7749,0.0
7750,0.0
7751,0.0
7752,0.0
7753,0.0
7754,0.0
7755,0.0
7756,0.0
7757,0.0
7758,0.01602
7759,0.12900999999999999
7760,0.23229
7761,0.30862
7762,0.40525
7763,0.51949
7764,0.5148400000000001
7765,0.47007
7766,0.4214
7767,0.28737
7768,0.15325999999999998
7769,0.01391
7770,0.0
7771,0.0
7772,0.0
7773,0.0
7774,0.0
7775,0.0
7776,0.0
7777,0.0
7778,0.0
7779,0.0
7780,0.0
7781,0.0
7782,0.00524
7783,0.06023
7784,0.08679
7785,0.15475999999999998
7786,0.20897
7787,0.19265000000000002
7788,0.30460000000000004
7789,0.44756
7790,0.26585000000000003
7791,0.19282
7792,0.0697
7793,0.01107
7794,0.0
7795,0.0
7796,0.0
7797,0.0
7798,0.0
7799,0.0
7800,0.0
7801,0.0
7802,0.0
7803,0.0
7804,0.0
7805,0.0
7806,2.9999999999999997e-05
7807,0.00451
7808,0.00696
7809,0.01874
7810,0.01497
7811,0.07969
7812,0.08372
7813,0.12184
7814,0.155
7815,0.15406
7816,0.06409000000000001
7817,0.008029999999999999
7818,0.0
7819,0.0
7820,0.0
7821,0.0
7822,0.0
7823,0.0
7824,0.0
7825,0.0
7826,0.0
7827,0.0
7828,0.0
7829,0.0
7830,2e-05
7831,0.02106
7832,0.06172
7833,0.06803000000000001
7834,0.26631
7835,0.19068000000000002
7836,0.16963
7837,0.45077999999999996
7838,0.39856
7839,0.18975
7840,0.10164
7841,0.0079
7842,0.0
7843,0.0
7844,0.0
7845,0.0
7846,0.0
7847,0.0
7848,0.0
7849,0.0
7850,0.0
7851,0.0
7852,0.0
7853,0.0
7854,0.00363
7855,0.04481
7856,0.134
7857,0.16985
7858,0.15009
7859,0.29548
7860,0.22957
7861,0.18931
7862,0.11353
7863,0.08608
7864,0.06383
7865,0.003
7866,0.0
7867,0.0
7868,0.0
7869,0.0
7870,0.0
7871,0.0
7872,0.0
7873,0.0
7874,0.0
7875,0.0
7876,0.0
7877,0.0
7878,0.0005200000000000001
7879,0.02532
7880,0.06642
7881,0.15647999999999998
7882,0.22388
7883,0.18644
7884,0.11483
7885,0.1194
7886,0.14352
7887,0.07628
7888,0.04107
7889,0.0062
7890,0.0
7891,0.0
7892,0.0
7893,0.0
7894,0.0
7895,0.0
7896,0.0
7897,0.0
7898,0.0
7899,0.0
7900,0.0
7901,0.0
7902,0.01048
7903,0.09258
7904,0.19243000000000002
7905,0.29131999999999997
7906,0.33559
7907,0.25384
7908,0.27514
7909,0.4313
7910,0.22124000000000002
7911,0.14343
7912,0.04321
7913,0.00495
7914,0.0
7915,0.0
7916,0.0
7917,0.0
7918,0.0
7919,0.0
7920,0.0
7921,0.0
7922,0.0
7923,0.0
7924,0.0
7925,0.0
7926,0.00075
7927,0.00281
7928,0.01498
7929,0.06747
7930,0.19829
7931,0.31651999999999997
7932,0.32156999999999997
7933,0.45529000000000003
7934,0.30319
7935,0.17579
7936,0.11319
7937,0.01691
7938,0.0
7939,0.0
7940,0.0
7941,0.0
7942,0.0
7943,0.0
7944,0.0
7945,0.0
7946,0.0
7947,0.0
7948,0.0
7949,0.0
7950,0.01119
7951,0.12794
7952,0.20315
7953,0.31032
7954,0.42512
7955,0.46991000000000005
7956,0.37601
7957,0.34767000000000003
7958,0.28085000000000004
7959,0.19524
7960,0.11517000000000001
7961,0.007549999999999999
7962,0.0
7963,0.0
7964,0.0
7965,0.0
7966,0.0
7967,0.0
7968,0.0
7969,0.0
7970,0.0
7971,0.0
7972,0.0
7973,0.0
7974,0.0006
7975,0.0005
7976,0.0
7977,0.00082
7978,0.0
7979,0.00047999999999999996
7980,0.00922
7981,0.07975
7982,0.09909
7983,0.06269
7984,0.04942
7985,0.0037400000000000003
7986,0.0
7987,0.0
7988,0.0
7989,0.0
7990,0.0
7991,0.0
7992,0.0
7993,0.0
7994,0.0
7995,0.0
7996,0.0
7997,0.0
7998,0.00109
7999,0.01691
8000,0.14009
8001,0.19812000000000002
8002,0.2544
8003,0.42
8004,0.42743000000000003
8005,0.36794
8006,0.25829
8007,0.07565999999999999
8008,0.02878
8009,0.00155
8010,0.0
8011,0.0
8012,0.0
8013,0.0
8014,0.0
8015,0.0
8016,0.0
8017,0.0
8018,0.0
8019,0.0
8020,0.0
8021,0.0
8022,0.00361
8023,0.03015
8024,0.09827
8025,0.11789
8026,0.2256
8027,0.23958000000000002
8028,0.30339
8029,0.42793000000000003
8030,0.43273
8031,0.27372
8032,0.14418999999999998
8033,0.02325
8034,0.0
8035,0.0
8036,0.0
8037,0.0
8038,0.0
8039,0.0
8040,0.0
8041,0.0
8042,0.0
8043,0.0
8044,0.0
8045,0.0
8046,0.0024700000000000004
8047,0.03566
8048,0.07458
8049,0.16166
8050,0.38022
8051,0.41742
8052,0.45948
8053,0.38405
8054,0.35936
8055,0.25243
8056,0.09043000000000001
8057,0.011130000000000001
8058,0.0
8059,0.0
8060,0.0
8061,0.0
8062,0.0
8063,0.0
8064,0.0
8065,0.0
8066,0.0
8067,0.0
8068,0.0
8069,0.0
8070,0.0006
8071,0.02305
8072,0.00707
8073,0.053200000000000004
8074,0.02759
8075,0.02915
8076,0.012320000000000001
8077,0.26229
8078,0.15353999999999998
8079,0.059539999999999996
8080,0.08452
8081,0.00865
8082,0.0
8083,0.0
8084,0.0
8085,0.0
8086,0.0
8087,0.0
8088,0.0
8089,0.0
8090,0.0
8091,0.0
8092,0.0
8093,0.0
8094,0.0081
8095,0.06073
8096,0.16936
8097,0.28732
8098,0.29394
8099,0.33976
8100,0.33302
8101,0.36532
8102,0.45466
8103,0.24165999999999999
8104,0.09275
8105,0.01786
8106,0.0
8107,0.0
8108,0.0
8109,0.0
8110,0.0
8111,0.0
8112,0.0
8113,0.0
8114,0.0
8115,0.0
8116,0.0
8117,0.0
8118,0.0008900000000000001
8119,0.01526
8120,0.08602
8121,0.09987
8122,0.12719
8123,0.12312000000000001
8124,0.13521
8125,0.43107999999999996
8126,0.37192000000000003
8127,0.17615
8128,0.08813
8129,0.00277
8130,0.0
8131,0.0
8132,0.0
8133,0.0
8134,0.0
8135,0.0
8136,0.0
8137,0.0
8138,0.0
8139,0.0
8140,0.0
8141,0.0
8142,0.0
8143,0.00902
8144,0.02702
8145,0.1143
8146,0.15213
8147,0.32276
8148,0.20414
8149,0.27422
8150,0.22315000000000002
8151,0.23524
8152,0.01776
8153,0.00075
8154,0.0
8155,0.0
8156,0.0
8157,0.0
8158,0.0
8159,0.0
8160,0.0
8161,0.0
8162,0.0
8163,0.0
8164,0.0
8165,0.0
8166,0.0059299999999999995
8167,0.038
8168,0.12721
8169,0.18666
8170,0.15243
8171,0.18969
8172,0.25336000000000003
8173,0.27444
8174,0.28093
8175,0.12096
8176,0.0396
8177,0.00395
8178,0.0
8179,0.0
8180,0.0
8181,0.0
8182,0.0
8183,0.0
8184,0.0
8185,0.0
8186,0.0
8187,0.0
8188,0.0
8189,0.0
8190,0.00066
8191,0.01796
8192,0.04657
8193,0.15861
8194,0.24506
8195,0.29169
8196,0.30935
8197,0.05349
8198,0.13298
8199,0.12511
8200,0.04435
8201,0.00664
8202,0.0
8203,0.0
8204,0.0
8205,0.0
8206,0.0
8207,0.0
8208,0.0
8209,0.0
8210,0.0
8211,0.0
8212,0.0
8213,0.0
8214,0.0
8215,0.00068
8216,0.027309999999999997
8217,0.042409999999999996
8218,0.16713
8219,0.28758
8220,0.27929000000000004
8221,0.24972999999999998
8222,0.16144
8223,0.10499
8224,0.06314
8225,0.00697
8226,0.0
8227,0.0
8228,0.0
8229,0.0
8230,0.0
8231,0.0
8232,0.0
8233,0.0
8234,0.0
8235,0.0
8236,0.0
8237,0.0
8238,0.00134
8239,0.0202
8240,0.06569
8241,0.10088
8242,0.15544
8243,0.31213
8244,0.23822
8245,0.15103999999999998
8246,0.11128
8247,0.05672
8248,0.03523
8249,0.00441
8250,0.0
8251,0.0
8252,0.0
8253,0.0
8254,0.0
8255,0.0
8256,0.0
8257,0.0
8258,0.0
8259,0.0
8260,0.0
8261,0.0
8262,0.0048200000000000005
8263,0.02886
8264,0.055920000000000004
8265,0.055560000000000005
8266,0.048100000000000004
8267,0.020370000000000003
8268,0.06236
8269,0.0837
8270,0.02506
8271,0.03301
8272,0.00758
8273,5e-05
8274,0.0
8275,0.0
8276,0.0
8277,0.0
8278,0.0
8279,0.0
8280,0.0
8281,0.0
8282,0.0
8283,0.0
8284,0.0
8285,0.0
8286,0.00041
8287,0.00904
8288,0.03203
8289,0.06373
8290,0.0627
8291,0.08548
8292,0.11424
8293,0.07557
8294,0.14503
8295,0.11573
8296,0.01594
8297,0.00022
8298,0.0
8299,0.0
8300,0.0
8301,0.0
8302,0.0
8303,0.0
8304,0.0
8305,0.0
8306,0.0
8307,0.0
8308,0.0
8309,0.0
8310,0.00787
8311,0.12204999999999999
8312,0.27908
8313,0.38827999999999996
8314,0.50126
8315,0.59434
8316,0.48883
8317,0.51747
8318,0.43539
8319,0.28114
8320,0.12015
8321,0.03598
8322,0.0
8323,0.0
8324,0.0
8325,0.0
8326,0.0
8327,0.0
8328,0.0
8329,0.0
8330,0.0
8331,0.0
8332,0.0
8333,0.0
8334,0.00249
8335,0.03841
8336,0.07866
8337,0.16040000000000001
8338,0.22893
8339,0.33614
8340,0.22944
8341,0.43210000000000004
8342,0.30198
8343,0.18652000000000002
8344,0.08803
8345,0.00625
8346,0.0
8347,0.0
8348,0.0
8349,0.0
8350,0.0
8351,0.0
8352,0.0
8353,0.0
8354,0.0
8355,0.0
8356,0.0
8357,0.0
8358,0.00123
8359,0.0027400000000000002
8360,0.03612
8361,0.14778
8362,0.18969
8363,0.30734
8364,0.19259
8365,0.36549
8366,0.33243
8367,0.23488
8368,0.10757
8369,0.01739
8370,0.0
8371,0.0
8372,0.0
8373,0.0
8374,0.0
8375,0.0
8376,0.0
8377,0.0
8378,0.0
8379,0.0
8380,0.0
8381,0.0
8382,0.0027400000000000002
8383,0.0546
8384,0.13777
8385,0.19404
8386,0.17622
8387,0.25089
8388,0.27092
8389,0.48116000000000003
8390,0.475
8391,0.29996
8392,0.12192
8393,0.0297
8394,0.0
8395,0.0
8396,0.0
8397,0.0
8398,0.0
8399,0.0
8400,0.0
8401,0.0
8402,0.0
8403,0.0
8404,0.0
8405,0.0
8406,0.0005200000000000001
8407,0.01766
8408,0.04267
8409,0.06845
8410,0.13478
8411,0.09509999999999999
8412,0.08931
8413,0.4125
8414,0.27341000000000004
8415,0.15597
8416,0.060039999999999996
8417,0.0070999999999999995
8418,0.0
8419,0.0
8420,0.0
8421,0.0
8422,0.0
8423,0.0
8424,0.0
8425,0.0
8426,0.0
8427,0.0
8428,0.0
8429,0.0
8430,0.0
8431,0.00934
8432,0.03682
8433,0.11825
8434,0.13335
8435,0.14859999999999998
8436,0.20643999999999998
8437,0.16203
8438,0.20346
8439,0.14459
8440,0.055020000000000006
8441,0.00791
8442,0.0
8443,0.0
8444,0.0
8445,0.0
8446,0.0
8447,0.0
8448,0.0
8449,0.0
8450,0.0
8451,0.0
8452,0.0
8453,0.0
8454,0.00315
8455,0.06086
8456,0.10819
8457,0.24913
8458,0.24881
8459,0.38006
8460,0.53849
8461,0.32483999999999996
8462,0.26558
8463,0.20940999999999999
8464,0.14774
8465,0.011300000000000001
8466,0.0
8467,0.0
8468,0.0
8469,0.0
8470,0.0
8471,0.0
8472,0.0
8473,0.0
8474,0.0
8475,0.0
8476,0.0
8477,0.0
8478,0.0001
8479,0.03494
8480,0.04248
8481,0.12423999999999999
8482,0.32148000000000004
8483,0.24367
8484,0.20874
8485,0.05183
8486,0.053619999999999994
8487,0.037689999999999994
8488,0.032310000000000005
8489,0.0005
8490,0.0
8491,0.0
8492,0.0
8493,0.0
8494,0.0
8495,0.0
8496,0.0
8497,0.0
8498,0.0
8499,0.0
8500,0.0
8501,0.0
8502,0.00102
8503,0.03767
8504,0.09162999999999999
8505,0.08494
8506,0.10077
8507,0.26239
8508,0.16683
8509,0.13997
8510,0.27174
8511,0.11912
8512,0.03377
8513,0.01714
8514,0.0
8515,0.0
8516,0.0
8517,0.0
8518,0.0
8519,0.0
8520,0.0
8521,0.0
8522,0.0
8523,0.0
8524,0.0
8525,0.0
8526,8.999999999999999e-05
8527,0.02898
8528,0.0673
8529,0.07428
8530,0.14325
8531,0.05035
8532,0.1248
8533,0.09134
8534,0.17134
8535,0.15206
8536,0.11675
8537,0.017920000000000002
8538,0.0
8539,0.0
8540,0.0
8541,0.0
8542,0.0
8543,0.0
8544,0.0
8545,0.0
8546,0.0
8547,0.0
8548,0.0
8549,0.0
8550,0.0034500000000000004
8551,0.05785
8552,0.13401
8553,0.37901
8554,0.29223000000000005
8555,0.525
8556,0.59001
8557,0.36793
8558,0.36207999999999996
8559,0.15456
8560,0.09951
8561,0.00859
8562,0.0
8563,0.0
8564,0.0
8565,0.0
8566,0.0
8567,0.0
8568,0.0
8569,0.0
8570,0.0
8571,0.0
8572,0.0
8573,0.0
8574,0.00064
8575,0.01883
8576,0.0024700000000000004
8577,0.01419
8578,0.01425
8579,0.10665999999999999
8580,0.2725
8581,0.56571
8582,0.45530000000000004
8583,0.29093
8584,0.13368
8585,0.023100000000000002
8586,0.0
8587,0.0
8588,0.0
8589,0.0
8590,0.0
8591,0.0
8592,0.0
8593,0.0
8594,0.0
8595,0.0
8596,0.0
8597,0.0
8598,0.0018700000000000001
8599,0.05782
8600,0.14126
8601,0.18167
8602,0.39165
8603,0.25565
8604,0.30784
8605,0.53352
8606,0.29775999999999997
8607,0.2245
8608,0.08192
8609,0.01272
8610,0.0
8611,0.0
8612,0.0
8613,0.0
8614,0.0
8615,0.0
8616,0.0
8617,0.0
8618,0.0
8619,0.0
8620,0.0
8621,0.0
8622,0.0011799999999999998
8623,0.023809999999999998
8624,0.036359999999999996
8625,0.0425
8626,0.04862
8627,0.15791999999999998
8628,0.33094999999999997
8629,0.19555
8630,0.16624
8631,0.14264
8632,0.0881
8633,0.014150000000000001
8634,0.0
8635,0.0
8636,0.0
8637,0.0
8638,0.0
8639,0.0
8640,0.0
8641,0.0
8642,0.0
8643,0.0
8644,0.0
8645,0.0
8646,0.00415
8647,0.0798
8648,0.13845
8649,0.35136
8650,0.48683
8651,0.41092
8652,0.38654
8653,0.44798000000000004
8654,0.38597000000000004
8655,0.27341000000000004
8656,0.12769
8657,0.03246
8658,0.0
8659,0.0
8660,0.0
8661,0.0
8662,0.0
8663,0.0
8664,0.0
8665,0.0
8666,0.0
8667,0.0
8668,0.0
8669,0.0
8670,0.00161
8671,0.04924
8672,0.20524
8673,0.27935000000000004
8674,0.30732
8675,0.24933000000000002
8676,0.25303
8677,0.39373
8678,0.24017
8679,0.16126
8680,0.14436000000000002
8681,0.0149
8682,0.0
8683,0.0
8684,0.0
8685,0.0
8686,0.0
8687,0.0
8688,0.0
8689,0.0
8690,0.0
8691,0.0
8692,0.0
8693,0.0
8694,0.00457
8695,0.06581999999999999
8696,0.15431999999999998
8697,0.26876
8698,0.28967000000000004
8699,0.40064999999999995
8700,0.31588
8701,0.23655
8702,0.10805
8703,0.09845000000000001
8704,0.07135
8705,0.00522
8706,0.0
8707,0.0
8708,0.0
8709,0.0
8710,0.0
8711,0.0
8712,0.0
8713,0.0
8714,0.0
8715,0.0
8716,0.0
8717,0.0
8718,0.0
8719,0.01563
8720,0.02922
8721,0.02885
8722,0.14941
8723,0.06556000000000001
8724,0.08320999999999999
8725,0.32694999999999996
8726,0.28834
8727,0.17553
8728,0.10226
8729,0.02528
8730,0.0
8731,0.0
8732,0.0
8733,0.0
8734,0.0
8735,0.0
8736,0.0
8737,0.0
8738,0.0
8739,0.0
8740,0.0
8741,0.0
8742,0.00013000000000000002
8743,0.04057
8744,0.10225
8745,0.18713
8746,0.29225
8747,0.32803
8748,0.31388
8749,0.11838
8750,0.23322
8751,0.16066
8752,0.0358
8753,0.03685
8754,0.0
8755,0.0
8756,0.0
8757,0.0
8758,0.0
8759,0.0
