,pv_per_unit
0,0.0
1,0.0
2,0.0
3,0.0
4,0.0
5,0.0
6,0.00079
7,0.037200000000000004
8,0.15811
9,0.24165999999999999
10,0.30922000000000005
11,0.31427
12,0.31199
13,0.2013
14,0.16679
15,0.17484
16,0.05758
17,0.0184
18,0.0
19,0.0
20,0.0
21,0.0
22,0.0
23,0.0
24,0.0
25,0.0
26,0.0
27,0.0
28,0.0
29,0.0
30,0.0046
31,0.07791
32,0.11855
33,0.23371
34,0.30031
35,0.5418999999999999
36,0.5776399999999999
37,0.57866
38,0.38415
39,0.27804
40,0.15883
41,0.048159999999999994
42,0.0
43,0.0
44,0.0
45,0.0
46,0.0
47,0.0
48,0.0
49,0.0
50,0.0
51,0.0
52,0.0
53,0.0
54,0.00337
55,0.06575
56,0.15431999999999998
57,0.28257
58,0.42781
59,0.48295
60,0.37524
61,0.62974
62,0.5419400000000001
63,0.38987
64,0.17336000000000001
65,0.038560000000000004
66,0.0
67,0.0
68,0.0
69,0.0
70,0.0
71,0.0
72,0.0
73,0.0
74,0.0
75,0.0
76,0.0
77,0.0
78,0.0
79,0.01778
80,0.06767000000000001
81,0.09293000000000001
82,0.17228
83,0.25259
84,0.39144999999999996
85,0.47624
86,0.46249
87,0.29501
88,0.12784
89,0.0358
90,0.0
91,0.0
92,0.0
93,0.0
94,0.0
95,0.0
96,0.0
97,0.0
98,0.0
99,0.0
100,0.0
101,0.0
102,0.0
103,0.006730000000000001
104,0.03032
105,0.045829999999999996
106,0.10352
107,0.0953
108,0.18922999999999998
109,0.35852
110,0.31665
111,0.25185
112,0.15893000000000002
113,0.048979999999999996
114,0.0
115,0.0
116,0.0
117,0.0
118,0.0
119,0.0
120,0.0
121,0.0
122,0.0
123,0.0
124,0.0
125,0.0
126,0.00352
127,0.08825
128,0.25012
129,0.38047000000000003
130,0.5185700000000001
131,0.53096
132,0.6426000000000001
133,0.53924
134,0.41067000000000004
135,0.30169
136,0.1799
137,0.02213
138,0.0
139,0.0
140,0.0
141,0.0
142,0.0
143,0.0
144,0.0
145,0.0
146,0.0
147,0.0
148,0.0
149,0.0
150,0.0035499999999999998
151,0.06486
152,0.14427
153,0.36951999999999996
154,0.45031
155,0.57163
156,0.60651
157,0.61051
158,0.38866
159,0.26958
160,0.07601999999999999
161,0.02101
162,0.0
163,0.0
164,0.0
165,0.0
166,0.0
167,0.0
168,0.0
169,0.0
170,0.0
171,0.0
172,0.0
173,0.0
174,0.00252
175,0.05328
176,0.15794999999999998
177,0.21095
178,0.30797
179,0.45622
180,0.41686
181,0.42463999999999996
182,0.35587
183,0.16909
184,0.09658
185,0.00684
186,0.0
187,0.0
188,0.0
189,0.0
190,0.0
191,0.0
192,0.0
193,0.0
194,0.0
195,0.0
196,0.0
197,0.0
198,0.0004
199,0.01723
200,0.07034
201,0.11325
202,0.10173
203,0.08987
204,0.07234
205,0.20641
206,0.30121
207,0.21159
208,0.14739
209,0.04501
210,0.0
211,0.0
212,0.0
213,0.0
214,0.0
215,0.0
216,0.0
217,0.0
218,0.0
219,0.0
220,0.0
221,0.0
222,0.002
223,0.06386
224,0.20457
225,0.29455000000000003
226,0.46995
227,0.50806
228,0.53023
229,0.47485000000000005
230,0.51615
231,0.34933
232,0.22335
233,0.06935
234,0.0
235,0.0
236,0.0
237,0.0
238,0.0
239,0.0
240,0.0
241,0.0
242,0.0
243,0.0
244,0.0
245,0.0
246,0.002
247,0.08452
248,0.24447
249,0.37057999999999996
250,0.5432100000000001
251,0.57845
252,0.62487
253,0.47691
254,0.32689
255,0.18771000000000002
256,0.0685
257,0.01259
258,0.0
259,0.0
260,0.0
261,0.0
262,0.0
263,0.0
264,0.0
265,0.0
266,0.0
267,0.0
268,0.0
269,0.0
270,0.00228
271,0.0593
272,0.13182
273,0.08993999999999999
274,0.22185
275,0.22183
276,0.25880000000000003
277,0.08866
278,0.14075
279,0.15247
280,0.08663
281,0.03006
282,0.0
283,0.0
284,0.0
285,0.0
286,0.0
287,0.0
288,0.0
289,0.0
290,0.0
291,0.0
292,0.0
293,0.0
294,0.0
295,0.025160000000000002
296,0.08441
297,0.16031
298,0.17471
299,0.18780000000000002
300,0.19582
301,0.32722
302,0.15264
303,0.25557
304,0.08095999999999999
305,0.022260000000000002
306,0.0
307,0.0
308,0.0
309,0.0
310,0.0
311,0.0
312,0.0
313,0.0
314,0.0
315,0.0
316,0.0
317,0.0
318,5.9999999999999995e-05
319,0.037200000000000004
320,0.08819
321,0.23997
322,0.29346
323,0.40832999999999997
324,0.44118
325,0.32931
326,0.32803
327,0.16931000000000002
328,0.1386
329,0.03093
330,0.0
331,0.0
332,0.0
333,0.0
334,0.0
335,0.0
336,0.0
337,0.0
338,0.0
339,0.0
340,0.0
341,0.0
342,0.0016799999999999999
343,0.04707
344,0.09887
345,0.16323
346,0.15844999999999998
347,0.13836
348,0.20556
349,0.28884
350,0.39369
351,0.22565000000000002
352,0.13436
353,0.03893
354,0.0
355,0.0
356,0.0
357,0.0
358,0.0
359,0.0
360,0.0
361,0.0
362,0.0
363,0.0
364,0.0
365,0.0
366,0.00125
367,0.044969999999999996
368,0.11996
369,0.20928
370,0.36055000000000004
371,0.43069
372,0.55053
373,0.53477
374,0.49315
375,0.33112
376,0.21575999999999998
377,0.03488
378,0.0
379,0.0
380,0.0
381,0.0
382,0.0
383,0.0
384,0.0
385,0.0
386,0.0
387,0.0
388,0.0
389,0.0
390,0.00173
391,0.02438
392,0.11761
393,0.18759
394,0.17889
395,0.41936
396,0.41504
397,0.47248
398,0.39952
399,0.36002999999999996
400,0.19132
401,0.044020000000000004
402,0.0
403,0.0
404,0.0
405,0.0
406,0.0
407,0.0
408,0.0
409,0.0
410,0.0
411,0.0
412,0.0
413,0.0
414,0.0011799999999999998
415,0.03362
416,0.09681999999999999
417,0.14649
418,0.17715
419,0.22031
420,0.19108
421,0.37804000000000004
422,0.32796
423,0.30428
424,0.18856
425,0.06658
426,0.0
427,0.0
428,0.0
429,0.0
430,0.0
431,0.0
432,0.0
433,0.0
434,0.0
435,0.0
436,0.0
437,0.0
438,0.0
439,0.026
440,0.10995999999999999
441,0.14352
442,0.18577000000000002
443,0.21700999999999998
444,0.39071
445,0.6145499999999999
446,0.41761000000000004
447,0.37186
448,0.1668
449,0.06688
450,0.0
451,0.0
452,0.0
453,0.0
454,0.0
455,0.0
456,0.0
457,0.0
458,0.0
459,0.0
460,0.0
461,0.0
462,0.00092
463,0.04259
464,0.0953
465,0.21765
466,0.26054
467,0.33108
468,0.37762
469,0.32831
470,0.32997000000000004
471,0.22976
472,0.17801
473,0.055560000000000005
474,0.0
475,0.0
476,0.0
477,0.0
478,0.0
479,0.0
480,0.0
481,0.0
482,0.0
483,0.0
484,0.0
485,0.0
486,4e-05
487,0.04154
488,0.09799
489,0.12685
490,0.24502000000000002
491,0.32295999999999997
492,0.22521000000000002
493,0.29006
494,0.2646
495,0.25067
496,0.07776000000000001
497,0.02113
498,0.0
499,0.0
500,0.0
501,0.0
502,0.0
503,0.0
504,0.0
505,0.0
506,0.0
507,0.0
508,0.0
509,0.0
510,0.0
511,0.03935
512,0.18049
513,0.30560000000000004
514,0.31137
515,0.21909
516,0.218
517,0.37737
518,0.44997000000000004
519,0.26358
520,0.12714
521,0.06239
522,0.0
523,0.0
524,0.0
525,0.0
526,0.0
527,0.0
528,0.0
529,0.0
530,0.0
531,0.0
532,0.0
533,0.0
534,0.0
535,0.01033
536,0.02822
537,0.08254
538,0.07231
539,0.11356000000000001
540,0.18771000000000002
541,0.13488999999999998
542,0.23075
543,0.18186000000000002
544,0.07856
545,0.02705
546,0.0
547,0.0
548,0.0
549,0.0
550,0.0
551,0.0
552,0.0
553,0.0
554,0.0
555,0.0
556,0.0
557,0.0
558,0.00053
559,0.037509999999999995
560,0.09208
561,0.24966
562,0.333
563,0.43845
564,0.48521
565,0.48424
566,0.52408
567,0.36481
568,0.22311
569,0.052469999999999996
570,0.0
571,0.0
572,0.0
573,0.0
574,0.0
575,0.0
576,0.0
577,0.0
578,0.0
579,0.0
580,0.0
581,0.0
582,0.00055
583,0.04234
584,0.16534000000000001
585,0.21555000000000002
586,0.31071
587,0.2926
588,0.29475
589,0.3538
590,0.44405
591,0.37737
592,0.19828
593,0.05241
594,0.0
595,0.0
596,0.0
597,0.0
598,0.0
599,0.0
600,0.0
601,0.0
602,0.0
603,0.0
604,0.0
605,0.0
606,0.0
607,0.02539
608,0.027260000000000003
609,0.03324
610,0.09336
611,0.16269
612,0.21097
613,0.31293
614,0.31127999999999995
615,0.18665
616,0.1757
617,0.062
618,0.0
619,0.0
620,0.0
621,0.0
622,0.0
623,0.0
624,0.0
625,0.0
626,0.0
627,0.0
628,0.0
629,0.0
630,0.00047
631,0.07271999999999999
632,0.20173
633,0.31745999999999996
634,0.36565
635,0.41845
636,0.54262
637,0.60949
638,0.48354
639,0.37865
640,0.20443
641,0.07443000000000001
642,0.0
643,0.0
644,0.0
645,0.0
646,0.0
647,0.0
648,0.0
649,0.0
650,0.0
651,0.0
652,0.0
653,0.0
654,0.0
655,0.0044
656,0.02835
657,0.1306
658,0.24509999999999998
659,0.34027999999999997
660,0.35860000000000003
661,0.39311
662,0.36729
663,0.16468
664,0.11511
665,0.01914
666,0.0
667,0.0
668,0.0
669,0.0
670,0.0
671,0.0
672,0.0
673,0.0
674,0.0
675,0.0
676,0.0
677,0.0
678,0.0
679,0.02792
680,0.07758
681,0.20972
682,0.28652
683,0.28172
684,0.42275999999999997
685,0.47397
686,0.38165
687,0.26104
688,0.10762000000000001
689,0.0233
690,0.0
691,0.0
692,0.0
693,0.0
694,0.0
695,0.0
696,0.0
697,0.0
698,0.0
699,0.0
700,0.0
701,0.0
702,0.0
703,0.01108
704,0.04044
705,0.0259
706,0.13907
707,0.07375
708,0.07386
709,0.19371000000000002
710,0.20218
711,0.15063
712,0.10617
713,0.03569
714,0.0
715,0.0
716,0.0
717,0.0
718,0.0
719,0.0
720,0.0
721,0.0
722,0.0
723,0.0
724,0.0
725,0.0
726,0.0
727,0.01587
728,0.10037
729,0.21278
730,0.34857
731,0.39146
732,0.52381
733,0.54706
734,0.53235
735,0.27714999999999995
736,0.17195
737,0.06597
738,0.0
739,0.0
740,0.0
741,0.0
742,0.0
743,0.0
744,0.0
745,0.0
746,0.0
747,0.0
748,0.0
749,0.0
750,0.0
751,0.027030000000000002
752,0.15806
753,0.20022
754,0.18374000000000001
755,0.27188999999999997
756,0.35655000000000003
757,0.32897000000000004
758,0.26039999999999996
759,0.13377
760,0.06207
761,0.04316
762,0.0
763,0.0
764,0.0
765,0.0
766,0.0
767,0.0
768,0.0
769,0.0
770,0.0
771,0.0
772,0.0
773,0.0
774,0.0
775,0.028030000000000003
776,0.09129999999999999
777,0.14193
778,0.2032
779,0.12043999999999999
780,0.17679
781,0.18266
782,0.18866
783,0.09348000000000001
784,0.05625
785,0.01139
786,0.0
787,0.0
788,0.0
789,0.0
790,0.0
791,0.0
792,0.0
793,0.0
794,0.0
795,0.0
796,0.0
797,0.0
798,0.0
799,0.029
800,0.05343
801,0.09705
802,0.18603999999999998
803,0.21187999999999999
804,0.22300999999999999
805,0.26089
806,0.20076
807,0.12589
808,0.08345999999999999
809,0.03626
810,0.0
811,0.0
812,0.0
813,0.0
814,0.0
815,0.0
816,0.0
817,0.0
818,0.0
819,0.0
820,0.0
821,0.0
822,0.00103
823,0.060899999999999996
824,0.18278
825,0.37764
826,0.53869
827,0.56059
828,0.60685
829,0.62213
830,0.38991000000000003
831,0.29581
832,0.14518999999999999
833,0.0533
834,0.0
835,0.0
836,0.0
837,0.0
838,0.0
839,0.0
840,0.0
841,0.0
842,0.0
843,0.0
844,0.0
845,0.0
846,0.0007099999999999999
847,0.06042
848,0.17549
849,0.28973000000000004
850,0.36817
851,0.32469
852,0.369
853,0.43268
854,0.36905
855,0.2798
856,0.11523
857,0.0259
858,0.0
859,0.0
860,0.0
861,0.0
862,0.0
863,0.0
864,0.0
865,0.0
866,0.0
867,0.0
868,0.0
869,0.0
870,0.00034
871,0.04683
872,0.12303
873,0.33358
874,0.47056
875,0.37513
876,0.54379
877,0.53989
878,0.5263300000000001
879,0.32059
880,0.18195
881,0.055229999999999994
882,0.0
883,0.0
884,0.0
885,0.0
886,0.0
887,0.0
888,0.0
889,0.0
890,0.0
891,0.0
892,0.0
893,0.0
894,0.00141
895,0.037649999999999996
896,0.13249
897,0.32342000000000004
898,0.45774000000000004
899,0.58039
900,0.48406
901,0.59447
902,0.39536
903,0.32600999999999997
904,0.18905000000000002
905,0.05553
906,0.0
907,0.0
908,0.0
909,0.0
910,0.0
911,0.0
912,0.0
913,0.0
914,0.0
915,0.0
916,0.0
917,0.0
918,0.0
919,0.04107
920,0.12487000000000001
921,0.24731999999999998
922,0.41636
923,0.30245
924,0.36959
925,0.55713
926,0.41014
927,0.42898000000000003
928,0.25255
929,0.06579
930,0.0
931,0.0
932,0.0
933,0.0
934,0.0
935,0.0
936,0.0
937,0.0
938,0.0
939,0.0
940,0.0
941,0.0
942,0.0
943,0.02955
944,0.10353
945,0.23924
946,0.2538
947,0.29245
948,0.31942000000000004
949,0.5475399999999999
950,0.50428
951,0.3615
952,0.16965
953,0.07522
954,0.0
955,0.0
956,0.0
957,0.0
958,0.0
959,0.0
960,0.0
961,0.0
962,0.0
963,0.0
964,0.0
965,0.0
966,0.00034
967,0.038520000000000006
968,0.05813
969,0.07178
970,0.1505
971,0.23973
972,0.25648000000000004
973,0.5825
974,0.32744999999999996
975,0.26922
976,0.17859999999999998
977,0.05198
978,0.0
979,0.0
980,0.0
981,0.0
982,0.0
983,0.0
984,0.0
985,0.0
986,0.0
987,0.0
988,0.0
989,0.0
990,0.0
991,0.01736
992,0.061259999999999995
993,0.1194
994,0.28146
995,0.1827
996,0.34231
997,0.3983
998,0.26744999999999997
999,0.201
1000,0.17212
1001,0.03843
1002,0.0
1003,0.0
1004,0.0
1005,0.0
1006,0.0
1007,0.0
1008,0.0
1009,0.0
1010,0.0
1011,0.0
1012,0.0
1013,0.0
1014,0.0
1015,0.01642
1016,0.14508000000000001
1017,0.25106
1018,0.46597000000000005
1019,0.34404
1020,0.40169
1021,0.60245
1022,0.54426
1023,0.3579
1024,0.2248
1025,0.06678
1026,0.0
1027,0.0
1028,0.0
1029,0.0
1030,0.0
1031,0.0
1032,0.0
1033,0.0
1034,0.0
1035,0.0
1036,0.0
1037,0.0
1038,0.00069
1039,0.047229999999999994
1040,0.21521
1041,0.39602
1042,0.46167
1043,0.5254500000000001
1044,0.5552
1045,0.6065499999999999
1046,0.45931
1047,0.39248
1048,0.25462
1049,0.06036
1050,0.0
1051,0.0
1052,0.0
1053,0.0
1054,0.0
1055,0.0
1056,0.0
1057,0.0
1058,0.0
1059,0.0
1060,0.0
1061,0.0
1062,0.00063
1063,0.03692
1064,0.14980000000000002
1065,0.26018
1066,0.35642
1067,0.35967
1068,0.41187
1069,0.57294
1070,0.4078
1071,0.18761000000000003
1072,0.12294
1073,0.01754
1074,0.0
1075,0.0
1076,0.0
1077,0.0
1078,0.0
1079,0.0
1080,0.0
1081,0.0
1082,0.0
1083,0.0
1084,0.0
1085,0.0
1086,0.0
1087,0.030989999999999997
1088,0.10954000000000001
1089,0.08473
1090,0.31997000000000003
1091,0.39782999999999996
1092,0.48704000000000003
1093,0.463
1094,0.43945
1095,0.32581
1096,0.13518
1097,0.03886
1098,0.0
1099,0.0
1100,0.0
1101,0.0
1102,0.0
1103,0.0
1104,0.0
1105,0.0
1106,0.0
1107,0.0
1108,0.0
1109,0.0
1110,0.00226
1111,0.06738
1112,0.2088
1113,0.36747
1114,0.47482
1115,0.52498
1116,0.56905
1117,0.50378
1118,0.43351
1119,0.25982
1120,0.20677
1121,0.039130000000000005
1122,0.0
1123,0.0
1124,0.0
1125,0.0
1126,0.0
1127,0.0
1128,0.0
1129,0.0
1130,0.0
1131,0.0
1132,0.0
1133,0.0
1134,0.00073
1135,0.03534
1136,0.054509999999999996
1137,0.039259999999999996
1138,0.17323
1139,0.1286
1140,0.1777
1141,0.47432
1142,0.33118000000000003
1143,0.10765000000000001
1144,0.08625
1145,0.024739999999999998
1146,0.0
1147,0.0
1148,0.0
1149,0.0
1150,0.0
1151,0.0
1152,0.0
1153,0.0
1154,0.0
1155,0.0
1156,0.0
1157,0.0
1158,0.00069
1159,0.03422
1160,0.08604
1161,0.14411000000000002
1162,0.17743
1163,0.19661
1164,0.19205
1165,0.43249
1166,0.34053
1167,0.28764
1168,0.13122
1169,0.02791
1170,0.0
1171,0.0
1172,0.0
1173,0.0
1174,0.0
1175,0.0
1176,0.0
1177,0.0
1178,0.0
1179,0.0
1180,0.0
1181,0.0
1182,0.00054
1183,0.03039
1184,0.05633
1185,0.09701
1186,0.14258
1187,0.10138
1188,0.08433
1189,0.34468
1190,0.3381
1191,0.30233
1192,0.1681
1193,0.04336
1194,0.0
1195,0.0
1196,0.0
1197,0.0
1198,0.0
1199,0.0
1200,0.0
1201,0.0
1202,0.0
1203,0.0
1204,0.0
1205,0.0
1206,0.00094
1207,0.0507
1208,0.16003
1209,0.29716000000000004
1210,0.35795
1211,0.47520999999999997
1212,0.48239
1213,0.41358
1214,0.4709
1215,0.23193
1216,0.12041
1217,0.05122
1218,0.0
1219,0.0
1220,0.0
1221,0.0
1222,0.0
1223,0.0
1224,0.0
1225,0.0
1226,0.0
1227,0.0
1228,0.0
1229,0.0
1230,0.00331
1231,0.08806
1232,0.26489999999999997
1233,0.43601999999999996
1234,0.48257
1235,0.6324500000000001
1236,0.53047
1237,0.64019
1238,0.45261
1239,0.20515
1240,0.18363
1241,0.03358
1242,0.0
1243,0.0
1244,0.0
1245,0.0
1246,0.0
1247,0.0
1248,0.0
1249,0.0
1250,0.0
1251,0.0
1252,0.0
1253,0.0
1254,0.00013000000000000002
1255,0.02718
1256,0.12498999999999999
1257,0.21211000000000002
1258,0.28225
1259,0.35634
1260,0.34862
1261,0.53043
1262,0.53907
1263,0.3332
1264,0.25425
1265,0.09006
1266,0.0
1267,0.0
1268,0.0
1269,0.0
1270,0.0
1271,0.0
1272,0.0
1273,0.0
1274,0.0
1275,0.0
1276,0.0
1277,0.0
1278,0.00156
1279,0.06609999999999999
1280,0.17808000000000002
1281,0.31367
1282,0.35789
1283,0.54796
1284,0.5786
1285,0.51022
1286,0.51287
1287,0.45826999999999996
1288,0.25375
1289,0.0683
1290,0.0
1291,0.0
1292,0.0
1293,0.0
1294,0.0
1295,0.0
1296,0.0
1297,0.0
1298,0.0
1299,0.0
1300,0.0
1301,0.0
1302,0.00198
1303,0.06579
1304,0.25844
1305,0.43854000000000004
1306,0.5324500000000001
1307,0.55168
1308,0.59065
1309,0.6832999999999999
1310,0.55424
1311,0.45949
1312,0.31625
1313,0.10489
1314,0.0
1315,0.0
1316,0.0
1317,0.0
1318,0.0
1319,0.0
1320,0.0
1321,0.0
1322,0.0
1323,0.0
1324,0.0
1325,0.0
1326,0.00181
1327,0.08319
1328,0.19933
1329,0.34339
1330,0.49076
1331,0.62512
1332,0.66042
1333,0.5809500000000001
1334,0.55698
1335,0.40173000000000003
1336,0.26844
1337,0.08381
1338,0.0
1339,0.0
1340,0.0
1341,0.0
1342,0.0
1343,0.0
1344,0.0
1345,0.0
1346,0.0
1347,0.0
1348,0.0
1349,0.0
1350,0.00113
1351,0.08145999999999999
1352,0.1918
1353,0.40122
1354,0.53454
1355,0.6236
1356,0.67108
1357,0.62176
1358,0.49817
1359,0.43607999999999997
1360,0.18308000000000002
1361,0.08652
1362,0.0
1363,0.0
1364,0.0
1365,0.0
1366,0.0
1367,0.0
1368,0.0
1369,0.0
1370,0.0
1371,0.0
1372,0.0
1373,0.0
1374,0.00049
1375,0.05076
1376,0.17601
1377,0.32282
1378,0.34682
1379,0.40758
1380,0.4787
1381,0.47966000000000003
1382,0.5404500000000001
1383,0.40101
1384,0.22426
1385,0.08524
1386,0.0
1387,0.0
1388,0.0
1389,0.0
1390,0.0
1391,0.0
1392,0.0
1393,0.0
1394,0.0
1395,0.0
1396,0.0
1397,0.0
1398,0.0024700000000000004
1399,0.08585
1400,0.27317
1401,0.45749
1402,0.5711499999999999
1403,0.64364
1404,0.66773
1405,0.52831
1406,0.53588
1407,0.29164999999999996
1408,0.22925
1409,0.08717
1410,0.0
1411,0.0
1412,0.0
1413,0.0
1414,0.0
1415,0.0
1416,0.0
1417,0.0
1418,0.0
1419,0.0
1420,0.0
1421,0.0
1422,0.0005200000000000001
1423,0.04777
1424,0.23252
1425,0.38197000000000003
1426,0.57943
1427,0.59803
1428,0.66887
1429,0.5773400000000001
1430,0.50632
1431,0.3762
1432,0.19807
1433,0.06061
1434,0.0
1435,0.0
1436,0.0
1437,0.0
1438,0.0
1439,0.0
1440,0.0
1441,0.0
1442,0.0
1443,0.0
1444,0.0
1445,0.0
1446,0.00265
1447,0.07152
1448,0.2015
1449,0.3245
1450,0.36799
1451,0.61172
1452,0.55131
1453,0.40984
1454,0.5071
1455,0.35229000000000005
1456,0.17676
1457,0.08206999999999999
1458,0.0
1459,0.0
1460,0.0
1461,0.0
1462,0.0
1463,0.0
1464,0.0
1465,0.0
1466,0.0
1467,0.0
1468,0.0
1469,0.0
1470,0.00139
1471,0.0559
1472,0.12688
1473,0.22640000000000002
1474,0.27514
1475,0.34058999999999995
1476,0.26935000000000003
1477,0.38109
1478,0.39964999999999995
1479,0.29191
1480,0.12565
1481,0.05044
1482,0.0
1483,0.0
1484,0.0
1485,0.0
1486,0.0
1487,0.0
1488,0.0
1489,0.0
1490,0.0
1491,0.0
1492,0.0
1493,0.0
1494,0.0
1495,0.00687
1496,0.00771
1497,0.020239999999999998
1498,0.03251
1499,0.019260000000000003
1500,0.01786
1501,0.42695
1502,0.27748
1503,0.21921000000000002
1504,0.14739
1505,0.03408
1506,0.0
1507,0.0
1508,0.0
1509,0.0
1510,0.0
1511,0.0
1512,0.0
1513,0.0
1514,0.0
1515,0.0
1516,0.0
1517,0.0
1518,0.00069
1519,0.01805
1520,0.08037000000000001
1521,0.15297
1522,0.15829
1523,0.25888
1524,0.32188
1525,0.5750700000000001
1526,0.4722
1527,0.33067
1528,0.16931000000000002
1529,0.02175
1530,0.0
1531,0.0
1532,0.0
1533,0.0
1534,0.0
1535,0.0
1536,0.0
1537,0.0
1538,0.0
1539,0.0
1540,0.0
1541,0.0
1542,0.001
1543,0.04753
1544,0.09656
1545,0.16327
1546,0.13919
1547,0.19936
1548,0.23615
1549,0.17843
1550,0.30054000000000003
1551,0.27232
1552,0.09658
1553,0.019510000000000003
1554,0.0
1555,0.0
1556,0.0
1557,0.0
1558,0.0
1559,0.0
1560,0.0
1561,0.0
1562,0.0
1563,0.0
1564,0.0
1565,0.0
1566,0.0012
1567,0.06688
1568,0.16986
1569,0.36460000000000004
1570,0.32197000000000003
1571,0.48585
1572,0.44371
1573,0.59963
1574,0.42071
1575,0.34461
1576,0.19975
1577,0.05207
1578,0.0
1579,0.0
1580,0.0
1581,0.0
1582,0.0
1583,0.0
1584,0.0
1585,0.0
1586,0.0
1587,0.0
1588,0.0
1589,0.0
1590,0.00053
1591,0.02095
1592,0.08403000000000001
1593,0.24922999999999998
1594,0.29961
1595,0.37011
1596,0.39926
1597,0.54496
1598,0.45043
1599,0.41828
1600,0.16013999999999998
1601,0.04425
1602,0.0
1603,0.0
1604,0.0
1605,0.0
1606,0.0
1607,0.0
1608,0.0
1609,0.0
1610,0.0
1611,0.0
1612,0.0
1613,0.0
1614,0.00039
1615,0.03978
1616,0.15422
1617,0.32544
1618,0.33882999999999996
1619,0.48757999999999996
1620,0.43942000000000003
1621,0.61151
1622,0.45027999999999996
1623,0.37527999999999995
1624,0.19244
1625,0.0755
1626,0.0
1627,0.0
1628,0.0
1629,0.0
1630,0.0
1631,0.0
1632,0.0
1633,0.0
1634,0.0
1635,0.0
1636,0.0
1637,0.0
1638,0.0017
1639,0.048100000000000004
1640,0.14983000000000002
1641,0.19468000000000002
1642,0.36687000000000003
1643,0.5689500000000001
1644,0.5428200000000001
1645,0.56372
1646,0.44547000000000003
1647,0.42369999999999997
1648,0.17333
1649,0.05221
1650,0.0
1651,0.0
1652,0.0
1653,0.0
1654,0.0
1655,0.0
1656,0.0
1657,0.0
1658,0.0
1659,0.0
1660,0.0
1661,0.0
1662,0.00267
1663,0.057909999999999996
1664,0.21459999999999999
1665,0.2631
1666,0.33636
1667,0.46376
1668,0.55161
1669,0.54615
1670,0.50107
1671,0.42951999999999996
1672,0.23018
1673,0.07554999999999999
1674,0.0
1675,0.0
1676,0.0
1677,0.0
1678,0.0
1679,0.0
1680,0.0
1681,0.0
1682,0.0
1683,0.0
1684,0.0
1685,0.0
1686,0.0
1687,0.00865
1688,0.04059
1689,0.05415
1690,0.05871
1691,0.05718
1692,0.08892
1693,0.5609
1694,0.49856
1695,0.26269
1696,0.13752
1697,0.03282
1698,0.0
1699,0.0
1700,0.0
1701,0.0
1702,0.0
1703,0.0
1704,0.0
1705,0.0
1706,0.0
1707,0.0
1708,0.0
1709,0.0
1710,0.00019
1711,0.00985
1712,0.00626
1713,0.05021
1714,0.08591
1715,0.07973999999999999
1716,0.11036
1717,0.33459
1718,0.39932
1719,0.34405
1720,0.18097
1721,0.03653
1722,0.0
1723,0.0
1724,0.0
1725,0.0
1726,0.0
1727,0.0
1728,0.0
1729,0.0
1730,0.0
1731,0.0
1732,0.0
1733,0.0
1734,0.0033599999999999997
1735,0.06908
1736,0.14793
1737,0.3306
1738,0.37799
1739,0.41731999999999997
1740,0.46802
1741,0.59965
1742,0.48398
1743,0.42578
1744,0.1943
1745,0.0635
1746,0.0
1747,0.0
1748,0.0
1749,0.0
1750,0.0
1751,0.0
1752,0.0
1753,0.0
1754,0.0
1755,0.0
1756,0.0
1757,0.0
1758,0.00159
1759,0.030899999999999997
1760,0.10437
1761,0.08615
1762,0.21336000000000002
1763,0.15100999999999998
1764,0.32912
1765,0.40088
1766,0.27599
1767,0.19909000000000002
1768,0.10775
1769,0.054799999999999995
1770,0.0
1771,0.0
1772,0.0
1773,0.0
1774,0.0
1775,0.0
1776,0.0
1777,0.0
1778,0.0
1779,0.0
1780,0.0
1781,0.0
1782,0.00408
1783,0.07654999999999999
1784,0.17861000000000002
1785,0.2815
1786,0.35563
1787,0.51978
1788,0.40784
1789,0.31011
1790,0.30144
1791,0.18112
1792,0.18016
1793,0.0402
1794,0.0
1795,0.0
1796,0.0
1797,0.0
1798,0.0
1799,0.0
1800,0.0
1801,0.0
1802,0.0
1803,0.0
1804,0.0
1805,0.0
1806,0.004200000000000001
1807,0.055119999999999995
1808,0.06079
1809,0.28537
1810,0.28504
1811,0.42058999999999996
1812,0.24664
1813,0.32386000000000004
1814,0.20181
1815,0.10809999999999999
1816,0.06720000000000001
1817,0.01933
1818,0.0
1819,0.0
1820,0.0
1821,0.0
1822,0.0
1823,0.0
1824,0.0
1825,0.0
1826,0.0
1827,0.0
1828,0.0
1829,0.0
1830,0.005690000000000001
1831,0.08575
1832,0.27003
1833,0.4811
1834,0.58601
1835,0.69604
1836,0.72439
1837,0.58801
1838,0.56067
1839,0.35533
1840,0.23665
1841,0.0717
1842,0.0
1843,0.0
1844,0.0
1845,0.0
1846,0.0
1847,0.0
1848,0.0
1849,0.0
1850,0.0
1851,0.0
1852,0.0
1853,0.0
1854,0.00531
1855,0.06565
1856,0.17930000000000001
1857,0.16040000000000001
1858,0.21019
1859,0.28894
1860,0.28288
1861,0.46037
1862,0.35983
1863,0.29536
1864,0.18284
1865,0.05851
1866,0.0
1867,0.0
1868,0.0
1869,0.0
1870,0.0
1871,0.0
1872,0.0
1873,0.0
1874,0.0
1875,0.0
1876,0.0
1877,0.0
1878,0.0016
1879,0.06466
1880,0.18685
1881,0.26065
1882,0.28257
1883,0.27973000000000003
1884,0.41456
1885,0.56251
1886,0.39663
1887,0.4571
1888,0.24154
1889,0.047990000000000005
1890,0.0
1891,0.0
1892,0.0
1893,0.0
1894,0.0
1895,0.0
1896,0.0
1897,0.0
1898,0.0
1899,0.0
1900,0.0
1901,0.0
1902,0.00657
1903,0.1187
1904,0.28474
1905,0.42252999999999996
1906,0.5257000000000001
1907,0.49001
1908,0.36701
1909,0.5299299999999999
1910,0.42485
1911,0.36645
1912,0.19371000000000002
1913,0.04114
1914,0.0
1915,0.0
1916,0.0
1917,0.0
1918,0.0
1919,0.0
1920,0.0
1921,0.0
1922,0.0
1923,0.0
1924,0.0
1925,0.0
1926,0.003
1927,0.07277
1928,0.14667
1929,0.19107
1930,0.21815
1931,0.06799
1932,0.08194
1933,0.19334
1934,0.24656999999999998
1935,0.14646
1936,0.14992
1937,0.048060000000000005
1938,0.0
1939,0.0
1940,0.0
1941,0.0
1942,0.0
1943,0.0
1944,0.0
1945,0.0
1946,0.0
1947,0.0
1948,0.0
1949,0.0
1950,0.004860000000000001
1951,0.09276999999999999
1952,0.19734000000000002
1953,0.33197000000000004
1954,0.34887
1955,0.54225
1956,0.56221
1957,0.56675
1958,0.38616
1959,0.16878
1960,0.09731999999999999
1961,0.0269
1962,0.0
1963,0.0
1964,0.0
1965,0.0
1966,0.0
1967,0.0
1968,0.0
1969,0.0
1970,0.0
1971,0.0
1972,0.0
1973,0.0
1974,0.00901
1975,0.07833
1976,0.25833999999999996
1977,0.42275999999999997
1978,0.46226
1979,0.52176
1980,0.44669
1981,0.13723
1982,0.27613
1983,0.23665
1984,0.16294
1985,0.04795
1986,0.0
1987,0.0
1988,0.0
1989,0.0
1990,0.0
1991,0.0
1992,0.0
1993,0.0
1994,0.0
1995,0.0
1996,0.0
1997,0.0
1998,0.0071200000000000005
1999,0.10098
2000,0.25608
2001,0.37712
2002,0.51312
2003,0.58263
2004,0.62917
2005,0.59262
2006,0.466
2007,0.35437
2008,0.21381999999999998
2009,0.06405
2010,0.0
2011,0.0
2012,0.0
2013,0.0
2014,0.0
2015,0.0
2016,0.0
2017,0.0
2018,0.0
2019,0.0
2020,0.0
2021,0.0
2022,0.00408
2023,0.07071
2024,0.15572999999999998
2025,0.27369
2026,0.32633
2027,0.45299
2028,0.46242
2029,0.5883999999999999
2030,0.45530000000000004
2031,0.26607
2032,0.12545
2033,0.04801
2034,0.0
2035,0.0
2036,0.0
2037,0.0
2038,0.0
2039,0.0
2040,0.0
2041,0.0
2042,0.0
2043,0.0
2044,0.0
2045,0.0
2046,0.00337
2047,0.03496
2048,0.13248
2049,0.10781
2050,0.31861
2051,0.33859
2052,0.28505
2053,0.29922000000000004
2054,0.30311
2055,0.20251
2056,0.15866999999999998
2057,0.0587
2058,0.0
2059,0.0
2060,0.0
2061,0.0
2062,0.0
2063,0.0
2064,0.0
2065,0.0
2066,0.0
2067,0.0
2068,0.0
2069,0.0
2070,0.0028599999999999997
2071,0.04211
2072,0.12589
2073,0.1665
2074,0.27377999999999997
2075,0.16818
2076,0.20662
2077,0.28263
2078,0.32755
2079,0.2273
2080,0.14236000000000001
2081,0.032100000000000004
2082,0.0
2083,0.0
2084,0.0
2085,0.0
2086,0.0
2087,0.0
2088,0.0
2089,0.0
2090,0.0
2091,0.0
2092,0.0
2093,0.0
2094,0.0011
2095,0.04009
2096,0.09687
2097,0.14912999999999998
2098,0.15009999999999998
2099,0.21528999999999998
2100,0.23829
2101,0.07196999999999999
2102,0.22744
2103,0.26458
2104,0.08821999999999999
2105,0.04929
2106,0.0
2107,0.0
2108,0.0
2109,0.0
2110,0.0
2111,0.0
2112,0.0
2113,0.0
2114,0.0
2115,0.0
2116,0.0
2117,0.0
2118,0.0049900000000000005
2119,0.07886
2120,0.17111
2121,0.29274
2122,0.30027
2123,0.3795
2124,0.38083999999999996
2125,0.56357
2126,0.38554
2127,0.27196
2128,0.11073000000000001
2129,0.02823
2130,0.0
2131,0.0
2132,0.0
2133,0.0
2134,0.0
2135,0.0
2136,0.0
2137,0.0
2138,0.0
2139,0.0
2140,0.0
2141,0.0
2142,0.00227
2143,0.0489
2144,0.07917
2145,0.27931
2146,0.28975
2147,0.27958999999999995
2148,0.2697
2149,0.42707999999999996
2150,0.37936000000000003
2151,0.30776
2152,0.19422999999999999
2153,0.0577
2154,0.0
2155,0.0
2156,0.0
2157,0.0
2158,0.0
2159,0.0
2160,0.0
2161,0.0
2162,0.0
2163,0.0
2164,0.0
2165,0.0
2166,0.00197
2167,0.04168
2168,0.10018
2169,0.32394
2170,0.36517
2171,0.37477
2172,0.3815
2173,0.41474
2174,0.28613
2175,0.25065
2176,0.11252
2177,0.03682
2178,0.0
2179,0.0
2180,0.0
2181,0.0
2182,0.0
2183,0.0
2184,0.0
2185,0.0
2186,0.0
2187,0.0
2188,0.0
2189,0.0
2190,0.0024300000000000003
2191,0.03996
2192,0.046990000000000004
2193,0.14196
2194,0.19127000000000002
2195,0.32938
2196,0.38083999999999996
2197,0.25312
2198,0.23095
2199,0.17476
2200,0.09201000000000001
2201,0.01799
2202,0.0
2203,0.0
2204,0.0
2205,0.0
2206,0.0
2207,0.0
2208,0.0
2209,0.0
2210,0.0
2211,0.0
2212,0.0
2213,0.0
2214,0.00475
2215,0.04021
2216,0.166
2217,0.31206
2218,0.3332
2219,0.50787
2220,0.66388
2221,0.5674
2222,0.45056999999999997
2223,0.30644
2224,0.19393000000000002
2225,0.03604
2226,0.0
2227,0.0
2228,0.0
2229,0.0
2230,0.0
2231,0.0
2232,0.0
2233,0.0
2234,0.0
2235,0.0
2236,0.0
2237,0.0
2238,0.00957
2239,0.08703
2240,0.18269
2241,0.35844
2242,0.50093
2243,0.51467
2244,0.50663
2245,0.33672
2246,0.47502
2247,0.22428
2248,0.12254999999999999
2249,0.03461
2250,0.0
2251,0.0
2252,0.0
2253,0.0
2254,0.0
2255,0.0
2256,0.0
2257,0.0
2258,0.0
2259,0.0
2260,0.0
2261,0.0
2262,0.00533
2263,0.07067
2264,0.16721
2265,0.34833
2266,0.46017
2267,0.53895
2268,0.43549
2269,0.5359700000000001
2270,0.29241
2271,0.16307
2272,0.061700000000000005
2273,0.017079999999999998
2274,0.0
2275,0.0
2276,0.0
2277,0.0
2278,0.0
2279,0.0
2280,0.0
2281,0.0
2282,0.0
2283,0.0
2284,0.0
2285,0.0
2286,0.00644
2287,0.046810000000000004
2288,0.15918000000000002
2289,0.25777999999999995
2290,0.24625
2291,0.2784
2292,0.29443
2293,0.26169
2294,0.22008000000000003
2295,0.18875999999999998
2296,0.13109
2297,0.029679999999999998
2298,0.0
2299,0.0
2300,0.0
2301,0.0
2302,0.0
2303,0.0
2304,0.0
2305,0.0
2306,0.0
2307,0.0
2308,0.0
2309,0.0
2310,0.0073
2311,0.10192
2312,0.27547000000000005
2313,0.44132
2314,0.5200499999999999
2315,0.5553400000000001
2316,0.6287200000000001
2317,0.5816699999999999
2318,0.4707
2319,0.28829000000000005
2320,0.14754
2321,0.0273
2322,0.0
2323,0.0
2324,0.0
2325,0.0
2326,0.0
2327,0.0
2328,0.0
2329,0.0
2330,0.0
2331,0.0
2332,0.0
2333,0.0
2334,0.0066
2335,0.08664
2336,0.20399
2337,0.33814999999999995
2338,0.5922799999999999
2339,0.53315
2340,0.44777
2341,0.5695399999999999
2342,0.49
2343,0.30812
2344,0.19413
2345,0.06873
2346,0.0
2347,0.0
2348,0.0
2349,0.0
2350,0.0
2351,0.0
2352,0.0
2353,0.0
2354,0.0
2355,0.0
2356,0.0
2357,0.0
2358,0.0072
2359,0.09506
2360,0.25042
2361,0.41939
2362,0.43831
2363,0.55386
2364,0.33214
2365,0.44829
2366,0.37698000000000004
2367,0.20745
2368,0.06818
2369,0.01333
2370,0.0
2371,0.0
2372,0.0
2373,0.0
2374,0.0
2375,0.0
2376,0.0
2377,0.0
2378,0.0
2379,0.0
2380,0.0
2381,0.0
2382,0.0058
2383,0.06883
2384,0.09953000000000001
2385,0.12963
2386,0.16016999999999998
2387,0.26406999999999997
2388,0.2592
2389,0.32374
2390,0.25279
2391,0.19032
2392,0.06505
2393,0.013699999999999999
2394,0.0
2395,0.0
2396,0.0
2397,0.0
2398,0.0
2399,0.0
2400,0.0
2401,0.0
2402,0.0
2403,0.0
2404,0.0
2405,0.0
2406,0.00495
2407,0.06761
2408,0.15446000000000001
2409,0.22888
2410,0.26782
2411,0.29188
2412,0.37125
2413,0.47916000000000003
2414,0.43653
2415,0.32392000000000004
2416,0.10972
2417,0.03149
2418,0.0
2419,0.0
2420,0.0
2421,0.0
2422,0.0
2423,0.0
2424,0.0
2425,0.0
2426,0.0
2427,0.0
2428,0.0
2429,0.0
2430,0.00598
2431,0.08097
2432,0.20233
2433,0.36294
2434,0.50176
2435,0.58135
2436,0.51247
2437,0.65512
2438,0.44447000000000003
2439,0.33911
2440,0.19131
2441,0.04099
2442,0.0
2443,0.0
2444,0.0
2445,0.0
2446,0.0
2447,0.0
2448,0.0
2449,0.0
2450,0.0
2451,0.0
2452,0.0
2453,0.0
2454,0.01057
2455,0.0999
2456,0.17206
2457,0.29907999999999996
2458,0.43964
2459,0.46964
2460,0.52277
2461,0.5161
2462,0.41325
2463,0.27037
2464,0.07845999999999999
2465,0.01883
2466,0.0
2467,0.0
2468,0.0
2469,0.0
2470,0.0
2471,0.0
2472,0.0
2473,0.0
2474,0.0
2475,0.0
2476,0.0
2477,0.0
2478,0.00644
2479,0.052700000000000004
2480,0.06356
2481,0.11737
2482,0.36839999999999995
2483,0.41834
2484,0.46573000000000003
2485,0.5219400000000001
2486,0.47064999999999996
2487,0.25161
2488,0.16203
2489,0.03797
2490,0.0
2491,0.0
2492,0.0
2493,0.0
2494,0.0
2495,0.0
2496,0.0
2497,0.0
2498,0.0
2499,0.0
2500,0.0
2501,0.0
2502,0.00309
2503,0.03091
2504,0.01129
2505,0.08521
2506,0.15727000000000002
2507,0.11971
2508,0.13212000000000002
2509,0.50518
2510,0.41083
2511,0.29775999999999997
2512,0.1701
2513,0.04347
2514,0.0
2515,0.0
2516,0.0
2517,0.0
2518,0.0
2519,0.0
2520,0.0
2521,0.0
2522,0.0
2523,0.0
2524,0.0
2525,0.0
2526,0.00906
2527,0.07682
2528,0.15597999999999998
2529,0.27768
2530,0.33203
2531,0.45461
2532,0.39638
2533,0.45368
2534,0.32513
2535,0.17599
2536,0.0874
2537,0.023370000000000002
2538,0.0
2539,0.0
2540,0.0
2541,0.0
2542,0.0
2543,0.0
2544,0.0
2545,0.0
2546,0.0
2547,0.0
2548,0.0
2549,0.0
2550,0.00936
2551,0.049659999999999996
2552,0.10284
2553,0.033
2554,0.04875
2555,0.00073
2556,0.0349
2557,0.19704
2558,0.23802
2559,0.11981
2560,0.07809
2561,0.01652
2562,0.0
2563,0.0
2564,0.0
2565,0.0
2566,0.0
2567,0.0
2568,0.0
2569,0.0
2570,0.0
2571,0.0
2572,0.0
2573,0.0
2574,0.00426
2575,0.05615
2576,0.171
2577,0.26397000000000004
2578,0.33914
2579,0.39694
2580,0.47781
2581,0.55192
2582,0.40473000000000003
2583,0.39288999999999996
2584,0.15669999999999998
2585,0.0438
2586,0.0
2587,0.0
2588,0.0
2589,0.0
2590,0.0
2591,0.0
2592,0.0
2593,0.0
2594,0.0
2595,0.0
2596,0.0
2597,0.0
2598,0.00901
2599,0.08777
2600,0.16929
2601,0.29894
2602,0.20422
2603,0.10778
2604,0.1313
2605,0.42649000000000004
2606,0.41304
2607,0.33014
2608,0.18211000000000002
2609,0.05973
2610,0.0
2611,0.0
2612,0.0
2613,0.0
2614,0.0
2615,0.0
2616,0.0
2617,0.0
2618,0.0
2619,0.0
2620,0.0
2621,0.0
2622,0.00436
2623,0.06348
2624,0.14823
2625,0.30582
2626,0.26105
2627,0.17712999999999998
2628,0.25911
2629,0.18166
2630,0.08141
2631,0.06049
2632,0.06733
2633,0.04011
2634,0.0
2635,0.0
2636,0.0
2637,0.0
2638,0.0
2639,0.0
2640,0.0
2641,0.0
2642,0.0
2643,0.0
2644,0.0
2645,0.0
2646,0.00894
2647,0.10295
2648,0.22918
2649,0.28026999999999996
2650,0.36185
2651,0.51985
2652,0.53036
2653,0.49307
2654,0.42563999999999996
2655,0.31016000000000005
2656,0.15211000000000002
2657,0.0354
2658,0.0
2659,0.0
2660,0.0
2661,0.0
2662,0.0
2663,0.0
2664,0.0
2665,0.0
2666,0.0
2667,0.0
2668,0.0
2669,0.0
2670,0.00657
2671,0.0361
2672,0.08788
2673,0.13290000000000002
2674,0.19054
2675,0.13798
2676,0.17465
2677,0.38125
2678,0.16884
2679,0.11406999999999999
2680,0.10034
2681,0.031030000000000002
2682,0.0
2683,0.0
2684,0.0
2685,0.0
2686,0.0
2687,0.0
2688,0.0
2689,0.0
2690,0.0
2691,0.0
2692,0.0
2693,0.0
2694,0.008029999999999999
2695,0.06397
2696,0.14364
2697,0.15993000000000002
2698,0.26324000000000003
2699,0.34211
2700,0.35728
2701,0.40276999999999996
2702,0.38731
2703,0.35475
2704,0.08005
2705,0.03915999999999999
2706,0.0
2707,0.0
2708,0.0
2709,0.0
2710,0.0
2711,0.0
2712,0.0
2713,0.0
2714,0.0
2715,0.0
2716,0.0
2717,0.0
2718,0.00204
2719,0.02207
2720,0.059539999999999996
2721,0.08365
2722,0.03871
2723,0.07759
2724,0.0948
2725,0.36295
2726,0.40125
2727,0.33347000000000004
2728,0.18331
2729,0.04614
2730,0.0
2731,0.0
2732,0.0
2733,0.0
2734,0.0
2735,0.0
2736,0.0
2737,0.0
2738,0.0
2739,0.0
2740,0.0
2741,0.0
2742,0.00474
2743,0.08463
2744,0.07779000000000001
2745,0.08990000000000001
2746,0.13269999999999998
2747,0.12637
2748,0.19030000000000002
2749,0.30545
2750,0.35054
2751,0.30016000000000004
2752,0.16035
2753,0.03326
2754,0.0
2755,0.0
2756,0.0
2757,0.0
2758,0.0
2759,0.0
2760,0.0
2761,0.0
2762,0.0
2763,0.0
2764,0.0
2765,0.0
2766,0.00325
2767,0.03832
2768,0.07893
2769,0.0464
2770,0.12308
2771,0.24386000000000002
2772,0.26982999999999996
2773,0.33968
2774,0.27115
2775,0.15627000000000002
2776,0.07423
2777,0.023420000000000003
2778,0.0
2779,0.0
2780,0.0
2781,0.0
2782,0.0
2783,0.0
2784,0.0
2785,0.0
2786,0.0
2787,0.0
2788,0.0
2789,0.0
2790,0.0050999999999999995
2791,0.055130000000000005
2792,0.16824
2793,0.20706
2794,0.3588
2795,0.39403
2796,0.37401999999999996
2797,0.52274
2798,0.42531
2799,0.28092
2800,0.1216
2801,0.0182
2802,0.0
2803,0.0
2804,0.0
2805,0.0
2806,0.0
2807,0.0
2808,0.0
2809,0.0
2810,0.0
2811,0.0
2812,0.0
2813,0.0
2814,0.006889999999999999
2815,0.06192
2816,0.16912
2817,0.18084999999999998
2818,0.31518
2819,0.39253
2820,0.32488
2821,0.314
2822,0.2667
2823,0.25539
2824,0.12751
2825,0.03245
2826,0.0
2827,0.0
2828,0.0
2829,0.0
2830,0.0
2831,0.0
2832,0.0
2833,0.0
2834,0.0
2835,0.0
2836,0.0
2837,0.0
2838,0.011630000000000001
2839,0.08707
2840,0.21857
2841,0.32558
2842,0.32830000000000004
2843,0.37898000000000004
2844,0.45213
2845,0.16894
2846,0.10664
2847,0.11192
2848,0.04697
2849,0.01804
2850,0.0
2851,0.0
2852,0.0
2853,0.0
2854,0.0
2855,0.0
2856,0.0
2857,0.0
2858,0.0
2859,0.0
2860,0.0
2861,0.0
2862,0.00845
2863,0.11356999999999999
2864,0.23607
2865,0.33222
2866,0.32458
2867,0.29944
2868,0.25435
2869,0.54865
2870,0.34932
2871,0.16432
2872,0.06797
2873,0.0289
2874,0.0
2875,0.0
2876,0.0
2877,0.0
2878,0.0
2879,0.0
2880,0.0
2881,0.0
2882,0.0
2883,0.0
2884,0.0
2885,0.0
2886,0.0034100000000000003
2887,0.04539
2888,0.08516
2889,0.125
2890,0.17543999999999998
2891,0.25054
2892,0.31349
2893,0.45354
2894,0.37404000000000004
2895,0.27781
2896,0.10729000000000001
2897,0.0114
2898,0.0
2899,0.0
2900,0.0
2901,0.0
2902,0.0
2903,0.0
2904,0.0
2905,0.0
2906,0.0
2907,0.0
2908,0.0
2909,0.0
2910,0.01053
2911,0.10992
2912,0.21194
2913,0.38177999999999995
2914,0.45381
2915,0.49469
2916,0.41514
2917,0.30234
2918,0.33082999999999996
2919,0.16525
2920,0.10954000000000001
2921,0.02196
2922,0.0
2923,0.0
2924,0.0
2925,0.0
2926,0.0
2927,0.0
2928,0.0
2929,0.0
2930,0.0
2931,0.0
2932,0.0
2933,0.0
2934,0.0009
2935,0.02191
2936,0.04393
2937,0.094
2938,0.17640999999999998
2939,0.24814
2940,0.23643
2941,0.30194
2942,0.28331
2943,0.16863
2944,0.06581000000000001
2945,0.0094
2946,0.0
2947,0.0
2948,0.0
2949,0.0
2950,0.0
2951,0.0
2952,0.0
2953,0.0
2954,0.0
2955,0.0
2956,0.0
2957,0.0
2958,0.01577
2959,0.10923999999999999
2960,0.29229
2961,0.41451
2962,0.48557
2963,0.58568
2964,0.46426999999999996
2965,0.52554
2966,0.30498000000000003
2967,0.16724
2968,0.09720000000000001
2969,0.02185
2970,0.0
2971,0.0
2972,0.0
2973,0.0
2974,0.0
2975,0.0
2976,0.0
2977,0.0
2978,0.0
2979,0.0
2980,0.0
2981,0.0
2982,0.008400000000000001
2983,0.07865000000000001
2984,0.21746000000000001
2985,0.30365
2986,0.33225
2987,0.4722
2988,0.30772000000000005
2989,0.27745
2990,0.28119
2991,0.29383
2992,0.18894
2993,0.03889
2994,0.0
2995,0.0
2996,0.0
2997,0.0
2998,0.0
2999,0.0
3000,0.0
3001,0.0
3002,0.0
3003,0.0
3004,0.0
3005,0.0
3006,0.0056
3007,0.0503
3008,0.08806
3009,0.16031
3010,0.19696
3011,0.16585
3012,0.16423
3013,0.46101
3014,0.23518
3015,0.17601
3016,0.09598000000000001
3017,0.01525
3018,0.0
3019,0.0
3020,0.0
3021,0.0
3022,0.0
3023,0.0
3024,0.0
3025,0.0
3026,0.0
3027,0.0
3028,0.0
3029,0.0
3030,0.00068
3031,0.05639
3032,0.12888999999999998
3033,0.15694
3034,0.19079
3035,0.15941999999999998
3036,0.29901
3037,0.31932
3038,0.37807
3039,0.20209
3040,0.13312000000000002
3041,0.04152
3042,0.0
3043,0.0
3044,0.0
3045,0.0
3046,0.0
3047,0.0
3048,0.0
3049,0.0
3050,0.0
3051,0.0
3052,0.0
3053,0.0
3054,0.011519999999999999
3055,0.0799
3056,0.15338
3057,0.19768
3058,0.34463
3059,0.41184
3060,0.39970999999999995
3061,0.38233999999999996
3062,0.31910000000000005
3063,0.21133000000000002
3064,0.16326
3065,0.02655
3066,0.0
3067,0.0
3068,0.0
3069,0.0
3070,0.0
3071,0.0
3072,0.0
3073,0.0
3074,0.0
3075,0.0
3076,0.0
3077,0.0
3078,0.00652
3079,0.04625
3080,0.10856
3081,0.21216
3082,0.20029
3083,0.31127
3084,0.48707
3085,0.32295999999999997
3086,0.3649
3087,0.21647999999999998
3088,0.16099000000000002
3089,0.02893
3090,0.0
3091,0.0
3092,0.0
3093,0.0
3094,0.0
3095,0.0
3096,0.0
3097,0.0
3098,0.0
3099,0.0
3100,0.0
3101,0.0
3102,0.01235
3103,0.11217
3104,0.28346
3105,0.35224
3106,0.39788
3107,0.48172000000000004
3108,0.49983999999999995
3109,0.5734400000000001
3110,0.39477999999999996
3111,0.18024
3112,0.05906
3113,0.01227
3114,0.0
3115,0.0
3116,0.0
3117,0.0
3118,0.0
3119,0.0
3120,0.0
3121,0.0
3122,0.0
3123,0.0
3124,0.0
3125,0.0
3126,0.00016
3127,0.026949999999999998
3128,0.06529
3129,0.11324
3130,0.20202
3131,0.35094
3132,0.24972
3133,0.4495
3134,0.35108
3135,0.211
3136,0.09309999999999999
3137,0.02076
3138,0.0
3139,0.0
3140,0.0
3141,0.0
3142,0.0
3143,0.0
3144,0.0
3145,0.0
3146,0.0
3147,0.0
3148,0.0
3149,0.0
3150,0.01417
3151,0.05361
3152,0.18378999999999998
3153,0.2642
3154,0.33603
3155,0.5776699999999999
3156,0.33386
3157,0.17928
3158,0.09963
3159,0.13325
3160,0.09362000000000001
3161,0.01559
3162,0.0
3163,0.0
3164,0.0
3165,0.0
3166,0.0
3167,0.0
3168,0.0
3169,0.0
3170,0.0
3171,0.0
3172,0.0
3173,0.0
3174,0.0
3175,0.00709
3176,0.00239
3177,0.007
3178,0.00287
3179,0.01282
3180,0.0436
3181,0.12487999999999999
3182,0.16752
3183,0.13472
3184,0.06406999999999999
3185,0.019530000000000002
3186,0.0
3187,0.0
3188,0.0
3189,0.0
3190,0.0
3191,0.0
3192,0.0
3193,0.0
3194,0.0
3195,0.0
3196,0.0
3197,0.0
3198,0.00951
3199,0.09151000000000001
3200,0.12991999999999998
3201,0.33265
3202,0.35654
3203,0.37442000000000003
3204,0.3886
3205,0.48247
3206,0.26894
3207,0.1846
3208,0.0585
3209,0.01688
3210,0.0
3211,0.0
3212,0.0
3213,0.0
3214,0.0
3215,0.0
3216,0.0
3217,0.0
3218,0.0
3219,0.0
3220,0.0
3221,0.0
3222,0.015390000000000001
3223,0.10065
3224,0.26754
3225,0.32235
3226,0.46845
3227,0.41376
3228,0.59984
3229,0.44163
3230,0.44118999999999997
3231,0.30944
3232,0.14225
3233,0.02854
3234,0.0
3235,0.0
3236,0.0
3237,0.0
3238,0.0
3239,0.0
3240,0.0
3241,0.0
3242,0.0
3243,0.0
3244,0.0
3245,0.0
3246,0.012199999999999999
3247,0.10992
3248,0.15844
3249,0.28013
3250,0.34406
3251,0.41672000000000003
3252,0.32883
3253,0.2729
3254,0.26045999999999997
3255,0.14225
3256,0.07918
3257,0.013949999999999999
3258,0.0
3259,0.0
3260,0.0
3261,0.0
3262,0.0
3263,0.0
3264,0.0
3265,0.0
3266,0.0
3267,0.0
3268,0.0
3269,0.0
3270,0.00078
3271,0.03055
3272,0.07981999999999999
3273,0.12131
3274,0.17896
3275,0.32311
3276,0.48027
3277,0.36939999999999995
3278,0.25876
3279,0.17954
3280,0.0631
3281,0.007940000000000001
3282,0.0
3283,0.0
3284,0.0
3285,0.0
3286,0.0
3287,0.0
3288,0.0
3289,0.0
3290,0.0
3291,0.0
3292,0.0
3293,0.0
3294,0.0011200000000000001
3295,0.02513
3296,0.054869999999999995
3297,0.09293000000000001
3298,0.19366999999999998
3299,0.23502
3300,0.19911
3301,0.2858
3302,0.10463
3303,0.062340000000000007
3304,0.03757
3305,0.00802
3306,0.0
3307,0.0
3308,0.0
3309,0.0
3310,0.0
3311,0.0
3312,0.0
3313,0.0
3314,0.0
3315,0.0
3316,0.0
3317,0.0
3318,0.01188
3319,0.10204
3320,0.19194999999999998
3321,0.27015
3322,0.4884
3323,0.43192
3324,0.39325
3325,0.38795999999999997
3326,0.31022000000000005
3327,0.28358999999999995
3328,0.12871000000000002
3329,0.02451
3330,0.0
3331,0.0
3332,0.0
3333,0.0
3334,0.0
3335,0.0
3336,0.0
3337,0.0
3338,0.0
3339,0.0
3340,0.0
3341,0.0
3342,0.01166
3343,0.057
3344,0.15209
3345,0.03517
3346,0.06396
3347,0.1272
3348,0.3638
3349,0.19069
3350,0.33696
3351,0.20282
3352,0.13088
3353,0.02768
3354,0.0
3355,0.0
3356,0.0
3357,0.0
3358,0.0
3359,0.0
3360,0.0
3361,0.0
3362,0.0
3363,0.0
3364,0.0
3365,0.0
3366,0.00206
3367,0.03306
3368,0.03376
3369,0.15446000000000001
3370,0.22031
3371,0.26677999999999996
3372,0.21333000000000002
3373,0.33044999999999997
3374,0.29498
3375,0.22015
3376,0.11178
3377,0.02238
3378,0.0
3379,0.0
3380,0.0
3381,0.0
3382,0.0
3383,0.0
3384,0.0
3385,0.0
3386,0.0
3387,0.0
3388,0.0
3389,0.0
3390,0.00891
3391,0.12295
3392,0.23688
3393,0.2521
3394,0.39194
3395,0.37583
3396,0.44203
3397,0.5067
3398,0.43588
3399,0.28626
3400,0.10037
3401,0.02414
3402,0.0
3403,0.0
3404,0.0
3405,0.0
3406,0.0
3407,0.0
3408,0.0
3409,0.0
3410,0.0
3411,0.0
3412,0.0
3413,0.0
3414,0.00537
3415,0.01737
3416,0.010029999999999999
3417,0.11810999999999999
3418,0.04617
3419,0.0396
3420,0.04491
3421,0.31773
3422,0.21677000000000002
3423,0.12285
3424,0.03732
3425,0.00566
3426,0.0
3427,0.0
3428,0.0
3429,0.0
3430,0.0
3431,0.0
3432,0.0
3433,0.0
3434,0.0
3435,0.0
3436,0.0
3437,0.0
3438,0.013689999999999999
3439,0.07876000000000001
3440,0.14095
3441,0.18131999999999998
3442,0.25952
3443,0.33594999999999997
3444,0.33146
3445,0.39642
3446,0.30716000000000004
3447,0.21452000000000002
3448,0.10213
3449,0.02129
3450,0.0
3451,0.0
3452,0.0
3453,0.0
3454,0.0
3455,0.0
3456,0.0
3457,0.0
3458,0.0
3459,0.0
3460,0.0
3461,0.0
3462,0.00417
3463,0.05043
3464,0.13209
3465,0.11669
3466,0.21666
3467,0.33574
3468,0.28573000000000004
3469,0.26597000000000004
3470,0.31001
3471,0.2342
3472,0.08932
3473,0.0297
3474,0.0
3475,0.0
3476,0.0
3477,0.0
3478,0.0
3479,0.0
3480,0.0
3481,0.0
3482,0.0
3483,0.0
3484,0.0
3485,0.0
3486,0.007690000000000001
3487,0.062189999999999995
3488,0.16749
3489,0.21193
3490,0.3093
3491,0.22762000000000002
3492,0.13942
3493,0.30175
3494,0.20932
3495,0.10136
3496,0.04314
3497,0.00584
3498,0.0
3499,0.0
3500,0.0
3501,0.0
3502,0.0
3503,0.0
3504,0.0
3505,0.0
3506,0.0
3507,0.0
3508,0.0
3509,0.0
3510,0.0032400000000000003
3511,0.03125
3512,0.08743000000000001
3513,0.16509000000000001
3514,0.14353
3515,0.21162
3516,0.21666
3517,0.41117000000000004
3518,0.38549
3519,0.23049
3520,0.1207
3521,0.039229999999999994
3522,0.0
3523,0.0
3524,0.0
3525,0.0
3526,0.0
3527,0.0
3528,0.0
3529,0.0
3530,0.0
3531,0.0
3532,0.0
3533,0.0
3534,0.0030099999999999997
3535,0.02182
3536,0.052090000000000004
3537,0.07497
3538,0.09575
3539,0.12323999999999999
3540,0.13006
3541,0.35370999999999997
3542,0.30829
3543,0.27876
3544,0.09752
3545,0.01873
3546,0.0
3547,0.0
3548,0.0
3549,0.0
3550,0.0
3551,0.0
3552,0.0
3553,0.0
3554,0.0
3555,0.0
3556,0.0
3557,0.0
3558,0.00688
3559,0.07855
3560,0.17266
3561,0.28432999999999997
3562,0.29541
3563,0.4057
3564,0.22316
3565,0.36939
3566,0.28293
3567,0.19009
3568,0.11559
3569,0.02855
3570,0.0
3571,0.0
3572,0.0
3573,0.0
3574,0.0
3575,0.0
3576,0.0
3577,0.0
3578,0.0
3579,0.0
3580,0.0
3581,0.0
3582,0.011550000000000001
3583,0.053450000000000004
3584,0.06985
3585,0.11202
3586,0.20867
3587,0.30002999999999996
3588,0.38549
3589,0.29941
3590,0.47858999999999996
3591,0.27737
3592,0.15563999999999997
3593,0.04466
3594,0.0
3595,0.0
3596,0.0
3597,0.0
3598,0.0
3599,0.0
3600,0.0
3601,0.0
3602,0.0
3603,0.0
3604,0.0
3605,0.0
3606,0.01159
3607,0.10434
3608,0.22272999999999998
3609,0.36695999999999995
3610,0.41910000000000003
3611,0.51168
3612,0.5546
3613,0.34916
3614,0.36843
3615,0.34129000000000004
3616,0.21728
3617,0.0394
3618,0.0
3619,0.0
3620,0.0
3621,0.0
3622,0.0
3623,0.0
3624,0.0
3625,0.0
3626,0.0
3627,0.0
3628,0.0
3629,0.0
3630,0.0
3631,0.00556
3632,0.015210000000000001
3633,0.07854000000000001
3634,0.11974
3635,0.20683
3636,0.19949
3637,0.27932
3638,0.22312
3639,0.15565
3640,0.08868000000000001
3641,0.00923
3642,0.0
3643,0.0
3644,0.0
3645,0.0
3646,0.0
3647,0.0
3648,0.0
3649,0.0
3650,0.0
3651,0.0
3652,0.0
3653,0.0
3654,0.012060000000000001
3655,0.11363
3656,0.21762
3657,0.36252999999999996
3658,0.44427
3659,0.39358
3660,0.35313
3661,0.40066
3662,0.32907
3663,0.23041999999999999
3664,0.13915
3665,0.03793
3666,0.0
3667,0.0
3668,0.0
3669,0.0
3670,0.0
3671,0.0
3672,0.0
3673,0.0
3674,0.0
3675,0.0
3676,0.0
3677,0.0
3678,0.00423
3679,0.022350000000000002
3680,0.05758
3681,0.056299999999999996
3682,0.18375999999999998
3683,0.15278999999999998
3684,0.24934
3685,0.30045
3686,0.33798
3687,0.20175
3688,0.1418
3689,0.013630000000000001
3690,0.0
3691,0.0
3692,0.0
3693,0.0
3694,0.0
3695,0.0
3696,0.0
3697,0.0
3698,0.0
3699,0.0
3700,0.0
3701,0.0
3702,0.0050999999999999995
3703,0.033
3704,0.07164
3705,0.12106
3706,0.15169
3707,0.21896000000000002
3708,0.20088
3709,0.22232
3710,0.2105
3711,0.14309
3712,0.06116
3713,0.02014
3714,0.0
3715,0.0
3716,0.0
3717,0.0
3718,0.0
3719,0.0
3720,0.0
3721,0.0
3722,0.0
3723,0.0
3724,0.0
3725,0.0
3726,0.00391
3727,0.02511
3728,0.09652
3729,0.16234
3730,0.14648
3731,0.19559
3732,0.17502
3733,0.21837
3734,0.17599
3735,0.13472
3736,0.039810000000000005
3737,0.00934
3738,0.0
3739,0.0
3740,0.0
3741,0.0
3742,0.0
3743,0.0
3744,0.0
3745,0.0
3746,0.0
3747,0.0
3748,0.0
3749,0.0
3750,0.00444
3751,0.04917
3752,0.06922
3753,0.15256
3754,0.14646
3755,0.13162000000000001
3756,0.11125
3757,0.23496
3758,0.19337000000000001
3759,0.11078
3760,0.07740000000000001
3761,0.01081
3762,0.0
3763,0.0
3764,0.0
3765,0.0
3766,0.0
3767,0.0
3768,0.0
3769,0.0
3770,0.0
3771,0.0
3772,0.0
3773,0.0
3774,0.0014
3775,0.05917
3776,0.14125
3777,0.3247
3778,0.48393
3779,0.5183
3780,0.58529
3781,0.44527999999999995
3782,0.32363
3783,0.27082
3784,0.15802000000000002
3785,0.055850000000000004
3786,0.0
3787,0.0
3788,0.0
3789,0.0
3790,0.0
3791,0.0
3792,0.0
3793,0.0
3794,0.0
3795,0.0
3796,0.0
3797,0.0
3798,0.00887
3799,0.07753
3800,0.16596
3801,0.21962
3802,0.3997
3803,0.39522
3804,0.31966
3805,0.29857
3806,0.33007
3807,0.18119
3808,0.09029000000000001
3809,0.02782
3810,0.0
3811,0.0
3812,0.0
3813,0.0
3814,0.0
3815,0.0
3816,0.0
3817,0.0
3818,0.0
3819,0.0
3820,0.0
3821,0.0
3822,0.011460000000000001
3823,0.07596
3824,0.18746000000000002
3825,0.24803
3826,0.22541999999999998
3827,0.14007
3828,0.13343
3829,0.36924
3830,0.30888
3831,0.16197999999999999
3832,0.09964
3833,0.011519999999999999
3834,0.0
3835,0.0
3836,0.0
3837,0.0
3838,0.0
3839,0.0
3840,0.0
3841,0.0
3842,0.0
3843,0.0
3844,0.0
3845,0.0
3846,0.00934
3847,0.04845
3848,0.13376
3849,0.16721
3850,0.18687
3851,0.21381999999999998
3852,0.15312
3853,0.4009
3854,0.32747000000000004
3855,0.22602
3856,0.10557
3857,0.02863
3858,0.0
3859,0.0
3860,0.0
3861,0.0
3862,0.0
3863,0.0
3864,0.0
3865,0.0
3866,0.0
3867,0.0
3868,0.0
3869,0.0
3870,0.0
3871,0.01021
3872,0.04212
3873,0.02137
3874,0.05694
3875,0.05064
3876,0.08305
3877,0.37399
3878,0.28722000000000003
3879,0.1422
3880,0.09262000000000001
3881,0.032
3882,0.0
3883,0.0
3884,0.0
3885,0.0
3886,0.0
3887,0.0
3888,0.0
3889,0.0
3890,0.0
3891,0.0
3892,0.0
3893,0.0
3894,0.00126
3895,0.0154
3896,0.040780000000000004
3897,0.04045
3898,0.04022
3899,0.05045
3900,0.09358
3901,0.39925
3902,0.40336
3903,0.22003999999999999
3904,0.13748
3905,0.023960000000000002
3906,0.0
3907,0.0
3908,0.0
3909,0.0
3910,0.0
3911,0.0
3912,0.0
3913,0.0
3914,0.0
3915,0.0
3916,0.0
3917,0.0
3918,0.0
3919,0.0029100000000000003
3920,0.02248
3921,0.0048
3922,0.02527
3923,0.03731
3924,0.06536
3925,0.45114
3926,0.32932
3927,0.23491
3928,0.1346
3929,0.03748
3930,0.0
3931,0.0
3932,0.0
3933,0.0
3934,0.0
3935,0.0
3936,0.0
3937,0.0
3938,0.0
3939,0.0
3940,0.0
3941,0.0
3942,0.00717
3943,0.066
3944,0.11205
3945,0.16972
3946,0.19263
3947,0.23266
3948,0.28499
3949,0.48989
3950,0.26747000000000004
3951,0.10975
3952,0.03605
3953,0.0078
3954,0.0
3955,0.0
3956,0.0
3957,0.0
3958,0.0
3959,0.0
3960,0.0
3961,0.0
3962,0.0
3963,0.0
3964,0.0
3965,0.0
3966,0.01025
3967,0.06806999999999999
3968,0.15186000000000002
3969,0.17704
3970,0.12473000000000001
3971,0.21642
3972,0.30974
3973,0.38904
3974,0.30856
3975,0.18936
3976,0.07475
3977,0.013859999999999999
3978,0.0
3979,0.0
3980,0.0
3981,0.0
3982,0.0
3983,0.0
3984,0.0
3985,0.0
3986,0.0
3987,0.0
3988,0.0
3989,0.0
3990,0.00165
3991,0.01479
3992,0.09115000000000001
3993,0.23543
3994,0.32498
3995,0.40732999999999997
3996,0.33682
3997,0.43344
3998,0.34863
3999,0.24057
4000,0.12321
4001,0.02741
4002,0.0
4003,0.0
4004,0.0
4005,0.0
4006,0.0
4007,0.0
4008,0.0
4009,0.0
4010,0.0
4011,0.0
4012,0.0
4013,0.0
4014,0.00697
4015,0.05927
4016,0.15513
4017,0.24096
4018,0.30754000000000004
4019,0.31462
4020,0.28106
4021,0.19036
4022,0.16379
4023,0.10041
4024,0.0689
4025,0.0223
4026,0.0
4027,0.0
4028,0.0
4029,0.0
4030,0.0
4031,0.0
4032,0.0
4033,0.0
4034,0.0
4035,0.0
4036,0.0
4037,0.0
4038,0.00453
4039,0.03135
4040,0.08816
4041,0.17762999999999998
4042,0.22361
4043,0.28984
4044,0.31571
4045,0.33547000000000005
4046,0.29912
4047,0.1452
4048,0.0711
4049,0.00825
4050,0.0
4051,0.0
4052,0.0
4053,0.0
4054,0.0
4055,0.0
4056,0.0
4057,0.0
4058,0.0
4059,0.0
4060,0.0
4061,0.0
4062,0.00594
4063,0.04302
4064,0.11239
4065,0.12276000000000001
4066,0.22158
4067,0.2993
4068,0.2469
4069,0.39326
4070,0.24852000000000002
4071,0.12991
4072,0.065
4073,0.01116
4074,0.0
4075,0.0
4076,0.0
4077,0.0
4078,0.0
4079,0.0
4080,0.0
4081,0.0
4082,0.0
4083,0.0
4084,0.0
4085,0.0
4086,0.00645
4087,0.05238
4088,0.0687
4089,0.22285
4090,0.18635
4091,0.25347
4092,0.30965
4093,0.3546
4094,0.31676
4095,0.19018000000000002
4096,0.04246
4097,0.01686
4098,0.0
4099,0.0
4100,0.0
4101,0.0
4102,0.0
4103,0.0
4104,0.0
4105,0.0
4106,0.0
4107,0.0
4108,0.0
4109,0.0
4110,0.00662
4111,0.04665999999999999
4112,0.15813999999999998
4113,0.24861000000000003
4114,0.32124
4115,0.3183
4116,0.40497000000000005
4117,0.32916
4118,0.20061
4119,0.25029
4120,0.14637999999999998
4121,0.036840000000000005
4122,0.0
4123,0.0
4124,0.0
4125,0.0
4126,0.0
4127,0.0
4128,0.0
4129,0.0
4130,0.0
4131,0.0
4132,0.0
4133,0.0
4134,0.00282
4135,0.054759999999999996
4136,0.17106
4137,0.23149
4138,0.26053
4139,0.25376
4140,0.28168
4141,0.42761
4142,0.32867
4143,0.194
4144,0.13009
4145,0.03896
4146,0.0
4147,0.0
4148,0.0
4149,0.0
4150,0.0
4151,0.0
4152,0.0
4153,0.0
4154,0.0
4155,0.0
4156,0.0
4157,0.0
4158,0.0076500000000000005
4159,0.08195999999999999
4160,0.19333
4161,0.29113
4162,0.38839999999999997
4163,0.34907
4164,0.46059
4165,0.40988
4166,0.44281
4167,0.24575
4168,0.08599
4169,0.03059
4170,0.0
4171,0.0
4172,0.0
4173,0.0
4174,0.0
4175,0.0
4176,0.0
4177,0.0
4178,0.0
4179,0.0
4180,0.0
4181,0.0
4182,0.00111
4183,0.019379999999999998
4184,0.03133
4185,0.06517
4186,0.15181
4187,0.14292
4188,0.14695
4189,0.48342
4190,0.42791
4191,0.29342
4192,0.12193999999999999
4193,0.0144
4194,0.0
4195,0.0
4196,0.0
4197,0.0
4198,0.0
4199,0.0
4200,0.0
4201,0.0
4202,0.0
4203,0.0
4204,0.0
4205,0.0
4206,0.0072699999999999996
4207,0.06379
4208,0.1445
4209,0.21509999999999999
4210,0.26369
4211,0.30883999999999995
4212,0.18656999999999999
4213,0.34087
4214,0.24380000000000002
4215,0.13469
4216,0.03602
4217,0.02792
4218,0.0
4219,0.0
4220,0.0
4221,0.0
4222,0.0
4223,0.0
4224,0.0
4225,0.0
4226,0.0
4227,0.0
4228,0.0
4229,0.0
4230,0.00226
4231,0.02887
4232,0.06913
4233,0.15199000000000001
4234,0.11581999999999999
4235,0.24450999999999998
4236,0.19349
4237,0.34062
4238,0.23193
4239,0.17552
4240,0.08373
4241,0.0202
4242,0.0
4243,0.0
4244,0.0
4245,0.0
4246,0.0
4247,0.0
4248,0.0
4249,0.0
4250,0.0
4251,0.0
4252,0.0
4253,0.0
4254,0.00458
4255,0.06996
4256,0.12140999999999999
4257,0.24509999999999998
4258,0.38276
4259,0.29854
4260,0.24938
4261,0.31645
4262,0.33136
4263,0.13788
4264,0.12048
4265,0.01574
4266,0.0
4267,0.0
4268,0.0
4269,0.0
4270,0.0
4271,0.0
4272,0.0
4273,0.0
4274,0.0
4275,0.0
4276,0.0
4277,0.0
4278,0.00214
4279,0.06099
4280,0.11563
4281,0.12045
4282,0.29622000000000004
4283,0.33463
4284,0.33753
4285,0.53789
4286,0.3973
4287,0.20063999999999999
4288,0.12682
4289,0.028829999999999998
4290,0.0
4291,0.0
4292,0.0
4293,0.0
4294,0.0
4295,0.0
4296,0.0
4297,0.0
4298,0.0
4299,0.0
4300,0.0
4301,0.0
4302,0.0045899999999999995
4303,0.048780000000000004
4304,0.08963
4305,0.13888
4306,0.11154
4307,0.21521
4308,0.22959000000000002
4309,0.4835
4310,0.35679
4311,0.31153
4312,0.15675
4313,0.03529
4314,0.0
4315,0.0
4316,0.0
4317,0.0
4318,0.0
4319,0.0
4320,0.0
4321,0.0
4322,0.0
4323,0.0
4324,0.0
4325,0.0
4326,0.00432
4327,0.06553
4328,0.12235
4329,0.24322
4330,0.29149
4331,0.38194
4332,0.44506999999999997
4333,0.3619
4334,0.19463999999999998
4335,0.17563
4336,0.11379
4337,0.022600000000000002
4338,0.0
4339,0.0
4340,0.0
4341,0.0
4342,0.0
4343,0.0
4344,0.0
4345,0.0
4346,0.0
4347,0.0
4348,0.0
4349,0.0
4350,0.00552
4351,0.05102
4352,0.13286
4353,0.28302
4354,0.41084
4355,0.47412
4356,0.4516
4357,0.54438
4358,0.45622
4359,0.24864
4360,0.15787
4361,0.04616
4362,0.0
4363,0.0
4364,0.0
4365,0.0
4366,0.0
4367,0.0
4368,0.0
4369,0.0
4370,0.0
4371,0.0
4372,0.0
4373,0.0
4374,0.0030099999999999997
4375,0.03605
4376,0.06218
4377,0.14475
4378,0.21859
4379,0.25719
4380,0.23796
4381,0.41399
4382,0.38632
4383,0.26972
4384,0.15188
4385,0.05218
4386,0.0
4387,0.0
4388,0.0
4389,0.0
4390,0.0
4391,0.0
4392,0.0
4393,0.0
4394,0.0
4395,0.0
4396,0.0
4397,0.0
4398,0.00649
4399,0.0745
4400,0.19016999999999998
4401,0.35481
4402,0.49845
4403,0.55184
4404,0.60346
4405,0.43315
4406,0.32558
4407,0.27337
4408,0.12149
4409,0.03302
4410,0.0
4411,0.0
4412,0.0
4413,0.0
4414,0.0
4415,0.0
4416,0.0
4417,0.0
4418,0.0
4419,0.0
4420,0.0
4421,0.0
4422,0.00266
4423,0.026420000000000003
4424,0.06827
4425,0.09658
4426,0.16572
4427,0.22181
4428,0.19722
4429,0.53389
4430,0.35602
4431,0.20779
4432,0.12481999999999999
4433,0.02414
4434,0.0
4435,0.0
4436,0.0
4437,0.0
4438,0.0
4439,0.0
4440,0.0
4441,0.0
4442,0.0
4443,0.0
4444,0.0
4445,0.0
4446,0.0
4447,0.00415
4448,0.0007099999999999999
4449,0.0
4450,0.00316
4451,0.03782
4452,0.02391
4453,0.21972999999999998
4454,0.2302
4455,0.15180000000000002
4456,0.08623
4457,0.00547
4458,0.0
4459,0.0
4460,0.0
4461,0.0
4462,0.0
4463,0.0
4464,0.0
4465,0.0
4466,0.0
4467,0.0
4468,0.0
4469,0.0
4470,0.00554
4471,0.029670000000000002
4472,0.04904
4473,0.13313
4474,0.13921
4475,0.11718
4476,0.25748000000000004
4477,0.41893
4478,0.24642
4479,0.19390000000000002
4480,0.07062
4481,0.01675
4482,0.0
4483,0.0
4484,0.0
4485,0.0
4486,0.0
4487,0.0
4488,0.0
4489,0.0
4490,0.0
4491,0.0
4492,0.0
4493,0.0
4494,0.00379
4495,0.02479
4496,0.03804
4497,0.046590000000000006
4498,0.10432999999999999
4499,0.15619999999999998
4500,0.3107
4501,0.42798
4502,0.29942
4503,0.27976999999999996
4504,0.17643999999999999
4505,0.03162
4506,0.0
4507,0.0
4508,0.0
4509,0.0
4510,0.0
4511,0.0
4512,0.0
4513,0.0
4514,0.0
4515,0.0
4516,0.0
4517,0.0
4518,0.0041600000000000005
4519,0.04193
4520,0.12891
4521,0.25901
4522,0.26944
4523,0.29406
4524,0.33759
4525,0.45244999999999996
4526,0.34085000000000004
4527,0.20211
4528,0.12606
4529,0.02857
4530,0.0
4531,0.0
4532,0.0
4533,0.0
4534,0.0
4535,0.0
4536,0.0
4537,0.0
4538,0.0
4539,0.0
4540,0.0
4541,0.0
4542,0.00728
4543,0.06885
4544,0.14443
4545,0.23344
4546,0.25388
4547,0.34226
4548,0.47179000000000004
4549,0.34624
4550,0.35411000000000004
4551,0.26348
4552,0.08782999999999999
4553,0.01721
4554,0.0
4555,0.0
4556,0.0
4557,0.0
4558,0.0
4559,0.0
4560,0.0
4561,0.0
4562,0.0
4563,0.0
4564,0.0
4565,0.0
4566,0.0054800000000000005
4567,0.06695000000000001
4568,0.18875999999999998
4569,0.22531
4570,0.31492000000000003
4571,0.22078
4572,0.38118
4573,0.21092
4574,0.20081
4575,0.13909
4576,0.055479999999999995
4577,0.020730000000000002
4578,0.0
4579,0.0
4580,0.0
4581,0.0
4582,0.0
4583,0.0
4584,0.0
4585,0.0
4586,0.0
4587,0.0
4588,0.0
4589,0.0
4590,0.00545
4591,0.0509
4592,0.11337
4593,0.23215
4594,0.3135
4595,0.34032999999999997
4596,0.48965
4597,0.35212
4598,0.20269
4599,0.26226
4600,0.13972
4601,0.04057
4602,0.0
4603,0.0
4604,0.0
4605,0.0
4606,0.0
4607,0.0
4608,0.0
4609,0.0
4610,0.0
4611,0.0
4612,0.0
4613,0.0
4614,0.00296
4615,0.06595999999999999
4616,0.11992
4617,0.28189
4618,0.42776
4619,0.48554
4620,0.42971
4621,0.42462
4622,0.31649
4623,0.20858000000000002
4624,0.11097
4625,0.03332
4626,0.0
4627,0.0
4628,0.0
4629,0.0
4630,0.0
4631,0.0
4632,0.0
4633,0.0
4634,0.0
4635,0.0
4636,0.0
4637,0.0
4638,0.00273
4639,0.04614
4640,0.15109
4641,0.19696
4642,0.31247
4643,0.31872
4644,0.36745999999999995
4645,0.23918
4646,0.21803999999999998
4647,0.11628
4648,0.07088
4649,0.01754
4650,0.0
4651,0.0
4652,0.0
4653,0.0
4654,0.0
4655,0.0
4656,0.0
4657,0.0
4658,0.0
4659,0.0
4660,0.0
4661,0.0
4662,0.0015300000000000001
4663,0.034159999999999996
4664,0.05859
4665,0.07456
4666,0.09878
4667,0.15568
4668,0.24725999999999998
4669,0.26576
4670,0.34198
4671,0.19852
4672,0.08977
4673,0.0232
4674,0.0
4675,0.0
4676,0.0
4677,0.0
4678,0.0
4679,0.0
4680,0.0
4681,0.0
4682,0.0
4683,0.0
4684,0.0
4685,0.0
4686,0.00041999999999999996
4687,0.03917
4688,0.09242
4689,0.26347000000000004
4690,0.19638
4691,0.25231
4692,0.41391
4693,0.21069
4694,0.14837999999999998
4695,0.18669
4696,0.09444
4697,0.027190000000000002
4698,0.0
4699,0.0
4700,0.0
4701,0.0
4702,0.0
4703,0.0
4704,0.0
4705,0.0
4706,0.0
4707,0.0
4708,0.0
4709,0.0
4710,0.00261
4711,0.03989
4712,0.14803
4713,0.19768
4714,0.27117
4715,0.21631
4716,0.19216999999999998
4717,0.40697000000000005
4718,0.34425
4719,0.19255
4720,0.13188
4721,0.046329999999999996
4722,0.0
4723,0.0
4724,0.0
4725,0.0
4726,0.0
4727,0.0
4728,0.0
4729,0.0
4730,0.0
4731,0.0
4732,0.0
4733,0.0
4734,0.0
4735,0.01593
4736,0.049049999999999996
4737,0.11528000000000001
4738,0.13323
4739,0.15941
4740,0.28479000000000004
4741,0.3271
4742,0.20328
4743,0.12417
4744,0.08967
4745,0.047
4746,0.0
4747,0.0
4748,0.0
4749,0.0
4750,0.0
4751,0.0
4752,0.0
4753,0.0
4754,0.0
4755,0.0
4756,0.0
4757,0.0
4758,0.00114
4759,0.018879999999999997
4760,0.0638
4761,0.07133
4762,0.03136
4763,0.020149999999999998
4764,0.0229
4765,0.19112
4766,0.23517
4767,0.18571000000000001
4768,0.08515
4769,0.02213
4770,0.0
4771,0.0
4772,0.0
4773,0.0
4774,0.0
4775,0.0
4776,0.0
4777,0.0
4778,0.0
4779,0.0
4780,0.0
4781,0.0
4782,0.0019199999999999998
4783,0.02832
4784,0.06321
4785,0.08419
4786,0.12922
4787,0.13272
4788,0.15186000000000002
4789,0.28258
4790,0.34695
4791,0.23707
4792,0.13762
4793,0.03435
4794,0.0
4795,0.0
4796,0.0
4797,0.0
4798,0.0
4799,0.0
4800,0.0
4801,0.0
4802,0.0
4803,0.0
4804,0.0
4805,0.0
4806,0.0026
4807,0.04029
4808,0.05482
4809,0.02612
4810,0.01209
4811,0.03424
4812,0.06548000000000001
4813,0.31714
4814,0.34432999999999997
4815,0.22563
4816,0.12633
4817,0.02988
4818,0.0
4819,0.0
4820,0.0
4821,0.0
4822,0.0
4823,0.0
4824,0.0
4825,0.0
4826,0.0
4827,0.0
4828,0.0
4829,0.0
4830,0.00069
4831,0.015220000000000001
4832,0.038689999999999995
4833,0.07146
4834,0.13373
4835,0.22019999999999998
4836,0.32281
4837,0.29411000000000004
4838,0.2959
4839,0.2119
4840,0.07074
4841,0.03761
4842,0.0
4843,0.0
4844,0.0
4845,0.0
4846,0.0
4847,0.0
4848,0.0
4849,0.0
4850,0.0
4851,0.0
4852,0.0
4853,0.0
4854,0.00414
4855,0.056240000000000005
4856,0.12117
4857,0.17663
4858,0.24412999999999999
4859,0.30284
4860,0.31588
4861,0.30478
4862,0.19316
4863,0.21253
4864,0.08707
4865,0.021079999999999998
4866,0.0
4867,0.0
4868,0.0
4869,0.0
4870,0.0
4871,0.0
4872,0.0
4873,0.0
4874,0.0
4875,0.0
4876,0.0
4877,0.0
4878,0.0028399999999999996
4879,0.030789999999999998
4880,0.05539
4881,0.08465
4882,0.11918000000000001
4883,0.15855000000000002
4884,0.22952
4885,0.40057
4886,0.3932
4887,0.19043000000000002
4888,0.03613
4889,0.01893
4890,0.0
4891,0.0
4892,0.0
4893,0.0
4894,0.0
4895,0.0
4896,0.0
4897,0.0
4898,0.0
4899,0.0
4900,0.0
4901,0.0
4902,0.0014399999999999999
4903,0.02565
4904,0.07208
4905,0.11325
4906,0.20296
4907,0.28775
4908,0.23188999999999999
4909,0.3142
4910,0.25915
4911,0.14056
4912,0.09074
4913,0.02053
4914,0.0
4915,0.0
4916,0.0
4917,0.0
4918,0.0
4919,0.0
4920,0.0
4921,0.0
4922,0.0
4923,0.0
4924,0.0
4925,0.0
4926,0.0049299999999999995
4927,0.07116
4928,0.18871000000000002
4929,0.32306
4930,0.43635
4931,0.52726
4932,0.33133999999999997
4933,0.27013
4934,0.32006999999999997
4935,0.23346
4936,0.10931999999999999
4937,0.02376
4938,0.0
4939,0.0
4940,0.0
4941,0.0
4942,0.0
4943,0.0
4944,0.0
4945,0.0
4946,0.0
4947,0.0
4948,0.0
4949,0.0
4950,0.00061
4951,0.012320000000000001
4952,0.06469
4953,0.05884
4954,0.10214
4955,0.20228
4956,0.38455
4957,0.38832
4958,0.20706
4959,0.15808000000000003
4960,0.07251
4961,0.01755
4962,0.0
4963,0.0
4964,0.0
4965,0.0
4966,0.0
4967,0.0
4968,0.0
4969,0.0
4970,0.0
4971,0.0
4972,0.0
4973,0.0
4974,0.0007700000000000001
4975,0.0144
4976,0.038729999999999994
4977,0.14659
4978,0.15122
4979,0.12997999999999998
4980,0.12838
4981,0.50722
4982,0.42046
4983,0.30815
4984,0.0952
4985,0.026940000000000002
4986,0.0
4987,0.0
4988,0.0
4989,0.0
4990,0.0
4991,0.0
4992,0.0
4993,0.0
4994,0.0
4995,0.0
4996,0.0
4997,0.0
4998,0.0
4999,0.02614
5000,0.07574
5001,0.05987
5002,0.16316
5003,0.1666
5004,0.13403
5005,0.34418
5006,0.28991
5007,0.14790999999999999
5008,0.11453
5009,0.0405
5010,0.0
5011,0.0
5012,0.0
5013,0.0
5014,0.0
5015,0.0
5016,0.0
5017,0.0
5018,0.0
5019,0.0
5020,0.0
5021,0.0
5022,0.00181
5023,0.0
5024,0.00039
5025,0.01577
5026,0.0354
5027,0.13951
5028,0.22481
5029,0.27191000000000004
5030,0.24027
5031,0.17441
5032,0.08114
5033,0.018170000000000002
5034,0.0
5035,0.0
5036,0.0
5037,0.0
5038,0.0
5039,0.0
5040,0.0
5041,0.0
5042,0.0
5043,0.0
5044,0.0
5045,0.0
5046,0.00425
5047,0.05181
5048,0.12226999999999999
5049,0.22793
5050,0.24137
5051,0.35737
5052,0.37875
5053,0.45206
5054,0.34044
5055,0.22338999999999998
5056,0.09676
5057,0.023559999999999998
5058,0.0
5059,0.0
5060,0.0
5061,0.0
5062,0.0
5063,0.0
5064,0.0
5065,0.0
5066,0.0
5067,0.0
5068,0.0
5069,0.0
5070,0.00237
5071,0.01968
5072,0.1469
5073,0.22587000000000002
5074,0.40282
5075,0.35637
5076,0.41243
5077,0.29478
5078,0.49881
5079,0.35308
5080,0.18363
5081,0.05668
5082,0.0
5083,0.0
5084,0.0
5085,0.0
5086,0.0
5087,0.0
5088,0.0
5089,0.0
5090,0.0
5091,0.0
5092,0.0
5093,0.0
5094,0.0056500000000000005
5095,0.10054
5096,0.25735
5097,0.39682999999999996
5098,0.51566
5099,0.61227
5100,0.46866
5101,0.53197
5102,0.43193
5103,0.28844
5104,0.16808
5105,0.04489
5106,0.0
5107,0.0
5108,0.0
5109,0.0
5110,0.0
5111,0.0
5112,0.0
5113,0.0
5114,0.0
5115,0.0
5116,0.0
5117,0.0
5118,0.0
5119,0.01622
5120,0.09395999999999999
5121,0.16873
5122,0.31274
5123,0.43516000000000005
5124,0.5155700000000001
5125,0.32001
5126,0.39130000000000004
5127,0.26254
5128,0.13403
5129,0.04333
5130,0.0
5131,0.0
5132,0.0
5133,0.0
5134,0.0
5135,0.0
5136,0.0
5137,0.0
5138,0.0
5139,0.0
5140,0.0
5141,0.0
5142,0.0
5143,0.0
5144,0.00122
5145,0.02225
5146,0.08713
5147,0.19419
5148,0.12139
5149,0.30022000000000004
5150,0.40974
5151,0.22697
5152,0.08502
5153,0.02183
5154,0.0
5155,0.0
5156,0.0
5157,0.0
5158,0.0
5159,0.0
5160,0.0
5161,0.0
5162,0.0
5163,0.0
5164,0.0
5165,0.0
5166,0.0010500000000000002
5167,0.02631
5168,0.09366
5169,0.07904000000000001
5170,0.26677999999999996
5171,0.3023
5172,0.31415
5173,0.36769
5174,0.28429000000000004
5175,0.26979000000000003
5176,0.1444
5177,0.06934
5178,0.0
5179,0.0
5180,0.0
5181,0.0
5182,0.0
5183,0.0
5184,0.0
5185,0.0
5186,0.0
5187,0.0
5188,0.0
5189,0.0
5190,0.00501
5191,0.07831999999999999
5192,0.19394
5193,0.39444999999999997
5194,0.50159
5195,0.57202
5196,0.44089
5197,0.48979
5198,0.34998
5199,0.28514999999999996
5200,0.23075
5201,0.047060000000000005
5202,0.0
5203,0.0
5204,0.0
5205,0.0
5206,0.0
5207,0.0
5208,0.0
5209,0.0
5210,0.0
5211,0.0
5212,0.0
5213,0.0
5214,0.00674
5215,0.07989
5216,0.22172
5217,0.35997
5218,0.39647000000000004
5219,0.49237000000000003
5220,0.48113
5221,0.45792
5222,0.45176
5223,0.33887
5224,0.15791999999999998
5225,0.02515
5226,0.0
5227,0.0
5228,0.0
5229,0.0
5230,0.0
5231,0.0
5232,0.0
5233,0.0
5234,0.0
5235,0.0
5236,0.0
5237,0.0
5238,0.0078
5239,0.05864
5240,0.16219999999999998
5241,0.23505
5242,0.24555000000000002
5243,0.34801
5244,0.32703
5245,0.5260499999999999
5246,0.5265
5247,0.30823
5248,0.15624000000000002
5249,0.02476
5250,0.0
5251,0.0
5252,0.0
5253,0.0
5254,0.0
5255,0.0
5256,0.0
5257,0.0
5258,0.0
5259,0.0
5260,0.0
5261,0.0
5262,0.0
5263,0.02955
5264,0.04759
5265,0.13422
5266,0.22881
5267,0.31472
5268,0.35814999999999997
5269,0.39820999999999995
5270,0.3406
5271,0.24406999999999998
5272,0.13526
5273,0.03735
5274,0.0
5275,0.0
5276,0.0
5277,0.0
5278,0.0
5279,0.0
5280,0.0
5281,0.0
5282,0.0
5283,0.0
5284,0.0
5285,0.0
5286,0.0040999999999999995
5287,0.07169
5288,0.15869
5289,0.30898000000000003
5290,0.37674
5291,0.38959
5292,0.44207
5293,0.48922000000000004
5294,0.30818
5295,0.22683
5296,0.0989
5297,0.01891
5298,0.0
5299,0.0
5300,0.0
5301,0.0
5302,0.0
5303,0.0
5304,0.0
5305,0.0
5306,0.0
5307,0.0
5308,0.0
5309,0.0
5310,0.00501
5311,0.05729
5312,0.16332
5313,0.16161
5314,0.24653999999999998
5315,0.23634
5316,0.36702999999999997
5317,0.42687
5318,0.41302
5319,0.31265
5320,0.13933
5321,0.05514
5322,0.0
5323,0.0
5324,0.0
5325,0.0
5326,0.0
5327,0.0
5328,0.0
5329,0.0
5330,0.0
5331,0.0
5332,0.0
5333,0.0
5334,0.00645
5335,0.07226
5336,0.26109
5337,0.32648
5338,0.51481
5339,0.5012300000000001
5340,0.41899000000000003
5341,0.49826
5342,0.36063
5343,0.28734
5344,0.13936
5345,0.05174
5346,0.0
5347,0.0
5348,0.0
5349,0.0
5350,0.0
5351,0.0
5352,0.0
5353,0.0
5354,0.0
5355,0.0
5356,0.0
5357,0.0
5358,0.00687
5359,0.09623000000000001
5360,0.15536000000000003
5361,0.25295
5362,0.45791000000000004
5363,0.44956999999999997
5364,0.46614
5365,0.40181
5366,0.35512
5367,0.19935
5368,0.104
5369,0.03365
5370,0.0
5371,0.0
5372,0.0
5373,0.0
5374,0.0
5375,0.0
5376,0.0
5377,0.0
5378,0.0
5379,0.0
5380,0.0
5381,0.0
5382,0.0
5383,0.00317
5384,0.00949
5385,0.02699
5386,0.09895999999999999
5387,0.12434
5388,0.18903
5389,0.32724000000000003
5390,0.27522
5391,0.16879
5392,0.06091
5393,0.020829999999999998
5394,0.0
5395,0.0
5396,0.0
5397,0.0
5398,0.0
5399,0.0
5400,0.0
5401,0.0
5402,0.0
5403,0.0
5404,0.0
5405,0.0
5406,0.00299
5407,0.032170000000000004
5408,0.0717
5409,0.11161
5410,0.18017
5411,0.14511000000000002
5412,0.18637
5413,0.4552
5414,0.19074000000000002
5415,0.16658
5416,0.0366
5417,0.010230000000000001
5418,0.0
5419,0.0
5420,0.0
5421,0.0
5422,0.0
5423,0.0
5424,0.0
5425,0.0
5426,0.0
5427,0.0
5428,0.0
5429,0.0
5430,0.004059999999999999
5431,0.08101
5432,0.17934
5433,0.3405
5434,0.44468
5435,0.43891
5436,0.51437
5437,0.40849
5438,0.35537
5439,0.15874000000000002
5440,0.08004
5441,0.033350000000000005
5442,0.0
5443,0.0
5444,0.0
5445,0.0
5446,0.0
5447,0.0
5448,0.0
5449,0.0
5450,0.0
5451,0.0
5452,0.0
5453,0.0
5454,0.005679999999999999
5455,0.09893
5456,0.23134
5457,0.38306999999999997
5458,0.32116
5459,0.41575
5460,0.42851999999999996
5461,0.35584
5462,0.2792
5463,0.16094
5464,0.12289
5465,0.026719999999999997
5466,0.0
5467,0.0
5468,0.0
5469,0.0
5470,0.0
5471,0.0
5472,0.0
5473,0.0
5474,0.0
5475,0.0
5476,0.0
5477,0.0
5478,0.00587
5479,0.06797
5480,0.19343000000000002
5481,0.26965
5482,0.49697
5483,0.48352
5484,0.52986
5485,0.32972
5486,0.32382
5487,0.32376
5488,0.09877
5489,0.0209
5490,0.0
5491,0.0
5492,0.0
5493,0.0
5494,0.0
5495,0.0
5496,0.0
5497,0.0
5498,0.0
5499,0.0
5500,0.0
5501,0.0
5502,0.00176
5503,0.0297
5504,0.08469
5505,0.1667
5506,0.23982
5507,0.32112
5508,0.3409
5509,0.40512
5510,0.23203000000000001
5511,0.14325
5512,0.05579
5513,0.01184
5514,0.0
5515,0.0
5516,0.0
5517,0.0
5518,0.0
5519,0.0
5520,0.0
5521,0.0
5522,0.0
5523,0.0
5524,0.0
5525,0.0
5526,0.00536
5527,0.06503
5528,0.13472
5529,0.24794
5530,0.31335
5531,0.26331
5532,0.4612
5533,0.40551
5534,0.36757
5535,0.17483
5536,0.13055
5537,0.04474
5538,0.0
5539,0.0
5540,0.0
5541,0.0
5542,0.0
5543,0.0
5544,0.0
5545,0.0
5546,0.0
5547,0.0
5548,0.0
5549,0.0
5550,0.00591
5551,0.062
5552,0.2769
5553,0.36775
5554,0.47920999999999997
5555,0.5115299999999999
5556,0.46878
5557,0.4585
5558,0.50728
5559,0.26785000000000003
5560,0.19478
5561,0.028300000000000002
5562,0.0
5563,0.0
5564,0.0
5565,0.0
5566,0.0
5567,0.0
5568,0.0
5569,0.0
5570,0.0
5571,0.0
5572,0.0
5573,0.0
5574,0.0053
5575,0.06309000000000001
5576,0.11039
5577,0.18649000000000002
5578,0.33336
5579,0.39582
5580,0.43186
5581,0.34451
5582,0.34711000000000003
5583,0.16763
5584,0.06539
5585,0.0213
5586,0.0
5587,0.0
5588,0.0
5589,0.0
5590,0.0
5591,0.0
5592,0.0
5593,0.0
5594,0.0
5595,0.0
5596,0.0
5597,0.0
5598,0.00359
5599,0.05486
5600,0.17744
5601,0.27416
5602,0.29107
5603,0.29181
5604,0.30271
5605,0.30775
5606,0.26180000000000003
5607,0.18409
5608,0.0654
5609,0.02118
5610,0.0
5611,0.0
5612,0.0
5613,0.0
5614,0.0
5615,0.0
5616,0.0
5617,0.0
5618,0.0
5619,0.0
5620,0.0
5621,0.0
5622,0.0
5623,0.0005600000000000001
5624,0.02402
5625,0.09048
5626,0.08127
5627,0.17536000000000002
5628,0.26327
5629,0.5294800000000001
5630,0.37109
5631,0.17815
5632,0.06423999999999999
5633,0.013900000000000001
5634,0.0
5635,0.0
5636,0.0
5637,0.0
5638,0.0
5639,0.0
5640,0.0
5641,0.0
5642,0.0
5643,0.0
5644,0.0
5645,0.0
5646,0.0034
5647,0.04314
5648,0.14875
5649,0.33116
5650,0.43410000000000004
5651,0.51002
5652,0.61413
5653,0.47407
5654,0.45817
5655,0.27161
5656,0.14779
5657,0.02048
5658,0.0
5659,0.0
5660,0.0
5661,0.0
5662,0.0
5663,0.0
5664,0.0
5665,0.0
5666,0.0
5667,0.0
5668,0.0
5669,0.0
5670,0.0
5671,0.0072
5672,0.01554
5673,0.025920000000000002
5674,0.07346
5675,0.11391
5676,0.214
5677,0.42482
5678,0.38117
5679,0.28258999999999995
5680,0.14093
5681,0.030019999999999998
5682,0.0
5683,0.0
5684,0.0
5685,0.0
5686,0.0
5687,0.0
5688,0.0
5689,0.0
5690,0.0
5691,0.0
5692,0.0
5693,0.0
5694,0.00646
5695,0.04686
5696,0.14603
5697,0.35692
5698,0.4403
5699,0.40523000000000003
5700,0.42149000000000003
5701,0.25094
5702,0.30386
5703,0.26344
5704,0.13479
5705,0.02321
5706,0.0
5707,0.0
5708,0.0
5709,0.0
5710,0.0
5711,0.0
5712,0.0
5713,0.0
5714,0.0
5715,0.0
5716,0.0
5717,0.0
5718,0.00401
5719,0.055979999999999995
5720,0.07525
5721,0.15762
5722,0.20532
5723,0.36884
5724,0.37426
5725,0.47548
5726,0.33392
5727,0.25622
5728,0.09226999999999999
5729,0.008029999999999999
5730,0.0
5731,0.0
5732,0.0
5733,0.0
5734,0.0
5735,0.0
5736,0.0
5737,0.0
5738,0.0
5739,0.0
5740,0.0
5741,0.0
5742,0.0
5743,0.00466
5744,0.04046
5745,0.05189
5746,0.13213999999999998
5747,0.22891
5748,0.30269999999999997
5749,0.30445999999999995
5750,0.22566
5751,0.16844
5752,0.06418
5753,0.01554
5754,0.0
5755,0.0
5756,0.0
5757,0.0
5758,0.0
5759,0.0
5760,0.0
5761,0.0
5762,0.0
5763,0.0
5764,0.0
5765,0.0
5766,0.00321
5767,0.01862
5768,0.06279
5769,0.13066
5770,0.25099
5771,0.30175
5772,0.33217
5773,0.34306
5774,0.32996
5775,0.15722
5776,0.10758
5777,0.01659
5778,0.0
5779,0.0
5780,0.0
5781,0.0
5782,0.0
5783,0.0
5784,0.0
5785,0.0
5786,0.0
5787,0.0
5788,0.0
5789,0.0
5790,0.00424
5791,0.06354
5792,0.10939
5793,0.19906000000000001
5794,0.32926
5795,0.36477
5796,0.43121
5797,0.47933
5798,0.40424
5799,0.27885000000000004
5800,0.08381
5801,0.019620000000000002
5802,0.0
5803,0.0
5804,0.0
5805,0.0
5806,0.0
5807,0.0
5808,0.0
5809,0.0
5810,0.0
5811,0.0
5812,0.0
5813,0.0
5814,0.0028
5815,0.06035
5816,0.16354
5817,0.42412
5818,0.57064
5819,0.51252
5820,0.57049
5821,0.46751
5822,0.38266
5823,0.25322
5824,0.11204
5825,0.03098
5826,0.0
5827,0.0
5828,0.0
5829,0.0
5830,0.0
5831,0.0
5832,0.0
5833,0.0
5834,0.0
5835,0.0
5836,0.0
5837,0.0
5838,0.0002
5839,0.0016799999999999999
5840,0.0
5841,0.07016
5842,0.13738999999999998
5843,0.14558000000000001
5844,0.12653
5845,0.29638
5846,0.29971
5847,0.25855
5848,0.10790000000000001
5849,0.01591
5850,0.0
5851,0.0
5852,0.0
5853,0.0
5854,0.0
5855,0.0
5856,0.0
5857,0.0
5858,0.0
5859,0.0
5860,0.0
5861,0.0
5862,0.00905
5863,0.06968
5864,0.11858
5865,0.23983000000000002
5866,0.31138
5867,0.36379
5868,0.35720999999999997
5869,0.5283300000000001
5870,0.49292
5871,0.34029000000000004
5872,0.15068
5873,0.02625
5874,0.0
5875,0.0
5876,0.0
5877,0.0
5878,0.0
5879,0.0
5880,0.0
5881,0.0
5882,0.0
5883,0.0
5884,0.0
5885,0.0
5886,0.0
5887,0.01597
5888,0.01345
5889,0.032049999999999995
5890,0.04339
5891,0.06752
5892,0.10013
5893,0.36845999999999995
5894,0.32732
5895,0.21874000000000002
5896,0.11846999999999999
5897,0.016550000000000002
5898,0.0
5899,0.0
5900,0.0
5901,0.0
5902,0.0
5903,0.0
5904,0.0
5905,0.0
5906,0.0
5907,0.0
5908,0.0
5909,0.0
5910,0.00908
5911,0.08179
5912,0.16854
5913,0.16318000000000002
5914,0.17732
5915,0.12707
5916,0.14724
5917,0.30591
5918,0.16525
5919,0.11657
5920,0.03703
5921,0.0016
5922,0.0
5923,0.0
5924,0.0
5925,0.0
5926,0.0
5927,0.0
5928,0.0
5929,0.0
5930,0.0
5931,0.0
5932,0.0
5933,0.0
5934,0.0
5935,0.00299
5936,0.010150000000000001
5937,0.014539999999999999
5938,0.04887
5939,0.12629
5940,0.18844
5941,0.55216
5942,0.33605
5943,0.20382
5944,0.11677
5945,0.01832
5946,0.0
5947,0.0
5948,0.0
5949,0.0
5950,0.0
5951,0.0
5952,0.0
5953,0.0
5954,0.0
5955,0.0
5956,0.0
5957,0.0
5958,0.0033900000000000002
5959,0.061329999999999996
5960,0.11501
5961,0.24934
5962,0.34005
5963,0.39842
5964,0.32186000000000003
5965,0.31487
5966,0.30424
5967,0.24616
5968,0.14437
5969,0.02419
5970,0.0
5971,0.0
5972,0.0
5973,0.0
5974,0.0
5975,0.0
5976,0.0
5977,0.0
5978,0.0
5979,0.0
5980,0.0
5981,0.0
5982,0.00713
5983,0.07074
5984,0.14733000000000002
5985,0.21083000000000002
5986,0.37582
5987,0.44416
5988,0.34252
5989,0.45835000000000004
5990,0.36463
5991,0.2785
5992,0.14649
5993,0.04935
5994,0.0
5995,0.0
5996,0.0
5997,0.0
5998,0.0
5999,0.0
6000,0.0
6001,0.0
6002,0.0
6003,0.0
6004,0.0
6005,0.0
6006,0.00877
6007,0.09918
6008,0.26994999999999997
6009,0.30965
6010,0.4737
6011,0.5351
6012,0.44702
6013,0.61094
6014,0.36435
6015,0.25731
6016,0.12918000000000002
6017,0.03588
6018,0.0
6019,0.0
6020,0.0
6021,0.0
6022,0.0
6023,0.0
6024,0.0
6025,0.0
6026,0.0
6027,0.0
6028,0.0
6029,0.0
6030,0.00876
6031,0.06902
6032,0.13518
6033,0.24001
6034,0.22154
6035,0.37135
6036,0.33512000000000003
6037,0.20205
6038,0.15243
6039,0.12675
6040,0.052039999999999996
6041,0.01525
6042,0.0
6043,0.0
6044,0.0
6045,0.0
6046,0.0
6047,0.0
6048,0.0
6049,0.0
6050,0.0
6051,0.0
6052,0.0
6053,0.0
6054,0.0044800000000000005
6055,0.07844
6056,0.1379
6057,0.28595
6058,0.38443
6059,0.38523
6060,0.36283
6061,0.54069
6062,0.39677999999999997
6063,0.20746
6064,0.15688
6065,0.033229999999999996
6066,0.0
6067,0.0
6068,0.0
6069,0.0
6070,0.0
6071,0.0
6072,0.0
6073,0.0
6074,0.0
6075,0.0
6076,0.0
6077,0.0
6078,0.00329
6079,0.04474
6080,0.026969999999999997
6081,0.09156
6082,0.14784999999999998
6083,0.21005000000000001
6084,0.18872999999999998
6085,0.49806
6086,0.30255
6087,0.21968000000000001
6088,0.08813
6089,0.012230000000000001
6090,0.0
6091,0.0
6092,0.0
6093,0.0
6094,0.0
6095,0.0
6096,0.0
6097,0.0
6098,0.0
6099,0.0
6100,0.0
6101,0.0
6102,0.00639
6103,0.06017
6104,0.18148
6105,0.29398
6106,0.37995999999999996
6107,0.32394
6108,0.34939
6109,0.30238
6110,0.14897
6111,0.10312
6112,0.030170000000000002
6113,0.00614
6114,0.0
6115,0.0
6116,0.0
6117,0.0
6118,0.0
6119,0.0
6120,0.0
6121,0.0
6122,0.0
6123,0.0
6124,0.0
6125,0.0
6126,0.0048200000000000005
6127,0.04934
6128,0.08882
6129,0.15216
6130,0.12642
6131,0.1546
6132,0.19882
6133,0.16768
6134,0.22738999999999998
6135,0.14051
6136,0.06758
6137,0.00886
6138,0.0
6139,0.0
6140,0.0
6141,0.0
6142,0.0
6143,0.0
6144,0.0
6145,0.0
6146,0.0
6147,0.0
6148,0.0
6149,0.0
6150,0.01039
6151,0.10521
6152,0.18236000000000002
6153,0.24575999999999998
6154,0.33698
6155,0.34986
6156,0.32238
6157,0.53479
6158,0.31975
6159,0.30789999999999995
6160,0.14529
6161,0.02899
6162,0.0
6163,0.0
6164,0.0
6165,0.0
6166,0.0
6167,0.0
6168,0.0
6169,0.0
6170,0.0
6171,0.0
6172,0.0
6173,0.0
6174,0.00322
6175,0.052289999999999996
6176,0.11445
6177,0.2607
6178,0.34043
6179,0.37766000000000005
6180,0.47293999999999997
6181,0.30245
6182,0.34918
6183,0.16743
6184,0.05695
6185,0.01382
6186,0.0
6187,0.0
6188,0.0
6189,0.0
6190,0.0
6191,0.0
6192,0.0
6193,0.0
6194,0.0
6195,0.0
6196,0.0
6197,0.0
6198,0.0083
6199,0.10808
6200,0.16672
6201,0.25694
6202,0.30922000000000005
6203,0.35198
6204,0.24124
6205,0.49593
6206,0.35461000000000004
6207,0.29222000000000004
6208,0.12919
6209,0.01137
6210,0.0
6211,0.0
6212,0.0
6213,0.0
6214,0.0
6215,0.0
6216,0.0
6217,0.0
6218,0.0
6219,0.0
6220,0.0
6221,0.0
6222,0.013439999999999999
6223,0.13726
6224,0.25209
6225,0.42189
6226,0.42062
6227,0.5354
6228,0.62326
6229,0.4653
6230,0.25841000000000003
6231,0.14232
6232,0.09483
6233,0.01276
6234,0.0
6235,0.0
6236,0.0
6237,0.0
6238,0.0
6239,0.0
6240,0.0
6241,0.0
6242,0.0
6243,0.0
6244,0.0
6245,0.0
6246,0.005730000000000001
6247,0.08345
6248,0.11753
6249,0.22379
6250,0.25176
6251,0.3386
6252,0.3644
6253,0.5196000000000001
6254,0.32659
6255,0.19816999999999999
6256,0.06168
6257,0.01908
6258,0.0
6259,0.0
6260,0.0
6261,0.0
6262,0.0
6263,0.0
6264,0.0
6265,0.0
6266,0.0
6267,0.0
6268,0.0
6269,0.0
6270,0.01209
6271,0.07464
6272,0.14386000000000002
6273,0.31243
6274,0.31427
6275,0.34046
6276,0.3055
6277,0.48097
6278,0.35835
6279,0.25
6280,0.07779000000000001
6281,0.012119999999999999
6282,0.0
6283,0.0
6284,0.0
6285,0.0
6286,0.0
6287,0.0
6288,0.0
6289,0.0
6290,0.0
6291,0.0
6292,0.0
6293,0.0
6294,0.01239
6295,0.102
6296,0.24794
6297,0.34513
6298,0.39235000000000003
6299,0.49429
6300,0.49322000000000005
6301,0.4635
6302,0.31555
6303,0.23875
6304,0.14489
6305,0.02786
6306,0.0
6307,0.0
6308,0.0
6309,0.0
6310,0.0
6311,0.0
6312,0.0
6313,0.0
6314,0.0
6315,0.0
6316,0.0
6317,0.0
6318,0.00184
6319,0.04536
6320,0.12979
6321,0.21253999999999998
6322,0.26485000000000003
6323,0.32594
6324,0.30489
6325,0.49601999999999996
6326,0.28202
6327,0.19659000000000001
6328,0.11676
6329,0.010539999999999999
6330,0.0
6331,0.0
6332,0.0
6333,0.0
6334,0.0
6335,0.0
6336,0.0
6337,0.0
6338,0.0
6339,0.0
6340,0.0
6341,0.0
6342,0.00821
6343,0.08370999999999999
6344,0.13673
6345,0.2036
6346,0.32936
6347,0.46866
6348,0.49243000000000003
6349,0.31149
6350,0.38239999999999996
6351,0.30046
6352,0.08385
6353,0.006019999999999999
6354,0.0
6355,0.0
6356,0.0
6357,0.0
6358,0.0
6359,0.0
6360,0.0
6361,0.0
6362,0.0
6363,0.0
6364,0.0
6365,0.0
6366,0.00369
6367,0.09695999999999999
6368,0.16422
6369,0.21736000000000003
6370,0.19288999999999998
6371,0.21027
6372,0.24071
6373,0.21156
6374,0.23492
6375,0.16878
6376,0.05042
6377,0.01014
6378,0.0
6379,0.0
6380,0.0
6381,0.0
6382,0.0
6383,0.0
6384,0.0
6385,0.0
6386,0.0
6387,0.0
6388,0.0
6389,0.0
6390,0.006719999999999999
6391,0.024079999999999997
6392,0.01648
6393,0.08120999999999999
6394,0.12854
6395,0.33901
6396,0.40004
6397,0.26668000000000003
6398,0.22965
6399,0.18977000000000002
6400,0.11523
6401,0.02045
6402,0.0
6403,0.0
6404,0.0
6405,0.0
6406,0.0
6407,0.0
6408,0.0
6409,0.0
6410,0.0
6411,0.0
6412,0.0
6413,0.0
6414,0.00579
6415,0.054759999999999996
6416,0.12759
6417,0.21787
6418,0.24816
6419,0.29614999999999997
6420,0.28173000000000004
6421,0.28762
6422,0.15958
6423,0.09616
6424,0.06819
6425,0.008150000000000001
6426,0.0
6427,0.0
6428,0.0
6429,0.0
6430,0.0
6431,0.0
6432,0.0
6433,0.0
6434,0.0
6435,0.0
6436,0.0
6437,0.0
6438,0.005719999999999999
6439,0.05127
6440,0.22577
6441,0.24681999999999998
6442,0.27808999999999995
6443,0.26898
6444,0.16390000000000002
6445,0.15099
6446,0.10857
6447,0.04382
6448,0.023780000000000003
6449,0.00674
6450,0.0
6451,0.0
6452,0.0
6453,0.0
6454,0.0
6455,0.0
6456,0.0
6457,0.0
6458,0.0
6459,0.0
6460,0.0
6461,0.0
6462,0.0028399999999999996
6463,0.030019999999999998
6464,0.07451
6465,0.04147
6466,0.06534000000000001
6467,0.040119999999999996
6468,0.05323
6469,0.24043
6470,0.22159
6471,0.18594999999999998
6472,0.11768
6473,0.01418
6474,0.0
6475,0.0
6476,0.0
6477,0.0
6478,0.0
6479,0.0
6480,0.0
6481,0.0
6482,0.0
6483,0.0
6484,0.0
6485,0.0
6486,0.01228
6487,0.08723
6488,0.18627000000000002
6489,0.35652999999999996
6490,0.31198000000000004
6491,0.36667
6492,0.20961000000000002
6493,0.32517
6494,0.42575999999999997
6495,0.23658
6496,0.07506
6497,0.00615
6498,0.0
6499,0.0
6500,0.0
6501,0.0
6502,0.0
6503,0.0
6504,0.0
6505,0.0
6506,0.0
6507,0.0
6508,0.0
6509,0.0
6510,0.011699999999999999
6511,0.07681
6512,0.13566999999999999
6513,0.24850999999999998
6514,0.31801
6515,0.33388999999999996
6516,0.40347000000000005
6517,0.23192
6518,0.28152999999999995
6519,0.16773
6520,0.0897
6521,0.02086
6522,0.0
6523,0.0
6524,0.0
6525,0.0
6526,0.0
6527,0.0
6528,0.0
6529,0.0
6530,0.0
6531,0.0
6532,0.0
6533,0.0
6534,0.01166
6535,0.0942
6536,0.20922
6537,0.35428
6538,0.42169999999999996
6539,0.39743
6540,0.27384
6541,0.47444
6542,0.37259
6543,0.25998000000000004
6544,0.15069
6545,0.03685
6546,0.0
6547,0.0
6548,0.0
6549,0.0
6550,0.0
6551,0.0
6552,0.0
6553,0.0
6554,0.0
6555,0.0
6556,0.0
6557,0.0
6558,0.0076
6559,0.0444
6560,0.19729
6561,0.32239
6562,0.30733
6563,0.29269
6564,0.12927000000000002
6565,0.52491
6566,0.37168
6567,0.39781
6568,0.17025
6569,0.04399
6570,0.0
6571,0.0
6572,0.0
6573,0.0
6574,0.0
6575,0.0
6576,0.0
6577,0.0
6578,0.0
6579,0.0
6580,0.0
6581,0.0
6582,0.013179999999999999
6583,0.07765999999999999
6584,0.22227000000000002
6585,0.18912
6586,0.27429000000000003
6587,0.45100999999999997
6588,0.42612
6589,0.51101
6590,0.38406
6591,0.30376
6592,0.14371
6593,0.0265
6594,0.0
6595,0.0
6596,0.0
6597,0.0
6598,0.0
6599,0.0
6600,0.0
6601,0.0
6602,0.0
6603,0.0
6604,0.0
6605,0.0
6606,0.00801
6607,0.05867
6608,0.08798
6609,0.10573
6610,0.035
6611,0.0
6612,0.0474
6613,0.09592
6614,0.21669999999999998
6615,0.23732
6616,0.13094
6617,0.00949
6618,0.0
6619,0.0
6620,0.0
6621,0.0
6622,0.0
6623,0.0
6624,0.0
6625,0.0
6626,0.0
6627,0.0
6628,0.0
6629,0.0
6630,0.00822
6631,0.06428
6632,0.12997999999999998
6633,0.27266
6634,0.36632
6635,0.35793
6636,0.49867
6637,0.53492
6638,0.35779
6639,0.23432
6640,0.11373
6641,0.01577
6642,0.0
6643,0.0
6644,0.0
6645,0.0
6646,0.0
6647,0.0
6648,0.0
6649,0.0
6650,0.0
6651,0.0
6652,0.0
6653,0.0
6654,0.015189999999999999
6655,0.03387
6656,0.13343
6657,0.27974
6658,0.24279
6659,0.38282
6660,0.37493
6661,0.57285
6662,0.49672000000000005
6663,0.41714
6664,0.22188999999999998
6665,0.04184
6666,0.0
6667,0.0
6668,0.0
6669,0.0
6670,0.0
6671,0.0
6672,0.0
6673,0.0
6674,0.0
6675,0.0
6676,0.0
6677,0.0
6678,0.020059999999999998
6679,0.16144999999999998
6680,0.26716
6681,0.5156499999999999
6682,0.5411699999999999
6683,0.64135
6684,0.5754199999999999
6685,0.47814999999999996
6686,0.37157
6687,0.28807
6688,0.0862
6689,0.01634
6690,0.0
6691,0.0
6692,0.0
6693,0.0
6694,0.0
6695,0.0
6696,0.0
6697,0.0
6698,0.0
6699,0.0
6700,0.0
6701,0.0
6702,0.016649999999999998
6703,0.13834
6704,0.20392
6705,0.4069
6706,0.42404000000000003
6707,0.60827
6708,0.62502
6709,0.39674
6710,0.38164
6711,0.30089
6712,0.12517
6713,0.02639
6714,0.0
6715,0.0
6716,0.0
6717,0.0
6718,0.0
6719,0.0
6720,0.0
6721,0.0
6722,0.0
6723,0.0
6724,0.0
6725,0.0
6726,0.018690000000000002
6727,0.08886
6728,0.20918
6729,0.32465
6730,0.40924
6731,0.45977999999999997
6732,0.47275
6733,0.29944
6734,0.20693999999999999
6735,0.08119
6736,0.043
6737,0.0048200000000000005
6738,0.0
6739,0.0
6740,0.0
6741,0.0
6742,0.0
6743,0.0
6744,0.0
6745,0.0
6746,0.0
6747,0.0
6748,0.0
6749,0.0
6750,0.00739
6751,0.06949
6752,0.08992
6753,0.01168
6754,0.04102
6755,0.06420000000000001
6756,0.08982
6757,0.47837
6758,0.43855
6759,0.22844
6760,0.11794
6761,0.013779999999999999
6762,0.0
6763,0.0
6764,0.0
6765,0.0
6766,0.0
6767,0.0
6768,0.0
6769,0.0
6770,0.0
6771,0.0
6772,0.0
6773,0.0
6774,0.01247
6775,0.11722
6776,0.26414
6777,0.35725999999999997
6778,0.58689
6779,0.61164
6780,0.6067100000000001
6781,0.5669099999999999
6782,0.44262
6783,0.28029000000000004
6784,0.15969
6785,0.02207
6786,0.0
6787,0.0
6788,0.0
6789,0.0
6790,0.0
6791,0.0
6792,0.0
6793,0.0
6794,0.0
6795,0.0
6796,0.0
6797,0.0
6798,0.0195
6799,0.13946
6800,0.29031
6801,0.47167000000000003
6802,0.61093
6803,0.63062
6804,0.6828200000000001
6805,0.41022000000000003
6806,0.41873
6807,0.23019
6808,0.11044
6809,0.013009999999999999
6810,0.0
6811,0.0
6812,0.0
6813,0.0
6814,0.0
6815,0.0
6816,0.0
6817,0.0
6818,0.0
6819,0.0
6820,0.0
6821,0.0
6822,0.013550000000000001
6823,0.15001
6824,0.29925
6825,0.43195
6826,0.54262
6827,0.66403
6828,0.52724
6829,0.58043
6830,0.47161000000000003
6831,0.38631
6832,0.19216
6833,0.02817
6834,0.0
6835,0.0
6836,0.0
6837,0.0
6838,0.0
6839,0.0
6840,0.0
6841,0.0
6842,0.0
6843,0.0
6844,0.0
6845,0.0
6846,0.02542
6847,0.15042
6848,0.30024
6849,0.4704
6850,0.5095299999999999
6851,0.66774
6852,0.54755
6853,0.56952
6854,0.50115
6855,0.33888
6856,0.14343999999999998
6857,0.01334
6858,0.0
6859,0.0
6860,0.0
6861,0.0
6862,0.0
6863,0.0
6864,0.0
6865,0.0
6866,0.0
6867,0.0
6868,0.0
6869,0.0
6870,0.00883
6871,0.11621
6872,0.20865999999999998
6873,0.27099
6874,0.42202999999999996
6875,0.5402100000000001
6876,0.62124
6877,0.63654
6878,0.37826
6879,0.30257999999999996
6880,0.18169
6881,0.03229
6882,0.0
6883,0.0
6884,0.0
6885,0.0
6886,0.0
6887,0.0
6888,0.0
6889,0.0
6890,0.0
6891,0.0
6892,0.0
6893,0.0
6894,0.01142
6895,0.08957999999999999
6896,0.20598
6897,0.26559
6898,0.31183
6899,0.40636
6900,0.3519
6901,0.48055000000000003
6902,0.44685
6903,0.26238
6904,0.10726999999999999
6905,0.00501
6906,0.0
6907,0.0
6908,0.0
6909,0.0
6910,0.0
6911,0.0
6912,0.0
6913,0.0
6914,0.0
6915,0.0
6916,0.0
6917,0.0
6918,0.0
6919,0.008029999999999999
6920,0.00133
6921,0.03576
6922,0.010039999999999999
6923,0.12852000000000002
6924,0.20308
6925,0.07241
6926,0.07511
6927,0.04295
6928,0.02165
6929,0.00709
6930,0.0
6931,0.0
6932,0.0
6933,0.0
6934,0.0
6935,0.0
6936,0.0
6937,0.0
6938,0.0
6939,0.0
6940,0.0
6941,0.0
6942,0.0119
6943,0.06689
6944,0.15089
6945,0.27222
6946,0.48727
6947,0.5019
6948,0.39
6949,0.5709099999999999
6950,0.41879
6951,0.25232
6952,0.13344999999999999
6953,0.0055899999999999995
6954,0.0
6955,0.0
6956,0.0
6957,0.0
6958,0.0
6959,0.0
6960,0.0
6961,0.0
6962,0.0
6963,0.0
6964,0.0
6965,0.0
6966,0.0
6967,0.0
6968,0.0
6969,0.0
6970,0.00016
6971,0.012320000000000001
6972,0.09028
6973,0.48195
6974,0.37341
6975,0.29117000000000004
6976,0.14112
6977,0.01442
6978,0.0
6979,0.0
6980,0.0
6981,0.0
6982,0.0
6983,0.0
6984,0.0
6985,0.0
6986,0.0
6987,0.0
6988,0.0
6989,0.0
6990,0.01891
6991,0.08062000000000001
6992,0.23806
6993,0.30462
6994,0.37617
6995,0.39157
6996,0.43398000000000003
6997,0.39934
6998,0.35297
6999,0.24947
7000,0.08882
7001,0.00199
7002,0.0
7003,0.0
7004,0.0
7005,0.0
7006,0.0
7007,0.0
7008,0.0
7009,0.0
7010,0.0
7011,0.0
7012,0.0
7013,0.0
7014,0.02375
7015,0.13341
7016,0.32902
7017,0.42572000000000004
7018,0.46687
7019,0.55735
7020,0.38788
7021,0.55703
7022,0.50991
7023,0.29472000000000004
7024,0.13568
7025,0.005719999999999999
7026,0.0
7027,0.0
7028,0.0
7029,0.0
7030,0.0
7031,0.0
7032,0.0
7033,0.0
7034,0.0
7035,0.0
7036,0.0
7037,0.0
7038,0.00919
7039,0.04736
7040,0.08228
7041,0.03008
7042,0.036969999999999996
7043,0.01824
7044,0.0549
7045,0.17121
7046,0.20890999999999998
7047,0.17253
7048,0.047880000000000006
7049,0.00365
7050,0.0
7051,0.0
7052,0.0
7053,0.0
7054,0.0
7055,0.0
7056,0.0
7057,0.0
7058,0.0
7059,0.0
7060,0.0
7061,0.0
7062,0.00985
7063,0.046189999999999995
7064,0.16468
7065,0.28234
7066,0.51437
7067,0.5586599999999999
7068,0.5870599999999999
7069,0.5961799999999999
7070,0.50431
7071,0.26657
7072,0.18180000000000002
7073,0.02237
7074,0.0
7075,0.0
7076,0.0
7077,0.0
7078,0.0
7079,0.0
7080,0.0
7081,0.0
7082,0.0
7083,0.0
7084,0.0
7085,0.0
7086,0.015550000000000001
7087,0.11424
7088,0.21062999999999998
7089,0.37623
7090,0.54557
7091,0.52927
7092,0.58205
7093,0.43087000000000003
7094,0.50858
7095,0.37703
7096,0.12032
7097,0.02004
7098,0.0
7099,0.0
7100,0.0
7101,0.0
7102,0.0
7103,0.0
7104,0.0
7105,0.0
7106,0.0
7107,0.0
7108,0.0
7109,0.0
7110,0.009380000000000001
7111,0.0923
7112,0.21614
7113,0.3237
7114,0.42876
7115,0.40735000000000005
7116,0.39066
7117,0.53737
7118,0.49409
7119,0.30243000000000003
7120,0.14726
7121,0.016370000000000003
7122,0.0
7123,0.0
7124,0.0
7125,0.0
7126,0.0
7127,0.0
7128,0.0
7129,0.0
7130,0.0
7131,0.0
7132,0.0
7133,0.0
7134,0.01466
7135,0.11505
7136,0.26262
7137,0.26755
7138,0.27438
7139,0.43439
7140,0.22254
7141,0.47323000000000004
7142,0.49643
7143,0.38625
7144,0.15546000000000001
7145,0.01119
7146,0.0
7147,0.0
7148,0.0
7149,0.0
7150,0.0
7151,0.0
7152,0.0
7153,0.0
7154,0.0
7155,0.0
7156,0.0
7157,0.0
7158,0.01644
7159,0.11645
7160,0.32474000000000003
7161,0.3655
7162,0.41093
7163,0.36637000000000003
7164,0.28055
7165,0.29835
7166,0.35302999999999995
7167,0.2
7168,0.11603
7169,0.01526
7170,0.0
7171,0.0
7172,0.0
7173,0.0
7174,0.0
7175,0.0
7176,0.0
7177,0.0
7178,0.0
7179,0.0
7180,0.0
7181,0.0
7182,0.00653
7183,0.04549
7184,0.18344
7185,0.21333000000000002
7186,0.36404000000000003
7187,0.38588
7188,0.31579
7189,0.5023
7190,0.36265
7191,0.2236
7192,0.1395
7193,0.01595
7194,0.0
7195,0.0
7196,0.0
7197,0.0
7198,0.0
7199,0.0
7200,0.0
7201,0.0
7202,0.0
7203,0.0
7204,0.0
7205,0.0
7206,0.00165
7207,0.044289999999999996
7208,0.06734
7209,0.07079
7210,0.17356
7211,0.16763
7212,0.15366
7213,0.56201
7214,0.43176
7215,0.28014
7216,0.11251
7217,0.02389
7218,0.0
7219,0.0
7220,0.0
7221,0.0
7222,0.0
7223,0.0
7224,0.0
7225,0.0
7226,0.0
7227,0.0
7228,0.0
7229,0.0
7230,0.0
7231,0.0028399999999999996
7232,0.0023599999999999997
7233,0.02196
7234,0.04328
7235,0.05943
7236,0.09345
7237,0.39085000000000003
7238,0.24922
7239,0.16755
7240,0.05763
7241,0.00415
7242,0.0
7243,0.0
7244,0.0
7245,0.0
7246,0.0
7247,0.0
7248,0.0
7249,0.0
7250,0.0
7251,0.0
7252,0.0
7253,0.0
7254,0.0
7255,0.00317
7256,0.005719999999999999
7257,0.03197
7258,0.07443000000000001
7259,0.06394
7260,0.11434
7261,0.27713
7262,0.35437
7263,0.18811000000000003
7264,0.09356
7265,0.00785
7266,0.0
7267,0.0
7268,0.0
7269,0.0
7270,0.0
7271,0.0
7272,0.0
7273,0.0
7274,0.0
7275,0.0
7276,0.0
7277,0.0
7278,0.00967
7279,0.06555
7280,0.15622999999999998
7281,0.12692
7282,0.16777
7283,0.34001
7284,0.45847000000000004
7285,0.28846
7286,0.29969999999999997
7287,0.30461
7288,0.11612
7289,0.00895
7290,0.0
7291,0.0
7292,0.0
7293,0.0
7294,0.0
7295,0.0
7296,0.0
7297,0.0
7298,0.0
7299,0.0
7300,0.0
7301,0.0
7302,0.00954
7303,0.05734
7304,0.05203
7305,0.10781
7306,0.12369
7307,0.15936
7308,0.22451
7309,0.09423000000000001
7310,0.09398000000000001
7311,0.038560000000000004
7312,0.01864
7313,0.00282
7314,0.0
7315,0.0
7316,0.0
7317,0.0
7318,0.0
7319,0.0
7320,0.0
7321,0.0
7322,0.0
7323,0.0
7324,0.0
7325,0.0
7326,0.02071
7327,0.0875
7328,0.12387000000000001
7329,0.15275
7330,0.29323
7331,0.20369
7332,0.22578
7333,0.49369
7334,0.34833
7335,0.2691
7336,0.11083
7337,0.00943
7338,0.0
7339,0.0
7340,0.0
7341,0.0
7342,0.0
7343,0.0
7344,0.0
7345,0.0
7346,0.0
7347,0.0
7348,0.0
7349,0.0
7350,0.01445
7351,0.08692
7352,0.17981999999999998
7353,0.32094
7354,0.40693
7355,0.41773000000000005
7356,0.46705
7357,0.54608
7358,0.44295
7359,0.31369
7360,0.16699
7361,0.02152
7362,0.0
7363,0.0
7364,0.0
7365,0.0
7366,0.0
7367,0.0
7368,0.0
7369,0.0
7370,0.0
7371,0.0
7372,0.0
7373,0.0
7374,0.01046
7375,0.08222
7376,0.19705
7377,0.30498000000000003
7378,0.44652
7379,0.49731000000000003
7380,0.51044
7381,0.28952
7382,0.24112
7383,0.11793000000000001
7384,0.11134999999999999
7385,0.01154
7386,0.0
7387,0.0
7388,0.0
7389,0.0
7390,0.0
7391,0.0
7392,0.0
7393,0.0
7394,0.0
7395,0.0
7396,0.0
7397,0.0
7398,0.01017
7399,0.09512999999999999
7400,0.14085
7401,0.22937000000000002
7402,0.35696
7403,0.37083999999999995
7404,0.23038999999999998
7405,0.40746
7406,0.34464999999999996
7407,0.24259
7408,0.07590000000000001
7409,0.010230000000000001
7410,0.0
7411,0.0
7412,0.0
7413,0.0
7414,0.0
7415,0.0
7416,0.0
7417,0.0
7418,0.0
7419,0.0
7420,0.0
7421,0.0
7422,0.02727
7423,0.17454
7424,0.34707
7425,0.43398000000000003
7426,0.41925
7427,0.62372
7428,0.4968
7429,0.49927
7430,0.43644
7431,0.24328
7432,0.09151999999999999
7433,0.00879
7434,0.0
7435,0.0
7436,0.0
7437,0.0
7438,0.0
7439,0.0
7440,0.0
7441,0.0
7442,0.0
7443,0.0
7444,0.0
7445,0.0
7446,0.02468
7447,0.16513
7448,0.33244999999999997
7449,0.46168
7450,0.5749
7451,0.5478999999999999
7452,0.60591
7453,0.44182
7454,0.4978
7455,0.28775
7456,0.13105
7457,0.01979
7458,0.0
7459,0.0
7460,0.0
7461,0.0
7462,0.0
7463,0.0
7464,0.0
7465,0.0
7466,0.0
7467,0.0
7468,0.0
7469,0.0
7470,0.01566
7471,0.05051
7472,0.08474
7473,0.11522
7474,0.10671
7475,0.10889
7476,0.11141
7477,0.38527999999999996
7478,0.20483
7479,0.15879
7480,0.04369
7481,0.0049299999999999995
7482,0.0
7483,0.0
7484,0.0
7485,0.0
7486,0.0
7487,0.0
7488,0.0
7489,0.0
7490,0.0
7491,0.0
7492,0.0
7493,0.0
7494,0.00296
7495,0.02059
7496,0.10506
7497,0.18561000000000002
7498,0.25181
7499,0.19352
7500,0.10783
7501,0.11364
7502,0.13309
7503,0.08314
7504,0.030289999999999997
7505,0.001
7506,0.0
7507,0.0
7508,0.0
7509,0.0
7510,0.0
7511,0.0
7512,0.0
7513,0.0
7514,0.0
7515,0.0
7516,0.0
7517,0.0
7518,0.01142
7519,0.10697
7520,0.24627000000000002
7521,0.38944
7522,0.50825
7523,0.5453
7524,0.52399
7525,0.59309
7526,0.41402999999999995
7527,0.31635
7528,0.09703
7529,0.02013
7530,0.0
7531,0.0
7532,0.0
7533,0.0
7534,0.0
7535,0.0
7536,0.0
7537,0.0
7538,0.0
7539,0.0
7540,0.0
7541,0.0
7542,0.01211
7543,0.06936
7544,0.13948
7545,0.28702
7546,0.31360000000000005
7547,0.34002
7548,0.28812
7549,0.1182
7550,0.13806000000000002
7551,0.06922
7552,0.05164
7553,0.0124
7554,0.0
7555,0.0
7556,0.0
7557,0.0
7558,0.0
7559,0.0
7560,0.0
7561,0.0
7562,0.0
7563,0.0
7564,0.0
7565,0.0
7566,0.00542
7567,0.053829999999999996
7568,0.17308
7569,0.21628999999999998
7570,0.34355
7571,0.32389999999999997
7572,0.29696
7573,0.29531999999999997
7574,0.14573
7575,0.06638
7576,0.02088
7577,0.0013
7578,0.0
7579,0.0
7580,0.0
7581,0.0
7582,0.0
7583,0.0
7584,0.0
7585,0.0
7586,0.0
7587,0.0
7588,0.0
7589,0.0
7590,0.00965
7591,0.04975
7592,0.04289
7593,0.044020000000000004
7594,0.05931
7595,0.046439999999999995
7596,0.02472
7597,0.15205000000000002
7598,0.12142
7599,0.06118
7600,0.0364
7601,0.00268
7602,0.0
7603,0.0
7604,0.0
7605,0.0
7606,0.0
7607,0.0
7608,0.0
7609,0.0
7610,0.0
7611,0.0
7612,0.0
7613,0.0
7614,0.0005600000000000001
7615,0.01472
7616,0.03056
7617,0.09085
7618,0.10703
7619,0.2235
7620,0.20416
7621,0.24545
7622,0.22866999999999998
7623,0.1356
7624,0.10565999999999999
7625,0.01122
7626,0.0
7627,0.0
7628,0.0
7629,0.0
7630,0.0
7631,0.0
7632,0.0
7633,0.0
7634,0.0
7635,0.0
7636,0.0
7637,0.0
7638,0.023329999999999997
7639,0.18635
7640,0.35699000000000003
7641,0.50456
7642,0.46464999999999995
7643,0.57625
7644,0.45523
7645,0.54626
7646,0.41931
7647,0.34416
7648,0.18284
7649,0.030850000000000002
7650,0.0
7651,0.0
7652,0.0
7653,0.0
7654,0.0
7655,0.0
7656,0.0
7657,0.0
7658,0.0
7659,0.0
7660,0.0
7661,0.0
7662,0.013130000000000001
7663,0.08681
7664,0.10046
7665,0.13324
7666,0.15422
7667,0.12240000000000001
7668,0.20266
7669,0.42831
7670,0.28443999999999997
7671,0.23425
7672,0.13181
7673,0.007980000000000001
7674,0.0
7675,0.0
7676,0.0
7677,0.0
7678,0.0
7679,0.0
7680,0.0
7681,0.0
7682,0.0
7683,0.0
7684,0.0
7685,0.0
7686,0.01332
7687,0.11913
7688,0.21552000000000002
7689,0.23983000000000002
7690,0.3163
7691,0.33074000000000003
7692,0.30308999999999997
7693,0.4218
7694,0.30022000000000004
7695,0.16483
7696,0.12795
7697,0.0068
7698,0.0
7699,0.0
7700,0.0
7701,0.0
7702,0.0
7703,0.0
7704,0.0
7705,0.0
7706,0.0
7707,0.0
7708,0.0
7709,0.0
7710,0.01366
7711,0.05902
7712,0.15334
7713,0.24022
7714,0.27394
7715,0.3049
7716,0.11097
7717,0.43569
7718,0.22640000000000002
7719,0.13315000000000002
7720,0.01601
7721,0.00039
7722,0.0
7723,0.0
7724,0.0
7725,0.0
7726,0.0
7727,0.0
7728,0.0
7729,0.0
7730,0.0
7731,0.0
7732,0.0
7733,0.0
7734,0.01196
7735,0.07457
7736,0.14461000000000002
7737,0.14922
7738,0.20545
7739,0.18653
7740,0.20881
7741,0.41637
7742,0.32056999999999997
7743,0.25862
7744,0.13003
7745,0.01629
7746,0.0
7747,0.0
7748,0.0
7749,0.0
7750,0.0
7751,0.0
7752,0.0
7753,0.0
7754,0.0
7755,0.0
7756,0.0
7757,0.0
7758,0.009609999999999999
7759,0.06982
7760,0.13573
7761,0.24681
7762,0.3401
7763,0.43827999999999995
7764,0.47426
7765,0.29207
7766,0.366
7767,0.2315
7768,0.07112
7769,0.00843
7770,0.0
7771,0.0
7772,0.0
7773,0.0
7774,0.0
7775,0.0
7776,0.0
7777,0.0
7778,0.0
7779,0.0
7780,0.0
7781,0.0
7782,0.01073
7783,0.07371
7784,0.09539
7785,0.10875
7786,0.16663
7787,0.24894999999999998
7788,0.24181
7789,0.15194
7790,0.1945
7791,0.10629999999999999
7792,0.05471
7793,0.01314
7794,0.0
7795,0.0
7796,0.0
7797,0.0
7798,0.0
7799,0.0
7800,0.0
7801,0.0
7802,0.0
7803,0.0
7804,0.0
7805,0.0
7806,0.0141
7807,0.14512
7808,0.3332
7809,0.4676
7810,0.59153
7811,0.63502
7812,0.63114
7813,0.5566599999999999
7814,0.50683
7815,0.32305
7816,0.2
7817,0.023989999999999997
7818,0.0
7819,0.0
7820,0.0
7821,0.0
7822,0.0
7823,0.0
7824,0.0
7825,0.0
7826,0.0
7827,0.0
7828,0.0
7829,0.0
7830,0.00529
7831,0.06713
7832,0.15405000000000002
7833,0.44153
7834,0.55059
7835,0.46887
7836,0.6100399999999999
7837,0.45981
7838,0.3551
7839,0.23529
7840,0.048479999999999995
7841,0.00392
7842,0.0
7843,0.0
7844,0.0
7845,0.0
7846,0.0
7847,0.0
7848,0.0
7849,0.0
7850,0.0
7851,0.0
7852,0.0
7853,0.0
7854,0.00679
7855,0.08005
7856,0.19154
7857,0.24747999999999998
7858,0.33232
7859,0.34224
7860,0.24531
7861,0.27176
7862,0.25882
7863,0.15993000000000002
7864,0.049210000000000004
7865,0.00421
7866,0.0
7867,0.0
7868,0.0
7869,0.0
7870,0.0
7871,0.0
7872,0.0
7873,0.0
7874,0.0
7875,0.0
7876,0.0
7877,0.0
7878,0.01749
7879,0.13141
7880,0.22921
7881,0.44115
7882,0.56292
7883,0.38982
7884,0.38215
7885,0.36524
7886,0.20516
7887,0.15271
7888,0.03864
7889,0.004030000000000001
7890,0.0
7891,0.0
7892,0.0
7893,0.0
7894,0.0
7895,0.0
7896,0.0
7897,0.0
7898,0.0
7899,0.0
7900,0.0
7901,0.0
7902,0.00333
7903,0.02639
7904,0.042409999999999996
7905,0.034820000000000004
7906,0.015609999999999999
7907,0.02589
7908,0.03624
7909,0.16453
7910,0.12163
7911,0.09826
7912,0.03208
7913,0.00121
7914,0.0
7915,0.0
7916,0.0
7917,0.0
7918,0.0
7919,0.0
7920,0.0
7921,0.0
7922,0.0
7923,0.0
7924,0.0
7925,0.0
7926,0.00515
7927,0.09705
7928,0.14307
7929,0.33063
7930,0.25893
7931,0.23723
7932,0.27276999999999996
7933,0.49851
7934,0.41785
7935,0.19569
7936,0.11615
7937,0.01611
7938,0.0
7939,0.0
7940,0.0
7941,0.0
7942,0.0
7943,0.0
7944,0.0
7945,0.0
7946,0.0
7947,0.0
7948,0.0
7949,0.0
7950,0.00902
7951,0.06578
7952,0.17531
7953,0.33995
7954,0.36727
7955,0.41561000000000003
7956,0.35989
7957,0.39517
7958,0.30488
7959,0.21644999999999998
7960,0.09014
7961,0.012
7962,0.0
7963,0.0
7964,0.0
7965,0.0
7966,0.0
7967,0.0
7968,0.0
7969,0.0
7970,0.0
7971,0.0
7972,0.0
7973,0.0
7974,0.00833
7975,0.09938
7976,0.21365
7977,0.30591
7978,0.38665
7979,0.33599
7980,0.34237
7981,0.39575
7982,0.29597
7983,0.19369
7984,0.09058
7985,0.00474
7986,0.0
7987,0.0
7988,0.0
7989,0.0
7990,0.0
7991,0.0
7992,0.0
7993,0.0
7994,0.0
7995,0.0
7996,0.0
7997,0.0
7998,0.0
7999,0.00131
8000,0.02585
8001,0.05845
8002,0.11231000000000001
8003,0.19061
8004,0.12874000000000002
8005,0.35966000000000004
8006,0.31671
8007,0.17848
8008,0.11203
8009,0.01081
8010,0.0
8011,0.0
8012,0.0
8013,0.0
8014,0.0
8015,0.0
8016,0.0
8017,0.0
8018,0.0
8019,0.0
8020,0.0
8021,0.0
8022,0.01255
8023,0.11017
8024,0.28926
8025,0.40172
8026,0.51777
8027,0.55303
8028,0.63959
8029,0.5757899999999999
8030,0.5082099999999999
8031,0.34806
8032,0.1536
8033,0.016050000000000002
8034,0.0
8035,0.0
8036,0.0
8037,0.0
8038,0.0
8039,0.0
8040,0.0
8041,0.0
8042,0.0
8043,0.0
8044,0.0
8045,0.0
8046,0.0081
8047,0.09523000000000001
8048,0.24525
8049,0.3614
8050,0.45341000000000004
8051,0.50886
8052,0.51475
8053,0.57309
8054,0.3775
8055,0.25875
8056,0.07598
8057,0.00895
8058,0.0
8059,0.0
8060,0.0
8061,0.0
8062,0.0
8063,0.0
8064,0.0
8065,0.0
8066,0.0
8067,0.0
8068,0.0
8069,0.0
8070,0.00479
8071,0.09487999999999999
8072,0.20951
8073,0.27569
8074,0.32123
8075,0.45225
8076,0.36413
8077,0.4407
8078,0.42067
8079,0.25995999999999997
8080,0.09128
8081,0.02493
8082,0.0
8083,0.0
8084,0.0
8085,0.0
8086,0.0
8087,0.0
8088,0.0
8089,0.0
8090,0.0
8091,0.0
8092,0.0
8093,0.0
8094,0.01102
8095,0.15699000000000002
8096,0.31283999999999995
8097,0.32544
8098,0.49625
8099,0.4624
8100,0.43201999999999996
8101,0.57605
8102,0.50504
8103,0.32994
8104,0.15081
8105,0.02057
8106,0.0
8107,0.0
8108,0.0
8109,0.0
8110,0.0
8111,0.0
8112,0.0
8113,0.0
8114,0.0
8115,0.0
8116,0.0
8117,0.0
8118,0.00319
8119,0.06055
8120,0.15097
8121,0.24975
8122,0.30357999999999996
8123,0.34892
8124,0.36351999999999995
8125,0.40014
8126,0.40893
8127,0.17175
8128,0.046200000000000005
8129,0.010289999999999999
8130,0.0
8131,0.0
8132,0.0
8133,0.0
8134,0.0
8135,0.0
8136,0.0
8137,0.0
8138,0.0
8139,0.0
8140,0.0
8141,0.0
8142,0.00726
8143,0.08278
8144,0.21852000000000002
8145,0.37538
8146,0.52979
8147,0.64481
8148,0.5784
8149,0.5236799999999999
8150,0.4537
8151,0.24319
8152,0.13755
8153,0.022359999999999998
8154,0.0
8155,0.0
8156,0.0
8157,0.0
8158,0.0
8159,0.0
8160,0.0
8161,0.0
8162,0.0
8163,0.0
8164,0.0
8165,0.0
8166,0.0062900000000000005
8167,0.05778
8168,0.09082
8169,0.14384
8170,0.13737
8171,0.11358
8172,0.13507
8173,0.26106
8174,0.19796
8175,0.10526
8176,0.03756
8177,0.00149
8178,0.0
8179,0.0
8180,0.0
8181,0.0
8182,0.0
8183,0.0
8184,0.0
8185,0.0
8186,0.0
8187,0.0
8188,0.0
8189,0.0
8190,0.008289999999999999
8191,0.09714
8192,0.22597
8193,0.32556999999999997
8194,0.44803
8195,0.538
8196,0.5629
8197,0.59045
8198,0.384
8199,0.23423
8200,0.14706
8201,0.01729
8202,0.0
8203,0.0
8204,0.0
8205,0.0
8206,0.0
8207,0.0
8208,0.0
8209,0.0
8210,0.0
8211,0.0
8212,0.0
8213,0.0
8214,0.00739
8215,0.05155
8216,0.14628
8217,0.23791
8218,0.29414999999999997
8219,0.3984
8220,0.35205000000000003
8221,0.49218
8222,0.42551
8223,0.35136
8224,0.13823
8225,0.03283
8226,0.0
8227,0.0
8228,0.0
8229,0.0
8230,0.0
8231,0.0
8232,0.0
8233,0.0
8234,0.0
8235,0.0
8236,0.0
8237,0.0
8238,0.0071600000000000006
8239,0.09043999999999999
8240,0.16637000000000002
8241,0.29284
8242,0.32016
8243,0.46272
8244,0.30408999999999997
8245,0.24518
8246,0.25786000000000003
8247,0.15884
8248,0.15929
8249,0.02931
8250,0.0
8251,0.0
8252,0.0
8253,0.0
8254,0.0
8255,0.0
8256,0.0
8257,0.0
8258,0.0
8259,0.0
8260,0.0
8261,0.0
8262,0.00262
8263,0.03429
8264,0.08602
8265,0.2381
8266,0.30045
8267,0.21144
8268,0.15544
8269,0.1227
8270,0.22455
8271,0.19032
8272,0.07734
8273,0.01716
8274,0.0
8275,0.0
8276,0.0
8277,0.0
8278,0.0
8279,0.0
8280,0.0
8281,0.0
8282,0.0
8283,0.0
8284,0.0
8285,0.0
8286,0.00598
8287,0.09520999999999999
8288,0.20627
8289,0.29192
8290,0.34136
8291,0.45206999999999997
8292,0.44399
8293,0.42281
8294,0.30166000000000004
8295,0.19399
8296,0.14899
8297,0.02224
8298,0.0
8299,0.0
8300,0.0
8301,0.0
8302,0.0
8303,0.0
8304,0.0
8305,0.0
8306,0.0
8307,0.0
8308,0.0
8309,0.0
8310,0.00478
8311,0.05093
8312,0.12497
8313,0.10801999999999999
8314,0.11637
8315,0.17978
8316,0.13819
8317,0.11935
8318,0.16516
8319,0.10318000000000001
8320,0.07264
8321,0.0146
8322,0.0
8323,0.0
8324,0.0
8325,0.0
8326,0.0
8327,0.0
8328,0.0
8329,0.0
8330,0.0
8331,0.0
8332,0.0
8333,0.0
8334,0.00531
8335,0.08199
8336,0.18684
8337,0.21437
8338,0.25089
8339,0.1534
8340,0.10754999999999999
8341,0.21513
8342,0.20486000000000001
8343,0.08721999999999999
8344,0.038060000000000004
8345,0.01376
8346,0.0
8347,0.0
8348,0.0
8349,0.0
8350,0.0
8351,0.0
8352,0.0
8353,0.0
8354,0.0
8355,0.0
8356,0.0
8357,0.0
8358,0.0042699999999999995
8359,0.09045
8360,0.22649
8361,0.43937
8362,0.54572
8363,0.63342
8364,0.63142
8365,0.55032
8366,0.40723000000000004
8367,0.30826
8368,0.13438999999999998
8369,0.0211
8370,0.0
8371,0.0
8372,0.0
8373,0.0
8374,0.0
8375,0.0
8376,0.0
8377,0.0
8378,0.0
8379,0.0
8380,0.0
8381,0.0
8382,0.0071200000000000005
8383,0.07382
8384,0.10534
8385,0.22963999999999998
8386,0.23054
8387,0.3195
8388,0.36642
8389,0.33603
8390,0.41419
8391,0.24234
8392,0.13601
8393,0.0312
8394,0.0
8395,0.0
8396,0.0
8397,0.0
8398,0.0
8399,0.0
8400,0.0
8401,0.0
8402,0.0
8403,0.0
8404,0.0
8405,0.0
8406,0.00426
8407,0.08534
8408,0.08517
8409,0.17303
8410,0.20227
8411,0.20937
8412,0.30662
8413,0.34454
8414,0.35451
8415,0.26882999999999996
8416,0.07717
8417,0.00646
8418,0.0
8419,0.0
8420,0.0
8421,0.0
8422,0.0
8423,0.0
8424,0.0
8425,0.0
8426,0.0
8427,0.0
8428,0.0
8429,0.0
8430,0.00337
8431,0.04506
8432,0.08386
8433,0.14868
8434,0.35882
8435,0.44405
8436,0.46925
8437,0.5642999999999999
8438,0.27617
8439,0.32791000000000003
8440,0.08568
8441,0.013210000000000001
8442,0.0
8443,0.0
8444,0.0
8445,0.0
8446,0.0
8447,0.0
8448,0.0
8449,0.0
8450,0.0
8451,0.0
8452,0.0
8453,0.0
8454,0.00063
8455,0.010960000000000001
8456,0.01834
8457,0.05661
8458,0.06304
8459,0.13453
8460,0.09752
8461,0.5745399999999999
8462,0.37262
8463,0.32973
8464,0.11527
8465,0.02404
8466,0.0
8467,0.0
8468,0.0
8469,0.0
8470,0.0
8471,0.0
8472,0.0
8473,0.0
8474,0.0
8475,0.0
8476,0.0
8477,0.0
8478,0.00101
8479,0.01582
8480,0.0277
8481,0.05153
8482,0.12286
8483,0.15568
8484,0.22762000000000002
8485,0.56492
8486,0.29349000000000003
8487,0.19918
8488,0.10272
8489,0.02171
8490,0.0
8491,0.0
8492,0.0
8493,0.0
8494,0.0
8495,0.0
8496,0.0
8497,0.0
8498,0.0
8499,0.0
8500,0.0
8501,0.0
8502,0.00217
8503,0.0637
8504,0.18228
8505,0.38476
8506,0.36401999999999995
8507,0.40757
8508,0.34008999999999995
8509,0.42106
8510,0.44601
8511,0.23624
8512,0.10515000000000001
8513,0.01789
8514,0.0
8515,0.0
8516,0.0
8517,0.0
8518,0.0
8519,0.0
8520,0.0
8521,0.0
8522,0.0
8523,0.0
8524,0.0
8525,0.0
8526,0.00239
8527,0.07163
8528,0.14363
8529,0.29649000000000003
8530,0.43833
8531,0.41475
8532,0.5150399999999999
8533,0.24994
8534,0.40267000000000003
8535,0.37682
8536,0.16883
8537,0.05584
8538,0.0
8539,0.0
8540,0.0
8541,0.0
8542,0.0
8543,0.0
8544,0.0
8545,0.0
8546,0.0
8547,0.0
8548,0.0
8549,0.0
8550,0.00244
8551,0.07711
8552,0.18746000000000002
8553,0.38455
8554,0.42802999999999997
8555,0.48848
8556,0.36719
8557,0.43301999999999996
8558,0.39306
8559,0.30810000000000004
8560,0.17084
8561,0.04814
8562,0.0
8563,0.0
8564,0.0
8565,0.0
8566,0.0
8567,0.0
8568,0.0
8569,0.0
8570,0.0
8571,0.0
8572,0.0
8573,0.0
8574,0.00456
8575,0.07456
8576,0.17161
8577,0.26088
8578,0.46412
8579,0.61413
8580,0.5851900000000001
8581,0.49953
8582,0.29454
8583,0.24374
8584,0.13122999999999999
8585,0.039630000000000006
8586,0.0
8587,0.0
8588,0.0
8589,0.0
8590,0.0
8591,0.0
8592,0.0
8593,0.0
8594,0.0
8595,0.0
8596,0.0
8597,0.0
8598,0.00481
8599,0.07322
8600,0.24309999999999998
8601,0.31509
8602,0.39522
8603,0.4318
8604,0.57425
8605,0.41763
8606,0.41498
8607,0.29727
8608,0.19408
8609,0.052450000000000004
8610,0.0
8611,0.0
8612,0.0
8613,0.0
8614,0.0
8615,0.0
8616,0.0
8617,0.0
8618,0.0
8619,0.0
8620,0.0
8621,0.0
8622,0.0027400000000000002
8623,0.07186
8624,0.20724
8625,0.3187
8626,0.37776
8627,0.39311
8628,0.46728
8629,0.44659
8630,0.36094
8631,0.31653
8632,0.1794
8633,0.04997
8634,0.0
8635,0.0
8636,0.0
8637,0.0
8638,0.0
8639,0.0
8640,0.0
8641,0.0
8642,0.0
8643,0.0
8644,0.0
8645,0.0
8646,0.0007099999999999999
8647,0.01651
8648,0.06506
8649,0.04519
8650,0.21434999999999998
8651,0.33523000000000003
8652,0.32591000000000003
8653,0.41178
8654,0.34029000000000004
8655,0.22635
8656,0.12167
8657,0.03095
8658,0.0
8659,0.0
8660,0.0
8661,0.0
8662,0.0
8663,0.0
8664,0.0
8665,0.0
8666,0.0
8667,0.0
8668,0.0
8669,0.0
8670,0.00239
8671,0.01227
8672,0.06514
8673,0.09828
8674,0.12765
8675,0.30494
8676,0.3529
8677,0.43562
8678,0.41284
8679,0.29068
8680,0.15874000000000002
8681,0.05162
8682,0.0
8683,0.0
8684,0.0
8685,0.0
8686,0.0
8687,0.0
8688,0.0
8689,0.0
8690,0.0
8691,0.0
8692,0.0
8693,0.0
8694,0.0052699999999999995
8695,0.09378
8696,0.25434
8697,0.42163999999999996
8698,0.51313
8699,0.59585
8700,0.60138
8701,0.50942
8702,0.47168
8703,0.35599000000000003
8704,0.16904
8705,0.04283
8706,0.0
8707,0.0
8708,0.0
8709,0.0
8710,0.0
8711,0.0
8712,0.0
8713,0.0
8714,0.0
8715,0.0
8716,0.0
8717,0.0
8718,0.0009599999999999999
8719,0.0655
8720,0.25875
8721,0.34061
8722,0.46945
8723,0.47852999999999996
8724,0.44444
8725,0.31449
8726,0.34196
8727,0.27008
8728,0.09939
8729,0.03639
8730,0.0
8731,0.0
8732,0.0
8733,0.0
8734,0.0
8735,0.0
8736,0.0
8737,0.0
8738,0.0
8739,0.0
8740,0.0
8741,0.0
8742,0.0024
8743,0.04424
8744,0.15174
8745,0.36963999999999997
8746,0.33798
8747,0.4017
8748,0.41742
8749,0.5146799999999999
8750,0.43311
8751,0.4026
8752,0.22103
8753,0.28305
8754,0.0
8755,0.0
8756,0.0
8757,0.0
8758,0.0
8759,0.0
