,pv_per_unit
0,0.0
1,0.0
2,0.0
3,0.0
4,0.0
5,0.0
6,0.0
7,0.03631
8,0.05113
9,0.08891
10,0.28425
11,0.40931
12,0.49656
13,0.32757
14,0.27044999999999997
15,0.21956
16,0.10683
17,0.03183
18,0.0
19,0.0
20,0.0
21,0.0
22,0.0
23,0.0
24,0.0
25,0.0
26,0.0
27,0.0
28,0.0
29,0.0
30,0.0
31,0.01794
32,0.02191
33,0.01388
34,0.054810000000000005
35,0.07707
36,0.23195
37,0.26083
38,0.19916
39,0.10159
40,0.05485
41,0.01431
42,0.0
43,0.0
44,0.0
45,0.0
46,0.0
47,0.0
48,0.0
49,0.0
50,0.0
51,0.0
52,0.0
53,0.0
54,5e-05
55,0.049460000000000004
56,0.22261
57,0.3517
58,0.36164999999999997
59,0.52378
60,0.5500499999999999
61,0.42632
62,0.31193
63,0.24069
64,0.10052
65,0.02503
66,0.0
67,0.0
68,0.0
69,0.0
70,0.0
71,0.0
72,0.0
73,0.0
74,0.0
75,0.0
76,0.0
77,0.0
78,0.0015300000000000001
79,0.07537
80,0.19061
81,0.26177
82,0.25423
83,0.36151
84,0.4576
85,0.43029
86,0.3427
87,0.24430000000000002
88,0.07687000000000001
89,0.013699999999999999
90,0.0
91,0.0
92,0.0
93,0.0
94,0.0
95,0.0
96,0.0
97,0.0
98,0.0
99,0.0
100,0.0
101,0.0
102,0.0007199999999999999
103,0.05035
104,0.08421
105,0.20457
106,0.21872
107,0.38495
108,0.49754000000000004
109,0.31459
110,0.21006
111,0.17364
112,0.09959
113,0.02119
114,0.0
115,0.0
116,0.0
117,0.0
118,0.0
119,0.0
120,0.0
121,0.0
122,0.0
123,0.0
124,0.0
125,0.0
126,0.00062
127,0.04119
128,0.07209
129,0.155
130,0.3266
131,0.46022
132,0.45121
133,0.26664
134,0.3175
135,0.18092
136,0.09554
137,0.01583
138,0.0
139,0.0
140,0.0
141,0.0
142,0.0
143,0.0
144,0.0
145,0.0
146,0.0
147,0.0
148,0.0
149,0.0
150,0.0
151,0.0177
152,0.10998000000000001
153,0.13109
154,0.26750999999999997
155,0.15788999999999997
156,0.40688
157,0.37449
158,0.29699000000000003
159,0.17204
160,0.07794
161,0.01269
162,0.0
163,0.0
164,0.0
165,0.0
166,0.0
167,0.0
168,0.0
169,0.0
170,0.0
171,0.0
172,0.0
173,0.0
174,0.0
175,0.025589999999999998
176,0.07447
177,0.13194999999999998
178,0.1276
179,0.15145
180,0.09656
181,0.15912
182,0.1305
183,0.10211
184,0.07690000000000001
185,0.021929999999999998
186,0.0
187,0.0
188,0.0
189,0.0
190,0.0
191,0.0
192,0.0
193,0.0
194,0.0
195,0.0
196,0.0
197,0.0
198,0.00246
199,0.07574
200,0.2169
201,0.3959
202,0.44098000000000004
203,0.50446
204,0.5482
205,0.41993
206,0.19688
207,0.33764999999999995
208,0.13447
209,0.051770000000000004
210,0.0
211,0.0
212,0.0
213,0.0
214,0.0
215,0.0
216,0.0
217,0.0
218,0.0
219,0.0
220,0.0
221,0.0
222,0.0
223,0.01289
224,0.0557
225,0.08488
226,0.1023
227,0.18411000000000002
228,0.36765
229,0.30613
230,0.28467000000000003
231,0.26091000000000003
232,0.1463
233,0.04287
234,0.0
235,0.0
236,0.0
237,0.0
238,0.0
239,0.0
240,0.0
241,0.0
242,0.0
243,0.0
244,0.0
245,0.0
246,0.0
247,0.01537
248,0.04883
249,0.15647999999999998
250,0.20749
251,0.22619
252,0.35181
253,0.25431
254,0.31110000000000004
255,0.20764
256,0.10674
257,0.03989
258,0.0
259,0.0
260,0.0
261,0.0
262,0.0
263,0.0
264,0.0
265,0.0
266,0.0
267,0.0
268,0.0
269,0.0
270,0.0
271,0.01257
272,0.12249
273,0.14024
274,0.16975
275,0.31754000000000004
276,0.37568
277,0.36199000000000003
278,0.35289
279,0.22011
280,0.04635
281,0.040240000000000005
282,0.0
283,0.0
284,0.0
285,0.0
286,0.0
287,0.0
288,0.0
289,0.0
290,0.0
291,0.0
292,0.0
293,0.0
294,0.00017
295,0.03344
296,0.12398
297,0.26576
298,0.35311000000000003
299,0.40231
300,0.43451
301,0.20857
302,0.35808
303,0.18835
304,0.16841
305,0.03437
306,0.0
307,0.0
308,0.0
309,0.0
310,0.0
311,0.0
312,0.0
313,0.0
314,0.0
315,0.0
316,0.0
317,0.0
318,0.0
319,0.01924
320,0.06862
321,0.15932
322,0.17933000000000002
323,0.19125
324,0.28358999999999995
325,0.42014999999999997
326,0.36966000000000004
327,0.19766999999999998
328,0.17463
329,0.03028
330,0.0
331,0.0
332,0.0
333,0.0
334,0.0
335,0.0
336,0.0
337,0.0
338,0.0
339,0.0
340,0.0
341,0.0
342,0.0005899999999999999
343,0.053200000000000004
344,0.14715999999999999
345,0.26394
346,0.26559
347,0.23667
348,0.23254
349,0.2296
350,0.12762
351,0.15086000000000002
352,0.09049
353,0.022949999999999998
354,0.0
355,0.0
356,0.0
357,0.0
358,0.0
359,0.0
360,0.0
361,0.0
362,0.0
363,0.0
364,0.0
365,0.0
366,0.00035
367,0.02488
368,0.09337000000000001
369,0.16684000000000002
370,0.15300999999999998
371,0.23717
372,0.15752000000000002
373,0.12326000000000001
374,0.13369999999999999
375,0.09977
376,0.05013
377,0.00857
378,0.0
379,0.0
380,0.0
381,0.0
382,0.0
383,0.0
384,0.0
385,0.0
386,0.0
387,0.0
388,0.0
389,0.0
390,0.0
391,0.00887
392,0.07122
393,0.062380000000000005
394,0.09425
395,0.08931
396,0.26345999999999997
397,0.18982
398,0.18621000000000001
399,0.06788
400,0.07501000000000001
401,0.022789999999999998
402,0.0
403,0.0
404,0.0
405,0.0
406,0.0
407,0.0
408,0.0
409,0.0
410,0.0
411,0.0
412,0.0
413,0.0
414,2.9999999999999997e-05
415,0.0716
416,0.18486000000000002
417,0.23448
418,0.37809
419,0.45341000000000004
420,0.46179000000000003
421,0.37178
422,0.3991
423,0.24467
424,0.1444
425,0.04193
426,0.0
427,0.0
428,0.0
429,0.0
430,0.0
431,0.0
432,0.0
433,0.0
434,0.0
435,0.0
436,0.0
437,0.0
438,5.9999999999999995e-05
439,0.03642
440,0.09739
441,0.08687
442,0.08294
443,0.13194999999999998
444,0.19313
445,0.2137
446,0.19194999999999998
447,0.09662000000000001
448,0.09124
449,0.01659
450,0.0
451,0.0
452,0.0
453,0.0
454,0.0
455,0.0
456,0.0
457,0.0
458,0.0
459,0.0
460,0.0
461,0.0
462,0.0002
463,0.046509999999999996
464,0.11115
465,0.21714
466,0.36329
467,0.559
468,0.5899500000000001
469,0.42413999999999996
470,0.39715
471,0.33247000000000004
472,0.12765
473,0.03023
474,0.0
475,0.0
476,0.0
477,0.0
478,0.0
479,0.0
480,0.0
481,0.0
482,0.0
483,0.0
484,0.0
485,0.0
486,0.00067
487,0.05007
488,0.15872
489,0.222
490,0.28712
491,0.33696
492,0.41151
493,0.21076
494,0.09778
495,0.09734999999999999
496,0.09531999999999999
497,0.01835
498,0.0
499,0.0
500,0.0
501,0.0
502,0.0
503,0.0
504,0.0
505,0.0
506,0.0
507,0.0
508,0.0
509,0.0
510,0.0
511,0.01709
512,0.049049999999999996
513,0.09029999999999999
514,0.13359000000000001
515,0.12211
516,0.13129
517,0.27009
518,0.24377000000000001
519,0.16063
520,0.0856
521,0.02316
522,0.0
523,0.0
524,0.0
525,0.0
526,0.0
527,0.0
528,0.0
529,0.0
530,0.0
531,0.0
532,0.0
533,0.0
534,0.00016
535,0.02277
536,0.13877
537,0.23542
538,0.28458
539,0.37516000000000005
540,0.37206
541,0.46814999999999996
542,0.30451
543,0.18572
544,0.06291
545,0.00863
546,0.0
547,0.0
548,0.0
549,0.0
550,0.0
551,0.0
552,0.0
553,0.0
554,0.0
555,0.0
556,0.0
557,0.0
558,0.0
559,0.03314
560,0.06382
561,0.15574000000000002
562,0.27074000000000004
563,0.36116000000000004
564,0.425
565,0.28491000000000005
566,0.25292
567,0.22738999999999998
568,0.10898999999999999
569,0.01436
570,0.0
571,0.0
572,0.0
573,0.0
574,0.0
575,0.0
576,0.0
577,0.0
578,0.0
579,0.0
580,0.0
581,0.0
582,0.0007
583,0.06296
584,0.14087
585,0.19202000000000002
586,0.32008
587,0.38018
588,0.38908
589,0.50082
590,0.18025
591,0.19855
592,0.12283
593,0.02637
594,0.0
595,0.0
596,0.0
597,0.0
598,0.0
599,0.0
600,0.0
601,0.0
602,0.0
603,0.0
604,0.0
605,0.0
606,0.0
607,0.01739
608,0.09514
609,0.2185
610,0.34999
611,0.40905
612,0.44360000000000005
613,0.49711
614,0.32206999999999997
615,0.30523
616,0.22258
617,0.07228
618,0.0
619,0.0
620,0.0
621,0.0
622,0.0
623,0.0
624,0.0
625,0.0
626,0.0
627,0.0
628,0.0
629,0.0
630,0.0010500000000000002
631,0.060200000000000004
632,0.12379000000000001
633,0.21603999999999998
634,0.33663
635,0.40712
636,0.40118
637,0.39647000000000004
638,0.38060000000000005
639,0.31849
640,0.13394
641,0.06415000000000001
642,0.0
643,0.0
644,0.0
645,0.0
646,0.0
647,0.0
648,0.0
649,0.0
650,0.0
651,0.0
652,0.0
653,0.0
654,0.00091
655,0.03372
656,0.13083
657,0.20407
658,0.25833999999999996
659,0.3394
660,0.56999
661,0.50344
662,0.2243
663,0.11562
664,0.08281000000000001
665,0.02683
666,0.0
667,0.0
668,0.0
669,0.0
670,0.0
671,0.0
672,0.0
673,0.0
674,0.0
675,0.0
676,0.0
677,0.0
678,0.00101
679,0.03959
680,0.09723000000000001
681,0.24422
682,0.3962
683,0.42108999999999996
684,0.4477
685,0.38279
686,0.23109
687,0.14433
688,0.07787999999999999
689,0.01529
690,0.0
691,0.0
692,0.0
693,0.0
694,0.0
695,0.0
696,0.0
697,0.0
698,0.0
699,0.0
700,0.0
701,0.0
702,0.0
703,0.0
704,0.00904
705,0.0263
706,0.15162
707,0.06265
708,0.09287999999999999
709,0.24968
710,0.18058000000000002
711,0.16385
712,0.12240000000000001
713,0.038700000000000005
714,0.0
715,0.0
716,0.0
717,0.0
718,0.0
719,0.0
720,0.0
721,0.0
722,0.0
723,0.0
724,0.0
725,0.0
726,2.9999999999999997e-05
727,0.04238
728,0.1362
729,0.28591
730,0.29096
731,0.33911
732,0.23708
733,0.265
734,0.22515000000000002
735,0.21265
736,0.0875
737,0.02551
738,0.0
739,0.0
740,0.0
741,0.0
742,0.0
743,0.0
744,0.0
745,0.0
746,0.0
747,0.0
748,0.0
749,0.0
750,0.00041999999999999996
751,0.06092
752,0.17054
753,0.18908000000000003
754,0.35428
755,0.43249
756,0.448
757,0.5081600000000001
758,0.34091000000000005
759,0.28291000000000005
760,0.12165999999999999
761,0.04084
762,0.0
763,0.0
764,0.0
765,0.0
766,0.0
767,0.0
768,0.0
769,0.0
770,0.0
771,0.0
772,0.0
773,0.0
774,0.0
775,0.01059
776,0.034140000000000004
777,0.19418000000000002
778,0.3487
779,0.46669
780,0.33366
781,0.33531
782,0.20934
783,0.07940000000000001
784,0.05074
785,0.032600000000000004
786,0.0
787,0.0
788,0.0
789,0.0
790,0.0
791,0.0
792,0.0
793,0.0
794,0.0
795,0.0
796,0.0
797,0.0
798,0.0
799,0.04995
800,0.1409
801,0.35055000000000003
802,0.42591
803,0.5531
804,0.54044
805,0.47938
806,0.34624
807,0.2872
808,0.09678
809,0.0175
810,0.0
811,0.0
812,0.0
813,0.0
814,0.0
815,0.0
816,0.0
817,0.0
818,0.0
819,0.0
820,0.0
821,0.0
822,0.0005899999999999999
823,0.04972
824,0.10491
825,0.20654
826,0.15221
827,0.22157
828,0.17582
829,0.34318
830,0.27794
831,0.17794
832,0.15294999999999997
833,0.027649999999999997
834,0.0
835,0.0
836,0.0
837,0.0
838,0.0
839,0.0
840,0.0
841,0.0
842,0.0
843,0.0
844,0.0
845,0.0
846,0.0
847,0.02389
848,0.07972
849,0.21353999999999998
850,0.19208
851,0.28720999999999997
852,0.42663999999999996
853,0.56199
854,0.4792
855,0.36107999999999996
856,0.11401
857,0.03683
858,0.0
859,0.0
860,0.0
861,0.0
862,0.0
863,0.0
864,0.0
865,0.0
866,0.0
867,0.0
868,0.0
869,0.0
870,0.0
871,0.015550000000000001
872,0.05216
873,0.10162
874,0.18874000000000002
875,0.36869999999999997
876,0.49015
877,0.37045999999999996
878,0.40575
879,0.28232999999999997
880,0.12662
881,0.023170000000000003
882,0.0
883,0.0
884,0.0
885,0.0
886,0.0
887,0.0
888,0.0
889,0.0
890,0.0
891,0.0
892,0.0
893,0.0
894,0.0
895,0.03147
896,0.10575
897,0.19083
898,0.25099
899,0.24149
900,0.29729
901,0.15866
902,0.10843000000000001
903,0.18777000000000002
904,0.05916
905,0.00985
906,0.0
907,0.0
908,0.0
909,0.0
910,0.0
911,0.0
912,0.0
913,0.0
914,0.0
915,0.0
916,0.0
917,0.0
918,0.00038
919,0.028239999999999998
920,0.10203
921,0.18487
922,0.26031
923,0.32232
924,0.29037
925,0.56528
926,0.41043
927,0.30759
928,0.1173
929,0.03875
930,0.0
931,0.0
932,0.0
933,0.0
934,0.0
935,0.0
936,0.0
937,0.0
938,0.0
939,0.0
940,0.0
941,0.0
942,0.0
943,0.0096
944,0.06495999999999999
945,0.11359999999999999
946,0.19695
947,0.24080000000000001
948,0.3679
949,0.50654
950,0.4924
951,0.28896
952,0.12541
953,0.03958
954,0.0
955,0.0
956,0.0
957,0.0
958,0.0
959,0.0
960,0.0
961,0.0
962,0.0
963,0.0
964,0.0
965,0.0
966,0.0
967,0.0389
968,0.11993000000000001
969,0.21907
970,0.34708
971,0.55302
972,0.45073
973,0.40574
974,0.42057
975,0.31473
976,0.10976000000000001
977,0.03694
978,0.0
979,0.0
980,0.0
981,0.0
982,0.0
983,0.0
984,0.0
985,0.0
986,0.0
987,0.0
988,0.0
989,0.0
990,0.0
991,0.03077
992,0.07628
993,0.13668
994,0.33074000000000003
995,0.28192
996,0.4611
997,0.31633999999999995
998,0.31583
999,0.35675
1000,0.12969999999999998
1001,0.02618
1002,0.0
1003,0.0
1004,0.0
1005,0.0
1006,0.0
1007,0.0
1008,0.0
1009,0.0
1010,0.0
1011,0.0
1012,0.0
1013,0.0
1014,0.0
1015,0.00831
1016,0.05081
1017,0.11193
1018,0.20001
1019,0.31529
1020,0.30251
1021,0.30939999999999995
1022,0.20999
1023,0.165
1024,0.13079
1025,0.02721
1026,0.0
1027,0.0
1028,0.0
1029,0.0
1030,0.0
1031,0.0
1032,0.0
1033,0.0
1034,0.0
1035,0.0
1036,0.0
1037,0.0
1038,0.00103
1039,0.03149
1040,0.09953000000000001
1041,0.16693
1042,0.12528
1043,0.31319
1044,0.43506
1045,0.37035
1046,0.35011000000000003
1047,0.25174
1048,0.09728
1049,0.01617
1050,0.0
1051,0.0
1052,0.0
1053,0.0
1054,0.0
1055,0.0
1056,0.0
1057,0.0
1058,0.0
1059,0.0
1060,0.0
1061,0.0
1062,0.0
1063,0.02896
1064,0.10499
1065,0.26056
1066,0.32332
1067,0.37123
1068,0.41831
1069,0.21478
1070,0.18503999999999998
1071,0.15884
1072,0.08887
1073,0.01306
1074,0.0
1075,0.0
1076,0.0
1077,0.0
1078,0.0
1079,0.0
1080,0.0
1081,0.0
1082,0.0
1083,0.0
1084,0.0
1085,0.0
1086,0.00035
1087,0.04299
1088,0.14992
1089,0.29832
1090,0.38477
1091,0.42152
1092,0.53795
1093,0.409
1094,0.30089
1095,0.30693
1096,0.14074
1097,0.035679999999999996
1098,0.0
1099,0.0
1100,0.0
1101,0.0
1102,0.0
1103,0.0
1104,0.0
1105,0.0
1106,0.0
1107,0.0
1108,0.0
1109,0.0
1110,0.0
1111,0.03532
1112,0.09398999999999999
1113,0.14802
1114,0.24067
1115,0.45581
1116,0.56248
1117,0.48935
1118,0.40388
1119,0.30015
1120,0.17061
1121,0.06279
1122,0.0
1123,0.0
1124,0.0
1125,0.0
1126,0.0
1127,0.0
1128,0.0
1129,0.0
1130,0.0
1131,0.0
1132,0.0
1133,0.0
1134,0.00011
1135,0.02924
1136,0.16895
1137,0.2651
1138,0.31911
1139,0.39948
1140,0.49699
1141,0.51248
1142,0.45806
1143,0.4288
1144,0.16408
1145,0.07993
1146,0.0
1147,0.0
1148,0.0
1149,0.0
1150,0.0
1151,0.0
1152,0.0
1153,0.0
1154,0.0
1155,0.0
1156,0.0
1157,0.0
1158,0.0009599999999999999
1159,0.06142
1160,0.11023999999999999
1161,0.34005
1162,0.32143
1163,0.37733
1164,0.4577
1165,0.48402
1166,0.44639999999999996
1167,0.28845
1168,0.20827
1169,0.05709
1170,0.0
1171,0.0
1172,0.0
1173,0.0
1174,0.0
1175,0.0
1176,0.0
1177,0.0
1178,0.0
1179,0.0
1180,0.0
1181,0.0
1182,0.00239
1183,0.09827
1184,0.21716999999999997
1185,0.316
1186,0.50222
1187,0.50366
1188,0.47318
1189,0.59601
1190,0.49195999999999995
1191,0.14576
1192,0.07841
1193,0.00945
1194,0.0
1195,0.0
1196,0.0
1197,0.0
1198,0.0
1199,0.0
1200,0.0
1201,0.0
1202,0.0
1203,0.0
1204,0.0
1205,0.0
1206,0.0005899999999999999
1207,0.03616
1208,0.07578
1209,0.17795
1210,0.33862000000000003
1211,0.39216
1212,0.5135
1213,0.48368
1214,0.22869
1215,0.2365
1216,0.09097
1217,0.023710000000000002
1218,0.0
1219,0.0
1220,0.0
1221,0.0
1222,0.0
1223,0.0
1224,0.0
1225,0.0
1226,0.0
1227,0.0
1228,0.0
1229,0.0
1230,0.0025
1231,0.06462000000000001
1232,0.20501
1233,0.37013999999999997
1234,0.43905
1235,0.44687
1236,0.5730700000000001
1237,0.52008
1238,0.34149
1239,0.19086
1240,0.16799
1241,0.053439999999999994
1242,0.0
1243,0.0
1244,0.0
1245,0.0
1246,0.0
1247,0.0
1248,0.0
1249,0.0
1250,0.0
1251,0.0
1252,0.0
1253,0.0
1254,0.0002
1255,0.027129999999999998
1256,0.08887
1257,0.23105
1258,0.33393
1259,0.35087
1260,0.44039999999999996
1261,0.34168
1262,0.23237
1263,0.17252
1264,0.11317
1265,0.02264
1266,0.0
1267,0.0
1268,0.0
1269,0.0
1270,0.0
1271,0.0
1272,0.0
1273,0.0
1274,0.0
1275,0.0
1276,0.0
1277,0.0
1278,0.00038
1279,0.03389
1280,0.10006999999999999
1281,0.24253
1282,0.4154
1283,0.46026999999999996
1284,0.41681
1285,0.38674000000000003
1286,0.22387
1287,0.18312
1288,0.08671
1289,0.05269
1290,0.0
1291,0.0
1292,0.0
1293,0.0
1294,0.0
1295,0.0
1296,0.0
1297,0.0
1298,0.0
1299,0.0
1300,0.0
1301,0.0
1302,0.00031
1303,0.03641
1304,0.11631999999999999
1305,0.11895
1306,0.29710000000000003
1307,0.44869
1308,0.48855
1309,0.34883
1310,0.34213
1311,0.2333
1312,0.16357
1313,0.048
1314,0.0
1315,0.0
1316,0.0
1317,0.0
1318,0.0
1319,0.0
1320,0.0
1321,0.0
1322,0.0
1323,0.0
1324,0.0
1325,0.0
1326,0.0
1327,0.0341
1328,0.07013
1329,0.08129
1330,0.19825
1331,0.18625
1332,0.2714
1333,0.35237
1334,0.35642
1335,0.32093
1336,0.16596
1337,0.02684
1338,0.0
1339,0.0
1340,0.0
1341,0.0
1342,0.0
1343,0.0
1344,0.0
1345,0.0
1346,0.0
1347,0.0
1348,0.0
1349,0.0
1350,0.0013700000000000001
1351,0.06363
1352,0.14853
1353,0.27732999999999997
1354,0.27386
1355,0.31113999999999997
1356,0.38038
1357,0.44933999999999996
1358,0.28252
1359,0.14022
1360,0.06758
1361,0.02189
1362,0.0
1363,0.0
1364,0.0
1365,0.0
1366,0.0
1367,0.0
1368,0.0
1369,0.0
1370,0.0
1371,0.0
1372,0.0
1373,0.0
1374,0.0008399999999999999
1375,0.0514
1376,0.17551
1377,0.29083
1378,0.33194999999999997
1379,0.38521
1380,0.45388999999999996
1381,0.36579
1382,0.28443999999999997
1383,0.20763
1384,0.17961000000000002
1385,0.054119999999999994
1386,0.0
1387,0.0
1388,0.0
1389,0.0
1390,0.0
1391,0.0
1392,0.0
1393,0.0
1394,0.0
1395,0.0
1396,0.0
1397,0.0
1398,0.0015300000000000001
1399,0.04922
1400,0.13652
1401,0.35220999999999997
1402,0.45706
1403,0.66379
1404,0.55238
1405,0.5549700000000001
1406,0.49867
1407,0.42202999999999996
1408,0.24312
1409,0.07241
1410,0.0
1411,0.0
1412,0.0
1413,0.0
1414,0.0
1415,0.0
1416,0.0
1417,0.0
1418,0.0
1419,0.0
1420,0.0
1421,0.0
1422,0.00217
1423,0.08415
1424,0.19153
1425,0.27105
1426,0.39844
1427,0.43306
1428,0.46238
1429,0.2748
1430,0.22338999999999998
1431,0.12409999999999999
1432,0.06769
1433,0.00847
1434,0.0
1435,0.0
1436,0.0
1437,0.0
1438,0.0
1439,0.0
1440,0.0
1441,0.0
1442,0.0
1443,0.0
1444,0.0
1445,0.0
1446,0.0
1447,0.01193
1448,0.03343
1449,0.08576
1450,0.08881
1451,0.09034
1452,0.19533
1453,0.55175
1454,0.34179000000000004
1455,0.35597
1456,0.20849
1457,0.05525
1458,0.0
1459,0.0
1460,0.0
1461,0.0
1462,0.0
1463,0.0
1464,0.0
1465,0.0
1466,0.0
1467,0.0
1468,0.0
1469,0.0
1470,0.00047
1471,0.053149999999999996
1472,0.16466999999999998
1473,0.2636
1474,0.39052
1475,0.5450499999999999
1476,0.50154
1477,0.5057699999999999
1478,0.39513
1479,0.21228
1480,0.15056
1481,0.03682
1482,0.0
1483,0.0
1484,0.0
1485,0.0
1486,0.0
1487,0.0
1488,0.0
1489,0.0
1490,0.0
1491,0.0
1492,0.0
1493,0.0
1494,0.00092
1495,0.06443
1496,0.19731
1497,0.2621
1498,0.36442
1499,0.38618
1500,0.44953
1501,0.46253
1502,0.38516
1503,0.38513
1504,0.18999000000000002
1505,0.06979
1506,0.0
1507,0.0
1508,0.0
1509,0.0
1510,0.0
1511,0.0
1512,0.0
1513,0.0
1514,0.0
1515,0.0
1516,0.0
1517,0.0
1518,0.00014000000000000001
1519,0.03455
1520,0.08277
1521,0.17883000000000002
1522,0.25152
1523,0.44625
1524,0.5538099999999999
1525,0.37975
1526,0.36587000000000003
1527,0.1911
1528,0.12124
1529,0.03668
1530,0.0
1531,0.0
1532,0.0
1533,0.0
1534,0.0
1535,0.0
1536,0.0
1537,0.0
1538,0.0
1539,0.0
1540,0.0
1541,0.0
1542,0.0019299999999999999
1543,0.06302
1544,0.17578
1545,0.24868
1546,0.34489
1547,0.4888
1548,0.33649
1549,0.43251999999999996
1550,0.2273
1551,0.18813999999999997
1552,0.04245
1553,0.024300000000000002
1554,0.0
1555,0.0
1556,0.0
1557,0.0
1558,0.0
1559,0.0
1560,0.0
1561,0.0
1562,0.0
1563,0.0
1564,0.0
1565,0.0
1566,0.00206
1567,0.06422
1568,0.14379
1569,0.22329
1570,0.22047999999999998
1571,0.41779
1572,0.40861000000000003
1573,0.32442000000000004
1574,0.30126
1575,0.21816
1576,0.16869
1577,0.032740000000000005
1578,0.0
1579,0.0
1580,0.0
1581,0.0
1582,0.0
1583,0.0
1584,0.0
1585,0.0
1586,0.0
1587,0.0
1588,0.0
1589,0.0
1590,0.00174
1591,0.08506999999999999
1592,0.17574
1593,0.37356
1594,0.4096
1595,0.5825
1596,0.67332
1597,0.5630700000000001
1598,0.49692000000000003
1599,0.33881
1600,0.19756
1601,0.04513
1602,0.0
1603,0.0
1604,0.0
1605,0.0
1606,0.0
1607,0.0
1608,0.0
1609,0.0
1610,0.0
1611,0.0
1612,0.0
1613,0.0
1614,0.00127
1615,0.05135
1616,0.11262
1617,0.1776
1618,0.31809
1619,0.43814
1620,0.54953
1621,0.5979
1622,0.53561
1623,0.29866000000000004
1624,0.14995
1625,0.047979999999999995
1626,0.0
1627,0.0
1628,0.0
1629,0.0
1630,0.0
1631,0.0
1632,0.0
1633,0.0
1634,0.0
1635,0.0
1636,0.0
1637,0.0
1638,0.0003
1639,0.05066
1640,0.16201
1641,0.2002
1642,0.40924
1643,0.5461900000000001
1644,0.6508200000000001
1645,0.5325599999999999
1646,0.53195
1647,0.35907
1648,0.24378
1649,0.05398
1650,0.0
1651,0.0
1652,0.0
1653,0.0
1654,0.0
1655,0.0
1656,0.0
1657,0.0
1658,0.0
1659,0.0
1660,0.0
1661,0.0
1662,0.0024500000000000004
1663,0.06291
1664,0.17887999999999998
1665,0.29386
1666,0.40955
1667,0.41631999999999997
1668,0.39066
1669,0.51414
1670,0.38777
1671,0.3073
1672,0.21081
1673,0.06835
1674,0.0
1675,0.0
1676,0.0
1677,0.0
1678,0.0
1679,0.0
1680,0.0
1681,0.0
1682,0.0
1683,0.0
1684,0.0
1685,0.0
1686,0.0012
1687,0.0591
1688,0.25923
1689,0.22776
1690,0.49336
1691,0.46007
1692,0.6502100000000001
1693,0.55684
1694,0.49825
1695,0.39017
1696,0.27961
1697,0.06148
1698,0.0
1699,0.0
1700,0.0
1701,0.0
1702,0.0
1703,0.0
1704,0.0
1705,0.0
1706,0.0
1707,0.0
1708,0.0
1709,0.0
1710,0.00155
1711,0.05733
1712,0.13275
1713,0.13209
1714,0.31751
1715,0.47526
1716,0.5183
1717,0.5950599999999999
1718,0.52734
1719,0.45237
1720,0.27424
1721,0.07611
1722,0.0
1723,0.0
1724,0.0
1725,0.0
1726,0.0
1727,0.0
1728,0.0
1729,0.0
1730,0.0
1731,0.0
1732,0.0
1733,0.0
1734,0.00538
1735,0.10016
1736,0.28289
1737,0.39913
1738,0.5296000000000001
1739,0.6073099999999999
1740,0.51755
1741,0.64349
1742,0.51689
1743,0.34348
1744,0.222
1745,0.06859
1746,0.0
1747,0.0
1748,0.0
1749,0.0
1750,0.0
1751,0.0
1752,0.0
1753,0.0
1754,0.0
1755,0.0
1756,0.0
1757,0.0
1758,0.00592
1759,0.08348
1760,0.16296000000000002
1761,0.28776
1762,0.55131
1763,0.60425
1764,0.63054
1765,0.66367
1766,0.5512100000000001
1767,0.36557
1768,0.20391
1769,0.05906
1770,0.0
1771,0.0
1772,0.0
1773,0.0
1774,0.0
1775,0.0
1776,0.0
1777,0.0
1778,0.0
1779,0.0
1780,0.0
1781,0.0
1782,0.00237
1783,0.07417
1784,0.09387999999999999
1785,0.37995
1786,0.43506
1787,0.51378
1788,0.40582999999999997
1789,0.33388
1790,0.37010000000000004
1791,0.37456
1792,0.11787
1793,0.03337
1794,0.0
1795,0.0
1796,0.0
1797,0.0
1798,0.0
1799,0.0
1800,0.0
1801,0.0
1802,0.0
1803,0.0
1804,0.0
1805,0.0
1806,0.0011799999999999998
1807,0.03527
1808,0.1158
1809,0.13388999999999998
1810,0.15422999999999998
1811,0.31799
1812,0.46976
1813,0.17829
1814,0.24697999999999998
1815,0.1802
1816,0.12273999999999999
1817,0.00587
1818,0.0
1819,0.0
1820,0.0
1821,0.0
1822,0.0
1823,0.0
1824,0.0
1825,0.0
1826,0.0
1827,0.0
1828,0.0
1829,0.0
1830,0.0
1831,0.00505
1832,0.06327
1833,0.17389
1834,0.21144
1835,0.25662999999999997
1836,0.39964
1837,0.39832999999999996
1838,0.28107
1839,0.2445
1840,0.08593
1841,0.02727
1842,0.0
1843,0.0
1844,0.0
1845,0.0
1846,0.0
1847,0.0
1848,0.0
1849,0.0
1850,0.0
1851,0.0
1852,0.0
1853,0.0
1854,0.0022400000000000002
1855,0.06885
1856,0.09209
1857,0.21415
1858,0.29857999999999996
1859,0.48889
1860,0.59405
1861,0.31418
1862,0.31342000000000003
1863,0.18535
1864,0.0785
1865,0.013359999999999999
1866,0.0
1867,0.0
1868,0.0
1869,0.0
1870,0.0
1871,0.0
1872,0.0
1873,0.0
1874,0.0
1875,0.0
1876,0.0
1877,0.0
1878,0.00165
1879,0.047170000000000004
1880,0.17168
1881,0.21103
1882,0.19736
1883,0.23704
1884,0.39273
1885,0.26523
1886,0.24853
1887,0.23806
1888,0.1033
1889,0.02857
1890,0.0
1891,0.0
1892,0.0
1893,0.0
1894,0.0
1895,0.0
1896,0.0
1897,0.0
1898,0.0
1899,0.0
1900,0.0
1901,0.0
1902,0.0
1903,0.00704
1904,0.04163
1905,0.17228
1906,0.24348
1907,0.18284
1908,0.33867
1909,0.31319
1910,0.41386
1911,0.28376
1912,0.0836
1913,0.024399999999999998
1914,0.0
1915,0.0
1916,0.0
1917,0.0
1918,0.0
1919,0.0
1920,0.0
1921,0.0
1922,0.0
1923,0.0
1924,0.0
1925,0.0
1926,0.00046
1927,0.01998
1928,0.03163
1929,0.08093
1930,0.20713
1931,0.27386
1932,0.32571
1933,0.47833
1934,0.39679000000000003
1935,0.29873
1936,0.10306
1937,0.0485
1938,0.0
1939,0.0
1940,0.0
1941,0.0
1942,0.0
1943,0.0
1944,0.0
1945,0.0
1946,0.0
1947,0.0
1948,0.0
1949,0.0
1950,0.00127
1951,0.02894
1952,0.12085
1953,0.20584
1954,0.30844
1955,0.45006999999999997
1956,0.59785
1957,0.309
1958,0.19361
1959,0.19868
1960,0.15068
1961,0.025589999999999998
1962,0.0
1963,0.0
1964,0.0
1965,0.0
1966,0.0
1967,0.0
1968,0.0
1969,0.0
1970,0.0
1971,0.0
1972,0.0
1973,0.0
1974,0.00342
1975,0.06487000000000001
1976,0.16656
1977,0.3461
1978,0.52832
1979,0.54498
1980,0.5774400000000001
1981,0.5377799999999999
1982,0.47925
1983,0.32639999999999997
1984,0.14082
1985,0.02284
1986,0.0
1987,0.0
1988,0.0
1989,0.0
1990,0.0
1991,0.0
1992,0.0
1993,0.0
1994,0.0
1995,0.0
1996,0.0
1997,0.0
1998,0.00368
1999,0.038810000000000004
2000,0.12567
2001,0.21784
2002,0.25156
2003,0.30905
2004,0.47919
2005,0.5135599999999999
2006,0.34755
2007,0.24722999999999998
2008,0.07761
2009,0.00951
2010,0.0
2011,0.0
2012,0.0
2013,0.0
2014,0.0
2015,0.0
2016,0.0
2017,0.0
2018,0.0
2019,0.0
2020,0.0
2021,0.0
2022,0.0058200000000000005
2023,0.08068
2024,0.27049
2025,0.35914999999999997
2026,0.5062099999999999
2027,0.56347
2028,0.6448400000000001
2029,0.6059500000000001
2030,0.51057
2031,0.3447
2032,0.21747
2033,0.03658
2034,0.0
2035,0.0
2036,0.0
2037,0.0
2038,0.0
2039,0.0
2040,0.0
2041,0.0
2042,0.0
2043,0.0
2044,0.0
2045,0.0
2046,0.0035499999999999998
2047,0.05212
2048,0.16917
2049,0.31908
2050,0.39762000000000003
2051,0.5214500000000001
2052,0.5269400000000001
2053,0.41176
2054,0.17842
2055,0.27418
2056,0.11428
2057,0.02648
2058,0.0
2059,0.0
2060,0.0
2061,0.0
2062,0.0
2063,0.0
2064,0.0
2065,0.0
2066,0.0
2067,0.0
2068,0.0
2069,0.0
2070,0.0009
2071,0.0256
2072,0.09257
2073,0.20779
2074,0.19612000000000002
2075,0.2723
2076,0.25801
2077,0.30538
2078,0.24772999999999998
2079,0.15686000000000003
2080,0.06362
2081,0.01357
2082,0.0
2083,0.0
2084,0.0
2085,0.0
2086,0.0
2087,0.0
2088,0.0
2089,0.0
2090,0.0
2091,0.0
2092,0.0
2093,0.0
2094,0.00525
2095,0.01682
2096,0.036520000000000004
2097,0.12249
2098,0.16569
2099,0.25989
2100,0.13785
2101,0.14415
2102,0.14063
2103,0.11602
2104,0.06788
2105,0.02187
2106,0.0
2107,0.0
2108,0.0
2109,0.0
2110,0.0
2111,0.0
2112,0.0
2113,0.0
2114,0.0
2115,0.0
2116,0.0
2117,0.0
2118,0.00623
2119,0.09705
2120,0.24972999999999998
2121,0.42129
2122,0.45864
2123,0.62201
2124,0.63713
2125,0.35864999999999997
2126,0.28364999999999996
2127,0.18831
2128,0.12886
2129,0.03334
2130,0.0
2131,0.0
2132,0.0
2133,0.0
2134,0.0
2135,0.0
2136,0.0
2137,0.0
2138,0.0
2139,0.0
2140,0.0
2141,0.0
2142,0.0
2143,0.019469999999999998
2144,0.08652
2145,0.07021
2146,0.12163
2147,0.13046000000000002
2148,0.1258
2149,0.18366
2150,0.14502
2151,0.0721
2152,0.02757
2153,0.00337
2154,0.0
2155,0.0
2156,0.0
2157,0.0
2158,0.0
2159,0.0
2160,0.0
2161,0.0
2162,0.0
2163,0.0
2164,0.0
2165,0.0
2166,0.0
2167,0.011949999999999999
2168,0.01309
2169,0.054700000000000006
2170,0.09613
2171,0.10178
2172,0.17562
2173,0.50837
2174,0.38177
2175,0.3639
2176,0.14163
2177,0.02457
2178,0.0
2179,0.0
2180,0.0
2181,0.0
2182,0.0
2183,0.0
2184,0.0
2185,0.0
2186,0.0
2187,0.0
2188,0.0
2189,0.0
2190,0.00646
2191,0.08314
2192,0.18637
2193,0.40762
2194,0.46920999999999996
2195,0.52562
2196,0.5807100000000001
2197,0.63832
2198,0.50636
2199,0.24678999999999998
2200,0.12179000000000001
2201,0.045200000000000004
2202,0.0
2203,0.0
2204,0.0
2205,0.0
2206,0.0
2207,0.0
2208,0.0
2209,0.0
2210,0.0
2211,0.0
2212,0.0
2213,0.0
2214,0.00529
2215,0.04165
2216,0.10255
2217,0.36826
2218,0.46729000000000004
2219,0.50795
2220,0.5858300000000001
2221,0.38832
2222,0.33993
2223,0.3008
2224,0.09244
2225,0.017410000000000002
2226,0.0
2227,0.0
2228,0.0
2229,0.0
2230,0.0
2231,0.0
2232,0.0
2233,0.0
2234,0.0
2235,0.0
2236,0.0
2237,0.0
2238,0.0054
2239,0.09259
2240,0.23775
2241,0.41187
2242,0.52504
2243,0.61277
2244,0.6396000000000001
2245,0.6143099999999999
2246,0.53379
2247,0.37666000000000005
2248,0.19319
2249,0.02718
2250,0.0
2251,0.0
2252,0.0
2253,0.0
2254,0.0
2255,0.0
2256,0.0
2257,0.0
2258,0.0
2259,0.0
2260,0.0
2261,0.0
2262,0.00679
2263,0.05832
2264,0.18481
2265,0.19924
2266,0.47049
2267,0.50287
2268,0.5477799999999999
2269,0.48883
2270,0.36569999999999997
2271,0.19266999999999998
2272,0.09813
2273,0.04232
2274,0.0
2275,0.0
2276,0.0
2277,0.0
2278,0.0
2279,0.0
2280,0.0
2281,0.0
2282,0.0
2283,0.0
2284,0.0
2285,0.0
2286,0.0
2287,0.045630000000000004
2288,0.13811
2289,0.25411
2290,0.36295
2291,0.32577
2292,0.30792
2293,0.24844999999999998
2294,0.18415
2295,0.13895
2296,0.09240000000000001
2297,0.02536
2298,0.0
2299,0.0
2300,0.0
2301,0.0
2302,0.0
2303,0.0
2304,0.0
2305,0.0
2306,0.0
2307,0.0
2308,0.0
2309,0.0
2310,0.00123
2311,0.03352
2312,0.12476000000000001
2313,0.15100999999999998
2314,0.1674
2315,0.18259999999999998
2316,0.2348
2317,0.20349
2318,0.23142
2319,0.22784000000000001
2320,0.09103
2321,0.0319
2322,0.0
2323,0.0
2324,0.0
2325,0.0
2326,0.0
2327,0.0
2328,0.0
2329,0.0
2330,0.0
2331,0.0
2332,0.0
2333,0.0
2334,0.00387
2335,0.03154
2336,0.10579000000000001
2337,0.1527
2338,0.21802000000000002
2339,0.32883999999999997
2340,0.30319
2341,0.2849
2342,0.31391
2343,0.12853
2344,0.05244
2345,0.02375
2346,0.0
2347,0.0
2348,0.0
2349,0.0
2350,0.0
2351,0.0
2352,0.0
2353,0.0
2354,0.0
2355,0.0
2356,0.0
2357,0.0
2358,0.0029
2359,0.01808
2360,0.15803999999999999
2361,0.20972
2362,0.35802
2363,0.42995
2364,0.53306
2365,0.37759
2366,0.49616000000000005
2367,0.24699000000000002
2368,0.17765
2369,0.02112
2370,0.0
2371,0.0
2372,0.0
2373,0.0
2374,0.0
2375,0.0
2376,0.0
2377,0.0
2378,0.0
2379,0.0
2380,0.0
2381,0.0
2382,0.0047
2383,0.02585
2384,0.08847
2385,0.1384
2386,0.16595
2387,0.2036
2388,0.24280000000000002
2389,0.4007
2390,0.24688
2391,0.13124
2392,0.06731000000000001
2393,0.02029
2394,0.0
2395,0.0
2396,0.0
2397,0.0
2398,0.0
2399,0.0
2400,0.0
2401,0.0
2402,0.0
2403,0.0
2404,0.0
2405,0.0
2406,0.00948
2407,0.0927
2408,0.13788999999999998
2409,0.17901
2410,0.34807
2411,0.37261
2412,0.29114999999999996
2413,0.26129
2414,0.24059
2415,0.19109
2416,0.08481999999999999
2417,0.012230000000000001
2418,0.0
2419,0.0
2420,0.0
2421,0.0
2422,0.0
2423,0.0
2424,0.0
2425,0.0
2426,0.0
2427,0.0
2428,0.0
2429,0.0
2430,0.00643
2431,0.0692
2432,0.10296
2433,0.25424
2434,0.28698
2435,0.34236
2436,0.42149000000000003
2437,0.19484
2438,0.18807
2439,0.11079
2440,0.051859999999999996
2441,0.01262
2442,0.0
2443,0.0
2444,0.0
2445,0.0
2446,0.0
2447,0.0
2448,0.0
2449,0.0
2450,0.0
2451,0.0
2452,0.0
2453,0.0
2454,0.01119
2455,0.0681
2456,0.17391
2457,0.24758000000000002
2458,0.36246
2459,0.41646
2460,0.37267
2461,0.36567
2462,0.24653999999999998
2463,0.19034
2464,0.05069
2465,0.0087
2466,0.0
2467,0.0
2468,0.0
2469,0.0
2470,0.0
2471,0.0
2472,0.0
2473,0.0
2474,0.0
2475,0.0
2476,0.0
2477,0.0
2478,0.0044800000000000005
2479,0.0521
2480,0.12643000000000001
2481,0.23305
2482,0.29861
2483,0.43993
2484,0.28852
2485,0.41008999999999995
2486,0.23242
2487,0.07642
2488,0.024079999999999997
2489,0.01278
2490,0.0
2491,0.0
2492,0.0
2493,0.0
2494,0.0
2495,0.0
2496,0.0
2497,0.0
2498,0.0
2499,0.0
2500,0.0
2501,0.0
2502,0.01157
2503,0.09875
2504,0.28356
2505,0.36021
2506,0.48361000000000004
2507,0.5352899999999999
2508,0.57839
2509,0.48788
2510,0.39298
2511,0.32642000000000004
2512,0.09440000000000001
2513,0.03409
2514,0.0
2515,0.0
2516,0.0
2517,0.0
2518,0.0
2519,0.0
2520,0.0
2521,0.0
2522,0.0
2523,0.0
2524,0.0
2525,0.0
2526,0.00625
2527,0.08639
2528,0.15678999999999998
2529,0.33087
2530,0.49804000000000004
2531,0.57894
2532,0.5811900000000001
2533,0.45259
2534,0.31807
2535,0.20386
2536,0.13991
2537,0.03139
2538,0.0
2539,0.0
2540,0.0
2541,0.0
2542,0.0
2543,0.0
2544,0.0
2545,0.0
2546,0.0
2547,0.0
2548,0.0
2549,0.0
2550,0.00597
2551,0.04625
2552,0.10801000000000001
2553,0.16213999999999998
2554,0.23708
2555,0.31357999999999997
2556,0.43202999999999997
2557,0.41005
2558,0.29218
2559,0.25905
2560,0.11937
2561,0.02359
2562,0.0
2563,0.0
2564,0.0
2565,0.0
2566,0.0
2567,0.0
2568,0.0
2569,0.0
2570,0.0
2571,0.0
2572,0.0
2573,0.0
2574,0.007030000000000001
2575,0.10653
2576,0.25756999999999997
2577,0.31568999999999997
2578,0.46206
2579,0.46002
2580,0.47048
2581,0.51815
2582,0.44217
2583,0.34263
2584,0.16782
2585,0.03012
2586,0.0
2587,0.0
2588,0.0
2589,0.0
2590,0.0
2591,0.0
2592,0.0
2593,0.0
2594,0.0
2595,0.0
2596,0.0
2597,0.0
2598,0.00342
2599,0.07514
2600,0.13043000000000002
2601,0.24774000000000002
2602,0.24477000000000002
2603,0.32680000000000003
2604,0.53839
2605,0.26287
2606,0.327
2607,0.2825
2608,0.21151
2609,0.04944
2610,0.0
2611,0.0
2612,0.0
2613,0.0
2614,0.0
2615,0.0
2616,0.0
2617,0.0
2618,0.0
2619,0.0
2620,0.0
2621,0.0
2622,0.00671
2623,0.0154
2624,0.08072
2625,0.18137
2626,0.24201
2627,0.3063
2628,0.46320999999999996
2629,0.50685
2630,0.32923
2631,0.26316
2632,0.1288
2633,0.01275
2634,0.0
2635,0.0
2636,0.0
2637,0.0
2638,0.0
2639,0.0
2640,0.0
2641,0.0
2642,0.0
2643,0.0
2644,0.0
2645,0.0
2646,0.02463
2647,0.10359
2648,0.19536
2649,0.21037
2650,0.30976
2651,0.30774
2652,0.35469
2653,0.32826
2654,0.22887000000000002
2655,0.25937
2656,0.07523
2657,0.030879999999999998
2658,0.0
2659,0.0
2660,0.0
2661,0.0
2662,0.0
2663,0.0
2664,0.0
2665,0.0
2666,0.0
2667,0.0
2668,0.0
2669,0.0
2670,0.00453
2671,0.03327
2672,0.09025
2673,0.20063
2674,0.27236
2675,0.22978
2676,0.25254
2677,0.24519
2678,0.13283
2679,0.10695
2680,0.037579999999999995
2681,0.01086
2682,0.0
2683,0.0
2684,0.0
2685,0.0
2686,0.0
2687,0.0
2688,0.0
2689,0.0
2690,0.0
2691,0.0
2692,0.0
2693,0.0
2694,0.0
2695,0.0101
2696,0.035859999999999996
2697,0.05762
2698,0.08964
2699,0.07709
2700,0.16675
2701,0.26423
2702,0.28973000000000004
2703,0.14585
2704,0.06706999999999999
2705,0.009859999999999999
2706,0.0
2707,0.0
2708,0.0
2709,0.0
2710,0.0
2711,0.0
2712,0.0
2713,0.0
2714,0.0
2715,0.0
2716,0.0
2717,0.0
2718,0.00737
2719,0.12659
2720,0.22299000000000002
2721,0.19616
2722,0.23793999999999998
2723,0.29492
2724,0.18521
2725,0.31211
2726,0.30063
2727,0.278
2728,0.14637
2729,0.02773
2730,0.0
2731,0.0
2732,0.0
2733,0.0
2734,0.0
2735,0.0
2736,0.0
2737,0.0
2738,0.0
2739,0.0
2740,0.0
2741,0.0
2742,0.0
2743,0.02741
2744,0.07762999999999999
2745,0.18112
2746,0.22684
2747,0.22944
2748,0.21835
2749,0.50663
2750,0.25142
2751,0.09565
2752,0.0285
2753,0.00783
2754,0.0
2755,0.0
2756,0.0
2757,0.0
2758,0.0
2759,0.0
2760,0.0
2761,0.0
2762,0.0
2763,0.0
2764,0.0
2765,0.0
2766,0.00426
2767,0.01572
2768,0.11574
2769,0.11771
2770,0.13441
2771,0.17482
2772,0.27707
2773,0.45991000000000004
2774,0.38745999999999997
2775,0.27626999999999996
2776,0.0891
2777,0.02609
2778,0.0
2779,0.0
2780,0.0
2781,0.0
2782,0.0
2783,0.0
2784,0.0
2785,0.0
2786,0.0
2787,0.0
2788,0.0
2789,0.0
2790,0.0064
2791,0.044469999999999996
2792,0.13361
2793,0.19194
2794,0.49311
2795,0.5401900000000001
2796,0.56633
2797,0.39302
2798,0.34681
2799,0.28376
2800,0.15641999999999998
2801,0.030789999999999998
2802,0.0
2803,0.0
2804,0.0
2805,0.0
2806,0.0
2807,0.0
2808,0.0
2809,0.0
2810,0.0
2811,0.0
2812,0.0
2813,0.0
2814,0.01586
2815,0.13138999999999998
2816,0.27609
2817,0.29488
2818,0.35871
2819,0.4104
2820,0.42438
2821,0.19804
2822,0.16645
2823,0.16509000000000001
2824,0.10134
2825,0.01936
2826,0.0
2827,0.0
2828,0.0
2829,0.0
2830,0.0
2831,0.0
2832,0.0
2833,0.0
2834,0.0
2835,0.0
2836,0.0
2837,0.0
2838,0.01495
2839,0.05553
2840,0.14628
2841,0.24533000000000002
2842,0.33324000000000004
2843,0.24584
2844,0.33099
2845,0.36388
2846,0.29954000000000003
2847,0.0891
2848,0.03907
2849,0.01722
2850,0.0
2851,0.0
2852,0.0
2853,0.0
2854,0.0
2855,0.0
2856,0.0
2857,0.0
2858,0.0
2859,0.0
2860,0.0
2861,0.0
2862,0.00206
2863,0.02795
2864,0.06086
2865,0.20754
2866,0.21277000000000001
2867,0.1502
2868,0.17726
2869,0.26204
2870,0.18763999999999997
2871,0.20012
2872,0.06611
2873,0.01217
2874,0.0
2875,0.0
2876,0.0
2877,0.0
2878,0.0
2879,0.0
2880,0.0
2881,0.0
2882,0.0
2883,0.0
2884,0.0
2885,0.0
2886,0.00991
2887,0.06979
2888,0.11833
2889,0.19366999999999998
2890,0.38021
2891,0.35274
2892,0.24331
2893,0.56032
2894,0.39494999999999997
2895,0.33274000000000004
2896,0.15641999999999998
2897,0.026879999999999998
2898,0.0
2899,0.0
2900,0.0
2901,0.0
2902,0.0
2903,0.0
2904,0.0
2905,0.0
2906,0.0
2907,0.0
2908,0.0
2909,0.0
2910,0.00584
2911,0.037509999999999995
2912,0.0578
2913,0.21309
2914,0.40617000000000003
2915,0.43318
2916,0.39337
2917,0.29368
2918,0.25204
2919,0.061939999999999995
2920,0.039799999999999995
2921,0.01001
2922,0.0
2923,0.0
2924,0.0
2925,0.0
2926,0.0
2927,0.0
2928,0.0
2929,0.0
2930,0.0
2931,0.0
2932,0.0
2933,0.0
2934,0.00229
2935,0.02958
2936,0.054880000000000005
2937,0.16247999999999999
2938,0.09404000000000001
2939,0.21318
2940,0.32902
2941,0.25845
2942,0.25485
2943,0.07392
2944,0.04636
2945,0.01257
2946,0.0
2947,0.0
2948,0.0
2949,0.0
2950,0.0
2951,0.0
2952,0.0
2953,0.0
2954,0.0
2955,0.0
2956,0.0
2957,0.0
2958,0.0189
2959,0.10873000000000001
2960,0.20555
2961,0.25765
2962,0.36779
2963,0.48102999999999996
2964,0.49502999999999997
2965,0.56747
2966,0.42458999999999997
2967,0.25289
2968,0.15275999999999998
2969,0.02978
2970,0.0
2971,0.0
2972,0.0
2973,0.0
2974,0.0
2975,0.0
2976,0.0
2977,0.0
2978,0.0
2979,0.0
2980,0.0
2981,0.0
2982,0.022690000000000002
2983,0.14034
2984,0.27747000000000005
2985,0.45874000000000004
2986,0.5625399999999999
2987,0.62678
2988,0.56898
2989,0.5393600000000001
2990,0.45542
2991,0.31243
2992,0.1807
2993,0.03258
2994,0.0
2995,0.0
2996,0.0
2997,0.0
2998,0.0
2999,0.0
3000,0.0
3001,0.0
3002,0.0
3003,0.0
3004,0.0
3005,0.0
3006,0.013900000000000001
3007,0.12821000000000002
3008,0.30626
3009,0.44179
3010,0.5698
3011,0.62652
3012,0.63315
3013,0.61227
3014,0.45912000000000003
3015,0.28936
3016,0.16722
3017,0.04126
3018,0.0
3019,0.0
3020,0.0
3021,0.0
3022,0.0
3023,0.0
3024,0.0
3025,0.0
3026,0.0
3027,0.0
3028,0.0
3029,0.0
3030,0.00698
3031,0.07804000000000001
3032,0.24148
3033,0.32983999999999997
3034,0.48056
3035,0.43767
3036,0.6262300000000001
3037,0.47125
3038,0.28933
3039,0.21093
3040,0.15208000000000002
3041,0.023710000000000002
3042,0.0
3043,0.0
3044,0.0
3045,0.0
3046,0.0
3047,0.0
3048,0.0
3049,0.0
3050,0.0
3051,0.0
3052,0.0
3053,0.0
3054,0.00184
3055,0.02494
3056,0.06817000000000001
3057,0.22036
3058,0.47185000000000005
3059,0.545
3060,0.59353
3061,0.5098
3062,0.41346
3063,0.22974
3064,0.07437
3065,0.01341
3066,0.0
3067,0.0
3068,0.0
3069,0.0
3070,0.0
3071,0.0
3072,0.0
3073,0.0
3074,0.0
3075,0.0
3076,0.0
3077,0.0
3078,0.01714
3079,0.10814
3080,0.21583000000000002
3081,0.36751
3082,0.51146
3083,0.65631
3084,0.62729
3085,0.4596
3086,0.33255
3087,0.21975
3088,0.09246
3089,0.01307
3090,0.0
3091,0.0
3092,0.0
3093,0.0
3094,0.0
3095,0.0
3096,0.0
3097,0.0
3098,0.0
3099,0.0
3100,0.0
3101,0.0
3102,0.022510000000000002
3103,0.11209000000000001
3104,0.14573
3105,0.23859
3106,0.24713
3107,0.36084
3108,0.44409
3109,0.50976
3110,0.42554000000000003
3111,0.17737
3112,0.055560000000000005
3113,0.0025499999999999997
3114,0.0
3115,0.0
3116,0.0
3117,0.0
3118,0.0
3119,0.0
3120,0.0
3121,0.0
3122,0.0
3123,0.0
3124,0.0
3125,0.0
3126,0.0077
3127,0.06096
3128,0.15747
3129,0.17825
3130,0.23226
3131,0.30734
3132,0.30657999999999996
3133,0.29214
3134,0.17466
3135,0.18011000000000002
3136,0.11581
3137,0.0229
3138,0.0
3139,0.0
3140,0.0
3141,0.0
3142,0.0
3143,0.0
3144,0.0
3145,0.0
3146,0.0
3147,0.0
3148,0.0
3149,0.0
3150,0.01813
3151,0.11334999999999999
3152,0.17106
3153,0.3276
3154,0.39312
3155,0.46284
3156,0.4618
3157,0.39419
3158,0.24633000000000002
3159,0.144
3160,0.05042
3161,0.00733
3162,0.0
3163,0.0
3164,0.0
3165,0.0
3166,0.0
3167,0.0
3168,0.0
3169,0.0
3170,0.0
3171,0.0
3172,0.0
3173,0.0
3174,2.9999999999999997e-05
3175,0.00717
3176,0.0146
3177,0.03033
3178,0.03491
3179,0.06443
3180,0.08992
3181,0.1466
3182,0.12788
3183,0.15389
3184,0.06985
3185,0.014839999999999999
3186,0.0
3187,0.0
3188,0.0
3189,0.0
3190,0.0
3191,0.0
3192,0.0
3193,0.0
3194,0.0
3195,0.0
3196,0.0
3197,0.0
3198,0.0132
3199,0.10266
3200,0.19408
3201,0.31942000000000004
3202,0.49479
3203,0.52812
3204,0.5774
3205,0.43267
3206,0.40437
3207,0.24678
3208,0.09993
3209,0.024460000000000003
3210,0.0
3211,0.0
3212,0.0
3213,0.0
3214,0.0
3215,0.0
3216,0.0
3217,0.0
3218,0.0
3219,0.0
3220,0.0
3221,0.0
3222,0.00976
3223,0.06255
3224,0.23577
3225,0.32249
3226,0.35385
3227,0.39617
3228,0.4091
3229,0.34305
3230,0.22984000000000002
3231,0.14188
3232,0.04492
3233,0.00745
3234,0.0
3235,0.0
3236,0.0
3237,0.0
3238,0.0
3239,0.0
3240,0.0
3241,0.0
3242,0.0
3243,0.0
3244,0.0
3245,0.0
3246,0.00787
3247,0.03202
3248,0.09874
3249,0.30054000000000003
3250,0.43757999999999997
3251,0.47502999999999995
3252,0.49851999999999996
3253,0.4777
3254,0.33538999999999997
3255,0.23645
3256,0.07297
3257,0.01149
3258,0.0
3259,0.0
3260,0.0
3261,0.0
3262,0.0
3263,0.0
3264,0.0
3265,0.0
3266,0.0
3267,0.0
3268,0.0
3269,0.0
3270,0.0065899999999999995
3271,0.02964
3272,0.11020999999999999
3273,0.38653
3274,0.53883
3275,0.54249
3276,0.4601
3277,0.48788
3278,0.37333
3279,0.28186
3280,0.12916
3281,0.02438
3282,0.0
3283,0.0
3284,0.0
3285,0.0
3286,0.0
3287,0.0
3288,0.0
3289,0.0
3290,0.0
3291,0.0
3292,0.0
3293,0.0
3294,0.01249
3295,0.08267000000000001
3296,0.17828
3297,0.40125
3298,0.44604000000000005
3299,0.6356900000000001
3300,0.5707000000000001
3301,0.46070999999999995
3302,0.32545999999999997
3303,0.22322999999999998
3304,0.14452
3305,0.03365
3306,0.0
3307,0.0
3308,0.0
3309,0.0
3310,0.0
3311,0.0
3312,0.0
3313,0.0
3314,0.0
3315,0.0
3316,0.0
3317,0.0
3318,0.0
3319,0.00174
3320,0.0
3321,0.00035999999999999997
3322,0.01315
3323,0.054259999999999996
3324,0.15002000000000001
3325,0.16676
3326,0.1763
3327,0.16596
3328,0.16279
3329,0.03771
3330,0.0
3331,0.0
3332,0.0
3333,0.0
3334,0.0
3335,0.0
3336,0.0
3337,0.0
3338,0.0
3339,0.0
3340,0.0
3341,0.0
3342,0.00396
3343,0.03728
3344,0.13157
3345,0.26956
3346,0.24212
3347,0.18943000000000002
3348,0.16236
3349,0.14353
3350,0.14225
3351,0.1316
3352,0.09225
3353,0.02241
3354,0.0
3355,0.0
3356,0.0
3357,0.0
3358,0.0
3359,0.0
3360,0.0
3361,0.0
3362,0.0
3363,0.0
3364,0.0
3365,0.0
3366,0.01331
3367,0.0708
3368,0.18409999999999999
3369,0.32986
3370,0.35863999999999996
3371,0.4671
3372,0.5239299999999999
3373,0.42351
3374,0.31583999999999995
3375,0.2505
3376,0.10626000000000001
3377,0.019899999999999998
3378,0.0
3379,0.0
3380,0.0
3381,0.0
3382,0.0
3383,0.0
3384,0.0
3385,0.0
3386,0.0
3387,0.0
3388,0.0
3389,0.0
3390,0.014240000000000001
3391,0.09613
3392,0.17804
3393,0.18073
3394,0.15544999999999998
3395,0.10015
3396,0.11218
3397,0.17296
3398,0.18109
3399,0.18417
3400,0.08436
3401,0.032670000000000005
3402,0.0
3403,0.0
3404,0.0
3405,0.0
3406,0.0
3407,0.0
3408,0.0
3409,0.0
3410,0.0
3411,0.0
3412,0.0
3413,0.0
3414,0.006809999999999999
3415,0.09223999999999999
3416,0.21181999999999998
3417,0.35837
3418,0.49487000000000003
3419,0.53962
3420,0.36947
3421,0.18078999999999998
3422,0.12240000000000001
3423,0.07291
3424,0.03524
3425,0.00741
3426,0.0
3427,0.0
3428,0.0
3429,0.0
3430,0.0
3431,0.0
3432,0.0
3433,0.0
3434,0.0
3435,0.0
3436,0.0
3437,0.0
3438,0.0017800000000000001
3439,0.024329999999999997
3440,0.05564
3441,0.10901000000000001
3442,0.08512
3443,0.14331
3444,0.13504
3445,0.28208
3446,0.24414
3447,0.13154
3448,0.04225
3449,0.00901
3450,0.0
3451,0.0
3452,0.0
3453,0.0
3454,0.0
3455,0.0
3456,0.0
3457,0.0
3458,0.0
3459,0.0
3460,0.0
3461,0.0
3462,0.012369999999999999
3463,0.06452
3464,0.18006999999999998
3465,0.21689
3466,0.29906
3467,0.33027999999999996
3468,0.11955
3469,0.31007
3470,0.1529
3471,0.10890999999999999
3472,0.05181
3473,0.014199999999999999
3474,0.0
3475,0.0
3476,0.0
3477,0.0
3478,0.0
3479,0.0
3480,0.0
3481,0.0
3482,0.0
3483,0.0
3484,0.0
3485,0.0
3486,0.01201
3487,0.09641
3488,0.22078
3489,0.3352
3490,0.41102
3491,0.5191399999999999
3492,0.46846
3493,0.45516
3494,0.21359
3495,0.08549
3496,0.05475
3497,0.028829999999999998
3498,0.0
3499,0.0
3500,0.0
3501,0.0
3502,0.0
3503,0.0
3504,0.0
3505,0.0
3506,0.0
3507,0.0
3508,0.0
3509,0.0
3510,0.01413
3511,0.05737
3512,0.11568
3513,0.28349
3514,0.3305
3515,0.39049
3516,0.41128
3517,0.31849
3518,0.20397
3519,0.10801000000000001
3520,0.030510000000000002
3521,0.01056
3522,0.0
3523,0.0
3524,0.0
3525,0.0
3526,0.0
3527,0.0
3528,0.0
3529,0.0
3530,0.0
3531,0.0
3532,0.0
3533,0.0
3534,0.00443
3535,0.02698
3536,0.045590000000000006
3537,0.08289
3538,0.10833
3539,0.12057
3540,0.10504999999999999
3541,0.037380000000000004
3542,0.036590000000000004
3543,0.019129999999999998
3544,0.00741
3545,0.00156
3546,0.0
3547,0.0
3548,0.0
3549,0.0
3550,0.0
3551,0.0
3552,0.0
3553,0.0
3554,0.0
3555,0.0
3556,0.0
3557,0.0
3558,0.00731
3559,0.019100000000000002
3560,0.04038
3561,0.10736
3562,0.24978999999999998
3563,0.33282999999999996
3564,0.28626999999999997
3565,0.34032
3566,0.33879000000000004
3567,0.16935
3568,0.1023
3569,0.0353
3570,0.0
3571,0.0
3572,0.0
3573,0.0
3574,0.0
3575,0.0
3576,0.0
3577,0.0
3578,0.0
3579,0.0
3580,0.0
3581,0.0
3582,0.015220000000000001
3583,0.09305
3584,0.24067
3585,0.32953
3586,0.3653
3587,0.36695999999999995
3588,0.37166000000000005
3589,0.44441
3590,0.21997
3591,0.14617
3592,0.04804
3593,0.00984
3594,0.0
3595,0.0
3596,0.0
3597,0.0
3598,0.0
3599,0.0
3600,0.0
3601,0.0
3602,0.0
3603,0.0
3604,0.0
3605,0.0
3606,0.00294
3607,0.02018
3608,0.07103
3609,0.15588
3610,0.22511
3611,0.26250999999999997
3612,0.2763
3613,0.18618
3614,0.11055
3615,0.11012999999999999
3616,0.08023000000000001
3617,0.01813
3618,0.0
3619,0.0
3620,0.0
3621,0.0
3622,0.0
3623,0.0
3624,0.0
3625,0.0
3626,0.0
3627,0.0
3628,0.0
3629,0.0
3630,0.00643
3631,0.032119999999999996
3632,0.1083
3633,0.26450999999999997
3634,0.36845
3635,0.48018
3636,0.36857999999999996
3637,0.43065
3638,0.31351
3639,0.30689
3640,0.08755
3641,0.03408
3642,0.0
3643,0.0
3644,0.0
3645,0.0
3646,0.0
3647,0.0
3648,0.0
3649,0.0
3650,0.0
3651,0.0
3652,0.0
3653,0.0
3654,0.00433
3655,0.04182
3656,0.16906000000000002
3657,0.24595
3658,0.4924
3659,0.52415
3660,0.47478
3661,0.47681
3662,0.29924
3663,0.21428999999999998
3664,0.16069999999999998
3665,0.046549999999999994
3666,0.0
3667,0.0
3668,0.0
3669,0.0
3670,0.0
3671,0.0
3672,0.0
3673,0.0
3674,0.0
3675,0.0
3676,0.0
3677,0.0
3678,0.00694
3679,0.056060000000000006
3680,0.16684000000000002
3681,0.27941000000000005
3682,0.37481
3683,0.42433
3684,0.33675
3685,0.37039999999999995
3686,0.45224000000000003
3687,0.35945
3688,0.16706000000000001
3689,0.05317
3690,0.0
3691,0.0
3692,0.0
3693,0.0
3694,0.0
3695,0.0
3696,0.0
3697,0.0
3698,0.0
3699,0.0
3700,0.0
3701,0.0
3702,0.00504
3703,0.02975
3704,0.08514000000000001
3705,0.09578
3706,0.09423000000000001
3707,0.0988
3708,0.20773
3709,0.14758000000000002
3710,0.16283
3711,0.17339
3712,0.04136
3713,0.00514
3714,0.0
3715,0.0
3716,0.0
3717,0.0
3718,0.0
3719,0.0
3720,0.0
3721,0.0
3722,0.0
3723,0.0
3724,0.0
3725,0.0
3726,0.00103
3727,0.01323
3728,0.03041
3729,0.15186000000000002
3730,0.16375
3731,0.13051
3732,0.0897
3733,0.29156
3734,0.30510000000000004
3735,0.05496
3736,0.04304
3737,0.01208
3738,0.0
3739,0.0
3740,0.0
3741,0.0
3742,0.0
3743,0.0
3744,0.0
3745,0.0
3746,0.0
3747,0.0
3748,0.0
3749,0.0
3750,0.00121
3751,0.03234
3752,0.06609000000000001
3753,0.20807
3754,0.29391
3755,0.1591
3756,0.27846
3757,0.39313
3758,0.32389
3759,0.25712
3760,0.14043
3761,0.03215
3762,0.0
3763,0.0
3764,0.0
3765,0.0
3766,0.0
3767,0.0
3768,0.0
3769,0.0
3770,0.0
3771,0.0
3772,0.0
3773,0.0
3774,0.0070599999999999994
3775,0.05068
3776,0.09918
3777,0.1802
3778,0.22318000000000002
3779,0.25997000000000003
3780,0.30979
3781,0.51043
3782,0.42283
3783,0.27397000000000005
3784,0.18594
3785,0.02976
3786,0.0
3787,0.0
3788,0.0
3789,0.0
3790,0.0
3791,0.0
3792,0.0
3793,0.0
3794,0.0
3795,0.0
3796,0.0
3797,0.0
3798,0.01021
3799,0.06661
3800,0.19643
3801,0.24816
3802,0.3545
3803,0.42858999999999997
3804,0.22761
3805,0.43366000000000005
3806,0.28772000000000003
3807,0.16488999999999998
3808,0.039920000000000004
3809,0.00762
3810,0.0
3811,0.0
3812,0.0
3813,0.0
3814,0.0
3815,0.0
3816,0.0
3817,0.0
3818,0.0
3819,0.0
3820,0.0
3821,0.0
3822,0.01797
3823,0.08103
3824,0.2424
3825,0.26927999999999996
3826,0.40088
3827,0.45459
3828,0.51464
3829,0.40874
3830,0.29401
3831,0.12226999999999999
3832,0.05116
3833,0.00556
3834,0.0
3835,0.0
3836,0.0
3837,0.0
3838,0.0
3839,0.0
3840,0.0
3841,0.0
3842,0.0
3843,0.0
3844,0.0
3845,0.0
3846,0.00408
3847,0.02092
3848,0.06542
3849,0.10804000000000001
3850,0.20446
3851,0.37726
3852,0.3403
3853,0.27775
3854,0.21075
3855,0.24241
3856,0.09172
3857,0.02278
3858,0.0
3859,0.0
3860,0.0
3861,0.0
3862,0.0
3863,0.0
3864,0.0
3865,0.0
3866,0.0
3867,0.0
3868,0.0
3869,0.0
3870,0.01342
3871,0.1009
3872,0.19901
3873,0.28887999999999997
3874,0.45962000000000003
3875,0.55213
3876,0.58011
3877,0.43029
3878,0.32706
3879,0.32489
3880,0.17842
3881,0.047060000000000005
3882,0.0
3883,0.0
3884,0.0
3885,0.0
3886,0.0
3887,0.0
3888,0.0
3889,0.0
3890,0.0
3891,0.0
3892,0.0
3893,0.0
3894,0.01472
3895,0.09029999999999999
3896,0.24646
3897,0.37183999999999995
3898,0.43173
3899,0.5335
3900,0.57697
3901,0.39979000000000003
3902,0.24478
3903,0.09158
3904,0.0253
3905,0.00666
3906,0.0
3907,0.0
3908,0.0
3909,0.0
3910,0.0
3911,0.0
3912,0.0
3913,0.0
3914,0.0
3915,0.0
3916,0.0
3917,0.0
3918,0.0
3919,0.00086
3920,0.00715
3921,0.0020099999999999996
3922,0.00731
3923,0.026609999999999998
3924,0.01787
3925,0.09531999999999999
3926,0.15238
3927,0.18853
3928,0.10633
3929,0.04028
3930,0.0
3931,0.0
3932,0.0
3933,0.0
3934,0.0
3935,0.0
3936,0.0
3937,0.0
3938,0.0
3939,0.0
3940,0.0
3941,0.0
3942,0.00916
3943,0.04179
3944,0.06978
3945,0.18099
3946,0.26243
3947,0.25584
3948,0.21558000000000002
3949,0.48601
3950,0.36785
3951,0.30624
3952,0.15591
3953,0.031760000000000004
3954,0.0
3955,0.0
3956,0.0
3957,0.0
3958,0.0
3959,0.0
3960,0.0
3961,0.0
3962,0.0
3963,0.0
3964,0.0
3965,0.0
3966,0.0112
3967,0.07958
3968,0.08726
3969,0.13497
3970,0.25856999999999997
3971,0.39522
3972,0.5389700000000001
3973,0.44942000000000004
3974,0.36748000000000003
3975,0.17828
3976,0.07640000000000001
3977,0.03343
3978,0.0
3979,0.0
3980,0.0
3981,0.0
3982,0.0
3983,0.0
3984,0.0
3985,0.0
3986,0.0
3987,0.0
3988,0.0
3989,0.0
3990,0.00363
3991,0.03127
3992,0.14011
3993,0.1983
3994,0.34904
3995,0.38193
3996,0.28926
3997,0.39693
3998,0.24393
3999,0.11779
4000,0.04909
4001,0.01331
4002,0.0
4003,0.0
4004,0.0
4005,0.0
4006,0.0
4007,0.0
4008,0.0
4009,0.0
4010,0.0
4011,0.0
4012,0.0
4013,0.0
4014,0.00447
4015,0.03556
4016,0.10565000000000001
4017,0.20666
4018,0.30516000000000004
4019,0.39198
4020,0.35586
4021,0.22225999999999999
4022,0.20357
4023,0.19157
4024,0.11181999999999999
4025,0.01408
4026,0.0
4027,0.0
4028,0.0
4029,0.0
4030,0.0
4031,0.0
4032,0.0
4033,0.0
4034,0.0
4035,0.0
4036,0.0
4037,0.0
4038,0.00161
4039,0.02577
4040,0.03846
4041,0.14645
4042,0.22879
4043,0.33976
4044,0.43019999999999997
4045,0.28007
4046,0.25068
4047,0.11878
4048,0.11139
4049,0.014960000000000001
4050,0.0
4051,0.0
4052,0.0
4053,0.0
4054,0.0
4055,0.0
4056,0.0
4057,0.0
4058,0.0
4059,0.0
4060,0.0
4061,0.0
4062,0.00626
4063,0.03178
4064,0.10132
4065,0.08815
4066,0.16659000000000002
4067,0.17890999999999999
4068,0.2821
4069,0.36418
4070,0.19307
4071,0.1409
4072,0.06863
4073,0.02141
4074,0.0
4075,0.0
4076,0.0
4077,0.0
4078,0.0
4079,0.0
4080,0.0
4081,0.0
4082,0.0
4083,0.0
4084,0.0
4085,0.0
4086,0.0010500000000000002
4087,0.012320000000000001
4088,0.03633
4089,0.11173999999999999
4090,0.15741999999999998
4091,0.24403999999999998
4092,0.28602999999999995
4093,0.14108
4094,0.2372
4095,0.17056
4096,0.06956999999999999
4097,0.01089
4098,0.0
4099,0.0
4100,0.0
4101,0.0
4102,0.0
4103,0.0
4104,0.0
4105,0.0
4106,0.0
4107,0.0
4108,0.0
4109,0.0
4110,0.010039999999999999
4111,0.05422
4112,0.14082
4113,0.25856
4114,0.23084
4115,0.39964999999999995
4116,0.31091
4117,0.31586000000000003
4118,0.15458000000000002
4119,0.07826999999999999
4120,0.035859999999999996
4121,0.00908
4122,0.0
4123,0.0
4124,0.0
4125,0.0
4126,0.0
4127,0.0
4128,0.0
4129,0.0
4130,0.0
4131,0.0
4132,0.0
4133,0.0
4134,0.00015
4135,0.0147
4136,0.019530000000000002
4137,0.0431
4138,0.038829999999999996
4139,0.14615
4140,0.1363
4141,0.3758
4142,0.34149
4143,0.20648
4144,0.08234999999999999
4145,0.00664
4146,0.0
4147,0.0
4148,0.0
4149,0.0
4150,0.0
4151,0.0
4152,0.0
4153,0.0
4154,0.0
4155,0.0
4156,0.0
4157,0.0
4158,0.013550000000000001
4159,0.054380000000000005
4160,0.19209
4161,0.21933000000000002
4162,0.33144
4163,0.32739999999999997
4164,0.40652
4165,0.47486
4166,0.39956
4167,0.27470999999999995
4168,0.15441
4169,0.03688
4170,0.0
4171,0.0
4172,0.0
4173,0.0
4174,0.0
4175,0.0
4176,0.0
4177,0.0
4178,0.0
4179,0.0
4180,0.0
4181,0.0
4182,0.00819
4183,0.037329999999999995
4184,0.0968
4185,0.16262000000000001
4186,0.19876
4187,0.27964999999999995
4188,0.25366
4189,0.30118
4190,0.22312
4191,0.14393999999999998
4192,0.04629
4193,0.00788
4194,0.0
4195,0.0
4196,0.0
4197,0.0
4198,0.0
4199,0.0
4200,0.0
4201,0.0
4202,0.0
4203,0.0
4204,0.0
4205,0.0
4206,0.013349999999999999
4207,0.09237000000000001
4208,0.20572
4209,0.3489
4210,0.4888
4211,0.53036
4212,0.50878
4213,0.36972000000000005
4214,0.23124
4215,0.12637
4216,0.12968000000000002
4217,0.024050000000000002
4218,0.0
4219,0.0
4220,0.0
4221,0.0
4222,0.0
4223,0.0
4224,0.0
4225,0.0
4226,0.0
4227,0.0
4228,0.0
4229,0.0
4230,0.00671
4231,0.08462
4232,0.21844
4233,0.31263
4234,0.31565
4235,0.39091000000000004
4236,0.36361
4237,0.39426
4238,0.25503
4239,0.13497
4240,0.05722
4241,0.02699
4242,0.0
4243,0.0
4244,0.0
4245,0.0
4246,0.0
4247,0.0
4248,0.0
4249,0.0
4250,0.0
4251,0.0
4252,0.0
4253,0.0
4254,0.02209
4255,0.07797
4256,0.13386
4257,0.16922
4258,0.29352
4259,0.34395
4260,0.33958999999999995
4261,0.43183
4262,0.42869999999999997
4263,0.11037999999999999
4264,0.04525
4265,0.013710000000000002
4266,0.0
4267,0.0
4268,0.0
4269,0.0
4270,0.0
4271,0.0
4272,0.0
4273,0.0
4274,0.0
4275,0.0
4276,0.0
4277,0.0
4278,0.0
4279,0.0032400000000000003
4280,0.016280000000000003
4281,0.02545
4282,0.059090000000000004
4283,0.13731000000000002
4284,0.18471
4285,0.45935000000000004
4286,0.30115
4287,0.14204
4288,0.05724
4289,0.019559999999999998
4290,0.0
4291,0.0
4292,0.0
4293,0.0
4294,0.0
4295,0.0
4296,0.0
4297,0.0
4298,0.0
4299,0.0
4300,0.0
4301,0.0
4302,0.009470000000000001
4303,0.07554000000000001
4304,0.23157
4305,0.25136000000000003
4306,0.34064
4307,0.46132
4308,0.45233999999999996
4309,0.38814
4310,0.40163
4311,0.21806
4312,0.12841
4313,0.03111
4314,0.0
4315,0.0
4316,0.0
4317,0.0
4318,0.0
4319,0.0
4320,0.0
4321,0.0
4322,0.0
4323,0.0
4324,0.0
4325,0.0
4326,0.00671
4327,0.02038
4328,0.10661
4329,0.18368
4330,0.26443
4331,0.35547
4332,0.36592
4333,0.17209
4334,0.28187
4335,0.19291
4336,0.13736
4337,0.03798
4338,0.0
4339,0.0
4340,0.0
4341,0.0
4342,0.0
4343,0.0
4344,0.0
4345,0.0
4346,0.0
4347,0.0
4348,0.0
4349,0.0
4350,0.00191
4351,0.04009
4352,0.08979000000000001
4353,0.21793
4354,0.24675999999999998
4355,0.31425
4356,0.42474
4357,0.38897000000000004
4358,0.25203
4359,0.08456999999999999
4360,0.03946
4361,0.00413
4362,0.0
4363,0.0
4364,0.0
4365,0.0
4366,0.0
4367,0.0
4368,0.0
4369,0.0
4370,0.0
4371,0.0
4372,0.0
4373,0.0
4374,0.0023
4375,0.03209
4376,0.06364
4377,0.17966
4378,0.28295
4379,0.24559999999999998
4380,0.31257999999999997
4381,0.33696
4382,0.30809
4383,0.19337000000000001
4384,0.11033
4385,0.01663
4386,0.0
4387,0.0
4388,0.0
4389,0.0
4390,0.0
4391,0.0
4392,0.0
4393,0.0
4394,0.0
4395,0.0
4396,0.0
4397,0.0
4398,0.00166
4399,0.046
4400,0.09609999999999999
4401,0.17834
4402,0.21675999999999998
4403,0.27682
4404,0.23142
4405,0.12165000000000001
4406,0.11381000000000001
4407,0.15619999999999998
4408,0.05123
4409,0.00784
4410,0.0
4411,0.0
4412,0.0
4413,0.0
4414,0.0
4415,0.0
4416,0.0
4417,0.0
4418,0.0
4419,0.0
4420,0.0
4421,0.0
4422,0.0014299999999999998
4423,0.0216
4424,0.05518
4425,0.09895999999999999
4426,0.13458
4427,0.08609
4428,0.17135
4429,0.23129
4430,0.2059
4431,0.19326
4432,0.11311
4433,0.0176
4434,0.0
4435,0.0
4436,0.0
4437,0.0
4438,0.0
4439,0.0
4440,0.0
4441,0.0
4442,0.0
4443,0.0
4444,0.0
4445,0.0
4446,0.0016899999999999999
4447,0.02773
4448,0.062130000000000005
4449,0.07834
4450,0.17244
4451,0.20735
4452,0.3807
4453,0.41466000000000003
4454,0.36534
4455,0.25052
4456,0.16963999999999999
4457,0.03616
4458,0.0
4459,0.0
4460,0.0
4461,0.0
4462,0.0
4463,0.0
4464,0.0
4465,0.0
4466,0.0
4467,0.0
4468,0.0
4469,0.0
4470,0.00047999999999999996
4471,0.039630000000000006
4472,0.055850000000000004
4473,0.10733
4474,0.18422
4475,0.22996
4476,0.2964
4477,0.39635000000000004
4478,0.40072
4479,0.19825
4480,0.10139
4481,0.02293
4482,0.0
4483,0.0
4484,0.0
4485,0.0
4486,0.0
4487,0.0
4488,0.0
4489,0.0
4490,0.0
4491,0.0
4492,0.0
4493,0.0
4494,0.00888
4495,0.054740000000000004
4496,0.21300999999999998
4497,0.23985
4498,0.34711000000000003
4499,0.51212
4500,0.47887
4501,0.22294999999999998
4502,0.17881
4503,0.15368
4504,0.12645
4505,0.02176
4506,0.0
4507,0.0
4508,0.0
4509,0.0
4510,0.0
4511,0.0
4512,0.0
4513,0.0
4514,0.0
4515,0.0
4516,0.0
4517,0.0
4518,0.0016699999999999998
4519,0.03818
4520,0.10694
4521,0.20202
4522,0.22247
4523,0.41345
4524,0.47920999999999997
4525,0.2292
4526,0.18853
4527,0.20908000000000002
4528,0.05664
4529,0.00729
4530,0.0
4531,0.0
4532,0.0
4533,0.0
4534,0.0
4535,0.0
4536,0.0
4537,0.0
4538,0.0
4539,0.0
4540,0.0
4541,0.0
4542,0.00261
4543,0.048049999999999995
4544,0.11209000000000001
4545,0.13333
4546,0.1202
4547,0.09082
4548,0.09348999999999999
4549,0.28937999999999997
4550,0.27758
4551,0.23606
4552,0.15059999999999998
4553,0.0368
4554,0.0
4555,0.0
4556,0.0
4557,0.0
4558,0.0
4559,0.0
4560,0.0
4561,0.0
4562,0.0
4563,0.0
4564,0.0
4565,0.0
4566,0.0
4567,0.02047
4568,0.08874
4569,0.15578
4570,0.19544999999999998
4571,0.37812
4572,0.31937
4573,0.25686000000000003
4574,0.24014
4575,0.20842
4576,0.15633000000000002
4577,0.02832
4578,0.0
4579,0.0
4580,0.0
4581,0.0
4582,0.0
4583,0.0
4584,0.0
4585,0.0
4586,0.0
4587,0.0
4588,0.0
4589,0.0
4590,0.00531
4591,0.07640999999999999
4592,0.136
4593,0.22359
4594,0.23204
4595,0.26827999999999996
4596,0.35958999999999997
4597,0.41906
4598,0.34761000000000003
4599,0.27104
4600,0.09745000000000001
4601,0.02603
4602,0.0
4603,0.0
4604,0.0
4605,0.0
4606,0.0
4607,0.0
4608,0.0
4609,0.0
4610,0.0
4611,0.0
4612,0.0
4613,0.0
4614,0.00861
4615,0.10524
4616,0.26825
4617,0.40342
4618,0.45658
4619,0.56063
4620,0.5305700000000001
4621,0.4695
4622,0.32074
4623,0.28889
4624,0.09595000000000001
4625,0.0431
4626,0.0
4627,0.0
4628,0.0
4629,0.0
4630,0.0
4631,0.0
4632,0.0
4633,0.0
4634,0.0
4635,0.0
4636,0.0
4637,0.0
4638,0.01126
4639,0.09881999999999999
4640,0.20649
4641,0.37406
4642,0.39865
4643,0.25998000000000004
4644,0.23974
4645,0.35057
4646,0.29832
4647,0.17346999999999999
4648,0.10784999999999999
4649,0.030879999999999998
4650,0.0
4651,0.0
4652,0.0
4653,0.0
4654,0.0
4655,0.0
4656,0.0
4657,0.0
4658,0.0
4659,0.0
4660,0.0
4661,0.0
4662,0.01112
4663,0.11103
4664,0.2567
4665,0.40042
4666,0.39635000000000004
4667,0.5169600000000001
4668,0.53828
4669,0.34337
4670,0.36722000000000005
4671,0.27948
4672,0.19284
4673,0.054950000000000006
4674,0.0
4675,0.0
4676,0.0
4677,0.0
4678,0.0
4679,0.0
4680,0.0
4681,0.0
4682,0.0
4683,0.0
4684,0.0
4685,0.0
4686,0.0017900000000000001
4687,0.0318
4688,0.10269
4689,0.28961000000000003
4690,0.47475
4691,0.45798
4692,0.46612
4693,0.34805
4694,0.30961
4695,0.25401
4696,0.13359000000000001
4697,0.030379999999999997
4698,0.0
4699,0.0
4700,0.0
4701,0.0
4702,0.0
4703,0.0
4704,0.0
4705,0.0
4706,0.0
4707,0.0
4708,0.0
4709,0.0
4710,0.00149
4711,0.02913
4712,0.09583
4713,0.23907
4714,0.31475
4715,0.36369999999999997
4716,0.35614
4717,0.39501
4718,0.31968
4719,0.27796
4720,0.19352
4721,0.056670000000000005
4722,0.0
4723,0.0
4724,0.0
4725,0.0
4726,0.0
4727,0.0
4728,0.0
4729,0.0
4730,0.0
4731,0.0
4732,0.0
4733,0.0
4734,0.00027
4735,0.03496
4736,0.0606
4737,0.11189
4738,0.17187
4739,0.0888
4740,0.2033
4741,0.50883
4742,0.43983
4743,0.38027999999999995
4744,0.08429
4745,0.01559
4746,0.0
4747,0.0
4748,0.0
4749,0.0
4750,0.0
4751,0.0
4752,0.0
4753,0.0
4754,0.0
4755,0.0
4756,0.0
4757,0.0
4758,0.0069900000000000006
4759,0.07334
4760,0.25812999999999997
4761,0.33000999999999997
4762,0.31644
4763,0.42525
4764,0.39566
4765,0.33962
4766,0.22019999999999998
4767,0.21847999999999998
4768,0.12211
4769,0.026010000000000002
4770,0.0
4771,0.0
4772,0.0
4773,0.0
4774,0.0
4775,0.0
4776,0.0
4777,0.0
4778,0.0
4779,0.0
4780,0.0
4781,0.0
4782,0.00257
4783,0.03835
4784,0.09334
4785,0.22382
4786,0.29334
4787,0.3802
4788,0.36454000000000003
4789,0.52362
4790,0.32239
4791,0.15119
4792,0.07518999999999999
4793,0.02511
4794,0.0
4795,0.0
4796,0.0
4797,0.0
4798,0.0
4799,0.0
4800,0.0
4801,0.0
4802,0.0
4803,0.0
4804,0.0
4805,0.0
4806,0.0
4807,0.00354
4808,0.01256
4809,0.039659999999999994
4810,0.07459
4811,0.12228
4812,0.14789
4813,0.17918
4814,0.14525
4815,0.16208
4816,0.1042
4817,0.03407
4818,0.0
4819,0.0
4820,0.0
4821,0.0
4822,0.0
4823,0.0
4824,0.0
4825,0.0
4826,0.0
4827,0.0
4828,0.0
4829,0.0
4830,0.00566
4831,0.08646
4832,0.21456999999999998
4833,0.34295
4834,0.40732
4835,0.49765
4836,0.57367
4837,0.29639
4838,0.34217000000000003
4839,0.22778
4840,0.11913
4841,0.031120000000000002
4842,0.0
4843,0.0
4844,0.0
4845,0.0
4846,0.0
4847,0.0
4848,0.0
4849,0.0
4850,0.0
4851,0.0
4852,0.0
4853,0.0
4854,0.00054
4855,0.019170000000000003
4856,0.038020000000000005
4857,0.0683
4858,0.18915
4859,0.13254
4860,0.16882
4861,0.17533
4862,0.09398000000000001
4863,0.05447
4864,0.04501
4865,0.014539999999999999
4866,0.0
4867,0.0
4868,0.0
4869,0.0
4870,0.0
4871,0.0
4872,0.0
4873,0.0
4874,0.0
4875,0.0
4876,0.0
4877,0.0
4878,0.00714
4879,0.07012
4880,0.22505
4881,0.37597
4882,0.5151399999999999
4883,0.5127
4884,0.49735
4885,0.38786000000000004
4886,0.23989
4887,0.15199000000000001
4888,0.09995
4889,0.03986
4890,0.0
4891,0.0
4892,0.0
4893,0.0
4894,0.0
4895,0.0
4896,0.0
4897,0.0
4898,0.0
4899,0.0
4900,0.0
4901,0.0
4902,0.00468
4903,0.02899
4904,0.10179
4905,0.27625
4906,0.42749000000000004
4907,0.5310900000000001
4908,0.42058999999999996
4909,0.35361000000000004
4910,0.30869
4911,0.12813999999999998
4912,0.030100000000000002
4913,0.008960000000000001
4914,0.0
4915,0.0
4916,0.0
4917,0.0
4918,0.0
4919,0.0
4920,0.0
4921,0.0
4922,0.0
4923,0.0
4924,0.0
4925,0.0
4926,0.005019999999999999
4927,0.04967
4928,0.1895
4929,0.27605
4930,0.34833
4931,0.55538
4932,0.54598
4933,0.38294
4934,0.26593
4935,0.16745
4936,0.09237999999999999
4937,0.02481
4938,0.0
4939,0.0
4940,0.0
4941,0.0
4942,0.0
4943,0.0
4944,0.0
4945,0.0
4946,0.0
4947,0.0
4948,0.0
4949,0.0
4950,0.0069500000000000004
4951,0.07937999999999999
4952,0.18309999999999998
4953,0.3235
4954,0.48219999999999996
4955,0.5360499999999999
4956,0.45738
4957,0.50608
4958,0.37955
4959,0.35667000000000004
4960,0.11309999999999999
4961,0.04227
4962,0.0
4963,0.0
4964,0.0
4965,0.0
4966,0.0
4967,0.0
4968,0.0
4969,0.0
4970,0.0
4971,0.0
4972,0.0
4973,0.0
4974,0.00512
4975,0.03914
4976,0.13718
4977,0.37065
4978,0.5285
4979,0.5708
4980,0.53232
4981,0.49631000000000003
4982,0.39715
4983,0.16399
4984,0.07579000000000001
4985,0.00717
4986,0.0
4987,0.0
4988,0.0
4989,0.0
4990,0.0
4991,0.0
4992,0.0
4993,0.0
4994,0.0
4995,0.0
4996,0.0
4997,0.0
4998,0.00557
4999,0.06645000000000001
5000,0.17603
5001,0.37775
5002,0.41451
5003,0.61261
5004,0.59713
5005,0.48319999999999996
5006,0.39822
5007,0.22303
5008,0.13957
5009,0.03455
5010,0.0
5011,0.0
5012,0.0
5013,0.0
5014,0.0
5015,0.0
5016,0.0
5017,0.0
5018,0.0
5019,0.0
5020,0.0
5021,0.0
5022,0.00161
5023,0.03622
5024,0.04431
5025,0.08713
5026,0.16748
5027,0.14997
5028,0.26600999999999997
5029,0.18963999999999998
5030,0.24667
5031,0.15143
5032,0.04709000000000001
5033,0.01727
5034,0.0
5035,0.0
5036,0.0
5037,0.0
5038,0.0
5039,0.0
5040,0.0
5041,0.0
5042,0.0
5043,0.0
5044,0.0
5045,0.0
5046,0.00054
5047,0.01734
5048,0.046689999999999995
5049,0.07806
5050,0.08334
5051,0.10538
5052,0.20709
5053,0.21941
5054,0.31916
5055,0.26389
5056,0.18846000000000002
5057,0.04089
5058,0.0
5059,0.0
5060,0.0
5061,0.0
5062,0.0
5063,0.0
5064,0.0
5065,0.0
5066,0.0
5067,0.0
5068,0.0
5069,0.0
5070,0.0002
5071,0.02506
5072,0.09748
5073,0.15609
5074,0.2862
5075,0.32571
5076,0.43395999999999996
5077,0.28338
5078,0.27872
5079,0.23321
5080,0.14983000000000002
5081,0.04028
5082,0.0
5083,0.0
5084,0.0
5085,0.0
5086,0.0
5087,0.0
5088,0.0
5089,0.0
5090,0.0
5091,0.0
5092,0.0
5093,0.0
5094,0.00592
5095,0.07312
5096,0.24401
5097,0.27076
5098,0.31797000000000003
5099,0.41910000000000003
5100,0.46658
5101,0.46508
5102,0.41519
5103,0.30924
5104,0.17063
5105,0.04777
5106,0.0
5107,0.0
5108,0.0
5109,0.0
5110,0.0
5111,0.0
5112,0.0
5113,0.0
5114,0.0
5115,0.0
5116,0.0
5117,0.0
5118,0.00177
5119,0.03232
5120,0.12282
5121,0.26639999999999997
5122,0.44430000000000003
5123,0.5620299999999999
5124,0.5253300000000001
5125,0.50157
5126,0.30385
5127,0.27723000000000003
5128,0.17415
5129,0.03539
5130,0.0
5131,0.0
5132,0.0
5133,0.0
5134,0.0
5135,0.0
5136,0.0
5137,0.0
5138,0.0
5139,0.0
5140,0.0
5141,0.0
5142,0.01304
5143,0.09047
5144,0.15362
5145,0.29514999999999997
5146,0.33594
5147,0.47847
5148,0.55777
5149,0.31155
5150,0.40127999999999997
5151,0.28598
5152,0.19805
5153,0.03693
5154,0.0
5155,0.0
5156,0.0
5157,0.0
5158,0.0
5159,0.0
5160,0.0
5161,0.0
5162,0.0
5163,0.0
5164,0.0
5165,0.0
5166,0.00692
5167,0.05372
5168,0.15309
5169,0.30776
5170,0.37087
5171,0.2595
5172,0.33456
5173,0.44245999999999996
5174,0.3926
5175,0.21436000000000002
5176,0.10633
5177,0.022109999999999998
5178,0.0
5179,0.0
5180,0.0
5181,0.0
5182,0.0
5183,0.0
5184,0.0
5185,0.0
5186,0.0
5187,0.0
5188,0.0
5189,0.0
5190,0.00113
5191,0.0422
5192,0.07093
5193,0.054060000000000004
5194,0.06774
5195,0.12269
5196,0.09494
5197,0.12311
5198,0.17311
5199,0.15597
5200,0.06498999999999999
5201,0.00424
5202,0.0
5203,0.0
5204,0.0
5205,0.0
5206,0.0
5207,0.0
5208,0.0
5209,0.0
5210,0.0
5211,0.0
5212,0.0
5213,0.0
5214,0.00141
5215,0.04124
5216,0.06036
5217,0.06859
5218,0.1262
5219,0.28752999999999995
5220,0.4402
5221,0.41962
5222,0.20234
5223,0.1378
5224,0.03714
5225,0.00574
5226,0.0
5227,0.0
5228,0.0
5229,0.0
5230,0.0
5231,0.0
5232,0.0
5233,0.0
5234,0.0
5235,0.0
5236,0.0
5237,0.0
5238,0.0
5239,0.0028599999999999997
5240,0.02332
5241,0.04947
5242,0.09094
5243,0.09573999999999999
5244,0.08843999999999999
5245,0.26448
5246,0.32318
5247,0.24991
5248,0.11228
5249,0.02871
5250,0.0
5251,0.0
5252,0.0
5253,0.0
5254,0.0
5255,0.0
5256,0.0
5257,0.0
5258,0.0
5259,0.0
5260,0.0
5261,0.0
5262,0.00197
5263,0.03392
5264,0.08362
5265,0.1484
5266,0.22638
5267,0.33976
5268,0.32349
5269,0.34385000000000004
5270,0.27914999999999995
5271,0.24305000000000002
5272,0.05479
5273,0.00656
5274,0.0
5275,0.0
5276,0.0
5277,0.0
5278,0.0
5279,0.0
5280,0.0
5281,0.0
5282,0.0
5283,0.0
5284,0.0
5285,0.0
5286,0.0046
5287,0.054310000000000004
5288,0.1134
5289,0.16083
5290,0.23687
5291,0.38815
5292,0.5067
5293,0.24443
5294,0.34138
5295,0.2155
5296,0.07252
5297,0.012029999999999999
5298,0.0
5299,0.0
5300,0.0
5301,0.0
5302,0.0
5303,0.0
5304,0.0
5305,0.0
5306,0.0
5307,0.0
5308,0.0
5309,0.0
5310,0.0
5311,0.03798
5312,0.10381
5313,0.20661000000000002
5314,0.241
5315,0.32798
5316,0.38565
5317,0.55883
5318,0.35281
5319,0.2701
5320,0.18500999999999998
5321,0.04488
5322,0.0
5323,0.0
5324,0.0
5325,0.0
5326,0.0
5327,0.0
5328,0.0
5329,0.0
5330,0.0
5331,0.0
5332,0.0
5333,0.0
5334,0.0008
5335,0.03331
5336,0.1134
5337,0.19797
5338,0.31907
5339,0.29698
5340,0.44145
5341,0.39615
5342,0.34414999999999996
5343,0.22116
5344,0.12794
5345,0.03513
5346,0.0
5347,0.0
5348,0.0
5349,0.0
5350,0.0
5351,0.0
5352,0.0
5353,0.0
5354,0.0
5355,0.0
5356,0.0
5357,0.0
5358,0.00426
5359,0.038270000000000005
5360,0.12605
5361,0.29355000000000003
5362,0.34849
5363,0.40555
5364,0.48845
5365,0.43859
5366,0.33516
5367,0.24691
5368,0.08304
5369,0.027129999999999998
5370,0.0
5371,0.0
5372,0.0
5373,0.0
5374,0.0
5375,0.0
5376,0.0
5377,0.0
5378,0.0
5379,0.0
5380,0.0
5381,0.0
5382,0.01072
5383,0.07146
5384,0.10381
5385,0.10355
5386,0.23182
5387,0.19666999999999998
5388,0.28794
5389,0.13721
5390,0.1679
5391,0.10803
5392,0.04532
5393,0.01221
5394,0.0
5395,0.0
5396,0.0
5397,0.0
5398,0.0
5399,0.0
5400,0.0
5401,0.0
5402,0.0
5403,0.0
5404,0.0
5405,0.0
5406,0.00449
5407,0.03615
5408,0.11791
5409,0.15802000000000002
5410,0.27293
5411,0.32062
5412,0.30157999999999996
5413,0.2853
5414,0.28393999999999997
5415,0.16168000000000002
5416,0.19238
5417,0.049030000000000004
5418,0.0
5419,0.0
5420,0.0
5421,0.0
5422,0.0
5423,0.0
5424,0.0
5425,0.0
5426,0.0
5427,0.0
5428,0.0
5429,0.0
5430,0.004690000000000001
5431,0.05575
5432,0.18462
5433,0.28718
5434,0.24935
5435,0.24619
5436,0.23058
5437,0.42707999999999996
5438,0.35997
5439,0.22343000000000002
5440,0.11381999999999999
5441,0.02018
5442,0.0
5443,0.0
5444,0.0
5445,0.0
5446,0.0
5447,0.0
5448,0.0
5449,0.0
5450,0.0
5451,0.0
5452,0.0
5453,0.0
5454,0.00023999999999999998
5455,0.02339
5456,0.05068
5457,0.11619
5458,0.11422
5459,0.12543
5460,0.12346
5461,0.27851
5462,0.20303
5463,0.15447999999999998
5464,0.06019
5465,0.00615
5466,0.0
5467,0.0
5468,0.0
5469,0.0
5470,0.0
5471,0.0
5472,0.0
5473,0.0
5474,0.0
5475,0.0
5476,0.0
5477,0.0
5478,0.00931
5479,0.07124
5480,0.11615
5481,0.22588
5482,0.26900999999999997
5483,0.27893
5484,0.29504
5485,0.32027999999999995
5486,0.29125999999999996
5487,0.2521
5488,0.10745
5489,0.02927
5490,0.0
5491,0.0
5492,0.0
5493,0.0
5494,0.0
5495,0.0
5496,0.0
5497,0.0
5498,0.0
5499,0.0
5500,0.0
5501,0.0
5502,0.0
5503,0.0069900000000000006
5504,0.022359999999999998
5505,0.034159999999999996
5506,0.03228
5507,0.10073
5508,0.17334
5509,0.20814
5510,0.16947
5511,0.15853
5512,0.07697
5513,0.01069
5514,0.0
5515,0.0
5516,0.0
5517,0.0
5518,0.0
5519,0.0
5520,0.0
5521,0.0
5522,0.0
5523,0.0
5524,0.0
5525,0.0
5526,0.0016699999999999998
5527,0.01438
5528,0.056530000000000004
5529,0.12741
5530,0.11351
5531,0.15511000000000003
5532,0.14269
5533,0.22536
5534,0.22998
5535,0.11884
5536,0.061590000000000006
5537,0.0161
5538,0.0
5539,0.0
5540,0.0
5541,0.0
5542,0.0
5543,0.0
5544,0.0
5545,0.0
5546,0.0
5547,0.0
5548,0.0
5549,0.0
5550,0.00359
5551,0.02577
5552,0.05143
5553,0.10087
5554,0.15846000000000002
5555,0.19361
5556,0.23428
5557,0.23922
5558,0.15916
5559,0.14859999999999998
5560,0.07893
5561,0.0060999999999999995
5562,0.0
5563,0.0
5564,0.0
5565,0.0
5566,0.0
5567,0.0
5568,0.0
5569,0.0
5570,0.0
5571,0.0
5572,0.0
5573,0.0
5574,0.00171
5575,0.01148
5576,0.046020000000000005
5577,0.12893000000000002
5578,0.13815
5579,0.13213
5580,0.212
5581,0.26280000000000003
5582,0.21778999999999998
5583,0.15534
5584,0.12018999999999999
5585,0.03204
5586,0.0
5587,0.0
5588,0.0
5589,0.0
5590,0.0
5591,0.0
5592,0.0
5593,0.0
5594,0.0
5595,0.0
5596,0.0
5597,0.0
5598,0.0067599999999999995
5599,0.05588
5600,0.11763
5601,0.27793
5602,0.33853
5603,0.37174
5604,0.35226
5605,0.40781
5606,0.23653
5607,0.19691
5608,0.11995
5609,0.02386
5610,0.0
5611,0.0
5612,0.0
5613,0.0
5614,0.0
5615,0.0
5616,0.0
5617,0.0
5618,0.0
5619,0.0
5620,0.0
5621,0.0
5622,0.00263
5623,0.0498
5624,0.08234
5625,0.17802
5626,0.24863
5627,0.22681
5628,0.25971
5629,0.15883
5630,0.12181
5631,0.04715
5632,0.022920000000000003
5633,0.00333
5634,0.0
5635,0.0
5636,0.0
5637,0.0
5638,0.0
5639,0.0
5640,0.0
5641,0.0
5642,0.0
5643,0.0
5644,0.0
5645,0.0
5646,0.00376
5647,0.05232
5648,0.12045
5649,0.3108
5650,0.37401
5651,0.46547000000000005
5652,0.45053
5653,0.27113
5654,0.28402999999999995
5655,0.21346
5656,0.13715
5657,0.023989999999999997
5658,0.0
5659,0.0
5660,0.0
5661,0.0
5662,0.0
5663,0.0
5664,0.0
5665,0.0
5666,0.0
5667,0.0
5668,0.0
5669,0.0
5670,0.00793
5671,0.11924
5672,0.25496
5673,0.42796
5674,0.45477
5675,0.47987
5676,0.40661
5677,0.41439
5678,0.23947
5679,0.12769
5680,0.06396
5681,0.009439999999999999
5682,0.0
5683,0.0
5684,0.0
5685,0.0
5686,0.0
5687,0.0
5688,0.0
5689,0.0
5690,0.0
5691,0.0
5692,0.0
5693,0.0
5694,0.00943
5695,0.11342
5696,0.28205
5697,0.4466
5698,0.46047000000000005
5699,0.5274
5700,0.49163
5701,0.36044
5702,0.22859000000000002
5703,0.1354
5704,0.06005
5705,0.01864
5706,0.0
5707,0.0
5708,0.0
5709,0.0
5710,0.0
5711,0.0
5712,0.0
5713,0.0
5714,0.0
5715,0.0
5716,0.0
5717,0.0
5718,0.00561
5719,0.03058
5720,0.08294
5721,0.21684
5722,0.21356999999999998
5723,0.17376
5724,0.09533
5725,0.20024
5726,0.11956
5727,0.04114
5728,0.0175
5729,0.0032400000000000003
5730,0.0
5731,0.0
5732,0.0
5733,0.0
5734,0.0
5735,0.0
5736,0.0
5737,0.0
5738,0.0
5739,0.0
5740,0.0
5741,0.0
5742,0.00553
5743,0.048049999999999995
5744,0.11106999999999999
5745,0.21784
5746,0.27614999999999995
5747,0.43251
5748,0.43392000000000003
5749,0.30915
5750,0.42213
5751,0.24392
5752,0.15452000000000002
5753,0.01276
5754,0.0
5755,0.0
5756,0.0
5757,0.0
5758,0.0
5759,0.0
5760,0.0
5761,0.0
5762,0.0
5763,0.0
5764,0.0
5765,0.0
5766,0.00235
5767,0.03139
5768,0.09083
5769,0.13394
5770,0.15477000000000002
5771,0.19469
5772,0.2511
5773,0.09548999999999999
5774,0.09394
5775,0.05323
5776,0.02454
5777,0.0033599999999999997
5778,0.0
5779,0.0
5780,0.0
5781,0.0
5782,0.0
5783,0.0
5784,0.0
5785,0.0
5786,0.0
5787,0.0
5788,0.0
5789,0.0
5790,0.00463
5791,0.07501999999999999
5792,0.14856999999999998
5793,0.26619
5794,0.24314
5795,0.37013999999999997
5796,0.27302
5797,0.24706
5798,0.27222
5799,0.22411
5800,0.13937
5801,0.037689999999999994
5802,0.0
5803,0.0
5804,0.0
5805,0.0
5806,0.0
5807,0.0
5808,0.0
5809,0.0
5810,0.0
5811,0.0
5812,0.0
5813,0.0
5814,0.011300000000000001
5815,0.10311
5816,0.23073
5817,0.36335
5818,0.57152
5819,0.56016
5820,0.5561200000000001
5821,0.41589
5822,0.44235
5823,0.39063
5824,0.15594
5825,0.037759999999999995
5826,0.0
5827,0.0
5828,0.0
5829,0.0
5830,0.0
5831,0.0
5832,0.0
5833,0.0
5834,0.0
5835,0.0
5836,0.0
5837,0.0
5838,0.0
5839,0.00508
5840,0.02234
5841,0.08503
5842,0.26216
5843,0.31505
5844,0.40420999999999996
5845,0.36467
5846,0.28197000000000005
5847,0.2799
5848,0.17045
5849,0.02318
5850,0.0
5851,0.0
5852,0.0
5853,0.0
5854,0.0
5855,0.0
5856,0.0
5857,0.0
5858,0.0
5859,0.0
5860,0.0
5861,0.0
5862,0.00884
5863,0.08525
5864,0.23271
5865,0.30126
5866,0.26477
5867,0.51209
5868,0.42460000000000003
5869,0.46136
5870,0.37595
5871,0.17434
5872,0.04232
5873,0.006809999999999999
5874,0.0
5875,0.0
5876,0.0
5877,0.0
5878,0.0
5879,0.0
5880,0.0
5881,0.0
5882,0.0
5883,0.0
5884,0.0
5885,0.0
5886,0.01276
5887,0.06877
5888,0.12897999999999998
5889,0.18903999999999999
5890,0.22162
5891,0.29743
5892,0.3407
5893,0.17734
5894,0.26738
5895,0.14249
5896,0.0522
5897,0.011179999999999999
5898,0.0
5899,0.0
5900,0.0
5901,0.0
5902,0.0
5903,0.0
5904,0.0
5905,0.0
5906,0.0
5907,0.0
5908,0.0
5909,0.0
5910,0.00054
5911,0.01058
5912,0.00807
5913,0.02368
5914,0.053200000000000004
5915,0.09126999999999999
5916,0.11168
5917,0.16569
5918,0.13688999999999998
5919,0.17384
5920,0.08796
5921,0.02204
5922,0.0
5923,0.0
5924,0.0
5925,0.0
5926,0.0
5927,0.0
5928,0.0
5929,0.0
5930,0.0
5931,0.0
5932,0.0
5933,0.0
5934,0.00877
5935,0.09520999999999999
5936,0.18988
5937,0.32073
5938,0.41216
5939,0.5049399999999999
5940,0.54077
5941,0.42469999999999997
5942,0.30025999999999997
5943,0.18813
5944,0.10942
5945,0.026359999999999998
5946,0.0
5947,0.0
5948,0.0
5949,0.0
5950,0.0
5951,0.0
5952,0.0
5953,0.0
5954,0.0
5955,0.0
5956,0.0
5957,0.0
5958,0.0042699999999999995
5959,0.05811
5960,0.10733
5961,0.25953
5962,0.29548
5963,0.46643
5964,0.5449400000000001
5965,0.50661
5966,0.41633
5967,0.20715999999999998
5968,0.12661
5969,0.02345
5970,0.0
5971,0.0
5972,0.0
5973,0.0
5974,0.0
5975,0.0
5976,0.0
5977,0.0
5978,0.0
5979,0.0
5980,0.0
5981,0.0
5982,0.00041
5983,0.02709
5984,0.07196999999999999
5985,0.12927000000000002
5986,0.15783000000000003
5987,0.24279
5988,0.256
5989,0.43274
5990,0.32277
5991,0.2602
5992,0.14306
5993,0.019710000000000002
5994,0.0
5995,0.0
5996,0.0
5997,0.0
5998,0.0
5999,0.0
6000,0.0
6001,0.0
6002,0.0
6003,0.0
6004,0.0
6005,0.0
6006,0.01426
6007,0.0952
6008,0.24675999999999998
6009,0.35607
6010,0.39974
6011,0.46503
6012,0.37218
6013,0.37947000000000003
6014,0.216
6015,0.20609
6016,0.0689
6017,0.01322
6018,0.0
6019,0.0
6020,0.0
6021,0.0
6022,0.0
6023,0.0
6024,0.0
6025,0.0
6026,0.0
6027,0.0
6028,0.0
6029,0.0
6030,4e-05
6031,0.004019999999999999
6032,0.0
6033,0.0059900000000000005
6034,0.023219999999999998
6035,0.04759
6036,0.08827
6037,0.13443
6038,0.1278
6039,0.10305
6040,0.04653
6041,0.00941
6042,0.0
6043,0.0
6044,0.0
6045,0.0
6046,0.0
6047,0.0
6048,0.0
6049,0.0
6050,0.0
6051,0.0
6052,0.0
6053,0.0
6054,0.00912
6055,0.06908
6056,0.1148
6057,0.27748
6058,0.48457
6059,0.39012
6060,0.45994999999999997
6061,0.43372000000000005
6062,0.35316000000000003
6063,0.20042
6064,0.1356
6065,0.01585
6066,0.0
6067,0.0
6068,0.0
6069,0.0
6070,0.0
6071,0.0
6072,0.0
6073,0.0
6074,0.0
6075,0.0
6076,0.0
6077,0.0
6078,0.01877
6079,0.10125
6080,0.27253
6081,0.36406
6082,0.38974000000000003
6083,0.53972
6084,0.44309
6085,0.37693
6086,0.33557
6087,0.11579
6088,0.05031
6089,0.00723
6090,0.0
6091,0.0
6092,0.0
6093,0.0
6094,0.0
6095,0.0
6096,0.0
6097,0.0
6098,0.0
6099,0.0
6100,0.0
6101,0.0
6102,0.00064
6103,0.01077
6104,0.0174
6105,0.04808
6106,0.05842
6107,0.024640000000000002
6108,0.13066
6109,0.22184
6110,0.18305000000000002
6111,0.03499
6112,0.03089
6113,0.00156
6114,0.0
6115,0.0
6116,0.0
6117,0.0
6118,0.0
6119,0.0
6120,0.0
6121,0.0
6122,0.0
6123,0.0
6124,0.0
6125,0.0
6126,0.00106
6127,0.028140000000000002
6128,0.08524
6129,0.10621
6130,0.19247999999999998
6131,0.40820999999999996
6132,0.29106
6133,0.39248
6134,0.41458999999999996
6135,0.2665
6136,0.15219
6137,0.02623
6138,0.0
6139,0.0
6140,0.0
6141,0.0
6142,0.0
6143,0.0
6144,0.0
6145,0.0
6146,0.0
6147,0.0
6148,0.0
6149,0.0
6150,0.00467
6151,0.03732
6152,0.11448
6153,0.19721
6154,0.30561
6155,0.31201
6156,0.26777
6157,0.46491000000000005
6158,0.31958
6159,0.20703
6160,0.052840000000000005
6161,0.00905
6162,0.0
6163,0.0
6164,0.0
6165,0.0
6166,0.0
6167,0.0
6168,0.0
6169,0.0
6170,0.0
6171,0.0
6172,0.0
6173,0.0
6174,0.00172
6175,0.01419
6176,0.07187
6177,0.07077
6178,0.08289
6179,0.19947
6180,0.20778
6181,0.21661000000000002
6182,0.13965
6183,0.17834999999999998
6184,0.08144
6185,0.00554
6186,0.0
6187,0.0
6188,0.0
6189,0.0
6190,0.0
6191,0.0
6192,0.0
6193,0.0
6194,0.0
6195,0.0
6196,0.0
6197,0.0
6198,0.00023999999999999998
6199,0.016640000000000002
6200,0.028829999999999998
6201,0.02321
6202,0.01912
6203,0.09741
6204,0.13503
6205,0.41995
6206,0.33076
6207,0.26099
6208,0.10211
6209,0.016579999999999998
6210,0.0
6211,0.0
6212,0.0
6213,0.0
6214,0.0
6215,0.0
6216,0.0
6217,0.0
6218,0.0
6219,0.0
6220,0.0
6221,0.0
6222,0.00822
6223,0.11795
6224,0.28687
6225,0.32804
6226,0.43785
6227,0.28579000000000004
6228,0.18963999999999998
6229,0.6469600000000001
6230,0.52151
6231,0.31529
6232,0.19038999999999998
6233,0.02323
6234,0.0
6235,0.0
6236,0.0
6237,0.0
6238,0.0
6239,0.0
6240,0.0
6241,0.0
6242,0.0
6243,0.0
6244,0.0
6245,0.0
6246,0.01207
6247,0.12838999999999998
6248,0.32065
6249,0.40203
6250,0.50046
6251,0.6033
6252,0.47672000000000003
6253,0.49649
6254,0.32855
6255,0.2796
6256,0.10058
6257,0.00653
6258,0.0
6259,0.0
6260,0.0
6261,0.0
6262,0.0
6263,0.0
6264,0.0
6265,0.0
6266,0.0
6267,0.0
6268,0.0
6269,0.0
6270,0.009720000000000001
6271,0.12949000000000002
6272,0.28086
6273,0.44625
6274,0.51795
6275,0.59238
6276,0.53615
6277,0.51507
6278,0.38212999999999997
6279,0.28094
6280,0.045090000000000005
6281,0.012240000000000001
6282,0.0
6283,0.0
6284,0.0
6285,0.0
6286,0.0
6287,0.0
6288,0.0
6289,0.0
6290,0.0
6291,0.0
6292,0.0
6293,0.0
6294,0.00836
6295,0.05901
6296,0.24421
6297,0.42573
6298,0.5879800000000001
6299,0.6067899999999999
6300,0.48212
6301,0.4609
6302,0.22235
6303,0.2543
6304,0.14239
6305,0.018269999999999998
6306,0.0
6307,0.0
6308,0.0
6309,0.0
6310,0.0
6311,0.0
6312,0.0
6313,0.0
6314,0.0
6315,0.0
6316,0.0
6317,0.0
6318,0.00391
6319,0.044789999999999996
6320,0.11153
6321,0.20661000000000002
6322,0.18941
6323,0.18753
6324,0.18558000000000002
6325,0.28961000000000003
6326,0.12988999999999998
6327,0.08106999999999999
6328,0.07382999999999999
6329,0.01094
6330,0.0
6331,0.0
6332,0.0
6333,0.0
6334,0.0
6335,0.0
6336,0.0
6337,0.0
6338,0.0
6339,0.0
6340,0.0
6341,0.0
6342,0.0027400000000000002
6343,0.00912
6344,0.08128
6345,0.12345
6346,0.30983
6347,0.28184
6348,0.40022
6349,0.22673
6350,0.18534
6351,0.11041
6352,0.078
6353,0.01824
6354,0.0
6355,0.0
6356,0.0
6357,0.0
6358,0.0
6359,0.0
6360,0.0
6361,0.0
6362,0.0
6363,0.0
6364,0.0
6365,0.0
6366,0.004030000000000001
6367,0.05169
6368,0.14238
6369,0.14535
6370,0.35875999999999997
6371,0.41675999999999996
6372,0.51128
6373,0.52577
6374,0.39013
6375,0.24652000000000002
6376,0.1215
6377,0.020210000000000002
6378,0.0
6379,0.0
6380,0.0
6381,0.0
6382,0.0
6383,0.0
6384,0.0
6385,0.0
6386,0.0
6387,0.0
6388,0.0
6389,0.0
6390,0.0081
6391,0.11943000000000001
6392,0.25146
6393,0.36866000000000004
6394,0.49022000000000004
6395,0.56433
6396,0.61202
6397,0.33912
6398,0.22125999999999998
6399,0.23316
6400,0.09262999999999999
6401,0.02048
6402,0.0
6403,0.0
6404,0.0
6405,0.0
6406,0.0
6407,0.0
6408,0.0
6409,0.0
6410,0.0
6411,0.0
6412,0.0
6413,0.0
6414,0.0
6415,0.00519
6416,0.004200000000000001
6417,0.0201
6418,0.054079999999999996
6419,0.04986
6420,0.06699
6421,0.11111
6422,0.08636
6423,0.03718
6424,0.01598
6425,0.0030099999999999997
6426,0.0
6427,0.0
6428,0.0
6429,0.0
6430,0.0
6431,0.0
6432,0.0
6433,0.0
6434,0.0
6435,0.0
6436,0.0
6437,0.0
6438,0.010369999999999999
6439,0.07375
6440,0.17665
6441,0.28648
6442,0.41333
6443,0.56324
6444,0.56223
6445,0.54801
6446,0.47870999999999997
6447,0.19374
6448,0.09792000000000001
6449,0.01642
6450,0.0
6451,0.0
6452,0.0
6453,0.0
6454,0.0
6455,0.0
6456,0.0
6457,0.0
6458,0.0
6459,0.0
6460,0.0
6461,0.0
6462,0.006719999999999999
6463,0.06252
6464,0.09108
6465,0.09806000000000001
6466,0.17677
6467,0.25730000000000003
6468,0.25105
6469,0.23024
6470,0.32326
6471,0.22906
6472,0.0885
6473,0.00887
6474,0.0
6475,0.0
6476,0.0
6477,0.0
6478,0.0
6479,0.0
6480,0.0
6481,0.0
6482,0.0
6483,0.0
6484,0.0
6485,0.0
6486,0.0057
6487,0.07753
6488,0.17005
6489,0.40354
6490,0.52688
6491,0.58465
6492,0.5809500000000001
6493,0.4639
6494,0.28652
6495,0.25417
6496,0.10905
6497,0.01607
6498,0.0
6499,0.0
6500,0.0
6501,0.0
6502,0.0
6503,0.0
6504,0.0
6505,0.0
6506,0.0
6507,0.0
6508,0.0
6509,0.0
6510,0.01973
6511,0.15603999999999998
6512,0.24149
6513,0.33216
6514,0.41625999999999996
6515,0.4363
6516,0.57256
6517,0.39808
6518,0.3725
6519,0.2922
6520,0.14133
6521,0.01795
6522,0.0
6523,0.0
6524,0.0
6525,0.0
6526,0.0
6527,0.0
6528,0.0
6529,0.0
6530,0.0
6531,0.0
6532,0.0
6533,0.0
6534,0.02417
6535,0.20011
6536,0.31945999999999997
6537,0.38349
6538,0.52689
6539,0.52999
6540,0.43431000000000003
6541,0.3847
6542,0.29602
6543,0.23357
6544,0.06079
6545,0.00248
6546,0.0
6547,0.0
6548,0.0
6549,0.0
6550,0.0
6551,0.0
6552,0.0
6553,0.0
6554,0.0
6555,0.0
6556,0.0
6557,0.0
6558,0.00595
6559,0.05803
6560,0.08263
6561,0.11758
6562,0.19147
6563,0.2402
6564,0.27745
6565,0.23648
6566,0.13771
6567,0.08983
6568,0.03732
6569,0.00658
6570,0.0
6571,0.0
6572,0.0
6573,0.0
6574,0.0
6575,0.0
6576,0.0
6577,0.0
6578,0.0
6579,0.0
6580,0.0
6581,0.0
6582,0.00733
6583,0.03425
6584,0.09441
6585,0.18968000000000002
6586,0.38173
6587,0.30545999999999995
6588,0.41951
6589,0.44347000000000003
6590,0.35464999999999997
6591,0.15657
6592,0.05854
6593,0.00543
6594,0.0
6595,0.0
6596,0.0
6597,0.0
6598,0.0
6599,0.0
6600,0.0
6601,0.0
6602,0.0
6603,0.0
6604,0.0
6605,0.0
6606,0.0058200000000000005
6607,0.04466
6608,0.06146
6609,0.08885
6610,0.12002
6611,0.16362000000000002
6612,0.18994
6613,0.52907
6614,0.47551
6615,0.31838
6616,0.11815
6617,0.01226
6618,0.0
6619,0.0
6620,0.0
6621,0.0
6622,0.0
6623,0.0
6624,0.0
6625,0.0
6626,0.0
6627,0.0
6628,0.0
6629,0.0
6630,0.01053
6631,0.07174
6632,0.24500999999999998
6633,0.29845
6634,0.50114
6635,0.56104
6636,0.65746
6637,0.34841
6638,0.24703
6639,0.054450000000000005
6640,0.03596
6641,0.01251
6642,0.0
6643,0.0
6644,0.0
6645,0.0
6646,0.0
6647,0.0
6648,0.0
6649,0.0
6650,0.0
6651,0.0
6652,0.0
6653,0.0
6654,0.012539999999999999
6655,0.05532
6656,0.13091
6657,0.11012999999999999
6658,0.12004000000000001
6659,0.16896
6660,0.23444
6661,0.42158
6662,0.30524
6663,0.20671
6664,0.05244
6665,0.00517
6666,0.0
6667,0.0
6668,0.0
6669,0.0
6670,0.0
6671,0.0
6672,0.0
6673,0.0
6674,0.0
6675,0.0
6676,0.0
6677,0.0
6678,0.011619999999999998
6679,0.12015
6680,0.22613
6681,0.38489
6682,0.34432
6683,0.44038
6684,0.45613
6685,0.48419
6686,0.41935
6687,0.15816
6688,0.11788
6689,0.01149
6690,0.0
6691,0.0
6692,0.0
6693,0.0
6694,0.0
6695,0.0
6696,0.0
6697,0.0
6698,0.0
6699,0.0
6700,0.0
6701,0.0
6702,0.01499
6703,0.06659999999999999
6704,0.12922999999999998
6705,0.17249
6706,0.26611
6707,0.38785000000000003
6708,0.39308
6709,0.38375
6710,0.39818000000000003
6711,0.20682
6712,0.1037
6713,0.01483
6714,0.0
6715,0.0
6716,0.0
6717,0.0
6718,0.0
6719,0.0
6720,0.0
6721,0.0
6722,0.0
6723,0.0
6724,0.0
6725,0.0
6726,0.02423
6727,0.15113
6728,0.33149
6729,0.49101
6730,0.46364999999999995
6731,0.47218
6732,0.5732200000000001
6733,0.4013
6734,0.38367
6735,0.26561
6736,0.13747
6737,0.01908
6738,0.0
6739,0.0
6740,0.0
6741,0.0
6742,0.0
6743,0.0
6744,0.0
6745,0.0
6746,0.0
6747,0.0
6748,0.0
6749,0.0
6750,0.0076100000000000004
6751,0.02862
6752,0.046009999999999995
6753,0.15619999999999998
6754,0.35147
6755,0.38973
6756,0.40341000000000005
6757,0.42851
6758,0.25815
6759,0.12633
6760,0.04086
6761,0.00237
6762,0.0
6763,0.0
6764,0.0
6765,0.0
6766,0.0
6767,0.0
6768,0.0
6769,0.0
6770,0.0
6771,0.0
6772,0.0
6773,0.0
6774,0.00176
6775,0.03879
6776,0.09215000000000001
6777,0.19693
6778,0.27694
6779,0.5136499999999999
6780,0.5105
6781,0.41167000000000004
6782,0.26027999999999996
6783,0.24534
6784,0.07328
6785,0.00443
6786,0.0
6787,0.0
6788,0.0
6789,0.0
6790,0.0
6791,0.0
6792,0.0
6793,0.0
6794,0.0
6795,0.0
6796,0.0
6797,0.0
6798,0.00198
6799,0.008199999999999999
6800,0.0162
6801,0.026850000000000002
6802,0.04617
6803,0.04064
6804,0.0711
6805,0.19447
6806,0.15875999999999998
6807,0.1731
6808,0.05593
6809,0.00361
6810,0.0
6811,0.0
6812,0.0
6813,0.0
6814,0.0
6815,0.0
6816,0.0
6817,0.0
6818,0.0
6819,0.0
6820,0.0
6821,0.0
6822,0.00315
6823,0.04077
6824,0.14555
6825,0.26269
6826,0.25344
6827,0.38687
6828,0.28469
6829,0.51125
6830,0.30477
6831,0.12215999999999999
6832,0.04568
6833,0.00532
6834,0.0
6835,0.0
6836,0.0
6837,0.0
6838,0.0
6839,0.0
6840,0.0
6841,0.0
6842,0.0
6843,0.0
6844,0.0
6845,0.0
6846,0.013300000000000001
6847,0.07667
6848,0.15787
6849,0.22572
6850,0.388
6851,0.44875
6852,0.30545999999999995
6853,0.36062
6854,0.26863
6855,0.21191
6856,0.04373
6857,0.00138
6858,0.0
6859,0.0
6860,0.0
6861,0.0
6862,0.0
6863,0.0
6864,0.0
6865,0.0
6866,0.0
6867,0.0
6868,0.0
6869,0.0
6870,0.0
6871,0.01705
6872,0.01647
6873,0.02229
6874,0.0062699999999999995
6875,0.02614
6876,0.03566
6877,0.16444999999999999
6878,0.03741
6879,0.01685
6880,0.00795
6881,0.0
6882,0.0
6883,0.0
6884,0.0
6885,0.0
6886,0.0
6887,0.0
6888,0.0
6889,0.0
6890,0.0
6891,0.0
6892,0.0
6893,0.0
6894,0.0012
6895,0.03295
6896,0.10908
6897,0.25195
6898,0.12487999999999999
6899,0.22059
6900,0.47043
6901,0.62707
6902,0.5877899999999999
6903,0.40455
6904,0.18846000000000002
6905,0.02961
6906,0.0
6907,0.0
6908,0.0
6909,0.0
6910,0.0
6911,0.0
6912,0.0
6913,0.0
6914,0.0
6915,0.0
6916,0.0
6917,0.0
6918,0.00443
6919,0.10382
6920,0.20798
6921,0.34642
6922,0.46725
6923,0.57238
6924,0.56852
6925,0.59561
6926,0.49727
6927,0.28393999999999997
6928,0.07861
6929,0.011699999999999999
6930,0.0
6931,0.0
6932,0.0
6933,0.0
6934,0.0
6935,0.0
6936,0.0
6937,0.0
6938,0.0
6939,0.0
6940,0.0
6941,0.0
6942,0.01675
6943,0.10654000000000001
6944,0.25999
6945,0.28146
6946,0.39817
6947,0.41770999999999997
6948,0.37826
6949,0.34187
6950,0.11952
6951,0.04561
6952,0.04596
6953,0.0028399999999999996
6954,0.0
6955,0.0
6956,0.0
6957,0.0
6958,0.0
6959,0.0
6960,0.0
6961,0.0
6962,0.0
6963,0.0
6964,0.0
6965,0.0
6966,0.00558
6967,0.0298
6968,0.09076999999999999
6969,0.12168999999999999
6970,0.13753
6971,0.1454
6972,0.14376
6973,0.36413
6974,0.37588
6975,0.11962
6976,0.02299
6977,0.0011799999999999998
6978,0.0
6979,0.0
6980,0.0
6981,0.0
6982,0.0
6983,0.0
6984,0.0
6985,0.0
6986,0.0
6987,0.0
6988,0.0
6989,0.0
6990,0.01061
6991,0.06389
6992,0.08635
6993,0.14731
6994,0.20987
6995,0.17715999999999998
6996,0.18152000000000001
6997,0.18588
6998,0.16909
6999,0.14241
7000,0.04882
7001,0.0015400000000000001
7002,0.0
7003,0.0
7004,0.0
7005,0.0
7006,0.0
7007,0.0
7008,0.0
7009,0.0
7010,0.0
7011,0.0
7012,0.0
7013,0.0
7014,0.01112
7015,0.0683
7016,0.13205
7017,0.14056
7018,0.17583000000000001
7019,0.26297000000000004
7020,0.16505
7021,0.41954
7022,0.36966000000000004
7023,0.15233000000000002
7024,0.0679
7025,0.01103
7026,0.0
7027,0.0
7028,0.0
7029,0.0
7030,0.0
7031,0.0
7032,0.0
7033,0.0
7034,0.0
7035,0.0
7036,0.0
7037,0.0
7038,0.0148
7039,0.18674000000000002
7040,0.30042
7041,0.46374
7042,0.6226900000000001
7043,0.5559
7044,0.57668
7045,0.50704
7046,0.40595
7047,0.3285
7048,0.12307
7049,0.00198
7050,0.0
7051,0.0
7052,0.0
7053,0.0
7054,0.0
7055,0.0
7056,0.0
7057,0.0
7058,0.0
7059,0.0
7060,0.0
7061,0.0
7062,0.01864
7063,0.12329000000000001
7064,0.31227
7065,0.48447
7066,0.55992
7067,0.48462
7068,0.59076
7069,0.49404000000000003
7070,0.38476
7071,0.28641
7072,0.1143
7073,0.00941
7074,0.0
7075,0.0
7076,0.0
7077,0.0
7078,0.0
7079,0.0
7080,0.0
7081,0.0
7082,0.0
7083,0.0
7084,0.0
7085,0.0
7086,0.01502
7087,0.10085
7088,0.26379
7089,0.35297
7090,0.47851
7091,0.61652
7092,0.5609299999999999
7093,0.50212
7094,0.47405
7095,0.22462000000000001
7096,0.11031
7097,0.01044
7098,0.0
7099,0.0
7100,0.0
7101,0.0
7102,0.0
7103,0.0
7104,0.0
7105,0.0
7106,0.0
7107,0.0
7108,0.0
7109,0.0
7110,0.00038
7111,0.04202
7112,0.02157
7113,0.09947
7114,0.17668999999999999
7115,0.31898000000000004
7116,0.27259
7117,0.43160000000000004
7118,0.3437
7119,0.21047
7120,0.09689
7121,0.0053
7122,0.0
7123,0.0
7124,0.0
7125,0.0
7126,0.0
7127,0.0
7128,0.0
7129,0.0
7130,0.0
7131,0.0
7132,0.0
7133,0.0
7134,0.0298
7135,0.09340999999999999
7136,0.25867
7137,0.43063
7138,0.52138
7139,0.5734600000000001
7140,0.51907
7141,0.5207
7142,0.41111000000000003
7143,0.23135
7144,0.11201
7145,0.01126
7146,0.0
7147,0.0
7148,0.0
7149,0.0
7150,0.0
7151,0.0
7152,0.0
7153,0.0
7154,0.0
7155,0.0
7156,0.0
7157,0.0
7158,0.00687
7159,0.03909000000000001
7160,0.08987
7161,0.06794
7162,0.30044
7163,0.41393
7164,0.42358999999999997
7165,0.294
7166,0.3145
7167,0.13346
7168,0.05289
7169,0.00797
7170,0.0
7171,0.0
7172,0.0
7173,0.0
7174,0.0
7175,0.0
7176,0.0
7177,0.0
7178,0.0
7179,0.0
7180,0.0
7181,0.0
7182,0.0017900000000000001
7183,0.0068
7184,0.02022
7185,0.03247
7186,0.04209
7187,0.06347
7188,0.08455
7189,0.15431
7190,0.05904
7191,0.056229999999999995
7192,0.030670000000000003
7193,0.00312
7194,0.0
7195,0.0
7196,0.0
7197,0.0
7198,0.0
7199,0.0
7200,0.0
7201,0.0
7202,0.0
7203,0.0
7204,0.0
7205,0.0
7206,0.02915
7207,0.17875
7208,0.31723
7209,0.52251
7210,0.63226
7211,0.5254800000000001
7212,0.19047
7213,0.44623
7214,0.44768
7215,0.27544
7216,0.16826
7217,0.01108
7218,0.0
7219,0.0
7220,0.0
7221,0.0
7222,0.0
7223,0.0
7224,0.0
7225,0.0
7226,0.0
7227,0.0
7228,0.0
7229,0.0
7230,0.01941
7231,0.10262
7232,0.26917
7233,0.33759
7234,0.48388
7235,0.48822000000000004
7236,0.49028
7237,0.29295
7238,0.24969999999999998
7239,0.11231000000000001
7240,0.04513
7241,0.0067
7242,0.0
7243,0.0
7244,0.0
7245,0.0
7246,0.0
7247,0.0
7248,0.0
7249,0.0
7250,0.0
7251,0.0
7252,0.0
7253,0.0
7254,0.00149
7255,0.01414
7256,0.04986
7257,0.07748000000000001
7258,0.14452
7259,0.18969
7260,0.17107
7261,0.43714
7262,0.41126
7263,0.29327
7264,0.09203
7265,0.00853
7266,0.0
7267,0.0
7268,0.0
7269,0.0
7270,0.0
7271,0.0
7272,0.0
7273,0.0
7274,0.0
7275,0.0
7276,0.0
7277,0.0
7278,0.00809
7279,0.027260000000000003
7280,0.08865
7281,0.1123
7282,0.22918
7283,0.226
7284,0.19540000000000002
7285,0.48564999999999997
7286,0.25132
7287,0.18946000000000002
7288,0.024030000000000003
7289,0.0016200000000000001
7290,0.0
7291,0.0
7292,0.0
7293,0.0
7294,0.0
7295,0.0
7296,0.0
7297,0.0
7298,0.0
7299,0.0
7300,0.0
7301,0.0
7302,0.00302
7303,0.027489999999999997
7304,0.0492
7305,0.0836
7306,0.1066
7307,0.27698
7308,0.41179000000000004
7309,0.29414999999999997
7310,0.34724
7311,0.22000999999999998
7312,0.060399999999999995
7313,0.00578
7314,0.0
7315,0.0
7316,0.0
7317,0.0
7318,0.0
7319,0.0
7320,0.0
7321,0.0
7322,0.0
7323,0.0
7324,0.0
7325,0.0
7326,0.00393
7327,0.03342
7328,0.11081999999999999
7329,0.1703
7330,0.13802
7331,0.26488999999999996
7332,0.25312
7333,0.28293
7334,0.32198000000000004
7335,0.22108
7336,0.09545000000000001
7337,0.00696
7338,0.0
7339,0.0
7340,0.0
7341,0.0
7342,0.0
7343,0.0
7344,0.0
7345,0.0
7346,0.0
7347,0.0
7348,0.0
7349,0.0
7350,0.01648
7351,0.10301
7352,0.25805
7353,0.26680000000000004
7354,0.50072
7355,0.49384
7356,0.49382
7357,0.5338999999999999
7358,0.30142
7359,0.19463
7360,0.08193
7361,0.00447
7362,0.0
7363,0.0
7364,0.0
7365,0.0
7366,0.0
7367,0.0
7368,0.0
7369,0.0
7370,0.0
7371,0.0
7372,0.0
7373,0.0
7374,0.029589999999999998
7375,0.12737
7376,0.35176
7377,0.50525
7378,0.6266499999999999
7379,0.64285
7380,0.6445700000000001
7381,0.50152
7382,0.48622000000000004
7383,0.24486000000000002
7384,0.10371999999999999
7385,0.00795
7386,0.0
7387,0.0
7388,0.0
7389,0.0
7390,0.0
7391,0.0
7392,0.0
7393,0.0
7394,0.0
7395,0.0
7396,0.0
7397,0.0
7398,0.01479
7399,0.09963
7400,0.26765
7401,0.2841
7402,0.50334
7403,0.44569
7404,0.30645
7405,0.26139999999999997
7406,0.15336000000000002
7407,0.11731
7408,0.03434
7409,0.00101
7410,0.0
7411,0.0
7412,0.0
7413,0.0
7414,0.0
7415,0.0
7416,0.0
7417,0.0
7418,0.0
7419,0.0
7420,0.0
7421,0.0
7422,0.01081
7423,0.08782999999999999
7424,0.21918
7425,0.1899
7426,0.34224
7427,0.5017
7428,0.4014
7429,0.37732
7430,0.22663999999999998
7431,0.11501
7432,0.04321
7433,0.0015
7434,0.0
7435,0.0
7436,0.0
7437,0.0
7438,0.0
7439,0.0
7440,0.0
7441,0.0
7442,0.0
7443,0.0
7444,0.0
7445,0.0
7446,0.00683
7447,0.06912
7448,0.1341
7449,0.1864
7450,0.29863999999999996
7451,0.34808
7452,0.33988999999999997
7453,0.47925
7454,0.37228
7455,0.30772000000000005
7456,0.12164
7457,0.008060000000000001
7458,0.0
7459,0.0
7460,0.0
7461,0.0
7462,0.0
7463,0.0
7464,0.0
7465,0.0
7466,0.0
7467,0.0
7468,0.0
7469,0.0
7470,0.019629999999999998
7471,0.12419
7472,0.17815
7473,0.27098
7474,0.42874
7475,0.40579000000000004
7476,0.33253
7477,0.37111
7478,0.26752
7479,0.17836000000000002
7480,0.13756000000000002
7481,0.00646
7482,0.0
7483,0.0
7484,0.0
7485,0.0
7486,0.0
7487,0.0
7488,0.0
7489,0.0
7490,0.0
7491,0.0
7492,0.0
7493,0.0
7494,0.01872
7495,0.08326
7496,0.20736000000000002
7497,0.22083000000000003
7498,0.26908
7499,0.33218000000000003
7500,0.37743
7501,0.36247
7502,0.27081
7503,0.13999
7504,0.06645999999999999
7505,0.00319
7506,0.0
7507,0.0
7508,0.0
7509,0.0
7510,0.0
7511,0.0
7512,0.0
7513,0.0
7514,0.0
7515,0.0
7516,0.0
7517,0.0
7518,0.00826
7519,0.08714
7520,0.16541999999999998
7521,0.18249
7522,0.25962999999999997
7523,0.22469999999999998
7524,0.2518
7525,0.19004
7526,0.1651
7527,0.15905000000000002
7528,0.06492
7529,0.00182
7530,0.0
7531,0.0
7532,0.0
7533,0.0
7534,0.0
7535,0.0
7536,0.0
7537,0.0
7538,0.0
7539,0.0
7540,0.0
7541,0.0
7542,0.00444
7543,0.06965
7544,0.12292
7545,0.25695
7546,0.34251
7547,0.48632
7548,0.3915
7549,0.20973
7550,0.09351000000000001
7551,0.062079999999999996
7552,0.02981
7553,0.00019
7554,0.0
7555,0.0
7556,0.0
7557,0.0
7558,0.0
7559,0.0
7560,0.0
7561,0.0
7562,0.0
7563,0.0
7564,0.0
7565,0.0
7566,0.00206
7567,0.0034500000000000004
7568,0.02884
7569,0.14790999999999999
7570,0.11803
7571,0.23579
7572,0.24922
7573,0.32925
7574,0.30063
7575,0.20485
7576,0.11449
7577,0.01009
7578,0.0
7579,0.0
7580,0.0
7581,0.0
7582,0.0
7583,0.0
7584,0.0
7585,0.0
7586,0.0
7587,0.0
7588,0.0
7589,0.0
7590,0.0
7591,0.01288
7592,0.0165
7593,0.07542
7594,0.12813
7595,0.14479
7596,0.17484
7597,0.17282
7598,0.09038
7599,0.09212000000000001
7600,0.03376
7601,0.00428
7602,0.0
7603,0.0
7604,0.0
7605,0.0
7606,0.0
7607,0.0
7608,0.0
7609,0.0
7610,0.0
7611,0.0
7612,0.0
7613,0.0
7614,0.02154
7615,0.09992
7616,0.26413
7617,0.32262
7618,0.4957
7619,0.57001
7620,0.5309299999999999
7621,0.4269
7622,0.39462
7623,0.18434999999999999
7624,0.05825
7625,0.00758
7626,0.0
7627,0.0
7628,0.0
7629,0.0
7630,0.0
7631,0.0
7632,0.0
7633,0.0
7634,0.0
7635,0.0
7636,0.0
7637,0.0
7638,0.00779
7639,0.07199
7640,0.27143
7641,0.2682
7642,0.33656
7643,0.36531
7644,0.39225
7645,0.48698
7646,0.2596
7647,0.11981
7648,0.03577
7649,0.00115
7650,0.0
7651,0.0
7652,0.0
7653,0.0
7654,0.0
7655,0.0
7656,0.0
7657,0.0
7658,0.0
7659,0.0
7660,0.0
7661,0.0
7662,0.01269
7663,0.11026000000000001
7664,0.16227
7665,0.22274000000000002
7666,0.23603
7667,0.38345
7668,0.32569
7669,0.2363
7670,0.18303
7671,0.1635
7672,0.055869999999999996
7673,0.0035800000000000003
7674,0.0
7675,0.0
7676,0.0
7677,0.0
7678,0.0
7679,0.0
7680,0.0
7681,0.0
7682,0.0
7683,0.0
7684,0.0
7685,0.0
7686,0.01884
7687,0.14047
7688,0.24409999999999998
7689,0.39842
7690,0.49576
7691,0.40692
7692,0.37435
7693,0.54246
7694,0.31088
7695,0.15968000000000002
7696,0.07137
7697,0.00871
7698,0.0
7699,0.0
7700,0.0
7701,0.0
7702,0.0
7703,0.0
7704,0.0
7705,0.0
7706,0.0
7707,0.0
7708,0.0
7709,0.0
7710,0.00124
7711,0.02506
7712,0.045520000000000005
7713,0.11899
7714,0.30589
7715,0.44558
7716,0.39300999999999997
7717,0.25053
7718,0.21561000000000002
7719,0.09121
7720,0.060759999999999995
7721,0.0037099999999999998
7722,0.0
7723,0.0
7724,0.0
7725,0.0
7726,0.0
7727,0.0
7728,0.0
7729,0.0
7730,0.0
7731,0.0
7732,0.0
7733,0.0
7734,0.015359999999999999
7735,0.11741
7736,0.23231
7737,0.31671
7738,0.43747
7739,0.46837
7740,0.42267
7741,0.46094
7742,0.36532
7743,0.19411
7744,0.0675
7745,0.0066
7746,0.0
7747,0.0
7748,0.0
7749,0.0
7750,0.0
7751,0.0
7752,0.0
7753,0.0
7754,0.0
7755,0.0
7756,0.0
7757,0.0
7758,0.00805
7759,0.04182
7760,0.16455
7761,0.25397
7762,0.24672
7763,0.19988999999999998
7764,0.25714
7765,0.16333
7766,0.20379
7767,0.16778
7768,0.09165999999999999
7769,0.00553
7770,0.0
7771,0.0
7772,0.0
7773,0.0
7774,0.0
7775,0.0
7776,0.0
7777,0.0
7778,0.0
7779,0.0
7780,0.0
7781,0.0
7782,0.008369999999999999
7783,0.08174
7784,0.23226
7785,0.29255000000000003
7786,0.35722000000000004
7787,0.5425800000000001
7788,0.43714
7789,0.41467000000000004
7790,0.26633999999999997
7791,0.27422
7792,0.13565
7793,0.01516
7794,0.0
7795,0.0
7796,0.0
7797,0.0
7798,0.0
7799,0.0
7800,0.0
7801,0.0
7802,0.0
7803,0.0
7804,0.0
7805,0.0
7806,0.0044800000000000005
7807,0.04027
7808,0.17643
7809,0.22163999999999998
7810,0.33276
7811,0.46353
7812,0.43521
7813,0.34269
7814,0.15972999999999998
7815,0.10704000000000001
7816,0.07384
7817,0.0045899999999999995
7818,0.0
7819,0.0
7820,0.0
7821,0.0
7822,0.0
7823,0.0
7824,0.0
7825,0.0
7826,0.0
7827,0.0
7828,0.0
7829,0.0
7830,7.000000000000001e-05
7831,0.005690000000000001
7832,0.022760000000000002
7833,0.09491
7834,0.12796
7835,0.20679
7836,0.17193
7837,0.39663
7838,0.12253
7839,0.0545
7840,0.02624
7841,0.0014299999999999998
7842,0.0
7843,0.0
7844,0.0
7845,0.0
7846,0.0
7847,0.0
7848,0.0
7849,0.0
7850,0.0
7851,0.0
7852,0.0
7853,0.0
7854,0.01483
7855,0.07149
7856,0.1623
7857,0.24367
7858,0.23965999999999998
7859,0.35652999999999996
7860,0.25293
7861,0.08152
7862,0.0435
7863,0.04247
7864,0.0060999999999999995
7865,0.0
7866,0.0
7867,0.0
7868,0.0
7869,0.0
7870,0.0
7871,0.0
7872,0.0
7873,0.0
7874,0.0
7875,0.0
7876,0.0
7877,0.0
7878,0.00377
7879,0.02879
7880,0.04592
7881,0.10638
7882,0.09053
7883,0.16806000000000001
7884,0.22681
7885,0.21744
7886,0.1702
7887,0.15663
7888,0.04283
7889,0.0048200000000000005
7890,0.0
7891,0.0
7892,0.0
7893,0.0
7894,0.0
7895,0.0
7896,0.0
7897,0.0
7898,0.0
7899,0.0
7900,0.0
7901,0.0
7902,0.00954
7903,0.07648
7904,0.25128
7905,0.27588999999999997
7906,0.29982
7907,0.5061
7908,0.61709
7909,0.45882999999999996
7910,0.4117
7911,0.2095
7912,0.12043000000000001
7913,0.00753
7914,0.0
7915,0.0
7916,0.0
7917,0.0
7918,0.0
7919,0.0
7920,0.0
7921,0.0
7922,0.0
7923,0.0
7924,0.0
7925,0.0
7926,0.00138
7927,0.01832
7928,0.02536
7929,0.07266
7930,0.11522
7931,0.09078
7932,0.15211000000000002
7933,0.1198
7934,0.17939
7935,0.06947
7936,0.046380000000000005
7937,0.00331
7938,0.0
7939,0.0
7940,0.0
7941,0.0
7942,0.0
7943,0.0
7944,0.0
7945,0.0
7946,0.0
7947,0.0
7948,0.0
7949,0.0
7950,0.00164
7951,0.02689
7952,0.08477
7953,0.07970999999999999
7954,0.18
7955,0.20299
7956,0.27864999999999995
7957,0.31168
7958,0.33305
7959,0.17945
7960,0.06323
7961,0.011640000000000001
7962,0.0
7963,0.0
7964,0.0
7965,0.0
7966,0.0
7967,0.0
7968,0.0
7969,0.0
7970,0.0
7971,0.0
7972,0.0
7973,0.0
7974,0.009300000000000001
7975,0.08814
7976,0.20446999999999999
7977,0.36238
7978,0.38647000000000004
7979,0.32827999999999996
7980,0.51351
7981,0.33342
7982,0.25889999999999996
7983,0.27881
7984,0.07415000000000001
7985,0.00505
7986,0.0
7987,0.0
7988,0.0
7989,0.0
7990,0.0
7991,0.0
7992,0.0
7993,0.0
7994,0.0
7995,0.0
7996,0.0
7997,0.0
7998,0.00851
7999,0.06987
8000,0.17265
8001,0.31453
8002,0.28837999999999997
8003,0.35224
8004,0.3852
8005,0.29836
8006,0.17082
8007,0.18078
8008,0.08267000000000001
8009,0.01231
8010,0.0
8011,0.0
8012,0.0
8013,0.0
8014,0.0
8015,0.0
8016,0.0
8017,0.0
8018,0.0
8019,0.0
8020,0.0
8021,0.0
8022,0.01089
8023,0.12656
8024,0.2768
8025,0.36504000000000003
8026,0.45053
8027,0.51112
8028,0.56694
8029,0.5105
8030,0.41892
8031,0.25754000000000005
8032,0.1666
8033,0.02196
8034,0.0
8035,0.0
8036,0.0
8037,0.0
8038,0.0
8039,0.0
8040,0.0
8041,0.0
8042,0.0
8043,0.0
8044,0.0
8045,0.0
8046,0.00287
8047,0.07540999999999999
8048,0.11985
8049,0.33194
8050,0.37015
8051,0.46742
8052,0.48427
8053,0.36416000000000004
8054,0.36022000000000004
8055,0.11437
8056,0.11728
8057,0.00833
8058,0.0
8059,0.0
8060,0.0
8061,0.0
8062,0.0
8063,0.0
8064,0.0
8065,0.0
8066,0.0
8067,0.0
8068,0.0
8069,0.0
8070,0.00546
8071,0.1041
8072,0.29575
8073,0.39188
8074,0.5230499999999999
8075,0.5424500000000001
8076,0.47004
8077,0.52898
8078,0.24718
8079,0.19955
8080,0.10279
8081,0.00796
8082,0.0
8083,0.0
8084,0.0
8085,0.0
8086,0.0
8087,0.0
8088,0.0
8089,0.0
8090,0.0
8091,0.0
8092,0.0
8093,0.0
8094,0.0035
8095,0.08778
8096,0.13074000000000002
8097,0.12913
8098,0.17533
8099,0.38323
8100,0.41273000000000004
8101,0.39918
8102,0.39391000000000004
8103,0.2255
8104,0.09570000000000001
8105,0.01214
8106,0.0
8107,0.0
8108,0.0
8109,0.0
8110,0.0
8111,0.0
8112,0.0
8113,0.0
8114,0.0
8115,0.0
8116,0.0
8117,0.0
8118,0.00271
8119,0.03155
8120,0.09528
8121,0.14406
8122,0.24772
8123,0.24409999999999998
8124,0.16869
8125,0.26124
8126,0.23422
8127,0.13476
8128,0.06551
8129,0.0052699999999999995
8130,0.0
8131,0.0
8132,0.0
8133,0.0
8134,0.0
8135,0.0
8136,0.0
8137,0.0
8138,0.0
8139,0.0
8140,0.0
8141,0.0
8142,0.00782
8143,0.08651
8144,0.23951
8145,0.35997
8146,0.38808
8147,0.39362
8148,0.52963
8149,0.55064
8150,0.34484
8151,0.28786
8152,0.09512000000000001
8153,0.019620000000000002
8154,0.0
8155,0.0
8156,0.0
8157,0.0
8158,0.0
8159,0.0
8160,0.0
8161,0.0
8162,0.0
8163,0.0
8164,0.0
8165,0.0
8166,0.00551
8167,0.06581999999999999
8168,0.19888999999999998
8169,0.27988999999999997
8170,0.26168
8171,0.38963
8172,0.39304
8173,0.27868
8174,0.15972999999999998
8175,0.14411000000000002
8176,0.05796
8177,0.01694
8178,0.0
8179,0.0
8180,0.0
8181,0.0
8182,0.0
8183,0.0
8184,0.0
8185,0.0
8186,0.0
8187,0.0
8188,0.0
8189,0.0
8190,0.00725
8191,0.09434000000000001
8192,0.21997
8193,0.26029
8194,0.40807
8195,0.47162
8196,0.40908999999999995
8197,0.32005
8198,0.18681
8199,0.10182
8200,0.03041
8201,0.0020299999999999997
8202,0.0
8203,0.0
8204,0.0
8205,0.0
8206,0.0
8207,0.0
8208,0.0
8209,0.0
8210,0.0
8211,0.0
8212,0.0
8213,0.0
8214,0.003
8215,0.061829999999999996
8216,0.21550999999999998
8217,0.29963999999999996
8218,0.31645999999999996
8219,0.3745
8220,0.39343
8221,0.2306
8222,0.31071
8223,0.18979
8224,0.10171
8225,0.019940000000000003
8226,0.0
8227,0.0
8228,0.0
8229,0.0
8230,0.0
8231,0.0
8232,0.0
8233,0.0
8234,0.0
8235,0.0
8236,0.0
8237,0.0
8238,0.00754
8239,0.07196
8240,0.19575
8241,0.30618
8242,0.45098
8243,0.55524
8244,0.6194700000000001
8245,0.3958
8246,0.32309
8247,0.30143000000000003
8248,0.07212
8249,0.0149
8250,0.0
8251,0.0
8252,0.0
8253,0.0
8254,0.0
8255,0.0
8256,0.0
8257,0.0
8258,0.0
8259,0.0
8260,0.0
8261,0.0
8262,0.00436
8263,0.06656999999999999
8264,0.22906
8265,0.23088999999999998
8266,0.34704
8267,0.48112
8268,0.42708999999999997
8269,0.21827000000000002
8270,0.2282
8271,0.16013
8272,0.04996
8273,0.0012900000000000001
8274,0.0
8275,0.0
8276,0.0
8277,0.0
8278,0.0
8279,0.0
8280,0.0
8281,0.0
8282,0.0
8283,0.0
8284,0.0
8285,0.0
8286,0.0039900000000000005
8287,0.04476
8288,0.06548999999999999
8289,0.11344
8290,0.11048000000000001
8291,0.18400999999999998
8292,0.08367000000000001
8293,0.0643
8294,0.04793
8295,0.09025
8296,0.04019
8297,0.009789999999999998
8298,0.0
8299,0.0
8300,0.0
8301,0.0
8302,0.0
8303,0.0
8304,0.0
8305,0.0
8306,0.0
8307,0.0
8308,0.0
8309,0.0
8310,0.00441
8311,0.08576
8312,0.21034
8313,0.27888
8314,0.39808
8315,0.48378
8316,0.35111000000000003
8317,0.33163
8318,0.39271
8319,0.32130000000000003
8320,0.17659
8321,0.03191
8322,0.0
8323,0.0
8324,0.0
8325,0.0
8326,0.0
8327,0.0
8328,0.0
8329,0.0
8330,0.0
8331,0.0
8332,0.0
8333,0.0
8334,0.00093
8335,0.05811
8336,0.14655
8337,0.17195
8338,0.32682
8339,0.34911000000000003
8340,0.41041000000000005
8341,0.50574
8342,0.36402999999999996
8343,0.297
8344,0.09437999999999999
8345,0.01276
8346,0.0
8347,0.0
8348,0.0
8349,0.0
8350,0.0
8351,0.0
8352,0.0
8353,0.0
8354,0.0
8355,0.0
8356,0.0
8357,0.0
8358,0.0025499999999999997
8359,0.03519
8360,0.13169999999999998
8361,0.20957
8362,0.20725
8363,0.18850999999999998
8364,0.33722
8365,0.22994
8366,0.16061
8367,0.16979
8368,0.05604
8369,0.01993
8370,0.0
8371,0.0
8372,0.0
8373,0.0
8374,0.0
8375,0.0
8376,0.0
8377,0.0
8378,0.0
8379,0.0
8380,0.0
8381,0.0
8382,0.0004
8383,0.03052
8384,0.12624
8385,0.11616
8386,0.12563
8387,0.19944
8388,0.28036
8389,0.23481
8390,0.20826
8391,0.18675
8392,0.06378
8393,0.01368
8394,0.0
8395,0.0
8396,0.0
8397,0.0
8398,0.0
8399,0.0
8400,0.0
8401,0.0
8402,0.0
8403,0.0
8404,0.0
8405,0.0
8406,0.0015300000000000001
8407,0.02785
8408,0.07653
8409,0.06323
8410,0.19397
8411,0.20539
8412,0.24374
8413,0.23564
8414,0.17464
8415,0.07051
8416,0.04391
8417,0.00394
8418,0.0
8419,0.0
8420,0.0
8421,0.0
8422,0.0
8423,0.0
8424,0.0
8425,0.0
8426,0.0
8427,0.0
8428,0.0
8429,0.0
8430,0.0016799999999999999
8431,0.05258
8432,0.1349
8433,0.16835
8434,0.22981000000000001
8435,0.28791
8436,0.37372000000000005
8437,0.37299
8438,0.24082
8439,0.10944
8440,0.02996
8441,0.00314
8442,0.0
8443,0.0
8444,0.0
8445,0.0
8446,0.0
8447,0.0
8448,0.0
8449,0.0
8450,0.0
8451,0.0
8452,0.0
8453,0.0
8454,0.0
8455,0.01679
8456,0.0464
8457,0.04846
8458,0.04119
8459,0.07409
8460,0.05833
8461,0.09833
8462,0.15128999999999998
8463,0.12185
8464,0.04192
8465,0.00456
8466,0.0
8467,0.0
8468,0.0
8469,0.0
8470,0.0
8471,0.0
8472,0.0
8473,0.0
8474,0.0
8475,0.0
8476,0.0
8477,0.0
8478,0.00656
8479,0.09868
8480,0.21463
8481,0.3464
8482,0.31861
8483,0.28011
8484,0.29158999999999996
8485,0.41584
8486,0.24406999999999998
8487,0.21101
8488,0.08047
8489,0.00945
8490,0.0
8491,0.0
8492,0.0
8493,0.0
8494,0.0
8495,0.0
8496,0.0
8497,0.0
8498,0.0
8499,0.0
8500,0.0
8501,0.0
8502,0.0
8503,0.011470000000000001
8504,0.02253
8505,0.014960000000000001
8506,0.07617
8507,0.06896
8508,0.09265999999999999
8509,0.09118000000000001
8510,0.0418
8511,0.03437
8512,0.01063
8513,0.0
8514,0.0
8515,0.0
8516,0.0
8517,0.0
8518,0.0
8519,0.0
8520,0.0
8521,0.0
8522,0.0
8523,0.0
8524,0.0
8525,0.0
8526,0.0
8527,0.00788
8528,0.05002
8529,0.04856
8530,0.10912000000000001
8531,0.13366
8532,0.08662
8533,0.24473
8534,0.24325
8535,0.21966999999999998
8536,0.13433
8537,0.013779999999999999
8538,0.0
8539,0.0
8540,0.0
8541,0.0
8542,0.0
8543,0.0
8544,0.0
8545,0.0
8546,0.0
8547,0.0
8548,0.0
8549,0.0
8550,0.00609
8551,0.09918
8552,0.26423
8553,0.43877999999999995
8554,0.50276
8555,0.62362
8556,0.55808
8557,0.3727
8558,0.43367
8559,0.27213
8560,0.12727
8561,0.03617
8562,0.0
8563,0.0
8564,0.0
8565,0.0
8566,0.0
8567,0.0
8568,0.0
8569,0.0
8570,0.0
8571,0.0
8572,0.0
8573,0.0
8574,0.0007
8575,0.057159999999999996
8576,0.10374
8577,0.27081
8578,0.4028
8579,0.55122
8580,0.6249
8581,0.48445
8582,0.46595
8583,0.36344
8584,0.10759
8585,0.02518
8586,0.0
8587,0.0
8588,0.0
8589,0.0
8590,0.0
8591,0.0
8592,0.0
8593,0.0
8594,0.0
8595,0.0
8596,0.0
8597,0.0
8598,0.00359
8599,0.06921
8600,0.2059
8601,0.31758
8602,0.36884
8603,0.51047
8604,0.37041
8605,0.33249
8606,0.30255
8607,0.18106
8608,0.08695
8609,0.019690000000000003
8610,0.0
8611,0.0
8612,0.0
8613,0.0
8614,0.0
8615,0.0
8616,0.0
8617,0.0
8618,0.0
8619,0.0
8620,0.0
8621,0.0
8622,0.0
8623,0.015550000000000001
8624,0.045079999999999995
8625,0.09789
8626,0.1316
8627,0.19516
8628,0.24269
8629,0.24344
8630,0.15097
8631,0.15825999999999998
8632,0.044539999999999996
8633,0.00919
8634,0.0
8635,0.0
8636,0.0
8637,0.0
8638,0.0
8639,0.0
8640,0.0
8641,0.0
8642,0.0
8643,0.0
8644,0.0
8645,0.0
8646,0.0
8647,0.03932
8648,0.05198
8649,0.15018
8650,0.29375
8651,0.42379
8652,0.48860000000000003
8653,0.35114
8654,0.21392
8655,0.21944
8656,0.11445999999999999
8657,0.015550000000000001
8658,0.0
8659,0.0
8660,0.0
8661,0.0
8662,0.0
8663,0.0
8664,0.0
8665,0.0
8666,0.0
8667,0.0
8668,0.0
8669,0.0
8670,0.0014199999999999998
8671,0.07995999999999999
8672,0.13982
8673,0.243
8674,0.4012
8675,0.46404
8676,0.41387999999999997
8677,0.46201
8678,0.30925
8679,0.28269
8680,0.16087
8681,0.027719999999999998
8682,0.0
8683,0.0
8684,0.0
8685,0.0
8686,0.0
8687,0.0
8688,0.0
8689,0.0
8690,0.0
8691,0.0
8692,0.0
8693,0.0
8694,0.00398
8695,0.05003
8696,0.16241
8697,0.23428
8698,0.33154
8699,0.32677
8700,0.3881
8701,0.24578
8702,0.29433
8703,0.22841999999999998
8704,0.1045
8705,0.019190000000000002
8706,0.0
8707,0.0
8708,0.0
8709,0.0
8710,0.0
8711,0.0
8712,0.0
8713,0.0
8714,0.0
8715,0.0
8716,0.0
8717,0.0
8718,0.0
8719,0.016550000000000002
8720,0.05056
8721,0.08872
8722,0.09805
8723,0.13556
8724,0.16299
8725,0.24231
8726,0.27054
8727,0.26237
8728,0.16459000000000001
8729,0.03145
8730,0.0
8731,0.0
8732,0.0
8733,0.0
8734,0.0
8735,0.0
8736,0.0
8737,0.0
8738,0.0
8739,0.0
8740,0.0
8741,0.0
8742,0.0
8743,0.02494
8744,0.10452
8745,0.15538999999999997
8746,0.16872
8747,0.32304
8748,0.52967
8749,0.41469
8750,0.28261000000000003
8751,0.26138
8752,0.10087
8753,0.11984
8754,0.0
8755,0.0
8756,0.0
8757,0.0
8758,0.0
8759,0.0
