,pv_per_unit
0,0.0
1,0.0
2,0.0
3,0.0
4,0.0
5,0.0
6,0.00316
7,0.06525
8,0.2186
9,0.18234999999999998
10,0.31754000000000004
11,0.4772
12,0.5432400000000001
13,0.43245
14,0.48867
15,0.23971
16,0.16702
17,0.04725
18,0.0
19,0.0
20,0.0
21,0.0
22,0.0
23,0.0
24,0.0
25,0.0
26,0.0
27,0.0
28,0.0
29,0.0
30,0.0
31,0.02535
32,0.13166
33,0.19798
34,0.31725
35,0.42737
36,0.47151
37,0.33737
38,0.33585000000000004
39,0.26696
40,0.1536
41,0.04685
42,0.0
43,0.0
44,0.0
45,0.0
46,0.0
47,0.0
48,0.0
49,0.0
50,0.0
51,0.0
52,0.0
53,0.0
54,5.9999999999999995e-05
55,0.0385
56,0.06727
57,0.1031
58,0.20334
59,0.35692
60,0.44149
61,0.43764
62,0.37501
63,0.31435
64,0.21064
65,0.04462
66,0.0
67,0.0
68,0.0
69,0.0
70,0.0
71,0.0
72,0.0
73,0.0
74,0.0
75,0.0
76,0.0
77,0.0
78,0.0005899999999999999
79,0.02556
80,0.12373999999999999
81,0.1988
82,0.37648000000000004
83,0.39906
84,0.51174
85,0.50558
86,0.37201
87,0.23766
88,0.215
89,0.046130000000000004
90,0.0
91,0.0
92,0.0
93,0.0
94,0.0
95,0.0
96,0.0
97,0.0
98,0.0
99,0.0
100,0.0
101,0.0
102,0.00027
103,0.027489999999999997
104,0.05958
105,0.13081
106,0.18737
107,0.22771
108,0.25063
109,0.36631
110,0.43801
111,0.24259
112,0.12887
113,0.048659999999999995
114,0.0
115,0.0
116,0.0
117,0.0
118,0.0
119,0.0
120,0.0
121,0.0
122,0.0
123,0.0
124,0.0
125,0.0
126,0.00033
127,0.0339
128,0.08903
129,0.14465999999999998
130,0.12491
131,0.37660000000000005
132,0.45998
133,0.43452999999999997
134,0.47457
135,0.31127
136,0.19221000000000002
137,0.04493
138,0.0
139,0.0
140,0.0
141,0.0
142,0.0
143,0.0
144,0.0
145,0.0
146,0.0
147,0.0
148,0.0
149,0.0
150,0.0017900000000000001
151,0.08436
152,0.18281999999999998
153,0.34297000000000005
154,0.43545999999999996
155,0.49573
156,0.32268
157,0.5288999999999999
158,0.37451
159,0.23594
160,0.20828
161,0.05779
162,0.0
163,0.0
164,0.0
165,0.0
166,0.0
167,0.0
168,0.0
169,0.0
170,0.0
171,0.0
172,0.0
173,0.0
174,0.00046
175,0.03061
176,0.09838
177,0.16488
178,0.23075
179,0.18878999999999999
180,0.29689
181,0.43697
182,0.34839
183,0.16627
184,0.12367
185,0.02902
186,0.0
187,0.0
188,0.0
189,0.0
190,0.0
191,0.0
192,0.0
193,0.0
194,0.0
195,0.0
196,0.0
197,0.0
198,0.0
199,0.01311
200,0.042159999999999996
201,0.11862
202,0.20873
203,0.1412
204,0.23044
205,0.21902000000000002
206,0.20192
207,0.12192
208,0.05704
209,0.013800000000000002
210,0.0
211,0.0
212,0.0
213,0.0
214,0.0
215,0.0
216,0.0
217,0.0
218,0.0
219,0.0
220,0.0
221,0.0
222,0.0
223,0.02152
224,0.045689999999999995
225,0.09548999999999999
226,0.14559
227,0.28817000000000004
228,0.29775
229,0.35499
230,0.28354
231,0.21187999999999999
232,0.10518000000000001
233,0.03798
234,0.0
235,0.0
236,0.0
237,0.0
238,0.0
239,0.0
240,0.0
241,0.0
242,0.0
243,0.0
244,0.0
245,0.0
246,0.0
247,0.03626
248,0.079
249,0.20222
250,0.17582
251,0.30115
252,0.38948
253,0.45289999999999997
254,0.30545999999999995
255,0.27635000000000004
256,0.11055
257,0.02346
258,0.0
259,0.0
260,0.0
261,0.0
262,0.0
263,0.0
264,0.0
265,0.0
266,0.0
267,0.0
268,0.0
269,0.0
270,0.0
271,0.03553
272,0.10669
273,0.17675
274,0.21806999999999999
275,0.28879000000000005
276,0.23132
277,0.28446
278,0.26271
279,0.27104
280,0.12351000000000001
281,0.03865
282,0.0
283,0.0
284,0.0
285,0.0
286,0.0
287,0.0
288,0.0
289,0.0
290,0.0
291,0.0
292,0.0
293,0.0
294,0.00032
295,0.039740000000000004
296,0.10415
297,0.1921
298,0.36385
299,0.35372000000000003
300,0.32021
301,0.48139
302,0.404
303,0.2509
304,0.20109
305,0.03848
306,0.0
307,0.0
308,0.0
309,0.0
310,0.0
311,0.0
312,0.0
313,0.0
314,0.0
315,0.0
316,0.0
317,0.0
318,0.00038
319,0.0217
320,0.10259
321,0.16763999999999998
322,0.26557
323,0.33265
324,0.25378
325,0.25833999999999996
326,0.34843999999999997
327,0.20505
328,0.14972
329,0.05064
330,0.0
331,0.0
332,0.0
333,0.0
334,0.0
335,0.0
336,0.0
337,0.0
338,0.0
339,0.0
340,0.0
341,0.0
342,0.00035
343,0.03824
344,0.17139
345,0.40064999999999995
346,0.53401
347,0.50414
348,0.60273
349,0.50158
350,0.48408
351,0.41289
352,0.17942
353,0.06786
354,0.0
355,0.0
356,0.0
357,0.0
358,0.0
359,0.0
360,0.0
361,0.0
362,0.0
363,0.0
364,0.0
365,0.0
366,0.0
367,0.02561
368,0.17183
369,0.28469
370,0.35779
371,0.49907999999999997
372,0.5634
373,0.33867
374,0.36607999999999996
375,0.26941000000000004
376,0.12461
377,0.03075
378,0.0
379,0.0
380,0.0
381,0.0
382,0.0
383,0.0
384,0.0
385,0.0
386,0.0
387,0.0
388,0.0
389,0.0
390,0.0
391,0.00831
392,0.04388
393,0.07237
394,0.25848000000000004
395,0.26531
396,0.31048000000000003
397,0.39182
398,0.29434
399,0.15699000000000002
400,0.13018000000000002
401,0.04827
402,0.0
403,0.0
404,0.0
405,0.0
406,0.0
407,0.0
408,0.0
409,0.0
410,0.0
411,0.0
412,0.0
413,0.0
414,0.0
415,0.02566
416,0.13588
417,0.31276
418,0.41226
419,0.36573
420,0.33437
421,0.3927
422,0.42038
423,0.25668
424,0.10887999999999999
425,0.05844
426,0.0
427,0.0
428,0.0
429,0.0
430,0.0
431,0.0
432,0.0
433,0.0
434,0.0
435,0.0
436,0.0
437,0.0
438,0.0
439,0.03173
440,0.19865
441,0.28018
442,0.37795999999999996
443,0.40578
444,0.42574
445,0.48669999999999997
446,0.31115
447,0.29396
448,0.15678
449,0.04811
450,0.0
451,0.0
452,0.0
453,0.0
454,0.0
455,0.0
456,0.0
457,0.0
458,0.0
459,0.0
460,0.0
461,0.0
462,0.0008399999999999999
463,0.061759999999999995
464,0.16869
465,0.28676
466,0.40276999999999996
467,0.48610000000000003
468,0.52199
469,0.5466799999999999
470,0.46251
471,0.34442
472,0.16341999999999998
473,0.05012
474,0.0
475,0.0
476,0.0
477,0.0
478,0.0
479,0.0
480,0.0
481,0.0
482,0.0
483,0.0
484,0.0
485,0.0
486,0.0
487,0.03433
488,0.16906000000000002
489,0.38101
490,0.39691000000000004
491,0.46672
492,0.54984
493,0.57511
494,0.5184500000000001
495,0.43581
496,0.22611
497,0.03621
498,0.0
499,0.0
500,0.0
501,0.0
502,0.0
503,0.0
504,0.0
505,0.0
506,0.0
507,0.0
508,0.0
509,0.0
510,0.0
511,0.03572
512,0.14745
513,0.26422
514,0.55153
515,0.55923
516,0.64525
517,0.57977
518,0.2831
519,0.28564999999999996
520,0.18003
521,0.06662
522,0.0
523,0.0
524,0.0
525,0.0
526,0.0
527,0.0
528,0.0
529,0.0
530,0.0
531,0.0
532,0.0
533,0.0
534,0.00017999999999999998
535,0.04693
536,0.14452
537,0.21831
538,0.30757999999999996
539,0.45448
540,0.61729
541,0.30849
542,0.30538
543,0.24156
544,0.08785
545,0.01526
546,0.0
547,0.0
548,0.0
549,0.0
550,0.0
551,0.0
552,0.0
553,0.0
554,0.0
555,0.0
556,0.0
557,0.0
558,0.0009
559,0.04784
560,0.14216
561,0.20962
562,0.49913
563,0.36961
564,0.4803
565,0.34355
566,0.192
567,0.19266999999999998
568,0.07757
569,0.030969999999999998
570,0.0
571,0.0
572,0.0
573,0.0
574,0.0
575,0.0
576,0.0
577,0.0
578,0.0
579,0.0
580,0.0
581,0.0
582,0.00161
583,0.07751000000000001
584,0.18228
585,0.3003
586,0.4599
587,0.5593400000000001
588,0.54673
589,0.39731
590,0.30763
591,0.17407
592,0.08458
593,0.021920000000000002
594,0.0
595,0.0
596,0.0
597,0.0
598,0.0
599,0.0
600,0.0
601,0.0
602,0.0
603,0.0
604,0.0
605,0.0
606,0.00041
607,0.04536
608,0.12902000000000002
609,0.20836000000000002
610,0.32666
611,0.40574
612,0.4556
613,0.32603
614,0.24714
615,0.16973
616,0.13198
617,0.02438
618,0.0
619,0.0
620,0.0
621,0.0
622,0.0
623,0.0
624,0.0
625,0.0
626,0.0
627,0.0
628,0.0
629,0.0
630,0.0
631,0.05963
632,0.1739
633,0.31809
634,0.50116
635,0.56667
636,0.5205
637,0.58912
638,0.44617
639,0.34194
640,0.13825
641,0.04107
642,0.0
643,0.0
644,0.0
645,0.0
646,0.0
647,0.0
648,0.0
649,0.0
650,0.0
651,0.0
652,0.0
653,0.0
654,0.00115
655,0.06664
656,0.18838999999999997
657,0.32483
658,0.36623
659,0.55726
660,0.511
661,0.40852999999999995
662,0.26379
663,0.20206
664,0.1222
665,0.01604
666,0.0
667,0.0
668,0.0
669,0.0
670,0.0
671,0.0
672,0.0
673,0.0
674,0.0
675,0.0
676,0.0
677,0.0
678,0.00016
679,0.04441
680,0.17661000000000002
681,0.22769999999999999
682,0.41908999999999996
683,0.44606
684,0.47902
685,0.36219
686,0.42044
687,0.34301
688,0.16138
689,0.03673
690,0.0
691,0.0
692,0.0
693,0.0
694,0.0
695,0.0
696,0.0
697,0.0
698,0.0
699,0.0
700,0.0
701,0.0
702,0.0
703,0.02231
704,0.09777
705,0.28074
706,0.3773
707,0.42321
708,0.6272300000000001
709,0.50074
710,0.3394
711,0.3496
712,0.23334
713,0.06338
714,0.0
715,0.0
716,0.0
717,0.0
718,0.0
719,0.0
720,0.0
721,0.0
722,0.0
723,0.0
724,0.0
725,0.0
726,0.00017
727,0.0277
728,0.07551000000000001
729,0.1381
730,0.24633000000000002
731,0.21214
732,0.25735
733,0.25662999999999997
734,0.22683
735,0.36701
736,0.19166999999999998
737,0.054079999999999996
738,0.0
739,0.0
740,0.0
741,0.0
742,0.0
743,0.0
744,0.0
745,0.0
746,0.0
747,0.0
748,0.0
749,0.0
750,0.00133
751,0.06062
752,0.24158000000000002
753,0.14897
754,0.42881
755,0.6376499999999999
756,0.56892
757,0.55432
758,0.4592
759,0.28013
760,0.2164
761,0.07481
762,0.0
763,0.0
764,0.0
765,0.0
766,0.0
767,0.0
768,0.0
769,0.0
770,0.0
771,0.0
772,0.0
773,0.0
774,0.00076
775,0.03056
776,0.15824000000000002
777,0.28231
778,0.32377
779,0.50363
780,0.55068
781,0.46914
782,0.51318
783,0.41761000000000004
784,0.21312
785,0.03917
786,0.0
787,0.0
788,0.0
789,0.0
790,0.0
791,0.0
792,0.0
793,0.0
794,0.0
795,0.0
796,0.0
797,0.0
798,0.0
799,0.02262
800,0.09629
801,0.19919
802,0.23096
803,0.28076999999999996
804,0.35181
805,0.45474000000000003
806,0.47274
807,0.35374
808,0.14686000000000002
809,0.03527
810,0.0
811,0.0
812,0.0
813,0.0
814,0.0
815,0.0
816,0.0
817,0.0
818,0.0
819,0.0
820,0.0
821,0.0
822,0.0006
823,0.0404
824,0.10103
825,0.16969
826,0.22757
827,0.37107999999999997
828,0.42075999999999997
829,0.22785
830,0.19294
831,0.1628
832,0.0994
833,0.0434
834,0.0
835,0.0
836,0.0
837,0.0
838,0.0
839,0.0
840,0.0
841,0.0
842,0.0
843,0.0
844,0.0
845,0.0
846,0.0
847,0.0
848,0.02854
849,0.07614
850,0.10258
851,0.21033000000000002
852,0.18958000000000003
853,0.25139
854,0.22916999999999998
855,0.20253
856,0.12007
857,0.03687
858,0.0
859,0.0
860,0.0
861,0.0
862,0.0
863,0.0
864,0.0
865,0.0
866,0.0
867,0.0
868,0.0
869,0.0
870,0.0
871,0.0359
872,0.07143000000000001
873,0.10331
874,0.14106
875,0.09824
876,0.23781
877,0.19893
878,0.12165999999999999
879,0.13385
880,0.07061
881,0.01877
882,0.0
883,0.0
884,0.0
885,0.0
886,0.0
887,0.0
888,0.0
889,0.0
890,0.0
891,0.0
892,0.0
893,0.0
894,0.00057
895,0.05647
896,0.19976
897,0.25041
898,0.37010000000000004
899,0.5222
900,0.5589700000000001
901,0.57589
902,0.39688
903,0.29867
904,0.22779
905,0.040799999999999996
906,0.0
907,0.0
908,0.0
909,0.0
910,0.0
911,0.0
912,0.0
913,0.0
914,0.0
915,0.0
916,0.0
917,0.0
918,0.0
919,0.025160000000000002
920,0.1333
921,0.15161000000000002
922,0.28872000000000003
923,0.3432
924,0.37453
925,0.25467
926,0.27917000000000003
927,0.17817
928,0.08408
929,0.01298
930,0.0
931,0.0
932,0.0
933,0.0
934,0.0
935,0.0
936,0.0
937,0.0
938,0.0
939,0.0
940,0.0
941,0.0
942,0.0
943,0.01557
944,0.08136
945,0.07826999999999999
946,0.15519999999999998
947,0.15528999999999998
948,0.23382
949,0.38606
950,0.3521
951,0.23734
952,0.14278
953,0.05065
954,0.0
955,0.0
956,0.0
957,0.0
958,0.0
959,0.0
960,0.0
961,0.0
962,0.0
963,0.0
964,0.0
965,0.0
966,0.00108
967,0.026539999999999998
968,0.17492
969,0.18813999999999997
970,0.22674
971,0.30863
972,0.32644
973,0.23903
974,0.25022
975,0.15974000000000002
976,0.14531
977,0.04293
978,0.0
979,0.0
980,0.0
981,0.0
982,0.0
983,0.0
984,0.0
985,0.0
986,0.0
987,0.0
988,0.0
989,0.0
990,0.00095
991,0.05007
992,0.20091
993,0.31383
994,0.34431
995,0.49476
996,0.42069
997,0.41437
998,0.26085
999,0.18544999999999998
1000,0.12382
1001,0.01794
1002,0.0
1003,0.0
1004,0.0
1005,0.0
1006,0.0
1007,0.0
1008,0.0
1009,0.0
1010,0.0
1011,0.0
1012,0.0
1013,0.0
1014,0.0
1015,0.04212
1016,0.07953
1017,0.14013
1018,0.28108
1019,0.47948
1020,0.5953099999999999
1021,0.40014
1022,0.38672
1023,0.20649
1024,0.05644
1025,0.02206
1026,0.0
1027,0.0
1028,0.0
1029,0.0
1030,0.0
1031,0.0
1032,0.0
1033,0.0
1034,0.0
1035,0.0
1036,0.0
1037,0.0
1038,0.0007099999999999999
1039,0.03403
1040,0.08114
1041,0.2316
1042,0.24791
1043,0.50661
1044,0.52661
1045,0.47088
1046,0.44382
1047,0.21794
1048,0.11545
1049,0.01583
1050,0.0
1051,0.0
1052,0.0
1053,0.0
1054,0.0
1055,0.0
1056,0.0
1057,0.0
1058,0.0
1059,0.0
1060,0.0
1061,0.0
1062,0.0
1063,0.03275
1064,0.08757
1065,0.16807
1066,0.17248
1067,0.28926
1068,0.19106
1069,0.27901
1070,0.33369
1071,0.18897999999999998
1072,0.11197
1073,0.03128
1074,0.0
1075,0.0
1076,0.0
1077,0.0
1078,0.0
1079,0.0
1080,0.0
1081,0.0
1082,0.0
1083,0.0
1084,0.0
1085,0.0
1086,0.0
1087,0.047450000000000006
1088,0.15499000000000002
1089,0.20364
1090,0.26131
1091,0.25589
1092,0.48748
1093,0.41952999999999996
1094,0.35062
1095,0.29671
1096,0.15256999999999998
1097,0.0681
1098,0.0
1099,0.0
1100,0.0
1101,0.0
1102,0.0
1103,0.0
1104,0.0
1105,0.0
1106,0.0
1107,0.0
1108,0.0
1109,0.0
1110,0.0
1111,0.032659999999999995
1112,0.13288999999999998
1113,0.21164
1114,0.29208999999999996
1115,0.48879
1116,0.45465
1117,0.23358
1118,0.32277999999999996
1119,0.25366
1120,0.17042
1121,0.04114
1122,0.0
1123,0.0
1124,0.0
1125,0.0
1126,0.0
1127,0.0
1128,0.0
1129,0.0
1130,0.0
1131,0.0
1132,0.0
1133,0.0
1134,0.0
1135,0.0158
1136,0.08072
1137,0.1381
1138,0.26094
1139,0.29966000000000004
1140,0.26177999999999996
1141,0.36988
1142,0.32606
1143,0.28312
1144,0.10603
1145,0.039869999999999996
1146,0.0
1147,0.0
1148,0.0
1149,0.0
1150,0.0
1151,0.0
1152,0.0
1153,0.0
1154,0.0
1155,0.0
1156,0.0
1157,0.0
1158,0.00025
1159,0.04528
1160,0.21869
1161,0.26966
1162,0.30505
1163,0.31815
1164,0.52164
1165,0.45759
1166,0.30405
1167,0.21021
1168,0.13313
1169,0.07121
1170,0.0
1171,0.0
1172,0.0
1173,0.0
1174,0.0
1175,0.0
1176,0.0
1177,0.0
1178,0.0
1179,0.0
1180,0.0
1181,0.0
1182,0.0
1183,0.02857
1184,0.11889
1185,0.17690999999999998
1186,0.15419999999999998
1187,0.19766
1188,0.35968
1189,0.48799000000000003
1190,0.30643
1191,0.2206
1192,0.142
1193,0.04661
1194,0.0
1195,0.0
1196,0.0
1197,0.0
1198,0.0
1199,0.0
1200,0.0
1201,0.0
1202,0.0
1203,0.0
1204,0.0
1205,0.0
1206,0.0
1207,0.0077
1208,0.026940000000000002
1209,0.04058
1210,0.03825
1211,0.054630000000000005
1212,0.11148000000000001
1213,0.17263
1214,0.20254
1215,0.13777
1216,0.10796
1217,0.03886
1218,0.0
1219,0.0
1220,0.0
1221,0.0
1222,0.0
1223,0.0
1224,0.0
1225,0.0
1226,0.0
1227,0.0
1228,0.0
1229,0.0
1230,0.00102
1231,0.03013
1232,0.08984
1233,0.19937
1234,0.29367000000000004
1235,0.42992
1236,0.37091
1237,0.37395
1238,0.1953
1239,0.19838
1240,0.10929000000000001
1241,0.02621
1242,0.0
1243,0.0
1244,0.0
1245,0.0
1246,0.0
1247,0.0
1248,0.0
1249,0.0
1250,0.0
1251,0.0
1252,0.0
1253,0.0
1254,0.00123
1255,0.044039999999999996
1256,0.13858
1257,0.20874
1258,0.39452
1259,0.58624
1260,0.52001
1261,0.33598
1262,0.33732999999999996
1263,0.22551
1264,0.09764
1265,0.01636
1266,0.0
1267,0.0
1268,0.0
1269,0.0
1270,0.0
1271,0.0
1272,0.0
1273,0.0
1274,0.0
1275,0.0
1276,0.0
1277,0.0
1278,0.0
1279,0.02325
1280,0.08103
1281,0.1665
1282,0.21234
1283,0.24266
1284,0.32080000000000003
1285,0.33252
1286,0.24872
1287,0.24669999999999997
1288,0.10892
1289,0.02754
1290,0.0
1291,0.0
1292,0.0
1293,0.0
1294,0.0
1295,0.0
1296,0.0
1297,0.0
1298,0.0
1299,0.0
1300,0.0
1301,0.0
1302,0.0023799999999999997
1303,0.09729
1304,0.19578
1305,0.41573000000000004
1306,0.45550999999999997
1307,0.60233
1308,0.5375800000000001
1309,0.62275
1310,0.4828
1311,0.28213
1312,0.13792
1313,0.049479999999999996
1314,0.0
1315,0.0
1316,0.0
1317,0.0
1318,0.0
1319,0.0
1320,0.0
1321,0.0
1322,0.0
1323,0.0
1324,0.0
1325,0.0
1326,0.00113
1327,0.04632
1328,0.09677
1329,0.13508
1330,0.21146
1331,0.25293
1332,0.30386
1333,0.40826999999999997
1334,0.31485
1335,0.24538
1336,0.09161
1337,0.01747
1338,0.0
1339,0.0
1340,0.0
1341,0.0
1342,0.0
1343,0.0
1344,0.0
1345,0.0
1346,0.0
1347,0.0
1348,0.0
1349,0.0
1350,0.0
1351,0.017070000000000002
1352,0.06142
1353,0.07645
1354,0.12786
1355,0.3105
1356,0.31177999999999995
1357,0.27911
1358,0.31425
1359,0.16157
1360,0.10565000000000001
1361,0.02067
1362,0.0
1363,0.0
1364,0.0
1365,0.0
1366,0.0
1367,0.0
1368,0.0
1369,0.0
1370,0.0
1371,0.0
1372,0.0
1373,0.0
1374,0.00269
1375,0.047810000000000005
1376,0.15211000000000002
1377,0.23939
1378,0.29484
1379,0.45411
1380,0.41164
1381,0.424
1382,0.33514
1383,0.21733000000000002
1384,0.11671
1385,0.03555
1386,0.0
1387,0.0
1388,0.0
1389,0.0
1390,0.0
1391,0.0
1392,0.0
1393,0.0
1394,0.0
1395,0.0
1396,0.0
1397,0.0
1398,0.00225
1399,0.04621
1400,0.13127
1401,0.25725
1402,0.30557
1403,0.5135299999999999
1404,0.58576
1405,0.5535599999999999
1406,0.43571
1407,0.32371
1408,0.24735
1409,0.05207
1410,0.0
1411,0.0
1412,0.0
1413,0.0
1414,0.0
1415,0.0
1416,0.0
1417,0.0
1418,0.0
1419,0.0
1420,0.0
1421,0.0
1422,0.0
1423,0.02606
1424,0.04307
1425,0.11349
1426,0.24316
1427,0.28817000000000004
1428,0.45996
1429,0.32427
1430,0.37442000000000003
1431,0.20778
1432,0.13998
1433,0.04562
1434,0.0
1435,0.0
1436,0.0
1437,0.0
1438,0.0
1439,0.0
1440,0.0
1441,0.0
1442,0.0
1443,0.0
1444,0.0
1445,0.0
1446,0.00147
1447,0.03868
1448,0.1462
1449,0.39194999999999997
1450,0.46297000000000005
1451,0.60551
1452,0.65575
1453,0.44756999999999997
1454,0.29728
1455,0.12104999999999999
1456,0.07155
1457,0.00821
1458,0.0
1459,0.0
1460,0.0
1461,0.0
1462,0.0
1463,0.0
1464,0.0
1465,0.0
1466,0.0
1467,0.0
1468,0.0
1469,0.0
1470,0.0007700000000000001
1471,0.041159999999999995
1472,0.11464
1473,0.26754
1474,0.34758
1475,0.2617
1476,0.15768000000000001
1477,0.29149
1478,0.19835
1479,0.11169
1480,0.05112
1481,0.01236
1482,0.0
1483,0.0
1484,0.0
1485,0.0
1486,0.0
1487,0.0
1488,0.0
1489,0.0
1490,0.0
1491,0.0
1492,0.0
1493,0.0
1494,0.0030800000000000003
1495,0.05595
1496,0.22328
1497,0.36077
1498,0.37912
1499,0.47378
1500,0.41613
1501,0.57553
1502,0.40947
1503,0.32281
1504,0.13712
1505,0.039869999999999996
1506,0.0
1507,0.0
1508,0.0
1509,0.0
1510,0.0
1511,0.0
1512,0.0
1513,0.0
1514,0.0
1515,0.0
1516,0.0
1517,0.0
1518,7.000000000000001e-05
1519,0.03102
1520,0.07388
1521,0.10781
1522,0.20005
1523,0.19211
1524,0.35384
1525,0.29691
1526,0.25839999999999996
1527,0.21905000000000002
1528,0.13784
1529,0.04818
1530,0.0
1531,0.0
1532,0.0
1533,0.0
1534,0.0
1535,0.0
1536,0.0
1537,0.0
1538,0.0
1539,0.0
1540,0.0
1541,0.0
1542,0.00101
1543,0.033299999999999996
1544,0.10925
1545,0.18087999999999999
1546,0.31537
1547,0.28034
1548,0.40743
1549,0.27161
1550,0.16566999999999998
1551,0.09555
1552,0.1033
1553,0.02477
1554,0.0
1555,0.0
1556,0.0
1557,0.0
1558,0.0
1559,0.0
1560,0.0
1561,0.0
1562,0.0
1563,0.0
1564,0.0
1565,0.0
1566,0.0012
1567,0.02907
1568,0.1186
1569,0.20143
1570,0.30716000000000004
1571,0.30857999999999997
1572,0.38789999999999997
1573,0.50155
1574,0.39068
1575,0.15600999999999998
1576,0.09061
1577,0.01816
1578,0.0
1579,0.0
1580,0.0
1581,0.0
1582,0.0
1583,0.0
1584,0.0
1585,0.0
1586,0.0
1587,0.0
1588,0.0
1589,0.0
1590,0.0007700000000000001
1591,0.04044
1592,0.2009
1593,0.24123
1594,0.26911
1595,0.40570999999999996
1596,0.50457
1597,0.43045999999999995
1598,0.35927
1599,0.31169
1600,0.10929000000000001
1601,0.021670000000000002
1602,0.0
1603,0.0
1604,0.0
1605,0.0
1606,0.0
1607,0.0
1608,0.0
1609,0.0
1610,0.0
1611,0.0
1612,0.0
1613,0.0
1614,0.00044
1615,0.041159999999999995
1616,0.18212
1617,0.30961
1618,0.38845999999999997
1619,0.4631
1620,0.45121
1621,0.24986000000000003
1622,0.19141999999999998
1623,0.15128
1624,0.08697
1625,0.0395
1626,0.0
1627,0.0
1628,0.0
1629,0.0
1630,0.0
1631,0.0
1632,0.0
1633,0.0
1634,0.0
1635,0.0
1636,0.0
1637,0.0
1638,0.0
1639,0.03871
1640,0.091
1641,0.27347000000000005
1642,0.32979
1643,0.39698
1644,0.33963
1645,0.32272
1646,0.26588
1647,0.10959
1648,0.03693
1649,0.012199999999999999
1650,0.0
1651,0.0
1652,0.0
1653,0.0
1654,0.0
1655,0.0
1656,0.0
1657,0.0
1658,0.0
1659,0.0
1660,0.0
1661,0.0
1662,0.00213
1663,0.06283
1664,0.18621000000000001
1665,0.19823
1666,0.40524
1667,0.47570999999999997
1668,0.50837
1669,0.3967
1670,0.29128
1671,0.20571
1672,0.07676000000000001
1673,0.028730000000000002
1674,0.0
1675,0.0
1676,0.0
1677,0.0
1678,0.0
1679,0.0
1680,0.0
1681,0.0
1682,0.0
1683,0.0
1684,0.0
1685,0.0
1686,0.004860000000000001
1687,0.0696
1688,0.18037
1689,0.32232
1690,0.3722
1691,0.56199
1692,0.48702
1693,0.36383
1694,0.37566000000000005
1695,0.20538
1696,0.11375
1697,0.01549
1698,0.0
1699,0.0
1700,0.0
1701,0.0
1702,0.0
1703,0.0
1704,0.0
1705,0.0
1706,0.0
1707,0.0
1708,0.0
1709,0.0
1710,0.00447
1711,0.07443999999999999
1712,0.31123
1713,0.50371
1714,0.57396
1715,0.62952
1716,0.5583899999999999
1717,0.37145
1718,0.20085
1719,0.12315999999999999
1720,0.06526
1721,0.0067599999999999995
1722,0.0
1723,0.0
1724,0.0
1725,0.0
1726,0.0
1727,0.0
1728,0.0
1729,0.0
1730,0.0
1731,0.0
1732,0.0
1733,0.0
1734,0.00064
1735,0.05034
1736,0.25254
1737,0.36757999999999996
1738,0.34651
1739,0.32672
1740,0.43557
1741,0.37977
1742,0.25738
1743,0.22182
1744,0.14155
1745,0.02674
1746,0.0
1747,0.0
1748,0.0
1749,0.0
1750,0.0
1751,0.0
1752,0.0
1753,0.0
1754,0.0
1755,0.0
1756,0.0
1757,0.0
1758,0.00075
1759,0.02891
1760,0.13804
1761,0.19640000000000002
1762,0.26766
1763,0.28141000000000005
1764,0.37857
1765,0.52561
1766,0.37468
1767,0.27191000000000004
1768,0.07833
1769,0.04957
1770,0.0
1771,0.0
1772,0.0
1773,0.0
1774,0.0
1775,0.0
1776,0.0
1777,0.0
1778,0.0
1779,0.0
1780,0.0
1781,0.0
1782,0.00108
1783,0.08186
1784,0.19365000000000002
1785,0.2756
1786,0.29495
1787,0.41992
1788,0.3649
1789,0.409
1790,0.34776
1791,0.15381
1792,0.11245999999999999
1793,0.03664
1794,0.0
1795,0.0
1796,0.0
1797,0.0
1798,0.0
1799,0.0
1800,0.0
1801,0.0
1802,0.0
1803,0.0
1804,0.0
1805,0.0
1806,0.0
1807,0.00704
1808,0.00933
1809,0.01856
1810,0.03897
1811,0.056119999999999996
1812,0.10177
1813,0.21076
1814,0.10664
1815,0.08678
1816,0.038869999999999995
1817,0.01209
1818,0.0
1819,0.0
1820,0.0
1821,0.0
1822,0.0
1823,0.0
1824,0.0
1825,0.0
1826,0.0
1827,0.0
1828,0.0
1829,0.0
1830,0.0009699999999999999
1831,0.02582
1832,0.05731
1833,0.04611
1834,0.13756000000000002
1835,0.20898
1836,0.15938999999999998
1837,0.22147999999999998
1838,0.26799
1839,0.18375
1840,0.10452
1841,0.02336
1842,0.0
1843,0.0
1844,0.0
1845,0.0
1846,0.0
1847,0.0
1848,0.0
1849,0.0
1850,0.0
1851,0.0
1852,0.0
1853,0.0
1854,0.004019999999999999
1855,0.0669
1856,0.2382
1857,0.30943
1858,0.44022
1859,0.5290900000000001
1860,0.51027
1861,0.36597
1862,0.29392
1863,0.28742
1864,0.16141
1865,0.0233
1866,0.0
1867,0.0
1868,0.0
1869,0.0
1870,0.0
1871,0.0
1872,0.0
1873,0.0
1874,0.0
1875,0.0
1876,0.0
1877,0.0
1878,0.00663
1879,0.08237
1880,0.19511
1881,0.24546
1882,0.38165
1883,0.48064999999999997
1884,0.53377
1885,0.36583
1886,0.26967
1887,0.12013
1888,0.09031
1889,0.02133
1890,0.0
1891,0.0
1892,0.0
1893,0.0
1894,0.0
1895,0.0
1896,0.0
1897,0.0
1898,0.0
1899,0.0
1900,0.0
1901,0.0
1902,0.00131
1903,0.04303
1904,0.11273999999999999
1905,0.19221000000000002
1906,0.30334
1907,0.49023
1908,0.37411
1909,0.44060000000000005
1910,0.28229000000000004
1911,0.18934
1912,0.10563
1913,0.0224
1914,0.0
1915,0.0
1916,0.0
1917,0.0
1918,0.0
1919,0.0
1920,0.0
1921,0.0
1922,0.0
1923,0.0
1924,0.0
1925,0.0
1926,0.0034500000000000004
1927,0.1057
1928,0.20132
1929,0.325
1930,0.47134
1931,0.40914999999999996
1932,0.46736
1933,0.31938
1934,0.27843
1935,0.238
1936,0.17047
1937,0.040310000000000006
1938,0.0
1939,0.0
1940,0.0
1941,0.0
1942,0.0
1943,0.0
1944,0.0
1945,0.0
1946,0.0
1947,0.0
1948,0.0
1949,0.0
1950,0.0008
1951,0.03382
1952,0.12799
1953,0.29995
1954,0.39273
1955,0.54344
1956,0.67488
1957,0.55333
1958,0.43960000000000005
1959,0.37873
1960,0.15094
1961,0.055170000000000004
1962,0.0
1963,0.0
1964,0.0
1965,0.0
1966,0.0
1967,0.0
1968,0.0
1969,0.0
1970,0.0
1971,0.0
1972,0.0
1973,0.0
1974,0.00116
1975,0.07062
1976,0.15671000000000002
1977,0.30926
1978,0.38147000000000003
1979,0.5681499999999999
1980,0.53846
1981,0.35612
1982,0.43507999999999997
1983,0.32969
1984,0.14396
1985,0.03589
1986,0.0
1987,0.0
1988,0.0
1989,0.0
1990,0.0
1991,0.0
1992,0.0
1993,0.0
1994,0.0
1995,0.0
1996,0.0
1997,0.0
1998,0.0
1999,0.03753
2000,0.0842
2001,0.16316999999999998
2002,0.19568000000000002
2003,0.26612
2004,0.38837
2005,0.24456
2006,0.25067
2007,0.20965999999999999
2008,0.15478
2009,0.03279
2010,0.0
2011,0.0
2012,0.0
2013,0.0
2014,0.0
2015,0.0
2016,0.0
2017,0.0
2018,0.0
2019,0.0
2020,0.0
2021,0.0
2022,0.00196
2023,0.03706
2024,0.11737
2025,0.20493
2026,0.27288999999999997
2027,0.27791000000000005
2028,0.38276
2029,0.39344
2030,0.32377
2031,0.19403
2032,0.09112
2033,0.0249
2034,0.0
2035,0.0
2036,0.0
2037,0.0
2038,0.0
2039,0.0
2040,0.0
2041,0.0
2042,0.0
2043,0.0
2044,0.0
2045,0.0
2046,0.00614
2047,0.09623999999999999
2048,0.23885
2049,0.26112
2050,0.5184
2051,0.54201
2052,0.5982000000000001
2053,0.47726999999999997
2054,0.3775
2055,0.3496
2056,0.14837
2057,0.048409999999999995
2058,0.0
2059,0.0
2060,0.0
2061,0.0
2062,0.0
2063,0.0
2064,0.0
2065,0.0
2066,0.0
2067,0.0
2068,0.0
2069,0.0
2070,0.0023599999999999997
2071,0.045340000000000005
2072,0.10537
2073,0.18553
2074,0.29231999999999997
2075,0.3403
2076,0.47329000000000004
2077,0.35951
2078,0.37060000000000004
2079,0.29128
2080,0.12583
2081,0.03811
2082,0.0
2083,0.0
2084,0.0
2085,0.0
2086,0.0
2087,0.0
2088,0.0
2089,0.0
2090,0.0
2091,0.0
2092,0.0
2093,0.0
2094,0.0009599999999999999
2095,0.06805
2096,0.12074
2097,0.15962
2098,0.3475
2099,0.40839
2100,0.46664999999999995
2101,0.47417000000000004
2102,0.30649
2103,0.23358
2104,0.13855
2105,0.03309
2106,0.0
2107,0.0
2108,0.0
2109,0.0
2110,0.0
2111,0.0
2112,0.0
2113,0.0
2114,0.0
2115,0.0
2116,0.0
2117,0.0
2118,0.001
2119,0.0492
2120,0.09744
2121,0.1875
2122,0.30707999999999996
2123,0.48443
2124,0.58309
2125,0.44459
2126,0.3123
2127,0.21694999999999998
2128,0.06923
2129,0.022969999999999997
2130,0.0
2131,0.0
2132,0.0
2133,0.0
2134,0.0
2135,0.0
2136,0.0
2137,0.0
2138,0.0
2139,0.0
2140,0.0
2141,0.0
2142,0.00047
2143,0.018609999999999998
2144,0.05201
2145,0.04809
2146,0.08070000000000001
2147,0.11698
2148,0.10592
2149,0.25202
2150,0.25930000000000003
2151,0.20029
2152,0.1453
2153,0.0293
2154,0.0
2155,0.0
2156,0.0
2157,0.0
2158,0.0
2159,0.0
2160,0.0
2161,0.0
2162,0.0
2163,0.0
2164,0.0
2165,0.0
2166,0.00754
2167,0.08418
2168,0.28113
2169,0.40825
2170,0.51078
2171,0.62661
2172,0.64923
2173,0.50607
2174,0.29698
2175,0.19942
2176,0.03832
2177,0.019600000000000003
2178,0.0
2179,0.0
2180,0.0
2181,0.0
2182,0.0
2183,0.0
2184,0.0
2185,0.0
2186,0.0
2187,0.0
2188,0.0
2189,0.0
2190,0.0087
2191,0.11233
2192,0.19641
2193,0.43142
2194,0.46226999999999996
2195,0.58027
2196,0.49307
2197,0.29961
2198,0.29223000000000005
2199,0.1675
2200,0.11167
2201,0.01729
2202,0.0
2203,0.0
2204,0.0
2205,0.0
2206,0.0
2207,0.0
2208,0.0
2209,0.0
2210,0.0
2211,0.0
2212,0.0
2213,0.0
2214,0.00856
2215,0.08538
2216,0.20093
2217,0.29502999999999996
2218,0.36171
2219,0.45212
2220,0.38412999999999997
2221,0.37794
2222,0.37011
2223,0.32099
2224,0.17317
2225,0.04131
2226,0.0
2227,0.0
2228,0.0
2229,0.0
2230,0.0
2231,0.0
2232,0.0
2233,0.0
2234,0.0
2235,0.0
2236,0.0
2237,0.0
2238,0.00299
2239,0.03129
2240,0.08699
2241,0.11544
2242,0.24176
2243,0.22931
2244,0.20185
2245,0.14931999999999998
2246,0.12913
2247,0.08604
2248,0.0765
2249,0.01375
2250,0.0
2251,0.0
2252,0.0
2253,0.0
2254,0.0
2255,0.0
2256,0.0
2257,0.0
2258,0.0
2259,0.0
2260,0.0
2261,0.0
2262,0.00907
2263,0.07801000000000001
2264,0.23465
2265,0.24872999999999998
2266,0.37266000000000005
2267,0.46167
2268,0.25194
2269,0.48918
2270,0.34536
2271,0.20295
2272,0.07881
2273,0.0085
2274,0.0
2275,0.0
2276,0.0
2277,0.0
2278,0.0
2279,0.0
2280,0.0
2281,0.0
2282,0.0
2283,0.0
2284,0.0
2285,0.0
2286,0.0008100000000000001
2287,0.020239999999999998
2288,0.054509999999999996
2289,0.08388
2290,0.06149
2291,0.08502
2292,0.12578
2293,0.25154
2294,0.18584
2295,0.12484
2296,0.10123
2297,0.028140000000000002
2298,0.0
2299,0.0
2300,0.0
2301,0.0
2302,0.0
2303,0.0
2304,0.0
2305,0.0
2306,0.0
2307,0.0
2308,0.0
2309,0.0
2310,0.008369999999999999
2311,0.09390000000000001
2312,0.22932
2313,0.36357999999999996
2314,0.5270499999999999
2315,0.43762
2316,0.38719
2317,0.54747
2318,0.49516000000000004
2319,0.35875999999999997
2320,0.16816
2321,0.04692
2322,0.0
2323,0.0
2324,0.0
2325,0.0
2326,0.0
2327,0.0
2328,0.0
2329,0.0
2330,0.0
2331,0.0
2332,0.0
2333,0.0
2334,0.0043
2335,0.0659
2336,0.21700999999999998
2337,0.31083
2338,0.42695
2339,0.45367
2340,0.5631900000000001
2341,0.35008999999999996
2342,0.40243
2343,0.22998
2344,0.14418
2345,0.03144
2346,0.0
2347,0.0
2348,0.0
2349,0.0
2350,0.0
2351,0.0
2352,0.0
2353,0.0
2354,0.0
2355,0.0
2356,0.0
2357,0.0
2358,0.0074199999999999995
2359,0.07809
2360,0.17267
2361,0.23855
2362,0.33952
2363,0.39057
2364,0.4214
2365,0.40044
2366,0.33738
2367,0.19887
2368,0.08649
2369,0.019
2370,0.0
2371,0.0
2372,0.0
2373,0.0
2374,0.0
2375,0.0
2376,0.0
2377,0.0
2378,0.0
2379,0.0
2380,0.0
2381,0.0
2382,0.00874
2383,0.07573
2384,0.24493
2385,0.32796
2386,0.47173000000000004
2387,0.43001
2388,0.36613
2389,0.41337
2390,0.27937
2391,0.13832
2392,0.049909999999999996
2393,0.01111
2394,0.0
2395,0.0
2396,0.0
2397,0.0
2398,0.0
2399,0.0
2400,0.0
2401,0.0
2402,0.0
2403,0.0
2404,0.0
2405,0.0
2406,0.0
2407,0.01559
2408,0.061950000000000005
2409,0.11383
2410,0.18162
2411,0.02937
2412,0.09218000000000001
2413,0.16516999999999998
2414,0.07388
2415,0.06609000000000001
2416,0.03682
2417,0.01018
2418,0.0
2419,0.0
2420,0.0
2421,0.0
2422,0.0
2423,0.0
2424,0.0
2425,0.0
2426,0.0
2427,0.0
2428,0.0
2429,0.0
2430,0.00316
2431,0.0404
2432,0.12604
2433,0.25122
2434,0.32421
2435,0.47058999999999995
2436,0.42831
2437,0.55836
2438,0.50284
2439,0.26287
2440,0.09359999999999999
2441,0.00982
2442,0.0
2443,0.0
2444,0.0
2445,0.0
2446,0.0
2447,0.0
2448,0.0
2449,0.0
2450,0.0
2451,0.0
2452,0.0
2453,0.0
2454,0.0064
2455,0.10301
2456,0.2526
2457,0.23996
2458,0.50948
2459,0.50097
2460,0.51141
2461,0.50888
2462,0.34492
2463,0.11448
2464,0.07915000000000001
2465,0.02001
2466,0.0
2467,0.0
2468,0.0
2469,0.0
2470,0.0
2471,0.0
2472,0.0
2473,0.0
2474,0.0
2475,0.0
2476,0.0
2477,0.0
2478,0.0024100000000000002
2479,0.03743
2480,0.13671
2481,0.15863999999999998
2482,0.36577
2483,0.37033
2484,0.24123
2485,0.50445
2486,0.33735000000000004
2487,0.20883000000000002
2488,0.11483
2489,0.02212
2490,0.0
2491,0.0
2492,0.0
2493,0.0
2494,0.0
2495,0.0
2496,0.0
2497,0.0
2498,0.0
2499,0.0
2500,0.0
2501,0.0
2502,0.0011799999999999998
2503,0.040310000000000006
2504,0.13885
2505,0.21131999999999998
2506,0.44132
2507,0.5022099999999999
2508,0.5152
2509,0.3911
2510,0.44298000000000004
2511,0.2548
2512,0.17408
2513,0.02524
2514,0.0
2515,0.0
2516,0.0
2517,0.0
2518,0.0
2519,0.0
2520,0.0
2521,0.0
2522,0.0
2523,0.0
2524,0.0
2525,0.0
2526,0.0073
2527,0.09729
2528,0.14915
2529,0.26038
2530,0.36238
2531,0.32817
2532,0.42223
2533,0.38369
2534,0.36051
2535,0.25683
2536,0.08803
2537,0.01115
2538,0.0
2539,0.0
2540,0.0
2541,0.0
2542,0.0
2543,0.0
2544,0.0
2545,0.0
2546,0.0
2547,0.0
2548,0.0
2549,0.0
2550,0.01119
2551,0.06364
2552,0.13907
2553,0.2647
2554,0.46527999999999997
2555,0.5365800000000001
2556,0.61107
2557,0.62451
2558,0.54303
2559,0.29725
2560,0.1975
2561,0.04654
2562,0.0
2563,0.0
2564,0.0
2565,0.0
2566,0.0
2567,0.0
2568,0.0
2569,0.0
2570,0.0
2571,0.0
2572,0.0
2573,0.0
2574,0.01274
2575,0.12049
2576,0.28542
2577,0.46961
2578,0.5982799999999999
2579,0.6011299999999999
2580,0.60527
2581,0.53972
2582,0.45054
2583,0.31964
2584,0.1175
2585,0.00951
2586,0.0
2587,0.0
2588,0.0
2589,0.0
2590,0.0
2591,0.0
2592,0.0
2593,0.0
2594,0.0
2595,0.0
2596,0.0
2597,0.0
2598,0.00596
2599,0.05098
2600,0.14964
2601,0.13526
2602,0.08677
2603,0.07847
2604,0.09679
2605,0.21953
2606,0.2696
2607,0.13674
2608,0.04872
2609,0.027219999999999998
2610,0.0
2611,0.0
2612,0.0
2613,0.0
2614,0.0
2615,0.0
2616,0.0
2617,0.0
2618,0.0
2619,0.0
2620,0.0
2621,0.0
2622,0.00919
2623,0.06620999999999999
2624,0.12548
2625,0.30148
2626,0.40166
2627,0.47823000000000004
2628,0.41828
2629,0.40826
2630,0.34097000000000005
2631,0.33463
2632,0.16161
2633,0.02154
2634,0.0
2635,0.0
2636,0.0
2637,0.0
2638,0.0
2639,0.0
2640,0.0
2641,0.0
2642,0.0
2643,0.0
2644,0.0
2645,0.0
2646,0.00209
2647,0.03351
2648,0.0613
2649,0.12090999999999999
2650,0.2499
2651,0.24372
2652,0.24408000000000002
2653,0.28842
2654,0.29648
2655,0.24037999999999998
2656,0.17609
2657,0.05168
2658,0.0
2659,0.0
2660,0.0
2661,0.0
2662,0.0
2663,0.0
2664,0.0
2665,0.0
2666,0.0
2667,0.0
2668,0.0
2669,0.0
2670,0.013980000000000001
2671,0.10157
2672,0.21894
2673,0.33704
2674,0.4735
2675,0.43241
2676,0.47056
2677,0.44724
2678,0.40296
2679,0.2024
2680,0.13051
2681,0.027149999999999997
2682,0.0
2683,0.0
2684,0.0
2685,0.0
2686,0.0
2687,0.0
2688,0.0
2689,0.0
2690,0.0
2691,0.0
2692,0.0
2693,0.0
2694,0.007940000000000001
2695,0.06268
2696,0.14608000000000002
2697,0.14711000000000002
2698,0.25783999999999996
2699,0.21306999999999998
2700,0.33793
2701,0.27247000000000005
2702,0.25610000000000005
2703,0.14759
2704,0.07518999999999999
2705,0.01448
2706,0.0
2707,0.0
2708,0.0
2709,0.0
2710,0.0
2711,0.0
2712,0.0
2713,0.0
2714,0.0
2715,0.0
2716,0.0
2717,0.0
2718,0.00095
2719,0.018670000000000003
2720,0.07009
2721,0.18334
2722,0.19565000000000002
2723,0.30252999999999997
2724,0.40143
2725,0.14565
2726,0.18564
2727,0.08973
2728,0.03748
2729,0.00618
2730,0.0
2731,0.0
2732,0.0
2733,0.0
2734,0.0
2735,0.0
2736,0.0
2737,0.0
2738,0.0
2739,0.0
2740,0.0
2741,0.0
2742,0.0007099999999999999
2743,0.00658
2744,0.03507
2745,0.07162
2746,0.07568000000000001
2747,0.08472
2748,0.10719
2749,0.13535
2750,0.19988
2751,0.08325
2752,0.05019
2753,0.01255
2754,0.0
2755,0.0
2756,0.0
2757,0.0
2758,0.0
2759,0.0
2760,0.0
2761,0.0
2762,0.0
2763,0.0
2764,0.0
2765,0.0
2766,0.00061
2767,0.026269999999999998
2768,0.05756
2769,0.10086
2770,0.17346
2771,0.15955000000000003
2772,0.23163999999999998
2773,0.22015
2774,0.12235
2775,0.05596
2776,0.041100000000000005
2777,0.00528
2778,0.0
2779,0.0
2780,0.0
2781,0.0
2782,0.0
2783,0.0
2784,0.0
2785,0.0
2786,0.0
2787,0.0
2788,0.0
2789,0.0
2790,0.0047599999999999995
2791,0.05697
2792,0.10295
2793,0.13388
2794,0.17933000000000002
2795,0.25228
2796,0.40143
2797,0.41716000000000003
2798,0.35206
2799,0.16579
2800,0.06468
2801,0.01018
2802,0.0
2803,0.0
2804,0.0
2805,0.0
2806,0.0
2807,0.0
2808,0.0
2809,0.0
2810,0.0
2811,0.0
2812,0.0
2813,0.0
2814,0.00123
2815,0.02172
2816,0.04328
2817,0.08567
2818,0.10754999999999999
2819,0.14347
2820,0.08327
2821,0.1266
2822,0.10637
2823,0.07013
2824,0.02836
2825,0.0020099999999999996
2826,0.0
2827,0.0
2828,0.0
2829,0.0
2830,0.0
2831,0.0
2832,0.0
2833,0.0
2834,0.0
2835,0.0
2836,0.0
2837,0.0
2838,0.0043
2839,0.00912
2840,0.04506
2841,0.09914
2842,0.18286000000000002
2843,0.25906999999999997
2844,0.19362000000000001
2845,0.32153
2846,0.24106
2847,0.16857
2848,0.10739
2849,0.02181
2850,0.0
2851,0.0
2852,0.0
2853,0.0
2854,0.0
2855,0.0
2856,0.0
2857,0.0
2858,0.0
2859,0.0
2860,0.0
2861,0.0
2862,0.01779
2863,0.1365
2864,0.25511
2865,0.39454
2866,0.42952999999999997
2867,0.59868
2868,0.63491
2869,0.49905
2870,0.36943
2871,0.1377
2872,0.11
2873,0.02133
2874,0.0
2875,0.0
2876,0.0
2877,0.0
2878,0.0
2879,0.0
2880,0.0
2881,0.0
2882,0.0
2883,0.0
2884,0.0
2885,0.0
2886,0.00743
2887,0.06534000000000001
2888,0.11683
2889,0.22619
2890,0.35326
2891,0.27176999999999996
2892,0.41948
2893,0.36601
2894,0.25847000000000003
2895,0.14727
2896,0.06570000000000001
2897,0.01129
2898,0.0
2899,0.0
2900,0.0
2901,0.0
2902,0.0
2903,0.0
2904,0.0
2905,0.0
2906,0.0
2907,0.0
2908,0.0
2909,0.0
2910,0.005019999999999999
2911,0.04304
2912,0.11739
2913,0.10518999999999999
2914,0.16163999999999998
2915,0.21552000000000002
2916,0.22743
2917,0.33674
2918,0.15078999999999998
2919,0.14586000000000002
2920,0.038880000000000005
2921,0.0182
2922,0.0
2923,0.0
2924,0.0
2925,0.0
2926,0.0
2927,0.0
2928,0.0
2929,0.0
2930,0.0
2931,0.0
2932,0.0
2933,0.0
2934,0.00213
2935,0.01632
2936,0.06892
2937,0.08415
2938,0.08027
2939,0.16937
2940,0.14984
2941,0.04478
2942,0.03574
2943,0.01727
2944,0.01216
2945,0.00337
2946,0.0
2947,0.0
2948,0.0
2949,0.0
2950,0.0
2951,0.0
2952,0.0
2953,0.0
2954,0.0
2955,0.0
2956,0.0
2957,0.0
2958,0.00709
2959,0.10959
2960,0.19379
2961,0.36275999999999997
2962,0.26189999999999997
2963,0.43787
2964,0.45913
2965,0.5852200000000001
2966,0.45896
2967,0.29317000000000004
2968,0.12716
2969,0.01759
2970,0.0
2971,0.0
2972,0.0
2973,0.0
2974,0.0
2975,0.0
2976,0.0
2977,0.0
2978,0.0
2979,0.0
2980,0.0
2981,0.0
2982,0.00411
2983,0.07887999999999999
2984,0.24174
2985,0.31427
2986,0.4786
2987,0.58661
2988,0.6433
2989,0.38393
2990,0.38289999999999996
2991,0.25466
2992,0.10819
2993,0.01391
2994,0.0
2995,0.0
2996,0.0
2997,0.0
2998,0.0
2999,0.0
3000,0.0
3001,0.0
3002,0.0
3003,0.0
3004,0.0
3005,0.0
3006,0.004860000000000001
3007,0.052450000000000004
3008,0.18996000000000002
3009,0.22316
3010,0.31566000000000005
3011,0.33175
3012,0.49679
3013,0.53331
3014,0.38489
3015,0.21269
3016,0.18288
3017,0.04021
3018,0.0
3019,0.0
3020,0.0
3021,0.0
3022,0.0
3023,0.0
3024,0.0
3025,0.0
3026,0.0
3027,0.0
3028,0.0
3029,0.0
3030,0.01469
3031,0.12849000000000002
3032,0.23041
3033,0.36067
3034,0.47152999999999995
3035,0.50739
3036,0.39148
3037,0.44808
3038,0.33494999999999997
3039,0.26106
3040,0.11843000000000001
3041,0.01779
3042,0.0
3043,0.0
3044,0.0
3045,0.0
3046,0.0
3047,0.0
3048,0.0
3049,0.0
3050,0.0
3051,0.0
3052,0.0
3053,0.0
3054,0.00826
3055,0.05256
3056,0.14193
3057,0.31325
3058,0.46308
3059,0.38406
3060,0.5128400000000001
3061,0.34251
3062,0.39824
3063,0.28431
3064,0.16708
3065,0.02479
3066,0.0
3067,0.0
3068,0.0
3069,0.0
3070,0.0
3071,0.0
3072,0.0
3073,0.0
3074,0.0
3075,0.0
3076,0.0
3077,0.0
3078,0.01855
3079,0.0858
3080,0.20317
3081,0.27945
3082,0.40536
3083,0.40288
3084,0.42955
3085,0.45733999999999997
3086,0.45721
3087,0.24059
3088,0.13445
3089,0.03338
3090,0.0
3091,0.0
3092,0.0
3093,0.0
3094,0.0
3095,0.0
3096,0.0
3097,0.0
3098,0.0
3099,0.0
3100,0.0
3101,0.0
3102,0.0
3103,0.0019199999999999998
3104,0.01221
3105,0.0434
3106,0.05195
3107,0.12378
3108,0.10653
3109,0.19738
3110,0.12425
3111,0.11828
3112,0.0484
3113,0.019710000000000002
3114,0.0
3115,0.0
3116,0.0
3117,0.0
3118,0.0
3119,0.0
3120,0.0
3121,0.0
3122,0.0
3123,0.0
3124,0.0
3125,0.0
3126,0.016890000000000002
3127,0.11402
3128,0.25057
3129,0.37974
3130,0.34243
3131,0.36573
3132,0.28288
3133,0.32685000000000003
3134,0.30205
3135,0.20066
3136,0.08678
3137,0.028120000000000003
3138,0.0
3139,0.0
3140,0.0
3141,0.0
3142,0.0
3143,0.0
3144,0.0
3145,0.0
3146,0.0
3147,0.0
3148,0.0
3149,0.0
3150,0.00273
3151,0.00741
3152,0.0578
3153,0.1384
3154,0.12792
3155,0.31171
3156,0.34129000000000004
3157,0.29606
3158,0.20294
3159,0.21343
3160,0.07514
3161,0.02407
3162,0.0
3163,0.0
3164,0.0
3165,0.0
3166,0.0
3167,0.0
3168,0.0
3169,0.0
3170,0.0
3171,0.0
3172,0.0
3173,0.0
3174,0.01273
3175,0.12240000000000001
3176,0.31174
3177,0.37255
3178,0.37160000000000004
3179,0.46149
3180,0.43805
3181,0.39096
3182,0.39264
3183,0.24253
3184,0.055119999999999995
3185,0.00865
3186,0.0
3187,0.0
3188,0.0
3189,0.0
3190,0.0
3191,0.0
3192,0.0
3193,0.0
3194,0.0
3195,0.0
3196,0.0
3197,0.0
3198,0.01833
3199,0.10801999999999999
3200,0.14816
3201,0.28008999999999995
3202,0.40734
3203,0.40213
3204,0.2779
3205,0.27362000000000003
3206,0.26466
3207,0.15103999999999998
3208,0.08547
3209,0.014960000000000001
3210,0.0
3211,0.0
3212,0.0
3213,0.0
3214,0.0
3215,0.0
3216,0.0
3217,0.0
3218,0.0
3219,0.0
3220,0.0
3221,0.0
3222,0.00455
3223,0.03003
3224,0.08729
3225,0.23752
3226,0.28125
3227,0.45043
3228,0.40196
3229,0.29727
3230,0.28783
3231,0.1701
3232,0.10013
3233,0.01594
3234,0.0
3235,0.0
3236,0.0
3237,0.0
3238,0.0
3239,0.0
3240,0.0
3241,0.0
3242,0.0
3243,0.0
3244,0.0
3245,0.0
3246,0.00835
3247,0.05717
3248,0.12585
3249,0.21305000000000002
3250,0.2739
3251,0.30628
3252,0.45016
3253,0.37356
3254,0.34352
3255,0.28326
3256,0.11615
3257,0.03008
3258,0.0
3259,0.0
3260,0.0
3261,0.0
3262,0.0
3263,0.0
3264,0.0
3265,0.0
3266,0.0
3267,0.0
3268,0.0
3269,0.0
3270,0.0014399999999999999
3271,0.023809999999999998
3272,0.06483
3273,0.08866
3274,0.234
3275,0.20871
3276,0.20986000000000002
3277,0.25572
3278,0.32317
3279,0.21191
3280,0.12432
3281,0.03089
3282,0.0
3283,0.0
3284,0.0
3285,0.0
3286,0.0
3287,0.0
3288,0.0
3289,0.0
3290,0.0
3291,0.0
3292,0.0
3293,0.0
3294,0.01014
3295,0.029769999999999998
3296,0.09502
3297,0.11525
3298,0.19605
3299,0.36255000000000004
3300,0.28592
3301,0.30848000000000003
3302,0.24889
3303,0.22474
3304,0.06116
3305,0.013519999999999999
3306,0.0
3307,0.0
3308,0.0
3309,0.0
3310,0.0
3311,0.0
3312,0.0
3313,0.0
3314,0.0
3315,0.0
3316,0.0
3317,0.0
3318,0.01772
3319,0.08813
3320,0.16216
3321,0.29470999999999997
3322,0.42274
3323,0.38417
3324,0.07264
3325,0.41469
3326,0.10465
3327,0.13109
3328,0.06988
3329,0.01516
3330,0.0
3331,0.0
3332,0.0
3333,0.0
3334,0.0
3335,0.0
3336,0.0
3337,0.0
3338,0.0
3339,0.0
3340,0.0
3341,0.0
3342,0.007690000000000001
3343,0.0508
3344,0.16458
3345,0.15852000000000002
3346,0.09748
3347,0.18835
3348,0.40514999999999995
3349,0.13111
3350,0.27104
3351,0.06319
3352,0.0514
3353,0.009859999999999999
3354,0.0
3355,0.0
3356,0.0
3357,0.0
3358,0.0
3359,0.0
3360,0.0
3361,0.0
3362,0.0
3363,0.0
3364,0.0
3365,0.0
3366,0.00165
3367,0.02813
3368,0.03532
3369,0.03039
3370,0.09670000000000001
3371,0.06735
3372,0.0875
3373,0.22428
3374,0.11581
3375,0.09618
3376,0.08354
3377,0.01726
3378,0.0
3379,0.0
3380,0.0
3381,0.0
3382,0.0
3383,0.0
3384,0.0
3385,0.0
3386,0.0
3387,0.0
3388,0.0
3389,0.0
3390,0.01738
3391,0.09179000000000001
3392,0.15099
3393,0.39156
3394,0.39612
3395,0.48011000000000004
3396,0.59487
3397,0.60884
3398,0.3406
3399,0.19966
3400,0.10805
3401,0.0189
3402,0.0
3403,0.0
3404,0.0
3405,0.0
3406,0.0
3407,0.0
3408,0.0
3409,0.0
3410,0.0
3411,0.0
3412,0.0
3413,0.0
3414,0.01277
3415,0.10009
3416,0.17648
3417,0.26914
3418,0.39575
3419,0.45361
3420,0.49292
3421,0.51177
3422,0.41784
3423,0.2337
3424,0.06958
3425,0.00907
3426,0.0
3427,0.0
3428,0.0
3429,0.0
3430,0.0
3431,0.0
3432,0.0
3433,0.0
3434,0.0
3435,0.0
3436,0.0
3437,0.0
3438,0.00535
3439,0.05133
3440,0.05459000000000001
3441,0.15757
3442,0.2236
3443,0.26222
3444,0.25739999999999996
3445,0.43639999999999995
3446,0.27096
3447,0.22438999999999998
3448,0.07116
3449,0.004730000000000001
3450,0.0
3451,0.0
3452,0.0
3453,0.0
3454,0.0
3455,0.0
3456,0.0
3457,0.0
3458,0.0
3459,0.0
3460,0.0
3461,0.0
3462,0.00328
3463,0.00818
3464,0.02569
3465,0.02409
3466,0.04211
3467,0.11026999999999999
3468,0.15738999999999997
3469,0.266
3470,0.23986000000000002
3471,0.182
3472,0.07346
3473,0.01749
3474,0.0
3475,0.0
3476,0.0
3477,0.0
3478,0.0
3479,0.0
3480,0.0
3481,0.0
3482,0.0
3483,0.0
3484,0.0
3485,0.0
3486,0.0
3487,0.00857
3488,0.02091
3489,0.09668
3490,0.10617
3491,0.13085
3492,0.1056
3493,0.10908
3494,0.09748
3495,0.061020000000000005
3496,0.014070000000000001
3497,0.0013
3498,0.0
3499,0.0
3500,0.0
3501,0.0
3502,0.0
3503,0.0
3504,0.0
3505,0.0
3506,0.0
3507,0.0
3508,0.0
3509,0.0
3510,0.008230000000000001
3511,0.07656
3512,0.16532
3513,0.30276
3514,0.37395999999999996
3515,0.27951
3516,0.26563
3517,0.50707
3518,0.39679000000000003
3519,0.28094
3520,0.20013
3521,0.05354
3522,0.0
3523,0.0
3524,0.0
3525,0.0
3526,0.0
3527,0.0
3528,0.0
3529,0.0
3530,0.0
3531,0.0
3532,0.0
3533,0.0
3534,0.0077599999999999995
3535,0.06511
3536,0.1509
3537,0.27098
3538,0.45206999999999997
3539,0.61149
3540,0.62025
3541,0.47164
3542,0.4624
3543,0.30351
3544,0.08134999999999999
3545,0.015460000000000002
3546,0.0
3547,0.0
3548,0.0
3549,0.0
3550,0.0
3551,0.0
3552,0.0
3553,0.0
3554,0.0
3555,0.0
3556,0.0
3557,0.0
3558,0.01108
3559,0.08631
3560,0.18343
3561,0.28029000000000004
3562,0.3841
3563,0.47844
3564,0.54502
3565,0.47707
3566,0.40951
3567,0.24084
3568,0.11115
3569,0.010119999999999999
3570,0.0
3571,0.0
3572,0.0
3573,0.0
3574,0.0
3575,0.0
3576,0.0
3577,0.0
3578,0.0
3579,0.0
3580,0.0
3581,0.0
3582,0.008490000000000001
3583,0.05121
3584,0.1149
3585,0.26024
3586,0.33132
3587,0.4707
3588,0.43132
3589,0.53604
3590,0.24631
3591,0.18117
3592,0.1138
3593,0.0146
3594,0.0
3595,0.0
3596,0.0
3597,0.0
3598,0.0
3599,0.0
3600,0.0
3601,0.0
3602,0.0
3603,0.0
3604,0.0
3605,0.0
3606,0.00195
3607,0.01576
3608,0.0597
3609,0.07970000000000001
3610,0.12251999999999999
3611,0.24298
3612,0.17206
3613,0.25554
3614,0.19286
3615,0.1859
3616,0.10118
3617,0.024460000000000003
3618,0.0
3619,0.0
3620,0.0
3621,0.0
3622,0.0
3623,0.0
3624,0.0
3625,0.0
3626,0.0
3627,0.0
3628,0.0
3629,0.0
3630,0.00674
3631,0.05485
3632,0.17557
3633,0.29137
3634,0.28389
3635,0.26686
3636,0.40273000000000003
3637,0.23102
3638,0.29261000000000004
3639,0.18217
3640,0.10912000000000001
3641,0.00698
3642,0.0
3643,0.0
3644,0.0
3645,0.0
3646,0.0
3647,0.0
3648,0.0
3649,0.0
3650,0.0
3651,0.0
3652,0.0
3653,0.0
3654,0.00514
3655,0.05203
3656,0.16554
3657,0.23946
3658,0.25765
3659,0.17164
3660,0.1397
3661,0.26504
3662,0.25648000000000004
3663,0.19655
3664,0.07764
3665,0.022510000000000002
3666,0.0
3667,0.0
3668,0.0
3669,0.0
3670,0.0
3671,0.0
3672,0.0
3673,0.0
3674,0.0
3675,0.0
3676,0.0
3677,0.0
3678,0.01036
3679,0.06192
3680,0.21747
3681,0.22366999999999998
3682,0.28522000000000003
3683,0.49783
3684,0.44182
3685,0.37197
3686,0.36525
3687,0.31083
3688,0.13299
3689,0.02966
3690,0.0
3691,0.0
3692,0.0
3693,0.0
3694,0.0
3695,0.0
3696,0.0
3697,0.0
3698,0.0
3699,0.0
3700,0.0
3701,0.0
3702,0.0037
3703,0.02547
3704,0.07403
3705,0.19252
3706,0.19883
3707,0.25415
3708,0.20659
3709,0.14792
3710,0.16178
3711,0.13472
3712,0.08422
3713,0.02135
3714,0.0
3715,0.0
3716,0.0
3717,0.0
3718,0.0
3719,0.0
3720,0.0
3721,0.0
3722,0.0
3723,0.0
3724,0.0
3725,0.0
3726,0.01322
3727,0.10912999999999999
3728,0.21905000000000002
3729,0.34776
3730,0.38569
3731,0.40634
3732,0.35381
3733,0.41066
3734,0.36979
3735,0.28493
3736,0.13597
3737,0.04112
3738,0.0
3739,0.0
3740,0.0
3741,0.0
3742,0.0
3743,0.0
3744,0.0
3745,0.0
3746,0.0
3747,0.0
3748,0.0
3749,0.0
3750,0.01955
3751,0.09870999999999999
3752,0.2924
3753,0.40398
3754,0.47728
3755,0.58161
3756,0.55789
3757,0.39696
3758,0.25404
3759,0.15488
3760,0.06687
3761,0.0104
3762,0.0
3763,0.0
3764,0.0
3765,0.0
3766,0.0
3767,0.0
3768,0.0
3769,0.0
3770,0.0
3771,0.0
3772,0.0
3773,0.0
3774,0.00235
3775,0.02204
3776,0.032299999999999995
3777,0.04242
3778,0.05756
3779,0.06154
3780,0.06420999999999999
3781,0.06372
3782,0.05649
3783,0.03381
3784,0.026269999999999998
3785,0.0023799999999999997
3786,0.0
3787,0.0
3788,0.0
3789,0.0
3790,0.0
3791,0.0
3792,0.0
3793,0.0
3794,0.0
3795,0.0
3796,0.0
3797,0.0
3798,0.00698
3799,0.045590000000000006
3800,0.1362
3801,0.17382
3802,0.23982
3803,0.28966000000000003
3804,0.18769999999999998
3805,0.24581999999999998
3806,0.32747000000000004
3807,0.22895
3808,0.08984
3809,0.02082
3810,0.0
3811,0.0
3812,0.0
3813,0.0
3814,0.0
3815,0.0
3816,0.0
3817,0.0
3818,0.0
3819,0.0
3820,0.0
3821,0.0
3822,0.00209
3823,0.01989
3824,0.059840000000000004
3825,0.056600000000000004
3826,0.11782
3827,0.12677
3828,0.16102
3829,0.14348
3830,0.13343
3831,0.09548999999999999
3832,0.02501
3833,0.0119
3834,0.0
3835,0.0
3836,0.0
3837,0.0
3838,0.0
3839,0.0
3840,0.0
3841,0.0
3842,0.0
3843,0.0
3844,0.0
3845,0.0
3846,0.0042699999999999995
3847,0.04672
3848,0.046880000000000005
3849,0.09101000000000001
3850,0.22896
3851,0.13955
3852,0.1769
3853,0.42551
3854,0.31525
3855,0.27127999999999997
3856,0.13011
3857,0.041159999999999995
3858,0.0
3859,0.0
3860,0.0
3861,0.0
3862,0.0
3863,0.0
3864,0.0
3865,0.0
3866,0.0
3867,0.0
3868,0.0
3869,0.0
3870,0.019440000000000002
3871,0.13303
3872,0.27146
3873,0.38141
3874,0.43998000000000004
3875,0.47602999999999995
3876,0.59794
3877,0.5214500000000001
3878,0.46504
3879,0.31333
3880,0.14677
3881,0.02915
3882,0.0
3883,0.0
3884,0.0
3885,0.0
3886,0.0
3887,0.0
3888,0.0
3889,0.0
3890,0.0
3891,0.0
3892,0.0
3893,0.0
3894,0.00122
3895,0.01662
3896,0.02382
3897,0.05718
3898,0.08667
3899,0.17812
3900,0.21741999999999997
3901,0.47874
3902,0.38873
3903,0.27826
3904,0.12705
3905,0.023629999999999998
3906,0.0
3907,0.0
3908,0.0
3909,0.0
3910,0.0
3911,0.0
3912,0.0
3913,0.0
3914,0.0
3915,0.0
3916,0.0
3917,0.0
3918,0.00172
3919,0.02097
3920,0.04086
3921,0.07198
3922,0.17334
3923,0.11644
3924,0.18496
3925,0.24181999999999998
3926,0.21349
3927,0.15299000000000001
3928,0.12425
3929,0.026850000000000002
3930,0.0
3931,0.0
3932,0.0
3933,0.0
3934,0.0
3935,0.0
3936,0.0
3937,0.0
3938,0.0
3939,0.0
3940,0.0
3941,0.0
3942,0.0089
3943,0.09681000000000001
3944,0.20415
3945,0.21101
3946,0.30707999999999996
3947,0.19194999999999998
3948,0.23879
3949,0.42910000000000004
3950,0.23981
3951,0.16319
3952,0.12368000000000001
3953,0.01613
3954,0.0
3955,0.0
3956,0.0
3957,0.0
3958,0.0
3959,0.0
3960,0.0
3961,0.0
3962,0.0
3963,0.0
3964,0.0
3965,0.0
3966,0.0028599999999999997
3967,0.02577
3968,0.06576
3969,0.11911
3970,0.15508000000000002
3971,0.21539
3972,0.24306999999999998
3973,0.23995
3974,0.37385
3975,0.14627
3976,0.03933
3977,0.02416
3978,0.0
3979,0.0
3980,0.0
3981,0.0
3982,0.0
3983,0.0
3984,0.0
3985,0.0
3986,0.0
3987,0.0
3988,0.0
3989,0.0
3990,0.00132
3991,0.01529
3992,0.045399999999999996
3993,0.10618999999999999
3994,0.11349
3995,0.13388999999999998
3996,0.15228
3997,0.1605
3998,0.20042
3999,0.10621
4000,0.07264
4001,0.01492
4002,0.0
4003,0.0
4004,0.0
4005,0.0
4006,0.0
4007,0.0
4008,0.0
4009,0.0
4010,0.0
4011,0.0
4012,0.0
4013,0.0
4014,0.00471
4015,0.062450000000000006
4016,0.12077
4017,0.22766999999999998
4018,0.32161
4019,0.27115
4020,0.28413
4021,0.30407
4022,0.25058
4023,0.2047
4024,0.07102
4025,0.01805
4026,0.0
4027,0.0
4028,0.0
4029,0.0
4030,0.0
4031,0.0
4032,0.0
4033,0.0
4034,0.0
4035,0.0
4036,0.0
4037,0.0
4038,0.0008399999999999999
4039,0.04113
4040,0.06462999999999999
4041,0.11739
4042,0.23523
4043,0.26024
4044,0.22161
4045,0.24022
4046,0.26088
4047,0.0841
4048,0.06081
4049,0.01679
4050,0.0
4051,0.0
4052,0.0
4053,0.0
4054,0.0
4055,0.0
4056,0.0
4057,0.0
4058,0.0
4059,0.0
4060,0.0
4061,0.0
4062,0.0
4063,0.00635
4064,0.032189999999999996
4065,0.0691
4066,0.09997
4067,0.09909
4068,0.14243
4069,0.17783000000000002
4070,0.13372
4071,0.10797
4072,0.07597
4073,0.02283
4074,0.0
4075,0.0
4076,0.0
4077,0.0
4078,0.0
4079,0.0
4080,0.0
4081,0.0
4082,0.0
4083,0.0
4084,0.0
4085,0.0
4086,0.00256
4087,0.02638
4088,0.06693
4089,0.09226000000000001
4090,0.12190000000000001
4091,0.23728
4092,0.17478
4093,0.30685
4094,0.22982
4095,0.10168
4096,0.03367
4097,0.0145
4098,0.0
4099,0.0
4100,0.0
4101,0.0
4102,0.0
4103,0.0
4104,0.0
4105,0.0
4106,0.0
4107,0.0
4108,0.0
4109,0.0
4110,0.01095
4111,0.061700000000000005
4112,0.19579
4113,0.32450999999999997
4114,0.4058
4115,0.45316
4116,0.45682
4117,0.38731
4118,0.31394
4119,0.12218000000000001
4120,0.07798999999999999
4121,0.022690000000000002
4122,0.0
4123,0.0
4124,0.0
4125,0.0
4126,0.0
4127,0.0
4128,0.0
4129,0.0
4130,0.0
4131,0.0
4132,0.0
4133,0.0
4134,0.01899
4135,0.12703
4136,0.27857
4137,0.40724
4138,0.49689
4139,0.46669
4140,0.40672
4141,0.38821
4142,0.35543
4143,0.19635
4144,0.1432
4145,0.03922
4146,0.0
4147,0.0
4148,0.0
4149,0.0
4150,0.0
4151,0.0
4152,0.0
4153,0.0
4154,0.0
4155,0.0
4156,0.0
4157,0.0
4158,0.0015400000000000001
4159,0.03382
4160,0.12312000000000001
4161,0.32602
4162,0.33041000000000004
4163,0.53335
4164,0.45589999999999997
4165,0.51486
4166,0.27893
4167,0.18750999999999998
4168,0.07115
4169,0.01934
4170,0.0
4171,0.0
4172,0.0
4173,0.0
4174,0.0
4175,0.0
4176,0.0
4177,0.0
4178,0.0
4179,0.0
4180,0.0
4181,0.0
4182,0.00534
4183,0.04690999999999999
4184,0.13344999999999999
4185,0.23023
4186,0.21469
4187,0.24919
4188,0.25622
4189,0.37512
4190,0.29918
4191,0.27477999999999997
4192,0.15469
4193,0.038439999999999995
4194,0.0
4195,0.0
4196,0.0
4197,0.0
4198,0.0
4199,0.0
4200,0.0
4201,0.0
4202,0.0
4203,0.0
4204,0.0
4205,0.0
4206,0.0020299999999999997
4207,0.02984
4208,0.054310000000000004
4209,0.10018
4210,0.16737
4211,0.20024
4212,0.21394
4213,0.10601000000000001
4214,0.16999
4215,0.11651
4216,0.06388
4217,0.024
4218,0.0
4219,0.0
4220,0.0
4221,0.0
4222,0.0
4223,0.0
4224,0.0
4225,0.0
4226,0.0
4227,0.0
4228,0.0
4229,0.0
4230,0.00492
4231,0.04611
4232,0.13653
4233,0.23187
4234,0.30257999999999996
4235,0.37237
4236,0.28926999999999997
4237,0.34636
4238,0.32439999999999997
4239,0.13938
4240,0.02298
4241,0.01043
4242,0.0
4243,0.0
4244,0.0
4245,0.0
4246,0.0
4247,0.0
4248,0.0
4249,0.0
4250,0.0
4251,0.0
4252,0.0
4253,0.0
4254,0.0
4255,0.00752
4256,0.04869
4257,0.04635
4258,0.02957
4259,0.05246
4260,0.06581000000000001
4261,0.18546
4262,0.15074
4263,0.13081
4264,0.06355
4265,0.00796
4266,0.0
4267,0.0
4268,0.0
4269,0.0
4270,0.0
4271,0.0
4272,0.0
4273,0.0
4274,0.0
4275,0.0
4276,0.0
4277,0.0
4278,0.00525
4279,0.07572
4280,0.16301
4281,0.22278
4282,0.21721000000000001
4283,0.27499
4284,0.42475999999999997
4285,0.20551
4286,0.15618
4287,0.23748
4288,0.10496
4289,0.038990000000000004
4290,0.0
4291,0.0
4292,0.0
4293,0.0
4294,0.0
4295,0.0
4296,0.0
4297,0.0
4298,0.0
4299,0.0
4300,0.0
4301,0.0
4302,0.00597
4303,0.07812999999999999
4304,0.1367
4305,0.22225
4306,0.19441999999999998
4307,0.30602999999999997
4308,0.36419
4309,0.0849
4310,0.10633
4311,0.04922
4312,0.038200000000000005
4313,0.01078
4314,0.0
4315,0.0
4316,0.0
4317,0.0
4318,0.0
4319,0.0
4320,0.0
4321,0.0
4322,0.0
4323,0.0
4324,0.0
4325,0.0
4326,0.0008399999999999999
4327,0.03332
4328,0.08393
4329,0.15893000000000002
4330,0.22772
4331,0.2682
4332,0.24078
4333,0.24519
4334,0.22848
4335,0.11168
4336,0.05891
4337,0.020149999999999998
4338,0.0
4339,0.0
4340,0.0
4341,0.0
4342,0.0
4343,0.0
4344,0.0
4345,0.0
4346,0.0
4347,0.0
4348,0.0
4349,0.0
4350,0.009439999999999999
4351,0.10729000000000001
4352,0.19907
4353,0.29142
4354,0.35862
4355,0.33462000000000003
4356,0.33166
4357,0.16728
4358,0.21671
4359,0.14485
4360,0.02996
4361,0.00396
4362,0.0
4363,0.0
4364,0.0
4365,0.0
4366,0.0
4367,0.0
4368,0.0
4369,0.0
4370,0.0
4371,0.0
4372,0.0
4373,0.0
4374,0.00037
4375,0.01309
4376,0.07035
4377,0.08272
4378,0.13104
4379,0.24234999999999998
4380,0.24634
4381,0.39038999999999996
4382,0.36004
4383,0.21728
4384,0.07144
4385,0.01221
4386,0.0
4387,0.0
4388,0.0
4389,0.0
4390,0.0
4391,0.0
4392,0.0
4393,0.0
4394,0.0
4395,0.0
4396,0.0
4397,0.0
4398,0.00349
4399,0.03311
4400,0.10195
4401,0.12273
4402,0.29519999999999996
4403,0.2702
4404,0.37774
4405,0.30371
4406,0.26127999999999996
4407,0.31889
4408,0.16159
4409,0.04435
4410,0.0
4411,0.0
4412,0.0
4413,0.0
4414,0.0
4415,0.0
4416,0.0
4417,0.0
4418,0.0
4419,0.0
4420,0.0
4421,0.0
4422,0.0
4423,0.00214
4424,0.02917
4425,0.054439999999999995
4426,0.07754000000000001
4427,0.15462
4428,0.10834
4429,0.27698
4430,0.14407
4431,0.07745
4432,0.0499
4433,0.01604
4434,0.0
4435,0.0
4436,0.0
4437,0.0
4438,0.0
4439,0.0
4440,0.0
4441,0.0
4442,0.0
4443,0.0
4444,0.0
4445,0.0
4446,0.00594
4447,0.05496
4448,0.06837
4449,0.10539
4450,0.25233
4451,0.21424
4452,0.28967000000000004
4453,0.25633
4454,0.13576
4455,0.07074
4456,0.03379
4457,0.01507
4458,0.0
4459,0.0
4460,0.0
4461,0.0
4462,0.0
4463,0.0
4464,0.0
4465,0.0
4466,0.0
4467,0.0
4468,0.0
4469,0.0
4470,0.01087
4471,0.0544
4472,0.08401
4473,0.08664
4474,0.12688
4475,0.33747000000000005
4476,0.48698
4477,0.48408999999999996
4478,0.38644
4479,0.30389
4480,0.13055
4481,0.02151
4482,0.0
4483,0.0
4484,0.0
4485,0.0
4486,0.0
4487,0.0
4488,0.0
4489,0.0
4490,0.0
4491,0.0
4492,0.0
4493,0.0
4494,0.00792
4495,0.08256999999999999
4496,0.24425999999999998
4497,0.30057
4498,0.39633999999999997
4499,0.50087
4500,0.47454
4501,0.45333
4502,0.37701
4503,0.29388
4504,0.14648
4505,0.04481
4506,0.0
4507,0.0
4508,0.0
4509,0.0
4510,0.0
4511,0.0
4512,0.0
4513,0.0
4514,0.0
4515,0.0
4516,0.0
4517,0.0
4518,0.013130000000000001
4519,0.10701000000000001
4520,0.27049
4521,0.29787
4522,0.2676
4523,0.44032
4524,0.41970999999999997
4525,0.33975
4526,0.34243
4527,0.24916999999999997
4528,0.15278999999999998
4529,0.04786
4530,0.0
4531,0.0
4532,0.0
4533,0.0
4534,0.0
4535,0.0
4536,0.0
4537,0.0
4538,0.0
4539,0.0
4540,0.0
4541,0.0
4542,0.00783
4543,0.0436
4544,0.1381
4545,0.22752
4546,0.30549
4547,0.25314
4548,0.29718
4549,0.24015999999999998
4550,0.2625
4551,0.20457
4552,0.13916
4553,0.02711
4554,0.0
4555,0.0
4556,0.0
4557,0.0
4558,0.0
4559,0.0
4560,0.0
4561,0.0
4562,0.0
4563,0.0
4564,0.0
4565,0.0
4566,0.0029100000000000003
4567,0.06393
4568,0.16338999999999998
4569,0.29898
4570,0.40007
4571,0.32733999999999996
4572,0.33129000000000003
4573,0.37560000000000004
4574,0.34699
4575,0.20302
4576,0.07587999999999999
4577,0.015349999999999999
4578,0.0
4579,0.0
4580,0.0
4581,0.0
4582,0.0
4583,0.0
4584,0.0
4585,0.0
4586,0.0
4587,0.0
4588,0.0
4589,0.0
4590,0.00176
4591,0.01768
4592,0.03356
4593,0.07640000000000001
4594,0.08929000000000001
4595,0.07794
4596,0.05639
4597,0.21348
4598,0.22929
4599,0.14167
4600,0.030199999999999998
4601,0.0068200000000000005
4602,0.0
4603,0.0
4604,0.0
4605,0.0
4606,0.0
4607,0.0
4608,0.0
4609,0.0
4610,0.0
4611,0.0
4612,0.0
4613,0.0
4614,0.009609999999999999
4615,0.041890000000000004
4616,0.16219
4617,0.16002000000000002
4618,0.2597
4619,0.27569
4620,0.39137
4621,0.36289
4622,0.31808
4623,0.27878
4624,0.14841
4625,0.02053
4626,0.0
4627,0.0
4628,0.0
4629,0.0
4630,0.0
4631,0.0
4632,0.0
4633,0.0
4634,0.0
4635,0.0
4636,0.0
4637,0.0
4638,0.00099
4639,0.018170000000000002
4640,0.033530000000000004
4641,0.10562
4642,0.21252000000000001
4643,0.30417
4644,0.19448
4645,0.38492000000000004
4646,0.33344
4647,0.17468999999999998
4648,0.12645
4649,0.02059
4650,0.0
4651,0.0
4652,0.0
4653,0.0
4654,0.0
4655,0.0
4656,0.0
4657,0.0
4658,0.0
4659,0.0
4660,0.0
4661,0.0
4662,0.0
4663,0.01986
4664,0.05988
4665,0.12484
4666,0.1374
4667,0.14207
4668,0.17252
4669,0.20161
4670,0.17244
4671,0.07327
4672,0.024480000000000002
4673,0.00598
4674,0.0
4675,0.0
4676,0.0
4677,0.0
4678,0.0
4679,0.0
4680,0.0
4681,0.0
4682,0.0
4683,0.0
4684,0.0
4685,0.0
4686,0.0
4687,0.006679999999999999
4688,0.019760000000000003
4689,0.05188
4690,0.04883
4691,0.07762999999999999
4692,0.04285
4693,0.28068
4694,0.27012
4695,0.17626
4696,0.09337999999999999
4697,0.02863
4698,0.0
4699,0.0
4700,0.0
4701,0.0
4702,0.0
4703,0.0
4704,0.0
4705,0.0
4706,0.0
4707,0.0
4708,0.0
4709,0.0
4710,0.007940000000000001
4711,0.06547
4712,0.18231999999999998
4713,0.11781
4714,0.22394
4715,0.25938
4716,0.25794
4717,0.17465
4718,0.1485
4719,0.11676
4720,0.06086
4721,0.023850000000000003
4722,0.0
4723,0.0
4724,0.0
4725,0.0
4726,0.0
4727,0.0
4728,0.0
4729,0.0
4730,0.0
4731,0.0
4732,0.0
4733,0.0
4734,0.00982
4735,0.08287
4736,0.23262
4737,0.315
4738,0.45077
4739,0.5385800000000001
4740,0.42951
4741,0.36932
4742,0.31212
4743,0.17321
4744,0.07798999999999999
4745,0.02135
4746,0.0
4747,0.0
4748,0.0
4749,0.0
4750,0.0
4751,0.0
4752,0.0
4753,0.0
4754,0.0
4755,0.0
4756,0.0
4757,0.0
4758,0.00822
4759,0.0436
4760,0.10895
4761,0.18305000000000002
4762,0.41289
4763,0.44404000000000005
4764,0.48417
4765,0.42728
4766,0.36788
4767,0.26355
4768,0.11808
4769,0.03711
4770,0.0
4771,0.0
4772,0.0
4773,0.0
4774,0.0
4775,0.0
4776,0.0
4777,0.0
4778,0.0
4779,0.0
4780,0.0
4781,0.0
4782,0.0044800000000000005
4783,0.055479999999999995
4784,0.1254
4785,0.26537
4786,0.45623
4787,0.36616000000000004
4788,0.39349
4789,0.40117
4790,0.30601999999999996
4791,0.21891999999999998
4792,0.0849
4793,0.03549
4794,0.0
4795,0.0
4796,0.0
4797,0.0
4798,0.0
4799,0.0
4800,0.0
4801,0.0
4802,0.0
4803,0.0
4804,0.0
4805,0.0
4806,0.00653
4807,0.040909999999999995
4808,0.13766
4809,0.23366
4810,0.37989
4811,0.39498
4812,0.4799
4813,0.30645
4814,0.26080000000000003
4815,0.20375
4816,0.07733
4817,0.025670000000000002
4818,0.0
4819,0.0
4820,0.0
4821,0.0
4822,0.0
4823,0.0
4824,0.0
4825,0.0
4826,0.0
4827,0.0
4828,0.0
4829,0.0
4830,0.00967
4831,0.1262
4832,0.27788
4833,0.32531
4834,0.35024
4835,0.40649
4836,0.4666
4837,0.30856
4838,0.42821
4839,0.35122000000000003
4840,0.18105000000000002
4841,0.04899
4842,0.0
4843,0.0
4844,0.0
4845,0.0
4846,0.0
4847,0.0
4848,0.0
4849,0.0
4850,0.0
4851,0.0
4852,0.0
4853,0.0
4854,0.00826
4855,0.08682
4856,0.20138999999999999
4857,0.3324
4858,0.38416
4859,0.34881
4860,0.30262
4861,0.37038
4862,0.27312000000000003
4863,0.27617
4864,0.14855000000000002
4865,0.039619999999999995
4866,0.0
4867,0.0
4868,0.0
4869,0.0
4870,0.0
4871,0.0
4872,0.0
4873,0.0
4874,0.0
4875,0.0
4876,0.0
4877,0.0
4878,0.0039700000000000004
4879,0.07801999999999999
4880,0.25712
4881,0.36493000000000003
4882,0.47936
4883,0.49068
4884,0.44930000000000003
4885,0.38045
4886,0.28208999999999995
4887,0.24147
4888,0.09795999999999999
4889,0.03218
4890,0.0
4891,0.0
4892,0.0
4893,0.0
4894,0.0
4895,0.0
4896,0.0
4897,0.0
4898,0.0
4899,0.0
4900,0.0
4901,0.0
4902,0.0017
4903,0.023289999999999998
4904,0.07076
4905,0.19713999999999998
4906,0.23548
4907,0.39764
4908,0.36910000000000004
4909,0.37821
4910,0.22784000000000001
4911,0.09148
4912,0.04622
4913,0.00545
4914,0.0
4915,0.0
4916,0.0
4917,0.0
4918,0.0
4919,0.0
4920,0.0
4921,0.0
4922,0.0
4923,0.0
4924,0.0
4925,0.0
4926,0.00101
4927,0.01383
4928,0.04886
4929,0.11869
4930,0.10418000000000001
4931,0.13708
4932,0.16985
4933,0.21011000000000002
4934,0.12171
4935,0.14931
4936,0.07587999999999999
4937,0.024210000000000002
4938,0.0
4939,0.0
4940,0.0
4941,0.0
4942,0.0
4943,0.0
4944,0.0
4945,0.0
4946,0.0
4947,0.0
4948,0.0
4949,0.0
4950,0.0025
4951,0.03258
4952,0.10539
4953,0.21486000000000002
4954,0.35051
4955,0.32792
4956,0.30044
4957,0.17575
4958,0.13874
4959,0.13485
4960,0.06419
4961,0.01035
4962,0.0
4963,0.0
4964,0.0
4965,0.0
4966,0.0
4967,0.0
4968,0.0
4969,0.0
4970,0.0
4971,0.0
4972,0.0
4973,0.0
4974,0.002
4975,0.02574
4976,0.07322
4977,0.1042
4978,0.14109
4979,0.19611
4980,0.23739
4981,0.20837
4982,0.12558
4983,0.12317
4984,0.0471
4985,0.009789999999999998
4986,0.0
4987,0.0
4988,0.0
4989,0.0
4990,0.0
4991,0.0
4992,0.0
4993,0.0
4994,0.0
4995,0.0
4996,0.0
4997,0.0
4998,0.00184
4999,0.02428
5000,0.08141
5001,0.13674
5002,0.27012
5003,0.26987
5004,0.34914
5005,0.29569
5006,0.28644
5007,0.16878
5008,0.09176000000000001
5009,0.03264
5010,0.0
5011,0.0
5012,0.0
5013,0.0
5014,0.0
5015,0.0
5016,0.0
5017,0.0
5018,0.0
5019,0.0
5020,0.0
5021,0.0
5022,0.00624
5023,0.06211
5024,0.17055
5025,0.19686
5026,0.19855
5027,0.36888
5028,0.3452
5029,0.25245
5030,0.27842
5031,0.242
5032,0.11175
5033,0.01759
5034,0.0
5035,0.0
5036,0.0
5037,0.0
5038,0.0
5039,0.0
5040,0.0
5041,0.0
5042,0.0
5043,0.0
5044,0.0
5045,0.0
5046,0.00151
5047,0.023489999999999997
5048,0.06303
5049,0.08233
5050,0.10916
5051,0.09770999999999999
5052,0.15774000000000002
5053,0.22596
5054,0.21252000000000001
5055,0.16775
5056,0.09493
5057,0.01693
5058,0.0
5059,0.0
5060,0.0
5061,0.0
5062,0.0
5063,0.0
5064,0.0
5065,0.0
5066,0.0
5067,0.0
5068,0.0
5069,0.0
5070,0.00202
5071,0.02886
5072,0.08888
5073,0.12168999999999999
5074,0.1145
5075,0.1535
5076,0.25072
5077,0.45135000000000003
5078,0.26762
5079,0.17755
5080,0.09415000000000001
5081,0.02402
5082,0.0
5083,0.0
5084,0.0
5085,0.0
5086,0.0
5087,0.0
5088,0.0
5089,0.0
5090,0.0
5091,0.0
5092,0.0
5093,0.0
5094,0.0036
5095,0.017079999999999998
5096,0.02162
5097,0.10421
5098,0.13618
5099,0.14501
5100,0.19508
5101,0.19241999999999998
5102,0.19291
5103,0.26949
5104,0.19976
5105,0.05926
5106,0.0
5107,0.0
5108,0.0
5109,0.0
5110,0.0
5111,0.0
5112,0.0
5113,0.0
5114,0.0
5115,0.0
5116,0.0
5117,0.0
5118,0.01148
5119,0.10656
5120,0.2525
5121,0.40548
5122,0.5321699999999999
5123,0.54123
5124,0.41569
5125,0.41329000000000005
5126,0.34376
5127,0.21997
5128,0.10044
5129,0.040670000000000005
5130,0.0
5131,0.0
5132,0.0
5133,0.0
5134,0.0
5135,0.0
5136,0.0
5137,0.0
5138,0.0
5139,0.0
5140,0.0
5141,0.0
5142,0.00107
5143,0.01833
5144,0.05851
5145,0.12104000000000001
5146,0.22515000000000002
5147,0.2034
5148,0.28364999999999996
5149,0.07906
5150,0.06961
5151,0.10687999999999999
5152,0.07744
5153,0.03258
5154,0.0
5155,0.0
5156,0.0
5157,0.0
5158,0.0
5159,0.0
5160,0.0
5161,0.0
5162,0.0
5163,0.0
5164,0.0
5165,0.0
5166,0.00363
5167,0.0628
5168,0.16675
5169,0.33207
5170,0.41002
5171,0.5131
5172,0.51891
5173,0.47774
5174,0.40354
5175,0.31186
5176,0.13466
5177,0.03296
5178,0.0
5179,0.0
5180,0.0
5181,0.0
5182,0.0
5183,0.0
5184,0.0
5185,0.0
5186,0.0
5187,0.0
5188,0.0
5189,0.0
5190,0.0088
5191,0.11711
5192,0.25881
5193,0.48152999999999996
5194,0.5485599999999999
5195,0.56877
5196,0.43903
5197,0.40984
5198,0.2149
5199,0.09770000000000001
5200,0.06744
5201,0.018600000000000002
5202,0.0
5203,0.0
5204,0.0
5205,0.0
5206,0.0
5207,0.0
5208,0.0
5209,0.0
5210,0.0
5211,0.0
5212,0.0
5213,0.0
5214,0.00138
5215,0.03318
5216,0.055420000000000004
5217,0.1009
5218,0.12479000000000001
5219,0.14994
5220,0.18950999999999998
5221,0.20837
5222,0.16540000000000002
5223,0.14577
5224,0.11743
5225,0.01483
5226,0.0
5227,0.0
5228,0.0
5229,0.0
5230,0.0
5231,0.0
5232,0.0
5233,0.0
5234,0.0
5235,0.0
5236,0.0
5237,0.0
5238,0.004690000000000001
5239,0.030510000000000002
5240,0.09540000000000001
5241,0.13216
5242,0.28831
5243,0.5672999999999999
5244,0.48237
5245,0.09691
5246,0.0737
5247,0.05759
5248,0.02925
5249,0.012029999999999999
5250,0.0
5251,0.0
5252,0.0
5253,0.0
5254,0.0
5255,0.0
5256,0.0
5257,0.0
5258,0.0
5259,0.0
5260,0.0
5261,0.0
5262,0.00102
5263,0.03835
5264,0.1527
5265,0.16585
5266,0.34523000000000004
5267,0.22032
5268,0.27984
5269,0.30125
5270,0.29516000000000003
5271,0.1795
5272,0.08002
5273,0.040619999999999996
5274,0.0
5275,0.0
5276,0.0
5277,0.0
5278,0.0
5279,0.0
5280,0.0
5281,0.0
5282,0.0
5283,0.0
5284,0.0
5285,0.0
5286,0.00133
5287,0.04262
5288,0.14025
5289,0.2145
5290,0.28751
5291,0.30439
5292,0.38539
5293,0.25104
5294,0.27767000000000003
5295,0.12985
5296,0.07288
5297,0.02866
5298,0.0
5299,0.0
5300,0.0
5301,0.0
5302,0.0
5303,0.0
5304,0.0
5305,0.0
5306,0.0
5307,0.0
5308,0.0
5309,0.0
5310,0.00498
5311,0.06366
5312,0.15274000000000001
5313,0.30766000000000004
5314,0.28255
5315,0.34626
5316,0.50624
5317,0.43559
5318,0.28464999999999996
5319,0.20435
5320,0.1042
5321,0.030260000000000002
5322,0.0
5323,0.0
5324,0.0
5325,0.0
5326,0.0
5327,0.0
5328,0.0
5329,0.0
5330,0.0
5331,0.0
5332,0.0
5333,0.0
5334,0.00166
5335,0.02574
5336,0.08737
5337,0.18303999999999998
5338,0.19003
5339,0.21228
5340,0.27991000000000005
5341,0.32958
5342,0.26227999999999996
5343,0.21012999999999998
5344,0.13115000000000002
5345,0.02988
5346,0.0
5347,0.0
5348,0.0
5349,0.0
5350,0.0
5351,0.0
5352,0.0
5353,0.0
5354,0.0
5355,0.0
5356,0.0
5357,0.0
5358,0.00064
5359,0.018260000000000002
5360,0.05244
5361,0.08806
5362,0.08896
5363,0.13585
5364,0.11488
5365,0.15881
5366,0.15986
5367,0.09565
5368,0.03982
5369,0.0149
5370,0.0
5371,0.0
5372,0.0
5373,0.0
5374,0.0
5375,0.0
5376,0.0
5377,0.0
5378,0.0
5379,0.0
5380,0.0
5381,0.0
5382,0.00415
5383,0.07376
5384,0.1412
5385,0.23908000000000001
5386,0.27192
5387,0.48374
5388,0.32205
5389,0.29783
5390,0.34396
5391,0.19871
5392,0.11312
5393,0.038630000000000005
5394,0.0
5395,0.0
5396,0.0
5397,0.0
5398,0.0
5399,0.0
5400,0.0
5401,0.0
5402,0.0
5403,0.0
5404,0.0
5405,0.0
5406,0.00263
5407,0.06741
5408,0.19582
5409,0.19213
5410,0.45102
5411,0.5418200000000001
5412,0.53519
5413,0.34134
5414,0.25303
5415,0.22541999999999998
5416,0.09937
5417,0.04862
5418,0.0
5419,0.0
5420,0.0
5421,0.0
5422,0.0
5423,0.0
5424,0.0
5425,0.0
5426,0.0
5427,0.0
5428,0.0
5429,0.0
5430,0.0025099999999999996
5431,0.04639
5432,0.16519
5433,0.24806
5434,0.21788
5435,0.26317
5436,0.31888
5437,0.48144
5438,0.31201
5439,0.17601
5440,0.05901
5441,0.012150000000000001
5442,0.0
5443,0.0
5444,0.0
5445,0.0
5446,0.0
5447,0.0
5448,0.0
5449,0.0
5450,0.0
5451,0.0
5452,0.0
5453,0.0
5454,0.00131
5455,0.02496
5456,0.08579
5457,0.16191
5458,0.23575
5459,0.24686000000000002
5460,0.17182
5461,0.40499
5462,0.24724000000000002
5463,0.21047
5464,0.08368
5465,0.01791
5466,0.0
5467,0.0
5468,0.0
5469,0.0
5470,0.0
5471,0.0
5472,0.0
5473,0.0
5474,0.0
5475,0.0
5476,0.0
5477,0.0
5478,0.0067599999999999995
5479,0.06001
5480,0.10042
5481,0.1569
5482,0.38436000000000003
5483,0.43285
5484,0.52009
5485,0.23043
5486,0.15422
5487,0.09923
5488,0.05115
5489,0.01115
5490,0.0
5491,0.0
5492,0.0
5493,0.0
5494,0.0
5495,0.0
5496,0.0
5497,0.0
5498,0.0
5499,0.0
5500,0.0
5501,0.0
5502,0.00197
5503,0.02243
5504,0.09876
5505,0.13441
5506,0.20911000000000002
5507,0.30165
5508,0.43517
5509,0.49289
5510,0.39239999999999997
5511,0.24897
5512,0.09128
5513,0.022420000000000002
5514,0.0
5515,0.0
5516,0.0
5517,0.0
5518,0.0
5519,0.0
5520,0.0
5521,0.0
5522,0.0
5523,0.0
5524,0.0
5525,0.0
5526,0.00079
5527,0.03814
5528,0.07572
5529,0.16352
5530,0.32644999999999996
5531,0.34292
5532,0.27869
5533,0.35433
5534,0.40679000000000004
5535,0.17021
5536,0.08649
5537,0.019010000000000003
5538,0.0
5539,0.0
5540,0.0
5541,0.0
5542,0.0
5543,0.0
5544,0.0
5545,0.0
5546,0.0
5547,0.0
5548,0.0
5549,0.0
5550,0.0025099999999999996
5551,0.045090000000000005
5552,0.12635
5553,0.29575
5554,0.48498
5555,0.50974
5556,0.38883999999999996
5557,0.41813
5558,0.2787
5559,0.06118
5560,0.07640000000000001
5561,0.01643
5562,0.0
5563,0.0
5564,0.0
5565,0.0
5566,0.0
5567,0.0
5568,0.0
5569,0.0
5570,0.0
5571,0.0
5572,0.0
5573,0.0
5574,0.00239
5575,0.05744
5576,0.12437999999999999
5577,0.22422999999999998
5578,0.16663
5579,0.24753
5580,0.25335
5581,0.36705
5582,0.30979
5583,0.21781
5584,0.11102
5585,0.03853
5586,0.0
5587,0.0
5588,0.0
5589,0.0
5590,0.0
5591,0.0
5592,0.0
5593,0.0
5594,0.0
5595,0.0
5596,0.0
5597,0.0
5598,0.00188
5599,0.05853
5600,0.0975
5601,0.16368000000000002
5602,0.21794
5603,0.26971
5604,0.18630000000000002
5605,0.34116
5606,0.33917
5607,0.27283999999999997
5608,0.09772
5609,0.016059999999999998
5610,0.0
5611,0.0
5612,0.0
5613,0.0
5614,0.0
5615,0.0
5616,0.0
5617,0.0
5618,0.0
5619,0.0
5620,0.0
5621,0.0
5622,0.0
5623,0.033780000000000004
5624,0.09344
5625,0.16201
5626,0.23904
5627,0.36387
5628,0.62507
5629,0.39409
5630,0.22963999999999998
5631,0.13402
5632,0.09573000000000001
5633,0.011720000000000001
5634,0.0
5635,0.0
5636,0.0
5637,0.0
5638,0.0
5639,0.0
5640,0.0
5641,0.0
5642,0.0
5643,0.0
5644,0.0
5645,0.0
5646,0.00197
5647,0.02921
5648,0.0502
5649,0.10828
5650,0.26008
5651,0.43497
5652,0.42347
5653,0.15143
5654,0.22263999999999998
5655,0.22204
5656,0.08498
5657,0.02527
5658,0.0
5659,0.0
5660,0.0
5661,0.0
5662,0.0
5663,0.0
5664,0.0
5665,0.0
5666,0.0
5667,0.0
5668,0.0
5669,0.0
5670,0.00257
5671,0.03817
5672,0.14304
5673,0.24477000000000002
5674,0.46713
5675,0.51763
5676,0.58523
5677,0.37673
5678,0.30916000000000005
5679,0.16401
5680,0.06661
5681,0.0052
5682,0.0
5683,0.0
5684,0.0
5685,0.0
5686,0.0
5687,0.0
5688,0.0
5689,0.0
5690,0.0
5691,0.0
5692,0.0
5693,0.0
5694,0.00792
5695,0.05299
5696,0.05217
5697,0.04614
5698,0.06931
5699,0.09025
5700,0.1674
5701,0.28902
5702,0.23606
5703,0.22961
5704,0.10179
5705,0.01367
5706,0.0
5707,0.0
5708,0.0
5709,0.0
5710,0.0
5711,0.0
5712,0.0
5713,0.0
5714,0.0
5715,0.0
5716,0.0
5717,0.0
5718,0.0047599999999999995
5719,0.07537999999999999
5720,0.17173
5721,0.31271
5722,0.36177
5723,0.44208
5724,0.3715
5725,0.32051
5726,0.25889999999999996
5727,0.18977000000000002
5728,0.07109
5729,0.01724
5730,0.0
5731,0.0
5732,0.0
5733,0.0
5734,0.0
5735,0.0
5736,0.0
5737,0.0
5738,0.0
5739,0.0
5740,0.0
5741,0.0
5742,0.0035299999999999997
5743,0.0605
5744,0.08675
5745,0.24880000000000002
5746,0.30874
5747,0.48488
5748,0.43243
5749,0.38187
5750,0.31674
5751,0.17536000000000002
5752,0.09279000000000001
5753,0.020399999999999998
5754,0.0
5755,0.0
5756,0.0
5757,0.0
5758,0.0
5759,0.0
5760,0.0
5761,0.0
5762,0.0
5763,0.0
5764,0.0
5765,0.0
5766,0.00054
5767,0.01462
5768,0.12721
5769,0.22424000000000002
5770,0.49863
5771,0.47839
5772,0.48367
5773,0.24613
5774,0.27818
5775,0.25691
5776,0.09602
5777,0.01077
5778,0.0
5779,0.0
5780,0.0
5781,0.0
5782,0.0
5783,0.0
5784,0.0
5785,0.0
5786,0.0
5787,0.0
5788,0.0
5789,0.0
5790,0.00634
5791,0.05842
5792,0.18045
5793,0.3138
5794,0.38550999999999996
5795,0.47079000000000004
5796,0.5672200000000001
5797,0.48425999999999997
5798,0.32881
5799,0.26292000000000004
5800,0.08836
5801,0.01281
5802,0.0
5803,0.0
5804,0.0
5805,0.0
5806,0.0
5807,0.0
5808,0.0
5809,0.0
5810,0.0
5811,0.0
5812,0.0
5813,0.0
5814,0.0
5815,0.009210000000000001
5816,0.02936
5817,0.08831
5818,0.11018
5819,0.21037
5820,0.22991999999999999
5821,0.3277
5822,0.40342
5823,0.24328
5824,0.0554
5825,0.027329999999999997
5826,0.0
5827,0.0
5828,0.0
5829,0.0
5830,0.0
5831,0.0
5832,0.0
5833,0.0
5834,0.0
5835,0.0
5836,0.0
5837,0.0
5838,0.01736
5839,0.10163
5840,0.21785
5841,0.37939999999999996
5842,0.50991
5843,0.59309
5844,0.56855
5845,0.41593
5846,0.22465000000000002
5847,0.18237
5848,0.054630000000000005
5849,0.00831
5850,0.0
5851,0.0
5852,0.0
5853,0.0
5854,0.0
5855,0.0
5856,0.0
5857,0.0
5858,0.0
5859,0.0
5860,0.0
5861,0.0
5862,0.0
5863,0.012150000000000001
5864,0.03554
5865,0.07881999999999999
5866,0.06561
5867,0.07819
5868,0.13691
5869,0.10797
5870,0.16061
5871,0.0649
5872,0.019969999999999998
5873,0.0165
5874,0.0
5875,0.0
5876,0.0
5877,0.0
5878,0.0
5879,0.0
5880,0.0
5881,0.0
5882,0.0
5883,0.0
5884,0.0
5885,0.0
5886,0.00859
5887,0.06112
5888,0.19419999999999998
5889,0.29538
5890,0.35752999999999996
5891,0.32907
5892,0.27072
5893,0.41368
5894,0.42235
5895,0.19876
5896,0.09754
5897,0.02259
5898,0.0
5899,0.0
5900,0.0
5901,0.0
5902,0.0
5903,0.0
5904,0.0
5905,0.0
5906,0.0
5907,0.0
5908,0.0
5909,0.0
5910,0.00225
5911,0.03114
5912,0.08233
5913,0.14267
5914,0.25925
5915,0.13509000000000002
5916,0.25182
5917,0.39782
5918,0.25436000000000003
5919,0.12276000000000001
5920,0.053340000000000005
5921,0.01048
5922,0.0
5923,0.0
5924,0.0
5925,0.0
5926,0.0
5927,0.0
5928,0.0
5929,0.0
5930,0.0
5931,0.0
5932,0.0
5933,0.0
5934,0.00907
5935,0.08907999999999999
5936,0.19682
5937,0.15772
5938,0.20098
5939,0.18600999999999998
5940,0.30557
5941,0.43417
5942,0.40547000000000005
5943,0.24881
5944,0.19947
5945,0.03427
5946,0.0
5947,0.0
5948,0.0
5949,0.0
5950,0.0
5951,0.0
5952,0.0
5953,0.0
5954,0.0
5955,0.0
5956,0.0
5957,0.0
5958,0.00082
5959,0.0024
5960,0.0424
5961,0.04458
5962,0.16597
5963,0.16407
5964,0.26863
5965,0.42963
5966,0.36163999999999996
5967,0.21144
5968,0.09194
5969,0.023420000000000003
5970,0.0
5971,0.0
5972,0.0
5973,0.0
5974,0.0
5975,0.0
5976,0.0
5977,0.0
5978,0.0
5979,0.0
5980,0.0
5981,0.0
5982,0.004860000000000001
5983,0.039850000000000003
5984,0.1144
5985,0.16845
5986,0.18275
5987,0.25344
5988,0.33684
5989,0.26208
5990,0.21116
5991,0.10312
5992,0.08339
5993,0.01789
5994,0.0
5995,0.0
5996,0.0
5997,0.0
5998,0.0
5999,0.0
6000,0.0
6001,0.0
6002,0.0
6003,0.0
6004,0.0
6005,0.0
6006,0.00376
6007,0.02431
6008,0.06534999999999999
6009,0.08553
6010,0.12224
6011,0.31339999999999996
6012,0.46558
6013,0.18338
6014,0.26674000000000003
6015,0.18255000000000002
6016,0.08016
6017,0.01925
6018,0.0
6019,0.0
6020,0.0
6021,0.0
6022,0.0
6023,0.0
6024,0.0
6025,0.0
6026,0.0
6027,0.0
6028,0.0
6029,0.0
6030,0.00391
6031,0.05868
6032,0.15485
6033,0.28234
6034,0.4177
6035,0.49017
6036,0.40429000000000004
6037,0.41569
6038,0.36251
6039,0.21583000000000002
6040,0.061939999999999995
6041,0.00737
6042,0.0
6043,0.0
6044,0.0
6045,0.0
6046,0.0
6047,0.0
6048,0.0
6049,0.0
6050,0.0
6051,0.0
6052,0.0
6053,0.0
6054,0.00464
6055,0.0162
6056,0.02741
6057,0.04988
6058,0.19447
6059,0.45776999999999995
6060,0.6264299999999999
6061,0.18089
6062,0.14667
6063,0.18075
6064,0.12794
6065,0.02275
6066,0.0
6067,0.0
6068,0.0
6069,0.0
6070,0.0
6071,0.0
6072,0.0
6073,0.0
6074,0.0
6075,0.0
6076,0.0
6077,0.0
6078,0.01251
6079,0.07268000000000001
6080,0.18281999999999998
6081,0.30189
6082,0.48252
6083,0.43665
6084,0.48101
6085,0.5524600000000001
6086,0.35774
6087,0.21977000000000002
6088,0.09124
6089,0.02488
6090,0.0
6091,0.0
6092,0.0
6093,0.0
6094,0.0
6095,0.0
6096,0.0
6097,0.0
6098,0.0
6099,0.0
6100,0.0
6101,0.0
6102,0.01644
6103,0.11278
6104,0.17875
6105,0.27616
6106,0.30246
6107,0.38548000000000004
6108,0.38401
6109,0.46687
6110,0.34770999999999996
6111,0.32232
6112,0.15886
6113,0.03202
6114,0.0
6115,0.0
6116,0.0
6117,0.0
6118,0.0
6119,0.0
6120,0.0
6121,0.0
6122,0.0
6123,0.0
6124,0.0
6125,0.0
6126,0.019129999999999998
6127,0.16097
6128,0.33265
6129,0.40270999999999996
6130,0.49369999999999997
6131,0.58721
6132,0.37015
6133,0.47537
6134,0.30566000000000004
6135,0.22622
6136,0.07499
6137,0.01276
6138,0.0
6139,0.0
6140,0.0
6141,0.0
6142,0.0
6143,0.0
6144,0.0
6145,0.0
6146,0.0
6147,0.0
6148,0.0
6149,0.0
6150,0.01465
6151,0.11998
6152,0.33236
6153,0.4658
6154,0.54074
6155,0.6424099999999999
6156,0.6827799999999999
6157,0.55963
6158,0.43711
6159,0.2752
6160,0.13425
6161,0.0066500000000000005
6162,0.0
6163,0.0
6164,0.0
6165,0.0
6166,0.0
6167,0.0
6168,0.0
6169,0.0
6170,0.0
6171,0.0
6172,0.0
6173,0.0
6174,0.01088
6175,0.06112
6176,0.22744
6177,0.34070999999999996
6178,0.45187
6179,0.29147
6180,0.22087
6181,0.48269999999999996
6182,0.29370999999999997
6183,0.19103
6184,0.07223
6185,0.00903
6186,0.0
6187,0.0
6188,0.0
6189,0.0
6190,0.0
6191,0.0
6192,0.0
6193,0.0
6194,0.0
6195,0.0
6196,0.0
6197,0.0
6198,0.00209
6199,0.02498
6200,0.0495
6201,0.05418
6202,0.20984999999999998
6203,0.062119999999999995
6204,0.06057
6205,0.20934
6206,0.23404
6207,0.12934
6208,0.06722
6209,0.00393
6210,0.0
6211,0.0
6212,0.0
6213,0.0
6214,0.0
6215,0.0
6216,0.0
6217,0.0
6218,0.0
6219,0.0
6220,0.0
6221,0.0
6222,0.01391
6223,0.12409999999999999
6224,0.2805
6225,0.45027999999999996
6226,0.36282
6227,0.33925
6228,0.23798
6229,0.32708
6230,0.24417
6231,0.15727000000000002
6232,0.07056
6233,0.0060999999999999995
6234,0.0
6235,0.0
6236,0.0
6237,0.0
6238,0.0
6239,0.0
6240,0.0
6241,0.0
6242,0.0
6243,0.0
6244,0.0
6245,0.0
6246,0.01299
6247,0.09924
6248,0.20893
6249,0.24528999999999998
6250,0.33982
6251,0.3613
6252,0.24708000000000002
6253,0.43603
6254,0.32439999999999997
6255,0.24638
6256,0.11547
6257,0.01844
6258,0.0
6259,0.0
6260,0.0
6261,0.0
6262,0.0
6263,0.0
6264,0.0
6265,0.0
6266,0.0
6267,0.0
6268,0.0
6269,0.0
6270,0.00093
6271,0.018269999999999998
6272,0.03932
6273,0.14704
6274,0.07145
6275,0.16169999999999998
6276,0.29547
6277,0.22365000000000002
6278,0.12837
6279,0.15641999999999998
6280,0.06954
6281,0.01238
6282,0.0
6283,0.0
6284,0.0
6285,0.0
6286,0.0
6287,0.0
6288,0.0
6289,0.0
6290,0.0
6291,0.0
6292,0.0
6293,0.0
6294,0.0028
6295,0.04044
6296,0.061439999999999995
6297,0.05168
6298,0.02402
6299,0.062310000000000004
6300,0.07875
6301,0.40557
6302,0.28787999999999997
6303,0.24255000000000002
6304,0.10761
6305,0.01515
6306,0.0
6307,0.0
6308,0.0
6309,0.0
6310,0.0
6311,0.0
6312,0.0
6313,0.0
6314,0.0
6315,0.0
6316,0.0
6317,0.0
6318,0.020829999999999998
6319,0.15177000000000002
6320,0.30617
6321,0.49459
6322,0.58293
6323,0.61152
6324,0.55876
6325,0.51686
6326,0.30688
6327,0.14345
6328,0.12082999999999999
6329,0.00708
6330,0.0
6331,0.0
6332,0.0
6333,0.0
6334,0.0
6335,0.0
6336,0.0
6337,0.0
6338,0.0
6339,0.0
6340,0.0
6341,0.0
6342,0.01119
6343,0.10604999999999999
6344,0.16657
6345,0.28404
6346,0.18625999999999998
6347,0.31207999999999997
6348,0.26921
6349,0.33618000000000003
6350,0.33429000000000003
6351,0.20007
6352,0.03886
6353,0.00661
6354,0.0
6355,0.0
6356,0.0
6357,0.0
6358,0.0
6359,0.0
6360,0.0
6361,0.0
6362,0.0
6363,0.0
6364,0.0
6365,0.0
6366,0.00647
6367,0.06566
6368,0.1669
6369,0.20799
6370,0.34424
6371,0.477
6372,0.37675
6373,0.24746
6374,0.19608
6375,0.12276000000000001
6376,0.04202
6377,0.006030000000000001
6378,0.0
6379,0.0
6380,0.0
6381,0.0
6382,0.0
6383,0.0
6384,0.0
6385,0.0
6386,0.0
6387,0.0
6388,0.0
6389,0.0
6390,0.00257
6391,0.016309999999999998
6392,0.08936
6393,0.12332
6394,0.14815
6395,0.21853
6396,0.28925
6397,0.12403
6398,0.15891
6399,0.07639
6400,0.06007
6401,0.01112
6402,0.0
6403,0.0
6404,0.0
6405,0.0
6406,0.0
6407,0.0
6408,0.0
6409,0.0
6410,0.0
6411,0.0
6412,0.0
6413,0.0
6414,0.00783
6415,0.038380000000000004
6416,0.14731
6417,0.34042
6418,0.30258999999999997
6419,0.39225
6420,0.20428
6421,0.37405
6422,0.27249
6423,0.19328
6424,0.06328
6425,0.01024
6426,0.0
6427,0.0
6428,0.0
6429,0.0
6430,0.0
6431,0.0
6432,0.0
6433,0.0
6434,0.0
6435,0.0
6436,0.0
6437,0.0
6438,0.01434
6439,0.07421
6440,0.25032
6441,0.37683
6442,0.49914
6443,0.49694
6444,0.66477
6445,0.35736
6446,0.37499
6447,0.19644
6448,0.07198
6449,0.01074
6450,0.0
6451,0.0
6452,0.0
6453,0.0
6454,0.0
6455,0.0
6456,0.0
6457,0.0
6458,0.0
6459,0.0
6460,0.0
6461,0.0
6462,0.00211
6463,0.03464
6464,0.10031
6465,0.24552000000000002
6466,0.25888
6467,0.31808
6468,0.33027
6469,0.26294
6470,0.23955
6471,0.19734000000000002
6472,0.07481
6473,0.00412
6474,0.0
6475,0.0
6476,0.0
6477,0.0
6478,0.0
6479,0.0
6480,0.0
6481,0.0
6482,0.0
6483,0.0
6484,0.0
6485,0.0
6486,0.016739999999999998
6487,0.13298
6488,0.22263
6489,0.29361000000000004
6490,0.5609400000000001
6491,0.5801900000000001
6492,0.5877100000000001
6493,0.4198
6494,0.25253
6495,0.15425999999999998
6496,0.026269999999999998
6497,0.00156
6498,0.0
6499,0.0
6500,0.0
6501,0.0
6502,0.0
6503,0.0
6504,0.0
6505,0.0
6506,0.0
6507,0.0
6508,0.0
6509,0.0
6510,0.02054
6511,0.13356
6512,0.26273
6513,0.425
6514,0.47663
6515,0.53947
6516,0.5447799999999999
6517,0.47082
6518,0.37441
6519,0.22794999999999999
6520,0.09331999999999999
6521,0.00887
6522,0.0
6523,0.0
6524,0.0
6525,0.0
6526,0.0
6527,0.0
6528,0.0
6529,0.0
6530,0.0
6531,0.0
6532,0.0
6533,0.0
6534,0.009529999999999999
6535,0.08876
6536,0.19751
6537,0.36319
6538,0.5204099999999999
6539,0.50907
6540,0.38889
6541,0.34224
6542,0.30127
6543,0.19612000000000002
6544,0.08201
6545,0.01025
6546,0.0
6547,0.0
6548,0.0
6549,0.0
6550,0.0
6551,0.0
6552,0.0
6553,0.0
6554,0.0
6555,0.0
6556,0.0
6557,0.0
6558,0.01946
6559,0.1361
6560,0.22813
6561,0.29991
6562,0.49543
6563,0.6222000000000001
6564,0.5947899999999999
6565,0.2784
6566,0.16262000000000001
6567,0.1225
6568,0.04918
6569,0.00457
6570,0.0
6571,0.0
6572,0.0
6573,0.0
6574,0.0
6575,0.0
6576,0.0
6577,0.0
6578,0.0
6579,0.0
6580,0.0
6581,0.0
6582,0.00335
6583,0.0105
6584,0.05366
6585,0.05176
6586,0.11511
6587,0.11945
6588,0.09064
6589,0.08331000000000001
6590,0.03782
6591,0.04007
6592,0.02526
6593,0.00272
6594,0.0
6595,0.0
6596,0.0
6597,0.0
6598,0.0
6599,0.0
6600,0.0
6601,0.0
6602,0.0
6603,0.0
6604,0.0
6605,0.0
6606,0.020739999999999998
6607,0.15305000000000002
6608,0.31675
6609,0.45013
6610,0.49363999999999997
6611,0.5529299999999999
6612,0.5905499999999999
6613,0.49594
6614,0.20163999999999999
6615,0.16206
6616,0.0513
6617,0.00439
6618,0.0
6619,0.0
6620,0.0
6621,0.0
6622,0.0
6623,0.0
6624,0.0
6625,0.0
6626,0.0
6627,0.0
6628,0.0
6629,0.0
6630,0.0
6631,0.00461
6632,0.00844
6633,0.03492
6634,0.019010000000000003
6635,0.08626
6636,0.06991
6637,0.2948
6638,0.26174000000000003
6639,0.21699000000000002
6640,0.11198000000000001
6641,0.01611
6642,0.0
6643,0.0
6644,0.0
6645,0.0
6646,0.0
6647,0.0
6648,0.0
6649,0.0
6650,0.0
6651,0.0
6652,0.0
6653,0.0
6654,0.03065
6655,0.08878
6656,0.25868
6657,0.41248
6658,0.5002099999999999
6659,0.54173
6660,0.43513999999999997
6661,0.5543899999999999
6662,0.47872000000000003
6663,0.12517
6664,0.07683
6665,0.00454
6666,0.0
6667,0.0
6668,0.0
6669,0.0
6670,0.0
6671,0.0
6672,0.0
6673,0.0
6674,0.0
6675,0.0
6676,0.0
6677,0.0
6678,0.00746
6679,0.052719999999999996
6680,0.11718
6681,0.21539
6682,0.29842
6683,0.33437
6684,0.51946
6685,0.37824
6686,0.40568
6687,0.15466
6688,0.05571
6689,0.00617
6690,0.0
6691,0.0
6692,0.0
6693,0.0
6694,0.0
6695,0.0
6696,0.0
6697,0.0
6698,0.0
6699,0.0
6700,0.0
6701,0.0
6702,0.02007
6703,0.13709
6704,0.29054
6705,0.35147
6706,0.47463
6707,0.50642
6708,0.63239
6709,0.50261
6710,0.32585000000000003
6711,0.16122
6712,0.08501
6713,0.00033
6714,0.0
6715,0.0
6716,0.0
6717,0.0
6718,0.0
6719,0.0
6720,0.0
6721,0.0
6722,0.0
6723,0.0
6724,0.0
6725,0.0
6726,0.023440000000000003
6727,0.12838
6728,0.2575
6729,0.39339999999999997
6730,0.41279000000000005
6731,0.43672000000000005
6732,0.47014999999999996
6733,0.39843
6734,0.20721
6735,0.19105
6736,0.09375
6737,0.01154
6738,0.0
6739,0.0
6740,0.0
6741,0.0
6742,0.0
6743,0.0
6744,0.0
6745,0.0
6746,0.0
6747,0.0
6748,0.0
6749,0.0
6750,0.00813
6751,0.07299
6752,0.18264
6753,0.37721
6754,0.46543
6755,0.46729000000000004
6756,0.36795999999999995
6757,0.34208
6758,0.26544999999999996
6759,0.24972
6760,0.09586
6761,0.00666
6762,0.0
6763,0.0
6764,0.0
6765,0.0
6766,0.0
6767,0.0
6768,0.0
6769,0.0
6770,0.0
6771,0.0
6772,0.0
6773,0.0
6774,0.0046500000000000005
6775,0.04536
6776,0.13084
6777,0.22213999999999998
6778,0.25542
6779,0.19894
6780,0.14639
6781,0.3261
6782,0.29497
6783,0.16501
6784,0.09104000000000001
6785,0.00713
6786,0.0
6787,0.0
6788,0.0
6789,0.0
6790,0.0
6791,0.0
6792,0.0
6793,0.0
6794,0.0
6795,0.0
6796,0.0
6797,0.0
6798,0.0025
6799,0.03772
6800,0.12426000000000001
6801,0.24197
6802,0.40063
6803,0.29344
6804,0.31498000000000004
6805,0.39606
6806,0.46249
6807,0.22177000000000002
6808,0.07235
6809,0.0108
6810,0.0
6811,0.0
6812,0.0
6813,0.0
6814,0.0
6815,0.0
6816,0.0
6817,0.0
6818,0.0
6819,0.0
6820,0.0
6821,0.0
6822,0.004059999999999999
6823,0.06111
6824,0.12287999999999999
6825,0.22798
6826,0.23856
6827,0.34616
6828,0.40976
6829,0.5169199999999999
6830,0.39022
6831,0.20467
6832,0.071
6833,0.00364
6834,0.0
6835,0.0
6836,0.0
6837,0.0
6838,0.0
6839,0.0
6840,0.0
6841,0.0
6842,0.0
6843,0.0
6844,0.0
6845,0.0
6846,0.00679
6847,0.08170000000000001
6848,0.1465
6849,0.24645
6850,0.35143
6851,0.42228
6852,0.34620999999999996
6853,0.5367000000000001
6854,0.29237
6855,0.19999
6856,0.08643
6857,0.0096
6858,0.0
6859,0.0
6860,0.0
6861,0.0
6862,0.0
6863,0.0
6864,0.0
6865,0.0
6866,0.0
6867,0.0
6868,0.0
6869,0.0
6870,0.0022299999999999998
6871,0.01199
6872,0.04537
6873,0.10984999999999999
6874,0.18245
6875,0.16334
6876,0.28736
6877,0.409
6878,0.28924
6879,0.1625
6880,0.07282
6881,0.005900000000000001
6882,0.0
6883,0.0
6884,0.0
6885,0.0
6886,0.0
6887,0.0
6888,0.0
6889,0.0
6890,0.0
6891,0.0
6892,0.0
6893,0.0
6894,0.00532
6895,0.04836
6896,0.07215
6897,0.12022
6898,0.18603999999999998
6899,0.18639
6900,0.12819
6901,0.02853
6902,0.06665
6903,0.01815
6904,0.02379
6905,0.00152
6906,0.0
6907,0.0
6908,0.0
6909,0.0
6910,0.0
6911,0.0
6912,0.0
6913,0.0
6914,0.0
6915,0.0
6916,0.0
6917,0.0
6918,0.01322
6919,0.15693000000000001
6920,0.27233999999999997
6921,0.5127
6922,0.36719
6923,0.50056
6924,0.39133
6925,0.34184
6926,0.37305
6927,0.12715
6928,0.02993
6929,0.00534
6930,0.0
6931,0.0
6932,0.0
6933,0.0
6934,0.0
6935,0.0
6936,0.0
6937,0.0
6938,0.0
6939,0.0
6940,0.0
6941,0.0
6942,0.00858
6943,0.03929
6944,0.06222
6945,0.06554
6946,0.10618999999999999
6947,0.040479999999999995
6948,0.08868999999999999
6949,0.2844
6950,0.13606000000000001
6951,0.12607
6952,0.05029
6953,0.00217
6954,0.0
6955,0.0
6956,0.0
6957,0.0
6958,0.0
6959,0.0
6960,0.0
6961,0.0
6962,0.0
6963,0.0
6964,0.0
6965,0.0
6966,0.0
6967,0.0
6968,0.00282
6969,0.02088
6970,0.11017
6971,0.11243
6972,0.11006
6973,0.36787000000000003
6974,0.29733
6975,0.11341
6976,0.06945
6977,0.00328
6978,0.0
6979,0.0
6980,0.0
6981,0.0
6982,0.0
6983,0.0
6984,0.0
6985,0.0
6986,0.0
6987,0.0
6988,0.0
6989,0.0
6990,0.01243
6991,0.07336
6992,0.16008
6993,0.33394999999999997
6994,0.34122
6995,0.32239
6996,0.41287
6997,0.26717
6998,0.35607
6999,0.15130000000000002
7000,0.09655
7001,0.00558
7002,0.0
7003,0.0
7004,0.0
7005,0.0
7006,0.0
7007,0.0
7008,0.0
7009,0.0
7010,0.0
7011,0.0
7012,0.0
7013,0.0
7014,0.015619999999999998
7015,0.08792
7016,0.27048
7017,0.32504
7018,0.38632
7019,0.34954
7020,0.44655
7021,0.31744
7022,0.21353999999999998
7023,0.08119
7024,0.04574
7025,0.0
7026,0.0
7027,0.0
7028,0.0
7029,0.0
7030,0.0
7031,0.0
7032,0.0
7033,0.0
7034,0.0
7035,0.0
7036,0.0
7037,0.0
7038,0.01297
7039,0.09620000000000001
7040,0.20332
7041,0.23990999999999998
7042,0.43277
7043,0.42905
7044,0.42084
7045,0.26683
7046,0.32923
7047,0.17064
7048,0.09275
7049,0.00562
7050,0.0
7051,0.0
7052,0.0
7053,0.0
7054,0.0
7055,0.0
7056,0.0
7057,0.0
7058,0.0
7059,0.0
7060,0.0
7061,0.0
7062,0.00625
7063,0.08262
7064,0.19049000000000002
7065,0.33694
7066,0.30422000000000005
7067,0.22573
7068,0.26554
7069,0.38683
7070,0.13738999999999998
7071,0.05374
7072,0.02416
7073,0.0
7074,0.0
7075,0.0
7076,0.0
7077,0.0
7078,0.0
7079,0.0
7080,0.0
7081,0.0
7082,0.0
7083,0.0
7084,0.0
7085,0.0
7086,0.0015300000000000001
7087,0.01564
7088,0.03685
7089,0.1019
7090,0.12251000000000001
7091,0.15975999999999999
7092,0.15221
7093,0.21105000000000002
7094,0.09165000000000001
7095,0.06816
7096,0.03531
7097,0.00166
7098,0.0
7099,0.0
7100,0.0
7101,0.0
7102,0.0
7103,0.0
7104,0.0
7105,0.0
7106,0.0
7107,0.0
7108,0.0
7109,0.0
7110,0.00753
7111,0.09428
7112,0.1739
7113,0.26266
7114,0.32356999999999997
7115,0.31066000000000005
7116,0.32109
7117,0.31262
7118,0.30005000000000004
7119,0.15747999999999998
7120,0.05263
7121,0.00196
7122,0.0
7123,0.0
7124,0.0
7125,0.0
7126,0.0
7127,0.0
7128,0.0
7129,0.0
7130,0.0
7131,0.0
7132,0.0
7133,0.0
7134,0.011949999999999999
7135,0.07898000000000001
7136,0.15097
7137,0.27086
7138,0.2807
7139,0.37054000000000004
7140,0.36145
7141,0.36462
7142,0.26214
7143,0.15456
7144,0.07301
7145,0.004059999999999999
7146,0.0
7147,0.0
7148,0.0
7149,0.0
7150,0.0
7151,0.0
7152,0.0
7153,0.0
7154,0.0
7155,0.0
7156,0.0
7157,0.0
7158,0.019760000000000003
7159,0.11634
7160,0.25915
7161,0.35543
7162,0.39211
7163,0.44121
7164,0.60027
7165,0.24597999999999998
7166,0.17011
7167,0.07684
7168,0.03548
7169,0.00488
7170,0.0
7171,0.0
7172,0.0
7173,0.0
7174,0.0
7175,0.0
7176,0.0
7177,0.0
7178,0.0
7179,0.0
7180,0.0
7181,0.0
7182,0.00547
7183,0.044520000000000004
7184,0.08477
7185,0.13127
7186,0.21933000000000002
7187,0.20116
7188,0.24841999999999997
7189,0.08773
7190,0.0773
7191,0.06263
7192,0.015220000000000001
7193,0.0
7194,0.0
7195,0.0
7196,0.0
7197,0.0
7198,0.0
7199,0.0
7200,0.0
7201,0.0
7202,0.0
7203,0.0
7204,0.0
7205,0.0
7206,0.00069
7207,0.00398
7208,0.01183
7209,0.022969999999999997
7210,0.03866
7211,0.04314
7212,0.08387
7213,0.18749000000000002
7214,0.13605
7215,0.12542
7216,0.048920000000000005
7217,0.00189
7218,0.0
7219,0.0
7220,0.0
7221,0.0
7222,0.0
7223,0.0
7224,0.0
7225,0.0
7226,0.0
7227,0.0
7228,0.0
7229,0.0
7230,0.020239999999999998
7231,0.11875
7232,0.23512
7233,0.27209
7234,0.34046
7235,0.3451
7236,0.41931
7237,0.48485
7238,0.36401999999999995
7239,0.16826
7240,0.055420000000000004
7241,0.00367
7242,0.0
7243,0.0
7244,0.0
7245,0.0
7246,0.0
7247,0.0
7248,0.0
7249,0.0
7250,0.0
7251,0.0
7252,0.0
7253,0.0
7254,0.00408
7255,0.0126
7256,0.03288
7257,0.02983
7258,0.16722
7259,0.21503999999999998
7260,0.13755
7261,0.13497
7262,0.08269
7263,0.06715
7264,0.03041
7265,0.0027400000000000002
7266,0.0
7267,0.0
7268,0.0
7269,0.0
7270,0.0
7271,0.0
7272,0.0
7273,0.0
7274,0.0
7275,0.0
7276,0.0
7277,0.0
7278,0.00613
7279,0.02522
7280,0.04324
7281,0.14057
7282,0.1268
7283,0.36695999999999995
7284,0.42513
7285,0.42489
7286,0.21888999999999997
7287,0.12625
7288,0.05869
7289,0.00242
7290,0.0
7291,0.0
7292,0.0
7293,0.0
7294,0.0
7295,0.0
7296,0.0
7297,0.0
7298,0.0
7299,0.0
7300,0.0
7301,0.0
7302,0.01368
7303,0.045899999999999996
7304,0.14464
7305,0.14818
7306,0.09738
7307,0.09018999999999999
7308,0.06577
7309,0.14959999999999998
7310,0.06024
7311,0.046079999999999996
7312,0.01094
7313,8e-05
7314,0.0
7315,0.0
7316,0.0
7317,0.0
7318,0.0
7319,0.0
7320,0.0
7321,0.0
7322,0.0
7323,0.0
7324,0.0
7325,0.0
7326,0.00093
7327,0.01591
7328,0.13256
7329,0.10015
7330,0.19386
7331,0.29898
7332,0.23442
7333,0.18978
7334,0.19838999999999998
7335,0.06335
7336,0.03406
7337,0.0
7338,0.0
7339,0.0
7340,0.0
7341,0.0
7342,0.0
7343,0.0
7344,0.0
7345,0.0
7346,0.0
7347,0.0
7348,0.0
7349,0.0
7350,0.0
7351,0.01067
7352,0.02813
7353,0.02759
7354,0.07154
7355,0.12107
7356,0.1359
7357,0.14687999999999998
7358,0.0676
7359,0.0479
7360,0.02041
7361,0.0
7362,0.0
7363,0.0
7364,0.0
7365,0.0
7366,0.0
7367,0.0
7368,0.0
7369,0.0
7370,0.0
7371,0.0
7372,0.0
7373,0.0
7374,0.0005899999999999999
7375,0.0072699999999999996
7376,0.020210000000000002
7377,0.08981
7378,0.11474
7379,0.25761
7380,0.15519
7381,0.44029
7382,0.2666
7383,0.13565
7384,0.02182
7385,0.0
7386,0.0
7387,0.0
7388,0.0
7389,0.0
7390,0.0
7391,0.0
7392,0.0
7393,0.0
7394,0.0
7395,0.0
7396,0.0
7397,0.0
7398,0.0299
7399,0.15904
7400,0.36997
7401,0.36984
7402,0.6103
7403,0.5932799999999999
7404,0.4617
7405,0.25673
7406,0.25943
7407,0.12079999999999999
7408,0.03187
7409,0.0
7410,0.0
7411,0.0
7412,0.0
7413,0.0
7414,0.0
7415,0.0
7416,0.0
7417,0.0
7418,0.0
7419,0.0
7420,0.0
7421,0.0
7422,0.00347
7423,0.022359999999999998
7424,0.07617
7425,0.1095
7426,0.18350999999999998
7427,0.27986
7428,0.37564
7429,0.3683
7430,0.24659
7431,0.20543
7432,0.07178
7433,0.00226
7434,0.0
7435,0.0
7436,0.0
7437,0.0
7438,0.0
7439,0.0
7440,0.0
7441,0.0
7442,0.0
7443,0.0
7444,0.0
7445,0.0
7446,0.01695
7447,0.13996
7448,0.33453
7449,0.28081
7450,0.5423300000000001
7451,0.57475
7452,0.45286000000000004
7453,0.42774
7454,0.24084999999999998
7455,0.17627
7456,0.03073
7457,0.00128
7458,0.0
7459,0.0
7460,0.0
7461,0.0
7462,0.0
7463,0.0
7464,0.0
7465,0.0
7466,0.0
7467,0.0
7468,0.0
7469,0.0
7470,0.00733
7471,0.02629
7472,0.07288
7473,0.14978999999999998
7474,0.11544
7475,0.22247999999999998
7476,0.18503999999999998
7477,0.2205
7478,0.18159
7479,0.09129999999999999
7480,0.01694
7481,0.00281
7482,0.0
7483,0.0
7484,0.0
7485,0.0
7486,0.0
7487,0.0
7488,0.0
7489,0.0
7490,0.0
7491,0.0
7492,0.0
7493,0.0
7494,0.022269999999999998
7495,0.12524
7496,0.2351
7497,0.31606
7498,0.37631
7499,0.46487
7500,0.4745
7501,0.25517
7502,0.20359
7503,0.13966
7504,0.06606000000000001
7505,0.0073
7506,0.0
7507,0.0
7508,0.0
7509,0.0
7510,0.0
7511,0.0
7512,0.0
7513,0.0
7514,0.0
7515,0.0
7516,0.0
7517,0.0
7518,0.00861
7519,0.0327
7520,0.08651
7521,0.10175
7522,0.15349000000000002
7523,0.14941
7524,0.17914
7525,0.36010000000000003
7526,0.27545
7527,0.07255
7528,0.08073000000000001
7529,0.00377
7530,0.0
7531,0.0
7532,0.0
7533,0.0
7534,0.0
7535,0.0
7536,0.0
7537,0.0
7538,0.0
7539,0.0
7540,0.0
7541,0.0
7542,0.0
7543,0.02014
7544,0.05798
7545,0.07271
7546,0.13152
7547,0.2345
7548,0.21761000000000003
7549,0.11217
7550,0.056229999999999995
7551,0.04209
7552,0.03503
7553,0.00117
7554,0.0
7555,0.0
7556,0.0
7557,0.0
7558,0.0
7559,0.0
7560,0.0
7561,0.0
7562,0.0
7563,0.0
7564,0.0
7565,0.0
7566,0.00039
7567,0.0114
7568,0.03622
7569,0.10154
7570,0.09401999999999999
7571,0.19994
7572,0.1712
7573,0.19891999999999999
7574,0.12407
7575,0.048240000000000005
7576,0.04398
7577,0.0
7578,0.0
7579,0.0
7580,0.0
7581,0.0
7582,0.0
7583,0.0
7584,0.0
7585,0.0
7586,0.0
7587,0.0
7588,0.0
7589,0.0
7590,0.0
7591,0.00552
7592,0.00876
7593,0.00819
7594,0.0024700000000000004
7595,0.020300000000000002
7596,0.04847
7597,0.045869999999999994
7598,0.039990000000000005
7599,0.022940000000000002
7600,0.01089
7601,0.0
7602,0.0
7603,0.0
7604,0.0
7605,0.0
7606,0.0
7607,0.0
7608,0.0
7609,0.0
7610,0.0
7611,0.0
7612,0.0
7613,0.0
7614,0.00218
7615,0.013529999999999999
7616,0.03433
7617,0.07984000000000001
7618,0.045590000000000006
7619,0.16181
7620,0.19019
7621,0.22012
7622,0.22322999999999998
7623,0.10826000000000001
7624,0.048549999999999996
7625,0.00202
7626,0.0
7627,0.0
7628,0.0
7629,0.0
7630,0.0
7631,0.0
7632,0.0
7633,0.0
7634,0.0
7635,0.0
7636,0.0
7637,0.0
7638,0.0016200000000000001
7639,0.02481
7640,0.03793
7641,0.07594
7642,0.13022
7643,0.13978
7644,0.21336000000000002
7645,0.1716
7646,0.0851
7647,0.07582
7648,0.030789999999999998
7649,0.0011
7650,0.0
7651,0.0
7652,0.0
7653,0.0
7654,0.0
7655,0.0
7656,0.0
7657,0.0
7658,0.0
7659,0.0
7660,0.0
7661,0.0
7662,0.01409
7663,0.08723
7664,0.15002000000000001
7665,0.2755
7666,0.32275
7667,0.28745
7668,0.39019
7669,0.42862
7670,0.24018
7671,0.1839
7672,0.06318
7673,0.0052699999999999995
7674,0.0
7675,0.0
7676,0.0
7677,0.0
7678,0.0
7679,0.0
7680,0.0
7681,0.0
7682,0.0
7683,0.0
7684,0.0
7685,0.0
7686,0.00185
7687,0.027280000000000002
7688,0.03646
7689,0.05946
7690,0.1288
7691,0.10399
7692,0.15063
7693,0.19122999999999998
7694,0.16482
7695,0.07757
7696,0.01478
7697,0.00022
7698,0.0
7699,0.0
7700,0.0
7701,0.0
7702,0.0
7703,0.0
7704,0.0
7705,0.0
7706,0.0
7707,0.0
7708,0.0
7709,0.0
7710,0.00677
7711,0.06336
7712,0.17182
7713,0.21868
7714,0.37157999999999997
7715,0.38239
7716,0.2824
7717,0.35197
7718,0.17468999999999998
7719,0.09101000000000001
7720,0.04826
7721,0.00408
7722,0.0
7723,0.0
7724,0.0
7725,0.0
7726,0.0
7727,0.0
7728,0.0
7729,0.0
7730,0.0
7731,0.0
7732,0.0
7733,0.0
7734,0.0
7735,0.00461
7736,0.02618
7737,0.04373
7738,0.09749
7739,0.12362000000000001
7740,0.14041
7741,0.12563
7742,0.10311
7743,0.053009999999999995
7744,0.020550000000000002
7745,0.00501
7746,0.0
7747,0.0
7748,0.0
7749,0.0
7750,0.0
7751,0.0
7752,0.0
7753,0.0
7754,0.0
7755,0.0
7756,0.0
7757,0.0
7758,0.01671
7759,0.15784
7760,0.28729000000000005
7761,0.41907
7762,0.49542
7763,0.46370999999999996
7764,0.50232
7765,0.40345
7766,0.38130000000000003
7767,0.17185
7768,0.09993
7769,0.00735
7770,0.0
7771,0.0
7772,0.0
7773,0.0
7774,0.0
7775,0.0
7776,0.0
7777,0.0
7778,0.0
7779,0.0
7780,0.0
7781,0.0
7782,0.01016
7783,0.08151
7784,0.20103000000000001
7785,0.17175
7786,0.24785
7787,0.37894
7788,0.31561
7789,0.37327999999999995
7790,0.24578999999999998
7791,0.14934
7792,0.05929
7793,0.0007199999999999999
7794,0.0
7795,0.0
7796,0.0
7797,0.0
7798,0.0
7799,0.0
7800,0.0
7801,0.0
7802,0.0
7803,0.0
7804,0.0
7805,0.0
7806,0.00607
7807,0.010369999999999999
7808,0.08227
7809,0.09955
7810,0.17264
7811,0.09257
7812,0.23223
7813,0.34576999999999997
7814,0.18408000000000002
7815,0.15831
7816,0.0446
7817,0.0002
7818,0.0
7819,0.0
7820,0.0
7821,0.0
7822,0.0
7823,0.0
7824,0.0
7825,0.0
7826,0.0
7827,0.0
7828,0.0
7829,0.0
7830,0.00452
7831,0.05665
7832,0.19212
7833,0.48907999999999996
7834,0.42434
7835,0.45688999999999996
7836,0.38095
7837,0.24750999999999998
7838,0.19763999999999998
7839,0.20077
7840,0.08603
7841,0.00395
7842,0.0
7843,0.0
7844,0.0
7845,0.0
7846,0.0
7847,0.0
7848,0.0
7849,0.0
7850,0.0
7851,0.0
7852,0.0
7853,0.0
7854,0.0
7855,0.01662
7856,0.03475
7857,0.13425
7858,0.16351
7859,0.10093
7860,0.18430000000000002
7861,0.19279
7862,0.24254
7863,0.21755000000000002
7864,0.08098000000000001
7865,0.005690000000000001
7866,0.0
7867,0.0
7868,0.0
7869,0.0
7870,0.0
7871,0.0
7872,0.0
7873,0.0
7874,0.0
7875,0.0
7876,0.0
7877,0.0
7878,0.02071
7879,0.15569999999999998
7880,0.22641
7881,0.39788
7882,0.43827
7883,0.39861
7884,0.54963
7885,0.29964999999999997
7886,0.27108
7887,0.15108000000000002
7888,0.08469
7889,0.00564
7890,0.0
7891,0.0
7892,0.0
7893,0.0
7894,0.0
7895,0.0
7896,0.0
7897,0.0
7898,0.0
7899,0.0
7900,0.0
7901,0.0
7902,0.00526
7903,0.04326
7904,0.15003
7905,0.26467
7906,0.36385
7907,0.44461
7908,0.26746
7909,0.42028
7910,0.3339
7911,0.24284
7912,0.07848000000000001
7913,0.00618
7914,0.0
7915,0.0
7916,0.0
7917,0.0
7918,0.0
7919,0.0
7920,0.0
7921,0.0
7922,0.0
7923,0.0
7924,0.0
7925,0.0
7926,0.0034300000000000003
7927,0.04963
7928,0.13896
7929,0.18384999999999999
7930,0.22
7931,0.28579000000000004
7932,0.40992
7933,0.35802
7934,0.32101
7935,0.18575
7936,0.044109999999999996
7937,0.00262
7938,0.0
7939,0.0
7940,0.0
7941,0.0
7942,0.0
7943,0.0
7944,0.0
7945,0.0
7946,0.0
7947,0.0
7948,0.0
7949,0.0
7950,0.0
7951,0.00202
7952,0.01461
7953,0.0028399999999999996
7954,0.01399
7955,0.06344
7956,0.05904
7957,0.14482
7958,0.1359
7959,0.12742
7960,0.0407
7961,0.00675
7962,0.0
7963,0.0
7964,0.0
7965,0.0
7966,0.0
7967,0.0
7968,0.0
7969,0.0
7970,0.0
7971,0.0
7972,0.0
7973,0.0
7974,0.00701
7975,0.05411
7976,0.2031
7977,0.34602
7978,0.44442000000000004
7979,0.40069
7980,0.53855
7981,0.42813999999999997
7982,0.31997000000000003
7983,0.21618
7984,0.04177
7985,0.00428
7986,0.0
7987,0.0
7988,0.0
7989,0.0
7990,0.0
7991,0.0
7992,0.0
7993,0.0
7994,0.0
7995,0.0
7996,0.0
7997,0.0
7998,0.007940000000000001
7999,0.14074
8000,0.26791000000000004
8001,0.24475999999999998
8002,0.3312
8003,0.44409
8004,0.38550999999999996
8005,0.2287
8006,0.19519
8007,0.08174
8008,0.02526
8009,1e-05
8010,0.0
8011,0.0
8012,0.0
8013,0.0
8014,0.0
8015,0.0
8016,0.0
8017,0.0
8018,0.0
8019,0.0
8020,0.0
8021,0.0
8022,0.0
8023,0.00807
8024,0.03301
8025,0.045340000000000005
8026,0.11756
8027,0.08477
8028,0.07635
8029,0.07484
8030,0.18075
8031,0.13619
8032,0.08120999999999999
8033,0.00421
8034,0.0
8035,0.0
8036,0.0
8037,0.0
8038,0.0
8039,0.0
8040,0.0
8041,0.0
8042,0.0
8043,0.0
8044,0.0
8045,0.0
8046,0.0
8047,0.00013000000000000002
8048,0.008369999999999999
8049,0.02019
8050,0.00719
8051,0.02429
8052,0.0362
8053,0.09008
8054,0.05906
8055,0.042159999999999996
8056,0.07413
8057,0.0019
8058,0.0
8059,0.0
8060,0.0
8061,0.0
8062,0.0
8063,0.0
8064,0.0
8065,0.0
8066,0.0
8067,0.0
8068,0.0
8069,0.0
8070,0.0
8071,0.01324
8072,0.0665
8073,0.08093
8074,0.09137
8075,0.13821
8076,0.16029
8077,0.21137
8078,0.05353
8079,0.06722
8080,0.01678
8081,0.0005600000000000001
8082,0.0
8083,0.0
8084,0.0
8085,0.0
8086,0.0
8087,0.0
8088,0.0
8089,0.0
8090,0.0
8091,0.0
8092,0.0
8093,0.0
8094,0.0004
8095,0.02186
8096,0.022
8097,0.05324
8098,0.10223
8099,0.13326
8100,0.13334000000000001
8101,0.17598
8102,0.20107
8103,0.09818
8104,0.04413
8105,0.0022299999999999998
8106,0.0
8107,0.0
8108,0.0
8109,0.0
8110,0.0
8111,0.0
8112,0.0
8113,0.0
8114,0.0
8115,0.0
8116,0.0
8117,0.0
8118,0.00679
8119,0.07554999999999999
8120,0.22809000000000001
8121,0.32939999999999997
8122,0.43945
8123,0.35228
8124,0.53528
8125,0.32563
8126,0.36142
8127,0.28770999999999997
8128,0.14472
8129,0.016390000000000002
8130,0.0
8131,0.0
8132,0.0
8133,0.0
8134,0.0
8135,0.0
8136,0.0
8137,0.0
8138,0.0
8139,0.0
8140,0.0
8141,0.0
8142,0.0005200000000000001
8143,0.05773
8144,0.14558000000000001
8145,0.32262
8146,0.20515
8147,0.29419
8148,0.33025
8149,0.32131
8150,0.21555000000000002
8151,0.17767
8152,0.08442
8153,0.012029999999999999
8154,0.0
8155,0.0
8156,0.0
8157,0.0
8158,0.0
8159,0.0
8160,0.0
8161,0.0
8162,0.0
8163,0.0
8164,0.0
8165,0.0
8166,0.00752
8167,0.047020000000000006
8168,0.11204
8169,0.22208
8170,0.36911
8171,0.22659
8172,0.21015999999999999
8173,0.30323
8174,0.33081
8175,0.21703
8176,0.09952
8177,0.011519999999999999
8178,0.0
8179,0.0
8180,0.0
8181,0.0
8182,0.0
8183,0.0
8184,0.0
8185,0.0
8186,0.0
8187,0.0
8188,0.0
8189,0.0
8190,0.005019999999999999
8191,0.08941
8192,0.1377
8193,0.4052
8194,0.30565
8195,0.48802999999999996
8196,0.52791
8197,0.30541
8198,0.36019
8199,0.29375999999999997
8200,0.11377
8201,0.01385
8202,0.0
8203,0.0
8204,0.0
8205,0.0
8206,0.0
8207,0.0
8208,0.0
8209,0.0
8210,0.0
8211,0.0
8212,0.0
8213,0.0
8214,0.00314
8215,0.05027
8216,0.06562
8217,0.19505
8218,0.24319
8219,0.3441
8220,0.26176
8221,0.21768
8222,0.061020000000000005
8223,0.03721
8224,0.01565
8225,0.00013000000000000002
8226,0.0
8227,0.0
8228,0.0
8229,0.0
8230,0.0
8231,0.0
8232,0.0
8233,0.0
8234,0.0
8235,0.0
8236,0.0
8237,0.0
8238,0.0018
8239,0.028
8240,0.039659999999999994
8241,0.053630000000000004
8242,0.16128
8243,0.19662000000000002
8244,0.17665
8245,0.16507
8246,0.23084
8247,0.18022
8248,0.07061
8249,0.00926
8250,0.0
8251,0.0
8252,0.0
8253,0.0
8254,0.0
8255,0.0
8256,0.0
8257,0.0
8258,0.0
8259,0.0
8260,0.0
8261,0.0
8262,0.00667
8263,0.08386
8264,0.24514
8265,0.27657
8266,0.49149
8267,0.5038
8268,0.5764900000000001
8269,0.34562
8270,0.36999
8271,0.25744
8272,0.06745
8273,0.01671
8274,0.0
8275,0.0
8276,0.0
8277,0.0
8278,0.0
8279,0.0
8280,0.0
8281,0.0
8282,0.0
8283,0.0
8284,0.0
8285,0.0
8286,0.00216
8287,0.027100000000000003
8288,0.11449
8289,0.30607999999999996
8290,0.24680000000000002
8291,0.51196
8292,0.42771
8293,0.22238999999999998
8294,0.12734
8295,0.10917
8296,0.03062
8297,0.00216
8298,0.0
8299,0.0
8300,0.0
8301,0.0
8302,0.0
8303,0.0
8304,0.0
8305,0.0
8306,0.0
8307,0.0
8308,0.0
8309,0.0
8310,0.0
8311,0.0
8312,0.00158
8313,0.02113
8314,0.03138
8315,0.02252
8316,0.05839
8317,0.25997000000000003
8318,0.18815
8319,0.09752
8320,0.01853
8321,0.00211
8322,0.0
8323,0.0
8324,0.0
8325,0.0
8326,0.0
8327,0.0
8328,0.0
8329,0.0
8330,0.0
8331,0.0
8332,0.0
8333,0.0
8334,0.0
8335,0.00547
8336,0.00259
8337,0.01829
8338,0.15778999999999999
8339,0.22587000000000002
8340,0.30845999999999996
8341,0.36724
8342,0.32667
8343,0.18441
8344,0.0599
8345,0.01083
8346,0.0
8347,0.0
8348,0.0
8349,0.0
8350,0.0
8351,0.0
8352,0.0
8353,0.0
8354,0.0
8355,0.0
8356,0.0
8357,0.0
8358,0.00102
8359,0.02311
8360,0.02764
8361,0.06258
8362,0.15607
8363,0.12921000000000002
8364,0.14172
8365,0.11996
8366,0.09419
8367,0.042409999999999996
8368,0.02129
8369,0.00232
8370,0.0
8371,0.0
8372,0.0
8373,0.0
8374,0.0
8375,0.0
8376,0.0
8377,0.0
8378,0.0
8379,0.0
8380,0.0
8381,0.0
8382,0.0
8383,0.00937
8384,0.03135
8385,0.06666
8386,0.16801
8387,0.25942000000000004
8388,0.40647000000000005
8389,0.23867
8390,0.28339
8391,0.17186
8392,0.07906
8393,0.01365
8394,0.0
8395,0.0
8396,0.0
8397,0.0
8398,0.0
8399,0.0
8400,0.0
8401,0.0
8402,0.0
8403,0.0
8404,0.0
8405,0.0
8406,0.00065
8407,0.03452
8408,0.09675
8409,0.17505
8410,0.31509
8411,0.35695
8412,0.35075
8413,0.18746000000000002
8414,0.18356999999999998
8415,0.07876999999999999
8416,0.01586
8417,0.0005600000000000001
8418,0.0
8419,0.0
8420,0.0
8421,0.0
8422,0.0
8423,0.0
8424,0.0
8425,0.0
8426,0.0
8427,0.0
8428,0.0
8429,0.0
8430,0.0
8431,0.0045
8432,0.03131
8433,0.03252
8434,0.14295
8435,0.14669
8436,0.13813999999999999
8437,0.14374
8438,0.09259
8439,0.06896
8440,0.0147
8441,0.00114
8442,0.0
8443,0.0
8444,0.0
8445,0.0
8446,0.0
8447,0.0
8448,0.0
8449,0.0
8450,0.0
8451,0.0
8452,0.0
8453,0.0
8454,0.0
8455,0.00657
8456,0.04192
8457,0.12983
8458,0.13121000000000002
8459,0.30538
8460,0.31462
8461,0.34629000000000004
8462,0.20345
8463,0.20815
8464,0.07719
8465,0.01166
8466,0.0
8467,0.0
8468,0.0
8469,0.0
8470,0.0
8471,0.0
8472,0.0
8473,0.0
8474,0.0
8475,0.0
8476,0.0
8477,0.0
8478,0.00136
8479,0.037829999999999996
8480,0.10734
8481,0.19340000000000002
8482,0.11009000000000001
8483,0.13583
8484,0.20689
8485,0.20624
8486,0.13348
8487,0.25109
8488,0.17298
8489,0.02318
8490,0.0
8491,0.0
8492,0.0
8493,0.0
8494,0.0
8495,0.0
8496,0.0
8497,0.0
8498,0.0
8499,0.0
8500,0.0
8501,0.0
8502,0.0
8503,0.02009
8504,0.10876000000000001
8505,0.17085
8506,0.37833
8507,0.38422
8508,0.53279
8509,0.46331
8510,0.33597000000000005
8511,0.22396000000000002
8512,0.15286000000000002
8513,0.01833
8514,0.0
8515,0.0
8516,0.0
8517,0.0
8518,0.0
8519,0.0
8520,0.0
8521,0.0
8522,0.0
8523,0.0
8524,0.0
8525,0.0
8526,0.00014000000000000001
8527,0.05166
8528,0.09458
8529,0.16168000000000002
8530,0.42949
8531,0.37163
8532,0.5183
8533,0.40391000000000005
8534,0.39769
8535,0.16274
8536,0.11222
8537,0.01399
8538,0.0
8539,0.0
8540,0.0
8541,0.0
8542,0.0
8543,0.0
8544,0.0
8545,0.0
8546,0.0
8547,0.0
8548,0.0
8549,0.0
8550,0.0
8551,0.010199999999999999
8552,0.07809999999999999
8553,0.12329999999999999
8554,0.12035
8555,0.25964
8556,0.30992000000000003
8557,0.32643
8558,0.34883
8559,0.1338
8560,0.09279000000000001
8561,0.013619999999999998
8562,0.0
8563,0.0
8564,0.0
8565,0.0
8566,0.0
8567,0.0
8568,0.0
8569,0.0
8570,0.0
8571,0.0
8572,0.0
8573,0.0
8574,0.0
8575,0.01434
8576,0.04874
8577,0.13531
8578,0.16884
8579,0.24414
8580,0.33601
8581,0.24347
8582,0.30458999999999997
8583,0.23463
8584,0.09556999999999999
8585,0.02708
8586,0.0
8587,0.0
8588,0.0
8589,0.0
8590,0.0
8591,0.0
8592,0.0
8593,0.0
8594,0.0
8595,0.0
8596,0.0
8597,0.0
8598,0.00234
8599,0.050320000000000004
8600,0.1943
8601,0.36483
8602,0.23481
8603,0.465
8604,0.29822000000000004
8605,0.41622000000000003
8606,0.31282
8607,0.198
8608,0.045579999999999996
8609,0.00299
8610,0.0
8611,0.0
8612,0.0
8613,0.0
8614,0.0
8615,0.0
8616,0.0
8617,0.0
8618,0.0
8619,0.0
8620,0.0
8621,0.0
8622,0.0
8623,0.01316
8624,0.059609999999999996
8625,0.12519
8626,0.13422
8627,0.23635
8628,0.11846999999999999
8629,0.14911000000000002
8630,0.23957
8631,0.21109999999999998
8632,0.08774
8633,0.004730000000000001
8634,0.0
8635,0.0
8636,0.0
8637,0.0
8638,0.0
8639,0.0
8640,0.0
8641,0.0
8642,0.0
8643,0.0
8644,0.0
8645,0.0
8646,0.0
8647,0.012960000000000001
8648,0.07629999999999999
8649,0.05717
8650,0.12661
8651,0.12308
8652,0.22016
8653,0.18155000000000002
8654,0.25163
8655,0.19945
8656,0.11359
8657,0.004
8658,0.0
8659,0.0
8660,0.0
8661,0.0
8662,0.0
8663,0.0
8664,0.0
8665,0.0
8666,0.0
8667,0.0
8668,0.0
8669,0.0
8670,0.00156
8671,0.04205
8672,0.06928
8673,0.21417
8674,0.41322000000000003
8675,0.30551
8676,0.36239
8677,0.46058
8678,0.38242000000000004
8679,0.31459
8680,0.15915
8681,0.02727
8682,0.0
8683,0.0
8684,0.0
8685,0.0
8686,0.0
8687,0.0
8688,0.0
8689,0.0
8690,0.0
8691,0.0
8692,0.0
8693,0.0
8694,5.9999999999999995e-05
8695,0.03492
8696,0.07331
8697,0.11586
8698,0.23517
8699,0.36401
8700,0.4547
8701,0.4265
8702,0.35069
8703,0.24803
8704,0.099
8705,0.00631
8706,0.0
8707,0.0
8708,0.0
8709,0.0
8710,0.0
8711,0.0
8712,0.0
8713,0.0
8714,0.0
8715,0.0
8716,0.0
8717,0.0
8718,0.00057
8719,0.03281
8720,0.16532
8721,0.32477999999999996
8722,0.4575
8723,0.51289
8724,0.5776399999999999
8725,0.39059
8726,0.19229
8727,0.12183
8728,0.05391
8729,0.01156
8730,0.0
8731,0.0
8732,0.0
8733,0.0
8734,0.0
8735,0.0
8736,0.0
8737,0.0
8738,0.0
8739,0.0
8740,0.0
8741,0.0
8742,0.00011
8743,0.031190000000000002
8744,0.07418999999999999
8745,0.1677
8746,0.18485
8747,0.37462
8748,0.28546
8749,0.50501
8750,0.27625
8751,0.26015
8752,0.10581
8753,0.12552
8754,0.0
8755,0.0
8756,0.0
8757,0.0
8758,0.0
8759,0.0
