,pv_per_unit
0,0.0
1,0.0
2,0.0
3,0.0
4,0.0
5,0.0
6,0.008199999999999999
7,0.0433
8,0.07501000000000001
9,0.14403
10,0.22959000000000002
11,0.23213999999999999
12,0.17608000000000001
13,0.1814
14,0.13015000000000002
15,0.09813
16,0.08746
17,0.01462
18,0.0
19,0.0
20,0.0
21,0.0
22,0.0
23,0.0
24,0.0
25,0.0
26,0.0
27,0.0
28,0.0
29,0.0
30,0.0070599999999999994
31,0.06175
32,0.07267
33,0.07995999999999999
34,0.08266
35,0.10729000000000001
36,0.20386
37,0.1527
38,0.11308
39,0.09144
40,0.06026
41,0.01666
42,0.0
43,0.0
44,0.0
45,0.0
46,0.0
47,0.0
48,0.0
49,0.0
50,0.0
51,0.0
52,0.0
53,0.0
54,0.00529
55,0.036789999999999996
56,0.055670000000000004
57,0.07179
58,0.09817000000000001
59,0.07878
60,0.11915
61,0.09067
62,0.09179000000000001
63,0.07484
64,0.06922
65,0.013609999999999999
66,0.0
67,0.0
68,0.0
69,0.0
70,0.0
71,0.0
72,0.0
73,0.0
74,0.0
75,0.0
76,0.0
77,0.0
78,0.00679
79,0.0421
80,0.06061
81,0.10912000000000001
82,0.16747
83,0.15541
84,0.14943
85,0.18306999999999998
86,0.22146000000000002
87,0.11506999999999999
88,0.04764
89,0.013439999999999999
90,0.0
91,0.0
92,0.0
93,0.0
94,0.0
95,0.0
96,0.0
97,0.0
98,0.0
99,0.0
100,0.0
101,0.0
102,0.00511
103,0.05671
104,0.17812999999999998
105,0.16297999999999999
106,0.17557
107,0.18074
108,0.14479
109,0.10674
110,0.14318
111,0.06681000000000001
112,0.05371
113,0.023399999999999997
114,0.0
115,0.0
116,0.0
117,0.0
118,0.0
119,0.0
120,0.0
121,0.0
122,0.0
123,0.0
124,0.0
125,0.0
126,0.00498
127,0.04541
128,0.0829
129,0.17004
130,0.22668000000000002
131,0.17643
132,0.18184999999999998
133,0.14116
134,0.09134
135,0.06669
136,0.066
137,0.01455
138,0.0
139,0.0
140,0.0
141,0.0
142,0.0
143,0.0
144,0.0
145,0.0
146,0.0
147,0.0
148,0.0
149,0.0
150,0.00484
151,0.04112
152,0.07908
153,0.11259000000000001
154,0.10332
155,0.12181
156,0.17523
157,0.13845
158,0.13833
159,0.13519
160,0.05307
161,0.01455
162,0.0
163,0.0
164,0.0
165,0.0
166,0.0
167,0.0
168,0.0
169,0.0
170,0.0
171,0.0
172,0.0
173,0.0
174,0.00566
175,0.05042
176,0.08459
177,0.07363
178,0.08881
179,0.09478
180,0.15958
181,0.15949000000000002
182,0.20837999999999998
183,0.10917
184,0.05948
185,0.01247
186,0.0
187,0.0
188,0.0
189,0.0
190,0.0
191,0.0
192,0.0
193,0.0
194,0.0
195,0.0
196,0.0
197,0.0
198,0.00779
199,0.07058
200,0.07740999999999999
201,0.1022
202,0.12347
203,0.11452
204,0.17102
205,0.13226
206,0.13661
207,0.08757
208,0.07778
209,0.02123
210,0.0
211,0.0
212,0.0
213,0.0
214,0.0
215,0.0
216,0.0
217,0.0
218,0.0
219,0.0
220,0.0
221,0.0
222,0.00554
223,0.06909
224,0.16744
225,0.16281
226,0.24797
227,0.21469
228,0.22897
229,0.26208
230,0.17299
231,0.13538999999999998
232,0.08769
233,0.02125
234,0.0
235,0.0
236,0.0
237,0.0
238,0.0
239,0.0
240,0.0
241,0.0
242,0.0
243,0.0
244,0.0
245,0.0
246,0.005
247,0.06983
248,0.09626
249,0.14012
250,0.17968
251,0.21484999999999999
252,0.16304
253,0.19622
254,0.16256
255,0.12821000000000002
256,0.10234
257,0.02791
258,0.0
259,0.0
260,0.0
261,0.0
262,0.0
263,0.0
264,0.0
265,0.0
266,0.0
267,0.0
268,0.0
269,0.0
270,0.00487
271,0.05312
272,0.10931
273,0.12415999999999999
274,0.1188
275,0.12874000000000002
276,0.11266
277,0.10779999999999999
278,0.10983
279,0.0751
280,0.08358
281,0.02296
282,0.0
283,0.0
284,0.0
285,0.0
286,0.0
287,0.0
288,0.0
289,0.0
290,0.0
291,0.0
292,0.0
293,0.0
294,0.0035099999999999997
295,0.07204
296,0.13566999999999999
297,0.12841999999999998
298,0.23596
299,0.32006
300,0.32363
301,0.15928
302,0.16835
303,0.13435
304,0.07238
305,0.01543
306,0.0
307,0.0
308,0.0
309,0.0
310,0.0
311,0.0
312,0.0
313,0.0
314,0.0
315,0.0
316,0.0
317,0.0
318,0.00361
319,0.060880000000000004
320,0.09966
321,0.12639
322,0.19088999999999998
323,0.22652
324,0.21702000000000002
325,0.22832
326,0.22544999999999998
327,0.11928
328,0.052829999999999995
329,0.01325
330,0.0
331,0.0
332,0.0
333,0.0
334,0.0
335,0.0
336,0.0
337,0.0
338,0.0
339,0.0
340,0.0
341,0.0
342,0.0012
343,0.04371
344,0.11478000000000001
345,0.18825
346,0.20817
347,0.27346
348,0.23376
349,0.22072999999999998
350,0.18621000000000001
351,0.15381
352,0.07071
353,0.0169
354,0.0
355,0.0
356,0.0
357,0.0
358,0.0
359,0.0
360,0.0
361,0.0
362,0.0
363,0.0
364,0.0
365,0.0
366,0.0067800000000000004
367,0.06266
368,0.13013
369,0.18841999999999998
370,0.2324
371,0.36373
372,0.28414
373,0.27165
374,0.23593
375,0.20435
376,0.10685
377,0.030850000000000002
378,0.0
379,0.0
380,0.0
381,0.0
382,0.0
383,0.0
384,0.0
385,0.0
386,0.0
387,0.0
388,0.0
389,0.0
390,0.00331
391,0.05543
392,0.08226
393,0.12741
394,0.13843
395,0.16063
396,0.20905
397,0.16538999999999998
398,0.1367
399,0.10687999999999999
400,0.09459000000000001
401,0.01724
402,0.0
403,0.0
404,0.0
405,0.0
406,0.0
407,0.0
408,0.0
409,0.0
410,0.0
411,0.0
412,0.0
413,0.0
414,0.00579
415,0.06292
416,0.10244
417,0.12303
418,0.12301000000000001
419,0.12648
420,0.16799
421,0.17597
422,0.19599
423,0.1434
424,0.05793
425,0.023559999999999998
426,0.0
427,0.0
428,0.0
429,0.0
430,0.0
431,0.0
432,0.0
433,0.0
434,0.0
435,0.0
436,0.0
437,0.0
438,0.00126
439,0.04441
440,0.08907999999999999
441,0.11765
442,0.15731
443,0.25174
444,0.25804000000000005
445,0.18644
446,0.13751
447,0.13285
448,0.04759
449,0.023289999999999998
450,0.0
451,0.0
452,0.0
453,0.0
454,0.0
455,0.0
456,0.0
457,0.0
458,0.0
459,0.0
460,0.0
461,0.0
462,0.00318
463,0.06651
464,0.13384000000000001
465,0.1156
466,0.09475
467,0.23586000000000001
468,0.19371000000000002
469,0.21643
470,0.19194999999999998
471,0.11635
472,0.07051
473,0.015439999999999999
474,0.0
475,0.0
476,0.0
477,0.0
478,0.0
479,0.0
480,0.0
481,0.0
482,0.0
483,0.0
484,0.0
485,0.0
486,0.00426
487,0.07021
488,0.10972
489,0.1189
490,0.13708
491,0.24036000000000002
492,0.23288
493,0.19083
494,0.16788
495,0.15341
496,0.06994
497,0.016050000000000002
498,0.0
499,0.0
500,0.0
501,0.0
502,0.0
503,0.0
504,0.0
505,0.0
506,0.0
507,0.0
508,0.0
509,0.0
510,0.00218
511,0.047909999999999994
512,0.12381
513,0.20399
514,0.25088
515,0.2228
516,0.25466
517,0.22644999999999998
518,0.22579
519,0.14854
520,0.10543000000000001
521,0.014410000000000001
522,0.0
523,0.0
524,0.0
525,0.0
526,0.0
527,0.0
528,0.0
529,0.0
530,0.0
531,0.0
532,0.0
533,0.0
534,0.00207
535,0.04392
536,0.09068999999999999
537,0.10805
538,0.12509
539,0.13965
540,0.22206
541,0.22122999999999998
542,0.20799
543,0.14052
544,0.06025
545,0.02573
546,0.0
547,0.0
548,0.0
549,0.0
550,0.0
551,0.0
552,0.0
553,0.0
554,0.0
555,0.0
556,0.0
557,0.0
558,0.0029
559,0.06385
560,0.10431
561,0.14098
562,0.16035
563,0.12569
564,0.18975999999999998
565,0.19983
566,0.19448
567,0.16125
568,0.07094
569,0.02499
570,0.0
571,0.0
572,0.0
573,0.0
574,0.0
575,0.0
576,0.0
577,0.0
578,0.0
579,0.0
580,0.0
581,0.0
582,0.0017900000000000001
583,0.05799
584,0.10424
585,0.08395999999999999
586,0.10492
587,0.1406
588,0.13373
589,0.16084
590,0.11415
591,0.11605
592,0.07753
593,0.02865
594,0.0
595,0.0
596,0.0
597,0.0
598,0.0
599,0.0
600,0.0
601,0.0
602,0.0
603,0.0
604,0.0
605,0.0
606,0.0020499999999999997
607,0.044969999999999996
608,0.08274
609,0.14088
610,0.17723
611,0.13745
612,0.21788999999999997
613,0.15387
614,0.15411000000000002
615,0.132
616,0.071
617,0.03198
618,0.0
619,0.0
620,0.0
621,0.0
622,0.0
623,0.0
624,0.0
625,0.0
626,0.0
627,0.0
628,0.0
629,0.0
630,0.00204
631,0.04728
632,0.09525
633,0.16304
634,0.15874000000000002
635,0.20796
636,0.23776
637,0.13169
638,0.15125
639,0.11647
640,0.07868
641,0.023309999999999997
642,0.0
643,0.0
644,0.0
645,0.0
646,0.0
647,0.0
648,0.0
649,0.0
650,0.0
651,0.0
652,0.0
653,0.0
654,0.00349
655,0.05902
656,0.10227
657,0.08156000000000001
658,0.12865000000000001
659,0.15216
660,0.13069999999999998
661,0.10956
662,0.12568000000000001
663,0.08081
664,0.0742
665,0.02422
666,0.0
667,0.0
668,0.0
669,0.0
670,0.0
671,0.0
672,0.0
673,0.0
674,0.0
675,0.0
676,0.0
677,0.0
678,0.0035299999999999997
679,0.06243
680,0.09040000000000001
681,0.05962
682,0.10923000000000001
683,0.15284
684,0.12626
685,0.19058
686,0.13776
687,0.13025
688,0.09179000000000001
689,0.02904
690,0.0
691,0.0
692,0.0
693,0.0
694,0.0
695,0.0
696,0.0
697,0.0
698,0.0
699,0.0
700,0.0
701,0.0
702,0.00302
703,0.0599
704,0.09259999999999999
705,0.15602000000000002
706,0.16644
707,0.20585
708,0.26527999999999996
709,0.25851999999999997
710,0.15753
711,0.1336
712,0.07604000000000001
713,0.01666
714,0.0
715,0.0
716,0.0
717,0.0
718,0.0
719,0.0
720,0.0
721,0.0
722,0.0
723,0.0
724,0.0
725,0.0
726,0.00496
727,0.06171
728,0.14824
729,0.14723
730,0.20419
731,0.20185
732,0.1596
733,0.20899
734,0.21806
735,0.12944999999999998
736,0.04801
737,0.035590000000000004
738,0.0
739,0.0
740,0.0
741,0.0
742,0.0
743,0.0
744,0.0
745,0.0
746,0.0
747,0.0
748,0.0
749,0.0
750,0.00227
751,0.055420000000000004
752,0.11938
753,0.16662000000000002
754,0.17926
755,0.18292
756,0.23857
757,0.15909
758,0.23557
759,0.15488
760,0.08781
761,0.02813
762,0.0
763,0.0
764,0.0
765,0.0
766,0.0
767,0.0
768,0.0
769,0.0
770,0.0
771,0.0
772,0.0
773,0.0
774,0.004070000000000001
775,0.04965
776,0.10385
777,0.17191
778,0.19619999999999999
779,0.21988999999999997
780,0.22083000000000003
781,0.22703
782,0.24268
783,0.20563
784,0.1105
785,0.02879
786,0.0
787,0.0
788,0.0
789,0.0
790,0.0
791,0.0
792,0.0
793,0.0
794,0.0
795,0.0
796,0.0
797,0.0
798,0.00537
799,0.06933
800,0.16
801,0.20429
802,0.28278
803,0.24567
804,0.24993
805,0.30954000000000004
806,0.25961
807,0.17045
808,0.08563
809,0.023370000000000002
810,0.0
811,0.0
812,0.0
813,0.0
814,0.0
815,0.0
816,0.0
817,0.0
818,0.0
819,0.0
820,0.0
821,0.0
822,0.00289
823,0.04469
824,0.12179999999999999
825,0.16659000000000002
826,0.15863
827,0.12925999999999999
828,0.16062
829,0.21768
830,0.13188999999999998
831,0.11577
832,0.09232
833,0.032
834,0.0
835,0.0
836,0.0
837,0.0
838,0.0
839,0.0
840,0.0
841,0.0
842,0.0
843,0.0
844,0.0
845,0.0
846,0.00257
847,0.05521
848,0.11773
849,0.12647
850,0.15778999999999999
851,0.21882
852,0.2707
853,0.18652000000000002
854,0.22509
855,0.15027000000000001
856,0.09172
857,0.03153
858,0.0
859,0.0
860,0.0
861,0.0
862,0.0
863,0.0
864,0.0
865,0.0
866,0.0
867,0.0
868,0.0
869,0.0
870,0.00252
871,0.036770000000000004
872,0.10936
873,0.20412
874,0.25283
875,0.26754
876,0.25662
877,0.29596
878,0.22694
879,0.13016999999999998
880,0.08305
881,0.02568
882,0.0
883,0.0
884,0.0
885,0.0
886,0.0
887,0.0
888,0.0
889,0.0
890,0.0
891,0.0
892,0.0
893,0.0
894,0.00418
895,0.06061
896,0.12595
897,0.12440999999999999
898,0.06382
899,0.11541
900,0.06085
901,0.19497
902,0.11044
903,0.14359
904,0.02587
905,0.015710000000000002
906,0.0
907,0.0
908,0.0
909,0.0
910,0.0
911,0.0
912,0.0
913,0.0
914,0.0
915,0.0
916,0.0
917,0.0
918,0.0
919,0.01342
920,0.04414
921,0.10776999999999999
922,0.12954
923,0.13359000000000001
924,0.2387
925,0.20856
926,0.18087
927,0.13791
928,0.05534
929,0.02606
930,0.0
931,0.0
932,0.0
933,0.0
934,0.0
935,0.0
936,0.0
937,0.0
938,0.0
939,0.0
940,0.0
941,0.0
942,0.0
943,0.03254
944,0.11231000000000001
945,0.18225999999999998
946,0.22087
947,0.21924000000000002
948,0.20579
949,0.13138
950,0.19069
951,0.11159000000000001
952,0.08635
953,0.02402
954,0.0
955,0.0
956,0.0
957,0.0
958,0.0
959,0.0
960,0.0
961,0.0
962,0.0
963,0.0
964,0.0
965,0.0
966,0.00211
967,0.04039
968,0.10024
969,0.13699
970,0.11719
971,0.12612
972,0.19316
973,0.16361
974,0.15632
975,0.10303
976,0.07022
977,0.03338
978,0.0
979,0.0
980,0.0
981,0.0
982,0.0
983,0.0
984,0.0
985,0.0
986,0.0
987,0.0
988,0.0
989,0.0
990,0.0038
991,0.04095
992,0.08775
993,0.15456999999999999
994,0.14376
995,0.14517
996,0.20846
997,0.24033000000000002
998,0.26092000000000004
999,0.15922999999999998
1000,0.09261
1001,0.02248
1002,0.0
1003,0.0
1004,0.0
1005,0.0
1006,0.0
1007,0.0
1008,0.0
1009,0.0
1010,0.0
1011,0.0
1012,0.0
1013,0.0
1014,0.00366
1015,0.05316
1016,0.11065000000000001
1017,0.17446
1018,0.17378
1019,0.1699
1020,0.2335
1021,0.19735
1022,0.24853999999999998
1023,0.15484
1024,0.08028
1025,0.0316
1026,0.0
1027,0.0
1028,0.0
1029,0.0
1030,0.0
1031,0.0
1032,0.0
1033,0.0
1034,0.0
1035,0.0
1036,0.0
1037,0.0
1038,0.00265
1039,0.061149999999999996
1040,0.08901
1041,0.0968
1042,0.13959
1043,0.16785
1044,0.19105
1045,0.26446
1046,0.25547
1047,0.12390000000000001
1048,0.08395999999999999
1049,0.03716
1050,0.0
1051,0.0
1052,0.0
1053,0.0
1054,0.0
1055,0.0
1056,0.0
1057,0.0
1058,0.0
1059,0.0
1060,0.0
1061,0.0
1062,0.00357
1063,0.06063
1064,0.13996
1065,0.12734
1066,0.11896999999999999
1067,0.12237999999999999
1068,0.17209
1069,0.23906
1070,0.19674
1071,0.17527
1072,0.09859
1073,0.031100000000000003
1074,0.0
1075,0.0
1076,0.0
1077,0.0
1078,0.0
1079,0.0
1080,0.0
1081,0.0
1082,0.0
1083,0.0
1084,0.0
1085,0.0
1086,0.0011899999999999999
1087,0.03283
1088,0.08086
1089,0.17613
1090,0.2037
1091,0.17631
1092,0.10648
1093,0.26777
1094,0.26383999999999996
1095,0.16953000000000001
1096,0.06595999999999999
1097,0.02357
1098,0.0
1099,0.0
1100,0.0
1101,0.0
1102,0.0
1103,0.0
1104,0.0
1105,0.0
1106,0.0
1107,0.0
1108,0.0
1109,0.0
1110,0.0030600000000000002
1111,0.048240000000000005
1112,0.07372
1113,0.09495999999999999
1114,0.11281999999999999
1115,0.11623
1116,0.13071000000000002
1117,0.12812
1118,0.10158
1119,0.13332
1120,0.08243
1121,0.03622
1122,0.0
1123,0.0
1124,0.0
1125,0.0
1126,0.0
1127,0.0
1128,0.0
1129,0.0
1130,0.0
1131,0.0
1132,0.0
1133,0.0
1134,0.00453
1135,0.061880000000000004
1136,0.09159
1137,0.1353
1138,0.14619
1139,0.16241999999999998
1140,0.14243
1141,0.12706
1142,0.11612
1143,0.11945
1144,0.06520999999999999
1145,0.024480000000000002
1146,0.0
1147,0.0
1148,0.0
1149,0.0
1150,0.0
1151,0.0
1152,0.0
1153,0.0
1154,0.0
1155,0.0
1156,0.0
1157,0.0
1158,0.00455
1159,0.04313
1160,0.0834
1161,0.14279
1162,0.16583
1163,0.20747
1164,0.17019
1165,0.16205
1166,0.18734
1167,0.13448
1168,0.10309
1169,0.030420000000000003
1170,0.0
1171,0.0
1172,0.0
1173,0.0
1174,0.0
1175,0.0
1176,0.0
1177,0.0
1178,0.0
1179,0.0
1180,0.0
1181,0.0
1182,0.00074
1183,0.03598
1184,0.09290000000000001
1185,0.11758
1186,0.164
1187,0.13682
1188,0.19335
1189,0.13945
1190,0.09731999999999999
1191,0.12792
1192,0.08259
1193,0.01702
1194,0.0
1195,0.0
1196,0.0
1197,0.0
1198,0.0
1199,0.0
1200,0.0
1201,0.0
1202,0.0
1203,0.0
1204,0.0
1205,0.0
1206,0.00027
1207,0.02572
1208,0.07133
1209,0.12011
1210,0.15187
1211,0.26285000000000003
1212,0.26905
1213,0.22319999999999998
1214,0.21808000000000002
1215,0.15622
1216,0.06817000000000001
1217,0.022920000000000003
1218,0.0
1219,0.0
1220,0.0
1221,0.0
1222,0.0
1223,0.0
1224,0.0
1225,0.0
1226,0.0
1227,0.0
1228,0.0
1229,0.0
1230,0.00354
1231,0.055119999999999995
1232,0.09914
1233,0.09495999999999999
1234,0.09003
1235,0.12362000000000001
1236,0.09333
1237,0.10405
1238,0.13585
1239,0.12107
1240,0.057909999999999996
1241,0.02525
1242,0.0
1243,0.0
1244,0.0
1245,0.0
1246,0.0
1247,0.0
1248,0.0
1249,0.0
1250,0.0
1251,0.0
1252,0.0
1253,0.0
1254,0.00442
1255,0.06675
1256,0.07770999999999999
1257,0.07629999999999999
1258,0.09895999999999999
1259,0.12124
1260,0.14576
1261,0.13061
1262,0.09176999999999999
1263,0.09625
1264,0.07009
1265,0.02869
1266,0.0
1267,0.0
1268,0.0
1269,0.0
1270,0.0
1271,0.0
1272,0.0
1273,0.0
1274,0.0
1275,0.0
1276,0.0
1277,0.0
1278,0.00321
1279,0.03903
1280,0.07454000000000001
1281,0.16454
1282,0.1565
1283,0.23947
1284,0.16788
1285,0.26888
1286,0.2285
1287,0.14156
1288,0.07321
1289,0.02222
1290,0.0
1291,0.0
1292,0.0
1293,0.0
1294,0.0
1295,0.0
1296,0.0
1297,0.0
1298,0.0
1299,0.0
1300,0.0
1301,0.0
1302,0.00393
1303,0.05098
1304,0.07803
1305,0.09603
1306,0.1805
1307,0.18982
1308,0.19436
1309,0.13294999999999998
1310,0.20484
1311,0.15319
1312,0.06412999999999999
1313,0.02259
1314,0.0
1315,0.0
1316,0.0
1317,0.0
1318,0.0
1319,0.0
1320,0.0
1321,0.0
1322,0.0
1323,0.0
1324,0.0
1325,0.0
1326,0.0045899999999999995
1327,0.05341
1328,0.09342
1329,0.09899
1330,0.12217
1331,0.20354
1332,0.17269
1333,0.16619
1334,0.16533
1335,0.16022
1336,0.08067
1337,0.037469999999999996
1338,0.0
1339,0.0
1340,0.0
1341,0.0
1342,0.0
1343,0.0
1344,0.0
1345,0.0
1346,0.0
1347,0.0
1348,0.0
1349,0.0
1350,0.00199
1351,0.02067
1352,0.0562
1353,0.08155
1354,0.10547
1355,0.27723000000000003
1356,0.24731
1357,0.16143000000000002
1358,0.11745
1359,0.09240999999999999
1360,0.09287000000000001
1361,0.03393
1362,0.0
1363,0.0
1364,0.0
1365,0.0
1366,0.0
1367,0.0
1368,0.0
1369,0.0
1370,0.0
1371,0.0
1372,0.0
1373,0.0
1374,0.004059999999999999
1375,0.06745
1376,0.13907
1377,0.18713
1378,0.16215000000000002
1379,0.18594
1380,0.25730000000000003
1381,0.18685
1382,0.21002
1383,0.15768000000000001
1384,0.08167
1385,0.03619
1386,0.0
1387,0.0
1388,0.0
1389,0.0
1390,0.0
1391,0.0
1392,0.0
1393,0.0
1394,0.0
1395,0.0
1396,0.0
1397,0.0
1398,0.00692
1399,0.05711
1400,0.08318
1401,0.0937
1402,0.10640000000000001
1403,0.13255
1404,0.19072
1405,0.28126
1406,0.20256
1407,0.12162
1408,0.06934
1409,0.02499
1410,0.0
1411,0.0
1412,0.0
1413,0.0
1414,0.0
1415,0.0
1416,0.0
1417,0.0
1418,0.0
1419,0.0
1420,0.0
1421,0.0
1422,0.0057
1423,0.07587
1424,0.12440999999999999
1425,0.13255
1426,0.10332
1427,0.12470999999999999
1428,0.25930000000000003
1429,0.24864
1430,0.18611000000000003
1431,0.14762
1432,0.0761
1433,0.02067
1434,0.0
1435,0.0
1436,0.0
1437,0.0
1438,0.0
1439,0.0
1440,0.0
1441,0.0
1442,0.0
1443,0.0
1444,0.0
1445,0.0
1446,0.00477
1447,0.08714
1448,0.17149
1449,0.21159999999999998
1450,0.23011
1451,0.249
1452,0.23263
1453,0.23125
1454,0.19861
1455,0.13429
1456,0.06892
1457,0.01205
1458,0.0
1459,0.0
1460,0.0
1461,0.0
1462,0.0
1463,0.0
1464,0.0
1465,0.0
1466,0.0
1467,0.0
1468,0.0
1469,0.0
1470,0.00065
1471,0.02123
1472,0.04543
1473,0.075
1474,0.19569
1475,0.24985
1476,0.33686
1477,0.17409
1478,0.12565
1479,0.09841
1480,0.07217
1481,0.01499
1482,0.0
1483,0.0
1484,0.0
1485,0.0
1486,0.0
1487,0.0
1488,0.0
1489,0.0
1490,0.0
1491,0.0
1492,0.0
1493,0.0
1494,0.00198
1495,0.05889
1496,0.07704000000000001
1497,0.12785
1498,0.15568
1499,0.19216999999999998
1500,0.19362000000000001
1501,0.22326
1502,0.19158
1503,0.1374
1504,0.10224
1505,0.02962
1506,0.0
1507,0.0
1508,0.0
1509,0.0
1510,0.0
1511,0.0
1512,0.0
1513,0.0
1514,0.0
1515,0.0
1516,0.0
1517,0.0
1518,0.00492
1519,0.06153
1520,0.10590999999999999
1521,0.17878
1522,0.28751
1523,0.23893999999999999
1524,0.26079
1525,0.20313
1526,0.21816
1527,0.15531999999999999
1528,0.11655
1529,0.02916
1530,0.0
1531,0.0
1532,0.0
1533,0.0
1534,0.0
1535,0.0
1536,0.0
1537,0.0
1538,0.0
1539,0.0
1540,0.0
1541,0.0
1542,0.00281
1543,0.06362
1544,0.12097
1545,0.12768000000000002
1546,0.12467
1547,0.14196999999999999
1548,0.26194
1549,0.18771000000000002
1550,0.22058000000000003
1551,0.14318
1552,0.08243
1553,0.01051
1554,0.0
1555,0.0
1556,0.0
1557,0.0
1558,0.0
1559,0.0
1560,0.0
1561,0.0
1562,0.0
1563,0.0
1564,0.0
1565,0.0
1566,0.0041600000000000005
1567,0.07067
1568,0.08524
1569,0.12783
1570,0.1794
1571,0.12143000000000001
1572,0.1941
1573,0.20392
1574,0.18525999999999998
1575,0.11866
1576,0.08373
1577,0.02554
1578,0.0
1579,0.0
1580,0.0
1581,0.0
1582,0.0
1583,0.0
1584,0.0
1585,0.0
1586,0.0
1587,0.0
1588,0.0
1589,0.0
1590,0.0019199999999999998
1591,0.0659
1592,0.08932
1593,0.10613
1594,0.13234
1595,0.13459000000000002
1596,0.16456
1597,0.17702
1598,0.15638999999999997
1599,0.09992
1600,0.07506
1601,0.03349
1602,0.0
1603,0.0
1604,0.0
1605,0.0
1606,0.0
1607,0.0
1608,0.0
1609,0.0
1610,0.0
1611,0.0
1612,0.0
1613,0.0
1614,0.00477
1615,0.05657
1616,0.11214
1617,0.16568
1618,0.22885
1619,0.19548
1620,0.31307
1621,0.2273
1622,0.19419
1623,0.15236000000000002
1624,0.07311
1625,0.02298
1626,0.0
1627,0.0
1628,0.0
1629,0.0
1630,0.0
1631,0.0
1632,0.0
1633,0.0
1634,0.0
1635,0.0
1636,0.0
1637,0.0
1638,0.00329
1639,0.05939
1640,0.07884999999999999
1641,0.11406999999999999
1642,0.16341
1643,0.24516
1644,0.26523
1645,0.23084
1646,0.19197999999999998
1647,0.13973
1648,0.06217
1649,0.03193
1650,0.0
1651,0.0
1652,0.0
1653,0.0
1654,0.0
1655,0.0
1656,0.0
1657,0.0
1658,0.0
1659,0.0
1660,0.0
1661,0.0
1662,0.0069500000000000004
1663,0.05147
1664,0.08543
1665,0.19078
1666,0.12840000000000001
1667,0.23087
1668,0.21658000000000002
1669,0.25809
1670,0.1378
1671,0.20353
1672,0.07940000000000001
1673,0.0339
1674,0.0
1675,0.0
1676,0.0
1677,0.0
1678,0.0
1679,0.0
1680,0.0
1681,0.0
1682,0.0
1683,0.0
1684,0.0
1685,0.0
1686,0.0056
1687,0.06168
1688,0.14432
1689,0.16397
1690,0.18334
1691,0.19253
1692,0.24396
1693,0.2362
1694,0.18487
1695,0.142
1696,0.09752
1697,0.023289999999999998
1698,0.0
1699,0.0
1700,0.0
1701,0.0
1702,0.0
1703,0.0
1704,0.0
1705,0.0
1706,0.0
1707,0.0
1708,0.0
1709,0.0
1710,0.00252
1711,0.053630000000000004
1712,0.11754
1713,0.10979000000000001
1714,0.15497999999999998
1715,0.20182
1716,0.20682
1717,0.23927
1718,0.17477
1719,0.13107
1720,0.06098
1721,0.0248
1722,0.0
1723,0.0
1724,0.0
1725,0.0
1726,0.0
1727,0.0
1728,0.0
1729,0.0
1730,0.0
1731,0.0
1732,0.0
1733,0.0
1734,0.00483
1735,0.05761
1736,0.09573999999999999
1737,0.08712
1738,0.17121
1739,0.20074
1740,0.22153
1741,0.27188
1742,0.17575
1743,0.17795
1744,0.07637999999999999
1745,0.02638
1746,0.0
1747,0.0
1748,0.0
1749,0.0
1750,0.0
1751,0.0
1752,0.0
1753,0.0
1754,0.0
1755,0.0
1756,0.0
1757,0.0
1758,0.00415
1759,0.04093
1760,0.09693
1761,0.10959999999999999
1762,0.18086000000000002
1763,0.19641
1764,0.22690000000000002
1765,0.13905
1766,0.16111
1767,0.09564
1768,0.07604000000000001
1769,0.01659
1770,0.0
1771,0.0
1772,0.0
1773,0.0
1774,0.0
1775,0.0
1776,0.0
1777,0.0
1778,0.0
1779,0.0
1780,0.0
1781,0.0
1782,0.00368
1783,0.028
1784,0.09627
1785,0.10845999999999999
1786,0.12112
1787,0.26022
1788,0.25980000000000003
1789,0.22519999999999998
1790,0.16596
1791,0.15478
1792,0.07068
1793,0.02476
1794,0.0
1795,0.0
1796,0.0
1797,0.0
1798,0.0
1799,0.0
1800,0.0
1801,0.0
1802,0.0
1803,0.0
1804,0.0
1805,0.0
1806,0.0034500000000000004
1807,0.04945
1808,0.09948
1809,0.16598
1810,0.18658000000000002
1811,0.25392
1812,0.24056
1813,0.25578
1814,0.18256
1815,0.16238999999999998
1816,0.06597
1817,0.02673
1818,0.0
1819,0.0
1820,0.0
1821,0.0
1822,0.0
1823,0.0
1824,0.0
1825,0.0
1826,0.0
1827,0.0
1828,0.0
1829,0.0
1830,0.0012
1831,0.02952
1832,0.06933
1833,0.16531
1834,0.22966
1835,0.27398
1836,0.17647
1837,0.32025
1838,0.26488999999999996
1839,0.16322
1840,0.08029
1841,0.02533
1842,0.0
1843,0.0
1844,0.0
1845,0.0
1846,0.0
1847,0.0
1848,0.0
1849,0.0
1850,0.0
1851,0.0
1852,0.0
1853,0.0
1854,0.0036
1855,0.04273
1856,0.11639000000000001
1857,0.15325
1858,0.23722
1859,0.28024
1860,0.27302
1861,0.29311000000000004
1862,0.20928
1863,0.11226
1864,0.07177
1865,0.02527
1866,0.0
1867,0.0
1868,0.0
1869,0.0
1870,0.0
1871,0.0
1872,0.0
1873,0.0
1874,0.0
1875,0.0
1876,0.0
1877,0.0
1878,0.0004
1879,0.02307
1880,0.0362
1881,0.11238
1882,0.13316
1883,0.1391
1884,0.14454
1885,0.16237000000000001
1886,0.12774
1887,0.1151
1888,0.08437
1889,0.01774
1890,0.0
1891,0.0
1892,0.0
1893,0.0
1894,0.0
1895,0.0
1896,0.0
1897,0.0
1898,0.0
1899,0.0
1900,0.0
1901,0.0
1902,0.00413
1903,0.06971
1904,0.11689
1905,0.15771000000000002
1906,0.13578
1907,0.21295
1908,0.23428
1909,0.23915
1910,0.16427
1911,0.15105000000000002
1912,0.09542
1913,0.03056
1914,0.0
1915,0.0
1916,0.0
1917,0.0
1918,0.0
1919,0.0
1920,0.0
1921,0.0
1922,0.0
1923,0.0
1924,0.0
1925,0.0
1926,0.009710000000000002
1927,0.04555
1928,0.10825
1929,0.14157
1930,0.1148
1931,0.08428000000000001
1932,0.09648000000000001
1933,0.19241
1934,0.08846
1935,0.12442
1936,0.06498999999999999
1937,0.01948
1938,0.0
1939,0.0
1940,0.0
1941,0.0
1942,0.0
1943,0.0
1944,0.0
1945,0.0
1946,0.0
1947,0.0
1948,0.0
1949,0.0
1950,0.01108
1951,0.07695
1952,0.10449
1953,0.10036
1954,0.08081
1955,0.12334999999999999
1956,0.12487000000000001
1957,0.14736000000000002
1958,0.13058
1959,0.11585
1960,0.07539
1961,0.03365
1962,0.0
1963,0.0
1964,0.0
1965,0.0
1966,0.0
1967,0.0
1968,0.0
1969,0.0
1970,0.0
1971,0.0
1972,0.0
1973,0.0
1974,0.00827
1975,0.07765000000000001
1976,0.13974
1977,0.17668999999999999
1978,0.22641999999999998
1979,0.17051
1980,0.27538
1981,0.1388
1982,0.15243
1983,0.10714
1984,0.08812
1985,0.03141
1986,0.0
1987,0.0
1988,0.0
1989,0.0
1990,0.0
1991,0.0
1992,0.0
1993,0.0
1994,0.0
1995,0.0
1996,0.0
1997,0.0
1998,0.00733
1999,0.061630000000000004
2000,0.0963
2001,0.11809
2002,0.11429
2003,0.13487000000000002
2004,0.13518
2005,0.22766999999999998
2006,0.14856999999999998
2007,0.15847999999999998
2008,0.10238
2009,0.02965
2010,0.0
2011,0.0
2012,0.0
2013,0.0
2014,0.0
2015,0.0
2016,0.0
2017,0.0
2018,0.0
2019,0.0
2020,0.0
2021,0.0
2022,0.010320000000000001
2023,0.08421
2024,0.09876
2025,0.14806
2026,0.15862
2027,0.12829
2028,0.24459999999999998
2029,0.26441000000000003
2030,0.20481
2031,0.15681
2032,0.08212
2033,0.0233
2034,0.0
2035,0.0
2036,0.0
2037,0.0
2038,0.0
2039,0.0
2040,0.0
2041,0.0
2042,0.0
2043,0.0
2044,0.0
2045,0.0
2046,0.00856
2047,0.06923
2048,0.07484
2049,0.11737
2050,0.15536000000000003
2051,0.13299
2052,0.1726
2053,0.22385
2054,0.17201
2055,0.12731
2056,0.08343
2057,0.02208
2058,0.0
2059,0.0
2060,0.0
2061,0.0
2062,0.0
2063,0.0
2064,0.0
2065,0.0
2066,0.0
2067,0.0
2068,0.0
2069,0.0
2070,0.00856
2071,0.06309000000000001
2072,0.11827
2073,0.16515000000000002
2074,0.16849
2075,0.17984
2076,0.28764
2077,0.19391
2078,0.21981
2079,0.18356999999999998
2080,0.07428
2081,0.01779
2082,0.0
2083,0.0
2084,0.0
2085,0.0
2086,0.0
2087,0.0
2088,0.0
2089,0.0
2090,0.0
2091,0.0
2092,0.0
2093,0.0
2094,0.00196
2095,0.0305
2096,0.06452
2097,0.17044
2098,0.18897
2099,0.17809
2100,0.25701999999999997
2101,0.19956000000000002
2102,0.22422999999999998
2103,0.13446
2104,0.1018
2105,0.014
2106,0.0
2107,0.0
2108,0.0
2109,0.0
2110,0.0
2111,0.0
2112,0.0
2113,0.0
2114,0.0
2115,0.0
2116,0.0
2117,0.0
2118,0.00413
2119,0.05262
2120,0.11788
2121,0.20701
2122,0.23234
2123,0.23898
2124,0.23465
2125,0.23402
2126,0.20797
2127,0.14756
2128,0.03449
2129,0.01383
2130,0.0
2131,0.0
2132,0.0
2133,0.0
2134,0.0
2135,0.0
2136,0.0
2137,0.0
2138,0.0
2139,0.0
2140,0.0
2141,0.0
2142,0.01243
2143,0.08368
2144,0.13223
2145,0.15982
2146,0.21297
2147,0.15036000000000002
2148,0.18885
2149,0.26274000000000003
2150,0.20885
2151,0.15918000000000002
2152,0.11645
2153,0.03389
2154,0.0
2155,0.0
2156,0.0
2157,0.0
2158,0.0
2159,0.0
2160,0.0
2161,0.0
2162,0.0
2163,0.0
2164,0.0
2165,0.0
2166,0.011349999999999999
2167,0.07221999999999999
2168,0.11393
2169,0.10197
2170,0.17468
2171,0.15769999999999998
2172,0.18631
2173,0.21733000000000002
2174,0.19624
2175,0.13037
2176,0.07471
2177,0.01914
2178,0.0
2179,0.0
2180,0.0
2181,0.0
2182,0.0
2183,0.0
2184,0.0
2185,0.0
2186,0.0
2187,0.0
2188,0.0
2189,0.0
2190,0.009630000000000001
2191,0.07686
2192,0.11347
2193,0.21578
2194,0.22497999999999999
2195,0.27062
2196,0.26964
2197,0.22541999999999998
2198,0.1628
2199,0.13853000000000001
2200,0.06570000000000001
2201,0.02029
2202,0.0
2203,0.0
2204,0.0
2205,0.0
2206,0.0
2207,0.0
2208,0.0
2209,0.0
2210,0.0
2211,0.0
2212,0.0
2213,0.0
2214,0.0035600000000000002
2215,0.06938
2216,0.15166
2217,0.23267
2218,0.27431
2219,0.28702
2220,0.24614
2221,0.17183
2222,0.17052
2223,0.14039
2224,0.0726
2225,0.01036
2226,0.0
2227,0.0
2228,0.0
2229,0.0
2230,0.0
2231,0.0
2232,0.0
2233,0.0
2234,0.0
2235,0.0
2236,0.0
2237,0.0
2238,0.00488
2239,0.03128
2240,0.08925
2241,0.15662
2242,0.18871000000000002
2243,0.26232
2244,0.15125999999999998
2245,0.27114
2246,0.17981
2247,0.10721
2248,0.08301
2249,0.01984
2250,0.0
2251,0.0
2252,0.0
2253,0.0
2254,0.0
2255,0.0
2256,0.0
2257,0.0
2258,0.0
2259,0.0
2260,0.0
2261,0.0
2262,0.00583
2263,0.07082
2264,0.13016999999999998
2265,0.18562
2266,0.20077
2267,0.22872
2268,0.27426
2269,0.17149
2270,0.19725
2271,0.12264
2272,0.037770000000000005
2273,0.015349999999999999
2274,0.0
2275,0.0
2276,0.0
2277,0.0
2278,0.0
2279,0.0
2280,0.0
2281,0.0
2282,0.0
2283,0.0
2284,0.0
2285,0.0
2286,0.013689999999999999
2287,0.07734
2288,0.15515
2289,0.17890999999999999
2290,0.18345
2291,0.23681
2292,0.35402999999999996
2293,0.28997
2294,0.27722
2295,0.18556
2296,0.0629
2297,0.02183
2298,0.0
2299,0.0
2300,0.0
2301,0.0
2302,0.0
2303,0.0
2304,0.0
2305,0.0
2306,0.0
2307,0.0
2308,0.0
2309,0.0
2310,0.015189999999999999
2311,0.07705
2312,0.13313
2313,0.19066999999999998
2314,0.19147999999999998
2315,0.21658000000000002
2316,0.20967
2317,0.21377000000000002
2318,0.25203
2319,0.14833000000000002
2320,0.10901999999999999
2321,0.03374
2322,0.0
2323,0.0
2324,0.0
2325,0.0
2326,0.0
2327,0.0
2328,0.0
2329,0.0
2330,0.0
2331,0.0
2332,0.0
2333,0.0
2334,0.00787
2335,0.0615
2336,0.11331999999999999
2337,0.13892
2338,0.16809000000000002
2339,0.20653
2340,0.24183000000000002
2341,0.21413
2342,0.18447999999999998
2343,0.10069
2344,0.08671
2345,0.02996
2346,0.0
2347,0.0
2348,0.0
2349,0.0
2350,0.0
2351,0.0
2352,0.0
2353,0.0
2354,0.0
2355,0.0
2356,0.0
2357,0.0
2358,0.00893
2359,0.0358
2360,0.07668000000000001
2361,0.18106
2362,0.16817
2363,0.21988
2364,0.20414
2365,0.15535
2366,0.16081
2367,0.09419
2368,0.08066
2369,0.02219
2370,0.0
2371,0.0
2372,0.0
2373,0.0
2374,0.0
2375,0.0
2376,0.0
2377,0.0
2378,0.0
2379,0.0
2380,0.0
2381,0.0
2382,0.01466
2383,0.08018
2384,0.13655
2385,0.13923
2386,0.1474
2387,0.12193000000000001
2388,0.19074000000000002
2389,0.22888999999999998
2390,0.20159
2391,0.10669
2392,0.06648
2393,0.020030000000000003
2394,0.0
2395,0.0
2396,0.0
2397,0.0
2398,0.0
2399,0.0
2400,0.0
2401,0.0
2402,0.0
2403,0.0
2404,0.0
2405,0.0
2406,0.01449
2407,0.08931
2408,0.13615
2409,0.18602000000000002
2410,0.25933
2411,0.26454
2412,0.32295999999999997
2413,0.25769
2414,0.22494
2415,0.08299
2416,0.084
2417,0.02524
2418,0.0
2419,0.0
2420,0.0
2421,0.0
2422,0.0
2423,0.0
2424,0.0
2425,0.0
2426,0.0
2427,0.0
2428,0.0
2429,0.0
2430,0.0141
2431,0.09502
2432,0.1628
2433,0.14548
2434,0.13186
2435,0.23913
2436,0.15693000000000001
2437,0.145
2438,0.15885
2439,0.11145999999999999
2440,0.08571
2441,0.02195
2442,0.0
2443,0.0
2444,0.0
2445,0.0
2446,0.0
2447,0.0
2448,0.0
2449,0.0
2450,0.0
2451,0.0
2452,0.0
2453,0.0
2454,0.014070000000000001
2455,0.10017
2456,0.10467
2457,0.12331
2458,0.10684
2459,0.19925
2460,0.25439
2461,0.24029
2462,0.20679
2463,0.13332
2464,0.07490999999999999
2465,0.025920000000000002
2466,0.0
2467,0.0
2468,0.0
2469,0.0
2470,0.0
2471,0.0
2472,0.0
2473,0.0
2474,0.0
2475,0.0
2476,0.0
2477,0.0
2478,0.009970000000000001
2479,0.02183
2480,0.09534999999999999
2481,0.15603
2482,0.2185
2483,0.29591
2484,0.23268
2485,0.28599
2486,0.24811000000000002
2487,0.17254
2488,0.07614
2489,0.02259
2490,0.0
2491,0.0
2492,0.0
2493,0.0
2494,0.0
2495,0.0
2496,0.0
2497,0.0
2498,0.0
2499,0.0
2500,0.0
2501,0.0
2502,0.01342
2503,0.06283
2504,0.14279
2505,0.09565
2506,0.1835
2507,0.24037
2508,0.21406999999999998
2509,0.25395
2510,0.26017
2511,0.10690999999999999
2512,0.07346
2513,0.01322
2514,0.0
2515,0.0
2516,0.0
2517,0.0
2518,0.0
2519,0.0
2520,0.0
2521,0.0
2522,0.0
2523,0.0
2524,0.0
2525,0.0
2526,0.00445
2527,0.03157
2528,0.0594
2529,0.06784
2530,0.09962
2531,0.15783000000000003
2532,0.12752
2533,0.17027
2534,0.1601
2535,0.14756
2536,0.07122
2537,0.01763
2538,0.0
2539,0.0
2540,0.0
2541,0.0
2542,0.0
2543,0.0
2544,0.0
2545,0.0
2546,0.0
2547,0.0
2548,0.0
2549,0.0
2550,0.00958
2551,0.061340000000000006
2552,0.09491
2553,0.11364
2554,0.22438999999999998
2555,0.24383000000000002
2556,0.16999
2557,0.35882
2558,0.116
2559,0.14435
2560,0.04102
2561,0.01477
2562,0.0
2563,0.0
2564,0.0
2565,0.0
2566,0.0
2567,0.0
2568,0.0
2569,0.0
2570,0.0
2571,0.0
2572,0.0
2573,0.0
2574,0.018879999999999997
2575,0.08122
2576,0.11278
2577,0.09713
2578,0.10321999999999999
2579,0.10146
2580,0.13908
2581,0.11495
2582,0.14595
2583,0.11167
2584,0.08832
2585,0.023059999999999997
2586,0.0
2587,0.0
2588,0.0
2589,0.0
2590,0.0
2591,0.0
2592,0.0
2593,0.0
2594,0.0
2595,0.0
2596,0.0
2597,0.0
2598,0.016579999999999998
2599,0.08173
2600,0.09011
2601,0.08668000000000001
2602,0.14597
2603,0.14278
2604,0.24705000000000002
2605,0.26824000000000003
2606,0.14288
2607,0.15200999999999998
2608,0.08454
2609,0.02249
2610,0.0
2611,0.0
2612,0.0
2613,0.0
2614,0.0
2615,0.0
2616,0.0
2617,0.0
2618,0.0
2619,0.0
2620,0.0
2621,0.0
2622,0.0147
2623,0.061270000000000005
2624,0.12513
2625,0.1001
2626,0.1421
2627,0.19172999999999998
2628,0.16632
2629,0.26183999999999996
2630,0.16816
2631,0.11845
2632,0.08535
2633,0.01716
2634,0.0
2635,0.0
2636,0.0
2637,0.0
2638,0.0
2639,0.0
2640,0.0
2641,0.0
2642,0.0
2643,0.0
2644,0.0
2645,0.0
2646,0.014410000000000001
2647,0.04942
2648,0.0823
2649,0.10998999999999999
2650,0.14497
2651,0.16579
2652,0.14802
2653,0.18941
2654,0.19537000000000002
2655,0.18019
2656,0.07744
2657,0.02228
2658,0.0
2659,0.0
2660,0.0
2661,0.0
2662,0.0
2663,0.0
2664,0.0
2665,0.0
2666,0.0
2667,0.0
2668,0.0
2669,0.0
2670,0.0174
2671,0.08976
2672,0.11247
2673,0.11527
2674,0.10933
2675,0.14291
2676,0.21309
2677,0.22082
2678,0.22688
2679,0.12218000000000001
2680,0.09173999999999999
2681,0.0247
2682,0.0
2683,0.0
2684,0.0
2685,0.0
2686,0.0
2687,0.0
2688,0.0
2689,0.0
2690,0.0
2691,0.0
2692,0.0
2693,0.0
2694,0.01109
2695,0.04628
2696,0.0715
2697,0.10814
2698,0.12644
2699,0.1459
2700,0.17906
2701,0.23271
2702,0.1561
2703,0.08409
2704,0.04496
2705,0.015179999999999999
2706,0.0
2707,0.0
2708,0.0
2709,0.0
2710,0.0
2711,0.0
2712,0.0
2713,0.0
2714,0.0
2715,0.0
2716,0.0
2717,0.0
2718,0.01691
2719,0.07647
2720,0.14943
2721,0.22661
2722,0.25508000000000003
2723,0.25461
2724,0.25086
2725,0.29984
2726,0.21315
2727,0.13809
2728,0.04038
2729,0.01284
2730,0.0
2731,0.0
2732,0.0
2733,0.0
2734,0.0
2735,0.0
2736,0.0
2737,0.0
2738,0.0
2739,0.0
2740,0.0
2741,0.0
2742,0.02233
2743,0.10825
2744,0.16598
2745,0.24809
2746,0.23890999999999998
2747,0.30423
2748,0.23973
2749,0.31564
2750,0.21271
2751,0.1192
2752,0.047119999999999995
2753,0.01063
2754,0.0
2755,0.0
2756,0.0
2757,0.0
2758,0.0
2759,0.0
2760,0.0
2761,0.0
2762,0.0
2763,0.0
2764,0.0
2765,0.0
2766,0.0144
2767,0.05848
2768,0.09723000000000001
2769,0.12340999999999999
2770,0.11315
2771,0.13416
2772,0.16288999999999998
2773,0.17177
2774,0.23146
2775,0.11993000000000001
2776,0.04494
2777,0.01472
2778,0.0
2779,0.0
2780,0.0
2781,0.0
2782,0.0
2783,0.0
2784,0.0
2785,0.0
2786,0.0
2787,0.0
2788,0.0
2789,0.0
2790,0.02418
2791,0.08782
2792,0.11281000000000001
2793,0.11985
2794,0.15875
2795,0.17156
2796,0.2587
2797,0.1591
2798,0.22247999999999998
2799,0.13672
2800,0.08456999999999999
2801,0.023440000000000003
2802,0.0
2803,0.0
2804,0.0
2805,0.0
2806,0.0
2807,0.0
2808,0.0
2809,0.0
2810,0.0
2811,0.0
2812,0.0
2813,0.0
2814,0.02239
2815,0.12897
2816,0.13224
2817,0.22662000000000002
2818,0.26189
2819,0.26180000000000003
2820,0.15669999999999998
2821,0.24936000000000003
2822,0.22963
2823,0.11774
2824,0.05554
2825,0.0148
2826,0.0
2827,0.0
2828,0.0
2829,0.0
2830,0.0
2831,0.0
2832,0.0
2833,0.0
2834,0.0
2835,0.0
2836,0.0
2837,0.0
2838,0.023719999999999998
2839,0.10545
2840,0.15355000000000002
2841,0.21159999999999998
2842,0.30493000000000003
2843,0.27732999999999997
2844,0.28482999999999997
2845,0.23783
2846,0.24621
2847,0.15369
2848,0.08721999999999999
2849,0.01648
2850,0.0
2851,0.0
2852,0.0
2853,0.0
2854,0.0
2855,0.0
2856,0.0
2857,0.0
2858,0.0
2859,0.0
2860,0.0
2861,0.0
2862,0.01704
2863,0.09376000000000001
2864,0.15277000000000002
2865,0.2284
2866,0.26869
2867,0.33158
2868,0.31204000000000004
2869,0.22763999999999998
2870,0.18109999999999998
2871,0.10239
2872,0.07134
2873,0.01019
2874,0.0
2875,0.0
2876,0.0
2877,0.0
2878,0.0
2879,0.0
2880,0.0
2881,0.0
2882,0.0
2883,0.0
2884,0.0
2885,0.0
2886,0.009179999999999999
2887,0.06055
2888,0.15472
2889,0.20715999999999998
2890,0.25133
2891,0.20714
2892,0.23224
2893,0.30981000000000003
2894,0.19663999999999998
2895,0.13011
2896,0.06926
2897,0.02515
2898,0.0
2899,0.0
2900,0.0
2901,0.0
2902,0.0
2903,0.0
2904,0.0
2905,0.0
2906,0.0
2907,0.0
2908,0.0
2909,0.0
2910,0.01924
2911,0.1014
2912,0.13757
2913,0.13749
2914,0.15883
2915,0.11485
2916,0.16101
2917,0.14780000000000001
2918,0.11681
2919,0.09369
2920,0.05928
2921,0.02239
2922,0.0
2923,0.0
2924,0.0
2925,0.0
2926,0.0
2927,0.0
2928,0.0
2929,0.0
2930,0.0
2931,0.0
2932,0.0
2933,0.0
2934,0.00022
2935,0.05745
2936,0.1392
2937,0.20341
2938,0.27312000000000003
2939,0.3318
2940,0.28204
2941,0.11251
2942,0.07809999999999999
2943,0.08228
2944,0.05972
2945,0.00753
2946,0.0
2947,0.0
2948,0.0
2949,0.0
2950,0.0
2951,0.0
2952,0.0
2953,0.0
2954,0.0
2955,0.0
2956,0.0
2957,0.0
2958,0.024120000000000003
2959,0.11229
2960,0.16091999999999998
2961,0.17592
2962,0.21078
2963,0.18219
2964,0.21081
2965,0.11617
2966,0.12625
2967,0.13566
2968,0.08592
2969,0.0291
2970,0.0
2971,0.0
2972,0.0
2973,0.0
2974,0.0
2975,0.0
2976,0.0
2977,0.0
2978,0.0
2979,0.0
2980,0.0
2981,0.0
2982,0.02511
2983,0.09265000000000001
2984,0.12955
2985,0.13585
2986,0.16774
2987,0.19136
2988,0.2031
2989,0.22175
2990,0.22638999999999998
2991,0.11358
2992,0.040780000000000004
2993,0.01745
2994,0.0
2995,0.0
2996,0.0
2997,0.0
2998,0.0
2999,0.0
3000,0.0
3001,0.0
3002,0.0
3003,0.0
3004,0.0
3005,0.0
3006,0.01509
3007,0.08411
3008,0.08904999999999999
3009,0.10016
3010,0.08647
3011,0.10407999999999999
3012,0.17476
3013,0.253
3014,0.15850999999999998
3015,0.105
3016,0.10271
3017,0.01923
3018,0.0
3019,0.0
3020,0.0
3021,0.0
3022,0.0
3023,0.0
3024,0.0
3025,0.0
3026,0.0
3027,0.0
3028,0.0
3029,0.0
3030,0.01523
3031,0.07508
3032,0.10976000000000001
3033,0.11520999999999999
3034,0.10635
3035,0.15997
3036,0.12154999999999999
3037,0.2066
3038,0.18228
3039,0.13313
3040,0.06111
3041,0.02232
3042,0.0
3043,0.0
3044,0.0
3045,0.0
3046,0.0
3047,0.0
3048,0.0
3049,0.0
3050,0.0
3051,0.0
3052,0.0
3053,0.0
3054,0.02131
3055,0.09134
3056,0.1383
3057,0.19676
3058,0.24409999999999998
3059,0.31589
3060,0.31992000000000004
3061,0.26005
3062,0.19357
3063,0.14819
3064,0.09248
3065,0.02471
3066,0.0
3067,0.0
3068,0.0
3069,0.0
3070,0.0
3071,0.0
3072,0.0
3073,0.0
3074,0.0
3075,0.0
3076,0.0
3077,0.0
3078,0.01745
3079,0.07927
3080,0.10972
3081,0.18234999999999998
3082,0.16769
3083,0.24755000000000002
3084,0.28589
3085,0.15981
3086,0.12711
3087,0.12362000000000001
3088,0.09838
3089,0.03487
3090,0.0
3091,0.0
3092,0.0
3093,0.0
3094,0.0
3095,0.0
3096,0.0
3097,0.0
3098,0.0
3099,0.0
3100,0.0
3101,0.0
3102,0.01756
3103,0.09414
3104,0.19203
3105,0.24646
3106,0.24778
3107,0.25799
3108,0.28278
3109,0.25314
3110,0.23741
3111,0.12631
3112,0.06948
3113,0.0238
3114,0.0
3115,0.0
3116,0.0
3117,0.0
3118,0.0
3119,0.0
3120,0.0
3121,0.0
3122,0.0
3123,0.0
3124,0.0
3125,0.0
3126,0.01676
3127,0.07324
3128,0.1529
3129,0.21764
3130,0.33321
3131,0.32247000000000003
3132,0.29601
3133,0.25665
3134,0.25394
3135,0.16366999999999998
3136,0.07831999999999999
3137,0.03288
3138,0.0
3139,0.0
3140,0.0
3141,0.0
3142,0.0
3143,0.0
3144,0.0
3145,0.0
3146,0.0
3147,0.0
3148,0.0
3149,0.0
3150,0.02678
3151,0.11342
3152,0.19587000000000002
3153,0.24605000000000002
3154,0.21888999999999997
3155,0.23092
3156,0.19125
3157,0.20786000000000002
3158,0.23404
3159,0.19919
3160,0.07725
3161,0.01757
3162,0.0
3163,0.0
3164,0.0
3165,0.0
3166,0.0
3167,0.0
3168,0.0
3169,0.0
3170,0.0
3171,0.0
3172,0.0
3173,0.0
3174,0.02113
3175,0.10481
3176,0.18465
3177,0.23422
3178,0.30308999999999997
3179,0.24226
3180,0.27044
3181,0.25793
3182,0.20387
3183,0.10934999999999999
3184,0.07389
3185,0.0202
3186,0.0
3187,0.0
3188,0.0
3189,0.0
3190,0.0
3191,0.0
3192,0.0
3193,0.0
3194,0.0
3195,0.0
3196,0.0
3197,0.0
3198,0.02298
3199,0.10984000000000001
3200,0.14357
3201,0.24253
3202,0.27481
3203,0.2868
3204,0.26971
3205,0.24831999999999999
3206,0.2354
3207,0.16586
3208,0.09918
3209,0.02128
3210,0.0
3211,0.0
3212,0.0
3213,0.0
3214,0.0
3215,0.0
3216,0.0
3217,0.0
3218,0.0
3219,0.0
3220,0.0
3221,0.0
3222,0.022010000000000002
3223,0.08954999999999999
3224,0.15109999999999998
3225,0.16881000000000002
3226,0.28524
3227,0.29827
3228,0.27121
3229,0.30739
3230,0.27019
3231,0.13382
3232,0.08761
3233,0.02133
3234,0.0
3235,0.0
3236,0.0
3237,0.0
3238,0.0
3239,0.0
3240,0.0
3241,0.0
3242,0.0
3243,0.0
3244,0.0
3245,0.0
3246,0.02097
3247,0.09401999999999999
3248,0.14671
3249,0.23521
3250,0.25639999999999996
3251,0.30756
3252,0.22808
3253,0.18878
3254,0.19501
3255,0.16459000000000001
3256,0.07166
3257,0.0165
3258,0.0
3259,0.0
3260,0.0
3261,0.0
3262,0.0
3263,0.0
3264,0.0
3265,0.0
3266,0.0
3267,0.0
3268,0.0
3269,0.0
3270,0.01902
3271,0.08616
3272,0.1586
3273,0.19624
3274,0.24756
3275,0.23482
3276,0.31561
3277,0.25795
3278,0.11915
3279,0.08710999999999999
3280,0.04947
3281,0.01014
3282,0.0
3283,0.0
3284,0.0
3285,0.0
3286,0.0
3287,0.0
3288,0.0
3289,0.0
3290,0.0
3291,0.0
3292,0.0
3293,0.0
3294,0.01199
3295,0.06965
3296,0.10036
3297,0.15674000000000002
3298,0.15269
3299,0.13719
3300,0.29107
3301,0.19472
3302,0.15755000000000002
3303,0.09008
3304,0.06314
3305,0.00782
3306,0.0
3307,0.0
3308,0.0
3309,0.0
3310,0.0
3311,0.0
3312,0.0
3313,0.0
3314,0.0
3315,0.0
3316,0.0
3317,0.0
3318,0.01402
3319,0.05945
3320,0.08456
3321,0.16066
3322,0.14968
3323,0.17976
3324,0.21906
3325,0.21333000000000002
3326,0.14293
3327,0.17127
3328,0.07637999999999999
3329,0.011789999999999998
3330,0.0
3331,0.0
3332,0.0
3333,0.0
3334,0.0
3335,0.0
3336,0.0
3337,0.0
3338,0.0
3339,0.0
3340,0.0
3341,0.0
3342,0.016059999999999998
3343,0.07138
3344,0.13129
3345,0.14637999999999998
3346,0.16171000000000002
3347,0.24647
3348,0.19588999999999998
3349,0.23507
3350,0.26075
3351,0.15167
3352,0.0594
3353,0.020579999999999998
3354,0.0
3355,0.0
3356,0.0
3357,0.0
3358,0.0
3359,0.0
3360,0.0
3361,0.0
3362,0.0
3363,0.0
3364,0.0
3365,0.0
3366,0.0145
3367,0.06462999999999999
3368,0.1062
3369,0.1704
3370,0.21719
3371,0.26635000000000003
3372,0.27426999999999996
3373,0.24731999999999998
3374,0.16355
3375,0.14939
3376,0.07601999999999999
3377,0.01266
3378,0.0
3379,0.0
3380,0.0
3381,0.0
3382,0.0
3383,0.0
3384,0.0
3385,0.0
3386,0.0
3387,0.0
3388,0.0
3389,0.0
3390,0.01822
3391,0.06983
3392,0.08101
3393,0.06427
3394,0.09756000000000001
3395,0.14168
3396,0.13943
3397,0.1403
3398,0.17808000000000002
3399,0.11739
3400,0.08018
3401,0.01452
3402,0.0
3403,0.0
3404,0.0
3405,0.0
3406,0.0
3407,0.0
3408,0.0
3409,0.0
3410,0.0
3411,0.0
3412,0.0
3413,0.0
3414,0.01805
3415,0.07959999999999999
3416,0.12185
3417,0.09509999999999999
3418,0.11808
3419,0.12109
3420,0.12927000000000002
3421,0.14526
3422,0.16050999999999999
3423,0.10268000000000001
3424,0.05264
3425,0.02079
3426,0.0
3427,0.0
3428,0.0
3429,0.0
3430,0.0
3431,0.0
3432,0.0
3433,0.0
3434,0.0
3435,0.0
3436,0.0
3437,0.0
3438,0.0049299999999999995
3439,0.0237
3440,0.03565
3441,0.03615
3442,0.14387
3443,0.08839
3444,0.15215
3445,0.25643
3446,0.18143
3447,0.14198
3448,0.07822
3449,0.02088
3450,0.0
3451,0.0
3452,0.0
3453,0.0
3454,0.0
3455,0.0
3456,0.0
3457,0.0
3458,0.0
3459,0.0
3460,0.0
3461,0.0
3462,0.00487
3463,0.05355
3464,0.07598
3465,0.13738
3466,0.18397999999999998
3467,0.23382
3468,0.19059
3469,0.24778
3470,0.20132
3471,0.1076
3472,0.07959999999999999
3473,0.022850000000000002
3474,0.0
3475,0.0
3476,0.0
3477,0.0
3478,0.0
3479,0.0
3480,0.0
3481,0.0
3482,0.0
3483,0.0
3484,0.0
3485,0.0
3486,0.01604
3487,0.06458
3488,0.12321
3489,0.13876
3490,0.17446
3491,0.19279
3492,0.19482
3493,0.16544
3494,0.18068
3495,0.11397
3496,0.06912
3497,0.02478
3498,0.0
3499,0.0
3500,0.0
3501,0.0
3502,0.0
3503,0.0
3504,0.0
3505,0.0
3506,0.0
3507,0.0
3508,0.0
3509,0.0
3510,0.01192
3511,0.04273
3512,0.09043999999999999
3513,0.14497
3514,0.18447999999999998
3515,0.23309
3516,0.22747
3517,0.26091000000000003
3518,0.21469
3519,0.16724
3520,0.06425
3521,0.01283
3522,0.0
3523,0.0
3524,0.0
3525,0.0
3526,0.0
3527,0.0
3528,0.0
3529,0.0
3530,0.0
3531,0.0
3532,0.0
3533,0.0
3534,0.010150000000000001
3535,0.08537
3536,0.13625
3537,0.16149000000000002
3538,0.25358
3539,0.20962999999999998
3540,0.29035
3541,0.23395
3542,0.18147
3543,0.12548
3544,0.07623999999999999
3545,0.014839999999999999
3546,0.0
3547,0.0
3548,0.0
3549,0.0
3550,0.0
3551,0.0
3552,0.0
3553,0.0
3554,0.0
3555,0.0
3556,0.0
3557,0.0
3558,0.00598
3559,0.05096
3560,0.06861
3561,0.16917
3562,0.21484
3563,0.15791
3564,0.18296
3565,0.23886000000000002
3566,0.13401
3567,0.12559
3568,0.09669
3569,0.021920000000000002
3570,0.0
3571,0.0
3572,0.0
3573,0.0
3574,0.0
3575,0.0
3576,0.0
3577,0.0
3578,0.0
3579,0.0
3580,0.0
3581,0.0
3582,0.01831
3583,0.06573000000000001
3584,0.11731
3585,0.08111
3586,0.12148
3587,0.10579000000000001
3588,0.1665
3589,0.12066
3590,0.20671
3591,0.13291999999999998
3592,0.04614
3593,0.013890000000000001
3594,0.0
3595,0.0
3596,0.0
3597,0.0
3598,0.0
3599,0.0
3600,0.0
3601,0.0
3602,0.0
3603,0.0
3604,0.0
3605,0.0
3606,0.0202
3607,0.07881
3608,0.08399
3609,0.09447
3610,0.11635
3611,0.10482999999999999
3612,0.19848
3613,0.24119
3614,0.17824
3615,0.11324
3616,0.06655
3617,0.01507
3618,0.0
3619,0.0
3620,0.0
3621,0.0
3622,0.0
3623,0.0
3624,0.0
3625,0.0
3626,0.0
3627,0.0
3628,0.0
3629,0.0
3630,0.01881
3631,0.07855
3632,0.11292
3633,0.14889
3634,0.24392
3635,0.2425
3636,0.29204
3637,0.29407
3638,0.22326
3639,0.14499
3640,0.05342
3641,0.01789
3642,0.0
3643,0.0
3644,0.0
3645,0.0
3646,0.0
3647,0.0
3648,0.0
3649,0.0
3650,0.0
3651,0.0
3652,0.0
3653,0.0
3654,0.02257
3655,0.10406
3656,0.19671
3657,0.2657
3658,0.26321
3659,0.27826999999999996
3660,0.26483
3661,0.20438
3662,0.15435
3663,0.16121000000000002
3664,0.052469999999999996
3665,0.01652
3666,0.0
3667,0.0
3668,0.0
3669,0.0
3670,0.0
3671,0.0
3672,0.0
3673,0.0
3674,0.0
3675,0.0
3676,0.0
3677,0.0
3678,0.02947
3679,0.11018
3680,0.15272
3681,0.19113999999999998
3682,0.28555
3683,0.28143
3684,0.27136
3685,0.2396
3686,0.20537
3687,0.10091
3688,0.06411
3689,0.014119999999999999
3690,0.0
3691,0.0
3692,0.0
3693,0.0
3694,0.0
3695,0.0
3696,0.0
3697,0.0
3698,0.0
3699,0.0
3700,0.0
3701,0.0
3702,0.0176
3703,0.07687000000000001
3704,0.12373999999999999
3705,0.19429
3706,0.24294
3707,0.20584
3708,0.34024
3709,0.24982
3710,0.22891999999999998
3711,0.15516
3712,0.06082
3713,0.020059999999999998
3714,0.0
3715,0.0
3716,0.0
3717,0.0
3718,0.0
3719,0.0
3720,0.0
3721,0.0
3722,0.0
3723,0.0
3724,0.0
3725,0.0
3726,0.01916
3727,0.10235999999999999
3728,0.14155
3729,0.1979
3730,0.23778
3731,0.24905000000000002
3732,0.23439
3733,0.19473
3734,0.17912
3735,0.11604
3736,0.04122
3737,0.0127
3738,0.0
3739,0.0
3740,0.0
3741,0.0
3742,0.0
3743,0.0
3744,0.0
3745,0.0
3746,0.0
3747,0.0
3748,0.0
3749,0.0
3750,0.01706
3751,0.07139
3752,0.14859
3753,0.13956
3754,0.209
3755,0.22751
3756,0.27976
3757,0.20027
3758,0.19009
3759,0.15283000000000002
3760,0.08213
3761,0.01242
3762,0.0
3763,0.0
3764,0.0
3765,0.0
3766,0.0
3767,0.0
3768,0.0
3769,0.0
3770,0.0
3771,0.0
3772,0.0
3773,0.0
3774,0.02179
3775,0.09461
3776,0.12328
3777,0.15628999999999998
3778,0.14578
3779,0.14515999999999998
3780,0.27021
3781,0.24609999999999999
3782,0.21252000000000001
3783,0.12409
3784,0.07873000000000001
3785,0.01752
3786,0.0
3787,0.0
3788,0.0
3789,0.0
3790,0.0
3791,0.0
3792,0.0
3793,0.0
3794,0.0
3795,0.0
3796,0.0
3797,0.0
3798,0.0025299999999999997
3799,0.03706
3800,0.05112
3801,0.15861
3802,0.20485
3803,0.20194
3804,0.18147
3805,0.26245999999999997
3806,0.18684
3807,0.15685
3808,0.09190000000000001
3809,0.020059999999999998
3810,0.0
3811,0.0
3812,0.0
3813,0.0
3814,0.0
3815,0.0
3816,0.0
3817,0.0
3818,0.0
3819,0.0
3820,0.0
3821,0.0
3822,0.01008
3823,0.055729999999999995
3824,0.09240999999999999
3825,0.13807
3826,0.14159
3827,0.1613
3828,0.2882
3829,0.29325999999999997
3830,0.19751
3831,0.13865
3832,0.06338
3833,0.01167
3834,0.0
3835,0.0
3836,0.0
3837,0.0
3838,0.0
3839,0.0
3840,0.0
3841,0.0
3842,0.0
3843,0.0
3844,0.0
3845,0.0
3846,0.010119999999999999
3847,0.06702
3848,0.11605
3849,0.19046000000000002
3850,0.19046000000000002
3851,0.20283
3852,0.25894
3853,0.18728
3854,0.21161000000000002
3855,0.13586
3856,0.07723000000000001
3857,0.02407
3858,0.0
3859,0.0
3860,0.0
3861,0.0
3862,0.0
3863,0.0
3864,0.0
3865,0.0
3866,0.0
3867,0.0
3868,0.0
3869,0.0
3870,0.01676
3871,0.07517
3872,0.11766
3873,0.14584
3874,0.13896
3875,0.19119999999999998
3876,0.16313999999999998
3877,0.22138
3878,0.20972
3879,0.15233000000000002
3880,0.09842000000000001
3881,0.02761
3882,0.0
3883,0.0
3884,0.0
3885,0.0
3886,0.0
3887,0.0
3888,0.0
3889,0.0
3890,0.0
3891,0.0
3892,0.0
3893,0.0
3894,0.01598
3895,0.07515999999999999
3896,0.10045
3897,0.0905
3898,0.10798
3899,0.17096
3900,0.18530000000000002
3901,0.23829
3902,0.16802
3903,0.10287
3904,0.07099
3905,0.020829999999999998
3906,0.0
3907,0.0
3908,0.0
3909,0.0
3910,0.0
3911,0.0
3912,0.0
3913,0.0
3914,0.0
3915,0.0
3916,0.0
3917,0.0
3918,0.019489999999999997
3919,0.06502
3920,0.13499
3921,0.13044
3922,0.13309
3923,0.14825
3924,0.17354
3925,0.18506
3926,0.15934
3927,0.14105
3928,0.09114
3929,0.020649999999999998
3930,0.0
3931,0.0
3932,0.0
3933,0.0
3934,0.0
3935,0.0
3936,0.0
3937,0.0
3938,0.0
3939,0.0
3940,0.0
3941,0.0
3942,0.02124
3943,0.06928
3944,0.11868000000000001
3945,0.16079
3946,0.14233
3947,0.21915
3948,0.2335
3949,0.26379
3950,0.20372
3951,0.11299
3952,0.09956999999999999
3953,0.02082
3954,0.0
3955,0.0
3956,0.0
3957,0.0
3958,0.0
3959,0.0
3960,0.0
3961,0.0
3962,0.0
3963,0.0
3964,0.0
3965,0.0
3966,0.01952
3967,0.08673
3968,0.14834
3969,0.14043
3970,0.13021000000000002
3971,0.14162
3972,0.13486
3973,0.13097
3974,0.16416
3975,0.16319
3976,0.0859
3977,0.02613
3978,0.0
3979,0.0
3980,0.0
3981,0.0
3982,0.0
3983,0.0
3984,0.0
3985,0.0
3986,0.0
3987,0.0
3988,0.0
3989,0.0
3990,0.01485
3991,0.054369999999999995
3992,0.09799
3993,0.17101
3994,0.11834
3995,0.19633
3996,0.23621999999999999
3997,0.21502000000000002
3998,0.23682
3999,0.12276999999999999
4000,0.08463
4001,0.03151
4002,0.0
4003,0.0
4004,0.0
4005,0.0
4006,0.0
4007,0.0
4008,0.0
4009,0.0
4010,0.0
4011,0.0
4012,0.0
4013,0.0
4014,0.0189
4015,0.09545999999999999
4016,0.17536000000000002
4017,0.22158
4018,0.27867000000000003
4019,0.29308999999999996
4020,0.29252
4021,0.26221
4022,0.20659
4023,0.16476
4024,0.08898
4025,0.022359999999999998
4026,0.0
4027,0.0
4028,0.0
4029,0.0
4030,0.0
4031,0.0
4032,0.0
4033,0.0
4034,0.0
4035,0.0
4036,0.0
4037,0.0
4038,0.01729
4039,0.09759999999999999
4040,0.17236
4041,0.21468
4042,0.27620999999999996
4043,0.30068
4044,0.25567
4045,0.22794999999999999
4046,0.21613
4047,0.10836
4048,0.07155
4049,0.027870000000000002
4050,0.0
4051,0.0
4052,0.0
4053,0.0
4054,0.0
4055,0.0
4056,0.0
4057,0.0
4058,0.0
4059,0.0
4060,0.0
4061,0.0
4062,0.01
4063,0.06545999999999999
4064,0.11495
4065,0.15991999999999998
4066,0.17401
4067,0.2035
4068,0.22387
4069,0.20446999999999999
4070,0.1981
4071,0.18161000000000002
4072,0.05615
4073,0.01806
4074,0.0
4075,0.0
4076,0.0
4077,0.0
4078,0.0
4079,0.0
4080,0.0
4081,0.0
4082,0.0
4083,0.0
4084,0.0
4085,0.0
4086,0.01367
4087,0.09045
4088,0.1256
4089,0.12783
4090,0.13893
4091,0.21037
4092,0.17462
4093,0.14429
4094,0.11198000000000001
4095,0.10407
4096,0.0702
4097,0.01078
4098,0.0
4099,0.0
4100,0.0
4101,0.0
4102,0.0
4103,0.0
4104,0.0
4105,0.0
4106,0.0
4107,0.0
4108,0.0
4109,0.0
4110,0.01598
4111,0.06583
4112,0.09359999999999999
4113,0.12254999999999999
4114,0.17662
4115,0.19104
4116,0.30238
4117,0.27317
4118,0.20678
4119,0.12181
4120,0.06462000000000001
4121,0.03259
4122,0.0
4123,0.0
4124,0.0
4125,0.0
4126,0.0
4127,0.0
4128,0.0
4129,0.0
4130,0.0
4131,0.0
4132,0.0
4133,0.0
4134,0.013890000000000001
4135,0.05998
4136,0.08031
4137,0.098
4138,0.14524
4139,0.14171
4140,0.13322
4141,0.14678
4142,0.11156
4143,0.0803
4144,0.05792
4145,0.01445
4146,0.0
4147,0.0
4148,0.0
4149,0.0
4150,0.0
4151,0.0
4152,0.0
4153,0.0
4154,0.0
4155,0.0
4156,0.0
4157,0.0
4158,0.013730000000000001
4159,0.06649
4160,0.06533
4161,0.11109000000000001
4162,0.11424
4163,0.17782
4164,0.15753999999999999
4165,0.21464
4166,0.13709
4167,0.13153
4168,0.08428000000000001
4169,0.03522
4170,0.0
4171,0.0
4172,0.0
4173,0.0
4174,0.0
4175,0.0
4176,0.0
4177,0.0
4178,0.0
4179,0.0
4180,0.0
4181,0.0
4182,0.01316
4183,0.07897
4184,0.08552
4185,0.09208
4186,0.09345999999999999
4187,0.13379
4188,0.12739
4189,0.08458
4190,0.07633
4191,0.10267
4192,0.09920999999999999
4193,0.02876
4194,0.0
4195,0.0
4196,0.0
4197,0.0
4198,0.0
4199,0.0
4200,0.0
4201,0.0
4202,0.0
4203,0.0
4204,0.0
4205,0.0
4206,0.01436
4207,0.06173
4208,0.08001000000000001
4209,0.15394
4210,0.18397
4211,0.24702000000000002
4212,0.19137
4213,0.20252
4214,0.18061000000000002
4215,0.14991
4216,0.10352
4217,0.03961
4218,0.0
4219,0.0
4220,0.0
4221,0.0
4222,0.0
4223,0.0
4224,0.0
4225,0.0
4226,0.0
4227,0.0
4228,0.0
4229,0.0
4230,0.01021
4231,0.07723999999999999
4232,0.16574
4233,0.17912999999999998
4234,0.23509
4235,0.1845
4236,0.20388
4237,0.18858000000000003
4238,0.21593
4239,0.1385
4240,0.07103
4241,0.016149999999999998
4242,0.0
4243,0.0
4244,0.0
4245,0.0
4246,0.0
4247,0.0
4248,0.0
4249,0.0
4250,0.0
4251,0.0
4252,0.0
4253,0.0
4254,0.01765
4255,0.09373000000000001
4256,0.14931
4257,0.17897
4258,0.20561000000000001
4259,0.18203
4260,0.16713999999999998
4261,0.14672
4262,0.16469
4263,0.13338
4264,0.07440999999999999
4265,0.023530000000000002
4266,0.0
4267,0.0
4268,0.0
4269,0.0
4270,0.0
4271,0.0
4272,0.0
4273,0.0
4274,0.0
4275,0.0
4276,0.0
4277,0.0
4278,0.009269999999999999
4279,0.060899999999999996
4280,0.08769
4281,0.12498999999999999
4282,0.12587
4283,0.14398
4284,0.15538
4285,0.11742
4286,0.14891
4287,0.12653
4288,0.05349
4289,0.02123
4290,0.0
4291,0.0
4292,0.0
4293,0.0
4294,0.0
4295,0.0
4296,0.0
4297,0.0
4298,0.0
4299,0.0
4300,0.0
4301,0.0
4302,0.018760000000000002
4303,0.07211
4304,0.12647
4305,0.18142
4306,0.19219999999999998
4307,0.2457
4308,0.24684999999999999
4309,0.14925
4310,0.12456
4311,0.09702
4312,0.08875
4313,0.03614
4314,0.0
4315,0.0
4316,0.0
4317,0.0
4318,0.0
4319,0.0
4320,0.0
4321,0.0
4322,0.0
4323,0.0
4324,0.0
4325,0.0
4326,0.01769
4327,0.09705
4328,0.15031999999999998
4329,0.18478999999999998
4330,0.26635000000000003
4331,0.24494
4332,0.22697
4333,0.19602
4334,0.22525
4335,0.16091
4336,0.10318000000000001
4337,0.029920000000000002
4338,0.0
4339,0.0
4340,0.0
4341,0.0
4342,0.0
4343,0.0
4344,0.0
4345,0.0
4346,0.0
4347,0.0
4348,0.0
4349,0.0
4350,0.01148
4351,0.04851
4352,0.07645
4353,0.06677
4354,0.09502
4355,0.14035
4356,0.10392
4357,0.15777000000000002
4358,0.13466999999999998
4359,0.13475
4360,0.08361
4361,0.02721
4362,0.0
4363,0.0
4364,0.0
4365,0.0
4366,0.0
4367,0.0
4368,0.0
4369,0.0
4370,0.0
4371,0.0
4372,0.0
4373,0.0
4374,0.01492
4375,0.05779
4376,0.09719
4377,0.15349000000000002
4378,0.26714
4379,0.28576
4380,0.2918
4381,0.27238
4382,0.25545
4383,0.17747
4384,0.11712
4385,0.037939999999999995
4386,0.0
4387,0.0
4388,0.0
4389,0.0
4390,0.0
4391,0.0
4392,0.0
4393,0.0
4394,0.0
4395,0.0
4396,0.0
4397,0.0
4398,0.009970000000000001
4399,0.054520000000000006
4400,0.07548
4401,0.12321
4402,0.11715
4403,0.11043
4404,0.07953
4405,0.15657
4406,0.1108
4407,0.11486
4408,0.061090000000000005
4409,0.02588
4410,0.0
4411,0.0
4412,0.0
4413,0.0
4414,0.0
4415,0.0
4416,0.0
4417,0.0
4418,0.0
4419,0.0
4420,0.0
4421,0.0
4422,0.00791
4423,0.03645
4424,0.03074
4425,0.04959
4426,0.05972
4427,0.07979
4428,0.13722
4429,0.22657
4430,0.19405
4431,0.11466
4432,0.08113
4433,0.03864
4434,0.0
4435,0.0
4436,0.0
4437,0.0
4438,0.0
4439,0.0
4440,0.0
4441,0.0
4442,0.0
4443,0.0
4444,0.0
4445,0.0
4446,0.01875
4447,0.09906000000000001
4448,0.16054
4449,0.19507
4450,0.25669
4451,0.24309999999999998
4452,0.2383
4453,0.26398
4454,0.11106999999999999
4455,0.08147
4456,0.07839
4457,0.02698
4458,0.0
4459,0.0
4460,0.0
4461,0.0
4462,0.0
4463,0.0
4464,0.0
4465,0.0
4466,0.0
4467,0.0
4468,0.0
4469,0.0
4470,0.0132
4471,0.08354
4472,0.16791999999999999
4473,0.23648
4474,0.27664999999999995
4475,0.20646
4476,0.18203999999999998
4477,0.26526
4478,0.18561000000000002
4479,0.13381
4480,0.09554
4481,0.02881
4482,0.0
4483,0.0
4484,0.0
4485,0.0
4486,0.0
4487,0.0
4488,0.0
4489,0.0
4490,0.0
4491,0.0
4492,0.0
4493,0.0
4494,0.00954
4495,0.01911
4496,0.05887
4497,0.09855
4498,0.10105
4499,0.23088
4500,0.24768
4501,0.20706
4502,0.1905
4503,0.16185
4504,0.08455
4505,0.021070000000000002
4506,0.0
4507,0.0
4508,0.0
4509,0.0
4510,0.0
4511,0.0
4512,0.0
4513,0.0
4514,0.0
4515,0.0
4516,0.0
4517,0.0
4518,0.01014
4519,0.06956
4520,0.13666999999999999
4521,0.13424
4522,0.19002000000000002
4523,0.21747999999999998
4524,0.24922
4525,0.22281
4526,0.23503
4527,0.17656
4528,0.10789
4529,0.03139
4530,0.0
4531,0.0
4532,0.0
4533,0.0
4534,0.0
4535,0.0
4536,0.0
4537,0.0
4538,0.0
4539,0.0
4540,0.0
4541,0.0
4542,0.01537
4543,0.07629000000000001
4544,0.12501
4545,0.155
4546,0.15628999999999998
4547,0.12838
4548,0.12409999999999999
4549,0.22666
4550,0.192
4551,0.17951
4552,0.08529
4553,0.02218
4554,0.0
4555,0.0
4556,0.0
4557,0.0
4558,0.0
4559,0.0
4560,0.0
4561,0.0
4562,0.0
4563,0.0
4564,0.0
4565,0.0
4566,0.01391
4567,0.08513
4568,0.15874000000000002
4569,0.18325999999999998
4570,0.19124000000000002
4571,0.29762
4572,0.23124
4573,0.22641
4574,0.25356
4575,0.15772
4576,0.09002
4577,0.03239
4578,0.0
4579,0.0
4580,0.0
4581,0.0
4582,0.0
4583,0.0
4584,0.0
4585,0.0
4586,0.0
4587,0.0
4588,0.0
4589,0.0
4590,0.01074
4591,0.07676999999999999
4592,0.15719
4593,0.18875999999999998
4594,0.28925
4595,0.27664
4596,0.31768
4597,0.27720999999999996
4598,0.25381
4599,0.13433
4600,0.06171
4601,0.02438
4602,0.0
4603,0.0
4604,0.0
4605,0.0
4606,0.0
4607,0.0
4608,0.0
4609,0.0
4610,0.0
4611,0.0
4612,0.0
4613,0.0
4614,0.01507
4615,0.09218000000000001
4616,0.13883
4617,0.20639
4618,0.22723
4619,0.22177000000000002
4620,0.24687
4621,0.18012999999999998
4622,0.20903
4623,0.10933
4624,0.06998
4625,0.02953
4626,0.0
4627,0.0
4628,0.0
4629,0.0
4630,0.0
4631,0.0
4632,0.0
4633,0.0
4634,0.0
4635,0.0
4636,0.0
4637,0.0
4638,0.011630000000000001
4639,0.06368
4640,0.09508
4641,0.10711
4642,0.1773
4643,0.16119999999999998
4644,0.12342
4645,0.12365999999999999
4646,0.12732
4647,0.07864
4648,0.05784
4649,0.02811
4650,0.0
4651,0.0
4652,0.0
4653,0.0
4654,0.0
4655,0.0
4656,0.0
4657,0.0
4658,0.0
4659,0.0
4660,0.0
4661,0.0
4662,0.00608
4663,0.07408
4664,0.13612
4665,0.16079
4666,0.1815
4667,0.17869
4668,0.17119
4669,0.1175
4670,0.14064
4671,0.09336
4672,0.07269
4673,0.026260000000000002
4674,0.0
4675,0.0
4676,0.0
4677,0.0
4678,0.0
4679,0.0
4680,0.0
4681,0.0
4682,0.0
4683,0.0
4684,0.0
4685,0.0
4686,0.01375
4687,0.08608
4688,0.14012
4689,0.12938999999999998
4690,0.20041
4691,0.23416
4692,0.29014
4693,0.24180000000000001
4694,0.20028
4695,0.13078
4696,0.07022
4697,0.019379999999999998
4698,0.0
4699,0.0
4700,0.0
4701,0.0
4702,0.0
4703,0.0
4704,0.0
4705,0.0
4706,0.0
4707,0.0
4708,0.0
4709,0.0
4710,0.01616
4711,0.08234
4712,0.13619
4713,0.14277
4714,0.14234
4715,0.16438
4716,0.19808
4717,0.1896
4718,0.21045
4719,0.12514
4720,0.07149
4721,0.025589999999999998
4722,0.0
4723,0.0
4724,0.0
4725,0.0
4726,0.0
4727,0.0
4728,0.0
4729,0.0
4730,0.0
4731,0.0
4732,0.0
4733,0.0
4734,0.015560000000000001
4735,0.06517
4736,0.15011000000000002
4737,0.17736000000000002
4738,0.18477000000000002
4739,0.14511000000000002
4740,0.159
4741,0.13386
4742,0.14771
4743,0.13749
4744,0.09253
4745,0.03576
4746,0.0
4747,0.0
4748,0.0
4749,0.0
4750,0.0
4751,0.0
4752,0.0
4753,0.0
4754,0.0
4755,0.0
4756,0.0
4757,0.0
4758,0.00925
4759,0.0501
4760,0.07461
4761,0.15233000000000002
4762,0.11571
4763,0.16091999999999998
4764,0.17464
4765,0.14711000000000002
4766,0.19878
4767,0.12497
4768,0.10019
4769,0.0135
4770,0.0
4771,0.0
4772,0.0
4773,0.0
4774,0.0
4775,0.0
4776,0.0
4777,0.0
4778,0.0
4779,0.0
4780,0.0
4781,0.0
4782,0.01532
4783,0.07092
4784,0.10117
4785,0.12947
4786,0.15027000000000001
4787,0.1742
4788,0.20785
4789,0.14347
4790,0.24839
4791,0.16905
4792,0.09367
4793,0.02323
4794,0.0
4795,0.0
4796,0.0
4797,0.0
4798,0.0
4799,0.0
4800,0.0
4801,0.0
4802,0.0
4803,0.0
4804,0.0
4805,0.0
4806,0.005679999999999999
4807,0.04401
4808,0.08866
4809,0.136
4810,0.09625
4811,0.14493999999999999
4812,0.14773
4813,0.20951
4814,0.18855000000000002
4815,0.11329
4816,0.06691
4817,0.018
4818,0.0
4819,0.0
4820,0.0
4821,0.0
4822,0.0
4823,0.0
4824,0.0
4825,0.0
4826,0.0
4827,0.0
4828,0.0
4829,0.0
4830,0.01011
4831,0.04032
4832,0.08821999999999999
4833,0.14611000000000002
4834,0.13178
4835,0.16624
4836,0.23533
4837,0.17173
4838,0.19681
4839,0.11723
4840,0.04939
4841,0.02906
4842,0.0
4843,0.0
4844,0.0
4845,0.0
4846,0.0
4847,0.0
4848,0.0
4849,0.0
4850,0.0
4851,0.0
4852,0.0
4853,0.0
4854,0.00604
4855,0.039810000000000005
4856,0.06594
4857,0.10534
4858,0.09456999999999999
4859,0.15017
4860,0.16835
4861,0.24984
4862,0.15163
4863,0.11401
4864,0.09087999999999999
4865,0.02431
4866,0.0
4867,0.0
4868,0.0
4869,0.0
4870,0.0
4871,0.0
4872,0.0
4873,0.0
4874,0.0
4875,0.0
4876,0.0
4877,0.0
4878,0.013529999999999999
4879,0.09598000000000001
4880,0.11788
4881,0.10516
4882,0.13581000000000001
4883,0.13615
4884,0.19854
4885,0.22035
4886,0.19788999999999998
4887,0.0887
4888,0.05615
4889,0.019710000000000002
4890,0.0
4891,0.0
4892,0.0
4893,0.0
4894,0.0
4895,0.0
4896,0.0
4897,0.0
4898,0.0
4899,0.0
4900,0.0
4901,0.0
4902,0.00991
4903,0.05704
4904,0.10707
4905,0.11015000000000001
4906,0.12082999999999999
4907,0.10745
4908,0.09592
4909,0.14571
4910,0.16097999999999998
4911,0.11623
4912,0.07637999999999999
4913,0.033909999999999996
4914,0.0
4915,0.0
4916,0.0
4917,0.0
4918,0.0
4919,0.0
4920,0.0
4921,0.0
4922,0.0
4923,0.0
4924,0.0
4925,0.0
4926,0.00879
4927,0.04599
4928,0.06998
4929,0.07105
4930,0.09495
4931,0.09490000000000001
4932,0.10495
4933,0.12811
4934,0.08353000000000001
4935,0.08214
4936,0.06602
4937,0.02861
4938,0.0
4939,0.0
4940,0.0
4941,0.0
4942,0.0
4943,0.0
4944,0.0
4945,0.0
4946,0.0
4947,0.0
4948,0.0
4949,0.0
4950,0.01367
4951,0.08735
4952,0.13875
4953,0.18744999999999998
4954,0.15213
4955,0.16206
4956,0.18609
4957,0.24425999999999998
4958,0.19591999999999998
4959,0.14793
4960,0.09731000000000001
4961,0.032659999999999995
4962,0.0
4963,0.0
4964,0.0
4965,0.0
4966,0.0
4967,0.0
4968,0.0
4969,0.0
4970,0.0
4971,0.0
4972,0.0
4973,0.0
4974,0.01272
4975,0.07472
4976,0.12051
4977,0.17293
4978,0.22072
4979,0.29099
4980,0.22845
4981,0.29012
4982,0.25956
4983,0.11881
4984,0.06335
4985,0.01276
4986,0.0
4987,0.0
4988,0.0
4989,0.0
4990,0.0
4991,0.0
4992,0.0
4993,0.0
4994,0.0
4995,0.0
4996,0.0
4997,0.0
4998,0.01495
4999,0.09401000000000001
5000,0.17645
5001,0.16462000000000002
5002,0.255
5003,0.27742
5004,0.31727999999999995
5005,0.27799
5006,0.24902000000000002
5007,0.17458
5008,0.06673
5009,0.023420000000000003
5010,0.0
5011,0.0
5012,0.0
5013,0.0
5014,0.0
5015,0.0
5016,0.0
5017,0.0
5018,0.0
5019,0.0
5020,0.0
5021,0.0
5022,0.0112
5023,0.09
5024,0.16611
5025,0.24427000000000001
5026,0.30011
5027,0.34312
5028,0.25509
5029,0.2797
5030,0.19972
5031,0.08845
5032,0.08637
5033,0.022170000000000002
5034,0.0
5035,0.0
5036,0.0
5037,0.0
5038,0.0
5039,0.0
5040,0.0
5041,0.0
5042,0.0
5043,0.0
5044,0.0
5045,0.0
5046,0.01124
5047,0.07529999999999999
5048,0.14147
5049,0.16159
5050,0.19013
5051,0.26162
5052,0.31157999999999997
5053,0.2373
5054,0.25709
5055,0.14826
5056,0.05636
5057,0.018179999999999998
5058,0.0
5059,0.0
5060,0.0
5061,0.0
5062,0.0
5063,0.0
5064,0.0
5065,0.0
5066,0.0
5067,0.0
5068,0.0
5069,0.0
5070,0.00866
5071,0.046579999999999996
5072,0.09820999999999999
5073,0.11662
5074,0.16141
5075,0.23979
5076,0.25321
5077,0.214
5078,0.1683
5079,0.08431
5080,0.06522
5081,0.01865
5082,0.0
5083,0.0
5084,0.0
5085,0.0
5086,0.0
5087,0.0
5088,0.0
5089,0.0
5090,0.0
5091,0.0
5092,0.0
5093,0.0
5094,0.01305
5095,0.07141
5096,0.11191
5097,0.15247
5098,0.11814
5099,0.17149
5100,0.24039
5101,0.22533
5102,0.21684
5103,0.16166
5104,0.11384
5105,0.02583
5106,0.0
5107,0.0
5108,0.0
5109,0.0
5110,0.0
5111,0.0
5112,0.0
5113,0.0
5114,0.0
5115,0.0
5116,0.0
5117,0.0
5118,0.00956
5119,0.07483
5120,0.10722
5121,0.12649
5122,0.25012
5123,0.28704
5124,0.29814999999999997
5125,0.21115
5126,0.2045
5127,0.12709
5128,0.07187
5129,0.01911
5130,0.0
5131,0.0
5132,0.0
5133,0.0
5134,0.0
5135,0.0
5136,0.0
5137,0.0
5138,0.0
5139,0.0
5140,0.0
5141,0.0
5142,0.01196
5143,0.05847
5144,0.0887
5145,0.10203
5146,0.11183
5147,0.16385
5148,0.17879
5149,0.13636
5150,0.14236000000000001
5151,0.14879
5152,0.10396
5153,0.0371
5154,0.0
5155,0.0
5156,0.0
5157,0.0
5158,0.0
5159,0.0
5160,0.0
5161,0.0
5162,0.0
5163,0.0
5164,0.0
5165,0.0
5166,0.01564
5167,0.08379
5168,0.09315000000000001
5169,0.10284
5170,0.13665
5171,0.17787
5172,0.19372
5173,0.15663999999999997
5174,0.12456
5175,0.10754999999999999
5176,0.07970000000000001
5177,0.037630000000000004
5178,0.0
5179,0.0
5180,0.0
5181,0.0
5182,0.0
5183,0.0
5184,0.0
5185,0.0
5186,0.0
5187,0.0
5188,0.0
5189,0.0
5190,0.01281
5191,0.07418000000000001
5192,0.13733
5193,0.18621000000000001
5194,0.26449
5195,0.28618
5196,0.25361
5197,0.27216
5198,0.20399
5199,0.14627
5200,0.11342
5201,0.037950000000000005
5202,0.0
5203,0.0
5204,0.0
5205,0.0
5206,0.0
5207,0.0
5208,0.0
5209,0.0
5210,0.0
5211,0.0
5212,0.0
5213,0.0
5214,0.01271
5215,0.09441
5216,0.15371
5217,0.17021
5218,0.27194999999999997
5219,0.22881
5220,0.27324
5221,0.25299
5222,0.21365
5223,0.13441
5224,0.0787
5225,0.039549999999999995
5226,0.0
5227,0.0
5228,0.0
5229,0.0
5230,0.0
5231,0.0
5232,0.0
5233,0.0
5234,0.0
5235,0.0
5236,0.0
5237,0.0
5238,0.01098
5239,0.08586
5240,0.16536
5241,0.23286
5242,0.31810000000000005
5243,0.34879000000000004
5244,0.28069
5245,0.27720999999999996
5246,0.16363
5247,0.08484
5248,0.03121
5249,0.01213
5250,0.0
5251,0.0
5252,0.0
5253,0.0
5254,0.0
5255,0.0
5256,0.0
5257,0.0
5258,0.0
5259,0.0
5260,0.0
5261,0.0
5262,0.00754
5263,0.06396
5264,0.07313
5265,0.12875999999999999
5266,0.1154
5267,0.2699
5268,0.29235
5269,0.22055000000000002
5270,0.14831
5271,0.10131
5272,0.07690000000000001
5273,0.01599
5274,0.0
5275,0.0
5276,0.0
5277,0.0
5278,0.0
5279,0.0
5280,0.0
5281,0.0
5282,0.0
5283,0.0
5284,0.0
5285,0.0
5286,0.0
5287,0.00518
5288,0.0396
5289,0.05847
5290,0.17477
5291,0.18356999999999998
5292,0.10934
5293,0.31112
5294,0.23542
5295,0.13426
5296,0.06225
5297,0.01312
5298,0.0
5299,0.0
5300,0.0
5301,0.0
5302,0.0
5303,0.0
5304,0.0
5305,0.0
5306,0.0
5307,0.0
5308,0.0
5309,0.0
5310,0.01248
5311,0.07883
5312,0.13203
5313,0.18393
5314,0.20187
5315,0.22246000000000002
5316,0.16633
5317,0.15528
5318,0.19386
5319,0.13643
5320,0.09537999999999999
5321,0.02811
5322,0.0
5323,0.0
5324,0.0
5325,0.0
5326,0.0
5327,0.0
5328,0.0
5329,0.0
5330,0.0
5331,0.0
5332,0.0
5333,0.0
5334,0.01686
5335,0.07643000000000001
5336,0.11008
5337,0.15975
5338,0.11520999999999999
5339,0.16284
5340,0.16879
5341,0.15591999999999998
5342,0.14852
5343,0.09598999999999999
5344,0.08923
5345,0.02238
5346,0.0
5347,0.0
5348,0.0
5349,0.0
5350,0.0
5351,0.0
5352,0.0
5353,0.0
5354,0.0
5355,0.0
5356,0.0
5357,0.0
5358,0.01592
5359,0.09652
5360,0.14587999999999998
5361,0.21677000000000002
5362,0.20953
5363,0.22779
5364,0.28362
5365,0.24946000000000002
5366,0.20733000000000001
5367,0.15150999999999998
5368,0.06434000000000001
5369,0.03138
5370,0.0
5371,0.0
5372,0.0
5373,0.0
5374,0.0
5375,0.0
5376,0.0
5377,0.0
5378,0.0
5379,0.0
5380,0.0
5381,0.0
5382,0.01349
5383,0.09747
5384,0.13026
5385,0.13066999999999998
5386,0.20696
5387,0.29560000000000003
5388,0.32882
5389,0.25039
5390,0.2082
5391,0.12933
5392,0.10953
5393,0.03861
5394,0.0
5395,0.0
5396,0.0
5397,0.0
5398,0.0
5399,0.0
5400,0.0
5401,0.0
5402,0.0
5403,0.0
5404,0.0
5405,0.0
5406,0.01199
5407,0.054619999999999995
5408,0.09902
5409,0.15506
5410,0.17859
5411,0.18056
5412,0.17427
5413,0.21922
5414,0.21915
5415,0.14137
5416,0.07917
5417,0.01991
5418,0.0
5419,0.0
5420,0.0
5421,0.0
5422,0.0
5423,0.0
5424,0.0
5425,0.0
5426,0.0
5427,0.0
5428,0.0
5429,0.0
5430,0.01293
5431,0.06863
5432,0.13874
5433,0.18425999999999998
5434,0.17501
5435,0.25109
5436,0.26282
5437,0.25517
5438,0.22957
5439,0.12855
5440,0.08192
5441,0.02435
5442,0.0
5443,0.0
5444,0.0
5445,0.0
5446,0.0
5447,0.0
5448,0.0
5449,0.0
5450,0.0
5451,0.0
5452,0.0
5453,0.0
5454,0.00996
5455,0.07783
5456,0.09527
5457,0.11858
5458,0.16091999999999998
5459,0.1961
5460,0.18863
5461,0.22433
5462,0.17717
5463,0.10909999999999999
5464,0.06193
5465,0.026949999999999998
5466,0.0
5467,0.0
5468,0.0
5469,0.0
5470,0.0
5471,0.0
5472,0.0
5473,0.0
5474,0.0
5475,0.0
5476,0.0
5477,0.0
5478,0.016800000000000002
5479,0.08956
5480,0.14799
5481,0.11117
5482,0.14764
5483,0.17121
5484,0.27625
5485,0.23507
5486,0.16744
5487,0.16763999999999998
5488,0.07743000000000001
5489,0.01476
5490,0.0
5491,0.0
5492,0.0
5493,0.0
5494,0.0
5495,0.0
5496,0.0
5497,0.0
5498,0.0
5499,0.0
5500,0.0
5501,0.0
5502,0.01289
5503,0.04914
5504,0.09111
5505,0.09362000000000001
5506,0.135
5507,0.1243
5508,0.1444
5509,0.19893
5510,0.11148999999999999
5511,0.08666
5512,0.07125
5513,0.02457
5514,0.0
5515,0.0
5516,0.0
5517,0.0
5518,0.0
5519,0.0
5520,0.0
5521,0.0
5522,0.0
5523,0.0
5524,0.0
5525,0.0
5526,0.00864
5527,0.06911
5528,0.10740999999999999
5529,0.11921
5530,0.09720999999999999
5531,0.16547
5532,0.22656
5533,0.21897999999999998
5534,0.22972
5535,0.14029
5536,0.08778
5537,0.030600000000000002
5538,0.0
5539,0.0
5540,0.0
5541,0.0
5542,0.0
5543,0.0
5544,0.0
5545,0.0
5546,0.0
5547,0.0
5548,0.0
5549,0.0
5550,0.01247
5551,0.07488
5552,0.16581
5553,0.21828
5554,0.22062
5555,0.23632
5556,0.2062
5557,0.23358
5558,0.23135
5559,0.16393000000000002
5560,0.08442
5561,0.01685
5562,0.0
5563,0.0
5564,0.0
5565,0.0
5566,0.0
5567,0.0
5568,0.0
5569,0.0
5570,0.0
5571,0.0
5572,0.0
5573,0.0
5574,0.00405
5575,0.06497
5576,0.17484
5577,0.22882
5578,0.3005
5579,0.27814
5580,0.26164
5581,0.27686
5582,0.14640999999999998
5583,0.09473999999999999
5584,0.05982
5585,0.02673
5586,0.0
5587,0.0
5588,0.0
5589,0.0
5590,0.0
5591,0.0
5592,0.0
5593,0.0
5594,0.0
5595,0.0
5596,0.0
5597,0.0
5598,0.014320000000000001
5599,0.07562999999999999
5600,0.14115
5601,0.12481
5602,0.14157
5603,0.18547
5604,0.20852
5605,0.25177
5606,0.16191999999999998
5607,0.14773
5608,0.08449
5609,0.02754
5610,0.0
5611,0.0
5612,0.0
5613,0.0
5614,0.0
5615,0.0
5616,0.0
5617,0.0
5618,0.0
5619,0.0
5620,0.0
5621,0.0
5622,0.01302
5623,0.05461
5624,0.09242
5625,0.0792
5626,0.10132
5627,0.13326
5628,0.15271
5629,0.16162
5630,0.20782
5631,0.12073
5632,0.06981
5633,0.02266
5634,0.0
5635,0.0
5636,0.0
5637,0.0
5638,0.0
5639,0.0
5640,0.0
5641,0.0
5642,0.0
5643,0.0
5644,0.0
5645,0.0
5646,0.019170000000000003
5647,0.09523000000000001
5648,0.13964
5649,0.14576
5650,0.21402000000000002
5651,0.2455
5652,0.31789
5653,0.2299
5654,0.16443000000000002
5655,0.13736
5656,0.06495999999999999
5657,0.01977
5658,0.0
5659,0.0
5660,0.0
5661,0.0
5662,0.0
5663,0.0
5664,0.0
5665,0.0
5666,0.0
5667,0.0
5668,0.0
5669,0.0
5670,0.0175
5671,0.09015000000000001
5672,0.16882
5673,0.24572
5674,0.28420999999999996
5675,0.29008999999999996
5676,0.33136
5677,0.30599
5678,0.17757
5679,0.15050999999999998
5680,0.06683
5681,0.016829999999999998
5682,0.0
5683,0.0
5684,0.0
5685,0.0
5686,0.0
5687,0.0
5688,0.0
5689,0.0
5690,0.0
5691,0.0
5692,0.0
5693,0.0
5694,0.01756
5695,0.07937000000000001
5696,0.10293000000000001
5697,0.14928
5698,0.14365
5699,0.10472
5700,0.11424
5701,0.23555
5702,0.20591
5703,0.12656
5704,0.06989
5705,0.01033
5706,0.0
5707,0.0
5708,0.0
5709,0.0
5710,0.0
5711,0.0
5712,0.0
5713,0.0
5714,0.0
5715,0.0
5716,0.0
5717,0.0
5718,0.011359999999999999
5719,0.051590000000000004
5720,0.06674
5721,0.10132
5722,0.12231
5723,0.15252000000000002
5724,0.17318
5725,0.18784
5726,0.19472
5727,0.16655
5728,0.06037
5729,0.02605
5730,0.0
5731,0.0
5732,0.0
5733,0.0
5734,0.0
5735,0.0
5736,0.0
5737,0.0
5738,0.0
5739,0.0
5740,0.0
5741,0.0
5742,0.01222
5743,0.0583
5744,0.08937
5745,0.12501
5746,0.11613
5747,0.17149
5748,0.22274000000000002
5749,0.2211
5750,0.18394
5751,0.13543
5752,0.06805
5753,0.01601
5754,0.0
5755,0.0
5756,0.0
5757,0.0
5758,0.0
5759,0.0
5760,0.0
5761,0.0
5762,0.0
5763,0.0
5764,0.0
5765,0.0
5766,0.019289999999999998
5767,0.08309
5768,0.09939
5769,0.0834
5770,0.13359000000000001
5771,0.14592
5772,0.16412000000000002
5773,0.22099000000000002
5774,0.20983000000000002
5775,0.13344999999999999
5776,0.09854
5777,0.01959
5778,0.0
5779,0.0
5780,0.0
5781,0.0
5782,0.0
5783,0.0
5784,0.0
5785,0.0
5786,0.0
5787,0.0
5788,0.0
5789,0.0
5790,0.01487
5791,0.08206000000000001
5792,0.13957
5793,0.16003
5794,0.22616
5795,0.18144
5796,0.20759
5797,0.26918000000000003
5798,0.20113999999999999
5799,0.14693
5800,0.10269
5801,0.02051
5802,0.0
5803,0.0
5804,0.0
5805,0.0
5806,0.0
5807,0.0
5808,0.0
5809,0.0
5810,0.0
5811,0.0
5812,0.0
5813,0.0
5814,0.022699999999999998
5815,0.10281
5816,0.17592
5817,0.1399
5818,0.19516999999999998
5819,0.25179
5820,0.30897
5821,0.24473
5822,0.19831000000000001
5823,0.151
5824,0.06756999999999999
5825,0.02085
5826,0.0
5827,0.0
5828,0.0
5829,0.0
5830,0.0
5831,0.0
5832,0.0
5833,0.0
5834,0.0
5835,0.0
5836,0.0
5837,0.0
5838,0.01234
5839,0.0691
5840,0.11978
5841,0.13473
5842,0.1762
5843,0.18922
5844,0.30567
5845,0.21803
5846,0.1591
5847,0.1469
5848,0.07959999999999999
5849,0.01692
5850,0.0
5851,0.0
5852,0.0
5853,0.0
5854,0.0
5855,0.0
5856,0.0
5857,0.0
5858,0.0
5859,0.0
5860,0.0
5861,0.0
5862,0.01141
5863,0.07229000000000001
5864,0.12563
5865,0.20432
5866,0.22462000000000001
5867,0.31124
5868,0.35287
5869,0.29799000000000003
5870,0.22715000000000002
5871,0.14313
5872,0.11781
5873,0.0157
5874,0.0
5875,0.0
5876,0.0
5877,0.0
5878,0.0
5879,0.0
5880,0.0
5881,0.0
5882,0.0
5883,0.0
5884,0.0
5885,0.0
5886,0.01785
5887,0.11612
5888,0.19384
5889,0.18086000000000002
5890,0.25074
5891,0.1485
5892,0.13074000000000002
5893,0.2921
5894,0.25324
5895,0.17207
5896,0.10241
5897,0.026850000000000002
5898,0.0
5899,0.0
5900,0.0
5901,0.0
5902,0.0
5903,0.0
5904,0.0
5905,0.0
5906,0.0
5907,0.0
5908,0.0
5909,0.0
5910,0.01771
5911,0.07995999999999999
5912,0.09514
5913,0.15081
5914,0.1216
5915,0.15147
5916,0.16766
5917,0.18
5918,0.18993000000000002
5919,0.15103
5920,0.08767
5921,0.01787
5922,0.0
5923,0.0
5924,0.0
5925,0.0
5926,0.0
5927,0.0
5928,0.0
5929,0.0
5930,0.0
5931,0.0
5932,0.0
5933,0.0
5934,0.018420000000000002
5935,0.09834
5936,0.16054
5937,0.22938
5938,0.23339
5939,0.31685
5940,0.30915
5941,0.24949000000000002
5942,0.18193
5943,0.13654
5944,0.05005
5945,0.023690000000000003
5946,0.0
5947,0.0
5948,0.0
5949,0.0
5950,0.0
5951,0.0
5952,0.0
5953,0.0
5954,0.0
5955,0.0
5956,0.0
5957,0.0
5958,0.02499
5959,0.11998
5960,0.16469
5961,0.25557
5962,0.25693
5963,0.27038
5964,0.28243
5965,0.22369999999999998
5966,0.23369
5967,0.14383
5968,0.12125
5969,0.02862
5970,0.0
5971,0.0
5972,0.0
5973,0.0
5974,0.0
5975,0.0
5976,0.0
5977,0.0
5978,0.0
5979,0.0
5980,0.0
5981,0.0
5982,0.02116
5983,0.10441
5984,0.14846
5985,0.19078
5986,0.21506
5987,0.22688999999999998
5988,0.23696
5989,0.26761
5990,0.25224
5991,0.12847999999999998
5992,0.06279
5993,0.02001
5994,0.0
5995,0.0
5996,0.0
5997,0.0
5998,0.0
5999,0.0
6000,0.0
6001,0.0
6002,0.0
6003,0.0
6004,0.0
6005,0.0
6006,0.02526
6007,0.10599
6008,0.1571
6009,0.16638999999999998
6010,0.20859
6011,0.21177
6012,0.23278000000000001
6013,0.29142
6014,0.18584
6015,0.17737
6016,0.09404000000000001
6017,0.02104
6018,0.0
6019,0.0
6020,0.0
6021,0.0
6022,0.0
6023,0.0
6024,0.0
6025,0.0
6026,0.0
6027,0.0
6028,0.0
6029,0.0
6030,0.014
6031,0.05266
6032,0.12405
6033,0.16321000000000002
6034,0.19975
6035,0.24609
6036,0.26102
6037,0.30507
6038,0.25229
6039,0.19138
6040,0.10962999999999999
6041,0.027010000000000003
6042,0.0
6043,0.0
6044,0.0
6045,0.0
6046,0.0
6047,0.0
6048,0.0
6049,0.0
6050,0.0
6051,0.0
6052,0.0
6053,0.0
6054,0.019379999999999998
6055,0.08488
6056,0.17157
6057,0.21313
6058,0.26422
6059,0.25683
6060,0.29395
6061,0.22736
6062,0.18897999999999998
6063,0.13125
6064,0.07665999999999999
6065,0.01219
6066,0.0
6067,0.0
6068,0.0
6069,0.0
6070,0.0
6071,0.0
6072,0.0
6073,0.0
6074,0.0
6075,0.0
6076,0.0
6077,0.0
6078,0.01462
6079,0.05671
6080,0.11173999999999999
6081,0.15275999999999998
6082,0.14498
6083,0.21481999999999998
6084,0.30505
6085,0.27126999999999996
6086,0.1739
6087,0.12813
6088,0.07006
6089,0.01278
6090,0.0
6091,0.0
6092,0.0
6093,0.0
6094,0.0
6095,0.0
6096,0.0
6097,0.0
6098,0.0
6099,0.0
6100,0.0
6101,0.0
6102,0.01943
6103,0.06024
6104,0.08419
6105,0.07003
6106,0.07840000000000001
6107,0.12614
6108,0.10516
6109,0.11954000000000001
6110,0.10365
6111,0.09477
6112,0.054509999999999996
6113,0.01323
6114,0.0
6115,0.0
6116,0.0
6117,0.0
6118,0.0
6119,0.0
6120,0.0
6121,0.0
6122,0.0
6123,0.0
6124,0.0
6125,0.0
6126,0.012289999999999999
6127,0.05435
6128,0.10872
6129,0.09595000000000001
6130,0.11242
6131,0.12362000000000001
6132,0.18086000000000002
6133,0.1055
6134,0.15230000000000002
6135,0.08494
6136,0.04936
6137,0.01754
6138,0.0
6139,0.0
6140,0.0
6141,0.0
6142,0.0
6143,0.0
6144,0.0
6145,0.0
6146,0.0
6147,0.0
6148,0.0
6149,0.0
6150,0.01787
6151,0.06335
6152,0.07619
6153,0.07654999999999999
6154,0.10377
6155,0.16461
6156,0.25908
6157,0.12844999999999998
6158,0.11329
6159,0.08242000000000001
6160,0.06933
6161,0.01657
6162,0.0
6163,0.0
6164,0.0
6165,0.0
6166,0.0
6167,0.0
6168,0.0
6169,0.0
6170,0.0
6171,0.0
6172,0.0
6173,0.0
6174,0.01927
6175,0.0603
6176,0.10219
6177,0.060590000000000005
6178,0.07981999999999999
6179,0.10354000000000001
6180,0.11181
6181,0.09193000000000001
6182,0.08757
6183,0.09861
6184,0.048479999999999995
6185,0.01312
6186,0.0
6187,0.0
6188,0.0
6189,0.0
6190,0.0
6191,0.0
6192,0.0
6193,0.0
6194,0.0
6195,0.0
6196,0.0
6197,0.0
6198,0.01916
6199,0.05439
6200,0.08001000000000001
6201,0.10366
6202,0.11896999999999999
6203,0.1163
6204,0.18103999999999998
6205,0.19002000000000002
6206,0.21716999999999997
6207,0.14806999999999998
6208,0.07293999999999999
6209,0.01502
6210,0.0
6211,0.0
6212,0.0
6213,0.0
6214,0.0
6215,0.0
6216,0.0
6217,0.0
6218,0.0
6219,0.0
6220,0.0
6221,0.0
6222,0.0177
6223,0.10865000000000001
6224,0.16721
6225,0.2001
6226,0.32614
6227,0.32515
6228,0.15935
6229,0.22146000000000002
6230,0.18199
6231,0.12861
6232,0.06616
6233,0.013099999999999999
6234,0.0
6235,0.0
6236,0.0
6237,0.0
6238,0.0
6239,0.0
6240,0.0
6241,0.0
6242,0.0
6243,0.0
6244,0.0
6245,0.0
6246,0.0055899999999999995
6247,0.04641
6248,0.07002
6249,0.08369
6250,0.18988999999999998
6251,0.25107
6252,0.29667
6253,0.25352
6254,0.20584
6255,0.13416999999999998
6256,0.07009
6257,0.01532
6258,0.0
6259,0.0
6260,0.0
6261,0.0
6262,0.0
6263,0.0
6264,0.0
6265,0.0
6266,0.0
6267,0.0
6268,0.0
6269,0.0
6270,0.01359
6271,0.04296
6272,0.14386000000000002
6273,0.24032
6274,0.27646
6275,0.23224
6276,0.17890999999999999
6277,0.25326
6278,0.19046000000000002
6279,0.14881
6280,0.0638
6281,0.01368
6282,0.0
6283,0.0
6284,0.0
6285,0.0
6286,0.0
6287,0.0
6288,0.0
6289,0.0
6290,0.0
6291,0.0
6292,0.0
6293,0.0
6294,0.01341
6295,0.10346999999999999
6296,0.19651
6297,0.2326
6298,0.23442
6299,0.28381
6300,0.22088999999999998
6301,0.24359
6302,0.20061
6303,0.12276999999999999
6304,0.07714
6305,0.015189999999999999
6306,0.0
6307,0.0
6308,0.0
6309,0.0
6310,0.0
6311,0.0
6312,0.0
6313,0.0
6314,0.0
6315,0.0
6316,0.0
6317,0.0
6318,0.0185
6319,0.11273999999999999
6320,0.21159999999999998
6321,0.25727
6322,0.27824
6323,0.32149
6324,0.3266
6325,0.24343
6326,0.21455000000000002
6327,0.13286
6328,0.055310000000000005
6329,0.01925
6330,0.0
6331,0.0
6332,0.0
6333,0.0
6334,0.0
6335,0.0
6336,0.0
6337,0.0
6338,0.0
6339,0.0
6340,0.0
6341,0.0
6342,0.00679
6343,0.05163
6344,0.17603
6345,0.21003
6346,0.32729
6347,0.31441
6348,0.28193
6349,0.24103
6350,0.20177
6351,0.14117
6352,0.06453
6353,0.01399
6354,0.0
6355,0.0
6356,0.0
6357,0.0
6358,0.0
6359,0.0
6360,0.0
6361,0.0
6362,0.0
6363,0.0
6364,0.0
6365,0.0
6366,0.02633
6367,0.09273999999999999
6368,0.14656
6369,0.19702
6370,0.24688
6371,0.32677999999999996
6372,0.35589
6373,0.30208999999999997
6374,0.22019999999999998
6375,0.18438
6376,0.07498
6377,0.01208
6378,0.0
6379,0.0
6380,0.0
6381,0.0
6382,0.0
6383,0.0
6384,0.0
6385,0.0
6386,0.0
6387,0.0
6388,0.0
6389,0.0
6390,0.01309
6391,0.08283
6392,0.16963
6393,0.25801
6394,0.26197000000000004
6395,0.30821
6396,0.29320999999999997
6397,0.29663999999999996
6398,0.23192
6399,0.16887
6400,0.1047
6401,0.01597
6402,0.0
6403,0.0
6404,0.0
6405,0.0
6406,0.0
6407,0.0
6408,0.0
6409,0.0
6410,0.0
6411,0.0
6412,0.0
6413,0.0
6414,0.02745
6415,0.08081
6416,0.19463
6417,0.20121
6418,0.21891
6419,0.23885
6420,0.25589
6421,0.12699
6422,0.18674000000000002
6423,0.09984
6424,0.07426
6425,0.01529
6426,0.0
6427,0.0
6428,0.0
6429,0.0
6430,0.0
6431,0.0
6432,0.0
6433,0.0
6434,0.0
6435,0.0
6436,0.0
6437,0.0
6438,0.02598
6439,0.07909999999999999
6440,0.08439
6441,0.10491
6442,0.11639000000000001
6443,0.32153
6444,0.31398000000000004
6445,0.27574
6446,0.17415
6447,0.10346999999999999
6448,0.0963
6449,0.01447
6450,0.0
6451,0.0
6452,0.0
6453,0.0
6454,0.0
6455,0.0
6456,0.0
6457,0.0
6458,0.0
6459,0.0
6460,0.0
6461,0.0
6462,0.02524
6463,0.08703
6464,0.16444999999999999
6465,0.20802
6466,0.20466
6467,0.14307
6468,0.19338999999999998
6469,0.19361
6470,0.15665
6471,0.14782
6472,0.09683
6473,0.016079999999999997
6474,0.0
6475,0.0
6476,0.0
6477,0.0
6478,0.0
6479,0.0
6480,0.0
6481,0.0
6482,0.0
6483,0.0
6484,0.0
6485,0.0
6486,0.02373
6487,0.08214
6488,0.15347999999999998
6489,0.15721000000000002
6490,0.17042
6491,0.27717
6492,0.30425
6493,0.27629000000000004
6494,0.15274000000000001
6495,0.07523
6496,0.08819
6497,0.0123
6498,0.0
6499,0.0
6500,0.0
6501,0.0
6502,0.0
6503,0.0
6504,0.0
6505,0.0
6506,0.0
6507,0.0
6508,0.0
6509,0.0
6510,0.0021000000000000003
6511,0.00767
6512,0.044469999999999996
6513,0.11056
6514,0.21316
6515,0.18872
6516,0.12462000000000001
6517,0.25837
6518,0.25418999999999997
6519,0.18908000000000003
6520,0.09477
6521,0.01714
6522,0.0
6523,0.0
6524,0.0
6525,0.0
6526,0.0
6527,0.0
6528,0.0
6529,0.0
6530,0.0
6531,0.0
6532,0.0
6533,0.0
6534,0.00123
6535,0.01863
6536,0.048979999999999996
6537,0.11134999999999999
6538,0.14751
6539,0.23708
6540,0.31068
6541,0.29192
6542,0.20052
6543,0.11781
6544,0.08434
6545,0.01392
6546,0.0
6547,0.0
6548,0.0
6549,0.0
6550,0.0
6551,0.0
6552,0.0
6553,0.0
6554,0.0
6555,0.0
6556,0.0
6557,0.0
6558,0.02087
6559,0.10172
6560,0.15735
6561,0.17662
6562,0.23416
6563,0.24206999999999998
6564,0.238
6565,0.2534
6566,0.22641
6567,0.10851999999999999
6568,0.06426000000000001
6569,0.009609999999999999
6570,0.0
6571,0.0
6572,0.0
6573,0.0
6574,0.0
6575,0.0
6576,0.0
6577,0.0
6578,0.0
6579,0.0
6580,0.0
6581,0.0
6582,0.01417
6583,0.06706000000000001
6584,0.11406999999999999
6585,0.14481
6586,0.12426000000000001
6587,0.21430000000000002
6588,0.19808
6589,0.20369
6590,0.17965
6591,0.10672
6592,0.08423
6593,0.0086
6594,0.0
6595,0.0
6596,0.0
6597,0.0
6598,0.0
6599,0.0
6600,0.0
6601,0.0
6602,0.0
6603,0.0
6604,0.0
6605,0.0
6606,0.02035
6607,0.06067
6608,0.07251
6609,0.1176
6610,0.16325
6611,0.18606999999999999
6612,0.27961
6613,0.26580000000000004
6614,0.21785
6615,0.15441
6616,0.08647
6617,0.01214
6618,0.0
6619,0.0
6620,0.0
6621,0.0
6622,0.0
6623,0.0
6624,0.0
6625,0.0
6626,0.0
6627,0.0
6628,0.0
6629,0.0
6630,0.025670000000000002
6631,0.0915
6632,0.1196
6633,0.17765
6634,0.18847
6635,0.20754
6636,0.22497999999999999
6637,0.25617
6638,0.16297999999999999
6639,0.11384999999999999
6640,0.04711
6641,0.010960000000000001
6642,0.0
6643,0.0
6644,0.0
6645,0.0
6646,0.0
6647,0.0
6648,0.0
6649,0.0
6650,0.0
6651,0.0
6652,0.0
6653,0.0
6654,0.02102
6655,0.05989
6656,0.06897
6657,0.08415
6658,0.10807
6659,0.12515
6660,0.09487000000000001
6661,0.20865999999999998
6662,0.22502
6663,0.14527
6664,0.07906
6665,0.01475
6666,0.0
6667,0.0
6668,0.0
6669,0.0
6670,0.0
6671,0.0
6672,0.0
6673,0.0
6674,0.0
6675,0.0
6676,0.0
6677,0.0
6678,0.02734
6679,0.12634
6680,0.16305
6681,0.23206
6682,0.26333999999999996
6683,0.30806
6684,0.32191000000000003
6685,0.25817
6686,0.21556999999999998
6687,0.14978999999999998
6688,0.06239
6689,0.00957
6690,0.0
6691,0.0
6692,0.0
6693,0.0
6694,0.0
6695,0.0
6696,0.0
6697,0.0
6698,0.0
6699,0.0
6700,0.0
6701,0.0
6702,0.026940000000000002
6703,0.1161
6704,0.20856
6705,0.28858999999999996
6706,0.31621
6707,0.37160000000000004
6708,0.33149
6709,0.25712
6710,0.15277000000000002
6711,0.11134999999999999
6712,0.06895
6713,0.01013
6714,0.0
6715,0.0
6716,0.0
6717,0.0
6718,0.0
6719,0.0
6720,0.0
6721,0.0
6722,0.0
6723,0.0
6724,0.0
6725,0.0
6726,0.02063
6727,0.06512000000000001
6728,0.07939
6729,0.12799
6730,0.14531
6731,0.15850999999999998
6732,0.19015
6733,0.22147
6734,0.16757
6735,0.15056
6736,0.06761
6737,0.00705
6738,0.0
6739,0.0
6740,0.0
6741,0.0
6742,0.0
6743,0.0
6744,0.0
6745,0.0
6746,0.0
6747,0.0
6748,0.0
6749,0.0
6750,0.023149999999999997
6751,0.07248
6752,0.12301999999999999
6753,0.11465
6754,0.124
6755,0.12154999999999999
6756,0.24678999999999998
6757,0.17618
6758,0.21352000000000002
6759,0.10908
6760,0.05547
6761,0.00387
6762,0.0
6763,0.0
6764,0.0
6765,0.0
6766,0.0
6767,0.0
6768,0.0
6769,0.0
6770,0.0
6771,0.0
6772,0.0
6773,0.0
6774,0.019379999999999998
6775,0.08170000000000001
6776,0.0625
6777,0.07375
6778,0.16928
6779,0.16781000000000001
6780,0.23398
6781,0.23607
6782,0.19799
6783,0.10776999999999999
6784,0.08358
6785,0.004059999999999999
6786,0.0
6787,0.0
6788,0.0
6789,0.0
6790,0.0
6791,0.0
6792,0.0
6793,0.0
6794,0.0
6795,0.0
6796,0.0
6797,0.0
6798,0.0223
6799,0.08594
6800,0.10582
6801,0.13879
6802,0.23766
6803,0.26605
6804,0.29175
6805,0.28172
6806,0.15366
6807,0.10585
6808,0.056159999999999995
6809,0.0049299999999999995
6810,0.0
6811,0.0
6812,0.0
6813,0.0
6814,0.0
6815,0.0
6816,0.0
6817,0.0
6818,0.0
6819,0.0
6820,0.0
6821,0.0
6822,0.01916
6823,0.08325
6824,0.10704000000000001
6825,0.13496
6826,0.19735
6827,0.24502000000000002
6828,0.2073
6829,0.23531
6830,0.23342
6831,0.15431
6832,0.08793000000000001
6833,0.01244
6834,0.0
6835,0.0
6836,0.0
6837,0.0
6838,0.0
6839,0.0
6840,0.0
6841,0.0
6842,0.0
6843,0.0
6844,0.0
6845,0.0
6846,0.017079999999999998
6847,0.03436
6848,0.05647
6849,0.11018
6850,0.16522
6851,0.20396
6852,0.26607
6853,0.23094
6854,0.15655000000000002
6855,0.16369999999999998
6856,0.04911
6857,0.00596
6858,0.0
6859,0.0
6860,0.0
6861,0.0
6862,0.0
6863,0.0
6864,0.0
6865,0.0
6866,0.0
6867,0.0
6868,0.0
6869,0.0
6870,0.01165
6871,0.05899
6872,0.11213
6873,0.22061
6874,0.32442000000000004
6875,0.34463
6876,0.31838
6877,0.20932
6878,0.14984
6879,0.11394
6880,0.044
6881,0.00218
6882,0.0
6883,0.0
6884,0.0
6885,0.0
6886,0.0
6887,0.0
6888,0.0
6889,0.0
6890,0.0
6891,0.0
6892,0.0
6893,0.0
6894,0.008539999999999999
6895,0.05533
6896,0.13393
6897,0.18131
6898,0.16688
6899,0.23840999999999998
6900,0.25610000000000005
6901,0.1984
6902,0.19775
6903,0.14624
6904,0.056049999999999996
6905,0.005860000000000001
6906,0.0
6907,0.0
6908,0.0
6909,0.0
6910,0.0
6911,0.0
6912,0.0
6913,0.0
6914,0.0
6915,0.0
6916,0.0
6917,0.0
6918,0.00518
6919,0.02478
6920,0.05881
6921,0.12695
6922,0.10529000000000001
6923,0.168
6924,0.10493000000000001
6925,0.21124
6926,0.22443000000000002
6927,0.14477
6928,0.060840000000000005
6929,0.00891
6930,0.0
6931,0.0
6932,0.0
6933,0.0
6934,0.0
6935,0.0
6936,0.0
6937,0.0
6938,0.0
6939,0.0
6940,0.0
6941,0.0
6942,0.022879999999999998
6943,0.06891
6944,0.07736
6945,0.13203
6946,0.20392
6947,0.1424
6948,0.19421000000000002
6949,0.21636000000000002
6950,0.18441
6951,0.11568
6952,0.04582
6953,0.00697
6954,0.0
6955,0.0
6956,0.0
6957,0.0
6958,0.0
6959,0.0
6960,0.0
6961,0.0
6962,0.0
6963,0.0
6964,0.0
6965,0.0
6966,0.004719999999999999
6967,0.03196
6968,0.07012
6969,0.18949000000000002
6970,0.16879
6971,0.107
6972,0.20317
6973,0.28104
6974,0.21108000000000002
6975,0.12078
6976,0.0495
6977,0.00539
6978,0.0
6979,0.0
6980,0.0
6981,0.0
6982,0.0
6983,0.0
6984,0.0
6985,0.0
6986,0.0
6987,0.0
6988,0.0
6989,0.0
6990,0.02028
6991,0.1159
6992,0.11461
6993,0.1679
6994,0.169
6995,0.18002
6996,0.17002
6997,0.16988999999999999
6998,0.16044
6999,0.10808
7000,0.04795
7001,0.00567
7002,0.0
7003,0.0
7004,0.0
7005,0.0
7006,0.0
7007,0.0
7008,0.0
7009,0.0
7010,0.0
7011,0.0
7012,0.0
7013,0.0
7014,0.03271
7015,0.0757
7016,0.10301
7017,0.04607
7018,0.08983
7019,0.09137
7020,0.16858
7021,0.24269
7022,0.20066
7023,0.1545
7024,0.07071
7025,0.00833
7026,0.0
7027,0.0
7028,0.0
7029,0.0
7030,0.0
7031,0.0
7032,0.0
7033,0.0
7034,0.0
7035,0.0
7036,0.0
7037,0.0
7038,0.028730000000000002
7039,0.11592
7040,0.16865
7041,0.231
7042,0.24869999999999998
7043,0.24129
7044,0.28004
7045,0.25555
7046,0.17078
7047,0.12688
7048,0.05603
7049,0.00539
7050,0.0
7051,0.0
7052,0.0
7053,0.0
7054,0.0
7055,0.0
7056,0.0
7057,0.0
7058,0.0
7059,0.0
7060,0.0
7061,0.0
7062,0.031219999999999998
7063,0.11245999999999999
7064,0.17351
7065,0.16857
7066,0.19632
7067,0.16507
7068,0.16681
7069,0.25562999999999997
7070,0.17149
7071,0.14015
7072,0.07079
7073,0.00567
7074,0.0
7075,0.0
7076,0.0
7077,0.0
7078,0.0
7079,0.0
7080,0.0
7081,0.0
7082,0.0
7083,0.0
7084,0.0
7085,0.0
7086,0.03295
7087,0.12132
7088,0.15372999999999998
7089,0.24365
7090,0.29099
7091,0.27346
7092,0.22311
7093,0.22516999999999998
7094,0.1296
7095,0.09908
7096,0.04179
7097,0.00466
7098,0.0
7099,0.0
7100,0.0
7101,0.0
7102,0.0
7103,0.0
7104,0.0
7105,0.0
7106,0.0
7107,0.0
7108,0.0
7109,0.0
7110,0.01893
7111,0.09423000000000001
7112,0.18956
7113,0.21334999999999998
7114,0.24478999999999998
7115,0.21597
7116,0.21672999999999998
7117,0.18564
7118,0.17304
7119,0.07804000000000001
7120,0.03523
7121,0.00235
7122,0.0
7123,0.0
7124,0.0
7125,0.0
7126,0.0
7127,0.0
7128,0.0
7129,0.0
7130,0.0
7131,0.0
7132,0.0
7133,0.0
7134,0.0074
7135,0.04068
7136,0.09619
7137,0.12643000000000001
7138,0.14362
7139,0.09993
7140,0.18091
7141,0.24011000000000002
7142,0.26316
7143,0.18195
7144,0.07923999999999999
7145,0.0103
7146,0.0
7147,0.0
7148,0.0
7149,0.0
7150,0.0
7151,0.0
7152,0.0
7153,0.0
7154,0.0
7155,0.0
7156,0.0
7157,0.0
7158,0.013460000000000001
7159,0.07044
7160,0.16513
7161,0.20185
7162,0.22590000000000002
7163,0.26735000000000003
7164,0.22044
7165,0.21680000000000002
7166,0.19585
7167,0.17311
7168,0.07318000000000001
7169,0.01017
7170,0.0
7171,0.0
7172,0.0
7173,0.0
7174,0.0
7175,0.0
7176,0.0
7177,0.0
7178,0.0
7179,0.0
7180,0.0
7181,0.0
7182,0.01684
7183,0.05815
7184,0.04944
7185,0.036289999999999996
7186,0.04859
7187,0.07632
7188,0.11205
7189,0.22837000000000002
7190,0.17968
7191,0.13133
7192,0.07262
7193,0.00327
7194,0.0
7195,0.0
7196,0.0
7197,0.0
7198,0.0
7199,0.0
7200,0.0
7201,0.0
7202,0.0
7203,0.0
7204,0.0
7205,0.0
7206,0.020309999999999998
7207,0.07565999999999999
7208,0.10807
7209,0.17127
7210,0.23562
7211,0.15684
7212,0.15481
7213,0.19054
7214,0.14662
7215,0.09861
7216,0.05664
7217,0.0047599999999999995
7218,0.0
7219,0.0
7220,0.0
7221,0.0
7222,0.0
7223,0.0
7224,0.0
7225,0.0
7226,0.0
7227,0.0
7228,0.0
7229,0.0
7230,0.03247
7231,0.08584
7232,0.17238
7233,0.23308
7234,0.30251999999999996
7235,0.28639
7236,0.25703
7237,0.24242
7238,0.17651
7239,0.15809
7240,0.05633
7241,0.00722
7242,0.0
7243,0.0
7244,0.0
7245,0.0
7246,0.0
7247,0.0
7248,0.0
7249,0.0
7250,0.0
7251,0.0
7252,0.0
7253,0.0
7254,0.02425
7255,0.07107
7256,0.16741
7257,0.2503
7258,0.24633000000000002
7259,0.24525999999999998
7260,0.27488999999999997
7261,0.24622999999999998
7262,0.17614
7263,0.12908
7264,0.07736
7265,0.0037400000000000003
7266,0.0
7267,0.0
7268,0.0
7269,0.0
7270,0.0
7271,0.0
7272,0.0
7273,0.0
7274,0.0
7275,0.0
7276,0.0
7277,0.0
7278,0.01375
7279,0.062200000000000005
7280,0.16213999999999998
7281,0.22003
7282,0.25448
7283,0.2871
7284,0.17827
7285,0.22378
7286,0.19338
7287,0.15353999999999998
7288,0.03006
7289,0.0035099999999999997
7290,0.0
7291,0.0
7292,0.0
7293,0.0
7294,0.0
7295,0.0
7296,0.0
7297,0.0
7298,0.0
7299,0.0
7300,0.0
7301,0.0
7302,0.0034100000000000003
7303,0.023710000000000002
7304,0.08061
7305,0.13673
7306,0.14393999999999998
7307,0.14943
7308,0.23853
7309,0.20036
7310,0.19491999999999998
7311,0.08616
7312,0.04203
7313,0.0
7314,0.0
7315,0.0
7316,0.0
7317,0.0
7318,0.0
7319,0.0
7320,0.0
7321,0.0
7322,0.0
7323,0.0
7324,0.0
7325,0.0
7326,0.02494
7327,0.10776999999999999
7328,0.08639
7329,0.16397
7330,0.21478999999999998
7331,0.27270999999999995
7332,0.17752
7333,0.22212
7334,0.22699
7335,0.11566
7336,0.05485
7337,0.0061600000000000005
7338,0.0
7339,0.0
7340,0.0
7341,0.0
7342,0.0
7343,0.0
7344,0.0
7345,0.0
7346,0.0
7347,0.0
7348,0.0
7349,0.0
7350,0.03563
7351,0.14086
7352,0.21121
7353,0.24004
7354,0.17518999999999998
7355,0.15946000000000002
7356,0.12501
7357,0.15163
7358,0.1703
7359,0.08935
7360,0.04157
7361,0.00139
7362,0.0
7363,0.0
7364,0.0
7365,0.0
7366,0.0
7367,0.0
7368,0.0
7369,0.0
7370,0.0
7371,0.0
7372,0.0
7373,0.0
7374,0.02076
7375,0.047369999999999995
7376,0.06425
7377,0.11848
7378,0.13466
7379,0.13869
7380,0.21672
7381,0.2567
7382,0.18812
7383,0.10729999999999999
7384,0.048670000000000005
7385,0.00369
7386,0.0
7387,0.0
7388,0.0
7389,0.0
7390,0.0
7391,0.0
7392,0.0
7393,0.0
7394,0.0
7395,0.0
7396,0.0
7397,0.0
7398,0.011779999999999999
7399,0.04449
7400,0.05525
7401,0.05865
7402,0.16994
7403,0.21212
7404,0.22651
7405,0.22287
7406,0.16458
7407,0.11284000000000001
7408,0.05901
7409,0.00604
7410,0.0
7411,0.0
7412,0.0
7413,0.0
7414,0.0
7415,0.0
7416,0.0
7417,0.0
7418,0.0
7419,0.0
7420,0.0
7421,0.0
7422,0.02725
7423,0.0955
7424,0.12768000000000002
7425,0.15178
7426,0.15443
7427,0.14385
7428,0.10301
7429,0.13668
7430,0.15300999999999998
7431,0.10608
7432,0.06992
7433,0.00777
7434,0.0
7435,0.0
7436,0.0
7437,0.0
7438,0.0
7439,0.0
7440,0.0
7441,0.0
7442,0.0
7443,0.0
7444,0.0
7445,0.0
7446,0.00237
7447,0.00859
7448,0.03896
7449,0.027190000000000002
7450,0.0251
7451,0.10554000000000001
7452,0.12462000000000001
7453,0.17729
7454,0.16866
7455,0.12228
7456,0.041479999999999996
7457,0.00654
7458,0.0
7459,0.0
7460,0.0
7461,0.0
7462,0.0
7463,0.0
7464,0.0
7465,0.0
7466,0.0
7467,0.0
7468,0.0
7469,0.0
7470,0.0103
7471,0.10081
7472,0.13277
7473,0.12672
7474,0.15594
7475,0.25203
7476,0.24497
7477,0.17352
7478,0.18524000000000002
7479,0.09577
7480,0.04564
7481,0.00618
7482,0.0
7483,0.0
7484,0.0
7485,0.0
7486,0.0
7487,0.0
7488,0.0
7489,0.0
7490,0.0
7491,0.0
7492,0.0
7493,0.0
7494,0.010060000000000001
7495,0.03731
7496,0.127
7497,0.14992
7498,0.05669
7499,0.12028
7500,0.25109
7501,0.19272999999999998
7502,0.16624
7503,0.12158
7504,0.03849
7505,0.00441
7506,0.0
7507,0.0
7508,0.0
7509,0.0
7510,0.0
7511,0.0
7512,0.0
7513,0.0
7514,0.0
7515,0.0
7516,0.0
7517,0.0
7518,0.02113
7519,0.11148999999999999
7520,0.15975
7521,0.20562
7522,0.15822
7523,0.17747
7524,0.19558
7525,0.14974
7526,0.19794
7527,0.12140999999999999
7528,0.04344
7529,0.004200000000000001
7530,0.0
7531,0.0
7532,0.0
7533,0.0
7534,0.0
7535,0.0
7536,0.0
7537,0.0
7538,0.0
7539,0.0
7540,0.0
7541,0.0
7542,0.03322
7543,0.10275
7544,0.13543
7545,0.20446999999999999
7546,0.23915
7547,0.22475
7548,0.32933999999999997
7549,0.28576999999999997
7550,0.18583000000000002
7551,0.0996
7552,0.04412
7553,0.0053
7554,0.0
7555,0.0
7556,0.0
7557,0.0
7558,0.0
7559,0.0
7560,0.0
7561,0.0
7562,0.0
7563,0.0
7564,0.0
7565,0.0
7566,0.023989999999999997
7567,0.10371
7568,0.18521
7569,0.25201
7570,0.32892
7571,0.28997
7572,0.28270999999999996
7573,0.17191
7574,0.18004
7575,0.12469
7576,0.06626
7577,0.00783
7578,0.0
7579,0.0
7580,0.0
7581,0.0
7582,0.0
7583,0.0
7584,0.0
7585,0.0
7586,0.0
7587,0.0
7588,0.0
7589,0.0
7590,0.0
7591,0.009890000000000001
7592,0.03393
7593,0.08337
7594,0.20993
7595,0.26680000000000004
7596,0.29767
7597,0.28948
7598,0.23298
7599,0.16111
7600,0.07789
7601,0.00827
7602,0.0
7603,0.0
7604,0.0
7605,0.0
7606,0.0
7607,0.0
7608,0.0
7609,0.0
7610,0.0
7611,0.0
7612,0.0
7613,0.0
7614,0.03095
7615,0.08815
7616,0.16846
7617,0.18324000000000001
7618,0.16722
7619,0.21853999999999998
7620,0.28424
7621,0.21206
7622,0.20892
7623,0.14073
7624,0.05867
7625,0.00677
7626,0.0
7627,0.0
7628,0.0
7629,0.0
7630,0.0
7631,0.0
7632,0.0
7633,0.0
7634,0.0
7635,0.0
7636,0.0
7637,0.0
7638,0.0072699999999999996
7639,0.040799999999999996
7640,0.06548999999999999
7641,0.09767
7642,0.0828
7643,0.11424
7644,0.11075
7645,0.25065
7646,0.20847
7647,0.12843000000000002
7648,0.07587999999999999
7649,0.00762
7650,0.0
7651,0.0
7652,0.0
7653,0.0
7654,0.0
7655,0.0
7656,0.0
7657,0.0
7658,0.0
7659,0.0
7660,0.0
7661,0.0
7662,0.00315
7663,0.02345
7664,0.03589
7665,0.09506999999999999
7666,0.18569999999999998
7667,0.24663
7668,0.26485000000000003
7669,0.20753
7670,0.18927000000000002
7671,0.13055
7672,0.05822
7673,0.006679999999999999
7674,0.0
7675,0.0
7676,0.0
7677,0.0
7678,0.0
7679,0.0
7680,0.0
7681,0.0
7682,0.0
7683,0.0
7684,0.0
7685,0.0
7686,0.0
7687,0.00289
7688,0.008140000000000001
7689,0.0222
7690,0.047850000000000004
7691,0.03721
7692,0.04936
7693,0.16184
7694,0.15521000000000001
7695,0.13416999999999998
7696,0.05879
7697,0.00263
7698,0.0
7699,0.0
7700,0.0
7701,0.0
7702,0.0
7703,0.0
7704,0.0
7705,0.0
7706,0.0
7707,0.0
7708,0.0
7709,0.0
7710,0.01697
7711,0.06356
7712,0.08229
7713,0.13319
7714,0.2083
7715,0.21680000000000002
7716,0.21452000000000002
7717,0.15342
7718,0.10651999999999999
7719,0.0943
7720,0.04149
7721,0.00414
7722,0.0
7723,0.0
7724,0.0
7725,0.0
7726,0.0
7727,0.0
7728,0.0
7729,0.0
7730,0.0
7731,0.0
7732,0.0
7733,0.0
7734,0.01899
7735,0.0694
7736,0.11498
7737,0.16022
7738,0.20343
7739,0.17453
7740,0.11355
7741,0.18217
7742,0.08184000000000001
7743,0.07556
7744,0.05828
7745,0.00471
7746,0.0
7747,0.0
7748,0.0
7749,0.0
7750,0.0
7751,0.0
7752,0.0
7753,0.0
7754,0.0
7755,0.0
7756,0.0
7757,0.0
7758,0.019280000000000002
7759,0.08525
7760,0.1092
7761,0.10925
7762,0.10389
7763,0.11298
7764,0.14601
7765,0.13487000000000002
7766,0.12865000000000001
7767,0.11806
7768,0.04486
7769,0.00495
7770,0.0
7771,0.0
7772,0.0
7773,0.0
7774,0.0
7775,0.0
7776,0.0
7777,0.0
7778,0.0
7779,0.0
7780,0.0
7781,0.0
7782,0.016640000000000002
7783,0.07367
7784,0.15735
7785,0.13191
7786,0.16136
7787,0.2125
7788,0.25412
7789,0.20753
7790,0.17083
7791,0.13263999999999998
7792,0.06019
7793,0.00443
7794,0.0
7795,0.0
7796,0.0
7797,0.0
7798,0.0
7799,0.0
7800,0.0
7801,0.0
7802,0.0
7803,0.0
7804,0.0
7805,0.0
7806,0.00625
7807,0.05801
7808,0.09537999999999999
7809,0.15081
7810,0.20529
7811,0.21882
7812,0.24305000000000002
7813,0.16366999999999998
7814,0.15555000000000002
7815,0.10839
7816,0.0597
7817,0.00422
7818,0.0
7819,0.0
7820,0.0
7821,0.0
7822,0.0
7823,0.0
7824,0.0
7825,0.0
7826,0.0
7827,0.0
7828,0.0
7829,0.0
7830,0.02327
7831,0.08832999999999999
7832,0.11545
7833,0.12021
7834,0.11119
7835,0.0844
7836,0.16033
7837,0.16977
7838,0.11095000000000001
7839,0.13235
7840,0.05798
7841,0.00767
7842,0.0
7843,0.0
7844,0.0
7845,0.0
7846,0.0
7847,0.0
7848,0.0
7849,0.0
7850,0.0
7851,0.0
7852,0.0
7853,0.0
7854,0.01434
7855,0.08251
7856,0.14277
7857,0.11636
7858,0.10155
7859,0.10805
7860,0.16065000000000002
7861,0.16106
7862,0.17543
7863,0.08746999999999999
7864,0.05335
7865,0.01016
7866,0.0
7867,0.0
7868,0.0
7869,0.0
7870,0.0
7871,0.0
7872,0.0
7873,0.0
7874,0.0
7875,0.0
7876,0.0
7877,0.0
7878,0.01377
7879,0.06309000000000001
7880,0.10267
7881,0.11719
7882,0.11333
7883,0.10069
7884,0.19952
7885,0.24037999999999998
7886,0.19661
7887,0.14268
7888,0.04151
7889,0.0019299999999999999
7890,0.0
7891,0.0
7892,0.0
7893,0.0
7894,0.0
7895,0.0
7896,0.0
7897,0.0
7898,0.0
7899,0.0
7900,0.0
7901,0.0
7902,0.024329999999999997
7903,0.09945
7904,0.18730000000000002
7905,0.22186
7906,0.28920999999999997
7907,0.31006
7908,0.21168
7909,0.26404
7910,0.19557
7911,0.16365000000000002
7912,0.07007
7913,0.00899
7914,0.0
7915,0.0
7916,0.0
7917,0.0
7918,0.0
7919,0.0
7920,0.0
7921,0.0
7922,0.0
7923,0.0
7924,0.0
7925,0.0
7926,0.018539999999999997
7927,0.09554
7928,0.16722
7929,0.18963999999999998
7930,0.23861000000000002
7931,0.2068
7932,0.19596
7933,0.26668000000000003
7934,0.16022999999999998
7935,0.1536
7936,0.02053
7937,0.00398
7938,0.0
7939,0.0
7940,0.0
7941,0.0
7942,0.0
7943,0.0
7944,0.0
7945,0.0
7946,0.0
7947,0.0
7948,0.0
7949,0.0
7950,0.01765
7951,0.07368000000000001
7952,0.11951
7953,0.15793000000000001
7954,0.13185
7955,0.22186
7956,0.15312
7957,0.14679
7958,0.13633
7959,0.11294
7960,0.03691
7961,0.005030000000000001
7962,0.0
7963,0.0
7964,0.0
7965,0.0
7966,0.0
7967,0.0
7968,0.0
7969,0.0
7970,0.0
7971,0.0
7972,0.0
7973,0.0
7974,0.01474
7975,0.07848000000000001
7976,0.14655
7977,0.1291
7978,0.15653
7979,0.18255000000000002
7980,0.19848
7981,0.16296000000000002
7982,0.13684000000000002
7983,0.10248
7984,0.052700000000000004
7985,0.00413
7986,0.0
7987,0.0
7988,0.0
7989,0.0
7990,0.0
7991,0.0
7992,0.0
7993,0.0
7994,0.0
7995,0.0
7996,0.0
7997,0.0
7998,0.0119
7999,0.07179
8000,0.09498999999999999
8001,0.14764
8002,0.11231999999999999
8003,0.16919
8004,0.22721
8005,0.2602
8006,0.18026
8007,0.13351
8008,0.05264
8009,0.01375
8010,0.0
8011,0.0
8012,0.0
8013,0.0
8014,0.0
8015,0.0
8016,0.0
8017,0.0
8018,0.0
8019,0.0
8020,0.0
8021,0.0
8022,0.01681
8023,0.05348
8024,0.09099
8025,0.12523
8026,0.11601
8027,0.11712
8028,0.15803999999999999
8029,0.15030000000000002
8030,0.19644999999999999
8031,0.10161
8032,0.040170000000000004
8033,0.00725
8034,0.0
8035,0.0
8036,0.0
8037,0.0
8038,0.0
8039,0.0
8040,0.0
8041,0.0
8042,0.0
8043,0.0
8044,0.0
8045,0.0
8046,0.019399999999999997
8047,0.1201
8048,0.15565
8049,0.18611000000000003
8050,0.19283
8051,0.16112
8052,0.19115000000000001
8053,0.18707
8054,0.1605
8055,0.13140000000000002
8056,0.05729
8057,0.00607
8058,0.0
8059,0.0
8060,0.0
8061,0.0
8062,0.0
8063,0.0
8064,0.0
8065,0.0
8066,0.0
8067,0.0
8068,0.0
8069,0.0
8070,0.013720000000000001
8071,0.07503
8072,0.121
8073,0.218
8074,0.28076
8075,0.29727
8076,0.30360000000000004
8077,0.23275
8078,0.20176
8079,0.13085
8080,0.06157
8081,0.00543
8082,0.0
8083,0.0
8084,0.0
8085,0.0
8086,0.0
8087,0.0
8088,0.0
8089,0.0
8090,0.0
8091,0.0
8092,0.0
8093,0.0
8094,0.00076
8095,0.00762
8096,0.0418
8097,0.0608
8098,0.10175
8099,0.14662
8100,0.26835000000000003
8101,0.26233999999999996
8102,0.21921000000000002
8103,0.16202
8104,0.07707
8105,0.01046
8106,0.0
8107,0.0
8108,0.0
8109,0.0
8110,0.0
8111,0.0
8112,0.0
8113,0.0
8114,0.0
8115,0.0
8116,0.0
8117,0.0
8118,0.00523
8119,0.06379
8120,0.17276
8121,0.23884
8122,0.22683
8123,0.25797000000000003
8124,0.26218
8125,0.28001
8126,0.16952
8127,0.13508
8128,0.08062000000000001
8129,0.01316
8130,0.0
8131,0.0
8132,0.0
8133,0.0
8134,0.0
8135,0.0
8136,0.0
8137,0.0
8138,0.0
8139,0.0
8140,0.0
8141,0.0
8142,0.01696
8143,0.07753
8144,0.09107
8145,0.1118
8146,0.11644
8147,0.16122999999999998
8148,0.128
8149,0.17457
8150,0.14849
8151,0.10464
8152,0.07212
8153,0.00687
8154,0.0
8155,0.0
8156,0.0
8157,0.0
8158,0.0
8159,0.0
8160,0.0
8161,0.0
8162,0.0
8163,0.0
8164,0.0
8165,0.0
8166,0.0
8167,0.02447
8168,0.0665
8169,0.10009
8170,0.17166
8171,0.18708000000000002
8172,0.16016
8173,0.15593
8174,0.09702
8175,0.0699
8176,0.04424
8177,0.0074
8178,0.0
8179,0.0
8180,0.0
8181,0.0
8182,0.0
8183,0.0
8184,0.0
8185,0.0
8186,0.0
8187,0.0
8188,0.0
8189,0.0
8190,0.01392
8191,0.10334
8192,0.18924000000000002
8193,0.23272
8194,0.25201
8195,0.26324000000000003
8196,0.26955
8197,0.13024000000000002
8198,0.12359
8199,0.10178
8200,0.05416
8201,0.00916
8202,0.0
8203,0.0
8204,0.0
8205,0.0
8206,0.0
8207,0.0
8208,0.0
8209,0.0
8210,0.0
8211,0.0
8212,0.0
8213,0.0
8214,0.01654
8215,0.09922
8216,0.16947
8217,0.25207
8218,0.21959
8219,0.32155
8220,0.28693
8221,0.24739
8222,0.19786
8223,0.14329
8224,0.08947
8225,0.006809999999999999
8226,0.0
8227,0.0
8228,0.0
8229,0.0
8230,0.0
8231,0.0
8232,0.0
8233,0.0
8234,0.0
8235,0.0
8236,0.0
8237,0.0
8238,0.01019
8239,0.07697
8240,0.17448
8241,0.22037
8242,0.26969
8243,0.32538
8244,0.32600999999999997
8245,0.22427
8246,0.20721
8247,0.13858
8248,0.10044
8249,0.0135
8250,0.0
8251,0.0
8252,0.0
8253,0.0
8254,0.0
8255,0.0
8256,0.0
8257,0.0
8258,0.0
8259,0.0
8260,0.0
8261,0.0
8262,0.01656
8263,0.09486
8264,0.14202
8265,0.19012
8266,0.21697999999999998
8267,0.21349
8268,0.20837999999999998
8269,0.14817
8270,0.16233
8271,0.15048
8272,0.09542
8273,0.01391
8274,0.0
8275,0.0
8276,0.0
8277,0.0
8278,0.0
8279,0.0
8280,0.0
8281,0.0
8282,0.0
8283,0.0
8284,0.0
8285,0.0
8286,0.01433
8287,0.06887
8288,0.0717
8289,0.062049999999999994
8290,0.0787
8291,0.09148999999999999
8292,0.12124
8293,0.08979000000000001
8294,0.07445
8295,0.07945999999999999
8296,0.048
8297,0.00884
8298,0.0
8299,0.0
8300,0.0
8301,0.0
8302,0.0
8303,0.0
8304,0.0
8305,0.0
8306,0.0
8307,0.0
8308,0.0
8309,0.0
8310,0.015519999999999999
8311,0.08768000000000001
8312,0.15500999999999998
8313,0.21259
8314,0.24481999999999998
8315,0.28704
8316,0.30401999999999996
8317,0.19563
8318,0.18388
8319,0.13504
8320,0.04159
8321,0.00626
8322,0.0
8323,0.0
8324,0.0
8325,0.0
8326,0.0
8327,0.0
8328,0.0
8329,0.0
8330,0.0
8331,0.0
8332,0.0
8333,0.0
8334,0.009859999999999999
8335,0.08295999999999999
8336,0.14343
8337,0.21719
8338,0.26959
8339,0.2671
8340,0.3231
8341,0.29488
8342,0.2027
8343,0.1387
8344,0.07168000000000001
8345,0.009779999999999999
8346,0.0
8347,0.0
8348,0.0
8349,0.0
8350,0.0
8351,0.0
8352,0.0
8353,0.0
8354,0.0
8355,0.0
8356,0.0
8357,0.0
8358,0.0012900000000000001
8359,0.01592
8360,0.06971
8361,0.08839
8362,0.18202000000000002
8363,0.18666999999999997
8364,0.21026
8365,0.21663
8366,0.13963
8367,0.13547
8368,0.07839
8369,0.01205
8370,0.0
8371,0.0
8372,0.0
8373,0.0
8374,0.0
8375,0.0
8376,0.0
8377,0.0
8378,0.0
8379,0.0
8380,0.0
8381,0.0
8382,0.01281
8383,0.07822
8384,0.14258
8385,0.21259999999999998
8386,0.24467
8387,0.27763
8388,0.29525999999999997
8389,0.27253
8390,0.14337
8391,0.10557
8392,0.08568
8393,0.013810000000000001
8394,0.0
8395,0.0
8396,0.0
8397,0.0
8398,0.0
8399,0.0
8400,0.0
8401,0.0
8402,0.0
8403,0.0
8404,0.0
8405,0.0
8406,0.00041
8407,0.00392
8408,0.04089
8409,0.109
8410,0.20682
8411,0.2034
8412,0.25706
8413,0.21508000000000002
8414,0.21739
8415,0.13708
8416,0.08748
8417,0.01543
8418,0.0
8419,0.0
8420,0.0
8421,0.0
8422,0.0
8423,0.0
8424,0.0
8425,0.0
8426,0.0
8427,0.0
8428,0.0
8429,0.0
8430,0.011630000000000001
8431,0.05482
8432,0.11281999999999999
8433,0.19181
8434,0.14484
8435,0.12074
8436,0.15421
8437,0.25137
8438,0.16804
8439,0.16512000000000002
8440,0.08821
8441,0.01872
8442,0.0
8443,0.0
8444,0.0
8445,0.0
8446,0.0
8447,0.0
8448,0.0
8449,0.0
8450,0.0
8451,0.0
8452,0.0
8453,0.0
8454,0.00739
8455,0.04309
8456,0.04967
8457,0.12714
8458,0.11437
8459,0.201
8460,0.17204
8461,0.24196
8462,0.21883000000000002
8463,0.12885
8464,0.06484000000000001
8465,0.00604
8466,0.0
8467,0.0
8468,0.0
8469,0.0
8470,0.0
8471,0.0
8472,0.0
8473,0.0
8474,0.0
8475,0.0
8476,0.0
8477,0.0
8478,0.013300000000000001
8479,0.06795
8480,0.09051999999999999
8481,0.13308
8482,0.11347
8483,0.1738
8484,0.18830000000000002
8485,0.19704
8486,0.18885
8487,0.13694
8488,0.0714
8489,0.01575
8490,0.0
8491,0.0
8492,0.0
8493,0.0
8494,0.0
8495,0.0
8496,0.0
8497,0.0
8498,0.0
8499,0.0
8500,0.0
8501,0.0
8502,0.01308
8503,0.06398
8504,0.08853
8505,0.11904
8506,0.12972
8507,0.13816
8508,0.11902
8509,0.14399
8510,0.0974
8511,0.09287000000000001
8512,0.06584999999999999
8513,0.011359999999999999
8514,0.0
8515,0.0
8516,0.0
8517,0.0
8518,0.0
8519,0.0
8520,0.0
8521,0.0
8522,0.0
8523,0.0
8524,0.0
8525,0.0
8526,0.00718
8527,0.04661
8528,0.08159999999999999
8529,0.14626
8530,0.20556
8531,0.14054
8532,0.13035
8533,0.11344
8534,0.20712
8535,0.07806
8536,0.04236
8537,0.0069299999999999995
8538,0.0
8539,0.0
8540,0.0
8541,0.0
8542,0.0
8543,0.0
8544,0.0
8545,0.0
8546,0.0
8547,0.0
8548,0.0
8549,0.0
8550,0.01071
8551,0.07243000000000001
8552,0.11015000000000001
8553,0.15563999999999997
8554,0.20094
8555,0.16581
8556,0.1509
8557,0.16787
8558,0.15979
8559,0.07145
8560,0.054329999999999996
8561,0.01033
8562,0.0
8563,0.0
8564,0.0
8565,0.0
8566,0.0
8567,0.0
8568,0.0
8569,0.0
8570,0.0
8571,0.0
8572,0.0
8573,0.0
8574,0.00996
8575,0.05058
8576,0.10391
8577,0.15375999999999998
8578,0.22698
8579,0.2934
8580,0.2506
8581,0.11778
8582,0.10385
8583,0.10912000000000001
8584,0.05137
8585,0.01154
8586,0.0
8587,0.0
8588,0.0
8589,0.0
8590,0.0
8591,0.0
8592,0.0
8593,0.0
8594,0.0
8595,0.0
8596,0.0
8597,0.0
8598,0.011859999999999999
8599,0.05547
8600,0.09284
8601,0.11832
8602,0.16171000000000002
8603,0.169
8604,0.19965
8605,0.18793
8606,0.17315
8607,0.12462999999999999
8608,0.06006
8609,0.015449999999999998
8610,0.0
8611,0.0
8612,0.0
8613,0.0
8614,0.0
8615,0.0
8616,0.0
8617,0.0
8618,0.0
8619,0.0
8620,0.0
8621,0.0
8622,0.009210000000000001
8623,0.06604
8624,0.09023
8625,0.12003
8626,0.11477
8627,0.15696000000000002
8628,0.2043
8629,0.13273
8630,0.19743
8631,0.10643000000000001
8632,0.07249
8633,0.011359999999999999
8634,0.0
8635,0.0
8636,0.0
8637,0.0
8638,0.0
8639,0.0
8640,0.0
8641,0.0
8642,0.0
8643,0.0
8644,0.0
8645,0.0
8646,0.00907
8647,0.08693000000000001
8648,0.12621
8649,0.18996000000000002
8650,0.16999
8651,0.14341
8652,0.11810999999999999
8653,0.10056999999999999
8654,0.12373999999999999
8655,0.07970000000000001
8656,0.06779
8657,0.01271
8658,0.0
8659,0.0
8660,0.0
8661,0.0
8662,0.0
8663,0.0
8664,0.0
8665,0.0
8666,0.0
8667,0.0
8668,0.0
8669,0.0
8670,0.00887
8671,0.07221999999999999
8672,0.12837
8673,0.1997
8674,0.28416
8675,0.23873
8676,0.2692
8677,0.23046
8678,0.17598
8679,0.12093999999999999
8680,0.08642
8681,0.02373
8682,0.0
8683,0.0
8684,0.0
8685,0.0
8686,0.0
8687,0.0
8688,0.0
8689,0.0
8690,0.0
8691,0.0
8692,0.0
8693,0.0
8694,0.005730000000000001
8695,0.06811
8696,0.10604999999999999
8697,0.14989
8698,0.28547
8699,0.26347000000000004
8700,0.29383
8701,0.11823
8702,0.12724
8703,0.09470999999999999
8704,0.07789
8705,0.01706
8706,0.0
8707,0.0
8708,0.0
8709,0.0
8710,0.0
8711,0.0
8712,0.0
8713,0.0
8714,0.0
8715,0.0
8716,0.0
8717,0.0
8718,0.00591
8719,0.05007
8720,0.07242
8721,0.09344
8722,0.09814
8723,0.12859
8724,0.14283
8725,0.12417
8726,0.09004999999999999
8727,0.07894
8728,0.06308
8729,0.02102
8730,0.0
8731,0.0
8732,0.0
8733,0.0
8734,0.0
8735,0.0
8736,0.0
8737,0.0
8738,0.0
8739,0.0
8740,0.0
8741,0.0
8742,0.0036
8743,0.05931
8744,0.10281
8745,0.12815000000000001
8746,0.11867
8747,0.17623
8748,0.21459
8749,0.12934
8750,0.12893000000000002
8751,0.07533
8752,0.06199
8753,0.062380000000000005
8754,0.0
8755,0.0
8756,0.0
8757,0.0
8758,0.0
8759,0.0
