,pv_per_unit
0,0.0
1,0.0
2,0.0
3,0.0
4,0.0
5,0.0
6,0.00462
7,0.12642
8,0.33006
9,0.45425
10,0.49823
11,0.59869
12,0.66937
13,0.59554
14,0.45038
15,0.29002999999999995
16,0.19163
17,0.03961
18,0.0
19,0.0
20,0.0
21,0.0
22,0.0
23,0.0
24,0.0
25,0.0
26,0.0
27,0.0
28,0.0
29,0.0
30,0.00016
31,0.00838
32,0.05288
33,0.11996
34,0.31803
35,0.42304
36,0.47777
37,0.50547
38,0.41417000000000004
39,0.27862
40,0.17403
41,0.054759999999999996
42,0.0
43,0.0
44,0.0
45,0.0
46,0.0
47,0.0
48,0.0
49,0.0
50,0.0
51,0.0
52,0.0
53,0.0
54,0.00354
55,0.10171
56,0.29913999999999996
57,0.44021
58,0.47723000000000004
59,0.56274
60,0.61412
61,0.5428200000000001
62,0.46537
63,0.41339
64,0.19184
65,0.04615
66,0.0
67,0.0
68,0.0
69,0.0
70,0.0
71,0.0
72,0.0
73,0.0
74,0.0
75,0.0
76,0.0
77,0.0
78,0.00312
79,0.12799
80,0.32653
81,0.49489
82,0.5520499999999999
83,0.6459900000000001
84,0.64
85,0.59813
86,0.48683
87,0.37051
88,0.21569999999999998
89,0.0347
90,0.0
91,0.0
92,0.0
93,0.0
94,0.0
95,0.0
96,0.0
97,0.0
98,0.0
99,0.0
100,0.0
101,0.0
102,0.00073
103,0.07656
104,0.19538999999999998
105,0.20232
106,0.33386
107,0.46962
108,0.47304
109,0.5783200000000001
110,0.53152
111,0.28923000000000004
112,0.20054
113,0.032159999999999994
114,0.0
115,0.0
116,0.0
117,0.0
118,0.0
119,0.0
120,0.0
121,0.0
122,0.0
123,0.0
124,0.0
125,0.0
126,0.00189
127,0.12014
128,0.32389999999999997
129,0.40364999999999995
130,0.5641900000000001
131,0.6078300000000001
132,0.60907
133,0.59028
134,0.4653
135,0.36267
136,0.23907
137,0.06473000000000001
138,0.0
139,0.0
140,0.0
141,0.0
142,0.0
143,0.0
144,0.0
145,0.0
146,0.0
147,0.0
148,0.0
149,0.0
150,0.0024500000000000004
151,0.11886
152,0.26077
153,0.47338
154,0.53342
155,0.62425
156,0.60187
157,0.55662
158,0.5297799999999999
159,0.44845999999999997
160,0.25224
161,0.04704
162,0.0
163,0.0
164,0.0
165,0.0
166,0.0
167,0.0
168,0.0
169,0.0
170,0.0
171,0.0
172,0.0
173,0.0
174,0.0
175,0.03639
176,0.12922
177,0.27102
178,0.4293
179,0.45239999999999997
180,0.38491000000000003
181,0.64513
182,0.5417799999999999
183,0.38677999999999996
184,0.19038999999999998
185,0.05236
186,0.0
187,0.0
188,0.0
189,0.0
190,0.0
191,0.0
192,0.0
193,0.0
194,0.0
195,0.0
196,0.0
197,0.0
198,0.00076
199,0.05948
200,0.25352
201,0.29402
202,0.5112099999999999
203,0.5530700000000001
204,0.38430000000000003
205,0.5506599999999999
206,0.49642000000000003
207,0.42081
208,0.23718999999999998
209,0.07927
210,0.0
211,0.0
212,0.0
213,0.0
214,0.0
215,0.0
216,0.0
217,0.0
218,0.0
219,0.0
220,0.0
221,0.0
222,0.0016899999999999999
223,0.07083
224,0.19157
225,0.35393
226,0.50942
227,0.52897
228,0.59405
229,0.56931
230,0.5175700000000001
231,0.38559
232,0.23361
233,0.07698
234,0.0
235,0.0
236,0.0
237,0.0
238,0.0
239,0.0
240,0.0
241,0.0
242,0.0
243,0.0
244,0.0
245,0.0
246,0.0015
247,0.04099
248,0.15045
249,0.29097
250,0.32421
251,0.53097
252,0.52724
253,0.51705
254,0.4724
255,0.3321
256,0.24919999999999998
257,0.04934
258,0.0
259,0.0
260,0.0
261,0.0
262,0.0
263,0.0
264,0.0
265,0.0
266,0.0
267,0.0
268,0.0
269,0.0
270,0.00148
271,0.08403000000000001
272,0.27168000000000003
273,0.32706
274,0.53625
275,0.5410499999999999
276,0.56275
277,0.44382
278,0.53036
279,0.41673000000000004
280,0.24884
281,0.06755
282,0.0
283,0.0
284,0.0
285,0.0
286,0.0
287,0.0
288,0.0
289,0.0
290,0.0
291,0.0
292,0.0
293,0.0
294,0.00202
295,0.05034
296,0.20327
297,0.29367000000000004
298,0.48673
299,0.5201699999999999
300,0.5978600000000001
301,0.59405
302,0.48287
303,0.37976
304,0.21764
305,0.04469
306,0.0
307,0.0
308,0.0
309,0.0
310,0.0
311,0.0
312,0.0
313,0.0
314,0.0
315,0.0
316,0.0
317,0.0
318,0.0008900000000000001
319,0.09445
320,0.22711
321,0.38996
322,0.4435
323,0.51737
324,0.42325999999999997
325,0.40778
326,0.38116
327,0.31353
328,0.20519
329,0.07112
330,0.0
331,0.0
332,0.0
333,0.0
334,0.0
335,0.0
336,0.0
337,0.0
338,0.0
339,0.0
340,0.0
341,0.0
342,0.00151
343,0.07428
344,0.18145
345,0.33027
346,0.55434
347,0.43738
348,0.38519
349,0.25528
350,0.24308000000000002
351,0.4129
352,0.22190000000000001
353,0.08506
354,0.0
355,0.0
356,0.0
357,0.0
358,0.0
359,0.0
360,0.0
361,0.0
362,0.0
363,0.0
364,0.0
365,0.0
366,0.00204
367,0.10177
368,0.28452
369,0.44195
370,0.50345
371,0.6147999999999999
372,0.59153
373,0.6020599999999999
374,0.48172000000000004
375,0.41476999999999997
376,0.2457
377,0.08243
378,0.0
379,0.0
380,0.0
381,0.0
382,0.0
383,0.0
384,0.0
385,0.0
386,0.0
387,0.0
388,0.0
389,0.0
390,0.0022
391,0.13002
392,0.31376
393,0.42395
394,0.5238400000000001
395,0.46757
396,0.6375599999999999
397,0.5869
398,0.43312
399,0.40732
400,0.2519
401,0.07456
402,0.0
403,0.0
404,0.0
405,0.0
406,0.0
407,0.0
408,0.0
409,0.0
410,0.0
411,0.0
412,0.0
413,0.0
414,0.00161
415,0.07374
416,0.19087
417,0.35875999999999997
418,0.47034
419,0.40301
420,0.48619
421,0.59462
422,0.46606000000000003
423,0.31551
424,0.20509
425,0.04425
426,0.0
427,0.0
428,0.0
429,0.0
430,0.0
431,0.0
432,0.0
433,0.0
434,0.0
435,0.0
436,0.0
437,0.0
438,0.00171
439,0.06928
440,0.17122
441,0.19616999999999998
442,0.2995
443,0.44262999999999997
444,0.46107
445,0.54637
446,0.43662
447,0.39881
448,0.22007
449,0.044840000000000005
450,0.0
451,0.0
452,0.0
453,0.0
454,0.0
455,0.0
456,0.0
457,0.0
458,0.0
459,0.0
460,0.0
461,0.0
462,0.00058
463,0.045869999999999994
464,0.08389
465,0.07733
466,0.13571
467,0.17159
468,0.14047
469,0.12290999999999999
470,0.11026999999999999
471,0.11248000000000001
472,0.05639
473,0.01384
474,0.0
475,0.0
476,0.0
477,0.0
478,0.0
479,0.0
480,0.0
481,0.0
482,0.0
483,0.0
484,0.0
485,0.0
486,0.00232
487,0.07575
488,0.22412
489,0.23473
490,0.44033999999999995
491,0.48302999999999996
492,0.46744
493,0.51295
494,0.31377
495,0.30351999999999996
496,0.07959999999999999
497,0.04367
498,0.0
499,0.0
500,0.0
501,0.0
502,0.0
503,0.0
504,0.0
505,0.0
506,0.0
507,0.0
508,0.0
509,0.0
510,0.0
511,0.026719999999999997
512,0.13856
513,0.18625999999999998
514,0.34906
515,0.27101
516,0.18492
517,0.43209
518,0.48173
519,0.29013
520,0.13924
521,0.059090000000000004
522,0.0
523,0.0
524,0.0
525,0.0
526,0.0
527,0.0
528,0.0
529,0.0
530,0.0
531,0.0
532,0.0
533,0.0
534,0.0023599999999999997
535,0.11997
536,0.31018
537,0.42531
538,0.5284
539,0.61115
540,0.6866599999999999
541,0.64765
542,0.55531
543,0.43360000000000004
544,0.18047
545,0.07246999999999999
546,0.0
547,0.0
548,0.0
549,0.0
550,0.0
551,0.0
552,0.0
553,0.0
554,0.0
555,0.0
556,0.0
557,0.0
558,0.00354
559,0.10689
560,0.2532
561,0.40681
562,0.48631
563,0.6052000000000001
564,0.55732
565,0.59025
566,0.4377
567,0.39338999999999996
568,0.19276
569,0.07421
570,0.0
571,0.0
572,0.0
573,0.0
574,0.0
575,0.0
576,0.0
577,0.0
578,0.0
579,0.0
580,0.0
581,0.0
582,0.0
583,0.044789999999999996
584,0.18593
585,0.37071
586,0.45722
587,0.42486
588,0.38868
589,0.53827
590,0.48406
591,0.31182
592,0.09011
593,0.019149999999999997
594,0.0
595,0.0
596,0.0
597,0.0
598,0.0
599,0.0
600,0.0
601,0.0
602,0.0
603,0.0
604,0.0
605,0.0
606,0.0
607,0.02213
608,0.04548
609,0.08796
610,0.12372
611,0.1105
612,0.13947
613,0.47205
614,0.36669
615,0.246
616,0.21633000000000002
617,0.061380000000000004
618,0.0
619,0.0
620,0.0
621,0.0
622,0.0
623,0.0
624,0.0
625,0.0
626,0.0
627,0.0
628,0.0
629,0.0
630,0.00031
631,0.044789999999999996
632,0.09067
633,0.14852
634,0.20962
635,0.26446
636,0.28868
637,0.5541200000000001
638,0.24002
639,0.14361000000000002
640,0.07765000000000001
641,0.019559999999999998
642,0.0
643,0.0
644,0.0
645,0.0
646,0.0
647,0.0
648,0.0
649,0.0
650,0.0
651,0.0
652,0.0
653,0.0
654,0.0
655,0.06125
656,0.07676000000000001
657,0.16806000000000001
658,0.29798
659,0.26009
660,0.38906
661,0.53049
662,0.49688
663,0.36610000000000004
664,0.18237
665,0.07224
666,0.0
667,0.0
668,0.0
669,0.0
670,0.0
671,0.0
672,0.0
673,0.0
674,0.0
675,0.0
676,0.0
677,0.0
678,0.00011999999999999999
679,0.09372
680,0.2873
681,0.38448000000000004
682,0.56772
683,0.61388
684,0.6935
685,0.5628500000000001
686,0.57837
687,0.46357
688,0.22129
689,0.07887999999999999
690,0.0
691,0.0
692,0.0
693,0.0
694,0.0
695,0.0
696,0.0
697,0.0
698,0.0
699,0.0
700,0.0
701,0.0
702,0.00117
703,0.10091
704,0.23586000000000001
705,0.43673
706,0.52009
707,0.6352300000000001
708,0.63287
709,0.52795
710,0.41729
711,0.41208
712,0.26917
713,0.08868999999999999
714,0.0
715,0.0
716,0.0
717,0.0
718,0.0
719,0.0
720,0.0
721,0.0
722,0.0
723,0.0
724,0.0
725,0.0
726,0.00055
727,0.04843
728,0.13204
729,0.21528
730,0.29952
731,0.4728
732,0.43895999999999996
733,0.50328
734,0.42538
735,0.36113
736,0.22915
737,0.046939999999999996
738,0.0
739,0.0
740,0.0
741,0.0
742,0.0
743,0.0
744,0.0
745,0.0
746,0.0
747,0.0
748,0.0
749,0.0
750,0.00011999999999999999
751,0.07609
752,0.20088
753,0.39691000000000004
754,0.35719999999999996
755,0.35286
756,0.47373000000000004
757,0.48797
758,0.48627
759,0.39107
760,0.14113
761,0.02527
762,0.0
763,0.0
764,0.0
765,0.0
766,0.0
767,0.0
768,0.0
769,0.0
770,0.0
771,0.0
772,0.0
773,0.0
774,0.0
775,0.02327
776,0.07347
777,0.09961
778,0.14896
779,0.15374000000000002
780,0.288
781,0.44532
782,0.32992
783,0.36944
784,0.15784
785,0.053439999999999994
786,0.0
787,0.0
788,0.0
789,0.0
790,0.0
791,0.0
792,0.0
793,0.0
794,0.0
795,0.0
796,0.0
797,0.0
798,0.00047999999999999996
799,0.05421
800,0.08742
801,0.36756
802,0.51523
803,0.56909
804,0.58914
805,0.48242
806,0.53236
807,0.43683
808,0.27704
809,0.07998999999999999
810,0.0
811,0.0
812,0.0
813,0.0
814,0.0
815,0.0
816,0.0
817,0.0
818,0.0
819,0.0
820,0.0
821,0.0
822,0.0
823,0.0523
824,0.20186
825,0.42754000000000003
826,0.56841
827,0.62437
828,0.6323099999999999
829,0.62687
830,0.5616
831,0.47336
832,0.23811000000000002
833,0.07292
834,0.0
835,0.0
836,0.0
837,0.0
838,0.0
839,0.0
840,0.0
841,0.0
842,0.0
843,0.0
844,0.0
845,0.0
846,0.00108
847,0.06765
848,0.25733
849,0.40787
850,0.5709
851,0.5830299999999999
852,0.56814
853,0.61536
854,0.5665399999999999
855,0.4289
856,0.27420999999999995
857,0.0626
858,0.0
859,0.0
860,0.0
861,0.0
862,0.0
863,0.0
864,0.0
865,0.0
866,0.0
867,0.0
868,0.0
869,0.0
870,0.00138
871,0.033729999999999996
872,0.08732
873,0.18847
874,0.27764
875,0.33691000000000004
876,0.42156
877,0.36313
878,0.43160000000000004
879,0.37353
880,0.24950999999999998
881,0.09136
882,0.0
883,0.0
884,0.0
885,0.0
886,0.0
887,0.0
888,0.0
889,0.0
890,0.0
891,0.0
892,0.0
893,0.0
894,0.00145
895,0.08115
896,0.25614
897,0.42451
898,0.44561
899,0.67468
900,0.69475
901,0.62491
902,0.57284
903,0.46309
904,0.29056
905,0.10687
906,0.0
907,0.0
908,0.0
909,0.0
910,0.0
911,0.0
912,0.0
913,0.0
914,0.0
915,0.0
916,0.0
917,0.0
918,0.00134
919,0.07288
920,0.23057
921,0.36495
922,0.39238999999999996
923,0.55052
924,0.6650900000000001
925,0.61507
926,0.39071
927,0.26425
928,0.21495
929,0.04561
930,0.0
931,0.0
932,0.0
933,0.0
934,0.0
935,0.0
936,0.0
937,0.0
938,0.0
939,0.0
940,0.0
941,0.0
942,0.00014000000000000001
943,0.04486
944,0.07836
945,0.1512
946,0.17061
947,0.35364
948,0.49879
949,0.57032
950,0.49706
951,0.37467
952,0.24443
953,0.07901999999999999
954,0.0
955,0.0
956,0.0
957,0.0
958,0.0
959,0.0
960,0.0
961,0.0
962,0.0
963,0.0
964,0.0
965,0.0
966,0.00147
967,0.11056999999999999
968,0.27098
969,0.47132999999999997
970,0.57588
971,0.6192799999999999
972,0.71721
973,0.67134
974,0.52252
975,0.37309
976,0.17226
977,0.09094
978,0.0
979,0.0
980,0.0
981,0.0
982,0.0
983,0.0
984,0.0
985,0.0
986,0.0
987,0.0
988,0.0
989,0.0
990,0.00078
991,0.06942
992,0.25416
993,0.48145
994,0.45749
995,0.6078
996,0.61158
997,0.65607
998,0.45271
999,0.4041
1000,0.29294
1001,0.07729000000000001
1002,0.0
1003,0.0
1004,0.0
1005,0.0
1006,0.0
1007,0.0
1008,0.0
1009,0.0
1010,0.0
1011,0.0
1012,0.0
1013,0.0
1014,0.00064
1015,0.05559
1016,0.21112999999999998
1017,0.32791000000000003
1018,0.35938
1019,0.65261
1020,0.6260800000000001
1021,0.55765
1022,0.57616
1023,0.379
1024,0.18309999999999998
1025,0.07039
1026,0.0
1027,0.0
1028,0.0
1029,0.0
1030,0.0
1031,0.0
1032,0.0
1033,0.0
1034,0.0
1035,0.0
1036,0.0
1037,0.0
1038,0.00165
1039,0.0595
1040,0.24587
1041,0.34075
1042,0.40288
1043,0.40981
1044,0.45723
1045,0.5710700000000001
1046,0.43877999999999995
1047,0.30639
1048,0.12384999999999999
1049,0.07842
1050,0.0
1051,0.0
1052,0.0
1053,0.0
1054,0.0
1055,0.0
1056,0.0
1057,0.0
1058,0.0
1059,0.0
1060,0.0
1061,0.0
1062,0.00106
1063,0.068
1064,0.16975
1065,0.22762000000000002
1066,0.26005
1067,0.26741000000000004
1068,0.30607999999999996
1069,0.32706999999999997
1070,0.42557
1071,0.31745999999999996
1072,0.20862999999999998
1073,0.05554
1074,0.0
1075,0.0
1076,0.0
1077,0.0
1078,0.0
1079,0.0
1080,0.0
1081,0.0
1082,0.0
1083,0.0
1084,0.0
1085,0.0
1086,0.00216
1087,0.08913
1088,0.30595
1089,0.44603
1090,0.5938
1091,0.5047
1092,0.44417
1093,0.43837
1094,0.46508
1095,0.28711000000000003
1096,0.2303
1097,0.07341
1098,0.0
1099,0.0
1100,0.0
1101,0.0
1102,0.0
1103,0.0
1104,0.0
1105,0.0
1106,0.0
1107,0.0
1108,0.0
1109,0.0
1110,0.0019399999999999999
1111,0.09691
1112,0.25439
1113,0.49607999999999997
1114,0.54241
1115,0.61024
1116,0.52679
1117,0.44629
1118,0.42062
1119,0.29874
1120,0.21292
1121,0.07884999999999999
1122,0.0
1123,0.0
1124,0.0
1125,0.0
1126,0.0
1127,0.0
1128,0.0
1129,0.0
1130,0.0
1131,0.0
1132,0.0
1133,0.0
1134,0.0020099999999999996
1135,0.09655
1136,0.30304000000000003
1137,0.47864
1138,0.50156
1139,0.41698
1140,0.5229600000000001
1141,0.57892
1142,0.50478
1143,0.32027999999999995
1144,0.23325
1145,0.0571
1146,0.0
1147,0.0
1148,0.0
1149,0.0
1150,0.0
1151,0.0
1152,0.0
1153,0.0
1154,0.0
1155,0.0
1156,0.0
1157,0.0
1158,0.0010400000000000001
1159,0.053689999999999995
1160,0.11835
1161,0.24111000000000002
1162,0.40534
1163,0.5674199999999999
1164,0.5534
1165,0.58796
1166,0.50444
1167,0.44231
1168,0.19921
1169,0.07740999999999999
1170,0.0
1171,0.0
1172,0.0
1173,0.0
1174,0.0
1175,0.0
1176,0.0
1177,0.0
1178,0.0
1179,0.0
1180,0.0
1181,0.0
1182,0.0010500000000000002
1183,0.07134
1184,0.27538
1185,0.36807999999999996
1186,0.5522400000000001
1187,0.5639
1188,0.48996
1189,0.60163
1190,0.56831
1191,0.3398
1192,0.21863
1193,0.0551
1194,0.0
1195,0.0
1196,0.0
1197,0.0
1198,0.0
1199,0.0
1200,0.0
1201,0.0
1202,0.0
1203,0.0
1204,0.0
1205,0.0
1206,0.00108
1207,0.07275
1208,0.24484999999999998
1209,0.17626
1210,0.19412000000000001
1211,0.33849
1212,0.36057
1213,0.40502999999999995
1214,0.24750999999999998
1215,0.30957
1216,0.15408000000000002
1217,0.06617
1218,0.0
1219,0.0
1220,0.0
1221,0.0
1222,0.0
1223,0.0
1224,0.0
1225,0.0
1226,0.0
1227,0.0
1228,0.0
1229,0.0
1230,0.0005600000000000001
1231,0.02652
1232,0.13768
1233,0.27063
1234,0.39609
1235,0.38216
1236,0.51539
1237,0.5999099999999999
1238,0.34635000000000005
1239,0.15925999999999998
1240,0.06673
1241,0.01068
1242,0.0
1243,0.0
1244,0.0
1245,0.0
1246,0.0
1247,0.0
1248,0.0
1249,0.0
1250,0.0
1251,0.0
1252,0.0
1253,0.0
1254,0.0
1255,0.02576
1256,0.14851
1257,0.29879
1258,0.36549
1259,0.35233
1260,0.39867
1261,0.45371
1262,0.2258
1263,0.11531999999999999
1264,0.06925
1265,0.03221
1266,0.0
1267,0.0
1268,0.0
1269,0.0
1270,0.0
1271,0.0
1272,0.0
1273,0.0
1274,0.0
1275,0.0
1276,0.0
1277,0.0
1278,0.00041999999999999996
1279,0.07544
1280,0.1953
1281,0.28812
1282,0.53859
1283,0.46068000000000003
1284,0.59213
1285,0.58928
1286,0.41694
1287,0.29294
1288,0.18346
1289,0.06493
1290,0.0
1291,0.0
1292,0.0
1293,0.0
1294,0.0
1295,0.0
1296,0.0
1297,0.0
1298,0.0
1299,0.0
1300,0.0
1301,0.0
1302,0.00246
1303,0.0783
1304,0.30271
1305,0.44631
1306,0.44571
1307,0.59065
1308,0.5845
1309,0.50629
1310,0.31013
1311,0.19149000000000002
1312,0.17428
1313,0.03832
1314,0.0
1315,0.0
1316,0.0
1317,0.0
1318,0.0
1319,0.0
1320,0.0
1321,0.0
1322,0.0
1323,0.0
1324,0.0
1325,0.0
1326,0.00172
1327,0.07001
1328,0.14116
1329,0.28574
1330,0.47425
1331,0.5777100000000001
1332,0.5590499999999999
1333,0.57285
1334,0.43563999999999997
1335,0.21672
1336,0.03653
1337,0.01849
1338,0.0
1339,0.0
1340,0.0
1341,0.0
1342,0.0
1343,0.0
1344,0.0
1345,0.0
1346,0.0
1347,0.0
1348,0.0
1349,0.0
1350,0.00035999999999999997
1351,0.024
1352,0.08433
1353,0.08990000000000001
1354,0.26572
1355,0.22654
1356,0.28488
1357,0.44373
1358,0.41467000000000004
1359,0.27354
1360,0.22963999999999998
1361,0.07225
1362,0.0
1363,0.0
1364,0.0
1365,0.0
1366,0.0
1367,0.0
1368,0.0
1369,0.0
1370,0.0
1371,0.0
1372,0.0
1373,0.0
1374,0.0
1375,0.01007
1376,0.07458
1377,0.13938
1378,0.25780000000000003
1379,0.21675
1380,0.36751999999999996
1381,0.6019800000000001
1382,0.50926
1383,0.33275
1384,0.12584
1385,0.08237
1386,0.0
1387,0.0
1388,0.0
1389,0.0
1390,0.0
1391,0.0
1392,0.0
1393,0.0
1394,0.0
1395,0.0
1396,0.0
1397,0.0
1398,0.00085
1399,0.07238
1400,0.19321000000000002
1401,0.27219
1402,0.33406
1403,0.36645
1404,0.4828
1405,0.52283
1406,0.5042300000000001
1407,0.31737
1408,0.17
1409,0.07911
1410,0.0
1411,0.0
1412,0.0
1413,0.0
1414,0.0
1415,0.0
1416,0.0
1417,0.0
1418,0.0
1419,0.0
1420,0.0
1421,0.0
1422,0.00256
1423,0.06406999999999999
1424,0.14205
1425,0.12772
1426,0.15299000000000001
1427,0.2531
1428,0.34062
1429,0.41504
1430,0.2884
1431,0.24684999999999999
1432,0.17638
1433,0.06103
1434,0.0
1435,0.0
1436,0.0
1437,0.0
1438,0.0
1439,0.0
1440,0.0
1441,0.0
1442,0.0
1443,0.0
1444,0.0
1445,0.0
1446,0.00188
1447,0.05693
1448,0.20479
1449,0.34337
1450,0.47676
1451,0.48025999999999996
1452,0.46825
1453,0.48993000000000003
1454,0.4022
1455,0.33966
1456,0.21468
1457,0.05582
1458,0.0
1459,0.0
1460,0.0
1461,0.0
1462,0.0
1463,0.0
1464,0.0
1465,0.0
1466,0.0
1467,0.0
1468,0.0
1469,0.0
1470,0.00387
1471,0.10048
1472,0.23673
1473,0.39083999999999997
1474,0.54732
1475,0.55931
1476,0.5288999999999999
1477,0.64039
1478,0.39525
1479,0.16266999999999998
1480,0.12329000000000001
1481,0.030379999999999997
1482,0.0
1483,0.0
1484,0.0
1485,0.0
1486,0.0
1487,0.0
1488,0.0
1489,0.0
1490,0.0
1491,0.0
1492,0.0
1493,0.0
1494,0.00019
1495,0.038740000000000004
1496,0.10288
1497,0.23599
1498,0.34135000000000004
1499,0.56424
1500,0.5658
1501,0.4758
1502,0.27276
1503,0.31131
1504,0.21855000000000002
1505,0.05769
1506,0.0
1507,0.0
1508,0.0
1509,0.0
1510,0.0
1511,0.0
1512,0.0
1513,0.0
1514,0.0
1515,0.0
1516,0.0
1517,0.0
1518,0.00273
1519,0.07168000000000001
1520,0.15447
1521,0.35184
1522,0.25932
1523,0.5648
1524,0.54391
1525,0.6203500000000001
1526,0.55143
1527,0.43739
1528,0.25025
1529,0.07529000000000001
1530,0.0
1531,0.0
1532,0.0
1533,0.0
1534,0.0
1535,0.0
1536,0.0
1537,0.0
1538,0.0
1539,0.0
1540,0.0
1541,0.0
1542,0.00418
1543,0.10516
1544,0.28426
1545,0.48149000000000003
1546,0.65274
1547,0.70465
1548,0.67395
1549,0.55006
1550,0.4853
1551,0.43662
1552,0.21994999999999998
1553,0.07327
1554,0.0
1555,0.0
1556,0.0
1557,0.0
1558,0.0
1559,0.0
1560,0.0
1561,0.0
1562,0.0
1563,0.0
1564,0.0
1565,0.0
1566,0.0011200000000000001
1567,0.03886
1568,0.14055
1569,0.24393
1570,0.28606
1571,0.26393
1572,0.42687
1573,0.2465
1574,0.39662000000000003
1575,0.28647
1576,0.15825
1577,0.06326
1578,0.0
1579,0.0
1580,0.0
1581,0.0
1582,0.0
1583,0.0
1584,0.0
1585,0.0
1586,0.0
1587,0.0
1588,0.0
1589,0.0
1590,0.00128
1591,0.05982
1592,0.19602
1593,0.3317
1594,0.46592
1595,0.54098
1596,0.45308
1597,0.5568500000000001
1598,0.35874
1599,0.42134
1600,0.21958000000000003
1601,0.09198
1602,0.0
1603,0.0
1604,0.0
1605,0.0
1606,0.0
1607,0.0
1608,0.0
1609,0.0
1610,0.0
1611,0.0
1612,0.0
1613,0.0
1614,0.00156
1615,0.09323999999999999
1616,0.2597
1617,0.40642
1618,0.5338999999999999
1619,0.6357200000000001
1620,0.60005
1621,0.5223099999999999
1622,0.42191
1623,0.38355
1624,0.26541000000000003
1625,0.07468999999999999
1626,0.0
1627,0.0
1628,0.0
1629,0.0
1630,0.0
1631,0.0
1632,0.0
1633,0.0
1634,0.0
1635,0.0
1636,0.0
1637,0.0
1638,0.00151
1639,0.04819
1640,0.22191999999999998
1641,0.31106
1642,0.28199
1643,0.44035
1644,0.35844
1645,0.46635000000000004
1646,0.29334
1647,0.15796000000000002
1648,0.0399
1649,0.01941
1650,0.0
1651,0.0
1652,0.0
1653,0.0
1654,0.0
1655,0.0
1656,0.0
1657,0.0
1658,0.0
1659,0.0
1660,0.0
1661,0.0
1662,0.00204
1663,0.04112
1664,0.10972
1665,0.15829
1666,0.29717
1667,0.26977999999999996
1668,0.29428
1669,0.44516
1670,0.27049
1671,0.17954
1672,0.13423
1673,0.01841
1674,0.0
1675,0.0
1676,0.0
1677,0.0
1678,0.0
1679,0.0
1680,0.0
1681,0.0
1682,0.0
1683,0.0
1684,0.0
1685,0.0
1686,0.00134
1687,0.07082
1688,0.20053
1689,0.25616
1690,0.39066
1691,0.47562
1692,0.42991
1693,0.48149000000000003
1694,0.43486
1695,0.39657
1696,0.17714
1697,0.037329999999999995
1698,0.0
1699,0.0
1700,0.0
1701,0.0
1702,0.0
1703,0.0
1704,0.0
1705,0.0
1706,0.0
1707,0.0
1708,0.0
1709,0.0
1710,0.00173
1711,0.04752
1712,0.17042
1713,0.33868
1714,0.34149
1715,0.22513999999999998
1716,0.30113
1717,0.50978
1718,0.46388
1719,0.35877
1720,0.25322
1721,0.05303
1722,0.0
1723,0.0
1724,0.0
1725,0.0
1726,0.0
1727,0.0
1728,0.0
1729,0.0
1730,0.0
1731,0.0
1732,0.0
1733,0.0
1734,0.0006
1735,0.03027
1736,0.06412999999999999
1737,0.05139
1738,0.21098
1739,0.2832
1740,0.32075
1741,0.37074
1742,0.42461
1743,0.27454
1744,0.21655000000000002
1745,0.07622
1746,0.0
1747,0.0
1748,0.0
1749,0.0
1750,0.0
1751,0.0
1752,0.0
1753,0.0
1754,0.0
1755,0.0
1756,0.0
1757,0.0
1758,0.00026000000000000003
1759,0.0211
1760,0.15346
1761,0.14391
1762,0.27213
1763,0.37649
1764,0.36123
1765,0.5085299999999999
1766,0.32309
1767,0.33438999999999997
1768,0.15800999999999998
1769,0.05339
1770,0.0
1771,0.0
1772,0.0
1773,0.0
1774,0.0
1775,0.0
1776,0.0
1777,0.0
1778,0.0
1779,0.0
1780,0.0
1781,0.0
1782,0.00173
1783,0.07468999999999999
1784,0.17558
1785,0.42186
1786,0.47919
1787,0.56164
1788,0.6184400000000001
1789,0.58816
1790,0.51212
1791,0.34211
1792,0.15121
1793,0.0443
1794,0.0
1795,0.0
1796,0.0
1797,0.0
1798,0.0
1799,0.0
1800,0.0
1801,0.0
1802,0.0
1803,0.0
1804,0.0
1805,0.0
1806,0.00215
1807,0.0304
1808,0.09663
1809,0.16413999999999998
1810,0.19297999999999998
1811,0.34248
1812,0.27111
1813,0.6326
1814,0.51339
1815,0.35368
1816,0.15722999999999998
1817,0.037450000000000004
1818,0.0
1819,0.0
1820,0.0
1821,0.0
1822,0.0
1823,0.0
1824,0.0
1825,0.0
1826,0.0
1827,0.0
1828,0.0
1829,0.0
1830,0.0034
1831,0.08305
1832,0.27149
1833,0.41643
1834,0.47947
1835,0.60478
1836,0.57305
1837,0.53331
1838,0.46188
1839,0.41131
1840,0.18091
1841,0.07551000000000001
1842,0.0
1843,0.0
1844,0.0
1845,0.0
1846,0.0
1847,0.0
1848,0.0
1849,0.0
1850,0.0
1851,0.0
1852,0.0
1853,0.0
1854,0.00116
1855,0.09663
1856,0.29191
1857,0.30535
1858,0.57497
1859,0.61081
1860,0.5988600000000001
1861,0.6086
1862,0.50801
1863,0.35152999999999995
1864,0.13552
1865,0.04909
1866,0.0
1867,0.0
1868,0.0
1869,0.0
1870,0.0
1871,0.0
1872,0.0
1873,0.0
1874,0.0
1875,0.0
1876,0.0
1877,0.0
1878,0.00325
1879,0.0485
1880,0.15400999999999998
1881,0.30036
1882,0.40016
1883,0.49676
1884,0.42746
1885,0.5379299999999999
1886,0.5150399999999999
1887,0.3187
1888,0.16329
1889,0.05036
1890,0.0
1891,0.0
1892,0.0
1893,0.0
1894,0.0
1895,0.0
1896,0.0
1897,0.0
1898,0.0
1899,0.0
1900,0.0
1901,0.0
1902,0.0038599999999999997
1903,0.06304
1904,0.17062
1905,0.35102
1906,0.4773
1907,0.6203099999999999
1908,0.6137699999999999
1909,0.6533
1910,0.53961
1911,0.4716
1912,0.26413
1913,0.08216
1914,0.0
1915,0.0
1916,0.0
1917,0.0
1918,0.0
1919,0.0
1920,0.0
1921,0.0
1922,0.0
1923,0.0
1924,0.0
1925,0.0
1926,0.00326
1927,0.11286
1928,0.34708999999999995
1929,0.51773
1930,0.62175
1931,0.68736
1932,0.70287
1933,0.63199
1934,0.5763400000000001
1935,0.44094
1936,0.28158
1937,0.09334999999999999
1938,0.0
1939,0.0
1940,0.0
1941,0.0
1942,0.0
1943,0.0
1944,0.0
1945,0.0
1946,0.0
1947,0.0
1948,0.0
1949,0.0
1950,0.00346
1951,0.12806
1952,0.34474
1953,0.51624
1954,0.625
1955,0.67744
1956,0.6972999999999999
1957,0.6353099999999999
1958,0.59839
1959,0.43551999999999996
1960,0.28108999999999995
1961,0.0829
1962,0.0
1963,0.0
1964,0.0
1965,0.0
1966,0.0
1967,0.0
1968,0.0
1969,0.0
1970,0.0
1971,0.0
1972,0.0
1973,0.0
1974,0.00183
1975,0.08821999999999999
1976,0.22290000000000001
1977,0.26636000000000004
1978,0.341
1979,0.57241
1980,0.62942
1981,0.63664
1982,0.57797
1983,0.37605
1984,0.16138999999999998
1985,0.05929
1986,0.0
1987,0.0
1988,0.0
1989,0.0
1990,0.0
1991,0.0
1992,0.0
1993,0.0
1994,0.0
1995,0.0
1996,0.0
1997,0.0
1998,0.00354
1999,0.07036
2000,0.18703999999999998
2001,0.24938
2002,0.41966000000000003
2003,0.6411
2004,0.53808
2005,0.52627
2006,0.45815
2007,0.34076
2008,0.18241
2009,0.028
2010,0.0
2011,0.0
2012,0.0
2013,0.0
2014,0.0
2015,0.0
2016,0.0
2017,0.0
2018,0.0
2019,0.0
2020,0.0
2021,0.0
2022,0.004019999999999999
2023,0.08205
2024,0.17144
2025,0.35226
2026,0.48095
2027,0.5261399999999999
2028,0.55168
2029,0.61468
2030,0.42789
2031,0.36906
2032,0.1675
2033,0.02976
2034,0.0
2035,0.0
2036,0.0
2037,0.0
2038,0.0
2039,0.0
2040,0.0
2041,0.0
2042,0.0
2043,0.0
2044,0.0
2045,0.0
2046,0.00189
2047,0.05375
2048,0.18375999999999998
2049,0.25883
2050,0.29602
2051,0.44347000000000003
2052,0.44480000000000003
2053,0.49156
2054,0.43327
2055,0.29096
2056,0.20784
2057,0.06793
2058,0.0
2059,0.0
2060,0.0
2061,0.0
2062,0.0
2063,0.0
2064,0.0
2065,0.0
2066,0.0
2067,0.0
2068,0.0
2069,0.0
2070,0.0009599999999999999
2071,0.04383
2072,0.13536
2073,0.26765
2074,0.21026
2075,0.25408000000000003
2076,0.39067
2077,0.28299
2078,0.42921
2079,0.22191999999999998
2080,0.18131
2081,0.029670000000000002
2082,0.0
2083,0.0
2084,0.0
2085,0.0
2086,0.0
2087,0.0
2088,0.0
2089,0.0
2090,0.0
2091,0.0
2092,0.0
2093,0.0
2094,0.0005
2095,0.02709
2096,0.04543
2097,0.09145
2098,0.17548
2099,0.24021
2100,0.25490999999999997
2101,0.25762999999999997
2102,0.28068
2103,0.24094
2104,0.08153
2105,0.028120000000000003
2106,0.0
2107,0.0
2108,0.0
2109,0.0
2110,0.0
2111,0.0
2112,0.0
2113,0.0
2114,0.0
2115,0.0
2116,0.0
2117,0.0
2118,0.0031
2119,0.06203
2120,0.17129
2121,0.19834000000000002
2122,0.32065
2123,0.42319
2124,0.35697
2125,0.6150399999999999
2126,0.45488999999999996
2127,0.31516000000000005
2128,0.18987
2129,0.05253
2130,0.0
2131,0.0
2132,0.0
2133,0.0
2134,0.0
2135,0.0
2136,0.0
2137,0.0
2138,0.0
2139,0.0
2140,0.0
2141,0.0
2142,0.00061
2143,0.01991
2144,0.04689
2145,0.06861
2146,0.09412000000000001
2147,0.08193
2148,0.16312000000000001
2149,0.28019
2150,0.19897
2151,0.22022
2152,0.08566
2153,0.02916
2154,0.0
2155,0.0
2156,0.0
2157,0.0
2158,0.0
2159,0.0
2160,0.0
2161,0.0
2162,0.0
2163,0.0
2164,0.0
2165,0.0
2166,0.00099
2167,0.028079999999999997
2168,0.13149
2169,0.14509
2170,0.11907
2171,0.17314
2172,0.20928
2173,0.24808000000000002
2174,0.23867
2175,0.16883
2176,0.10026
2177,0.02951
2178,0.0
2179,0.0
2180,0.0
2181,0.0
2182,0.0
2183,0.0
2184,0.0
2185,0.0
2186,0.0
2187,0.0
2188,0.0
2189,0.0
2190,0.00313
2191,0.13696
2192,0.21887
2193,0.41785
2194,0.41617000000000004
2195,0.60068
2196,0.56551
2197,0.5176900000000001
2198,0.42155000000000004
2199,0.35285
2200,0.21124
2201,0.05154
2202,0.0
2203,0.0
2204,0.0
2205,0.0
2206,0.0
2207,0.0
2208,0.0
2209,0.0
2210,0.0
2211,0.0
2212,0.0
2213,0.0
2214,0.00317
2215,0.07952
2216,0.24322
2217,0.27796
2218,0.50966
2219,0.60799
2220,0.52137
2221,0.567
2222,0.46438999999999997
2223,0.28605
2224,0.10296
2225,0.02605
2226,0.0
2227,0.0
2228,0.0
2229,0.0
2230,0.0
2231,0.0
2232,0.0
2233,0.0
2234,0.0
2235,0.0
2236,0.0
2237,0.0
2238,0.0011200000000000001
2239,0.03411
2240,0.05116
2241,0.19251
2242,0.24483000000000002
2243,0.31479
2244,0.54943
2245,0.36083
2246,0.33263
2247,0.28332999999999997
2248,0.17233
2249,0.03693
2250,0.0
2251,0.0
2252,0.0
2253,0.0
2254,0.0
2255,0.0
2256,0.0
2257,0.0
2258,0.0
2259,0.0
2260,0.0
2261,0.0
2262,0.00246
2263,0.02707
2264,0.05785
2265,0.11512
2266,0.19331
2267,0.35769999999999996
2268,0.45691000000000004
2269,0.31551999999999997
2270,0.30922000000000005
2271,0.21216
2272,0.18177000000000001
2273,0.02609
2274,0.0
2275,0.0
2276,0.0
2277,0.0
2278,0.0
2279,0.0
2280,0.0
2281,0.0
2282,0.0
2283,0.0
2284,0.0
2285,0.0
2286,0.0008399999999999999
2287,0.01687
2288,0.11227
2289,0.11362
2290,0.30881000000000003
2291,0.38012999999999997
2292,0.45327
2293,0.42612
2294,0.32677
2295,0.20848
2296,0.13090000000000002
2297,0.03828
2298,0.0
2299,0.0
2300,0.0
2301,0.0
2302,0.0
2303,0.0
2304,0.0
2305,0.0
2306,0.0
2307,0.0
2308,0.0
2309,0.0
2310,0.00372
2311,0.03365
2312,0.13113
2313,0.2902
2314,0.39368000000000003
2315,0.39403
2316,0.48848
2317,0.48916000000000004
2318,0.48061000000000004
2319,0.25321
2320,0.11374
2321,0.02666
2322,0.0
2323,0.0
2324,0.0
2325,0.0
2326,0.0
2327,0.0
2328,0.0
2329,0.0
2330,0.0
2331,0.0
2332,0.0
2333,0.0
2334,0.0024500000000000004
2335,0.08633
2336,0.14978
2337,0.20624
2338,0.29316000000000003
2339,0.21649000000000002
2340,0.20234
2341,0.23749
2342,0.29042
2343,0.13749
2344,0.020329999999999997
2345,0.00412
2346,0.0
2347,0.0
2348,0.0
2349,0.0
2350,0.0
2351,0.0
2352,0.0
2353,0.0
2354,0.0
2355,0.0
2356,0.0
2357,0.0
2358,0.0
2359,0.02823
2360,0.10176
2361,0.20683
2362,0.28182
2363,0.32292000000000004
2364,0.37568
2365,0.45567
2366,0.28496
2367,0.17123
2368,0.05518
2369,0.01176
2370,0.0
2371,0.0
2372,0.0
2373,0.0
2374,0.0
2375,0.0
2376,0.0
2377,0.0
2378,0.0
2379,0.0
2380,0.0
2381,0.0
2382,0.00325
2383,0.033100000000000004
2384,0.08368
2385,0.17468
2386,0.17019
2387,0.25815
2388,0.21689
2389,0.23066
2390,0.19016999999999998
2391,0.07722
2392,0.04124
2393,0.00239
2394,0.0
2395,0.0
2396,0.0
2397,0.0
2398,0.0
2399,0.0
2400,0.0
2401,0.0
2402,0.0
2403,0.0
2404,0.0
2405,0.0
2406,0.00851
2407,0.04077
2408,0.21475
2409,0.2655
2410,0.3493
2411,0.5252
2412,0.45308
2413,0.29451
2414,0.16888999999999998
2415,0.11641
2416,0.027059999999999997
2417,0.00177
2418,0.0
2419,0.0
2420,0.0
2421,0.0
2422,0.0
2423,0.0
2424,0.0
2425,0.0
2426,0.0
2427,0.0
2428,0.0
2429,0.0
2430,0.00479
2431,0.07584
2432,0.11571
2433,0.13505
2434,0.2306
2435,0.23823
2436,0.2508
2437,0.24136000000000002
2438,0.1849
2439,0.10355
2440,0.08031999999999999
2441,0.01248
2442,0.0
2443,0.0
2444,0.0
2445,0.0
2446,0.0
2447,0.0
2448,0.0
2449,0.0
2450,0.0
2451,0.0
2452,0.0
2453,0.0
2454,0.00209
2455,0.08011
2456,0.1687
2457,0.25655
2458,0.43577999999999995
2459,0.41968
2460,0.40187
2461,0.33743
2462,0.22003
2463,0.22948
2464,0.08832
2465,0.00942
2466,0.0
2467,0.0
2468,0.0
2469,0.0
2470,0.0
2471,0.0
2472,0.0
2473,0.0
2474,0.0
2475,0.0
2476,0.0
2477,0.0
2478,0.00529
2479,0.03502
2480,0.05099
2481,0.14014
2482,0.24636000000000002
2483,0.25718
2484,0.36802999999999997
2485,0.26326
2486,0.27162000000000003
2487,0.1734
2488,0.14869
2489,0.03621
2490,0.0
2491,0.0
2492,0.0
2493,0.0
2494,0.0
2495,0.0
2496,0.0
2497,0.0
2498,0.0
2499,0.0
2500,0.0
2501,0.0
2502,0.00859
2503,0.11181999999999999
2504,0.22902
2505,0.45174000000000003
2506,0.57429
2507,0.6400399999999999
2508,0.57353
2509,0.5518099999999999
2510,0.38075
2511,0.23734
2512,0.13140000000000002
2513,0.02843
2514,0.0
2515,0.0
2516,0.0
2517,0.0
2518,0.0
2519,0.0
2520,0.0
2521,0.0
2522,0.0
2523,0.0
2524,0.0
2525,0.0
2526,0.00718
2527,0.04134
2528,0.08827
2529,0.14409
2530,0.1992
2531,0.26409
2532,0.34561000000000003
2533,0.22591
2534,0.18772
2535,0.22056
2536,0.0627
2537,0.014039999999999999
2538,0.0
2539,0.0
2540,0.0
2541,0.0
2542,0.0
2543,0.0
2544,0.0
2545,0.0
2546,0.0
2547,0.0
2548,0.0
2549,0.0
2550,0.00607
2551,0.11368
2552,0.27797000000000005
2553,0.37971
2554,0.46224
2555,0.56448
2556,0.6306499999999999
2557,0.46948
2558,0.507
2559,0.23783
2560,0.12852000000000002
2561,0.02296
2562,0.0
2563,0.0
2564,0.0
2565,0.0
2566,0.0
2567,0.0
2568,0.0
2569,0.0
2570,0.0
2571,0.0
2572,0.0
2573,0.0
2574,0.0058
2575,0.04099
2576,0.09778
2577,0.12862
2578,0.22062
2579,0.3324
2580,0.28948
2581,0.27343
2582,0.27481
2583,0.17755
2584,0.08571
2585,0.0062699999999999995
2586,0.0
2587,0.0
2588,0.0
2589,0.0
2590,0.0
2591,0.0
2592,0.0
2593,0.0
2594,0.0
2595,0.0
2596,0.0
2597,0.0
2598,0.00745
2599,0.13038
2600,0.2733
2601,0.3976
2602,0.44536000000000003
2603,0.53046
2604,0.5469299999999999
2605,0.53922
2606,0.45903
2607,0.27641000000000004
2608,0.13986
2609,0.011859999999999999
2610,0.0
2611,0.0
2612,0.0
2613,0.0
2614,0.0
2615,0.0
2616,0.0
2617,0.0
2618,0.0
2619,0.0
2620,0.0
2621,0.0
2622,0.008320000000000001
2623,0.11076000000000001
2624,0.2895
2625,0.38544
2626,0.52019
2627,0.48241
2628,0.47983
2629,0.48119
2630,0.4622
2631,0.26793
2632,0.10069
2633,0.02057
2634,0.0
2635,0.0
2636,0.0
2637,0.0
2638,0.0
2639,0.0
2640,0.0
2641,0.0
2642,0.0
2643,0.0
2644,0.0
2645,0.0
2646,0.00857
2647,0.03449
2648,0.08251
2649,0.2199
2650,0.25529
2651,0.23683
2652,0.23633
2653,0.17729
2654,0.08997
2655,0.12084
2656,0.07983
2657,0.03639
2658,0.0
2659,0.0
2660,0.0
2661,0.0
2662,0.0
2663,0.0
2664,0.0
2665,0.0
2666,0.0
2667,0.0
2668,0.0
2669,0.0
2670,0.015470000000000001
2671,0.09617
2672,0.23479
2673,0.2867
2674,0.41937
2675,0.58245
2676,0.6540900000000001
2677,0.45682999999999996
2678,0.31172000000000005
2679,0.20768999999999999
2680,0.05812
2681,0.00767
2682,0.0
2683,0.0
2684,0.0
2685,0.0
2686,0.0
2687,0.0
2688,0.0
2689,0.0
2690,0.0
2691,0.0
2692,0.0
2693,0.0
2694,0.0009699999999999999
2695,0.01756
2696,0.038869999999999995
2697,0.08506
2698,0.33694999999999997
2699,0.33098
2700,0.328
2701,0.24759
2702,0.26049
2703,0.18630000000000002
2704,0.09781000000000001
2705,0.00487
2706,0.0
2707,0.0
2708,0.0
2709,0.0
2710,0.0
2711,0.0
2712,0.0
2713,0.0
2714,0.0
2715,0.0
2716,0.0
2717,0.0
2718,0.00461
2719,0.0726
2720,0.11012999999999999
2721,0.25482
2722,0.22250999999999999
2723,0.2686
2724,0.41436
2725,0.37764
2726,0.32188
2727,0.23496
2728,0.16463
2729,0.030989999999999997
2730,0.0
2731,0.0
2732,0.0
2733,0.0
2734,0.0
2735,0.0
2736,0.0
2737,0.0
2738,0.0
2739,0.0
2740,0.0
2741,0.0
2742,0.00533
2743,0.05565
2744,0.2287
2745,0.30675
2746,0.45832
2747,0.53312
2748,0.6165499999999999
2749,0.5849099999999999
2750,0.46802
2751,0.28752999999999995
2752,0.1217
2753,0.02741
2754,0.0
2755,0.0
2756,0.0
2757,0.0
2758,0.0
2759,0.0
2760,0.0
2761,0.0
2762,0.0
2763,0.0
2764,0.0
2765,0.0
2766,0.0015300000000000001
2767,0.02475
2768,0.03461
2769,0.062270000000000006
2770,0.09015999999999999
2771,0.16284
2772,0.15985
2773,0.25089
2774,0.21102
2775,0.14248
2776,0.09048
2777,0.023960000000000002
2778,0.0
2779,0.0
2780,0.0
2781,0.0
2782,0.0
2783,0.0
2784,0.0
2785,0.0
2786,0.0
2787,0.0
2788,0.0
2789,0.0
2790,0.010039999999999999
2791,0.053689999999999995
2792,0.16875
2793,0.32898
2794,0.36807
2795,0.55884
2796,0.55783
2797,0.50703
2798,0.34525
2799,0.19752
2800,0.06815
2801,0.008230000000000001
2802,0.0
2803,0.0
2804,0.0
2805,0.0
2806,0.0
2807,0.0
2808,0.0
2809,0.0
2810,0.0
2811,0.0
2812,0.0
2813,0.0
2814,0.0
2815,0.01952
2816,0.03604
2817,0.13511
2818,0.16041999999999998
2819,0.27155
2820,0.35164
2821,0.34143
2822,0.24935
2823,0.29081999999999997
2824,0.11879
2825,0.02566
2826,0.0
2827,0.0
2828,0.0
2829,0.0
2830,0.0
2831,0.0
2832,0.0
2833,0.0
2834,0.0
2835,0.0
2836,0.0
2837,0.0
2838,0.00887
2839,0.04391
2840,0.06319
2841,0.13341
2842,0.14417
2843,0.13433
2844,0.15378999999999998
2845,0.24287
2846,0.32449
2847,0.27781
2848,0.08862
2849,0.03179
2850,0.0
2851,0.0
2852,0.0
2853,0.0
2854,0.0
2855,0.0
2856,0.0
2857,0.0
2858,0.0
2859,0.0
2860,0.0
2861,0.0
2862,0.00718
2863,0.02971
2864,0.09648000000000001
2865,0.15241
2866,0.27926999999999996
2867,0.36883
2868,0.48877
2869,0.32085
2870,0.23804
2871,0.09802
2872,0.03173
2873,0.00385
2874,0.0
2875,0.0
2876,0.0
2877,0.0
2878,0.0
2879,0.0
2880,0.0
2881,0.0
2882,0.0
2883,0.0
2884,0.0
2885,0.0
2886,0.00275
2887,0.02899
2888,0.13545
2889,0.15062
2890,0.29524
2891,0.48408999999999996
2892,0.40154
2893,0.22369
2894,0.28164
2895,0.12492
2896,0.09968
2897,0.018609999999999998
2898,0.0
2899,0.0
2900,0.0
2901,0.0
2902,0.0
2903,0.0
2904,0.0
2905,0.0
2906,0.0
2907,0.0
2908,0.0
2909,0.0
2910,0.01578
2911,0.08689
2912,0.07637999999999999
2913,0.20262
2914,0.2832
2915,0.32597000000000004
2916,0.1945
2917,0.14712999999999998
2918,0.22863
2919,0.12988
2920,0.10041
2921,0.022690000000000002
2922,0.0
2923,0.0
2924,0.0
2925,0.0
2926,0.0
2927,0.0
2928,0.0
2929,0.0
2930,0.0
2931,0.0
2932,0.0
2933,0.0
2934,0.009710000000000002
2935,0.10237
2936,0.20501
2937,0.33791000000000004
2938,0.48844
2939,0.40363
2940,0.3718
2941,0.45530000000000004
2942,0.23088999999999998
2943,0.14156
2944,0.03553
2945,0.00289
2946,0.0
2947,0.0
2948,0.0
2949,0.0
2950,0.0
2951,0.0
2952,0.0
2953,0.0
2954,0.0
2955,0.0
2956,0.0
2957,0.0
2958,0.00512
2959,0.015
2960,0.03504
2961,0.10805
2962,0.10585
2963,0.05828
2964,0.06946
2965,0.22691
2966,0.30732
2967,0.13488
2968,0.041159999999999995
2969,0.00811
2970,0.0
2971,0.0
2972,0.0
2973,0.0
2974,0.0
2975,0.0
2976,0.0
2977,0.0
2978,0.0
2979,0.0
2980,0.0
2981,0.0
2982,0.023510000000000003
2983,0.09648000000000001
2984,0.20642
2985,0.33788
2986,0.40692
2987,0.39538999999999996
2988,0.43947
2989,0.47607
2990,0.29363
2991,0.10262
2992,0.03539
2993,0.00372
2994,0.0
2995,0.0
2996,0.0
2997,0.0
2998,0.0
2999,0.0
3000,0.0
3001,0.0
3002,0.0
3003,0.0
3004,0.0
3005,0.0
3006,0.00047
3007,0.01554
3008,0.08466
3009,0.15928
3010,0.26786
3011,0.3334
3012,0.26873
3013,0.35195
3014,0.31682
3015,0.16818
3016,0.15909
3017,0.02964
3018,0.0
3019,0.0
3020,0.0
3021,0.0
3022,0.0
3023,0.0
3024,0.0
3025,0.0
3026,0.0
3027,0.0
3028,0.0
3029,0.0
3030,0.01497
3031,0.06381
3032,0.18513
3033,0.25068
3034,0.29419
3035,0.30101999999999995
3036,0.35425
3037,0.42108999999999996
3038,0.26821
3039,0.15553999999999998
3040,0.11934
3041,0.01682
3042,0.0
3043,0.0
3044,0.0
3045,0.0
3046,0.0
3047,0.0
3048,0.0
3049,0.0
3050,0.0
3051,0.0
3052,0.0
3053,0.0
3054,0.0
3055,0.0005
3056,0.0065
3057,0.02096
3058,0.11315
3059,0.14698
3060,0.37814
3061,0.12168000000000001
3062,0.155
3063,0.12831
3064,0.08195999999999999
3065,0.0123
3066,0.0
3067,0.0
3068,0.0
3069,0.0
3070,0.0
3071,0.0
3072,0.0
3073,0.0
3074,0.0
3075,0.0
3076,0.0
3077,0.0
3078,0.0020299999999999997
3079,0.01749
3080,0.04939
3081,0.11616
3082,0.10857
3083,0.23448
3084,0.22666
3085,0.31197
3086,0.26816
3087,0.17727
3088,0.06865
3089,0.009710000000000002
3090,0.0
3091,0.0
3092,0.0
3093,0.0
3094,0.0
3095,0.0
3096,0.0
3097,0.0
3098,0.0
3099,0.0
3100,0.0
3101,0.0
3102,0.0039700000000000004
3103,0.026420000000000003
3104,0.08147
3105,0.1035
3106,0.16166999999999998
3107,0.33052
3108,0.37353
3109,0.19491
3110,0.18331
3111,0.09885
3112,0.05988
3113,0.01319
3114,0.0
3115,0.0
3116,0.0
3117,0.0
3118,0.0
3119,0.0
3120,0.0
3121,0.0
3122,0.0
3123,0.0
3124,0.0
3125,0.0
3126,0.01503
3127,0.0659
3128,0.13179
3129,0.306
3130,0.38473
3131,0.49906
3132,0.46493
3133,0.27274
3134,0.35012
3135,0.16822
3136,0.08118
3137,0.02457
3138,0.0
3139,0.0
3140,0.0
3141,0.0
3142,0.0
3143,0.0
3144,0.0
3145,0.0
3146,0.0
3147,0.0
3148,0.0
3149,0.0
3150,0.00442
3151,0.04046
3152,0.10840999999999999
3153,0.14501
3154,0.19388999999999998
3155,0.23386
3156,0.12476000000000001
3157,0.14861000000000002
3158,0.10028000000000001
3159,0.06989
3160,0.04156
3161,0.00872
3162,0.0
3163,0.0
3164,0.0
3165,0.0
3166,0.0
3167,0.0
3168,0.0
3169,0.0
3170,0.0
3171,0.0
3172,0.0
3173,0.0
3174,0.00643
3175,0.07920999999999999
3176,0.19875
3177,0.32991000000000004
3178,0.33665
3179,0.44905
3180,0.28668
3181,0.49046
3182,0.36206
3183,0.15755000000000002
3184,0.0953
3185,0.01871
3186,0.0
3187,0.0
3188,0.0
3189,0.0
3190,0.0
3191,0.0
3192,0.0
3193,0.0
3194,0.0
3195,0.0
3196,0.0
3197,0.0
3198,0.01494
3199,0.14054
3200,0.30389
3201,0.41781999999999997
3202,0.44354000000000005
3203,0.52913
3204,0.55823
3205,0.44258
3206,0.37132
3207,0.23394
3208,0.10132
3209,0.0169
3210,0.0
3211,0.0
3212,0.0
3213,0.0
3214,0.0
3215,0.0
3216,0.0
3217,0.0
3218,0.0
3219,0.0
3220,0.0
3221,0.0
3222,0.01573
3223,0.08603
3224,0.15352000000000002
3225,0.28342
3226,0.34328
3227,0.42677
3228,0.4728
3229,0.49969
3230,0.38904
3231,0.33564
3232,0.14799
3233,0.02606
3234,0.0
3235,0.0
3236,0.0
3237,0.0
3238,0.0
3239,0.0
3240,0.0
3241,0.0
3242,0.0
3243,0.0
3244,0.0
3245,0.0
3246,0.009789999999999998
3247,0.0581
3248,0.12043999999999999
3249,0.15272
3250,0.4219
3251,0.43126
3252,0.45209
3253,0.27138999999999996
3254,0.28667000000000004
3255,0.21271
3256,0.10906999999999999
3257,0.02076
3258,0.0
3259,0.0
3260,0.0
3261,0.0
3262,0.0
3263,0.0
3264,0.0
3265,0.0
3266,0.0
3267,0.0
3268,0.0
3269,0.0
3270,0.00014000000000000001
3271,0.00671
3272,0.01419
3273,0.012580000000000001
3274,0.019850000000000003
3275,0.03039
3276,0.02479
3277,0.08301
3278,0.06788
3279,0.08541
3280,0.0696
3281,0.023780000000000003
3282,0.0
3283,0.0
3284,0.0
3285,0.0
3286,0.0
3287,0.0
3288,0.0
3289,0.0
3290,0.0
3291,0.0
3292,0.0
3293,0.0
3294,0.00617
3295,0.06578
3296,0.11642
3297,0.21885
3298,0.40936
3299,0.28205
3300,0.47356
3301,0.41183
3302,0.32352
3303,0.18218
3304,0.09609000000000001
3305,0.008199999999999999
3306,0.0
3307,0.0
3308,0.0
3309,0.0
3310,0.0
3311,0.0
3312,0.0
3313,0.0
3314,0.0
3315,0.0
3316,0.0
3317,0.0
3318,0.00019
3319,0.019309999999999997
3320,0.046060000000000004
3321,0.15349000000000002
3322,0.20278
3323,0.28845
3324,0.17805
3325,0.26952
3326,0.22305
3327,0.10751999999999999
3328,0.03265
3329,0.00541
3330,0.0
3331,0.0
3332,0.0
3333,0.0
3334,0.0
3335,0.0
3336,0.0
3337,0.0
3338,0.0
3339,0.0
3340,0.0
3341,0.0
3342,0.0074
3343,0.046810000000000004
3344,0.16816
3345,0.19516
3346,0.36201
3347,0.37269
3348,0.54838
3349,0.47205
3350,0.36669
3351,0.22693000000000002
3352,0.13753
3353,0.04195
3354,0.0
3355,0.0
3356,0.0
3357,0.0
3358,0.0
3359,0.0
3360,0.0
3361,0.0
3362,0.0
3363,0.0
3364,0.0
3365,0.0
3366,0.0061600000000000005
3367,0.0513
3368,0.09723000000000001
3369,0.2246
3370,0.316
3371,0.22879
3372,0.44354000000000005
3373,0.44145999999999996
3374,0.34666
3375,0.28598
3376,0.08807
3377,0.02729
3378,0.0
3379,0.0
3380,0.0
3381,0.0
3382,0.0
3383,0.0
3384,0.0
3385,0.0
3386,0.0
3387,0.0
3388,0.0
3389,0.0
3390,0.00323
3391,0.02029
3392,0.05651
3393,0.11418
3394,0.19697
3395,0.29287
3396,0.3043
3397,0.34387
3398,0.18618
3399,0.17664
3400,0.11023999999999999
3401,0.02286
3402,0.0
3403,0.0
3404,0.0
3405,0.0
3406,0.0
3407,0.0
3408,0.0
3409,0.0
3410,0.0
3411,0.0
3412,0.0
3413,0.0
3414,0.01272
3415,0.05643
3416,0.17269
3417,0.28458999999999995
3418,0.40575
3419,0.41599
3420,0.51137
3421,0.41051
3422,0.40520999999999996
3423,0.24459
3424,0.05211
3425,0.028050000000000002
3426,0.0
3427,0.0
3428,0.0
3429,0.0
3430,0.0
3431,0.0
3432,0.0
3433,0.0
3434,0.0
3435,0.0
3436,0.0
3437,0.0
3438,0.010060000000000001
3439,0.06019
3440,0.10209
3441,0.26758
3442,0.32239999999999996
3443,0.37904000000000004
3444,0.38089
3445,0.39854
3446,0.34006000000000003
3447,0.19169
3448,0.0928
3449,0.01104
3450,0.0
3451,0.0
3452,0.0
3453,0.0
3454,0.0
3455,0.0
3456,0.0
3457,0.0
3458,0.0
3459,0.0
3460,0.0
3461,0.0
3462,0.0054800000000000005
3463,0.046380000000000005
3464,0.10074
3465,0.18053
3466,0.19053
3467,0.27592
3468,0.31839
3469,0.25024
3470,0.25789999999999996
3471,0.22629
3472,0.07745999999999999
3473,0.02613
3474,0.0
3475,0.0
3476,0.0
3477,0.0
3478,0.0
3479,0.0
3480,0.0
3481,0.0
3482,0.0
3483,0.0
3484,0.0
3485,0.0
3486,0.006
3487,0.06057
3488,0.16044999999999998
3489,0.24035
3490,0.34237
3491,0.34208
3492,0.27723000000000003
3493,0.17971
3494,0.21866
3495,0.10887000000000001
3496,0.07454999999999999
3497,0.00984
3498,0.0
3499,0.0
3500,0.0
3501,0.0
3502,0.0
3503,0.0
3504,0.0
3505,0.0
3506,0.0
3507,0.0
3508,0.0
3509,0.0
3510,0.0
3511,0.00666
3512,0.02307
3513,0.026109999999999998
3514,0.030760000000000003
3515,0.02026
3516,0.01744
3517,0.03532
3518,0.03493
3519,0.03904
3520,0.01081
3521,0.0025099999999999996
3522,0.0
3523,0.0
3524,0.0
3525,0.0
3526,0.0
3527,0.0
3528,0.0
3529,0.0
3530,0.0
3531,0.0
3532,0.0
3533,0.0
3534,0.00861
3535,0.06347
3536,0.11779
3537,0.20929
3538,0.17094
3539,0.06311
3540,0.13541999999999998
3541,0.25148
3542,0.20606
3543,0.2008
3544,0.048229999999999995
3545,0.01039
3546,0.0
3547,0.0
3548,0.0
3549,0.0
3550,0.0
3551,0.0
3552,0.0
3553,0.0
3554,0.0
3555,0.0
3556,0.0
3557,0.0
3558,0.005690000000000001
3559,0.02496
3560,0.13078
3561,0.18966
3562,0.20266
3563,0.28025
3564,0.28157
3565,0.14652
3566,0.09465000000000001
3567,0.10694
3568,0.03381
3569,0.016550000000000002
3570,0.0
3571,0.0
3572,0.0
3573,0.0
3574,0.0
3575,0.0
3576,0.0
3577,0.0
3578,0.0
3579,0.0
3580,0.0
3581,0.0
3582,0.0
3583,0.00328
3584,0.019579999999999997
3585,0.03768
3586,0.12784
3587,0.19623
3588,0.19003
3589,0.31098000000000003
3590,0.30002
3591,0.21467
3592,0.06836
3593,0.019719999999999998
3594,0.0
3595,0.0
3596,0.0
3597,0.0
3598,0.0
3599,0.0
3600,0.0
3601,0.0
3602,0.0
3603,0.0
3604,0.0
3605,0.0
3606,0.01266
3607,0.06235
3608,0.17232
3609,0.22493000000000002
3610,0.38926
3611,0.36959
3612,0.36656
3613,0.44427999999999995
3614,0.39068
3615,0.30091
3616,0.14780000000000001
3617,0.02788
3618,0.0
3619,0.0
3620,0.0
3621,0.0
3622,0.0
3623,0.0
3624,0.0
3625,0.0
3626,0.0
3627,0.0
3628,0.0
3629,0.0
3630,0.01219
3631,0.09217
3632,0.15912
3633,0.29602999999999996
3634,0.34928
3635,0.32738
3636,0.42488
3637,0.27283999999999997
3638,0.25551
3639,0.1834
3640,0.02975
3641,0.01116
3642,0.0
3643,0.0
3644,0.0
3645,0.0
3646,0.0
3647,0.0
3648,0.0
3649,0.0
3650,0.0
3651,0.0
3652,0.0
3653,0.0
3654,0.0
3655,0.00511
3656,0.01479
3657,0.06751
3658,0.10209
3659,0.09631
3660,0.17801
3661,0.05645
3662,0.06242
3663,0.06838
3664,0.03689
3665,0.01061
3666,0.0
3667,0.0
3668,0.0
3669,0.0
3670,0.0
3671,0.0
3672,0.0
3673,0.0
3674,0.0
3675,0.0
3676,0.0
3677,0.0
3678,0.00675
3679,0.06961
3680,0.08475
3681,0.14683000000000002
3682,0.25124
3683,0.24322
3684,0.30581
3685,0.19477
3686,0.11305
3687,0.07576000000000001
3688,0.0507
3689,0.02872
3690,0.0
3691,0.0
3692,0.0
3693,0.0
3694,0.0
3695,0.0
3696,0.0
3697,0.0
3698,0.0
3699,0.0
3700,0.0
3701,0.0
3702,0.01107
3703,0.07302
3704,0.11646
3705,0.15874000000000002
3706,0.26103
3707,0.35002999999999995
3708,0.44017
3709,0.43831
3710,0.30106
3711,0.31709
3712,0.15416999999999997
3713,0.027100000000000003
3714,0.0
3715,0.0
3716,0.0
3717,0.0
3718,0.0
3719,0.0
3720,0.0
3721,0.0
3722,0.0
3723,0.0
3724,0.0
3725,0.0
3726,0.00554
3727,0.05328
3728,0.15580000000000002
3729,0.20123
3730,0.25509
3731,0.40584
3732,0.5538200000000001
3733,0.40619
3734,0.35441
3735,0.25514
3736,0.1115
3737,0.01779
3738,0.0
3739,0.0
3740,0.0
3741,0.0
3742,0.0
3743,0.0
3744,0.0
3745,0.0
3746,0.0
3747,0.0
3748,0.0
3749,0.0
3750,0.01119
3751,0.08006
3752,0.22177000000000002
3753,0.36501999999999996
3754,0.36966000000000004
3755,0.40575
3756,0.32806
3757,0.32527
3758,0.21881
3759,0.13088
3760,0.05356
3761,0.01642
3762,0.0
3763,0.0
3764,0.0
3765,0.0
3766,0.0
3767,0.0
3768,0.0
3769,0.0
3770,0.0
3771,0.0
3772,0.0
3773,0.0
3774,0.00359
3775,0.02111
3776,0.0523
3777,0.09795999999999999
3778,0.16531
3779,0.20907
3780,0.17684
3781,0.33105
3782,0.21309999999999998
3783,0.20903
3784,0.13706000000000002
3785,0.03187
3786,0.0
3787,0.0
3788,0.0
3789,0.0
3790,0.0
3791,0.0
3792,0.0
3793,0.0
3794,0.0
3795,0.0
3796,0.0
3797,0.0
3798,0.01613
3799,0.07948000000000001
3800,0.24002
3801,0.41576
3802,0.49113999999999997
3803,0.4899
3804,0.5267000000000001
3805,0.41079000000000004
3806,0.30133
3807,0.19816999999999999
3808,0.09153
3809,0.02628
3810,0.0
3811,0.0
3812,0.0
3813,0.0
3814,0.0
3815,0.0
3816,0.0
3817,0.0
3818,0.0
3819,0.0
3820,0.0
3821,0.0
3822,0.0005600000000000001
3823,0.018760000000000002
3824,0.03946
3825,0.02441
3826,0.04982
3827,0.08924
3828,0.11835999999999999
3829,0.18661000000000003
3830,0.24297
3831,0.15883
3832,0.10367
3833,0.02283
3834,0.0
3835,0.0
3836,0.0
3837,0.0
3838,0.0
3839,0.0
3840,0.0
3841,0.0
3842,0.0
3843,0.0
3844,0.0
3845,0.0
3846,0.0
3847,0.00611
3848,0.00549
3849,0.06294
3850,0.11128
3851,0.07421
3852,0.11625
3853,0.5476599999999999
3854,0.43313999999999997
3855,0.33518000000000003
3856,0.11867
3857,0.02877
3858,0.0
3859,0.0
3860,0.0
3861,0.0
3862,0.0
3863,0.0
3864,0.0
3865,0.0
3866,0.0
3867,0.0
3868,0.0
3869,0.0
3870,0.01332
3871,0.09467
3872,0.263
3873,0.34854
3874,0.42111000000000004
3875,0.47193999999999997
3876,0.48629
3877,0.52416
3878,0.43078
3879,0.28329000000000004
3880,0.16151
3881,0.02469
3882,0.0
3883,0.0
3884,0.0
3885,0.0
3886,0.0
3887,0.0
3888,0.0
3889,0.0
3890,0.0
3891,0.0
3892,0.0
3893,0.0
3894,0.00747
3895,0.08092
3896,0.16716
3897,0.35055000000000003
3898,0.3507
3899,0.3498
3900,0.4393
3901,0.38465
3902,0.24336000000000002
3903,0.12087
3904,0.0847
3905,0.0119
3906,0.0
3907,0.0
3908,0.0
3909,0.0
3910,0.0
3911,0.0
3912,0.0
3913,0.0
3914,0.0
3915,0.0
3916,0.0
3917,0.0
3918,0.0019199999999999998
3919,0.019440000000000002
3920,0.05543
3921,0.09584999999999999
3922,0.10614
3923,0.26944
3924,0.32933
3925,0.34617000000000003
3926,0.31203
3927,0.19147
3928,0.09144
3929,0.02128
3930,0.0
3931,0.0
3932,0.0
3933,0.0
3934,0.0
3935,0.0
3936,0.0
3937,0.0
3938,0.0
3939,0.0
3940,0.0
3941,0.0
3942,0.00148
3943,0.04045
3944,0.06634999999999999
3945,0.24831999999999999
3946,0.1648
3947,0.22699
3948,0.22491999999999998
3949,0.42386
3950,0.25353
3951,0.15372999999999998
3952,0.08789
3953,0.016460000000000002
3954,0.0
3955,0.0
3956,0.0
3957,0.0
3958,0.0
3959,0.0
3960,0.0
3961,0.0
3962,0.0
3963,0.0
3964,0.0
3965,0.0
3966,0.00209
3967,0.02104
3968,0.06795999999999999
3969,0.09561
3970,0.15233000000000002
3971,0.09361
3972,0.14264
3973,0.41806
3974,0.38241
3975,0.22122999999999998
3976,0.12133
3977,0.03228
3978,0.0
3979,0.0
3980,0.0
3981,0.0
3982,0.0
3983,0.0
3984,0.0
3985,0.0
3986,0.0
3987,0.0
3988,0.0
3989,0.0
3990,0.00957
3991,0.03594
3992,0.14675
3993,0.13324
3994,0.30810000000000004
3995,0.4173
3996,0.45562
3997,0.20173
3998,0.21566
3999,0.09645000000000001
4000,0.04423
4001,0.01075
4002,0.0
4003,0.0
4004,0.0
4005,0.0
4006,0.0
4007,0.0
4008,0.0
4009,0.0
4010,0.0
4011,0.0
4012,0.0
4013,0.0
4014,0.00385
4015,0.04274
4016,0.05974
4017,0.12451000000000001
4018,0.14027
4019,0.2536
4020,0.31541
4021,0.18812
4022,0.1474
4023,0.1087
4024,0.09612000000000001
4025,0.01787
4026,0.0
4027,0.0
4028,0.0
4029,0.0
4030,0.0
4031,0.0
4032,0.0
4033,0.0
4034,0.0
4035,0.0
4036,0.0
4037,0.0
4038,0.00128
4039,0.015550000000000001
4040,0.048479999999999995
4041,0.08646
4042,0.11864
4043,0.28796
4044,0.24495
4045,0.36711
4046,0.36419
4047,0.2185
4048,0.12182
4049,0.0238
4050,0.0
4051,0.0
4052,0.0
4053,0.0
4054,0.0
4055,0.0
4056,0.0
4057,0.0
4058,0.0
4059,0.0
4060,0.0
4061,0.0
4062,0.00367
4063,0.04933
4064,0.12886
4065,0.10742
4066,0.12307
4067,0.20223
4068,0.35292
4069,0.4734
4070,0.39280000000000004
4071,0.28963
4072,0.12493000000000001
4073,0.03427
4074,0.0
4075,0.0
4076,0.0
4077,0.0
4078,0.0
4079,0.0
4080,0.0
4081,0.0
4082,0.0
4083,0.0
4084,0.0
4085,0.0
4086,0.00099
4087,0.01941
4088,0.043609999999999996
4089,0.08749
4090,0.13040000000000002
4091,0.13519
4092,0.27487
4093,0.36960000000000004
4094,0.32281
4095,0.18175
4096,0.1026
4097,0.02
4098,0.0
4099,0.0
4100,0.0
4101,0.0
4102,0.0
4103,0.0
4104,0.0
4105,0.0
4106,0.0
4107,0.0
4108,0.0
4109,0.0
4110,0.00222
4111,0.03377
4112,0.08621
4113,0.14354
4114,0.11609
4115,0.26381
4116,0.23762
4117,0.19711
4118,0.299
4119,0.25016
4120,0.12183
4121,0.02268
4122,0.0
4123,0.0
4124,0.0
4125,0.0
4126,0.0
4127,0.0
4128,0.0
4129,0.0
4130,0.0
4131,0.0
4132,0.0
4133,0.0
4134,0.00149
4135,0.054759999999999996
4136,0.09089
4137,0.12409999999999999
4138,0.23066
4139,0.31672
4140,0.42417
4141,0.41455000000000003
4142,0.22282
4143,0.1709
4144,0.10537
4145,0.02059
4146,0.0
4147,0.0
4148,0.0
4149,0.0
4150,0.0
4151,0.0
4152,0.0
4153,0.0
4154,0.0
4155,0.0
4156,0.0
4157,0.0
4158,0.0049299999999999995
4159,0.037649999999999996
4160,0.1134
4161,0.14658000000000002
4162,0.18387
4163,0.17795
4164,0.29873
4165,0.32644
4166,0.17992
4167,0.12968000000000002
4168,0.057030000000000004
4169,0.019579999999999997
4170,0.0
4171,0.0
4172,0.0
4173,0.0
4174,0.0
4175,0.0
4176,0.0
4177,0.0
4178,0.0
4179,0.0
4180,0.0
4181,0.0
4182,0.00545
4183,0.02861
4184,0.09451000000000001
4185,0.12972
4186,0.23551
4187,0.33764999999999995
4188,0.31081
4189,0.46916
4190,0.13277
4191,0.15478
4192,0.05677
4193,0.02736
4194,0.0
4195,0.0
4196,0.0
4197,0.0
4198,0.0
4199,0.0
4200,0.0
4201,0.0
4202,0.0
4203,0.0
4204,0.0
4205,0.0
4206,0.01731
4207,0.07645
4208,0.17541
4209,0.22183
4210,0.32807
4211,0.23604
4212,0.19185
4213,0.34164
4214,0.21691999999999997
4215,0.18564
4216,0.08893000000000001
4217,0.0089
4218,0.0
4219,0.0
4220,0.0
4221,0.0
4222,0.0
4223,0.0
4224,0.0
4225,0.0
4226,0.0
4227,0.0
4228,0.0
4229,0.0
4230,0.00076
4231,0.019059999999999997
4232,0.047619999999999996
4233,0.06277
4234,0.1657
4235,0.15314
4236,0.17759
4237,0.13884
4238,0.19161
4239,0.16085
4240,0.11631
4241,0.0195
4242,0.0
4243,0.0
4244,0.0
4245,0.0
4246,0.0
4247,0.0
4248,0.0
4249,0.0
4250,0.0
4251,0.0
4252,0.0
4253,0.0
4254,0.0
4255,0.010039999999999999
4256,0.039049999999999994
4257,0.05715
4258,0.17205
4259,0.23323
4260,0.38311
4261,0.26463
4262,0.27255
4263,0.2316
4264,0.09265999999999999
4265,0.03689
4266,0.0
4267,0.0
4268,0.0
4269,0.0
4270,0.0
4271,0.0
4272,0.0
4273,0.0
4274,0.0
4275,0.0
4276,0.0
4277,0.0
4278,0.0011899999999999999
4279,0.00858
4280,0.06906999999999999
4281,0.15684
4282,0.36624
4283,0.43005
4284,0.30981000000000003
4285,0.14376
4286,0.19583
4287,0.10604999999999999
4288,0.07891
4289,0.01763
4290,0.0
4291,0.0
4292,0.0
4293,0.0
4294,0.0
4295,0.0
4296,0.0
4297,0.0
4298,0.0
4299,0.0
4300,0.0
4301,0.0
4302,0.01243
4303,0.08418
4304,0.21106
4305,0.31476
4306,0.43711
4307,0.50591
4308,0.5610299999999999
4309,0.40079000000000004
4310,0.30887
4311,0.13456
4312,0.03997
4313,0.0221
4314,0.0
4315,0.0
4316,0.0
4317,0.0
4318,0.0
4319,0.0
4320,0.0
4321,0.0
4322,0.0
4323,0.0
4324,0.0
4325,0.0
4326,0.00093
4327,0.02101
4328,0.04494
4329,0.05258
4330,0.06
4331,0.10304
4332,0.14107
4333,0.37427999999999995
4334,0.33397000000000004
4335,0.20411
4336,0.11022
4337,0.02984
4338,0.0
4339,0.0
4340,0.0
4341,0.0
4342,0.0
4343,0.0
4344,0.0
4345,0.0
4346,0.0
4347,0.0
4348,0.0
4349,0.0
4350,0.00317
4351,0.02668
4352,0.12922999999999998
4353,0.24048
4354,0.35399
4355,0.35762
4356,0.45622
4357,0.22254
4358,0.30301999999999996
4359,0.15725
4360,0.11992
4361,0.027309999999999997
4362,0.0
4363,0.0
4364,0.0
4365,0.0
4366,0.0
4367,0.0
4368,0.0
4369,0.0
4370,0.0
4371,0.0
4372,0.0
4373,0.0
4374,0.00254
4375,0.03716
4376,0.059340000000000004
4377,0.14211000000000001
4378,0.17651
4379,0.25625
4380,0.19185
4381,0.29717
4382,0.11816
4383,0.09115000000000001
4384,0.0325
4385,0.00705
4386,0.0
4387,0.0
4388,0.0
4389,0.0
4390,0.0
4391,0.0
4392,0.0
4393,0.0
4394,0.0
4395,0.0
4396,0.0
4397,0.0
4398,0.00147
4399,0.032799999999999996
4400,0.07176
4401,0.16942
4402,0.17353
4403,0.21606
4404,0.18962
4405,0.36954000000000004
4406,0.19855
4407,0.16346
4408,0.055729999999999995
4409,0.019350000000000003
4410,0.0
4411,0.0
4412,0.0
4413,0.0
4414,0.0
4415,0.0
4416,0.0
4417,0.0
4418,0.0
4419,0.0
4420,0.0
4421,0.0
4422,0.00115
4423,0.0294
4424,0.04212
4425,0.09772
4426,0.18808000000000002
4427,0.16121000000000002
4428,0.18947999999999998
4429,0.27899
4430,0.11337
4431,0.09101000000000001
4432,0.06533
4433,0.01788
4434,0.0
4435,0.0
4436,0.0
4437,0.0
4438,0.0
4439,0.0
4440,0.0
4441,0.0
4442,0.0
4443,0.0
4444,0.0
4445,0.0
4446,0.00151
4447,0.028329999999999998
4448,0.14365
4449,0.14437
4450,0.27261
4451,0.30012
4452,0.35486
4453,0.27656000000000003
4454,0.21102
4455,0.15087
4456,0.10937999999999999
4457,0.027960000000000002
4458,0.0
4459,0.0
4460,0.0
4461,0.0
4462,0.0
4463,0.0
4464,0.0
4465,0.0
4466,0.0
4467,0.0
4468,0.0
4469,0.0
4470,0.00554
4471,0.05407
4472,0.14572
4473,0.25701999999999997
4474,0.34232999999999997
4475,0.48316000000000003
4476,0.38754
4477,0.41319
4478,0.44243
4479,0.16338999999999998
4480,0.14017
4481,0.02027
4482,0.0
4483,0.0
4484,0.0
4485,0.0
4486,0.0
4487,0.0
4488,0.0
4489,0.0
4490,0.0
4491,0.0
4492,0.0
4493,0.0
4494,0.00242
4495,0.07726999999999999
4496,0.15328
4497,0.3167
4498,0.28705
4499,0.39381
4500,0.47364
4501,0.29363
4502,0.25222
4503,0.30792
4504,0.07715999999999999
4505,0.01111
4506,0.0
4507,0.0
4508,0.0
4509,0.0
4510,0.0
4511,0.0
4512,0.0
4513,0.0
4514,0.0
4515,0.0
4516,0.0
4517,0.0
4518,0.004719999999999999
4519,0.0633
4520,0.11856
4521,0.10279
4522,0.09981
4523,0.15834
4524,0.18662
4525,0.41202999999999995
4526,0.33723000000000003
4527,0.18325
4528,0.11186
4529,0.019870000000000002
4530,0.0
4531,0.0
4532,0.0
4533,0.0
4534,0.0
4535,0.0
4536,0.0
4537,0.0
4538,0.0
4539,0.0
4540,0.0
4541,0.0
4542,0.00753
4543,0.06656999999999999
4544,0.23454
4545,0.36474
4546,0.38193
4547,0.44387
4548,0.48114
4549,0.46106
4550,0.34873000000000004
4551,0.25507
4552,0.14819
4553,0.03336
4554,0.0
4555,0.0
4556,0.0
4557,0.0
4558,0.0
4559,0.0
4560,0.0
4561,0.0
4562,0.0
4563,0.0
4564,0.0
4565,0.0
4566,0.0025099999999999996
4567,0.01592
4568,0.09675
4569,0.0761
4570,0.19536
4571,0.19608
4572,0.166
4573,0.17718
4574,0.14079
4575,0.04828
4576,0.016550000000000002
4577,0.00316
4578,0.0
4579,0.0
4580,0.0
4581,0.0
4582,0.0
4583,0.0
4584,0.0
4585,0.0
4586,0.0
4587,0.0
4588,0.0
4589,0.0
4590,0.00159
4591,0.03022
4592,0.09836
4593,0.08183
4594,0.14157
4595,0.25904000000000005
4596,0.23566
4597,0.31858
4598,0.25128
4599,0.1412
4600,0.09648000000000001
4601,0.015300000000000001
4602,0.0
4603,0.0
4604,0.0
4605,0.0
4606,0.0
4607,0.0
4608,0.0
4609,0.0
4610,0.0
4611,0.0
4612,0.0
4613,0.0
4614,0.00899
4615,0.04969
4616,0.12595
4617,0.22256
4618,0.37622000000000005
4619,0.32358
4620,0.40976999999999997
4621,0.36085
4622,0.37785
4623,0.2527
4624,0.11734
4625,0.04466
4626,0.0
4627,0.0
4628,0.0
4629,0.0
4630,0.0
4631,0.0
4632,0.0
4633,0.0
4634,0.0
4635,0.0
4636,0.0
4637,0.0
4638,0.009630000000000001
4639,0.08538
4640,0.26069
4641,0.37827999999999995
4642,0.44483999999999996
4643,0.55263
4644,0.35837
4645,0.42788
4646,0.31899
4647,0.17737999999999998
4648,0.07266
4649,0.02359
4650,0.0
4651,0.0
4652,0.0
4653,0.0
4654,0.0
4655,0.0
4656,0.0
4657,0.0
4658,0.0
4659,0.0
4660,0.0
4661,0.0
4662,0.00085
4663,0.048240000000000005
4664,0.12735
4665,0.25246
4666,0.24389
4667,0.27718
4668,0.24046
4669,0.49074
4670,0.43915
4671,0.27720999999999996
4672,0.18306999999999998
4673,0.04262
4674,0.0
4675,0.0
4676,0.0
4677,0.0
4678,0.0
4679,0.0
4680,0.0
4681,0.0
4682,0.0
4683,0.0
4684,0.0
4685,0.0
4686,0.008039999999999999
4687,0.09301999999999999
4688,0.23352
4689,0.36961
4690,0.45104
4691,0.52239
4692,0.56332
4693,0.30797
4694,0.40087
4695,0.24646
4696,0.16662000000000002
4697,0.03678
4698,0.0
4699,0.0
4700,0.0
4701,0.0
4702,0.0
4703,0.0
4704,0.0
4705,0.0
4706,0.0
4707,0.0
4708,0.0
4709,0.0
4710,0.0030299999999999997
4711,0.03597
4712,0.084
4713,0.09358
4714,0.12325
4715,0.17908000000000002
4716,0.19706
4717,0.35581
4718,0.35293
4719,0.30449
4720,0.15597
4721,0.04398
4722,0.0
4723,0.0
4724,0.0
4725,0.0
4726,0.0
4727,0.0
4728,0.0
4729,0.0
4730,0.0
4731,0.0
4732,0.0
4733,0.0
4734,0.00848
4735,0.08245999999999999
4736,0.23113
4737,0.36144
4738,0.3396
4739,0.49949
4740,0.44971
4741,0.53098
4742,0.34284
4743,0.30367
4744,0.19143000000000002
4745,0.037649999999999996
4746,0.0
4747,0.0
4748,0.0
4749,0.0
4750,0.0
4751,0.0
4752,0.0
4753,0.0
4754,0.0
4755,0.0
4756,0.0
4757,0.0
4758,0.00731
4759,0.04223
4760,0.12448000000000001
4761,0.19237
4762,0.32856
4763,0.31489999999999996
4764,0.33881
4765,0.36547
4766,0.3502
4767,0.24339
4768,0.15519
4769,0.02628
4770,0.0
4771,0.0
4772,0.0
4773,0.0
4774,0.0
4775,0.0
4776,0.0
4777,0.0
4778,0.0
4779,0.0
4780,0.0
4781,0.0
4782,0.00524
4783,0.04387
4784,0.14448
4785,0.20483
4786,0.25346
4787,0.29414999999999997
4788,0.42895
4789,0.29819
4790,0.42312
4791,0.23684
4792,0.15835
4793,0.04079
4794,0.0
4795,0.0
4796,0.0
4797,0.0
4798,0.0
4799,0.0
4800,0.0
4801,0.0
4802,0.0
4803,0.0
4804,0.0
4805,0.0
4806,0.0010400000000000001
4807,0.01331
4808,0.0438
4809,0.10493000000000001
4810,0.15944999999999998
4811,0.18822999999999998
4812,0.21784
4813,0.33404
4814,0.35863999999999996
4815,0.20667
4816,0.046869999999999995
4817,0.00886
4818,0.0
4819,0.0
4820,0.0
4821,0.0
4822,0.0
4823,0.0
4824,0.0
4825,0.0
4826,0.0
4827,0.0
4828,0.0
4829,0.0
4830,0.00542
4831,0.04464
4832,0.14751
4833,0.19131
4834,0.24891999999999997
4835,0.24324
4836,0.35555000000000003
4837,0.29329
4838,0.29458999999999996
4839,0.27363
4840,0.16638
4841,0.038380000000000004
4842,0.0
4843,0.0
4844,0.0
4845,0.0
4846,0.0
4847,0.0
4848,0.0
4849,0.0
4850,0.0
4851,0.0
4852,0.0
4853,0.0
4854,0.00357
4855,0.04264
4856,0.0959
4857,0.17246
4858,0.30618
4859,0.36241
4860,0.28842
4861,0.16894
4862,0.16378
4863,0.11991
4864,0.06929
4865,0.02119
4866,0.0
4867,0.0
4868,0.0
4869,0.0
4870,0.0
4871,0.0
4872,0.0
4873,0.0
4874,0.0
4875,0.0
4876,0.0
4877,0.0
4878,0.0017800000000000001
4879,0.044719999999999996
4880,0.06777
4881,0.05572
4882,0.08270000000000001
4883,0.08911
4884,0.19965
4885,0.22572
4886,0.11370000000000001
4887,0.08927
4888,0.05884
4889,0.01726
4890,0.0
4891,0.0
4892,0.0
4893,0.0
4894,0.0
4895,0.0
4896,0.0
4897,0.0
4898,0.0
4899,0.0
4900,0.0
4901,0.0
4902,0.00217
4903,0.03674
4904,0.05731
4905,0.07847
4906,0.15954
4907,0.30074
4908,0.3935
4909,0.13448
4910,0.15681
4911,0.17936000000000002
4912,0.12443000000000001
4913,0.03294
4914,0.0
4915,0.0
4916,0.0
4917,0.0
4918,0.0
4919,0.0
4920,0.0
4921,0.0
4922,0.0
4923,0.0
4924,0.0
4925,0.0
4926,0.0017900000000000001
4927,0.015880000000000002
4928,0.102
4929,0.13253
4930,0.21168
4931,0.30587000000000003
4932,0.34068
4933,0.29292
4934,0.19100999999999999
4935,0.1474
4936,0.099
4937,0.026699999999999998
4938,0.0
4939,0.0
4940,0.0
4941,0.0
4942,0.0
4943,0.0
4944,0.0
4945,0.0
4946,0.0
4947,0.0
4948,0.0
4949,0.0
4950,0.00176
4951,0.026019999999999998
4952,0.09411
4953,0.15403999999999998
4954,0.29061000000000003
4955,0.36752999999999997
4956,0.35286
4957,0.41748
4958,0.30034
4959,0.19297999999999998
4960,0.07878
4961,0.01299
4962,0.0
4963,0.0
4964,0.0
4965,0.0
4966,0.0
4967,0.0
4968,0.0
4969,0.0
4970,0.0
4971,0.0
4972,0.0
4973,0.0
4974,0.00621
4975,0.04197
4976,0.13208
4977,0.1945
4978,0.21613
4979,0.18699000000000002
4980,0.18293
4981,0.25918
4982,0.2836
4983,0.20127
4984,0.08379
4985,0.023719999999999998
4986,0.0
4987,0.0
4988,0.0
4989,0.0
4990,0.0
4991,0.0
4992,0.0
4993,0.0
4994,0.0
4995,0.0
4996,0.0
4997,0.0
4998,0.00297
4999,0.038880000000000005
5000,0.1124
5001,0.19352
5002,0.22663
5003,0.43881
5004,0.4965
5005,0.42916000000000004
5006,0.27937
5007,0.30847
5008,0.0695
5009,0.039240000000000004
5010,0.0
5011,0.0
5012,0.0
5013,0.0
5014,0.0
5015,0.0
5016,0.0
5017,0.0
5018,0.0
5019,0.0
5020,0.0
5021,0.0
5022,0.00195
5023,0.045090000000000005
5024,0.07937999999999999
5025,0.20849
5026,0.39422
5027,0.46102
5028,0.42596
5029,0.44356
5030,0.26329
5031,0.20639
5032,0.10561
5033,0.020120000000000002
5034,0.0
5035,0.0
5036,0.0
5037,0.0
5038,0.0
5039,0.0
5040,0.0
5041,0.0
5042,0.0
5043,0.0
5044,0.0
5045,0.0
5046,0.00357
5047,0.047799999999999995
5048,0.13385
5049,0.25979
5050,0.40306000000000003
5051,0.43019999999999997
5052,0.37807999999999997
5053,0.476
5054,0.25733999999999996
5055,0.18006999999999998
5056,0.06502
5057,0.0343
5058,0.0
5059,0.0
5060,0.0
5061,0.0
5062,0.0
5063,0.0
5064,0.0
5065,0.0
5066,0.0
5067,0.0
5068,0.0
5069,0.0
5070,0.00327
5071,0.06459999999999999
5072,0.19737000000000002
5073,0.30129
5074,0.35491
5075,0.48963
5076,0.39161
5077,0.40820999999999996
5078,0.34973000000000004
5079,0.24789
5080,0.09765
5081,0.02445
5082,0.0
5083,0.0
5084,0.0
5085,0.0
5086,0.0
5087,0.0
5088,0.0
5089,0.0
5090,0.0
5091,0.0
5092,0.0
5093,0.0
5094,0.00762
5095,0.08977
5096,0.19784000000000002
5097,0.36038
5098,0.47112
5099,0.57249
5100,0.52571
5101,0.45031
5102,0.4393
5103,0.25104
5104,0.1721
5105,0.03525
5106,0.0
5107,0.0
5108,0.0
5109,0.0
5110,0.0
5111,0.0
5112,0.0
5113,0.0
5114,0.0
5115,0.0
5116,0.0
5117,0.0
5118,0.00319
5119,0.039299999999999995
5120,0.11115
5121,0.14295
5122,0.20094
5123,0.41829
5124,0.45721
5125,0.54761
5126,0.36592
5127,0.35574
5128,0.15058000000000002
5129,0.05095
5130,0.0
5131,0.0
5132,0.0
5133,0.0
5134,0.0
5135,0.0
5136,0.0
5137,0.0
5138,0.0
5139,0.0
5140,0.0
5141,0.0
5142,0.0020099999999999996
5143,0.033530000000000004
5144,0.08258
5145,0.12226999999999999
5146,0.30097
5147,0.25587
5148,0.31301
5149,0.39772
5150,0.18732
5151,0.15144
5152,0.12085
5153,0.02718
5154,0.0
5155,0.0
5156,0.0
5157,0.0
5158,0.0
5159,0.0
5160,0.0
5161,0.0
5162,0.0
5163,0.0
5164,0.0
5165,0.0
5166,0.00417
5167,0.060219999999999996
5168,0.11276
5169,0.3236
5170,0.3993
5171,0.48402999999999996
5172,0.42895999999999995
5173,0.54152
5174,0.42947
5175,0.16571
5176,0.06492
5177,0.023530000000000002
5178,0.0
5179,0.0
5180,0.0
5181,0.0
5182,0.0
5183,0.0
5184,0.0
5185,0.0
5186,0.0
5187,0.0
5188,0.0
5189,0.0
5190,0.0
5191,0.00405
5192,0.01852
5193,0.03155
5194,0.03437
5195,0.06057
5196,0.052590000000000005
5197,0.24198
5198,0.26350999999999997
5199,0.18730000000000002
5200,0.06986
5201,0.02425
5202,0.0
5203,0.0
5204,0.0
5205,0.0
5206,0.0
5207,0.0
5208,0.0
5209,0.0
5210,0.0
5211,0.0
5212,0.0
5213,0.0
5214,0.00057
5215,0.01718
5216,0.03089
5217,0.07542
5218,0.11809
5219,0.16093000000000002
5220,0.18656
5221,0.29104
5222,0.21327000000000002
5223,0.21752000000000002
5224,0.10873999999999999
5225,0.02181
5226,0.0
5227,0.0
5228,0.0
5229,0.0
5230,0.0
5231,0.0
5232,0.0
5233,0.0
5234,0.0
5235,0.0
5236,0.0
5237,0.0
5238,0.0054
5239,0.08481999999999999
5240,0.25848000000000004
5241,0.38566
5242,0.48394
5243,0.49384
5244,0.5215599999999999
5245,0.39879000000000003
5246,0.26325
5247,0.26692
5248,0.14558000000000001
5249,0.05052
5250,0.0
5251,0.0
5252,0.0
5253,0.0
5254,0.0
5255,0.0
5256,0.0
5257,0.0
5258,0.0
5259,0.0
5260,0.0
5261,0.0
5262,0.00088
5263,0.08719
5264,0.18162999999999999
5265,0.34225
5266,0.42363
5267,0.51136
5268,0.58585
5269,0.49299
5270,0.40058
5271,0.20893
5272,0.13308
5273,0.04352
5274,0.0
5275,0.0
5276,0.0
5277,0.0
5278,0.0
5279,0.0
5280,0.0
5281,0.0
5282,0.0
5283,0.0
5284,0.0
5285,0.0
5286,0.0
5287,0.00091
5288,0.00948
5289,0.03009
5290,0.048409999999999995
5291,0.08385
5292,0.10279
5293,0.11352
5294,0.14856
5295,0.10692
5296,0.07834999999999999
5297,0.030670000000000003
5298,0.0
5299,0.0
5300,0.0
5301,0.0
5302,0.0
5303,0.0
5304,0.0
5305,0.0
5306,0.0
5307,0.0
5308,0.0
5309,0.0
5310,0.006809999999999999
5311,0.061079999999999995
5312,0.13913
5313,0.22602
5314,0.28408
5315,0.2052
5316,0.40142
5317,0.5309299999999999
5318,0.37557
5319,0.27158
5320,0.16654
5321,0.03349
5322,0.0
5323,0.0
5324,0.0
5325,0.0
5326,0.0
5327,0.0
5328,0.0
5329,0.0
5330,0.0
5331,0.0
5332,0.0
5333,0.0
5334,0.0
5335,0.00916
5336,0.02587
5337,0.053509999999999995
5338,0.10199
5339,0.10690999999999999
5340,0.20641
5341,0.17371999999999999
5342,0.11812
5343,0.06328
5344,0.053340000000000005
5345,0.00813
5346,0.0
5347,0.0
5348,0.0
5349,0.0
5350,0.0
5351,0.0
5352,0.0
5353,0.0
5354,0.0
5355,0.0
5356,0.0
5357,0.0
5358,0.00561
5359,0.0432
5360,0.17597
5361,0.29058
5362,0.36766000000000004
5363,0.44937
5364,0.44977999999999996
5365,0.43798000000000004
5366,0.31908
5367,0.18031
5368,0.11901
5369,0.01376
5370,0.0
5371,0.0
5372,0.0
5373,0.0
5374,0.0
5375,0.0
5376,0.0
5377,0.0
5378,0.0
5379,0.0
5380,0.0
5381,0.0
5382,0.0
5383,0.011800000000000001
5384,0.0159
5385,0.0068200000000000005
5386,0.03774
5387,0.05375
5388,0.13629
5389,0.12124
5390,0.24364
5391,0.21162999999999998
5392,0.1259
5393,0.03395
5394,0.0
5395,0.0
5396,0.0
5397,0.0
5398,0.0
5399,0.0
5400,0.0
5401,0.0
5402,0.0
5403,0.0
5404,0.0
5405,0.0
5406,0.00038
5407,0.016309999999999998
5408,0.04925
5409,0.18442
5410,0.25971
5411,0.2854
5412,0.28779000000000005
5413,0.178
5414,0.17094
5415,0.16601
5416,0.12328
5417,0.02545
5418,0.0
5419,0.0
5420,0.0
5421,0.0
5422,0.0
5423,0.0
5424,0.0
5425,0.0
5426,0.0
5427,0.0
5428,0.0
5429,0.0
5430,0.00098
5431,0.00471
5432,0.0251
5433,0.07316
5434,0.07858
5435,0.17275
5436,0.13323
5437,0.10864
5438,0.1958
5439,0.12393000000000001
5440,0.11622
5441,0.04014
5442,0.0
5443,0.0
5444,0.0
5445,0.0
5446,0.0
5447,0.0
5448,0.0
5449,0.0
5450,0.0
5451,0.0
5452,0.0
5453,0.0
5454,0.00246
5455,0.02132
5456,0.08234999999999999
5457,0.11587
5458,0.13482
5459,0.15328999999999998
5460,0.16278
5461,0.26915
5462,0.18075
5463,0.08544
5464,0.04961
5465,0.00974
5466,0.0
5467,0.0
5468,0.0
5469,0.0
5470,0.0
5471,0.0
5472,0.0
5473,0.0
5474,0.0
5475,0.0
5476,0.0
5477,0.0
5478,0.0040999999999999995
5479,0.06112
5480,0.23663
5481,0.34776
5482,0.43762
5483,0.47258
5484,0.37354000000000004
5485,0.34455
5486,0.20088
5487,0.09885
5488,0.06221
5489,0.02059
5490,0.0
5491,0.0
5492,0.0
5493,0.0
5494,0.0
5495,0.0
5496,0.0
5497,0.0
5498,0.0
5499,0.0
5500,0.0
5501,0.0
5502,0.0016799999999999999
5503,0.02366
5504,0.0551
5505,0.11879
5506,0.13638999999999998
5507,0.15237
5508,0.17477
5509,0.50575
5510,0.29408
5511,0.11893000000000001
5512,0.053939999999999995
5513,0.00751
5514,0.0
5515,0.0
5516,0.0
5517,0.0
5518,0.0
5519,0.0
5520,0.0
5521,0.0
5522,0.0
5523,0.0
5524,0.0
5525,0.0
5526,0.0
5527,0.0056500000000000005
5528,0.02915
5529,0.10779999999999999
5530,0.09926
5531,0.17735
5532,0.22471000000000002
5533,0.38368
5534,0.27609
5535,0.15816999999999998
5536,0.09015999999999999
5537,0.01645
5538,0.0
5539,0.0
5540,0.0
5541,0.0
5542,0.0
5543,0.0
5544,0.0
5545,0.0
5546,0.0
5547,0.0
5548,0.0
5549,0.0
5550,0.00628
5551,0.02888
5552,0.11211
5553,0.20924
5554,0.36524
5555,0.39574000000000004
5556,0.40831
5557,0.36952999999999997
5558,0.34825
5559,0.17969
5560,0.09698999999999999
5561,0.01393
5562,0.0
5563,0.0
5564,0.0
5565,0.0
5566,0.0
5567,0.0
5568,0.0
5569,0.0
5570,0.0
5571,0.0
5572,0.0
5573,0.0
5574,0.0
5575,0.013869999999999999
5576,0.06586
5577,0.11904
5578,0.22803
5579,0.23669
5580,0.28834
5581,0.19243000000000002
5582,0.25956999999999997
5583,0.20218
5584,0.11031999999999999
5585,0.03705
5586,0.0
5587,0.0
5588,0.0
5589,0.0
5590,0.0
5591,0.0
5592,0.0
5593,0.0
5594,0.0
5595,0.0
5596,0.0
5597,0.0
5598,0.0026
5599,0.02557
5600,0.07545
5601,0.18536000000000002
5602,0.19485
5603,0.37022000000000005
5604,0.38871
5605,0.12075
5606,0.26825
5607,0.08695
5608,0.07561
5609,0.019510000000000003
5610,0.0
5611,0.0
5612,0.0
5613,0.0
5614,0.0
5615,0.0
5616,0.0
5617,0.0
5618,0.0
5619,0.0
5620,0.0
5621,0.0
5622,0.00936
5623,0.106
5624,0.23699
5625,0.388
5626,0.42643000000000003
5627,0.51073
5628,0.5630599999999999
5629,0.46776
5630,0.37515
5631,0.22641
5632,0.12157
5633,0.020239999999999998
5634,0.0
5635,0.0
5636,0.0
5637,0.0
5638,0.0
5639,0.0
5640,0.0
5641,0.0
5642,0.0
5643,0.0
5644,0.0
5645,0.0
5646,0.00326
5647,0.09240999999999999
5648,0.21978999999999999
5649,0.31810000000000005
5650,0.38967
5651,0.5473
5652,0.63907
5653,0.43273
5654,0.44723
5655,0.13394999999999999
5656,0.0846
5657,0.0028399999999999996
5658,0.0
5659,0.0
5660,0.0
5661,0.0
5662,0.0
5663,0.0
5664,0.0
5665,0.0
5666,0.0
5667,0.0
5668,0.0
5669,0.0
5670,0.0
5671,0.00067
5672,0.01423
5673,0.06106
5674,0.06495000000000001
5675,0.1549
5676,0.253
5677,0.36937000000000003
5678,0.21449000000000001
5679,0.21183000000000002
5680,0.14933000000000002
5681,0.0582
5682,0.0
5683,0.0
5684,0.0
5685,0.0
5686,0.0
5687,0.0
5688,0.0
5689,0.0
5690,0.0
5691,0.0
5692,0.0
5693,0.0
5694,0.01211
5695,0.13054
5696,0.28026999999999996
5697,0.36481
5698,0.48401
5699,0.49905
5700,0.5144
5701,0.25744
5702,0.18733000000000002
5703,0.13842
5704,0.06605
5705,0.01492
5706,0.0
5707,0.0
5708,0.0
5709,0.0
5710,0.0
5711,0.0
5712,0.0
5713,0.0
5714,0.0
5715,0.0
5716,0.0
5717,0.0
5718,0.00335
5719,0.04568
5720,0.16219999999999998
5721,0.26467
5722,0.3513
5723,0.53699
5724,0.46888
5725,0.37262
5726,0.2948
5727,0.22622
5728,0.10305
5729,0.01853
5730,0.0
5731,0.0
5732,0.0
5733,0.0
5734,0.0
5735,0.0
5736,0.0
5737,0.0
5738,0.0
5739,0.0
5740,0.0
5741,0.0
5742,0.00709
5743,0.06916
5744,0.20589
5745,0.35686
5746,0.50015
5747,0.49907
5748,0.41537
5749,0.34085000000000004
5750,0.42842
5751,0.16955
5752,0.06281
5753,0.01126
5754,0.0
5755,0.0
5756,0.0
5757,0.0
5758,0.0
5759,0.0
5760,0.0
5761,0.0
5762,0.0
5763,0.0
5764,0.0
5765,0.0
5766,0.0005600000000000001
5767,0.027239999999999997
5768,0.08273
5769,0.14338
5770,0.34293
5771,0.30410000000000004
5772,0.2854
5773,0.2825
5774,0.18114
5775,0.11616
5776,0.08828
5777,0.019
5778,0.0
5779,0.0
5780,0.0
5781,0.0
5782,0.0
5783,0.0
5784,0.0
5785,0.0
5786,0.0
5787,0.0
5788,0.0
5789,0.0
5790,0.008199999999999999
5791,0.11838
5792,0.28073000000000004
5793,0.39164
5794,0.50836
5795,0.55169
5796,0.59662
5797,0.52558
5798,0.39607
5799,0.19433
5800,0.10248
5801,0.02976
5802,0.0
5803,0.0
5804,0.0
5805,0.0
5806,0.0
5807,0.0
5808,0.0
5809,0.0
5810,0.0
5811,0.0
5812,0.0
5813,0.0
5814,0.009269999999999999
5815,0.12448999999999999
5816,0.25071
5817,0.39925
5818,0.49425
5819,0.5421900000000001
5820,0.58501
5821,0.48741
5822,0.27987
5823,0.20161
5824,0.05043
5825,0.013210000000000001
5826,0.0
5827,0.0
5828,0.0
5829,0.0
5830,0.0
5831,0.0
5832,0.0
5833,0.0
5834,0.0
5835,0.0
5836,0.0
5837,0.0
5838,0.01399
5839,0.0943
5840,0.17618
5841,0.31223
5842,0.26317
5843,0.33979000000000004
5844,0.26868000000000003
5845,0.35402999999999996
5846,0.28819
5847,0.11394
5848,0.07909000000000001
5849,0.02843
5850,0.0
5851,0.0
5852,0.0
5853,0.0
5854,0.0
5855,0.0
5856,0.0
5857,0.0
5858,0.0
5859,0.0
5860,0.0
5861,0.0
5862,0.0
5863,0.023149999999999997
5864,0.06106
5865,0.11769
5866,0.29502
5867,0.29374
5868,0.24594
5869,0.35758999999999996
5870,0.17959999999999998
5871,0.14524
5872,0.10858
5873,0.02186
5874,0.0
5875,0.0
5876,0.0
5877,0.0
5878,0.0
5879,0.0
5880,0.0
5881,0.0
5882,0.0
5883,0.0
5884,0.0
5885,0.0
5886,0.00656
5887,0.07377
5888,0.2898
5889,0.27151
5890,0.44956
5891,0.4739
5892,0.5893200000000001
5893,0.54702
5894,0.32688
5895,0.23795
5896,0.13379
5897,0.0081
5898,0.0
5899,0.0
5900,0.0
5901,0.0
5902,0.0
5903,0.0
5904,0.0
5905,0.0
5906,0.0
5907,0.0
5908,0.0
5909,0.0
5910,0.00598
5911,0.12749
5912,0.27752
5913,0.40952
5914,0.55837
5915,0.52104
5916,0.5394500000000001
5917,0.39057
5918,0.28714999999999996
5919,0.18309999999999998
5920,0.08746999999999999
5921,0.02834
5922,0.0
5923,0.0
5924,0.0
5925,0.0
5926,0.0
5927,0.0
5928,0.0
5929,0.0
5930,0.0
5931,0.0
5932,0.0
5933,0.0
5934,0.00802
5935,0.09373000000000001
5936,0.26672
5937,0.37467
5938,0.51951
5939,0.54261
5940,0.45008
5941,0.51995
5942,0.41526
5943,0.2739
5944,0.11573
5945,0.02023
5946,0.0
5947,0.0
5948,0.0
5949,0.0
5950,0.0
5951,0.0
5952,0.0
5953,0.0
5954,0.0
5955,0.0
5956,0.0
5957,0.0
5958,0.00289
5959,0.057030000000000004
5960,0.16961
5961,0.16423
5962,0.30371
5963,0.27776
5964,0.28231
5965,0.21117
5966,0.28081
5967,0.10997
5968,0.05788
5969,0.00876
5970,0.0
5971,0.0
5972,0.0
5973,0.0
5974,0.0
5975,0.0
5976,0.0
5977,0.0
5978,0.0
5979,0.0
5980,0.0
5981,0.0
5982,0.011699999999999999
5983,0.10632
5984,0.26641000000000004
5985,0.34134
5986,0.32946
5987,0.34123000000000003
5988,0.33482999999999996
5989,0.42869999999999997
5990,0.44055
5991,0.25679
5992,0.09718
5993,0.01875
5994,0.0
5995,0.0
5996,0.0
5997,0.0
5998,0.0
5999,0.0
6000,0.0
6001,0.0
6002,0.0
6003,0.0
6004,0.0
6005,0.0
6006,0.0
6007,0.0
6008,0.00642
6009,0.02237
6010,0.02467
6011,0.05868
6012,0.027350000000000003
6013,0.14808000000000002
6014,0.26224000000000003
6015,0.16891
6016,0.10941
6017,0.020370000000000003
6018,0.0
6019,0.0
6020,0.0
6021,0.0
6022,0.0
6023,0.0
6024,0.0
6025,0.0
6026,0.0
6027,0.0
6028,0.0
6029,0.0
6030,0.0065
6031,0.13788999999999998
6032,0.24131
6033,0.38780000000000003
6034,0.60411
6035,0.5440499999999999
6036,0.5877100000000001
6037,0.26217
6038,0.46570999999999996
6039,0.36379
6040,0.19919
6041,0.03362
6042,0.0
6043,0.0
6044,0.0
6045,0.0
6046,0.0
6047,0.0
6048,0.0
6049,0.0
6050,0.0
6051,0.0
6052,0.0
6053,0.0
6054,0.01488
6055,0.15412
6056,0.32572
6057,0.43401
6058,0.58924
6059,0.5661
6060,0.5854600000000001
6061,0.44439999999999996
6062,0.27268000000000003
6063,0.2772
6064,0.12884
6065,0.019559999999999998
6066,0.0
6067,0.0
6068,0.0
6069,0.0
6070,0.0
6071,0.0
6072,0.0
6073,0.0
6074,0.0
6075,0.0
6076,0.0
6077,0.0
6078,0.00551
6079,0.07737999999999999
6080,0.10795
6081,0.20621
6082,0.26861
6083,0.41723000000000005
6084,0.40123000000000003
6085,0.21513
6086,0.09049
6087,0.03464
6088,0.015189999999999999
6089,0.00357
6090,0.0
6091,0.0
6092,0.0
6093,0.0
6094,0.0
6095,0.0
6096,0.0
6097,0.0
6098,0.0
6099,0.0
6100,0.0
6101,0.0
6102,0.0052
6103,0.07141
6104,0.32636000000000004
6105,0.47229000000000004
6106,0.45463
6107,0.57694
6108,0.50232
6109,0.46694
6110,0.47173000000000004
6111,0.23242
6112,0.05991
6113,0.00263
6114,0.0
6115,0.0
6116,0.0
6117,0.0
6118,0.0
6119,0.0
6120,0.0
6121,0.0
6122,0.0
6123,0.0
6124,0.0
6125,0.0
6126,0.00865
6127,0.0823
6128,0.24642
6129,0.26274000000000003
6130,0.30955
6131,0.35882
6132,0.34452999999999995
6133,0.47772000000000003
6134,0.3337
6135,0.23634
6136,0.0912
6137,0.0067800000000000004
6138,0.0
6139,0.0
6140,0.0
6141,0.0
6142,0.0
6143,0.0
6144,0.0
6145,0.0
6146,0.0
6147,0.0
6148,0.0
6149,0.0
6150,0.00321
6151,0.05226
6152,0.08427
6153,0.20005
6154,0.25472
6155,0.42943000000000003
6156,0.39075
6157,0.4466
6158,0.36675
6159,0.17497
6160,0.1211
6161,0.023629999999999998
6162,0.0
6163,0.0
6164,0.0
6165,0.0
6166,0.0
6167,0.0
6168,0.0
6169,0.0
6170,0.0
6171,0.0
6172,0.0
6173,0.0
6174,0.0030800000000000003
6175,0.03385
6176,0.10162
6177,0.13569
6178,0.13776
6179,0.31282
6180,0.31860000000000005
6181,0.4739
6182,0.27517
6183,0.13649
6184,0.09679
6185,0.01676
6186,0.0
6187,0.0
6188,0.0
6189,0.0
6190,0.0
6191,0.0
6192,0.0
6193,0.0
6194,0.0
6195,0.0
6196,0.0
6197,0.0
6198,0.00738
6199,0.09278
6200,0.23211
6201,0.48091
6202,0.40668
6203,0.46001
6204,0.37967
6205,0.36397
6206,0.18231999999999998
6207,0.19471
6208,0.09
6209,0.02076
6210,0.0
6211,0.0
6212,0.0
6213,0.0
6214,0.0
6215,0.0
6216,0.0
6217,0.0
6218,0.0
6219,0.0
6220,0.0
6221,0.0
6222,0.01231
6223,0.1145
6224,0.22187
6225,0.32756
6226,0.46935000000000004
6227,0.35811000000000004
6228,0.46963
6229,0.28538
6230,0.30482
6231,0.1149
6232,0.04667
6233,0.00771
6234,0.0
6235,0.0
6236,0.0
6237,0.0
6238,0.0
6239,0.0
6240,0.0
6241,0.0
6242,0.0
6243,0.0
6244,0.0
6245,0.0
6246,0.011130000000000001
6247,0.12296
6248,0.29267000000000004
6249,0.41157
6250,0.45380000000000004
6251,0.34419
6252,0.41584
6253,0.35308
6254,0.29783
6255,0.16288
6256,0.14924
6257,0.014070000000000001
6258,0.0
6259,0.0
6260,0.0
6261,0.0
6262,0.0
6263,0.0
6264,0.0
6265,0.0
6266,0.0
6267,0.0
6268,0.0
6269,0.0
6270,0.0176
6271,0.08589
6272,0.18069
6273,0.31583
6274,0.5322100000000001
6275,0.52971
6276,0.4685
6277,0.32823
6278,0.22701
6279,0.18987
6280,0.10253
6281,0.00558
6282,0.0
6283,0.0
6284,0.0
6285,0.0
6286,0.0
6287,0.0
6288,0.0
6289,0.0
6290,0.0
6291,0.0
6292,0.0
6293,0.0
6294,0.0062
6295,0.08993999999999999
6296,0.22793
6297,0.40138
6298,0.48358999999999996
6299,0.4152
6300,0.36602999999999997
6301,0.46476999999999996
6302,0.2917
6303,0.19793
6304,0.060579999999999995
6305,0.01243
6306,0.0
6307,0.0
6308,0.0
6309,0.0
6310,0.0
6311,0.0
6312,0.0
6313,0.0
6314,0.0
6315,0.0
6316,0.0
6317,0.0
6318,0.0029300000000000003
6319,0.03513
6320,0.05303
6321,0.06981
6322,0.10711
6323,0.12175
6324,0.14755000000000001
6325,0.37110000000000004
6326,0.32917
6327,0.0878
6328,0.07443000000000001
6329,0.014199999999999999
6330,0.0
6331,0.0
6332,0.0
6333,0.0
6334,0.0
6335,0.0
6336,0.0
6337,0.0
6338,0.0
6339,0.0
6340,0.0
6341,0.0
6342,0.01071
6343,0.12959
6344,0.25924
6345,0.35144
6346,0.29702999999999996
6347,0.37579
6348,0.5103
6349,0.50662
6350,0.38706999999999997
6351,0.22731
6352,0.17761000000000002
6353,0.03056
6354,0.0
6355,0.0
6356,0.0
6357,0.0
6358,0.0
6359,0.0
6360,0.0
6361,0.0
6362,0.0
6363,0.0
6364,0.0
6365,0.0
6366,0.0
6367,0.0070599999999999994
6368,0.01601
6369,0.06745999999999999
6370,0.06875
6371,0.12422
6372,0.17361000000000001
6373,0.30699
6374,0.2394
6375,0.09795999999999999
6376,0.04937
6377,0.00785
6378,0.0
6379,0.0
6380,0.0
6381,0.0
6382,0.0
6383,0.0
6384,0.0
6385,0.0
6386,0.0
6387,0.0
6388,0.0
6389,0.0
6390,0.0030299999999999997
6391,0.02541
6392,0.04693
6393,0.09601000000000001
6394,0.13648
6395,0.17312
6396,0.18736000000000003
6397,0.40385000000000004
6398,0.32018
6399,0.18422999999999998
6400,0.04542
6401,0.0048
6402,0.0
6403,0.0
6404,0.0
6405,0.0
6406,0.0
6407,0.0
6408,0.0
6409,0.0
6410,0.0
6411,0.0
6412,0.0
6413,0.0
6414,0.00449
6415,0.0456
6416,0.09104000000000001
6417,0.14428
6418,0.1029
6419,0.16469999999999999
6420,0.162
6421,0.38005
6422,0.24356
6423,0.16899
6424,0.06787
6425,0.00447
6426,0.0
6427,0.0
6428,0.0
6429,0.0
6430,0.0
6431,0.0
6432,0.0
6433,0.0
6434,0.0
6435,0.0
6436,0.0
6437,0.0
6438,0.00587
6439,0.02766
6440,0.08424
6441,0.17181
6442,0.15544
6443,0.21928
6444,0.24471
6445,0.47736
6446,0.23685
6447,0.21380000000000002
6448,0.07154
6449,0.01001
6450,0.0
6451,0.0
6452,0.0
6453,0.0
6454,0.0
6455,0.0
6456,0.0
6457,0.0
6458,0.0
6459,0.0
6460,0.0
6461,0.0
6462,0.01514
6463,0.07881
6464,0.21287
6465,0.25553
6466,0.30294
6467,0.47713
6468,0.46303
6469,0.38243
6470,0.25753
6471,0.24471
6472,0.06634000000000001
6473,0.004719999999999999
6474,0.0
6475,0.0
6476,0.0
6477,0.0
6478,0.0
6479,0.0
6480,0.0
6481,0.0
6482,0.0
6483,0.0
6484,0.0
6485,0.0
6486,0.01365
6487,0.06515
6488,0.1921
6489,0.19927
6490,0.36056
6491,0.39375
6492,0.31357
6493,0.36907
6494,0.18794999999999998
6495,0.21181
6496,0.04961
6497,0.0264
6498,0.0
6499,0.0
6500,0.0
6501,0.0
6502,0.0
6503,0.0
6504,0.0
6505,0.0
6506,0.0
6507,0.0
6508,0.0
6509,0.0
6510,0.00687
6511,0.07387
6512,0.15669999999999998
6513,0.25765
6514,0.23283
6515,0.18391
6516,0.13485
6517,0.12229000000000001
6518,0.18558000000000002
6519,0.12426999999999999
6520,0.06731999999999999
6521,0.00517
6522,0.0
6523,0.0
6524,0.0
6525,0.0
6526,0.0
6527,0.0
6528,0.0
6529,0.0
6530,0.0
6531,0.0
6532,0.0
6533,0.0
6534,0.016550000000000002
6535,0.14034
6536,0.20725
6537,0.19572
6538,0.31903
6539,0.45587
6540,0.56763
6541,0.62451
6542,0.49223
6543,0.34262
6544,0.12063
6545,0.01497
6546,0.0
6547,0.0
6548,0.0
6549,0.0
6550,0.0
6551,0.0
6552,0.0
6553,0.0
6554,0.0
6555,0.0
6556,0.0
6557,0.0
6558,0.0019399999999999999
6559,0.040049999999999995
6560,0.07332
6561,0.13052
6562,0.20187
6563,0.23124
6564,0.36760000000000004
6565,0.18345
6566,0.19713
6567,0.22547
6568,0.15709
6569,0.01058
6570,0.0
6571,0.0
6572,0.0
6573,0.0
6574,0.0
6575,0.0
6576,0.0
6577,0.0
6578,0.0
6579,0.0
6580,0.0
6581,0.0
6582,0.011699999999999999
6583,0.0501
6584,0.09770999999999999
6585,0.1467
6586,0.18428999999999998
6587,0.23798
6588,0.18832
6589,0.32074
6590,0.21874000000000002
6591,0.10292
6592,0.04416
6593,0.00174
6594,0.0
6595,0.0
6596,0.0
6597,0.0
6598,0.0
6599,0.0
6600,0.0
6601,0.0
6602,0.0
6603,0.0
6604,0.0
6605,0.0
6606,0.01409
6607,0.09570000000000001
6608,0.13656000000000001
6609,0.18719999999999998
6610,0.15932
6611,0.26789999999999997
6612,0.23955
6613,0.15428999999999998
6614,0.09119
6615,0.08366
6616,0.028210000000000002
6617,0.00128
6618,0.0
6619,0.0
6620,0.0
6621,0.0
6622,0.0
6623,0.0
6624,0.0
6625,0.0
6626,0.0
6627,0.0
6628,0.0
6629,0.0
6630,0.01043
6631,0.040850000000000004
6632,0.08979000000000001
6633,0.16013
6634,0.29587
6635,0.1685
6636,0.18403999999999998
6637,0.31877999999999995
6638,0.24169
6639,0.17936000000000002
6640,0.07176
6641,0.00923
6642,0.0
6643,0.0
6644,0.0
6645,0.0
6646,0.0
6647,0.0
6648,0.0
6649,0.0
6650,0.0
6651,0.0
6652,0.0
6653,0.0
6654,0.01044
6655,0.07427
6656,0.19438
6657,0.28576
6658,0.38466
6659,0.46357
6660,0.5070899999999999
6661,0.53306
6662,0.43268
6663,0.2536
6664,0.08102
6665,0.00596
6666,0.0
6667,0.0
6668,0.0
6669,0.0
6670,0.0
6671,0.0
6672,0.0
6673,0.0
6674,0.0
6675,0.0
6676,0.0
6677,0.0
6678,0.00614
6679,0.01877
6680,0.05109
6681,0.14887
6682,0.16338999999999998
6683,0.18037
6684,0.28808
6685,0.22844
6686,0.27844
6687,0.20368
6688,0.10118
6689,0.01112
6690,0.0
6691,0.0
6692,0.0
6693,0.0
6694,0.0
6695,0.0
6696,0.0
6697,0.0
6698,0.0
6699,0.0
6700,0.0
6701,0.0
6702,0.0
6703,0.0
6704,0.01653
6705,0.025070000000000002
6706,0.07535
6707,0.07473
6708,0.07584
6709,0.21062
6710,0.13081
6711,0.05522
6712,0.00991
6713,4e-05
6714,0.0
6715,0.0
6716,0.0
6717,0.0
6718,0.0
6719,0.0
6720,0.0
6721,0.0
6722,0.0
6723,0.0
6724,0.0
6725,0.0
6726,0.02142
6727,0.16708
6728,0.36052999999999996
6729,0.52436
6730,0.64255
6731,0.5064
6732,0.41692
6733,0.42344
6734,0.21544
6735,0.17267
6736,0.05813
6737,0.01408
6738,0.0
6739,0.0
6740,0.0
6741,0.0
6742,0.0
6743,0.0
6744,0.0
6745,0.0
6746,0.0
6747,0.0
6748,0.0
6749,0.0
6750,0.00335
6751,0.02913
6752,0.05662
6753,0.21819
6754,0.34551
6755,0.5868099999999999
6756,0.40637
6757,0.38368
6758,0.33036
6759,0.2759
6760,0.09234
6761,0.01495
6762,0.0
6763,0.0
6764,0.0
6765,0.0
6766,0.0
6767,0.0
6768,0.0
6769,0.0
6770,0.0
6771,0.0
6772,0.0
6773,0.0
6774,0.01007
6775,0.12559
6776,0.31135
6777,0.42312
6778,0.5549700000000001
6779,0.64588
6780,0.63819
6781,0.55249
6782,0.43667
6783,0.33419
6784,0.13537000000000002
6785,0.011300000000000001
6786,0.0
6787,0.0
6788,0.0
6789,0.0
6790,0.0
6791,0.0
6792,0.0
6793,0.0
6794,0.0
6795,0.0
6796,0.0
6797,0.0
6798,0.00204
6799,0.03496
6800,0.047380000000000005
6801,0.052700000000000004
6802,0.22638999999999998
6803,0.16547
6804,0.24743
6805,0.5091100000000001
6806,0.26062
6807,0.16062
6808,0.09508
6809,0.00237
6810,0.0
6811,0.0
6812,0.0
6813,0.0
6814,0.0
6815,0.0
6816,0.0
6817,0.0
6818,0.0
6819,0.0
6820,0.0
6821,0.0
6822,0.01053
6823,0.05062
6824,0.13807
6825,0.16231
6826,0.14427
6827,0.11391
6828,0.18924000000000002
6829,0.63247
6830,0.38375
6831,0.34268
6832,0.10086
6833,0.00404
6834,0.0
6835,0.0
6836,0.0
6837,0.0
6838,0.0
6839,0.0
6840,0.0
6841,0.0
6842,0.0
6843,0.0
6844,0.0
6845,0.0
6846,0.0
6847,0.0
6848,0.0
6849,0.00063
6850,0.0038900000000000002
6851,0.01472
6852,0.00601
6853,0.13363999999999998
6854,0.09259999999999999
6855,0.09084
6856,0.0736
6857,0.00687
6858,0.0
6859,0.0
6860,0.0
6861,0.0
6862,0.0
6863,0.0
6864,0.0
6865,0.0
6866,0.0
6867,0.0
6868,0.0
6869,0.0
6870,0.0264
6871,0.18039
6872,0.34499
6873,0.49517
6874,0.55403
6875,0.58321
6876,0.62582
6877,0.55755
6878,0.47581
6879,0.33948
6880,0.14804
6881,0.01801
6882,0.0
6883,0.0
6884,0.0
6885,0.0
6886,0.0
6887,0.0
6888,0.0
6889,0.0
6890,0.0
6891,0.0
6892,0.0
6893,0.0
6894,0.015560000000000001
6895,0.07668000000000001
6896,0.23797
6897,0.4233
6898,0.45073
6899,0.59658
6900,0.48533
6901,0.5219
6902,0.4173
6903,0.20847
6904,0.09276000000000001
6905,0.00983
6906,0.0
6907,0.0
6908,0.0
6909,0.0
6910,0.0
6911,0.0
6912,0.0
6913,0.0
6914,0.0
6915,0.0
6916,0.0
6917,0.0
6918,0.01678
6919,0.11270999999999999
6920,0.20636000000000002
6921,0.31772
6922,0.35955000000000004
6923,0.30057999999999996
6924,0.29758999999999997
6925,0.23712
6926,0.20499
6927,0.11129
6928,0.03297
6929,0.00438
6930,0.0
6931,0.0
6932,0.0
6933,0.0
6934,0.0
6935,0.0
6936,0.0
6937,0.0
6938,0.0
6939,0.0
6940,0.0
6941,0.0
6942,0.02603
6943,0.11502
6944,0.216
6945,0.23821
6946,0.29407
6947,0.28472000000000003
6948,0.32539999999999997
6949,0.22263999999999998
6950,0.11247
6951,0.06971
6952,0.05153
6953,0.00252
6954,0.0
6955,0.0
6956,0.0
6957,0.0
6958,0.0
6959,0.0
6960,0.0
6961,0.0
6962,0.0
6963,0.0
6964,0.0
6965,0.0
6966,0.013869999999999999
6967,0.14454
6968,0.29389
6969,0.50376
6970,0.55276
6971,0.6272000000000001
6972,0.5002099999999999
6973,0.30654000000000003
6974,0.26367
6975,0.07095
6976,0.01668
6977,8e-05
6978,0.0
6979,0.0
6980,0.0
6981,0.0
6982,0.0
6983,0.0
6984,0.0
6985,0.0
6986,0.0
6987,0.0
6988,0.0
6989,0.0
6990,0.00894
6991,0.039009999999999996
6992,0.08131999999999999
6993,0.09963
6994,0.06495000000000001
6995,0.05971
6996,0.11831
6997,0.10423
6998,0.11195999999999999
6999,0.08741
7000,0.02961
7001,0.0052
7002,0.0
7003,0.0
7004,0.0
7005,0.0
7006,0.0
7007,0.0
7008,0.0
7009,0.0
7010,0.0
7011,0.0
7012,0.0
7013,0.0
7014,0.023309999999999997
7015,0.1585
7016,0.39138
7017,0.51251
7018,0.6007
7019,0.6237
7020,0.50731
7021,0.59373
7022,0.31868
7023,0.22402
7024,0.09884
7025,0.00774
7026,0.0
7027,0.0
7028,0.0
7029,0.0
7030,0.0
7031,0.0
7032,0.0
7033,0.0
7034,0.0
7035,0.0
7036,0.0
7037,0.0
7038,0.00369
7039,0.10773999999999999
7040,0.24378
7041,0.25463
7042,0.36441
7043,0.36787000000000003
7044,0.47185000000000005
7045,0.36606
7046,0.29262
7047,0.14679
7048,0.04987
7049,0.0020499999999999997
7050,0.0
7051,0.0
7052,0.0
7053,0.0
7054,0.0
7055,0.0
7056,0.0
7057,0.0
7058,0.0
7059,0.0
7060,0.0
7061,0.0
7062,0.004889999999999999
7063,0.04931
7064,0.11414
7065,0.13323
7066,0.23504
7067,0.40974
7068,0.31915
7069,0.46476999999999996
7070,0.32238
7071,0.16065000000000002
7072,0.05773
7073,0.0023799999999999997
7074,0.0
7075,0.0
7076,0.0
7077,0.0
7078,0.0
7079,0.0
7080,0.0
7081,0.0
7082,0.0
7083,0.0
7084,0.0
7085,0.0
7086,0.00372
7087,0.02392
7088,0.05903
7089,0.12182
7090,0.23663
7091,0.38082
7092,0.35907
7093,0.30237
7094,0.1851
7095,0.13879
7096,0.03509
7097,0.00138
7098,0.0
7099,0.0
7100,0.0
7101,0.0
7102,0.0
7103,0.0
7104,0.0
7105,0.0
7106,0.0
7107,0.0
7108,0.0
7109,0.0
7110,0.0
7111,0.00949
7112,0.06777
7113,0.07828
7114,0.03761
7115,0.07767
7116,0.1025
7117,0.13902
7118,0.10959999999999999
7119,0.10211
7120,0.05145
7121,0.00658
7122,0.0
7123,0.0
7124,0.0
7125,0.0
7126,0.0
7127,0.0
7128,0.0
7129,0.0
7130,0.0
7131,0.0
7132,0.0
7133,0.0
7134,0.01314
7135,0.11737
7136,0.21761000000000003
7137,0.44785
7138,0.57167
7139,0.59192
7140,0.60476
7141,0.5470499999999999
7142,0.36460000000000004
7143,0.25073
7144,0.09331999999999999
7145,0.0069299999999999995
7146,0.0
7147,0.0
7148,0.0
7149,0.0
7150,0.0
7151,0.0
7152,0.0
7153,0.0
7154,0.0
7155,0.0
7156,0.0
7157,0.0
7158,0.033979999999999996
7159,0.18434
7160,0.38401
7161,0.44053
7162,0.57453
7163,0.60548
7164,0.5578200000000001
7165,0.45350999999999997
7166,0.39907
7167,0.13643
7168,0.06729
7169,0.00332
7170,0.0
7171,0.0
7172,0.0
7173,0.0
7174,0.0
7175,0.0
7176,0.0
7177,0.0
7178,0.0
7179,0.0
7180,0.0
7181,0.0
7182,0.00846
7183,0.03781
7184,0.10178
7185,0.20993
7186,0.35458999999999996
7187,0.59556
7188,0.50591
7189,0.2776
7190,0.25283
7191,0.14219
7192,0.02935
7193,0.0028799999999999997
7194,0.0
7195,0.0
7196,0.0
7197,0.0
7198,0.0
7199,0.0
7200,0.0
7201,0.0
7202,0.0
7203,0.0
7204,0.0
7205,0.0
7206,0.00743
7207,0.0263
7208,0.02447
7209,0.0431
7210,0.07198
7211,0.11466
7212,0.11333
7213,0.17775
7214,0.16897
7215,0.09209999999999999
7216,0.03754
7217,0.0019399999999999999
7218,0.0
7219,0.0
7220,0.0
7221,0.0
7222,0.0
7223,0.0
7224,0.0
7225,0.0
7226,0.0
7227,0.0
7228,0.0
7229,0.0
7230,0.027329999999999997
7231,0.17959
7232,0.40069
7233,0.50569
7234,0.6118300000000001
7235,0.66892
7236,0.57937
7237,0.55003
7238,0.38714
7239,0.23717
7240,0.12406
7241,0.00561
7242,0.0
7243,0.0
7244,0.0
7245,0.0
7246,0.0
7247,0.0
7248,0.0
7249,0.0
7250,0.0
7251,0.0
7252,0.0
7253,0.0
7254,0.00478
7255,0.0288
7256,0.18581
7257,0.33732999999999996
7258,0.5176900000000001
7259,0.6158899999999999
7260,0.60465
7261,0.52286
7262,0.39219
7263,0.16307
7264,0.06922
7265,0.009720000000000001
7266,0.0
7267,0.0
7268,0.0
7269,0.0
7270,0.0
7271,0.0
7272,0.0
7273,0.0
7274,0.0
7275,0.0
7276,0.0
7277,0.0
7278,0.01337
7279,0.03409
7280,0.057
7281,0.0922
7282,0.11789
7283,0.1789
7284,0.25394
7285,0.1446
7286,0.0804
7287,0.03536
7288,0.024059999999999998
7289,0.00034
7290,0.0
7291,0.0
7292,0.0
7293,0.0
7294,0.0
7295,0.0
7296,0.0
7297,0.0
7298,0.0
7299,0.0
7300,0.0
7301,0.0
7302,0.007980000000000001
7303,0.04909
7304,0.08045000000000001
7305,0.19615000000000002
7306,0.43747
7307,0.28507
7308,0.36225999999999997
7309,0.57182
7310,0.51301
7311,0.25133
7312,0.09562999999999999
7313,0.00831
7314,0.0
7315,0.0
7316,0.0
7317,0.0
7318,0.0
7319,0.0
7320,0.0
7321,0.0
7322,0.0
7323,0.0
7324,0.0
7325,0.0
7326,0.0313
7327,0.16054
7328,0.31581
7329,0.45869
7330,0.60029
7331,0.66139
7332,0.58776
7333,0.61054
7334,0.46561
7335,0.35287
7336,0.15127000000000002
7337,0.02059
7338,0.0
7339,0.0
7340,0.0
7341,0.0
7342,0.0
7343,0.0
7344,0.0
7345,0.0
7346,0.0
7347,0.0
7348,0.0
7349,0.0
7350,0.02204
7351,0.15336000000000002
7352,0.29712
7353,0.40656
7354,0.5636599999999999
7355,0.6394299999999999
7356,0.56425
7357,0.62109
7358,0.5293
7359,0.37001999999999996
7360,0.12465999999999999
7361,0.022690000000000002
7362,0.0
7363,0.0
7364,0.0
7365,0.0
7366,0.0
7367,0.0
7368,0.0
7369,0.0
7370,0.0
7371,0.0
7372,0.0
7373,0.0
7374,0.03688
7375,0.19648
7376,0.36356
7377,0.5876
7378,0.55933
7379,0.61533
7380,0.59992
7381,0.59564
7382,0.46063
7383,0.29648
7384,0.15337
7385,0.01182
7386,0.0
7387,0.0
7388,0.0
7389,0.0
7390,0.0
7391,0.0
7392,0.0
7393,0.0
7394,0.0
7395,0.0
7396,0.0
7397,0.0
7398,0.01205
7399,0.10931999999999999
7400,0.19081
7401,0.23489
7402,0.30825
7403,0.41694
7404,0.38011
7405,0.50066
7406,0.31855
7407,0.12709
7408,0.05482
7409,0.00483
7410,0.0
7411,0.0
7412,0.0
7413,0.0
7414,0.0
7415,0.0
7416,0.0
7417,0.0
7418,0.0
7419,0.0
7420,0.0
7421,0.0
7422,0.00455
7423,0.03676
7424,0.06929
7425,0.05418
7426,0.19787000000000002
7427,0.36231
7428,0.28858
7429,0.27479000000000003
7430,0.1678
7431,0.14983000000000002
7432,0.04642
7433,0.007679999999999999
7434,0.0
7435,0.0
7436,0.0
7437,0.0
7438,0.0
7439,0.0
7440,0.0
7441,0.0
7442,0.0
7443,0.0
7444,0.0
7445,0.0
7446,0.00597
7447,0.06864
7448,0.19551
7449,0.3891
7450,0.46001
7451,0.56562
7452,0.49604000000000004
7453,0.46957
7454,0.33237
7455,0.14079
7456,0.10928
7457,0.00415
7458,0.0
7459,0.0
7460,0.0
7461,0.0
7462,0.0
7463,0.0
7464,0.0
7465,0.0
7466,0.0
7467,0.0
7468,0.0
7469,0.0
7470,0.011890000000000001
7471,0.04063
7472,0.21475
7473,0.3688
7474,0.33351
7475,0.56287
7476,0.41952
7477,0.32406999999999997
7478,0.18685
7479,0.13855
7480,0.06531
7481,0.00313
7482,0.0
7483,0.0
7484,0.0
7485,0.0
7486,0.0
7487,0.0
7488,0.0
7489,0.0
7490,0.0
7491,0.0
7492,0.0
7493,0.0
7494,0.012060000000000001
7495,0.05289
7496,0.12605
7497,0.18968000000000002
7498,0.3095
7499,0.27126
7500,0.25564
7501,0.22080000000000002
7502,0.29601
7503,0.16898
7504,0.05329
7505,0.007940000000000001
7506,0.0
7507,0.0
7508,0.0
7509,0.0
7510,0.0
7511,0.0
7512,0.0
7513,0.0
7514,0.0
7515,0.0
7516,0.0
7517,0.0
7518,0.00898
7519,0.01814
7520,0.07199
7521,0.06755
7522,0.08519
7523,0.09814
7524,0.10735
7525,0.14177
7526,0.09025
7527,0.04448
7528,0.00891
7529,0.0
7530,0.0
7531,0.0
7532,0.0
7533,0.0
7534,0.0
7535,0.0
7536,0.0
7537,0.0
7538,0.0
7539,0.0
7540,0.0
7541,0.0
7542,0.01245
7543,0.05957
7544,0.20678
7545,0.18819999999999998
7546,0.18481
7547,0.25948000000000004
7548,0.17091
7549,0.24262
7550,0.21136000000000002
7551,0.09264
7552,0.04284
7553,0.00147
7554,0.0
7555,0.0
7556,0.0
7557,0.0
7558,0.0
7559,0.0
7560,0.0
7561,0.0
7562,0.0
7563,0.0
7564,0.0
7565,0.0
7566,0.009439999999999999
7567,0.11895
7568,0.14914
7569,0.27486
7570,0.41116
7571,0.53273
7572,0.48388
7573,0.56188
7574,0.345
7575,0.16490000000000002
7576,0.057890000000000004
7577,0.00382
7578,0.0
7579,0.0
7580,0.0
7581,0.0
7582,0.0
7583,0.0
7584,0.0
7585,0.0
7586,0.0
7587,0.0
7588,0.0
7589,0.0
7590,0.00528
7591,0.06242
7592,0.21936000000000003
7593,0.2241
7594,0.28499
7595,0.49252999999999997
7596,0.48696
7597,0.50628
7598,0.36369
7599,0.20116
7600,0.03032
7601,0.0028399999999999996
7602,0.0
7603,0.0
7604,0.0
7605,0.0
7606,0.0
7607,0.0
7608,0.0
7609,0.0
7610,0.0
7611,0.0
7612,0.0
7613,0.0
7614,0.00107
7615,0.038
7616,0.13655
7617,0.15800999999999998
7618,0.27832999999999997
7619,0.52
7620,0.52403
7621,0.37757999999999997
7622,0.29692
7623,0.19137
7624,0.10836
7625,0.01211
7626,0.0
7627,0.0
7628,0.0
7629,0.0
7630,0.0
7631,0.0
7632,0.0
7633,0.0
7634,0.0
7635,0.0
7636,0.0
7637,0.0
7638,0.022949999999999998
7639,0.15403
7640,0.29912
7641,0.34029000000000004
7642,0.38837
7643,0.56871
7644,0.50097
7645,0.59488
7646,0.37501999999999996
7647,0.24668
7648,0.08421
7649,0.00922
7650,0.0
7651,0.0
7652,0.0
7653,0.0
7654,0.0
7655,0.0
7656,0.0
7657,0.0
7658,0.0
7659,0.0
7660,0.0
7661,0.0
7662,0.013550000000000001
7663,0.1076
7664,0.24611000000000002
7665,0.4654
7666,0.48744
7667,0.6256
7668,0.5648500000000001
7669,0.43807
7670,0.33526
7671,0.20055
7672,0.08674
7673,0.00439
7674,0.0
7675,0.0
7676,0.0
7677,0.0
7678,0.0
7679,0.0
7680,0.0
7681,0.0
7682,0.0
7683,0.0
7684,0.0
7685,0.0
7686,0.0023799999999999997
7687,0.04887
7688,0.15180000000000002
7689,0.17171
7690,0.30379
7691,0.42635
7692,0.39544999999999997
7693,0.23882
7694,0.23339
7695,0.1015
7696,0.09168000000000001
7697,0.0041600000000000005
7698,0.0
7699,0.0
7700,0.0
7701,0.0
7702,0.0
7703,0.0
7704,0.0
7705,0.0
7706,0.0
7707,0.0
7708,0.0
7709,0.0
7710,0.00331
7711,0.03039
7712,0.10861
7713,0.21003
7714,0.21625999999999998
7715,0.24609999999999999
7716,0.17602
7717,0.27223
7718,0.15678999999999998
7719,0.1401
7720,0.02884
7721,0.00159
7722,0.0
7723,0.0
7724,0.0
7725,0.0
7726,0.0
7727,0.0
7728,0.0
7729,0.0
7730,0.0
7731,0.0
7732,0.0
7733,0.0
7734,0.00344
7735,0.02499
7736,0.10584
7737,0.13612
7738,0.19943
7739,0.22441
7740,0.19004
7741,0.44641000000000003
7742,0.30726
7743,0.21652000000000002
7744,0.09536
7745,0.01838
7746,0.0
7747,0.0
7748,0.0
7749,0.0
7750,0.0
7751,0.0
7752,0.0
7753,0.0
7754,0.0
7755,0.0
7756,0.0
7757,0.0
7758,0.00445
7759,0.033710000000000004
7760,0.10201
7761,0.11206
7762,0.14827
7763,0.1313
7764,0.12965000000000002
7765,0.3417
7766,0.32683
7767,0.22873
7768,0.08494
7769,0.0028599999999999997
7770,0.0
7771,0.0
7772,0.0
7773,0.0
7774,0.0
7775,0.0
7776,0.0
7777,0.0
7778,0.0
7779,0.0
7780,0.0
7781,0.0
7782,0.00666
7783,0.07013
7784,0.18303999999999998
7785,0.27452
7786,0.23066
7787,0.26996
7788,0.28728
7789,0.49321
7790,0.3614
7791,0.264
7792,0.18058000000000002
7793,0.0116
7794,0.0
7795,0.0
7796,0.0
7797,0.0
7798,0.0
7799,0.0
7800,0.0
7801,0.0
7802,0.0
7803,0.0
7804,0.0
7805,0.0
7806,0.00563
7807,0.069
7808,0.12345
7809,0.28062
7810,0.35743
7811,0.49806
7812,0.5714400000000001
7813,0.48543000000000003
7814,0.40343
7815,0.30625
7816,0.15480000000000002
7817,0.02325
7818,0.0
7819,0.0
7820,0.0
7821,0.0
7822,0.0
7823,0.0
7824,0.0
7825,0.0
7826,0.0
7827,0.0
7828,0.0
7829,0.0
7830,0.00134
7831,0.01243
7832,0.04168
7833,0.13249
7834,0.23224
7835,0.20690999999999998
7836,0.22526
7837,0.37338
7838,0.48452999999999996
7839,0.25355
7840,0.09365000000000001
7841,0.01088
7842,0.0
7843,0.0
7844,0.0
7845,0.0
7846,0.0
7847,0.0
7848,0.0
7849,0.0
7850,0.0
7851,0.0
7852,0.0
7853,0.0
7854,0.0013700000000000001
7855,0.02258
7856,0.09667
7857,0.27543
7858,0.35758
7859,0.39712000000000003
7860,0.49739
7861,0.14986000000000002
7862,0.14656
7863,0.11728
7864,0.058929999999999996
7865,0.00571
7866,0.0
7867,0.0
7868,0.0
7869,0.0
7870,0.0
7871,0.0
7872,0.0
7873,0.0
7874,0.0
7875,0.0
7876,0.0
7877,0.0
7878,0.0152
7879,0.06709999999999999
7880,0.14632
7881,0.22324000000000002
7882,0.28334
7883,0.30507999999999996
7884,0.2522
7885,0.48068
7886,0.37351
7887,0.22719999999999999
7888,0.07578
7889,0.014039999999999999
7890,0.0
7891,0.0
7892,0.0
7893,0.0
7894,0.0
7895,0.0
7896,0.0
7897,0.0
7898,0.0
7899,0.0
7900,0.0
7901,0.0
7902,0.01782
7903,0.16146000000000002
7904,0.21888999999999997
7905,0.19166
7906,0.17447
7907,0.21622
7908,0.1797
7909,0.55936
7910,0.4471
7911,0.21212999999999999
7912,0.07042
7913,0.00598
7914,0.0
7915,0.0
7916,0.0
7917,0.0
7918,0.0
7919,0.0
7920,0.0
7921,0.0
7922,0.0
7923,0.0
7924,0.0
7925,0.0
7926,0.01729
7927,0.15156999999999998
7928,0.35334
7929,0.33088999999999996
7930,0.45646
7931,0.61398
7932,0.41993
7933,0.41738
7934,0.17056
7935,0.12015
7936,0.09104999999999999
7937,0.0071200000000000005
7938,0.0
7939,0.0
7940,0.0
7941,0.0
7942,0.0
7943,0.0
7944,0.0
7945,0.0
7946,0.0
7947,0.0
7948,0.0
7949,0.0
7950,0.00596
7951,0.09226000000000001
7952,0.28193
7953,0.36510000000000004
7954,0.5555399999999999
7955,0.57521
7956,0.5682699999999999
7957,0.48291
7958,0.3997
7959,0.15458000000000002
7960,0.05797
7961,0.00387
7962,0.0
7963,0.0
7964,0.0
7965,0.0
7966,0.0
7967,0.0
7968,0.0
7969,0.0
7970,0.0
7971,0.0
7972,0.0
7973,0.0
7974,0.01112
7975,0.09559999999999999
7976,0.21217
7977,0.3404
7978,0.35842
7979,0.50393
7980,0.54714
7981,0.47087
7982,0.42454000000000003
7983,0.22497
7984,0.10778
7985,0.01122
7986,0.0
7987,0.0
7988,0.0
7989,0.0
7990,0.0
7991,0.0
7992,0.0
7993,0.0
7994,0.0
7995,0.0
7996,0.0
7997,0.0
7998,0.00819
7999,0.07701999999999999
8000,0.19054
8001,0.32649
8002,0.42684
8003,0.48319
8004,0.25931
8005,0.38593
8006,0.27938
8007,0.18195
8008,0.09827
8009,0.00901
8010,0.0
8011,0.0
8012,0.0
8013,0.0
8014,0.0
8015,0.0
8016,0.0
8017,0.0
8018,0.0
8019,0.0
8020,0.0
8021,0.0
8022,0.01173
8023,0.05607
8024,0.17656
8025,0.236
8026,0.34747
8027,0.503
8028,0.5629400000000001
8029,0.44182
8030,0.37906
8031,0.17884
8032,0.07289
8033,0.00728
8034,0.0
8035,0.0
8036,0.0
8037,0.0
8038,0.0
8039,0.0
8040,0.0
8041,0.0
8042,0.0
8043,0.0
8044,0.0
8045,0.0
8046,0.00015
8047,0.01523
8048,0.05368
8049,0.0879
8050,0.08626
8051,0.26252
8052,0.30979
8053,0.27485000000000004
8054,0.32367
8055,0.23126
8056,0.15344999999999998
8057,0.01326
8058,0.0
8059,0.0
8060,0.0
8061,0.0
8062,0.0
8063,0.0
8064,0.0
8065,0.0
8066,0.0
8067,0.0
8068,0.0
8069,0.0
8070,0.00014000000000000001
8071,0.01341
8072,0.04263
8073,0.06787
8074,0.20408
8075,0.20098
8076,0.2552
8077,0.45268
8078,0.40624
8079,0.13658
8080,0.07261
8081,0.00598
8082,0.0
8083,0.0
8084,0.0
8085,0.0
8086,0.0
8087,0.0
8088,0.0
8089,0.0
8090,0.0
8091,0.0
8092,0.0
8093,0.0
8094,0.0
8095,0.00932
8096,0.022719999999999997
8097,0.08709
8098,0.18447
8099,0.3138
8100,0.5629500000000001
8101,0.4564
8102,0.4214
8103,0.20544
8104,0.12207
8105,0.01442
8106,0.0
8107,0.0
8108,0.0
8109,0.0
8110,0.0
8111,0.0
8112,0.0
8113,0.0
8114,0.0
8115,0.0
8116,0.0
8117,0.0
8118,0.0018700000000000001
8119,0.02825
8120,0.12118999999999999
8121,0.14341
8122,0.27612000000000003
8123,0.366
8124,0.40186
8125,0.4541
8126,0.44556
8127,0.28107
8128,0.13563999999999998
8129,0.016460000000000002
8130,0.0
8131,0.0
8132,0.0
8133,0.0
8134,0.0
8135,0.0
8136,0.0
8137,0.0
8138,0.0
8139,0.0
8140,0.0
8141,0.0
8142,0.00061
8143,0.03581
8144,0.20476
8145,0.245
8146,0.41246
8147,0.42027
8148,0.42945
8149,0.43569
8150,0.36581
8151,0.23671999999999999
8152,0.07036
8153,0.010150000000000001
8154,0.0
8155,0.0
8156,0.0
8157,0.0
8158,0.0
8159,0.0
8160,0.0
8161,0.0
8162,0.0
8163,0.0
8164,0.0
8165,0.0
8166,7.000000000000001e-05
8167,0.02492
8168,0.09686
8169,0.15150999999999998
8170,0.21494
8171,0.40522
8172,0.39555
8173,0.54861
8174,0.29411000000000004
8175,0.19074000000000002
8176,0.06003
8177,0.00373
8178,0.0
8179,0.0
8180,0.0
8181,0.0
8182,0.0
8183,0.0
8184,0.0
8185,0.0
8186,0.0
8187,0.0
8188,0.0
8189,0.0
8190,0.0
8191,0.01079
8192,0.07275
8193,0.20939
8194,0.31006
8195,0.45198
8196,0.39416
8197,0.34856
8198,0.19873
8199,0.12384
8200,0.07372
8201,0.007940000000000001
8202,0.0
8203,0.0
8204,0.0
8205,0.0
8206,0.0
8207,0.0
8208,0.0
8209,0.0
8210,0.0
8211,0.0
8212,0.0
8213,0.0
8214,0.00762
8215,0.05378
8216,0.16785
8217,0.29788
8218,0.33576
8219,0.43707
8220,0.47818
8221,0.40893
8222,0.36363999999999996
8223,0.17651
8224,0.09773
8225,0.01077
8226,0.0
8227,0.0
8228,0.0
8229,0.0
8230,0.0
8231,0.0
8232,0.0
8233,0.0
8234,0.0
8235,0.0
8236,0.0
8237,0.0
8238,0.00663
8239,0.039119999999999995
8240,0.11932
8241,0.19346000000000002
8242,0.38683999999999996
8243,0.44971
8244,0.44459
8245,0.42142
8246,0.32639
8247,0.27782999999999997
8248,0.0586
8249,0.00047999999999999996
8250,0.0
8251,0.0
8252,0.0
8253,0.0
8254,0.0
8255,0.0
8256,0.0
8257,0.0
8258,0.0
8259,0.0
8260,0.0
8261,0.0
8262,0.01126
8263,0.13041999999999998
8264,0.29229
8265,0.47220999999999996
8266,0.55943
8267,0.50913
8268,0.6374099999999999
8269,0.46482999999999997
8270,0.44397000000000003
8271,0.29323
8272,0.18059
8273,0.03102
8274,0.0
8275,0.0
8276,0.0
8277,0.0
8278,0.0
8279,0.0
8280,0.0
8281,0.0
8282,0.0
8283,0.0
8284,0.0
8285,0.0
8286,0.00774
8287,0.08004
8288,0.21972
8289,0.3963
8290,0.44983
8291,0.50526
8292,0.41202999999999995
8293,0.46235000000000004
8294,0.32655
8295,0.28748
8296,0.16377
8297,0.027809999999999998
8298,0.0
8299,0.0
8300,0.0
8301,0.0
8302,0.0
8303,0.0
8304,0.0
8305,0.0
8306,0.0
8307,0.0
8308,0.0
8309,0.0
8310,0.00919
8311,0.06484999999999999
8312,0.17588
8313,0.28786
8314,0.4092
8315,0.36839999999999995
8316,0.48978
8317,0.5320199999999999
8318,0.42266000000000004
8319,0.32675
8320,0.15125
8321,0.01564
8322,0.0
8323,0.0
8324,0.0
8325,0.0
8326,0.0
8327,0.0
8328,0.0
8329,0.0
8330,0.0
8331,0.0
8332,0.0
8333,0.0
8334,0.00357
8335,0.046060000000000004
8336,0.11264
8337,0.19244
8338,0.22616999999999998
8339,0.31833999999999996
8340,0.348
8341,0.25433
8342,0.29364999999999997
8343,0.3217
8344,0.10234
8345,0.012039999999999999
8346,0.0
8347,0.0
8348,0.0
8349,0.0
8350,0.0
8351,0.0
8352,0.0
8353,0.0
8354,0.0
8355,0.0
8356,0.0
8357,0.0
8358,0.00799
8359,0.10468999999999999
8360,0.27511
8361,0.36476
8362,0.42256
8363,0.42493000000000003
8364,0.45988
8365,0.4204
8366,0.37674
8367,0.13486
8368,0.09086
8369,0.02484
8370,0.0
8371,0.0
8372,0.0
8373,0.0
8374,0.0
8375,0.0
8376,0.0
8377,0.0
8378,0.0
8379,0.0
8380,0.0
8381,0.0
8382,0.00857
8383,0.1043
8384,0.23092
8385,0.32575
8386,0.40114
8387,0.54815
8388,0.60623
8389,0.4818
8390,0.38802
8391,0.3113
8392,0.1913
8393,0.038729999999999994
8394,0.0
8395,0.0
8396,0.0
8397,0.0
8398,0.0
8399,0.0
8400,0.0
8401,0.0
8402,0.0
8403,0.0
8404,0.0
8405,0.0
8406,0.00436
8407,0.046060000000000004
8408,0.11629
8409,0.18165
8410,0.28085000000000004
8411,0.31
8412,0.29938
8413,0.46568
8414,0.24709
8415,0.14754
8416,0.04327
8417,0.00747
8418,0.0
8419,0.0
8420,0.0
8421,0.0
8422,0.0
8423,0.0
8424,0.0
8425,0.0
8426,0.0
8427,0.0
8428,0.0
8429,0.0
8430,0.0
8431,0.00801
8432,0.03444
8433,0.02224
8434,0.15649000000000002
8435,0.20176
8436,0.3048
8437,0.34366
8438,0.23013999999999998
8439,0.12757
8440,0.07726999999999999
8441,0.01242
8442,0.0
8443,0.0
8444,0.0
8445,0.0
8446,0.0
8447,0.0
8448,0.0
8449,0.0
8450,0.0
8451,0.0
8452,0.0
8453,0.0
8454,0.00828
8455,0.13949
8456,0.31716
8457,0.47841
8458,0.58425
8459,0.54844
8460,0.6769299999999999
8461,0.4481
8462,0.31910000000000005
8463,0.20474
8464,0.12728
8465,0.016739999999999998
8466,0.0
8467,0.0
8468,0.0
8469,0.0
8470,0.0
8471,0.0
8472,0.0
8473,0.0
8474,0.0
8475,0.0
8476,0.0
8477,0.0
8478,0.00049
8479,0.04592
8480,0.11181999999999999
8481,0.1469
8482,0.16738
8483,0.27814
8484,0.37825
8485,0.34513
8486,0.26791000000000004
8487,0.13406
8488,0.04492
8489,0.013380000000000001
8490,0.0
8491,0.0
8492,0.0
8493,0.0
8494,0.0
8495,0.0
8496,0.0
8497,0.0
8498,0.0
8499,0.0
8500,0.0
8501,0.0
8502,0.00899
8503,0.12698
8504,0.2817
8505,0.37825
8506,0.5155
8507,0.5885
8508,0.64615
8509,0.45782999999999996
8510,0.41175
8511,0.27611
8512,0.17288
8513,0.041960000000000004
8514,0.0
8515,0.0
8516,0.0
8517,0.0
8518,0.0
8519,0.0
8520,0.0
8521,0.0
8522,0.0
8523,0.0
8524,0.0
8525,0.0
8526,0.0
8527,0.02183
8528,0.027260000000000003
8529,0.09240000000000001
8530,0.17939
8531,0.3307
8532,0.43092
8533,0.4088
8534,0.36716000000000004
8535,0.1623
8536,0.0719
8537,0.0112
8538,0.0
8539,0.0
8540,0.0
8541,0.0
8542,0.0
8543,0.0
8544,0.0
8545,0.0
8546,0.0
8547,0.0
8548,0.0
8549,0.0
8550,0.00044
8551,0.02558
8552,0.09812
8553,0.20545
8554,0.27882999999999997
8555,0.176
8556,0.46401
8557,0.53942
8558,0.34188999999999997
8559,0.21567
8560,0.11198999999999999
8561,0.01893
8562,0.0
8563,0.0
8564,0.0
8565,0.0
8566,0.0
8567,0.0
8568,0.0
8569,0.0
8570,0.0
8571,0.0
8572,0.0
8573,0.0
8574,0.0
8575,0.00453
8576,0.06364
8577,0.09888
8578,0.23021
8579,0.25057
8580,0.30751
8581,0.37587
8582,0.20901
8583,0.18700999999999998
8584,0.07067
8585,0.019440000000000002
8586,0.0
8587,0.0
8588,0.0
8589,0.0
8590,0.0
8591,0.0
8592,0.0
8593,0.0
8594,0.0
8595,0.0
8596,0.0
8597,0.0
8598,0.00632
8599,0.15068
8600,0.31801
8601,0.4585
8602,0.58814
8603,0.6036
8604,0.41713
8605,0.5334099999999999
8606,0.36063999999999996
8607,0.24578
8608,0.1194
8609,0.01043
8610,0.0
8611,0.0
8612,0.0
8613,0.0
8614,0.0
8615,0.0
8616,0.0
8617,0.0
8618,0.0
8619,0.0
8620,0.0
8621,0.0
8622,0.0017800000000000001
8623,0.02653
8624,0.07236
8625,0.07941
8626,0.17298
8627,0.16282
8628,0.18693
8629,0.26880000000000004
8630,0.10579999999999999
8631,0.08479
8632,0.041979999999999996
8633,0.019760000000000003
8634,0.0
8635,0.0
8636,0.0
8637,0.0
8638,0.0
8639,0.0
8640,0.0
8641,0.0
8642,0.0
8643,0.0
8644,0.0
8645,0.0
8646,0.00185
8647,0.05183
8648,0.15377000000000002
8649,0.32212999999999997
8650,0.46236
8651,0.49917
8652,0.37667
8653,0.46576999999999996
8654,0.53114
8655,0.31711
8656,0.16235
8657,0.03351
8658,0.0
8659,0.0
8660,0.0
8661,0.0
8662,0.0
8663,0.0
8664,0.0
8665,0.0
8666,0.0
8667,0.0
8668,0.0
8669,0.0
8670,0.00209
8671,0.08653
8672,0.26824000000000003
8673,0.46248
8674,0.52479
8675,0.56726
8676,0.46652
8677,0.52646
8678,0.34632999999999997
8679,0.21944
8680,0.12420999999999999
8681,0.03438
8682,0.0
8683,0.0
8684,0.0
8685,0.0
8686,0.0
8687,0.0
8688,0.0
8689,0.0
8690,0.0
8691,0.0
8692,0.0
8693,0.0
8694,0.0
8695,0.00294
8696,0.032310000000000005
8697,0.056600000000000004
8698,0.062009999999999996
8699,0.20801
8700,0.21685
8701,0.23491
8702,0.23098
8703,0.12988
8704,0.056100000000000004
8705,0.00382
8706,0.0
8707,0.0
8708,0.0
8709,0.0
8710,0.0
8711,0.0
8712,0.0
8713,0.0
8714,0.0
8715,0.0
8716,0.0
8717,0.0
8718,0.00011999999999999999
8719,0.040729999999999995
8720,0.11501
8721,0.12536
8722,0.31877
8723,0.4639
8724,0.36921
8725,0.22337
8726,0.24693
8727,0.15932
8728,0.06275
8729,0.0047599999999999995
8730,0.0
8731,0.0
8732,0.0
8733,0.0
8734,0.0
8735,0.0
8736,0.0
8737,0.0
8738,0.0
8739,0.0
8740,0.0
8741,0.0
8742,0.0
8743,0.00329
8744,0.02498
8745,0.04463
8746,0.10105
8747,0.22779
8748,0.24547
8749,0.36083
8750,0.27514
8751,0.22659
8752,0.11514
8753,0.14880000000000002
8754,0.0
8755,0.0
8756,0.0
8757,0.0
8758,0.0
8759,0.0
