,pv_per_unit
0,0.0
1,0.0
2,0.0
3,0.0
4,0.0
5,0.0
6,0.00475
7,0.11957999999999999
8,0.38829
9,0.57278
10,0.58875
11,0.69726
12,0.7038
13,0.6382000000000001
14,0.51588
15,0.38905
16,0.17999
17,0.01584
18,0.0
19,0.0
20,0.0
21,0.0
22,0.0
23,0.0
24,0.0
25,0.0
26,0.0
27,0.0
28,0.0
29,0.0
30,0.00575
31,0.15303
32,0.40338
33,0.55029
34,0.57656
35,0.6248400000000001
36,0.6000700000000001
37,0.52007
38,0.34618
39,0.26474000000000003
40,0.11292
41,0.01449
42,0.0
43,0.0
44,0.0
45,0.0
46,0.0
47,0.0
48,0.0
49,0.0
50,0.0
51,0.0
52,0.0
53,0.0
54,7.000000000000001e-05
55,0.044289999999999996
56,0.11025
57,0.1824
58,0.38308
59,0.38492000000000004
60,0.391
61,0.33244
62,0.34234
63,0.27059
64,0.0709
65,0.01275
66,0.0
67,0.0
68,0.0
69,0.0
70,0.0
71,0.0
72,0.0
73,0.0
74,0.0
75,0.0
76,0.0
77,0.0
78,0.00311
79,0.13328
80,0.32387
81,0.46958
82,0.5031
83,0.52319
84,0.5108199999999999
85,0.55698
86,0.47151
87,0.36146
88,0.18389
89,0.020370000000000003
90,0.0
91,0.0
92,0.0
93,0.0
94,0.0
95,0.0
96,0.0
97,0.0
98,0.0
99,0.0
100,0.0
101,0.0
102,0.00608
103,0.09211
104,0.32112999999999997
105,0.46718
106,0.54196
107,0.6708999999999999
108,0.5784400000000001
109,0.5184500000000001
110,0.42557
111,0.31007999999999997
112,0.16966
113,0.01967
114,0.0
115,0.0
116,0.0
117,0.0
118,0.0
119,0.0
120,0.0
121,0.0
122,0.0
123,0.0
124,0.0
125,0.0
126,0.00663
127,0.10686
128,0.21381
129,0.29796
130,0.47187
131,0.62111
132,0.66946
133,0.5364800000000001
134,0.42041
135,0.29637
136,0.15846000000000002
137,0.023940000000000003
138,0.0
139,0.0
140,0.0
141,0.0
142,0.0
143,0.0
144,0.0
145,0.0
146,0.0
147,0.0
148,0.0
149,0.0
150,0.00684
151,0.13726
152,0.30721
153,0.54376
154,0.60888
155,0.65392
156,0.50187
157,0.34058
158,0.27702
159,0.15026
160,0.08119
161,0.01334
162,0.0
163,0.0
164,0.0
165,0.0
166,0.0
167,0.0
168,0.0
169,0.0
170,0.0
171,0.0
172,0.0
173,0.0
174,0.00512
175,0.10556
176,0.34404
177,0.43160000000000004
178,0.56399
179,0.58569
180,0.45553
181,0.43266000000000004
182,0.30569
183,0.21825999999999998
184,0.10887999999999999
185,0.01269
186,0.0
187,0.0
188,0.0
189,0.0
190,0.0
191,0.0
192,0.0
193,0.0
194,0.0
195,0.0
196,0.0
197,0.0
198,0.00039
199,0.05753
200,0.13406
201,0.21849000000000002
202,0.34054
203,0.42081999999999997
204,0.48022000000000004
205,0.33288999999999996
206,0.26594999999999996
207,0.22638999999999998
208,0.10976000000000001
209,0.01368
210,0.0
211,0.0
212,0.0
213,0.0
214,0.0
215,0.0
216,0.0
217,0.0
218,0.0
219,0.0
220,0.0
221,0.0
222,0.00292
223,0.030920000000000003
224,0.10203
225,0.19356
226,0.26106
227,0.36831
228,0.37181000000000003
229,0.37593
230,0.35899000000000003
231,0.27031
232,0.12187
233,0.02146
234,0.0
235,0.0
236,0.0
237,0.0
238,0.0
239,0.0
240,0.0
241,0.0
242,0.0
243,0.0
244,0.0
245,0.0
246,0.00146
247,0.09273999999999999
248,0.21816
249,0.33647000000000005
250,0.48728
251,0.5418099999999999
252,0.54934
253,0.54835
254,0.40016
255,0.25667
256,0.15056
257,0.019809999999999998
258,0.0
259,0.0
260,0.0
261,0.0
262,0.0
263,0.0
264,0.0
265,0.0
266,0.0
267,0.0
268,0.0
269,0.0
270,0.0015300000000000001
271,0.06655
272,0.10058
273,0.30747
274,0.368
275,0.5256000000000001
276,0.65665
277,0.44976
278,0.35429
279,0.31757
280,0.16838
281,0.02517
282,0.0
283,0.0
284,0.0
285,0.0
286,0.0
287,0.0
288,0.0
289,0.0
290,0.0
291,0.0
292,0.0
293,0.0
294,0.00252
295,0.09979
296,0.27634
297,0.41417000000000004
298,0.41804
299,0.49912
300,0.5243300000000001
301,0.41545
302,0.44488
303,0.31881
304,0.13823
305,0.0159
306,0.0
307,0.0
308,0.0
309,0.0
310,0.0
311,0.0
312,0.0
313,0.0
314,0.0
315,0.0
316,0.0
317,0.0
318,0.005059999999999999
319,0.10219
320,0.32571
321,0.45252
322,0.50075
323,0.53969
324,0.6241
325,0.55896
326,0.42669999999999997
327,0.33401
328,0.13082
329,0.020370000000000003
330,0.0
331,0.0
332,0.0
333,0.0
334,0.0
335,0.0
336,0.0
337,0.0
338,0.0
339,0.0
340,0.0
341,0.0
342,0.00421
343,0.13541
344,0.28702999999999995
345,0.47963
346,0.58531
347,0.57843
348,0.6399
349,0.42186
350,0.30818
351,0.16857
352,0.09054999999999999
353,0.01339
354,0.0
355,0.0
356,0.0
357,0.0
358,0.0
359,0.0
360,0.0
361,0.0
362,0.0
363,0.0
364,0.0
365,0.0
366,0.00376
367,0.08533
368,0.27502
369,0.24204
370,0.44681
371,0.58209
372,0.45275
373,0.41234
374,0.29627
375,0.23088
376,0.10524
377,0.01881
378,0.0
379,0.0
380,0.0
381,0.0
382,0.0
383,0.0
384,0.0
385,0.0
386,0.0
387,0.0
388,0.0
389,0.0
390,7.000000000000001e-05
391,0.03669
392,0.11328
393,0.33214
394,0.46052
395,0.51998
396,0.43921
397,0.47652
398,0.43954000000000004
399,0.25376
400,0.11661
401,0.02209
402,0.0
403,0.0
404,0.0
405,0.0
406,0.0
407,0.0
408,0.0
409,0.0
410,0.0
411,0.0
412,0.0
413,0.0
414,0.0024700000000000004
415,0.12494
416,0.32212
417,0.51001
418,0.60294
419,0.70209
420,0.6997599999999999
421,0.61099
422,0.37951999999999997
423,0.39788
424,0.22413999999999998
425,0.03365
426,0.0
427,0.0
428,0.0
429,0.0
430,0.0
431,0.0
432,0.0
433,0.0
434,0.0
435,0.0
436,0.0
437,0.0
438,0.0038799999999999998
439,0.1399
440,0.31987
441,0.5455
442,0.6257699999999999
443,0.72089
444,0.6922
445,0.58426
446,0.51578
447,0.41729
448,0.20579
449,0.04003
450,0.0
451,0.0
452,0.0
453,0.0
454,0.0
455,0.0
456,0.0
457,0.0
458,0.0
459,0.0
460,0.0
461,0.0
462,0.00346
463,0.12362999999999999
464,0.3097
465,0.50495
466,0.60724
467,0.7106399999999999
468,0.61185
469,0.6161599999999999
470,0.46784
471,0.34232
472,0.1825
473,0.02056
474,0.0
475,0.0
476,0.0
477,0.0
478,0.0
479,0.0
480,0.0
481,0.0
482,0.0
483,0.0
484,0.0
485,0.0
486,0.00221
487,0.15835
488,0.27758999999999995
489,0.41591
490,0.50981
491,0.60064
492,0.61213
493,0.5945499999999999
494,0.45065
495,0.27992
496,0.11072
497,0.02966
498,0.0
499,0.0
500,0.0
501,0.0
502,0.0
503,0.0
504,0.0
505,0.0
506,0.0
507,0.0
508,0.0
509,0.0
510,0.00424
511,0.11926
512,0.30675
513,0.52537
514,0.58241
515,0.63117
516,0.62824
517,0.5611900000000001
518,0.42771
519,0.23624
520,0.15772
521,0.02981
522,0.0
523,0.0
524,0.0
525,0.0
526,0.0
527,0.0
528,0.0
529,0.0
530,0.0
531,0.0
532,0.0
533,0.0
534,0.00392
535,0.14655
536,0.34511000000000003
537,0.54108
538,0.6641900000000001
539,0.64234
540,0.69872
541,0.59687
542,0.53196
543,0.26356999999999997
544,0.14783000000000002
545,0.03768
546,0.0
547,0.0
548,0.0
549,0.0
550,0.0
551,0.0
552,0.0
553,0.0
554,0.0
555,0.0
556,0.0
557,0.0
558,0.0038
559,0.13411
560,0.36113999999999996
561,0.44064
562,0.5425399999999999
563,0.6574
564,0.62112
565,0.54701
566,0.38925
567,0.2765
568,0.16291
569,0.03565
570,0.0
571,0.0
572,0.0
573,0.0
574,0.0
575,0.0
576,0.0
577,0.0
578,0.0
579,0.0
580,0.0
581,0.0
582,0.00225
583,0.09429000000000001
584,0.28762
585,0.40844
586,0.52001
587,0.5894400000000001
588,0.42731
589,0.41654
590,0.308
591,0.17815
592,0.08688
593,0.02179
594,0.0
595,0.0
596,0.0
597,0.0
598,0.0
599,0.0
600,0.0
601,0.0
602,0.0
603,0.0
604,0.0
605,0.0
606,0.00362
607,0.11831
608,0.28937
609,0.4625
610,0.61665
611,0.59078
612,0.54862
613,0.45953
614,0.29639
615,0.19458
616,0.10683
617,0.020640000000000002
618,0.0
619,0.0
620,0.0
621,0.0
622,0.0
623,0.0
624,0.0
625,0.0
626,0.0
627,0.0
628,0.0
629,0.0
630,0.001
631,0.10797
632,0.24841999999999997
633,0.37507999999999997
634,0.47448
635,0.45500999999999997
636,0.49005
637,0.44844
638,0.36604000000000003
639,0.21741
640,0.12432
641,0.01448
642,0.0
643,0.0
644,0.0
645,0.0
646,0.0
647,0.0
648,0.0
649,0.0
650,0.0
651,0.0
652,0.0
653,0.0
654,0.00264
655,0.10653
656,0.35024
657,0.57855
658,0.6648999999999999
659,0.71105
660,0.53395
661,0.51119
662,0.38343
663,0.26941000000000004
664,0.16138999999999998
665,0.03214
666,0.0
667,0.0
668,0.0
669,0.0
670,0.0
671,0.0
672,0.0
673,0.0
674,0.0
675,0.0
676,0.0
677,0.0
678,0.00382
679,0.14192
680,0.34864999999999996
681,0.59353
682,0.7185499999999999
683,0.76786
684,0.7593
685,0.71497
686,0.59636
687,0.44977999999999996
688,0.24472
689,0.05112
690,0.0
691,0.0
692,0.0
693,0.0
694,0.0
695,0.0
696,0.0
697,0.0
698,0.0
699,0.0
700,0.0
701,0.0
702,0.0037099999999999998
703,0.09998
704,0.27993
705,0.40604
706,0.46584
707,0.5449700000000001
708,0.47811000000000003
709,0.42316000000000004
710,0.28748
711,0.30445999999999995
712,0.14509
713,0.030170000000000002
714,0.0
715,0.0
716,0.0
717,0.0
718,0.0
719,0.0
720,0.0
721,0.0
722,0.0
723,0.0
724,0.0
725,0.0
726,0.00225
727,0.10665999999999999
728,0.31073
729,0.47468
730,0.5215299999999999
731,0.51827
732,0.58878
733,0.48148
734,0.3984
735,0.30158999999999997
736,0.10646
737,0.03528
738,0.0
739,0.0
740,0.0
741,0.0
742,0.0
743,0.0
744,0.0
745,0.0
746,0.0
747,0.0
748,0.0
749,0.0
750,0.0
751,0.01907
752,0.06068
753,0.15143
754,0.26474000000000003
755,0.4092
756,0.39392
757,0.39655
758,0.42945
759,0.302
760,0.13065000000000002
761,0.03729
762,0.0
763,0.0
764,0.0
765,0.0
766,0.0
767,0.0
768,0.0
769,0.0
770,0.0
771,0.0
772,0.0
773,0.0
774,0.0
775,0.03687
776,0.24608000000000002
777,0.34858
778,0.34211
779,0.53222
780,0.47192
781,0.5037699999999999
782,0.39137
783,0.34919
784,0.2084
785,0.04039
786,0.0
787,0.0
788,0.0
789,0.0
790,0.0
791,0.0
792,0.0
793,0.0
794,0.0
795,0.0
796,0.0
797,0.0
798,0.00107
799,0.053950000000000005
800,0.19575
801,0.24154
802,0.34063
803,0.28201
804,0.47434
805,0.4691
806,0.27818
807,0.219
808,0.09968
809,0.019719999999999998
810,0.0
811,0.0
812,0.0
813,0.0
814,0.0
815,0.0
816,0.0
817,0.0
818,0.0
819,0.0
820,0.0
821,0.0
822,0.0032
823,0.1197
824,0.36860000000000004
825,0.49694
826,0.5952000000000001
827,0.68832
828,0.57499
829,0.6085900000000001
830,0.42649000000000004
831,0.39038999999999996
832,0.19766
833,0.05045
834,0.0
835,0.0
836,0.0
837,0.0
838,0.0
839,0.0
840,0.0
841,0.0
842,0.0
843,0.0
844,0.0
845,0.0
846,0.0022
847,0.11885
848,0.31660000000000005
849,0.54879
850,0.59089
851,0.62019
852,0.59081
853,0.57169
854,0.49753
855,0.32913
856,0.22211
857,0.04906
858,0.0
859,0.0
860,0.0
861,0.0
862,0.0
863,0.0
864,0.0
865,0.0
866,0.0
867,0.0
868,0.0
869,0.0
870,0.0030299999999999997
871,0.13290000000000002
872,0.22802
873,0.46864
874,0.59634
875,0.63887
876,0.63542
877,0.5190499999999999
878,0.49925
879,0.33825
880,0.1815
881,0.045770000000000005
882,0.0
883,0.0
884,0.0
885,0.0
886,0.0
887,0.0
888,0.0
889,0.0
890,0.0
891,0.0
892,0.0
893,0.0
894,0.00225
895,0.13236
896,0.30484
897,0.47238
898,0.5397799999999999
899,0.6352899999999999
900,0.63328
901,0.48787
902,0.48194
903,0.35969999999999996
904,0.16828
905,0.03492
906,0.0
907,0.0
908,0.0
909,0.0
910,0.0
911,0.0
912,0.0
913,0.0
914,0.0
915,0.0
916,0.0
917,0.0
918,0.00377
919,0.09626
920,0.27161
921,0.46614999999999995
922,0.48702999999999996
923,0.5939800000000001
924,0.5982000000000001
925,0.49127
926,0.5049399999999999
927,0.36319999999999997
928,0.16788
929,0.04743
930,0.0
931,0.0
932,0.0
933,0.0
934,0.0
935,0.0
936,0.0
937,0.0
938,0.0
939,0.0
940,0.0
941,0.0
942,0.0013700000000000001
943,0.07840000000000001
944,0.20865
945,0.26171
946,0.39429000000000003
947,0.40845
948,0.52713
949,0.5077699999999999
950,0.49071
951,0.31718999999999997
952,0.19488999999999998
953,0.04145
954,0.0
955,0.0
956,0.0
957,0.0
958,0.0
959,0.0
960,0.0
961,0.0
962,0.0
963,0.0
964,0.0
965,0.0
966,0.00233
967,0.12664
968,0.30067
969,0.42038
970,0.6369900000000001
971,0.69092
972,0.66561
973,0.5142
974,0.43563999999999997
975,0.25777
976,0.14316
977,0.03225
978,0.0
979,0.0
980,0.0
981,0.0
982,0.0
983,0.0
984,0.0
985,0.0
986,0.0
987,0.0
988,0.0
989,0.0
990,0.00211
991,0.08798
992,0.16122999999999998
993,0.32854
994,0.41383
995,0.52175
996,0.47317000000000004
997,0.49933999999999995
998,0.46255
999,0.26653
1000,0.17755
1001,0.0386
1002,0.0
1003,0.0
1004,0.0
1005,0.0
1006,0.0
1007,0.0
1008,0.0
1009,0.0
1010,0.0
1011,0.0
1012,0.0
1013,0.0
1014,0.0037400000000000003
1015,0.11626
1016,0.23798
1017,0.42658999999999997
1018,0.5576599999999999
1019,0.62083
1020,0.6640499999999999
1021,0.51083
1022,0.44417
1023,0.31636000000000003
1024,0.18724000000000002
1025,0.03651
1026,0.0
1027,0.0
1028,0.0
1029,0.0
1030,0.0
1031,0.0
1032,0.0
1033,0.0
1034,0.0
1035,0.0
1036,0.0
1037,0.0
1038,0.00517
1039,0.12509
1040,0.31818
1041,0.45765
1042,0.58197
1043,0.63847
1044,0.62506
1045,0.61539
1046,0.46312000000000003
1047,0.38212
1048,0.15218
1049,0.02094
1050,0.0
1051,0.0
1052,0.0
1053,0.0
1054,0.0
1055,0.0
1056,0.0
1057,0.0
1058,0.0
1059,0.0
1060,0.0
1061,0.0
1062,0.00445
1063,0.11333
1064,0.29169
1065,0.37703
1066,0.5712200000000001
1067,0.5937100000000001
1068,0.5778300000000001
1069,0.53855
1070,0.35975
1071,0.21195
1072,0.09345
1073,0.02591
1074,0.0
1075,0.0
1076,0.0
1077,0.0
1078,0.0
1079,0.0
1080,0.0
1081,0.0
1082,0.0
1083,0.0
1084,0.0
1085,0.0
1086,0.00497
1087,0.09211
1088,0.30639
1089,0.42733
1090,0.56335
1091,0.61563
1092,0.64025
1093,0.5744199999999999
1094,0.4561
1095,0.25438
1096,0.09865
1097,0.02786
1098,0.0
1099,0.0
1100,0.0
1101,0.0
1102,0.0
1103,0.0
1104,0.0
1105,0.0
1106,0.0
1107,0.0
1108,0.0
1109,0.0
1110,0.00185
1111,0.12029000000000001
1112,0.2127
1113,0.30101999999999995
1114,0.34003
1115,0.40749
1116,0.46858999999999995
1117,0.25285
1118,0.19563999999999998
1119,0.12236
1120,0.09295999999999999
1121,0.02467
1122,0.0
1123,0.0
1124,0.0
1125,0.0
1126,0.0
1127,0.0
1128,0.0
1129,0.0
1130,0.0
1131,0.0
1132,0.0
1133,0.0
1134,0.00365
1135,0.08120000000000001
1136,0.19548
1137,0.38222
1138,0.4388
1139,0.43486
1140,0.47428
1141,0.42244
1142,0.25318
1143,0.30426
1144,0.12231
1145,0.03209
1146,0.0
1147,0.0
1148,0.0
1149,0.0
1150,0.0
1151,0.0
1152,0.0
1153,0.0
1154,0.0
1155,0.0
1156,0.0
1157,0.0
1158,0.00074
1159,0.06601
1160,0.101
1161,0.26087
1162,0.5409700000000001
1163,0.53654
1164,0.40379000000000004
1165,0.3232
1166,0.29667
1167,0.2241
1168,0.07937000000000001
1169,0.02886
1170,0.0
1171,0.0
1172,0.0
1173,0.0
1174,0.0
1175,0.0
1176,0.0
1177,0.0
1178,0.0
1179,0.0
1180,0.0
1181,0.0
1182,0.00346
1183,0.13109
1184,0.26400999999999997
1185,0.28972000000000003
1186,0.34334
1187,0.32167
1188,0.33994
1189,0.41741
1190,0.30566000000000004
1191,0.19047
1192,0.07296
1193,0.03093
1194,0.0
1195,0.0
1196,0.0
1197,0.0
1198,0.0
1199,0.0
1200,0.0
1201,0.0
1202,0.0
1203,0.0
1204,0.0
1205,0.0
1206,0.004730000000000001
1207,0.08366
1208,0.2089
1209,0.3421
1210,0.45472
1211,0.49845999999999996
1212,0.47811000000000003
1213,0.46808
1214,0.23758
1215,0.28466
1216,0.09221
1217,0.02647
1218,0.0
1219,0.0
1220,0.0
1221,0.0
1222,0.0
1223,0.0
1224,0.0
1225,0.0
1226,0.0
1227,0.0
1228,0.0
1229,0.0
1230,0.0047599999999999995
1231,0.10728
1232,0.31707
1233,0.45561
1234,0.58405
1235,0.4113
1236,0.558
1237,0.50062
1238,0.44476
1239,0.33432
1240,0.11843000000000001
1241,0.01812
1242,0.0
1243,0.0
1244,0.0
1245,0.0
1246,0.0
1247,0.0
1248,0.0
1249,0.0
1250,0.0
1251,0.0
1252,0.0
1253,0.0
1254,0.0
1255,0.023719999999999998
1256,0.11104
1257,0.12412999999999999
1258,0.2601
1259,0.27738999999999997
1260,0.42573
1261,0.49426
1262,0.46772
1263,0.29551
1264,0.15800999999999998
1265,0.04022
1266,0.0
1267,0.0
1268,0.0
1269,0.0
1270,0.0
1271,0.0
1272,0.0
1273,0.0
1274,0.0
1275,0.0
1276,0.0
1277,0.0
1278,0.00452
1279,0.13851
1280,0.38998
1281,0.55551
1282,0.5879800000000001
1283,0.62336
1284,0.64618
1285,0.61501
1286,0.47248
1287,0.41392
1288,0.22529
1289,0.047700000000000006
1290,0.0
1291,0.0
1292,0.0
1293,0.0
1294,0.0
1295,0.0
1296,0.0
1297,0.0
1298,0.0
1299,0.0
1300,0.0
1301,0.0
1302,0.00756
1303,0.20499
1304,0.38447000000000003
1305,0.62163
1306,0.65624
1307,0.704
1308,0.72976
1309,0.6622
1310,0.5494199999999999
1311,0.40417000000000003
1312,0.18195
1313,0.05205
1314,0.0
1315,0.0
1316,0.0
1317,0.0
1318,0.0
1319,0.0
1320,0.0
1321,0.0
1322,0.0
1323,0.0
1324,0.0
1325,0.0
1326,0.0048
1327,0.12727
1328,0.34868
1329,0.44537
1330,0.58938
1331,0.61751
1332,0.61382
1333,0.5938300000000001
1334,0.46247000000000005
1335,0.30332
1336,0.2159
1337,0.04237
1338,0.0
1339,0.0
1340,0.0
1341,0.0
1342,0.0
1343,0.0
1344,0.0
1345,0.0
1346,0.0
1347,0.0
1348,0.0
1349,0.0
1350,0.00711
1351,0.16194
1352,0.36567
1353,0.54669
1354,0.5311699999999999
1355,0.6614099999999999
1356,0.71229
1357,0.5439299999999999
1358,0.48131999999999997
1359,0.36867
1360,0.23096
1361,0.04525
1362,0.0
1363,0.0
1364,0.0
1365,0.0
1366,0.0
1367,0.0
1368,0.0
1369,0.0
1370,0.0
1371,0.0
1372,0.0
1373,0.0
1374,0.0058200000000000005
1375,0.12524
1376,0.33337
1377,0.51815
1378,0.5514199999999999
1379,0.6414500000000001
1380,0.6297699999999999
1381,0.5649299999999999
1382,0.39488999999999996
1383,0.35320999999999997
1384,0.18541999999999997
1385,0.04142
1386,0.0
1387,0.0
1388,0.0
1389,0.0
1390,0.0
1391,0.0
1392,0.0
1393,0.0
1394,0.0
1395,0.0
1396,0.0
1397,0.0
1398,0.00594
1399,0.14068
1400,0.36466000000000004
1401,0.50802
1402,0.5858300000000001
1403,0.56149
1404,0.66338
1405,0.5794
1406,0.33059
1407,0.29064999999999996
1408,0.15499000000000002
1409,0.02779
1410,0.0
1411,0.0
1412,0.0
1413,0.0
1414,0.0
1415,0.0
1416,0.0
1417,0.0
1418,0.0
1419,0.0
1420,0.0
1421,0.0
1422,0.00428
1423,0.14268
1424,0.35858
1425,0.51844
1426,0.55967
1427,0.62526
1428,0.63723
1429,0.6177999999999999
1430,0.44529
1431,0.31145999999999996
1432,0.18831
1433,0.040670000000000005
1434,0.0
1435,0.0
1436,0.0
1437,0.0
1438,0.0
1439,0.0
1440,0.0
1441,0.0
1442,0.0
1443,0.0
1444,0.0
1445,0.0
1446,0.00128
1447,0.08938
1448,0.17447
1449,0.24477000000000002
1450,0.30266000000000004
1451,0.38364
1452,0.4506
1453,0.46447000000000005
1454,0.38812
1455,0.23671999999999999
1456,0.0834
1457,0.020460000000000002
1458,0.0
1459,0.0
1460,0.0
1461,0.0
1462,0.0
1463,0.0
1464,0.0
1465,0.0
1466,0.0
1467,0.0
1468,0.0
1469,0.0
1470,0.005719999999999999
1471,0.1468
1472,0.23851
1473,0.45999
1474,0.54464
1475,0.63218
1476,0.6467
1477,0.49835
1478,0.47929
1479,0.31966
1480,0.12389
1481,0.04145
1482,0.0
1483,0.0
1484,0.0
1485,0.0
1486,0.0
1487,0.0
1488,0.0
1489,0.0
1490,0.0
1491,0.0
1492,0.0
1493,0.0
1494,0.00454
1495,0.0714
1496,0.21685
1497,0.41334
1498,0.48842
1499,0.51201
1500,0.57969
1501,0.54834
1502,0.45386000000000004
1503,0.24825
1504,0.17139
1505,0.04274
1506,0.0
1507,0.0
1508,0.0
1509,0.0
1510,0.0
1511,0.0
1512,0.0
1513,0.0
1514,0.0
1515,0.0
1516,0.0
1517,0.0
1518,0.00786
1519,0.09901
1520,0.28032999999999997
1521,0.43351999999999996
1522,0.5768099999999999
1523,0.5668300000000001
1524,0.48935
1525,0.3965
1526,0.28686
1527,0.2122
1528,0.12036
1529,0.03479
1530,0.0
1531,0.0
1532,0.0
1533,0.0
1534,0.0
1535,0.0
1536,0.0
1537,0.0
1538,0.0
1539,0.0
1540,0.0
1541,0.0
1542,0.00275
1543,0.07078
1544,0.24565
1545,0.43877999999999995
1546,0.61452
1547,0.60558
1548,0.43523
1549,0.42116000000000003
1550,0.37633
1551,0.2558
1552,0.08947
1553,0.024050000000000002
1554,0.0
1555,0.0
1556,0.0
1557,0.0
1558,0.0
1559,0.0
1560,0.0
1561,0.0
1562,0.0
1563,0.0
1564,0.0
1565,0.0
1566,0.00556
1567,0.1365
1568,0.31833999999999996
1569,0.49522000000000005
1570,0.63042
1571,0.55953
1572,0.6561
1573,0.6295700000000001
1574,0.50184
1575,0.27077999999999997
1576,0.18269
1577,0.04541
1578,0.0
1579,0.0
1580,0.0
1581,0.0
1582,0.0
1583,0.0
1584,0.0
1585,0.0
1586,0.0
1587,0.0
1588,0.0
1589,0.0
1590,0.00186
1591,0.11805
1592,0.24171
1593,0.33349
1594,0.29247
1595,0.46326999999999996
1596,0.55259
1597,0.43583
1598,0.32161
1599,0.27448
1600,0.13591
1601,0.03361
1602,0.0
1603,0.0
1604,0.0
1605,0.0
1606,0.0
1607,0.0
1608,0.0
1609,0.0
1610,0.0
1611,0.0
1612,0.0
1613,0.0
1614,0.01088
1615,0.16948
1616,0.39805
1617,0.54587
1618,0.62537
1619,0.6632100000000001
1620,0.57752
1621,0.6175499999999999
1622,0.42815
1623,0.31232
1624,0.20675
1625,0.03468
1626,0.0
1627,0.0
1628,0.0
1629,0.0
1630,0.0
1631,0.0
1632,0.0
1633,0.0
1634,0.0
1635,0.0
1636,0.0
1637,0.0
1638,0.00543
1639,0.07615000000000001
1640,0.17284
1641,0.20101
1642,0.17077
1643,0.27287
1644,0.28976999999999997
1645,0.29869999999999997
1646,0.15363
1647,0.12563
1648,0.08868999999999999
1649,0.036520000000000004
1650,0.0
1651,0.0
1652,0.0
1653,0.0
1654,0.0
1655,0.0
1656,0.0
1657,0.0
1658,0.0
1659,0.0
1660,0.0
1661,0.0
1662,0.0035299999999999997
1663,0.06191
1664,0.14032
1665,0.31548000000000004
1666,0.39644
1667,0.52283
1668,0.50714
1669,0.4457
1670,0.425
1671,0.23261
1672,0.15217
1673,0.038939999999999995
1674,0.0
1675,0.0
1676,0.0
1677,0.0
1678,0.0
1679,0.0
1680,0.0
1681,0.0
1682,0.0
1683,0.0
1684,0.0
1685,0.0
1686,0.0032
1687,0.07440999999999999
1688,0.29633
1689,0.38625
1690,0.44850999999999996
1691,0.5782999999999999
1692,0.47631999999999997
1693,0.32963
1694,0.35567000000000004
1695,0.18975999999999998
1696,0.15828
1697,0.03595
1698,0.0
1699,0.0
1700,0.0
1701,0.0
1702,0.0
1703,0.0
1704,0.0
1705,0.0
1706,0.0
1707,0.0
1708,0.0
1709,0.0
1710,0.00635
1711,0.14853
1712,0.32583999999999996
1713,0.42129
1714,0.51683
1715,0.53926
1716,0.55863
1717,0.39825
1718,0.29712
1719,0.30847
1720,0.07682
1721,0.034210000000000004
1722,0.0
1723,0.0
1724,0.0
1725,0.0
1726,0.0
1727,0.0
1728,0.0
1729,0.0
1730,0.0
1731,0.0
1732,0.0
1733,0.0
1734,0.0088
1735,0.0592
1736,0.13773
1737,0.23543
1738,0.34582999999999997
1739,0.41719
1740,0.50989
1741,0.50275
1742,0.29975
1743,0.17152
1744,0.05656
1745,0.01487
1746,0.0
1747,0.0
1748,0.0
1749,0.0
1750,0.0
1751,0.0
1752,0.0
1753,0.0
1754,0.0
1755,0.0
1756,0.0
1757,0.0
1758,0.00796
1759,0.13334000000000001
1760,0.28402
1761,0.44512999999999997
1762,0.5967
1763,0.6646599999999999
1764,0.66064
1765,0.62612
1766,0.51288
1767,0.42157
1768,0.24678999999999998
1769,0.052590000000000005
1770,0.0
1771,0.0
1772,0.0
1773,0.0
1774,0.0
1775,0.0
1776,0.0
1777,0.0
1778,0.0
1779,0.0
1780,0.0
1781,0.0
1782,0.0128
1783,0.17436000000000001
1784,0.42263999999999996
1785,0.62822
1786,0.71672
1787,0.7489
1788,0.7246900000000001
1789,0.6613
1790,0.5702200000000001
1791,0.40124
1792,0.25235
1793,0.0495
1794,0.0
1795,0.0
1796,0.0
1797,0.0
1798,0.0
1799,0.0
1800,0.0
1801,0.0
1802,0.0
1803,0.0
1804,0.0
1805,0.0
1806,0.00925
1807,0.17586000000000002
1808,0.375
1809,0.5192100000000001
1810,0.67787
1811,0.73723
1812,0.61022
1813,0.64854
1814,0.53649
1815,0.42427
1816,0.23312
1817,0.0436
1818,0.0
1819,0.0
1820,0.0
1821,0.0
1822,0.0
1823,0.0
1824,0.0
1825,0.0
1826,0.0
1827,0.0
1828,0.0
1829,0.0
1830,0.01277
1831,0.13647
1832,0.39188999999999996
1833,0.51816
1834,0.66227
1835,0.70047
1836,0.65055
1837,0.6385599999999999
1838,0.5434500000000001
1839,0.32363
1840,0.18209999999999998
1841,0.0425
1842,0.0
1843,0.0
1844,0.0
1845,0.0
1846,0.0
1847,0.0
1848,0.0
1849,0.0
1850,0.0
1851,0.0
1852,0.0
1853,0.0
1854,0.01504
1855,0.14859
1856,0.38675
1857,0.57438
1858,0.65687
1859,0.64398
1860,0.5911900000000001
1861,0.51891
1862,0.45906
1863,0.30843
1864,0.16343000000000002
1865,0.03194
1866,0.0
1867,0.0
1868,0.0
1869,0.0
1870,0.0
1871,0.0
1872,0.0
1873,0.0
1874,0.0
1875,0.0
1876,0.0
1877,0.0
1878,0.01541
1879,0.16933
1880,0.33541000000000004
1881,0.49868
1882,0.62126
1883,0.65286
1884,0.6130599999999999
1885,0.49895
1886,0.5347000000000001
1887,0.37253
1888,0.1829
1889,0.040409999999999995
1890,0.0
1891,0.0
1892,0.0
1893,0.0
1894,0.0
1895,0.0
1896,0.0
1897,0.0
1898,0.0
1899,0.0
1900,0.0
1901,0.0
1902,0.00973
1903,0.18196
1904,0.39738999999999997
1905,0.56825
1906,0.57696
1907,0.53449
1908,0.52913
1909,0.42299000000000003
1910,0.42375999999999997
1911,0.31138
1912,0.13313
1913,0.026699999999999998
1914,0.0
1915,0.0
1916,0.0
1917,0.0
1918,0.0
1919,0.0
1920,0.0
1921,0.0
1922,0.0
1923,0.0
1924,0.0
1925,0.0
1926,0.00766
1927,0.11465
1928,0.30693
1929,0.4838
1930,0.62617
1931,0.62721
1932,0.62526
1933,0.56189
1934,0.38204000000000005
1935,0.23262
1936,0.08314
1937,0.01695
1938,0.0
1939,0.0
1940,0.0
1941,0.0
1942,0.0
1943,0.0
1944,0.0
1945,0.0
1946,0.0
1947,0.0
1948,0.0
1949,0.0
1950,0.01106
1951,0.12799
1952,0.37733
1953,0.48173
1954,0.62595
1955,0.68072
1956,0.57474
1957,0.53283
1958,0.49537
1959,0.22991
1960,0.10221
1961,0.023739999999999997
1962,0.0
1963,0.0
1964,0.0
1965,0.0
1966,0.0
1967,0.0
1968,0.0
1969,0.0
1970,0.0
1971,0.0
1972,0.0
1973,0.0
1974,0.01651
1975,0.16899
1976,0.35399
1977,0.47639
1978,0.6479600000000001
1979,0.59065
1980,0.60281
1981,0.51094
1982,0.41870999999999997
1983,0.35106
1984,0.15961
1985,0.02909
1986,0.0
1987,0.0
1988,0.0
1989,0.0
1990,0.0
1991,0.0
1992,0.0
1993,0.0
1994,0.0
1995,0.0
1996,0.0
1997,0.0
1998,0.01252
1999,0.15444
2000,0.33432999999999996
2001,0.5522699999999999
2002,0.6269600000000001
2003,0.6235700000000001
2004,0.62561
2005,0.5207
2006,0.43789
2007,0.26013
2008,0.11810999999999999
2009,0.01799
2010,0.0
2011,0.0
2012,0.0
2013,0.0
2014,0.0
2015,0.0
2016,0.0
2017,0.0
2018,0.0
2019,0.0
2020,0.0
2021,0.0
2022,0.01479
2023,0.17827
2024,0.38169
2025,0.5625800000000001
2026,0.64578
2027,0.68691
2028,0.67722
2029,0.47201
2030,0.38815
2031,0.2681
2032,0.15347
2033,0.03283
2034,0.0
2035,0.0
2036,0.0
2037,0.0
2038,0.0
2039,0.0
2040,0.0
2041,0.0
2042,0.0
2043,0.0
2044,0.0
2045,0.0
2046,0.01307
2047,0.17987999999999998
2048,0.32796
2049,0.50529
2050,0.58031
2051,0.59545
2052,0.5297000000000001
2053,0.45342
2054,0.28933
2055,0.23183
2056,0.06570999999999999
2057,0.01819
2058,0.0
2059,0.0
2060,0.0
2061,0.0
2062,0.0
2063,0.0
2064,0.0
2065,0.0
2066,0.0
2067,0.0
2068,0.0
2069,0.0
2070,0.0072699999999999996
2071,0.10552
2072,0.27138
2073,0.29092
2074,0.43979
2075,0.39955
2076,0.45346
2077,0.41535
2078,0.33359
2079,0.13365000000000002
2080,0.10461
2081,0.02641
2082,0.0
2083,0.0
2084,0.0
2085,0.0
2086,0.0
2087,0.0
2088,0.0
2089,0.0
2090,0.0
2091,0.0
2092,0.0
2093,0.0
2094,0.0055
2095,0.06269
2096,0.21475
2097,0.36351
2098,0.49265
2099,0.61213
2100,0.64944
2101,0.46401
2102,0.32422
2103,0.18343
2104,0.086
2105,0.02614
2106,0.0
2107,0.0
2108,0.0
2109,0.0
2110,0.0
2111,0.0
2112,0.0
2113,0.0
2114,0.0
2115,0.0
2116,0.0
2117,0.0
2118,0.012119999999999999
2119,0.13194999999999998
2120,0.36039
2121,0.46888
2122,0.45267
2123,0.38504
2124,0.45444
2125,0.29708
2126,0.22062
2127,0.15469
2128,0.07636
2129,0.02062
2130,0.0
2131,0.0
2132,0.0
2133,0.0
2134,0.0
2135,0.0
2136,0.0
2137,0.0
2138,0.0
2139,0.0
2140,0.0
2141,0.0
2142,0.00283
2143,0.06748
2144,0.10572
2145,0.28429000000000004
2146,0.36560000000000004
2147,0.41117000000000004
2148,0.38786000000000004
2149,0.32092000000000004
2150,0.16488
2151,0.0681
2152,0.0625
2153,0.01176
2154,0.0
2155,0.0
2156,0.0
2157,0.0
2158,0.0
2159,0.0
2160,0.0
2161,0.0
2162,0.0
2163,0.0
2164,0.0
2165,0.0
2166,0.00441
2167,0.09317
2168,0.10665999999999999
2169,0.22153
2170,0.24925
2171,0.44227
2172,0.50707
2173,0.46886
2174,0.37242000000000003
2175,0.1708
2176,0.03633
2177,0.01574
2178,0.0
2179,0.0
2180,0.0
2181,0.0
2182,0.0
2183,0.0
2184,0.0
2185,0.0
2186,0.0
2187,0.0
2188,0.0
2189,0.0
2190,0.01308
2191,0.16796
2192,0.36706
2193,0.52006
2194,0.59486
2195,0.58226
2196,0.58429
2197,0.5232899999999999
2198,0.41629
2199,0.25841000000000003
2200,0.14063
2201,0.02791
2202,0.0
2203,0.0
2204,0.0
2205,0.0
2206,0.0
2207,0.0
2208,0.0
2209,0.0
2210,0.0
2211,0.0
2212,0.0
2213,0.0
2214,0.00881
2215,0.13101
2216,0.24079
2217,0.41856
2218,0.5394500000000001
2219,0.5868099999999999
2220,0.5801000000000001
2221,0.54046
2222,0.46576999999999996
2223,0.31610000000000005
2224,0.1633
2225,0.03362
2226,0.0
2227,0.0
2228,0.0
2229,0.0
2230,0.0
2231,0.0
2232,0.0
2233,0.0
2234,0.0
2235,0.0
2236,0.0
2237,0.0
2238,0.015269999999999999
2239,0.19113
2240,0.36737000000000003
2241,0.5797899999999999
2242,0.6076900000000001
2243,0.6439199999999999
2244,0.62328
2245,0.5416
2246,0.4848
2247,0.29035
2248,0.16207
2249,0.031760000000000004
2250,0.0
2251,0.0
2252,0.0
2253,0.0
2254,0.0
2255,0.0
2256,0.0
2257,0.0
2258,0.0
2259,0.0
2260,0.0
2261,0.0
2262,0.016649999999999998
2263,0.16536
2264,0.34142
2265,0.5253
2266,0.58101
2267,0.6535700000000001
2268,0.5749500000000001
2269,0.47761000000000003
2270,0.33775
2271,0.23237
2272,0.0844
2273,0.0109
2274,0.0
2275,0.0
2276,0.0
2277,0.0
2278,0.0
2279,0.0
2280,0.0
2281,0.0
2282,0.0
2283,0.0
2284,0.0
2285,0.0
2286,0.01745
2287,0.13504
2288,0.26850999999999997
2289,0.52403
2290,0.5583400000000001
2291,0.61429
2292,0.6722400000000001
2293,0.62049
2294,0.49455
2295,0.33198
2296,0.08784
2297,0.0215
2298,0.0
2299,0.0
2300,0.0
2301,0.0
2302,0.0
2303,0.0
2304,0.0
2305,0.0
2306,0.0
2307,0.0
2308,0.0
2309,0.0
2310,0.021920000000000002
2311,0.14859
2312,0.29428
2313,0.43416000000000005
2314,0.49673
2315,0.55779
2316,0.48277
2317,0.48663
2318,0.31645
2319,0.16936
2320,0.08104
2321,0.02088
2322,0.0
2323,0.0
2324,0.0
2325,0.0
2326,0.0
2327,0.0
2328,0.0
2329,0.0
2330,0.0
2331,0.0
2332,0.0
2333,0.0
2334,0.01611
2335,0.13204
2336,0.25877999999999995
2337,0.47807
2338,0.49526
2339,0.59303
2340,0.6275299999999999
2341,0.49681000000000003
2342,0.39757
2343,0.2793
2344,0.14747
2345,0.02422
2346,0.0
2347,0.0
2348,0.0
2349,0.0
2350,0.0
2351,0.0
2352,0.0
2353,0.0
2354,0.0
2355,0.0
2356,0.0
2357,0.0
2358,0.01016
2359,0.10454000000000001
2360,0.19502
2361,0.19459
2362,0.18275999999999998
2363,0.28575
2364,0.26875
2365,0.39863
2366,0.32162999999999997
2367,0.23366
2368,0.12925
2369,0.02308
2370,0.0
2371,0.0
2372,0.0
2373,0.0
2374,0.0
2375,0.0
2376,0.0
2377,0.0
2378,0.0
2379,0.0
2380,0.0
2381,0.0
2382,0.01636
2383,0.13513999999999998
2384,0.2799
2385,0.31885
2386,0.45604
2387,0.565
2388,0.51777
2389,0.52106
2390,0.39238999999999996
2391,0.16608
2392,0.10894
2393,0.01687
2394,0.0
2395,0.0
2396,0.0
2397,0.0
2398,0.0
2399,0.0
2400,0.0
2401,0.0
2402,0.0
2403,0.0
2404,0.0
2405,0.0
2406,0.01597
2407,0.15997999999999998
2408,0.24999000000000002
2409,0.43034
2410,0.5307999999999999
2411,0.4683
2412,0.39107
2413,0.24073
2414,0.13661
2415,0.14576
2416,0.08004
2417,0.01593
2418,0.0
2419,0.0
2420,0.0
2421,0.0
2422,0.0
2423,0.0
2424,0.0
2425,0.0
2426,0.0
2427,0.0
2428,0.0
2429,0.0
2430,0.007
2431,0.12919
2432,0.19478
2433,0.34354
2434,0.48361000000000004
2435,0.47147
2436,0.58756
2437,0.5065299999999999
2438,0.23539
2439,0.17089
2440,0.072
2441,0.01989
2442,0.0
2443,0.0
2444,0.0
2445,0.0
2446,0.0
2447,0.0
2448,0.0
2449,0.0
2450,0.0
2451,0.0
2452,0.0
2453,0.0
2454,0.009949999999999999
2455,0.10878
2456,0.1605
2457,0.21380000000000002
2458,0.36865
2459,0.41214
2460,0.34548
2461,0.29916000000000004
2462,0.27569
2463,0.18738
2464,0.12447
2465,0.01711
2466,0.0
2467,0.0
2468,0.0
2469,0.0
2470,0.0
2471,0.0
2472,0.0
2473,0.0
2474,0.0
2475,0.0
2476,0.0
2477,0.0
2478,0.0087
2479,0.13197
2480,0.27519
2481,0.37059
2482,0.40355
2483,0.45580000000000004
2484,0.48974
2485,0.51965
2486,0.39154
2487,0.25677999999999995
2488,0.06595000000000001
2489,0.02425
2490,0.0
2491,0.0
2492,0.0
2493,0.0
2494,0.0
2495,0.0
2496,0.0
2497,0.0
2498,0.0
2499,0.0
2500,0.0
2501,0.0
2502,0.01283
2503,0.14640999999999998
2504,0.31259
2505,0.46326
2506,0.5374099999999999
2507,0.59549
2508,0.53164
2509,0.56072
2510,0.42279
2511,0.23937
2512,0.12415000000000001
2513,0.02023
2514,0.0
2515,0.0
2516,0.0
2517,0.0
2518,0.0
2519,0.0
2520,0.0
2521,0.0
2522,0.0
2523,0.0
2524,0.0
2525,0.0
2526,0.02388
2527,0.1779
2528,0.39259
2529,0.59135
2530,0.6714199999999999
2531,0.69138
2532,0.7434700000000001
2533,0.6455599999999999
2534,0.49777
2535,0.37347
2536,0.17943
2537,0.032130000000000006
2538,0.0
2539,0.0
2540,0.0
2541,0.0
2542,0.0
2543,0.0
2544,0.0
2545,0.0
2546,0.0
2547,0.0
2548,0.0
2549,0.0
2550,0.02782
2551,0.20705
2552,0.41911000000000004
2553,0.6043
2554,0.70766
2555,0.7713099999999999
2556,0.59465
2557,0.67548
2558,0.53361
2559,0.37501
2560,0.21126
2561,0.033729999999999996
2562,0.0
2563,0.0
2564,0.0
2565,0.0
2566,0.0
2567,0.0
2568,0.0
2569,0.0
2570,0.0
2571,0.0
2572,0.0
2573,0.0
2574,0.04438
2575,0.22232
2576,0.4597
2577,0.6226
2578,0.73112
2579,0.7461599999999999
2580,0.69097
2581,0.61605
2582,0.49054000000000003
2583,0.36457999999999996
2584,0.19003
2585,0.028030000000000003
2586,0.0
2587,0.0
2588,0.0
2589,0.0
2590,0.0
2591,0.0
2592,0.0
2593,0.0
2594,0.0
2595,0.0
2596,0.0
2597,0.0
2598,0.046549999999999994
2599,0.19022
2600,0.33696
2601,0.45127999999999996
2602,0.62378
2603,0.66113
2604,0.68161
2605,0.5882200000000001
2606,0.38637
2607,0.2935
2608,0.11244
2609,0.023350000000000003
2610,0.0
2611,0.0
2612,0.0
2613,0.0
2614,0.0
2615,0.0
2616,0.0
2617,0.0
2618,0.0
2619,0.0
2620,0.0
2621,0.0
2622,0.03271
2623,0.18503999999999998
2624,0.3495
2625,0.51973
2626,0.50977
2627,0.5747899999999999
2628,0.5650700000000001
2629,0.4569
2630,0.37972
2631,0.21161000000000002
2632,0.10163
2633,0.00855
2634,0.0
2635,0.0
2636,0.0
2637,0.0
2638,0.0
2639,0.0
2640,0.0
2641,0.0
2642,0.0
2643,0.0
2644,0.0
2645,0.0
2646,0.0248
2647,0.09187999999999999
2648,0.26271
2649,0.36665
2650,0.49829
2651,0.49474
2652,0.51695
2653,0.36202
2654,0.19213
2655,0.15281999999999998
2656,0.09786
2657,0.018359999999999998
2658,0.0
2659,0.0
2660,0.0
2661,0.0
2662,0.0
2663,0.0
2664,0.0
2665,0.0
2666,0.0
2667,0.0
2668,0.0
2669,0.0
2670,0.023899999999999998
2671,0.14092
2672,0.29498
2673,0.40639
2674,0.5438500000000001
2675,0.6164
2676,0.54864
2677,0.4148
2678,0.324
2679,0.15825999999999998
2680,0.05236
2681,0.0182
2682,0.0
2683,0.0
2684,0.0
2685,0.0
2686,0.0
2687,0.0
2688,0.0
2689,0.0
2690,0.0
2691,0.0
2692,0.0
2693,0.0
2694,0.03203
2695,0.14081
2696,0.29652
2697,0.435
2698,0.50598
2699,0.5267000000000001
2700,0.49325
2701,0.31989
2702,0.25594
2703,0.11931
2704,0.06876
2705,0.023780000000000003
2706,0.0
2707,0.0
2708,0.0
2709,0.0
2710,0.0
2711,0.0
2712,0.0
2713,0.0
2714,0.0
2715,0.0
2716,0.0
2717,0.0
2718,0.00835
2719,0.05771
2720,0.13228
2721,0.22558
2722,0.29808999999999997
2723,0.30939999999999995
2724,0.32771
2725,0.3468
2726,0.19525
2727,0.14909999999999998
2728,0.08073000000000001
2729,0.01737
2730,0.0
2731,0.0
2732,0.0
2733,0.0
2734,0.0
2735,0.0
2736,0.0
2737,0.0
2738,0.0
2739,0.0
2740,0.0
2741,0.0
2742,0.01268
2743,0.07936
2744,0.26623
2745,0.4675
2746,0.50889
2747,0.48986
2748,0.40524
2749,0.43299
2750,0.23038
2751,0.11907999999999999
2752,0.040920000000000005
2753,0.00898
2754,0.0
2755,0.0
2756,0.0
2757,0.0
2758,0.0
2759,0.0
2760,0.0
2761,0.0
2762,0.0
2763,0.0
2764,0.0
2765,0.0
2766,0.02136
2767,0.08985
2768,0.2459
2769,0.40742
2770,0.41418
2771,0.44556999999999997
2772,0.43336
2773,0.45471
2774,0.33465
2775,0.17216
2776,0.060880000000000004
2777,0.01007
2778,0.0
2779,0.0
2780,0.0
2781,0.0
2782,0.0
2783,0.0
2784,0.0
2785,0.0
2786,0.0
2787,0.0
2788,0.0
2789,0.0
2790,0.01358
2791,0.04347
2792,0.1262
2793,0.17209
2794,0.35514
2795,0.5108199999999999
2796,0.41596
2797,0.34967000000000004
2798,0.23065
2799,0.09531
2800,0.05479
2801,0.01143
2802,0.0
2803,0.0
2804,0.0
2805,0.0
2806,0.0
2807,0.0
2808,0.0
2809,0.0
2810,0.0
2811,0.0
2812,0.0
2813,0.0
2814,0.03836
2815,0.16563
2816,0.29195
2817,0.45215
2818,0.45005
2819,0.52216
2820,0.51166
2821,0.58513
2822,0.45094999999999996
2823,0.30282
2824,0.10694
2825,0.01789
2826,0.0
2827,0.0
2828,0.0
2829,0.0
2830,0.0
2831,0.0
2832,0.0
2833,0.0
2834,0.0
2835,0.0
2836,0.0
2837,0.0
2838,0.05246
2839,0.21825
2840,0.41373000000000004
2841,0.56843
2842,0.66591
2843,0.62467
2844,0.5554600000000001
2845,0.49768
2846,0.40672
2847,0.22332
2848,0.1311
2849,0.02497
2850,0.0
2851,0.0
2852,0.0
2853,0.0
2854,0.0
2855,0.0
2856,0.0
2857,0.0
2858,0.0
2859,0.0
2860,0.0
2861,0.0
2862,0.04372
2863,0.16782
2864,0.33734
2865,0.41476
2866,0.51477
2867,0.52613
2868,0.5179199999999999
2869,0.47342
2870,0.37916000000000005
2871,0.24449
2872,0.10865999999999999
2873,0.02509
2874,0.0
2875,0.0
2876,0.0
2877,0.0
2878,0.0
2879,0.0
2880,0.0
2881,0.0
2882,0.0
2883,0.0
2884,0.0
2885,0.0
2886,0.01884
2887,0.11578000000000001
2888,0.26324000000000003
2889,0.34316
2890,0.29705000000000004
2891,0.43062
2892,0.40372
2893,0.35296
2894,0.39846
2895,0.20347
2896,0.10073
2897,0.015550000000000001
2898,0.0
2899,0.0
2900,0.0
2901,0.0
2902,0.0
2903,0.0
2904,0.0
2905,0.0
2906,0.0
2907,0.0
2908,0.0
2909,0.0
2910,0.01319
2911,0.06361
2912,0.2161
2913,0.27498
2914,0.55104
2915,0.55862
2916,0.59775
2917,0.50645
2918,0.33784
2919,0.24334
2920,0.10393000000000001
2921,0.0155
2922,0.0
2923,0.0
2924,0.0
2925,0.0
2926,0.0
2927,0.0
2928,0.0
2929,0.0
2930,0.0
2931,0.0
2932,0.0
2933,0.0
2934,0.0030099999999999997
2935,0.01769
2936,0.11172
2937,0.23448
2938,0.38476
2939,0.5011
2940,0.43747
2941,0.49732
2942,0.32071
2943,0.18485
2944,0.08549
2945,0.00715
2946,0.0
2947,0.0
2948,0.0
2949,0.0
2950,0.0
2951,0.0
2952,0.0
2953,0.0
2954,0.0
2955,0.0
2956,0.0
2957,0.0
2958,0.01705
2959,0.05293
2960,0.15042
2961,0.28006
2962,0.31063
2963,0.39082
2964,0.38292000000000004
2965,0.27697000000000005
2966,0.22204
2967,0.17903
2968,0.05768
2969,0.01465
2970,0.0
2971,0.0
2972,0.0
2973,0.0
2974,0.0
2975,0.0
2976,0.0
2977,0.0
2978,0.0
2979,0.0
2980,0.0
2981,0.0
2982,0.02191
2983,0.18459
2984,0.31849
2985,0.40886
2986,0.52313
2987,0.5890599999999999
2988,0.50216
2989,0.42457999999999996
2990,0.35063
2991,0.17994
2992,0.10195
2993,0.016300000000000002
2994,0.0
2995,0.0
2996,0.0
2997,0.0
2998,0.0
2999,0.0
3000,0.0
3001,0.0
3002,0.0
3003,0.0
3004,0.0
3005,0.0
3006,0.01261
3007,0.08673
3008,0.19596
3009,0.37391
3010,0.48525999999999997
3011,0.61285
3012,0.36745
3013,0.42556
3014,0.40708999999999995
3015,0.2064
3016,0.11437
3017,0.01693
3018,0.0
3019,0.0
3020,0.0
3021,0.0
3022,0.0
3023,0.0
3024,0.0
3025,0.0
3026,0.0
3027,0.0
3028,0.0
3029,0.0
3030,0.04118
3031,0.18384999999999999
3032,0.38585
3033,0.5243099999999999
3034,0.66671
3035,0.67411
3036,0.62751
3037,0.51495
3038,0.40501
3039,0.27525
3040,0.12709
3041,0.024300000000000002
3042,0.0
3043,0.0
3044,0.0
3045,0.0
3046,0.0
3047,0.0
3048,0.0
3049,0.0
3050,0.0
3051,0.0
3052,0.0
3053,0.0
3054,0.04115
3055,0.16848
3056,0.32585000000000003
3057,0.39638999999999996
3058,0.49191
3059,0.49382
3060,0.50424
3061,0.35061000000000003
3062,0.26533
3063,0.1983
3064,0.09025
3065,0.019370000000000002
3066,0.0
3067,0.0
3068,0.0
3069,0.0
3070,0.0
3071,0.0
3072,0.0
3073,0.0
3074,0.0
3075,0.0
3076,0.0
3077,0.0
3078,0.04345
3079,0.17941
3080,0.42351
3081,0.53237
3082,0.53307
3083,0.60122
3084,0.55451
3085,0.49945999999999996
3086,0.30917
3087,0.17568999999999999
3088,0.09134
3089,0.01469
3090,0.0
3091,0.0
3092,0.0
3093,0.0
3094,0.0
3095,0.0
3096,0.0
3097,0.0
3098,0.0
3099,0.0
3100,0.0
3101,0.0
3102,0.045520000000000005
3103,0.18506999999999998
3104,0.34912
3105,0.53324
3106,0.6399600000000001
3107,0.6798099999999999
3108,0.6977000000000001
3109,0.61053
3110,0.44964
3111,0.33694
3112,0.17176
3113,0.024
3114,0.0
3115,0.0
3116,0.0
3117,0.0
3118,0.0
3119,0.0
3120,0.0
3121,0.0
3122,0.0
3123,0.0
3124,0.0
3125,0.0
3126,0.03594
3127,0.08953
3128,0.17785
3129,0.19712000000000002
3130,0.23706
3131,0.4147
3132,0.45994
3133,0.53101
3134,0.29731
3135,0.23163999999999998
3136,0.08486
3137,0.016059999999999998
3138,0.0
3139,0.0
3140,0.0
3141,0.0
3142,0.0
3143,0.0
3144,0.0
3145,0.0
3146,0.0
3147,0.0
3148,0.0
3149,0.0
3150,0.04263
3151,0.24258000000000002
3152,0.46079000000000003
3153,0.53523
3154,0.51083
3155,0.6805
3156,0.67714
3157,0.5431699999999999
3158,0.44025
3159,0.3276
3160,0.14528
3161,0.02776
3162,0.0
3163,0.0
3164,0.0
3165,0.0
3166,0.0
3167,0.0
3168,0.0
3169,0.0
3170,0.0
3171,0.0
3172,0.0
3173,0.0
3174,0.041049999999999996
3175,0.18785
3176,0.35394
3177,0.52342
3178,0.62138
3179,0.68974
3180,0.62773
3181,0.54384
3182,0.44399
3183,0.30842
3184,0.15331
3185,0.030989999999999997
3186,0.0
3187,0.0
3188,0.0
3189,0.0
3190,0.0
3191,0.0
3192,0.0
3193,0.0
3194,0.0
3195,0.0
3196,0.0
3197,0.0
3198,0.05168
3199,0.17912999999999998
3200,0.42201
3201,0.58693
3202,0.6671699999999999
3203,0.67511
3204,0.6172300000000001
3205,0.58324
3206,0.49337000000000003
3207,0.32822
3208,0.16271000000000002
3209,0.03143
3210,0.0
3211,0.0
3212,0.0
3213,0.0
3214,0.0
3215,0.0
3216,0.0
3217,0.0
3218,0.0
3219,0.0
3220,0.0
3221,0.0
3222,0.04061
3223,0.17491
3224,0.34806
3225,0.5146799999999999
3226,0.60599
3227,0.66404
3228,0.58228
3229,0.53366
3230,0.43077
3231,0.35119
3232,0.1436
3233,0.02878
3234,0.0
3235,0.0
3236,0.0
3237,0.0
3238,0.0
3239,0.0
3240,0.0
3241,0.0
3242,0.0
3243,0.0
3244,0.0
3245,0.0
3246,0.02736
3247,0.14802
3248,0.27870999999999996
3249,0.41831999999999997
3250,0.5139600000000001
3251,0.61263
3252,0.58925
3253,0.40195
3254,0.25632
3255,0.18193
3256,0.10615000000000001
3257,0.02498
3258,0.0
3259,0.0
3260,0.0
3261,0.0
3262,0.0
3263,0.0
3264,0.0
3265,0.0
3266,0.0
3267,0.0
3268,0.0
3269,0.0
3270,0.024399999999999998
3271,0.12242
3272,0.25893
3273,0.413
3274,0.54595
3275,0.50003
3276,0.48564999999999997
3277,0.29742
3278,0.31068
3279,0.15080000000000002
3280,0.08562
3281,0.0148
3282,0.0
3283,0.0
3284,0.0
3285,0.0
3286,0.0
3287,0.0
3288,0.0
3289,0.0
3290,0.0
3291,0.0
3292,0.0
3293,0.0
3294,0.037090000000000005
3295,0.13697
3296,0.26015
3297,0.33723000000000003
3298,0.44994
3299,0.50132
3300,0.47499
3301,0.52223
3302,0.36137
3303,0.28755000000000003
3304,0.09648999999999999
3305,0.017329999999999998
3306,0.0
3307,0.0
3308,0.0
3309,0.0
3310,0.0
3311,0.0
3312,0.0
3313,0.0
3314,0.0
3315,0.0
3316,0.0
3317,0.0
3318,0.00789
3319,0.10407
3320,0.15974000000000002
3321,0.31009
3322,0.35608999999999996
3323,0.34648
3324,0.40247000000000005
3325,0.44924000000000003
3326,0.24327000000000001
3327,0.14762999999999998
3328,0.08317000000000001
3329,0.022949999999999998
3330,0.0
3331,0.0
3332,0.0
3333,0.0
3334,0.0
3335,0.0
3336,0.0
3337,0.0
3338,0.0
3339,0.0
3340,0.0
3341,0.0
3342,0.02282
3343,0.13229
3344,0.21628
3345,0.18711000000000003
3346,0.33205
3347,0.33551
3348,0.32349
3349,0.43198000000000003
3350,0.35668
3351,0.19951
3352,0.06653
3353,0.0158
3354,0.0
3355,0.0
3356,0.0
3357,0.0
3358,0.0
3359,0.0
3360,0.0
3361,0.0
3362,0.0
3363,0.0
3364,0.0
3365,0.0
3366,0.0325
3367,0.14539
3368,0.26454
3369,0.40518
3370,0.57898
3371,0.53846
3372,0.36872000000000005
3373,0.26187
3374,0.198
3375,0.25457
3376,0.14654
3377,0.023149999999999997
3378,0.0
3379,0.0
3380,0.0
3381,0.0
3382,0.0
3383,0.0
3384,0.0
3385,0.0
3386,0.0
3387,0.0
3388,0.0
3389,0.0
3390,0.038340000000000006
3391,0.1185
3392,0.22327000000000002
3393,0.36618
3394,0.51095
3395,0.5125
3396,0.5811799999999999
3397,0.37510000000000004
3398,0.32097000000000003
3399,0.21468
3400,0.08347
3401,0.00924
3402,0.0
3403,0.0
3404,0.0
3405,0.0
3406,0.0
3407,0.0
3408,0.0
3409,0.0
3410,0.0
3411,0.0
3412,0.0
3413,0.0
3414,0.022539999999999998
3415,0.11531999999999999
3416,0.20076
3417,0.31667
3418,0.39963
3419,0.48481
3420,0.41292
3421,0.29220999999999997
3422,0.1463
3423,0.12729000000000001
3424,0.07953
3425,0.01583
3426,0.0
3427,0.0
3428,0.0
3429,0.0
3430,0.0
3431,0.0
3432,0.0
3433,0.0
3434,0.0
3435,0.0
3436,0.0
3437,0.0
3438,0.02139
3439,0.10182
3440,0.13131
3441,0.36228
3442,0.40073000000000003
3443,0.46304
3444,0.49817
3445,0.46003
3446,0.28005
3447,0.11624
3448,0.04861
3449,0.01472
3450,0.0
3451,0.0
3452,0.0
3453,0.0
3454,0.0
3455,0.0
3456,0.0
3457,0.0
3458,0.0
3459,0.0
3460,0.0
3461,0.0
3462,0.01408
3463,0.04906
3464,0.08545
3465,0.203
3466,0.26973
3467,0.41754
3468,0.60003
3469,0.44322
3470,0.40652
3471,0.23890999999999998
3472,0.05572
3473,0.016550000000000002
3474,0.0
3475,0.0
3476,0.0
3477,0.0
3478,0.0
3479,0.0
3480,0.0
3481,0.0
3482,0.0
3483,0.0
3484,0.0
3485,0.0
3486,0.01516
3487,0.08277
3488,0.13029
3489,0.29743
3490,0.33854
3491,0.46394
3492,0.41545
3493,0.27998
3494,0.23935
3495,0.16788
3496,0.07997
3497,0.02148
3498,0.0
3499,0.0
3500,0.0
3501,0.0
3502,0.0
3503,0.0
3504,0.0
3505,0.0
3506,0.0
3507,0.0
3508,0.0
3509,0.0
3510,0.00441
3511,0.027870000000000002
3512,0.05346
3513,0.15165
3514,0.1285
3515,0.27484
3516,0.28504
3517,0.33054
3518,0.28436
3519,0.12776
3520,0.045759999999999995
3521,0.02114
3522,0.0
3523,0.0
3524,0.0
3525,0.0
3526,0.0
3527,0.0
3528,0.0
3529,0.0
3530,0.0
3531,0.0
3532,0.0
3533,0.0
3534,0.03711
3535,0.14653
3536,0.19303
3537,0.27049
3538,0.38685
3539,0.30413
3540,0.25407
3541,0.29048
3542,0.34137
3543,0.21172
3544,0.06054
3545,0.012289999999999999
3546,0.0
3547,0.0
3548,0.0
3549,0.0
3550,0.0
3551,0.0
3552,0.0
3553,0.0
3554,0.0
3555,0.0
3556,0.0
3557,0.0
3558,0.03304
3559,0.15716
3560,0.33681
3561,0.47833
3562,0.51395
3563,0.57316
3564,0.5582699999999999
3565,0.44689999999999996
3566,0.34261
3567,0.21859
3568,0.14208
3569,0.02614
3570,0.0
3571,0.0
3572,0.0
3573,0.0
3574,0.0
3575,0.0
3576,0.0
3577,0.0
3578,0.0
3579,0.0
3580,0.0
3581,0.0
3582,0.019010000000000003
3583,0.17085
3584,0.37112
3585,0.5245599999999999
3586,0.6564800000000001
3587,0.57298
3588,0.6048300000000001
3589,0.52564
3590,0.39249
3591,0.26056
3592,0.11487
3593,0.030719999999999997
3594,0.0
3595,0.0
3596,0.0
3597,0.0
3598,0.0
3599,0.0
3600,0.0
3601,0.0
3602,0.0
3603,0.0
3604,0.0
3605,0.0
3606,0.04033
3607,0.21180000000000002
3608,0.40369
3609,0.47145
3610,0.6129
3611,0.62719
3612,0.67831
3613,0.6365599999999999
3614,0.46849
3615,0.32575
3616,0.15922999999999998
3617,0.03561
3618,0.0
3619,0.0
3620,0.0
3621,0.0
3622,0.0
3623,0.0
3624,0.0
3625,0.0
3626,0.0
3627,0.0
3628,0.0
3629,0.0
3630,0.04428
3631,0.18306999999999998
3632,0.32469
3633,0.47381
3634,0.57136
3635,0.61988
3636,0.66423
3637,0.5685800000000001
3638,0.49271
3639,0.33261
3640,0.18708000000000002
3641,0.02989
3642,0.0
3643,0.0
3644,0.0
3645,0.0
3646,0.0
3647,0.0
3648,0.0
3649,0.0
3650,0.0
3651,0.0
3652,0.0
3653,0.0
3654,0.02894
3655,0.164
3656,0.34947
3657,0.45067
3658,0.57527
3659,0.68057
3660,0.63934
3661,0.55196
3662,0.43539
3663,0.21587
3664,0.11895
3665,0.02382
3666,0.0
3667,0.0
3668,0.0
3669,0.0
3670,0.0
3671,0.0
3672,0.0
3673,0.0
3674,0.0
3675,0.0
3676,0.0
3677,0.0
3678,0.02204
3679,0.10414
3680,0.21339
3681,0.39709
3682,0.51891
3683,0.5457000000000001
3684,0.49625
3685,0.46694
3686,0.40799
3687,0.25581
3688,0.10233
3689,0.01414
3690,0.0
3691,0.0
3692,0.0
3693,0.0
3694,0.0
3695,0.0
3696,0.0
3697,0.0
3698,0.0
3699,0.0
3700,0.0
3701,0.0
3702,0.0349
3703,0.21564
3704,0.41020999999999996
3705,0.51873
3706,0.6206499999999999
3707,0.66511
3708,0.68126
3709,0.55229
3710,0.46484
3711,0.29919
3712,0.16756000000000001
3713,0.03762
3714,0.0
3715,0.0
3716,0.0
3717,0.0
3718,0.0
3719,0.0
3720,0.0
3721,0.0
3722,0.0
3723,0.0
3724,0.0
3725,0.0
3726,0.039700000000000006
3727,0.17893
3728,0.36608999999999997
3729,0.48672000000000004
3730,0.59457
3731,0.67629
3732,0.66934
3733,0.59115
3734,0.48944
3735,0.30342
3736,0.1575
3737,0.031239999999999997
3738,0.0
3739,0.0
3740,0.0
3741,0.0
3742,0.0
3743,0.0
3744,0.0
3745,0.0
3746,0.0
3747,0.0
3748,0.0
3749,0.0
3750,0.03526
3751,0.13941
3752,0.3276
3753,0.46292
3754,0.64254
3755,0.66559
3756,0.50303
3757,0.50487
3758,0.32959
3759,0.19647
3760,0.0974
3761,0.02614
3762,0.0
3763,0.0
3764,0.0
3765,0.0
3766,0.0
3767,0.0
3768,0.0
3769,0.0
3770,0.0
3771,0.0
3772,0.0
3773,0.0
3774,0.02639
3775,0.16234
3776,0.31841
3777,0.46711
3778,0.58989
3779,0.5332
3780,0.64352
3781,0.50393
3782,0.41756
3783,0.25894
3784,0.09192
3785,0.02662
3786,0.0
3787,0.0
3788,0.0
3789,0.0
3790,0.0
3791,0.0
3792,0.0
3793,0.0
3794,0.0
3795,0.0
3796,0.0
3797,0.0
3798,0.02902
3799,0.16691
3800,0.3168
3801,0.43636
3802,0.57094
3803,0.5519400000000001
3804,0.52422
3805,0.5565
3806,0.4298
3807,0.29263
3808,0.1275
3809,0.023219999999999998
3810,0.0
3811,0.0
3812,0.0
3813,0.0
3814,0.0
3815,0.0
3816,0.0
3817,0.0
3818,0.0
3819,0.0
3820,0.0
3821,0.0
3822,0.03214
3823,0.17173
3824,0.32799
3825,0.47792
3826,0.5766
3827,0.6314500000000001
3828,0.6119600000000001
3829,0.5147999999999999
3830,0.45289999999999997
3831,0.2681
3832,0.11936
3833,0.02224
3834,0.0
3835,0.0
3836,0.0
3837,0.0
3838,0.0
3839,0.0
3840,0.0
3841,0.0
3842,0.0
3843,0.0
3844,0.0
3845,0.0
3846,0.01586
3847,0.08913
3848,0.22402
3849,0.34194
3850,0.40192
3851,0.41785
3852,0.43386
3853,0.47375
3854,0.36116000000000004
3855,0.23013
3856,0.11102
3857,0.02456
3858,0.0
3859,0.0
3860,0.0
3861,0.0
3862,0.0
3863,0.0
3864,0.0
3865,0.0
3866,0.0
3867,0.0
3868,0.0
3869,0.0
3870,0.03447
3871,0.15206999999999998
3872,0.34336
3873,0.41868
3874,0.5253
3875,0.5660299999999999
3876,0.53295
3877,0.39371
3878,0.17647
3879,0.21627000000000002
3880,0.10353
3881,0.02348
3882,0.0
3883,0.0
3884,0.0
3885,0.0
3886,0.0
3887,0.0
3888,0.0
3889,0.0
3890,0.0
3891,0.0
3892,0.0
3893,0.0
3894,0.04061
3895,0.17640999999999998
3896,0.37822
3897,0.5865
3898,0.6824600000000001
3899,0.70421
3900,0.70826
3901,0.6153099999999999
3902,0.47981999999999997
3903,0.30083
3904,0.16196000000000002
3905,0.038590000000000006
3906,0.0
3907,0.0
3908,0.0
3909,0.0
3910,0.0
3911,0.0
3912,0.0
3913,0.0
3914,0.0
3915,0.0
3916,0.0
3917,0.0
3918,0.03658
3919,0.18469999999999998
3920,0.34382
3921,0.52722
3922,0.61456
3923,0.69279
3924,0.6669299999999999
3925,0.63076
3926,0.4988
3927,0.29837
3928,0.14452
3929,0.03641
3930,0.0
3931,0.0
3932,0.0
3933,0.0
3934,0.0
3935,0.0
3936,0.0
3937,0.0
3938,0.0
3939,0.0
3940,0.0
3941,0.0
3942,0.022690000000000002
3943,0.19963999999999998
3944,0.36913
3945,0.47376
3946,0.61354
3947,0.62998
3948,0.56064
3949,0.48649000000000003
3950,0.26491000000000003
3951,0.22012
3952,0.10643999999999999
3953,0.03218
3954,0.0
3955,0.0
3956,0.0
3957,0.0
3958,0.0
3959,0.0
3960,0.0
3961,0.0
3962,0.0
3963,0.0
3964,0.0
3965,0.0
3966,0.0141
3967,0.07540000000000001
3968,0.15618
3969,0.22846
3970,0.35420999999999997
3971,0.55704
3972,0.48721
3973,0.45006999999999997
3974,0.36519999999999997
3975,0.16817
3976,0.083
3977,0.02531
3978,0.0
3979,0.0
3980,0.0
3981,0.0
3982,0.0
3983,0.0
3984,0.0
3985,0.0
3986,0.0
3987,0.0
3988,0.0
3989,0.0
3990,0.01878
3991,0.1502
3992,0.33512000000000003
3993,0.39605
3994,0.5389299999999999
3995,0.55236
3996,0.58014
3997,0.6065499999999999
3998,0.44111
3999,0.33325
4000,0.19224000000000002
4001,0.039509999999999997
4002,0.0
4003,0.0
4004,0.0
4005,0.0
4006,0.0
4007,0.0
4008,0.0
4009,0.0
4010,0.0
4011,0.0
4012,0.0
4013,0.0
4014,0.023289999999999998
4015,0.18974000000000002
4016,0.41202
4017,0.56523
4018,0.6724600000000001
4019,0.71562
4020,0.69856
4021,0.54486
4022,0.47098
4023,0.33786
4024,0.20584
4025,0.039479999999999994
4026,0.0
4027,0.0
4028,0.0
4029,0.0
4030,0.0
4031,0.0
4032,0.0
4033,0.0
4034,0.0
4035,0.0
4036,0.0
4037,0.0
4038,0.026350000000000002
4039,0.13002
4040,0.28542
4041,0.4103
4042,0.52955
4043,0.61745
4044,0.5721499999999999
4045,0.59592
4046,0.49321
4047,0.26073
4048,0.14705000000000001
4049,0.03062
4050,0.0
4051,0.0
4052,0.0
4053,0.0
4054,0.0
4055,0.0
4056,0.0
4057,0.0
4058,0.0
4059,0.0
4060,0.0
4061,0.0
4062,0.02229
4063,0.13363999999999998
4064,0.26369
4065,0.40832
4066,0.53091
4067,0.6051
4068,0.5052300000000001
4069,0.41018
4070,0.36393000000000003
4071,0.21278
4072,0.15277000000000002
4073,0.04259
4074,0.0
4075,0.0
4076,0.0
4077,0.0
4078,0.0
4079,0.0
4080,0.0
4081,0.0
4082,0.0
4083,0.0
4084,0.0
4085,0.0
4086,0.02145
4087,0.23324
4088,0.43247
4089,0.55614
4090,0.66569
4091,0.67608
4092,0.68712
4093,0.53286
4094,0.45397000000000004
4095,0.31547000000000003
4096,0.18178
4097,0.0314
4098,0.0
4099,0.0
4100,0.0
4101,0.0
4102,0.0
4103,0.0
4104,0.0
4105,0.0
4106,0.0
4107,0.0
4108,0.0
4109,0.0
4110,0.02461
4111,0.17579
4112,0.33274000000000004
4113,0.5179600000000001
4114,0.56528
4115,0.63897
4116,0.5812
4117,0.51575
4118,0.40708999999999995
4119,0.25729
4120,0.15528999999999998
4121,0.0229
4122,0.0
4123,0.0
4124,0.0
4125,0.0
4126,0.0
4127,0.0
4128,0.0
4129,0.0
4130,0.0
4131,0.0
4132,0.0
4133,0.0
4134,0.0222
4135,0.10792
4136,0.16615
4137,0.22157
4138,0.40468
4139,0.53989
4140,0.48685
4141,0.31355
4142,0.1281
4143,0.06518
4144,0.052719999999999996
4145,0.025079999999999998
4146,0.0
4147,0.0
4148,0.0
4149,0.0
4150,0.0
4151,0.0
4152,0.0
4153,0.0
4154,0.0
4155,0.0
4156,0.0
4157,0.0
4158,0.01214
4159,0.15334
4160,0.30954000000000004
4161,0.38759
4162,0.51373
4163,0.5404800000000001
4164,0.51271
4165,0.4659
4166,0.40306000000000003
4167,0.20765
4168,0.11220999999999999
4169,0.031059999999999997
4170,0.0
4171,0.0
4172,0.0
4173,0.0
4174,0.0
4175,0.0
4176,0.0
4177,0.0
4178,0.0
4179,0.0
4180,0.0
4181,0.0
4182,0.023809999999999998
4183,0.16921
4184,0.36827
4185,0.46623000000000003
4186,0.60168
4187,0.62078
4188,0.6046900000000001
4189,0.5927100000000001
4190,0.41713
4191,0.31576
4192,0.15593
4193,0.03214
4194,0.0
4195,0.0
4196,0.0
4197,0.0
4198,0.0
4199,0.0
4200,0.0
4201,0.0
4202,0.0
4203,0.0
4204,0.0
4205,0.0
4206,0.013710000000000002
4207,0.07765999999999999
4208,0.1653
4209,0.21403
4210,0.29733
4211,0.3366
4212,0.24766
4213,0.25827999999999995
4214,0.19866
4215,0.20542
4216,0.12632
4217,0.02467
4218,0.0
4219,0.0
4220,0.0
4221,0.0
4222,0.0
4223,0.0
4224,0.0
4225,0.0
4226,0.0
4227,0.0
4228,0.0
4229,0.0
4230,0.02082
4231,0.18427000000000002
4232,0.39092
4233,0.54598
4234,0.65326
4235,0.6497
4236,0.65685
4237,0.60756
4238,0.43823
4239,0.3153
4240,0.1541
4241,0.03073
4242,0.0
4243,0.0
4244,0.0
4245,0.0
4246,0.0
4247,0.0
4248,0.0
4249,0.0
4250,0.0
4251,0.0
4252,0.0
4253,0.0
4254,0.02485
4255,0.18815
4256,0.39269
4257,0.47823000000000004
4258,0.5844
4259,0.63006
4260,0.6571
4261,0.5890599999999999
4262,0.35007
4263,0.25447
4264,0.09547
4265,0.02128
4266,0.0
4267,0.0
4268,0.0
4269,0.0
4270,0.0
4271,0.0
4272,0.0
4273,0.0
4274,0.0
4275,0.0
4276,0.0
4277,0.0
4278,0.02568
4279,0.14772
4280,0.27449
4281,0.43441
4282,0.54375
4283,0.57171
4284,0.59976
4285,0.49376
4286,0.37049
4287,0.23759
4288,0.12076
4289,0.0294
4290,0.0
4291,0.0
4292,0.0
4293,0.0
4294,0.0
4295,0.0
4296,0.0
4297,0.0
4298,0.0
4299,0.0
4300,0.0
4301,0.0
4302,0.024739999999999998
4303,0.12866999999999998
4304,0.3201
4305,0.4745
4306,0.5142599999999999
4307,0.55345
4308,0.58009
4309,0.6228400000000001
4310,0.48211000000000004
4311,0.29787
4312,0.17682
4313,0.04439
4314,0.0
4315,0.0
4316,0.0
4317,0.0
4318,0.0
4319,0.0
4320,0.0
4321,0.0
4322,0.0
4323,0.0
4324,0.0
4325,0.0
4326,0.02223
4327,0.17393
4328,0.35619999999999996
4329,0.49456
4330,0.5719099999999999
4331,0.6675800000000001
4332,0.66232
4333,0.56856
4334,0.48173
4335,0.31468
4336,0.18018
4337,0.04267
4338,0.0
4339,0.0
4340,0.0
4341,0.0
4342,0.0
4343,0.0
4344,0.0
4345,0.0
4346,0.0
4347,0.0
4348,0.0
4349,0.0
4350,0.02105
4351,0.15318
4352,0.31799
4353,0.47222000000000003
4354,0.52934
4355,0.59669
4356,0.60227
4357,0.58951
4358,0.44101999999999997
4359,0.30119999999999997
4360,0.1023
4361,0.02585
4362,0.0
4363,0.0
4364,0.0
4365,0.0
4366,0.0
4367,0.0
4368,0.0
4369,0.0
4370,0.0
4371,0.0
4372,0.0
4373,0.0
4374,0.022760000000000002
4375,0.12090000000000001
4376,0.28129000000000004
4377,0.39681
4378,0.47958
4379,0.45042000000000004
4380,0.48917
4381,0.5180800000000001
4382,0.32502
4383,0.23754
4384,0.06569
4385,0.02357
4386,0.0
4387,0.0
4388,0.0
4389,0.0
4390,0.0
4391,0.0
4392,0.0
4393,0.0
4394,0.0
4395,0.0
4396,0.0
4397,0.0
4398,0.01765
4399,0.10435
4400,0.23172
4401,0.42046
4402,0.42662
4403,0.49888
4404,0.52264
4405,0.5320499999999999
4406,0.45032
4407,0.35320999999999997
4408,0.17159
4409,0.04887
4410,0.0
4411,0.0
4412,0.0
4413,0.0
4414,0.0
4415,0.0
4416,0.0
4417,0.0
4418,0.0
4419,0.0
4420,0.0
4421,0.0
4422,0.01774
4423,0.11948
4424,0.28492
4425,0.39026
4426,0.47692
4427,0.58504
4428,0.4783
4429,0.45914
4430,0.40434
4431,0.2875
4432,0.15063
4433,0.03971
4434,0.0
4435,0.0
4436,0.0
4437,0.0
4438,0.0
4439,0.0
4440,0.0
4441,0.0
4442,0.0
4443,0.0
4444,0.0
4445,0.0
4446,0.01509
4447,0.12054999999999999
4448,0.31071
4449,0.40788
4450,0.52251
4451,0.59369
4452,0.47778
4453,0.50674
4454,0.40343
4455,0.25295
4456,0.12428
4457,0.03171
4458,0.0
4459,0.0
4460,0.0
4461,0.0
4462,0.0
4463,0.0
4464,0.0
4465,0.0
4466,0.0
4467,0.0
4468,0.0
4469,0.0
4470,0.0209
4471,0.15932
4472,0.32798
4473,0.42260000000000003
4474,0.5544199999999999
4475,0.6189199999999999
4476,0.61709
4477,0.48274
4478,0.46886
4479,0.27326999999999996
4480,0.15559
4481,0.02939
4482,0.0
4483,0.0
4484,0.0
4485,0.0
4486,0.0
4487,0.0
4488,0.0
4489,0.0
4490,0.0
4491,0.0
4492,0.0
4493,0.0
4494,0.01829
4495,0.1377
4496,0.35026
4497,0.42578
4498,0.5036700000000001
4499,0.5866399999999999
4500,0.60885
4501,0.42525
4502,0.39049
4503,0.24254
4504,0.10859999999999999
4505,0.023829999999999997
4506,0.0
4507,0.0
4508,0.0
4509,0.0
4510,0.0
4511,0.0
4512,0.0
4513,0.0
4514,0.0
4515,0.0
4516,0.0
4517,0.0
4518,0.02478
4519,0.16426
4520,0.27487
4521,0.38154000000000005
4522,0.47975999999999996
4523,0.4957
4524,0.45643
4525,0.47936
4526,0.3992
4527,0.23334
4528,0.12804
4529,0.03046
4530,0.0
4531,0.0
4532,0.0
4533,0.0
4534,0.0
4535,0.0
4536,0.0
4537,0.0
4538,0.0
4539,0.0
4540,0.0
4541,0.0
4542,0.01563
4543,0.09518
4544,0.22641
4545,0.41487
4546,0.45044
4547,0.46099
4548,0.45883999999999997
4549,0.5223
4550,0.42117
4551,0.26597000000000004
4552,0.11283
4553,0.02647
4554,0.0
4555,0.0
4556,0.0
4557,0.0
4558,0.0
4559,0.0
4560,0.0
4561,0.0
4562,0.0
4563,0.0
4564,0.0
4565,0.0
4566,0.015960000000000002
4567,0.10773999999999999
4568,0.26003
4569,0.38705
4570,0.49607
4571,0.5164099999999999
4572,0.54767
4573,0.50385
4574,0.43429
4575,0.26706
4576,0.14098
4577,0.040350000000000004
4578,0.0
4579,0.0
4580,0.0
4581,0.0
4582,0.0
4583,0.0
4584,0.0
4585,0.0
4586,0.0
4587,0.0
4588,0.0
4589,0.0
4590,0.02081
4591,0.18012999999999998
4592,0.38418
4593,0.50962
4594,0.6296799999999999
4595,0.66353
4596,0.7134199999999999
4597,0.5928
4598,0.495
4599,0.33137
4600,0.17131
4601,0.02955
4602,0.0
4603,0.0
4604,0.0
4605,0.0
4606,0.0
4607,0.0
4608,0.0
4609,0.0
4610,0.0
4611,0.0
4612,0.0
4613,0.0
4614,0.0213
4615,0.15353
4616,0.33217
4617,0.51032
4618,0.5648
4619,0.63703
4620,0.57471
4621,0.50445
4622,0.44958
4623,0.28975
4624,0.1782
4625,0.046520000000000006
4626,0.0
4627,0.0
4628,0.0
4629,0.0
4630,0.0
4631,0.0
4632,0.0
4633,0.0
4634,0.0
4635,0.0
4636,0.0
4637,0.0
4638,0.019100000000000002
4639,0.14262
4640,0.30284
4641,0.45133999999999996
4642,0.5529
4643,0.68759
4644,0.53026
4645,0.5365700000000001
4646,0.34820999999999996
4647,0.19125
4648,0.12890000000000001
4649,0.023530000000000002
4650,0.0
4651,0.0
4652,0.0
4653,0.0
4654,0.0
4655,0.0
4656,0.0
4657,0.0
4658,0.0
4659,0.0
4660,0.0
4661,0.0
4662,0.01542
4663,0.16485
4664,0.28306
4665,0.43727999999999995
4666,0.63489
4667,0.57353
4668,0.53401
4669,0.5271399999999999
4670,0.35441
4671,0.27358
4672,0.17167
4673,0.02548
4674,0.0
4675,0.0
4676,0.0
4677,0.0
4678,0.0
4679,0.0
4680,0.0
4681,0.0
4682,0.0
4683,0.0
4684,0.0
4685,0.0
4686,0.01761
4687,0.14495
4688,0.29220999999999997
4689,0.37842000000000003
4690,0.5396599999999999
4691,0.5199
4692,0.50098
4693,0.53718
4694,0.3555
4695,0.3257
4696,0.12875999999999999
4697,0.038979999999999994
4698,0.0
4699,0.0
4700,0.0
4701,0.0
4702,0.0
4703,0.0
4704,0.0
4705,0.0
4706,0.0
4707,0.0
4708,0.0
4709,0.0
4710,0.00939
4711,0.06308
4712,0.15128
4713,0.13969
4714,0.24965
4715,0.3386
4716,0.36419
4717,0.3035
4718,0.30028
4719,0.24164
4720,0.11167
4721,0.03264
4722,0.0
4723,0.0
4724,0.0
4725,0.0
4726,0.0
4727,0.0
4728,0.0
4729,0.0
4730,0.0
4731,0.0
4732,0.0
4733,0.0
4734,0.01349
4735,0.08882
4736,0.25622
4737,0.40568
4738,0.53814
4739,0.5906
4740,0.53273
4741,0.45127
4742,0.4141
4743,0.21559
4744,0.15036000000000002
4745,0.03189
4746,0.0
4747,0.0
4748,0.0
4749,0.0
4750,0.0
4751,0.0
4752,0.0
4753,0.0
4754,0.0
4755,0.0
4756,0.0
4757,0.0
4758,0.02084
4759,0.16423
4760,0.32506
4761,0.46697000000000005
4762,0.53914
4763,0.6347
4764,0.63863
4765,0.5797599999999999
4766,0.42488
4767,0.28908999999999996
4768,0.12301000000000001
4769,0.01393
4770,0.0
4771,0.0
4772,0.0
4773,0.0
4774,0.0
4775,0.0
4776,0.0
4777,0.0
4778,0.0
4779,0.0
4780,0.0
4781,0.0
4782,0.02077
4783,0.16311
4784,0.34355
4785,0.5428
4786,0.6283500000000001
4787,0.6464099999999999
4788,0.56531
4789,0.55123
4790,0.34838
4791,0.29911
4792,0.15903
4793,0.04436
4794,0.0
4795,0.0
4796,0.0
4797,0.0
4798,0.0
4799,0.0
4800,0.0
4801,0.0
4802,0.0
4803,0.0
4804,0.0
4805,0.0
4806,0.02233
4807,0.17823
4808,0.3954
4809,0.55576
4810,0.6703600000000001
4811,0.6803400000000001
4812,0.67552
4813,0.64163
4814,0.54153
4815,0.39914
4816,0.19643
4817,0.039909999999999994
4818,0.0
4819,0.0
4820,0.0
4821,0.0
4822,0.0
4823,0.0
4824,0.0
4825,0.0
4826,0.0
4827,0.0
4828,0.0
4829,0.0
4830,0.01878
4831,0.22454
4832,0.40645
4833,0.59076
4834,0.6869500000000001
4835,0.73895
4836,0.72376
4837,0.67887
4838,0.5521699999999999
4839,0.36975
4840,0.17706
4841,0.04753
4842,0.0
4843,0.0
4844,0.0
4845,0.0
4846,0.0
4847,0.0
4848,0.0
4849,0.0
4850,0.0
4851,0.0
4852,0.0
4853,0.0
4854,0.02566
4855,0.15427000000000002
4856,0.30844
4857,0.44410000000000005
4858,0.5161699999999999
4859,0.57614
4860,0.6215700000000001
4861,0.48628
4862,0.44743
4863,0.33111
4864,0.15732
4865,0.04678
4866,0.0
4867,0.0
4868,0.0
4869,0.0
4870,0.0
4871,0.0
4872,0.0
4873,0.0
4874,0.0
4875,0.0
4876,0.0
4877,0.0
4878,0.02101
4879,0.20198
4880,0.44441
4881,0.59029
4882,0.6934
4883,0.69531
4884,0.72717
4885,0.64547
4886,0.54475
4887,0.37342000000000003
4888,0.22121000000000002
4889,0.04782
4890,0.0
4891,0.0
4892,0.0
4893,0.0
4894,0.0
4895,0.0
4896,0.0
4897,0.0
4898,0.0
4899,0.0
4900,0.0
4901,0.0
4902,0.01726
4903,0.21449000000000001
4904,0.44101
4905,0.59499
4906,0.68884
4907,0.75012
4908,0.7465900000000001
4909,0.69501
4910,0.5579400000000001
4911,0.39033
4912,0.2282
4913,0.045520000000000005
4914,0.0
4915,0.0
4916,0.0
4917,0.0
4918,0.0
4919,0.0
4920,0.0
4921,0.0
4922,0.0
4923,0.0
4924,0.0
4925,0.0
4926,0.0161
4927,0.16056
4928,0.40946
4929,0.57414
4930,0.62679
4931,0.68671
4932,0.66946
4933,0.68128
4934,0.51033
4935,0.36302
4936,0.21374
4937,0.05085
4938,0.0
4939,0.0
4940,0.0
4941,0.0
4942,0.0
4943,0.0
4944,0.0
4945,0.0
4946,0.0
4947,0.0
4948,0.0
4949,0.0
4950,0.02162
4951,0.15918000000000002
4952,0.34712
4953,0.53925
4954,0.64766
4955,0.7024199999999999
4956,0.60809
4957,0.6391699999999999
4958,0.53798
4959,0.35388
4960,0.19119999999999998
4961,0.02911
4962,0.0
4963,0.0
4964,0.0
4965,0.0
4966,0.0
4967,0.0
4968,0.0
4969,0.0
4970,0.0
4971,0.0
4972,0.0
4973,0.0
4974,0.02109
4975,0.17971
4976,0.38192000000000004
4977,0.56204
4978,0.61785
4979,0.66099
4980,0.70841
4981,0.64347
4982,0.51262
4983,0.34587
4984,0.22634
4985,0.05035
4986,0.0
4987,0.0
4988,0.0
4989,0.0
4990,0.0
4991,0.0
4992,0.0
4993,0.0
4994,0.0
4995,0.0
4996,0.0
4997,0.0
4998,0.01874
4999,0.15524000000000002
5000,0.31666000000000005
5001,0.5181399999999999
5002,0.6276499999999999
5003,0.65615
5004,0.58636
5005,0.64083
5006,0.5423
5007,0.31841
5008,0.18368
5009,0.0429
5010,0.0
5011,0.0
5012,0.0
5013,0.0
5014,0.0
5015,0.0
5016,0.0
5017,0.0
5018,0.0
5019,0.0
5020,0.0
5021,0.0
5022,0.01652
5023,0.15961
5024,0.36010000000000003
5025,0.5690299999999999
5026,0.6719400000000001
5027,0.71926
5028,0.57826
5029,0.62314
5030,0.5080899999999999
5031,0.36272000000000004
5032,0.20158
5033,0.03178
5034,0.0
5035,0.0
5036,0.0
5037,0.0
5038,0.0
5039,0.0
5040,0.0
5041,0.0
5042,0.0
5043,0.0
5044,0.0
5045,0.0
5046,0.01941
5047,0.17412
5048,0.33669
5049,0.5516599999999999
5050,0.62409
5051,0.6665399999999999
5052,0.6729700000000001
5053,0.59721
5054,0.44977999999999996
5055,0.38256
5056,0.20032
5057,0.04682
5058,0.0
5059,0.0
5060,0.0
5061,0.0
5062,0.0
5063,0.0
5064,0.0
5065,0.0
5066,0.0
5067,0.0
5068,0.0
5069,0.0
5070,0.01718
5071,0.13279
5072,0.32606999999999997
5073,0.43145
5074,0.51076
5075,0.5304099999999999
5076,0.46043
5077,0.42162
5078,0.26614
5079,0.19188999999999998
5080,0.14431
5081,0.047189999999999996
5082,0.0
5083,0.0
5084,0.0
5085,0.0
5086,0.0
5087,0.0
5088,0.0
5089,0.0
5090,0.0
5091,0.0
5092,0.0
5093,0.0
5094,0.013
5095,0.17012
5096,0.38818
5097,0.45829000000000003
5098,0.54903
5099,0.67604
5100,0.61212
5101,0.6271100000000001
5102,0.45473
5103,0.35286
5104,0.18778999999999998
5105,0.044340000000000004
5106,0.0
5107,0.0
5108,0.0
5109,0.0
5110,0.0
5111,0.0
5112,0.0
5113,0.0
5114,0.0
5115,0.0
5116,0.0
5117,0.0
5118,0.018940000000000002
5119,0.1262
5120,0.29164
5121,0.37676
5122,0.58954
5123,0.63976
5124,0.59488
5125,0.49309
5126,0.40320999999999996
5127,0.33088
5128,0.16658
5129,0.041409999999999995
5130,0.0
5131,0.0
5132,0.0
5133,0.0
5134,0.0
5135,0.0
5136,0.0
5137,0.0
5138,0.0
5139,0.0
5140,0.0
5141,0.0
5142,0.0125
5143,0.13846
5144,0.33670999999999995
5145,0.51375
5146,0.555
5147,0.5280499999999999
5148,0.6364500000000001
5149,0.55636
5150,0.47073000000000004
5151,0.34258999999999995
5152,0.19736
5153,0.047439999999999996
5154,0.0
5155,0.0
5156,0.0
5157,0.0
5158,0.0
5159,0.0
5160,0.0
5161,0.0
5162,0.0
5163,0.0
5164,0.0
5165,0.0
5166,0.01783
5167,0.18896000000000002
5168,0.4215
5169,0.58198
5170,0.6395599999999999
5171,0.6565700000000001
5172,0.69565
5173,0.6326
5174,0.51033
5175,0.38012999999999997
5176,0.20877
5177,0.05219
5178,0.0
5179,0.0
5180,0.0
5181,0.0
5182,0.0
5183,0.0
5184,0.0
5185,0.0
5186,0.0
5187,0.0
5188,0.0
5189,0.0
5190,0.0195
5191,0.1738
5192,0.37445
5193,0.55568
5194,0.66124
5195,0.7204299999999999
5196,0.6505700000000001
5197,0.65483
5198,0.50282
5199,0.4045
5200,0.20034
5201,0.05005
5202,0.0
5203,0.0
5204,0.0
5205,0.0
5206,0.0
5207,0.0
5208,0.0
5209,0.0
5210,0.0
5211,0.0
5212,0.0
5213,0.0
5214,0.01509
5215,0.15367
5216,0.37002999999999997
5217,0.59721
5218,0.6542
5219,0.7094600000000001
5220,0.6434099999999999
5221,0.63027
5222,0.50134
5223,0.36049000000000003
5224,0.16483
5225,0.03565
5226,0.0
5227,0.0
5228,0.0
5229,0.0
5230,0.0
5231,0.0
5232,0.0
5233,0.0
5234,0.0
5235,0.0
5236,0.0
5237,0.0
5238,0.019489999999999997
5239,0.21274
5240,0.41773000000000005
5241,0.5796
5242,0.7076699999999999
5243,0.75752
5244,0.75366
5245,0.6539400000000001
5246,0.59276
5247,0.39759
5248,0.21023
5249,0.04335
5250,0.0
5251,0.0
5252,0.0
5253,0.0
5254,0.0
5255,0.0
5256,0.0
5257,0.0
5258,0.0
5259,0.0
5260,0.0
5261,0.0
5262,0.01877
5263,0.21624000000000002
5264,0.40737
5265,0.58593
5266,0.7014
5267,0.74698
5268,0.75602
5269,0.67299
5270,0.59516
5271,0.39533999999999997
5272,0.22141999999999998
5273,0.04507
5274,0.0
5275,0.0
5276,0.0
5277,0.0
5278,0.0
5279,0.0
5280,0.0
5281,0.0
5282,0.0
5283,0.0
5284,0.0
5285,0.0
5286,0.023280000000000002
5287,0.17067
5288,0.38850999999999997
5289,0.56184
5290,0.6717000000000001
5291,0.73323
5292,0.7389600000000001
5293,0.68202
5294,0.52424
5295,0.41696
5296,0.19977
5297,0.04487
5298,0.0
5299,0.0
5300,0.0
5301,0.0
5302,0.0
5303,0.0
5304,0.0
5305,0.0
5306,0.0
5307,0.0
5308,0.0
5309,0.0
5310,0.022879999999999998
5311,0.14679
5312,0.31666000000000005
5313,0.5160399999999999
5314,0.65242
5315,0.66064
5316,0.66977
5317,0.49879
5318,0.33687
5319,0.23194
5320,0.11420999999999999
5321,0.02429
5322,0.0
5323,0.0
5324,0.0
5325,0.0
5326,0.0
5327,0.0
5328,0.0
5329,0.0
5330,0.0
5331,0.0
5332,0.0
5333,0.0
5334,0.0174
5335,0.12667
5336,0.27984
5337,0.36322000000000004
5338,0.49575
5339,0.50744
5340,0.5757899999999999
5341,0.53595
5342,0.39918
5343,0.32355
5344,0.13544
5345,0.0246
5346,0.0
5347,0.0
5348,0.0
5349,0.0
5350,0.0
5351,0.0
5352,0.0
5353,0.0
5354,0.0
5355,0.0
5356,0.0
5357,0.0
5358,0.01476
5359,0.18313
5360,0.38909
5361,0.48198
5362,0.55157
5363,0.57499
5364,0.6134400000000001
5365,0.47999
5366,0.40023000000000003
5367,0.26577999999999996
5368,0.1275
5369,0.038380000000000004
5370,0.0
5371,0.0
5372,0.0
5373,0.0
5374,0.0
5375,0.0
5376,0.0
5377,0.0
5378,0.0
5379,0.0
5380,0.0
5381,0.0
5382,0.01832
5383,0.13441999999999998
5384,0.32594
5385,0.42552999999999996
5386,0.56151
5387,0.63627
5388,0.58554
5389,0.60942
5390,0.48112
5391,0.34370999999999996
5392,0.15866999999999998
5393,0.03425
5394,0.0
5395,0.0
5396,0.0
5397,0.0
5398,0.0
5399,0.0
5400,0.0
5401,0.0
5402,0.0
5403,0.0
5404,0.0
5405,0.0
5406,0.019780000000000002
5407,0.14643
5408,0.42921
5409,0.55657
5410,0.59887
5411,0.6095700000000001
5412,0.5482400000000001
5413,0.50598
5414,0.41828
5415,0.23621
5416,0.16061
5417,0.03039
5418,0.0
5419,0.0
5420,0.0
5421,0.0
5422,0.0
5423,0.0
5424,0.0
5425,0.0
5426,0.0
5427,0.0
5428,0.0
5429,0.0
5430,0.013130000000000001
5431,0.09587999999999999
5432,0.25732
5433,0.49960000000000004
5434,0.49316000000000004
5435,0.50022
5436,0.58329
5437,0.64
5438,0.47016
5439,0.36061
5440,0.15324000000000002
5441,0.039909999999999994
5442,0.0
5443,0.0
5444,0.0
5445,0.0
5446,0.0
5447,0.0
5448,0.0
5449,0.0
5450,0.0
5451,0.0
5452,0.0
5453,0.0
5454,0.01132
5455,0.12032
5456,0.29161000000000004
5457,0.37023
5458,0.41919999999999996
5459,0.52542
5460,0.52586
5461,0.47314
5462,0.3594
5463,0.26468
5464,0.12175
5465,0.029
5466,0.0
5467,0.0
5468,0.0
5469,0.0
5470,0.0
5471,0.0
5472,0.0
5473,0.0
5474,0.0
5475,0.0
5476,0.0
5477,0.0
5478,0.01447
5479,0.16623
5480,0.30029
5481,0.43716000000000005
5482,0.53453
5483,0.5121100000000001
5484,0.49162
5485,0.50658
5486,0.41252
5487,0.25899
5488,0.11725
5489,0.020399999999999998
5490,0.0
5491,0.0
5492,0.0
5493,0.0
5494,0.0
5495,0.0
5496,0.0
5497,0.0
5498,0.0
5499,0.0
5500,0.0
5501,0.0
5502,0.01458
5503,0.19843
5504,0.31947000000000003
5505,0.45139
5506,0.46207
5507,0.5913200000000001
5508,0.54528
5509,0.5691900000000001
5510,0.39146
5511,0.28689
5512,0.16053
5513,0.027329999999999997
5514,0.0
5515,0.0
5516,0.0
5517,0.0
5518,0.0
5519,0.0
5520,0.0
5521,0.0
5522,0.0
5523,0.0
5524,0.0
5525,0.0
5526,0.01719
5527,0.11869
5528,0.23509
5529,0.38448000000000004
5530,0.40276
5531,0.43662
5532,0.3772
5533,0.52944
5534,0.38921
5535,0.24421
5536,0.10687
5537,0.02969
5538,0.0
5539,0.0
5540,0.0
5541,0.0
5542,0.0
5543,0.0
5544,0.0
5545,0.0
5546,0.0
5547,0.0
5548,0.0
5549,0.0
5550,0.01498
5551,0.13607
5552,0.33558
5553,0.50573
5554,0.60025
5555,0.64827
5556,0.52124
5557,0.64352
5558,0.46884
5559,0.32718
5560,0.18281999999999998
5561,0.02791
5562,0.0
5563,0.0
5564,0.0
5565,0.0
5566,0.0
5567,0.0
5568,0.0
5569,0.0
5570,0.0
5571,0.0
5572,0.0
5573,0.0
5574,0.016120000000000002
5575,0.14629
5576,0.29819
5577,0.45635000000000003
5578,0.50504
5579,0.5101100000000001
5580,0.49327
5581,0.53543
5582,0.47981
5583,0.27121
5584,0.13024000000000002
5585,0.02089
5586,0.0
5587,0.0
5588,0.0
5589,0.0
5590,0.0
5591,0.0
5592,0.0
5593,0.0
5594,0.0
5595,0.0
5596,0.0
5597,0.0
5598,0.012029999999999999
5599,0.10997
5600,0.24797999999999998
5601,0.31641
5602,0.40729000000000004
5603,0.4829
5604,0.48566000000000004
5605,0.44983
5606,0.30282
5607,0.3067
5608,0.12586
5609,0.01814
5610,0.0
5611,0.0
5612,0.0
5613,0.0
5614,0.0
5615,0.0
5616,0.0
5617,0.0
5618,0.0
5619,0.0
5620,0.0
5621,0.0
5622,0.0126
5623,0.08109000000000001
5624,0.18716
5625,0.24297
5626,0.28073000000000004
5627,0.36745999999999995
5628,0.341
5629,0.5573899999999999
5630,0.37401
5631,0.19231
5632,0.08837
5633,0.02255
5634,0.0
5635,0.0
5636,0.0
5637,0.0
5638,0.0
5639,0.0
5640,0.0
5641,0.0
5642,0.0
5643,0.0
5644,0.0
5645,0.0
5646,0.01341
5647,0.10994
5648,0.20521
5649,0.3917
5650,0.5845199999999999
5651,0.47846
5652,0.53589
5653,0.45548
5654,0.40027999999999997
5655,0.27099
5656,0.10531
5657,0.00696
5658,0.0
5659,0.0
5660,0.0
5661,0.0
5662,0.0
5663,0.0
5664,0.0
5665,0.0
5666,0.0
5667,0.0
5668,0.0
5669,0.0
5670,0.01872
5671,0.19557
5672,0.42411
5673,0.47026999999999997
5674,0.59425
5675,0.58845
5676,0.64565
5677,0.5672999999999999
5678,0.34731
5679,0.27255
5680,0.16543
5681,0.031420000000000003
5682,0.0
5683,0.0
5684,0.0
5685,0.0
5686,0.0
5687,0.0
5688,0.0
5689,0.0
5690,0.0
5691,0.0
5692,0.0
5693,0.0
5694,0.01104
5695,0.15613
5696,0.32214
5697,0.44349
5698,0.51524
5699,0.5925199999999999
5700,0.59946
5701,0.58865
5702,0.45543
5703,0.25357
5704,0.14582
5705,0.03189
5706,0.0
5707,0.0
5708,0.0
5709,0.0
5710,0.0
5711,0.0
5712,0.0
5713,0.0
5714,0.0
5715,0.0
5716,0.0
5717,0.0
5718,0.01129
5719,0.11458
5720,0.30431
5721,0.50783
5722,0.6299600000000001
5723,0.7076
5724,0.66432
5725,0.58193
5726,0.46059
5727,0.308
5728,0.10868000000000001
5729,0.02259
5730,0.0
5731,0.0
5732,0.0
5733,0.0
5734,0.0
5735,0.0
5736,0.0
5737,0.0
5738,0.0
5739,0.0
5740,0.0
5741,0.0
5742,0.01095
5743,0.07744
5744,0.20374
5745,0.30739
5746,0.33323
5747,0.43601999999999996
5748,0.47402999999999995
5749,0.49257
5750,0.41638
5751,0.24223
5752,0.08541
5753,0.01745
5754,0.0
5755,0.0
5756,0.0
5757,0.0
5758,0.0
5759,0.0
5760,0.0
5761,0.0
5762,0.0
5763,0.0
5764,0.0
5765,0.0
5766,0.01732
5767,0.12625
5768,0.28466
5769,0.47664
5770,0.57855
5771,0.60789
5772,0.5936699999999999
5773,0.56189
5774,0.41212
5775,0.23502
5776,0.11216
5777,0.02826
5778,0.0
5779,0.0
5780,0.0
5781,0.0
5782,0.0
5783,0.0
5784,0.0
5785,0.0
5786,0.0
5787,0.0
5788,0.0
5789,0.0
5790,0.02204
5791,0.14593
5792,0.30767
5793,0.37898000000000004
5794,0.45488
5795,0.47685
5796,0.5040899999999999
5797,0.57189
5798,0.4713
5799,0.33922
5800,0.13391999999999998
5801,0.02584
5802,0.0
5803,0.0
5804,0.0
5805,0.0
5806,0.0
5807,0.0
5808,0.0
5809,0.0
5810,0.0
5811,0.0
5812,0.0
5813,0.0
5814,0.01137
5815,0.18015
5816,0.34186
5817,0.52887
5818,0.55335
5819,0.674
5820,0.67572
5821,0.57433
5822,0.48217000000000004
5823,0.34229000000000004
5824,0.14023
5825,0.02709
5826,0.0
5827,0.0
5828,0.0
5829,0.0
5830,0.0
5831,0.0
5832,0.0
5833,0.0
5834,0.0
5835,0.0
5836,0.0
5837,0.0
5838,0.01617
5839,0.1712
5840,0.38966
5841,0.48119
5842,0.62095
5843,0.6414099999999999
5844,0.71499
5845,0.64403
5846,0.48189
5847,0.35587
5848,0.20243
5849,0.030170000000000002
5850,0.0
5851,0.0
5852,0.0
5853,0.0
5854,0.0
5855,0.0
5856,0.0
5857,0.0
5858,0.0
5859,0.0
5860,0.0
5861,0.0
5862,0.0165
5863,0.16487000000000002
5864,0.31109
5865,0.45073
5866,0.51946
5867,0.5629700000000001
5868,0.6203200000000001
5869,0.49210000000000004
5870,0.42318
5871,0.31489
5872,0.08
5873,0.013439999999999999
5874,0.0
5875,0.0
5876,0.0
5877,0.0
5878,0.0
5879,0.0
5880,0.0
5881,0.0
5882,0.0
5883,0.0
5884,0.0
5885,0.0
5886,0.00557
5887,0.03509
5888,0.08569
5889,0.11623
5890,0.23262
5891,0.29914999999999997
5892,0.45525
5893,0.32571
5894,0.42615
5895,0.26518
5896,0.06751
5897,0.01375
5898,0.0
5899,0.0
5900,0.0
5901,0.0
5902,0.0
5903,0.0
5904,0.0
5905,0.0
5906,0.0
5907,0.0
5908,0.0
5909,0.0
5910,0.01773
5911,0.09451000000000001
5912,0.31945
5913,0.37483
5914,0.5838099999999999
5915,0.46501
5916,0.62676
5917,0.41463
5918,0.42127
5919,0.22194999999999998
5920,0.08116
5921,0.01228
5922,0.0
5923,0.0
5924,0.0
5925,0.0
5926,0.0
5927,0.0
5928,0.0
5929,0.0
5930,0.0
5931,0.0
5932,0.0
5933,0.0
5934,0.01715
5935,0.12221
5936,0.29689
5937,0.49585
5938,0.54172
5939,0.57512
5940,0.6929099999999999
5941,0.6225499999999999
5942,0.49108999999999997
5943,0.32944999999999997
5944,0.1723
5945,0.026109999999999998
5946,0.0
5947,0.0
5948,0.0
5949,0.0
5950,0.0
5951,0.0
5952,0.0
5953,0.0
5954,0.0
5955,0.0
5956,0.0
5957,0.0
5958,0.04187
5959,0.173
5960,0.4784
5961,0.6374099999999999
5962,0.73742
5963,0.7263999999999999
5964,0.6740700000000001
5965,0.71338
5966,0.57014
5967,0.40245
5968,0.2006
5969,0.02318
5970,0.0
5971,0.0
5972,0.0
5973,0.0
5974,0.0
5975,0.0
5976,0.0
5977,0.0
5978,0.0
5979,0.0
5980,0.0
5981,0.0
5982,0.03743
5983,0.19068000000000002
5984,0.47614999999999996
5985,0.62448
5986,0.7026
5987,0.69108
5988,0.66428
5989,0.5827899999999999
5990,0.49119
5991,0.37981
5992,0.17568999999999999
5993,0.0294
5994,0.0
5995,0.0
5996,0.0
5997,0.0
5998,0.0
5999,0.0
6000,0.0
6001,0.0
6002,0.0
6003,0.0
6004,0.0
6005,0.0
6006,0.02494
6007,0.16796
6008,0.38472
6009,0.49781
6010,0.62341
6011,0.6357
6012,0.6315700000000001
6013,0.54877
6014,0.4195
6015,0.2694
6016,0.16107
6017,0.027710000000000002
6018,0.0
6019,0.0
6020,0.0
6021,0.0
6022,0.0
6023,0.0
6024,0.0
6025,0.0
6026,0.0
6027,0.0
6028,0.0
6029,0.0
6030,0.03541
6031,0.13878000000000001
6032,0.35844
6033,0.5250499999999999
6034,0.68433
6035,0.74183
6036,0.73097
6037,0.5877
6038,0.49965
6039,0.39758
6040,0.19566
6041,0.02983
6042,0.0
6043,0.0
6044,0.0
6045,0.0
6046,0.0
6047,0.0
6048,0.0
6049,0.0
6050,0.0
6051,0.0
6052,0.0
6053,0.0
6054,0.05457
6055,0.27009
6056,0.51873
6057,0.67241
6058,0.7646900000000001
6059,0.77608
6060,0.79865
6061,0.70996
6062,0.58043
6063,0.37444
6064,0.1864
6065,0.02647
6066,0.0
6067,0.0
6068,0.0
6069,0.0
6070,0.0
6071,0.0
6072,0.0
6073,0.0
6074,0.0
6075,0.0
6076,0.0
6077,0.0
6078,0.06025
6079,0.27729000000000004
6080,0.50087
6081,0.67237
6082,0.7241299999999999
6083,0.7872
6084,0.7662899999999999
6085,0.7096699999999999
6086,0.59101
6087,0.39082
6088,0.19535
6089,0.02489
6090,0.0
6091,0.0
6092,0.0
6093,0.0
6094,0.0
6095,0.0
6096,0.0
6097,0.0
6098,0.0
6099,0.0
6100,0.0
6101,0.0
6102,0.06504
6103,0.28726
6104,0.5053799999999999
6105,0.65707
6106,0.745
6107,0.7807200000000001
6108,0.73821
6109,0.6471
6110,0.5443600000000001
6111,0.38742000000000004
6112,0.17076
6113,0.0189
6114,0.0
6115,0.0
6116,0.0
6117,0.0
6118,0.0
6119,0.0
6120,0.0
6121,0.0
6122,0.0
6123,0.0
6124,0.0
6125,0.0
6126,0.04286
6127,0.20804
6128,0.44795
6129,0.63118
6130,0.7380099999999999
6131,0.6838500000000001
6132,0.71923
6133,0.67429
6134,0.52288
6135,0.37005
6136,0.16754
6137,0.02191
6138,0.0
6139,0.0
6140,0.0
6141,0.0
6142,0.0
6143,0.0
6144,0.0
6145,0.0
6146,0.0
6147,0.0
6148,0.0
6149,0.0
6150,0.05004
6151,0.24962
6152,0.45297000000000004
6153,0.5951000000000001
6154,0.64378
6155,0.68608
6156,0.6386499999999999
6157,0.62009
6158,0.41547
6159,0.29452
6160,0.15846000000000002
6161,0.02488
6162,0.0
6163,0.0
6164,0.0
6165,0.0
6166,0.0
6167,0.0
6168,0.0
6169,0.0
6170,0.0
6171,0.0
6172,0.0
6173,0.0
6174,0.04852
6175,0.21267
6176,0.39966
6177,0.52051
6178,0.6417200000000001
6179,0.67629
6180,0.72864
6181,0.58288
6182,0.4185
6183,0.30386
6184,0.12622
6185,0.018690000000000002
6186,0.0
6187,0.0
6188,0.0
6189,0.0
6190,0.0
6191,0.0
6192,0.0
6193,0.0
6194,0.0
6195,0.0
6196,0.0
6197,0.0
6198,0.030789999999999998
6199,0.12538
6200,0.33448
6201,0.41863
6202,0.48757
6203,0.46254
6204,0.44218999999999997
6205,0.39402
6206,0.3346
6207,0.12297
6208,0.07548
6209,0.0107
6210,0.0
6211,0.0
6212,0.0
6213,0.0
6214,0.0
6215,0.0
6216,0.0
6217,0.0
6218,0.0
6219,0.0
6220,0.0
6221,0.0
6222,0.019620000000000002
6223,0.11320000000000001
6224,0.3411
6225,0.40419
6226,0.46347000000000005
6227,0.41956
6228,0.3745
6229,0.41816000000000003
6230,0.18133000000000002
6231,0.12022
6232,0.06373
6233,0.00893
6234,0.0
6235,0.0
6236,0.0
6237,0.0
6238,0.0
6239,0.0
6240,0.0
6241,0.0
6242,0.0
6243,0.0
6244,0.0
6245,0.0
6246,0.02785
6247,0.16984
6248,0.36111
6249,0.5125299999999999
6250,0.66931
6251,0.71611
6252,0.65261
6253,0.62161
6254,0.53822
6255,0.30751999999999996
6256,0.14661000000000002
6257,0.01598
6258,0.0
6259,0.0
6260,0.0
6261,0.0
6262,0.0
6263,0.0
6264,0.0
6265,0.0
6266,0.0
6267,0.0
6268,0.0
6269,0.0
6270,0.02998
6271,0.14364
6272,0.26392000000000004
6273,0.44062
6274,0.57563
6275,0.53935
6276,0.54674
6277,0.39354
6278,0.31823
6279,0.20126
6280,0.09401999999999999
6281,0.00574
6282,0.0
6283,0.0
6284,0.0
6285,0.0
6286,0.0
6287,0.0
6288,0.0
6289,0.0
6290,0.0
6291,0.0
6292,0.0
6293,0.0
6294,0.030989999999999997
6295,0.22091
6296,0.33820999999999996
6297,0.46019
6298,0.45871
6299,0.39124000000000003
6300,0.36856
6301,0.5371900000000001
6302,0.34441000000000005
6303,0.19512000000000002
6304,0.07366
6305,0.00757
6306,0.0
6307,0.0
6308,0.0
6309,0.0
6310,0.0
6311,0.0
6312,0.0
6313,0.0
6314,0.0
6315,0.0
6316,0.0
6317,0.0
6318,0.03896
6319,0.14542
6320,0.32794999999999996
6321,0.41443
6322,0.5367799999999999
6323,0.60397
6324,0.65375
6325,0.5518099999999999
6326,0.40312
6327,0.32195
6328,0.14437
6329,0.011789999999999998
6330,0.0
6331,0.0
6332,0.0
6333,0.0
6334,0.0
6335,0.0
6336,0.0
6337,0.0
6338,0.0
6339,0.0
6340,0.0
6341,0.0
6342,0.03478
6343,0.19282
6344,0.41587999999999997
6345,0.52997
6346,0.66244
6347,0.65331
6348,0.65271
6349,0.6060099999999999
6350,0.45139999999999997
6351,0.29057
6352,0.12935
6353,0.01614
6354,0.0
6355,0.0
6356,0.0
6357,0.0
6358,0.0
6359,0.0
6360,0.0
6361,0.0
6362,0.0
6363,0.0
6364,0.0
6365,0.0
6366,0.046759999999999996
6367,0.15053
6368,0.29058999999999996
6369,0.28691
6370,0.36081
6371,0.386
6372,0.40024
6373,0.35742
6374,0.24104
6375,0.16983
6376,0.10365
6377,0.01088
6378,0.0
6379,0.0
6380,0.0
6381,0.0
6382,0.0
6383,0.0
6384,0.0
6385,0.0
6386,0.0
6387,0.0
6388,0.0
6389,0.0
6390,0.03995
6391,0.21422
6392,0.40843
6393,0.39503
6394,0.60763
6395,0.55651
6396,0.64279
6397,0.5057900000000001
6398,0.43754000000000004
6399,0.26272
6400,0.15335
6401,0.01226
6402,0.0
6403,0.0
6404,0.0
6405,0.0
6406,0.0
6407,0.0
6408,0.0
6409,0.0
6410,0.0
6411,0.0
6412,0.0
6413,0.0
6414,0.05023
6415,0.21827000000000002
6416,0.41058999999999996
6417,0.63147
6418,0.73
6419,0.74025
6420,0.70323
6421,0.54259
6422,0.39421
6423,0.32019
6424,0.13240000000000002
6425,0.01276
6426,0.0
6427,0.0
6428,0.0
6429,0.0
6430,0.0
6431,0.0
6432,0.0
6433,0.0
6434,0.0
6435,0.0
6436,0.0
6437,0.0
6438,0.05241
6439,0.21558000000000002
6440,0.39544999999999997
6441,0.6049500000000001
6442,0.72861
6443,0.71502
6444,0.69326
6445,0.60193
6446,0.50536
6447,0.27803
6448,0.11431000000000001
6449,0.01444
6450,0.0
6451,0.0
6452,0.0
6453,0.0
6454,0.0
6455,0.0
6456,0.0
6457,0.0
6458,0.0
6459,0.0
6460,0.0
6461,0.0
6462,0.0417
6463,0.20352
6464,0.27173
6465,0.39519
6466,0.57053
6467,0.67016
6468,0.71116
6469,0.64895
6470,0.48796
6471,0.28426
6472,0.12627
6473,0.00862
6474,0.0
6475,0.0
6476,0.0
6477,0.0
6478,0.0
6479,0.0
6480,0.0
6481,0.0
6482,0.0
6483,0.0
6484,0.0
6485,0.0
6486,0.036789999999999996
6487,0.17463
6488,0.43278
6489,0.49753
6490,0.64823
6491,0.65627
6492,0.6905
6493,0.56388
6494,0.45235000000000003
6495,0.26385000000000003
6496,0.10928
6497,0.008919999999999999
6498,0.0
6499,0.0
6500,0.0
6501,0.0
6502,0.0
6503,0.0
6504,0.0
6505,0.0
6506,0.0
6507,0.0
6508,0.0
6509,0.0
6510,0.040350000000000004
6511,0.17294
6512,0.41013
6513,0.52412
6514,0.58945
6515,0.51913
6516,0.6164
6517,0.5617300000000001
6518,0.32164
6519,0.16551
6520,0.04353
6521,0.010320000000000001
6522,0.0
6523,0.0
6524,0.0
6525,0.0
6526,0.0
6527,0.0
6528,0.0
6529,0.0
6530,0.0
6531,0.0
6532,0.0
6533,0.0
6534,0.04339
6535,0.22396000000000002
6536,0.26431
6537,0.42972000000000005
6538,0.63217
6539,0.60119
6540,0.72604
6541,0.57423
6542,0.44527999999999995
6543,0.26347000000000004
6544,0.08
6545,0.008490000000000001
6546,0.0
6547,0.0
6548,0.0
6549,0.0
6550,0.0
6551,0.0
6552,0.0
6553,0.0
6554,0.0
6555,0.0
6556,0.0
6557,0.0
6558,0.033659999999999995
6559,0.21042
6560,0.30745999999999996
6561,0.36376
6562,0.5346799999999999
6563,0.5725
6564,0.51695
6565,0.48421
6566,0.39399
6567,0.23691
6568,0.09745000000000001
6569,0.00793
6570,0.0
6571,0.0
6572,0.0
6573,0.0
6574,0.0
6575,0.0
6576,0.0
6577,0.0
6578,0.0
6579,0.0
6580,0.0
6581,0.0
6582,0.044469999999999996
6583,0.21542
6584,0.31879
6585,0.5784900000000001
6586,0.66135
6587,0.7222000000000001
6588,0.71224
6589,0.55532
6590,0.38095999999999997
6591,0.28464999999999996
6592,0.10823999999999999
6593,0.00933
6594,0.0
6595,0.0
6596,0.0
6597,0.0
6598,0.0
6599,0.0
6600,0.0
6601,0.0
6602,0.0
6603,0.0
6604,0.0
6605,0.0
6606,0.02071
6607,0.08098000000000001
6608,0.17954
6609,0.4254
6610,0.54012
6611,0.56668
6612,0.54077
6613,0.29012
6614,0.31193
6615,0.17133
6616,0.06514
6617,0.0083
6618,0.0
6619,0.0
6620,0.0
6621,0.0
6622,0.0
6623,0.0
6624,0.0
6625,0.0
6626,0.0
6627,0.0
6628,0.0
6629,0.0
6630,0.04114
6631,0.20940999999999999
6632,0.30044
6633,0.36405
6634,0.51131
6635,0.55483
6636,0.47868
6637,0.42733
6638,0.30007999999999996
6639,0.25809
6640,0.06412999999999999
6641,0.0068200000000000005
6642,0.0
6643,0.0
6644,0.0
6645,0.0
6646,0.0
6647,0.0
6648,0.0
6649,0.0
6650,0.0
6651,0.0
6652,0.0
6653,0.0
6654,0.04307
6655,0.19857
6656,0.38927
6657,0.51152
6658,0.56621
6659,0.45797000000000004
6660,0.52706
6661,0.5027900000000001
6662,0.36189
6663,0.161
6664,0.08173
6665,0.00736
6666,0.0
6667,0.0
6668,0.0
6669,0.0
6670,0.0
6671,0.0
6672,0.0
6673,0.0
6674,0.0
6675,0.0
6676,0.0
6677,0.0
6678,0.03781
6679,0.13725
6680,0.2571
6681,0.48916000000000004
6682,0.53723
6683,0.63532
6684,0.51935
6685,0.45312
6686,0.38649
6687,0.20906
6688,0.07028
6689,0.0062900000000000005
6690,0.0
6691,0.0
6692,0.0
6693,0.0
6694,0.0
6695,0.0
6696,0.0
6697,0.0
6698,0.0
6699,0.0
6700,0.0
6701,0.0
6702,0.03716
6703,0.09442
6704,0.11069
6705,0.31319
6706,0.29718
6707,0.37116000000000005
6708,0.3836
6709,0.27297000000000005
6710,0.27455
6711,0.14388
6712,0.07698999999999999
6713,0.00746
6714,0.0
6715,0.0
6716,0.0
6717,0.0
6718,0.0
6719,0.0
6720,0.0
6721,0.0
6722,0.0
6723,0.0
6724,0.0
6725,0.0
6726,0.03693
6727,0.17388
6728,0.34437
6729,0.46181
6730,0.56772
6731,0.62467
6732,0.61646
6733,0.5684600000000001
6734,0.48156
6735,0.30771
6736,0.15843000000000002
6737,0.0054800000000000005
6738,0.0
6739,0.0
6740,0.0
6741,0.0
6742,0.0
6743,0.0
6744,0.0
6745,0.0
6746,0.0
6747,0.0
6748,0.0
6749,0.0
6750,0.04303
6751,0.2072
6752,0.46913
6753,0.6206
6754,0.7151900000000001
6755,0.7394700000000001
6756,0.70997
6757,0.55504
6758,0.49378
6759,0.29537
6760,0.15425999999999998
6761,0.00711
6762,0.0
6763,0.0
6764,0.0
6765,0.0
6766,0.0
6767,0.0
6768,0.0
6769,0.0
6770,0.0
6771,0.0
6772,0.0
6773,0.0
6774,0.03541
6775,0.1148
6776,0.23163999999999998
6777,0.35174
6778,0.41957
6779,0.43199
6780,0.44959
6781,0.30404000000000003
6782,0.16673
6783,0.15361000000000002
6784,0.04036
6785,0.005849999999999999
6786,0.0
6787,0.0
6788,0.0
6789,0.0
6790,0.0
6791,0.0
6792,0.0
6793,0.0
6794,0.0
6795,0.0
6796,0.0
6797,0.0
6798,0.03721
6799,0.22962
6800,0.38526
6801,0.5528500000000001
6802,0.6344099999999999
6803,0.67837
6804,0.65877
6805,0.52508
6806,0.42911
6807,0.2693
6808,0.07586
6809,0.00376
6810,0.0
6811,0.0
6812,0.0
6813,0.0
6814,0.0
6815,0.0
6816,0.0
6817,0.0
6818,0.0
6819,0.0
6820,0.0
6821,0.0
6822,0.02102
6823,0.11298
6824,0.20513
6825,0.25927
6826,0.34119
6827,0.31098000000000003
6828,0.16853
6829,0.18853
6830,0.22935
6831,0.16913999999999998
6832,0.07315
6833,0.00534
6834,0.0
6835,0.0
6836,0.0
6837,0.0
6838,0.0
6839,0.0
6840,0.0
6841,0.0
6842,0.0
6843,0.0
6844,0.0
6845,0.0
6846,0.03934
6847,0.195
6848,0.3835
6849,0.50703
6850,0.39531
6851,0.46432999999999996
6852,0.5825199999999999
6853,0.51098
6854,0.34156
6855,0.17176
6856,0.0565
6857,0.00256
6858,0.0
6859,0.0
6860,0.0
6861,0.0
6862,0.0
6863,0.0
6864,0.0
6865,0.0
6866,0.0
6867,0.0
6868,0.0
6869,0.0
6870,0.04629
6871,0.20677
6872,0.33237
6873,0.51615
6874,0.64507
6875,0.61795
6876,0.61849
6877,0.50969
6878,0.29652
6879,0.2474
6880,0.11599
6881,0.0043
6882,0.0
6883,0.0
6884,0.0
6885,0.0
6886,0.0
6887,0.0
6888,0.0
6889,0.0
6890,0.0
6891,0.0
6892,0.0
6893,0.0
6894,0.05593
6895,0.19353
6896,0.39887
6897,0.5001
6898,0.6207
6899,0.6219600000000001
6900,0.62848
6901,0.47706
6902,0.27456
6903,0.26103
6904,0.0681
6905,0.00564
6906,0.0
6907,0.0
6908,0.0
6909,0.0
6910,0.0
6911,0.0
6912,0.0
6913,0.0
6914,0.0
6915,0.0
6916,0.0
6917,0.0
6918,0.0004
6919,0.02157
6920,0.07978
6921,0.22144
6922,0.21974000000000002
6923,0.292
6924,0.35934
6925,0.35070999999999997
6926,0.41314
6927,0.29073000000000004
6928,0.1165
6929,0.0066500000000000005
6930,0.0
6931,0.0
6932,0.0
6933,0.0
6934,0.0
6935,0.0
6936,0.0
6937,0.0
6938,0.0
6939,0.0
6940,0.0
6941,0.0
6942,0.039369999999999995
6943,0.21841999999999998
6944,0.42043
6945,0.48979
6946,0.56161
6947,0.61566
6948,0.6453300000000001
6949,0.48874
6950,0.39483999999999997
6951,0.16319999999999998
6952,0.10181
6953,0.00726
6954,0.0
6955,0.0
6956,0.0
6957,0.0
6958,0.0
6959,0.0
6960,0.0
6961,0.0
6962,0.0
6963,0.0
6964,0.0
6965,0.0
6966,0.04683
6967,0.19619
6968,0.3939
6969,0.49475
6970,0.67899
6971,0.6665599999999999
6972,0.71094
6973,0.54434
6974,0.34384
6975,0.18656999999999999
6976,0.08496
6977,0.00401
6978,0.0
6979,0.0
6980,0.0
6981,0.0
6982,0.0
6983,0.0
6984,0.0
6985,0.0
6986,0.0
6987,0.0
6988,0.0
6989,0.0
6990,0.0441
6991,0.1961
6992,0.41057
6993,0.52813
6994,0.5211399999999999
6995,0.6340399999999999
6996,0.48122000000000004
6997,0.54611
6998,0.35908999999999996
6999,0.25318
7000,0.09398000000000001
7001,0.00782
7002,0.0
7003,0.0
7004,0.0
7005,0.0
7006,0.0
7007,0.0
7008,0.0
7009,0.0
7010,0.0
7011,0.0
7012,0.0
7013,0.0
7014,0.05718
7015,0.24886000000000003
7016,0.42162
7017,0.55988
7018,0.65862
7019,0.6894199999999999
7020,0.64291
7021,0.5636
7022,0.46688
7023,0.29841
7024,0.11512
7025,0.00435
7026,0.0
7027,0.0
7028,0.0
7029,0.0
7030,0.0
7031,0.0
7032,0.0
7033,0.0
7034,0.0
7035,0.0
7036,0.0
7037,0.0
7038,0.04278
7039,0.17283
7040,0.40939
7041,0.47561000000000003
7042,0.67825
7043,0.58977
7044,0.6733899999999999
7045,0.5426799999999999
7046,0.45894999999999997
7047,0.26747000000000004
7048,0.1018
7049,0.007690000000000001
7050,0.0
7051,0.0
7052,0.0
7053,0.0
7054,0.0
7055,0.0
7056,0.0
7057,0.0
7058,0.0
7059,0.0
7060,0.0
7061,0.0
7062,0.03619
7063,0.20712
7064,0.43803
7065,0.6009800000000001
7066,0.62087
7067,0.71793
7068,0.7055800000000001
7069,0.62441
7070,0.48923
7071,0.28344
7072,0.11126000000000001
7073,0.00311
7074,0.0
7075,0.0
7076,0.0
7077,0.0
7078,0.0
7079,0.0
7080,0.0
7081,0.0
7082,0.0
7083,0.0
7084,0.0
7085,0.0
7086,0.04865
7087,0.22111
7088,0.41995
7089,0.5388200000000001
7090,0.6599299999999999
7091,0.68411
7092,0.64355
7093,0.6233200000000001
7094,0.47399
7095,0.28111
7096,0.14482
7097,0.00475
7098,0.0
7099,0.0
7100,0.0
7101,0.0
7102,0.0
7103,0.0
7104,0.0
7105,0.0
7106,0.0
7107,0.0
7108,0.0
7109,0.0
7110,0.06263
7111,0.2637
7112,0.42260000000000003
7113,0.54134
7114,0.61081
7115,0.5638
7116,0.65846
7117,0.57365
7118,0.42987000000000003
7119,0.24841999999999997
7120,0.12547
7121,0.0033399999999999997
7122,0.0
7123,0.0
7124,0.0
7125,0.0
7126,0.0
7127,0.0
7128,0.0
7129,0.0
7130,0.0
7131,0.0
7132,0.0
7133,0.0
7134,0.061829999999999996
7135,0.25555
7136,0.41239
7137,0.48835
7138,0.50714
7139,0.47205
7140,0.47329000000000004
7141,0.42098
7142,0.26843
7143,0.16797
7144,0.09539
7145,0.00614
7146,0.0
7147,0.0
7148,0.0
7149,0.0
7150,0.0
7151,0.0
7152,0.0
7153,0.0
7154,0.0
7155,0.0
7156,0.0
7157,0.0
7158,0.0567
7159,0.22577
7160,0.47893
7161,0.55783
7162,0.55322
7163,0.5946699999999999
7164,0.62817
7165,0.50992
7166,0.3398
7167,0.23985
7168,0.10803
7169,0.00204
7170,0.0
7171,0.0
7172,0.0
7173,0.0
7174,0.0
7175,0.0
7176,0.0
7177,0.0
7178,0.0
7179,0.0
7180,0.0
7181,0.0
7182,0.026719999999999997
7183,0.09978000000000001
7184,0.26531
7185,0.33083999999999997
7186,0.39394999999999997
7187,0.38983999999999996
7188,0.38298000000000004
7189,0.37871
7190,0.29751
7191,0.19875
7192,0.06368
7193,0.00333
7194,0.0
7195,0.0
7196,0.0
7197,0.0
7198,0.0
7199,0.0
7200,0.0
7201,0.0
7202,0.0
7203,0.0
7204,0.0
7205,0.0
7206,0.03741
7207,0.18252000000000002
7208,0.3162
7209,0.38656
7210,0.51228
7211,0.56377
7212,0.48208999999999996
7213,0.30679
7214,0.12512
7215,0.15594
7216,0.07919
7217,0.00445
7218,0.0
7219,0.0
7220,0.0
7221,0.0
7222,0.0
7223,0.0
7224,0.0
7225,0.0
7226,0.0
7227,0.0
7228,0.0
7229,0.0
7230,0.047420000000000004
7231,0.18384999999999999
7232,0.39371
7233,0.51962
7234,0.5921000000000001
7235,0.49474
7236,0.53446
7237,0.38835000000000003
7238,0.25774
7239,0.21587
7240,0.06651
7241,0.0024
7242,0.0
7243,0.0
7244,0.0
7245,0.0
7246,0.0
7247,0.0
7248,0.0
7249,0.0
7250,0.0
7251,0.0
7252,0.0
7253,0.0
7254,0.04567
7255,0.23547
7256,0.42362
7257,0.52954
7258,0.6321
7259,0.65291
7260,0.55214
7261,0.53712
7262,0.47042
7263,0.29447
7264,0.08197
7265,0.00302
7266,0.0
7267,0.0
7268,0.0
7269,0.0
7270,0.0
7271,0.0
7272,0.0
7273,0.0
7274,0.0
7275,0.0
7276,0.0
7277,0.0
7278,0.05429
7279,0.20227
7280,0.40891000000000005
7281,0.51985
7282,0.5561699999999999
7283,0.5794
7284,0.50339
7285,0.5588099999999999
7286,0.40616
7287,0.2083
7288,0.07372
7289,0.00349
7290,0.0
7291,0.0
7292,0.0
7293,0.0
7294,0.0
7295,0.0
7296,0.0
7297,0.0
7298,0.0
7299,0.0
7300,0.0
7301,0.0
7302,0.04167
7303,0.21091
7304,0.36175
7305,0.49856
7306,0.43027
7307,0.34526
7308,0.27451
7309,0.20244
7310,0.20862
7311,0.16721
7312,0.06611
7313,0.00124
7314,0.0
7315,0.0
7316,0.0
7317,0.0
7318,0.0
7319,0.0
7320,0.0
7321,0.0
7322,0.0
7323,0.0
7324,0.0
7325,0.0
7326,0.026879999999999998
7327,0.12153
7328,0.31604000000000004
7329,0.43927999999999995
7330,0.52871
7331,0.5171
7332,0.44394
7333,0.39249
7334,0.26145
7335,0.08872
7336,0.03939
7337,0.00354
7338,0.0
7339,0.0
7340,0.0
7341,0.0
7342,0.0
7343,0.0
7344,0.0
7345,0.0
7346,0.0
7347,0.0
7348,0.0
7349,0.0
7350,0.02921
7351,0.12489
7352,0.32199
7353,0.54789
7354,0.52283
7355,0.5326900000000001
7356,0.59128
7357,0.54037
7358,0.34975
7359,0.17325
7360,0.03201
7361,0.00171
7362,0.0
7363,0.0
7364,0.0
7365,0.0
7366,0.0
7367,0.0
7368,0.0
7369,0.0
7370,0.0
7371,0.0
7372,0.0
7373,0.0
7374,0.03109
7375,0.16994
7376,0.25919
7377,0.34699
7378,0.45273
7379,0.44958
7380,0.43057
7381,0.25199
7382,0.19188
7383,0.13568
7384,0.05366
7385,0.0025
7386,0.0
7387,0.0
7388,0.0
7389,0.0
7390,0.0
7391,0.0
7392,0.0
7393,0.0
7394,0.0
7395,0.0
7396,0.0
7397,0.0
7398,0.022420000000000002
7399,0.1043
7400,0.30157999999999996
7401,0.40705
7402,0.48234
7403,0.57786
7404,0.50368
7405,0.5016499999999999
7406,0.41912
7407,0.22673
7408,0.07365000000000001
7409,0.00365
7410,0.0
7411,0.0
7412,0.0
7413,0.0
7414,0.0
7415,0.0
7416,0.0
7417,0.0
7418,0.0
7419,0.0
7420,0.0
7421,0.0
7422,0.042409999999999996
7423,0.23192
7424,0.46174
7425,0.43417
7426,0.54671
7427,0.61463
7428,0.5389700000000001
7429,0.43994
7430,0.29810000000000003
7431,0.21719
7432,0.10104
7433,0.0033799999999999998
7434,0.0
7435,0.0
7436,0.0
7437,0.0
7438,0.0
7439,0.0
7440,0.0
7441,0.0
7442,0.0
7443,0.0
7444,0.0
7445,0.0
7446,0.04282
7447,0.19838999999999998
7448,0.42897
7449,0.54183
7450,0.58066
7451,0.7034
7452,0.60598
7453,0.59554
7454,0.42807
7455,0.18881
7456,0.07615999999999999
7457,0.00418
7458,0.0
7459,0.0
7460,0.0
7461,0.0
7462,0.0
7463,0.0
7464,0.0
7465,0.0
7466,0.0
7467,0.0
7468,0.0
7469,0.0
7470,0.03077
7471,0.19254
7472,0.35701
7473,0.43982
7474,0.32332
7475,0.50106
7476,0.54663
7477,0.42327
7478,0.25474
7479,0.18443
7480,0.07632
7481,0.0014399999999999999
7482,0.0
7483,0.0
7484,0.0
7485,0.0
7486,0.0
7487,0.0
7488,0.0
7489,0.0
7490,0.0
7491,0.0
7492,0.0
7493,0.0
7494,0.033350000000000005
7495,0.22016999999999998
7496,0.41778
7497,0.55471
7498,0.5171699999999999
7499,0.71994
7500,0.66932
7501,0.5092099999999999
7502,0.45959
7503,0.26635000000000003
7504,0.10995
7505,0.00177
7506,0.0
7507,0.0
7508,0.0
7509,0.0
7510,0.0
7511,0.0
7512,0.0
7513,0.0
7514,0.0
7515,0.0
7516,0.0
7517,0.0
7518,0.05756
7519,0.18780000000000002
7520,0.50895
7521,0.65774
7522,0.68332
7523,0.73582
7524,0.7331599999999999
7525,0.5472899999999999
7526,0.4709
7527,0.2995
7528,0.1268
7529,0.00267
7530,0.0
7531,0.0
7532,0.0
7533,0.0
7534,0.0
7535,0.0
7536,0.0
7537,0.0
7538,0.0
7539,0.0
7540,0.0
7541,0.0
7542,0.060200000000000004
7543,0.24062999999999998
7544,0.41151
7545,0.55045
7546,0.67034
7547,0.6695599999999999
7548,0.65792
7549,0.57598
7550,0.44394
7551,0.27832
7552,0.10027
7553,0.00175
7554,0.0
7555,0.0
7556,0.0
7557,0.0
7558,0.0
7559,0.0
7560,0.0
7561,0.0
7562,0.0
7563,0.0
7564,0.0
7565,0.0
7566,0.05337
7567,0.22187
7568,0.38333
7569,0.54164
7570,0.60221
7571,0.51937
7572,0.56145
7573,0.32387
7574,0.26374000000000003
7575,0.16896
7576,0.07479999999999999
7577,0.0029100000000000003
7578,0.0
7579,0.0
7580,0.0
7581,0.0
7582,0.0
7583,0.0
7584,0.0
7585,0.0
7586,0.0
7587,0.0
7588,0.0
7589,0.0
7590,0.02981
7591,0.17659
7592,0.26929000000000003
7593,0.37615
7594,0.43756
7595,0.4983
7596,0.46201
7597,0.30512
7598,0.30261
7599,0.18622999999999998
7600,0.06509000000000001
7601,0.00269
7602,0.0
7603,0.0
7604,0.0
7605,0.0
7606,0.0
7607,0.0
7608,0.0
7609,0.0
7610,0.0
7611,0.0
7612,0.0
7613,0.0
7614,0.03557
7615,0.18487
7616,0.39102
7617,0.45552
7618,0.5374
7619,0.53703
7620,0.44371
7621,0.43536
7622,0.266
7623,0.17685
7624,0.07038
7625,0.00073
7626,0.0
7627,0.0
7628,0.0
7629,0.0
7630,0.0
7631,0.0
7632,0.0
7633,0.0
7634,0.0
7635,0.0
7636,0.0
7637,0.0
7638,0.012119999999999999
7639,0.05993
7640,0.18045
7641,0.32669
7642,0.39515
7643,0.48468
7644,0.45729000000000003
7645,0.26756
7646,0.23306
7647,0.07809
7648,0.07626000000000001
7649,0.00263
7650,0.0
7651,0.0
7652,0.0
7653,0.0
7654,0.0
7655,0.0
7656,0.0
7657,0.0
7658,0.0
7659,0.0
7660,0.0
7661,0.0
7662,0.0088
7663,0.02784
7664,0.05364
7665,0.19698
7666,0.24081
7667,0.37185
7668,0.42207
7669,0.35916000000000003
7670,0.26833999999999997
7671,0.17166
7672,0.05051
7673,0.0016799999999999999
7674,0.0
7675,0.0
7676,0.0
7677,0.0
7678,0.0
7679,0.0
7680,0.0
7681,0.0
7682,0.0
7683,0.0
7684,0.0
7685,0.0
7686,0.03008
7687,0.08799
7688,0.22247999999999998
7689,0.18897999999999998
7690,0.41318
7691,0.35208
7692,0.4903
7693,0.34820999999999996
7694,0.26435000000000003
7695,0.21905000000000002
7696,0.04211
7697,0.00242
7698,0.0
7699,0.0
7700,0.0
7701,0.0
7702,0.0
7703,0.0
7704,0.0
7705,0.0
7706,0.0
7707,0.0
7708,0.0
7709,0.0
7710,0.016059999999999998
7711,0.10258
7712,0.18330000000000002
7713,0.39432
7714,0.49141
7715,0.41978
7716,0.34989
7717,0.34502
7718,0.2496
7719,0.19302
7720,0.06679
7721,0.0030099999999999997
7722,0.0
7723,0.0
7724,0.0
7725,0.0
7726,0.0
7727,0.0
7728,0.0
7729,0.0
7730,0.0
7731,0.0
7732,0.0
7733,0.0
7734,0.030449999999999998
7735,0.17423
7736,0.32299
7737,0.37353
7738,0.47501
7739,0.45683999999999997
7740,0.37028
7741,0.36418
7742,0.29333
7743,0.12844999999999998
7744,0.04911
7745,0.00128
7746,0.0
7747,0.0
7748,0.0
7749,0.0
7750,0.0
7751,0.0
7752,0.0
7753,0.0
7754,0.0
7755,0.0
7756,0.0
7757,0.0
7758,0.02173
7759,0.12543
7760,0.24359
7761,0.32325
7762,0.33371
7763,0.35112
7764,0.21389
7765,0.19016999999999998
7766,0.12907
7767,0.11524
7768,0.055189999999999996
7769,0.0013700000000000001
7770,0.0
7771,0.0
7772,0.0
7773,0.0
7774,0.0
7775,0.0
7776,0.0
7777,0.0
7778,0.0
7779,0.0
7780,0.0
7781,0.0
7782,0.017410000000000002
7783,0.13055
7784,0.29764999999999997
7785,0.39626999999999996
7786,0.50562
7787,0.45394999999999996
7788,0.35351
7789,0.43715
7790,0.42014
7791,0.23592
7792,0.09038
7793,0.00183
7794,0.0
7795,0.0
7796,0.0
7797,0.0
7798,0.0
7799,0.0
7800,0.0
7801,0.0
7802,0.0
7803,0.0
7804,0.0
7805,0.0
7806,0.00475
7807,0.03296
7808,0.10646
7809,0.23813
7810,0.40462
7811,0.50473
7812,0.41118
7813,0.50187
7814,0.33466
7815,0.22888
7816,0.055380000000000006
7817,0.00184
7818,0.0
7819,0.0
7820,0.0
7821,0.0
7822,0.0
7823,0.0
7824,0.0
7825,0.0
7826,0.0
7827,0.0
7828,0.0
7829,0.0
7830,0.01408
7831,0.16856000000000002
7832,0.37205
7833,0.49755
7834,0.57673
7835,0.59711
7836,0.59324
7837,0.45125
7838,0.43061
7839,0.27823000000000003
7840,0.08370999999999999
7841,0.00349
7842,0.0
7843,0.0
7844,0.0
7845,0.0
7846,0.0
7847,0.0
7848,0.0
7849,0.0
7850,0.0
7851,0.0
7852,0.0
7853,0.0
7854,0.00109
7855,0.023829999999999997
7856,0.0332
7857,0.045689999999999995
7858,0.08588
7859,0.08236
7860,0.15259
7861,0.17704
7862,0.15762
7863,0.09605
7864,0.04618
7865,0.00229
7866,0.0
7867,0.0
7868,0.0
7869,0.0
7870,0.0
7871,0.0
7872,0.0
7873,0.0
7874,0.0
7875,0.0
7876,0.0
7877,0.0
7878,0.00266
7879,0.01755
7880,0.0115
7881,0.0259
7882,0.038979999999999994
7883,0.07534
7884,0.04514
7885,0.21863
7886,0.22699
7887,0.10672
7888,0.054
7889,0.00035
7890,0.0
7891,0.0
7892,0.0
7893,0.0
7894,0.0
7895,0.0
7896,0.0
7897,0.0
7898,0.0
7899,0.0
7900,0.0
7901,0.0
7902,0.01007
7903,0.10067
7904,0.22479
7905,0.23874
7906,0.22458
7907,0.37023
7908,0.3336
7909,0.31176
7910,0.26054
7911,0.09284
7912,0.046009999999999995
7913,0.00225
7914,0.0
7915,0.0
7916,0.0
7917,0.0
7918,0.0
7919,0.0
7920,0.0
7921,0.0
7922,0.0
7923,0.0
7924,0.0
7925,0.0
7926,0.01611
7927,0.12928
7928,0.24703999999999998
7929,0.41611000000000004
7930,0.58456
7931,0.60785
7932,0.57184
7933,0.56031
7934,0.39774
7935,0.24855000000000002
7936,0.08289
7937,0.0039
7938,0.0
7939,0.0
7940,0.0
7941,0.0
7942,0.0
7943,0.0
7944,0.0
7945,0.0
7946,0.0
7947,0.0
7948,0.0
7949,0.0
7950,0.0035299999999999997
7951,0.05911
7952,0.171
7953,0.27112
7954,0.32598
7955,0.38153
7956,0.45124000000000003
7957,0.47842
7958,0.29998
7959,0.15367
7960,0.08962
7961,0.00261
7962,0.0
7963,0.0
7964,0.0
7965,0.0
7966,0.0
7967,0.0
7968,0.0
7969,0.0
7970,0.0
7971,0.0
7972,0.0
7973,0.0
7974,0.00092
7975,0.00846
7976,0.04725
7977,0.05904
7978,0.04488
7979,0.16743
7980,0.14736000000000002
7981,0.36310000000000003
7982,0.2582
7983,0.19693
7984,0.07337
7985,0.00463
7986,0.0
7987,0.0
7988,0.0
7989,0.0
7990,0.0
7991,0.0
7992,0.0
7993,0.0
7994,0.0
7995,0.0
7996,0.0
7997,0.0
7998,0.01027
7999,0.1129
8000,0.24012999999999998
8001,0.33562000000000003
8002,0.42460000000000003
8003,0.5069
8004,0.51044
8005,0.40447000000000005
8006,0.28485000000000005
8007,0.16591999999999998
8008,0.07912999999999999
8009,0.0030299999999999997
8010,0.0
8011,0.0
8012,0.0
8013,0.0
8014,0.0
8015,0.0
8016,0.0
8017,0.0
8018,0.0
8019,0.0
8020,0.0
8021,0.0
8022,0.0087
8023,0.10377
8024,0.18944999999999998
8025,0.31937
8026,0.47138
8027,0.57512
8028,0.43193
8029,0.41875999999999997
8030,0.33459
8031,0.21453999999999998
8032,0.06523999999999999
8033,0.00297
8034,0.0
8035,0.0
8036,0.0
8037,0.0
8038,0.0
8039,0.0
8040,0.0
8041,0.0
8042,0.0
8043,0.0
8044,0.0
8045,0.0
8046,0.01789
8047,0.18372999999999998
8048,0.33761
8049,0.47714
8050,0.45636
8051,0.55508
8052,0.60226
8053,0.52511
8054,0.38786000000000004
8055,0.23553
8056,0.09165000000000001
8057,0.00346
8058,0.0
8059,0.0
8060,0.0
8061,0.0
8062,0.0
8063,0.0
8064,0.0
8065,0.0
8066,0.0
8067,0.0
8068,0.0
8069,0.0
8070,0.01299
8071,0.21966
8072,0.41772000000000004
8073,0.51886
8074,0.5588200000000001
8075,0.62952
8076,0.61325
8077,0.56137
8078,0.42984
8079,0.30135
8080,0.10302
8081,0.0035299999999999997
8082,0.0
8083,0.0
8084,0.0
8085,0.0
8086,0.0
8087,0.0
8088,0.0
8089,0.0
8090,0.0
8091,0.0
8092,0.0
8093,0.0
8094,0.01448
8095,0.14975
8096,0.32955
8097,0.47276
8098,0.57713
8099,0.53837
8100,0.50576
8101,0.47737999999999997
8102,0.28229000000000004
8103,0.1436
8104,0.10313
8105,0.00398
8106,0.0
8107,0.0
8108,0.0
8109,0.0
8110,0.0
8111,0.0
8112,0.0
8113,0.0
8114,0.0
8115,0.0
8116,0.0
8117,0.0
8118,0.01202
8119,0.18406999999999998
8120,0.40136
8121,0.5306000000000001
8122,0.5388200000000001
8123,0.60815
8124,0.48599000000000003
8125,0.38233
8126,0.33294999999999997
8127,0.22016999999999998
8128,0.12024
8129,0.0040999999999999995
8130,0.0
8131,0.0
8132,0.0
8133,0.0
8134,0.0
8135,0.0
8136,0.0
8137,0.0
8138,0.0
8139,0.0
8140,0.0
8141,0.0
8142,0.012119999999999999
8143,0.11818000000000001
8144,0.32986
8145,0.51044
8146,0.5923999999999999
8147,0.6297999999999999
8148,0.58949
8149,0.34487
8150,0.24928999999999998
8151,0.18494999999999998
8152,0.08559
8153,0.00393
8154,0.0
8155,0.0
8156,0.0
8157,0.0
8158,0.0
8159,0.0
8160,0.0
8161,0.0
8162,0.0
8163,0.0
8164,0.0
8165,0.0
8166,0.01594
8167,0.1426
8168,0.30725
8169,0.40258999999999995
8170,0.53991
8171,0.48789
8172,0.52077
8173,0.32592000000000004
8174,0.29871
8175,0.21780000000000002
8176,0.07623
8177,0.00505
8178,0.0
8179,0.0
8180,0.0
8181,0.0
8182,0.0
8183,0.0
8184,0.0
8185,0.0
8186,0.0
8187,0.0
8188,0.0
8189,0.0
8190,0.01843
8191,0.15652000000000002
8192,0.35239
8193,0.5278200000000001
8194,0.5532
8195,0.69257
8196,0.59627
8197,0.52666
8198,0.33483999999999997
8199,0.17399
8200,0.07587999999999999
8201,0.0039900000000000005
8202,0.0
8203,0.0
8204,0.0
8205,0.0
8206,0.0
8207,0.0
8208,0.0
8209,0.0
8210,0.0
8211,0.0
8212,0.0
8213,0.0
8214,0.01796
8215,0.18044
8216,0.39477999999999996
8217,0.58921
8218,0.66346
8219,0.71623
8220,0.68584
8221,0.57362
8222,0.46088
8223,0.30691
8224,0.13147999999999999
8225,0.00996
8226,0.0
8227,0.0
8228,0.0
8229,0.0
8230,0.0
8231,0.0
8232,0.0
8233,0.0
8234,0.0
8235,0.0
8236,0.0
8237,0.0
8238,0.01409
8239,0.16795
8240,0.38681
8241,0.49762
8242,0.59363
8243,0.6802
8244,0.6141599999999999
8245,0.52197
8246,0.44410000000000005
8247,0.27687
8248,0.11384
8249,0.006809999999999999
8250,0.0
8251,0.0
8252,0.0
8253,0.0
8254,0.0
8255,0.0
8256,0.0
8257,0.0
8258,0.0
8259,0.0
8260,0.0
8261,0.0
8262,0.0062900000000000005
8263,0.10304
8264,0.2776
8265,0.31417
8266,0.422
8267,0.46658
8268,0.39621
8269,0.39179
8270,0.28749
8271,0.18719999999999998
8272,0.06781000000000001
8273,0.00764
8274,0.0
8275,0.0
8276,0.0
8277,0.0
8278,0.0
8279,0.0
8280,0.0
8281,0.0
8282,0.0
8283,0.0
8284,0.0
8285,0.0
8286,0.005849999999999999
8287,0.09870999999999999
8288,0.22643000000000002
8289,0.43545
8290,0.54776
8291,0.34814999999999996
8292,0.39646
8293,0.40726
8294,0.26782
8295,0.16503
8296,0.06479
8297,0.00595
8298,0.0
8299,0.0
8300,0.0
8301,0.0
8302,0.0
8303,0.0
8304,0.0
8305,0.0
8306,0.0
8307,0.0
8308,0.0
8309,0.0
8310,0.009880000000000002
8311,0.09395999999999999
8312,0.25399
8313,0.33561
8314,0.44077999999999995
8315,0.60409
8316,0.45727999999999996
8317,0.55228
8318,0.38192000000000004
8319,0.22858
8320,0.09729
8321,0.004900000000000001
8322,0.0
8323,0.0
8324,0.0
8325,0.0
8326,0.0
8327,0.0
8328,0.0
8329,0.0
8330,0.0
8331,0.0
8332,0.0
8333,0.0
8334,0.00679
8335,0.16000999999999999
8336,0.34528
8337,0.45568000000000003
8338,0.49242
8339,0.49527
8340,0.43671
8341,0.33319
8342,0.28555
8343,0.19862
8344,0.10156
8345,0.00789
8346,0.0
8347,0.0
8348,0.0
8349,0.0
8350,0.0
8351,0.0
8352,0.0
8353,0.0
8354,0.0
8355,0.0
8356,0.0
8357,0.0
8358,0.01209
8359,0.15145
8360,0.34007
8361,0.45054
8362,0.56774
8363,0.53555
8364,0.46212000000000003
8365,0.50617
8366,0.36339
8367,0.21488
8368,0.10941
8369,0.005849999999999999
8370,0.0
8371,0.0
8372,0.0
8373,0.0
8374,0.0
8375,0.0
8376,0.0
8377,0.0
8378,0.0
8379,0.0
8380,0.0
8381,0.0
8382,0.008
8383,0.16146000000000002
8384,0.33401
8385,0.43001
8386,0.50427
8387,0.5751000000000001
8388,0.52454
8389,0.38227999999999995
8390,0.34292
8391,0.2211
8392,0.09226999999999999
8393,0.00851
8394,0.0
8395,0.0
8396,0.0
8397,0.0
8398,0.0
8399,0.0
8400,0.0
8401,0.0
8402,0.0
8403,0.0
8404,0.0
8405,0.0
8406,0.00845
8407,0.11541
8408,0.35472000000000004
8409,0.48834
8410,0.53927
8411,0.61179
8412,0.5640700000000001
8413,0.56645
8414,0.41818
8415,0.26405
8416,0.12776
8417,0.00423
8418,0.0
8419,0.0
8420,0.0
8421,0.0
8422,0.0
8423,0.0
8424,0.0
8425,0.0
8426,0.0
8427,0.0
8428,0.0
8429,0.0
8430,0.004059999999999999
8431,0.11123000000000001
8432,0.26318
8433,0.34401
8434,0.37957
8435,0.4234
8436,0.39931
8437,0.37453
8438,0.15897999999999998
8439,0.12323999999999999
8440,0.04546
8441,0.00287
8442,0.0
8443,0.0
8444,0.0
8445,0.0
8446,0.0
8447,0.0
8448,0.0
8449,0.0
8450,0.0
8451,0.0
8452,0.0
8453,0.0
8454,0.0015300000000000001
8455,0.028820000000000002
8456,0.1052
8457,0.22590000000000002
8458,0.24591
8459,0.32081
8460,0.26147000000000004
8461,0.41868
8462,0.29223000000000005
8463,0.20587
8464,0.06473000000000001
8465,0.00899
8466,0.0
8467,0.0
8468,0.0
8469,0.0
8470,0.0
8471,0.0
8472,0.0
8473,0.0
8474,0.0
8475,0.0
8476,0.0
8477,0.0
8478,8.999999999999999e-05
8479,0.053149999999999996
8480,0.03121
8481,0.08882999999999999
8482,0.07937000000000001
8483,0.14054
8484,0.34686
8485,0.15294
8486,0.22821
8487,0.19502
8488,0.07216
8489,0.0035800000000000003
8490,0.0
8491,0.0
8492,0.0
8493,0.0
8494,0.0
8495,0.0
8496,0.0
8497,0.0
8498,0.0
8499,0.0
8500,0.0
8501,0.0
8502,0.00172
8503,0.022949999999999998
8504,0.05577
8505,0.08199
8506,0.21356999999999998
8507,0.32979
8508,0.3088
8509,0.23673
8510,0.19024000000000002
8511,0.08660999999999999
8512,0.060969999999999996
8513,0.00342
8514,0.0
8515,0.0
8516,0.0
8517,0.0
8518,0.0
8519,0.0
8520,0.0
8521,0.0
8522,0.0
8523,0.0
8524,0.0
8525,0.0
8526,0.00191
8527,0.059179999999999996
8528,0.14859999999999998
8529,0.24356
8530,0.24499
8531,0.41616000000000003
8532,0.3546
8533,0.40682999999999997
8534,0.45455
8535,0.21248
8536,0.08324
8537,0.00915
8538,0.0
8539,0.0
8540,0.0
8541,0.0
8542,0.0
8543,0.0
8544,0.0
8545,0.0
8546,0.0
8547,0.0
8548,0.0
8549,0.0
8550,0.00405
8551,0.1038
8552,0.21497999999999998
8553,0.45683999999999997
8554,0.5803400000000001
8555,0.53026
8556,0.6058
8557,0.44341
8558,0.35835
8559,0.20729
8560,0.11362
8561,0.009689999999999999
8562,0.0
8563,0.0
8564,0.0
8565,0.0
8566,0.0
8567,0.0
8568,0.0
8569,0.0
8570,0.0
8571,0.0
8572,0.0
8573,0.0
8574,0.00787
8575,0.13375
8576,0.29510000000000003
8577,0.40296
8578,0.5301699999999999
8579,0.51432
8580,0.5681
8581,0.53479
8582,0.49643
8583,0.27416
8584,0.15138
8585,0.011789999999999998
8586,0.0
8587,0.0
8588,0.0
8589,0.0
8590,0.0
8591,0.0
8592,0.0
8593,0.0
8594,0.0
8595,0.0
8596,0.0
8597,0.0
8598,0.0057
8599,0.12982
8600,0.38605
8601,0.5363300000000001
8602,0.5608099999999999
8603,0.62325
8604,0.6429400000000001
8605,0.52154
8606,0.31893
8607,0.15653999999999998
8608,0.11971
8609,0.00873
8610,0.0
8611,0.0
8612,0.0
8613,0.0
8614,0.0
8615,0.0
8616,0.0
8617,0.0
8618,0.0
8619,0.0
8620,0.0
8621,0.0
8622,0.00543
8623,0.09015000000000001
8624,0.26397000000000004
8625,0.35841
8626,0.56013
8627,0.5554199999999999
8628,0.49019
8629,0.4763
8630,0.38529
8631,0.19003
8632,0.09312999999999999
8633,0.0064800000000000005
8634,0.0
8635,0.0
8636,0.0
8637,0.0
8638,0.0
8639,0.0
8640,0.0
8641,0.0
8642,0.0
8643,0.0
8644,0.0
8645,0.0
8646,0.0048200000000000005
8647,0.09314
8648,0.28034
8649,0.4153
8650,0.43993
8651,0.64613
8652,0.54965
8653,0.46388999999999997
8654,0.33873000000000003
8655,0.26430000000000003
8656,0.11079
8657,0.00907
8658,0.0
8659,0.0
8660,0.0
8661,0.0
8662,0.0
8663,0.0
8664,0.0
8665,0.0
8666,0.0
8667,0.0
8668,0.0
8669,0.0
8670,0.00157
8671,0.10773999999999999
8672,0.27105
8673,0.40468
8674,0.5658200000000001
8675,0.53535
8676,0.55651
8677,0.40413
8678,0.32822
8679,0.29354
8680,0.11846
8681,0.01106
8682,0.0
8683,0.0
8684,0.0
8685,0.0
8686,0.0
8687,0.0
8688,0.0
8689,0.0
8690,0.0
8691,0.0
8692,0.0
8693,0.0
8694,0.00323
8695,0.09623000000000001
8696,0.28506
8697,0.49701999999999996
8698,0.49552999999999997
8699,0.37213
8700,0.45489999999999997
8701,0.44168999999999997
8702,0.27547000000000005
8703,0.12437999999999999
8704,0.08932
8705,0.00795
8706,0.0
8707,0.0
8708,0.0
8709,0.0
8710,0.0
8711,0.0
8712,0.0
8713,0.0
8714,0.0
8715,0.0
8716,0.0
8717,0.0
8718,0.0030099999999999997
8719,0.06767000000000001
8720,0.15056999999999998
8721,0.29847
8722,0.35764
8723,0.46719
8724,0.56862
8725,0.5445
8726,0.37968
8727,0.22088999999999998
8728,0.1133
8729,0.009949999999999999
8730,0.0
8731,0.0
8732,0.0
8733,0.0
8734,0.0
8735,0.0
8736,0.0
8737,0.0
8738,0.0
8739,0.0
8740,0.0
8741,0.0
8742,0.00237
8743,0.06592
8744,0.27751
8745,0.37868
8746,0.41406
8747,0.5381699999999999
8748,0.59445
8749,0.48972000000000004
8750,0.50744
8751,0.28304
8752,0.13681000000000001
8753,0.04099
8754,0.0
8755,0.0
8756,0.0
8757,0.0
8758,0.0
8759,0.0
